file	line_no	pb
001.md	3	KR2k0021_WYG_000-1a
001.md	11	KR2k0021_WYG_000-1b
001.md	19	KR2k0021_WYG_000-2a
001.md	27	KR2k0021_WYG_000-2b
002.md	3	KR2k0021_WYG_000-3a
002.md	11	KR2k0021_WYG_000-3b
002.md	19	KR2k0021_WYG_000-4a
002.md	27	KR2k0021_WYG_000-4b
002.md	35	KR2k0021_WYG_000-5a
002.md	43	KR2k0021_WYG_000-5b
002.md	51	KR2k0021_WYG_000-6a
002.md	59	KR2k0021_WYG_000-6b
002.md	67	KR2k0021_WYG_000-7a
002.md	75	KR2k0021_WYG_000-7b
002.md	83	KR2k0021_WYG_000-8a
002.md	91	KR2k0021_WYG_000-8b
002.md	99	KR2k0021_WYG_000-9a
002.md	107	KR2k0021_WYG_000-9b
002.md	115	KR2k0021_WYG_000-10a
002.md	123	KR2k0021_WYG_000-10b
002.md	131	KR2k0021_WYG_000-11a
002.md	139	KR2k0021_WYG_000-11b
002.md	147	KR2k0021_WYG_000-12a
002.md	155	KR2k0021_WYG_000-12b
002.md	163	KR2k0021_WYG_000-13a
002.md	171	KR2k0021_WYG_000-13b
002.md	179	KR2k0021_WYG_000-14a
002.md	187	KR2k0021_WYG_000-14b
003.md	3	KR2k0021_WYG_001-1a
003.md	11	KR2k0021_WYG_001-1b
003.md	19	KR2k0021_WYG_001-2a
003.md	27	KR2k0021_WYG_001-2b
003.md	35	KR2k0021_WYG_001-3a
003.md	43	KR2k0021_WYG_001-3b
003.md	51	KR2k0021_WYG_001-4a
003.md	59	KR2k0021_WYG_001-4b
003.md	67	KR2k0021_WYG_001-5a
003.md	75	KR2k0021_WYG_001-5b
003.md	83	KR2k0021_WYG_001-6a
003.md	91	KR2k0021_WYG_001-6b
003.md	99	KR2k0021_WYG_001-7a
003.md	107	KR2k0021_WYG_001-7b
003.md	115	KR2k0021_WYG_001-8a
003.md	123	KR2k0021_WYG_001-8b
003.md	131	KR2k0021_WYG_001-9a
003.md	139	KR2k0021_WYG_001-9b
003.md	147	KR2k0021_WYG_001-10a
003.md	155	KR2k0021_WYG_001-10b
003.md	163	KR2k0021_WYG_001-11a
003.md	171	KR2k0021_WYG_001-11b
003.md	179	KR2k0021_WYG_001-12a
003.md	187	KR2k0021_WYG_001-12b
003.md	195	KR2k0021_WYG_001-13a
003.md	203	KR2k0021_WYG_001-13b
003.md	211	KR2k0021_WYG_001-14a
003.md	219	KR2k0021_WYG_001-14b
003.md	227	KR2k0021_WYG_001-15a
003.md	235	KR2k0021_WYG_001-15b
003.md	243	KR2k0021_WYG_001-16a
003.md	251	KR2k0021_WYG_001-16b
004.md	3	KR2k0021_WYG_002-1a
004.md	11	KR2k0021_WYG_002-1b
004.md	19	KR2k0021_WYG_002-2a
004.md	27	KR2k0021_WYG_002-2b
004.md	35	KR2k0021_WYG_002-3a
004.md	43	KR2k0021_WYG_002-3b
004.md	51	KR2k0021_WYG_002-4a
004.md	59	KR2k0021_WYG_002-4b
004.md	67	KR2k0021_WYG_002-5a
004.md	75	KR2k0021_WYG_002-5b
004.md	83	KR2k0021_WYG_002-6a
004.md	91	KR2k0021_WYG_002-6b
004.md	99	KR2k0021_WYG_002-7a
004.md	107	KR2k0021_WYG_002-7b
004.md	115	KR2k0021_WYG_002-8a
004.md	123	KR2k0021_WYG_002-8b
004.md	131	KR2k0021_WYG_002-9a
004.md	139	KR2k0021_WYG_002-9b
004.md	147	KR2k0021_WYG_002-10a
004.md	155	KR2k0021_WYG_002-10b
004.md	163	KR2k0021_WYG_002-11a
004.md	171	KR2k0021_WYG_002-11b
004.md	179	KR2k0021_WYG_002-12a
004.md	187	KR2k0021_WYG_002-12b
004.md	195	KR2k0021_WYG_002-13a
004.md	203	KR2k0021_WYG_002-13b
004.md	211	KR2k0021_WYG_002-14a
004.md	219	KR2k0021_WYG_002-14b
004.md	227	KR2k0021_WYG_002-15a
004.md	235	KR2k0021_WYG_002-15b
004.md	243	KR2k0021_WYG_002-16a
004.md	251	KR2k0021_WYG_002-16b
004.md	259	KR2k0021_WYG_002-17a
004.md	267	KR2k0021_WYG_002-17b
004.md	275	KR2k0021_WYG_002-18a
004.md	283	KR2k0021_WYG_002-18b
005.md	3	KR2k0021_WYG_003-1a
005.md	11	KR2k0021_WYG_003-1b
005.md	19	KR2k0021_WYG_003-2a
005.md	27	KR2k0021_WYG_003-2b
005.md	35	KR2k0021_WYG_003-3a
005.md	43	KR2k0021_WYG_003-3b
005.md	51	KR2k0021_WYG_003-4a
005.md	59	KR2k0021_WYG_003-4b
005.md	67	KR2k0021_WYG_003-5a
005.md	75	KR2k0021_WYG_003-5b
005.md	83	KR2k0021_WYG_003-6a
005.md	91	KR2k0021_WYG_003-6b
005.md	99	KR2k0021_WYG_003-7a
005.md	107	KR2k0021_WYG_003-7b
005.md	115	KR2k0021_WYG_003-8a
005.md	123	KR2k0021_WYG_003-8b
005.md	131	KR2k0021_WYG_003-9a
005.md	139	KR2k0021_WYG_003-9b
005.md	147	KR2k0021_WYG_003-10a
005.md	155	KR2k0021_WYG_003-10b
005.md	163	KR2k0021_WYG_003-11a
005.md	171	KR2k0021_WYG_003-11b
005.md	179	KR2k0021_WYG_003-12a
005.md	187	KR2k0021_WYG_003-12b
005.md	195	KR2k0021_WYG_003-13a
005.md	203	KR2k0021_WYG_003-13b
005.md	211	KR2k0021_WYG_003-14a
005.md	219	KR2k0021_WYG_003-14b
005.md	227	KR2k0021_WYG_003-15a
005.md	235	KR2k0021_WYG_003-15b
005.md	243	KR2k0021_WYG_003-16a
005.md	251	KR2k0021_WYG_003-16b
005.md	259	KR2k0021_WYG_003-17a
005.md	267	KR2k0021_WYG_003-17b
005.md	275	KR2k0021_WYG_003-18a
005.md	283	KR2k0021_WYG_003-18b
005.md	291	KR2k0021_WYG_003-19a
005.md	299	KR2k0021_WYG_003-19b
005.md	307	KR2k0021_WYG_003-20a
005.md	315	KR2k0021_WYG_003-20b
005.md	323	KR2k0021_WYG_003-21a
005.md	331	KR2k0021_WYG_003-21b
005.md	339	KR2k0021_WYG_003-22a
005.md	347	KR2k0021_WYG_003-22b
005.md	355	KR2k0021_WYG_003-23a
005.md	363	KR2k0021_WYG_003-23b
005.md	371	KR2k0021_WYG_003-24a
005.md	379	KR2k0021_WYG_003-24b
005.md	387	KR2k0021_WYG_003-25a
005.md	395	KR2k0021_WYG_003-25b
005.md	403	KR2k0021_WYG_003-26a
005.md	411	KR2k0021_WYG_003-26b
005.md	419	KR2k0021_WYG_003-27a
005.md	427	KR2k0021_WYG_003-27b
005.md	435	KR2k0021_WYG_003-28a
005.md	443	KR2k0021_WYG_003-28b
005.md	451	KR2k0021_WYG_003-29a
005.md	459	KR2k0021_WYG_003-29b
005.md	467	KR2k0021_WYG_003-30a
005.md	475	KR2k0021_WYG_003-30b
005.md	483	KR2k0021_WYG_003-31a
005.md	491	KR2k0021_WYG_003-31b
005.md	499	KR2k0021_WYG_003-32a
005.md	507	KR2k0021_WYG_003-32b
005.md	515	KR2k0021_WYG_003-33a
005.md	523	KR2k0021_WYG_003-33b
005.md	531	KR2k0021_WYG_003-34a
005.md	539	KR2k0021_WYG_003-34b
006.md	3	KR2k0021_WYG_004-1a
006.md	11	KR2k0021_WYG_004-1b
006.md	19	KR2k0021_WYG_004-2a
006.md	27	KR2k0021_WYG_004-2b
006.md	35	KR2k0021_WYG_004-3a
006.md	43	KR2k0021_WYG_004-3b
006.md	51	KR2k0021_WYG_004-4a
006.md	59	KR2k0021_WYG_004-4b
006.md	67	KR2k0021_WYG_004-5a
006.md	75	KR2k0021_WYG_004-5b
006.md	83	KR2k0021_WYG_004-6a
006.md	91	KR2k0021_WYG_004-6b
006.md	99	KR2k0021_WYG_004-7a
006.md	107	KR2k0021_WYG_004-7b
006.md	115	KR2k0021_WYG_004-8a
006.md	123	KR2k0021_WYG_004-8b
006.md	131	KR2k0021_WYG_004-9a
006.md	139	KR2k0021_WYG_004-9b
006.md	147	KR2k0021_WYG_004-10a
006.md	155	KR2k0021_WYG_004-10b
006.md	163	KR2k0021_WYG_004-11a
006.md	171	KR2k0021_WYG_004-11b
006.md	179	KR2k0021_WYG_004-12a
006.md	187	KR2k0021_WYG_004-12b
006.md	195	KR2k0021_WYG_004-13a
006.md	203	KR2k0021_WYG_004-13b
006.md	211	KR2k0021_WYG_004-14a
006.md	219	KR2k0021_WYG_004-14b
006.md	227	KR2k0021_WYG_004-15a
006.md	235	KR2k0021_WYG_004-15b
006.md	243	KR2k0021_WYG_004-16a
006.md	251	KR2k0021_WYG_004-16b
006.md	259	KR2k0021_WYG_004-17a
006.md	267	KR2k0021_WYG_004-17b
006.md	275	KR2k0021_WYG_004-18a
006.md	283	KR2k0021_WYG_004-18b
007.md	3	KR2k0021_WYG_005-1a
007.md	11	KR2k0021_WYG_005-1b
007.md	19	KR2k0021_WYG_005-2a
007.md	21	KR2k0021_WYG_005-3a
007.md	22	KR2k0021_WYG_005-4a
007.md	23	KR2k0021_WYG_005-5a
007.md	24	KR2k0021_WYG_005-6a
007.md	25	KR2k0021_WYG_005-7a
007.md	26	KR2k0021_WYG_005-8a
007.md	27	KR2k0021_WYG_005-9a
007.md	28	KR2k0021_WYG_005-10a
007.md	29	KR2k0021_WYG_005-11a
007.md	30	KR2k0021_WYG_005-12a
007.md	31	KR2k0021_WYG_005-13a
007.md	32	KR2k0021_WYG_005-14a
007.md	33	KR2k0021_WYG_005-15a
007.md	34	KR2k0021_WYG_005-16a
007.md	35	KR2k0021_WYG_005-17a
007.md	36	KR2k0021_WYG_005-18a
007.md	37	KR2k0021_WYG_005-19a
007.md	38	KR2k0021_WYG_005-20a
007.md	46	KR2k0021_WYG_005-20b
007.md	54	KR2k0021_WYG_005-21a
007.md	62	KR2k0021_WYG_005-21b
007.md	70	KR2k0021_WYG_005-22a
007.md	78	KR2k0021_WYG_005-22b
007.md	86	KR2k0021_WYG_005-23a
007.md	94	KR2k0021_WYG_005-23b
007.md	102	KR2k0021_WYG_005-24a
007.md	110	KR2k0021_WYG_005-24b
007.md	118	KR2k0021_WYG_005-25a
007.md	126	KR2k0021_WYG_005-25b
007.md	134	KR2k0021_WYG_005-26a
007.md	142	KR2k0021_WYG_005-26b
007.md	150	KR2k0021_WYG_005-27a
007.md	158	KR2k0021_WYG_005-27b
007.md	166	KR2k0021_WYG_005-28a
007.md	174	KR2k0021_WYG_005-28b
007.md	182	KR2k0021_WYG_005-29a
007.md	190	KR2k0021_WYG_005-29b
007.md	198	KR2k0021_WYG_005-30a
007.md	206	KR2k0021_WYG_005-30b
008.md	3	KR2k0021_WYG_006-1a
008.md	11	KR2k0021_WYG_006-1b
008.md	19	KR2k0021_WYG_006-2a
008.md	26	KR2k0021_WYG_006-3a
008.md	27	KR2k0021_WYG_006-4a
008.md	28	KR2k0021_WYG_006-5a
008.md	29	KR2k0021_WYG_006-6a
008.md	30	KR2k0021_WYG_006-7a
008.md	31	KR2k0021_WYG_006-8a
008.md	32	KR2k0021_WYG_006-9a
008.md	33	KR2k0021_WYG_006-10a
008.md	34	KR2k0021_WYG_006-11a
008.md	35	KR2k0021_WYG_006-12a
008.md	36	KR2k0021_WYG_006-13a
008.md	37	KR2k0021_WYG_006-14a
008.md	38	KR2k0021_WYG_006-15a
008.md	39	KR2k0021_WYG_006-16a
008.md	47	KR2k0021_WYG_006-16b
008.md	55	KR2k0021_WYG_006-17a
008.md	60	KR2k0021_WYG_006-18a
008.md	61	KR2k0021_WYG_006-19a
008.md	62	KR2k0021_WYG_006-20a
008.md	63	KR2k0021_WYG_006-21a
008.md	64	KR2k0021_WYG_006-22a
008.md	65	KR2k0021_WYG_006-23a
008.md	66	KR2k0021_WYG_006-24a
008.md	67	KR2k0021_WYG_006-25a
008.md	68	KR2k0021_WYG_006-26a
008.md	69	KR2k0021_WYG_006-27a
008.md	70	KR2k0021_WYG_006-28a
008.md	71	KR2k0021_WYG_006-29a
008.md	72	KR2k0021_WYG_006-30a
008.md	73	KR2k0021_WYG_006-31a
008.md	74	KR2k0021_WYG_006-32a
008.md	75	KR2k0021_WYG_006-33a
008.md	76	KR2k0021_WYG_006-34a
008.md	77	KR2k0021_WYG_006-35a
008.md	78	KR2k0021_WYG_006-36a
008.md	79	KR2k0021_WYG_006-37a
008.md	80	KR2k0021_WYG_006-38a
008.md	88	KR2k0021_WYG_006-38b
009.md	3	KR2k0021_WYG_007-1a
009.md	11	KR2k0021_WYG_007-1b
009.md	13	KR2k0021_WYG_007-2a
009.md	14	KR2k0021_WYG_007-3a
009.md	15	KR2k0021_WYG_007-4a
009.md	16	KR2k0021_WYG_007-5a
009.md	17	KR2k0021_WYG_007-6a
009.md	18	KR2k0021_WYG_007-7a
009.md	19	KR2k0021_WYG_007-8a
009.md	20	KR2k0021_WYG_007-9a
009.md	21	KR2k0021_WYG_007-10a
009.md	22	KR2k0021_WYG_007-11a
009.md	23	KR2k0021_WYG_007-12a
009.md	24	KR2k0021_WYG_007-13a
009.md	25	KR2k0021_WYG_007-14a
009.md	26	KR2k0021_WYG_007-15a
009.md	27	KR2k0021_WYG_007-16a
009.md	28	KR2k0021_WYG_007-17a
009.md	29	KR2k0021_WYG_007-18a
009.md	30	KR2k0021_WYG_007-19a
009.md	31	KR2k0021_WYG_007-20a
009.md	32	KR2k0021_WYG_007-21a
009.md	33	KR2k0021_WYG_007-22a
009.md	34	KR2k0021_WYG_007-23a
009.md	35	KR2k0021_WYG_007-24a
009.md	36	KR2k0021_WYG_007-25a
009.md	37	KR2k0021_WYG_007-26a
009.md	38	KR2k0021_WYG_007-27a
009.md	39	KR2k0021_WYG_007-28a
009.md	40	KR2k0021_WYG_007-29a
009.md	41	KR2k0021_WYG_007-30a
009.md	42	KR2k0021_WYG_007-31a
009.md	43	KR2k0021_WYG_007-32a
009.md	44	KR2k0021_WYG_007-33a
009.md	45	KR2k0021_WYG_007-34a
009.md	46	KR2k0021_WYG_007-35a
009.md	47	KR2k0021_WYG_007-36a
009.md	48	KR2k0021_WYG_007-37a
009.md	49	KR2k0021_WYG_007-38a
009.md	50	KR2k0021_WYG_007-39a
009.md	51	KR2k0021_WYG_007-40a
009.md	52	KR2k0021_WYG_007-41a
009.md	53	KR2k0021_WYG_007-42a
009.md	54	KR2k0021_WYG_007-43a
009.md	55	KR2k0021_WYG_007-44a
009.md	56	KR2k0021_WYG_007-45a
009.md	57	KR2k0021_WYG_007-46a
009.md	58	KR2k0021_WYG_007-47a
009.md	59	KR2k0021_WYG_007-48a
009.md	60	KR2k0021_WYG_007-49a
009.md	61	KR2k0021_WYG_007-50a
009.md	62	KR2k0021_WYG_007-51a
009.md	63	KR2k0021_WYG_007-52a
009.md	64	KR2k0021_WYG_007-53a
009.md	65	KR2k0021_WYG_007-54a
009.md	66	KR2k0021_WYG_007-55a
009.md	67	KR2k0021_WYG_007-56a
009.md	68	KR2k0021_WYG_007-57a
009.md	69	KR2k0021_WYG_007-58a
009.md	70	KR2k0021_WYG_007-59a
009.md	71	KR2k0021_WYG_007-60a
009.md	72	KR2k0021_WYG_007-61a
009.md	73	KR2k0021_WYG_007-62a
009.md	74	KR2k0021_WYG_007-63a
009.md	75	KR2k0021_WYG_007-64a
009.md	76	KR2k0021_WYG_007-65a
009.md	77	KR2k0021_WYG_007-66a
009.md	78	KR2k0021_WYG_007-67a
009.md	79	KR2k0021_WYG_007-68a
009.md	80	KR2k0021_WYG_007-69a
009.md	81	KR2k0021_WYG_007-70a
009.md	82	KR2k0021_WYG_007-71a
009.md	83	KR2k0021_WYG_007-72a
009.md	84	KR2k0021_WYG_007-73a
009.md	85	KR2k0021_WYG_007-74a
009.md	86	KR2k0021_WYG_007-75a
009.md	87	KR2k0021_WYG_007-76a
009.md	88	KR2k0021_WYG_007-77a
009.md	89	KR2k0021_WYG_007-78a
009.md	90	KR2k0021_WYG_007-79a
009.md	91	KR2k0021_WYG_007-80a
009.md	92	KR2k0021_WYG_007-81a
009.md	93	KR2k0021_WYG_007-82a
009.md	94	KR2k0021_WYG_007-83a
009.md	95	KR2k0021_WYG_007-84a
009.md	96	KR2k0021_WYG_007-85a
009.md	97	KR2k0021_WYG_007-86a
009.md	98	KR2k0021_WYG_007-87a
009.md	99	KR2k0021_WYG_007-88a
009.md	100	KR2k0021_WYG_007-89a
009.md	101	KR2k0021_WYG_007-90a
009.md	102	KR2k0021_WYG_007-91a
009.md	103	KR2k0021_WYG_007-92a
009.md	104	KR2k0021_WYG_007-93a
009.md	105	KR2k0021_WYG_007-94a
009.md	106	KR2k0021_WYG_007-95a
009.md	107	KR2k0021_WYG_007-96a
009.md	108	KR2k0021_WYG_007-97a
009.md	109	KR2k0021_WYG_007-98a
009.md	110	KR2k0021_WYG_007-99a
009.md	111	KR2k0021_WYG_007-100a
009.md	112	KR2k0021_WYG_007-101a
009.md	113	KR2k0021_WYG_007-102a
009.md	114	KR2k0021_WYG_007-103a
009.md	115	KR2k0021_WYG_007-104a
009.md	116	KR2k0021_WYG_007-105a
009.md	117	KR2k0021_WYG_007-106a
009.md	118	KR2k0021_WYG_007-107a
009.md	119	KR2k0021_WYG_007-108a
009.md	120	KR2k0021_WYG_007-109a
009.md	121	KR2k0021_WYG_007-110a
009.md	122	KR2k0021_WYG_007-111a
009.md	123	KR2k0021_WYG_007-112a
009.md	124	KR2k0021_WYG_007-113a
009.md	125	KR2k0021_WYG_007-114a
009.md	126	KR2k0021_WYG_007-115a
009.md	127	KR2k0021_WYG_007-116a
009.md	128	KR2k0021_WYG_007-117a
009.md	129	KR2k0021_WYG_007-118a
009.md	130	KR2k0021_WYG_007-119a
009.md	131	KR2k0021_WYG_007-120a
009.md	132	KR2k0021_WYG_007-121a
009.md	133	KR2k0021_WYG_007-122a
009.md	134	KR2k0021_WYG_007-123a
009.md	135	KR2k0021_WYG_007-124a
009.md	136	KR2k0021_WYG_007-125a
009.md	137	KR2k0021_WYG_007-126a
009.md	138	KR2k0021_WYG_007-127a
009.md	139	KR2k0021_WYG_007-128a
009.md	140	KR2k0021_WYG_007-129a
009.md	141	KR2k0021_WYG_007-130a
009.md	142	KR2k0021_WYG_007-131a
009.md	143	KR2k0021_WYG_007-132a
009.md	144	KR2k0021_WYG_007-133a
009.md	145	KR2k0021_WYG_007-134a
009.md	146	KR2k0021_WYG_007-135a
009.md	147	KR2k0021_WYG_007-136a
009.md	148	KR2k0021_WYG_007-137a
009.md	149	KR2k0021_WYG_007-138a
009.md	150	KR2k0021_WYG_007-139a
009.md	151	KR2k0021_WYG_007-140a
009.md	152	KR2k0021_WYG_007-141a
009.md	153	KR2k0021_WYG_007-142a
009.md	154	KR2k0021_WYG_007-143a
009.md	162	KR2k0021_WYG_007-143b
010.md	3	KR2k0021_WYG_008-1a
010.md	11	KR2k0021_WYG_008-1b
010.md	19	KR2k0021_WYG_008-2a
010.md	27	KR2k0021_WYG_008-2b
010.md	34	KR2k0021_WYG_008-3a
010.md	35	KR2k0021_WYG_008-4a
010.md	36	KR2k0021_WYG_008-5a
010.md	37	KR2k0021_WYG_008-6a
010.md	38	KR2k0021_WYG_008-7a
010.md	39	KR2k0021_WYG_008-8a
010.md	40	KR2k0021_WYG_008-9a
010.md	41	KR2k0021_WYG_008-10a
010.md	42	KR2k0021_WYG_008-11a
010.md	43	KR2k0021_WYG_008-12a
010.md	44	KR2k0021_WYG_008-13a
010.md	45	KR2k0021_WYG_008-14a
010.md	46	KR2k0021_WYG_008-15a
010.md	47	KR2k0021_WYG_008-16a
010.md	48	KR2k0021_WYG_008-17a
010.md	49	KR2k0021_WYG_008-18a
010.md	50	KR2k0021_WYG_008-19a
010.md	51	KR2k0021_WYG_008-20a
010.md	52	KR2k0021_WYG_008-21a
010.md	53	KR2k0021_WYG_008-22a
010.md	54	KR2k0021_WYG_008-23a
010.md	55	KR2k0021_WYG_008-24a
010.md	56	KR2k0021_WYG_008-25a
010.md	57	KR2k0021_WYG_008-26a
010.md	58	KR2k0021_WYG_008-27a
010.md	59	KR2k0021_WYG_008-28a
010.md	60	KR2k0021_WYG_008-29a
010.md	61	KR2k0021_WYG_008-30a
010.md	62	KR2k0021_WYG_008-31a
010.md	63	KR2k0021_WYG_008-32a
010.md	64	KR2k0021_WYG_008-33a
010.md	65	KR2k0021_WYG_008-34a
010.md	66	KR2k0021_WYG_008-35a
010.md	67	KR2k0021_WYG_008-36a
010.md	68	KR2k0021_WYG_008-37a
010.md	69	KR2k0021_WYG_008-38a
010.md	70	KR2k0021_WYG_008-39a
010.md	71	KR2k0021_WYG_008-40a
010.md	72	KR2k0021_WYG_008-41a
010.md	73	KR2k0021_WYG_008-42a
010.md	74	KR2k0021_WYG_008-43a
010.md	75	KR2k0021_WYG_008-44a
010.md	76	KR2k0021_WYG_008-45a
010.md	77	KR2k0021_WYG_008-46a
010.md	78	KR2k0021_WYG_008-47a
010.md	79	KR2k0021_WYG_008-48a
010.md	80	KR2k0021_WYG_008-49a
010.md	81	KR2k0021_WYG_008-50a
010.md	82	KR2k0021_WYG_008-51a
010.md	83	KR2k0021_WYG_008-52a
010.md	84	KR2k0021_WYG_008-53a
010.md	85	KR2k0021_WYG_008-54a
010.md	86	KR2k0021_WYG_008-55a
010.md	87	KR2k0021_WYG_008-56a
010.md	88	KR2k0021_WYG_008-57a
010.md	89	KR2k0021_WYG_008-58a
010.md	90	KR2k0021_WYG_008-59a
010.md	91	KR2k0021_WYG_008-60a
010.md	92	KR2k0021_WYG_008-61a
010.md	93	KR2k0021_WYG_008-62a
010.md	94	KR2k0021_WYG_008-63a
010.md	95	KR2k0021_WYG_008-64a
010.md	96	KR2k0021_WYG_008-65a
010.md	97	KR2k0021_WYG_008-66a
010.md	98	KR2k0021_WYG_008-67a
010.md	99	KR2k0021_WYG_008-68a
010.md	100	KR2k0021_WYG_008-69a
010.md	101	KR2k0021_WYG_008-70a
010.md	102	KR2k0021_WYG_008-71a
010.md	103	KR2k0021_WYG_008-72a
010.md	104	KR2k0021_WYG_008-73a
010.md	105	KR2k0021_WYG_008-74a
010.md	106	KR2k0021_WYG_008-75a
010.md	107	KR2k0021_WYG_008-76a
010.md	108	KR2k0021_WYG_008-77a
010.md	109	KR2k0021_WYG_008-78a
010.md	110	KR2k0021_WYG_008-79a
010.md	111	KR2k0021_WYG_008-80a
010.md	112	KR2k0021_WYG_008-81a
010.md	113	KR2k0021_WYG_008-82a
010.md	114	KR2k0021_WYG_008-83a
010.md	115	KR2k0021_WYG_008-84a
010.md	116	KR2k0021_WYG_008-85a
010.md	117	KR2k0021_WYG_008-86a
010.md	118	KR2k0021_WYG_008-87a
010.md	119	KR2k0021_WYG_008-88a
010.md	120	KR2k0021_WYG_008-89a
010.md	121	KR2k0021_WYG_008-90a
010.md	122	KR2k0021_WYG_008-91a
010.md	130	KR2k0021_WYG_008-91b
011.md	3	KR2k0021_WYG_009-1a
011.md	11	KR2k0021_WYG_009-1b
011.md	13	KR2k0021_WYG_009-2a
011.md	14	KR2k0021_WYG_009-3a
011.md	15	KR2k0021_WYG_009-4a
011.md	16	KR2k0021_WYG_009-5a
011.md	17	KR2k0021_WYG_009-6a
011.md	18	KR2k0021_WYG_009-7a
011.md	19	KR2k0021_WYG_009-8a
011.md	20	KR2k0021_WYG_009-9a
011.md	21	KR2k0021_WYG_009-10a
011.md	22	KR2k0021_WYG_009-11a
011.md	23	KR2k0021_WYG_009-12a
011.md	24	KR2k0021_WYG_009-13a
011.md	25	KR2k0021_WYG_009-14a
011.md	26	KR2k0021_WYG_009-15a
011.md	27	KR2k0021_WYG_009-16a
011.md	28	KR2k0021_WYG_009-17a
011.md	29	KR2k0021_WYG_009-18a
011.md	30	KR2k0021_WYG_009-19a
011.md	31	KR2k0021_WYG_009-20a
011.md	32	KR2k0021_WYG_009-21a
011.md	33	KR2k0021_WYG_009-22a
011.md	34	KR2k0021_WYG_009-23a
011.md	35	KR2k0021_WYG_009-24a
011.md	36	KR2k0021_WYG_009-25a
011.md	37	KR2k0021_WYG_009-26a
011.md	38	KR2k0021_WYG_009-27a
011.md	39	KR2k0021_WYG_009-28a
011.md	40	KR2k0021_WYG_009-29a
011.md	41	KR2k0021_WYG_009-30a
011.md	42	KR2k0021_WYG_009-31a
011.md	43	KR2k0021_WYG_009-32a
011.md	44	KR2k0021_WYG_009-33a
011.md	45	KR2k0021_WYG_009-34a
011.md	46	KR2k0021_WYG_009-35a
011.md	47	KR2k0021_WYG_009-36a
011.md	48	KR2k0021_WYG_009-37a
011.md	56	KR2k0021_WYG_009-37b
012.md	3	KR2k0021_WYG_010-1a
012.md	11	KR2k0021_WYG_010-1b
012.md	19	KR2k0021_WYG_010-2a
012.md	27	KR2k0021_WYG_010-2b
012.md	30	KR2k0021_WYG_010-3a
012.md	31	KR2k0021_WYG_010-4a
012.md	32	KR2k0021_WYG_010-5a
012.md	33	KR2k0021_WYG_010-6a
012.md	34	KR2k0021_WYG_010-7a
012.md	35	KR2k0021_WYG_010-8a
012.md	36	KR2k0021_WYG_010-9a
012.md	37	KR2k0021_WYG_010-10a
012.md	38	KR2k0021_WYG_010-11a
012.md	39	KR2k0021_WYG_010-12a
012.md	40	KR2k0021_WYG_010-13a
012.md	41	KR2k0021_WYG_010-14a
012.md	42	KR2k0021_WYG_010-15a
012.md	43	KR2k0021_WYG_010-16a
012.md	44	KR2k0021_WYG_010-17a
012.md	45	KR2k0021_WYG_010-18a
012.md	46	KR2k0021_WYG_010-19a
012.md	47	KR2k0021_WYG_010-20a
012.md	48	KR2k0021_WYG_010-21a
012.md	49	KR2k0021_WYG_010-22a
012.md	50	KR2k0021_WYG_010-23a
012.md	51	KR2k0021_WYG_010-24a
012.md	52	KR2k0021_WYG_010-25a
012.md	53	KR2k0021_WYG_010-26a
012.md	54	KR2k0021_WYG_010-27a
012.md	55	KR2k0021_WYG_010-28a
012.md	56	KR2k0021_WYG_010-29a
012.md	57	KR2k0021_WYG_010-30a
012.md	58	KR2k0021_WYG_010-31a
012.md	59	KR2k0021_WYG_010-32a
012.md	60	KR2k0021_WYG_010-33a
012.md	61	KR2k0021_WYG_010-34a
012.md	62	KR2k0021_WYG_010-35a
012.md	63	KR2k0021_WYG_010-36a
012.md	64	KR2k0021_WYG_010-37a
012.md	65	KR2k0021_WYG_010-38a
012.md	66	KR2k0021_WYG_010-39a
012.md	67	KR2k0021_WYG_010-40a
012.md	68	KR2k0021_WYG_010-41a
012.md	69	KR2k0021_WYG_010-42a
012.md	70	KR2k0021_WYG_010-43a
012.md	71	KR2k0021_WYG_010-44a
012.md	72	KR2k0021_WYG_010-45a
012.md	73	KR2k0021_WYG_010-46a
012.md	74	KR2k0021_WYG_010-47a
012.md	75	KR2k0021_WYG_010-48a
012.md	76	KR2k0021_WYG_010-49a
012.md	77	KR2k0021_WYG_010-50a
012.md	78	KR2k0021_WYG_010-51a
012.md	79	KR2k0021_WYG_010-52a
012.md	80	KR2k0021_WYG_010-53a
012.md	81	KR2k0021_WYG_010-54a
012.md	82	KR2k0021_WYG_010-55a
012.md	83	KR2k0021_WYG_010-56a
012.md	84	KR2k0021_WYG_010-57a
012.md	85	KR2k0021_WYG_010-58a
012.md	86	KR2k0021_WYG_010-59a
012.md	87	KR2k0021_WYG_010-60a
012.md	88	KR2k0021_WYG_010-61a
012.md	89	KR2k0021_WYG_010-62a
012.md	90	KR2k0021_WYG_010-63a
012.md	91	KR2k0021_WYG_010-64a
012.md	92	KR2k0021_WYG_010-65a
012.md	93	KR2k0021_WYG_010-66a
012.md	94	KR2k0021_WYG_010-67a
012.md	95	KR2k0021_WYG_010-68a
012.md	96	KR2k0021_WYG_010-69a
012.md	97	KR2k0021_WYG_010-70a
012.md	98	KR2k0021_WYG_010-71a
012.md	99	KR2k0021_WYG_010-72a
012.md	100	KR2k0021_WYG_010-73a
012.md	101	KR2k0021_WYG_010-74a
012.md	102	KR2k0021_WYG_010-75a
012.md	103	KR2k0021_WYG_010-76a
012.md	104	KR2k0021_WYG_010-77a
012.md	105	KR2k0021_WYG_010-78a
012.md	106	KR2k0021_WYG_010-79a
012.md	107	KR2k0021_WYG_010-80a
012.md	108	KR2k0021_WYG_010-81a
012.md	109	KR2k0021_WYG_010-82a
012.md	110	KR2k0021_WYG_010-83a
012.md	111	KR2k0021_WYG_010-84a
012.md	112	KR2k0021_WYG_010-85a
012.md	120	KR2k0021_WYG_010-85b
013.md	3	KR2k0021_WYG_011-1a
013.md	11	KR2k0021_WYG_011-1b
013.md	19	KR2k0021_WYG_011-2a
013.md	27	KR2k0021_WYG_011-2b
013.md	35	KR2k0021_WYG_011-3a
013.md	41	KR2k0021_WYG_011-4a
013.md	42	KR2k0021_WYG_011-5a
013.md	43	KR2k0021_WYG_011-6a
013.md	44	KR2k0021_WYG_011-7a
013.md	45	KR2k0021_WYG_011-8a
013.md	46	KR2k0021_WYG_011-9a
013.md	47	KR2k0021_WYG_011-10a
013.md	48	KR2k0021_WYG_011-11a
013.md	49	KR2k0021_WYG_011-12a
013.md	50	KR2k0021_WYG_011-13a
013.md	51	KR2k0021_WYG_011-14a
013.md	52	KR2k0021_WYG_011-15a
013.md	53	KR2k0021_WYG_011-16a
013.md	54	KR2k0021_WYG_011-17a
013.md	55	KR2k0021_WYG_011-18a
013.md	56	KR2k0021_WYG_011-19a
013.md	57	KR2k0021_WYG_011-20a
013.md	58	KR2k0021_WYG_011-21a
013.md	59	KR2k0021_WYG_011-22a
013.md	60	KR2k0021_WYG_011-23a
013.md	61	KR2k0021_WYG_011-24a
013.md	62	KR2k0021_WYG_011-25a
013.md	63	KR2k0021_WYG_011-26a
013.md	64	KR2k0021_WYG_011-27a
013.md	65	KR2k0021_WYG_011-28a
013.md	66	KR2k0021_WYG_011-29a
013.md	67	KR2k0021_WYG_011-30a
013.md	68	KR2k0021_WYG_011-31a
013.md	69	KR2k0021_WYG_011-32a
013.md	70	KR2k0021_WYG_011-33a
013.md	71	KR2k0021_WYG_011-34a
013.md	72	KR2k0021_WYG_011-35a
013.md	73	KR2k0021_WYG_011-36a
013.md	74	KR2k0021_WYG_011-37a
013.md	75	KR2k0021_WYG_011-38a
013.md	76	KR2k0021_WYG_011-39a
013.md	77	KR2k0021_WYG_011-40a
013.md	78	KR2k0021_WYG_011-41a
013.md	79	KR2k0021_WYG_011-42a
013.md	80	KR2k0021_WYG_011-43a
013.md	81	KR2k0021_WYG_011-44a
013.md	82	KR2k0021_WYG_011-45a
013.md	83	KR2k0021_WYG_011-46a
013.md	84	KR2k0021_WYG_011-47a
013.md	85	KR2k0021_WYG_011-48a
013.md	86	KR2k0021_WYG_011-49a
013.md	87	KR2k0021_WYG_011-50a
013.md	88	KR2k0021_WYG_011-51a
013.md	89	KR2k0021_WYG_011-52a
013.md	90	KR2k0021_WYG_011-53a
013.md	91	KR2k0021_WYG_011-54a
013.md	92	KR2k0021_WYG_011-55a
013.md	93	KR2k0021_WYG_011-56a
013.md	94	KR2k0021_WYG_011-57a
013.md	95	KR2k0021_WYG_011-58a
013.md	96	KR2k0021_WYG_011-59a
013.md	97	KR2k0021_WYG_011-60a
013.md	98	KR2k0021_WYG_011-61a
013.md	99	KR2k0021_WYG_011-62a
013.md	100	KR2k0021_WYG_011-63a
013.md	101	KR2k0021_WYG_011-64a
013.md	102	KR2k0021_WYG_011-65a
013.md	103	KR2k0021_WYG_011-66a
013.md	104	KR2k0021_WYG_011-67a
013.md	105	KR2k0021_WYG_011-68a
013.md	106	KR2k0021_WYG_011-69a
013.md	107	KR2k0021_WYG_011-70a
013.md	108	KR2k0021_WYG_011-71a
013.md	109	KR2k0021_WYG_011-72a
013.md	117	KR2k0021_WYG_011-72b
014.md	3	KR2k0021_WYG_012-1a
014.md	8	KR2k0021_WYG_012-2a
014.md	9	KR2k0021_WYG_012-3a
014.md	10	KR2k0021_WYG_012-4a
014.md	11	KR2k0021_WYG_012-5a
014.md	12	KR2k0021_WYG_012-6a
014.md	13	KR2k0021_WYG_012-7a
014.md	14	KR2k0021_WYG_012-8a
014.md	15	KR2k0021_WYG_012-9a
014.md	16	KR2k0021_WYG_012-10a
014.md	17	KR2k0021_WYG_012-11a
014.md	18	KR2k0021_WYG_012-12a
014.md	19	KR2k0021_WYG_012-13a
014.md	20	KR2k0021_WYG_012-14a
014.md	21	KR2k0021_WYG_012-15a
014.md	22	KR2k0021_WYG_012-16a
014.md	23	KR2k0021_WYG_012-17a
014.md	24	KR2k0021_WYG_012-18a
014.md	25	KR2k0021_WYG_012-19a
014.md	26	KR2k0021_WYG_012-20a
014.md	27	KR2k0021_WYG_012-21a
014.md	28	KR2k0021_WYG_012-22a
014.md	29	KR2k0021_WYG_012-23a
014.md	30	KR2k0021_WYG_012-24a
014.md	31	KR2k0021_WYG_012-25a
014.md	32	KR2k0021_WYG_012-26a
014.md	33	KR2k0021_WYG_012-27a
014.md	34	KR2k0021_WYG_012-28a
014.md	35	KR2k0021_WYG_012-29a
014.md	36	KR2k0021_WYG_012-30a
014.md	37	KR2k0021_WYG_012-31a
014.md	38	KR2k0021_WYG_012-32a
014.md	39	KR2k0021_WYG_012-33a
014.md	40	KR2k0021_WYG_012-34a
014.md	41	KR2k0021_WYG_012-35a
014.md	42	KR2k0021_WYG_012-36a
014.md	43	KR2k0021_WYG_012-37a
014.md	44	KR2k0021_WYG_012-38a
014.md	45	KR2k0021_WYG_012-39a
014.md	46	KR2k0021_WYG_012-40a
014.md	47	KR2k0021_WYG_012-41a
014.md	48	KR2k0021_WYG_012-42a
014.md	49	KR2k0021_WYG_012-43a
014.md	50	KR2k0021_WYG_012-44a
014.md	51	KR2k0021_WYG_012-45a
014.md	52	KR2k0021_WYG_012-46a
014.md	53	KR2k0021_WYG_012-47a
014.md	54	KR2k0021_WYG_012-48a
014.md	55	KR2k0021_WYG_012-49a
014.md	56	KR2k0021_WYG_012-50a
014.md	57	KR2k0021_WYG_012-51a
014.md	58	KR2k0021_WYG_012-52a
014.md	59	KR2k0021_WYG_012-53a
014.md	60	KR2k0021_WYG_012-54a
014.md	61	KR2k0021_WYG_012-55a
014.md	62	KR2k0021_WYG_012-56a
014.md	63	KR2k0021_WYG_012-57a
014.md	64	KR2k0021_WYG_012-58a
014.md	65	KR2k0021_WYG_012-59a
014.md	66	KR2k0021_WYG_012-60a
014.md	67	KR2k0021_WYG_012-61a
014.md	68	KR2k0021_WYG_012-62a
014.md	69	KR2k0021_WYG_012-63a
014.md	70	KR2k0021_WYG_012-64a
014.md	71	KR2k0021_WYG_012-65a
014.md	72	KR2k0021_WYG_012-66a
014.md	73	KR2k0021_WYG_012-67a
014.md	74	KR2k0021_WYG_012-68a
014.md	75	KR2k0021_WYG_012-69a
014.md	76	KR2k0021_WYG_012-70a
014.md	77	KR2k0021_WYG_012-71a
014.md	78	KR2k0021_WYG_012-72a
014.md	79	KR2k0021_WYG_012-73a
014.md	80	KR2k0021_WYG_012-74a
014.md	81	KR2k0021_WYG_012-75a
014.md	82	KR2k0021_WYG_012-76a
014.md	83	KR2k0021_WYG_012-77a
014.md	84	KR2k0021_WYG_012-78a
014.md	85	KR2k0021_WYG_012-79a
014.md	86	KR2k0021_WYG_012-80a
014.md	87	KR2k0021_WYG_012-81a
014.md	88	KR2k0021_WYG_012-82a
014.md	89	KR2k0021_WYG_012-83a
014.md	90	KR2k0021_WYG_012-84a
014.md	91	KR2k0021_WYG_012-85a
014.md	92	KR2k0021_WYG_012-86a
014.md	93	KR2k0021_WYG_012-87a
014.md	94	KR2k0021_WYG_012-88a
014.md	95	KR2k0021_WYG_012-89a
014.md	96	KR2k0021_WYG_012-90a
014.md	97	KR2k0021_WYG_012-91a
014.md	98	KR2k0021_WYG_012-92a
014.md	99	KR2k0021_WYG_012-93a
014.md	100	KR2k0021_WYG_012-94a
014.md	101	KR2k0021_WYG_012-95a
014.md	102	KR2k0021_WYG_012-96a
014.md	103	KR2k0021_WYG_012-97a
014.md	104	KR2k0021_WYG_012-98a
014.md	105	KR2k0021_WYG_012-99a
014.md	106	KR2k0021_WYG_012-100a
014.md	114	KR2k0021_WYG_012-100b
015.md	3	KR2k0021_WYG_013-1a
015.md	11	KR2k0021_WYG_013-1b
015.md	14	KR2k0021_WYG_013-2a
015.md	15	KR2k0021_WYG_013-3a
015.md	16	KR2k0021_WYG_013-4a
015.md	17	KR2k0021_WYG_013-5a
015.md	18	KR2k0021_WYG_013-6a
015.md	19	KR2k0021_WYG_013-7a
015.md	20	KR2k0021_WYG_013-8a
015.md	21	KR2k0021_WYG_013-9a
015.md	22	KR2k0021_WYG_013-10a
015.md	23	KR2k0021_WYG_013-11a
015.md	24	KR2k0021_WYG_013-12a
015.md	25	KR2k0021_WYG_013-13a
015.md	26	KR2k0021_WYG_013-14a
015.md	27	KR2k0021_WYG_013-15a
015.md	28	KR2k0021_WYG_013-16a
015.md	29	KR2k0021_WYG_013-17a
015.md	30	KR2k0021_WYG_013-18a
015.md	31	KR2k0021_WYG_013-19a
015.md	32	KR2k0021_WYG_013-20a
015.md	33	KR2k0021_WYG_013-21a
015.md	34	KR2k0021_WYG_013-22a
015.md	35	KR2k0021_WYG_013-23a
015.md	36	KR2k0021_WYG_013-24a
015.md	37	KR2k0021_WYG_013-25a
015.md	38	KR2k0021_WYG_013-26a
015.md	39	KR2k0021_WYG_013-27a
015.md	40	KR2k0021_WYG_013-28a
015.md	41	KR2k0021_WYG_013-29a
015.md	42	KR2k0021_WYG_013-30a
015.md	43	KR2k0021_WYG_013-31a
015.md	44	KR2k0021_WYG_013-32a
015.md	45	KR2k0021_WYG_013-33a
015.md	46	KR2k0021_WYG_013-34a
015.md	47	KR2k0021_WYG_013-35a
015.md	48	KR2k0021_WYG_013-36a
015.md	49	KR2k0021_WYG_013-37a
015.md	50	KR2k0021_WYG_013-38a
015.md	51	KR2k0021_WYG_013-39a
015.md	52	KR2k0021_WYG_013-40a
015.md	53	KR2k0021_WYG_013-41a
015.md	54	KR2k0021_WYG_013-42a
015.md	55	KR2k0021_WYG_013-43a
015.md	56	KR2k0021_WYG_013-44a
015.md	57	KR2k0021_WYG_013-45a
015.md	58	KR2k0021_WYG_013-46a
015.md	59	KR2k0021_WYG_013-47a
015.md	60	KR2k0021_WYG_013-48a
015.md	61	KR2k0021_WYG_013-49a
015.md	62	KR2k0021_WYG_013-50a
015.md	63	KR2k0021_WYG_013-51a
015.md	64	KR2k0021_WYG_013-52a
015.md	65	KR2k0021_WYG_013-53a
015.md	66	KR2k0021_WYG_013-54a
015.md	67	KR2k0021_WYG_013-55a
015.md	68	KR2k0021_WYG_013-56a
015.md	69	KR2k0021_WYG_013-57a
015.md	70	KR2k0021_WYG_013-58a
015.md	71	KR2k0021_WYG_013-59a
015.md	72	KR2k0021_WYG_013-60a
015.md	73	KR2k0021_WYG_013-61a
015.md	74	KR2k0021_WYG_013-62a
015.md	75	KR2k0021_WYG_013-63a
015.md	76	KR2k0021_WYG_013-64a
015.md	77	KR2k0021_WYG_013-65a
015.md	78	KR2k0021_WYG_013-66a
015.md	79	KR2k0021_WYG_013-67a
015.md	80	KR2k0021_WYG_013-68a
015.md	81	KR2k0021_WYG_013-69a
015.md	82	KR2k0021_WYG_013-70a
015.md	83	KR2k0021_WYG_013-71a
015.md	84	KR2k0021_WYG_013-72a
015.md	85	KR2k0021_WYG_013-73a
015.md	86	KR2k0021_WYG_013-74a
015.md	87	KR2k0021_WYG_013-75a
015.md	88	KR2k0021_WYG_013-76a
015.md	89	KR2k0021_WYG_013-77a
015.md	90	KR2k0021_WYG_013-78a
015.md	91	KR2k0021_WYG_013-79a
015.md	92	KR2k0021_WYG_013-80a
015.md	93	KR2k0021_WYG_013-81a
015.md	94	KR2k0021_WYG_013-82a
015.md	95	KR2k0021_WYG_013-83a
015.md	96	KR2k0021_WYG_013-84a
015.md	97	KR2k0021_WYG_013-85a
015.md	98	KR2k0021_WYG_013-86a
015.md	99	KR2k0021_WYG_013-87a
015.md	100	KR2k0021_WYG_013-88a
015.md	101	KR2k0021_WYG_013-89a
015.md	102	KR2k0021_WYG_013-90a
015.md	103	KR2k0021_WYG_013-91a
015.md	104	KR2k0021_WYG_013-92a
015.md	105	KR2k0021_WYG_013-93a
015.md	106	KR2k0021_WYG_013-94a
015.md	107	KR2k0021_WYG_013-95a
015.md	108	KR2k0021_WYG_013-96a
015.md	109	KR2k0021_WYG_013-97a
015.md	110	KR2k0021_WYG_013-98a
015.md	111	KR2k0021_WYG_013-99a
015.md	112	KR2k0021_WYG_013-100a
015.md	113	KR2k0021_WYG_013-101a
015.md	114	KR2k0021_WYG_013-102a
015.md	115	KR2k0021_WYG_013-103a
015.md	123	KR2k0021_WYG_013-103b
016.md	3	KR2k0021_WYG_014-1a
016.md	6	KR2k0021_WYG_014-2a
016.md	7	KR2k0021_WYG_014-3a
016.md	8	KR2k0021_WYG_014-4a
016.md	9	KR2k0021_WYG_014-5a
016.md	10	KR2k0021_WYG_014-6a
016.md	11	KR2k0021_WYG_014-7a
016.md	12	KR2k0021_WYG_014-8a
016.md	13	KR2k0021_WYG_014-9a
016.md	14	KR2k0021_WYG_014-10a
016.md	15	KR2k0021_WYG_014-11a
016.md	16	KR2k0021_WYG_014-12a
016.md	17	KR2k0021_WYG_014-13a
016.md	18	KR2k0021_WYG_014-14a
016.md	19	KR2k0021_WYG_014-15a
016.md	20	KR2k0021_WYG_014-16a
016.md	21	KR2k0021_WYG_014-17a
016.md	22	KR2k0021_WYG_014-18a
016.md	23	KR2k0021_WYG_014-19a
016.md	24	KR2k0021_WYG_014-20a
016.md	25	KR2k0021_WYG_014-21a
016.md	26	KR2k0021_WYG_014-22a
016.md	27	KR2k0021_WYG_014-23a
016.md	28	KR2k0021_WYG_014-24a
016.md	29	KR2k0021_WYG_014-25a
016.md	30	KR2k0021_WYG_014-26a
016.md	31	KR2k0021_WYG_014-27a
016.md	32	KR2k0021_WYG_014-28a
016.md	33	KR2k0021_WYG_014-29a
016.md	34	KR2k0021_WYG_014-30a
016.md	35	KR2k0021_WYG_014-31a
016.md	36	KR2k0021_WYG_014-32a
016.md	37	KR2k0021_WYG_014-33a
016.md	38	KR2k0021_WYG_014-34a
016.md	39	KR2k0021_WYG_014-35a
016.md	40	KR2k0021_WYG_014-36a
016.md	41	KR2k0021_WYG_014-37a
016.md	42	KR2k0021_WYG_014-38a
016.md	43	KR2k0021_WYG_014-39a
016.md	44	KR2k0021_WYG_014-40a
016.md	45	KR2k0021_WYG_014-41a
016.md	46	KR2k0021_WYG_014-42a
016.md	47	KR2k0021_WYG_014-43a
016.md	48	KR2k0021_WYG_014-44a
016.md	49	KR2k0021_WYG_014-45a
016.md	50	KR2k0021_WYG_014-46a
016.md	51	KR2k0021_WYG_014-47a
016.md	52	KR2k0021_WYG_014-48a
016.md	53	KR2k0021_WYG_014-49a
016.md	54	KR2k0021_WYG_014-50a
016.md	55	KR2k0021_WYG_014-51a
016.md	56	KR2k0021_WYG_014-52a
016.md	57	KR2k0021_WYG_014-53a
016.md	58	KR2k0021_WYG_014-54a
016.md	59	KR2k0021_WYG_014-55a
016.md	60	KR2k0021_WYG_014-56a
016.md	61	KR2k0021_WYG_014-57a
016.md	62	KR2k0021_WYG_014-58a
016.md	63	KR2k0021_WYG_014-59a
016.md	64	KR2k0021_WYG_014-60a
016.md	65	KR2k0021_WYG_014-61a
016.md	66	KR2k0021_WYG_014-62a
016.md	67	KR2k0021_WYG_014-63a
016.md	68	KR2k0021_WYG_014-64a
016.md	69	KR2k0021_WYG_014-65a
016.md	70	KR2k0021_WYG_014-66a
016.md	71	KR2k0021_WYG_014-67a
016.md	72	KR2k0021_WYG_014-68a
016.md	73	KR2k0021_WYG_014-69a
016.md	74	KR2k0021_WYG_014-70a
016.md	75	KR2k0021_WYG_014-71a
016.md	76	KR2k0021_WYG_014-72a
016.md	77	KR2k0021_WYG_014-73a
016.md	78	KR2k0021_WYG_014-74a
016.md	79	KR2k0021_WYG_014-75a
016.md	80	KR2k0021_WYG_014-76a
016.md	81	KR2k0021_WYG_014-77a
016.md	82	KR2k0021_WYG_014-78a
016.md	83	KR2k0021_WYG_014-79a
016.md	84	KR2k0021_WYG_014-80a
016.md	85	KR2k0021_WYG_014-81a
016.md	86	KR2k0021_WYG_014-82a
016.md	87	KR2k0021_WYG_014-83a
016.md	88	KR2k0021_WYG_014-84a
016.md	89	KR2k0021_WYG_014-85a
016.md	90	KR2k0021_WYG_014-86a
016.md	91	KR2k0021_WYG_014-87a
016.md	92	KR2k0021_WYG_014-88a
016.md	93	KR2k0021_WYG_014-89a
016.md	94	KR2k0021_WYG_014-90a
016.md	95	KR2k0021_WYG_014-91a
016.md	96	KR2k0021_WYG_014-92a
016.md	97	KR2k0021_WYG_014-93a
016.md	98	KR2k0021_WYG_014-94a
016.md	99	KR2k0021_WYG_014-95a
016.md	100	KR2k0021_WYG_014-96a
016.md	101	KR2k0021_WYG_014-97a
016.md	102	KR2k0021_WYG_014-98a
016.md	103	KR2k0021_WYG_014-99a
016.md	104	KR2k0021_WYG_014-100a
016.md	105	KR2k0021_WYG_014-101a
016.md	106	KR2k0021_WYG_014-102a
016.md	107	KR2k0021_WYG_014-103a
016.md	108	KR2k0021_WYG_014-104a
016.md	109	KR2k0021_WYG_014-105a
016.md	110	KR2k0021_WYG_014-106a
016.md	111	KR2k0021_WYG_014-107a
016.md	112	KR2k0021_WYG_014-108a
016.md	113	KR2k0021_WYG_014-109a
016.md	114	KR2k0021_WYG_014-110a
016.md	115	KR2k0021_WYG_014-111a
016.md	116	KR2k0021_WYG_014-112a
016.md	117	KR2k0021_WYG_014-113a
016.md	118	KR2k0021_WYG_014-114a
016.md	119	KR2k0021_WYG_014-115a
016.md	120	KR2k0021_WYG_014-116a
016.md	121	KR2k0021_WYG_014-117a
016.md	122	KR2k0021_WYG_014-118a
016.md	123	KR2k0021_WYG_014-119a
016.md	124	KR2k0021_WYG_014-120a
016.md	125	KR2k0021_WYG_014-121a
016.md	126	KR2k0021_WYG_014-122a
016.md	127	KR2k0021_WYG_014-123a
016.md	128	KR2k0021_WYG_014-124a
016.md	129	KR2k0021_WYG_014-125a
016.md	130	KR2k0021_WYG_014-126a
016.md	131	KR2k0021_WYG_014-127a
016.md	132	KR2k0021_WYG_014-128a
016.md	133	KR2k0021_WYG_014-129a
016.md	134	KR2k0021_WYG_014-130a
016.md	135	KR2k0021_WYG_014-131a
016.md	136	KR2k0021_WYG_014-132a
016.md	137	KR2k0021_WYG_014-133a
016.md	138	KR2k0021_WYG_014-134a
016.md	139	KR2k0021_WYG_014-135a
016.md	140	KR2k0021_WYG_014-136a
016.md	141	KR2k0021_WYG_014-137a
016.md	142	KR2k0021_WYG_014-138a
016.md	143	KR2k0021_WYG_014-139a
016.md	144	KR2k0021_WYG_014-140a
016.md	145	KR2k0021_WYG_014-141a
016.md	146	KR2k0021_WYG_014-142a
016.md	147	KR2k0021_WYG_014-143a
016.md	148	KR2k0021_WYG_014-144a
016.md	149	KR2k0021_WYG_014-145a
016.md	150	KR2k0021_WYG_014-146a
016.md	151	KR2k0021_WYG_014-147a
016.md	152	KR2k0021_WYG_014-148a
016.md	153	KR2k0021_WYG_014-149a
016.md	154	KR2k0021_WYG_014-150a
016.md	155	KR2k0021_WYG_014-151a
016.md	156	KR2k0021_WYG_014-152a
016.md	157	KR2k0021_WYG_014-153a
016.md	158	KR2k0021_WYG_014-154a
016.md	159	KR2k0021_WYG_014-155a
016.md	160	KR2k0021_WYG_014-156a
016.md	161	KR2k0021_WYG_014-157a
016.md	162	KR2k0021_WYG_014-158a
016.md	163	KR2k0021_WYG_014-159a
016.md	164	KR2k0021_WYG_014-160a
016.md	165	KR2k0021_WYG_014-161a
016.md	166	KR2k0021_WYG_014-162a
016.md	167	KR2k0021_WYG_014-163a
016.md	168	KR2k0021_WYG_014-164a
016.md	169	KR2k0021_WYG_014-165a
016.md	170	KR2k0021_WYG_014-166a
016.md	171	KR2k0021_WYG_014-167a
016.md	172	KR2k0021_WYG_014-168a
016.md	173	KR2k0021_WYG_014-169a
016.md	174	KR2k0021_WYG_014-170a
016.md	175	KR2k0021_WYG_014-171a
016.md	176	KR2k0021_WYG_014-172a
016.md	177	KR2k0021_WYG_014-173a
016.md	178	KR2k0021_WYG_014-174a
016.md	179	KR2k0021_WYG_014-175a
016.md	180	KR2k0021_WYG_014-176a
016.md	181	KR2k0021_WYG_014-177a
016.md	182	KR2k0021_WYG_014-178a
016.md	183	KR2k0021_WYG_014-179a
016.md	184	KR2k0021_WYG_014-180a
016.md	185	KR2k0021_WYG_014-181a
016.md	186	KR2k0021_WYG_014-182a
016.md	187	KR2k0021_WYG_014-183a
016.md	188	KR2k0021_WYG_014-184a
016.md	189	KR2k0021_WYG_014-185a
016.md	197	KR2k0021_WYG_014-185b
017.md	3	KR2k0021_WYG_015-1a
017.md	11	KR2k0021_WYG_015-1b
017.md	19	KR2k0021_WYG_015-2a
017.md	27	KR2k0021_WYG_015-2b
017.md	35	KR2k0021_WYG_015-3a
017.md	43	KR2k0021_WYG_015-3b
017.md	51	KR2k0021_WYG_015-4a
017.md	59	KR2k0021_WYG_015-4b
017.md	67	KR2k0021_WYG_015-5a
017.md	75	KR2k0021_WYG_015-5b
017.md	83	KR2k0021_WYG_015-6a
017.md	91	KR2k0021_WYG_015-6b
017.md	99	KR2k0021_WYG_015-7a
017.md	107	KR2k0021_WYG_015-7b
017.md	115	KR2k0021_WYG_015-8a
017.md	123	KR2k0021_WYG_015-8b
017.md	131	KR2k0021_WYG_015-9a
017.md	139	KR2k0021_WYG_015-9b
017.md	147	KR2k0021_WYG_015-10a
017.md	155	KR2k0021_WYG_015-10b
017.md	163	KR2k0021_WYG_015-11a
017.md	171	KR2k0021_WYG_015-11b
017.md	179	KR2k0021_WYG_015-12a
017.md	187	KR2k0021_WYG_015-12b
017.md	195	KR2k0021_WYG_015-13a
017.md	203	KR2k0021_WYG_015-13b
017.md	211	KR2k0021_WYG_015-14a
017.md	219	KR2k0021_WYG_015-14b
017.md	227	KR2k0021_WYG_015-15a
017.md	235	KR2k0021_WYG_015-15b
017.md	243	KR2k0021_WYG_015-16a
017.md	251	KR2k0021_WYG_015-16b
017.md	259	KR2k0021_WYG_015-17a
017.md	267	KR2k0021_WYG_015-17b
017.md	275	KR2k0021_WYG_015-18a
017.md	283	KR2k0021_WYG_015-18b
017.md	291	KR2k0021_WYG_015-19a
017.md	299	KR2k0021_WYG_015-19b
017.md	307	KR2k0021_WYG_015-20a
017.md	315	KR2k0021_WYG_015-20b
017.md	323	KR2k0021_WYG_015-21a
017.md	331	KR2k0021_WYG_015-21b
017.md	339	KR2k0021_WYG_015-22a
017.md	347	KR2k0021_WYG_015-22b
017.md	355	KR2k0021_WYG_015-23a
017.md	363	KR2k0021_WYG_015-23b
017.md	371	KR2k0021_WYG_015-24a
017.md	379	KR2k0021_WYG_015-24b
018.md	3	KR2k0021_WYG_016-1a
018.md	11	KR2k0021_WYG_016-1b
018.md	19	KR2k0021_WYG_016-2a
018.md	27	KR2k0021_WYG_016-2b
018.md	35	KR2k0021_WYG_016-3a
018.md	43	KR2k0021_WYG_016-3b
018.md	51	KR2k0021_WYG_016-4a
018.md	59	KR2k0021_WYG_016-4b
018.md	67	KR2k0021_WYG_016-5a
018.md	75	KR2k0021_WYG_016-5b
018.md	83	KR2k0021_WYG_016-6a
018.md	91	KR2k0021_WYG_016-6b
018.md	99	KR2k0021_WYG_016-7a
018.md	107	KR2k0021_WYG_016-7b
018.md	115	KR2k0021_WYG_016-8a
018.md	123	KR2k0021_WYG_016-8b
018.md	131	KR2k0021_WYG_016-9a
018.md	139	KR2k0021_WYG_016-9b
018.md	147	KR2k0021_WYG_016-10a
018.md	155	KR2k0021_WYG_016-10b
018.md	163	KR2k0021_WYG_016-11a
018.md	171	KR2k0021_WYG_016-11b
018.md	179	KR2k0021_WYG_016-12a
018.md	187	KR2k0021_WYG_016-12b
018.md	195	KR2k0021_WYG_016-13a
018.md	203	KR2k0021_WYG_016-13b
018.md	211	KR2k0021_WYG_016-14a
018.md	219	KR2k0021_WYG_016-14b
018.md	227	KR2k0021_WYG_016-15a
018.md	235	KR2k0021_WYG_016-15b
018.md	243	KR2k0021_WYG_016-16a
018.md	251	KR2k0021_WYG_016-16b
018.md	259	KR2k0021_WYG_016-17a
018.md	267	KR2k0021_WYG_016-17b
018.md	275	KR2k0021_WYG_016-18a
018.md	283	KR2k0021_WYG_016-18b
018.md	291	KR2k0021_WYG_016-19a
018.md	299	KR2k0021_WYG_016-19b
018.md	307	KR2k0021_WYG_016-20a
018.md	315	KR2k0021_WYG_016-20b
018.md	323	KR2k0021_WYG_016-21a
018.md	331	KR2k0021_WYG_016-21b
018.md	339	KR2k0021_WYG_016-22a
018.md	347	KR2k0021_WYG_016-22b
018.md	355	KR2k0021_WYG_016-23a
018.md	363	KR2k0021_WYG_016-23b
018.md	371	KR2k0021_WYG_016-24a
018.md	379	KR2k0021_WYG_016-24b
018.md	387	KR2k0021_WYG_016-25a
018.md	395	KR2k0021_WYG_016-25b
018.md	403	KR2k0021_WYG_016-26a
018.md	411	KR2k0021_WYG_016-26b
018.md	419	KR2k0021_WYG_016-27a
018.md	427	KR2k0021_WYG_016-27b
018.md	435	KR2k0021_WYG_016-28a
018.md	443	KR2k0021_WYG_016-28b
018.md	451	KR2k0021_WYG_016-29a
018.md	459	KR2k0021_WYG_016-29b
018.md	467	KR2k0021_WYG_016-30a
018.md	475	KR2k0021_WYG_016-30b
018.md	483	KR2k0021_WYG_016-31a
018.md	491	KR2k0021_WYG_016-31b
018.md	499	KR2k0021_WYG_016-32a
018.md	507	KR2k0021_WYG_016-32b
018.md	515	KR2k0021_WYG_016-33a
018.md	523	KR2k0021_WYG_016-33b
018.md	531	KR2k0021_WYG_016-34a
018.md	539	KR2k0021_WYG_016-34b
018.md	547	KR2k0021_WYG_016-35a
018.md	555	KR2k0021_WYG_016-35b
018.md	563	KR2k0021_WYG_016-36a
018.md	571	KR2k0021_WYG_016-36b
018.md	579	KR2k0021_WYG_016-37a
018.md	587	KR2k0021_WYG_016-37b
018.md	595	KR2k0021_WYG_016-38a
018.md	603	KR2k0021_WYG_016-38b
018.md	611	KR2k0021_WYG_016-39a
018.md	619	KR2k0021_WYG_016-39b
018.md	627	KR2k0021_WYG_016-40a
018.md	635	KR2k0021_WYG_016-40b
018.md	643	KR2k0021_WYG_016-41a
018.md	651	KR2k0021_WYG_016-41b
018.md	659	KR2k0021_WYG_016-42a
018.md	667	KR2k0021_WYG_016-42b
018.md	675	KR2k0021_WYG_016-43a
018.md	683	KR2k0021_WYG_016-43b
018.md	691	KR2k0021_WYG_016-44a
018.md	699	KR2k0021_WYG_016-44b
018.md	707	KR2k0021_WYG_016-45a
018.md	715	KR2k0021_WYG_016-45b
018.md	723	KR2k0021_WYG_016-46a
018.md	731	KR2k0021_WYG_016-46b
018.md	739	KR2k0021_WYG_016-47a
018.md	747	KR2k0021_WYG_016-47b
018.md	755	KR2k0021_WYG_016-48a
018.md	763	KR2k0021_WYG_016-48b
018.md	771	KR2k0021_WYG_016-49a
018.md	779	KR2k0021_WYG_016-49b
018.md	787	KR2k0021_WYG_016-50a
018.md	795	KR2k0021_WYG_016-50b
018.md	803	KR2k0021_WYG_016-51a
018.md	811	KR2k0021_WYG_016-51b
018.md	819	KR2k0021_WYG_016-52a
018.md	827	KR2k0021_WYG_016-52b
018.md	835	KR2k0021_WYG_016-53a
018.md	843	KR2k0021_WYG_016-53b
018.md	851	KR2k0021_WYG_016-54a
018.md	859	KR2k0021_WYG_016-54b
018.md	867	KR2k0021_WYG_016-55a
018.md	875	KR2k0021_WYG_016-55b
018.md	883	KR2k0021_WYG_016-56a
018.md	891	KR2k0021_WYG_016-56b
018.md	899	KR2k0021_WYG_016-57a
018.md	907	KR2k0021_WYG_016-57b
019.md	3	KR2k0021_WYG_017-1a
019.md	11	KR2k0021_WYG_017-1b
019.md	19	KR2k0021_WYG_017-2a
019.md	27	KR2k0021_WYG_017-2b
019.md	35	KR2k0021_WYG_017-3a
019.md	43	KR2k0021_WYG_017-3b
019.md	51	KR2k0021_WYG_017-4a
019.md	59	KR2k0021_WYG_017-4b
019.md	67	KR2k0021_WYG_017-5a
019.md	75	KR2k0021_WYG_017-5b
019.md	83	KR2k0021_WYG_017-6a
019.md	91	KR2k0021_WYG_017-6b
019.md	99	KR2k0021_WYG_017-7a
019.md	107	KR2k0021_WYG_017-7b
019.md	115	KR2k0021_WYG_017-8a
019.md	123	KR2k0021_WYG_017-8b
019.md	131	KR2k0021_WYG_017-9a
019.md	139	KR2k0021_WYG_017-9b
019.md	147	KR2k0021_WYG_017-10a
019.md	155	KR2k0021_WYG_017-10b
019.md	163	KR2k0021_WYG_017-11a
019.md	171	KR2k0021_WYG_017-11b
019.md	179	KR2k0021_WYG_017-12a
019.md	187	KR2k0021_WYG_017-12b
019.md	195	KR2k0021_WYG_017-13a
019.md	203	KR2k0021_WYG_017-13b
019.md	211	KR2k0021_WYG_017-14a
019.md	219	KR2k0021_WYG_017-14b
019.md	227	KR2k0021_WYG_017-15a
019.md	235	KR2k0021_WYG_017-15b
019.md	243	KR2k0021_WYG_017-16a
019.md	251	KR2k0021_WYG_017-16b
019.md	259	KR2k0021_WYG_017-17a
019.md	267	KR2k0021_WYG_017-17b
019.md	275	KR2k0021_WYG_017-18a
019.md	283	KR2k0021_WYG_017-18b
019.md	291	KR2k0021_WYG_017-19a
019.md	299	KR2k0021_WYG_017-19b
019.md	307	KR2k0021_WYG_017-20a
019.md	315	KR2k0021_WYG_017-20b
019.md	323	KR2k0021_WYG_017-21a
019.md	331	KR2k0021_WYG_017-21b
019.md	339	KR2k0021_WYG_017-22a
019.md	347	KR2k0021_WYG_017-22b
019.md	355	KR2k0021_WYG_017-23a
019.md	363	KR2k0021_WYG_017-23b
019.md	371	KR2k0021_WYG_017-24a
019.md	379	KR2k0021_WYG_017-24b
019.md	387	KR2k0021_WYG_017-25a
019.md	395	KR2k0021_WYG_017-25b
019.md	403	KR2k0021_WYG_017-26a
019.md	411	KR2k0021_WYG_017-26b
019.md	419	KR2k0021_WYG_017-27a
019.md	427	KR2k0021_WYG_017-27b
019.md	435	KR2k0021_WYG_017-28a
019.md	443	KR2k0021_WYG_017-28b
019.md	451	KR2k0021_WYG_017-29a
019.md	459	KR2k0021_WYG_017-29b
019.md	467	KR2k0021_WYG_017-30a
019.md	475	KR2k0021_WYG_017-30b
019.md	483	KR2k0021_WYG_017-31a
019.md	491	KR2k0021_WYG_017-31b
019.md	499	KR2k0021_WYG_017-32a
019.md	507	KR2k0021_WYG_017-32b
019.md	515	KR2k0021_WYG_017-33a
019.md	523	KR2k0021_WYG_017-33b
019.md	531	KR2k0021_WYG_017-34a
019.md	539	KR2k0021_WYG_017-34b
019.md	547	KR2k0021_WYG_017-35a
019.md	555	KR2k0021_WYG_017-35b
019.md	563	KR2k0021_WYG_017-36a
019.md	571	KR2k0021_WYG_017-36b
019.md	579	KR2k0021_WYG_017-37a
019.md	587	KR2k0021_WYG_017-37b
019.md	595	KR2k0021_WYG_017-38a
019.md	603	KR2k0021_WYG_017-38b
019.md	611	KR2k0021_WYG_017-39a
019.md	619	KR2k0021_WYG_017-39b
019.md	627	KR2k0021_WYG_017-40a
019.md	635	KR2k0021_WYG_017-40b
019.md	643	KR2k0021_WYG_017-41a
019.md	651	KR2k0021_WYG_017-41b
019.md	659	KR2k0021_WYG_017-42a
019.md	667	KR2k0021_WYG_017-42b
019.md	675	KR2k0021_WYG_017-43a
019.md	683	KR2k0021_WYG_017-43b
019.md	691	KR2k0021_WYG_017-44a
019.md	699	KR2k0021_WYG_017-44b
019.md	707	KR2k0021_WYG_017-45a
019.md	715	KR2k0021_WYG_017-45b
019.md	723	KR2k0021_WYG_017-46a
019.md	731	KR2k0021_WYG_017-46b
019.md	739	KR2k0021_WYG_017-47a
019.md	747	KR2k0021_WYG_017-47b
019.md	755	KR2k0021_WYG_017-48a
019.md	763	KR2k0021_WYG_017-48b
019.md	771	KR2k0021_WYG_017-49a
019.md	779	KR2k0021_WYG_017-49b
019.md	787	KR2k0021_WYG_017-50a
019.md	795	KR2k0021_WYG_017-50b
019.md	803	KR2k0021_WYG_017-51a
019.md	811	KR2k0021_WYG_017-51b
019.md	819	KR2k0021_WYG_017-52a
019.md	827	KR2k0021_WYG_017-52b
019.md	835	KR2k0021_WYG_017-53a
019.md	843	KR2k0021_WYG_017-53b
019.md	851	KR2k0021_WYG_017-54a
019.md	859	KR2k0021_WYG_017-54b
019.md	867	KR2k0021_WYG_017-55a
019.md	875	KR2k0021_WYG_017-55b
019.md	883	KR2k0021_WYG_017-56a
019.md	891	KR2k0021_WYG_017-56b
019.md	899	KR2k0021_WYG_017-57a
019.md	907	KR2k0021_WYG_017-57b
019.md	915	KR2k0021_WYG_017-58a
019.md	923	KR2k0021_WYG_017-58b
020.md	3	KR2k0021_WYG_018-1a
020.md	11	KR2k0021_WYG_018-1b
020.md	19	KR2k0021_WYG_018-2a
020.md	27	KR2k0021_WYG_018-2b
020.md	35	KR2k0021_WYG_018-3a
020.md	43	KR2k0021_WYG_018-3b
020.md	51	KR2k0021_WYG_018-4a
020.md	59	KR2k0021_WYG_018-4b
020.md	67	KR2k0021_WYG_018-5a
020.md	75	KR2k0021_WYG_018-5b
020.md	83	KR2k0021_WYG_018-6a
020.md	91	KR2k0021_WYG_018-6b
020.md	99	KR2k0021_WYG_018-7a
020.md	107	KR2k0021_WYG_018-7b
020.md	115	KR2k0021_WYG_018-8a
020.md	123	KR2k0021_WYG_018-8b
020.md	131	KR2k0021_WYG_018-9a
020.md	139	KR2k0021_WYG_018-9b
020.md	147	KR2k0021_WYG_018-10a
020.md	155	KR2k0021_WYG_018-10b
020.md	163	KR2k0021_WYG_018-11a
020.md	171	KR2k0021_WYG_018-11b
020.md	179	KR2k0021_WYG_018-12a
020.md	187	KR2k0021_WYG_018-12b
020.md	195	KR2k0021_WYG_018-13a
020.md	203	KR2k0021_WYG_018-13b
020.md	211	KR2k0021_WYG_018-14a
020.md	219	KR2k0021_WYG_018-14b
020.md	227	KR2k0021_WYG_018-15a
020.md	235	KR2k0021_WYG_018-15b
020.md	243	KR2k0021_WYG_018-16a
020.md	251	KR2k0021_WYG_018-16b
020.md	259	KR2k0021_WYG_018-17a
020.md	267	KR2k0021_WYG_018-17b
020.md	275	KR2k0021_WYG_018-18a
020.md	283	KR2k0021_WYG_018-18b
020.md	291	KR2k0021_WYG_018-19a
020.md	299	KR2k0021_WYG_018-19b
020.md	307	KR2k0021_WYG_018-20a
020.md	315	KR2k0021_WYG_018-20b
020.md	323	KR2k0021_WYG_018-21a
020.md	331	KR2k0021_WYG_018-21b
020.md	339	KR2k0021_WYG_018-22a
020.md	347	KR2k0021_WYG_018-22b
020.md	355	KR2k0021_WYG_018-23a
020.md	363	KR2k0021_WYG_018-23b
020.md	371	KR2k0021_WYG_018-24a
020.md	379	KR2k0021_WYG_018-24b
020.md	387	KR2k0021_WYG_018-25a
020.md	395	KR2k0021_WYG_018-25b
020.md	403	KR2k0021_WYG_018-26a
020.md	411	KR2k0021_WYG_018-26b
020.md	419	KR2k0021_WYG_018-27a
020.md	427	KR2k0021_WYG_018-27b
021.md	3	KR2k0021_WYG_019-1a
021.md	11	KR2k0021_WYG_019-1b
021.md	19	KR2k0021_WYG_019-2a
021.md	27	KR2k0021_WYG_019-2b
021.md	35	KR2k0021_WYG_019-3a
021.md	43	KR2k0021_WYG_019-3b
021.md	51	KR2k0021_WYG_019-4a
021.md	59	KR2k0021_WYG_019-4b
021.md	67	KR2k0021_WYG_019-5a
021.md	75	KR2k0021_WYG_019-5b
021.md	83	KR2k0021_WYG_019-6a
021.md	91	KR2k0021_WYG_019-6b
021.md	99	KR2k0021_WYG_019-7a
021.md	107	KR2k0021_WYG_019-7b
021.md	115	KR2k0021_WYG_019-8a
021.md	123	KR2k0021_WYG_019-8b
021.md	131	KR2k0021_WYG_019-9a
021.md	139	KR2k0021_WYG_019-9b
021.md	147	KR2k0021_WYG_019-10a
021.md	155	KR2k0021_WYG_019-10b
021.md	163	KR2k0021_WYG_019-11a
021.md	171	KR2k0021_WYG_019-11b
021.md	179	KR2k0021_WYG_019-12a
021.md	187	KR2k0021_WYG_019-12b
021.md	195	KR2k0021_WYG_019-13a
021.md	203	KR2k0021_WYG_019-13b
021.md	211	KR2k0021_WYG_019-14a
021.md	219	KR2k0021_WYG_019-14b
021.md	227	KR2k0021_WYG_019-15a
021.md	235	KR2k0021_WYG_019-15b
021.md	243	KR2k0021_WYG_019-16a
021.md	251	KR2k0021_WYG_019-16b
021.md	259	KR2k0021_WYG_019-17a
021.md	267	KR2k0021_WYG_019-17b
021.md	275	KR2k0021_WYG_019-18a
021.md	283	KR2k0021_WYG_019-18b
021.md	291	KR2k0021_WYG_019-19a
021.md	299	KR2k0021_WYG_019-19b
021.md	307	KR2k0021_WYG_019-20a
021.md	315	KR2k0021_WYG_019-20b
021.md	323	KR2k0021_WYG_019-21a
021.md	331	KR2k0021_WYG_019-21b
021.md	339	KR2k0021_WYG_019-22a
021.md	347	KR2k0021_WYG_019-22b
021.md	355	KR2k0021_WYG_019-23a
021.md	363	KR2k0021_WYG_019-23b
021.md	371	KR2k0021_WYG_019-24a
021.md	379	KR2k0021_WYG_019-24b
021.md	387	KR2k0021_WYG_019-25a
021.md	395	KR2k0021_WYG_019-25b
021.md	403	KR2k0021_WYG_019-26a
021.md	411	KR2k0021_WYG_019-26b
021.md	419	KR2k0021_WYG_019-27a
021.md	427	KR2k0021_WYG_019-27b
021.md	435	KR2k0021_WYG_019-28a
021.md	443	KR2k0021_WYG_019-28b
021.md	451	KR2k0021_WYG_019-29a
021.md	459	KR2k0021_WYG_019-29b
021.md	467	KR2k0021_WYG_019-30a
021.md	475	KR2k0021_WYG_019-30b
021.md	483	KR2k0021_WYG_019-31a
021.md	491	KR2k0021_WYG_019-31b
021.md	499	KR2k0021_WYG_019-32a
021.md	507	KR2k0021_WYG_019-32b
021.md	515	KR2k0021_WYG_019-33a
021.md	523	KR2k0021_WYG_019-33b
021.md	531	KR2k0021_WYG_019-34a
021.md	539	KR2k0021_WYG_019-34b
021.md	547	KR2k0021_WYG_019-35a
021.md	555	KR2k0021_WYG_019-35b
021.md	563	KR2k0021_WYG_019-36a
021.md	571	KR2k0021_WYG_019-36b
021.md	579	KR2k0021_WYG_019-37a
021.md	587	KR2k0021_WYG_019-37b
021.md	595	KR2k0021_WYG_019-38a
021.md	603	KR2k0021_WYG_019-38b
021.md	611	KR2k0021_WYG_019-39a
021.md	619	KR2k0021_WYG_019-39b
021.md	627	KR2k0021_WYG_019-40a
021.md	635	KR2k0021_WYG_019-40b
021.md	643	KR2k0021_WYG_019-41a
021.md	651	KR2k0021_WYG_019-41b
021.md	659	KR2k0021_WYG_019-42a
021.md	667	KR2k0021_WYG_019-42b
021.md	675	KR2k0021_WYG_019-43a
021.md	683	KR2k0021_WYG_019-43b
021.md	691	KR2k0021_WYG_019-44a
021.md	699	KR2k0021_WYG_019-44b
021.md	707	KR2k0021_WYG_019-45a
021.md	715	KR2k0021_WYG_019-45b
021.md	723	KR2k0021_WYG_019-46a
021.md	731	KR2k0021_WYG_019-46b
021.md	739	KR2k0021_WYG_019-47a
021.md	747	KR2k0021_WYG_019-47b
021.md	755	KR2k0021_WYG_019-48a
021.md	763	KR2k0021_WYG_019-48b
021.md	771	KR2k0021_WYG_019-49a
021.md	779	KR2k0021_WYG_019-49b
021.md	787	KR2k0021_WYG_019-50a
021.md	795	KR2k0021_WYG_019-50b
021.md	803	KR2k0021_WYG_019-51a
021.md	811	KR2k0021_WYG_019-51b
022.md	3	KR2k0021_WYG_020-1a
022.md	11	KR2k0021_WYG_020-1b
022.md	19	KR2k0021_WYG_020-2a
022.md	27	KR2k0021_WYG_020-2b
022.md	35	KR2k0021_WYG_020-3a
022.md	43	KR2k0021_WYG_020-3b
022.md	51	KR2k0021_WYG_020-4a
022.md	59	KR2k0021_WYG_020-4b
022.md	67	KR2k0021_WYG_020-5a
022.md	75	KR2k0021_WYG_020-5b
022.md	83	KR2k0021_WYG_020-6a
022.md	91	KR2k0021_WYG_020-6b
022.md	99	KR2k0021_WYG_020-7a
022.md	107	KR2k0021_WYG_020-7b
022.md	115	KR2k0021_WYG_020-8a
022.md	123	KR2k0021_WYG_020-8b
022.md	131	KR2k0021_WYG_020-9a
022.md	139	KR2k0021_WYG_020-9b
022.md	147	KR2k0021_WYG_020-10a
022.md	155	KR2k0021_WYG_020-10b
022.md	163	KR2k0021_WYG_020-11a
022.md	171	KR2k0021_WYG_020-11b
022.md	179	KR2k0021_WYG_020-12a
022.md	187	KR2k0021_WYG_020-12b
022.md	195	KR2k0021_WYG_020-13a
022.md	203	KR2k0021_WYG_020-13b
022.md	211	KR2k0021_WYG_020-14a
022.md	219	KR2k0021_WYG_020-14b
022.md	227	KR2k0021_WYG_020-15a
022.md	235	KR2k0021_WYG_020-15b
022.md	243	KR2k0021_WYG_020-16a
022.md	251	KR2k0021_WYG_020-16b
022.md	259	KR2k0021_WYG_020-17a
022.md	267	KR2k0021_WYG_020-17b
022.md	275	KR2k0021_WYG_020-18a
022.md	283	KR2k0021_WYG_020-18b
022.md	291	KR2k0021_WYG_020-19a
022.md	299	KR2k0021_WYG_020-19b
022.md	307	KR2k0021_WYG_020-20a
022.md	315	KR2k0021_WYG_020-20b
022.md	323	KR2k0021_WYG_020-21a
022.md	331	KR2k0021_WYG_020-21b
022.md	339	KR2k0021_WYG_020-22a
022.md	347	KR2k0021_WYG_020-22b
022.md	355	KR2k0021_WYG_020-23a
022.md	363	KR2k0021_WYG_020-23b
022.md	371	KR2k0021_WYG_020-24a
022.md	379	KR2k0021_WYG_020-24b
022.md	387	KR2k0021_WYG_020-25a
022.md	395	KR2k0021_WYG_020-25b
022.md	403	KR2k0021_WYG_020-26a
022.md	411	KR2k0021_WYG_020-26b
022.md	419	KR2k0021_WYG_020-27a
022.md	427	KR2k0021_WYG_020-27b
022.md	435	KR2k0021_WYG_020-28a
022.md	443	KR2k0021_WYG_020-28b
022.md	451	KR2k0021_WYG_020-29a
022.md	459	KR2k0021_WYG_020-29b
022.md	467	KR2k0021_WYG_020-30a
022.md	475	KR2k0021_WYG_020-30b
022.md	483	KR2k0021_WYG_020-31a
022.md	491	KR2k0021_WYG_020-31b
023.md	3	KR2k0021_WYG_021-1a
023.md	11	KR2k0021_WYG_021-1b
023.md	19	KR2k0021_WYG_021-2a
023.md	27	KR2k0021_WYG_021-2b
023.md	35	KR2k0021_WYG_021-3a
023.md	43	KR2k0021_WYG_021-3b
023.md	51	KR2k0021_WYG_021-4a
023.md	59	KR2k0021_WYG_021-4b
023.md	67	KR2k0021_WYG_021-5a
023.md	75	KR2k0021_WYG_021-5b
023.md	83	KR2k0021_WYG_021-6a
023.md	91	KR2k0021_WYG_021-6b
023.md	99	KR2k0021_WYG_021-7a
023.md	107	KR2k0021_WYG_021-7b
023.md	115	KR2k0021_WYG_021-8a
023.md	123	KR2k0021_WYG_021-8b
023.md	131	KR2k0021_WYG_021-9a
023.md	139	KR2k0021_WYG_021-9b
023.md	147	KR2k0021_WYG_021-10a
023.md	155	KR2k0021_WYG_021-10b
023.md	163	KR2k0021_WYG_021-11a
023.md	171	KR2k0021_WYG_021-11b
023.md	179	KR2k0021_WYG_021-12a
023.md	187	KR2k0021_WYG_021-12b
023.md	195	KR2k0021_WYG_021-13a
023.md	203	KR2k0021_WYG_021-13b
023.md	211	KR2k0021_WYG_021-14a
023.md	219	KR2k0021_WYG_021-14b
023.md	227	KR2k0021_WYG_021-15a
023.md	235	KR2k0021_WYG_021-15b
023.md	243	KR2k0021_WYG_021-16a
023.md	251	KR2k0021_WYG_021-16b
023.md	259	KR2k0021_WYG_021-17a
023.md	267	KR2k0021_WYG_021-17b
023.md	275	KR2k0021_WYG_021-18a
023.md	283	KR2k0021_WYG_021-18b
023.md	291	KR2k0021_WYG_021-19a
023.md	299	KR2k0021_WYG_021-19b
023.md	307	KR2k0021_WYG_021-20a
023.md	315	KR2k0021_WYG_021-20b
023.md	323	KR2k0021_WYG_021-21a
023.md	331	KR2k0021_WYG_021-21b
023.md	339	KR2k0021_WYG_021-22a
023.md	347	KR2k0021_WYG_021-22b
023.md	355	KR2k0021_WYG_021-23a
023.md	363	KR2k0021_WYG_021-23b
023.md	371	KR2k0021_WYG_021-24a
023.md	379	KR2k0021_WYG_021-24b
023.md	387	KR2k0021_WYG_021-25a
023.md	395	KR2k0021_WYG_021-25b
023.md	403	KR2k0021_WYG_021-26a
023.md	411	KR2k0021_WYG_021-26b
023.md	419	KR2k0021_WYG_021-27a
023.md	427	KR2k0021_WYG_021-27b
023.md	435	KR2k0021_WYG_021-28a
023.md	443	KR2k0021_WYG_021-28b
023.md	451	KR2k0021_WYG_021-29a
023.md	459	KR2k0021_WYG_021-29b
023.md	467	KR2k0021_WYG_021-30a
023.md	475	KR2k0021_WYG_021-30b
023.md	483	KR2k0021_WYG_021-31a
023.md	491	KR2k0021_WYG_021-31b
023.md	499	KR2k0021_WYG_021-32a
023.md	507	KR2k0021_WYG_021-32b
023.md	515	KR2k0021_WYG_021-33a
023.md	523	KR2k0021_WYG_021-33b
023.md	531	KR2k0021_WYG_021-34a
023.md	539	KR2k0021_WYG_021-34b
023.md	547	KR2k0021_WYG_021-35a
023.md	555	KR2k0021_WYG_021-35b
023.md	563	KR2k0021_WYG_021-36a
023.md	571	KR2k0021_WYG_021-36b
023.md	579	KR2k0021_WYG_021-37a
023.md	587	KR2k0021_WYG_021-37b
023.md	595	KR2k0021_WYG_021-38a
023.md	603	KR2k0021_WYG_021-38b
023.md	611	KR2k0021_WYG_021-39a
023.md	619	KR2k0021_WYG_021-39b
023.md	627	KR2k0021_WYG_021-40a
023.md	635	KR2k0021_WYG_021-40b
023.md	643	KR2k0021_WYG_021-41a
023.md	651	KR2k0021_WYG_021-41b
023.md	659	KR2k0021_WYG_021-42a
023.md	667	KR2k0021_WYG_021-42b
023.md	675	KR2k0021_WYG_021-43a
023.md	683	KR2k0021_WYG_021-43b
023.md	691	KR2k0021_WYG_021-44a
023.md	699	KR2k0021_WYG_021-44b
023.md	707	KR2k0021_WYG_021-45a
023.md	715	KR2k0021_WYG_021-45b
023.md	723	KR2k0021_WYG_021-46a
023.md	731	KR2k0021_WYG_021-46b
023.md	739	KR2k0021_WYG_021-47a
023.md	747	KR2k0021_WYG_021-47b
023.md	755	KR2k0021_WYG_021-48a
023.md	763	KR2k0021_WYG_021-48b
023.md	771	KR2k0021_WYG_021-49a
023.md	779	KR2k0021_WYG_021-49b
024.md	3	KR2k0021_WYG_022-1a
024.md	11	KR2k0021_WYG_022-1b
024.md	19	KR2k0021_WYG_022-2a
024.md	27	KR2k0021_WYG_022-2b
024.md	35	KR2k0021_WYG_022-3a
024.md	43	KR2k0021_WYG_022-3b
024.md	51	KR2k0021_WYG_022-4a
024.md	59	KR2k0021_WYG_022-4b
024.md	67	KR2k0021_WYG_022-5a
024.md	75	KR2k0021_WYG_022-5b
024.md	83	KR2k0021_WYG_022-6a
024.md	91	KR2k0021_WYG_022-6b
024.md	99	KR2k0021_WYG_022-7a
024.md	107	KR2k0021_WYG_022-7b
024.md	115	KR2k0021_WYG_022-8a
024.md	123	KR2k0021_WYG_022-8b
024.md	131	KR2k0021_WYG_022-9a
024.md	139	KR2k0021_WYG_022-9b
024.md	147	KR2k0021_WYG_022-10a
024.md	155	KR2k0021_WYG_022-10b
024.md	163	KR2k0021_WYG_022-11a
024.md	171	KR2k0021_WYG_022-11b
024.md	179	KR2k0021_WYG_022-12a
024.md	187	KR2k0021_WYG_022-12b
024.md	195	KR2k0021_WYG_022-13a
024.md	203	KR2k0021_WYG_022-13b
024.md	211	KR2k0021_WYG_022-14a
024.md	219	KR2k0021_WYG_022-14b
024.md	227	KR2k0021_WYG_022-15a
024.md	235	KR2k0021_WYG_022-15b
024.md	243	KR2k0021_WYG_022-16a
024.md	251	KR2k0021_WYG_022-16b
024.md	259	KR2k0021_WYG_022-17a
024.md	267	KR2k0021_WYG_022-17b
024.md	275	KR2k0021_WYG_022-18a
024.md	283	KR2k0021_WYG_022-18b
024.md	291	KR2k0021_WYG_022-19a
024.md	299	KR2k0021_WYG_022-19b
024.md	307	KR2k0021_WYG_022-20a
024.md	315	KR2k0021_WYG_022-20b
024.md	323	KR2k0021_WYG_022-21a
024.md	331	KR2k0021_WYG_022-21b
024.md	339	KR2k0021_WYG_022-22a
024.md	347	KR2k0021_WYG_022-22b
024.md	355	KR2k0021_WYG_022-23a
024.md	363	KR2k0021_WYG_022-23b
024.md	371	KR2k0021_WYG_022-24a
024.md	379	KR2k0021_WYG_022-24b
024.md	387	KR2k0021_WYG_022-25a
024.md	395	KR2k0021_WYG_022-25b
024.md	403	KR2k0021_WYG_022-26a
024.md	411	KR2k0021_WYG_022-26b
024.md	419	KR2k0021_WYG_022-27a
024.md	427	KR2k0021_WYG_022-27b
024.md	435	KR2k0021_WYG_022-28a
024.md	443	KR2k0021_WYG_022-28b
024.md	451	KR2k0021_WYG_022-29a
024.md	459	KR2k0021_WYG_022-29b
024.md	467	KR2k0021_WYG_022-30a
024.md	475	KR2k0021_WYG_022-30b
024.md	483	KR2k0021_WYG_022-31a
024.md	491	KR2k0021_WYG_022-31b
024.md	499	KR2k0021_WYG_022-32a
024.md	507	KR2k0021_WYG_022-32b
024.md	515	KR2k0021_WYG_022-33a
024.md	523	KR2k0021_WYG_022-33b
024.md	531	KR2k0021_WYG_022-34a
024.md	539	KR2k0021_WYG_022-34b
024.md	547	KR2k0021_WYG_022-35a
024.md	555	KR2k0021_WYG_022-35b
024.md	563	KR2k0021_WYG_022-36a
024.md	571	KR2k0021_WYG_022-36b
024.md	579	KR2k0021_WYG_022-37a
024.md	587	KR2k0021_WYG_022-37b
024.md	595	KR2k0021_WYG_022-38a
024.md	603	KR2k0021_WYG_022-38b
024.md	611	KR2k0021_WYG_022-39a
024.md	619	KR2k0021_WYG_022-39b
024.md	627	KR2k0021_WYG_022-40a
024.md	635	KR2k0021_WYG_022-40b
024.md	643	KR2k0021_WYG_022-41a
024.md	651	KR2k0021_WYG_022-41b
024.md	659	KR2k0021_WYG_022-42a
024.md	667	KR2k0021_WYG_022-42b
024.md	675	KR2k0021_WYG_022-43a
024.md	683	KR2k0021_WYG_022-43b
024.md	691	KR2k0021_WYG_022-44a
024.md	699	KR2k0021_WYG_022-44b
024.md	707	KR2k0021_WYG_022-45a
024.md	715	KR2k0021_WYG_022-45b
024.md	723	KR2k0021_WYG_022-46a
024.md	731	KR2k0021_WYG_022-46b
024.md	739	KR2k0021_WYG_022-47a
024.md	747	KR2k0021_WYG_022-47b
024.md	755	KR2k0021_WYG_022-48a
024.md	763	KR2k0021_WYG_022-48b
024.md	771	KR2k0021_WYG_022-49a
024.md	779	KR2k0021_WYG_022-49b
024.md	787	KR2k0021_WYG_022-50a
024.md	795	KR2k0021_WYG_022-50b
024.md	803	KR2k0021_WYG_022-51a
024.md	811	KR2k0021_WYG_022-51b
024.md	819	KR2k0021_WYG_022-52a
024.md	827	KR2k0021_WYG_022-52b
025.md	3	KR2k0021_WYG_023-1a
025.md	11	KR2k0021_WYG_023-1b
025.md	19	KR2k0021_WYG_023-2a
025.md	27	KR2k0021_WYG_023-2b
025.md	35	KR2k0021_WYG_023-3a
025.md	43	KR2k0021_WYG_023-3b
025.md	51	KR2k0021_WYG_023-4a
025.md	59	KR2k0021_WYG_023-4b
025.md	67	KR2k0021_WYG_023-5a
025.md	75	KR2k0021_WYG_023-5b
025.md	83	KR2k0021_WYG_023-6a
025.md	91	KR2k0021_WYG_023-6b
025.md	99	KR2k0021_WYG_023-7a
025.md	107	KR2k0021_WYG_023-7b
025.md	115	KR2k0021_WYG_023-8a
025.md	123	KR2k0021_WYG_023-8b
025.md	131	KR2k0021_WYG_023-9a
025.md	139	KR2k0021_WYG_023-9b
025.md	147	KR2k0021_WYG_023-10a
025.md	155	KR2k0021_WYG_023-10b
025.md	163	KR2k0021_WYG_023-11a
025.md	171	KR2k0021_WYG_023-11b
025.md	179	KR2k0021_WYG_023-12a
025.md	187	KR2k0021_WYG_023-12b
025.md	195	KR2k0021_WYG_023-13a
025.md	203	KR2k0021_WYG_023-13b
025.md	211	KR2k0021_WYG_023-14a
025.md	219	KR2k0021_WYG_023-14b
025.md	227	KR2k0021_WYG_023-15a
025.md	235	KR2k0021_WYG_023-15b
025.md	243	KR2k0021_WYG_023-16a
025.md	251	KR2k0021_WYG_023-16b
025.md	259	KR2k0021_WYG_023-17a
025.md	267	KR2k0021_WYG_023-17b
025.md	275	KR2k0021_WYG_023-18a
025.md	283	KR2k0021_WYG_023-18b
025.md	291	KR2k0021_WYG_023-19a
025.md	299	KR2k0021_WYG_023-19b
025.md	307	KR2k0021_WYG_023-20a
025.md	315	KR2k0021_WYG_023-20b
025.md	323	KR2k0021_WYG_023-21a
025.md	331	KR2k0021_WYG_023-21b
025.md	339	KR2k0021_WYG_023-22a
025.md	347	KR2k0021_WYG_023-22b
025.md	355	KR2k0021_WYG_023-23a
025.md	363	KR2k0021_WYG_023-23b
025.md	371	KR2k0021_WYG_023-24a
025.md	379	KR2k0021_WYG_023-24b
025.md	387	KR2k0021_WYG_023-25a
025.md	395	KR2k0021_WYG_023-25b
025.md	403	KR2k0021_WYG_023-26a
025.md	411	KR2k0021_WYG_023-26b
025.md	419	KR2k0021_WYG_023-27a
025.md	427	KR2k0021_WYG_023-27b
025.md	435	KR2k0021_WYG_023-28a
025.md	443	KR2k0021_WYG_023-28b
025.md	451	KR2k0021_WYG_023-29a
025.md	459	KR2k0021_WYG_023-29b
025.md	467	KR2k0021_WYG_023-30a
025.md	475	KR2k0021_WYG_023-30b
025.md	483	KR2k0021_WYG_023-31a
025.md	491	KR2k0021_WYG_023-31b
025.md	499	KR2k0021_WYG_023-32a
025.md	507	KR2k0021_WYG_023-32b
025.md	515	KR2k0021_WYG_023-33a
025.md	523	KR2k0021_WYG_023-33b
025.md	531	KR2k0021_WYG_023-34a
025.md	539	KR2k0021_WYG_023-34b
025.md	547	KR2k0021_WYG_023-35a
025.md	555	KR2k0021_WYG_023-35b
025.md	563	KR2k0021_WYG_023-36a
025.md	571	KR2k0021_WYG_023-36b
025.md	579	KR2k0021_WYG_023-37a
025.md	587	KR2k0021_WYG_023-37b
025.md	595	KR2k0021_WYG_023-38a
025.md	603	KR2k0021_WYG_023-38b
025.md	611	KR2k0021_WYG_023-39a
025.md	619	KR2k0021_WYG_023-39b
025.md	627	KR2k0021_WYG_023-40a
025.md	635	KR2k0021_WYG_023-40b
025.md	643	KR2k0021_WYG_023-41a
025.md	651	KR2k0021_WYG_023-41b
025.md	659	KR2k0021_WYG_023-42a
025.md	667	KR2k0021_WYG_023-42b
025.md	675	KR2k0021_WYG_023-43a
025.md	683	KR2k0021_WYG_023-43b
026.md	3	KR2k0021_WYG_024-1a
026.md	11	KR2k0021_WYG_024-1b
026.md	19	KR2k0021_WYG_024-2a
026.md	27	KR2k0021_WYG_024-2b
026.md	35	KR2k0021_WYG_024-3a
026.md	43	KR2k0021_WYG_024-3b
026.md	51	KR2k0021_WYG_024-4a
026.md	59	KR2k0021_WYG_024-4b
026.md	67	KR2k0021_WYG_024-5a
026.md	75	KR2k0021_WYG_024-5b
026.md	83	KR2k0021_WYG_024-6a
026.md	91	KR2k0021_WYG_024-6b
026.md	99	KR2k0021_WYG_024-7a
026.md	107	KR2k0021_WYG_024-7b
026.md	115	KR2k0021_WYG_024-8a
026.md	123	KR2k0021_WYG_024-8b
026.md	131	KR2k0021_WYG_024-9a
026.md	139	KR2k0021_WYG_024-9b
026.md	147	KR2k0021_WYG_024-10a
026.md	155	KR2k0021_WYG_024-10b
026.md	163	KR2k0021_WYG_024-11a
026.md	171	KR2k0021_WYG_024-11b
026.md	179	KR2k0021_WYG_024-12a
026.md	187	KR2k0021_WYG_024-12b
026.md	195	KR2k0021_WYG_024-13a
026.md	203	KR2k0021_WYG_024-13b
026.md	211	KR2k0021_WYG_024-14a
026.md	219	KR2k0021_WYG_024-14b
026.md	227	KR2k0021_WYG_024-15a
026.md	235	KR2k0021_WYG_024-15b
026.md	243	KR2k0021_WYG_024-16a
026.md	251	KR2k0021_WYG_024-16b
026.md	259	KR2k0021_WYG_024-17a
026.md	267	KR2k0021_WYG_024-17b
026.md	275	KR2k0021_WYG_024-18a
026.md	283	KR2k0021_WYG_024-18b
026.md	291	KR2k0021_WYG_024-19a
026.md	299	KR2k0021_WYG_024-19b
026.md	307	KR2k0021_WYG_024-20a
026.md	315	KR2k0021_WYG_024-20b
026.md	323	KR2k0021_WYG_024-21a
026.md	331	KR2k0021_WYG_024-21b
026.md	339	KR2k0021_WYG_024-22a
026.md	347	KR2k0021_WYG_024-22b
026.md	355	KR2k0021_WYG_024-23a
026.md	363	KR2k0021_WYG_024-23b
026.md	371	KR2k0021_WYG_024-24a
026.md	379	KR2k0021_WYG_024-24b
026.md	387	KR2k0021_WYG_024-25a
026.md	395	KR2k0021_WYG_024-25b
026.md	403	KR2k0021_WYG_024-26a
026.md	411	KR2k0021_WYG_024-26b
026.md	419	KR2k0021_WYG_024-27a
026.md	427	KR2k0021_WYG_024-27b
026.md	435	KR2k0021_WYG_024-28a
026.md	443	KR2k0021_WYG_024-28b
026.md	451	KR2k0021_WYG_024-29a
026.md	459	KR2k0021_WYG_024-29b
026.md	467	KR2k0021_WYG_024-30a
026.md	475	KR2k0021_WYG_024-30b
026.md	483	KR2k0021_WYG_024-31a
026.md	491	KR2k0021_WYG_024-31b
026.md	499	KR2k0021_WYG_024-32a
026.md	507	KR2k0021_WYG_024-32b
027.md	3	KR2k0021_WYG_025-1a
027.md	11	KR2k0021_WYG_025-2a
027.md	12	KR2k0021_WYG_025-3a
027.md	13	KR2k0021_WYG_025-4a
027.md	21	KR2k0021_WYG_025-4b
027.md	29	KR2k0021_WYG_025-5a
027.md	37	KR2k0021_WYG_025-5b
027.md	45	KR2k0021_WYG_025-6a
027.md	53	KR2k0021_WYG_025-6b
027.md	61	KR2k0021_WYG_025-7a
027.md	69	KR2k0021_WYG_025-7b
027.md	77	KR2k0021_WYG_025-8a
027.md	85	KR2k0021_WYG_025-8b
027.md	93	KR2k0021_WYG_025-9a
027.md	101	KR2k0021_WYG_025-9b
027.md	109	KR2k0021_WYG_025-10a
027.md	117	KR2k0021_WYG_025-10b
027.md	125	KR2k0021_WYG_025-11a
027.md	133	KR2k0021_WYG_025-11b
027.md	141	KR2k0021_WYG_025-12a
027.md	149	KR2k0021_WYG_025-12b
027.md	157	KR2k0021_WYG_025-13a
027.md	165	KR2k0021_WYG_025-13b
027.md	173	KR2k0021_WYG_025-14a
027.md	181	KR2k0021_WYG_025-14b
027.md	189	KR2k0021_WYG_025-15a
027.md	197	KR2k0021_WYG_025-15b
027.md	205	KR2k0021_WYG_025-16a
027.md	213	KR2k0021_WYG_025-16b
027.md	221	KR2k0021_WYG_025-17a
027.md	229	KR2k0021_WYG_025-17b
027.md	237	KR2k0021_WYG_025-18a
027.md	245	KR2k0021_WYG_025-18b
027.md	253	KR2k0021_WYG_025-19a
027.md	261	KR2k0021_WYG_025-19b
027.md	269	KR2k0021_WYG_025-20a
027.md	277	KR2k0021_WYG_025-20b
027.md	285	KR2k0021_WYG_025-21a
027.md	293	KR2k0021_WYG_025-21b
027.md	301	KR2k0021_WYG_025-22a
027.md	309	KR2k0021_WYG_025-22b
027.md	317	KR2k0021_WYG_025-23a
027.md	325	KR2k0021_WYG_025-23b
027.md	333	KR2k0021_WYG_025-24a
027.md	341	KR2k0021_WYG_025-24b
027.md	349	KR2k0021_WYG_025-25a
027.md	357	KR2k0021_WYG_025-25b
027.md	365	KR2k0021_WYG_025-26a
027.md	373	KR2k0021_WYG_025-26b
027.md	381	KR2k0021_WYG_025-27a
027.md	389	KR2k0021_WYG_025-27b
027.md	397	KR2k0021_WYG_025-28a
027.md	405	KR2k0021_WYG_025-28b
027.md	413	KR2k0021_WYG_025-29a
027.md	421	KR2k0021_WYG_025-29b
027.md	429	KR2k0021_WYG_025-30a
027.md	437	KR2k0021_WYG_025-30b
027.md	445	KR2k0021_WYG_025-31a
027.md	453	KR2k0021_WYG_025-31b
027.md	461	KR2k0021_WYG_025-32a
027.md	469	KR2k0021_WYG_025-32b
027.md	477	KR2k0021_WYG_025-33a
027.md	485	KR2k0021_WYG_025-33b
027.md	493	KR2k0021_WYG_025-34a
027.md	494	KR2k0021_WYG_025-35a
027.md	495	KR2k0021_WYG_025-36a
027.md	496	KR2k0021_WYG_025-37a
027.md	504	KR2k0021_WYG_025-37b
027.md	512	KR2k0021_WYG_025-38a
027.md	520	KR2k0021_WYG_025-38b
027.md	528	KR2k0021_WYG_025-39a
027.md	536	KR2k0021_WYG_025-39b
027.md	544	KR2k0021_WYG_025-40a
027.md	552	KR2k0021_WYG_025-40b
027.md	560	KR2k0021_WYG_025-41a
027.md	568	KR2k0021_WYG_025-41b
027.md	576	KR2k0021_WYG_025-42a
027.md	584	KR2k0021_WYG_025-42b
027.md	592	KR2k0021_WYG_025-43a
027.md	600	KR2k0021_WYG_025-43b
027.md	608	KR2k0021_WYG_025-44a
027.md	616	KR2k0021_WYG_025-44b
027.md	620	KR2k0021_WYG_025-45a
027.md	621	KR2k0021_WYG_025-46a
027.md	622	KR2k0021_WYG_025-47a
027.md	623	KR2k0021_WYG_025-48a
027.md	624	KR2k0021_WYG_025-49a
027.md	625	KR2k0021_WYG_025-50a
027.md	633	KR2k0021_WYG_025-50b
027.md	641	KR2k0021_WYG_025-51a
027.md	649	KR2k0021_WYG_025-51b
027.md	657	KR2k0021_WYG_025-52a
027.md	665	KR2k0021_WYG_025-52b
028.md	3	KR2k0021_WYG_026-1a
028.md	11	KR2k0021_WYG_026-1b
028.md	19	KR2k0021_WYG_026-2a
028.md	27	KR2k0021_WYG_026-2b
028.md	35	KR2k0021_WYG_026-3a
028.md	43	KR2k0021_WYG_026-3b
028.md	51	KR2k0021_WYG_026-4a
028.md	59	KR2k0021_WYG_026-4b
028.md	67	KR2k0021_WYG_026-5a
028.md	75	KR2k0021_WYG_026-5b
028.md	83	KR2k0021_WYG_026-6a
028.md	91	KR2k0021_WYG_026-6b
028.md	99	KR2k0021_WYG_026-7a
028.md	107	KR2k0021_WYG_026-7b
028.md	115	KR2k0021_WYG_026-8a
028.md	123	KR2k0021_WYG_026-8b
028.md	131	KR2k0021_WYG_026-9a
028.md	139	KR2k0021_WYG_026-9b
028.md	147	KR2k0021_WYG_026-10a
028.md	155	KR2k0021_WYG_026-10b
028.md	163	KR2k0021_WYG_026-11a
028.md	171	KR2k0021_WYG_026-11b
028.md	179	KR2k0021_WYG_026-12a
028.md	187	KR2k0021_WYG_026-12b
028.md	195	KR2k0021_WYG_026-13a
028.md	203	KR2k0021_WYG_026-13b
028.md	211	KR2k0021_WYG_026-14a
028.md	219	KR2k0021_WYG_026-14b
028.md	227	KR2k0021_WYG_026-15a
028.md	235	KR2k0021_WYG_026-15b
028.md	243	KR2k0021_WYG_026-16a
028.md	251	KR2k0021_WYG_026-16b
028.md	259	KR2k0021_WYG_026-17a
028.md	267	KR2k0021_WYG_026-17b
028.md	275	KR2k0021_WYG_026-18a
028.md	283	KR2k0021_WYG_026-18b
028.md	291	KR2k0021_WYG_026-19a
028.md	299	KR2k0021_WYG_026-19b
028.md	307	KR2k0021_WYG_026-20a
028.md	315	KR2k0021_WYG_026-20b
028.md	323	KR2k0021_WYG_026-21a
028.md	331	KR2k0021_WYG_026-21b
028.md	339	KR2k0021_WYG_026-22a
028.md	347	KR2k0021_WYG_026-22b
028.md	355	KR2k0021_WYG_026-23a
028.md	363	KR2k0021_WYG_026-23b
028.md	371	KR2k0021_WYG_026-24a
028.md	379	KR2k0021_WYG_026-24b
028.md	387	KR2k0021_WYG_026-25a
028.md	395	KR2k0021_WYG_026-25b
028.md	403	KR2k0021_WYG_026-26a
028.md	411	KR2k0021_WYG_026-26b
028.md	419	KR2k0021_WYG_026-27a
028.md	427	KR2k0021_WYG_026-27b
028.md	435	KR2k0021_WYG_026-28a
028.md	443	KR2k0021_WYG_026-28b
028.md	451	KR2k0021_WYG_026-29a
028.md	459	KR2k0021_WYG_026-29b
028.md	467	KR2k0021_WYG_026-30a
028.md	475	KR2k0021_WYG_026-30b
028.md	483	KR2k0021_WYG_026-31a
028.md	491	KR2k0021_WYG_026-31b
028.md	499	KR2k0021_WYG_026-32a
028.md	507	KR2k0021_WYG_026-32b
028.md	515	KR2k0021_WYG_026-33a
028.md	523	KR2k0021_WYG_026-33b
028.md	531	KR2k0021_WYG_026-34a
028.md	539	KR2k0021_WYG_026-34b
028.md	547	KR2k0021_WYG_026-35a
028.md	555	KR2k0021_WYG_026-35b
028.md	563	KR2k0021_WYG_026-36a
028.md	571	KR2k0021_WYG_026-36b
028.md	579	KR2k0021_WYG_026-37a
028.md	587	KR2k0021_WYG_026-37b
028.md	595	KR2k0021_WYG_026-38a
028.md	603	KR2k0021_WYG_026-38b
028.md	611	KR2k0021_WYG_026-39a
028.md	619	KR2k0021_WYG_026-39b
028.md	627	KR2k0021_WYG_026-40a
028.md	635	KR2k0021_WYG_026-40b
028.md	643	KR2k0021_WYG_026-41a
028.md	651	KR2k0021_WYG_026-41b
028.md	659	KR2k0021_WYG_026-42a
028.md	667	KR2k0021_WYG_026-42b
028.md	675	KR2k0021_WYG_026-43a
028.md	683	KR2k0021_WYG_026-43b
028.md	691	KR2k0021_WYG_026-44a
028.md	699	KR2k0021_WYG_026-44b
028.md	707	KR2k0021_WYG_026-45a
028.md	715	KR2k0021_WYG_026-45b
028.md	723	KR2k0021_WYG_026-46a
028.md	731	KR2k0021_WYG_026-46b
028.md	739	KR2k0021_WYG_026-47a
028.md	747	KR2k0021_WYG_026-47b
028.md	755	KR2k0021_WYG_026-48a
028.md	763	KR2k0021_WYG_026-48b
028.md	771	KR2k0021_WYG_026-49a
028.md	779	KR2k0021_WYG_026-49b
028.md	787	KR2k0021_WYG_026-50a
028.md	795	KR2k0021_WYG_026-50b
028.md	803	KR2k0021_WYG_026-51a
028.md	811	KR2k0021_WYG_026-51b
028.md	819	KR2k0021_WYG_026-52a
028.md	827	KR2k0021_WYG_026-52b
028.md	835	KR2k0021_WYG_026-53a
028.md	843	KR2k0021_WYG_026-53b
028.md	851	KR2k0021_WYG_026-54a
028.md	859	KR2k0021_WYG_026-54b
028.md	867	KR2k0021_WYG_026-55a
028.md	875	KR2k0021_WYG_026-55b
028.md	883	KR2k0021_WYG_026-56a
028.md	891	KR2k0021_WYG_026-56b
028.md	899	KR2k0021_WYG_026-57a
028.md	907	KR2k0021_WYG_026-57b
028.md	915	KR2k0021_WYG_026-58a
028.md	923	KR2k0021_WYG_026-58b
028.md	931	KR2k0021_WYG_026-59a
028.md	939	KR2k0021_WYG_026-59b
028.md	947	KR2k0021_WYG_026-60a
028.md	955	KR2k0021_WYG_026-60b
028.md	963	KR2k0021_WYG_026-61a
028.md	971	KR2k0021_WYG_026-61b
028.md	979	KR2k0021_WYG_026-62a
028.md	987	KR2k0021_WYG_026-62b
028.md	995	KR2k0021_WYG_026-63a
028.md	1003	KR2k0021_WYG_026-63b
028.md	1011	KR2k0021_WYG_026-64a
028.md	1019	KR2k0021_WYG_026-64b
028.md	1027	KR2k0021_WYG_026-65a
028.md	1035	KR2k0021_WYG_026-65b
029.md	3	KR2k0021_WYG_027-1a
029.md	11	KR2k0021_WYG_027-1b
029.md	19	KR2k0021_WYG_027-2a
029.md	27	KR2k0021_WYG_027-2b
029.md	35	KR2k0021_WYG_027-3a
029.md	43	KR2k0021_WYG_027-3b
029.md	51	KR2k0021_WYG_027-4a
029.md	59	KR2k0021_WYG_027-4b
029.md	67	KR2k0021_WYG_027-5a
029.md	75	KR2k0021_WYG_027-5b
029.md	83	KR2k0021_WYG_027-6a
029.md	91	KR2k0021_WYG_027-6b
029.md	99	KR2k0021_WYG_027-7a
029.md	107	KR2k0021_WYG_027-7b
029.md	115	KR2k0021_WYG_027-8a
029.md	123	KR2k0021_WYG_027-8b
029.md	131	KR2k0021_WYG_027-9a
029.md	139	KR2k0021_WYG_027-9b
029.md	147	KR2k0021_WYG_027-10a
029.md	155	KR2k0021_WYG_027-10b
029.md	163	KR2k0021_WYG_027-11a
029.md	171	KR2k0021_WYG_027-11b
029.md	179	KR2k0021_WYG_027-12a
029.md	187	KR2k0021_WYG_027-12b
029.md	195	KR2k0021_WYG_027-13a
029.md	203	KR2k0021_WYG_027-13b
029.md	211	KR2k0021_WYG_027-14a
029.md	219	KR2k0021_WYG_027-14b
029.md	227	KR2k0021_WYG_027-15a
029.md	235	KR2k0021_WYG_027-15b
029.md	243	KR2k0021_WYG_027-16a
029.md	251	KR2k0021_WYG_027-16b
029.md	259	KR2k0021_WYG_027-17a
029.md	267	KR2k0021_WYG_027-17b
029.md	275	KR2k0021_WYG_027-18a
029.md	283	KR2k0021_WYG_027-18b
029.md	291	KR2k0021_WYG_027-19a
029.md	299	KR2k0021_WYG_027-19b
029.md	307	KR2k0021_WYG_027-20a
029.md	315	KR2k0021_WYG_027-20b
029.md	323	KR2k0021_WYG_027-21a
029.md	331	KR2k0021_WYG_027-21b
029.md	339	KR2k0021_WYG_027-22a
029.md	347	KR2k0021_WYG_027-22b
029.md	355	KR2k0021_WYG_027-23a
029.md	363	KR2k0021_WYG_027-23b
029.md	371	KR2k0021_WYG_027-24a
029.md	379	KR2k0021_WYG_027-24b
029.md	387	KR2k0021_WYG_027-25a
029.md	395	KR2k0021_WYG_027-25b
029.md	403	KR2k0021_WYG_027-26a
029.md	411	KR2k0021_WYG_027-26b
029.md	419	KR2k0021_WYG_027-27a
029.md	427	KR2k0021_WYG_027-27b
029.md	435	KR2k0021_WYG_027-28a
029.md	443	KR2k0021_WYG_027-28b
029.md	451	KR2k0021_WYG_027-29a
029.md	459	KR2k0021_WYG_027-29b
029.md	467	KR2k0021_WYG_027-30a
029.md	475	KR2k0021_WYG_027-30b
029.md	483	KR2k0021_WYG_027-31a
029.md	491	KR2k0021_WYG_027-31b
029.md	499	KR2k0021_WYG_027-32a
029.md	507	KR2k0021_WYG_027-32b
029.md	515	KR2k0021_WYG_027-33a
029.md	523	KR2k0021_WYG_027-33b
029.md	531	KR2k0021_WYG_027-34a
029.md	539	KR2k0021_WYG_027-34b
029.md	547	KR2k0021_WYG_027-35a
029.md	555	KR2k0021_WYG_027-35b
029.md	563	KR2k0021_WYG_027-36a
029.md	571	KR2k0021_WYG_027-36b
030.md	3	KR2k0021_WYG_028-1a
030.md	11	KR2k0021_WYG_028-1b
030.md	19	KR2k0021_WYG_028-2a
030.md	27	KR2k0021_WYG_028-2b
030.md	35	KR2k0021_WYG_028-3a
030.md	43	KR2k0021_WYG_028-3b
030.md	51	KR2k0021_WYG_028-4a
030.md	59	KR2k0021_WYG_028-4b
030.md	67	KR2k0021_WYG_028-5a
030.md	75	KR2k0021_WYG_028-5b
030.md	83	KR2k0021_WYG_028-6a
030.md	91	KR2k0021_WYG_028-6b
030.md	99	KR2k0021_WYG_028-7a
030.md	107	KR2k0021_WYG_028-7b
030.md	115	KR2k0021_WYG_028-8a
030.md	123	KR2k0021_WYG_028-8b
030.md	131	KR2k0021_WYG_028-9a
030.md	139	KR2k0021_WYG_028-9b
030.md	147	KR2k0021_WYG_028-10a
030.md	155	KR2k0021_WYG_028-10b
030.md	163	KR2k0021_WYG_028-11a
030.md	171	KR2k0021_WYG_028-11b
030.md	179	KR2k0021_WYG_028-12a
030.md	187	KR2k0021_WYG_028-12b
030.md	195	KR2k0021_WYG_028-13a
030.md	203	KR2k0021_WYG_028-13b
030.md	211	KR2k0021_WYG_028-14a
030.md	219	KR2k0021_WYG_028-14b
030.md	227	KR2k0021_WYG_028-15a
030.md	235	KR2k0021_WYG_028-15b
030.md	243	KR2k0021_WYG_028-16a
030.md	251	KR2k0021_WYG_028-16b
030.md	259	KR2k0021_WYG_028-17a
030.md	267	KR2k0021_WYG_028-17b
030.md	275	KR2k0021_WYG_028-18a
030.md	283	KR2k0021_WYG_028-18b
030.md	291	KR2k0021_WYG_028-19a
030.md	299	KR2k0021_WYG_028-19b
030.md	307	KR2k0021_WYG_028-20a
030.md	315	KR2k0021_WYG_028-20b
030.md	323	KR2k0021_WYG_028-21a
030.md	331	KR2k0021_WYG_028-21b
030.md	339	KR2k0021_WYG_028-22a
030.md	347	KR2k0021_WYG_028-22b
030.md	355	KR2k0021_WYG_028-23a
030.md	363	KR2k0021_WYG_028-23b
030.md	371	KR2k0021_WYG_028-24a
030.md	379	KR2k0021_WYG_028-24b
030.md	387	KR2k0021_WYG_028-25a
030.md	395	KR2k0021_WYG_028-25b
030.md	403	KR2k0021_WYG_028-26a
030.md	411	KR2k0021_WYG_028-26b
030.md	419	KR2k0021_WYG_028-27a
030.md	427	KR2k0021_WYG_028-27b
030.md	435	KR2k0021_WYG_028-28a
030.md	443	KR2k0021_WYG_028-28b
030.md	451	KR2k0021_WYG_028-29a
030.md	459	KR2k0021_WYG_028-29b
031.md	3	KR2k0021_WYG_029-1a
031.md	11	KR2k0021_WYG_029-1b
031.md	19	KR2k0021_WYG_029-2a
031.md	27	KR2k0021_WYG_029-2b
031.md	35	KR2k0021_WYG_029-3a
031.md	43	KR2k0021_WYG_029-3b
031.md	51	KR2k0021_WYG_029-4a
031.md	59	KR2k0021_WYG_029-4b
031.md	67	KR2k0021_WYG_029-5a
031.md	75	KR2k0021_WYG_029-5b
031.md	83	KR2k0021_WYG_029-6a
031.md	91	KR2k0021_WYG_029-6b
031.md	99	KR2k0021_WYG_029-7a
031.md	107	KR2k0021_WYG_029-7b
031.md	115	KR2k0021_WYG_029-8a
031.md	123	KR2k0021_WYG_029-8b
031.md	131	KR2k0021_WYG_029-9a
031.md	139	KR2k0021_WYG_029-9b
031.md	147	KR2k0021_WYG_029-10a
031.md	155	KR2k0021_WYG_029-10b
031.md	163	KR2k0021_WYG_029-11a
031.md	171	KR2k0021_WYG_029-11b
031.md	179	KR2k0021_WYG_029-12a
031.md	187	KR2k0021_WYG_029-12b
031.md	195	KR2k0021_WYG_029-13a
031.md	203	KR2k0021_WYG_029-13b
031.md	211	KR2k0021_WYG_029-14a
031.md	219	KR2k0021_WYG_029-14b
031.md	227	KR2k0021_WYG_029-15a
031.md	235	KR2k0021_WYG_029-15b
031.md	243	KR2k0021_WYG_029-16a
031.md	251	KR2k0021_WYG_029-16b
031.md	259	KR2k0021_WYG_029-17a
031.md	267	KR2k0021_WYG_029-17b
031.md	275	KR2k0021_WYG_029-18a
031.md	283	KR2k0021_WYG_029-18b
031.md	291	KR2k0021_WYG_029-19a
031.md	299	KR2k0021_WYG_029-19b
031.md	307	KR2k0021_WYG_029-20a
031.md	315	KR2k0021_WYG_029-20b
031.md	323	KR2k0021_WYG_029-21a
031.md	331	KR2k0021_WYG_029-21b
031.md	339	KR2k0021_WYG_029-22a
031.md	347	KR2k0021_WYG_029-22b
031.md	355	KR2k0021_WYG_029-23a
031.md	363	KR2k0021_WYG_029-23b
031.md	371	KR2k0021_WYG_029-24a
031.md	379	KR2k0021_WYG_029-24b
031.md	387	KR2k0021_WYG_029-25a
031.md	395	KR2k0021_WYG_029-25b
031.md	403	KR2k0021_WYG_029-26a
031.md	411	KR2k0021_WYG_029-26b
031.md	419	KR2k0021_WYG_029-27a
031.md	427	KR2k0021_WYG_029-27b
031.md	435	KR2k0021_WYG_029-28a
031.md	443	KR2k0021_WYG_029-28b
031.md	451	KR2k0021_WYG_029-29a
031.md	459	KR2k0021_WYG_029-29b
031.md	467	KR2k0021_WYG_029-30a
031.md	475	KR2k0021_WYG_029-30b
031.md	483	KR2k0021_WYG_029-31a
031.md	491	KR2k0021_WYG_029-31b
031.md	499	KR2k0021_WYG_029-32a
031.md	507	KR2k0021_WYG_029-32b
031.md	515	KR2k0021_WYG_029-33a
031.md	523	KR2k0021_WYG_029-33b
031.md	531	KR2k0021_WYG_029-34a
031.md	539	KR2k0021_WYG_029-34b
031.md	547	KR2k0021_WYG_029-35a
031.md	555	KR2k0021_WYG_029-35b
031.md	563	KR2k0021_WYG_029-36a
031.md	571	KR2k0021_WYG_029-36b
031.md	579	KR2k0021_WYG_029-37a
031.md	587	KR2k0021_WYG_029-37b
031.md	595	KR2k0021_WYG_029-38a
031.md	603	KR2k0021_WYG_029-38b
031.md	611	KR2k0021_WYG_029-39a
031.md	619	KR2k0021_WYG_029-39b
031.md	627	KR2k0021_WYG_029-40a
031.md	635	KR2k0021_WYG_029-40b
031.md	643	KR2k0021_WYG_029-41a
031.md	651	KR2k0021_WYG_029-41b
031.md	659	KR2k0021_WYG_029-42a
031.md	667	KR2k0021_WYG_029-42b
031.md	675	KR2k0021_WYG_029-43a
031.md	683	KR2k0021_WYG_029-43b
031.md	691	KR2k0021_WYG_029-44a
031.md	699	KR2k0021_WYG_029-44b
032.md	3	KR2k0021_WYG_030-1a
032.md	11	KR2k0021_WYG_030-1b
032.md	19	KR2k0021_WYG_030-2a
032.md	27	KR2k0021_WYG_030-2b
032.md	35	KR2k0021_WYG_030-3a
032.md	43	KR2k0021_WYG_030-3b
032.md	51	KR2k0021_WYG_030-4a
032.md	59	KR2k0021_WYG_030-4b
032.md	67	KR2k0021_WYG_030-5a
032.md	75	KR2k0021_WYG_030-5b
032.md	83	KR2k0021_WYG_030-6a
032.md	91	KR2k0021_WYG_030-6b
032.md	99	KR2k0021_WYG_030-7a
032.md	107	KR2k0021_WYG_030-7b
032.md	115	KR2k0021_WYG_030-8a
032.md	123	KR2k0021_WYG_030-8b
032.md	131	KR2k0021_WYG_030-9a
032.md	139	KR2k0021_WYG_030-9b
032.md	147	KR2k0021_WYG_030-10a
032.md	155	KR2k0021_WYG_030-10b
032.md	163	KR2k0021_WYG_030-11a
032.md	171	KR2k0021_WYG_030-11b
032.md	179	KR2k0021_WYG_030-12a
032.md	187	KR2k0021_WYG_030-12b
032.md	195	KR2k0021_WYG_030-13a
032.md	203	KR2k0021_WYG_030-13b
032.md	211	KR2k0021_WYG_030-14a
032.md	219	KR2k0021_WYG_030-14b
032.md	227	KR2k0021_WYG_030-15a
032.md	235	KR2k0021_WYG_030-15b
032.md	243	KR2k0021_WYG_030-16a
032.md	251	KR2k0021_WYG_030-16b
032.md	259	KR2k0021_WYG_030-17a
032.md	267	KR2k0021_WYG_030-17b
032.md	275	KR2k0021_WYG_030-18a
032.md	283	KR2k0021_WYG_030-18b
032.md	291	KR2k0021_WYG_030-19a
032.md	299	KR2k0021_WYG_030-19b
032.md	307	KR2k0021_WYG_030-20a
032.md	315	KR2k0021_WYG_030-20b
032.md	323	KR2k0021_WYG_030-21a
032.md	331	KR2k0021_WYG_030-21b
032.md	339	KR2k0021_WYG_030-22a
032.md	347	KR2k0021_WYG_030-22b
032.md	355	KR2k0021_WYG_030-23a
032.md	363	KR2k0021_WYG_030-23b
032.md	371	KR2k0021_WYG_030-24a
032.md	379	KR2k0021_WYG_030-24b
032.md	387	KR2k0021_WYG_030-25a
032.md	395	KR2k0021_WYG_030-25b
032.md	403	KR2k0021_WYG_030-26a
032.md	411	KR2k0021_WYG_030-26b
032.md	419	KR2k0021_WYG_030-27a
032.md	427	KR2k0021_WYG_030-27b
032.md	435	KR2k0021_WYG_030-28a
032.md	443	KR2k0021_WYG_030-28b
033.md	3	KR2k0021_WYG_031-1a
033.md	11	KR2k0021_WYG_031-1b
033.md	19	KR2k0021_WYG_031-2a
033.md	27	KR2k0021_WYG_031-2b
033.md	35	KR2k0021_WYG_031-3a
033.md	43	KR2k0021_WYG_031-3b
033.md	51	KR2k0021_WYG_031-4a
033.md	59	KR2k0021_WYG_031-4b
033.md	67	KR2k0021_WYG_031-5a
033.md	75	KR2k0021_WYG_031-5b
033.md	83	KR2k0021_WYG_031-6a
033.md	91	KR2k0021_WYG_031-6b
033.md	99	KR2k0021_WYG_031-7a
033.md	107	KR2k0021_WYG_031-7b
033.md	115	KR2k0021_WYG_031-8a
033.md	123	KR2k0021_WYG_031-8b
033.md	131	KR2k0021_WYG_031-9a
033.md	139	KR2k0021_WYG_031-9b
033.md	147	KR2k0021_WYG_031-10a
033.md	155	KR2k0021_WYG_031-10b
033.md	163	KR2k0021_WYG_031-11a
033.md	171	KR2k0021_WYG_031-11b
033.md	179	KR2k0021_WYG_031-12a
033.md	187	KR2k0021_WYG_031-12b
033.md	195	KR2k0021_WYG_031-13a
033.md	203	KR2k0021_WYG_031-13b
033.md	211	KR2k0021_WYG_031-14a
033.md	219	KR2k0021_WYG_031-14b
033.md	227	KR2k0021_WYG_031-15a
033.md	235	KR2k0021_WYG_031-15b
033.md	243	KR2k0021_WYG_031-16a
033.md	251	KR2k0021_WYG_031-16b
033.md	259	KR2k0021_WYG_031-17a
033.md	267	KR2k0021_WYG_031-17b
033.md	275	KR2k0021_WYG_031-18a
033.md	283	KR2k0021_WYG_031-18b
033.md	291	KR2k0021_WYG_031-19a
033.md	299	KR2k0021_WYG_031-19b
033.md	307	KR2k0021_WYG_031-20a
033.md	315	KR2k0021_WYG_031-20b
033.md	323	KR2k0021_WYG_031-21a
033.md	331	KR2k0021_WYG_031-21b
033.md	339	KR2k0021_WYG_031-22a
033.md	347	KR2k0021_WYG_031-22b
033.md	355	KR2k0021_WYG_031-23a
033.md	363	KR2k0021_WYG_031-23b
033.md	371	KR2k0021_WYG_031-24a
033.md	379	KR2k0021_WYG_031-24b
033.md	387	KR2k0021_WYG_031-25a
033.md	395	KR2k0021_WYG_031-25b
033.md	403	KR2k0021_WYG_031-26a
033.md	411	KR2k0021_WYG_031-26b
033.md	419	KR2k0021_WYG_031-27a
033.md	427	KR2k0021_WYG_031-27b
033.md	435	KR2k0021_WYG_031-28a
033.md	443	KR2k0021_WYG_031-28b
033.md	451	KR2k0021_WYG_031-29a
033.md	459	KR2k0021_WYG_031-29b
033.md	467	KR2k0021_WYG_031-30a
033.md	475	KR2k0021_WYG_031-30b
033.md	483	KR2k0021_WYG_031-31a
033.md	491	KR2k0021_WYG_031-31b
033.md	499	KR2k0021_WYG_031-32a
033.md	507	KR2k0021_WYG_031-32b
033.md	515	KR2k0021_WYG_031-33a
033.md	523	KR2k0021_WYG_031-33b
033.md	531	KR2k0021_WYG_031-34a
033.md	539	KR2k0021_WYG_031-34b
033.md	547	KR2k0021_WYG_031-35a
033.md	555	KR2k0021_WYG_031-35b
033.md	563	KR2k0021_WYG_031-36a
033.md	571	KR2k0021_WYG_031-36b
033.md	579	KR2k0021_WYG_031-37a
033.md	587	KR2k0021_WYG_031-37b
033.md	595	KR2k0021_WYG_031-38a
033.md	603	KR2k0021_WYG_031-38b
033.md	611	KR2k0021_WYG_031-39a
033.md	619	KR2k0021_WYG_031-39b
033.md	627	KR2k0021_WYG_031-40a
033.md	635	KR2k0021_WYG_031-40b
033.md	643	KR2k0021_WYG_031-41a
033.md	651	KR2k0021_WYG_031-41b
033.md	659	KR2k0021_WYG_031-42a
033.md	667	KR2k0021_WYG_031-42b
033.md	675	KR2k0021_WYG_031-43a
033.md	683	KR2k0021_WYG_031-43b
033.md	691	KR2k0021_WYG_031-44a
033.md	699	KR2k0021_WYG_031-44b
033.md	707	KR2k0021_WYG_031-45a
033.md	715	KR2k0021_WYG_031-45b
033.md	723	KR2k0021_WYG_031-46a
033.md	731	KR2k0021_WYG_031-46b
033.md	739	KR2k0021_WYG_031-47a
033.md	747	KR2k0021_WYG_031-47b
033.md	755	KR2k0021_WYG_031-48a
033.md	763	KR2k0021_WYG_031-48b
033.md	771	KR2k0021_WYG_031-49a
033.md	779	KR2k0021_WYG_031-49b
033.md	787	KR2k0021_WYG_031-50a
033.md	795	KR2k0021_WYG_031-50b
033.md	803	KR2k0021_WYG_031-51a
033.md	811	KR2k0021_WYG_031-51b
033.md	819	KR2k0021_WYG_031-52a
033.md	827	KR2k0021_WYG_031-52b
033.md	835	KR2k0021_WYG_031-53a
033.md	843	KR2k0021_WYG_031-53b
033.md	851	KR2k0021_WYG_031-54a
033.md	859	KR2k0021_WYG_031-54b
033.md	867	KR2k0021_WYG_031-55a
033.md	875	KR2k0021_WYG_031-55b
034.md	3	KR2k0021_WYG_032-1a
034.md	11	KR2k0021_WYG_032-1b
034.md	19	KR2k0021_WYG_032-2a
034.md	27	KR2k0021_WYG_032-2b
034.md	35	KR2k0021_WYG_032-3a
034.md	43	KR2k0021_WYG_032-3b
034.md	51	KR2k0021_WYG_032-4a
034.md	59	KR2k0021_WYG_032-4b
034.md	67	KR2k0021_WYG_032-5a
034.md	75	KR2k0021_WYG_032-5b
034.md	83	KR2k0021_WYG_032-6a
034.md	91	KR2k0021_WYG_032-6b
034.md	99	KR2k0021_WYG_032-7a
034.md	107	KR2k0021_WYG_032-7b
034.md	115	KR2k0021_WYG_032-8a
034.md	123	KR2k0021_WYG_032-8b
034.md	131	KR2k0021_WYG_032-9a
034.md	139	KR2k0021_WYG_032-9b
034.md	147	KR2k0021_WYG_032-10a
034.md	155	KR2k0021_WYG_032-10b
034.md	163	KR2k0021_WYG_032-11a
034.md	171	KR2k0021_WYG_032-11b
034.md	179	KR2k0021_WYG_032-12a
034.md	187	KR2k0021_WYG_032-12b
034.md	195	KR2k0021_WYG_032-13a
034.md	203	KR2k0021_WYG_032-13b
034.md	211	KR2k0021_WYG_032-14a
034.md	219	KR2k0021_WYG_032-14b
034.md	227	KR2k0021_WYG_032-15a
034.md	235	KR2k0021_WYG_032-15b
034.md	243	KR2k0021_WYG_032-16a
034.md	251	KR2k0021_WYG_032-16b
034.md	259	KR2k0021_WYG_032-17a
034.md	267	KR2k0021_WYG_032-17b
034.md	275	KR2k0021_WYG_032-18a
034.md	283	KR2k0021_WYG_032-18b
034.md	291	KR2k0021_WYG_032-19a
034.md	299	KR2k0021_WYG_032-19b
034.md	307	KR2k0021_WYG_032-20a
034.md	315	KR2k0021_WYG_032-20b
034.md	323	KR2k0021_WYG_032-21a
034.md	331	KR2k0021_WYG_032-21b
035.md	3	KR2k0021_WYG_033-1a
035.md	11	KR2k0021_WYG_033-1b
035.md	19	KR2k0021_WYG_033-2a
035.md	27	KR2k0021_WYG_033-2b
035.md	35	KR2k0021_WYG_033-3a
035.md	43	KR2k0021_WYG_033-3b
035.md	51	KR2k0021_WYG_033-4a
035.md	59	KR2k0021_WYG_033-4b
035.md	67	KR2k0021_WYG_033-5a
035.md	75	KR2k0021_WYG_033-5b
035.md	83	KR2k0021_WYG_033-6a
035.md	91	KR2k0021_WYG_033-6b
035.md	99	KR2k0021_WYG_033-7a
035.md	107	KR2k0021_WYG_033-7b
035.md	115	KR2k0021_WYG_033-8a
035.md	123	KR2k0021_WYG_033-8b
035.md	131	KR2k0021_WYG_033-9a
035.md	139	KR2k0021_WYG_033-9b
035.md	147	KR2k0021_WYG_033-10a
035.md	155	KR2k0021_WYG_033-10b
035.md	163	KR2k0021_WYG_033-11a
035.md	171	KR2k0021_WYG_033-11b
035.md	179	KR2k0021_WYG_033-12a
035.md	187	KR2k0021_WYG_033-12b
035.md	195	KR2k0021_WYG_033-13a
035.md	203	KR2k0021_WYG_033-13b
035.md	211	KR2k0021_WYG_033-14a
035.md	219	KR2k0021_WYG_033-14b
035.md	227	KR2k0021_WYG_033-15a
035.md	235	KR2k0021_WYG_033-15b
035.md	243	KR2k0021_WYG_033-16a
035.md	251	KR2k0021_WYG_033-16b
035.md	259	KR2k0021_WYG_033-17a
035.md	267	KR2k0021_WYG_033-17b
035.md	275	KR2k0021_WYG_033-18a
035.md	283	KR2k0021_WYG_033-18b
035.md	291	KR2k0021_WYG_033-19a
035.md	299	KR2k0021_WYG_033-19b
035.md	307	KR2k0021_WYG_033-20a
035.md	315	KR2k0021_WYG_033-20b
035.md	323	KR2k0021_WYG_033-21a
035.md	331	KR2k0021_WYG_033-21b
035.md	339	KR2k0021_WYG_033-22a
035.md	347	KR2k0021_WYG_033-22b
035.md	355	KR2k0021_WYG_033-23a
035.md	363	KR2k0021_WYG_033-23b
035.md	371	KR2k0021_WYG_033-24a
035.md	379	KR2k0021_WYG_033-24b
035.md	387	KR2k0021_WYG_033-25a
035.md	395	KR2k0021_WYG_033-25b
036.md	3	KR2k0021_WYG_034-1a
036.md	11	KR2k0021_WYG_034-1b
036.md	19	KR2k0021_WYG_034-2a
036.md	27	KR2k0021_WYG_034-2b
036.md	35	KR2k0021_WYG_034-3a
036.md	43	KR2k0021_WYG_034-3b
036.md	51	KR2k0021_WYG_034-4a
036.md	59	KR2k0021_WYG_034-4b
036.md	67	KR2k0021_WYG_034-5a
036.md	75	KR2k0021_WYG_034-5b
036.md	83	KR2k0021_WYG_034-6a
036.md	91	KR2k0021_WYG_034-6b
036.md	99	KR2k0021_WYG_034-7a
036.md	107	KR2k0021_WYG_034-7b
036.md	115	KR2k0021_WYG_034-8a
036.md	123	KR2k0021_WYG_034-8b
036.md	131	KR2k0021_WYG_034-9a
036.md	139	KR2k0021_WYG_034-9b
036.md	147	KR2k0021_WYG_034-10a
036.md	155	KR2k0021_WYG_034-10b
036.md	163	KR2k0021_WYG_034-11a
036.md	171	KR2k0021_WYG_034-11b
036.md	179	KR2k0021_WYG_034-12a
036.md	187	KR2k0021_WYG_034-12b
036.md	195	KR2k0021_WYG_034-13a
036.md	203	KR2k0021_WYG_034-13b
036.md	211	KR2k0021_WYG_034-14a
036.md	219	KR2k0021_WYG_034-14b
036.md	227	KR2k0021_WYG_034-15a
036.md	235	KR2k0021_WYG_034-15b
036.md	243	KR2k0021_WYG_034-16a
036.md	251	KR2k0021_WYG_034-16b
036.md	259	KR2k0021_WYG_034-17a
036.md	267	KR2k0021_WYG_034-17b
036.md	275	KR2k0021_WYG_034-18a
036.md	283	KR2k0021_WYG_034-18b
036.md	291	KR2k0021_WYG_034-19a
036.md	299	KR2k0021_WYG_034-19b
036.md	307	KR2k0021_WYG_034-20a
036.md	315	KR2k0021_WYG_034-20b
036.md	323	KR2k0021_WYG_034-21a
036.md	331	KR2k0021_WYG_034-21b
036.md	339	KR2k0021_WYG_034-22a
036.md	347	KR2k0021_WYG_034-22b
036.md	355	KR2k0021_WYG_034-23a
036.md	363	KR2k0021_WYG_034-23b
036.md	371	KR2k0021_WYG_034-24a
036.md	379	KR2k0021_WYG_034-24b
036.md	387	KR2k0021_WYG_034-25a
036.md	395	KR2k0021_WYG_034-25b
036.md	403	KR2k0021_WYG_034-26a
036.md	411	KR2k0021_WYG_034-26b
036.md	419	KR2k0021_WYG_034-27a
036.md	427	KR2k0021_WYG_034-27b
036.md	435	KR2k0021_WYG_034-28a
036.md	443	KR2k0021_WYG_034-28b
036.md	451	KR2k0021_WYG_034-29a
036.md	459	KR2k0021_WYG_034-29b
037.md	3	KR2k0021_WYG_035-1a
037.md	11	KR2k0021_WYG_035-1b
037.md	19	KR2k0021_WYG_035-2a
037.md	27	KR2k0021_WYG_035-2b
037.md	35	KR2k0021_WYG_035-3a
037.md	43	KR2k0021_WYG_035-3b
037.md	51	KR2k0021_WYG_035-4a
037.md	59	KR2k0021_WYG_035-4b
037.md	67	KR2k0021_WYG_035-5a
037.md	75	KR2k0021_WYG_035-5b
037.md	83	KR2k0021_WYG_035-6a
037.md	91	KR2k0021_WYG_035-6b
037.md	99	KR2k0021_WYG_035-7a
037.md	107	KR2k0021_WYG_035-7b
037.md	115	KR2k0021_WYG_035-8a
037.md	123	KR2k0021_WYG_035-8b
037.md	131	KR2k0021_WYG_035-9a
037.md	139	KR2k0021_WYG_035-9b
037.md	147	KR2k0021_WYG_035-10a
037.md	155	KR2k0021_WYG_035-10b
037.md	163	KR2k0021_WYG_035-11a
037.md	171	KR2k0021_WYG_035-11b
037.md	179	KR2k0021_WYG_035-12a
037.md	187	KR2k0021_WYG_035-12b
037.md	195	KR2k0021_WYG_035-13a
037.md	203	KR2k0021_WYG_035-13b
037.md	211	KR2k0021_WYG_035-14a
037.md	219	KR2k0021_WYG_035-14b
037.md	227	KR2k0021_WYG_035-15a
037.md	235	KR2k0021_WYG_035-15b
037.md	243	KR2k0021_WYG_035-16a
037.md	251	KR2k0021_WYG_035-16b
037.md	259	KR2k0021_WYG_035-17a
037.md	267	KR2k0021_WYG_035-17b
037.md	275	KR2k0021_WYG_035-18a
037.md	283	KR2k0021_WYG_035-18b
037.md	291	KR2k0021_WYG_035-19a
037.md	299	KR2k0021_WYG_035-19b
038.md	3	KR2k0021_WYG_036-1a
038.md	11	KR2k0021_WYG_036-1b
038.md	19	KR2k0021_WYG_036-2a
038.md	27	KR2k0021_WYG_036-2b
038.md	35	KR2k0021_WYG_036-3a
038.md	43	KR2k0021_WYG_036-3b
038.md	51	KR2k0021_WYG_036-4a
038.md	59	KR2k0021_WYG_036-4b
038.md	67	KR2k0021_WYG_036-5a
038.md	75	KR2k0021_WYG_036-5b
038.md	83	KR2k0021_WYG_036-6a
038.md	91	KR2k0021_WYG_036-6b
038.md	99	KR2k0021_WYG_036-7a
038.md	107	KR2k0021_WYG_036-7b
038.md	115	KR2k0021_WYG_036-8a
038.md	123	KR2k0021_WYG_036-8b
038.md	131	KR2k0021_WYG_036-9a
038.md	139	KR2k0021_WYG_036-9b
038.md	147	KR2k0021_WYG_036-10a
038.md	155	KR2k0021_WYG_036-10b
038.md	163	KR2k0021_WYG_036-11a
038.md	171	KR2k0021_WYG_036-11b
038.md	179	KR2k0021_WYG_036-12a
038.md	187	KR2k0021_WYG_036-12b
038.md	195	KR2k0021_WYG_036-13a
038.md	203	KR2k0021_WYG_036-13b
038.md	211	KR2k0021_WYG_036-14a
038.md	219	KR2k0021_WYG_036-14b
038.md	227	KR2k0021_WYG_036-15a
038.md	235	KR2k0021_WYG_036-15b
038.md	243	KR2k0021_WYG_036-16a
038.md	251	KR2k0021_WYG_036-16b
038.md	259	KR2k0021_WYG_036-17a
038.md	267	KR2k0021_WYG_036-17b
038.md	275	KR2k0021_WYG_036-18a
038.md	283	KR2k0021_WYG_036-18b
038.md	291	KR2k0021_WYG_036-19a
038.md	299	KR2k0021_WYG_036-19b
038.md	307	KR2k0021_WYG_036-20a
038.md	315	KR2k0021_WYG_036-20b
038.md	323	KR2k0021_WYG_036-21a
038.md	331	KR2k0021_WYG_036-21b
038.md	339	KR2k0021_WYG_036-22a
038.md	347	KR2k0021_WYG_036-22b
038.md	355	KR2k0021_WYG_036-23a
039.md	3	KR2k0021_WYG_037-1a
039.md	11	KR2k0021_WYG_037-1b
039.md	19	KR2k0021_WYG_037-2a
039.md	27	KR2k0021_WYG_037-2b
039.md	35	KR2k0021_WYG_037-3a
039.md	43	KR2k0021_WYG_037-3b
039.md	51	KR2k0021_WYG_037-4a
039.md	59	KR2k0021_WYG_037-4b
039.md	67	KR2k0021_WYG_037-5a
039.md	75	KR2k0021_WYG_037-5b
039.md	83	KR2k0021_WYG_037-6a
039.md	91	KR2k0021_WYG_037-6b
039.md	99	KR2k0021_WYG_037-7a
039.md	107	KR2k0021_WYG_037-7b
039.md	115	KR2k0021_WYG_037-8a
039.md	123	KR2k0021_WYG_037-8b
039.md	131	KR2k0021_WYG_037-9a
039.md	139	KR2k0021_WYG_037-9b
039.md	147	KR2k0021_WYG_037-10a
039.md	155	KR2k0021_WYG_037-10b
039.md	163	KR2k0021_WYG_037-11a
039.md	171	KR2k0021_WYG_037-11b
039.md	179	KR2k0021_WYG_037-12a
039.md	187	KR2k0021_WYG_037-12b
039.md	195	KR2k0021_WYG_037-13a
039.md	203	KR2k0021_WYG_037-13b
039.md	211	KR2k0021_WYG_037-14a
039.md	219	KR2k0021_WYG_037-14b
039.md	227	KR2k0021_WYG_037-15a
039.md	235	KR2k0021_WYG_037-15b
039.md	243	KR2k0021_WYG_037-16a
039.md	251	KR2k0021_WYG_037-16b
039.md	259	KR2k0021_WYG_037-17a
039.md	267	KR2k0021_WYG_037-17b
039.md	275	KR2k0021_WYG_037-18a
039.md	283	KR2k0021_WYG_037-18b
039.md	291	KR2k0021_WYG_037-19a
039.md	299	KR2k0021_WYG_037-19b
039.md	307	KR2k0021_WYG_037-20a
039.md	315	KR2k0021_WYG_037-20b
039.md	323	KR2k0021_WYG_037-21a
039.md	331	KR2k0021_WYG_037-21b
039.md	339	KR2k0021_WYG_037-22a
039.md	347	KR2k0021_WYG_037-22b
039.md	355	KR2k0021_WYG_037-23a
039.md	363	KR2k0021_WYG_037-23b
039.md	371	KR2k0021_WYG_037-24a
039.md	379	KR2k0021_WYG_037-24b
039.md	387	KR2k0021_WYG_037-25a
039.md	395	KR2k0021_WYG_037-25b
039.md	403	KR2k0021_WYG_037-26a
039.md	411	KR2k0021_WYG_037-26b
039.md	419	KR2k0021_WYG_037-27a
039.md	427	KR2k0021_WYG_037-27b
039.md	435	KR2k0021_WYG_037-28a
039.md	443	KR2k0021_WYG_037-28b
039.md	451	KR2k0021_WYG_037-29a
039.md	459	KR2k0021_WYG_037-29b
039.md	467	KR2k0021_WYG_037-30a
039.md	475	KR2k0021_WYG_037-30b
039.md	483	KR2k0021_WYG_037-31a
039.md	491	KR2k0021_WYG_037-31b
039.md	499	KR2k0021_WYG_037-32a
039.md	507	KR2k0021_WYG_037-32b
039.md	515	KR2k0021_WYG_037-33a
039.md	523	KR2k0021_WYG_037-33b
039.md	531	KR2k0021_WYG_037-34a
039.md	539	KR2k0021_WYG_037-34b
039.md	547	KR2k0021_WYG_037-35a
039.md	555	KR2k0021_WYG_037-35b
039.md	563	KR2k0021_WYG_037-36a
039.md	571	KR2k0021_WYG_037-36b
039.md	579	KR2k0021_WYG_037-37a
039.md	587	KR2k0021_WYG_037-37b
039.md	595	KR2k0021_WYG_037-38a
039.md	603	KR2k0021_WYG_037-38b
039.md	611	KR2k0021_WYG_037-39a
039.md	619	KR2k0021_WYG_037-39b
039.md	627	KR2k0021_WYG_037-40a
039.md	635	KR2k0021_WYG_037-40b
039.md	643	KR2k0021_WYG_037-41a
039.md	651	KR2k0021_WYG_037-41b
039.md	659	KR2k0021_WYG_037-42a
039.md	667	KR2k0021_WYG_037-42b
039.md	675	KR2k0021_WYG_037-43a
039.md	683	KR2k0021_WYG_037-43b
039.md	691	KR2k0021_WYG_037-44a
039.md	699	KR2k0021_WYG_037-44b
039.md	707	KR2k0021_WYG_037-45a
039.md	715	KR2k0021_WYG_037-45b
039.md	723	KR2k0021_WYG_037-46a
039.md	731	KR2k0021_WYG_037-46b
039.md	739	KR2k0021_WYG_037-47a
039.md	747	KR2k0021_WYG_037-47b
039.md	755	KR2k0021_WYG_037-48a
039.md	763	KR2k0021_WYG_037-48b
039.md	771	KR2k0021_WYG_037-49a
039.md	779	KR2k0021_WYG_037-49b
039.md	787	KR2k0021_WYG_037-50a
039.md	795	KR2k0021_WYG_037-50b
039.md	803	KR2k0021_WYG_037-51a
039.md	811	KR2k0021_WYG_037-51b
039.md	819	KR2k0021_WYG_037-52a
039.md	827	KR2k0021_WYG_037-52b
039.md	835	KR2k0021_WYG_037-53a
039.md	843	KR2k0021_WYG_037-53b
039.md	851	KR2k0021_WYG_037-54a
039.md	859	KR2k0021_WYG_037-54b
039.md	867	KR2k0021_WYG_037-55a
039.md	875	KR2k0021_WYG_037-55b
039.md	883	KR2k0021_WYG_037-56a
039.md	891	KR2k0021_WYG_037-56b
039.md	899	KR2k0021_WYG_037-57a
039.md	907	KR2k0021_WYG_037-57b
039.md	915	KR2k0021_WYG_037-58a
039.md	923	KR2k0021_WYG_037-58b
040.md	3	KR2k0021_WYG_038-1a
040.md	11	KR2k0021_WYG_038-1b
040.md	19	KR2k0021_WYG_038-2a
040.md	27	KR2k0021_WYG_038-2b
040.md	35	KR2k0021_WYG_038-3a
040.md	43	KR2k0021_WYG_038-3b
040.md	51	KR2k0021_WYG_038-4a
040.md	59	KR2k0021_WYG_038-4b
040.md	67	KR2k0021_WYG_038-5a
040.md	75	KR2k0021_WYG_038-5b
040.md	83	KR2k0021_WYG_038-6a
040.md	91	KR2k0021_WYG_038-6b
040.md	99	KR2k0021_WYG_038-7a
040.md	107	KR2k0021_WYG_038-7b
040.md	115	KR2k0021_WYG_038-8a
040.md	123	KR2k0021_WYG_038-8b
040.md	131	KR2k0021_WYG_038-9a
040.md	139	KR2k0021_WYG_038-9b
040.md	147	KR2k0021_WYG_038-10a
040.md	155	KR2k0021_WYG_038-10b
040.md	163	KR2k0021_WYG_038-11a
040.md	171	KR2k0021_WYG_038-11b
040.md	179	KR2k0021_WYG_038-12a
040.md	187	KR2k0021_WYG_038-12b
040.md	195	KR2k0021_WYG_038-13a
040.md	203	KR2k0021_WYG_038-13b
040.md	211	KR2k0021_WYG_038-14a
040.md	219	KR2k0021_WYG_038-14b
040.md	227	KR2k0021_WYG_038-15a
040.md	235	KR2k0021_WYG_038-15b
040.md	243	KR2k0021_WYG_038-16a
040.md	251	KR2k0021_WYG_038-16b
040.md	259	KR2k0021_WYG_038-17a
040.md	267	KR2k0021_WYG_038-17b
040.md	275	KR2k0021_WYG_038-18a
040.md	283	KR2k0021_WYG_038-18b
040.md	291	KR2k0021_WYG_038-19a
040.md	299	KR2k0021_WYG_038-19b
040.md	307	KR2k0021_WYG_038-20a
040.md	315	KR2k0021_WYG_038-20b
040.md	323	KR2k0021_WYG_038-21a
040.md	331	KR2k0021_WYG_038-21b
040.md	339	KR2k0021_WYG_038-22a
040.md	347	KR2k0021_WYG_038-22b
040.md	355	KR2k0021_WYG_038-23a
040.md	363	KR2k0021_WYG_038-23b
040.md	371	KR2k0021_WYG_038-24a
040.md	379	KR2k0021_WYG_038-24b
040.md	387	KR2k0021_WYG_038-25a
040.md	395	KR2k0021_WYG_038-25b
040.md	403	KR2k0021_WYG_038-26a
040.md	411	KR2k0021_WYG_038-26b
040.md	419	KR2k0021_WYG_038-27a
040.md	427	KR2k0021_WYG_038-27b
040.md	435	KR2k0021_WYG_038-28a
040.md	443	KR2k0021_WYG_038-28b
040.md	451	KR2k0021_WYG_038-29a
040.md	459	KR2k0021_WYG_038-29b
041.md	3	KR2k0021_WYG_039-1a
041.md	11	KR2k0021_WYG_039-1b
041.md	19	KR2k0021_WYG_039-2a
041.md	27	KR2k0021_WYG_039-2b
041.md	35	KR2k0021_WYG_039-3a
041.md	43	KR2k0021_WYG_039-3b
041.md	51	KR2k0021_WYG_039-4a
041.md	59	KR2k0021_WYG_039-4b
041.md	67	KR2k0021_WYG_039-5a
041.md	75	KR2k0021_WYG_039-5b
041.md	83	KR2k0021_WYG_039-6a
041.md	91	KR2k0021_WYG_039-6b
041.md	99	KR2k0021_WYG_039-7a
041.md	107	KR2k0021_WYG_039-7b
041.md	115	KR2k0021_WYG_039-8a
041.md	123	KR2k0021_WYG_039-8b
041.md	131	KR2k0021_WYG_039-9a
041.md	139	KR2k0021_WYG_039-9b
041.md	147	KR2k0021_WYG_039-10a
041.md	155	KR2k0021_WYG_039-10b
041.md	163	KR2k0021_WYG_039-11a
041.md	171	KR2k0021_WYG_039-11b
041.md	179	KR2k0021_WYG_039-12a
041.md	187	KR2k0021_WYG_039-12b
041.md	195	KR2k0021_WYG_039-13a
041.md	203	KR2k0021_WYG_039-13b
041.md	211	KR2k0021_WYG_039-14a
041.md	219	KR2k0021_WYG_039-14b
041.md	227	KR2k0021_WYG_039-15a
041.md	235	KR2k0021_WYG_039-15b
041.md	243	KR2k0021_WYG_039-16a
041.md	251	KR2k0021_WYG_039-16b
041.md	259	KR2k0021_WYG_039-17a
041.md	267	KR2k0021_WYG_039-17b
041.md	275	KR2k0021_WYG_039-18a
041.md	283	KR2k0021_WYG_039-18b
041.md	291	KR2k0021_WYG_039-19a
041.md	299	KR2k0021_WYG_039-19b
041.md	307	KR2k0021_WYG_039-20a
041.md	315	KR2k0021_WYG_039-20b
041.md	323	KR2k0021_WYG_039-21a
041.md	331	KR2k0021_WYG_039-21b
041.md	339	KR2k0021_WYG_039-22a
041.md	347	KR2k0021_WYG_039-22b
041.md	355	KR2k0021_WYG_039-23a
041.md	363	KR2k0021_WYG_039-23b
041.md	371	KR2k0021_WYG_039-24a
041.md	379	KR2k0021_WYG_039-24b
041.md	387	KR2k0021_WYG_039-25a
041.md	395	KR2k0021_WYG_039-25b
041.md	403	KR2k0021_WYG_039-26a
041.md	411	KR2k0021_WYG_039-26b
041.md	419	KR2k0021_WYG_039-27a
041.md	427	KR2k0021_WYG_039-27b
041.md	435	KR2k0021_WYG_039-28a
041.md	443	KR2k0021_WYG_039-28b
041.md	451	KR2k0021_WYG_039-29a
041.md	459	KR2k0021_WYG_039-29b
041.md	467	KR2k0021_WYG_039-30a
041.md	475	KR2k0021_WYG_039-30b
041.md	483	KR2k0021_WYG_039-31a
041.md	491	KR2k0021_WYG_039-31b
041.md	499	KR2k0021_WYG_039-32a
041.md	507	KR2k0021_WYG_039-32b
042.md	3	KR2k0021_WYG_040-1a
042.md	11	KR2k0021_WYG_040-1b
042.md	19	KR2k0021_WYG_040-2a
042.md	27	KR2k0021_WYG_040-2b
042.md	35	KR2k0021_WYG_040-3a
042.md	43	KR2k0021_WYG_040-3b
042.md	51	KR2k0021_WYG_040-4a
042.md	59	KR2k0021_WYG_040-4b
042.md	67	KR2k0021_WYG_040-5a
042.md	75	KR2k0021_WYG_040-5b
042.md	83	KR2k0021_WYG_040-6a
042.md	91	KR2k0021_WYG_040-6b
042.md	99	KR2k0021_WYG_040-7a
042.md	107	KR2k0021_WYG_040-7b
042.md	115	KR2k0021_WYG_040-8a
042.md	123	KR2k0021_WYG_040-8b
042.md	131	KR2k0021_WYG_040-9a
042.md	139	KR2k0021_WYG_040-9b
042.md	147	KR2k0021_WYG_040-10a
042.md	155	KR2k0021_WYG_040-10b
042.md	163	KR2k0021_WYG_040-11a
042.md	171	KR2k0021_WYG_040-11b
042.md	179	KR2k0021_WYG_040-12a
042.md	187	KR2k0021_WYG_040-12b
042.md	195	KR2k0021_WYG_040-13a
042.md	203	KR2k0021_WYG_040-13b
042.md	211	KR2k0021_WYG_040-14a
042.md	219	KR2k0021_WYG_040-14b
042.md	227	KR2k0021_WYG_040-15a
042.md	235	KR2k0021_WYG_040-15b
042.md	243	KR2k0021_WYG_040-16a
042.md	251	KR2k0021_WYG_040-16b
042.md	259	KR2k0021_WYG_040-17a
042.md	267	KR2k0021_WYG_040-17b
042.md	275	KR2k0021_WYG_040-18a
042.md	283	KR2k0021_WYG_040-18b
042.md	291	KR2k0021_WYG_040-19a
042.md	299	KR2k0021_WYG_040-19b
042.md	307	KR2k0021_WYG_040-20a
042.md	315	KR2k0021_WYG_040-20b
042.md	323	KR2k0021_WYG_040-21a
042.md	331	KR2k0021_WYG_040-21b
042.md	339	KR2k0021_WYG_040-22a
042.md	347	KR2k0021_WYG_040-22b
042.md	355	KR2k0021_WYG_040-23a
042.md	363	KR2k0021_WYG_040-23b
042.md	371	KR2k0021_WYG_040-24a
042.md	379	KR2k0021_WYG_040-24b
043.md	3	KR2k0021_WYG_041-1a
043.md	11	KR2k0021_WYG_041-1b
043.md	19	KR2k0021_WYG_041-2a
043.md	27	KR2k0021_WYG_041-2b
043.md	35	KR2k0021_WYG_041-3a
043.md	43	KR2k0021_WYG_041-3b
043.md	51	KR2k0021_WYG_041-4a
043.md	59	KR2k0021_WYG_041-4b
043.md	67	KR2k0021_WYG_041-5a
043.md	75	KR2k0021_WYG_041-5b
043.md	83	KR2k0021_WYG_041-6a
043.md	91	KR2k0021_WYG_041-6b
043.md	99	KR2k0021_WYG_041-7a
043.md	107	KR2k0021_WYG_041-7b
043.md	115	KR2k0021_WYG_041-8a
043.md	123	KR2k0021_WYG_041-8b
043.md	131	KR2k0021_WYG_041-9a
043.md	139	KR2k0021_WYG_041-9b
043.md	147	KR2k0021_WYG_041-10a
043.md	155	KR2k0021_WYG_041-10b
043.md	163	KR2k0021_WYG_041-11a
043.md	171	KR2k0021_WYG_041-11b
043.md	179	KR2k0021_WYG_041-12a
043.md	187	KR2k0021_WYG_041-12b
043.md	195	KR2k0021_WYG_041-13a
043.md	203	KR2k0021_WYG_041-13b
043.md	211	KR2k0021_WYG_041-14a
043.md	219	KR2k0021_WYG_041-14b
043.md	227	KR2k0021_WYG_041-15a
043.md	235	KR2k0021_WYG_041-15b
043.md	243	KR2k0021_WYG_041-16a
043.md	251	KR2k0021_WYG_041-16b
043.md	259	KR2k0021_WYG_041-17a
043.md	267	KR2k0021_WYG_041-17b
043.md	275	KR2k0021_WYG_041-18a
043.md	283	KR2k0021_WYG_041-18b
043.md	291	KR2k0021_WYG_041-19a
043.md	299	KR2k0021_WYG_041-19b
043.md	307	KR2k0021_WYG_041-20a
043.md	315	KR2k0021_WYG_041-20b
043.md	323	KR2k0021_WYG_041-21a
043.md	331	KR2k0021_WYG_041-21b
043.md	339	KR2k0021_WYG_041-22a
043.md	347	KR2k0021_WYG_041-22b
043.md	355	KR2k0021_WYG_041-23a
043.md	363	KR2k0021_WYG_041-23b
044.md	3	KR2k0021_WYG_042-1a
044.md	11	KR2k0021_WYG_042-1b
044.md	19	KR2k0021_WYG_042-2a
044.md	27	KR2k0021_WYG_042-2b
044.md	35	KR2k0021_WYG_042-3a
044.md	43	KR2k0021_WYG_042-3b
044.md	51	KR2k0021_WYG_042-4a
044.md	59	KR2k0021_WYG_042-4b
044.md	67	KR2k0021_WYG_042-5a
044.md	75	KR2k0021_WYG_042-5b
044.md	83	KR2k0021_WYG_042-6a
044.md	91	KR2k0021_WYG_042-6b
044.md	99	KR2k0021_WYG_042-7a
044.md	107	KR2k0021_WYG_042-7b
044.md	115	KR2k0021_WYG_042-8a
044.md	123	KR2k0021_WYG_042-8b
044.md	131	KR2k0021_WYG_042-9a
044.md	139	KR2k0021_WYG_042-9b
044.md	147	KR2k0021_WYG_042-10a
044.md	155	KR2k0021_WYG_042-10b
044.md	163	KR2k0021_WYG_042-11a
044.md	171	KR2k0021_WYG_042-11b
044.md	179	KR2k0021_WYG_042-12a
044.md	187	KR2k0021_WYG_042-12b
044.md	195	KR2k0021_WYG_042-13a
044.md	203	KR2k0021_WYG_042-13b
044.md	211	KR2k0021_WYG_042-14a
044.md	219	KR2k0021_WYG_042-14b
044.md	227	KR2k0021_WYG_042-15a
044.md	235	KR2k0021_WYG_042-15b
044.md	243	KR2k0021_WYG_042-16a
044.md	251	KR2k0021_WYG_042-16b
044.md	259	KR2k0021_WYG_042-17a
044.md	267	KR2k0021_WYG_042-17b
044.md	275	KR2k0021_WYG_042-18a
044.md	283	KR2k0021_WYG_042-18b
044.md	291	KR2k0021_WYG_042-19a
044.md	299	KR2k0021_WYG_042-19b
044.md	307	KR2k0021_WYG_042-20a
044.md	315	KR2k0021_WYG_042-20b
044.md	323	KR2k0021_WYG_042-21a
044.md	331	KR2k0021_WYG_042-21b
044.md	339	KR2k0021_WYG_042-22a
044.md	347	KR2k0021_WYG_042-22b
045.md	3	KR2k0021_WYG_043-1a
045.md	11	KR2k0021_WYG_043-1b
045.md	19	KR2k0021_WYG_043-2a
045.md	27	KR2k0021_WYG_043-2b
045.md	35	KR2k0021_WYG_043-3a
045.md	43	KR2k0021_WYG_043-3b
045.md	51	KR2k0021_WYG_043-4a
045.md	59	KR2k0021_WYG_043-4b
045.md	67	KR2k0021_WYG_043-5a
045.md	75	KR2k0021_WYG_043-5b
045.md	83	KR2k0021_WYG_043-6a
045.md	91	KR2k0021_WYG_043-6b
045.md	99	KR2k0021_WYG_043-7a
045.md	107	KR2k0021_WYG_043-7b
045.md	115	KR2k0021_WYG_043-8a
045.md	123	KR2k0021_WYG_043-8b
045.md	131	KR2k0021_WYG_043-9a
045.md	139	KR2k0021_WYG_043-9b
045.md	147	KR2k0021_WYG_043-10a
045.md	155	KR2k0021_WYG_043-10b
045.md	163	KR2k0021_WYG_043-11a
045.md	171	KR2k0021_WYG_043-11b
045.md	179	KR2k0021_WYG_043-12a
045.md	187	KR2k0021_WYG_043-12b
045.md	195	KR2k0021_WYG_043-13a
045.md	203	KR2k0021_WYG_043-13b
045.md	211	KR2k0021_WYG_043-14a
045.md	219	KR2k0021_WYG_043-14b
045.md	227	KR2k0021_WYG_043-15a
045.md	235	KR2k0021_WYG_043-15b
045.md	243	KR2k0021_WYG_043-16a
045.md	251	KR2k0021_WYG_043-16b
045.md	259	KR2k0021_WYG_043-17a
045.md	267	KR2k0021_WYG_043-17b
045.md	275	KR2k0021_WYG_043-18a
045.md	283	KR2k0021_WYG_043-18b
045.md	291	KR2k0021_WYG_043-19a
045.md	299	KR2k0021_WYG_043-19b
045.md	307	KR2k0021_WYG_043-20a
045.md	315	KR2k0021_WYG_043-20b
045.md	323	KR2k0021_WYG_043-21a
045.md	331	KR2k0021_WYG_043-21b
045.md	339	KR2k0021_WYG_043-22a
045.md	347	KR2k0021_WYG_043-22b
045.md	355	KR2k0021_WYG_043-23a
045.md	363	KR2k0021_WYG_043-23b
045.md	371	KR2k0021_WYG_043-24a
045.md	379	KR2k0021_WYG_043-24b
045.md	387	KR2k0021_WYG_043-25a
045.md	395	KR2k0021_WYG_043-25b
045.md	403	KR2k0021_WYG_043-26a
045.md	411	KR2k0021_WYG_043-26b
045.md	419	KR2k0021_WYG_043-27a
045.md	427	KR2k0021_WYG_043-27b
045.md	435	KR2k0021_WYG_043-28a
045.md	443	KR2k0021_WYG_043-28b
045.md	451	KR2k0021_WYG_043-29a
045.md	459	KR2k0021_WYG_043-29b
045.md	467	KR2k0021_WYG_043-30a
045.md	475	KR2k0021_WYG_043-30b
045.md	483	KR2k0021_WYG_043-31a
045.md	491	KR2k0021_WYG_043-31b
045.md	499	KR2k0021_WYG_043-32a
045.md	507	KR2k0021_WYG_043-32b
045.md	515	KR2k0021_WYG_043-33a
045.md	523	KR2k0021_WYG_043-33b
045.md	531	KR2k0021_WYG_043-34a
045.md	539	KR2k0021_WYG_043-34b
045.md	547	KR2k0021_WYG_043-35a
045.md	555	KR2k0021_WYG_043-35b
045.md	563	KR2k0021_WYG_043-36a
045.md	571	KR2k0021_WYG_043-36b
045.md	579	KR2k0021_WYG_043-37a
045.md	587	KR2k0021_WYG_043-37b
045.md	595	KR2k0021_WYG_043-38a
045.md	603	KR2k0021_WYG_043-38b
045.md	611	KR2k0021_WYG_043-39a
045.md	619	KR2k0021_WYG_043-39b
045.md	627	KR2k0021_WYG_043-40a
045.md	635	KR2k0021_WYG_043-40b
045.md	643	KR2k0021_WYG_043-41a
045.md	651	KR2k0021_WYG_043-41b
045.md	659	KR2k0021_WYG_043-42a
045.md	667	KR2k0021_WYG_043-42b
045.md	675	KR2k0021_WYG_043-43a
045.md	683	KR2k0021_WYG_043-43b
045.md	691	KR2k0021_WYG_043-44a
045.md	699	KR2k0021_WYG_043-44b
045.md	707	KR2k0021_WYG_043-45a
045.md	715	KR2k0021_WYG_043-45b
045.md	723	KR2k0021_WYG_043-46a
045.md	731	KR2k0021_WYG_043-46b
045.md	739	KR2k0021_WYG_043-47a
045.md	747	KR2k0021_WYG_043-47b
045.md	755	KR2k0021_WYG_043-48a
045.md	763	KR2k0021_WYG_043-48b
045.md	771	KR2k0021_WYG_043-49a
045.md	779	KR2k0021_WYG_043-49b
045.md	787	KR2k0021_WYG_043-50a
045.md	795	KR2k0021_WYG_043-50b
045.md	803	KR2k0021_WYG_043-51a
045.md	811	KR2k0021_WYG_043-51b
046.md	3	KR2k0021_WYG_044-1a
046.md	11	KR2k0021_WYG_044-1b
046.md	19	KR2k0021_WYG_044-2a
046.md	27	KR2k0021_WYG_044-2b
046.md	35	KR2k0021_WYG_044-3a
046.md	43	KR2k0021_WYG_044-3b
046.md	51	KR2k0021_WYG_044-4a
046.md	59	KR2k0021_WYG_044-4b
046.md	67	KR2k0021_WYG_044-5a
046.md	75	KR2k0021_WYG_044-5b
046.md	83	KR2k0021_WYG_044-6a
046.md	91	KR2k0021_WYG_044-6b
046.md	99	KR2k0021_WYG_044-7a
046.md	107	KR2k0021_WYG_044-7b
046.md	115	KR2k0021_WYG_044-8a
046.md	123	KR2k0021_WYG_044-8b
046.md	131	KR2k0021_WYG_044-9a
046.md	139	KR2k0021_WYG_044-9b
046.md	147	KR2k0021_WYG_044-10a
046.md	155	KR2k0021_WYG_044-10b
046.md	163	KR2k0021_WYG_044-11a
046.md	171	KR2k0021_WYG_044-11b
046.md	179	KR2k0021_WYG_044-12a
046.md	187	KR2k0021_WYG_044-12b
046.md	195	KR2k0021_WYG_044-13a
046.md	203	KR2k0021_WYG_044-13b
046.md	211	KR2k0021_WYG_044-14a
046.md	219	KR2k0021_WYG_044-14b
046.md	227	KR2k0021_WYG_044-15a
046.md	235	KR2k0021_WYG_044-15b
046.md	243	KR2k0021_WYG_044-16a
046.md	251	KR2k0021_WYG_044-16b
046.md	259	KR2k0021_WYG_044-17a
046.md	267	KR2k0021_WYG_044-17b
046.md	275	KR2k0021_WYG_044-18a
046.md	283	KR2k0021_WYG_044-18b
046.md	291	KR2k0021_WYG_044-19a
046.md	299	KR2k0021_WYG_044-19b
046.md	307	KR2k0021_WYG_044-20a
046.md	315	KR2k0021_WYG_044-20b
046.md	323	KR2k0021_WYG_044-21a
046.md	331	KR2k0021_WYG_044-21b
046.md	339	KR2k0021_WYG_044-22a
046.md	347	KR2k0021_WYG_044-22b
046.md	355	KR2k0021_WYG_044-23a
046.md	363	KR2k0021_WYG_044-23b
046.md	371	KR2k0021_WYG_044-24a
046.md	379	KR2k0021_WYG_044-24b
046.md	387	KR2k0021_WYG_044-25a
046.md	395	KR2k0021_WYG_044-25b
046.md	403	KR2k0021_WYG_044-26a
046.md	411	KR2k0021_WYG_044-26b
046.md	419	KR2k0021_WYG_044-27a
046.md	427	KR2k0021_WYG_044-27b
046.md	435	KR2k0021_WYG_044-28a
046.md	443	KR2k0021_WYG_044-28b
046.md	451	KR2k0021_WYG_044-29a
046.md	459	KR2k0021_WYG_044-29b
046.md	467	KR2k0021_WYG_044-30a
046.md	475	KR2k0021_WYG_044-30b
046.md	483	KR2k0021_WYG_044-31a
046.md	491	KR2k0021_WYG_044-31b
046.md	499	KR2k0021_WYG_044-32a
046.md	507	KR2k0021_WYG_044-32b
046.md	515	KR2k0021_WYG_044-33a
046.md	523	KR2k0021_WYG_044-33b
046.md	531	KR2k0021_WYG_044-34a
046.md	539	KR2k0021_WYG_044-34b
046.md	547	KR2k0021_WYG_044-35a
046.md	555	KR2k0021_WYG_044-35b
046.md	563	KR2k0021_WYG_044-36a
046.md	571	KR2k0021_WYG_044-36b
046.md	579	KR2k0021_WYG_044-37a
046.md	587	KR2k0021_WYG_044-37b
046.md	595	KR2k0021_WYG_044-38a
046.md	603	KR2k0021_WYG_044-38b
046.md	611	KR2k0021_WYG_044-39a
046.md	619	KR2k0021_WYG_044-39b
046.md	627	KR2k0021_WYG_044-40a
046.md	635	KR2k0021_WYG_044-40b
046.md	643	KR2k0021_WYG_044-41a
046.md	651	KR2k0021_WYG_044-41b
046.md	659	KR2k0021_WYG_044-42a
046.md	667	KR2k0021_WYG_044-42b
047.md	3	KR2k0021_WYG_045-1a
047.md	11	KR2k0021_WYG_045-1b
047.md	19	KR2k0021_WYG_045-2a
047.md	27	KR2k0021_WYG_045-2b
047.md	35	KR2k0021_WYG_045-3a
047.md	43	KR2k0021_WYG_045-3b
047.md	51	KR2k0021_WYG_045-4a
047.md	59	KR2k0021_WYG_045-4b
047.md	67	KR2k0021_WYG_045-5a
047.md	75	KR2k0021_WYG_045-5b
047.md	83	KR2k0021_WYG_045-6a
047.md	91	KR2k0021_WYG_045-6b
047.md	99	KR2k0021_WYG_045-7a
047.md	107	KR2k0021_WYG_045-7b
047.md	115	KR2k0021_WYG_045-8a
047.md	123	KR2k0021_WYG_045-8b
047.md	131	KR2k0021_WYG_045-9a
047.md	139	KR2k0021_WYG_045-9b
047.md	147	KR2k0021_WYG_045-10a
047.md	155	KR2k0021_WYG_045-10b
047.md	163	KR2k0021_WYG_045-11a
047.md	171	KR2k0021_WYG_045-11b
047.md	179	KR2k0021_WYG_045-12a
047.md	187	KR2k0021_WYG_045-12b
047.md	195	KR2k0021_WYG_045-13a
047.md	203	KR2k0021_WYG_045-13b
047.md	211	KR2k0021_WYG_045-14a
047.md	219	KR2k0021_WYG_045-14b
047.md	227	KR2k0021_WYG_045-15a
047.md	235	KR2k0021_WYG_045-15b
047.md	243	KR2k0021_WYG_045-16a
047.md	251	KR2k0021_WYG_045-16b
048.md	3	KR2k0021_WYG_046-1a
048.md	11	KR2k0021_WYG_046-1b
048.md	19	KR2k0021_WYG_046-2a
048.md	27	KR2k0021_WYG_046-2b
048.md	35	KR2k0021_WYG_046-3a
048.md	43	KR2k0021_WYG_046-3b
048.md	51	KR2k0021_WYG_046-4a
048.md	59	KR2k0021_WYG_046-4b
048.md	67	KR2k0021_WYG_046-5a
048.md	75	KR2k0021_WYG_046-5b
048.md	83	KR2k0021_WYG_046-6a
048.md	91	KR2k0021_WYG_046-6b
048.md	99	KR2k0021_WYG_046-7a
048.md	107	KR2k0021_WYG_046-7b
048.md	115	KR2k0021_WYG_046-8a
048.md	123	KR2k0021_WYG_046-8b
048.md	131	KR2k0021_WYG_046-9a
048.md	139	KR2k0021_WYG_046-9b
048.md	147	KR2k0021_WYG_046-10a
048.md	155	KR2k0021_WYG_046-10b
048.md	163	KR2k0021_WYG_046-11a
048.md	171	KR2k0021_WYG_046-11b
048.md	179	KR2k0021_WYG_046-12a
048.md	187	KR2k0021_WYG_046-12b
048.md	195	KR2k0021_WYG_046-13a
048.md	203	KR2k0021_WYG_046-13b
048.md	211	KR2k0021_WYG_046-14a
048.md	219	KR2k0021_WYG_046-14b
048.md	227	KR2k0021_WYG_046-15a
048.md	235	KR2k0021_WYG_046-15b
048.md	243	KR2k0021_WYG_046-16a
048.md	251	KR2k0021_WYG_046-16b
048.md	259	KR2k0021_WYG_046-17a
048.md	267	KR2k0021_WYG_046-17b
048.md	275	KR2k0021_WYG_046-18a
048.md	283	KR2k0021_WYG_046-18b
048.md	291	KR2k0021_WYG_046-19a
048.md	299	KR2k0021_WYG_046-19b
048.md	307	KR2k0021_WYG_046-20a
048.md	315	KR2k0021_WYG_046-20b
048.md	323	KR2k0021_WYG_046-21a
048.md	331	KR2k0021_WYG_046-21b
048.md	339	KR2k0021_WYG_046-22a
048.md	347	KR2k0021_WYG_046-22b
048.md	355	KR2k0021_WYG_046-23a
048.md	363	KR2k0021_WYG_046-23b
048.md	371	KR2k0021_WYG_046-24a
048.md	379	KR2k0021_WYG_046-24b
048.md	387	KR2k0021_WYG_046-25a
048.md	395	KR2k0021_WYG_046-25b
049.md	3	KR2k0021_WYG_047-1a
049.md	11	KR2k0021_WYG_047-1b
049.md	16	KR2k0021_WYG_047-2a
049.md	17	KR2k0021_WYG_047-3a
049.md	18	KR2k0021_WYG_047-4a
049.md	19	KR2k0021_WYG_047-5a
049.md	20	KR2k0021_WYG_047-6a
049.md	28	KR2k0021_WYG_047-6b
049.md	36	KR2k0021_WYG_047-7a
049.md	44	KR2k0021_WYG_047-7b
049.md	52	KR2k0021_WYG_047-8a
049.md	60	KR2k0021_WYG_047-8b
049.md	68	KR2k0021_WYG_047-9a
049.md	76	KR2k0021_WYG_047-9b
049.md	84	KR2k0021_WYG_047-10a
049.md	92	KR2k0021_WYG_047-10b
049.md	100	KR2k0021_WYG_047-11a
049.md	108	KR2k0021_WYG_047-11b
049.md	116	KR2k0021_WYG_047-12a
049.md	124	KR2k0021_WYG_047-12b
049.md	132	KR2k0021_WYG_047-13a
049.md	140	KR2k0021_WYG_047-13b
049.md	148	KR2k0021_WYG_047-14a
049.md	156	KR2k0021_WYG_047-14b
049.md	164	KR2k0021_WYG_047-15a
049.md	172	KR2k0021_WYG_047-15b
049.md	180	KR2k0021_WYG_047-16a
049.md	188	KR2k0021_WYG_047-16b
049.md	196	KR2k0021_WYG_047-17a
049.md	204	KR2k0021_WYG_047-17b
049.md	212	KR2k0021_WYG_047-18a
049.md	220	KR2k0021_WYG_047-18b
049.md	228	KR2k0021_WYG_047-19a
049.md	236	KR2k0021_WYG_047-19b
049.md	244	KR2k0021_WYG_047-20a
049.md	252	KR2k0021_WYG_047-20b
049.md	260	KR2k0021_WYG_047-21a
049.md	268	KR2k0021_WYG_047-21b
049.md	276	KR2k0021_WYG_047-22a
049.md	284	KR2k0021_WYG_047-22b
049.md	292	KR2k0021_WYG_047-23a
049.md	300	KR2k0021_WYG_047-23b
050.md	3	KR2k0021_WYG_048-1a
050.md	11	KR2k0021_WYG_048-1b
050.md	19	KR2k0021_WYG_048-2a
050.md	27	KR2k0021_WYG_048-2b
050.md	35	KR2k0021_WYG_048-3a
050.md	43	KR2k0021_WYG_048-3b
050.md	51	KR2k0021_WYG_048-4a
050.md	59	KR2k0021_WYG_048-4b
050.md	67	KR2k0021_WYG_048-5a
050.md	75	KR2k0021_WYG_048-5b
050.md	83	KR2k0021_WYG_048-6a
050.md	91	KR2k0021_WYG_048-6b
050.md	99	KR2k0021_WYG_048-7a
050.md	107	KR2k0021_WYG_048-7b
050.md	115	KR2k0021_WYG_048-8a
050.md	123	KR2k0021_WYG_048-8b
050.md	131	KR2k0021_WYG_048-9a
050.md	139	KR2k0021_WYG_048-9b
050.md	147	KR2k0021_WYG_048-10a
050.md	155	KR2k0021_WYG_048-10b
050.md	163	KR2k0021_WYG_048-11a
050.md	171	KR2k0021_WYG_048-11b
050.md	179	KR2k0021_WYG_048-12a
050.md	187	KR2k0021_WYG_048-12b
050.md	195	KR2k0021_WYG_048-13a
050.md	203	KR2k0021_WYG_048-13b
050.md	211	KR2k0021_WYG_048-14a
050.md	219	KR2k0021_WYG_048-14b
050.md	227	KR2k0021_WYG_048-15a
050.md	235	KR2k0021_WYG_048-15b
050.md	243	KR2k0021_WYG_048-16a
050.md	251	KR2k0021_WYG_048-16b
050.md	259	KR2k0021_WYG_048-17a
050.md	267	KR2k0021_WYG_048-17b
050.md	275	KR2k0021_WYG_048-18a
050.md	283	KR2k0021_WYG_048-18b
050.md	291	KR2k0021_WYG_048-19a
050.md	299	KR2k0021_WYG_048-19b
050.md	307	KR2k0021_WYG_048-20a
050.md	315	KR2k0021_WYG_048-20b
050.md	323	KR2k0021_WYG_048-21a
050.md	331	KR2k0021_WYG_048-21b
050.md	339	KR2k0021_WYG_048-22a
050.md	347	KR2k0021_WYG_048-22b
050.md	355	KR2k0021_WYG_048-23a
050.md	363	KR2k0021_WYG_048-23b
050.md	371	KR2k0021_WYG_048-24a
050.md	379	KR2k0021_WYG_048-24b
050.md	387	KR2k0021_WYG_048-25a
050.md	395	KR2k0021_WYG_048-25b
050.md	403	KR2k0021_WYG_048-26a
050.md	411	KR2k0021_WYG_048-26b
050.md	419	KR2k0021_WYG_048-27a
050.md	427	KR2k0021_WYG_048-27b
050.md	435	KR2k0021_WYG_048-28a
050.md	443	KR2k0021_WYG_048-28b
050.md	451	KR2k0021_WYG_048-29a
050.md	459	KR2k0021_WYG_048-29b
050.md	467	KR2k0021_WYG_048-30a
050.md	475	KR2k0021_WYG_048-30b
050.md	483	KR2k0021_WYG_048-31a
050.md	491	KR2k0021_WYG_048-31b
050.md	499	KR2k0021_WYG_048-32a
050.md	507	KR2k0021_WYG_048-32b
050.md	515	KR2k0021_WYG_048-33a
050.md	523	KR2k0021_WYG_048-33b
050.md	531	KR2k0021_WYG_048-34a
050.md	539	KR2k0021_WYG_048-34b
050.md	547	KR2k0021_WYG_048-35a
050.md	555	KR2k0021_WYG_048-35b
050.md	563	KR2k0021_WYG_048-36a
050.md	571	KR2k0021_WYG_048-36b
050.md	579	KR2k0021_WYG_048-37a
050.md	587	KR2k0021_WYG_048-37b
050.md	595	KR2k0021_WYG_048-38a
050.md	603	KR2k0021_WYG_048-38b
050.md	611	KR2k0021_WYG_048-39a
050.md	619	KR2k0021_WYG_048-39b
050.md	627	KR2k0021_WYG_048-40a
050.md	635	KR2k0021_WYG_048-40b
050.md	643	KR2k0021_WYG_048-41a
050.md	651	KR2k0021_WYG_048-41b
050.md	659	KR2k0021_WYG_048-42a
050.md	667	KR2k0021_WYG_048-42b
050.md	675	KR2k0021_WYG_048-43a
050.md	683	KR2k0021_WYG_048-43b
050.md	691	KR2k0021_WYG_048-44a
050.md	699	KR2k0021_WYG_048-44b
050.md	707	KR2k0021_WYG_048-45a
050.md	715	KR2k0021_WYG_048-45b
050.md	723	KR2k0021_WYG_048-46a
050.md	731	KR2k0021_WYG_048-46b
050.md	739	KR2k0021_WYG_048-47a
050.md	747	KR2k0021_WYG_048-47b
050.md	755	KR2k0021_WYG_048-48a
050.md	763	KR2k0021_WYG_048-48b
050.md	771	KR2k0021_WYG_048-49a
050.md	779	KR2k0021_WYG_048-49b
050.md	787	KR2k0021_WYG_048-50a
050.md	795	KR2k0021_WYG_048-50b
050.md	803	KR2k0021_WYG_048-51a
050.md	811	KR2k0021_WYG_048-51b
050.md	819	KR2k0021_WYG_048-52a
050.md	827	KR2k0021_WYG_048-52b
050.md	835	KR2k0021_WYG_048-53a
050.md	843	KR2k0021_WYG_048-53b
050.md	851	KR2k0021_WYG_048-54a
050.md	859	KR2k0021_WYG_048-54b
050.md	867	KR2k0021_WYG_048-55a
050.md	875	KR2k0021_WYG_048-55b
050.md	883	KR2k0021_WYG_048-56a
050.md	891	KR2k0021_WYG_048-56b
050.md	899	KR2k0021_WYG_048-57a
050.md	907	KR2k0021_WYG_048-57b
050.md	915	KR2k0021_WYG_048-58a
050.md	923	KR2k0021_WYG_048-58b
050.md	931	KR2k0021_WYG_048-59a
050.md	939	KR2k0021_WYG_048-59b
050.md	947	KR2k0021_WYG_048-60a
050.md	955	KR2k0021_WYG_048-60b
050.md	963	KR2k0021_WYG_048-61a
050.md	971	KR2k0021_WYG_048-61b
050.md	979	KR2k0021_WYG_048-62a
050.md	987	KR2k0021_WYG_048-62b
050.md	995	KR2k0021_WYG_048-63a
050.md	1003	KR2k0021_WYG_048-63b
050.md	1011	KR2k0021_WYG_048-64a
050.md	1019	KR2k0021_WYG_048-64b
050.md	1027	KR2k0021_WYG_048-65a
050.md	1035	KR2k0021_WYG_048-65b
050.md	1043	KR2k0021_WYG_048-66a
050.md	1051	KR2k0021_WYG_048-66b
050.md	1059	KR2k0021_WYG_048-67a
050.md	1067	KR2k0021_WYG_048-67b
050.md	1075	KR2k0021_WYG_048-68a
050.md	1083	KR2k0021_WYG_048-68b
050.md	1091	KR2k0021_WYG_048-69a
050.md	1099	KR2k0021_WYG_048-69b
050.md	1107	KR2k0021_WYG_048-70a
050.md	1115	KR2k0021_WYG_048-70b
050.md	1123	KR2k0021_WYG_048-71a
050.md	1131	KR2k0021_WYG_048-71b
050.md	1139	KR2k0021_WYG_048-72a
050.md	1147	KR2k0021_WYG_048-72b
050.md	1155	KR2k0021_WYG_048-73a
050.md	1163	KR2k0021_WYG_048-73b
050.md	1171	KR2k0021_WYG_048-74a
050.md	1179	KR2k0021_WYG_048-74b
050.md	1187	KR2k0021_WYG_048-75a
050.md	1195	KR2k0021_WYG_048-75b
050.md	1203	KR2k0021_WYG_048-76a
050.md	1211	KR2k0021_WYG_048-76b
050.md	1219	KR2k0021_WYG_048-77a
050.md	1227	KR2k0021_WYG_048-77b
050.md	1235	KR2k0021_WYG_048-78a
050.md	1243	KR2k0021_WYG_048-78b
050.md	1251	KR2k0021_WYG_048-79a
050.md	1259	KR2k0021_WYG_048-79b
050.md	1267	KR2k0021_WYG_048-80a
050.md	1275	KR2k0021_WYG_048-80b
050.md	1283	KR2k0021_WYG_048-81a
050.md	1291	KR2k0021_WYG_048-81b
050.md	1299	KR2k0021_WYG_048-82a
050.md	1307	KR2k0021_WYG_048-82b
050.md	1315	KR2k0021_WYG_048-83a
050.md	1323	KR2k0021_WYG_048-83b
050.md	1331	KR2k0021_WYG_048-84a
050.md	1339	KR2k0021_WYG_048-84b
050.md	1347	KR2k0021_WYG_048-85a
050.md	1355	KR2k0021_WYG_048-85b
050.md	1363	KR2k0021_WYG_048-86a
050.md	1371	KR2k0021_WYG_048-86b
050.md	1379	KR2k0021_WYG_048-87a
050.md	1387	KR2k0021_WYG_048-87b
050.md	1395	KR2k0021_WYG_048-88a
050.md	1403	KR2k0021_WYG_048-88b
050.md	1411	KR2k0021_WYG_048-89a
050.md	1419	KR2k0021_WYG_048-89b
050.md	1427	KR2k0021_WYG_048-90a
050.md	1435	KR2k0021_WYG_048-90b
050.md	1443	KR2k0021_WYG_048-91a
050.md	1451	KR2k0021_WYG_048-91b
050.md	1459	KR2k0021_WYG_048-92a
050.md	1467	KR2k0021_WYG_048-92b
050.md	1475	KR2k0021_WYG_048-93a
050.md	1483	KR2k0021_WYG_048-93b
050.md	1491	KR2k0021_WYG_048-94a
050.md	1499	KR2k0021_WYG_048-94b
050.md	1507	KR2k0021_WYG_048-95a
050.md	1515	KR2k0021_WYG_048-95b
050.md	1523	KR2k0021_WYG_048-96a
050.md	1531	KR2k0021_WYG_048-96b
050.md	1539	KR2k0021_WYG_048-97a
050.md	1547	KR2k0021_WYG_048-97b
050.md	1555	KR2k0021_WYG_048-98a
050.md	1563	KR2k0021_WYG_048-98b
050.md	1571	KR2k0021_WYG_048-99a
050.md	1579	KR2k0021_WYG_048-99b
050.md	1587	KR2k0021_WYG_048-100a
050.md	1595	KR2k0021_WYG_048-100b
050.md	1603	KR2k0021_WYG_048-101a
050.md	1611	KR2k0021_WYG_048-101b
050.md	1619	KR2k0021_WYG_048-102a
050.md	1627	KR2k0021_WYG_048-102b
050.md	1635	KR2k0021_WYG_048-103a
050.md	1643	KR2k0021_WYG_048-103b
051.md	3	KR2k0021_WYG_049-1a
051.md	11	KR2k0021_WYG_049-1b
051.md	19	KR2k0021_WYG_049-2a
051.md	27	KR2k0021_WYG_049-2b
051.md	35	KR2k0021_WYG_049-3a
051.md	43	KR2k0021_WYG_049-3b
051.md	51	KR2k0021_WYG_049-4a
051.md	59	KR2k0021_WYG_049-4b
051.md	67	KR2k0021_WYG_049-5a
051.md	75	KR2k0021_WYG_049-5b
051.md	83	KR2k0021_WYG_049-6a
051.md	91	KR2k0021_WYG_049-6b
051.md	99	KR2k0021_WYG_049-7a
051.md	107	KR2k0021_WYG_049-7b
051.md	115	KR2k0021_WYG_049-8a
051.md	123	KR2k0021_WYG_049-8b
051.md	131	KR2k0021_WYG_049-9a
051.md	139	KR2k0021_WYG_049-9b
051.md	147	KR2k0021_WYG_049-10a
051.md	155	KR2k0021_WYG_049-10b
051.md	163	KR2k0021_WYG_049-11a
051.md	171	KR2k0021_WYG_049-11b
051.md	179	KR2k0021_WYG_049-12a
051.md	187	KR2k0021_WYG_049-12b
051.md	195	KR2k0021_WYG_049-13a
051.md	203	KR2k0021_WYG_049-13b
051.md	211	KR2k0021_WYG_049-14a
051.md	219	KR2k0021_WYG_049-14b
051.md	227	KR2k0021_WYG_049-15a
051.md	235	KR2k0021_WYG_049-15b
051.md	243	KR2k0021_WYG_049-16a
051.md	251	KR2k0021_WYG_049-16b
051.md	259	KR2k0021_WYG_049-17a
051.md	267	KR2k0021_WYG_049-17b
051.md	275	KR2k0021_WYG_049-18a
051.md	283	KR2k0021_WYG_049-18b
051.md	291	KR2k0021_WYG_049-19a
051.md	299	KR2k0021_WYG_049-19b
051.md	307	KR2k0021_WYG_049-20a
051.md	315	KR2k0021_WYG_049-20b
051.md	323	KR2k0021_WYG_049-21a
051.md	331	KR2k0021_WYG_049-21b
051.md	339	KR2k0021_WYG_049-22a
051.md	347	KR2k0021_WYG_049-22b
051.md	355	KR2k0021_WYG_049-23a
051.md	363	KR2k0021_WYG_049-23b
051.md	371	KR2k0021_WYG_049-24a
051.md	379	KR2k0021_WYG_049-24b
051.md	387	KR2k0021_WYG_049-25a
051.md	395	KR2k0021_WYG_049-25b
051.md	403	KR2k0021_WYG_049-26a
051.md	411	KR2k0021_WYG_049-26b
051.md	419	KR2k0021_WYG_049-27a
051.md	427	KR2k0021_WYG_049-27b
051.md	435	KR2k0021_WYG_049-28a
051.md	443	KR2k0021_WYG_049-28b
051.md	451	KR2k0021_WYG_049-29a
051.md	459	KR2k0021_WYG_049-29b
051.md	467	KR2k0021_WYG_049-30a
051.md	475	KR2k0021_WYG_049-30b
051.md	483	KR2k0021_WYG_049-31a
051.md	491	KR2k0021_WYG_049-31b
051.md	499	KR2k0021_WYG_049-32a
051.md	507	KR2k0021_WYG_049-32b
051.md	515	KR2k0021_WYG_049-33a
051.md	523	KR2k0021_WYG_049-33b
051.md	531	KR2k0021_WYG_049-34a
051.md	539	KR2k0021_WYG_049-34b
051.md	547	KR2k0021_WYG_049-35a
051.md	555	KR2k0021_WYG_049-35b
051.md	563	KR2k0021_WYG_049-36a
051.md	571	KR2k0021_WYG_049-36b
051.md	579	KR2k0021_WYG_049-37a
051.md	587	KR2k0021_WYG_049-37b
051.md	595	KR2k0021_WYG_049-38a
051.md	603	KR2k0021_WYG_049-38b
051.md	611	KR2k0021_WYG_049-39a
051.md	619	KR2k0021_WYG_049-39b
051.md	627	KR2k0021_WYG_049-40a
051.md	635	KR2k0021_WYG_049-40b
051.md	643	KR2k0021_WYG_049-41a
051.md	651	KR2k0021_WYG_049-41b
051.md	659	KR2k0021_WYG_049-42a
051.md	667	KR2k0021_WYG_049-42b
051.md	675	KR2k0021_WYG_049-43a
051.md	683	KR2k0021_WYG_049-43b
051.md	691	KR2k0021_WYG_049-44a
051.md	699	KR2k0021_WYG_049-44b
052.md	3	KR2k0021_WYG_050-1a
052.md	11	KR2k0021_WYG_050-1b
052.md	19	KR2k0021_WYG_050-2a
052.md	27	KR2k0021_WYG_050-2b
052.md	35	KR2k0021_WYG_050-3a
052.md	43	KR2k0021_WYG_050-3b
052.md	51	KR2k0021_WYG_050-4a
052.md	59	KR2k0021_WYG_050-4b
052.md	67	KR2k0021_WYG_050-5a
052.md	75	KR2k0021_WYG_050-5b
052.md	83	KR2k0021_WYG_050-6a
052.md	91	KR2k0021_WYG_050-6b
052.md	99	KR2k0021_WYG_050-7a
052.md	107	KR2k0021_WYG_050-7b
052.md	115	KR2k0021_WYG_050-8a
052.md	123	KR2k0021_WYG_050-8b
052.md	131	KR2k0021_WYG_050-9a
052.md	139	KR2k0021_WYG_050-9b
052.md	147	KR2k0021_WYG_050-10a
052.md	155	KR2k0021_WYG_050-10b
052.md	163	KR2k0021_WYG_050-11a
052.md	171	KR2k0021_WYG_050-11b
052.md	179	KR2k0021_WYG_050-12a
052.md	187	KR2k0021_WYG_050-12b
052.md	195	KR2k0021_WYG_050-13a
052.md	203	KR2k0021_WYG_050-13b
052.md	211	KR2k0021_WYG_050-14a
052.md	219	KR2k0021_WYG_050-14b
052.md	227	KR2k0021_WYG_050-15a
052.md	235	KR2k0021_WYG_050-15b
052.md	243	KR2k0021_WYG_050-16a
052.md	251	KR2k0021_WYG_050-16b
052.md	259	KR2k0021_WYG_050-17a
052.md	267	KR2k0021_WYG_050-17b
052.md	275	KR2k0021_WYG_050-18a
052.md	283	KR2k0021_WYG_050-18b
052.md	291	KR2k0021_WYG_050-19a
052.md	299	KR2k0021_WYG_050-19b
052.md	307	KR2k0021_WYG_050-20a
052.md	315	KR2k0021_WYG_050-20b
052.md	323	KR2k0021_WYG_050-21a
052.md	331	KR2k0021_WYG_050-21b
052.md	339	KR2k0021_WYG_050-22a
052.md	347	KR2k0021_WYG_050-22b
052.md	355	KR2k0021_WYG_050-23a
052.md	363	KR2k0021_WYG_050-23b
052.md	371	KR2k0021_WYG_050-24a
052.md	379	KR2k0021_WYG_050-24b
052.md	387	KR2k0021_WYG_050-25a
052.md	395	KR2k0021_WYG_050-25b
052.md	403	KR2k0021_WYG_050-26a
052.md	411	KR2k0021_WYG_050-26b
