file	line_no	pb
001.md	3	KR2i0021_WYG_000-1a
001.md	11	KR2i0021_WYG_000-1b
001.md	19	KR2i0021_WYG_000-2a
001.md	27	KR2i0021_WYG_000-2b
002.md	3	KR2i0021_WYG_000-3a
002.md	11	KR2i0021_WYG_000-3b
002.md	19	KR2i0021_WYG_000-4a
002.md	27	KR2i0021_WYG_000-4b
002.md	35	KR2i0021_WYG_000-5a
002.md	43	KR2i0021_WYG_000-5b
002.md	51	KR2i0021_WYG_000-6a
002.md	59	KR2i0021_WYG_000-6b
002.md	67	KR2i0021_WYG_000-7a
002.md	75	KR2i0021_WYG_000-7b
003.md	3	KR2i0021_WYG_000-8a
003.md	11	KR2i0021_WYG_000-8b
003.md	19	KR2i0021_WYG_000-9a
003.md	27	KR2i0021_WYG_000-9b
004.md	3	KR2i0021_WYG_000-10a
004.md	11	KR2i0021_WYG_000-10b
004.md	19	KR2i0021_WYG_000-11a
004.md	27	KR2i0021_WYG_000-11b
004.md	35	KR2i0021_WYG_000-12a
004.md	43	KR2i0021_WYG_000-12b
004.md	51	KR2i0021_WYG_000-13a
004.md	59	KR2i0021_WYG_000-13b
004.md	67	KR2i0021_WYG_000-14a
004.md	75	KR2i0021_WYG_000-14b
004.md	83	KR2i0021_WYG_000-15a
004.md	91	KR2i0021_WYG_000-15b
004.md	99	KR2i0021_WYG_000-16a
004.md	107	KR2i0021_WYG_000-16b
004.md	115	KR2i0021_WYG_000-17a
004.md	123	KR2i0021_WYG_000-17b
004.md	131	KR2i0021_WYG_000-18a
004.md	139	KR2i0021_WYG_000-18b
004.md	147	KR2i0021_WYG_000-19a
004.md	155	KR2i0021_WYG_000-19b
004.md	163	KR2i0021_WYG_000-20a
004.md	171	KR2i0021_WYG_000-20b
004.md	179	KR2i0021_WYG_000-21a
004.md	187	KR2i0021_WYG_000-21b
004.md	195	KR2i0021_WYG_000-22a
004.md	203	KR2i0021_WYG_000-22b
004.md	211	KR2i0021_WYG_000-23a
004.md	219	KR2i0021_WYG_000-23b
004.md	227	KR2i0021_WYG_000-24a
004.md	235	KR2i0021_WYG_000-24b
004.md	243	KR2i0021_WYG_000-25a
004.md	251	KR2i0021_WYG_000-25b
004.md	259	KR2i0021_WYG_000-26a
004.md	267	KR2i0021_WYG_000-26b
004.md	275	KR2i0021_WYG_000-27a
004.md	283	KR2i0021_WYG_000-27b
004.md	291	KR2i0021_WYG_000-28a
004.md	299	KR2i0021_WYG_000-28b
004.md	307	KR2i0021_WYG_000-29a
004.md	315	KR2i0021_WYG_000-29b
004.md	323	KR2i0021_WYG_000-30a
004.md	331	KR2i0021_WYG_000-30b
004.md	339	KR2i0021_WYG_000-31a
004.md	347	KR2i0021_WYG_000-31b
004.md	355	KR2i0021_WYG_000-32a
004.md	363	KR2i0021_WYG_000-32b
004.md	371	KR2i0021_WYG_000-33a
004.md	379	KR2i0021_WYG_000-33b
004.md	387	KR2i0021_WYG_000-34a
004.md	395	KR2i0021_WYG_000-34b
004.md	403	KR2i0021_WYG_000-35a
004.md	411	KR2i0021_WYG_000-35b
004.md	419	KR2i0021_WYG_000-36a
004.md	427	KR2i0021_WYG_000-36b
004.md	435	KR2i0021_WYG_000-37a
004.md	443	KR2i0021_WYG_000-37b
004.md	451	KR2i0021_WYG_000-38a
004.md	459	KR2i0021_WYG_000-38b
004.md	467	KR2i0021_WYG_000-39a
004.md	475	KR2i0021_WYG_000-39b
004.md	483	KR2i0021_WYG_000-40a
004.md	491	KR2i0021_WYG_000-40b
004.md	499	KR2i0021_WYG_000-41a
004.md	507	KR2i0021_WYG_000-41b
004.md	515	KR2i0021_WYG_000-42a
004.md	523	KR2i0021_WYG_000-42b
004.md	531	KR2i0021_WYG_000-43a
004.md	539	KR2i0021_WYG_000-43b
004.md	547	KR2i0021_WYG_000-44a
004.md	555	KR2i0021_WYG_000-44b
004.md	563	KR2i0021_WYG_000-45a
004.md	571	KR2i0021_WYG_000-45b
004.md	579	KR2i0021_WYG_000-46a
004.md	587	KR2i0021_WYG_000-46b
004.md	595	KR2i0021_WYG_000-47a
004.md	603	KR2i0021_WYG_000-47b
004.md	611	KR2i0021_WYG_000-48a
004.md	619	KR2i0021_WYG_000-48b
004.md	627	KR2i0021_WYG_000-49a
004.md	635	KR2i0021_WYG_000-49b
004.md	643	KR2i0021_WYG_000-50a
004.md	651	KR2i0021_WYG_000-50b
004.md	659	KR2i0021_WYG_000-51a
004.md	667	KR2i0021_WYG_000-51b
004.md	675	KR2i0021_WYG_000-52a
004.md	683	KR2i0021_WYG_000-52b
004.md	691	KR2i0021_WYG_000-53a
004.md	699	KR2i0021_WYG_000-53b
004.md	707	KR2i0021_WYG_000-54a
004.md	715	KR2i0021_WYG_000-54b
004.md	723	KR2i0021_WYG_000-55a
004.md	731	KR2i0021_WYG_000-55b
004.md	739	KR2i0021_WYG_000-56a
004.md	747	KR2i0021_WYG_000-56b
004.md	755	KR2i0021_WYG_000-57a
004.md	763	KR2i0021_WYG_000-57b
004.md	771	KR2i0021_WYG_000-58a
004.md	779	KR2i0021_WYG_000-58b
004.md	787	KR2i0021_WYG_000-59a
004.md	795	KR2i0021_WYG_000-59b
004.md	803	KR2i0021_WYG_000-60a
004.md	811	KR2i0021_WYG_000-60b
004.md	819	KR2i0021_WYG_000-61a
004.md	827	KR2i0021_WYG_000-61b
004.md	835	KR2i0021_WYG_000-62a
004.md	843	KR2i0021_WYG_000-62b
004.md	851	KR2i0021_WYG_000-63a
004.md	859	KR2i0021_WYG_000-63b
004.md	867	KR2i0021_WYG_000-64a
004.md	875	KR2i0021_WYG_000-64b
004.md	883	KR2i0021_WYG_000-65a
004.md	891	KR2i0021_WYG_000-65b
004.md	899	KR2i0021_WYG_000-66a
004.md	907	KR2i0021_WYG_000-66b
004.md	915	KR2i0021_WYG_000-67a
004.md	923	KR2i0021_WYG_000-67b
004.md	931	KR2i0021_WYG_000-68a
005.md	3	KR2i0021_WYG_001-1a
005.md	11	KR2i0021_WYG_001-1b
005.md	19	KR2i0021_WYG_001-2a
005.md	27	KR2i0021_WYG_001-2b
005.md	35	KR2i0021_WYG_001-3a
005.md	43	KR2i0021_WYG_001-3b
005.md	51	KR2i0021_WYG_001-4a
005.md	59	KR2i0021_WYG_001-4b
005.md	67	KR2i0021_WYG_001-5a
005.md	75	KR2i0021_WYG_001-5b
005.md	83	KR2i0021_WYG_001-6a
005.md	91	KR2i0021_WYG_001-6b
005.md	99	KR2i0021_WYG_001-7a
005.md	107	KR2i0021_WYG_001-7b
005.md	115	KR2i0021_WYG_001-8a
005.md	123	KR2i0021_WYG_001-8b
005.md	131	KR2i0021_WYG_001-9a
005.md	139	KR2i0021_WYG_001-9b
005.md	147	KR2i0021_WYG_001-10a
005.md	155	KR2i0021_WYG_001-10b
005.md	163	KR2i0021_WYG_001-11a
005.md	171	KR2i0021_WYG_001-11b
005.md	179	KR2i0021_WYG_001-12a
005.md	187	KR2i0021_WYG_001-12b
005.md	195	KR2i0021_WYG_001-13a
005.md	203	KR2i0021_WYG_001-13b
005.md	211	KR2i0021_WYG_001-14a
005.md	219	KR2i0021_WYG_001-14b
005.md	227	KR2i0021_WYG_001-15a
005.md	235	KR2i0021_WYG_001-15b
005.md	243	KR2i0021_WYG_001-16a
005.md	251	KR2i0021_WYG_001-16b
005.md	259	KR2i0021_WYG_001-17a
005.md	267	KR2i0021_WYG_001-17b
005.md	275	KR2i0021_WYG_001-18a
005.md	283	KR2i0021_WYG_001-18b
005.md	291	KR2i0021_WYG_001-19a
005.md	299	KR2i0021_WYG_001-19b
005.md	307	KR2i0021_WYG_001-20a
005.md	315	KR2i0021_WYG_001-20b
005.md	323	KR2i0021_WYG_001-21a
005.md	331	KR2i0021_WYG_001-21b
005.md	339	KR2i0021_WYG_001-22a
005.md	347	KR2i0021_WYG_001-22b
005.md	355	KR2i0021_WYG_001-23a
005.md	363	KR2i0021_WYG_001-23b
005.md	371	KR2i0021_WYG_001-24a
005.md	379	KR2i0021_WYG_001-24b
005.md	387	KR2i0021_WYG_001-25a
005.md	395	KR2i0021_WYG_001-25b
005.md	403	KR2i0021_WYG_001-26a
005.md	411	KR2i0021_WYG_001-26b
005.md	419	KR2i0021_WYG_001-27a
005.md	427	KR2i0021_WYG_001-27b
005.md	435	KR2i0021_WYG_001-28a
005.md	443	KR2i0021_WYG_001-28b
005.md	451	KR2i0021_WYG_001-29a
005.md	459	KR2i0021_WYG_001-29b
005.md	467	KR2i0021_WYG_001-30a
005.md	475	KR2i0021_WYG_001-30b
005.md	483	KR2i0021_WYG_001-31a
005.md	491	KR2i0021_WYG_001-31b
005.md	499	KR2i0021_WYG_001-32a
005.md	507	KR2i0021_WYG_001-32b
005.md	515	KR2i0021_WYG_001-33a
005.md	523	KR2i0021_WYG_001-33b
005.md	531	KR2i0021_WYG_001-34a
005.md	539	KR2i0021_WYG_001-34b
005.md	547	KR2i0021_WYG_001-35a
005.md	555	KR2i0021_WYG_001-35b
005.md	563	KR2i0021_WYG_001-36a
005.md	571	KR2i0021_WYG_001-36b
006.md	3	KR2i0021_WYG_002-1a
006.md	11	KR2i0021_WYG_002-1b
006.md	19	KR2i0021_WYG_002-2a
006.md	27	KR2i0021_WYG_002-2b
006.md	35	KR2i0021_WYG_002-3a
006.md	43	KR2i0021_WYG_002-3b
006.md	51	KR2i0021_WYG_002-4a
006.md	59	KR2i0021_WYG_002-4b
006.md	67	KR2i0021_WYG_002-5a
006.md	75	KR2i0021_WYG_002-5b
006.md	83	KR2i0021_WYG_002-6a
006.md	91	KR2i0021_WYG_002-6b
006.md	99	KR2i0021_WYG_002-7a
006.md	107	KR2i0021_WYG_002-7b
006.md	115	KR2i0021_WYG_002-8a
006.md	123	KR2i0021_WYG_002-8b
006.md	131	KR2i0021_WYG_002-9a
006.md	139	KR2i0021_WYG_002-9b
006.md	147	KR2i0021_WYG_002-10a
006.md	155	KR2i0021_WYG_002-10b
006.md	163	KR2i0021_WYG_002-11a
006.md	171	KR2i0021_WYG_002-11b
006.md	179	KR2i0021_WYG_002-12a
006.md	187	KR2i0021_WYG_002-12b
006.md	195	KR2i0021_WYG_002-13a
006.md	203	KR2i0021_WYG_002-13b
006.md	211	KR2i0021_WYG_002-14a
006.md	219	KR2i0021_WYG_002-14b
006.md	227	KR2i0021_WYG_002-15a
006.md	235	KR2i0021_WYG_002-15b
006.md	243	KR2i0021_WYG_002-16a
006.md	251	KR2i0021_WYG_002-16b
006.md	259	KR2i0021_WYG_002-17a
006.md	267	KR2i0021_WYG_002-17b
006.md	275	KR2i0021_WYG_002-18a
006.md	283	KR2i0021_WYG_002-18b
006.md	291	KR2i0021_WYG_002-19a
006.md	299	KR2i0021_WYG_002-19b
006.md	307	KR2i0021_WYG_002-20a
006.md	315	KR2i0021_WYG_002-20b
006.md	323	KR2i0021_WYG_002-21a
006.md	331	KR2i0021_WYG_002-21b
006.md	339	KR2i0021_WYG_002-22a
006.md	347	KR2i0021_WYG_002-22b
006.md	355	KR2i0021_WYG_002-23a
006.md	363	KR2i0021_WYG_002-23b
006.md	371	KR2i0021_WYG_002-24a
006.md	379	KR2i0021_WYG_002-24b
006.md	387	KR2i0021_WYG_002-25a
006.md	395	KR2i0021_WYG_002-25b
006.md	403	KR2i0021_WYG_002-26a
006.md	411	KR2i0021_WYG_002-26b
006.md	419	KR2i0021_WYG_002-27a
006.md	427	KR2i0021_WYG_002-27b
007.md	3	KR2i0021_WYG_003-1a
007.md	11	KR2i0021_WYG_003-1b
007.md	19	KR2i0021_WYG_003-2a
007.md	27	KR2i0021_WYG_003-2b
007.md	35	KR2i0021_WYG_003-3a
007.md	43	KR2i0021_WYG_003-3b
007.md	51	KR2i0021_WYG_003-4a
007.md	59	KR2i0021_WYG_003-4b
007.md	67	KR2i0021_WYG_003-5a
007.md	75	KR2i0021_WYG_003-5b
007.md	83	KR2i0021_WYG_003-6a
007.md	91	KR2i0021_WYG_003-6b
007.md	99	KR2i0021_WYG_003-7a
007.md	107	KR2i0021_WYG_003-7b
007.md	115	KR2i0021_WYG_003-8a
007.md	123	KR2i0021_WYG_003-8b
007.md	131	KR2i0021_WYG_003-9a
007.md	139	KR2i0021_WYG_003-9b
007.md	147	KR2i0021_WYG_003-10a
007.md	155	KR2i0021_WYG_003-10b
007.md	163	KR2i0021_WYG_003-11a
007.md	171	KR2i0021_WYG_003-11b
007.md	179	KR2i0021_WYG_003-12a
007.md	187	KR2i0021_WYG_003-12b
007.md	195	KR2i0021_WYG_003-13a
007.md	203	KR2i0021_WYG_003-13b
007.md	211	KR2i0021_WYG_003-14a
007.md	219	KR2i0021_WYG_003-14b
007.md	227	KR2i0021_WYG_003-15a
007.md	235	KR2i0021_WYG_003-15b
007.md	243	KR2i0021_WYG_003-16a
007.md	251	KR2i0021_WYG_003-16b
007.md	259	KR2i0021_WYG_003-17a
007.md	267	KR2i0021_WYG_003-17b
007.md	275	KR2i0021_WYG_003-18a
007.md	283	KR2i0021_WYG_003-18b
007.md	291	KR2i0021_WYG_003-19a
007.md	299	KR2i0021_WYG_003-19b
007.md	307	KR2i0021_WYG_003-20a
007.md	315	KR2i0021_WYG_003-20b
007.md	323	KR2i0021_WYG_003-21a
007.md	331	KR2i0021_WYG_003-21b
007.md	339	KR2i0021_WYG_003-22a
007.md	347	KR2i0021_WYG_003-22b
007.md	355	KR2i0021_WYG_003-23a
007.md	363	KR2i0021_WYG_003-23b
008.md	3	KR2i0021_WYG_004-1a
008.md	11	KR2i0021_WYG_004-1b
008.md	19	KR2i0021_WYG_004-2a
008.md	27	KR2i0021_WYG_004-2b
008.md	35	KR2i0021_WYG_004-3a
008.md	43	KR2i0021_WYG_004-3b
008.md	51	KR2i0021_WYG_004-4a
008.md	59	KR2i0021_WYG_004-4b
008.md	67	KR2i0021_WYG_004-5a
008.md	75	KR2i0021_WYG_004-5b
008.md	83	KR2i0021_WYG_004-6a
008.md	91	KR2i0021_WYG_004-6b
009.md	3	KR2i0021_WYG_005-1a
009.md	11	KR2i0021_WYG_005-1b
009.md	19	KR2i0021_WYG_005-2a
009.md	27	KR2i0021_WYG_005-2b
009.md	35	KR2i0021_WYG_005-3a
009.md	43	KR2i0021_WYG_005-3b
009.md	51	KR2i0021_WYG_005-4a
009.md	59	KR2i0021_WYG_005-4b
009.md	67	KR2i0021_WYG_005-5a
009.md	75	KR2i0021_WYG_005-5b
009.md	83	KR2i0021_WYG_005-6a
009.md	91	KR2i0021_WYG_005-6b
009.md	99	KR2i0021_WYG_005-7a
009.md	107	KR2i0021_WYG_005-7b
009.md	115	KR2i0021_WYG_005-8a
009.md	123	KR2i0021_WYG_005-8b
009.md	131	KR2i0021_WYG_005-9a
009.md	139	KR2i0021_WYG_005-9b
009.md	147	KR2i0021_WYG_005-10a
009.md	155	KR2i0021_WYG_005-10b
009.md	163	KR2i0021_WYG_005-11a
009.md	171	KR2i0021_WYG_005-11b
009.md	179	KR2i0021_WYG_005-12a
009.md	187	KR2i0021_WYG_005-12b
009.md	195	KR2i0021_WYG_005-13a
009.md	203	KR2i0021_WYG_005-13b
009.md	211	KR2i0021_WYG_005-14a
009.md	219	KR2i0021_WYG_005-14b
010.md	3	KR2i0021_WYG_006-1a
010.md	11	KR2i0021_WYG_006-1b
010.md	19	KR2i0021_WYG_006-2a
010.md	27	KR2i0021_WYG_006-2b
010.md	35	KR2i0021_WYG_006-3a
010.md	43	KR2i0021_WYG_006-3b
010.md	51	KR2i0021_WYG_006-4a
010.md	59	KR2i0021_WYG_006-4b
010.md	67	KR2i0021_WYG_006-5a
010.md	75	KR2i0021_WYG_006-5b
010.md	83	KR2i0021_WYG_006-6a
010.md	91	KR2i0021_WYG_006-6b
010.md	99	KR2i0021_WYG_006-7a
010.md	107	KR2i0021_WYG_006-7b
010.md	115	KR2i0021_WYG_006-8a
010.md	123	KR2i0021_WYG_006-8b
010.md	131	KR2i0021_WYG_006-9a
010.md	139	KR2i0021_WYG_006-9b
011.md	3	KR2i0021_WYG_007-1a
011.md	11	KR2i0021_WYG_007-1b
011.md	19	KR2i0021_WYG_007-2a
011.md	27	KR2i0021_WYG_007-2b
011.md	35	KR2i0021_WYG_007-3a
011.md	43	KR2i0021_WYG_007-3b
011.md	51	KR2i0021_WYG_007-4a
011.md	59	KR2i0021_WYG_007-4b
011.md	67	KR2i0021_WYG_007-5a
011.md	75	KR2i0021_WYG_007-5b
011.md	83	KR2i0021_WYG_007-6a
011.md	91	KR2i0021_WYG_007-6b
011.md	99	KR2i0021_WYG_007-7a
011.md	107	KR2i0021_WYG_007-7b
011.md	115	KR2i0021_WYG_007-8a
011.md	123	KR2i0021_WYG_007-8b
011.md	131	KR2i0021_WYG_007-9a
011.md	139	KR2i0021_WYG_007-9b
011.md	147	KR2i0021_WYG_007-10a
011.md	155	KR2i0021_WYG_007-10b
011.md	163	KR2i0021_WYG_007-11a
011.md	171	KR2i0021_WYG_007-11b
011.md	179	KR2i0021_WYG_007-12a
011.md	187	KR2i0021_WYG_007-12b
011.md	195	KR2i0021_WYG_007-13a
011.md	203	KR2i0021_WYG_007-13b
011.md	211	KR2i0021_WYG_007-14a
011.md	219	KR2i0021_WYG_007-14b
012.md	3	KR2i0021_WYG_008-1a
012.md	11	KR2i0021_WYG_008-1b
012.md	19	KR2i0021_WYG_008-2a
012.md	27	KR2i0021_WYG_008-2b
012.md	35	KR2i0021_WYG_008-3a
012.md	43	KR2i0021_WYG_008-3b
012.md	51	KR2i0021_WYG_008-4a
012.md	59	KR2i0021_WYG_008-4b
012.md	67	KR2i0021_WYG_008-5a
012.md	75	KR2i0021_WYG_008-5b
012.md	83	KR2i0021_WYG_008-6a
012.md	91	KR2i0021_WYG_008-6b
012.md	99	KR2i0021_WYG_008-7a
012.md	107	KR2i0021_WYG_008-7b
012.md	115	KR2i0021_WYG_008-8a
012.md	123	KR2i0021_WYG_008-8b
012.md	131	KR2i0021_WYG_008-9a
012.md	139	KR2i0021_WYG_008-9b
012.md	147	KR2i0021_WYG_008-10a
012.md	155	KR2i0021_WYG_008-10b
012.md	163	KR2i0021_WYG_008-11a
012.md	171	KR2i0021_WYG_008-11b
012.md	179	KR2i0021_WYG_008-12a
012.md	187	KR2i0021_WYG_008-12b
012.md	195	KR2i0021_WYG_008-13a
012.md	203	KR2i0021_WYG_008-13b
013.md	3	KR2i0021_WYG_009-1a
013.md	11	KR2i0021_WYG_009-1b
013.md	19	KR2i0021_WYG_009-2a
013.md	27	KR2i0021_WYG_009-2b
013.md	35	KR2i0021_WYG_009-3a
013.md	43	KR2i0021_WYG_009-3b
013.md	51	KR2i0021_WYG_009-4a
013.md	59	KR2i0021_WYG_009-4b
013.md	67	KR2i0021_WYG_009-5a
013.md	75	KR2i0021_WYG_009-5b
013.md	83	KR2i0021_WYG_009-6a
013.md	91	KR2i0021_WYG_009-6b
013.md	99	KR2i0021_WYG_009-7a
013.md	107	KR2i0021_WYG_009-7b
013.md	115	KR2i0021_WYG_009-8a
013.md	123	KR2i0021_WYG_009-8b
014.md	3	KR2i0021_WYG_010-1a
014.md	11	KR2i0021_WYG_010-1b
014.md	19	KR2i0021_WYG_010-2a
014.md	27	KR2i0021_WYG_010-2b
014.md	35	KR2i0021_WYG_010-3a
014.md	43	KR2i0021_WYG_010-3b
014.md	51	KR2i0021_WYG_010-4a
014.md	59	KR2i0021_WYG_010-4b
014.md	67	KR2i0021_WYG_010-5a
014.md	75	KR2i0021_WYG_010-5b
014.md	83	KR2i0021_WYG_010-6a
014.md	91	KR2i0021_WYG_010-6b
014.md	99	KR2i0021_WYG_010-7a
014.md	107	KR2i0021_WYG_010-7b
014.md	115	KR2i0021_WYG_010-8a
014.md	123	KR2i0021_WYG_010-8b
014.md	131	KR2i0021_WYG_010-9a
014.md	139	KR2i0021_WYG_010-9b
014.md	147	KR2i0021_WYG_010-10a
014.md	155	KR2i0021_WYG_010-10b
014.md	163	KR2i0021_WYG_010-11a
014.md	171	KR2i0021_WYG_010-11b
014.md	179	KR2i0021_WYG_010-12a
014.md	187	KR2i0021_WYG_010-12b
014.md	195	KR2i0021_WYG_010-13a
014.md	203	KR2i0021_WYG_010-13b
014.md	211	KR2i0021_WYG_010-14a
014.md	219	KR2i0021_WYG_010-14b
014.md	227	KR2i0021_WYG_010-15a
014.md	235	KR2i0021_WYG_010-15b
014.md	243	KR2i0021_WYG_010-16a
014.md	251	KR2i0021_WYG_010-16b
015.md	3	KR2i0021_WYG_011-1a
015.md	11	KR2i0021_WYG_011-1b
015.md	19	KR2i0021_WYG_011-2a
015.md	27	KR2i0021_WYG_011-2b
015.md	35	KR2i0021_WYG_011-3a
015.md	43	KR2i0021_WYG_011-3b
015.md	51	KR2i0021_WYG_011-4a
015.md	59	KR2i0021_WYG_011-4b
015.md	67	KR2i0021_WYG_011-5a
015.md	75	KR2i0021_WYG_011-5b
015.md	83	KR2i0021_WYG_011-6a
015.md	91	KR2i0021_WYG_011-6b
015.md	99	KR2i0021_WYG_011-7a
015.md	107	KR2i0021_WYG_011-7b
015.md	115	KR2i0021_WYG_011-8a
015.md	123	KR2i0021_WYG_011-8b
015.md	131	KR2i0021_WYG_011-9a
015.md	139	KR2i0021_WYG_011-9b
016.md	3	KR2i0021_WYG_012-1a
016.md	11	KR2i0021_WYG_012-1b
016.md	19	KR2i0021_WYG_012-2a
016.md	27	KR2i0021_WYG_012-2b
016.md	35	KR2i0021_WYG_012-3a
016.md	43	KR2i0021_WYG_012-3b
016.md	51	KR2i0021_WYG_012-4a
016.md	59	KR2i0021_WYG_012-4b
016.md	67	KR2i0021_WYG_012-5a
016.md	75	KR2i0021_WYG_012-5b
016.md	83	KR2i0021_WYG_012-6a
016.md	91	KR2i0021_WYG_012-6b
016.md	99	KR2i0021_WYG_012-7a
016.md	107	KR2i0021_WYG_012-7b
016.md	115	KR2i0021_WYG_012-8a
016.md	123	KR2i0021_WYG_012-8b
016.md	131	KR2i0021_WYG_012-9a
016.md	139	KR2i0021_WYG_012-9b
017.md	3	KR2i0021_WYG_013-1a
017.md	11	KR2i0021_WYG_013-1b
017.md	19	KR2i0021_WYG_013-2a
017.md	27	KR2i0021_WYG_013-2b
017.md	35	KR2i0021_WYG_013-3a
017.md	43	KR2i0021_WYG_013-3b
017.md	51	KR2i0021_WYG_013-4a
017.md	59	KR2i0021_WYG_013-4b
017.md	67	KR2i0021_WYG_013-5a
017.md	75	KR2i0021_WYG_013-5b
017.md	83	KR2i0021_WYG_013-6a
017.md	91	KR2i0021_WYG_013-6b
017.md	99	KR2i0021_WYG_013-7a
017.md	107	KR2i0021_WYG_013-7b
017.md	115	KR2i0021_WYG_013-8a
017.md	123	KR2i0021_WYG_013-8b
017.md	131	KR2i0021_WYG_013-9a
017.md	139	KR2i0021_WYG_013-9b
017.md	147	KR2i0021_WYG_013-10a
017.md	155	KR2i0021_WYG_013-10b
017.md	163	KR2i0021_WYG_013-11a
017.md	171	KR2i0021_WYG_013-11b
017.md	179	KR2i0021_WYG_013-12a
017.md	187	KR2i0021_WYG_013-12b
017.md	195	KR2i0021_WYG_013-13a
017.md	203	KR2i0021_WYG_013-13b
017.md	211	KR2i0021_WYG_013-14a
017.md	219	KR2i0021_WYG_013-14b
018.md	3	KR2i0021_WYG_014-1a
018.md	11	KR2i0021_WYG_014-1b
018.md	19	KR2i0021_WYG_014-2a
018.md	27	KR2i0021_WYG_014-2b
018.md	35	KR2i0021_WYG_014-3a
018.md	43	KR2i0021_WYG_014-3b
018.md	51	KR2i0021_WYG_014-4a
018.md	59	KR2i0021_WYG_014-4b
018.md	67	KR2i0021_WYG_014-5a
018.md	75	KR2i0021_WYG_014-5b
018.md	83	KR2i0021_WYG_014-6a
018.md	91	KR2i0021_WYG_014-6b
019.md	3	KR2i0021_WYG_015-1a
019.md	11	KR2i0021_WYG_015-1b
019.md	19	KR2i0021_WYG_015-2a
019.md	27	KR2i0021_WYG_015-2b
019.md	35	KR2i0021_WYG_015-3a
019.md	43	KR2i0021_WYG_015-3b
019.md	51	KR2i0021_WYG_015-4a
019.md	59	KR2i0021_WYG_015-4b
019.md	67	KR2i0021_WYG_015-5a
019.md	75	KR2i0021_WYG_015-5b
019.md	83	KR2i0021_WYG_015-6a
019.md	91	KR2i0021_WYG_015-6b
019.md	99	KR2i0021_WYG_015-7a
019.md	107	KR2i0021_WYG_015-7b
019.md	115	KR2i0021_WYG_015-8a
019.md	123	KR2i0021_WYG_015-8b
019.md	131	KR2i0021_WYG_015-9a
019.md	139	KR2i0021_WYG_015-9b
019.md	147	KR2i0021_WYG_015-10a
019.md	155	KR2i0021_WYG_015-10b
019.md	163	KR2i0021_WYG_015-11a
019.md	171	KR2i0021_WYG_015-11b
019.md	179	KR2i0021_WYG_015-12a
019.md	187	KR2i0021_WYG_015-12b
019.md	195	KR2i0021_WYG_015-13a
019.md	203	KR2i0021_WYG_015-13b
019.md	211	KR2i0021_WYG_015-14a
019.md	219	KR2i0021_WYG_015-14b
019.md	227	KR2i0021_WYG_015-15a
019.md	235	KR2i0021_WYG_015-15b
019.md	243	KR2i0021_WYG_015-16a
019.md	251	KR2i0021_WYG_015-16b
019.md	259	KR2i0021_WYG_015-17a
019.md	267	KR2i0021_WYG_015-17b
019.md	275	KR2i0021_WYG_015-18a
019.md	283	KR2i0021_WYG_015-18b
019.md	291	KR2i0021_WYG_015-19a
019.md	299	KR2i0021_WYG_015-19b
019.md	307	KR2i0021_WYG_015-20a
019.md	315	KR2i0021_WYG_015-20b
019.md	323	KR2i0021_WYG_015-21a
019.md	331	KR2i0021_WYG_015-21b
019.md	339	KR2i0021_WYG_015-22a
019.md	347	KR2i0021_WYG_015-22b
019.md	355	KR2i0021_WYG_015-23a
019.md	363	KR2i0021_WYG_015-23b
020.md	3	KR2i0021_WYG_016-1a
020.md	11	KR2i0021_WYG_016-1b
020.md	19	KR2i0021_WYG_016-2a
020.md	27	KR2i0021_WYG_016-2b
020.md	35	KR2i0021_WYG_016-3a
020.md	43	KR2i0021_WYG_016-3b
020.md	51	KR2i0021_WYG_016-4a
020.md	59	KR2i0021_WYG_016-4b
020.md	67	KR2i0021_WYG_016-5a
020.md	75	KR2i0021_WYG_016-5b
020.md	83	KR2i0021_WYG_016-6a
020.md	91	KR2i0021_WYG_016-6b
020.md	99	KR2i0021_WYG_016-7a
020.md	107	KR2i0021_WYG_016-7b
020.md	115	KR2i0021_WYG_016-8a
020.md	123	KR2i0021_WYG_016-8b
020.md	131	KR2i0021_WYG_016-9a
020.md	139	KR2i0021_WYG_016-9b
020.md	147	KR2i0021_WYG_016-10a
020.md	155	KR2i0021_WYG_016-10b
020.md	163	KR2i0021_WYG_016-11a
020.md	171	KR2i0021_WYG_016-11b
020.md	179	KR2i0021_WYG_016-12a
020.md	187	KR2i0021_WYG_016-12b
020.md	195	KR2i0021_WYG_016-13a
020.md	203	KR2i0021_WYG_016-13b
020.md	211	KR2i0021_WYG_016-14a
020.md	219	KR2i0021_WYG_016-14b
020.md	227	KR2i0021_WYG_016-15a
020.md	235	KR2i0021_WYG_016-15b
020.md	243	KR2i0021_WYG_016-16a
020.md	251	KR2i0021_WYG_016-16b
020.md	259	KR2i0021_WYG_016-17a
020.md	267	KR2i0021_WYG_016-17b
020.md	275	KR2i0021_WYG_016-18a
020.md	283	KR2i0021_WYG_016-18b
020.md	291	KR2i0021_WYG_016-19a
020.md	299	KR2i0021_WYG_016-19b
020.md	307	KR2i0021_WYG_016-20a
020.md	315	KR2i0021_WYG_016-20b
020.md	323	KR2i0021_WYG_016-21a
020.md	331	KR2i0021_WYG_016-21b
020.md	339	KR2i0021_WYG_016-22a
020.md	347	KR2i0021_WYG_016-22b
020.md	355	KR2i0021_WYG_016-23a
020.md	363	KR2i0021_WYG_016-23b
020.md	371	KR2i0021_WYG_016-24a
020.md	379	KR2i0021_WYG_016-24b
020.md	387	KR2i0021_WYG_016-25a
020.md	395	KR2i0021_WYG_016-25b
020.md	403	KR2i0021_WYG_016-26a
020.md	411	KR2i0021_WYG_016-26b
020.md	419	KR2i0021_WYG_016-27a
020.md	427	KR2i0021_WYG_016-27b
020.md	435	KR2i0021_WYG_016-28a
020.md	443	KR2i0021_WYG_016-28b
020.md	451	KR2i0021_WYG_016-29a
020.md	459	KR2i0021_WYG_016-29b
020.md	467	KR2i0021_WYG_016-30a
020.md	475	KR2i0021_WYG_016-30b
020.md	483	KR2i0021_WYG_016-31a
020.md	491	KR2i0021_WYG_016-31b
020.md	499	KR2i0021_WYG_016-32a
020.md	507	KR2i0021_WYG_016-32b
020.md	515	KR2i0021_WYG_016-33a
020.md	523	KR2i0021_WYG_016-33b
020.md	531	KR2i0021_WYG_016-34a
020.md	539	KR2i0021_WYG_016-34b
021.md	3	KR2i0021_WYG_017-1a
021.md	11	KR2i0021_WYG_017-1b
021.md	19	KR2i0021_WYG_017-2a
021.md	27	KR2i0021_WYG_017-2b
021.md	35	KR2i0021_WYG_017-3a
021.md	43	KR2i0021_WYG_017-3b
021.md	51	KR2i0021_WYG_017-4a
021.md	59	KR2i0021_WYG_017-4b
021.md	67	KR2i0021_WYG_017-5a
021.md	75	KR2i0021_WYG_017-5b
021.md	83	KR2i0021_WYG_017-6a
021.md	91	KR2i0021_WYG_017-6b
021.md	99	KR2i0021_WYG_017-7a
021.md	107	KR2i0021_WYG_017-7b
021.md	115	KR2i0021_WYG_017-8a
021.md	123	KR2i0021_WYG_017-8b
021.md	131	KR2i0021_WYG_017-9a
021.md	139	KR2i0021_WYG_017-9b
021.md	147	KR2i0021_WYG_017-10a
021.md	155	KR2i0021_WYG_017-10b
021.md	163	KR2i0021_WYG_017-11a
021.md	171	KR2i0021_WYG_017-11b
021.md	179	KR2i0021_WYG_017-12a
021.md	187	KR2i0021_WYG_017-12b
021.md	195	KR2i0021_WYG_017-13a
021.md	203	KR2i0021_WYG_017-13b
021.md	211	KR2i0021_WYG_017-14a
021.md	219	KR2i0021_WYG_017-14b
021.md	227	KR2i0021_WYG_017-15a
021.md	235	KR2i0021_WYG_017-15b
021.md	243	KR2i0021_WYG_017-16a
021.md	251	KR2i0021_WYG_017-16b
021.md	259	KR2i0021_WYG_017-17a
021.md	267	KR2i0021_WYG_017-17b
021.md	275	KR2i0021_WYG_017-18a
021.md	283	KR2i0021_WYG_017-18b
021.md	291	KR2i0021_WYG_017-19a
021.md	299	KR2i0021_WYG_017-19b
021.md	307	KR2i0021_WYG_017-20a
021.md	315	KR2i0021_WYG_017-20b
021.md	323	KR2i0021_WYG_017-21a
021.md	331	KR2i0021_WYG_017-21b
021.md	339	KR2i0021_WYG_017-22a
021.md	347	KR2i0021_WYG_017-22b
021.md	355	KR2i0021_WYG_017-23a
021.md	363	KR2i0021_WYG_017-23b
022.md	3	KR2i0021_WYG_018-1a
022.md	11	KR2i0021_WYG_018-1b
022.md	19	KR2i0021_WYG_018-2a
022.md	27	KR2i0021_WYG_018-2b
022.md	35	KR2i0021_WYG_018-3a
022.md	43	KR2i0021_WYG_018-3b
022.md	51	KR2i0021_WYG_018-4a
022.md	59	KR2i0021_WYG_018-4b
022.md	67	KR2i0021_WYG_018-5a
022.md	75	KR2i0021_WYG_018-5b
022.md	83	KR2i0021_WYG_018-6a
022.md	91	KR2i0021_WYG_018-6b
022.md	99	KR2i0021_WYG_018-7a
022.md	107	KR2i0021_WYG_018-7b
022.md	115	KR2i0021_WYG_018-8a
022.md	123	KR2i0021_WYG_018-8b
022.md	131	KR2i0021_WYG_018-9a
022.md	139	KR2i0021_WYG_018-9b
022.md	147	KR2i0021_WYG_018-10a
022.md	155	KR2i0021_WYG_018-10b
022.md	163	KR2i0021_WYG_018-11a
022.md	171	KR2i0021_WYG_018-11b
023.md	3	KR2i0021_WYG_019-1a
023.md	11	KR2i0021_WYG_019-1b
023.md	19	KR2i0021_WYG_019-2a
023.md	27	KR2i0021_WYG_019-2b
023.md	35	KR2i0021_WYG_019-3a
023.md	43	KR2i0021_WYG_019-3b
023.md	51	KR2i0021_WYG_019-4a
023.md	59	KR2i0021_WYG_019-4b
023.md	67	KR2i0021_WYG_019-5a
023.md	75	KR2i0021_WYG_019-5b
023.md	83	KR2i0021_WYG_019-6a
023.md	91	KR2i0021_WYG_019-6b
023.md	99	KR2i0021_WYG_019-7a
023.md	107	KR2i0021_WYG_019-7b
023.md	115	KR2i0021_WYG_019-8a
023.md	123	KR2i0021_WYG_019-8b
023.md	131	KR2i0021_WYG_019-9a
023.md	139	KR2i0021_WYG_019-9b
023.md	147	KR2i0021_WYG_019-10a
023.md	155	KR2i0021_WYG_019-10b
023.md	163	KR2i0021_WYG_019-11a
023.md	171	KR2i0021_WYG_019-11b
023.md	179	KR2i0021_WYG_019-12a
023.md	187	KR2i0021_WYG_019-12b
023.md	195	KR2i0021_WYG_019-13a
023.md	203	KR2i0021_WYG_019-13b
023.md	211	KR2i0021_WYG_019-14a
023.md	219	KR2i0021_WYG_019-14b
023.md	227	KR2i0021_WYG_019-15a
023.md	235	KR2i0021_WYG_019-15b
023.md	243	KR2i0021_WYG_019-16a
023.md	251	KR2i0021_WYG_019-16b
023.md	259	KR2i0021_WYG_019-17a
023.md	267	KR2i0021_WYG_019-17b
023.md	275	KR2i0021_WYG_019-18a
023.md	283	KR2i0021_WYG_019-18b
024.md	3	KR2i0021_WYG_020-1a
024.md	11	KR2i0021_WYG_020-1b
024.md	19	KR2i0021_WYG_020-2a
024.md	27	KR2i0021_WYG_020-2b
024.md	35	KR2i0021_WYG_020-3a
024.md	43	KR2i0021_WYG_020-3b
024.md	51	KR2i0021_WYG_020-4a
024.md	59	KR2i0021_WYG_020-4b
024.md	67	KR2i0021_WYG_020-5a
024.md	75	KR2i0021_WYG_020-5b
024.md	83	KR2i0021_WYG_020-6a
024.md	91	KR2i0021_WYG_020-6b
024.md	99	KR2i0021_WYG_020-7a
024.md	107	KR2i0021_WYG_020-7b
024.md	115	KR2i0021_WYG_020-8a
024.md	123	KR2i0021_WYG_020-8b
024.md	131	KR2i0021_WYG_020-9a
024.md	139	KR2i0021_WYG_020-9b
024.md	147	KR2i0021_WYG_020-10a
024.md	155	KR2i0021_WYG_020-10b
024.md	163	KR2i0021_WYG_020-11a
024.md	171	KR2i0021_WYG_020-11b
024.md	179	KR2i0021_WYG_020-12a
024.md	187	KR2i0021_WYG_020-12b
025.md	3	KR2i0021_WYG_021-1a
025.md	11	KR2i0021_WYG_021-1b
025.md	19	KR2i0021_WYG_021-2a
025.md	27	KR2i0021_WYG_021-2b
025.md	35	KR2i0021_WYG_021-3a
025.md	43	KR2i0021_WYG_021-3b
025.md	51	KR2i0021_WYG_021-4a
025.md	59	KR2i0021_WYG_021-4b
025.md	67	KR2i0021_WYG_021-5a
025.md	75	KR2i0021_WYG_021-5b
025.md	83	KR2i0021_WYG_021-6a
025.md	91	KR2i0021_WYG_021-6b
025.md	99	KR2i0021_WYG_021-7a
025.md	107	KR2i0021_WYG_021-7b
025.md	115	KR2i0021_WYG_021-8a
025.md	123	KR2i0021_WYG_021-8b
025.md	131	KR2i0021_WYG_021-9a
025.md	139	KR2i0021_WYG_021-9b
025.md	147	KR2i0021_WYG_021-10a
025.md	155	KR2i0021_WYG_021-10b
025.md	163	KR2i0021_WYG_021-11a
025.md	171	KR2i0021_WYG_021-11b
025.md	179	KR2i0021_WYG_021-12a
025.md	187	KR2i0021_WYG_021-12b
025.md	195	KR2i0021_WYG_021-13a
025.md	203	KR2i0021_WYG_021-13b
025.md	211	KR2i0021_WYG_021-14a
025.md	219	KR2i0021_WYG_021-14b
026.md	3	KR2i0021_WYG_022-1a
026.md	11	KR2i0021_WYG_022-1b
026.md	19	KR2i0021_WYG_022-2a
026.md	27	KR2i0021_WYG_022-2b
026.md	35	KR2i0021_WYG_022-3a
026.md	43	KR2i0021_WYG_022-3b
026.md	51	KR2i0021_WYG_022-4a
026.md	59	KR2i0021_WYG_022-4b
026.md	67	KR2i0021_WYG_022-5a
026.md	75	KR2i0021_WYG_022-5b
026.md	83	KR2i0021_WYG_022-6a
026.md	91	KR2i0021_WYG_022-6b
026.md	99	KR2i0021_WYG_022-7a
026.md	107	KR2i0021_WYG_022-7b
026.md	115	KR2i0021_WYG_022-8a
026.md	123	KR2i0021_WYG_022-8b
026.md	131	KR2i0021_WYG_022-9a
026.md	139	KR2i0021_WYG_022-9b
026.md	147	KR2i0021_WYG_022-10a
026.md	155	KR2i0021_WYG_022-10b
026.md	163	KR2i0021_WYG_022-11a
026.md	171	KR2i0021_WYG_022-11b
026.md	179	KR2i0021_WYG_022-12a
026.md	187	KR2i0021_WYG_022-12b
026.md	195	KR2i0021_WYG_022-13a
026.md	203	KR2i0021_WYG_022-13b
026.md	211	KR2i0021_WYG_022-14a
026.md	219	KR2i0021_WYG_022-14b
027.md	3	KR2i0021_WYG_023-1a
027.md	11	KR2i0021_WYG_023-1b
027.md	19	KR2i0021_WYG_023-2a
027.md	27	KR2i0021_WYG_023-2b
027.md	35	KR2i0021_WYG_023-3a
027.md	43	KR2i0021_WYG_023-3b
027.md	51	KR2i0021_WYG_023-4a
027.md	59	KR2i0021_WYG_023-4b
027.md	67	KR2i0021_WYG_023-5a
027.md	75	KR2i0021_WYG_023-5b
027.md	83	KR2i0021_WYG_023-6a
027.md	91	KR2i0021_WYG_023-6b
027.md	99	KR2i0021_WYG_023-7a
027.md	107	KR2i0021_WYG_023-7b
027.md	115	KR2i0021_WYG_023-8a
027.md	123	KR2i0021_WYG_023-8b
027.md	131	KR2i0021_WYG_023-9a
027.md	139	KR2i0021_WYG_023-9b
028.md	3	KR2i0021_WYG_024-1a
028.md	11	KR2i0021_WYG_024-1b
028.md	19	KR2i0021_WYG_024-2a
028.md	27	KR2i0021_WYG_024-2b
028.md	35	KR2i0021_WYG_024-3a
028.md	43	KR2i0021_WYG_024-3b
028.md	51	KR2i0021_WYG_024-4a
028.md	59	KR2i0021_WYG_024-4b
028.md	67	KR2i0021_WYG_024-5a
028.md	75	KR2i0021_WYG_024-5b
028.md	83	KR2i0021_WYG_024-6a
028.md	91	KR2i0021_WYG_024-6b
028.md	99	KR2i0021_WYG_024-7a
028.md	107	KR2i0021_WYG_024-7b
028.md	115	KR2i0021_WYG_024-8a
028.md	123	KR2i0021_WYG_024-8b
028.md	131	KR2i0021_WYG_024-9a
028.md	139	KR2i0021_WYG_024-9b
028.md	147	KR2i0021_WYG_024-10a
028.md	155	KR2i0021_WYG_024-10b
028.md	163	KR2i0021_WYG_024-11a
028.md	171	KR2i0021_WYG_024-11b
028.md	179	KR2i0021_WYG_024-12a
028.md	187	KR2i0021_WYG_024-12b
028.md	195	KR2i0021_WYG_024-13a
028.md	203	KR2i0021_WYG_024-13b
028.md	211	KR2i0021_WYG_024-14a
028.md	219	KR2i0021_WYG_024-14b
028.md	227	KR2i0021_WYG_024-15a
028.md	235	KR2i0021_WYG_024-15b
028.md	243	KR2i0021_WYG_024-16a
028.md	251	KR2i0021_WYG_024-16b
029.md	3	KR2i0021_WYG_025-1a
029.md	11	KR2i0021_WYG_025-1b
029.md	19	KR2i0021_WYG_025-2a
029.md	27	KR2i0021_WYG_025-2b
029.md	35	KR2i0021_WYG_025-3a
029.md	43	KR2i0021_WYG_025-3b
029.md	51	KR2i0021_WYG_025-4a
029.md	59	KR2i0021_WYG_025-4b
029.md	67	KR2i0021_WYG_025-5a
029.md	75	KR2i0021_WYG_025-5b
029.md	83	KR2i0021_WYG_025-6a
029.md	91	KR2i0021_WYG_025-6b
029.md	99	KR2i0021_WYG_025-7a
029.md	107	KR2i0021_WYG_025-7b
029.md	115	KR2i0021_WYG_025-8a
029.md	123	KR2i0021_WYG_025-8b
029.md	131	KR2i0021_WYG_025-9a
029.md	139	KR2i0021_WYG_025-9b
029.md	147	KR2i0021_WYG_025-10a
029.md	155	KR2i0021_WYG_025-10b
029.md	163	KR2i0021_WYG_025-11a
029.md	171	KR2i0021_WYG_025-11b
029.md	179	KR2i0021_WYG_025-12a
029.md	187	KR2i0021_WYG_025-12b
029.md	195	KR2i0021_WYG_025-13a
029.md	203	KR2i0021_WYG_025-13b
029.md	211	KR2i0021_WYG_025-14a
029.md	219	KR2i0021_WYG_025-14b
029.md	227	KR2i0021_WYG_025-15a
029.md	235	KR2i0021_WYG_025-15b
029.md	243	KR2i0021_WYG_025-16a
029.md	251	KR2i0021_WYG_025-16b
029.md	259	KR2i0021_WYG_025-17a
029.md	267	KR2i0021_WYG_025-17b
030.md	3	KR2i0021_WYG_026-1a
030.md	11	KR2i0021_WYG_026-1b
030.md	19	KR2i0021_WYG_026-2a
030.md	27	KR2i0021_WYG_026-2b
030.md	35	KR2i0021_WYG_026-3a
030.md	43	KR2i0021_WYG_026-3b
030.md	51	KR2i0021_WYG_026-4a
030.md	59	KR2i0021_WYG_026-4b
030.md	67	KR2i0021_WYG_026-5a
030.md	75	KR2i0021_WYG_026-5b
030.md	83	KR2i0021_WYG_026-6a
030.md	91	KR2i0021_WYG_026-6b
030.md	99	KR2i0021_WYG_026-7a
030.md	107	KR2i0021_WYG_026-7b
030.md	115	KR2i0021_WYG_026-8a
030.md	123	KR2i0021_WYG_026-8b
030.md	131	KR2i0021_WYG_026-9a
030.md	139	KR2i0021_WYG_026-9b
030.md	147	KR2i0021_WYG_026-10a
030.md	155	KR2i0021_WYG_026-10b
030.md	163	KR2i0021_WYG_026-11a
030.md	171	KR2i0021_WYG_026-11b
030.md	179	KR2i0021_WYG_026-12a
030.md	187	KR2i0021_WYG_026-12b
030.md	195	KR2i0021_WYG_026-13a
030.md	203	KR2i0021_WYG_026-13b
030.md	211	KR2i0021_WYG_026-14a
030.md	219	KR2i0021_WYG_026-14b
030.md	227	KR2i0021_WYG_026-15a
030.md	235	KR2i0021_WYG_026-15b
030.md	243	KR2i0021_WYG_026-16a
030.md	251	KR2i0021_WYG_026-16b
030.md	259	KR2i0021_WYG_026-17a
030.md	267	KR2i0021_WYG_026-17b
030.md	275	KR2i0021_WYG_026-18a
030.md	283	KR2i0021_WYG_026-18b
030.md	291	KR2i0021_WYG_026-19a
030.md	299	KR2i0021_WYG_026-19b
030.md	307	KR2i0021_WYG_026-20a
030.md	315	KR2i0021_WYG_026-20b
030.md	323	KR2i0021_WYG_026-21a
030.md	331	KR2i0021_WYG_026-21b
030.md	339	KR2i0021_WYG_026-22a
030.md	347	KR2i0021_WYG_026-22b
030.md	355	KR2i0021_WYG_026-23a
030.md	363	KR2i0021_WYG_026-23b
031.md	3	KR2i0021_WYG_027-1a
031.md	11	KR2i0021_WYG_027-1b
031.md	19	KR2i0021_WYG_027-2a
031.md	27	KR2i0021_WYG_027-2b
031.md	35	KR2i0021_WYG_027-3a
031.md	43	KR2i0021_WYG_027-3b
031.md	51	KR2i0021_WYG_027-4a
031.md	59	KR2i0021_WYG_027-4b
031.md	67	KR2i0021_WYG_027-5a
031.md	75	KR2i0021_WYG_027-5b
031.md	83	KR2i0021_WYG_027-6a
031.md	91	KR2i0021_WYG_027-6b
031.md	99	KR2i0021_WYG_027-7a
031.md	107	KR2i0021_WYG_027-7b
031.md	115	KR2i0021_WYG_027-8a
031.md	123	KR2i0021_WYG_027-8b
031.md	131	KR2i0021_WYG_027-9a
031.md	139	KR2i0021_WYG_027-9b
031.md	147	KR2i0021_WYG_027-10a
031.md	155	KR2i0021_WYG_027-10b
031.md	163	KR2i0021_WYG_027-11a
031.md	171	KR2i0021_WYG_027-11b
031.md	179	KR2i0021_WYG_027-12a
031.md	187	KR2i0021_WYG_027-12b
031.md	195	KR2i0021_WYG_027-13a
031.md	203	KR2i0021_WYG_027-13b
031.md	211	KR2i0021_WYG_027-14a
031.md	219	KR2i0021_WYG_027-14b
031.md	227	KR2i0021_WYG_027-15a
031.md	235	KR2i0021_WYG_027-15b
031.md	243	KR2i0021_WYG_027-16a
031.md	251	KR2i0021_WYG_027-16b
031.md	259	KR2i0021_WYG_027-17a
031.md	267	KR2i0021_WYG_027-17b
031.md	275	KR2i0021_WYG_027-18a
031.md	283	KR2i0021_WYG_027-18b
031.md	291	KR2i0021_WYG_027-19a
031.md	299	KR2i0021_WYG_027-19b
031.md	307	KR2i0021_WYG_027-20a
031.md	315	KR2i0021_WYG_027-20b
031.md	323	KR2i0021_WYG_027-21a
031.md	331	KR2i0021_WYG_027-21b
031.md	339	KR2i0021_WYG_027-22a
031.md	347	KR2i0021_WYG_027-22b
032.md	3	KR2i0021_WYG_028-1a
032.md	11	KR2i0021_WYG_028-1b
032.md	19	KR2i0021_WYG_028-2a
032.md	27	KR2i0021_WYG_028-2b
032.md	35	KR2i0021_WYG_028-3a
032.md	43	KR2i0021_WYG_028-3b
032.md	51	KR2i0021_WYG_028-4a
032.md	59	KR2i0021_WYG_028-4b
032.md	67	KR2i0021_WYG_028-5a
032.md	75	KR2i0021_WYG_028-5b
032.md	83	KR2i0021_WYG_028-6a
032.md	91	KR2i0021_WYG_028-6b
032.md	99	KR2i0021_WYG_028-7a
032.md	107	KR2i0021_WYG_028-7b
032.md	115	KR2i0021_WYG_028-8a
032.md	123	KR2i0021_WYG_028-8b
032.md	131	KR2i0021_WYG_028-9a
032.md	139	KR2i0021_WYG_028-9b
032.md	147	KR2i0021_WYG_028-10a
032.md	155	KR2i0021_WYG_028-10b
032.md	163	KR2i0021_WYG_028-11a
032.md	171	KR2i0021_WYG_028-11b
032.md	179	KR2i0021_WYG_028-12a
032.md	187	KR2i0021_WYG_028-12b
032.md	195	KR2i0021_WYG_028-13a
032.md	203	KR2i0021_WYG_028-13b
032.md	211	KR2i0021_WYG_028-14a
032.md	219	KR2i0021_WYG_028-14b
032.md	227	KR2i0021_WYG_028-15a
032.md	235	KR2i0021_WYG_028-15b
032.md	243	KR2i0021_WYG_028-16a
032.md	251	KR2i0021_WYG_028-16b
032.md	259	KR2i0021_WYG_028-17a
032.md	267	KR2i0021_WYG_028-17b
032.md	275	KR2i0021_WYG_028-18a
032.md	283	KR2i0021_WYG_028-18b
033.md	3	KR2i0021_WYG_029-1a
033.md	11	KR2i0021_WYG_029-1b
033.md	19	KR2i0021_WYG_029-2a
033.md	27	KR2i0021_WYG_029-2b
033.md	35	KR2i0021_WYG_029-3a
033.md	43	KR2i0021_WYG_029-3b
033.md	51	KR2i0021_WYG_029-4a
033.md	59	KR2i0021_WYG_029-4b
033.md	67	KR2i0021_WYG_029-5a
033.md	75	KR2i0021_WYG_029-5b
033.md	83	KR2i0021_WYG_029-6a
033.md	91	KR2i0021_WYG_029-6b
033.md	99	KR2i0021_WYG_029-7a
033.md	107	KR2i0021_WYG_029-7b
033.md	115	KR2i0021_WYG_029-8a
033.md	123	KR2i0021_WYG_029-8b
033.md	131	KR2i0021_WYG_029-9a
033.md	139	KR2i0021_WYG_029-9b
033.md	147	KR2i0021_WYG_029-10a
033.md	155	KR2i0021_WYG_029-10b
033.md	163	KR2i0021_WYG_029-11a
033.md	171	KR2i0021_WYG_029-11b
033.md	179	KR2i0021_WYG_029-12a
033.md	187	KR2i0021_WYG_029-12b
033.md	195	KR2i0021_WYG_029-13a
033.md	203	KR2i0021_WYG_029-13b
033.md	211	KR2i0021_WYG_029-14a
033.md	219	KR2i0021_WYG_029-14b
033.md	227	KR2i0021_WYG_029-15a
033.md	235	KR2i0021_WYG_029-15b
033.md	243	KR2i0021_WYG_029-16a
033.md	251	KR2i0021_WYG_029-16b
034.md	3	KR2i0021_WYG_030-1a
034.md	11	KR2i0021_WYG_030-1b
034.md	19	KR2i0021_WYG_030-2a
034.md	27	KR2i0021_WYG_030-2b
034.md	35	KR2i0021_WYG_030-3a
034.md	43	KR2i0021_WYG_030-3b
034.md	51	KR2i0021_WYG_030-4a
034.md	59	KR2i0021_WYG_030-4b
034.md	67	KR2i0021_WYG_030-5a
034.md	75	KR2i0021_WYG_030-5b
034.md	83	KR2i0021_WYG_030-6a
034.md	91	KR2i0021_WYG_030-6b
034.md	99	KR2i0021_WYG_030-7a
034.md	107	KR2i0021_WYG_030-7b
034.md	115	KR2i0021_WYG_030-8a
034.md	123	KR2i0021_WYG_030-8b
034.md	131	KR2i0021_WYG_030-9a
034.md	139	KR2i0021_WYG_030-9b
034.md	147	KR2i0021_WYG_030-10a
034.md	155	KR2i0021_WYG_030-10b
034.md	163	KR2i0021_WYG_030-11a
034.md	171	KR2i0021_WYG_030-11b
034.md	179	KR2i0021_WYG_030-12a
034.md	187	KR2i0021_WYG_030-12b
034.md	195	KR2i0021_WYG_030-13a
034.md	203	KR2i0021_WYG_030-13b
034.md	211	KR2i0021_WYG_030-14a
034.md	219	KR2i0021_WYG_030-14b
034.md	227	KR2i0021_WYG_030-15a
034.md	235	KR2i0021_WYG_030-15b
034.md	243	KR2i0021_WYG_030-16a
034.md	251	KR2i0021_WYG_030-16b
034.md	259	KR2i0021_WYG_030-17a
034.md	267	KR2i0021_WYG_030-17b
034.md	275	KR2i0021_WYG_030-18a
034.md	283	KR2i0021_WYG_030-18b
034.md	291	KR2i0021_WYG_030-19a
034.md	299	KR2i0021_WYG_030-19b
034.md	307	KR2i0021_WYG_030-20a
034.md	315	KR2i0021_WYG_030-20b
034.md	323	KR2i0021_WYG_030-21a
034.md	331	KR2i0021_WYG_030-21b
035.md	3	KR2i0021_WYG_031-1a
035.md	11	KR2i0021_WYG_031-1b
035.md	19	KR2i0021_WYG_031-2a
035.md	27	KR2i0021_WYG_031-2b
035.md	35	KR2i0021_WYG_031-3a
035.md	43	KR2i0021_WYG_031-3b
035.md	51	KR2i0021_WYG_031-4a
035.md	59	KR2i0021_WYG_031-4b
035.md	67	KR2i0021_WYG_031-5a
035.md	75	KR2i0021_WYG_031-5b
035.md	83	KR2i0021_WYG_031-6a
035.md	91	KR2i0021_WYG_031-6b
035.md	99	KR2i0021_WYG_031-7a
035.md	107	KR2i0021_WYG_031-7b
035.md	115	KR2i0021_WYG_031-8a
035.md	123	KR2i0021_WYG_031-8b
035.md	131	KR2i0021_WYG_031-9a
035.md	139	KR2i0021_WYG_031-9b
035.md	147	KR2i0021_WYG_031-10a
035.md	155	KR2i0021_WYG_031-10b
035.md	163	KR2i0021_WYG_031-11a
035.md	171	KR2i0021_WYG_031-11b
035.md	179	KR2i0021_WYG_031-12a
035.md	187	KR2i0021_WYG_031-12b
036.md	3	KR2i0021_WYG_032-1a
036.md	11	KR2i0021_WYG_032-1b
036.md	19	KR2i0021_WYG_032-2a
036.md	27	KR2i0021_WYG_032-2b
036.md	35	KR2i0021_WYG_032-3a
036.md	43	KR2i0021_WYG_032-3b
036.md	51	KR2i0021_WYG_032-4a
036.md	59	KR2i0021_WYG_032-4b
036.md	67	KR2i0021_WYG_032-5a
036.md	75	KR2i0021_WYG_032-5b
036.md	83	KR2i0021_WYG_032-6a
036.md	91	KR2i0021_WYG_032-6b
036.md	99	KR2i0021_WYG_032-7a
036.md	107	KR2i0021_WYG_032-7b
036.md	115	KR2i0021_WYG_032-8a
036.md	123	KR2i0021_WYG_032-8b
037.md	3	KR2i0021_WYG_033-1a
037.md	11	KR2i0021_WYG_033-1b
037.md	19	KR2i0021_WYG_033-2a
037.md	27	KR2i0021_WYG_033-2b
037.md	35	KR2i0021_WYG_033-3a
037.md	43	KR2i0021_WYG_033-3b
037.md	51	KR2i0021_WYG_033-4a
037.md	59	KR2i0021_WYG_033-4b
037.md	67	KR2i0021_WYG_033-5a
037.md	75	KR2i0021_WYG_033-5b
037.md	83	KR2i0021_WYG_033-6a
037.md	91	KR2i0021_WYG_033-6b
037.md	99	KR2i0021_WYG_033-7a
037.md	107	KR2i0021_WYG_033-7b
037.md	115	KR2i0021_WYG_033-8a
037.md	123	KR2i0021_WYG_033-8b
037.md	131	KR2i0021_WYG_033-9a
037.md	139	KR2i0021_WYG_033-9b
038.md	3	KR2i0021_WYG_034-1a
038.md	11	KR2i0021_WYG_034-1b
038.md	19	KR2i0021_WYG_034-2a
038.md	27	KR2i0021_WYG_034-2b
038.md	35	KR2i0021_WYG_034-3a
038.md	43	KR2i0021_WYG_034-3b
038.md	51	KR2i0021_WYG_034-4a
038.md	59	KR2i0021_WYG_034-4b
038.md	67	KR2i0021_WYG_034-5a
038.md	75	KR2i0021_WYG_034-5b
038.md	83	KR2i0021_WYG_034-6a
038.md	91	KR2i0021_WYG_034-6b
038.md	99	KR2i0021_WYG_034-7a
038.md	107	KR2i0021_WYG_034-7b
038.md	115	KR2i0021_WYG_034-8a
038.md	123	KR2i0021_WYG_034-8b
038.md	131	KR2i0021_WYG_034-9a
038.md	139	KR2i0021_WYG_034-9b
038.md	147	KR2i0021_WYG_034-10a
038.md	155	KR2i0021_WYG_034-10b
039.md	3	KR2i0021_WYG_035-1a
039.md	11	KR2i0021_WYG_035-1b
039.md	19	KR2i0021_WYG_035-2a
039.md	27	KR2i0021_WYG_035-2b
039.md	35	KR2i0021_WYG_035-3a
039.md	43	KR2i0021_WYG_035-3b
039.md	51	KR2i0021_WYG_035-4a
039.md	59	KR2i0021_WYG_035-4b
039.md	67	KR2i0021_WYG_035-5a
039.md	75	KR2i0021_WYG_035-5b
039.md	83	KR2i0021_WYG_035-6a
039.md	91	KR2i0021_WYG_035-6b
039.md	99	KR2i0021_WYG_035-7a
039.md	107	KR2i0021_WYG_035-7b
039.md	115	KR2i0021_WYG_035-8a
039.md	123	KR2i0021_WYG_035-8b
039.md	131	KR2i0021_WYG_035-9a
039.md	139	KR2i0021_WYG_035-9b
039.md	147	KR2i0021_WYG_035-10a
039.md	155	KR2i0021_WYG_035-10b
039.md	163	KR2i0021_WYG_035-11a
039.md	171	KR2i0021_WYG_035-11b
039.md	179	KR2i0021_WYG_035-12a
039.md	187	KR2i0021_WYG_035-12b
039.md	195	KR2i0021_WYG_035-13a
039.md	203	KR2i0021_WYG_035-13b
039.md	211	KR2i0021_WYG_035-14a
039.md	219	KR2i0021_WYG_035-14b
039.md	227	KR2i0021_WYG_035-15a
039.md	235	KR2i0021_WYG_035-15b
039.md	243	KR2i0021_WYG_035-16a
039.md	251	KR2i0021_WYG_035-16b
039.md	259	KR2i0021_WYG_035-17a
039.md	267	KR2i0021_WYG_035-17b
039.md	275	KR2i0021_WYG_035-18a
039.md	283	KR2i0021_WYG_035-18b
039.md	291	KR2i0021_WYG_035-19a
039.md	299	KR2i0021_WYG_035-19b
039.md	307	KR2i0021_WYG_035-20a
039.md	315	KR2i0021_WYG_035-20b
039.md	323	KR2i0021_WYG_035-21a
039.md	331	KR2i0021_WYG_035-21b
039.md	339	KR2i0021_WYG_035-22a
039.md	347	KR2i0021_WYG_035-22b
039.md	355	KR2i0021_WYG_035-23a
039.md	363	KR2i0021_WYG_035-23b
039.md	371	KR2i0021_WYG_035-24a
039.md	379	KR2i0021_WYG_035-24b
039.md	387	KR2i0021_WYG_035-25a
039.md	395	KR2i0021_WYG_035-25b
039.md	403	KR2i0021_WYG_035-26a
039.md	411	KR2i0021_WYG_035-26b
040.md	3	KR2i0021_WYG_036-1a
040.md	11	KR2i0021_WYG_036-1b
040.md	19	KR2i0021_WYG_036-2a
040.md	27	KR2i0021_WYG_036-2b
040.md	35	KR2i0021_WYG_036-3a
040.md	43	KR2i0021_WYG_036-3b
040.md	51	KR2i0021_WYG_036-4a
040.md	59	KR2i0021_WYG_036-4b
040.md	67	KR2i0021_WYG_036-5a
040.md	75	KR2i0021_WYG_036-5b
040.md	83	KR2i0021_WYG_036-6a
040.md	91	KR2i0021_WYG_036-6b
040.md	99	KR2i0021_WYG_036-7a
040.md	107	KR2i0021_WYG_036-7b
040.md	115	KR2i0021_WYG_036-8a
040.md	123	KR2i0021_WYG_036-8b
040.md	131	KR2i0021_WYG_036-9a
040.md	139	KR2i0021_WYG_036-9b
040.md	147	KR2i0021_WYG_036-10a
040.md	155	KR2i0021_WYG_036-10b
040.md	163	KR2i0021_WYG_036-11a
040.md	171	KR2i0021_WYG_036-11b
040.md	179	KR2i0021_WYG_036-12a
040.md	187	KR2i0021_WYG_036-12b
040.md	195	KR2i0021_WYG_036-13a
040.md	203	KR2i0021_WYG_036-13b
040.md	211	KR2i0021_WYG_036-14a
040.md	219	KR2i0021_WYG_036-14b
040.md	227	KR2i0021_WYG_036-15a
040.md	235	KR2i0021_WYG_036-15b
040.md	243	KR2i0021_WYG_036-16a
040.md	251	KR2i0021_WYG_036-16b
040.md	259	KR2i0021_WYG_036-17a
040.md	267	KR2i0021_WYG_036-17b
040.md	275	KR2i0021_WYG_036-18a
040.md	283	KR2i0021_WYG_036-18b
040.md	291	KR2i0021_WYG_036-19a
040.md	299	KR2i0021_WYG_036-19b
040.md	307	KR2i0021_WYG_036-20a
040.md	315	KR2i0021_WYG_036-20b
040.md	323	KR2i0021_WYG_036-21a
040.md	331	KR2i0021_WYG_036-21b
040.md	339	KR2i0021_WYG_036-22a
040.md	347	KR2i0021_WYG_036-22b
040.md	355	KR2i0021_WYG_036-23a
040.md	363	KR2i0021_WYG_036-23b
040.md	371	KR2i0021_WYG_036-24a
040.md	379	KR2i0021_WYG_036-24b
040.md	387	KR2i0021_WYG_036-25a
040.md	395	KR2i0021_WYG_036-25b
040.md	403	KR2i0021_WYG_036-26a
040.md	411	KR2i0021_WYG_036-26b
040.md	419	KR2i0021_WYG_036-27a
040.md	427	KR2i0021_WYG_036-27b
040.md	435	KR2i0021_WYG_036-28a
040.md	443	KR2i0021_WYG_036-28b
040.md	451	KR2i0021_WYG_036-29a
040.md	459	KR2i0021_WYG_036-29b
041.md	3	KR2i0021_WYG_037-1a
041.md	11	KR2i0021_WYG_037-1b
041.md	19	KR2i0021_WYG_037-2a
041.md	27	KR2i0021_WYG_037-2b
041.md	35	KR2i0021_WYG_037-3a
041.md	43	KR2i0021_WYG_037-3b
041.md	51	KR2i0021_WYG_037-4a
041.md	59	KR2i0021_WYG_037-4b
041.md	67	KR2i0021_WYG_037-5a
041.md	75	KR2i0021_WYG_037-5b
041.md	83	KR2i0021_WYG_037-6a
041.md	91	KR2i0021_WYG_037-6b
041.md	99	KR2i0021_WYG_037-7a
041.md	107	KR2i0021_WYG_037-7b
041.md	115	KR2i0021_WYG_037-8a
041.md	123	KR2i0021_WYG_037-8b
041.md	131	KR2i0021_WYG_037-9a
041.md	139	KR2i0021_WYG_037-9b
041.md	147	KR2i0021_WYG_037-10a
041.md	155	KR2i0021_WYG_037-10b
041.md	163	KR2i0021_WYG_037-11a
041.md	171	KR2i0021_WYG_037-11b
041.md	179	KR2i0021_WYG_037-12a
041.md	187	KR2i0021_WYG_037-12b
041.md	195	KR2i0021_WYG_037-13a
041.md	203	KR2i0021_WYG_037-13b
041.md	211	KR2i0021_WYG_037-14a
041.md	219	KR2i0021_WYG_037-14b
041.md	227	KR2i0021_WYG_037-15a
041.md	235	KR2i0021_WYG_037-15b
041.md	243	KR2i0021_WYG_037-16a
041.md	251	KR2i0021_WYG_037-16b
041.md	259	KR2i0021_WYG_037-17a
041.md	267	KR2i0021_WYG_037-17b
041.md	275	KR2i0021_WYG_037-18a
041.md	283	KR2i0021_WYG_037-18b
041.md	291	KR2i0021_WYG_037-19a
041.md	299	KR2i0021_WYG_037-19b
041.md	307	KR2i0021_WYG_037-20a
041.md	315	KR2i0021_WYG_037-20b
041.md	323	KR2i0021_WYG_037-21a
041.md	331	KR2i0021_WYG_037-21b
041.md	339	KR2i0021_WYG_037-22a
041.md	347	KR2i0021_WYG_037-22b
041.md	355	KR2i0021_WYG_037-23a
041.md	363	KR2i0021_WYG_037-23b
041.md	371	KR2i0021_WYG_037-24a
041.md	379	KR2i0021_WYG_037-24b
041.md	387	KR2i0021_WYG_037-25a
041.md	395	KR2i0021_WYG_037-25b
041.md	403	KR2i0021_WYG_037-26a
041.md	411	KR2i0021_WYG_037-26b
041.md	419	KR2i0021_WYG_037-27a
041.md	427	KR2i0021_WYG_037-27b
041.md	435	KR2i0021_WYG_037-28a
041.md	443	KR2i0021_WYG_037-28b
041.md	451	KR2i0021_WYG_037-29a
041.md	459	KR2i0021_WYG_037-29b
041.md	467	KR2i0021_WYG_037-30a
041.md	475	KR2i0021_WYG_037-30b
041.md	483	KR2i0021_WYG_037-31a
041.md	491	KR2i0021_WYG_037-31b
042.md	3	KR2i0021_WYG_038-1a
042.md	11	KR2i0021_WYG_038-1b
042.md	19	KR2i0021_WYG_038-2a
042.md	27	KR2i0021_WYG_038-2b
042.md	35	KR2i0021_WYG_038-3a
042.md	43	KR2i0021_WYG_038-3b
042.md	51	KR2i0021_WYG_038-4a
042.md	59	KR2i0021_WYG_038-4b
042.md	67	KR2i0021_WYG_038-5a
042.md	75	KR2i0021_WYG_038-5b
042.md	83	KR2i0021_WYG_038-6a
042.md	91	KR2i0021_WYG_038-6b
042.md	99	KR2i0021_WYG_038-7a
042.md	107	KR2i0021_WYG_038-7b
042.md	115	KR2i0021_WYG_038-8a
042.md	123	KR2i0021_WYG_038-8b
042.md	131	KR2i0021_WYG_038-9a
042.md	139	KR2i0021_WYG_038-9b
042.md	147	KR2i0021_WYG_038-10a
042.md	155	KR2i0021_WYG_038-10b
042.md	163	KR2i0021_WYG_038-11a
042.md	171	KR2i0021_WYG_038-11b
042.md	179	KR2i0021_WYG_038-12a
042.md	187	KR2i0021_WYG_038-12b
042.md	195	KR2i0021_WYG_038-13a
042.md	203	KR2i0021_WYG_038-13b
043.md	3	KR2i0021_WYG_039-1a
043.md	11	KR2i0021_WYG_039-1b
043.md	19	KR2i0021_WYG_039-2a
043.md	27	KR2i0021_WYG_039-2b
043.md	35	KR2i0021_WYG_039-3a
043.md	43	KR2i0021_WYG_039-3b
043.md	51	KR2i0021_WYG_039-4a
043.md	59	KR2i0021_WYG_039-4b
043.md	67	KR2i0021_WYG_039-5a
043.md	75	KR2i0021_WYG_039-5b
043.md	83	KR2i0021_WYG_039-6a
043.md	91	KR2i0021_WYG_039-6b
043.md	99	KR2i0021_WYG_039-7a
043.md	107	KR2i0021_WYG_039-7b
043.md	115	KR2i0021_WYG_039-8a
043.md	123	KR2i0021_WYG_039-8b
043.md	131	KR2i0021_WYG_039-9a
043.md	139	KR2i0021_WYG_039-9b
043.md	147	KR2i0021_WYG_039-10a
043.md	155	KR2i0021_WYG_039-10b
043.md	163	KR2i0021_WYG_039-11a
043.md	171	KR2i0021_WYG_039-11b
043.md	179	KR2i0021_WYG_039-12a
043.md	187	KR2i0021_WYG_039-12b
043.md	195	KR2i0021_WYG_039-13a
043.md	203	KR2i0021_WYG_039-13b
043.md	211	KR2i0021_WYG_039-14a
043.md	219	KR2i0021_WYG_039-14b
043.md	227	KR2i0021_WYG_039-15a
043.md	235	KR2i0021_WYG_039-15b
043.md	243	KR2i0021_WYG_039-16a
043.md	251	KR2i0021_WYG_039-16b
043.md	259	KR2i0021_WYG_039-17a
043.md	267	KR2i0021_WYG_039-17b
043.md	275	KR2i0021_WYG_039-18a
043.md	283	KR2i0021_WYG_039-18b
043.md	291	KR2i0021_WYG_039-19a
043.md	299	KR2i0021_WYG_039-19b
043.md	307	KR2i0021_WYG_039-20a
043.md	315	KR2i0021_WYG_039-20b
044.md	3	KR2i0021_WYG_040-1a
044.md	11	KR2i0021_WYG_040-1b
044.md	19	KR2i0021_WYG_040-2a
044.md	27	KR2i0021_WYG_040-2b
044.md	35	KR2i0021_WYG_040-3a
044.md	43	KR2i0021_WYG_040-3b
044.md	51	KR2i0021_WYG_040-4a
044.md	59	KR2i0021_WYG_040-4b
044.md	67	KR2i0021_WYG_040-5a
044.md	75	KR2i0021_WYG_040-5b
044.md	83	KR2i0021_WYG_040-6a
044.md	91	KR2i0021_WYG_040-6b
044.md	99	KR2i0021_WYG_040-7a
044.md	107	KR2i0021_WYG_040-7b
044.md	115	KR2i0021_WYG_040-8a
044.md	123	KR2i0021_WYG_040-8b
044.md	131	KR2i0021_WYG_040-9a
044.md	139	KR2i0021_WYG_040-9b
044.md	147	KR2i0021_WYG_040-10a
044.md	155	KR2i0021_WYG_040-10b
044.md	163	KR2i0021_WYG_040-11a
044.md	171	KR2i0021_WYG_040-11b
044.md	179	KR2i0021_WYG_040-12a
044.md	187	KR2i0021_WYG_040-12b
044.md	195	KR2i0021_WYG_040-13a
044.md	203	KR2i0021_WYG_040-13b
044.md	211	KR2i0021_WYG_040-14a
044.md	219	KR2i0021_WYG_040-14b
045.md	3	KR2i0021_WYG_041-1a
045.md	11	KR2i0021_WYG_041-1b
045.md	19	KR2i0021_WYG_041-2a
045.md	27	KR2i0021_WYG_041-2b
045.md	35	KR2i0021_WYG_041-3a
045.md	43	KR2i0021_WYG_041-3b
045.md	51	KR2i0021_WYG_041-4a
045.md	59	KR2i0021_WYG_041-4b
045.md	67	KR2i0021_WYG_041-5a
045.md	75	KR2i0021_WYG_041-5b
045.md	83	KR2i0021_WYG_041-6a
045.md	91	KR2i0021_WYG_041-6b
045.md	99	KR2i0021_WYG_041-7a
045.md	107	KR2i0021_WYG_041-7b
045.md	115	KR2i0021_WYG_041-8a
045.md	123	KR2i0021_WYG_041-8b
045.md	131	KR2i0021_WYG_041-9a
045.md	139	KR2i0021_WYG_041-9b
045.md	147	KR2i0021_WYG_041-10a
045.md	155	KR2i0021_WYG_041-10b
045.md	163	KR2i0021_WYG_041-11a
045.md	171	KR2i0021_WYG_041-11b
045.md	179	KR2i0021_WYG_041-12a
045.md	187	KR2i0021_WYG_041-12b
045.md	195	KR2i0021_WYG_041-13a
045.md	203	KR2i0021_WYG_041-13b
045.md	211	KR2i0021_WYG_041-14a
045.md	219	KR2i0021_WYG_041-14b
046.md	3	KR2i0021_WYG_042-1a
046.md	11	KR2i0021_WYG_042-1b
046.md	19	KR2i0021_WYG_042-2a
046.md	27	KR2i0021_WYG_042-2b
046.md	35	KR2i0021_WYG_042-3a
046.md	43	KR2i0021_WYG_042-3b
046.md	51	KR2i0021_WYG_042-4a
046.md	59	KR2i0021_WYG_042-4b
046.md	67	KR2i0021_WYG_042-5a
046.md	75	KR2i0021_WYG_042-5b
046.md	83	KR2i0021_WYG_042-6a
046.md	91	KR2i0021_WYG_042-6b
046.md	99	KR2i0021_WYG_042-7a
046.md	107	KR2i0021_WYG_042-7b
046.md	115	KR2i0021_WYG_042-8a
046.md	123	KR2i0021_WYG_042-8b
046.md	131	KR2i0021_WYG_042-9a
046.md	139	KR2i0021_WYG_042-9b
046.md	147	KR2i0021_WYG_042-10a
046.md	155	KR2i0021_WYG_042-10b
046.md	163	KR2i0021_WYG_042-11a
046.md	171	KR2i0021_WYG_042-11b
046.md	179	KR2i0021_WYG_042-12a
046.md	187	KR2i0021_WYG_042-12b
046.md	195	KR2i0021_WYG_042-13a
046.md	203	KR2i0021_WYG_042-13b
046.md	211	KR2i0021_WYG_042-14a
046.md	219	KR2i0021_WYG_042-14b
046.md	227	KR2i0021_WYG_042-15a
046.md	235	KR2i0021_WYG_042-15b
046.md	243	KR2i0021_WYG_042-16a
046.md	251	KR2i0021_WYG_042-16b
047.md	3	KR2i0021_WYG_043-1a
047.md	11	KR2i0021_WYG_043-1b
047.md	19	KR2i0021_WYG_043-2a
047.md	27	KR2i0021_WYG_043-2b
047.md	35	KR2i0021_WYG_043-3a
047.md	43	KR2i0021_WYG_043-3b
047.md	51	KR2i0021_WYG_043-4a
047.md	59	KR2i0021_WYG_043-4b
047.md	67	KR2i0021_WYG_043-5a
047.md	75	KR2i0021_WYG_043-5b
047.md	83	KR2i0021_WYG_043-6a
047.md	91	KR2i0021_WYG_043-6b
047.md	99	KR2i0021_WYG_043-7a
047.md	107	KR2i0021_WYG_043-7b
047.md	115	KR2i0021_WYG_043-8a
047.md	123	KR2i0021_WYG_043-8b
047.md	131	KR2i0021_WYG_043-9a
047.md	139	KR2i0021_WYG_043-9b
047.md	147	KR2i0021_WYG_043-10a
047.md	155	KR2i0021_WYG_043-10b
047.md	163	KR2i0021_WYG_043-11a
047.md	171	KR2i0021_WYG_043-11b
047.md	179	KR2i0021_WYG_043-12a
047.md	187	KR2i0021_WYG_043-12b
047.md	195	KR2i0021_WYG_043-13a
047.md	203	KR2i0021_WYG_043-13b
048.md	3	KR2i0021_WYG_044-1a
048.md	11	KR2i0021_WYG_044-1b
048.md	19	KR2i0021_WYG_044-2a
048.md	27	KR2i0021_WYG_044-2b
048.md	35	KR2i0021_WYG_044-3a
048.md	43	KR2i0021_WYG_044-3b
048.md	51	KR2i0021_WYG_044-4a
048.md	59	KR2i0021_WYG_044-4b
048.md	67	KR2i0021_WYG_044-5a
048.md	75	KR2i0021_WYG_044-5b
048.md	83	KR2i0021_WYG_044-6a
048.md	91	KR2i0021_WYG_044-6b
048.md	99	KR2i0021_WYG_044-7a
048.md	107	KR2i0021_WYG_044-7b
048.md	115	KR2i0021_WYG_044-8a
048.md	123	KR2i0021_WYG_044-8b
048.md	131	KR2i0021_WYG_044-9a
048.md	139	KR2i0021_WYG_044-9b
048.md	147	KR2i0021_WYG_044-10a
048.md	155	KR2i0021_WYG_044-10b
048.md	163	KR2i0021_WYG_044-11a
048.md	171	KR2i0021_WYG_044-11b
048.md	179	KR2i0021_WYG_044-12a
048.md	187	KR2i0021_WYG_044-12b
048.md	195	KR2i0021_WYG_044-13a
048.md	203	KR2i0021_WYG_044-13b
049.md	3	KR2i0021_WYG_045-1a
049.md	11	KR2i0021_WYG_045-1b
049.md	19	KR2i0021_WYG_045-2a
049.md	27	KR2i0021_WYG_045-2b
049.md	35	KR2i0021_WYG_045-3a
049.md	43	KR2i0021_WYG_045-3b
049.md	51	KR2i0021_WYG_045-4a
049.md	59	KR2i0021_WYG_045-4b
049.md	67	KR2i0021_WYG_045-5a
049.md	75	KR2i0021_WYG_045-5b
049.md	83	KR2i0021_WYG_045-6a
049.md	91	KR2i0021_WYG_045-6b
049.md	99	KR2i0021_WYG_045-7a
049.md	107	KR2i0021_WYG_045-7b
050.md	3	KR2i0021_WYG_046-1a
050.md	11	KR2i0021_WYG_046-1b
050.md	19	KR2i0021_WYG_046-2a
050.md	27	KR2i0021_WYG_046-2b
050.md	35	KR2i0021_WYG_046-3a
050.md	43	KR2i0021_WYG_046-3b
050.md	51	KR2i0021_WYG_046-4a
050.md	59	KR2i0021_WYG_046-4b
050.md	67	KR2i0021_WYG_046-5a
050.md	75	KR2i0021_WYG_046-5b
050.md	83	KR2i0021_WYG_046-6a
050.md	91	KR2i0021_WYG_046-6b
050.md	99	KR2i0021_WYG_046-7a
050.md	107	KR2i0021_WYG_046-7b
050.md	115	KR2i0021_WYG_046-8a
050.md	123	KR2i0021_WYG_046-8b
050.md	131	KR2i0021_WYG_046-9a
050.md	139	KR2i0021_WYG_046-9b
050.md	147	KR2i0021_WYG_046-10a
050.md	155	KR2i0021_WYG_046-10b
050.md	163	KR2i0021_WYG_046-11a
050.md	171	KR2i0021_WYG_046-11b
051.md	3	KR2i0021_WYG_047-1a
051.md	11	KR2i0021_WYG_047-1b
051.md	19	KR2i0021_WYG_047-2a
051.md	27	KR2i0021_WYG_047-2b
051.md	35	KR2i0021_WYG_047-3a
051.md	43	KR2i0021_WYG_047-3b
051.md	51	KR2i0021_WYG_047-4a
051.md	59	KR2i0021_WYG_047-4b
051.md	67	KR2i0021_WYG_047-5a
051.md	75	KR2i0021_WYG_047-5b
051.md	83	KR2i0021_WYG_047-6a
051.md	91	KR2i0021_WYG_047-6b
051.md	99	KR2i0021_WYG_047-7a
051.md	107	KR2i0021_WYG_047-7b
051.md	115	KR2i0021_WYG_047-8a
051.md	123	KR2i0021_WYG_047-8b
051.md	131	KR2i0021_WYG_047-9a
051.md	139	KR2i0021_WYG_047-9b
051.md	147	KR2i0021_WYG_047-10a
051.md	155	KR2i0021_WYG_047-10b
052.md	3	KR2i0021_WYG_048-1a
052.md	11	KR2i0021_WYG_048-1b
052.md	19	KR2i0021_WYG_048-2a
052.md	27	KR2i0021_WYG_048-2b
052.md	35	KR2i0021_WYG_048-3a
052.md	43	KR2i0021_WYG_048-3b
052.md	51	KR2i0021_WYG_048-4a
052.md	59	KR2i0021_WYG_048-4b
052.md	67	KR2i0021_WYG_048-5a
052.md	75	KR2i0021_WYG_048-5b
052.md	83	KR2i0021_WYG_048-6a
052.md	91	KR2i0021_WYG_048-6b
052.md	99	KR2i0021_WYG_048-7a
052.md	107	KR2i0021_WYG_048-7b
052.md	115	KR2i0021_WYG_048-8a
052.md	123	KR2i0021_WYG_048-8b
052.md	131	KR2i0021_WYG_048-9a
052.md	139	KR2i0021_WYG_048-9b
052.md	147	KR2i0021_WYG_048-10a
052.md	155	KR2i0021_WYG_048-10b
052.md	163	KR2i0021_WYG_048-11a
052.md	171	KR2i0021_WYG_048-11b
052.md	179	KR2i0021_WYG_048-12a
052.md	187	KR2i0021_WYG_048-12b
052.md	195	KR2i0021_WYG_048-13a
052.md	203	KR2i0021_WYG_048-13b
052.md	211	KR2i0021_WYG_048-14a
052.md	219	KR2i0021_WYG_048-14b
052.md	227	KR2i0021_WYG_048-15a
052.md	235	KR2i0021_WYG_048-15b
052.md	243	KR2i0021_WYG_048-16a
052.md	251	KR2i0021_WYG_048-16b
052.md	259	KR2i0021_WYG_048-17a
052.md	267	KR2i0021_WYG_048-17b
052.md	275	KR2i0021_WYG_048-18a
052.md	283	KR2i0021_WYG_048-18b
052.md	291	KR2i0021_WYG_048-19a
052.md	299	KR2i0021_WYG_048-19b
052.md	307	KR2i0021_WYG_048-20a
052.md	315	KR2i0021_WYG_048-20b
052.md	323	KR2i0021_WYG_048-21a
052.md	331	KR2i0021_WYG_048-21b
052.md	339	KR2i0021_WYG_048-22a
052.md	347	KR2i0021_WYG_048-22b
052.md	355	KR2i0021_WYG_048-23a
052.md	363	KR2i0021_WYG_048-23b
052.md	371	KR2i0021_WYG_048-24a
052.md	379	KR2i0021_WYG_048-24b
052.md	387	KR2i0021_WYG_048-25a
052.md	395	KR2i0021_WYG_048-25b
052.md	403	KR2i0021_WYG_048-26a
052.md	411	KR2i0021_WYG_048-26b
052.md	419	KR2i0021_WYG_048-27a
052.md	427	KR2i0021_WYG_048-27b
052.md	435	KR2i0021_WYG_048-28a
052.md	443	KR2i0021_WYG_048-28b
052.md	451	KR2i0021_WYG_048-29a
052.md	459	KR2i0021_WYG_048-29b
052.md	467	KR2i0021_WYG_048-30a
052.md	475	KR2i0021_WYG_048-30b
052.md	483	KR2i0021_WYG_048-31a
052.md	491	KR2i0021_WYG_048-31b
052.md	499	KR2i0021_WYG_048-32a
052.md	507	KR2i0021_WYG_048-32b
052.md	515	KR2i0021_WYG_048-33a
052.md	523	KR2i0021_WYG_048-33b
052.md	531	KR2i0021_WYG_048-34a
052.md	539	KR2i0021_WYG_048-34b
053.md	3	KR2i0021_WYG_049-1a
053.md	11	KR2i0021_WYG_049-1b
053.md	19	KR2i0021_WYG_049-2a
053.md	27	KR2i0021_WYG_049-2b
053.md	35	KR2i0021_WYG_049-3a
053.md	43	KR2i0021_WYG_049-3b
053.md	51	KR2i0021_WYG_049-4a
053.md	59	KR2i0021_WYG_049-4b
053.md	67	KR2i0021_WYG_049-5a
053.md	75	KR2i0021_WYG_049-5b
053.md	83	KR2i0021_WYG_049-6a
053.md	91	KR2i0021_WYG_049-6b
053.md	99	KR2i0021_WYG_049-7a
053.md	107	KR2i0021_WYG_049-7b
053.md	115	KR2i0021_WYG_049-8a
053.md	123	KR2i0021_WYG_049-8b
053.md	131	KR2i0021_WYG_049-9a
053.md	139	KR2i0021_WYG_049-9b
053.md	147	KR2i0021_WYG_049-10a
053.md	155	KR2i0021_WYG_049-10b
053.md	163	KR2i0021_WYG_049-11a
053.md	171	KR2i0021_WYG_049-11b
053.md	179	KR2i0021_WYG_049-12a
053.md	187	KR2i0021_WYG_049-12b
053.md	195	KR2i0021_WYG_049-13a
053.md	203	KR2i0021_WYG_049-13b
053.md	211	KR2i0021_WYG_049-14a
053.md	219	KR2i0021_WYG_049-14b
053.md	227	KR2i0021_WYG_049-15a
053.md	235	KR2i0021_WYG_049-15b
053.md	243	KR2i0021_WYG_049-16a
053.md	251	KR2i0021_WYG_049-16b
053.md	259	KR2i0021_WYG_049-17a
053.md	267	KR2i0021_WYG_049-17b
053.md	275	KR2i0021_WYG_049-18a
053.md	283	KR2i0021_WYG_049-18b
053.md	291	KR2i0021_WYG_049-19a
053.md	299	KR2i0021_WYG_049-19b
053.md	307	KR2i0021_WYG_049-20a
053.md	315	KR2i0021_WYG_049-20b
053.md	323	KR2i0021_WYG_049-21a
053.md	331	KR2i0021_WYG_049-21b
053.md	339	KR2i0021_WYG_049-22a
053.md	347	KR2i0021_WYG_049-22b
053.md	355	KR2i0021_WYG_049-23a
053.md	363	KR2i0021_WYG_049-23b
053.md	371	KR2i0021_WYG_049-24a
053.md	379	KR2i0021_WYG_049-24b
053.md	387	KR2i0021_WYG_049-25a
053.md	395	KR2i0021_WYG_049-25b
053.md	403	KR2i0021_WYG_049-26a
053.md	411	KR2i0021_WYG_049-26b
053.md	419	KR2i0021_WYG_049-27a
053.md	427	KR2i0021_WYG_049-27b
053.md	435	KR2i0021_WYG_049-28a
053.md	443	KR2i0021_WYG_049-28b
053.md	451	KR2i0021_WYG_049-29a
053.md	459	KR2i0021_WYG_049-29b
053.md	467	KR2i0021_WYG_049-30a
053.md	475	KR2i0021_WYG_049-30b
053.md	483	KR2i0021_WYG_049-31a
053.md	491	KR2i0021_WYG_049-31b
053.md	499	KR2i0021_WYG_049-32a
053.md	507	KR2i0021_WYG_049-32b
053.md	515	KR2i0021_WYG_049-33a
053.md	523	KR2i0021_WYG_049-33b
053.md	531	KR2i0021_WYG_049-34a
053.md	539	KR2i0021_WYG_049-34b
053.md	547	KR2i0021_WYG_049-35a
053.md	555	KR2i0021_WYG_049-35b
053.md	563	KR2i0021_WYG_049-36a
053.md	571	KR2i0021_WYG_049-36b
053.md	579	KR2i0021_WYG_049-37a
053.md	587	KR2i0021_WYG_049-37b
053.md	595	KR2i0021_WYG_049-38a
053.md	603	KR2i0021_WYG_049-38b
053.md	611	KR2i0021_WYG_049-39a
053.md	619	KR2i0021_WYG_049-39b
053.md	627	KR2i0021_WYG_049-40a
053.md	635	KR2i0021_WYG_049-40b
053.md	643	KR2i0021_WYG_049-41a
053.md	651	KR2i0021_WYG_049-41b
053.md	659	KR2i0021_WYG_049-42a
053.md	667	KR2i0021_WYG_049-42b
053.md	675	KR2i0021_WYG_049-43a
053.md	683	KR2i0021_WYG_049-43b
053.md	691	KR2i0021_WYG_049-44a
053.md	699	KR2i0021_WYG_049-44b
053.md	707	KR2i0021_WYG_049-45a
053.md	715	KR2i0021_WYG_049-45b
054.md	3	KR2i0021_WYG_050-1a
054.md	11	KR2i0021_WYG_050-1b
054.md	19	KR2i0021_WYG_050-2a
054.md	27	KR2i0021_WYG_050-2b
054.md	35	KR2i0021_WYG_050-3a
054.md	43	KR2i0021_WYG_050-3b
054.md	51	KR2i0021_WYG_050-4a
054.md	59	KR2i0021_WYG_050-4b
054.md	67	KR2i0021_WYG_050-5a
054.md	75	KR2i0021_WYG_050-5b
054.md	83	KR2i0021_WYG_050-6a
054.md	91	KR2i0021_WYG_050-6b
054.md	99	KR2i0021_WYG_050-7a
054.md	107	KR2i0021_WYG_050-7b
054.md	115	KR2i0021_WYG_050-8a
054.md	123	KR2i0021_WYG_050-8b
054.md	131	KR2i0021_WYG_050-9a
054.md	139	KR2i0021_WYG_050-9b
054.md	147	KR2i0021_WYG_050-10a
054.md	155	KR2i0021_WYG_050-10b
055.md	3	KR2i0021_WYG_051-1a
055.md	11	KR2i0021_WYG_051-1b
055.md	19	KR2i0021_WYG_051-2a
055.md	27	KR2i0021_WYG_051-2b
055.md	35	KR2i0021_WYG_051-3a
055.md	43	KR2i0021_WYG_051-3b
055.md	51	KR2i0021_WYG_051-4a
055.md	59	KR2i0021_WYG_051-4b
055.md	67	KR2i0021_WYG_051-5a
055.md	75	KR2i0021_WYG_051-5b
055.md	83	KR2i0021_WYG_051-6a
055.md	91	KR2i0021_WYG_051-6b
055.md	99	KR2i0021_WYG_051-7a
055.md	107	KR2i0021_WYG_051-7b
055.md	115	KR2i0021_WYG_051-8a
055.md	123	KR2i0021_WYG_051-8b
055.md	131	KR2i0021_WYG_051-9a
055.md	139	KR2i0021_WYG_051-9b
055.md	147	KR2i0021_WYG_051-10a
055.md	155	KR2i0021_WYG_051-10b
055.md	163	KR2i0021_WYG_051-11a
055.md	171	KR2i0021_WYG_051-11b
055.md	179	KR2i0021_WYG_051-12a
055.md	187	KR2i0021_WYG_051-12b
055.md	195	KR2i0021_WYG_051-13a
055.md	203	KR2i0021_WYG_051-13b
056.md	3	KR2i0021_WYG_052-1a
056.md	11	KR2i0021_WYG_052-1b
056.md	19	KR2i0021_WYG_052-2a
056.md	27	KR2i0021_WYG_052-2b
056.md	35	KR2i0021_WYG_052-3a
056.md	43	KR2i0021_WYG_052-3b
056.md	51	KR2i0021_WYG_052-4a
056.md	59	KR2i0021_WYG_052-4b
056.md	67	KR2i0021_WYG_052-5a
056.md	75	KR2i0021_WYG_052-5b
056.md	83	KR2i0021_WYG_052-6a
056.md	91	KR2i0021_WYG_052-6b
056.md	99	KR2i0021_WYG_052-7a
056.md	107	KR2i0021_WYG_052-7b
056.md	115	KR2i0021_WYG_052-8a
056.md	123	KR2i0021_WYG_052-8b
056.md	131	KR2i0021_WYG_052-9a
056.md	139	KR2i0021_WYG_052-9b
056.md	147	KR2i0021_WYG_052-10a
056.md	155	KR2i0021_WYG_052-10b
056.md	163	KR2i0021_WYG_052-11a
056.md	171	KR2i0021_WYG_052-11b
056.md	179	KR2i0021_WYG_052-12a
056.md	187	KR2i0021_WYG_052-12b
056.md	195	KR2i0021_WYG_052-13a
056.md	203	KR2i0021_WYG_052-13b
056.md	211	KR2i0021_WYG_052-14a
056.md	219	KR2i0021_WYG_052-14b
056.md	227	KR2i0021_WYG_052-15a
056.md	235	KR2i0021_WYG_052-15b
057.md	3	KR2i0021_WYG_053-1a
057.md	11	KR2i0021_WYG_053-1b
057.md	19	KR2i0021_WYG_053-2a
057.md	27	KR2i0021_WYG_053-2b
057.md	35	KR2i0021_WYG_053-3a
057.md	43	KR2i0021_WYG_053-3b
057.md	51	KR2i0021_WYG_053-4a
057.md	59	KR2i0021_WYG_053-4b
057.md	67	KR2i0021_WYG_053-5a
057.md	75	KR2i0021_WYG_053-5b
057.md	83	KR2i0021_WYG_053-6a
057.md	91	KR2i0021_WYG_053-6b
057.md	99	KR2i0021_WYG_053-7a
057.md	107	KR2i0021_WYG_053-7b
057.md	115	KR2i0021_WYG_053-8a
057.md	123	KR2i0021_WYG_053-8b
057.md	131	KR2i0021_WYG_053-9a
057.md	139	KR2i0021_WYG_053-9b
057.md	147	KR2i0021_WYG_053-10a
057.md	155	KR2i0021_WYG_053-10b
057.md	163	KR2i0021_WYG_053-11a
057.md	171	KR2i0021_WYG_053-11b
057.md	179	KR2i0021_WYG_053-12a
057.md	187	KR2i0021_WYG_053-12b
057.md	195	KR2i0021_WYG_053-13a
057.md	203	KR2i0021_WYG_053-13b
057.md	211	KR2i0021_WYG_053-14a
057.md	219	KR2i0021_WYG_053-14b
057.md	227	KR2i0021_WYG_053-15a
057.md	235	KR2i0021_WYG_053-15b
058.md	3	KR2i0021_WYG_054-1a
058.md	11	KR2i0021_WYG_054-1b
058.md	19	KR2i0021_WYG_054-2a
058.md	27	KR2i0021_WYG_054-2b
058.md	35	KR2i0021_WYG_054-3a
058.md	43	KR2i0021_WYG_054-3b
058.md	51	KR2i0021_WYG_054-4a
058.md	59	KR2i0021_WYG_054-4b
058.md	67	KR2i0021_WYG_054-5a
058.md	75	KR2i0021_WYG_054-5b
058.md	83	KR2i0021_WYG_054-6a
058.md	91	KR2i0021_WYG_054-6b
058.md	99	KR2i0021_WYG_054-7a
058.md	107	KR2i0021_WYG_054-7b
058.md	115	KR2i0021_WYG_054-8a
058.md	123	KR2i0021_WYG_054-8b
058.md	131	KR2i0021_WYG_054-9a
058.md	139	KR2i0021_WYG_054-9b
058.md	147	KR2i0021_WYG_054-10a
058.md	155	KR2i0021_WYG_054-10b
059.md	3	KR2i0021_WYG_055-1a
059.md	11	KR2i0021_WYG_055-1b
059.md	19	KR2i0021_WYG_055-2a
059.md	27	KR2i0021_WYG_055-2b
059.md	35	KR2i0021_WYG_055-3a
059.md	43	KR2i0021_WYG_055-3b
059.md	51	KR2i0021_WYG_055-4a
059.md	59	KR2i0021_WYG_055-4b
059.md	67	KR2i0021_WYG_055-5a
059.md	75	KR2i0021_WYG_055-5b
059.md	83	KR2i0021_WYG_055-6a
059.md	91	KR2i0021_WYG_055-6b
059.md	99	KR2i0021_WYG_055-7a
059.md	107	KR2i0021_WYG_055-7b
059.md	115	KR2i0021_WYG_055-8a
059.md	123	KR2i0021_WYG_055-8b
059.md	131	KR2i0021_WYG_055-9a
059.md	139	KR2i0021_WYG_055-9b
059.md	147	KR2i0021_WYG_055-10a
059.md	155	KR2i0021_WYG_055-10b
060.md	3	KR2i0021_WYG_056-1a
060.md	11	KR2i0021_WYG_056-1b
060.md	19	KR2i0021_WYG_056-2a
060.md	27	KR2i0021_WYG_056-2b
060.md	35	KR2i0021_WYG_056-3a
060.md	43	KR2i0021_WYG_056-3b
060.md	51	KR2i0021_WYG_056-4a
060.md	59	KR2i0021_WYG_056-4b
060.md	67	KR2i0021_WYG_056-5a
060.md	75	KR2i0021_WYG_056-5b
060.md	83	KR2i0021_WYG_056-6a
060.md	91	KR2i0021_WYG_056-6b
060.md	99	KR2i0021_WYG_056-7a
060.md	107	KR2i0021_WYG_056-7b
060.md	115	KR2i0021_WYG_056-8a
060.md	123	KR2i0021_WYG_056-8b
060.md	131	KR2i0021_WYG_056-9a
060.md	139	KR2i0021_WYG_056-9b
060.md	147	KR2i0021_WYG_056-10a
060.md	155	KR2i0021_WYG_056-10b
060.md	163	KR2i0021_WYG_056-11a
060.md	171	KR2i0021_WYG_056-11b
060.md	179	KR2i0021_WYG_056-12a
060.md	187	KR2i0021_WYG_056-12b
060.md	195	KR2i0021_WYG_056-13a
060.md	203	KR2i0021_WYG_056-13b
060.md	211	KR2i0021_WYG_056-14a
060.md	219	KR2i0021_WYG_056-14b
060.md	227	KR2i0021_WYG_056-15a
060.md	235	KR2i0021_WYG_056-15b
061.md	3	KR2i0021_WYG_057-1a
061.md	11	KR2i0021_WYG_057-1b
061.md	19	KR2i0021_WYG_057-2a
061.md	27	KR2i0021_WYG_057-2b
061.md	35	KR2i0021_WYG_057-3a
061.md	43	KR2i0021_WYG_057-3b
061.md	51	KR2i0021_WYG_057-4a
061.md	59	KR2i0021_WYG_057-4b
061.md	67	KR2i0021_WYG_057-5a
061.md	75	KR2i0021_WYG_057-5b
061.md	83	KR2i0021_WYG_057-6a
061.md	91	KR2i0021_WYG_057-6b
061.md	99	KR2i0021_WYG_057-7a
061.md	107	KR2i0021_WYG_057-7b
061.md	115	KR2i0021_WYG_057-8a
061.md	123	KR2i0021_WYG_057-8b
061.md	131	KR2i0021_WYG_057-9a
061.md	139	KR2i0021_WYG_057-9b
061.md	147	KR2i0021_WYG_057-10a
061.md	155	KR2i0021_WYG_057-10b
061.md	163	KR2i0021_WYG_057-11a
061.md	171	KR2i0021_WYG_057-11b
061.md	179	KR2i0021_WYG_057-12a
061.md	187	KR2i0021_WYG_057-12b
062.md	3	KR2i0021_WYG_058-1a
062.md	11	KR2i0021_WYG_058-1b
062.md	19	KR2i0021_WYG_058-2a
062.md	27	KR2i0021_WYG_058-2b
062.md	35	KR2i0021_WYG_058-3a
062.md	43	KR2i0021_WYG_058-3b
062.md	51	KR2i0021_WYG_058-4a
062.md	59	KR2i0021_WYG_058-4b
062.md	67	KR2i0021_WYG_058-5a
062.md	75	KR2i0021_WYG_058-5b
062.md	83	KR2i0021_WYG_058-6a
062.md	91	KR2i0021_WYG_058-6b
062.md	99	KR2i0021_WYG_058-7a
062.md	107	KR2i0021_WYG_058-7b
062.md	115	KR2i0021_WYG_058-8a
062.md	123	KR2i0021_WYG_058-8b
062.md	131	KR2i0021_WYG_058-9a
062.md	139	KR2i0021_WYG_058-9b
062.md	147	KR2i0021_WYG_058-10a
062.md	155	KR2i0021_WYG_058-10b
062.md	163	KR2i0021_WYG_058-11a
062.md	171	KR2i0021_WYG_058-11b
062.md	179	KR2i0021_WYG_058-12a
062.md	187	KR2i0021_WYG_058-12b
062.md	195	KR2i0021_WYG_058-13a
062.md	203	KR2i0021_WYG_058-13b
062.md	211	KR2i0021_WYG_058-14a
062.md	219	KR2i0021_WYG_058-14b
062.md	227	KR2i0021_WYG_058-15a
062.md	235	KR2i0021_WYG_058-15b
062.md	243	KR2i0021_WYG_058-16a
062.md	251	KR2i0021_WYG_058-16b
063.md	3	KR2i0021_WYG_059-1a
063.md	11	KR2i0021_WYG_059-1b
063.md	19	KR2i0021_WYG_059-2a
063.md	27	KR2i0021_WYG_059-2b
063.md	35	KR2i0021_WYG_059-3a
063.md	43	KR2i0021_WYG_059-3b
063.md	51	KR2i0021_WYG_059-4a
063.md	59	KR2i0021_WYG_059-4b
063.md	67	KR2i0021_WYG_059-5a
063.md	75	KR2i0021_WYG_059-5b
063.md	83	KR2i0021_WYG_059-6a
063.md	91	KR2i0021_WYG_059-6b
063.md	99	KR2i0021_WYG_059-7a
063.md	107	KR2i0021_WYG_059-7b
063.md	115	KR2i0021_WYG_059-8a
063.md	123	KR2i0021_WYG_059-8b
063.md	131	KR2i0021_WYG_059-9a
063.md	139	KR2i0021_WYG_059-9b
064.md	3	KR2i0021_WYG_060-1a
064.md	11	KR2i0021_WYG_060-1b
064.md	19	KR2i0021_WYG_060-2a
064.md	27	KR2i0021_WYG_060-2b
064.md	35	KR2i0021_WYG_060-3a
064.md	43	KR2i0021_WYG_060-3b
064.md	51	KR2i0021_WYG_060-4a
064.md	59	KR2i0021_WYG_060-4b
064.md	67	KR2i0021_WYG_060-5a
064.md	75	KR2i0021_WYG_060-5b
064.md	83	KR2i0021_WYG_060-6a
064.md	91	KR2i0021_WYG_060-6b
064.md	99	KR2i0021_WYG_060-7a
064.md	107	KR2i0021_WYG_060-7b
064.md	115	KR2i0021_WYG_060-8a
064.md	123	KR2i0021_WYG_060-8b
064.md	131	KR2i0021_WYG_060-9a
064.md	139	KR2i0021_WYG_060-9b
064.md	147	KR2i0021_WYG_060-10a
064.md	155	KR2i0021_WYG_060-10b
064.md	163	KR2i0021_WYG_060-11a
064.md	171	KR2i0021_WYG_060-11b
064.md	179	KR2i0021_WYG_060-12a
064.md	187	KR2i0021_WYG_060-12b
064.md	195	KR2i0021_WYG_060-13a
064.md	203	KR2i0021_WYG_060-13b
064.md	211	KR2i0021_WYG_060-14a
064.md	219	KR2i0021_WYG_060-14b
064.md	227	KR2i0021_WYG_060-15a
064.md	235	KR2i0021_WYG_060-15b
064.md	243	KR2i0021_WYG_060-16a
064.md	251	KR2i0021_WYG_060-16b
064.md	259	KR2i0021_WYG_060-17a
064.md	267	KR2i0021_WYG_060-17b
064.md	275	KR2i0021_WYG_060-18a
064.md	283	KR2i0021_WYG_060-18b
065.md	3	KR2i0021_WYG_061-1a
065.md	11	KR2i0021_WYG_061-1b
065.md	19	KR2i0021_WYG_061-2a
065.md	27	KR2i0021_WYG_061-2b
065.md	35	KR2i0021_WYG_061-3a
065.md	43	KR2i0021_WYG_061-3b
065.md	51	KR2i0021_WYG_061-4a
065.md	59	KR2i0021_WYG_061-4b
065.md	67	KR2i0021_WYG_061-5a
065.md	75	KR2i0021_WYG_061-5b
065.md	83	KR2i0021_WYG_061-6a
065.md	91	KR2i0021_WYG_061-6b
065.md	99	KR2i0021_WYG_061-7a
065.md	107	KR2i0021_WYG_061-7b
065.md	115	KR2i0021_WYG_061-8a
065.md	123	KR2i0021_WYG_061-8b
065.md	131	KR2i0021_WYG_061-9a
065.md	139	KR2i0021_WYG_061-9b
065.md	147	KR2i0021_WYG_061-10a
065.md	155	KR2i0021_WYG_061-10b
066.md	3	KR2i0021_WYG_062-1a
066.md	11	KR2i0021_WYG_062-1b
066.md	19	KR2i0021_WYG_062-2a
066.md	27	KR2i0021_WYG_062-2b
066.md	35	KR2i0021_WYG_062-3a
066.md	43	KR2i0021_WYG_062-3b
066.md	51	KR2i0021_WYG_062-4a
066.md	59	KR2i0021_WYG_062-4b
066.md	67	KR2i0021_WYG_062-5a
066.md	75	KR2i0021_WYG_062-5b
066.md	83	KR2i0021_WYG_062-6a
066.md	91	KR2i0021_WYG_062-6b
066.md	99	KR2i0021_WYG_062-7a
066.md	107	KR2i0021_WYG_062-7b
066.md	115	KR2i0021_WYG_062-8a
066.md	123	KR2i0021_WYG_062-8b
066.md	131	KR2i0021_WYG_062-9a
066.md	139	KR2i0021_WYG_062-9b
066.md	147	KR2i0021_WYG_062-10a
066.md	155	KR2i0021_WYG_062-10b
067.md	3	KR2i0021_WYG_063-1a
067.md	11	KR2i0021_WYG_063-1b
067.md	19	KR2i0021_WYG_063-2a
067.md	27	KR2i0021_WYG_063-2b
067.md	35	KR2i0021_WYG_063-3a
067.md	43	KR2i0021_WYG_063-3b
067.md	51	KR2i0021_WYG_063-4a
067.md	59	KR2i0021_WYG_063-4b
067.md	67	KR2i0021_WYG_063-5a
067.md	75	KR2i0021_WYG_063-5b
067.md	83	KR2i0021_WYG_063-6a
067.md	91	KR2i0021_WYG_063-6b
067.md	99	KR2i0021_WYG_063-7a
067.md	107	KR2i0021_WYG_063-7b
068.md	3	KR2i0021_WYG_064-1a
068.md	11	KR2i0021_WYG_064-1b
068.md	19	KR2i0021_WYG_064-2a
068.md	27	KR2i0021_WYG_064-2b
068.md	35	KR2i0021_WYG_064-3a
068.md	43	KR2i0021_WYG_064-3b
068.md	51	KR2i0021_WYG_064-4a
068.md	59	KR2i0021_WYG_064-4b
068.md	67	KR2i0021_WYG_064-5a
068.md	75	KR2i0021_WYG_064-5b
068.md	83	KR2i0021_WYG_064-6a
068.md	91	KR2i0021_WYG_064-6b
068.md	99	KR2i0021_WYG_064-7a
068.md	107	KR2i0021_WYG_064-7b
068.md	115	KR2i0021_WYG_064-8a
068.md	123	KR2i0021_WYG_064-8b
069.md	3	KR2i0021_WYG_065-1a
069.md	11	KR2i0021_WYG_065-1b
069.md	19	KR2i0021_WYG_065-2a
069.md	27	KR2i0021_WYG_065-2b
069.md	35	KR2i0021_WYG_065-3a
069.md	43	KR2i0021_WYG_065-3b
069.md	51	KR2i0021_WYG_065-4a
069.md	59	KR2i0021_WYG_065-4b
069.md	67	KR2i0021_WYG_065-5a
069.md	75	KR2i0021_WYG_065-5b
069.md	83	KR2i0021_WYG_065-6a
069.md	91	KR2i0021_WYG_065-6b
069.md	99	KR2i0021_WYG_065-7a
069.md	107	KR2i0021_WYG_065-7b
069.md	115	KR2i0021_WYG_065-8a
069.md	123	KR2i0021_WYG_065-8b
069.md	131	KR2i0021_WYG_065-9a
069.md	139	KR2i0021_WYG_065-9b
069.md	147	KR2i0021_WYG_065-10a
069.md	155	KR2i0021_WYG_065-10b
069.md	163	KR2i0021_WYG_065-11a
069.md	171	KR2i0021_WYG_065-11b
070.md	3	KR2i0021_WYG_066-1a
070.md	11	KR2i0021_WYG_066-1b
070.md	19	KR2i0021_WYG_066-2a
070.md	27	KR2i0021_WYG_066-2b
070.md	35	KR2i0021_WYG_066-3a
070.md	43	KR2i0021_WYG_066-3b
070.md	51	KR2i0021_WYG_066-4a
070.md	59	KR2i0021_WYG_066-4b
070.md	67	KR2i0021_WYG_066-5a
070.md	75	KR2i0021_WYG_066-5b
070.md	83	KR2i0021_WYG_066-6a
070.md	91	KR2i0021_WYG_066-6b
070.md	99	KR2i0021_WYG_066-7a
070.md	107	KR2i0021_WYG_066-7b
070.md	115	KR2i0021_WYG_066-8a
070.md	123	KR2i0021_WYG_066-8b
070.md	131	KR2i0021_WYG_066-9a
070.md	139	KR2i0021_WYG_066-9b
070.md	147	KR2i0021_WYG_066-10a
070.md	155	KR2i0021_WYG_066-10b
071.md	3	KR2i0021_WYG_067-1a
071.md	11	KR2i0021_WYG_067-1b
071.md	19	KR2i0021_WYG_067-2a
071.md	27	KR2i0021_WYG_067-2b
071.md	35	KR2i0021_WYG_067-3a
071.md	43	KR2i0021_WYG_067-3b
071.md	51	KR2i0021_WYG_067-4a
071.md	59	KR2i0021_WYG_067-4b
071.md	67	KR2i0021_WYG_067-5a
071.md	75	KR2i0021_WYG_067-5b
071.md	83	KR2i0021_WYG_067-6a
071.md	91	KR2i0021_WYG_067-6b
071.md	99	KR2i0021_WYG_067-7a
071.md	107	KR2i0021_WYG_067-7b
071.md	115	KR2i0021_WYG_067-8a
071.md	123	KR2i0021_WYG_067-8b
071.md	131	KR2i0021_WYG_067-9a
071.md	139	KR2i0021_WYG_067-9b
071.md	147	KR2i0021_WYG_067-10a
071.md	155	KR2i0021_WYG_067-10b
071.md	163	KR2i0021_WYG_067-11a
071.md	171	KR2i0021_WYG_067-11b
071.md	179	KR2i0021_WYG_067-12a
071.md	187	KR2i0021_WYG_067-12b
071.md	195	KR2i0021_WYG_067-13a
071.md	203	KR2i0021_WYG_067-13b
071.md	211	KR2i0021_WYG_067-14a
071.md	219	KR2i0021_WYG_067-14b
071.md	227	KR2i0021_WYG_067-15a
071.md	235	KR2i0021_WYG_067-15b
071.md	243	KR2i0021_WYG_067-16a
071.md	251	KR2i0021_WYG_067-16b
071.md	259	KR2i0021_WYG_067-17a
071.md	267	KR2i0021_WYG_067-17b
071.md	275	KR2i0021_WYG_067-18a
071.md	283	KR2i0021_WYG_067-18b
072.md	3	KR2i0021_WYG_068-1a
072.md	11	KR2i0021_WYG_068-1b
072.md	19	KR2i0021_WYG_068-2a
072.md	27	KR2i0021_WYG_068-2b
072.md	35	KR2i0021_WYG_068-3a
072.md	43	KR2i0021_WYG_068-3b
072.md	51	KR2i0021_WYG_068-4a
072.md	59	KR2i0021_WYG_068-4b
072.md	67	KR2i0021_WYG_068-5a
072.md	75	KR2i0021_WYG_068-5b
072.md	83	KR2i0021_WYG_068-6a
072.md	91	KR2i0021_WYG_068-6b
072.md	99	KR2i0021_WYG_068-7a
072.md	107	KR2i0021_WYG_068-7b
072.md	115	KR2i0021_WYG_068-8a
072.md	123	KR2i0021_WYG_068-8b
072.md	131	KR2i0021_WYG_068-9a
072.md	139	KR2i0021_WYG_068-9b
072.md	147	KR2i0021_WYG_068-10a
072.md	155	KR2i0021_WYG_068-10b
072.md	163	KR2i0021_WYG_068-11a
072.md	171	KR2i0021_WYG_068-11b
073.md	3	KR2i0021_WYG_069-1a
073.md	11	KR2i0021_WYG_069-1b
073.md	19	KR2i0021_WYG_069-2a
073.md	27	KR2i0021_WYG_069-2b
073.md	35	KR2i0021_WYG_069-3a
073.md	43	KR2i0021_WYG_069-3b
073.md	51	KR2i0021_WYG_069-4a
073.md	59	KR2i0021_WYG_069-4b
073.md	67	KR2i0021_WYG_069-5a
073.md	75	KR2i0021_WYG_069-5b
073.md	83	KR2i0021_WYG_069-6a
073.md	91	KR2i0021_WYG_069-6b
073.md	99	KR2i0021_WYG_069-7a
073.md	107	KR2i0021_WYG_069-7b
073.md	115	KR2i0021_WYG_069-8a
073.md	123	KR2i0021_WYG_069-8b
073.md	131	KR2i0021_WYG_069-9a
073.md	139	KR2i0021_WYG_069-9b
073.md	147	KR2i0021_WYG_069-10a
073.md	155	KR2i0021_WYG_069-10b
073.md	163	KR2i0021_WYG_069-11a
073.md	171	KR2i0021_WYG_069-11b
073.md	179	KR2i0021_WYG_069-12a
073.md	187	KR2i0021_WYG_069-12b
073.md	195	KR2i0021_WYG_069-13a
073.md	203	KR2i0021_WYG_069-13b
073.md	211	KR2i0021_WYG_069-14a
073.md	219	KR2i0021_WYG_069-14b
073.md	227	KR2i0021_WYG_069-15a
073.md	235	KR2i0021_WYG_069-15b
074.md	3	KR2i0021_WYG_070-1a
074.md	11	KR2i0021_WYG_070-1b
074.md	19	KR2i0021_WYG_070-2a
074.md	27	KR2i0021_WYG_070-2b
074.md	35	KR2i0021_WYG_070-3a
074.md	43	KR2i0021_WYG_070-3b
074.md	51	KR2i0021_WYG_070-4a
074.md	59	KR2i0021_WYG_070-4b
074.md	67	KR2i0021_WYG_070-5a
074.md	75	KR2i0021_WYG_070-5b
074.md	83	KR2i0021_WYG_070-6a
074.md	91	KR2i0021_WYG_070-6b
074.md	99	KR2i0021_WYG_070-7a
074.md	107	KR2i0021_WYG_070-7b
074.md	115	KR2i0021_WYG_070-8a
074.md	123	KR2i0021_WYG_070-8b
074.md	131	KR2i0021_WYG_070-9a
074.md	139	KR2i0021_WYG_070-9b
074.md	147	KR2i0021_WYG_070-10a
074.md	155	KR2i0021_WYG_070-10b
074.md	163	KR2i0021_WYG_070-11a
074.md	171	KR2i0021_WYG_070-11b
075.md	3	KR2i0021_WYG_071-1a
075.md	11	KR2i0021_WYG_071-1b
075.md	19	KR2i0021_WYG_071-2a
075.md	27	KR2i0021_WYG_071-2b
075.md	35	KR2i0021_WYG_071-3a
075.md	43	KR2i0021_WYG_071-3b
075.md	51	KR2i0021_WYG_071-4a
075.md	59	KR2i0021_WYG_071-4b
075.md	67	KR2i0021_WYG_071-5a
075.md	75	KR2i0021_WYG_071-5b
075.md	83	KR2i0021_WYG_071-6a
075.md	91	KR2i0021_WYG_071-6b
075.md	99	KR2i0021_WYG_071-7a
075.md	107	KR2i0021_WYG_071-7b
075.md	115	KR2i0021_WYG_071-8a
075.md	123	KR2i0021_WYG_071-8b
075.md	131	KR2i0021_WYG_071-9a
075.md	139	KR2i0021_WYG_071-9b
075.md	147	KR2i0021_WYG_071-10a
075.md	155	KR2i0021_WYG_071-10b
076.md	3	KR2i0021_WYG_072-1a
076.md	11	KR2i0021_WYG_072-1b
076.md	19	KR2i0021_WYG_072-2a
076.md	27	KR2i0021_WYG_072-2b
076.md	35	KR2i0021_WYG_072-3a
076.md	43	KR2i0021_WYG_072-3b
076.md	51	KR2i0021_WYG_072-4a
076.md	59	KR2i0021_WYG_072-4b
076.md	67	KR2i0021_WYG_072-5a
076.md	75	KR2i0021_WYG_072-5b
076.md	83	KR2i0021_WYG_072-6a
076.md	91	KR2i0021_WYG_072-6b
076.md	99	KR2i0021_WYG_072-7a
076.md	107	KR2i0021_WYG_072-7b
076.md	115	KR2i0021_WYG_072-8a
076.md	123	KR2i0021_WYG_072-8b
076.md	131	KR2i0021_WYG_072-9a
076.md	139	KR2i0021_WYG_072-9b
076.md	147	KR2i0021_WYG_072-10a
076.md	155	KR2i0021_WYG_072-10b
076.md	163	KR2i0021_WYG_072-11a
076.md	171	KR2i0021_WYG_072-11b
076.md	179	KR2i0021_WYG_072-12a
076.md	187	KR2i0021_WYG_072-12b
076.md	195	KR2i0021_WYG_072-13a
076.md	203	KR2i0021_WYG_072-13b
076.md	211	KR2i0021_WYG_072-14a
076.md	219	KR2i0021_WYG_072-14b
077.md	3	KR2i0021_WYG_073-1a
077.md	11	KR2i0021_WYG_073-1b
077.md	19	KR2i0021_WYG_073-2a
077.md	27	KR2i0021_WYG_073-2b
077.md	35	KR2i0021_WYG_073-3a
077.md	43	KR2i0021_WYG_073-3b
077.md	51	KR2i0021_WYG_073-4a
077.md	59	KR2i0021_WYG_073-4b
077.md	67	KR2i0021_WYG_073-5a
077.md	75	KR2i0021_WYG_073-5b
077.md	83	KR2i0021_WYG_073-6a
077.md	91	KR2i0021_WYG_073-6b
077.md	99	KR2i0021_WYG_073-7a
077.md	107	KR2i0021_WYG_073-7b
077.md	115	KR2i0021_WYG_073-8a
077.md	123	KR2i0021_WYG_073-8b
077.md	131	KR2i0021_WYG_073-9a
077.md	139	KR2i0021_WYG_073-9b
077.md	147	KR2i0021_WYG_073-10a
077.md	155	KR2i0021_WYG_073-10b
077.md	163	KR2i0021_WYG_073-11a
077.md	171	KR2i0021_WYG_073-11b
077.md	179	KR2i0021_WYG_073-12a
077.md	187	KR2i0021_WYG_073-12b
077.md	195	KR2i0021_WYG_073-13a
077.md	203	KR2i0021_WYG_073-13b
077.md	211	KR2i0021_WYG_073-14a
077.md	219	KR2i0021_WYG_073-14b
077.md	227	KR2i0021_WYG_073-15a
077.md	235	KR2i0021_WYG_073-15b
078.md	3	KR2i0021_WYG_074-1a
078.md	11	KR2i0021_WYG_074-1b
078.md	19	KR2i0021_WYG_074-2a
078.md	27	KR2i0021_WYG_074-2b
078.md	35	KR2i0021_WYG_074-3a
078.md	43	KR2i0021_WYG_074-3b
078.md	51	KR2i0021_WYG_074-4a
078.md	59	KR2i0021_WYG_074-4b
078.md	67	KR2i0021_WYG_074-5a
078.md	75	KR2i0021_WYG_074-5b
078.md	83	KR2i0021_WYG_074-6a
078.md	91	KR2i0021_WYG_074-6b
078.md	99	KR2i0021_WYG_074-7a
078.md	107	KR2i0021_WYG_074-7b
078.md	115	KR2i0021_WYG_074-8a
078.md	123	KR2i0021_WYG_074-8b
078.md	131	KR2i0021_WYG_074-9a
078.md	139	KR2i0021_WYG_074-9b
078.md	147	KR2i0021_WYG_074-10a
078.md	155	KR2i0021_WYG_074-10b
078.md	163	KR2i0021_WYG_074-11a
078.md	171	KR2i0021_WYG_074-11b
078.md	179	KR2i0021_WYG_074-12a
078.md	187	KR2i0021_WYG_074-12b
079.md	3	KR2i0021_WYG_075-1a
079.md	11	KR2i0021_WYG_075-1b
079.md	19	KR2i0021_WYG_075-2a
079.md	27	KR2i0021_WYG_075-2b
079.md	35	KR2i0021_WYG_075-3a
079.md	43	KR2i0021_WYG_075-3b
079.md	51	KR2i0021_WYG_075-4a
079.md	59	KR2i0021_WYG_075-4b
079.md	67	KR2i0021_WYG_075-5a
079.md	75	KR2i0021_WYG_075-5b
079.md	83	KR2i0021_WYG_075-6a
079.md	91	KR2i0021_WYG_075-6b
079.md	99	KR2i0021_WYG_075-7a
079.md	107	KR2i0021_WYG_075-7b
079.md	115	KR2i0021_WYG_075-8a
079.md	123	KR2i0021_WYG_075-8b
079.md	131	KR2i0021_WYG_075-9a
079.md	139	KR2i0021_WYG_075-9b
080.md	3	KR2i0021_WYG_076-1a
080.md	11	KR2i0021_WYG_076-1b
080.md	19	KR2i0021_WYG_076-2a
080.md	27	KR2i0021_WYG_076-2b
080.md	35	KR2i0021_WYG_076-3a
080.md	43	KR2i0021_WYG_076-3b
080.md	51	KR2i0021_WYG_076-4a
080.md	59	KR2i0021_WYG_076-4b
080.md	67	KR2i0021_WYG_076-5a
080.md	75	KR2i0021_WYG_076-5b
080.md	83	KR2i0021_WYG_076-6a
080.md	91	KR2i0021_WYG_076-6b
080.md	99	KR2i0021_WYG_076-7a
080.md	107	KR2i0021_WYG_076-7b
080.md	115	KR2i0021_WYG_076-8a
080.md	123	KR2i0021_WYG_076-8b
081.md	3	KR2i0021_WYG_077-1a
081.md	11	KR2i0021_WYG_077-1b
081.md	19	KR2i0021_WYG_077-2a
081.md	27	KR2i0021_WYG_077-2b
081.md	35	KR2i0021_WYG_077-3a
081.md	43	KR2i0021_WYG_077-3b
081.md	51	KR2i0021_WYG_077-4a
081.md	59	KR2i0021_WYG_077-4b
081.md	67	KR2i0021_WYG_077-5a
081.md	75	KR2i0021_WYG_077-5b
081.md	83	KR2i0021_WYG_077-6a
081.md	91	KR2i0021_WYG_077-6b
081.md	99	KR2i0021_WYG_077-7a
081.md	107	KR2i0021_WYG_077-7b
081.md	115	KR2i0021_WYG_077-8a
081.md	123	KR2i0021_WYG_077-8b
081.md	131	KR2i0021_WYG_077-9a
081.md	139	KR2i0021_WYG_077-9b
081.md	147	KR2i0021_WYG_077-10a
081.md	155	KR2i0021_WYG_077-10b
081.md	163	KR2i0021_WYG_077-11a
081.md	171	KR2i0021_WYG_077-11b
081.md	179	KR2i0021_WYG_077-12a
081.md	187	KR2i0021_WYG_077-12b
081.md	195	KR2i0021_WYG_077-13a
081.md	203	KR2i0021_WYG_077-13b
081.md	211	KR2i0021_WYG_077-14a
081.md	219	KR2i0021_WYG_077-14b
081.md	227	KR2i0021_WYG_077-15a
081.md	235	KR2i0021_WYG_077-15b
081.md	243	KR2i0021_WYG_077-16a
081.md	251	KR2i0021_WYG_077-16b
081.md	259	KR2i0021_WYG_077-17a
081.md	267	KR2i0021_WYG_077-17b
081.md	275	KR2i0021_WYG_077-18a
081.md	283	KR2i0021_WYG_077-18b
081.md	291	KR2i0021_WYG_077-19a
081.md	299	KR2i0021_WYG_077-19b
081.md	307	KR2i0021_WYG_077-20a
081.md	315	KR2i0021_WYG_077-20b
081.md	323	KR2i0021_WYG_077-21a
081.md	331	KR2i0021_WYG_077-21b
081.md	339	KR2i0021_WYG_077-22a
081.md	347	KR2i0021_WYG_077-22b
081.md	355	KR2i0021_WYG_077-23a
081.md	363	KR2i0021_WYG_077-23b
081.md	371	KR2i0021_WYG_077-24a
081.md	379	KR2i0021_WYG_077-24b
081.md	387	KR2i0021_WYG_077-25a
081.md	395	KR2i0021_WYG_077-25b
081.md	403	KR2i0021_WYG_077-26a
081.md	411	KR2i0021_WYG_077-26b
081.md	419	KR2i0021_WYG_077-27a
081.md	427	KR2i0021_WYG_077-27b
081.md	435	KR2i0021_WYG_077-28a
081.md	443	KR2i0021_WYG_077-28b
081.md	451	KR2i0021_WYG_077-29a
081.md	459	KR2i0021_WYG_077-29b
081.md	467	KR2i0021_WYG_077-30a
081.md	475	KR2i0021_WYG_077-30b
081.md	483	KR2i0021_WYG_077-31a
081.md	491	KR2i0021_WYG_077-31b
081.md	499	KR2i0021_WYG_077-32a
081.md	507	KR2i0021_WYG_077-32b
081.md	515	KR2i0021_WYG_077-33a
081.md	523	KR2i0021_WYG_077-33b
081.md	531	KR2i0021_WYG_077-34a
081.md	539	KR2i0021_WYG_077-34b
081.md	547	KR2i0021_WYG_077-35a
081.md	555	KR2i0021_WYG_077-35b
081.md	563	KR2i0021_WYG_077-36a
081.md	571	KR2i0021_WYG_077-36b
081.md	579	KR2i0021_WYG_077-37a
081.md	587	KR2i0021_WYG_077-37b
081.md	595	KR2i0021_WYG_077-38a
081.md	603	KR2i0021_WYG_077-38b
081.md	611	KR2i0021_WYG_077-39a
081.md	619	KR2i0021_WYG_077-39b
081.md	627	KR2i0021_WYG_077-40a
081.md	635	KR2i0021_WYG_077-40b
082.md	3	KR2i0021_WYG_078-1a
082.md	11	KR2i0021_WYG_078-1b
082.md	19	KR2i0021_WYG_078-2a
082.md	27	KR2i0021_WYG_078-2b
082.md	35	KR2i0021_WYG_078-3a
082.md	43	KR2i0021_WYG_078-3b
082.md	51	KR2i0021_WYG_078-4a
082.md	59	KR2i0021_WYG_078-4b
082.md	67	KR2i0021_WYG_078-5a
082.md	75	KR2i0021_WYG_078-5b
082.md	83	KR2i0021_WYG_078-6a
082.md	91	KR2i0021_WYG_078-6b
082.md	99	KR2i0021_WYG_078-7a
082.md	107	KR2i0021_WYG_078-7b
082.md	115	KR2i0021_WYG_078-8a
082.md	123	KR2i0021_WYG_078-8b
082.md	131	KR2i0021_WYG_078-9a
082.md	139	KR2i0021_WYG_078-9b
082.md	147	KR2i0021_WYG_078-10a
082.md	155	KR2i0021_WYG_078-10b
082.md	163	KR2i0021_WYG_078-11a
082.md	171	KR2i0021_WYG_078-11b
082.md	179	KR2i0021_WYG_078-12a
082.md	187	KR2i0021_WYG_078-12b
082.md	195	KR2i0021_WYG_078-13a
082.md	203	KR2i0021_WYG_078-13b
082.md	211	KR2i0021_WYG_078-14a
082.md	219	KR2i0021_WYG_078-14b
082.md	227	KR2i0021_WYG_078-15a
082.md	235	KR2i0021_WYG_078-15b
082.md	243	KR2i0021_WYG_078-16a
082.md	251	KR2i0021_WYG_078-16b
082.md	259	KR2i0021_WYG_078-17a
082.md	267	KR2i0021_WYG_078-17b
082.md	275	KR2i0021_WYG_078-18a
082.md	283	KR2i0021_WYG_078-18b
082.md	291	KR2i0021_WYG_078-19a
082.md	299	KR2i0021_WYG_078-19b
082.md	307	KR2i0021_WYG_078-20a
082.md	315	KR2i0021_WYG_078-20b
082.md	323	KR2i0021_WYG_078-21a
082.md	331	KR2i0021_WYG_078-21b
082.md	339	KR2i0021_WYG_078-22a
082.md	347	KR2i0021_WYG_078-22b
082.md	355	KR2i0021_WYG_078-23a
082.md	363	KR2i0021_WYG_078-23b
082.md	371	KR2i0021_WYG_078-24a
082.md	379	KR2i0021_WYG_078-24b
082.md	387	KR2i0021_WYG_078-25a
082.md	395	KR2i0021_WYG_078-25b
082.md	403	KR2i0021_WYG_078-26a
082.md	411	KR2i0021_WYG_078-26b
082.md	419	KR2i0021_WYG_078-27a
082.md	427	KR2i0021_WYG_078-27b
082.md	435	KR2i0021_WYG_078-28a
082.md	443	KR2i0021_WYG_078-28b
082.md	451	KR2i0021_WYG_078-29a
082.md	459	KR2i0021_WYG_078-29b
082.md	467	KR2i0021_WYG_078-30a
082.md	475	KR2i0021_WYG_078-30b
082.md	483	KR2i0021_WYG_078-31a
082.md	491	KR2i0021_WYG_078-31b
082.md	499	KR2i0021_WYG_078-32a
082.md	507	KR2i0021_WYG_078-32b
082.md	515	KR2i0021_WYG_078-33a
082.md	523	KR2i0021_WYG_078-33b
082.md	531	KR2i0021_WYG_078-34a
082.md	539	KR2i0021_WYG_078-34b
082.md	547	KR2i0021_WYG_078-35a
082.md	555	KR2i0021_WYG_078-35b
082.md	563	KR2i0021_WYG_078-36a
082.md	571	KR2i0021_WYG_078-36b
082.md	579	KR2i0021_WYG_078-37a
082.md	587	KR2i0021_WYG_078-37b
082.md	595	KR2i0021_WYG_078-38a
082.md	603	KR2i0021_WYG_078-38b
082.md	611	KR2i0021_WYG_078-39a
082.md	619	KR2i0021_WYG_078-39b
082.md	627	KR2i0021_WYG_078-40a
082.md	635	KR2i0021_WYG_078-40b
083.md	3	KR2i0021_WYG_079-1a
083.md	11	KR2i0021_WYG_079-1b
083.md	19	KR2i0021_WYG_079-2a
083.md	27	KR2i0021_WYG_079-2b
083.md	35	KR2i0021_WYG_079-3a
083.md	43	KR2i0021_WYG_079-3b
083.md	51	KR2i0021_WYG_079-4a
083.md	59	KR2i0021_WYG_079-4b
083.md	67	KR2i0021_WYG_079-5a
083.md	75	KR2i0021_WYG_079-5b
083.md	83	KR2i0021_WYG_079-6a
083.md	91	KR2i0021_WYG_079-6b
083.md	99	KR2i0021_WYG_079-7a
083.md	107	KR2i0021_WYG_079-7b
083.md	115	KR2i0021_WYG_079-8a
083.md	123	KR2i0021_WYG_079-8b
083.md	131	KR2i0021_WYG_079-9a
083.md	139	KR2i0021_WYG_079-9b
083.md	147	KR2i0021_WYG_079-10a
083.md	155	KR2i0021_WYG_079-10b
083.md	163	KR2i0021_WYG_079-11a
083.md	171	KR2i0021_WYG_079-11b
083.md	179	KR2i0021_WYG_079-12a
083.md	187	KR2i0021_WYG_079-12b
083.md	195	KR2i0021_WYG_079-13a
083.md	203	KR2i0021_WYG_079-13b
083.md	211	KR2i0021_WYG_079-14a
083.md	219	KR2i0021_WYG_079-14b
083.md	227	KR2i0021_WYG_079-15a
083.md	235	KR2i0021_WYG_079-15b
083.md	243	KR2i0021_WYG_079-16a
083.md	251	KR2i0021_WYG_079-16b
083.md	259	KR2i0021_WYG_079-17a
083.md	267	KR2i0021_WYG_079-17b
084.md	3	KR2i0021_WYG_080-1a
084.md	11	KR2i0021_WYG_080-1b
084.md	19	KR2i0021_WYG_080-2a
084.md	27	KR2i0021_WYG_080-2b
084.md	35	KR2i0021_WYG_080-3a
084.md	43	KR2i0021_WYG_080-3b
084.md	51	KR2i0021_WYG_080-4a
084.md	59	KR2i0021_WYG_080-4b
084.md	67	KR2i0021_WYG_080-5a
084.md	75	KR2i0021_WYG_080-5b
084.md	83	KR2i0021_WYG_080-6a
084.md	91	KR2i0021_WYG_080-6b
084.md	99	KR2i0021_WYG_080-7a
084.md	107	KR2i0021_WYG_080-7b
084.md	115	KR2i0021_WYG_080-8a
084.md	123	KR2i0021_WYG_080-8b
084.md	131	KR2i0021_WYG_080-9a
084.md	139	KR2i0021_WYG_080-9b
084.md	147	KR2i0021_WYG_080-10a
084.md	155	KR2i0021_WYG_080-10b
084.md	163	KR2i0021_WYG_080-11a
084.md	171	KR2i0021_WYG_080-11b
084.md	179	KR2i0021_WYG_080-12a
084.md	187	KR2i0021_WYG_080-12b
084.md	195	KR2i0021_WYG_080-13a
084.md	203	KR2i0021_WYG_080-13b
084.md	211	KR2i0021_WYG_080-14a
084.md	219	KR2i0021_WYG_080-14b
084.md	227	KR2i0021_WYG_080-15a
084.md	235	KR2i0021_WYG_080-15b
085.md	3	KR2i0021_WYG_081-1a
085.md	11	KR2i0021_WYG_081-1b
085.md	19	KR2i0021_WYG_081-2a
085.md	27	KR2i0021_WYG_081-2b
085.md	35	KR2i0021_WYG_081-3a
085.md	43	KR2i0021_WYG_081-3b
085.md	51	KR2i0021_WYG_081-4a
085.md	59	KR2i0021_WYG_081-4b
085.md	67	KR2i0021_WYG_081-5a
085.md	75	KR2i0021_WYG_081-5b
085.md	83	KR2i0021_WYG_081-6a
085.md	91	KR2i0021_WYG_081-6b
085.md	99	KR2i0021_WYG_081-7a
085.md	107	KR2i0021_WYG_081-7b
085.md	115	KR2i0021_WYG_081-8a
085.md	123	KR2i0021_WYG_081-8b
085.md	131	KR2i0021_WYG_081-9a
085.md	139	KR2i0021_WYG_081-9b
085.md	147	KR2i0021_WYG_081-10a
085.md	155	KR2i0021_WYG_081-10b
085.md	163	KR2i0021_WYG_081-11a
085.md	171	KR2i0021_WYG_081-11b
085.md	179	KR2i0021_WYG_081-12a
085.md	187	KR2i0021_WYG_081-12b
085.md	195	KR2i0021_WYG_081-13a
085.md	203	KR2i0021_WYG_081-13b
085.md	211	KR2i0021_WYG_081-14a
085.md	219	KR2i0021_WYG_081-14b
085.md	227	KR2i0021_WYG_081-15a
085.md	235	KR2i0021_WYG_081-15b
085.md	243	KR2i0021_WYG_081-16a
085.md	251	KR2i0021_WYG_081-16b
085.md	259	KR2i0021_WYG_081-17a
085.md	267	KR2i0021_WYG_081-17b
085.md	275	KR2i0021_WYG_081-18a
085.md	283	KR2i0021_WYG_081-18b
086.md	3	KR2i0021_WYG_082-1a
086.md	11	KR2i0021_WYG_082-1b
086.md	19	KR2i0021_WYG_082-2a
086.md	27	KR2i0021_WYG_082-2b
086.md	35	KR2i0021_WYG_082-3a
086.md	43	KR2i0021_WYG_082-3b
086.md	51	KR2i0021_WYG_082-4a
086.md	59	KR2i0021_WYG_082-4b
086.md	67	KR2i0021_WYG_082-5a
086.md	75	KR2i0021_WYG_082-5b
086.md	83	KR2i0021_WYG_082-6a
086.md	91	KR2i0021_WYG_082-6b
086.md	99	KR2i0021_WYG_082-7a
086.md	107	KR2i0021_WYG_082-7b
086.md	115	KR2i0021_WYG_082-8a
086.md	123	KR2i0021_WYG_082-8b
086.md	131	KR2i0021_WYG_082-9a
086.md	139	KR2i0021_WYG_082-9b
086.md	147	KR2i0021_WYG_082-10a
086.md	155	KR2i0021_WYG_082-10b
086.md	163	KR2i0021_WYG_082-11a
086.md	171	KR2i0021_WYG_082-11b
086.md	179	KR2i0021_WYG_082-12a
086.md	187	KR2i0021_WYG_082-12b
086.md	195	KR2i0021_WYG_082-13a
086.md	203	KR2i0021_WYG_082-13b
086.md	211	KR2i0021_WYG_082-14a
086.md	219	KR2i0021_WYG_082-14b
086.md	227	KR2i0021_WYG_082-15a
086.md	235	KR2i0021_WYG_082-15b
086.md	243	KR2i0021_WYG_082-16a
086.md	251	KR2i0021_WYG_082-16b
086.md	259	KR2i0021_WYG_082-17a
086.md	267	KR2i0021_WYG_082-17b
086.md	275	KR2i0021_WYG_082-18a
086.md	283	KR2i0021_WYG_082-18b
086.md	291	KR2i0021_WYG_082-19a
086.md	299	KR2i0021_WYG_082-19b
086.md	307	KR2i0021_WYG_082-20a
086.md	315	KR2i0021_WYG_082-20b
086.md	323	KR2i0021_WYG_082-21a
086.md	331	KR2i0021_WYG_082-21b
086.md	339	KR2i0021_WYG_082-22a
086.md	347	KR2i0021_WYG_082-22b
086.md	355	KR2i0021_WYG_082-23a
086.md	363	KR2i0021_WYG_082-23b
086.md	371	KR2i0021_WYG_082-24a
086.md	379	KR2i0021_WYG_082-24b
087.md	3	KR2i0021_WYG_083-1a
087.md	11	KR2i0021_WYG_083-1b
087.md	19	KR2i0021_WYG_083-2a
087.md	27	KR2i0021_WYG_083-2b
087.md	35	KR2i0021_WYG_083-3a
087.md	43	KR2i0021_WYG_083-3b
087.md	51	KR2i0021_WYG_083-4a
087.md	59	KR2i0021_WYG_083-4b
087.md	67	KR2i0021_WYG_083-5a
087.md	75	KR2i0021_WYG_083-5b
087.md	83	KR2i0021_WYG_083-6a
087.md	91	KR2i0021_WYG_083-6b
087.md	99	KR2i0021_WYG_083-7a
087.md	107	KR2i0021_WYG_083-7b
087.md	115	KR2i0021_WYG_083-8a
087.md	123	KR2i0021_WYG_083-8b
087.md	131	KR2i0021_WYG_083-9a
087.md	139	KR2i0021_WYG_083-9b
087.md	147	KR2i0021_WYG_083-10a
087.md	155	KR2i0021_WYG_083-10b
087.md	163	KR2i0021_WYG_083-11a
087.md	171	KR2i0021_WYG_083-11b
087.md	179	KR2i0021_WYG_083-12a
087.md	187	KR2i0021_WYG_083-12b
087.md	195	KR2i0021_WYG_083-13a
087.md	203	KR2i0021_WYG_083-13b
087.md	211	KR2i0021_WYG_083-14a
087.md	219	KR2i0021_WYG_083-14b
087.md	227	KR2i0021_WYG_083-15a
087.md	235	KR2i0021_WYG_083-15b
087.md	243	KR2i0021_WYG_083-16a
087.md	251	KR2i0021_WYG_083-16b
087.md	259	KR2i0021_WYG_083-17a
087.md	267	KR2i0021_WYG_083-17b
087.md	275	KR2i0021_WYG_083-18a
087.md	283	KR2i0021_WYG_083-18b
087.md	291	KR2i0021_WYG_083-19a
087.md	299	KR2i0021_WYG_083-19b
087.md	307	KR2i0021_WYG_083-20a
087.md	315	KR2i0021_WYG_083-20b
087.md	323	KR2i0021_WYG_083-21a
087.md	331	KR2i0021_WYG_083-21b
087.md	339	KR2i0021_WYG_083-22a
087.md	347	KR2i0021_WYG_083-22b
087.md	355	KR2i0021_WYG_083-23a
087.md	363	KR2i0021_WYG_083-23b
087.md	371	KR2i0021_WYG_083-24a
087.md	379	KR2i0021_WYG_083-24b
087.md	387	KR2i0021_WYG_083-25a
087.md	395	KR2i0021_WYG_083-25b
087.md	403	KR2i0021_WYG_083-26a
087.md	411	KR2i0021_WYG_083-26b
087.md	419	KR2i0021_WYG_083-27a
087.md	427	KR2i0021_WYG_083-27b
087.md	435	KR2i0021_WYG_083-28a
087.md	443	KR2i0021_WYG_083-28b
087.md	451	KR2i0021_WYG_083-29a
087.md	459	KR2i0021_WYG_083-29b
087.md	467	KR2i0021_WYG_083-30a
087.md	475	KR2i0021_WYG_083-30b
087.md	483	KR2i0021_WYG_083-31a
087.md	491	KR2i0021_WYG_083-31b
087.md	499	KR2i0021_WYG_083-32a
087.md	507	KR2i0021_WYG_083-32b
087.md	515	KR2i0021_WYG_083-33a
087.md	523	KR2i0021_WYG_083-33b
087.md	531	KR2i0021_WYG_083-34a
087.md	539	KR2i0021_WYG_083-34b
087.md	547	KR2i0021_WYG_083-35a
087.md	555	KR2i0021_WYG_083-35b
087.md	563	KR2i0021_WYG_083-36a
087.md	571	KR2i0021_WYG_083-36b
088.md	3	KR2i0021_WYG_084-1a
088.md	11	KR2i0021_WYG_084-1b
088.md	19	KR2i0021_WYG_084-2a
088.md	27	KR2i0021_WYG_084-2b
088.md	35	KR2i0021_WYG_084-3a
088.md	43	KR2i0021_WYG_084-3b
088.md	51	KR2i0021_WYG_084-4a
088.md	59	KR2i0021_WYG_084-4b
088.md	67	KR2i0021_WYG_084-5a
088.md	75	KR2i0021_WYG_084-5b
088.md	83	KR2i0021_WYG_084-6a
088.md	91	KR2i0021_WYG_084-6b
088.md	99	KR2i0021_WYG_084-7a
088.md	107	KR2i0021_WYG_084-7b
088.md	115	KR2i0021_WYG_084-8a
088.md	123	KR2i0021_WYG_084-8b
088.md	131	KR2i0021_WYG_084-9a
088.md	139	KR2i0021_WYG_084-9b
088.md	147	KR2i0021_WYG_084-10a
088.md	155	KR2i0021_WYG_084-10b
088.md	163	KR2i0021_WYG_084-11a
088.md	171	KR2i0021_WYG_084-11b
088.md	179	KR2i0021_WYG_084-12a
088.md	187	KR2i0021_WYG_084-12b
088.md	195	KR2i0021_WYG_084-13a
088.md	203	KR2i0021_WYG_084-13b
088.md	211	KR2i0021_WYG_084-14a
088.md	219	KR2i0021_WYG_084-14b
088.md	227	KR2i0021_WYG_084-15a
088.md	235	KR2i0021_WYG_084-15b
088.md	243	KR2i0021_WYG_084-16a
088.md	251	KR2i0021_WYG_084-16b
088.md	259	KR2i0021_WYG_084-17a
088.md	267	KR2i0021_WYG_084-17b
088.md	275	KR2i0021_WYG_084-18a
088.md	283	KR2i0021_WYG_084-18b
088.md	291	KR2i0021_WYG_084-19a
088.md	299	KR2i0021_WYG_084-19b
088.md	307	KR2i0021_WYG_084-20a
088.md	315	KR2i0021_WYG_084-20b
089.md	3	KR2i0021_WYG_085-1a
089.md	11	KR2i0021_WYG_085-1b
089.md	19	KR2i0021_WYG_085-2a
089.md	27	KR2i0021_WYG_085-2b
089.md	35	KR2i0021_WYG_085-3a
089.md	43	KR2i0021_WYG_085-3b
089.md	51	KR2i0021_WYG_085-4a
089.md	59	KR2i0021_WYG_085-4b
089.md	67	KR2i0021_WYG_085-5a
089.md	75	KR2i0021_WYG_085-5b
089.md	83	KR2i0021_WYG_085-6a
089.md	91	KR2i0021_WYG_085-6b
089.md	99	KR2i0021_WYG_085-7a
089.md	107	KR2i0021_WYG_085-7b
089.md	115	KR2i0021_WYG_085-8a
089.md	123	KR2i0021_WYG_085-8b
089.md	131	KR2i0021_WYG_085-9a
089.md	139	KR2i0021_WYG_085-9b
089.md	147	KR2i0021_WYG_085-10a
089.md	155	KR2i0021_WYG_085-10b
089.md	163	KR2i0021_WYG_085-11a
089.md	171	KR2i0021_WYG_085-11b
089.md	179	KR2i0021_WYG_085-12a
089.md	187	KR2i0021_WYG_085-12b
089.md	195	KR2i0021_WYG_085-13a
089.md	203	KR2i0021_WYG_085-13b
090.md	3	KR2i0021_WYG_086-1a
090.md	11	KR2i0021_WYG_086-1b
090.md	19	KR2i0021_WYG_086-2a
090.md	27	KR2i0021_WYG_086-2b
090.md	35	KR2i0021_WYG_086-3a
090.md	43	KR2i0021_WYG_086-3b
090.md	51	KR2i0021_WYG_086-4a
090.md	59	KR2i0021_WYG_086-4b
090.md	67	KR2i0021_WYG_086-5a
090.md	75	KR2i0021_WYG_086-5b
090.md	83	KR2i0021_WYG_086-6a
090.md	91	KR2i0021_WYG_086-6b
090.md	99	KR2i0021_WYG_086-7a
090.md	107	KR2i0021_WYG_086-7b
090.md	115	KR2i0021_WYG_086-8a
090.md	123	KR2i0021_WYG_086-8b
090.md	131	KR2i0021_WYG_086-9a
090.md	139	KR2i0021_WYG_086-9b
090.md	147	KR2i0021_WYG_086-10a
090.md	155	KR2i0021_WYG_086-10b
091.md	3	KR2i0021_WYG_087-1a
091.md	11	KR2i0021_WYG_087-1b
091.md	19	KR2i0021_WYG_087-2a
091.md	27	KR2i0021_WYG_087-2b
091.md	35	KR2i0021_WYG_087-3a
091.md	43	KR2i0021_WYG_087-3b
091.md	51	KR2i0021_WYG_087-4a
091.md	59	KR2i0021_WYG_087-4b
091.md	67	KR2i0021_WYG_087-5a
091.md	75	KR2i0021_WYG_087-5b
091.md	83	KR2i0021_WYG_087-6a
091.md	91	KR2i0021_WYG_087-6b
091.md	99	KR2i0021_WYG_087-7a
091.md	107	KR2i0021_WYG_087-7b
091.md	115	KR2i0021_WYG_087-8a
091.md	123	KR2i0021_WYG_087-8b
091.md	131	KR2i0021_WYG_087-9a
091.md	139	KR2i0021_WYG_087-9b
091.md	147	KR2i0021_WYG_087-10a
091.md	155	KR2i0021_WYG_087-10b
091.md	163	KR2i0021_WYG_087-11a
091.md	171	KR2i0021_WYG_087-11b
091.md	179	KR2i0021_WYG_087-12a
091.md	187	KR2i0021_WYG_087-12b
091.md	195	KR2i0021_WYG_087-13a
091.md	203	KR2i0021_WYG_087-13b
092.md	3	KR2i0021_WYG_088-1a
092.md	11	KR2i0021_WYG_088-1b
092.md	19	KR2i0021_WYG_088-2a
092.md	27	KR2i0021_WYG_088-2b
092.md	35	KR2i0021_WYG_088-3a
092.md	43	KR2i0021_WYG_088-3b
092.md	51	KR2i0021_WYG_088-4a
092.md	59	KR2i0021_WYG_088-4b
092.md	67	KR2i0021_WYG_088-5a
092.md	75	KR2i0021_WYG_088-5b
092.md	83	KR2i0021_WYG_088-6a
092.md	91	KR2i0021_WYG_088-6b
092.md	99	KR2i0021_WYG_088-7a
092.md	107	KR2i0021_WYG_088-7b
092.md	115	KR2i0021_WYG_088-8a
092.md	123	KR2i0021_WYG_088-8b
092.md	131	KR2i0021_WYG_088-9a
092.md	139	KR2i0021_WYG_088-9b
092.md	147	KR2i0021_WYG_088-10a
092.md	155	KR2i0021_WYG_088-10b
092.md	163	KR2i0021_WYG_088-11a
092.md	171	KR2i0021_WYG_088-11b
092.md	179	KR2i0021_WYG_088-12a
092.md	187	KR2i0021_WYG_088-12b
092.md	195	KR2i0021_WYG_088-13a
092.md	203	KR2i0021_WYG_088-13b
092.md	211	KR2i0021_WYG_088-14a
092.md	219	KR2i0021_WYG_088-14b
092.md	227	KR2i0021_WYG_088-15a
092.md	235	KR2i0021_WYG_088-15b
092.md	243	KR2i0021_WYG_088-16a
092.md	251	KR2i0021_WYG_088-16b
093.md	3	KR2i0021_WYG_089-1a
093.md	11	KR2i0021_WYG_089-1b
093.md	19	KR2i0021_WYG_089-2a
093.md	27	KR2i0021_WYG_089-2b
093.md	35	KR2i0021_WYG_089-3a
093.md	43	KR2i0021_WYG_089-3b
093.md	51	KR2i0021_WYG_089-4a
093.md	59	KR2i0021_WYG_089-4b
093.md	67	KR2i0021_WYG_089-5a
093.md	75	KR2i0021_WYG_089-5b
093.md	83	KR2i0021_WYG_089-6a
093.md	91	KR2i0021_WYG_089-6b
093.md	99	KR2i0021_WYG_089-7a
093.md	107	KR2i0021_WYG_089-7b
093.md	115	KR2i0021_WYG_089-8a
093.md	123	KR2i0021_WYG_089-8b
093.md	131	KR2i0021_WYG_089-9a
093.md	139	KR2i0021_WYG_089-9b
093.md	147	KR2i0021_WYG_089-10a
093.md	155	KR2i0021_WYG_089-10b
093.md	163	KR2i0021_WYG_089-11a
093.md	171	KR2i0021_WYG_089-11b
093.md	179	KR2i0021_WYG_089-12a
093.md	187	KR2i0021_WYG_089-12b
093.md	195	KR2i0021_WYG_089-13a
093.md	203	KR2i0021_WYG_089-13b
093.md	211	KR2i0021_WYG_089-14a
093.md	219	KR2i0021_WYG_089-14b
093.md	227	KR2i0021_WYG_089-15a
093.md	235	KR2i0021_WYG_089-15b
093.md	243	KR2i0021_WYG_089-16a
093.md	251	KR2i0021_WYG_089-16b
093.md	259	KR2i0021_WYG_089-17a
093.md	267	KR2i0021_WYG_089-17b
093.md	275	KR2i0021_WYG_089-18a
093.md	283	KR2i0021_WYG_089-18b
094.md	3	KR2i0021_WYG_090-1a
094.md	11	KR2i0021_WYG_090-1b
094.md	19	KR2i0021_WYG_090-2a
094.md	27	KR2i0021_WYG_090-2b
094.md	35	KR2i0021_WYG_090-3a
094.md	43	KR2i0021_WYG_090-3b
094.md	51	KR2i0021_WYG_090-4a
094.md	59	KR2i0021_WYG_090-4b
094.md	67	KR2i0021_WYG_090-5a
094.md	75	KR2i0021_WYG_090-5b
094.md	83	KR2i0021_WYG_090-6a
094.md	91	KR2i0021_WYG_090-6b
094.md	99	KR2i0021_WYG_090-7a
094.md	107	KR2i0021_WYG_090-7b
094.md	115	KR2i0021_WYG_090-8a
094.md	123	KR2i0021_WYG_090-8b
094.md	131	KR2i0021_WYG_090-9a
094.md	139	KR2i0021_WYG_090-9b
094.md	147	KR2i0021_WYG_090-10a
094.md	155	KR2i0021_WYG_090-10b
094.md	163	KR2i0021_WYG_090-11a
094.md	171	KR2i0021_WYG_090-11b
094.md	179	KR2i0021_WYG_090-12a
094.md	187	KR2i0021_WYG_090-12b
094.md	195	KR2i0021_WYG_090-13a
094.md	203	KR2i0021_WYG_090-13b
094.md	211	KR2i0021_WYG_090-14a
094.md	219	KR2i0021_WYG_090-14b
094.md	227	KR2i0021_WYG_090-15a
094.md	235	KR2i0021_WYG_090-15b
094.md	243	KR2i0021_WYG_090-16a
094.md	251	KR2i0021_WYG_090-16b
094.md	259	KR2i0021_WYG_090-17a
094.md	267	KR2i0021_WYG_090-17b
094.md	275	KR2i0021_WYG_090-18a
094.md	283	KR2i0021_WYG_090-18b
094.md	291	KR2i0021_WYG_090-19a
094.md	299	KR2i0021_WYG_090-19b
094.md	307	KR2i0021_WYG_090-20a
094.md	315	KR2i0021_WYG_090-20b
094.md	323	KR2i0021_WYG_090-21a
094.md	331	KR2i0021_WYG_090-21b
094.md	339	KR2i0021_WYG_090-22a
094.md	347	KR2i0021_WYG_090-22b
094.md	355	KR2i0021_WYG_090-23a
094.md	363	KR2i0021_WYG_090-23b
094.md	371	KR2i0021_WYG_090-24a
094.md	379	KR2i0021_WYG_090-24b
094.md	387	KR2i0021_WYG_090-25a
094.md	395	KR2i0021_WYG_090-25b
095.md	3	KR2i0021_WYG_091-1a
095.md	11	KR2i0021_WYG_091-1b
095.md	19	KR2i0021_WYG_091-2a
095.md	27	KR2i0021_WYG_091-2b
095.md	35	KR2i0021_WYG_091-3a
095.md	43	KR2i0021_WYG_091-3b
095.md	51	KR2i0021_WYG_091-4a
095.md	59	KR2i0021_WYG_091-4b
095.md	67	KR2i0021_WYG_091-5a
095.md	75	KR2i0021_WYG_091-5b
095.md	83	KR2i0021_WYG_091-6a
095.md	91	KR2i0021_WYG_091-6b
095.md	99	KR2i0021_WYG_091-7a
095.md	107	KR2i0021_WYG_091-7b
095.md	115	KR2i0021_WYG_091-8a
095.md	123	KR2i0021_WYG_091-8b
095.md	131	KR2i0021_WYG_091-9a
095.md	139	KR2i0021_WYG_091-9b
095.md	147	KR2i0021_WYG_091-10a
095.md	155	KR2i0021_WYG_091-10b
095.md	163	KR2i0021_WYG_091-11a
095.md	171	KR2i0021_WYG_091-11b
095.md	179	KR2i0021_WYG_091-12a
095.md	187	KR2i0021_WYG_091-12b
095.md	195	KR2i0021_WYG_091-13a
095.md	203	KR2i0021_WYG_091-13b
095.md	211	KR2i0021_WYG_091-14a
095.md	219	KR2i0021_WYG_091-14b
095.md	227	KR2i0021_WYG_091-15a
095.md	235	KR2i0021_WYG_091-15b
096.md	3	KR2i0021_WYG_092-1a
096.md	11	KR2i0021_WYG_092-1b
096.md	19	KR2i0021_WYG_092-2a
096.md	27	KR2i0021_WYG_092-2b
096.md	35	KR2i0021_WYG_092-3a
096.md	43	KR2i0021_WYG_092-3b
096.md	51	KR2i0021_WYG_092-4a
096.md	59	KR2i0021_WYG_092-4b
096.md	67	KR2i0021_WYG_092-5a
096.md	75	KR2i0021_WYG_092-5b
096.md	83	KR2i0021_WYG_092-6a
096.md	91	KR2i0021_WYG_092-6b
096.md	99	KR2i0021_WYG_092-7a
096.md	107	KR2i0021_WYG_092-7b
096.md	115	KR2i0021_WYG_092-8a
096.md	123	KR2i0021_WYG_092-8b
096.md	131	KR2i0021_WYG_092-9a
096.md	139	KR2i0021_WYG_092-9b
096.md	147	KR2i0021_WYG_092-10a
096.md	155	KR2i0021_WYG_092-10b
096.md	163	KR2i0021_WYG_092-11a
096.md	171	KR2i0021_WYG_092-11b
096.md	179	KR2i0021_WYG_092-12a
096.md	187	KR2i0021_WYG_092-12b
096.md	195	KR2i0021_WYG_092-13a
096.md	203	KR2i0021_WYG_092-13b
096.md	211	KR2i0021_WYG_092-14a
096.md	219	KR2i0021_WYG_092-14b
096.md	227	KR2i0021_WYG_092-15a
096.md	235	KR2i0021_WYG_092-15b
097.md	3	KR2i0021_WYG_093-1a
097.md	11	KR2i0021_WYG_093-1b
097.md	19	KR2i0021_WYG_093-2a
097.md	27	KR2i0021_WYG_093-2b
097.md	35	KR2i0021_WYG_093-3a
097.md	43	KR2i0021_WYG_093-3b
097.md	51	KR2i0021_WYG_093-4a
097.md	59	KR2i0021_WYG_093-4b
097.md	67	KR2i0021_WYG_093-5a
097.md	75	KR2i0021_WYG_093-5b
097.md	83	KR2i0021_WYG_093-6a
097.md	91	KR2i0021_WYG_093-6b
097.md	99	KR2i0021_WYG_093-7a
097.md	107	KR2i0021_WYG_093-7b
097.md	115	KR2i0021_WYG_093-8a
097.md	123	KR2i0021_WYG_093-8b
097.md	131	KR2i0021_WYG_093-9a
097.md	139	KR2i0021_WYG_093-9b
098.md	3	KR2i0021_WYG_094-1a
098.md	11	KR2i0021_WYG_094-1b
098.md	19	KR2i0021_WYG_094-2a
098.md	27	KR2i0021_WYG_094-2b
098.md	35	KR2i0021_WYG_094-3a
098.md	43	KR2i0021_WYG_094-3b
098.md	51	KR2i0021_WYG_094-4a
098.md	59	KR2i0021_WYG_094-4b
098.md	67	KR2i0021_WYG_094-5a
098.md	75	KR2i0021_WYG_094-5b
098.md	83	KR2i0021_WYG_094-6a
098.md	91	KR2i0021_WYG_094-6b
098.md	99	KR2i0021_WYG_094-7a
098.md	107	KR2i0021_WYG_094-7b
098.md	115	KR2i0021_WYG_094-8a
098.md	123	KR2i0021_WYG_094-8b
098.md	131	KR2i0021_WYG_094-9a
098.md	139	KR2i0021_WYG_094-9b
098.md	147	KR2i0021_WYG_094-10a
098.md	155	KR2i0021_WYG_094-10b
098.md	163	KR2i0021_WYG_094-11a
098.md	171	KR2i0021_WYG_094-11b
098.md	179	KR2i0021_WYG_094-12a
098.md	187	KR2i0021_WYG_094-12b
098.md	195	KR2i0021_WYG_094-13a
098.md	203	KR2i0021_WYG_094-13b
098.md	211	KR2i0021_WYG_094-14a
098.md	219	KR2i0021_WYG_094-14b
099.md	3	KR2i0021_WYG_095-1a
099.md	11	KR2i0021_WYG_095-1b
099.md	19	KR2i0021_WYG_095-2a
099.md	27	KR2i0021_WYG_095-2b
099.md	35	KR2i0021_WYG_095-3a
099.md	43	KR2i0021_WYG_095-3b
099.md	51	KR2i0021_WYG_095-4a
099.md	59	KR2i0021_WYG_095-4b
099.md	67	KR2i0021_WYG_095-5a
099.md	75	KR2i0021_WYG_095-5b
099.md	83	KR2i0021_WYG_095-6a
099.md	91	KR2i0021_WYG_095-6b
099.md	99	KR2i0021_WYG_095-7a
099.md	107	KR2i0021_WYG_095-7b
099.md	115	KR2i0021_WYG_095-8a
099.md	123	KR2i0021_WYG_095-8b
099.md	131	KR2i0021_WYG_095-9a
099.md	139	KR2i0021_WYG_095-9b
099.md	147	KR2i0021_WYG_095-10a
099.md	155	KR2i0021_WYG_095-10b
099.md	163	KR2i0021_WYG_095-11a
099.md	171	KR2i0021_WYG_095-11b
099.md	179	KR2i0021_WYG_095-12a
099.md	187	KR2i0021_WYG_095-12b
099.md	195	KR2i0021_WYG_095-13a
099.md	203	KR2i0021_WYG_095-13b
100.md	3	KR2i0021_WYG_096-1a
100.md	11	KR2i0021_WYG_096-1b
100.md	19	KR2i0021_WYG_096-2a
100.md	27	KR2i0021_WYG_096-2b
100.md	35	KR2i0021_WYG_096-3a
100.md	43	KR2i0021_WYG_096-3b
100.md	51	KR2i0021_WYG_096-4a
100.md	59	KR2i0021_WYG_096-4b
100.md	67	KR2i0021_WYG_096-5a
100.md	75	KR2i0021_WYG_096-5b
100.md	83	KR2i0021_WYG_096-6a
100.md	91	KR2i0021_WYG_096-6b
100.md	99	KR2i0021_WYG_096-7a
100.md	107	KR2i0021_WYG_096-7b
100.md	115	KR2i0021_WYG_096-8a
100.md	123	KR2i0021_WYG_096-8b
100.md	131	KR2i0021_WYG_096-9a
100.md	139	KR2i0021_WYG_096-9b
101.md	3	KR2i0021_WYG_097-1a
101.md	11	KR2i0021_WYG_097-1b
101.md	19	KR2i0021_WYG_097-2a
101.md	27	KR2i0021_WYG_097-2b
101.md	35	KR2i0021_WYG_097-3a
101.md	43	KR2i0021_WYG_097-3b
101.md	51	KR2i0021_WYG_097-4a
101.md	59	KR2i0021_WYG_097-4b
101.md	67	KR2i0021_WYG_097-5a
101.md	75	KR2i0021_WYG_097-5b
101.md	83	KR2i0021_WYG_097-6a
101.md	91	KR2i0021_WYG_097-6b
101.md	99	KR2i0021_WYG_097-7a
101.md	107	KR2i0021_WYG_097-7b
101.md	115	KR2i0021_WYG_097-8a
101.md	123	KR2i0021_WYG_097-8b
101.md	131	KR2i0021_WYG_097-9a
101.md	139	KR2i0021_WYG_097-9b
101.md	147	KR2i0021_WYG_097-10a
101.md	155	KR2i0021_WYG_097-10b
102.md	3	KR2i0021_WYG_098-1a
102.md	11	KR2i0021_WYG_098-1b
102.md	19	KR2i0021_WYG_098-2a
102.md	27	KR2i0021_WYG_098-2b
102.md	35	KR2i0021_WYG_098-3a
102.md	43	KR2i0021_WYG_098-3b
102.md	51	KR2i0021_WYG_098-4a
102.md	59	KR2i0021_WYG_098-4b
102.md	67	KR2i0021_WYG_098-5a
102.md	75	KR2i0021_WYG_098-5b
102.md	83	KR2i0021_WYG_098-6a
102.md	91	KR2i0021_WYG_098-6b
102.md	99	KR2i0021_WYG_098-7a
102.md	107	KR2i0021_WYG_098-7b
102.md	115	KR2i0021_WYG_098-8a
102.md	123	KR2i0021_WYG_098-8b
102.md	131	KR2i0021_WYG_098-9a
102.md	139	KR2i0021_WYG_098-9b
102.md	147	KR2i0021_WYG_098-10a
102.md	155	KR2i0021_WYG_098-10b
102.md	163	KR2i0021_WYG_098-11a
102.md	171	KR2i0021_WYG_098-11b
102.md	179	KR2i0021_WYG_098-12a
102.md	187	KR2i0021_WYG_098-12b
103.md	3	KR2i0021_WYG_099-1a
103.md	11	KR2i0021_WYG_099-1b
103.md	19	KR2i0021_WYG_099-2a
103.md	27	KR2i0021_WYG_099-2b
103.md	35	KR2i0021_WYG_099-3a
103.md	43	KR2i0021_WYG_099-3b
103.md	51	KR2i0021_WYG_099-4a
103.md	59	KR2i0021_WYG_099-4b
103.md	67	KR2i0021_WYG_099-5a
103.md	75	KR2i0021_WYG_099-5b
103.md	83	KR2i0021_WYG_099-6a
103.md	91	KR2i0021_WYG_099-6b
103.md	99	KR2i0021_WYG_099-7a
103.md	107	KR2i0021_WYG_099-7b
103.md	115	KR2i0021_WYG_099-8a
103.md	123	KR2i0021_WYG_099-8b
103.md	131	KR2i0021_WYG_099-9a
103.md	139	KR2i0021_WYG_099-9b
103.md	147	KR2i0021_WYG_099-10a
103.md	155	KR2i0021_WYG_099-10b
103.md	163	KR2i0021_WYG_099-11a
103.md	171	KR2i0021_WYG_099-11b
103.md	179	KR2i0021_WYG_099-12a
103.md	187	KR2i0021_WYG_099-12b
103.md	195	KR2i0021_WYG_099-13a
103.md	203	KR2i0021_WYG_099-13b
103.md	211	KR2i0021_WYG_099-14a
103.md	219	KR2i0021_WYG_099-14b
103.md	227	KR2i0021_WYG_099-15a
103.md	235	KR2i0021_WYG_099-15b
103.md	243	KR2i0021_WYG_099-16a
103.md	251	KR2i0021_WYG_099-16b
104.md	3	KR2i0021_WYG_100-1a
104.md	11	KR2i0021_WYG_100-1b
104.md	19	KR2i0021_WYG_100-2a
104.md	27	KR2i0021_WYG_100-2b
104.md	35	KR2i0021_WYG_100-3a
104.md	43	KR2i0021_WYG_100-3b
104.md	51	KR2i0021_WYG_100-4a
104.md	59	KR2i0021_WYG_100-4b
104.md	67	KR2i0021_WYG_100-5a
104.md	75	KR2i0021_WYG_100-5b
104.md	83	KR2i0021_WYG_100-6a
104.md	91	KR2i0021_WYG_100-6b
104.md	99	KR2i0021_WYG_100-7a
104.md	107	KR2i0021_WYG_100-7b
104.md	115	KR2i0021_WYG_100-8a
104.md	123	KR2i0021_WYG_100-8b
104.md	131	KR2i0021_WYG_100-9a
104.md	139	KR2i0021_WYG_100-9b
104.md	147	KR2i0021_WYG_100-10a
104.md	155	KR2i0021_WYG_100-10b
104.md	163	KR2i0021_WYG_100-11a
104.md	171	KR2i0021_WYG_100-11b
104.md	179	KR2i0021_WYG_100-12a
104.md	187	KR2i0021_WYG_100-12b
104.md	195	KR2i0021_WYG_100-13a
104.md	203	KR2i0021_WYG_100-13b
104.md	211	KR2i0021_WYG_100-14a
104.md	219	KR2i0021_WYG_100-14b
105.md	3	KR2i0021_WYG_101-1a
105.md	11	KR2i0021_WYG_101-1b
105.md	19	KR2i0021_WYG_101-2a
105.md	27	KR2i0021_WYG_101-2b
105.md	35	KR2i0021_WYG_101-3a
105.md	43	KR2i0021_WYG_101-3b
105.md	51	KR2i0021_WYG_101-4a
105.md	59	KR2i0021_WYG_101-4b
105.md	67	KR2i0021_WYG_101-5a
105.md	75	KR2i0021_WYG_101-5b
105.md	83	KR2i0021_WYG_101-6a
105.md	91	KR2i0021_WYG_101-6b
105.md	99	KR2i0021_WYG_101-7a
105.md	107	KR2i0021_WYG_101-7b
105.md	115	KR2i0021_WYG_101-8a
105.md	123	KR2i0021_WYG_101-8b
105.md	131	KR2i0021_WYG_101-9a
105.md	139	KR2i0021_WYG_101-9b
105.md	147	KR2i0021_WYG_101-10a
105.md	155	KR2i0021_WYG_101-10b
105.md	163	KR2i0021_WYG_101-11a
105.md	171	KR2i0021_WYG_101-11b
105.md	179	KR2i0021_WYG_101-12a
105.md	187	KR2i0021_WYG_101-12b
105.md	195	KR2i0021_WYG_101-13a
105.md	203	KR2i0021_WYG_101-13b
105.md	211	KR2i0021_WYG_101-14a
105.md	219	KR2i0021_WYG_101-14b
105.md	227	KR2i0021_WYG_101-15a
105.md	235	KR2i0021_WYG_101-15b
105.md	243	KR2i0021_WYG_101-16a
105.md	251	KR2i0021_WYG_101-16b
106.md	3	KR2i0021_WYG_102-1a
106.md	11	KR2i0021_WYG_102-1b
106.md	19	KR2i0021_WYG_102-2a
106.md	27	KR2i0021_WYG_102-2b
106.md	35	KR2i0021_WYG_102-3a
106.md	43	KR2i0021_WYG_102-3b
106.md	51	KR2i0021_WYG_102-4a
106.md	59	KR2i0021_WYG_102-4b
106.md	67	KR2i0021_WYG_102-5a
106.md	75	KR2i0021_WYG_102-5b
106.md	83	KR2i0021_WYG_102-6a
106.md	91	KR2i0021_WYG_102-6b
106.md	99	KR2i0021_WYG_102-7a
106.md	107	KR2i0021_WYG_102-7b
106.md	115	KR2i0021_WYG_102-8a
106.md	123	KR2i0021_WYG_102-8b
106.md	131	KR2i0021_WYG_102-9a
106.md	139	KR2i0021_WYG_102-9b
106.md	147	KR2i0021_WYG_102-10a
106.md	155	KR2i0021_WYG_102-10b
106.md	163	KR2i0021_WYG_102-11a
106.md	171	KR2i0021_WYG_102-11b
107.md	3	KR2i0021_WYG_103-1a
107.md	11	KR2i0021_WYG_103-1b
107.md	19	KR2i0021_WYG_103-2a
107.md	27	KR2i0021_WYG_103-2b
107.md	35	KR2i0021_WYG_103-3a
107.md	43	KR2i0021_WYG_103-3b
107.md	51	KR2i0021_WYG_103-4a
107.md	59	KR2i0021_WYG_103-4b
107.md	67	KR2i0021_WYG_103-5a
107.md	75	KR2i0021_WYG_103-5b
107.md	83	KR2i0021_WYG_103-6a
107.md	91	KR2i0021_WYG_103-6b
107.md	99	KR2i0021_WYG_103-7a
107.md	107	KR2i0021_WYG_103-7b
107.md	115	KR2i0021_WYG_103-8a
107.md	123	KR2i0021_WYG_103-8b
107.md	131	KR2i0021_WYG_103-9a
107.md	139	KR2i0021_WYG_103-9b
107.md	147	KR2i0021_WYG_103-10a
107.md	155	KR2i0021_WYG_103-10b
108.md	3	KR2i0021_WYG_104-1a
108.md	11	KR2i0021_WYG_104-1b
108.md	19	KR2i0021_WYG_104-2a
108.md	27	KR2i0021_WYG_104-2b
108.md	35	KR2i0021_WYG_104-3a
108.md	43	KR2i0021_WYG_104-3b
108.md	51	KR2i0021_WYG_104-4a
108.md	59	KR2i0021_WYG_104-4b
108.md	67	KR2i0021_WYG_104-5a
108.md	75	KR2i0021_WYG_104-5b
108.md	83	KR2i0021_WYG_104-6a
108.md	91	KR2i0021_WYG_104-6b
108.md	99	KR2i0021_WYG_104-7a
108.md	107	KR2i0021_WYG_104-7b
108.md	115	KR2i0021_WYG_104-8a
108.md	123	KR2i0021_WYG_104-8b
108.md	131	KR2i0021_WYG_104-9a
108.md	139	KR2i0021_WYG_104-9b
108.md	147	KR2i0021_WYG_104-10a
108.md	155	KR2i0021_WYG_104-10b
108.md	163	KR2i0021_WYG_104-11a
108.md	171	KR2i0021_WYG_104-11b
108.md	179	KR2i0021_WYG_104-12a
108.md	187	KR2i0021_WYG_104-12b
108.md	195	KR2i0021_WYG_104-13a
108.md	203	KR2i0021_WYG_104-13b
109.md	3	KR2i0021_WYG_105-1a
109.md	11	KR2i0021_WYG_105-1b
109.md	19	KR2i0021_WYG_105-2a
109.md	27	KR2i0021_WYG_105-2b
109.md	35	KR2i0021_WYG_105-3a
109.md	43	KR2i0021_WYG_105-3b
109.md	51	KR2i0021_WYG_105-4a
109.md	59	KR2i0021_WYG_105-4b
109.md	67	KR2i0021_WYG_105-5a
109.md	75	KR2i0021_WYG_105-5b
109.md	83	KR2i0021_WYG_105-6a
109.md	91	KR2i0021_WYG_105-6b
109.md	99	KR2i0021_WYG_105-7a
109.md	107	KR2i0021_WYG_105-7b
109.md	115	KR2i0021_WYG_105-8a
109.md	123	KR2i0021_WYG_105-8b
109.md	131	KR2i0021_WYG_105-9a
109.md	139	KR2i0021_WYG_105-9b
109.md	147	KR2i0021_WYG_105-10a
109.md	155	KR2i0021_WYG_105-10b
109.md	163	KR2i0021_WYG_105-11a
109.md	171	KR2i0021_WYG_105-11b
109.md	179	KR2i0021_WYG_105-12a
109.md	187	KR2i0021_WYG_105-12b
109.md	195	KR2i0021_WYG_105-13a
109.md	203	KR2i0021_WYG_105-13b
109.md	211	KR2i0021_WYG_105-14a
109.md	219	KR2i0021_WYG_105-14b
109.md	227	KR2i0021_WYG_105-15a
109.md	235	KR2i0021_WYG_105-15b
109.md	243	KR2i0021_WYG_105-16a
109.md	251	KR2i0021_WYG_105-16b
109.md	259	KR2i0021_WYG_105-17a
109.md	267	KR2i0021_WYG_105-17b
109.md	275	KR2i0021_WYG_105-18a
109.md	283	KR2i0021_WYG_105-18b
109.md	291	KR2i0021_WYG_105-19a
109.md	299	KR2i0021_WYG_105-19b
109.md	307	KR2i0021_WYG_105-20a
109.md	315	KR2i0021_WYG_105-20b
109.md	323	KR2i0021_WYG_105-21a
109.md	331	KR2i0021_WYG_105-21b
109.md	339	KR2i0021_WYG_105-22a
109.md	347	KR2i0021_WYG_105-22b
109.md	355	KR2i0021_WYG_105-23a
109.md	363	KR2i0021_WYG_105-23b
109.md	371	KR2i0021_WYG_105-24a
109.md	379	KR2i0021_WYG_105-24b
110.md	3	KR2i0021_WYG_106-1a
110.md	11	KR2i0021_WYG_106-1b
110.md	19	KR2i0021_WYG_106-2a
110.md	27	KR2i0021_WYG_106-2b
110.md	35	KR2i0021_WYG_106-3a
110.md	43	KR2i0021_WYG_106-3b
110.md	51	KR2i0021_WYG_106-4a
110.md	59	KR2i0021_WYG_106-4b
110.md	67	KR2i0021_WYG_106-5a
110.md	75	KR2i0021_WYG_106-5b
110.md	83	KR2i0021_WYG_106-6a
110.md	91	KR2i0021_WYG_106-6b
110.md	99	KR2i0021_WYG_106-7a
110.md	107	KR2i0021_WYG_106-7b
110.md	115	KR2i0021_WYG_106-8a
110.md	123	KR2i0021_WYG_106-8b
111.md	3	KR2i0021_WYG_107-1a
111.md	11	KR2i0021_WYG_107-1b
111.md	19	KR2i0021_WYG_107-2a
111.md	27	KR2i0021_WYG_107-2b
111.md	35	KR2i0021_WYG_107-3a
111.md	43	KR2i0021_WYG_107-3b
111.md	51	KR2i0021_WYG_107-4a
111.md	59	KR2i0021_WYG_107-4b
111.md	67	KR2i0021_WYG_107-5a
111.md	75	KR2i0021_WYG_107-5b
111.md	83	KR2i0021_WYG_107-6a
111.md	91	KR2i0021_WYG_107-6b
111.md	99	KR2i0021_WYG_107-7a
111.md	107	KR2i0021_WYG_107-7b
111.md	115	KR2i0021_WYG_107-8a
111.md	123	KR2i0021_WYG_107-8b
111.md	131	KR2i0021_WYG_107-9a
111.md	139	KR2i0021_WYG_107-9b
111.md	147	KR2i0021_WYG_107-10a
111.md	155	KR2i0021_WYG_107-10b
111.md	163	KR2i0021_WYG_107-11a
111.md	171	KR2i0021_WYG_107-11b
112.md	3	KR2i0021_WYG_108-1a
112.md	11	KR2i0021_WYG_108-1b
112.md	19	KR2i0021_WYG_108-2a
112.md	27	KR2i0021_WYG_108-2b
112.md	35	KR2i0021_WYG_108-3a
112.md	43	KR2i0021_WYG_108-3b
112.md	51	KR2i0021_WYG_108-4a
112.md	59	KR2i0021_WYG_108-4b
112.md	67	KR2i0021_WYG_108-5a
112.md	75	KR2i0021_WYG_108-5b
112.md	83	KR2i0021_WYG_108-6a
112.md	91	KR2i0021_WYG_108-6b
112.md	99	KR2i0021_WYG_108-7a
112.md	107	KR2i0021_WYG_108-7b
112.md	115	KR2i0021_WYG_108-8a
112.md	123	KR2i0021_WYG_108-8b
112.md	131	KR2i0021_WYG_108-9a
112.md	139	KR2i0021_WYG_108-9b
112.md	147	KR2i0021_WYG_108-10a
112.md	155	KR2i0021_WYG_108-10b
112.md	163	KR2i0021_WYG_108-11a
112.md	171	KR2i0021_WYG_108-11b
112.md	179	KR2i0021_WYG_108-12a
112.md	187	KR2i0021_WYG_108-12b
112.md	195	KR2i0021_WYG_108-13a
112.md	203	KR2i0021_WYG_108-13b
113.md	3	KR2i0021_WYG_109-1a
113.md	11	KR2i0021_WYG_109-1b
113.md	13	KR2i0021_WYG_109-2a
113.md	14	KR2i0021_WYG_109-3a
113.md	15	KR2i0021_WYG_109-4a
113.md	16	KR2i0021_WYG_109-5a
113.md	17	KR2i0021_WYG_109-6a
113.md	18	KR2i0021_WYG_109-7a
113.md	26	KR2i0021_WYG_109-7b
114.md	3	KR2i0021_WYG_110-1a
114.md	11	KR2i0021_WYG_110-2a
114.md	12	KR2i0021_WYG_110-3a
114.md	13	KR2i0021_WYG_110-4a
114.md	14	KR2i0021_WYG_110-5a
114.md	15	KR2i0021_WYG_110-6a
114.md	16	KR2i0021_WYG_110-7a
114.md	17	KR2i0021_WYG_110-8a
114.md	25	KR2i0021_WYG_110-8b
115.md	3	KR2i0021_WYG_111-1a
115.md	11	KR2i0021_WYG_111-1b
115.md	19	KR2i0021_WYG_111-2a
115.md	27	KR2i0021_WYG_111-2b
115.md	35	KR2i0021_WYG_111-3a
115.md	43	KR2i0021_WYG_111-3b
115.md	51	KR2i0021_WYG_111-4a
115.md	59	KR2i0021_WYG_111-4b
115.md	67	KR2i0021_WYG_111-5a
115.md	75	KR2i0021_WYG_111-5b
115.md	83	KR2i0021_WYG_111-6a
115.md	91	KR2i0021_WYG_111-6b
115.md	99	KR2i0021_WYG_111-7a
115.md	107	KR2i0021_WYG_111-7b
115.md	115	KR2i0021_WYG_111-8a
115.md	123	KR2i0021_WYG_111-8b
115.md	131	KR2i0021_WYG_111-9a
115.md	139	KR2i0021_WYG_111-9b
115.md	147	KR2i0021_WYG_111-10a
115.md	155	KR2i0021_WYG_111-10b
115.md	163	KR2i0021_WYG_111-11a
115.md	171	KR2i0021_WYG_111-11b
115.md	179	KR2i0021_WYG_111-12a
115.md	187	KR2i0021_WYG_111-12b
115.md	195	KR2i0021_WYG_111-13a
115.md	203	KR2i0021_WYG_111-13b
115.md	211	KR2i0021_WYG_111-14a
115.md	219	KR2i0021_WYG_111-14b
115.md	227	KR2i0021_WYG_111-15a
115.md	235	KR2i0021_WYG_111-15b
115.md	243	KR2i0021_WYG_111-16a
115.md	251	KR2i0021_WYG_111-16b
115.md	259	KR2i0021_WYG_111-17a
115.md	267	KR2i0021_WYG_111-17b
115.md	275	KR2i0021_WYG_111-18a
115.md	283	KR2i0021_WYG_111-18b
115.md	291	KR2i0021_WYG_111-19a
115.md	299	KR2i0021_WYG_111-19b
115.md	307	KR2i0021_WYG_111-20a
115.md	315	KR2i0021_WYG_111-20b
115.md	323	KR2i0021_WYG_111-21a
115.md	331	KR2i0021_WYG_111-21b
115.md	339	KR2i0021_WYG_111-22a
115.md	347	KR2i0021_WYG_111-22b
115.md	355	KR2i0021_WYG_111-23a
115.md	363	KR2i0021_WYG_111-23b
115.md	371	KR2i0021_WYG_111-24a
115.md	379	KR2i0021_WYG_111-24b
115.md	387	KR2i0021_WYG_111-25a
115.md	395	KR2i0021_WYG_111-25b
115.md	403	KR2i0021_WYG_111-26a
115.md	411	KR2i0021_WYG_111-26b
115.md	419	KR2i0021_WYG_111-27a
115.md	427	KR2i0021_WYG_111-27b
115.md	435	KR2i0021_WYG_111-28a
115.md	443	KR2i0021_WYG_111-28b
115.md	451	KR2i0021_WYG_111-29a
115.md	459	KR2i0021_WYG_111-29b
115.md	467	KR2i0021_WYG_111-30a
115.md	475	KR2i0021_WYG_111-30b
115.md	483	KR2i0021_WYG_111-31a
115.md	491	KR2i0021_WYG_111-31b
116.md	3	KR2i0021_WYG_112-1a
116.md	11	KR2i0021_WYG_112-1b
116.md	19	KR2i0021_WYG_112-2a
116.md	27	KR2i0021_WYG_112-2b
116.md	35	KR2i0021_WYG_112-3a
116.md	43	KR2i0021_WYG_112-3b
116.md	51	KR2i0021_WYG_112-4a
116.md	59	KR2i0021_WYG_112-4b
116.md	67	KR2i0021_WYG_112-5a
116.md	75	KR2i0021_WYG_112-5b
116.md	83	KR2i0021_WYG_112-6a
116.md	91	KR2i0021_WYG_112-6b
116.md	99	KR2i0021_WYG_112-7a
116.md	107	KR2i0021_WYG_112-7b
116.md	115	KR2i0021_WYG_112-8a
116.md	123	KR2i0021_WYG_112-8b
116.md	131	KR2i0021_WYG_112-9a
116.md	139	KR2i0021_WYG_112-9b
116.md	147	KR2i0021_WYG_112-10a
116.md	155	KR2i0021_WYG_112-10b
116.md	163	KR2i0021_WYG_112-11a
116.md	171	KR2i0021_WYG_112-11b
116.md	179	KR2i0021_WYG_112-12a
116.md	187	KR2i0021_WYG_112-12b
116.md	195	KR2i0021_WYG_112-13a
116.md	203	KR2i0021_WYG_112-13b
116.md	211	KR2i0021_WYG_112-14a
116.md	219	KR2i0021_WYG_112-14b
116.md	227	KR2i0021_WYG_112-15a
116.md	235	KR2i0021_WYG_112-15b
116.md	243	KR2i0021_WYG_112-16a
116.md	251	KR2i0021_WYG_112-16b
116.md	259	KR2i0021_WYG_112-17a
116.md	267	KR2i0021_WYG_112-17b
116.md	275	KR2i0021_WYG_112-18a
116.md	283	KR2i0021_WYG_112-18b
116.md	291	KR2i0021_WYG_112-19a
116.md	299	KR2i0021_WYG_112-19b
116.md	307	KR2i0021_WYG_112-20a
116.md	315	KR2i0021_WYG_112-20b
116.md	323	KR2i0021_WYG_112-21a
116.md	331	KR2i0021_WYG_112-21b
116.md	339	KR2i0021_WYG_112-22a
116.md	347	KR2i0021_WYG_112-22b
116.md	355	KR2i0021_WYG_112-23a
116.md	363	KR2i0021_WYG_112-23b
117.md	3	KR2i0021_WYG_113-1a
117.md	10	KR2i0021_WYG_113-2a
117.md	11	KR2i0021_WYG_113-3a
117.md	12	KR2i0021_WYG_113-4a
117.md	13	KR2i0021_WYG_113-5a
117.md	14	KR2i0021_WYG_113-6a
117.md	15	KR2i0021_WYG_113-7a
117.md	16	KR2i0021_WYG_113-8a
117.md	17	KR2i0021_WYG_113-9a
117.md	18	KR2i0021_WYG_113-10a
117.md	19	KR2i0021_WYG_113-11a
117.md	27	KR2i0021_WYG_113-11b
118.md	3	KR2i0021_WYG_114-1a
118.md	11	KR2i0021_WYG_114-1b
118.md	13	KR2i0021_WYG_114-2a
118.md	14	KR2i0021_WYG_114-3a
118.md	15	KR2i0021_WYG_114-4a
118.md	16	KR2i0021_WYG_114-5a
118.md	17	KR2i0021_WYG_114-6a
118.md	18	KR2i0021_WYG_114-7a
118.md	19	KR2i0021_WYG_114-8a
118.md	20	KR2i0021_WYG_114-9a
118.md	21	KR2i0021_WYG_114-10a
118.md	22	KR2i0021_WYG_114-11a
118.md	23	KR2i0021_WYG_114-12a
118.md	24	KR2i0021_WYG_114-13a
118.md	25	KR2i0021_WYG_114-14a
118.md	26	KR2i0021_WYG_114-15a
118.md	27	KR2i0021_WYG_114-16a
118.md	28	KR2i0021_WYG_114-17a
118.md	29	KR2i0021_WYG_114-18a
118.md	30	KR2i0021_WYG_114-19a
118.md	31	KR2i0021_WYG_114-20a
118.md	32	KR2i0021_WYG_114-21a
118.md	33	KR2i0021_WYG_114-22a
118.md	34	KR2i0021_WYG_114-23a
118.md	35	KR2i0021_WYG_114-24a
118.md	36	KR2i0021_WYG_114-25a
118.md	37	KR2i0021_WYG_114-26a
118.md	38	KR2i0021_WYG_114-27a
118.md	39	KR2i0021_WYG_114-28a
118.md	40	KR2i0021_WYG_114-29a
118.md	41	KR2i0021_WYG_114-30a
118.md	42	KR2i0021_WYG_114-31a
118.md	43	KR2i0021_WYG_114-32a
118.md	44	KR2i0021_WYG_114-33a
118.md	45	KR2i0021_WYG_114-34a
118.md	46	KR2i0021_WYG_114-35a
118.md	47	KR2i0021_WYG_114-36a
118.md	48	KR2i0021_WYG_114-37a
118.md	49	KR2i0021_WYG_114-38a
118.md	50	KR2i0021_WYG_114-39a
118.md	58	KR2i0021_WYG_114-39b
