file	line_no	pb
001.md	3	KR1a0145_WYG_000-1a
001.md	9	KR1a0145_WYG_000-1b
001.md	10	KR1a0145_WYG_000-2a
001.md	11	KR1a0145_WYG_000-2b
001.md	12	KR1a0145_WYG_000-3a
001.md	13	KR1a0145_WYG_000-3b
001.md	17	KR1a0145_WYG_000-4a
001.md	25	KR1a0145_WYG_000-4b
001.md	33	KR1a0145_WYG_000-5a
001.md	41	KR1a0145_WYG_000-5b
001.md	49	KR1a0145_WYG_000-6a
001.md	57	KR1a0145_WYG_000-6b
001.md	65	KR1a0145_WYG_000-7a
001.md	73	KR1a0145_WYG_000-7b
001.md	81	KR1a0145_WYG_000-8a
001.md	89	KR1a0145_WYG_000-8b
001.md	94	KR1a0145_WYG_000-9a
001.md	102	KR1a0145_WYG_000-9b
001.md	110	KR1a0145_WYG_000-10a
001.md	118	KR1a0145_WYG_000-10b
001.md	126	KR1a0145_WYG_000-11a
001.md	134	KR1a0145_WYG_000-11b
001.md	138	KR1a0145_WYG_000-12a
001.md	146	KR1a0145_WYG_000-12b
001.md	154	KR1a0145_WYG_000-13a
001.md	162	KR1a0145_WYG_000-13b
001.md	170	KR1a0145_WYG_000-14a
001.md	178	KR1a0145_WYG_000-14b
001.md	186	KR1a0145_WYG_000-15a
001.md	194	KR1a0145_WYG_000-15b
001.md	202	KR1a0145_WYG_000-16a
001.md	210	KR1a0145_WYG_000-16b
001.md	218	KR1a0145_WYG_000-17a
001.md	226	KR1a0145_WYG_000-17b
001.md	232	KR1a0145_WYG_000-18a
001.md	236	KR1a0145_WYG_000-18b
001.md	239	KR1a0145_WYG_000-19a
001.md	247	KR1a0145_WYG_000-19b
001.md	252	KR1a0145_WYG_000-20a
001.md	253	KR1a0145_WYG_000-20b
001.md	254	KR1a0145_WYG_000-21a
001.md	262	KR1a0145_WYG_000-21b
001.md	270	KR1a0145_WYG_000-22a
001.md	278	KR1a0145_WYG_000-22b
002.md	3	KR1a0145_WYG_004-1a
002.md	12	KR1a0145_WYG_004-1b
002.md	20	KR1a0145_WYG_004-2a
002.md	28	KR1a0145_WYG_004-2b
002.md	36	KR1a0145_WYG_004-3a
002.md	44	KR1a0145_WYG_004-3b
002.md	52	KR1a0145_WYG_004-4a
002.md	60	KR1a0145_WYG_004-4b
002.md	68	KR1a0145_WYG_004-5a
002.md	76	KR1a0145_WYG_004-5b
002.md	84	KR1a0145_WYG_004-6a
002.md	92	KR1a0145_WYG_004-6b
002.md	100	KR1a0145_WYG_004-7a
002.md	108	KR1a0145_WYG_004-7b
002.md	109	KR1a0145_WYG_004-8a
002.md	117	KR1a0145_WYG_004-8b
002.md	125	KR1a0145_WYG_004-9a
002.md	133	KR1a0145_WYG_004-9b
002.md	134	KR1a0145_WYG_004-10a
002.md	142	KR1a0145_WYG_004-10b
002.md	150	KR1a0145_WYG_004-11a
002.md	158	KR1a0145_WYG_004-11b
002.md	159	KR1a0145_WYG_004-12a
002.md	160	KR1a0145_WYG_004-12b
002.md	168	KR1a0145_WYG_004-13a
002.md	175	KR1a0145_WYG_004-13b
002.md	176	KR1a0145_WYG_004-14a
002.md	183	KR1a0145_WYG_004-14b
002.md	186	KR1a0145_WYG_004-15a
002.md	187	KR1a0145_WYG_004-15b
002.md	188	KR1a0145_WYG_004-16a
002.md	190	KR1a0145_WYG_004-16b
002.md	193	KR1a0145_WYG_004-17a
002.md	197	KR1a0145_WYG_004-17b
002.md	205	KR1a0145_WYG_004-18a
002.md	213	KR1a0145_WYG_004-18b
002.md	214	KR1a0145_WYG_004-19a
002.md	215	KR1a0145_WYG_004-19b
002.md	217	KR1a0145_WYG_004-20a
002.md	218	KR1a0145_WYG_004-20b
002.md	220	KR1a0145_WYG_004-21a
002.md	221	KR1a0145_WYG_004-21b
002.md	222	KR1a0145_WYG_004-22a
002.md	230	KR1a0145_WYG_004-22b
002.md	238	KR1a0145_WYG_004-23a
002.md	246	KR1a0145_WYG_004-23b
002.md	254	KR1a0145_WYG_004-24a
002.md	262	KR1a0145_WYG_004-24b
002.md	270	KR1a0145_WYG_004-25a
002.md	278	KR1a0145_WYG_004-25b
002.md	286	KR1a0145_WYG_004-26a
002.md	294	KR1a0145_WYG_004-26b
002.md	302	KR1a0145_WYG_004-27a
002.md	310	KR1a0145_WYG_004-27b
002.md	318	KR1a0145_WYG_004-28a
002.md	326	KR1a0145_WYG_004-28b
002.md	334	KR1a0145_WYG_004-29a
002.md	342	KR1a0145_WYG_004-29b
002.md	350	KR1a0145_WYG_004-30a
002.md	358	KR1a0145_WYG_004-30b
002.md	366	KR1a0145_WYG_004-31a
002.md	374	KR1a0145_WYG_004-31b
002.md	382	KR1a0145_WYG_004-32a
002.md	390	KR1a0145_WYG_004-32b
002.md	398	KR1a0145_WYG_004-33a
002.md	406	KR1a0145_WYG_004-33b
002.md	414	KR1a0145_WYG_004-34a
002.md	422	KR1a0145_WYG_004-34b
002.md	430	KR1a0145_WYG_004-35a
002.md	438	KR1a0145_WYG_004-35b
002.md	446	KR1a0145_WYG_004-36a
002.md	453	KR1a0145_WYG_004-36b
002.md	457	KR1a0145_WYG_004-37a
002.md	458	KR1a0145_WYG_004-37b
002.md	459	KR1a0145_WYG_004-38a
002.md	461	KR1a0145_WYG_004-38b
003.md	3	KR1a0145_WYG_020-1a
003.md	8	KR1a0145_WYG_020-1b
003.md	9	KR1a0145_WYG_020-2a
003.md	10	KR1a0145_WYG_020-2b
003.md	11	KR1a0145_WYG_020-3a
003.md	12	KR1a0145_WYG_020-3b
003.md	13	KR1a0145_WYG_020-4a
003.md	14	KR1a0145_WYG_020-4b
003.md	15	KR1a0145_WYG_020-5a
003.md	16	KR1a0145_WYG_020-5b
003.md	17	KR1a0145_WYG_020-6a
003.md	18	KR1a0145_WYG_020-6b
003.md	19	KR1a0145_WYG_020-7a
003.md	20	KR1a0145_WYG_020-7b
003.md	21	KR1a0145_WYG_020-8a
003.md	22	KR1a0145_WYG_020-8b
003.md	23	KR1a0145_WYG_020-9a
003.md	24	KR1a0145_WYG_020-9b
003.md	25	KR1a0145_WYG_020-10a
003.md	26	KR1a0145_WYG_020-10b
003.md	27	KR1a0145_WYG_020-11a
003.md	28	KR1a0145_WYG_020-11b
003.md	29	KR1a0145_WYG_020-12a
003.md	30	KR1a0145_WYG_020-12b
003.md	31	KR1a0145_WYG_020-13a
003.md	32	KR1a0145_WYG_020-13b
003.md	35	KR1a0145_WYG_020-14a
003.md	36	KR1a0145_WYG_020-14b
003.md	37	KR1a0145_WYG_020-15a
003.md	38	KR1a0145_WYG_020-15b
003.md	39	KR1a0145_WYG_020-16a
003.md	40	KR1a0145_WYG_020-16b
003.md	41	KR1a0145_WYG_020-17a
003.md	42	KR1a0145_WYG_020-17b
003.md	43	KR1a0145_WYG_020-18a
003.md	44	KR1a0145_WYG_020-18b
003.md	45	KR1a0145_WYG_020-19a
003.md	46	KR1a0145_WYG_020-19b
003.md	47	KR1a0145_WYG_020-20a
003.md	48	KR1a0145_WYG_020-20b
003.md	49	KR1a0145_WYG_020-21a
003.md	54	KR1a0145_WYG_020-21b
003.md	57	KR1a0145_WYG_020-22a
003.md	58	KR1a0145_WYG_020-22b
003.md	59	KR1a0145_WYG_020-23a
003.md	60	KR1a0145_WYG_020-23b
003.md	61	KR1a0145_WYG_020-24a
003.md	64	KR1a0145_WYG_020-24b
003.md	65	KR1a0145_WYG_020-25a
003.md	66	KR1a0145_WYG_020-25b
003.md	67	KR1a0145_WYG_020-26a
003.md	68	KR1a0145_WYG_020-26b
003.md	70	KR1a0145_WYG_020-27a
003.md	71	KR1a0145_WYG_020-27b
003.md	74	KR1a0145_WYG_020-28a
003.md	75	KR1a0145_WYG_020-28b
003.md	78	KR1a0145_WYG_020-29a
003.md	79	KR1a0145_WYG_020-29b
003.md	82	KR1a0145_WYG_020-30a
003.md	84	KR1a0145_WYG_020-30b
003.md	85	KR1a0145_WYG_020-31a
003.md	86	KR1a0145_WYG_020-31b
003.md	89	KR1a0145_WYG_020-32a
003.md	90	KR1a0145_WYG_020-32b
003.md	91	KR1a0145_WYG_020-33a
003.md	92	KR1a0145_WYG_020-33b
003.md	93	KR1a0145_WYG_020-34a
003.md	96	KR1a0145_WYG_020-34b
003.md	97	KR1a0145_WYG_020-35a
003.md	98	KR1a0145_WYG_020-35b
003.md	101	KR1a0145_WYG_020-36a
003.md	102	KR1a0145_WYG_020-36b
003.md	106	KR1a0145_WYG_020-37a
003.md	107	KR1a0145_WYG_020-37b
003.md	108	KR1a0145_WYG_020-38a
003.md	109	KR1a0145_WYG_020-38b
003.md	112	KR1a0145_WYG_020-39a
003.md	113	KR1a0145_WYG_020-39b
003.md	115	KR1a0145_WYG_020-40a
003.md	116	KR1a0145_WYG_020-40b
003.md	117	KR1a0145_WYG_020-41a
003.md	118	KR1a0145_WYG_020-41b
003.md	119	KR1a0145_WYG_020-42a
003.md	122	KR1a0145_WYG_020-42b
003.md	123	KR1a0145_WYG_020-43a
003.md	124	KR1a0145_WYG_020-43b
003.md	128	KR1a0145_WYG_020-44a
003.md	131	KR1a0145_WYG_020-44b
003.md	134	KR1a0145_WYG_020-45a
003.md	137	KR1a0145_WYG_020-45b
003.md	140	KR1a0145_WYG_020-46a
003.md	142	KR1a0145_WYG_020-46b
003.md	149	KR1a0145_WYG_020-47a
003.md	150	KR1a0145_WYG_020-47b
003.md	151	KR1a0145_WYG_020-48a
003.md	152	KR1a0145_WYG_020-48b
003.md	153	KR1a0145_WYG_020-49a
003.md	154	KR1a0145_WYG_020-49b
003.md	155	KR1a0145_WYG_020-50a
003.md	156	KR1a0145_WYG_020-50b
003.md	157	KR1a0145_WYG_020-51a
003.md	158	KR1a0145_WYG_020-51b
003.md	159	KR1a0145_WYG_020-52a
003.md	160	KR1a0145_WYG_020-52b
003.md	161	KR1a0145_WYG_020-53a
003.md	162	KR1a0145_WYG_020-53b
003.md	166	KR1a0145_WYG_020-54a
003.md	167	KR1a0145_WYG_020-54b
003.md	173	KR1a0145_WYG_020-55a
003.md	174	KR1a0145_WYG_020-55b
003.md	179	KR1a0145_WYG_020-56a
003.md	181	KR1a0145_WYG_020-56b
003.md	182	KR1a0145_WYG_020-57a
003.md	183	KR1a0145_WYG_020-57b
003.md	188	KR1a0145_WYG_020-58a
003.md	189	KR1a0145_WYG_020-58b
003.md	192	KR1a0145_WYG_020-59a
003.md	194	KR1a0145_WYG_020-59b
003.md	195	KR1a0145_WYG_020-60a
003.md	196	KR1a0145_WYG_020-60b
003.md	200	KR1a0145_WYG_020-61a
003.md	203	KR1a0145_WYG_020-61b
003.md	205	KR1a0145_WYG_020-62a
003.md	206	KR1a0145_WYG_020-62b
003.md	211	KR1a0145_WYG_020-63a
003.md	212	KR1a0145_WYG_020-63b
003.md	213	KR1a0145_WYG_020-64a
003.md	214	KR1a0145_WYG_020-64b
003.md	219	KR1a0145_WYG_020-65a
003.md	220	KR1a0145_WYG_020-65b
003.md	221	KR1a0145_WYG_020-66a
003.md	222	KR1a0145_WYG_020-66b
003.md	223	KR1a0145_WYG_020-67a
003.md	224	KR1a0145_WYG_020-67b
003.md	225	KR1a0145_WYG_020-68a
003.md	226	KR1a0145_WYG_020-68b
003.md	230	KR1a0145_WYG_020-69a
003.md	234	KR1a0145_WYG_020-69b
003.md	235	KR1a0145_WYG_020-70a
003.md	238	KR1a0145_WYG_020-70b
003.md	242	KR1a0145_WYG_020-71a
003.md	247	KR1a0145_WYG_020-71b
003.md	248	KR1a0145_WYG_020-72a
003.md	249	KR1a0145_WYG_020-72b
003.md	254	KR1a0145_WYG_020-73a
003.md	255	KR1a0145_WYG_020-73b
004.md	3	KR1a0145_WYG_005-1a
004.md	11	KR1a0145_WYG_005-1b
004.md	19	KR1a0145_WYG_005-2a
004.md	27	KR1a0145_WYG_005-2b
004.md	35	KR1a0145_WYG_005-3a
004.md	43	KR1a0145_WYG_005-3b
004.md	51	KR1a0145_WYG_005-4a
004.md	59	KR1a0145_WYG_005-4b
004.md	67	KR1a0145_WYG_005-5a
004.md	75	KR1a0145_WYG_005-5b
004.md	83	KR1a0145_WYG_005-6a
004.md	91	KR1a0145_WYG_005-6b
004.md	99	KR1a0145_WYG_005-7a
004.md	107	KR1a0145_WYG_005-7b
004.md	115	KR1a0145_WYG_005-8a
004.md	123	KR1a0145_WYG_005-8b
004.md	131	KR1a0145_WYG_005-9a
004.md	139	KR1a0145_WYG_005-9b
004.md	147	KR1a0145_WYG_005-10a
004.md	152	KR1a0145_WYG_005-10b
004.md	153	KR1a0145_WYG_005-11a
004.md	154	KR1a0145_WYG_005-11b
004.md	162	KR1a0145_WYG_005-12a
004.md	170	KR1a0145_WYG_005-12b
004.md	178	KR1a0145_WYG_005-13a
004.md	186	KR1a0145_WYG_005-13b
004.md	194	KR1a0145_WYG_005-14a
004.md	202	KR1a0145_WYG_005-14b
004.md	210	KR1a0145_WYG_005-15a
004.md	218	KR1a0145_WYG_005-15b
004.md	226	KR1a0145_WYG_005-16a
004.md	234	KR1a0145_WYG_005-16b
004.md	242	KR1a0145_WYG_005-17a
004.md	250	KR1a0145_WYG_005-17b
004.md	258	KR1a0145_WYG_005-18a
004.md	266	KR1a0145_WYG_005-18b
004.md	274	KR1a0145_WYG_005-19a
004.md	282	KR1a0145_WYG_005-19b
004.md	285	KR1a0145_WYG_005-20a
004.md	288	KR1a0145_WYG_005-20b
004.md	296	KR1a0145_WYG_005-21a
004.md	300	KR1a0145_WYG_005-21b
004.md	301	KR1a0145_WYG_005-22a
004.md	309	KR1a0145_WYG_005-22b
004.md	311	KR1a0145_WYG_005-23a
004.md	313	KR1a0145_WYG_005-23b
004.md	314	KR1a0145_WYG_005-24a
004.md	322	KR1a0145_WYG_005-24b
004.md	330	KR1a0145_WYG_005-25a
004.md	332	KR1a0145_WYG_005-25b
004.md	333	KR1a0145_WYG_005-26a
004.md	337	KR1a0145_WYG_005-26b
004.md	345	KR1a0145_WYG_005-27a
004.md	353	KR1a0145_WYG_005-27b
004.md	355	KR1a0145_WYG_005-28a
004.md	363	KR1a0145_WYG_005-28b
004.md	367	KR1a0145_WYG_005-29a
004.md	369	KR1a0145_WYG_005-29b
004.md	370	KR1a0145_WYG_005-30a
004.md	377	KR1a0145_WYG_005-30b
004.md	385	KR1a0145_WYG_005-31a
004.md	393	KR1a0145_WYG_005-31b
004.md	401	KR1a0145_WYG_005-32a
004.md	404	KR1a0145_WYG_005-32b
004.md	412	KR1a0145_WYG_005-33a
004.md	415	KR1a0145_WYG_005-33b
004.md	423	KR1a0145_WYG_005-34a
004.md	429	KR1a0145_WYG_005-34b
004.md	430	KR1a0145_WYG_005-35a
004.md	438	KR1a0145_WYG_005-35b
004.md	446	KR1a0145_WYG_005-36a
004.md	451	KR1a0145_WYG_005-36b
005.md	3	KR1a0145_WYG_021-1a
005.md	8	KR1a0145_WYG_021-1b
005.md	12	KR1a0145_WYG_021-2a
005.md	13	KR1a0145_WYG_021-2b
005.md	14	KR1a0145_WYG_021-3a
005.md	15	KR1a0145_WYG_021-3b
005.md	16	KR1a0145_WYG_021-4a
005.md	18	KR1a0145_WYG_021-4b
005.md	19	KR1a0145_WYG_021-5a
005.md	20	KR1a0145_WYG_021-5b
005.md	21	KR1a0145_WYG_021-6a
005.md	22	KR1a0145_WYG_021-6b
005.md	24	KR1a0145_WYG_021-7a
005.md	25	KR1a0145_WYG_021-7b
005.md	28	KR1a0145_WYG_021-8a
005.md	29	KR1a0145_WYG_021-8b
005.md	32	KR1a0145_WYG_021-9a
005.md	35	KR1a0145_WYG_021-9b
005.md	36	KR1a0145_WYG_021-10a
005.md	39	KR1a0145_WYG_021-10b
005.md	42	KR1a0145_WYG_021-11a
005.md	47	KR1a0145_WYG_021-11b
005.md	50	KR1a0145_WYG_021-12a
005.md	55	KR1a0145_WYG_021-12b
005.md	56	KR1a0145_WYG_021-13a
005.md	59	KR1a0145_WYG_021-13b
005.md	62	KR1a0145_WYG_021-14a
005.md	66	KR1a0145_WYG_021-14b
005.md	70	KR1a0145_WYG_021-15a
005.md	73	KR1a0145_WYG_021-15b
005.md	75	KR1a0145_WYG_021-16a
005.md	78	KR1a0145_WYG_021-16b
005.md	83	KR1a0145_WYG_021-17a
005.md	84	KR1a0145_WYG_021-17b
005.md	85	KR1a0145_WYG_021-18a
005.md	88	KR1a0145_WYG_021-18b
005.md	91	KR1a0145_WYG_021-19a
005.md	92	KR1a0145_WYG_021-19b
005.md	94	KR1a0145_WYG_021-20a
005.md	97	KR1a0145_WYG_021-20b
005.md	98	KR1a0145_WYG_021-21a
005.md	102	KR1a0145_WYG_021-21b
005.md	105	KR1a0145_WYG_021-22a
005.md	109	KR1a0145_WYG_021-22b
005.md	110	KR1a0145_WYG_021-23a
005.md	111	KR1a0145_WYG_021-23b
005.md	116	KR1a0145_WYG_021-24a
005.md	117	KR1a0145_WYG_021-24b
006.md	3	KR1a0145_WYG_039-1a
006.md	11	KR1a0145_WYG_039-1b
006.md	19	KR1a0145_WYG_039-2a
006.md	27	KR1a0145_WYG_039-2b
006.md	35	KR1a0145_WYG_039-3a
006.md	43	KR1a0145_WYG_039-3b
006.md	51	KR1a0145_WYG_039-4a
006.md	59	KR1a0145_WYG_039-4b
006.md	67	KR1a0145_WYG_039-5a
006.md	75	KR1a0145_WYG_039-5b
006.md	83	KR1a0145_WYG_039-6a
006.md	91	KR1a0145_WYG_039-6b
006.md	99	KR1a0145_WYG_039-7a
006.md	107	KR1a0145_WYG_039-7b
006.md	115	KR1a0145_WYG_039-8a
006.md	123	KR1a0145_WYG_039-8b
006.md	131	KR1a0145_WYG_039-9a
006.md	139	KR1a0145_WYG_039-9b
006.md	147	KR1a0145_WYG_039-10a
006.md	155	KR1a0145_WYG_039-10b
006.md	163	KR1a0145_WYG_039-11a
006.md	171	KR1a0145_WYG_039-11b
006.md	179	KR1a0145_WYG_039-12a
006.md	187	KR1a0145_WYG_039-12b
006.md	195	KR1a0145_WYG_039-13a
006.md	203	KR1a0145_WYG_039-13b
006.md	211	KR1a0145_WYG_039-14a
006.md	219	KR1a0145_WYG_039-14b
006.md	227	KR1a0145_WYG_039-15a
006.md	235	KR1a0145_WYG_039-15b
006.md	243	KR1a0145_WYG_039-16a
006.md	251	KR1a0145_WYG_039-16b
006.md	259	KR1a0145_WYG_039-17a
006.md	267	KR1a0145_WYG_039-17b
006.md	275	KR1a0145_WYG_039-18a
006.md	283	KR1a0145_WYG_039-18b
006.md	291	KR1a0145_WYG_039-19a
006.md	299	KR1a0145_WYG_039-19b
006.md	307	KR1a0145_WYG_039-20a
006.md	315	KR1a0145_WYG_039-20b
006.md	323	KR1a0145_WYG_039-21a
006.md	331	KR1a0145_WYG_039-21b
006.md	339	KR1a0145_WYG_039-22a
006.md	347	KR1a0145_WYG_039-22b
006.md	355	KR1a0145_WYG_039-23a
006.md	363	KR1a0145_WYG_039-23b
006.md	371	KR1a0145_WYG_039-24a
006.md	379	KR1a0145_WYG_039-24b
006.md	387	KR1a0145_WYG_039-25a
006.md	395	KR1a0145_WYG_039-25b
006.md	403	KR1a0145_WYG_039-26a
006.md	411	KR1a0145_WYG_039-26b
006.md	419	KR1a0145_WYG_039-27a
006.md	427	KR1a0145_WYG_039-27b
006.md	435	KR1a0145_WYG_039-28a
006.md	443	KR1a0145_WYG_039-28b
006.md	451	KR1a0145_WYG_039-29a
006.md	459	KR1a0145_WYG_039-29b
006.md	467	KR1a0145_WYG_039-30a
006.md	475	KR1a0145_WYG_039-30b
006.md	483	KR1a0145_WYG_039-31a
006.md	491	KR1a0145_WYG_039-31b
006.md	499	KR1a0145_WYG_039-32a
006.md	501	KR1a0145_WYG_039-32b
007.md	3	KR1a0145_WYG_006-1a
007.md	11	KR1a0145_WYG_006-1b
007.md	19	KR1a0145_WYG_006-2a
007.md	27	KR1a0145_WYG_006-2b
007.md	35	KR1a0145_WYG_006-3a
007.md	43	KR1a0145_WYG_006-3b
007.md	51	KR1a0145_WYG_006-4a
007.md	59	KR1a0145_WYG_006-4b
007.md	67	KR1a0145_WYG_006-5a
007.md	75	KR1a0145_WYG_006-5b
007.md	83	KR1a0145_WYG_006-6a
007.md	91	KR1a0145_WYG_006-6b
007.md	99	KR1a0145_WYG_006-7a
007.md	107	KR1a0145_WYG_006-7b
007.md	115	KR1a0145_WYG_006-8a
007.md	123	KR1a0145_WYG_006-8b
007.md	131	KR1a0145_WYG_006-9a
007.md	139	KR1a0145_WYG_006-9b
007.md	147	KR1a0145_WYG_006-10a
007.md	155	KR1a0145_WYG_006-10b
007.md	163	KR1a0145_WYG_006-11a
007.md	171	KR1a0145_WYG_006-11b
007.md	179	KR1a0145_WYG_006-12a
007.md	187	KR1a0145_WYG_006-12b
007.md	195	KR1a0145_WYG_006-13a
007.md	203	KR1a0145_WYG_006-13b
007.md	211	KR1a0145_WYG_006-14a
007.md	219	KR1a0145_WYG_006-14b
007.md	227	KR1a0145_WYG_006-15a
007.md	235	KR1a0145_WYG_006-15b
007.md	243	KR1a0145_WYG_006-16a
007.md	251	KR1a0145_WYG_006-16b
007.md	259	KR1a0145_WYG_006-17a
007.md	267	KR1a0145_WYG_006-17b
007.md	275	KR1a0145_WYG_006-18a
007.md	283	KR1a0145_WYG_006-18b
007.md	291	KR1a0145_WYG_006-19a
007.md	299	KR1a0145_WYG_006-19b
007.md	307	KR1a0145_WYG_006-20a
007.md	315	KR1a0145_WYG_006-20b
007.md	323	KR1a0145_WYG_006-21a
007.md	331	KR1a0145_WYG_006-21b
007.md	339	KR1a0145_WYG_006-22a
007.md	347	KR1a0145_WYG_006-22b
007.md	355	KR1a0145_WYG_006-23a
007.md	363	KR1a0145_WYG_006-23b
007.md	371	KR1a0145_WYG_006-24a
007.md	379	KR1a0145_WYG_006-24b
007.md	387	KR1a0145_WYG_006-25a
007.md	395	KR1a0145_WYG_006-25b
007.md	403	KR1a0145_WYG_006-26a
007.md	411	KR1a0145_WYG_006-26b
007.md	419	KR1a0145_WYG_006-27a
007.md	427	KR1a0145_WYG_006-27b
007.md	435	KR1a0145_WYG_006-28a
007.md	443	KR1a0145_WYG_006-28b
007.md	451	KR1a0145_WYG_006-29a
007.md	459	KR1a0145_WYG_006-29b
007.md	467	KR1a0145_WYG_006-30a
007.md	475	KR1a0145_WYG_006-30b
007.md	483	KR1a0145_WYG_006-31a
007.md	491	KR1a0145_WYG_006-31b
007.md	499	KR1a0145_WYG_006-32a
007.md	505	KR1a0145_WYG_006-32b
007.md	513	KR1a0145_WYG_006-33a
007.md	521	KR1a0145_WYG_006-33b
007.md	529	KR1a0145_WYG_006-34a
007.md	537	KR1a0145_WYG_006-34b
007.md	545	KR1a0145_WYG_006-35a
007.md	553	KR1a0145_WYG_006-35b
008.md	3	KR1a0145_WYG_022-1a
008.md	8	KR1a0145_WYG_022-1b
008.md	9	KR1a0145_WYG_022-2a
008.md	12	KR1a0145_WYG_022-2b
008.md	13	KR1a0145_WYG_022-3a
008.md	17	KR1a0145_WYG_022-3b
008.md	18	KR1a0145_WYG_022-4a
008.md	19	KR1a0145_WYG_022-4b
008.md	21	KR1a0145_WYG_022-5a
008.md	24	KR1a0145_WYG_022-5b
008.md	27	KR1a0145_WYG_022-6a
008.md	28	KR1a0145_WYG_022-6b
008.md	34	KR1a0145_WYG_022-7a
008.md	37	KR1a0145_WYG_022-7b
008.md	41	KR1a0145_WYG_022-8a
008.md	44	KR1a0145_WYG_022-8b
008.md	46	KR1a0145_WYG_022-9a
008.md	49	KR1a0145_WYG_022-9b
008.md	56	KR1a0145_WYG_022-10a
008.md	57	KR1a0145_WYG_022-10b
008.md	60	KR1a0145_WYG_022-11a
008.md	62	KR1a0145_WYG_022-11b
008.md	63	KR1a0145_WYG_022-12a
008.md	66	KR1a0145_WYG_022-12b
008.md	67	KR1a0145_WYG_022-13a
008.md	68	KR1a0145_WYG_022-13b
008.md	72	KR1a0145_WYG_022-14a
008.md	73	KR1a0145_WYG_022-14b
008.md	77	KR1a0145_WYG_022-15a
008.md	80	KR1a0145_WYG_022-15b
008.md	83	KR1a0145_WYG_022-16a
008.md	87	KR1a0145_WYG_022-16b
008.md	92	KR1a0145_WYG_022-17a
008.md	96	KR1a0145_WYG_022-17b
008.md	101	KR1a0145_WYG_022-18a
008.md	102	KR1a0145_WYG_022-18b
008.md	107	KR1a0145_WYG_022-19a
008.md	112	KR1a0145_WYG_022-19b
008.md	116	KR1a0145_WYG_022-20a
008.md	120	KR1a0145_WYG_022-20b
008.md	123	KR1a0145_WYG_022-21a
008.md	128	KR1a0145_WYG_022-21b
008.md	131	KR1a0145_WYG_022-22a
008.md	135	KR1a0145_WYG_022-22b
008.md	137	KR1a0145_WYG_022-23a
008.md	140	KR1a0145_WYG_022-23b
008.md	143	KR1a0145_WYG_022-24a
008.md	146	KR1a0145_WYG_022-24b
008.md	151	KR1a0145_WYG_022-25a
008.md	154	KR1a0145_WYG_022-25b
008.md	155	KR1a0145_WYG_022-26a
008.md	158	KR1a0145_WYG_022-26b
008.md	163	KR1a0145_WYG_022-27a
008.md	167	KR1a0145_WYG_022-27b
008.md	169	KR1a0145_WYG_022-28a
008.md	172	KR1a0145_WYG_022-28b
008.md	175	KR1a0145_WYG_022-29a
008.md	180	KR1a0145_WYG_022-29b
008.md	184	KR1a0145_WYG_022-30a
008.md	188	KR1a0145_WYG_022-30b
008.md	191	KR1a0145_WYG_022-31a
008.md	195	KR1a0145_WYG_022-31b
008.md	199	KR1a0145_WYG_022-32a
008.md	205	KR1a0145_WYG_022-32b
008.md	209	KR1a0145_WYG_022-33a
008.md	213	KR1a0145_WYG_022-33b
008.md	217	KR1a0145_WYG_022-34a
008.md	218	KR1a0145_WYG_022-34b
008.md	221	KR1a0145_WYG_022-35a
008.md	226	KR1a0145_WYG_022-35b
008.md	230	KR1a0145_WYG_022-36a
008.md	231	KR1a0145_WYG_022-36b
008.md	234	KR1a0145_WYG_022-37a
008.md	236	KR1a0145_WYG_022-37b
008.md	239	KR1a0145_WYG_022-38a
008.md	242	KR1a0145_WYG_022-38b
008.md	245	KR1a0145_WYG_022-39a
008.md	250	KR1a0145_WYG_022-39b
008.md	256	KR1a0145_WYG_022-40a
008.md	261	KR1a0145_WYG_022-40b
008.md	262	KR1a0145_WYG_022-41a
008.md	268	KR1a0145_WYG_022-41b
008.md	269	KR1a0145_WYG_022-42a
008.md	272	KR1a0145_WYG_022-42b
008.md	273	KR1a0145_WYG_022-43a
008.md	276	KR1a0145_WYG_022-43b
008.md	280	KR1a0145_WYG_022-44a
008.md	284	KR1a0145_WYG_022-44b
008.md	285	KR1a0145_WYG_022-45a
008.md	288	KR1a0145_WYG_022-45b
008.md	291	KR1a0145_WYG_022-46a
008.md	296	KR1a0145_WYG_022-46b
008.md	299	KR1a0145_WYG_022-47a
008.md	302	KR1a0145_WYG_022-47b
008.md	305	KR1a0145_WYG_022-48a
008.md	310	KR1a0145_WYG_022-48b
008.md	311	KR1a0145_WYG_022-49a
008.md	317	KR1a0145_WYG_022-49b
008.md	318	KR1a0145_WYG_022-50a
008.md	319	KR1a0145_WYG_022-50b
008.md	322	KR1a0145_WYG_022-51a
008.md	325	KR1a0145_WYG_022-51b
008.md	327	KR1a0145_WYG_022-52a
008.md	329	KR1a0145_WYG_022-52b
008.md	332	KR1a0145_WYG_022-53a
008.md	336	KR1a0145_WYG_022-53b
008.md	339	KR1a0145_WYG_022-54a
008.md	343	KR1a0145_WYG_022-54b
008.md	344	KR1a0145_WYG_022-55a
008.md	349	KR1a0145_WYG_022-55b
008.md	353	KR1a0145_WYG_022-56a
008.md	357	KR1a0145_WYG_022-56b
008.md	360	KR1a0145_WYG_022-57a
008.md	362	KR1a0145_WYG_022-57b
009.md	3	KR1a0145_WYG_040-1a
009.md	11	KR1a0145_WYG_040-1b
009.md	19	KR1a0145_WYG_040-2a
009.md	27	KR1a0145_WYG_040-2b
009.md	35	KR1a0145_WYG_040-3a
009.md	43	KR1a0145_WYG_040-3b
009.md	51	KR1a0145_WYG_040-4a
009.md	59	KR1a0145_WYG_040-4b
009.md	67	KR1a0145_WYG_040-5a
009.md	75	KR1a0145_WYG_040-5b
009.md	83	KR1a0145_WYG_040-6a
009.md	91	KR1a0145_WYG_040-6b
009.md	99	KR1a0145_WYG_040-7a
009.md	107	KR1a0145_WYG_040-7b
009.md	115	KR1a0145_WYG_040-8a
009.md	123	KR1a0145_WYG_040-8b
009.md	131	KR1a0145_WYG_040-9a
009.md	139	KR1a0145_WYG_040-9b
009.md	147	KR1a0145_WYG_040-10a
009.md	155	KR1a0145_WYG_040-10b
009.md	163	KR1a0145_WYG_040-11a
009.md	171	KR1a0145_WYG_040-11b
009.md	179	KR1a0145_WYG_040-12a
009.md	187	KR1a0145_WYG_040-12b
009.md	195	KR1a0145_WYG_040-13a
009.md	203	KR1a0145_WYG_040-13b
009.md	211	KR1a0145_WYG_040-14a
009.md	219	KR1a0145_WYG_040-14b
009.md	227	KR1a0145_WYG_040-15a
009.md	235	KR1a0145_WYG_040-15b
009.md	243	KR1a0145_WYG_040-16a
009.md	251	KR1a0145_WYG_040-16b
009.md	259	KR1a0145_WYG_040-17a
009.md	267	KR1a0145_WYG_040-17b
009.md	275	KR1a0145_WYG_040-18a
009.md	283	KR1a0145_WYG_040-18b
009.md	291	KR1a0145_WYG_040-19a
009.md	299	KR1a0145_WYG_040-19b
009.md	307	KR1a0145_WYG_040-20a
009.md	315	KR1a0145_WYG_040-20b
009.md	323	KR1a0145_WYG_040-21a
009.md	331	KR1a0145_WYG_040-21b
009.md	339	KR1a0145_WYG_040-22a
009.md	347	KR1a0145_WYG_040-22b
009.md	355	KR1a0145_WYG_040-23a
009.md	363	KR1a0145_WYG_040-23b
009.md	371	KR1a0145_WYG_040-24a
009.md	375	KR1a0145_WYG_040-24b
010.md	3	KR1a0145_WYG_007-1a
010.md	11	KR1a0145_WYG_007-1b
010.md	19	KR1a0145_WYG_007-2a
010.md	27	KR1a0145_WYG_007-2b
010.md	35	KR1a0145_WYG_007-3a
010.md	43	KR1a0145_WYG_007-3b
010.md	51	KR1a0145_WYG_007-4a
010.md	59	KR1a0145_WYG_007-4b
010.md	67	KR1a0145_WYG_007-5a
010.md	75	KR1a0145_WYG_007-5b
010.md	83	KR1a0145_WYG_007-6a
010.md	91	KR1a0145_WYG_007-6b
010.md	99	KR1a0145_WYG_007-7a
010.md	107	KR1a0145_WYG_007-7b
010.md	115	KR1a0145_WYG_007-8a
010.md	123	KR1a0145_WYG_007-8b
010.md	131	KR1a0145_WYG_007-9a
010.md	139	KR1a0145_WYG_007-9b
010.md	147	KR1a0145_WYG_007-10a
010.md	155	KR1a0145_WYG_007-10b
010.md	163	KR1a0145_WYG_007-11a
010.md	171	KR1a0145_WYG_007-11b
010.md	179	KR1a0145_WYG_007-12a
010.md	187	KR1a0145_WYG_007-12b
010.md	195	KR1a0145_WYG_007-13a
010.md	203	KR1a0145_WYG_007-13b
010.md	211	KR1a0145_WYG_007-14a
010.md	219	KR1a0145_WYG_007-14b
010.md	227	KR1a0145_WYG_007-15a
010.md	235	KR1a0145_WYG_007-15b
010.md	243	KR1a0145_WYG_007-16a
010.md	251	KR1a0145_WYG_007-16b
010.md	259	KR1a0145_WYG_007-17a
010.md	267	KR1a0145_WYG_007-17b
010.md	275	KR1a0145_WYG_007-18a
010.md	283	KR1a0145_WYG_007-18b
010.md	291	KR1a0145_WYG_007-19a
010.md	299	KR1a0145_WYG_007-19b
010.md	307	KR1a0145_WYG_007-20a
010.md	315	KR1a0145_WYG_007-20b
010.md	323	KR1a0145_WYG_007-21a
010.md	331	KR1a0145_WYG_007-21b
010.md	339	KR1a0145_WYG_007-22a
010.md	347	KR1a0145_WYG_007-22b
010.md	355	KR1a0145_WYG_007-23a
010.md	363	KR1a0145_WYG_007-23b
010.md	371	KR1a0145_WYG_007-24a
010.md	379	KR1a0145_WYG_007-24b
010.md	387	KR1a0145_WYG_007-25a
010.md	395	KR1a0145_WYG_007-25b
010.md	403	KR1a0145_WYG_007-26a
010.md	411	KR1a0145_WYG_007-26b
010.md	419	KR1a0145_WYG_007-27a
010.md	427	KR1a0145_WYG_007-27b
010.md	435	KR1a0145_WYG_007-28a
010.md	443	KR1a0145_WYG_007-28b
010.md	451	KR1a0145_WYG_007-29a
010.md	459	KR1a0145_WYG_007-29b
010.md	467	KR1a0145_WYG_007-30a
010.md	475	KR1a0145_WYG_007-30b
010.md	483	KR1a0145_WYG_007-31a
010.md	491	KR1a0145_WYG_007-31b
010.md	499	KR1a0145_WYG_007-32a
010.md	507	KR1a0145_WYG_007-32b
010.md	515	KR1a0145_WYG_007-33a
010.md	523	KR1a0145_WYG_007-33b
010.md	531	KR1a0145_WYG_007-34a
010.md	539	KR1a0145_WYG_007-34b
010.md	547	KR1a0145_WYG_007-35a
010.md	555	KR1a0145_WYG_007-35b
010.md	563	KR1a0145_WYG_007-36a
010.md	571	KR1a0145_WYG_007-36b
010.md	579	KR1a0145_WYG_007-37a
010.md	586	KR1a0145_WYG_007-37b
011.md	3	KR1a0145_WYG_023-1a
011.md	8	KR1a0145_WYG_023-1b
011.md	11	KR1a0145_WYG_023-2a
011.md	17	KR1a0145_WYG_023-2b
011.md	21	KR1a0145_WYG_023-3a
011.md	25	KR1a0145_WYG_023-3b
011.md	31	KR1a0145_WYG_023-4a
011.md	32	KR1a0145_WYG_023-4b
011.md	34	KR1a0145_WYG_023-5a
011.md	38	KR1a0145_WYG_023-5b
011.md	39	KR1a0145_WYG_023-6a
011.md	41	KR1a0145_WYG_023-6b
011.md	44	KR1a0145_WYG_023-7a
011.md	45	KR1a0145_WYG_023-7b
011.md	50	KR1a0145_WYG_023-8a
011.md	55	KR1a0145_WYG_023-8b
011.md	56	KR1a0145_WYG_023-9a
011.md	57	KR1a0145_WYG_023-9b
011.md	62	KR1a0145_WYG_023-10a
011.md	67	KR1a0145_WYG_023-10b
011.md	71	KR1a0145_WYG_023-11a
011.md	75	KR1a0145_WYG_023-11b
011.md	78	KR1a0145_WYG_023-12a
011.md	81	KR1a0145_WYG_023-12b
011.md	84	KR1a0145_WYG_023-13a
011.md	89	KR1a0145_WYG_023-13b
011.md	90	KR1a0145_WYG_023-14a
011.md	91	KR1a0145_WYG_023-14b
011.md	94	KR1a0145_WYG_023-15a
011.md	97	KR1a0145_WYG_023-15b
011.md	98	KR1a0145_WYG_023-16a
011.md	103	KR1a0145_WYG_023-16b
011.md	109	KR1a0145_WYG_023-17a
011.md	112	KR1a0145_WYG_023-17b
011.md	114	KR1a0145_WYG_023-18a
011.md	115	KR1a0145_WYG_023-18b
011.md	118	KR1a0145_WYG_023-19a
011.md	124	KR1a0145_WYG_023-19b
011.md	125	KR1a0145_WYG_023-20a
011.md	129	KR1a0145_WYG_023-20b
011.md	132	KR1a0145_WYG_023-21a
011.md	135	KR1a0145_WYG_023-21b
011.md	138	KR1a0145_WYG_023-22a
011.md	141	KR1a0145_WYG_023-22b
011.md	146	KR1a0145_WYG_023-23a
011.md	149	KR1a0145_WYG_023-23b
011.md	153	KR1a0145_WYG_023-24a
011.md	156	KR1a0145_WYG_023-24b
011.md	157	KR1a0145_WYG_023-25a
011.md	162	KR1a0145_WYG_023-25b
011.md	166	KR1a0145_WYG_023-26a
011.md	167	KR1a0145_WYG_023-26b
011.md	171	KR1a0145_WYG_023-27a
011.md	175	KR1a0145_WYG_023-27b
011.md	177	KR1a0145_WYG_023-28a
011.md	178	KR1a0145_WYG_023-28b
011.md	180	KR1a0145_WYG_023-29a
011.md	185	KR1a0145_WYG_023-29b
011.md	189	KR1a0145_WYG_023-30a
011.md	193	KR1a0145_WYG_023-30b
011.md	194	KR1a0145_WYG_023-31a
011.md	198	KR1a0145_WYG_023-31b
011.md	202	KR1a0145_WYG_023-32a
011.md	205	KR1a0145_WYG_023-32b
011.md	209	KR1a0145_WYG_023-33a
011.md	215	KR1a0145_WYG_023-33b
011.md	216	KR1a0145_WYG_023-34a
011.md	221	KR1a0145_WYG_023-34b
011.md	222	KR1a0145_WYG_023-35a
011.md	226	KR1a0145_WYG_023-35b
011.md	228	KR1a0145_WYG_023-36a
011.md	232	KR1a0145_WYG_023-36b
011.md	236	KR1a0145_WYG_023-37a
011.md	240	KR1a0145_WYG_023-37b
011.md	241	KR1a0145_WYG_023-38a
011.md	244	KR1a0145_WYG_023-38b
011.md	247	KR1a0145_WYG_023-39a
011.md	250	KR1a0145_WYG_023-39b
011.md	253	KR1a0145_WYG_023-40a
011.md	255	KR1a0145_WYG_023-40b
011.md	258	KR1a0145_WYG_023-41a
011.md	260	KR1a0145_WYG_023-41b
011.md	263	KR1a0145_WYG_023-42a
011.md	264	KR1a0145_WYG_023-42b
011.md	267	KR1a0145_WYG_023-43a
011.md	270	KR1a0145_WYG_023-43b
011.md	275	KR1a0145_WYG_023-44a
011.md	279	KR1a0145_WYG_023-44b
012.md	3	KR1a0145_WYG_041-1a
012.md	11	KR1a0145_WYG_041-1b
012.md	19	KR1a0145_WYG_041-2a
012.md	27	KR1a0145_WYG_041-2b
012.md	35	KR1a0145_WYG_041-3a
012.md	43	KR1a0145_WYG_041-3b
012.md	51	KR1a0145_WYG_041-4a
012.md	59	KR1a0145_WYG_041-4b
012.md	67	KR1a0145_WYG_041-5a
012.md	75	KR1a0145_WYG_041-5b
012.md	83	KR1a0145_WYG_041-6a
012.md	91	KR1a0145_WYG_041-6b
012.md	99	KR1a0145_WYG_041-7a
012.md	107	KR1a0145_WYG_041-7b
012.md	115	KR1a0145_WYG_041-8a
012.md	123	KR1a0145_WYG_041-8b
012.md	131	KR1a0145_WYG_041-9a
012.md	139	KR1a0145_WYG_041-9b
012.md	147	KR1a0145_WYG_041-10a
012.md	155	KR1a0145_WYG_041-10b
012.md	163	KR1a0145_WYG_041-11a
012.md	171	KR1a0145_WYG_041-11b
012.md	179	KR1a0145_WYG_041-12a
012.md	187	KR1a0145_WYG_041-12b
012.md	195	KR1a0145_WYG_041-13a
012.md	203	KR1a0145_WYG_041-13b
012.md	211	KR1a0145_WYG_041-14a
012.md	219	KR1a0145_WYG_041-14b
012.md	227	KR1a0145_WYG_041-15a
012.md	235	KR1a0145_WYG_041-15b
012.md	243	KR1a0145_WYG_041-16a
012.md	251	KR1a0145_WYG_041-16b
012.md	259	KR1a0145_WYG_041-17a
012.md	267	KR1a0145_WYG_041-17b
012.md	275	KR1a0145_WYG_041-18a
012.md	283	KR1a0145_WYG_041-18b
012.md	291	KR1a0145_WYG_041-19a
012.md	299	KR1a0145_WYG_041-19b
012.md	307	KR1a0145_WYG_041-20a
012.md	315	KR1a0145_WYG_041-20b
012.md	323	KR1a0145_WYG_041-21a
012.md	331	KR1a0145_WYG_041-21b
012.md	339	KR1a0145_WYG_041-22a
012.md	342	KR1a0145_WYG_041-22b
013.md	3	KR1a0145_WYG_008-1a
013.md	11	KR1a0145_WYG_008-1b
013.md	19	KR1a0145_WYG_008-2a
013.md	27	KR1a0145_WYG_008-2b
013.md	35	KR1a0145_WYG_008-3a
013.md	43	KR1a0145_WYG_008-3b
013.md	51	KR1a0145_WYG_008-4a
013.md	59	KR1a0145_WYG_008-4b
013.md	67	KR1a0145_WYG_008-5a
013.md	75	KR1a0145_WYG_008-5b
013.md	83	KR1a0145_WYG_008-6a
013.md	91	KR1a0145_WYG_008-6b
013.md	99	KR1a0145_WYG_008-7a
013.md	107	KR1a0145_WYG_008-7b
013.md	115	KR1a0145_WYG_008-8a
013.md	123	KR1a0145_WYG_008-8b
013.md	131	KR1a0145_WYG_008-9a
013.md	139	KR1a0145_WYG_008-9b
013.md	147	KR1a0145_WYG_008-10a
013.md	155	KR1a0145_WYG_008-10b
013.md	163	KR1a0145_WYG_008-11a
013.md	171	KR1a0145_WYG_008-11b
013.md	179	KR1a0145_WYG_008-12a
013.md	187	KR1a0145_WYG_008-12b
013.md	195	KR1a0145_WYG_008-13a
013.md	203	KR1a0145_WYG_008-13b
013.md	211	KR1a0145_WYG_008-14a
013.md	219	KR1a0145_WYG_008-14b
013.md	227	KR1a0145_WYG_008-15a
013.md	235	KR1a0145_WYG_008-15b
013.md	243	KR1a0145_WYG_008-16a
013.md	251	KR1a0145_WYG_008-16b
013.md	258	KR1a0145_WYG_008-17a
013.md	266	KR1a0145_WYG_008-17b
013.md	274	KR1a0145_WYG_008-18a
013.md	281	KR1a0145_WYG_008-18b
013.md	289	KR1a0145_WYG_008-19a
013.md	297	KR1a0145_WYG_008-19b
013.md	305	KR1a0145_WYG_008-20a
013.md	312	KR1a0145_WYG_008-20b
013.md	320	KR1a0145_WYG_008-21a
013.md	327	KR1a0145_WYG_008-21b
013.md	335	KR1a0145_WYG_008-22a
013.md	343	KR1a0145_WYG_008-22b
013.md	350	KR1a0145_WYG_008-23a
013.md	358	KR1a0145_WYG_008-23b
013.md	366	KR1a0145_WYG_008-24a
013.md	374	KR1a0145_WYG_008-24b
013.md	382	KR1a0145_WYG_008-25a
013.md	390	KR1a0145_WYG_008-25b
013.md	398	KR1a0145_WYG_008-26a
013.md	406	KR1a0145_WYG_008-26b
013.md	414	KR1a0145_WYG_008-27a
013.md	422	KR1a0145_WYG_008-27b
013.md	430	KR1a0145_WYG_008-28a
013.md	438	KR1a0145_WYG_008-28b
013.md	446	KR1a0145_WYG_008-29a
013.md	454	KR1a0145_WYG_008-29b
013.md	462	KR1a0145_WYG_008-30a
013.md	470	KR1a0145_WYG_008-30b
013.md	477	KR1a0145_WYG_008-31a
013.md	485	KR1a0145_WYG_008-31b
013.md	493	KR1a0145_WYG_008-32a
013.md	501	KR1a0145_WYG_008-32b
013.md	509	KR1a0145_WYG_008-33a
013.md	517	KR1a0145_WYG_008-33b
013.md	525	KR1a0145_WYG_008-34a
013.md	533	KR1a0145_WYG_008-34b
013.md	541	KR1a0145_WYG_008-35a
013.md	549	KR1a0145_WYG_008-35b
013.md	557	KR1a0145_WYG_008-36a
013.md	565	KR1a0145_WYG_008-36b
013.md	573	KR1a0145_WYG_008-37a
013.md	581	KR1a0145_WYG_008-37b
013.md	589	KR1a0145_WYG_008-38a
013.md	597	KR1a0145_WYG_008-38b
013.md	604	KR1a0145_WYG_008-39a
013.md	612	KR1a0145_WYG_008-39b
013.md	619	KR1a0145_WYG_008-40a
013.md	627	KR1a0145_WYG_008-40b
013.md	635	KR1a0145_WYG_008-41a
013.md	643	KR1a0145_WYG_008-41b
013.md	651	KR1a0145_WYG_008-42a
013.md	659	KR1a0145_WYG_008-42b
013.md	667	KR1a0145_WYG_008-43a
013.md	675	KR1a0145_WYG_008-43b
013.md	683	KR1a0145_WYG_008-44a
013.md	691	KR1a0145_WYG_008-44b
013.md	699	KR1a0145_WYG_008-45a
013.md	707	KR1a0145_WYG_008-45b
013.md	715	KR1a0145_WYG_008-46a
013.md	723	KR1a0145_WYG_008-46b
013.md	731	KR1a0145_WYG_008-47a
013.md	739	KR1a0145_WYG_008-47b
013.md	747	KR1a0145_WYG_008-48a
013.md	755	KR1a0145_WYG_008-48b
013.md	763	KR1a0145_WYG_008-49a
013.md	771	KR1a0145_WYG_008-49b
013.md	779	KR1a0145_WYG_008-50a
013.md	780	KR1a0145_WYG_008-50b
014.md	3	KR1a0145_WYG_024-1a
014.md	10	KR1a0145_WYG_024-1b
014.md	15	KR1a0145_WYG_024-2a
014.md	17	KR1a0145_WYG_024-2b
014.md	20	KR1a0145_WYG_024-3a
014.md	21	KR1a0145_WYG_024-3b
014.md	24	KR1a0145_WYG_024-4a
014.md	28	KR1a0145_WYG_024-4b
014.md	32	KR1a0145_WYG_024-5a
014.md	34	KR1a0145_WYG_024-5b
014.md	37	KR1a0145_WYG_024-6a
014.md	40	KR1a0145_WYG_024-6b
014.md	45	KR1a0145_WYG_024-7a
014.md	49	KR1a0145_WYG_024-7b
014.md	52	KR1a0145_WYG_024-8a
014.md	53	KR1a0145_WYG_024-8b
014.md	54	KR1a0145_WYG_024-9a
014.md	55	KR1a0145_WYG_024-9b
014.md	59	KR1a0145_WYG_024-10a
014.md	60	KR1a0145_WYG_024-10b
014.md	63	KR1a0145_WYG_024-11a
014.md	66	KR1a0145_WYG_024-11b
014.md	67	KR1a0145_WYG_024-12a
014.md	72	KR1a0145_WYG_024-12b
014.md	77	KR1a0145_WYG_024-13a
014.md	82	KR1a0145_WYG_024-13b
014.md	87	KR1a0145_WYG_024-14a
014.md	92	KR1a0145_WYG_024-14b
014.md	96	KR1a0145_WYG_024-15a
014.md	99	KR1a0145_WYG_024-15b
014.md	100	KR1a0145_WYG_024-16a
014.md	101	KR1a0145_WYG_024-16b
014.md	102	KR1a0145_WYG_024-17a
014.md	106	KR1a0145_WYG_024-17b
014.md	109	KR1a0145_WYG_024-18a
014.md	112	KR1a0145_WYG_024-18b
014.md	117	KR1a0145_WYG_024-19a
014.md	121	KR1a0145_WYG_024-19b
014.md	124	KR1a0145_WYG_024-20a
014.md	127	KR1a0145_WYG_024-20b
014.md	133	KR1a0145_WYG_024-21a
014.md	136	KR1a0145_WYG_024-21b
014.md	141	KR1a0145_WYG_024-22a
014.md	145	KR1a0145_WYG_024-22b
014.md	146	KR1a0145_WYG_024-23a
014.md	149	KR1a0145_WYG_024-23b
014.md	151	KR1a0145_WYG_024-24a
014.md	155	KR1a0145_WYG_024-24b
014.md	158	KR1a0145_WYG_024-25a
014.md	162	KR1a0145_WYG_024-25b
014.md	164	KR1a0145_WYG_024-26a
014.md	166	KR1a0145_WYG_024-26b
014.md	169	KR1a0145_WYG_024-27a
014.md	174	KR1a0145_WYG_024-27b
014.md	179	KR1a0145_WYG_024-28a
014.md	183	KR1a0145_WYG_024-28b
014.md	186	KR1a0145_WYG_024-29a
014.md	190	KR1a0145_WYG_024-29b
014.md	191	KR1a0145_WYG_024-30a
014.md	192	KR1a0145_WYG_024-30b
014.md	196	KR1a0145_WYG_024-31a
014.md	197	KR1a0145_WYG_024-31b
014.md	200	KR1a0145_WYG_024-32a
014.md	205	KR1a0145_WYG_024-32b
014.md	206	KR1a0145_WYG_024-33a
014.md	210	KR1a0145_WYG_024-33b
014.md	211	KR1a0145_WYG_024-34a
014.md	212	KR1a0145_WYG_024-34b
014.md	215	KR1a0145_WYG_024-35a
014.md	218	KR1a0145_WYG_024-35b
014.md	219	KR1a0145_WYG_024-36a
014.md	222	KR1a0145_WYG_024-36b
014.md	225	KR1a0145_WYG_024-37a
014.md	228	KR1a0145_WYG_024-37b
014.md	232	KR1a0145_WYG_024-38a
014.md	236	KR1a0145_WYG_024-38b
014.md	240	KR1a0145_WYG_024-39a
014.md	241	KR1a0145_WYG_024-39b
014.md	243	KR1a0145_WYG_024-40a
014.md	246	KR1a0145_WYG_024-40b
014.md	250	KR1a0145_WYG_024-41a
014.md	255	KR1a0145_WYG_024-41b
014.md	260	KR1a0145_WYG_024-42a
014.md	261	KR1a0145_WYG_024-42b
014.md	266	KR1a0145_WYG_024-43a
014.md	267	KR1a0145_WYG_024-43b
014.md	268	KR1a0145_WYG_024-44a
014.md	271	KR1a0145_WYG_024-44b
014.md	276	KR1a0145_WYG_024-45a
014.md	278	KR1a0145_WYG_024-45b
015.md	3	KR1a0145_WYG_042-1a
015.md	11	KR1a0145_WYG_042-1b
015.md	19	KR1a0145_WYG_042-2a
015.md	27	KR1a0145_WYG_042-2b
015.md	35	KR1a0145_WYG_042-3a
015.md	43	KR1a0145_WYG_042-3b
015.md	51	KR1a0145_WYG_042-4a
015.md	59	KR1a0145_WYG_042-4b
015.md	67	KR1a0145_WYG_042-5a
015.md	75	KR1a0145_WYG_042-5b
015.md	83	KR1a0145_WYG_042-6a
015.md	91	KR1a0145_WYG_042-6b
015.md	99	KR1a0145_WYG_042-7a
015.md	107	KR1a0145_WYG_042-7b
015.md	115	KR1a0145_WYG_042-8a
015.md	123	KR1a0145_WYG_042-8b
015.md	131	KR1a0145_WYG_042-9a
015.md	139	KR1a0145_WYG_042-9b
015.md	147	KR1a0145_WYG_042-10a
015.md	155	KR1a0145_WYG_042-10b
015.md	163	KR1a0145_WYG_042-11a
015.md	171	KR1a0145_WYG_042-11b
015.md	179	KR1a0145_WYG_042-12a
015.md	187	KR1a0145_WYG_042-12b
015.md	195	KR1a0145_WYG_042-13a
015.md	203	KR1a0145_WYG_042-13b
015.md	211	KR1a0145_WYG_042-14a
015.md	219	KR1a0145_WYG_042-14b
015.md	227	KR1a0145_WYG_042-15a
015.md	235	KR1a0145_WYG_042-15b
015.md	243	KR1a0145_WYG_042-16a
015.md	251	KR1a0145_WYG_042-16b
015.md	259	KR1a0145_WYG_042-17a
015.md	267	KR1a0145_WYG_042-17b
015.md	275	KR1a0145_WYG_042-18a
015.md	283	KR1a0145_WYG_042-18b
015.md	291	KR1a0145_WYG_042-19a
015.md	299	KR1a0145_WYG_042-19b
015.md	307	KR1a0145_WYG_042-20a
015.md	315	KR1a0145_WYG_042-20b
015.md	323	KR1a0145_WYG_042-21a
015.md	331	KR1a0145_WYG_042-21b
015.md	339	KR1a0145_WYG_042-22a
015.md	347	KR1a0145_WYG_042-22b
015.md	355	KR1a0145_WYG_042-23a
015.md	363	KR1a0145_WYG_042-23b
015.md	371	KR1a0145_WYG_042-24a
015.md	379	KR1a0145_WYG_042-24b
015.md	387	KR1a0145_WYG_042-25a
015.md	395	KR1a0145_WYG_042-25b
015.md	403	KR1a0145_WYG_042-26a
015.md	411	KR1a0145_WYG_042-26b
015.md	419	KR1a0145_WYG_042-27a
015.md	427	KR1a0145_WYG_042-27b
015.md	435	KR1a0145_WYG_042-28a
015.md	443	KR1a0145_WYG_042-28b
015.md	451	KR1a0145_WYG_042-29a
015.md	459	KR1a0145_WYG_042-29b
015.md	467	KR1a0145_WYG_042-30a
015.md	475	KR1a0145_WYG_042-30b
015.md	483	KR1a0145_WYG_042-31a
015.md	491	KR1a0145_WYG_042-31b
015.md	499	KR1a0145_WYG_042-32a
015.md	507	KR1a0145_WYG_042-32b
015.md	515	KR1a0145_WYG_042-33a
015.md	523	KR1a0145_WYG_042-33b
015.md	531	KR1a0145_WYG_042-34a
015.md	539	KR1a0145_WYG_042-34b
015.md	547	KR1a0145_WYG_042-35a
015.md	555	KR1a0145_WYG_042-35b
015.md	563	KR1a0145_WYG_042-36a
015.md	571	KR1a0145_WYG_042-36b
015.md	579	KR1a0145_WYG_042-37a
015.md	587	KR1a0145_WYG_042-37b
015.md	595	KR1a0145_WYG_042-38a
015.md	603	KR1a0145_WYG_042-38b
015.md	611	KR1a0145_WYG_042-39a
015.md	619	KR1a0145_WYG_042-39b
015.md	627	KR1a0145_WYG_042-40a
015.md	635	KR1a0145_WYG_042-40b
015.md	643	KR1a0145_WYG_042-41a
015.md	651	KR1a0145_WYG_042-41b
015.md	659	KR1a0145_WYG_042-42a
015.md	667	KR1a0145_WYG_042-42b
015.md	675	KR1a0145_WYG_042-43a
015.md	683	KR1a0145_WYG_042-43b
015.md	691	KR1a0145_WYG_042-44a
015.md	699	KR1a0145_WYG_042-44b
015.md	707	KR1a0145_WYG_042-45a
015.md	715	KR1a0145_WYG_042-45b
016.md	3	KR1a0145_WYG_009-1a
016.md	8	KR1a0145_WYG_009-1b
016.md	11	KR1a0145_WYG_009-2a
016.md	12	KR1a0145_WYG_009-2b
016.md	15	KR1a0145_WYG_009-3a
016.md	16	KR1a0145_WYG_009-3b
016.md	18	KR1a0145_WYG_009-4a
016.md	19	KR1a0145_WYG_009-4b
016.md	20	KR1a0145_WYG_009-5a
016.md	21	KR1a0145_WYG_009-5b
016.md	22	KR1a0145_WYG_009-6a
016.md	23	KR1a0145_WYG_009-6b
016.md	28	KR1a0145_WYG_009-7a
016.md	33	KR1a0145_WYG_009-7b
016.md	34	KR1a0145_WYG_009-8a
016.md	35	KR1a0145_WYG_009-8b
016.md	36	KR1a0145_WYG_009-9a
016.md	37	KR1a0145_WYG_009-9b
016.md	38	KR1a0145_WYG_009-10a
016.md	39	KR1a0145_WYG_009-10b
016.md	40	KR1a0145_WYG_009-11a
016.md	41	KR1a0145_WYG_009-11b
016.md	42	KR1a0145_WYG_009-12a
016.md	43	KR1a0145_WYG_009-12b
016.md	44	KR1a0145_WYG_009-13a
016.md	45	KR1a0145_WYG_009-14a
016.md	46	KR1a0145_WYG_009-14b
016.md	47	KR1a0145_WYG_009-15a
016.md	48	KR1a0145_WYG_009-15b
016.md	49	KR1a0145_WYG_009-16a
016.md	50	KR1a0145_WYG_009-16b
016.md	52	KR1a0145_WYG_009-17a
016.md	53	KR1a0145_WYG_009-17b
016.md	54	KR1a0145_WYG_009-18a
016.md	55	KR1a0145_WYG_009-18b
016.md	56	KR1a0145_WYG_009-19a
016.md	57	KR1a0145_WYG_009-19b
016.md	58	KR1a0145_WYG_009-20a
016.md	59	KR1a0145_WYG_009-20b
016.md	60	KR1a0145_WYG_009-21a
016.md	61	KR1a0145_WYG_009-21b
016.md	62	KR1a0145_WYG_009-22a
016.md	63	KR1a0145_WYG_009-22b
016.md	64	KR1a0145_WYG_009-23a
016.md	65	KR1a0145_WYG_009-23b
016.md	66	KR1a0145_WYG_009-24a
016.md	67	KR1a0145_WYG_009-24b
016.md	68	KR1a0145_WYG_009-25a
016.md	69	KR1a0145_WYG_009-25b
016.md	70	KR1a0145_WYG_009-26a
016.md	71	KR1a0145_WYG_009-26b
016.md	72	KR1a0145_WYG_009-27a
016.md	73	KR1a0145_WYG_009-27b
016.md	74	KR1a0145_WYG_009-28a
016.md	75	KR1a0145_WYG_009-28b
016.md	76	KR1a0145_WYG_009-29a
016.md	77	KR1a0145_WYG_009-29b
016.md	78	KR1a0145_WYG_009-30a
016.md	79	KR1a0145_WYG_009-30b
016.md	80	KR1a0145_WYG_009-31a
016.md	84	KR1a0145_WYG_009-31b
016.md	85	KR1a0145_WYG_009-32a
016.md	88	KR1a0145_WYG_009-32b
016.md	93	KR1a0145_WYG_009-33a
016.md	94	KR1a0145_WYG_009-33b
016.md	95	KR1a0145_WYG_009-34a
016.md	96	KR1a0145_WYG_009-34b
016.md	101	KR1a0145_WYG_009-35a
016.md	107	KR1a0145_WYG_009-35b
016.md	115	KR1a0145_WYG_009-36a
016.md	123	KR1a0145_WYG_009-36b
016.md	131	KR1a0145_WYG_009-37a
016.md	138	KR1a0145_WYG_009-37b
016.md	146	KR1a0145_WYG_009-38a
016.md	151	KR1a0145_WYG_009-38b
016.md	159	KR1a0145_WYG_009-39a
016.md	167	KR1a0145_WYG_009-39b
016.md	175	KR1a0145_WYG_009-40a
016.md	183	KR1a0145_WYG_009-40b
016.md	191	KR1a0145_WYG_009-41a
016.md	199	KR1a0145_WYG_009-41b
016.md	207	KR1a0145_WYG_009-42a
016.md	215	KR1a0145_WYG_009-42b
016.md	223	KR1a0145_WYG_009-43a
016.md	231	KR1a0145_WYG_009-43b
016.md	239	KR1a0145_WYG_009-44a
016.md	247	KR1a0145_WYG_009-44b
016.md	255	KR1a0145_WYG_009-45a
016.md	263	KR1a0145_WYG_009-45b
017.md	3	KR1a0145_WYG_025-1a
017.md	9	KR1a0145_WYG_025-1b
017.md	12	KR1a0145_WYG_025-2a
017.md	13	KR1a0145_WYG_025-2b
017.md	14	KR1a0145_WYG_025-3a
017.md	15	KR1a0145_WYG_025-3b
017.md	18	KR1a0145_WYG_025-4a
017.md	21	KR1a0145_WYG_025-4b
017.md	24	KR1a0145_WYG_025-5a
017.md	30	KR1a0145_WYG_025-5b
017.md	34	KR1a0145_WYG_025-6a
017.md	37	KR1a0145_WYG_025-6b
017.md	41	KR1a0145_WYG_025-7a
017.md	42	KR1a0145_WYG_025-7b
017.md	46	KR1a0145_WYG_025-8a
017.md	49	KR1a0145_WYG_025-8b
017.md	50	KR1a0145_WYG_025-9a
017.md	51	KR1a0145_WYG_025-9b
017.md	56	KR1a0145_WYG_025-10a
017.md	57	KR1a0145_WYG_025-10b
017.md	61	KR1a0145_WYG_025-11a
017.md	62	KR1a0145_WYG_025-11b
017.md	66	KR1a0145_WYG_025-12a
017.md	67	KR1a0145_WYG_025-12b
017.md	68	KR1a0145_WYG_025-13a
017.md	72	KR1a0145_WYG_025-13b
017.md	75	KR1a0145_WYG_025-14a
017.md	79	KR1a0145_WYG_025-14b
017.md	82	KR1a0145_WYG_025-15a
017.md	86	KR1a0145_WYG_025-15b
017.md	90	KR1a0145_WYG_025-16a
017.md	92	KR1a0145_WYG_025-16b
017.md	95	KR1a0145_WYG_025-17a
017.md	98	KR1a0145_WYG_025-17b
017.md	101	KR1a0145_WYG_025-18a
017.md	105	KR1a0145_WYG_025-18b
017.md	106	KR1a0145_WYG_025-19a
017.md	107	KR1a0145_WYG_025-19b
017.md	110	KR1a0145_WYG_025-20a
017.md	117	KR1a0145_WYG_025-20b
017.md	118	KR1a0145_WYG_025-21a
017.md	121	KR1a0145_WYG_025-21b
017.md	122	KR1a0145_WYG_025-22a
017.md	123	KR1a0145_WYG_025-22b
017.md	126	KR1a0145_WYG_025-23a
017.md	130	KR1a0145_WYG_025-23b
017.md	133	KR1a0145_WYG_025-24a
017.md	135	KR1a0145_WYG_025-24b
017.md	140	KR1a0145_WYG_025-25a
017.md	142	KR1a0145_WYG_025-25b
017.md	145	KR1a0145_WYG_025-26a
017.md	150	KR1a0145_WYG_025-26b
017.md	151	KR1a0145_WYG_025-27a
017.md	154	KR1a0145_WYG_025-27b
017.md	157	KR1a0145_WYG_025-28a
017.md	161	KR1a0145_WYG_025-28b
017.md	167	KR1a0145_WYG_025-29a
017.md	170	KR1a0145_WYG_025-29b
017.md	173	KR1a0145_WYG_025-30a
017.md	176	KR1a0145_WYG_025-30b
017.md	179	KR1a0145_WYG_025-31a
017.md	183	KR1a0145_WYG_025-31b
017.md	186	KR1a0145_WYG_025-32a
017.md	189	KR1a0145_WYG_025-32b
017.md	190	KR1a0145_WYG_025-33a
017.md	195	KR1a0145_WYG_025-33b
017.md	196	KR1a0145_WYG_025-34a
017.md	200	KR1a0145_WYG_025-34b
017.md	201	KR1a0145_WYG_025-35a
017.md	204	KR1a0145_WYG_025-35b
017.md	207	KR1a0145_WYG_025-36a
017.md	208	KR1a0145_WYG_025-36b
017.md	212	KR1a0145_WYG_025-37a
017.md	213	KR1a0145_WYG_025-37b
017.md	216	KR1a0145_WYG_025-38a
017.md	219	KR1a0145_WYG_025-38b
017.md	220	KR1a0145_WYG_025-39a
017.md	225	KR1a0145_WYG_025-39b
017.md	229	KR1a0145_WYG_025-40a
017.md	232	KR1a0145_WYG_025-40b
017.md	237	KR1a0145_WYG_025-41a
017.md	241	KR1a0145_WYG_025-41b
017.md	244	KR1a0145_WYG_025-42a
017.md	247	KR1a0145_WYG_025-42b
017.md	253	KR1a0145_WYG_025-43a
017.md	255	KR1a0145_WYG_025-43b
017.md	258	KR1a0145_WYG_025-44a
017.md	263	KR1a0145_WYG_025-44b
017.md	268	KR1a0145_WYG_025-45a
017.md	272	KR1a0145_WYG_025-45b
017.md	277	KR1a0145_WYG_025-46a
017.md	278	KR1a0145_WYG_025-46b
017.md	279	KR1a0145_WYG_025-47a
017.md	280	KR1a0145_WYG_025-47b
017.md	283	KR1a0145_WYG_025-48a
017.md	284	KR1a0145_WYG_025-48b
017.md	285	KR1a0145_WYG_025-49a
017.md	290	KR1a0145_WYG_025-49b
017.md	291	KR1a0145_WYG_025-50a
017.md	292	KR1a0145_WYG_025-50b
017.md	293	KR1a0145_WYG_025-51a
017.md	296	KR1a0145_WYG_025-51b
017.md	302	KR1a0145_WYG_025-52a
017.md	307	KR1a0145_WYG_025-52b
017.md	312	KR1a0145_WYG_025-53a
017.md	313	KR1a0145_WYG_025-53b
017.md	316	KR1a0145_WYG_025-54a
017.md	318	KR1a0145_WYG_025-54b
017.md	324	KR1a0145_WYG_025-55a
017.md	328	KR1a0145_WYG_025-55b
017.md	329	KR1a0145_WYG_025-56a
017.md	332	KR1a0145_WYG_025-56b
017.md	336	KR1a0145_WYG_025-57a
017.md	339	KR1a0145_WYG_025-57b
017.md	342	KR1a0145_WYG_025-58a
017.md	345	KR1a0145_WYG_025-58b
017.md	349	KR1a0145_WYG_025-59a
017.md	352	KR1a0145_WYG_025-59b
017.md	355	KR1a0145_WYG_025-60a
017.md	357	KR1a0145_WYG_025-60b
017.md	361	KR1a0145_WYG_025-61a
017.md	363	KR1a0145_WYG_025-61b
017.md	367	KR1a0145_WYG_025-62a
017.md	368	KR1a0145_WYG_025-62b
017.md	371	KR1a0145_WYG_025-63b
018.md	3	KR1a0145_WYG_043-1a
018.md	11	KR1a0145_WYG_043-1b
018.md	19	KR1a0145_WYG_043-2a
018.md	27	KR1a0145_WYG_043-2b
018.md	35	KR1a0145_WYG_043-3a
018.md	43	KR1a0145_WYG_043-3b
018.md	51	KR1a0145_WYG_043-4a
018.md	59	KR1a0145_WYG_043-4b
018.md	67	KR1a0145_WYG_043-5a
018.md	75	KR1a0145_WYG_043-5b
018.md	83	KR1a0145_WYG_043-6a
018.md	91	KR1a0145_WYG_043-6b
018.md	99	KR1a0145_WYG_043-7a
018.md	107	KR1a0145_WYG_043-7b
018.md	115	KR1a0145_WYG_043-8a
018.md	123	KR1a0145_WYG_043-8b
018.md	131	KR1a0145_WYG_043-9a
018.md	139	KR1a0145_WYG_043-9b
018.md	147	KR1a0145_WYG_043-10a
018.md	155	KR1a0145_WYG_043-10b
018.md	163	KR1a0145_WYG_043-11a
018.md	171	KR1a0145_WYG_043-11b
018.md	179	KR1a0145_WYG_043-12a
018.md	187	KR1a0145_WYG_043-12b
018.md	195	KR1a0145_WYG_043-13a
018.md	203	KR1a0145_WYG_043-13b
018.md	211	KR1a0145_WYG_043-14a
018.md	219	KR1a0145_WYG_043-14b
018.md	227	KR1a0145_WYG_043-15a
018.md	235	KR1a0145_WYG_043-15b
018.md	243	KR1a0145_WYG_043-16a
018.md	251	KR1a0145_WYG_043-16b
018.md	259	KR1a0145_WYG_043-17a
018.md	267	KR1a0145_WYG_043-17b
018.md	275	KR1a0145_WYG_043-18a
018.md	283	KR1a0145_WYG_043-18b
018.md	291	KR1a0145_WYG_043-19a
018.md	299	KR1a0145_WYG_043-19b
018.md	307	KR1a0145_WYG_043-20a
018.md	315	KR1a0145_WYG_043-20b
018.md	323	KR1a0145_WYG_043-21a
018.md	331	KR1a0145_WYG_043-21b
018.md	339	KR1a0145_WYG_043-22a
018.md	347	KR1a0145_WYG_043-22b
018.md	355	KR1a0145_WYG_043-23a
018.md	363	KR1a0145_WYG_043-23b
018.md	371	KR1a0145_WYG_043-24a
018.md	379	KR1a0145_WYG_043-24b
018.md	387	KR1a0145_WYG_043-25a
018.md	395	KR1a0145_WYG_043-25b
018.md	403	KR1a0145_WYG_043-26a
018.md	411	KR1a0145_WYG_043-26b
018.md	419	KR1a0145_WYG_043-27a
018.md	427	KR1a0145_WYG_043-27b
018.md	435	KR1a0145_WYG_043-28a
018.md	443	KR1a0145_WYG_043-28b
018.md	451	KR1a0145_WYG_043-29a
018.md	459	KR1a0145_WYG_043-29b
018.md	467	KR1a0145_WYG_043-30a
018.md	475	KR1a0145_WYG_043-30b
018.md	483	KR1a0145_WYG_043-31a
018.md	491	KR1a0145_WYG_043-31b
018.md	499	KR1a0145_WYG_043-32a
018.md	507	KR1a0145_WYG_043-32b
018.md	515	KR1a0145_WYG_043-33a
018.md	523	KR1a0145_WYG_043-33b
018.md	531	KR1a0145_WYG_043-34a
018.md	539	KR1a0145_WYG_043-34b
018.md	547	KR1a0145_WYG_043-35a
018.md	555	KR1a0145_WYG_043-35b
018.md	563	KR1a0145_WYG_043-36a
018.md	571	KR1a0145_WYG_043-36b
018.md	579	KR1a0145_WYG_043-37a
018.md	587	KR1a0145_WYG_043-37b
018.md	595	KR1a0145_WYG_043-38a
018.md	603	KR1a0145_WYG_043-38b
018.md	611	KR1a0145_WYG_043-39a
018.md	619	KR1a0145_WYG_043-39b
018.md	627	KR1a0145_WYG_043-40a
018.md	635	KR1a0145_WYG_043-40b
018.md	643	KR1a0145_WYG_043-41a
018.md	651	KR1a0145_WYG_043-41b
018.md	659	KR1a0145_WYG_043-42a
018.md	667	KR1a0145_WYG_043-42b
018.md	675	KR1a0145_WYG_043-43a
018.md	683	KR1a0145_WYG_043-43b
018.md	691	KR1a0145_WYG_043-44a
018.md	699	KR1a0145_WYG_043-44b
018.md	700	KR1a0145_WYG_043-45a
018.md	708	KR1a0145_WYG_043-45b
018.md	716	KR1a0145_WYG_043-46a
018.md	724	KR1a0145_WYG_043-46b
018.md	732	KR1a0145_WYG_043-47a
018.md	737	KR1a0145_WYG_043-47b
019.md	3	KR1a0145_WYG_010-1a
019.md	11	KR1a0145_WYG_010-1b
019.md	18	KR1a0145_WYG_010-2a
019.md	21	KR1a0145_WYG_010-2b
019.md	27	KR1a0145_WYG_010-3a
019.md	32	KR1a0145_WYG_010-3b
019.md	33	KR1a0145_WYG_010-4a
019.md	36	KR1a0145_WYG_010-4b
019.md	44	KR1a0145_WYG_010-5a
019.md	45	KR1a0145_WYG_010-5b
019.md	52	KR1a0145_WYG_010-6a
019.md	59	KR1a0145_WYG_010-6b
019.md	60	KR1a0145_WYG_010-7a
019.md	61	KR1a0145_WYG_010-7b
019.md	68	KR1a0145_WYG_010-8a
019.md	73	KR1a0145_WYG_010-8b
019.md	74	KR1a0145_WYG_010-9a
019.md	75	KR1a0145_WYG_010-9b
019.md	76	KR1a0145_WYG_010-10a
019.md	77	KR1a0145_WYG_010-10b
019.md	78	KR1a0145_WYG_010-11a
019.md	79	KR1a0145_WYG_010-11b
019.md	80	KR1a0145_WYG_010-12a
019.md	81	KR1a0145_WYG_010-12b
019.md	87	KR1a0145_WYG_010-13a
019.md	90	KR1a0145_WYG_010-13b
019.md	92	KR1a0145_WYG_010-14a
019.md	94	KR1a0145_WYG_010-14b
019.md	96	KR1a0145_WYG_010-15a
019.md	97	KR1a0145_WYG_010-15b
019.md	101	KR1a0145_WYG_010-16a
019.md	107	KR1a0145_WYG_010-16b
019.md	114	KR1a0145_WYG_010-17a
019.md	115	KR1a0145_WYG_010-17b
019.md	122	KR1a0145_WYG_010-18a
019.md	130	KR1a0145_WYG_010-18b
019.md	138	KR1a0145_WYG_010-19a
019.md	145	KR1a0145_WYG_010-19b
019.md	151	KR1a0145_WYG_010-20a
019.md	159	KR1a0145_WYG_010-20b
019.md	167	KR1a0145_WYG_010-21a
019.md	175	KR1a0145_WYG_010-21b
019.md	183	KR1a0145_WYG_010-22a
019.md	191	KR1a0145_WYG_010-22b
019.md	199	KR1a0145_WYG_010-23a
019.md	207	KR1a0145_WYG_010-23b
019.md	215	KR1a0145_WYG_010-24a
019.md	223	KR1a0145_WYG_010-24b
019.md	231	KR1a0145_WYG_010-25a
019.md	239	KR1a0145_WYG_010-25b
019.md	247	KR1a0145_WYG_010-26a
019.md	255	KR1a0145_WYG_010-26b
019.md	263	KR1a0145_WYG_010-27a
019.md	270	KR1a0145_WYG_010-27b
019.md	275	KR1a0145_WYG_010-28a
019.md	282	KR1a0145_WYG_010-28b
019.md	290	KR1a0145_WYG_010-29a
019.md	298	KR1a0145_WYG_010-29b
019.md	303	KR1a0145_WYG_010-30a
019.md	311	KR1a0145_WYG_010-30b
019.md	319	KR1a0145_WYG_010-31a
019.md	327	KR1a0145_WYG_010-31b
019.md	335	KR1a0145_WYG_010-32a
019.md	343	KR1a0145_WYG_010-32b
019.md	344	KR1a0145_WYG_010-33a
019.md	345	KR1a0145_WYG_010-33b
019.md	352	KR1a0145_WYG_010-34a
019.md	359	KR1a0145_WYG_010-34b
019.md	367	KR1a0145_WYG_010-35a
019.md	375	KR1a0145_WYG_010-35b
019.md	383	KR1a0145_WYG_010-36a
019.md	391	KR1a0145_WYG_010-36b
019.md	397	KR1a0145_WYG_010-37a
019.md	404	KR1a0145_WYG_010-37b
019.md	407	KR1a0145_WYG_010-38a
019.md	414	KR1a0145_WYG_010-38b
019.md	417	KR1a0145_WYG_010-39a
019.md	424	KR1a0145_WYG_010-39b
020.md	3	KR1a0145_WYG_026-1a
020.md	8	KR1a0145_WYG_026-1b
020.md	9	KR1a0145_WYG_026-2a
020.md	12	KR1a0145_WYG_026-2b
020.md	18	KR1a0145_WYG_026-3a
020.md	19	KR1a0145_WYG_026-3b
020.md	23	KR1a0145_WYG_026-4a
020.md	26	KR1a0145_WYG_026-4b
020.md	28	KR1a0145_WYG_026-5a
020.md	33	KR1a0145_WYG_026-5b
020.md	34	KR1a0145_WYG_026-6a
020.md	37	KR1a0145_WYG_026-6b
020.md	40	KR1a0145_WYG_026-7a
020.md	41	KR1a0145_WYG_026-7b
020.md	43	KR1a0145_WYG_026-8a
020.md	44	KR1a0145_WYG_026-8b
020.md	47	KR1a0145_WYG_026-9a
020.md	50	KR1a0145_WYG_026-9b
020.md	57	KR1a0145_WYG_026-10a
020.md	60	KR1a0145_WYG_026-10b
020.md	64	KR1a0145_WYG_026-11a
020.md	65	KR1a0145_WYG_026-11b
020.md	66	KR1a0145_WYG_026-12a
020.md	67	KR1a0145_WYG_026-12b
020.md	68	KR1a0145_WYG_026-13a
020.md	72	KR1a0145_WYG_026-13b
020.md	77	KR1a0145_WYG_026-14a
020.md	82	KR1a0145_WYG_026-14b
020.md	83	KR1a0145_WYG_026-15a
020.md	87	KR1a0145_WYG_026-15b
020.md	89	KR1a0145_WYG_026-16a
020.md	94	KR1a0145_WYG_026-16b
020.md	99	KR1a0145_WYG_026-17a
020.md	104	KR1a0145_WYG_026-17b
020.md	108	KR1a0145_WYG_026-18a
020.md	111	KR1a0145_WYG_026-18b
020.md	114	KR1a0145_WYG_026-19a
020.md	119	KR1a0145_WYG_026-19b
020.md	120	KR1a0145_WYG_026-20a
020.md	125	KR1a0145_WYG_026-20b
020.md	126	KR1a0145_WYG_026-21a
020.md	130	KR1a0145_WYG_026-21b
020.md	136	KR1a0145_WYG_026-22a
020.md	140	KR1a0145_WYG_026-22b
020.md	143	KR1a0145_WYG_026-23a
020.md	148	KR1a0145_WYG_026-23b
020.md	149	KR1a0145_WYG_026-24a
020.md	152	KR1a0145_WYG_026-24b
020.md	155	KR1a0145_WYG_026-25a
020.md	158	KR1a0145_WYG_026-25b
020.md	161	KR1a0145_WYG_026-26a
020.md	166	KR1a0145_WYG_026-26b
020.md	169	KR1a0145_WYG_026-27a
020.md	174	KR1a0145_WYG_026-27b
020.md	175	KR1a0145_WYG_026-28a
020.md	179	KR1a0145_WYG_026-28b
020.md	184	KR1a0145_WYG_026-29a
020.md	186	KR1a0145_WYG_026-29b
021.md	3	KR1a0145_WYG_044-1a
021.md	11	KR1a0145_WYG_044-1b
021.md	19	KR1a0145_WYG_044-2a
021.md	27	KR1a0145_WYG_044-2b
021.md	35	KR1a0145_WYG_044-3a
021.md	43	KR1a0145_WYG_044-3b
021.md	51	KR1a0145_WYG_044-4a
021.md	59	KR1a0145_WYG_044-4b
021.md	67	KR1a0145_WYG_044-5a
021.md	75	KR1a0145_WYG_044-5b
021.md	83	KR1a0145_WYG_044-6a
021.md	91	KR1a0145_WYG_044-6b
021.md	99	KR1a0145_WYG_044-7a
021.md	107	KR1a0145_WYG_044-7b
021.md	115	KR1a0145_WYG_044-8a
021.md	123	KR1a0145_WYG_044-8b
021.md	131	KR1a0145_WYG_044-9a
021.md	139	KR1a0145_WYG_044-9b
021.md	147	KR1a0145_WYG_044-10a
021.md	155	KR1a0145_WYG_044-10b
021.md	163	KR1a0145_WYG_044-11a
021.md	171	KR1a0145_WYG_044-11b
021.md	179	KR1a0145_WYG_044-12a
021.md	187	KR1a0145_WYG_044-12b
021.md	195	KR1a0145_WYG_044-13a
021.md	203	KR1a0145_WYG_044-13b
021.md	211	KR1a0145_WYG_044-14a
021.md	219	KR1a0145_WYG_044-14b
021.md	227	KR1a0145_WYG_044-15a
021.md	235	KR1a0145_WYG_044-15b
021.md	243	KR1a0145_WYG_044-16a
021.md	251	KR1a0145_WYG_044-16b
021.md	259	KR1a0145_WYG_044-17a
021.md	267	KR1a0145_WYG_044-17b
021.md	275	KR1a0145_WYG_044-18a
021.md	283	KR1a0145_WYG_044-18b
021.md	291	KR1a0145_WYG_044-19a
021.md	299	KR1a0145_WYG_044-19b
021.md	307	KR1a0145_WYG_044-20a
021.md	311	KR1a0145_WYG_044-20b
021.md	319	KR1a0145_WYG_044-21a
021.md	327	KR1a0145_WYG_044-21b
021.md	335	KR1a0145_WYG_044-22a
021.md	343	KR1a0145_WYG_044-22b
021.md	351	KR1a0145_WYG_044-23a
021.md	359	KR1a0145_WYG_044-23b
021.md	367	KR1a0145_WYG_044-24a
021.md	375	KR1a0145_WYG_044-24b
021.md	383	KR1a0145_WYG_044-25a
021.md	391	KR1a0145_WYG_044-25b
021.md	399	KR1a0145_WYG_044-26a
021.md	407	KR1a0145_WYG_044-26b
021.md	415	KR1a0145_WYG_044-27a
021.md	423	KR1a0145_WYG_044-27b
021.md	431	KR1a0145_WYG_044-28a
021.md	439	KR1a0145_WYG_044-28b
021.md	447	KR1a0145_WYG_044-29a
021.md	455	KR1a0145_WYG_044-29b
021.md	463	KR1a0145_WYG_044-30a
021.md	466	KR1a0145_WYG_044-30b
022.md	3	KR1a0145_WYG_011-1a
022.md	10	KR1a0145_WYG_011-1b
022.md	11	KR1a0145_WYG_011-2a
022.md	12	KR1a0145_WYG_011-2b
022.md	13	KR1a0145_WYG_011-3a
022.md	14	KR1a0145_WYG_011-3b
022.md	15	KR1a0145_WYG_011-4a
022.md	18	KR1a0145_WYG_011-4b
022.md	26	KR1a0145_WYG_011-5a
022.md	32	KR1a0145_WYG_011-5b
022.md	33	KR1a0145_WYG_011-6a
022.md	34	KR1a0145_WYG_011-6b
022.md	38	KR1a0145_WYG_011-7a
022.md	41	KR1a0145_WYG_011-7b
022.md	42	KR1a0145_WYG_011-8a
022.md	43	KR1a0145_WYG_011-8b
022.md	44	KR1a0145_WYG_011-9a
022.md	49	KR1a0145_WYG_011-9b
022.md	57	KR1a0145_WYG_011-10a
022.md	65	KR1a0145_WYG_011-10b
022.md	73	KR1a0145_WYG_011-11a
022.md	81	KR1a0145_WYG_011-11b
022.md	89	KR1a0145_WYG_011-12a
022.md	97	KR1a0145_WYG_011-12b
022.md	105	KR1a0145_WYG_011-13a
022.md	111	KR1a0145_WYG_011-13b
022.md	119	KR1a0145_WYG_011-14a
022.md	127	KR1a0145_WYG_011-14b
022.md	135	KR1a0145_WYG_011-15a
022.md	143	KR1a0145_WYG_011-15b
022.md	151	KR1a0145_WYG_011-16a
022.md	159	KR1a0145_WYG_011-16b
022.md	167	KR1a0145_WYG_011-17a
022.md	175	KR1a0145_WYG_011-17b
022.md	183	KR1a0145_WYG_011-18a
022.md	191	KR1a0145_WYG_011-18b
022.md	199	KR1a0145_WYG_011-19a
022.md	207	KR1a0145_WYG_011-19b
022.md	215	KR1a0145_WYG_011-20a
022.md	223	KR1a0145_WYG_011-20b
022.md	231	KR1a0145_WYG_011-21a
022.md	234	KR1a0145_WYG_011-21b
022.md	235	KR1a0145_WYG_011-22a
022.md	243	KR1a0145_WYG_011-22b
022.md	248	KR1a0145_WYG_011-23a
022.md	256	KR1a0145_WYG_011-23b
022.md	264	KR1a0145_WYG_011-24a
022.md	272	KR1a0145_WYG_011-24b
022.md	279	KR1a0145_WYG_011-25a
022.md	287	KR1a0145_WYG_011-25b
022.md	289	KR1a0145_WYG_011-26a
022.md	290	KR1a0145_WYG_011-26b
022.md	298	KR1a0145_WYG_011-27a
022.md	306	KR1a0145_WYG_011-27b
022.md	314	KR1a0145_WYG_011-28a
022.md	322	KR1a0145_WYG_011-28b
022.md	330	KR1a0145_WYG_011-29a
022.md	336	KR1a0145_WYG_011-29b
022.md	337	KR1a0145_WYG_011-30a
022.md	345	KR1a0145_WYG_011-30b
022.md	353	KR1a0145_WYG_011-31a
022.md	361	KR1a0145_WYG_011-31b
022.md	369	KR1a0145_WYG_011-32a
022.md	377	KR1a0145_WYG_011-32b
022.md	385	KR1a0145_WYG_011-33a
022.md	393	KR1a0145_WYG_011-33b
022.md	399	KR1a0145_WYG_011-34a
022.md	407	KR1a0145_WYG_011-34b
022.md	415	KR1a0145_WYG_011-35a
022.md	423	KR1a0145_WYG_011-35b
023.md	3	KR1a0145_WYG_027-1a
023.md	8	KR1a0145_WYG_027-1b
023.md	12	KR1a0145_WYG_027-2a
023.md	16	KR1a0145_WYG_027-2b
023.md	17	KR1a0145_WYG_027-3a
023.md	22	KR1a0145_WYG_027-3b
023.md	24	KR1a0145_WYG_027-4a
023.md	27	KR1a0145_WYG_027-4b
023.md	32	KR1a0145_WYG_027-5a
023.md	37	KR1a0145_WYG_027-5b
023.md	43	KR1a0145_WYG_027-6a
023.md	44	KR1a0145_WYG_027-6b
023.md	49	KR1a0145_WYG_027-7a
023.md	52	KR1a0145_WYG_027-7b
023.md	53	KR1a0145_WYG_027-8a
023.md	59	KR1a0145_WYG_027-8b
023.md	63	KR1a0145_WYG_027-9a
023.md	64	KR1a0145_WYG_027-9b
023.md	67	KR1a0145_WYG_027-10a
023.md	71	KR1a0145_WYG_027-10b
023.md	74	KR1a0145_WYG_027-11a
023.md	77	KR1a0145_WYG_027-11b
023.md	80	KR1a0145_WYG_027-12a
023.md	83	KR1a0145_WYG_027-12b
023.md	84	KR1a0145_WYG_027-13a
023.md	88	KR1a0145_WYG_027-13b
023.md	91	KR1a0145_WYG_027-14a
023.md	94	KR1a0145_WYG_027-14b
023.md	99	KR1a0145_WYG_027-15a
023.md	102	KR1a0145_WYG_027-15b
023.md	105	KR1a0145_WYG_027-16a
023.md	110	KR1a0145_WYG_027-16b
023.md	112	KR1a0145_WYG_027-17a
023.md	113	KR1a0145_WYG_027-17b
023.md	116	KR1a0145_WYG_027-18a
023.md	118	KR1a0145_WYG_027-18b
023.md	121	KR1a0145_WYG_027-19a
023.md	126	KR1a0145_WYG_027-19b
023.md	127	KR1a0145_WYG_027-20a
023.md	131	KR1a0145_WYG_027-20b
023.md	132	KR1a0145_WYG_027-21a
023.md	137	KR1a0145_WYG_027-21b
023.md	139	KR1a0145_WYG_027-22a
023.md	142	KR1a0145_WYG_027-22b
023.md	146	KR1a0145_WYG_027-23a
023.md	149	KR1a0145_WYG_027-23b
023.md	155	KR1a0145_WYG_027-24a
023.md	156	KR1a0145_WYG_027-24b
023.md	157	KR1a0145_WYG_027-25a
023.md	160	KR1a0145_WYG_027-25b
023.md	163	KR1a0145_WYG_027-26a
023.md	164	KR1a0145_WYG_027-26b
023.md	167	KR1a0145_WYG_027-27a
023.md	170	KR1a0145_WYG_027-27b
023.md	173	KR1a0145_WYG_027-28a
023.md	178	KR1a0145_WYG_027-28b
023.md	179	KR1a0145_WYG_027-29a
023.md	183	KR1a0145_WYG_027-29b
023.md	184	KR1a0145_WYG_027-30a
023.md	187	KR1a0145_WYG_027-30b
023.md	190	KR1a0145_WYG_027-31a
023.md	196	KR1a0145_WYG_027-31b
023.md	197	KR1a0145_WYG_027-32a
023.md	200	KR1a0145_WYG_027-32b
023.md	203	KR1a0145_WYG_027-33a
023.md	205	KR1a0145_WYG_027-33b
023.md	206	KR1a0145_WYG_027-34a
023.md	207	KR1a0145_WYG_027-34b
023.md	208	KR1a0145_WYG_027-35a
023.md	214	KR1a0145_WYG_027-35b
023.md	215	KR1a0145_WYG_027-36a
023.md	216	KR1a0145_WYG_027-36b
023.md	219	KR1a0145_WYG_027-37a
023.md	222	KR1a0145_WYG_027-37b
023.md	227	KR1a0145_WYG_027-38a
023.md	232	KR1a0145_WYG_027-38b
023.md	237	KR1a0145_WYG_027-39a
023.md	239	KR1a0145_WYG_027-39b
023.md	241	KR1a0145_WYG_027-40a
023.md	246	KR1a0145_WYG_027-40b
023.md	249	KR1a0145_WYG_027-41a
023.md	254	KR1a0145_WYG_027-41b
023.md	255	KR1a0145_WYG_027-42a
023.md	258	KR1a0145_WYG_027-42b
023.md	261	KR1a0145_WYG_027-43a
023.md	262	KR1a0145_WYG_027-43b
023.md	265	KR1a0145_WYG_027-44a
023.md	271	KR1a0145_WYG_027-44b
023.md	274	KR1a0145_WYG_027-45a
023.md	276	KR1a0145_WYG_027-45b
023.md	279	KR1a0145_WYG_027-46a
023.md	281	KR1a0145_WYG_027-46b
023.md	282	KR1a0145_WYG_027-47a
023.md	286	KR1a0145_WYG_027-47b
023.md	287	KR1a0145_WYG_027-48a
023.md	288	KR1a0145_WYG_027-48b
023.md	292	KR1a0145_WYG_027-49a
023.md	293	KR1a0145_WYG_027-49b
023.md	296	KR1a0145_WYG_027-50a
023.md	298	KR1a0145_WYG_027-50b
024.md	3	KR1a0145_WYG_045-1a
024.md	11	KR1a0145_WYG_045-1b
024.md	19	KR1a0145_WYG_045-2a
024.md	27	KR1a0145_WYG_045-2b
024.md	35	KR1a0145_WYG_045-3a
024.md	43	KR1a0145_WYG_045-3b
024.md	51	KR1a0145_WYG_045-4a
024.md	59	KR1a0145_WYG_045-4b
024.md	67	KR1a0145_WYG_045-5a
024.md	75	KR1a0145_WYG_045-5b
024.md	83	KR1a0145_WYG_045-6a
024.md	91	KR1a0145_WYG_045-6b
024.md	99	KR1a0145_WYG_045-7a
024.md	107	KR1a0145_WYG_045-7b
024.md	115	KR1a0145_WYG_045-8a
024.md	123	KR1a0145_WYG_045-8b
024.md	131	KR1a0145_WYG_045-9a
024.md	139	KR1a0145_WYG_045-9b
024.md	147	KR1a0145_WYG_045-10a
024.md	155	KR1a0145_WYG_045-10b
024.md	163	KR1a0145_WYG_045-11a
024.md	171	KR1a0145_WYG_045-11b
024.md	179	KR1a0145_WYG_045-12a
024.md	187	KR1a0145_WYG_045-12b
024.md	195	KR1a0145_WYG_045-13a
024.md	203	KR1a0145_WYG_045-13b
024.md	211	KR1a0145_WYG_045-14a
024.md	219	KR1a0145_WYG_045-14b
024.md	227	KR1a0145_WYG_045-15a
024.md	235	KR1a0145_WYG_045-15b
024.md	243	KR1a0145_WYG_045-16a
024.md	251	KR1a0145_WYG_045-16b
024.md	259	KR1a0145_WYG_045-17a
024.md	267	KR1a0145_WYG_045-17b
024.md	275	KR1a0145_WYG_045-18a
024.md	283	KR1a0145_WYG_045-18b
024.md	291	KR1a0145_WYG_045-19a
024.md	299	KR1a0145_WYG_045-19b
024.md	307	KR1a0145_WYG_045-20a
024.md	315	KR1a0145_WYG_045-20b
024.md	323	KR1a0145_WYG_045-21a
024.md	331	KR1a0145_WYG_045-21b
024.md	339	KR1a0145_WYG_045-22a
024.md	347	KR1a0145_WYG_045-22b
024.md	355	KR1a0145_WYG_045-23a
024.md	363	KR1a0145_WYG_045-23b
024.md	371	KR1a0145_WYG_045-24a
024.md	379	KR1a0145_WYG_045-24b
024.md	387	KR1a0145_WYG_045-25a
024.md	395	KR1a0145_WYG_045-25b
024.md	403	KR1a0145_WYG_045-26a
024.md	411	KR1a0145_WYG_045-26b
024.md	419	KR1a0145_WYG_045-27a
024.md	427	KR1a0145_WYG_045-27b
024.md	435	KR1a0145_WYG_045-28a
024.md	443	KR1a0145_WYG_045-28b
024.md	451	KR1a0145_WYG_045-29a
024.md	459	KR1a0145_WYG_045-29b
024.md	467	KR1a0145_WYG_045-30a
024.md	475	KR1a0145_WYG_045-30b
024.md	483	KR1a0145_WYG_045-31a
024.md	491	KR1a0145_WYG_045-31b
024.md	499	KR1a0145_WYG_045-32a
024.md	507	KR1a0145_WYG_045-32b
024.md	515	KR1a0145_WYG_045-33a
024.md	523	KR1a0145_WYG_045-33b
024.md	531	KR1a0145_WYG_045-34a
024.md	539	KR1a0145_WYG_045-34b
024.md	547	KR1a0145_WYG_045-35a
024.md	555	KR1a0145_WYG_045-35b
024.md	563	KR1a0145_WYG_045-36a
024.md	571	KR1a0145_WYG_045-36b
024.md	579	KR1a0145_WYG_045-37a
024.md	587	KR1a0145_WYG_045-37b
024.md	595	KR1a0145_WYG_045-38a
024.md	603	KR1a0145_WYG_045-38b
025.md	3	KR1a0145_WYG_012-1a
025.md	11	KR1a0145_WYG_012-1b
025.md	19	KR1a0145_WYG_012-2a
025.md	27	KR1a0145_WYG_012-2b
025.md	35	KR1a0145_WYG_012-3a
025.md	43	KR1a0145_WYG_012-3b
025.md	51	KR1a0145_WYG_012-4a
025.md	59	KR1a0145_WYG_012-4b
025.md	67	KR1a0145_WYG_012-5a
025.md	75	KR1a0145_WYG_012-5b
025.md	83	KR1a0145_WYG_012-6a
025.md	91	KR1a0145_WYG_012-6b
025.md	99	KR1a0145_WYG_012-7a
025.md	104	KR1a0145_WYG_012-7b
025.md	109	KR1a0145_WYG_012-8a
025.md	114	KR1a0145_WYG_012-8b
025.md	121	KR1a0145_WYG_012-9a
025.md	128	KR1a0145_WYG_012-9b
025.md	133	KR1a0145_WYG_012-10a
025.md	140	KR1a0145_WYG_012-10b
025.md	148	KR1a0145_WYG_012-11a
025.md	155	KR1a0145_WYG_012-11b
025.md	161	KR1a0145_WYG_012-12a
025.md	162	KR1a0145_WYG_012-12b
025.md	170	KR1a0145_WYG_012-13a
025.md	178	KR1a0145_WYG_012-13b
025.md	186	KR1a0145_WYG_012-14a
025.md	194	KR1a0145_WYG_012-14b
025.md	202	KR1a0145_WYG_012-15a
025.md	210	KR1a0145_WYG_012-15b
025.md	218	KR1a0145_WYG_012-16a
025.md	226	KR1a0145_WYG_012-16b
025.md	234	KR1a0145_WYG_012-17a
025.md	242	KR1a0145_WYG_012-17b
025.md	250	KR1a0145_WYG_012-18a
025.md	252	KR1a0145_WYG_012-18b
025.md	257	KR1a0145_WYG_012-19a
025.md	258	KR1a0145_WYG_012-19b
025.md	259	KR1a0145_WYG_012-20a
025.md	260	KR1a0145_WYG_012-20b
025.md	261	KR1a0145_WYG_012-21a
025.md	268	KR1a0145_WYG_012-21b
025.md	276	KR1a0145_WYG_012-22a
025.md	284	KR1a0145_WYG_012-22b
025.md	292	KR1a0145_WYG_012-23a
025.md	293	KR1a0145_WYG_012-23b
025.md	294	KR1a0145_WYG_012-24a
025.md	297	KR1a0145_WYG_012-24b
025.md	305	KR1a0145_WYG_012-25a
025.md	311	KR1a0145_WYG_012-25b
025.md	312	KR1a0145_WYG_012-26a
025.md	320	KR1a0145_WYG_012-26b
025.md	328	KR1a0145_WYG_012-27a
025.md	336	KR1a0145_WYG_012-27b
025.md	344	KR1a0145_WYG_012-28a
025.md	352	KR1a0145_WYG_012-28b
025.md	360	KR1a0145_WYG_012-29a
025.md	368	KR1a0145_WYG_012-29b
025.md	376	KR1a0145_WYG_012-30a
025.md	378	KR1a0145_WYG_012-30b
025.md	380	KR1a0145_WYG_012-31a
025.md	381	KR1a0145_WYG_012-31b
025.md	387	KR1a0145_WYG_012-32a
025.md	395	KR1a0145_WYG_012-32b
025.md	403	KR1a0145_WYG_012-33a
025.md	407	KR1a0145_WYG_012-33b
025.md	412	KR1a0145_WYG_012-34a
025.md	413	KR1a0145_WYG_012-34b
025.md	421	KR1a0145_WYG_012-35a
025.md	429	KR1a0145_WYG_012-35b
025.md	437	KR1a0145_WYG_012-36a
025.md	445	KR1a0145_WYG_012-36b
025.md	453	KR1a0145_WYG_012-37a
025.md	461	KR1a0145_WYG_012-37b
025.md	469	KR1a0145_WYG_012-38a
025.md	477	KR1a0145_WYG_012-38b
025.md	485	KR1a0145_WYG_012-39a
025.md	489	KR1a0145_WYG_012-39b
025.md	494	KR1a0145_WYG_012-40a
025.md	502	KR1a0145_WYG_012-40b
025.md	510	KR1a0145_WYG_012-41a
025.md	511	KR1a0145_WYG_012-41b
025.md	516	KR1a0145_WYG_012-42a
025.md	522	KR1a0145_WYG_012-42b
025.md	527	KR1a0145_WYG_012-43a
025.md	534	KR1a0145_WYG_012-43b
025.md	542	KR1a0145_WYG_012-44a
025.md	550	KR1a0145_WYG_012-44b
025.md	558	KR1a0145_WYG_012-45a
025.md	566	KR1a0145_WYG_012-45b
025.md	573	KR1a0145_WYG_012-46a
025.md	581	KR1a0145_WYG_012-46b
025.md	589	KR1a0145_WYG_012-47a
025.md	597	KR1a0145_WYG_012-47b
025.md	605	KR1a0145_WYG_012-48a
025.md	613	KR1a0145_WYG_012-48b
025.md	621	KR1a0145_WYG_012-49a
025.md	629	KR1a0145_WYG_012-49b
025.md	637	KR1a0145_WYG_012-50a
025.md	645	KR1a0145_WYG_012-50b
025.md	653	KR1a0145_WYG_012-51a
025.md	661	KR1a0145_WYG_012-51b
025.md	669	KR1a0145_WYG_012-52a
025.md	674	KR1a0145_WYG_012-52b
026.md	3	KR1a0145_WYG_028-1a
026.md	9	KR1a0145_WYG_028-1b
026.md	11	KR1a0145_WYG_028-2a
026.md	12	KR1a0145_WYG_028-2b
026.md	15	KR1a0145_WYG_028-3a
026.md	17	KR1a0145_WYG_028-3b
026.md	18	KR1a0145_WYG_028-4a
026.md	19	KR1a0145_WYG_028-4b
026.md	23	KR1a0145_WYG_028-5a
026.md	25	KR1a0145_WYG_028-5b
026.md	28	KR1a0145_WYG_028-6a
026.md	32	KR1a0145_WYG_028-6b
026.md	35	KR1a0145_WYG_028-7a
026.md	36	KR1a0145_WYG_028-7b
026.md	40	KR1a0145_WYG_028-8a
026.md	43	KR1a0145_WYG_028-8b
026.md	45	KR1a0145_WYG_028-9a
026.md	50	KR1a0145_WYG_028-9b
026.md	53	KR1a0145_WYG_028-10a
026.md	58	KR1a0145_WYG_028-10b
026.md	63	KR1a0145_WYG_028-11a
026.md	64	KR1a0145_WYG_028-11b
026.md	67	KR1a0145_WYG_028-12a
026.md	70	KR1a0145_WYG_028-12b
026.md	72	KR1a0145_WYG_028-13a
026.md	75	KR1a0145_WYG_028-13b
026.md	78	KR1a0145_WYG_028-14a
026.md	81	KR1a0145_WYG_028-14b
026.md	84	KR1a0145_WYG_028-15a
026.md	86	KR1a0145_WYG_028-15b
026.md	89	KR1a0145_WYG_028-16a
026.md	91	KR1a0145_WYG_028-16b
026.md	93	KR1a0145_WYG_028-17a
026.md	96	KR1a0145_WYG_028-17b
026.md	99	KR1a0145_WYG_028-18a
026.md	104	KR1a0145_WYG_028-18b
026.md	105	KR1a0145_WYG_028-19a
026.md	106	KR1a0145_WYG_028-19b
026.md	109	KR1a0145_WYG_028-20a
026.md	111	KR1a0145_WYG_028-20b
026.md	112	KR1a0145_WYG_028-21a
026.md	113	KR1a0145_WYG_028-21b
026.md	114	KR1a0145_WYG_028-22a
026.md	117	KR1a0145_WYG_028-22b
026.md	120	KR1a0145_WYG_028-23a
026.md	125	KR1a0145_WYG_028-23b
026.md	128	KR1a0145_WYG_028-24a
026.md	131	KR1a0145_WYG_028-24b
026.md	133	KR1a0145_WYG_028-25a
026.md	137	KR1a0145_WYG_028-25b
026.md	138	KR1a0145_WYG_028-26a
026.md	139	KR1a0145_WYG_028-26b
026.md	145	KR1a0145_WYG_028-27a
026.md	146	KR1a0145_WYG_028-27b
026.md	151	KR1a0145_WYG_028-28a
026.md	157	KR1a0145_WYG_028-28b
026.md	162	KR1a0145_WYG_028-29a
026.md	163	KR1a0145_WYG_028-29b
026.md	166	KR1a0145_WYG_028-30a
026.md	171	KR1a0145_WYG_028-30b
026.md	172	KR1a0145_WYG_028-31a
026.md	173	KR1a0145_WYG_028-31b
026.md	174	KR1a0145_WYG_028-32a
026.md	179	KR1a0145_WYG_028-32b
026.md	182	KR1a0145_WYG_028-33a
026.md	184	KR1a0145_WYG_028-33b
026.md	188	KR1a0145_WYG_028-34a
026.md	193	KR1a0145_WYG_028-34b
026.md	195	KR1a0145_WYG_028-35a
026.md	196	KR1a0145_WYG_028-35b
026.md	201	KR1a0145_WYG_028-36a
026.md	206	KR1a0145_WYG_028-36b
026.md	207	KR1a0145_WYG_028-37a
026.md	212	KR1a0145_WYG_028-37b
026.md	213	KR1a0145_WYG_028-38a
026.md	214	KR1a0145_WYG_028-38b
026.md	215	KR1a0145_WYG_028-39a
026.md	218	KR1a0145_WYG_028-39b
026.md	219	KR1a0145_WYG_028-40a
026.md	223	KR1a0145_WYG_028-40b
026.md	225	KR1a0145_WYG_028-41a
026.md	228	KR1a0145_WYG_028-41b
026.md	231	KR1a0145_WYG_028-42a
026.md	234	KR1a0145_WYG_028-42b
026.md	239	KR1a0145_WYG_028-43a
026.md	244	KR1a0145_WYG_028-43b
026.md	247	KR1a0145_WYG_028-44a
026.md	250	KR1a0145_WYG_028-44b
026.md	253	KR1a0145_WYG_028-45a
026.md	258	KR1a0145_WYG_028-45b
026.md	259	KR1a0145_WYG_028-46a
026.md	263	KR1a0145_WYG_028-46b
026.md	264	KR1a0145_WYG_028-47a
026.md	270	KR1a0145_WYG_028-47b
026.md	275	KR1a0145_WYG_028-48a
026.md	280	KR1a0145_WYG_028-48b
026.md	285	KR1a0145_WYG_028-49a
026.md	286	KR1a0145_WYG_028-49b
026.md	290	KR1a0145_WYG_028-50a
026.md	294	KR1a0145_WYG_028-50b
026.md	297	KR1a0145_WYG_028-51a
026.md	299	KR1a0145_WYG_028-51b
027.md	3	KR1a0145_WYG_046-1a
027.md	11	KR1a0145_WYG_046-1b
027.md	19	KR1a0145_WYG_046-2a
027.md	27	KR1a0145_WYG_046-2b
027.md	35	KR1a0145_WYG_046-3a
027.md	43	KR1a0145_WYG_046-3b
027.md	51	KR1a0145_WYG_046-4a
027.md	59	KR1a0145_WYG_046-4b
027.md	67	KR1a0145_WYG_046-5a
027.md	75	KR1a0145_WYG_046-5b
027.md	83	KR1a0145_WYG_046-6a
027.md	91	KR1a0145_WYG_046-6b
027.md	99	KR1a0145_WYG_046-7a
027.md	107	KR1a0145_WYG_046-7b
027.md	115	KR1a0145_WYG_046-8a
027.md	123	KR1a0145_WYG_046-8b
027.md	131	KR1a0145_WYG_046-9a
027.md	139	KR1a0145_WYG_046-9b
027.md	147	KR1a0145_WYG_046-10a
027.md	155	KR1a0145_WYG_046-10b
027.md	163	KR1a0145_WYG_046-11a
027.md	171	KR1a0145_WYG_046-11b
027.md	179	KR1a0145_WYG_046-12a
027.md	187	KR1a0145_WYG_046-12b
027.md	195	KR1a0145_WYG_046-13a
027.md	203	KR1a0145_WYG_046-13b
027.md	211	KR1a0145_WYG_046-14a
027.md	219	KR1a0145_WYG_046-14b
027.md	227	KR1a0145_WYG_046-15a
027.md	235	KR1a0145_WYG_046-15b
027.md	243	KR1a0145_WYG_046-16a
027.md	251	KR1a0145_WYG_046-16b
027.md	259	KR1a0145_WYG_046-17a
027.md	267	KR1a0145_WYG_046-17b
027.md	275	KR1a0145_WYG_046-18a
027.md	283	KR1a0145_WYG_046-18b
027.md	291	KR1a0145_WYG_046-19a
027.md	299	KR1a0145_WYG_046-19b
027.md	307	KR1a0145_WYG_046-20a
027.md	315	KR1a0145_WYG_046-20b
027.md	323	KR1a0145_WYG_046-21a
027.md	331	KR1a0145_WYG_046-21b
027.md	339	KR1a0145_WYG_046-22a
027.md	347	KR1a0145_WYG_046-22b
027.md	355	KR1a0145_WYG_046-23a
027.md	363	KR1a0145_WYG_046-23b
027.md	371	KR1a0145_WYG_046-24a
027.md	379	KR1a0145_WYG_046-24b
027.md	387	KR1a0145_WYG_046-25a
027.md	395	KR1a0145_WYG_046-25b
027.md	403	KR1a0145_WYG_046-26a
027.md	411	KR1a0145_WYG_046-26b
027.md	419	KR1a0145_WYG_046-27a
027.md	427	KR1a0145_WYG_046-27b
027.md	435	KR1a0145_WYG_046-28a
027.md	443	KR1a0145_WYG_046-28b
027.md	451	KR1a0145_WYG_046-29a
027.md	459	KR1a0145_WYG_046-29b
027.md	467	KR1a0145_WYG_046-30a
027.md	475	KR1a0145_WYG_046-30b
027.md	483	KR1a0145_WYG_046-31a
027.md	491	KR1a0145_WYG_046-31b
027.md	499	KR1a0145_WYG_046-32a
027.md	507	KR1a0145_WYG_046-32b
028.md	3	KR1a0145_WYG_013-1a
028.md	7	KR1a0145_WYG_013-1b
028.md	8	KR1a0145_WYG_013-2a
028.md	15	KR1a0145_WYG_013-2b
028.md	21	KR1a0145_WYG_013-3a
028.md	25	KR1a0145_WYG_013-3b
028.md	33	KR1a0145_WYG_013-4a
028.md	41	KR1a0145_WYG_013-4b
028.md	49	KR1a0145_WYG_013-5a
028.md	51	KR1a0145_WYG_013-5b
028.md	52	KR1a0145_WYG_013-6a
028.md	53	KR1a0145_WYG_013-6b
028.md	54	KR1a0145_WYG_013-7a
028.md	62	KR1a0145_WYG_013-7b
028.md	70	KR1a0145_WYG_013-8a
028.md	78	KR1a0145_WYG_013-8b
028.md	82	KR1a0145_WYG_013-9a
028.md	89	KR1a0145_WYG_013-9b
028.md	90	KR1a0145_WYG_013-10a
028.md	98	KR1a0145_WYG_013-10b
028.md	105	KR1a0145_WYG_013-11a
028.md	107	KR1a0145_WYG_013-11b
028.md	113	KR1a0145_WYG_013-12a
028.md	114	KR1a0145_WYG_013-12b
028.md	119	KR1a0145_WYG_013-13a
028.md	123	KR1a0145_WYG_013-13b
028.md	124	KR1a0145_WYG_013-14a
028.md	127	KR1a0145_WYG_013-14b
028.md	128	KR1a0145_WYG_013-15a
028.md	131	KR1a0145_WYG_013-15b
028.md	132	KR1a0145_WYG_013-16a
028.md	133	KR1a0145_WYG_013-16b
028.md	141	KR1a0145_WYG_013-17a
028.md	148	KR1a0145_WYG_013-17b
028.md	156	KR1a0145_WYG_013-18a
028.md	164	KR1a0145_WYG_013-18b
028.md	172	KR1a0145_WYG_013-19a
028.md	174	KR1a0145_WYG_013-19b
028.md	176	KR1a0145_WYG_013-20a
028.md	184	KR1a0145_WYG_013-20b
028.md	192	KR1a0145_WYG_013-21a
028.md	198	KR1a0145_WYG_013-21b
028.md	206	KR1a0145_WYG_013-22a
028.md	214	KR1a0145_WYG_013-22b
028.md	219	KR1a0145_WYG_013-23a
028.md	227	KR1a0145_WYG_013-23b
028.md	234	KR1a0145_WYG_013-24a
028.md	242	KR1a0145_WYG_013-24b
028.md	248	KR1a0145_WYG_013-25a
028.md	256	KR1a0145_WYG_013-25b
028.md	257	KR1a0145_WYG_013-26a
028.md	264	KR1a0145_WYG_013-26b
028.md	272	KR1a0145_WYG_013-27a
028.md	280	KR1a0145_WYG_013-27b
028.md	288	KR1a0145_WYG_013-28a
028.md	296	KR1a0145_WYG_013-28b
028.md	304	KR1a0145_WYG_013-29a
028.md	312	KR1a0145_WYG_013-29b
028.md	320	KR1a0145_WYG_013-30a
028.md	328	KR1a0145_WYG_013-30b
028.md	334	KR1a0145_WYG_013-31a
028.md	337	KR1a0145_WYG_013-31b
028.md	340	KR1a0145_WYG_013-32a
028.md	343	KR1a0145_WYG_013-32b
028.md	344	KR1a0145_WYG_013-33a
028.md	345	KR1a0145_WYG_013-33b
028.md	346	KR1a0145_WYG_013-34a
028.md	348	KR1a0145_WYG_013-34b
028.md	352	KR1a0145_WYG_013-35a
028.md	358	KR1a0145_WYG_013-35b
028.md	366	KR1a0145_WYG_013-36a
028.md	374	KR1a0145_WYG_013-36b
028.md	382	KR1a0145_WYG_013-37a
028.md	390	KR1a0145_WYG_013-37b
028.md	398	KR1a0145_WYG_013-38a
028.md	406	KR1a0145_WYG_013-38b
028.md	407	KR1a0145_WYG_013-39a
028.md	408	KR1a0145_WYG_013-39b
028.md	409	KR1a0145_WYG_013-40a
028.md	410	KR1a0145_WYG_013-40b
028.md	411	KR1a0145_WYG_013-41a
028.md	412	KR1a0145_WYG_013-41b
028.md	419	KR1a0145_WYG_013-42a
028.md	426	KR1a0145_WYG_013-42b
028.md	429	KR1a0145_WYG_013-43a
028.md	431	KR1a0145_WYG_013-43b
028.md	437	KR1a0145_WYG_013-44a
028.md	441	KR1a0145_WYG_013-44b
029.md	3	KR1a0145_WYG_029-1a
029.md	9	KR1a0145_WYG_029-1b
029.md	10	KR1a0145_WYG_029-2a
029.md	11	KR1a0145_WYG_029-2b
029.md	16	KR1a0145_WYG_029-3a
029.md	19	KR1a0145_WYG_029-3b
029.md	22	KR1a0145_WYG_029-4a
029.md	28	KR1a0145_WYG_029-4b
029.md	29	KR1a0145_WYG_029-5a
029.md	30	KR1a0145_WYG_029-5b
029.md	35	KR1a0145_WYG_029-6a
029.md	36	KR1a0145_WYG_029-6b
029.md	40	KR1a0145_WYG_029-7a
029.md	43	KR1a0145_WYG_029-7b
029.md	46	KR1a0145_WYG_029-8a
029.md	48	KR1a0145_WYG_029-8b
029.md	53	KR1a0145_WYG_029-9a
029.md	56	KR1a0145_WYG_029-9b
029.md	59	KR1a0145_WYG_029-10a
029.md	63	KR1a0145_WYG_029-10b
029.md	64	KR1a0145_WYG_029-11a
029.md	65	KR1a0145_WYG_029-11b
029.md	68	KR1a0145_WYG_029-12a
029.md	71	KR1a0145_WYG_029-12b
029.md	72	KR1a0145_WYG_029-13a
029.md	73	KR1a0145_WYG_029-13b
029.md	75	KR1a0145_WYG_029-14a
029.md	78	KR1a0145_WYG_029-14b
029.md	82	KR1a0145_WYG_029-15a
029.md	84	KR1a0145_WYG_029-15b
029.md	88	KR1a0145_WYG_029-16a
029.md	91	KR1a0145_WYG_029-16b
029.md	95	KR1a0145_WYG_029-17a
029.md	100	KR1a0145_WYG_029-17b
029.md	102	KR1a0145_WYG_029-18a
029.md	106	KR1a0145_WYG_029-18b
029.md	109	KR1a0145_WYG_029-19a
029.md	110	KR1a0145_WYG_029-19b
029.md	111	KR1a0145_WYG_029-20a
029.md	112	KR1a0145_WYG_029-20b
029.md	118	KR1a0145_WYG_029-21a
029.md	119	KR1a0145_WYG_029-21b
029.md	120	KR1a0145_WYG_029-22a
029.md	123	KR1a0145_WYG_029-22b
029.md	126	KR1a0145_WYG_029-23a
029.md	129	KR1a0145_WYG_029-23b
029.md	132	KR1a0145_WYG_029-24a
029.md	137	KR1a0145_WYG_029-24b
029.md	142	KR1a0145_WYG_029-25a
029.md	146	KR1a0145_WYG_029-25b
029.md	147	KR1a0145_WYG_029-26a
029.md	152	KR1a0145_WYG_029-26b
029.md	153	KR1a0145_WYG_029-27a
029.md	158	KR1a0145_WYG_029-27b
029.md	161	KR1a0145_WYG_029-28a
029.md	167	KR1a0145_WYG_029-28b
029.md	168	KR1a0145_WYG_029-29a
029.md	171	KR1a0145_WYG_029-29b
029.md	174	KR1a0145_WYG_029-30a
029.md	175	KR1a0145_WYG_029-30b
029.md	179	KR1a0145_WYG_029-31a
029.md	180	KR1a0145_WYG_029-31b
029.md	184	KR1a0145_WYG_029-32a
029.md	185	KR1a0145_WYG_029-32b
029.md	190	KR1a0145_WYG_029-33a
029.md	193	KR1a0145_WYG_029-33b
029.md	196	KR1a0145_WYG_029-34a
029.md	200	KR1a0145_WYG_029-34b
029.md	202	KR1a0145_WYG_029-35a
029.md	206	KR1a0145_WYG_029-35b
029.md	208	KR1a0145_WYG_029-36a
029.md	209	KR1a0145_WYG_029-36b
029.md	214	KR1a0145_WYG_029-37a
029.md	215	KR1a0145_WYG_029-37b
029.md	217	KR1a0145_WYG_029-38a
029.md	220	KR1a0145_WYG_029-38b
029.md	226	KR1a0145_WYG_029-39a
029.md	227	KR1a0145_WYG_029-39b
029.md	228	KR1a0145_WYG_029-40a
029.md	233	KR1a0145_WYG_029-40b
029.md	234	KR1a0145_WYG_029-41a
029.md	238	KR1a0145_WYG_029-41b
029.md	242	KR1a0145_WYG_029-42a
029.md	245	KR1a0145_WYG_029-42b
029.md	248	KR1a0145_WYG_029-43a
029.md	249	KR1a0145_WYG_029-43b
029.md	253	KR1a0145_WYG_029-44a
029.md	255	KR1a0145_WYG_029-44b
029.md	256	KR1a0145_WYG_029-45a
029.md	257	KR1a0145_WYG_029-45b
029.md	258	KR1a0145_WYG_029-46a
029.md	262	KR1a0145_WYG_029-46b
029.md	263	KR1a0145_WYG_029-47a
029.md	266	KR1a0145_WYG_029-47b
029.md	271	KR1a0145_WYG_029-48a
029.md	273	KR1a0145_WYG_029-48b
029.md	277	KR1a0145_WYG_029-49a
029.md	279	KR1a0145_WYG_029-49b
029.md	284	KR1a0145_WYG_029-50a
029.md	287	KR1a0145_WYG_029-50b
029.md	292	KR1a0145_WYG_029-51a
029.md	296	KR1a0145_WYG_029-51b
030.md	3	KR1a0145_WYG_047-1a
030.md	11	KR1a0145_WYG_047-1b
030.md	19	KR1a0145_WYG_047-2a
030.md	27	KR1a0145_WYG_047-2b
030.md	35	KR1a0145_WYG_047-3a
030.md	43	KR1a0145_WYG_047-3b
030.md	51	KR1a0145_WYG_047-4a
030.md	59	KR1a0145_WYG_047-4b
030.md	67	KR1a0145_WYG_047-5a
030.md	75	KR1a0145_WYG_047-5b
030.md	83	KR1a0145_WYG_047-6a
030.md	91	KR1a0145_WYG_047-6b
030.md	99	KR1a0145_WYG_047-7a
030.md	107	KR1a0145_WYG_047-7b
030.md	115	KR1a0145_WYG_047-8a
030.md	123	KR1a0145_WYG_047-8b
030.md	131	KR1a0145_WYG_047-9a
030.md	139	KR1a0145_WYG_047-9b
030.md	147	KR1a0145_WYG_047-10a
030.md	155	KR1a0145_WYG_047-10b
030.md	163	KR1a0145_WYG_047-11a
030.md	171	KR1a0145_WYG_047-11b
030.md	179	KR1a0145_WYG_047-12a
030.md	187	KR1a0145_WYG_047-12b
030.md	195	KR1a0145_WYG_047-13a
030.md	203	KR1a0145_WYG_047-13b
030.md	211	KR1a0145_WYG_047-14a
030.md	219	KR1a0145_WYG_047-14b
030.md	227	KR1a0145_WYG_047-15a
030.md	235	KR1a0145_WYG_047-15b
030.md	243	KR1a0145_WYG_047-16a
030.md	251	KR1a0145_WYG_047-16b
030.md	259	KR1a0145_WYG_047-17a
030.md	267	KR1a0145_WYG_047-17b
030.md	275	KR1a0145_WYG_047-18a
030.md	283	KR1a0145_WYG_047-18b
030.md	291	KR1a0145_WYG_047-19a
030.md	299	KR1a0145_WYG_047-19b
030.md	307	KR1a0145_WYG_047-20a
030.md	315	KR1a0145_WYG_047-20b
030.md	323	KR1a0145_WYG_047-21a
030.md	331	KR1a0145_WYG_047-21b
030.md	339	KR1a0145_WYG_047-22a
030.md	347	KR1a0145_WYG_047-22b
030.md	355	KR1a0145_WYG_047-23a
030.md	363	KR1a0145_WYG_047-23b
030.md	371	KR1a0145_WYG_047-24a
030.md	379	KR1a0145_WYG_047-24b
030.md	387	KR1a0145_WYG_047-25a
030.md	395	KR1a0145_WYG_047-25b
030.md	403	KR1a0145_WYG_047-26a
030.md	411	KR1a0145_WYG_047-26b
030.md	419	KR1a0145_WYG_047-27a
030.md	427	KR1a0145_WYG_047-27b
030.md	435	KR1a0145_WYG_047-28a
030.md	443	KR1a0145_WYG_047-28b
030.md	451	KR1a0145_WYG_047-29a
030.md	459	KR1a0145_WYG_047-29b
030.md	467	KR1a0145_WYG_047-30a
030.md	475	KR1a0145_WYG_047-30b
030.md	483	KR1a0145_WYG_047-31a
030.md	491	KR1a0145_WYG_047-31b
030.md	499	KR1a0145_WYG_047-32a
030.md	507	KR1a0145_WYG_047-32b
030.md	515	KR1a0145_WYG_047-33a
030.md	523	KR1a0145_WYG_047-33b
030.md	531	KR1a0145_WYG_047-34a
030.md	539	KR1a0145_WYG_047-34b
030.md	547	KR1a0145_WYG_047-35a
030.md	555	KR1a0145_WYG_047-35b
030.md	563	KR1a0145_WYG_047-36a
030.md	571	KR1a0145_WYG_047-36b
030.md	579	KR1a0145_WYG_047-37a
030.md	587	KR1a0145_WYG_047-37b
030.md	595	KR1a0145_WYG_047-38a
030.md	603	KR1a0145_WYG_047-38b
030.md	611	KR1a0145_WYG_047-39a
030.md	619	KR1a0145_WYG_047-39b
030.md	627	KR1a0145_WYG_047-40a
030.md	635	KR1a0145_WYG_047-40b
030.md	643	KR1a0145_WYG_047-41a
030.md	651	KR1a0145_WYG_047-41b
030.md	659	KR1a0145_WYG_047-42a
030.md	667	KR1a0145_WYG_047-42b
030.md	675	KR1a0145_WYG_047-43a
030.md	683	KR1a0145_WYG_047-43b
030.md	691	KR1a0145_WYG_047-44a
030.md	699	KR1a0145_WYG_047-44b
030.md	707	KR1a0145_WYG_047-45a
030.md	711	KR1a0145_WYG_047-45b
031.md	3	KR1a0145_WYG_014-1a
031.md	11	KR1a0145_WYG_014-1b
031.md	19	KR1a0145_WYG_014-2a
031.md	27	KR1a0145_WYG_014-2b
031.md	35	KR1a0145_WYG_014-3a
031.md	43	KR1a0145_WYG_014-3b
031.md	51	KR1a0145_WYG_014-4a
031.md	59	KR1a0145_WYG_014-4b
031.md	67	KR1a0145_WYG_014-5a
031.md	75	KR1a0145_WYG_014-5b
031.md	83	KR1a0145_WYG_014-6a
031.md	91	KR1a0145_WYG_014-6b
031.md	99	KR1a0145_WYG_014-7a
031.md	107	KR1a0145_WYG_014-7b
031.md	115	KR1a0145_WYG_014-8a
031.md	117	KR1a0145_WYG_014-8b
031.md	125	KR1a0145_WYG_014-9a
031.md	132	KR1a0145_WYG_014-9b
031.md	140	KR1a0145_WYG_014-10a
031.md	148	KR1a0145_WYG_014-10b
031.md	156	KR1a0145_WYG_014-11a
031.md	164	KR1a0145_WYG_014-11b
031.md	171	KR1a0145_WYG_014-12a
031.md	178	KR1a0145_WYG_014-12b
031.md	182	KR1a0145_WYG_014-13a
031.md	190	KR1a0145_WYG_014-13b
031.md	198	KR1a0145_WYG_014-14a
031.md	206	KR1a0145_WYG_014-14b
031.md	213	KR1a0145_WYG_014-15a
031.md	216	KR1a0145_WYG_014-15b
031.md	219	KR1a0145_WYG_014-16a
031.md	222	KR1a0145_WYG_014-16b
031.md	225	KR1a0145_WYG_014-17a
031.md	228	KR1a0145_WYG_014-17b
031.md	231	KR1a0145_WYG_014-18a
031.md	234	KR1a0145_WYG_014-18b
031.md	237	KR1a0145_WYG_014-19a
031.md	240	KR1a0145_WYG_014-19b
031.md	243	KR1a0145_WYG_014-20a
031.md	246	KR1a0145_WYG_014-20b
031.md	249	KR1a0145_WYG_014-21a
031.md	252	KR1a0145_WYG_014-21b
031.md	255	KR1a0145_WYG_014-22a
031.md	258	KR1a0145_WYG_014-22b
031.md	261	KR1a0145_WYG_014-23a
031.md	266	KR1a0145_WYG_014-23b
031.md	268	KR1a0145_WYG_014-24a
031.md	276	KR1a0145_WYG_014-24b
031.md	279	KR1a0145_WYG_014-25a
031.md	280	KR1a0145_WYG_014-25b
031.md	288	KR1a0145_WYG_014-26a
031.md	296	KR1a0145_WYG_014-26b
031.md	304	KR1a0145_WYG_014-27a
031.md	312	KR1a0145_WYG_014-27b
031.md	320	KR1a0145_WYG_014-28a
031.md	328	KR1a0145_WYG_014-28b
031.md	336	KR1a0145_WYG_014-29a
031.md	339	KR1a0145_WYG_014-29b
031.md	340	KR1a0145_WYG_014-30a
031.md	341	KR1a0145_WYG_014-30b
031.md	345	KR1a0145_WYG_014-31a
031.md	348	KR1a0145_WYG_014-31b
031.md	349	KR1a0145_WYG_014-32a
031.md	352	KR1a0145_WYG_014-32b
031.md	356	KR1a0145_WYG_014-33a
031.md	359	KR1a0145_WYG_014-33b
031.md	363	KR1a0145_WYG_014-34a
031.md	367	KR1a0145_WYG_014-34b
031.md	370	KR1a0145_WYG_014-35a
031.md	373	KR1a0145_WYG_014-35b
031.md	381	KR1a0145_WYG_014-36a
031.md	385	KR1a0145_WYG_014-36b
031.md	393	KR1a0145_WYG_014-37a
031.md	398	KR1a0145_WYG_014-37b
031.md	402	KR1a0145_WYG_014-38a
031.md	404	KR1a0145_WYG_014-38b
031.md	412	KR1a0145_WYG_014-39a
031.md	418	KR1a0145_WYG_014-39b
031.md	419	KR1a0145_WYG_014-40a
031.md	420	KR1a0145_WYG_014-40b
031.md	422	KR1a0145_WYG_014-41a
031.md	423	KR1a0145_WYG_014-41b
031.md	424	KR1a0145_WYG_014-42a
031.md	425	KR1a0145_WYG_014-42b
031.md	426	KR1a0145_WYG_014-43a
031.md	427	KR1a0145_WYG_014-43b
032.md	3	KR1a0145_WYG_030-1a
032.md	8	KR1a0145_WYG_030-1b
032.md	14	KR1a0145_WYG_030-2a
032.md	15	KR1a0145_WYG_030-2b
032.md	16	KR1a0145_WYG_030-3a
032.md	20	KR1a0145_WYG_030-3b
032.md	21	KR1a0145_WYG_030-4a
032.md	26	KR1a0145_WYG_030-4b
032.md	30	KR1a0145_WYG_030-5a
032.md	32	KR1a0145_WYG_030-5b
032.md	35	KR1a0145_WYG_030-6a
032.md	37	KR1a0145_WYG_030-6b
032.md	38	KR1a0145_WYG_030-7a
032.md	42	KR1a0145_WYG_030-7b
032.md	46	KR1a0145_WYG_030-8a
032.md	47	KR1a0145_WYG_030-8b
032.md	51	KR1a0145_WYG_030-9a
032.md	54	KR1a0145_WYG_030-9b
032.md	55	KR1a0145_WYG_030-10a
032.md	60	KR1a0145_WYG_030-10b
032.md	61	KR1a0145_WYG_030-11a
032.md	64	KR1a0145_WYG_030-11b
032.md	66	KR1a0145_WYG_030-12a
032.md	67	KR1a0145_WYG_030-12b
032.md	70	KR1a0145_WYG_030-13a
032.md	72	KR1a0145_WYG_030-13b
032.md	77	KR1a0145_WYG_030-14a
032.md	80	KR1a0145_WYG_030-14b
032.md	82	KR1a0145_WYG_030-15a
032.md	87	KR1a0145_WYG_030-15b
032.md	88	KR1a0145_WYG_030-16a
032.md	93	KR1a0145_WYG_030-16b
032.md	98	KR1a0145_WYG_030-17a
032.md	101	KR1a0145_WYG_030-17b
032.md	102	KR1a0145_WYG_030-18a
032.md	106	KR1a0145_WYG_030-18b
032.md	107	KR1a0145_WYG_030-19a
032.md	108	KR1a0145_WYG_030-19b
032.md	110	KR1a0145_WYG_030-20a
032.md	114	KR1a0145_WYG_030-20b
032.md	115	KR1a0145_WYG_030-21a
032.md	120	KR1a0145_WYG_030-21b
032.md	124	KR1a0145_WYG_030-22a
032.md	126	KR1a0145_WYG_030-22b
032.md	129	KR1a0145_WYG_030-23a
032.md	133	KR1a0145_WYG_030-23b
032.md	137	KR1a0145_WYG_030-24a
032.md	141	KR1a0145_WYG_030-24b
032.md	144	KR1a0145_WYG_030-25a
032.md	147	KR1a0145_WYG_030-25b
032.md	152	KR1a0145_WYG_030-26a
032.md	155	KR1a0145_WYG_030-26b
032.md	159	KR1a0145_WYG_030-27a
032.md	163	KR1a0145_WYG_030-27b
032.md	164	KR1a0145_WYG_030-28a
032.md	168	KR1a0145_WYG_030-28b
032.md	174	KR1a0145_WYG_030-29a
032.md	175	KR1a0145_WYG_030-29b
032.md	178	KR1a0145_WYG_030-30a
032.md	180	KR1a0145_WYG_030-30b
032.md	185	KR1a0145_WYG_030-31a
032.md	188	KR1a0145_WYG_030-31b
032.md	191	KR1a0145_WYG_030-32a
032.md	194	KR1a0145_WYG_030-32b
032.md	199	KR1a0145_WYG_030-33a
032.md	200	KR1a0145_WYG_030-33b
032.md	204	KR1a0145_WYG_030-34a
032.md	206	KR1a0145_WYG_030-34b
032.md	208	KR1a0145_WYG_030-35a
032.md	211	KR1a0145_WYG_030-35b
032.md	215	KR1a0145_WYG_030-36a
032.md	219	KR1a0145_WYG_030-36b
032.md	223	KR1a0145_WYG_030-37a
032.md	224	KR1a0145_WYG_030-37b
032.md	226	KR1a0145_WYG_030-38a
032.md	229	KR1a0145_WYG_030-38b
032.md	233	KR1a0145_WYG_030-39a
032.md	236	KR1a0145_WYG_030-39b
032.md	241	KR1a0145_WYG_030-40a
032.md	242	KR1a0145_WYG_030-40b
032.md	247	KR1a0145_WYG_030-41a
032.md	250	KR1a0145_WYG_030-41b
032.md	254	KR1a0145_WYG_030-42a
032.md	259	KR1a0145_WYG_030-42b
032.md	261	KR1a0145_WYG_030-43a
032.md	266	KR1a0145_WYG_030-43b
032.md	268	KR1a0145_WYG_030-44a
032.md	272	KR1a0145_WYG_030-44b
033.md	3	KR1a0145_WYG_048-1a
033.md	11	KR1a0145_WYG_048-1b
033.md	19	KR1a0145_WYG_048-2a
033.md	27	KR1a0145_WYG_048-2b
033.md	35	KR1a0145_WYG_048-3a
033.md	43	KR1a0145_WYG_048-3b
033.md	51	KR1a0145_WYG_048-4a
033.md	59	KR1a0145_WYG_048-4b
033.md	67	KR1a0145_WYG_048-5a
033.md	75	KR1a0145_WYG_048-5b
033.md	83	KR1a0145_WYG_048-6a
033.md	91	KR1a0145_WYG_048-6b
033.md	99	KR1a0145_WYG_048-7a
033.md	107	KR1a0145_WYG_048-7b
033.md	115	KR1a0145_WYG_048-8a
033.md	123	KR1a0145_WYG_048-8b
033.md	131	KR1a0145_WYG_048-9a
033.md	139	KR1a0145_WYG_048-9b
033.md	147	KR1a0145_WYG_048-10a
033.md	155	KR1a0145_WYG_048-10b
033.md	163	KR1a0145_WYG_048-11a
033.md	171	KR1a0145_WYG_048-11b
033.md	179	KR1a0145_WYG_048-12a
033.md	187	KR1a0145_WYG_048-12b
033.md	195	KR1a0145_WYG_048-13a
033.md	203	KR1a0145_WYG_048-13b
033.md	211	KR1a0145_WYG_048-14a
033.md	219	KR1a0145_WYG_048-14b
033.md	227	KR1a0145_WYG_048-15a
033.md	235	KR1a0145_WYG_048-15b
033.md	243	KR1a0145_WYG_048-16a
033.md	251	KR1a0145_WYG_048-16b
033.md	259	KR1a0145_WYG_048-17a
033.md	267	KR1a0145_WYG_048-17b
033.md	275	KR1a0145_WYG_048-18a
033.md	283	KR1a0145_WYG_048-18b
033.md	291	KR1a0145_WYG_048-19a
033.md	299	KR1a0145_WYG_048-19b
033.md	307	KR1a0145_WYG_048-20a
033.md	315	KR1a0145_WYG_048-20b
033.md	323	KR1a0145_WYG_048-21a
033.md	331	KR1a0145_WYG_048-21b
033.md	339	KR1a0145_WYG_048-22a
033.md	347	KR1a0145_WYG_048-22b
033.md	355	KR1a0145_WYG_048-23a
033.md	363	KR1a0145_WYG_048-23b
033.md	371	KR1a0145_WYG_048-24a
033.md	379	KR1a0145_WYG_048-24b
033.md	387	KR1a0145_WYG_048-25a
033.md	395	KR1a0145_WYG_048-25b
033.md	403	KR1a0145_WYG_048-26a
033.md	411	KR1a0145_WYG_048-26b
033.md	419	KR1a0145_WYG_048-27a
033.md	427	KR1a0145_WYG_048-27b
033.md	435	KR1a0145_WYG_048-28a
033.md	443	KR1a0145_WYG_048-28b
033.md	451	KR1a0145_WYG_048-29a
033.md	459	KR1a0145_WYG_048-29b
033.md	467	KR1a0145_WYG_048-30a
033.md	475	KR1a0145_WYG_048-30b
033.md	483	KR1a0145_WYG_048-31a
033.md	491	KR1a0145_WYG_048-31b
033.md	499	KR1a0145_WYG_048-32a
033.md	507	KR1a0145_WYG_048-32b
033.md	515	KR1a0145_WYG_048-33a
033.md	523	KR1a0145_WYG_048-33b
033.md	531	KR1a0145_WYG_048-34a
033.md	539	KR1a0145_WYG_048-34b
033.md	547	KR1a0145_WYG_048-35a
033.md	555	KR1a0145_WYG_048-35b
033.md	563	KR1a0145_WYG_048-36a
033.md	571	KR1a0145_WYG_048-36b
033.md	579	KR1a0145_WYG_048-37a
033.md	584	KR1a0145_WYG_048-37b
033.md	585	KR1a0145_WYG_048-38a
033.md	593	KR1a0145_WYG_048-38b
033.md	601	KR1a0145_WYG_048-39a
033.md	609	KR1a0145_WYG_048-39b
033.md	617	KR1a0145_WYG_048-40a
033.md	625	KR1a0145_WYG_048-40b
033.md	633	KR1a0145_WYG_048-41a
033.md	641	KR1a0145_WYG_048-41b
033.md	649	KR1a0145_WYG_048-42a
033.md	657	KR1a0145_WYG_048-42b
033.md	665	KR1a0145_WYG_048-43a
033.md	673	KR1a0145_WYG_048-43b
033.md	681	KR1a0145_WYG_048-44a
033.md	689	KR1a0145_WYG_048-44b
033.md	697	KR1a0145_WYG_048-45a
033.md	705	KR1a0145_WYG_048-45b
033.md	713	KR1a0145_WYG_048-46a
033.md	721	KR1a0145_WYG_048-46b
033.md	729	KR1a0145_WYG_048-47a
033.md	737	KR1a0145_WYG_048-47b
033.md	745	KR1a0145_WYG_048-48a
033.md	753	KR1a0145_WYG_048-48b
033.md	761	KR1a0145_WYG_048-49a
033.md	769	KR1a0145_WYG_048-49b
033.md	777	KR1a0145_WYG_048-50a
033.md	785	KR1a0145_WYG_048-50b
033.md	793	KR1a0145_WYG_048-51a
033.md	801	KR1a0145_WYG_048-51b
033.md	809	KR1a0145_WYG_048-52a
033.md	817	KR1a0145_WYG_048-52b
033.md	825	KR1a0145_WYG_048-53a
033.md	833	KR1a0145_WYG_048-53b
033.md	841	KR1a0145_WYG_048-54a
033.md	849	KR1a0145_WYG_048-54b
033.md	857	KR1a0145_WYG_048-55a
033.md	865	KR1a0145_WYG_048-55b
033.md	873	KR1a0145_WYG_048-56a
033.md	881	KR1a0145_WYG_048-56b
033.md	889	KR1a0145_WYG_048-57a
033.md	897	KR1a0145_WYG_048-57b
033.md	905	KR1a0145_WYG_048-58a
033.md	913	KR1a0145_WYG_048-58b
033.md	921	KR1a0145_WYG_048-59a
033.md	929	KR1a0145_WYG_048-59b
033.md	937	KR1a0145_WYG_048-60a
033.md	945	KR1a0145_WYG_048-60b
033.md	953	KR1a0145_WYG_048-61a
033.md	961	KR1a0145_WYG_048-61b
033.md	969	KR1a0145_WYG_048-62a
033.md	977	KR1a0145_WYG_048-62b
033.md	985	KR1a0145_WYG_048-63a
033.md	993	KR1a0145_WYG_048-63b
033.md	1001	KR1a0145_WYG_048-64a
033.md	1009	KR1a0145_WYG_048-64b
033.md	1017	KR1a0145_WYG_048-65a
033.md	1025	KR1a0145_WYG_048-65b
033.md	1033	KR1a0145_WYG_048-66a
033.md	1041	KR1a0145_WYG_048-66b
033.md	1049	KR1a0145_WYG_048-67a
033.md	1057	KR1a0145_WYG_048-67b
033.md	1065	KR1a0145_WYG_048-68a
033.md	1073	KR1a0145_WYG_048-68b
033.md	1081	KR1a0145_WYG_048-69a
033.md	1089	KR1a0145_WYG_048-69b
033.md	1097	KR1a0145_WYG_048-70a
033.md	1105	KR1a0145_WYG_048-70b
033.md	1113	KR1a0145_WYG_048-71a
033.md	1121	KR1a0145_WYG_048-71b
034.md	3	KR1a0145_WYG_015-1a
034.md	11	KR1a0145_WYG_015-1b
034.md	19	KR1a0145_WYG_015-2a
034.md	27	KR1a0145_WYG_015-2b
034.md	35	KR1a0145_WYG_015-3a
034.md	36	KR1a0145_WYG_015-3b
034.md	37	KR1a0145_WYG_015-4a
034.md	38	KR1a0145_WYG_015-4b
034.md	40	KR1a0145_WYG_015-5a
034.md	41	KR1a0145_WYG_015-5b
034.md	42	KR1a0145_WYG_015-6a
034.md	43	KR1a0145_WYG_015-6b
034.md	44	KR1a0145_WYG_015-7a
034.md	45	KR1a0145_WYG_015-7b
034.md	46	KR1a0145_WYG_015-8a
034.md	47	KR1a0145_WYG_015-8b
034.md	48	KR1a0145_WYG_015-9a
034.md	49	KR1a0145_WYG_015-9b
034.md	50	KR1a0145_WYG_015-10a
034.md	51	KR1a0145_WYG_015-10b
034.md	57	KR1a0145_WYG_015-11a
034.md	65	KR1a0145_WYG_015-11b
034.md	73	KR1a0145_WYG_015-12a
034.md	81	KR1a0145_WYG_015-12b
034.md	87	KR1a0145_WYG_015-13a
034.md	89	KR1a0145_WYG_015-14a
034.md	97	KR1a0145_WYG_015-14b
034.md	100	KR1a0145_WYG_015-15a
034.md	106	KR1a0145_WYG_015-15b
034.md	114	KR1a0145_WYG_015-16a
034.md	119	KR1a0145_WYG_015-16b
034.md	124	KR1a0145_WYG_015-17a
034.md	129	KR1a0145_WYG_015-17b
034.md	132	KR1a0145_WYG_015-18a
034.md	140	KR1a0145_WYG_015-18b
034.md	147	KR1a0145_WYG_015-19a
034.md	153	KR1a0145_WYG_015-19b
034.md	160	KR1a0145_WYG_015-20a
034.md	168	KR1a0145_WYG_015-20b
034.md	176	KR1a0145_WYG_015-21a
034.md	184	KR1a0145_WYG_015-21b
034.md	192	KR1a0145_WYG_015-22a
034.md	200	KR1a0145_WYG_015-22b
034.md	208	KR1a0145_WYG_015-23a
034.md	216	KR1a0145_WYG_015-23b
034.md	223	KR1a0145_WYG_015-24a
034.md	226	KR1a0145_WYG_015-24b
034.md	234	KR1a0145_WYG_015-25a
034.md	242	KR1a0145_WYG_015-25b
034.md	250	KR1a0145_WYG_015-26a
034.md	251	KR1a0145_WYG_015-26b
034.md	259	KR1a0145_WYG_015-27a
034.md	264	KR1a0145_WYG_015-27b
034.md	267	KR1a0145_WYG_015-28a
034.md	275	KR1a0145_WYG_015-28b
034.md	283	KR1a0145_WYG_015-29a
034.md	284	KR1a0145_WYG_015-29b
035.md	3	KR1a0145_WYG_031-1a
035.md	8	KR1a0145_WYG_031-1b
035.md	11	KR1a0145_WYG_031-2a
035.md	15	KR1a0145_WYG_031-2b
035.md	16	KR1a0145_WYG_031-3a
035.md	21	KR1a0145_WYG_031-3b
035.md	26	KR1a0145_WYG_031-4a
035.md	31	KR1a0145_WYG_031-4b
035.md	36	KR1a0145_WYG_031-5a
035.md	37	KR1a0145_WYG_031-5b
035.md	40	KR1a0145_WYG_031-6a
035.md	43	KR1a0145_WYG_031-6b
035.md	47	KR1a0145_WYG_031-7a
035.md	49	KR1a0145_WYG_031-7b
035.md	54	KR1a0145_WYG_031-8a
035.md	59	KR1a0145_WYG_031-8b
035.md	60	KR1a0145_WYG_031-9a
035.md	62	KR1a0145_WYG_031-9b
035.md	65	KR1a0145_WYG_031-10a
035.md	70	KR1a0145_WYG_031-10b
035.md	75	KR1a0145_WYG_031-11a
035.md	78	KR1a0145_WYG_031-11b
035.md	83	KR1a0145_WYG_031-12a
035.md	86	KR1a0145_WYG_031-12b
035.md	88	KR1a0145_WYG_031-13a
035.md	92	KR1a0145_WYG_031-13b
035.md	93	KR1a0145_WYG_031-14a
035.md	96	KR1a0145_WYG_031-14b
035.md	101	KR1a0145_WYG_031-15a
035.md	102	KR1a0145_WYG_031-15b
035.md	105	KR1a0145_WYG_031-16a
035.md	108	KR1a0145_WYG_031-16b
035.md	109	KR1a0145_WYG_031-17a
035.md	112	KR1a0145_WYG_031-17b
035.md	116	KR1a0145_WYG_031-18a
035.md	118	KR1a0145_WYG_031-18b
035.md	121	KR1a0145_WYG_031-19a
035.md	122	KR1a0145_WYG_031-19b
035.md	127	KR1a0145_WYG_031-20a
035.md	128	KR1a0145_WYG_031-20b
035.md	129	KR1a0145_WYG_031-21a
035.md	133	KR1a0145_WYG_031-21b
035.md	138	KR1a0145_WYG_031-22a
035.md	140	KR1a0145_WYG_031-22b
035.md	146	KR1a0145_WYG_031-23a
035.md	147	KR1a0145_WYG_031-23b
035.md	148	KR1a0145_WYG_031-24a
035.md	154	KR1a0145_WYG_031-24b
035.md	155	KR1a0145_WYG_031-25a
035.md	160	KR1a0145_WYG_031-25b
035.md	164	KR1a0145_WYG_031-26a
035.md	165	KR1a0145_WYG_031-26b
035.md	166	KR1a0145_WYG_031-27a
035.md	170	KR1a0145_WYG_031-27b
035.md	174	KR1a0145_WYG_031-28a
035.md	175	KR1a0145_WYG_031-28b
035.md	180	KR1a0145_WYG_031-29a
035.md	181	KR1a0145_WYG_031-29b
035.md	182	KR1a0145_WYG_031-30a
035.md	185	KR1a0145_WYG_031-30b
035.md	188	KR1a0145_WYG_031-31a
035.md	193	KR1a0145_WYG_031-31b
035.md	194	KR1a0145_WYG_031-32a
035.md	197	KR1a0145_WYG_031-32b
035.md	198	KR1a0145_WYG_031-33a
035.md	199	KR1a0145_WYG_031-33b
035.md	203	KR1a0145_WYG_031-34a
035.md	204	KR1a0145_WYG_031-34b
035.md	206	KR1a0145_WYG_031-35a
035.md	207	KR1a0145_WYG_031-35b
035.md	209	KR1a0145_WYG_031-36a
035.md	214	KR1a0145_WYG_031-36b
035.md	215	KR1a0145_WYG_031-37a
035.md	218	KR1a0145_WYG_031-37b
035.md	221	KR1a0145_WYG_031-38a
035.md	222	KR1a0145_WYG_031-38b
035.md	224	KR1a0145_WYG_031-39a
035.md	226	KR1a0145_WYG_031-39b
035.md	228	KR1a0145_WYG_031-40a
035.md	229	KR1a0145_WYG_031-40b
035.md	234	KR1a0145_WYG_031-41a
035.md	235	KR1a0145_WYG_031-41b
035.md	236	KR1a0145_WYG_031-42a
035.md	237	KR1a0145_WYG_031-42b
035.md	242	KR1a0145_WYG_031-43a
035.md	245	KR1a0145_WYG_031-43b
035.md	248	KR1a0145_WYG_031-44a
035.md	251	KR1a0145_WYG_031-44b
035.md	252	KR1a0145_WYG_031-45a
035.md	256	KR1a0145_WYG_031-45b
035.md	257	KR1a0145_WYG_031-46a
035.md	261	KR1a0145_WYG_031-46b
035.md	264	KR1a0145_WYG_031-47a
035.md	266	KR1a0145_WYG_031-47b
035.md	270	KR1a0145_WYG_031-48a
035.md	272	KR1a0145_WYG_031-48b
035.md	275	KR1a0145_WYG_031-49a
035.md	280	KR1a0145_WYG_031-49b
035.md	283	KR1a0145_WYG_031-50a
035.md	285	KR1a0145_WYG_031-50b
036.md	3	KR1a0145_WYG_016-1a
036.md	11	KR1a0145_WYG_016-1b
036.md	19	KR1a0145_WYG_016-2a
036.md	27	KR1a0145_WYG_016-2b
036.md	34	KR1a0145_WYG_016-3a
036.md	40	KR1a0145_WYG_016-3b
036.md	45	KR1a0145_WYG_016-4a
036.md	52	KR1a0145_WYG_016-4b
036.md	60	KR1a0145_WYG_016-5a
036.md	68	KR1a0145_WYG_016-5b
036.md	76	KR1a0145_WYG_016-6a
036.md	84	KR1a0145_WYG_016-6b
036.md	92	KR1a0145_WYG_016-7a
036.md	100	KR1a0145_WYG_016-7b
036.md	108	KR1a0145_WYG_016-8a
036.md	116	KR1a0145_WYG_016-8b
036.md	124	KR1a0145_WYG_016-9a
036.md	132	KR1a0145_WYG_016-9b
036.md	140	KR1a0145_WYG_016-10a
036.md	148	KR1a0145_WYG_016-10b
036.md	156	KR1a0145_WYG_016-11a
036.md	164	KR1a0145_WYG_016-11b
036.md	169	KR1a0145_WYG_016-12a
036.md	175	KR1a0145_WYG_016-12b
036.md	183	KR1a0145_WYG_016-13a
036.md	191	KR1a0145_WYG_016-13b
036.md	199	KR1a0145_WYG_016-14a
036.md	207	KR1a0145_WYG_016-14b
036.md	215	KR1a0145_WYG_016-15a
036.md	223	KR1a0145_WYG_016-15b
036.md	231	KR1a0145_WYG_016-16a
036.md	239	KR1a0145_WYG_016-16b
036.md	247	KR1a0145_WYG_016-17a
036.md	255	KR1a0145_WYG_016-17b
036.md	263	KR1a0145_WYG_016-18a
036.md	265	KR1a0145_WYG_016-18b
036.md	273	KR1a0145_WYG_016-19a
036.md	278	KR1a0145_WYG_016-19b
036.md	282	KR1a0145_WYG_016-20a
036.md	285	KR1a0145_WYG_016-20b
036.md	289	KR1a0145_WYG_016-21a
036.md	293	KR1a0145_WYG_016-21b
036.md	295	KR1a0145_WYG_016-22a
036.md	297	KR1a0145_WYG_016-22b
036.md	301	KR1a0145_WYG_016-23a
036.md	303	KR1a0145_WYG_016-23b
036.md	304	KR1a0145_WYG_016-24a
036.md	312	KR1a0145_WYG_016-24b
036.md	313	KR1a0145_WYG_016-25a
036.md	316	KR1a0145_WYG_016-25b
036.md	319	KR1a0145_WYG_016-26a
036.md	323	KR1a0145_WYG_016-26b
036.md	327	KR1a0145_WYG_016-27a
036.md	328	KR1a0145_WYG_016-27b
036.md	330	KR1a0145_WYG_016-28a
036.md	336	KR1a0145_WYG_016-28b
036.md	340	KR1a0145_WYG_016-29a
036.md	344	KR1a0145_WYG_016-29b
036.md	345	KR1a0145_WYG_016-30a
036.md	348	KR1a0145_WYG_016-30b
036.md	354	KR1a0145_WYG_016-31a
036.md	358	KR1a0145_WYG_016-31b
036.md	366	KR1a0145_WYG_016-32a
036.md	370	KR1a0145_WYG_016-32b
036.md	374	KR1a0145_WYG_016-33a
036.md	379	KR1a0145_WYG_016-33b
036.md	387	KR1a0145_WYG_016-34a
036.md	393	KR1a0145_WYG_016-34b
036.md	397	KR1a0145_WYG_016-35a
036.md	401	KR1a0145_WYG_016-35b
036.md	409	KR1a0145_WYG_016-36a
036.md	413	KR1a0145_WYG_016-36b
036.md	418	KR1a0145_WYG_016-37a
036.md	426	KR1a0145_WYG_016-37b
036.md	434	KR1a0145_WYG_016-38a
036.md	442	KR1a0145_WYG_016-38b
036.md	446	KR1a0145_WYG_016-39a
036.md	454	KR1a0145_WYG_016-39b
036.md	458	KR1a0145_WYG_016-40a
036.md	463	KR1a0145_WYG_016-40b
036.md	471	KR1a0145_WYG_016-41a
036.md	477	KR1a0145_WYG_016-41b
036.md	478	KR1a0145_WYG_016-42a
036.md	486	KR1a0145_WYG_016-42b
036.md	494	KR1a0145_WYG_016-43a
036.md	502	KR1a0145_WYG_016-43b
036.md	510	KR1a0145_WYG_016-44a
036.md	517	KR1a0145_WYG_016-44b
036.md	519	KR1a0145_WYG_016-45a
036.md	527	KR1a0145_WYG_016-45b
036.md	535	KR1a0145_WYG_016-46a
036.md	543	KR1a0145_WYG_016-46b
036.md	551	KR1a0145_WYG_016-47a
036.md	556	KR1a0145_WYG_016-47b
036.md	564	KR1a0145_WYG_016-48a
036.md	570	KR1a0145_WYG_016-48b
036.md	578	KR1a0145_WYG_016-49a
036.md	582	KR1a0145_WYG_016-49b
036.md	585	KR1a0145_WYG_016-50a
036.md	593	KR1a0145_WYG_016-50b
036.md	601	KR1a0145_WYG_016-51a
036.md	609	KR1a0145_WYG_016-51b
036.md	617	KR1a0145_WYG_016-52a
036.md	623	KR1a0145_WYG_016-52b
037.md	3	KR1a0145_WYG_032-1a
037.md	7	KR1a0145_WYG_032-1b
037.md	11	KR1a0145_WYG_032-2a
037.md	12	KR1a0145_WYG_032-2b
037.md	14	KR1a0145_WYG_032-3a
037.md	17	KR1a0145_WYG_032-3b
037.md	18	KR1a0145_WYG_032-4a
037.md	19	KR1a0145_WYG_032-4b
037.md	25	KR1a0145_WYG_032-5a
037.md	26	KR1a0145_WYG_032-5b
037.md	27	KR1a0145_WYG_032-6a
037.md	28	KR1a0145_WYG_032-6b
037.md	33	KR1a0145_WYG_032-7a
037.md	39	KR1a0145_WYG_032-7b
037.md	40	KR1a0145_WYG_032-8a
037.md	45	KR1a0145_WYG_032-8b
037.md	46	KR1a0145_WYG_032-9a
037.md	47	KR1a0145_WYG_032-9b
037.md	48	KR1a0145_WYG_032-10a
037.md	52	KR1a0145_WYG_032-10b
037.md	56	KR1a0145_WYG_032-11a
037.md	62	KR1a0145_WYG_032-11b
037.md	63	KR1a0145_WYG_032-12a
037.md	66	KR1a0145_WYG_032-12b
037.md	68	KR1a0145_WYG_032-13a
037.md	69	KR1a0145_WYG_032-13b
037.md	70	KR1a0145_WYG_032-14a
037.md	74	KR1a0145_WYG_032-14b
037.md	76	KR1a0145_WYG_032-15a
037.md	79	KR1a0145_WYG_032-15b
037.md	80	KR1a0145_WYG_032-16a
037.md	81	KR1a0145_WYG_032-16b
037.md	82	KR1a0145_WYG_032-17a
037.md	87	KR1a0145_WYG_032-17b
037.md	88	KR1a0145_WYG_032-18a
037.md	89	KR1a0145_WYG_032-18b
037.md	93	KR1a0145_WYG_032-19a
037.md	94	KR1a0145_WYG_032-19b
037.md	95	KR1a0145_WYG_032-20a
037.md	102	KR1a0145_WYG_032-20b
037.md	103	KR1a0145_WYG_032-21a
037.md	104	KR1a0145_WYG_032-21b
037.md	106	KR1a0145_WYG_032-22a
037.md	107	KR1a0145_WYG_032-22b
037.md	110	KR1a0145_WYG_032-23a
037.md	112	KR1a0145_WYG_032-23b
037.md	114	KR1a0145_WYG_032-24a
037.md	115	KR1a0145_WYG_032-24b
037.md	120	KR1a0145_WYG_032-25a
037.md	121	KR1a0145_WYG_032-25b
037.md	122	KR1a0145_WYG_032-26a
037.md	130	KR1a0145_WYG_032-26b
037.md	133	KR1a0145_WYG_032-27a
037.md	137	KR1a0145_WYG_032-27b
037.md	138	KR1a0145_WYG_032-28a
037.md	142	KR1a0145_WYG_032-28b
037.md	144	KR1a0145_WYG_032-29a
037.md	150	KR1a0145_WYG_032-29b
037.md	151	KR1a0145_WYG_032-30a
037.md	152	KR1a0145_WYG_032-30b
037.md	156	KR1a0145_WYG_032-31a
037.md	160	KR1a0145_WYG_032-31b
037.md	163	KR1a0145_WYG_032-32a
037.md	168	KR1a0145_WYG_032-32b
037.md	169	KR1a0145_WYG_032-33a
037.md	177	KR1a0145_WYG_032-33b
037.md	178	KR1a0145_WYG_032-34a
037.md	179	KR1a0145_WYG_032-34b
037.md	184	KR1a0145_WYG_032-35a
037.md	185	KR1a0145_WYG_032-35b
037.md	186	KR1a0145_WYG_032-36a
037.md	191	KR1a0145_WYG_032-36b
037.md	194	KR1a0145_WYG_032-37a
037.md	198	KR1a0145_WYG_032-37b
037.md	199	KR1a0145_WYG_032-38a
037.md	204	KR1a0145_WYG_032-38b
037.md	210	KR1a0145_WYG_032-39a
037.md	211	KR1a0145_WYG_032-39b
037.md	216	KR1a0145_WYG_032-40a
037.md	219	KR1a0145_WYG_032-40b
038.md	3	KR1a0145_WYG_049-1a
038.md	11	KR1a0145_WYG_049-1b
038.md	19	KR1a0145_WYG_049-2a
038.md	27	KR1a0145_WYG_049-2b
038.md	35	KR1a0145_WYG_049-3a
038.md	43	KR1a0145_WYG_049-3b
038.md	51	KR1a0145_WYG_049-4a
038.md	59	KR1a0145_WYG_049-4b
038.md	67	KR1a0145_WYG_049-5a
038.md	75	KR1a0145_WYG_049-5b
038.md	83	KR1a0145_WYG_049-6a
038.md	91	KR1a0145_WYG_049-6b
038.md	99	KR1a0145_WYG_049-7a
038.md	107	KR1a0145_WYG_049-7b
038.md	115	KR1a0145_WYG_049-8a
038.md	123	KR1a0145_WYG_049-8b
038.md	131	KR1a0145_WYG_049-9a
038.md	139	KR1a0145_WYG_049-9b
038.md	147	KR1a0145_WYG_049-10a
038.md	155	KR1a0145_WYG_049-10b
038.md	163	KR1a0145_WYG_049-11a
038.md	171	KR1a0145_WYG_049-11b
038.md	179	KR1a0145_WYG_049-12a
038.md	187	KR1a0145_WYG_049-12b
038.md	195	KR1a0145_WYG_049-13a
038.md	203	KR1a0145_WYG_049-13b
038.md	211	KR1a0145_WYG_049-14a
038.md	219	KR1a0145_WYG_049-14b
038.md	227	KR1a0145_WYG_049-15a
038.md	235	KR1a0145_WYG_049-15b
038.md	242	KR1a0145_WYG_049-16a
038.md	243	KR1a0145_WYG_049-16b
038.md	249	KR1a0145_WYG_049-17a
038.md	250	KR1a0145_WYG_049-17b
038.md	251	KR1a0145_WYG_049-18a
038.md	252	KR1a0145_WYG_049-18b
038.md	256	KR1a0145_WYG_049-19a
038.md	259	KR1a0145_WYG_049-19b
038.md	262	KR1a0145_WYG_049-20a
038.md	263	KR1a0145_WYG_049-20b
038.md	266	KR1a0145_WYG_049-21a
038.md	267	KR1a0145_WYG_049-21b
038.md	271	KR1a0145_WYG_049-22a
038.md	272	KR1a0145_WYG_049-22b
038.md	273	KR1a0145_WYG_049-23a
038.md	274	KR1a0145_WYG_049-23b
038.md	275	KR1a0145_WYG_049-24a
038.md	276	KR1a0145_WYG_049-24b
038.md	277	KR1a0145_WYG_049-25a
038.md	278	KR1a0145_WYG_049-25b
038.md	279	KR1a0145_WYG_049-26a
038.md	280	KR1a0145_WYG_049-26b
038.md	281	KR1a0145_WYG_049-27a
038.md	282	KR1a0145_WYG_049-27b
038.md	283	KR1a0145_WYG_049-28a
038.md	284	KR1a0145_WYG_049-28b
038.md	285	KR1a0145_WYG_049-29a
038.md	286	KR1a0145_WYG_049-29b
038.md	287	KR1a0145_WYG_049-30a
038.md	288	KR1a0145_WYG_049-30b
038.md	289	KR1a0145_WYG_049-31a
038.md	290	KR1a0145_WYG_049-31b
038.md	291	KR1a0145_WYG_049-32a
038.md	292	KR1a0145_WYG_049-32b
038.md	293	KR1a0145_WYG_049-33a
038.md	294	KR1a0145_WYG_049-33b
038.md	295	KR1a0145_WYG_049-34a
038.md	296	KR1a0145_WYG_049-34b
038.md	297	KR1a0145_WYG_049-35a
038.md	298	KR1a0145_WYG_049-35b
038.md	299	KR1a0145_WYG_049-36a
038.md	300	KR1a0145_WYG_049-36b
038.md	301	KR1a0145_WYG_049-37a
038.md	302	KR1a0145_WYG_049-37b
038.md	303	KR1a0145_WYG_049-38a
038.md	304	KR1a0145_WYG_049-38b
038.md	305	KR1a0145_WYG_049-39a
038.md	307	KR1a0145_WYG_049-39b
039.md	3	KR1a0145_WYG_017-1a
039.md	7	KR1a0145_WYG_017-1b
039.md	15	KR1a0145_WYG_017-2a
039.md	21	KR1a0145_WYG_017-2b
039.md	22	KR1a0145_WYG_017-3a
039.md	29	KR1a0145_WYG_017-3b
039.md	30	KR1a0145_WYG_017-4a
039.md	31	KR1a0145_WYG_017-4b
039.md	32	KR1a0145_WYG_017-5a
039.md	33	KR1a0145_WYG_017-5b
039.md	34	KR1a0145_WYG_017-6a
039.md	35	KR1a0145_WYG_017-6b
039.md	36	KR1a0145_WYG_017-7a
039.md	37	KR1a0145_WYG_017-7b
039.md	38	KR1a0145_WYG_017-8a
039.md	39	KR1a0145_WYG_017-8b
039.md	46	KR1a0145_WYG_017-9a
039.md	47	KR1a0145_WYG_017-9b
039.md	48	KR1a0145_WYG_017-10a
039.md	50	KR1a0145_WYG_017-10b
039.md	51	KR1a0145_WYG_017-11a
039.md	59	KR1a0145_WYG_017-11b
039.md	67	KR1a0145_WYG_017-12a
039.md	69	KR1a0145_WYG_017-13b
039.md	75	KR1a0145_WYG_017-14a
039.md	76	KR1a0145_WYG_017-14b
039.md	79	KR1a0145_WYG_017-15a
039.md	87	KR1a0145_WYG_017-15b
039.md	95	KR1a0145_WYG_017-16a
039.md	103	KR1a0145_WYG_017-16b
039.md	111	KR1a0145_WYG_017-17a
039.md	115	KR1a0145_WYG_017-17b
039.md	123	KR1a0145_WYG_017-18a
039.md	131	KR1a0145_WYG_017-18b
039.md	139	KR1a0145_WYG_017-19a
039.md	147	KR1a0145_WYG_017-19b
039.md	155	KR1a0145_WYG_017-20a
039.md	163	KR1a0145_WYG_017-20b
039.md	171	KR1a0145_WYG_017-21a
039.md	179	KR1a0145_WYG_017-21b
039.md	187	KR1a0145_WYG_017-22a
039.md	195	KR1a0145_WYG_017-22b
039.md	203	KR1a0145_WYG_017-23a
039.md	211	KR1a0145_WYG_017-23b
039.md	212	KR1a0145_WYG_017-24a
039.md	214	KR1a0145_WYG_017-24b
039.md	222	KR1a0145_WYG_017-25a
039.md	230	KR1a0145_WYG_017-25b
039.md	238	KR1a0145_WYG_017-26a
039.md	246	KR1a0145_WYG_017-26b
039.md	254	KR1a0145_WYG_017-27a
039.md	260	KR1a0145_WYG_017-27b
039.md	261	KR1a0145_WYG_017-28a
039.md	262	KR1a0145_WYG_017-28b
039.md	265	KR1a0145_WYG_017-29a
039.md	266	KR1a0145_WYG_017-29b
039.md	269	KR1a0145_WYG_017-30a
039.md	270	KR1a0145_WYG_017-30b
039.md	272	KR1a0145_WYG_017-31a
039.md	280	KR1a0145_WYG_017-31b
039.md	288	KR1a0145_WYG_017-32a
039.md	294	KR1a0145_WYG_017-32b
040.md	3	KR1a0145_WYG_033-1a
040.md	10	KR1a0145_WYG_033-1b
040.md	11	KR1a0145_WYG_033-2a
040.md	16	KR1a0145_WYG_033-2b
040.md	17	KR1a0145_WYG_033-3a
040.md	22	KR1a0145_WYG_033-3b
040.md	23	KR1a0145_WYG_033-4a
040.md	24	KR1a0145_WYG_033-4b
040.md	25	KR1a0145_WYG_033-5a
040.md	26	KR1a0145_WYG_033-5b
040.md	27	KR1a0145_WYG_033-6a
040.md	28	KR1a0145_WYG_033-6b
040.md	30	KR1a0145_WYG_033-7a
040.md	33	KR1a0145_WYG_033-7b
040.md	40	KR1a0145_WYG_033-8a
040.md	41	KR1a0145_WYG_033-8b
040.md	42	KR1a0145_WYG_033-9a
040.md	47	KR1a0145_WYG_033-9b
040.md	51	KR1a0145_WYG_033-10a
040.md	54	KR1a0145_WYG_033-10b
040.md	56	KR1a0145_WYG_033-11a
040.md	60	KR1a0145_WYG_033-11b
040.md	61	KR1a0145_WYG_033-12a
040.md	62	KR1a0145_WYG_033-12b
040.md	63	KR1a0145_WYG_033-13a
040.md	67	KR1a0145_WYG_033-13b
040.md	68	KR1a0145_WYG_033-14a
040.md	74	KR1a0145_WYG_033-14b
040.md	75	KR1a0145_WYG_033-15a
040.md	82	KR1a0145_WYG_033-15b
040.md	85	KR1a0145_WYG_033-16a
040.md	90	KR1a0145_WYG_033-16b
040.md	91	KR1a0145_WYG_033-17a
040.md	92	KR1a0145_WYG_033-17b
040.md	93	KR1a0145_WYG_033-18a
040.md	94	KR1a0145_WYG_033-18b
040.md	97	KR1a0145_WYG_033-19a
040.md	100	KR1a0145_WYG_033-19b
040.md	102	KR1a0145_WYG_033-20a
040.md	103	KR1a0145_WYG_033-20b
040.md	106	KR1a0145_WYG_033-21a
040.md	107	KR1a0145_WYG_033-21b
040.md	108	KR1a0145_WYG_033-22a
040.md	109	KR1a0145_WYG_033-22b
040.md	110	KR1a0145_WYG_033-23a
040.md	111	KR1a0145_WYG_033-23b
040.md	114	KR1a0145_WYG_033-24a
040.md	118	KR1a0145_WYG_033-24b
040.md	119	KR1a0145_WYG_033-25a
040.md	123	KR1a0145_WYG_033-25b
040.md	125	KR1a0145_WYG_033-26a
040.md	126	KR1a0145_WYG_033-26b
040.md	129	KR1a0145_WYG_033-27a
040.md	132	KR1a0145_WYG_033-27b
040.md	137	KR1a0145_WYG_033-28a
040.md	138	KR1a0145_WYG_033-28b
040.md	139	KR1a0145_WYG_033-29a
040.md	140	KR1a0145_WYG_033-29b
040.md	144	KR1a0145_WYG_033-30a
040.md	145	KR1a0145_WYG_033-30b
040.md	148	KR1a0145_WYG_033-31a
040.md	150	KR1a0145_WYG_033-31b
040.md	151	KR1a0145_WYG_033-32a
040.md	152	KR1a0145_WYG_033-32b
040.md	153	KR1a0145_WYG_033-33a
040.md	158	KR1a0145_WYG_033-33b
040.md	163	KR1a0145_WYG_033-34a
040.md	164	KR1a0145_WYG_033-34b
040.md	165	KR1a0145_WYG_033-35a
040.md	166	KR1a0145_WYG_033-35b
041.md	3	KR1a0145_WYG_050-1a
041.md	11	KR1a0145_WYG_050-1b
041.md	19	KR1a0145_WYG_050-2a
041.md	27	KR1a0145_WYG_050-2b
041.md	35	KR1a0145_WYG_050-3a
041.md	43	KR1a0145_WYG_050-3b
041.md	51	KR1a0145_WYG_050-4a
041.md	59	KR1a0145_WYG_050-4b
041.md	67	KR1a0145_WYG_050-5a
041.md	75	KR1a0145_WYG_050-5b
041.md	83	KR1a0145_WYG_050-6a
041.md	91	KR1a0145_WYG_050-6b
041.md	99	KR1a0145_WYG_050-7a
041.md	107	KR1a0145_WYG_050-7b
041.md	115	KR1a0145_WYG_050-8a
041.md	123	KR1a0145_WYG_050-8b
041.md	131	KR1a0145_WYG_050-9a
041.md	139	KR1a0145_WYG_050-9b
041.md	147	KR1a0145_WYG_050-10a
041.md	155	KR1a0145_WYG_050-10b
041.md	163	KR1a0145_WYG_050-11a
041.md	171	KR1a0145_WYG_050-11b
041.md	179	KR1a0145_WYG_050-12a
041.md	187	KR1a0145_WYG_050-12b
041.md	195	KR1a0145_WYG_050-13a
041.md	203	KR1a0145_WYG_050-13b
041.md	211	KR1a0145_WYG_050-14a
041.md	219	KR1a0145_WYG_050-14b
041.md	227	KR1a0145_WYG_050-15a
041.md	235	KR1a0145_WYG_050-15b
041.md	243	KR1a0145_WYG_050-16a
041.md	251	KR1a0145_WYG_050-16b
041.md	259	KR1a0145_WYG_050-17a
041.md	267	KR1a0145_WYG_050-17b
041.md	275	KR1a0145_WYG_050-18a
041.md	283	KR1a0145_WYG_050-18b
041.md	291	KR1a0145_WYG_050-19a
041.md	299	KR1a0145_WYG_050-19b
041.md	307	KR1a0145_WYG_050-20a
041.md	315	KR1a0145_WYG_050-20b
041.md	323	KR1a0145_WYG_050-21a
041.md	331	KR1a0145_WYG_050-21b
041.md	339	KR1a0145_WYG_050-22a
041.md	347	KR1a0145_WYG_050-22b
041.md	355	KR1a0145_WYG_050-23a
041.md	363	KR1a0145_WYG_050-23b
042.md	3	KR1a0145_WYG_018-1a
042.md	11	KR1a0145_WYG_018-1b
042.md	19	KR1a0145_WYG_018-2a
042.md	27	KR1a0145_WYG_018-2b
042.md	35	KR1a0145_WYG_018-3a
042.md	43	KR1a0145_WYG_018-3b
042.md	51	KR1a0145_WYG_018-4a
042.md	59	KR1a0145_WYG_018-4b
042.md	67	KR1a0145_WYG_018-5a
042.md	75	KR1a0145_WYG_018-5b
042.md	83	KR1a0145_WYG_018-6a
042.md	88	KR1a0145_WYG_018-6b
042.md	93	KR1a0145_WYG_018-7a
042.md	95	KR1a0145_WYG_018-7b
042.md	97	KR1a0145_WYG_018-8a
042.md	105	KR1a0145_WYG_018-8b
042.md	113	KR1a0145_WYG_018-9a
042.md	117	KR1a0145_WYG_018-9b
042.md	123	KR1a0145_WYG_018-10a
042.md	127	KR1a0145_WYG_018-10b
042.md	135	KR1a0145_WYG_018-11a
042.md	143	KR1a0145_WYG_018-11b
042.md	151	KR1a0145_WYG_018-12a
042.md	159	KR1a0145_WYG_018-12b
042.md	167	KR1a0145_WYG_018-13a
042.md	175	KR1a0145_WYG_018-13b
042.md	183	KR1a0145_WYG_018-14a
042.md	191	KR1a0145_WYG_018-14b
042.md	199	KR1a0145_WYG_018-15a
042.md	201	KR1a0145_WYG_018-15b
042.md	209	KR1a0145_WYG_018-16a
042.md	217	KR1a0145_WYG_018-16b
042.md	221	KR1a0145_WYG_018-17a
042.md	229	KR1a0145_WYG_018-17b
042.md	234	KR1a0145_WYG_018-18a
042.md	235	KR1a0145_WYG_018-18b
042.md	243	KR1a0145_WYG_018-19a
042.md	251	KR1a0145_WYG_018-19b
042.md	257	KR1a0145_WYG_018-20a
042.md	260	KR1a0145_WYG_018-20b
042.md	262	KR1a0145_WYG_018-21a
042.md	263	KR1a0145_WYG_018-21b
042.md	271	KR1a0145_WYG_018-22a
042.md	276	KR1a0145_WYG_018-22b
042.md	280	KR1a0145_WYG_018-23a
042.md	281	KR1a0145_WYG_018-23b
042.md	289	KR1a0145_WYG_018-24a
042.md	297	KR1a0145_WYG_018-24b
042.md	305	KR1a0145_WYG_018-25a
042.md	313	KR1a0145_WYG_018-25b
042.md	321	KR1a0145_WYG_018-26a
042.md	327	KR1a0145_WYG_018-26b
042.md	331	KR1a0145_WYG_018-27a
042.md	339	KR1a0145_WYG_018-27b
042.md	347	KR1a0145_WYG_018-28a
042.md	355	KR1a0145_WYG_018-28b
042.md	363	KR1a0145_WYG_018-29a
042.md	371	KR1a0145_WYG_018-29b
042.md	379	KR1a0145_WYG_018-30a
042.md	387	KR1a0145_WYG_018-31a
042.md	388	KR1a0145_WYG_018-31b
042.md	391	KR1a0145_WYG_018-32a
042.md	394	KR1a0145_WYG_018-32b
042.md	398	KR1a0145_WYG_018-33a
042.md	406	KR1a0145_WYG_018-33b
042.md	408	KR1a0145_WYG_018-34a
042.md	409	KR1a0145_WYG_018-34b
043.md	3	KR1a0145_WYG_034-1a
043.md	10	KR1a0145_WYG_034-1b
043.md	14	KR1a0145_WYG_034-2a
043.md	15	KR1a0145_WYG_034-2b
043.md	16	KR1a0145_WYG_034-3a
043.md	17	KR1a0145_WYG_034-3b
043.md	18	KR1a0145_WYG_034-4a
043.md	22	KR1a0145_WYG_034-4b
043.md	23	KR1a0145_WYG_034-5a
043.md	27	KR1a0145_WYG_034-5b
043.md	28	KR1a0145_WYG_034-6a
043.md	31	KR1a0145_WYG_034-6b
043.md	39	KR1a0145_WYG_034-7a
043.md	42	KR1a0145_WYG_034-7b
043.md	43	KR1a0145_WYG_034-8a
043.md	44	KR1a0145_WYG_034-8b
043.md	45	KR1a0145_WYG_034-9a
043.md	46	KR1a0145_WYG_034-9b
043.md	49	KR1a0145_WYG_034-10a
043.md	50	KR1a0145_WYG_034-10b
043.md	54	KR1a0145_WYG_034-11a
043.md	58	KR1a0145_WYG_034-11b
043.md	64	KR1a0145_WYG_034-12a
043.md	65	KR1a0145_WYG_034-12b
043.md	66	KR1a0145_WYG_034-13a
043.md	71	KR1a0145_WYG_034-13b
043.md	75	KR1a0145_WYG_034-14a
043.md	76	KR1a0145_WYG_034-14b
043.md	79	KR1a0145_WYG_034-15a
043.md	84	KR1a0145_WYG_034-15b
043.md	88	KR1a0145_WYG_034-16a
043.md	90	KR1a0145_WYG_034-16b
043.md	92	KR1a0145_WYG_034-17a
043.md	95	KR1a0145_WYG_034-17b
043.md	96	KR1a0145_WYG_034-18a
043.md	103	KR1a0145_WYG_034-18b
043.md	108	KR1a0145_WYG_034-19a
043.md	109	KR1a0145_WYG_034-19b
043.md	112	KR1a0145_WYG_034-20a
043.md	116	KR1a0145_WYG_034-20b
043.md	117	KR1a0145_WYG_034-21a
043.md	121	KR1a0145_WYG_034-21b
043.md	122	KR1a0145_WYG_034-22a
043.md	128	KR1a0145_WYG_034-22b
043.md	129	KR1a0145_WYG_034-23a
043.md	133	KR1a0145_WYG_034-23b
043.md	134	KR1a0145_WYG_034-24a
043.md	135	KR1a0145_WYG_034-24b
043.md	136	KR1a0145_WYG_034-25a
043.md	139	KR1a0145_WYG_034-25b
043.md	144	KR1a0145_WYG_034-26a
043.md	145	KR1a0145_WYG_034-26b
043.md	151	KR1a0145_WYG_034-27a
043.md	152	KR1a0145_WYG_034-27b
043.md	157	KR1a0145_WYG_034-28a
043.md	158	KR1a0145_WYG_034-28b
043.md	163	KR1a0145_WYG_034-29a
043.md	168	KR1a0145_WYG_034-29b
043.md	173	KR1a0145_WYG_034-30a
043.md	177	KR1a0145_WYG_034-30b
043.md	179	KR1a0145_WYG_034-31a
043.md	180	KR1a0145_WYG_034-31b
043.md	181	KR1a0145_WYG_034-32a
043.md	182	KR1a0145_WYG_034-32b
043.md	186	KR1a0145_WYG_034-33a
043.md	187	KR1a0145_WYG_034-33b
043.md	192	KR1a0145_WYG_034-34a
043.md	193	KR1a0145_WYG_034-34b
043.md	194	KR1a0145_WYG_034-35a
043.md	198	KR1a0145_WYG_034-35b
043.md	200	KR1a0145_WYG_034-36a
043.md	201	KR1a0145_WYG_034-36b
043.md	205	KR1a0145_WYG_034-37a
043.md	211	KR1a0145_WYG_034-37b
044.md	3	KR1a0145_WYG_051-1a
044.md	11	KR1a0145_WYG_051-1b
044.md	19	KR1a0145_WYG_051-2a
044.md	27	KR1a0145_WYG_051-2b
044.md	35	KR1a0145_WYG_051-3a
044.md	43	KR1a0145_WYG_051-3b
044.md	51	KR1a0145_WYG_051-4a
044.md	59	KR1a0145_WYG_051-4b
044.md	67	KR1a0145_WYG_051-5a
044.md	75	KR1a0145_WYG_051-5b
044.md	83	KR1a0145_WYG_051-6a
044.md	91	KR1a0145_WYG_051-6b
044.md	99	KR1a0145_WYG_051-7a
044.md	107	KR1a0145_WYG_051-7b
044.md	115	KR1a0145_WYG_051-8a
044.md	123	KR1a0145_WYG_051-8b
044.md	131	KR1a0145_WYG_051-9a
044.md	139	KR1a0145_WYG_051-9b
044.md	147	KR1a0145_WYG_051-10a
044.md	155	KR1a0145_WYG_051-10b
044.md	163	KR1a0145_WYG_051-11a
044.md	171	KR1a0145_WYG_051-11b
044.md	179	KR1a0145_WYG_051-12a
044.md	187	KR1a0145_WYG_051-12b
044.md	195	KR1a0145_WYG_051-13a
044.md	203	KR1a0145_WYG_051-13b
044.md	211	KR1a0145_WYG_051-14a
044.md	219	KR1a0145_WYG_051-14b
044.md	227	KR1a0145_WYG_051-15a
044.md	235	KR1a0145_WYG_051-15b
044.md	243	KR1a0145_WYG_051-16a
044.md	251	KR1a0145_WYG_051-16b
044.md	259	KR1a0145_WYG_051-17a
044.md	267	KR1a0145_WYG_051-17b
044.md	275	KR1a0145_WYG_051-18a
044.md	283	KR1a0145_WYG_051-18b
044.md	291	KR1a0145_WYG_051-19a
044.md	299	KR1a0145_WYG_051-19b
044.md	307	KR1a0145_WYG_051-20a
044.md	315	KR1a0145_WYG_051-20b
044.md	323	KR1a0145_WYG_051-21a
044.md	331	KR1a0145_WYG_051-21b
044.md	339	KR1a0145_WYG_051-22a
044.md	347	KR1a0145_WYG_051-22b
044.md	355	KR1a0145_WYG_051-23a
044.md	363	KR1a0145_WYG_051-23b
044.md	371	KR1a0145_WYG_051-24a
044.md	379	KR1a0145_WYG_051-24b
044.md	387	KR1a0145_WYG_051-25a
044.md	395	KR1a0145_WYG_051-25b
044.md	403	KR1a0145_WYG_051-26a
044.md	411	KR1a0145_WYG_051-26b
044.md	419	KR1a0145_WYG_051-27a
044.md	427	KR1a0145_WYG_051-27b
044.md	435	KR1a0145_WYG_051-28a
044.md	443	KR1a0145_WYG_051-28b
044.md	451	KR1a0145_WYG_051-29a
044.md	459	KR1a0145_WYG_051-29b
044.md	467	KR1a0145_WYG_051-30a
044.md	475	KR1a0145_WYG_051-30b
044.md	483	KR1a0145_WYG_051-31a
044.md	491	KR1a0145_WYG_051-31b
044.md	499	KR1a0145_WYG_051-32a
044.md	507	KR1a0145_WYG_051-32b
044.md	515	KR1a0145_WYG_051-33a
044.md	523	KR1a0145_WYG_051-33b
044.md	531	KR1a0145_WYG_051-34a
044.md	539	KR1a0145_WYG_051-34b
044.md	547	KR1a0145_WYG_051-35a
044.md	555	KR1a0145_WYG_051-35b
044.md	563	KR1a0145_WYG_051-36a
044.md	571	KR1a0145_WYG_051-36b
044.md	579	KR1a0145_WYG_051-37a
044.md	587	KR1a0145_WYG_051-37b
044.md	595	KR1a0145_WYG_051-38a
044.md	603	KR1a0145_WYG_051-38b
044.md	611	KR1a0145_WYG_051-39a
044.md	619	KR1a0145_WYG_051-39b
044.md	627	KR1a0145_WYG_051-40a
044.md	635	KR1a0145_WYG_051-40b
044.md	643	KR1a0145_WYG_051-41a
044.md	651	KR1a0145_WYG_051-41b
044.md	659	KR1a0145_WYG_051-42a
044.md	667	KR1a0145_WYG_051-42b
044.md	675	KR1a0145_WYG_051-43a
044.md	679	KR1a0145_WYG_051-43b
045.md	3	KR1a0145_WYG_035-1a
045.md	9	KR1a0145_WYG_035-1b
045.md	10	KR1a0145_WYG_035-2a
045.md	11	KR1a0145_WYG_035-2b
045.md	12	KR1a0145_WYG_035-3a
045.md	15	KR1a0145_WYG_035-3b
045.md	16	KR1a0145_WYG_035-4a
045.md	20	KR1a0145_WYG_035-4b
045.md	21	KR1a0145_WYG_035-5a
045.md	22	KR1a0145_WYG_035-5b
045.md	23	KR1a0145_WYG_035-6a
045.md	24	KR1a0145_WYG_035-6b
045.md	27	KR1a0145_WYG_035-7a
045.md	28	KR1a0145_WYG_035-7b
045.md	34	KR1a0145_WYG_035-8a
045.md	42	KR1a0145_WYG_035-8b
045.md	45	KR1a0145_WYG_035-9a
045.md	48	KR1a0145_WYG_035-9b
045.md	49	KR1a0145_WYG_035-10a
045.md	50	KR1a0145_WYG_035-10b
045.md	55	KR1a0145_WYG_035-11a
045.md	56	KR1a0145_WYG_035-11b
045.md	57	KR1a0145_WYG_035-12a
045.md	61	KR1a0145_WYG_035-12b
045.md	62	KR1a0145_WYG_035-13a
045.md	68	KR1a0145_WYG_035-13b
045.md	69	KR1a0145_WYG_035-14a
045.md	72	KR1a0145_WYG_035-14b
045.md	73	KR1a0145_WYG_035-15a
045.md	74	KR1a0145_WYG_035-15b
045.md	78	KR1a0145_WYG_035-16a
045.md	81	KR1a0145_WYG_035-16b
045.md	84	KR1a0145_WYG_035-17a
045.md	85	KR1a0145_WYG_035-17b
045.md	88	KR1a0145_WYG_035-18a
045.md	89	KR1a0145_WYG_035-18b
045.md	92	KR1a0145_WYG_035-19a
045.md	93	KR1a0145_WYG_035-19b
045.md	98	KR1a0145_WYG_035-20a
045.md	99	KR1a0145_WYG_035-20b
045.md	100	KR1a0145_WYG_035-21a
045.md	103	KR1a0145_WYG_035-21b
045.md	107	KR1a0145_WYG_035-22a
045.md	111	KR1a0145_WYG_035-22b
045.md	112	KR1a0145_WYG_035-23a
045.md	117	KR1a0145_WYG_035-23b
045.md	118	KR1a0145_WYG_035-24a
045.md	121	KR1a0145_WYG_035-24b
045.md	123	KR1a0145_WYG_035-25a
045.md	124	KR1a0145_WYG_035-25b
045.md	129	KR1a0145_WYG_035-26a
045.md	130	KR1a0145_WYG_035-26b
045.md	131	KR1a0145_WYG_035-27a
045.md	135	KR1a0145_WYG_035-27b
045.md	136	KR1a0145_WYG_035-28a
045.md	139	KR1a0145_WYG_035-28b
045.md	141	KR1a0145_WYG_035-29a
045.md	142	KR1a0145_WYG_035-29b
045.md	146	KR1a0145_WYG_035-30a
045.md	147	KR1a0145_WYG_035-30b
045.md	148	KR1a0145_WYG_035-31a
045.md	152	KR1a0145_WYG_035-31b
046.md	3	KR1a0145_WYG_052-1a
046.md	11	KR1a0145_WYG_052-1b
046.md	19	KR1a0145_WYG_052-2a
046.md	27	KR1a0145_WYG_052-2b
046.md	35	KR1a0145_WYG_052-3a
046.md	43	KR1a0145_WYG_052-3b
046.md	51	KR1a0145_WYG_052-4a
046.md	59	KR1a0145_WYG_052-4b
046.md	67	KR1a0145_WYG_052-5a
046.md	75	KR1a0145_WYG_052-5b
046.md	83	KR1a0145_WYG_052-6a
046.md	91	KR1a0145_WYG_052-6b
046.md	99	KR1a0145_WYG_052-7a
046.md	107	KR1a0145_WYG_052-7b
046.md	115	KR1a0145_WYG_052-8a
046.md	123	KR1a0145_WYG_052-8b
046.md	131	KR1a0145_WYG_052-9a
046.md	139	KR1a0145_WYG_052-9b
046.md	147	KR1a0145_WYG_052-10a
046.md	155	KR1a0145_WYG_052-10b
046.md	163	KR1a0145_WYG_052-11a
046.md	171	KR1a0145_WYG_052-11b
046.md	179	KR1a0145_WYG_052-12a
046.md	187	KR1a0145_WYG_052-12b
047.md	3	KR1a0145_WYG_036-1a
047.md	11	KR1a0145_WYG_036-1b
047.md	14	KR1a0145_WYG_036-2a
047.md	15	KR1a0145_WYG_036-2b
047.md	16	KR1a0145_WYG_036-3a
047.md	17	KR1a0145_WYG_036-3b
047.md	18	KR1a0145_WYG_036-4a
047.md	19	KR1a0145_WYG_036-4b
047.md	24	KR1a0145_WYG_036-5a
047.md	27	KR1a0145_WYG_036-5b
047.md	28	KR1a0145_WYG_036-6a
047.md	34	KR1a0145_WYG_036-6b
047.md	35	KR1a0145_WYG_036-7a
047.md	36	KR1a0145_WYG_036-7b
047.md	37	KR1a0145_WYG_036-8a
047.md	38	KR1a0145_WYG_036-8b
047.md	39	KR1a0145_WYG_036-9a
047.md	40	KR1a0145_WYG_036-9b
047.md	41	KR1a0145_WYG_036-10a
047.md	42	KR1a0145_WYG_036-10b
047.md	43	KR1a0145_WYG_036-11a
047.md	44	KR1a0145_WYG_036-11b
047.md	47	KR1a0145_WYG_036-12a
047.md	50	KR1a0145_WYG_036-12b
047.md	51	KR1a0145_WYG_036-13a
047.md	52	KR1a0145_WYG_036-13b
047.md	57	KR1a0145_WYG_036-14a
047.md	58	KR1a0145_WYG_036-14b
047.md	59	KR1a0145_WYG_036-15a
047.md	60	KR1a0145_WYG_036-15b
047.md	61	KR1a0145_WYG_036-16a
047.md	62	KR1a0145_WYG_036-16b
047.md	63	KR1a0145_WYG_036-17a
047.md	68	KR1a0145_WYG_036-17b
047.md	73	KR1a0145_WYG_036-18a
047.md	74	KR1a0145_WYG_036-18b
047.md	75	KR1a0145_WYG_036-19a
047.md	76	KR1a0145_WYG_036-19b
047.md	83	KR1a0145_WYG_036-20a
047.md	84	KR1a0145_WYG_036-20b
047.md	85	KR1a0145_WYG_036-21a
047.md	86	KR1a0145_WYG_036-21b
047.md	87	KR1a0145_WYG_036-22a
047.md	88	KR1a0145_WYG_036-22b
047.md	89	KR1a0145_WYG_036-23a
047.md	90	KR1a0145_WYG_036-23b
047.md	94	KR1a0145_WYG_036-24a
047.md	95	KR1a0145_WYG_036-24b
047.md	96	KR1a0145_WYG_036-25a
047.md	101	KR1a0145_WYG_036-25b
047.md	102	KR1a0145_WYG_036-26a
047.md	103	KR1a0145_WYG_036-26b
047.md	108	KR1a0145_WYG_036-27a
047.md	109	KR1a0145_WYG_036-27b
047.md	110	KR1a0145_WYG_036-28a
047.md	116	KR1a0145_WYG_036-28b
047.md	117	KR1a0145_WYG_036-29a
047.md	118	KR1a0145_WYG_036-29b
047.md	119	KR1a0145_WYG_036-30a
047.md	125	KR1a0145_WYG_036-30b
047.md	126	KR1a0145_WYG_036-31a
047.md	127	KR1a0145_WYG_036-31b
047.md	128	KR1a0145_WYG_036-32a
047.md	129	KR1a0145_WYG_036-32b
047.md	130	KR1a0145_WYG_036-33a
047.md	131	KR1a0145_WYG_036-33b
047.md	133	KR1a0145_WYG_036-34a
047.md	135	KR1a0145_WYG_036-34b
047.md	136	KR1a0145_WYG_036-35a
047.md	137	KR1a0145_WYG_036-35b
047.md	142	KR1a0145_WYG_036-36a
047.md	146	KR1a0145_WYG_036-36b
047.md	147	KR1a0145_WYG_036-37a
047.md	148	KR1a0145_WYG_036-37b
047.md	149	KR1a0145_WYG_036-38a
047.md	150	KR1a0145_WYG_036-38b
047.md	151	KR1a0145_WYG_036-39a
047.md	152	KR1a0145_WYG_036-39b
047.md	158	KR1a0145_WYG_036-40a
047.md	159	KR1a0145_WYG_036-40b
047.md	160	KR1a0145_WYG_036-41a
047.md	161	KR1a0145_WYG_036-41b
047.md	162	KR1a0145_WYG_036-42a
047.md	163	KR1a0145_WYG_036-42b
047.md	164	KR1a0145_WYG_036-43a
047.md	171	KR1a0145_WYG_036-43b
047.md	172	KR1a0145_WYG_036-44a
047.md	173	KR1a0145_WYG_036-44b
047.md	174	KR1a0145_WYG_036-45a
047.md	175	KR1a0145_WYG_036-45b
047.md	176	KR1a0145_WYG_036-46a
047.md	177	KR1a0145_WYG_036-46b
047.md	178	KR1a0145_WYG_036-47a
047.md	179	KR1a0145_WYG_036-47b
047.md	184	KR1a0145_WYG_036-48a
047.md	185	KR1a0145_WYG_036-48b
047.md	186	KR1a0145_WYG_036-49a
047.md	187	KR1a0145_WYG_036-49b
047.md	192	KR1a0145_WYG_036-50a
047.md	193	KR1a0145_WYG_036-50b
047.md	194	KR1a0145_WYG_036-51a
047.md	195	KR1a0145_WYG_036-51b
047.md	196	KR1a0145_WYG_036-52a
047.md	197	KR1a0145_WYG_036-52b
047.md	203	KR1a0145_WYG_036-53a
047.md	204	KR1a0145_WYG_036-53b
047.md	205	KR1a0145_WYG_036-54a
047.md	206	KR1a0145_WYG_036-54b
047.md	212	KR1a0145_WYG_036-55a
047.md	219	KR1a0145_WYG_036-55b
048.md	3	KR1a0145_WYG_037-1a
048.md	7	KR1a0145_WYG_037-1b
048.md	13	KR1a0145_WYG_037-2a
048.md	21	KR1a0145_WYG_037-2b
048.md	29	KR1a0145_WYG_037-3a
048.md	36	KR1a0145_WYG_037-3b
048.md	37	KR1a0145_WYG_037-4a
048.md	38	KR1a0145_WYG_037-4b
048.md	39	KR1a0145_WYG_037-5a
048.md	40	KR1a0145_WYG_037-5b
048.md	41	KR1a0145_WYG_037-6a
048.md	42	KR1a0145_WYG_037-6b
048.md	43	KR1a0145_WYG_037-7a
048.md	44	KR1a0145_WYG_037-7b
048.md	45	KR1a0145_WYG_037-8a
048.md	46	KR1a0145_WYG_037-8b
048.md	47	KR1a0145_WYG_037-9a
048.md	48	KR1a0145_WYG_037-9b
048.md	53	KR1a0145_WYG_037-10a
048.md	61	KR1a0145_WYG_037-10b
048.md	69	KR1a0145_WYG_037-11a
048.md	77	KR1a0145_WYG_037-11b
048.md	78	KR1a0145_WYG_037-12a
048.md	79	KR1a0145_WYG_037-12b
048.md	80	KR1a0145_WYG_037-13a
048.md	81	KR1a0145_WYG_037-13b
048.md	82	KR1a0145_WYG_037-14a
048.md	83	KR1a0145_WYG_037-14b
048.md	84	KR1a0145_WYG_037-15a
048.md	85	KR1a0145_WYG_037-15b
048.md	86	KR1a0145_WYG_037-16a
048.md	87	KR1a0145_WYG_037-16b
048.md	88	KR1a0145_WYG_037-17a
048.md	89	KR1a0145_WYG_037-17b
048.md	90	KR1a0145_WYG_037-18a
048.md	91	KR1a0145_WYG_037-18b
048.md	92	KR1a0145_WYG_037-19a
048.md	93	KR1a0145_WYG_037-19b
048.md	96	KR1a0145_WYG_037-20a
048.md	97	KR1a0145_WYG_037-20b
048.md	98	KR1a0145_WYG_037-21a
048.md	99	KR1a0145_WYG_037-21b
048.md	100	KR1a0145_WYG_037-22a
048.md	101	KR1a0145_WYG_037-22b
048.md	102	KR1a0145_WYG_037-23a
048.md	105	KR1a0145_WYG_037-23b
048.md	108	KR1a0145_WYG_037-24a
048.md	111	KR1a0145_WYG_037-24b
048.md	112	KR1a0145_WYG_037-25a
048.md	115	KR1a0145_WYG_037-25b
048.md	116	KR1a0145_WYG_037-26a
048.md	117	KR1a0145_WYG_037-26b
048.md	120	KR1a0145_WYG_037-27a
048.md	121	KR1a0145_WYG_037-27b
048.md	122	KR1a0145_WYG_037-28a
048.md	126	KR1a0145_WYG_037-28b
048.md	127	KR1a0145_WYG_037-29a
048.md	129	KR1a0145_WYG_037-29b
048.md	130	KR1a0145_WYG_037-30a
048.md	131	KR1a0145_WYG_037-30b
048.md	133	KR1a0145_WYG_037-31a
048.md	134	KR1a0145_WYG_037-31b
048.md	137	KR1a0145_WYG_037-32a
048.md	142	KR1a0145_WYG_037-32b
048.md	148	KR1a0145_WYG_037-33a
048.md	151	KR1a0145_WYG_037-33b
048.md	152	KR1a0145_WYG_037-34a
048.md	155	KR1a0145_WYG_037-34b
048.md	156	KR1a0145_WYG_037-35a
048.md	161	KR1a0145_WYG_037-35b
048.md	162	KR1a0145_WYG_037-36a
048.md	165	KR1a0145_WYG_037-36b
048.md	168	KR1a0145_WYG_037-37a
048.md	169	KR1a0145_WYG_037-37b
048.md	170	KR1a0145_WYG_037-38a
048.md	177	KR1a0145_WYG_037-38b
048.md	180	KR1a0145_WYG_037-39a
048.md	182	KR1a0145_WYG_037-39b
049.md	3	KR1a0145_WYG_001-1a
049.md	11	KR1a0145_WYG_001-1b
049.md	19	KR1a0145_WYG_001-2a
049.md	27	KR1a0145_WYG_001-2b
049.md	35	KR1a0145_WYG_001-3a
049.md	43	KR1a0145_WYG_001-3b
049.md	47	KR1a0145_WYG_001-4a
049.md	55	KR1a0145_WYG_001-4b
049.md	63	KR1a0145_WYG_001-5a
049.md	71	KR1a0145_WYG_001-5b
049.md	79	KR1a0145_WYG_001-6a
049.md	87	KR1a0145_WYG_001-6b
049.md	95	KR1a0145_WYG_001-7a
049.md	103	KR1a0145_WYG_001-7b
049.md	111	KR1a0145_WYG_001-8a
049.md	119	KR1a0145_WYG_001-8b
049.md	127	KR1a0145_WYG_001-9a
049.md	135	KR1a0145_WYG_001-9b
049.md	143	KR1a0145_WYG_001-10a
049.md	146	KR1a0145_WYG_001-11a
049.md	154	KR1a0145_WYG_001-11b
049.md	162	KR1a0145_WYG_001-12a
049.md	170	KR1a0145_WYG_001-12b
049.md	178	KR1a0145_WYG_001-13a
049.md	186	KR1a0145_WYG_001-13b
049.md	194	KR1a0145_WYG_001-14a
049.md	202	KR1a0145_WYG_001-14b
049.md	210	KR1a0145_WYG_001-15a
049.md	218	KR1a0145_WYG_001-15b
049.md	226	KR1a0145_WYG_001-16a
049.md	234	KR1a0145_WYG_001-16b
049.md	242	KR1a0145_WYG_001-17a
049.md	250	KR1a0145_WYG_001-17b
049.md	258	KR1a0145_WYG_001-18a
049.md	266	KR1a0145_WYG_001-18b
049.md	272	KR1a0145_WYG_001-19a
049.md	276	KR1a0145_WYG_001-19b
049.md	279	KR1a0145_WYG_001-20a
049.md	287	KR1a0145_WYG_001-20b
049.md	295	KR1a0145_WYG_001-21a
049.md	303	KR1a0145_WYG_001-21b
049.md	311	KR1a0145_WYG_001-22a
049.md	316	KR1a0145_WYG_001-22b
049.md	320	KR1a0145_WYG_001-23a
049.md	328	KR1a0145_WYG_001-23b
049.md	336	KR1a0145_WYG_001-24a
049.md	344	KR1a0145_WYG_001-24b
049.md	348	KR1a0145_WYG_001-25a
049.md	356	KR1a0145_WYG_001-25b
049.md	364	KR1a0145_WYG_001-26a
049.md	372	KR1a0145_WYG_001-26b
049.md	380	KR1a0145_WYG_001-27a
049.md	381	KR1a0145_WYG_001-27b
049.md	389	KR1a0145_WYG_001-28a
049.md	397	KR1a0145_WYG_001-28b
049.md	405	KR1a0145_WYG_001-29a
049.md	413	KR1a0145_WYG_001-29b
049.md	421	KR1a0145_WYG_001-30a
049.md	429	KR1a0145_WYG_001-30b
049.md	437	KR1a0145_WYG_001-31a
049.md	445	KR1a0145_WYG_001-31b
049.md	453	KR1a0145_WYG_001-32a
049.md	461	KR1a0145_WYG_001-32b
049.md	469	KR1a0145_WYG_001-33a
049.md	477	KR1a0145_WYG_001-33b
049.md	481	KR1a0145_WYG_001-34a
049.md	489	KR1a0145_WYG_001-34b
049.md	497	KR1a0145_WYG_001-35a
049.md	503	KR1a0145_WYG_001-35b
049.md	511	KR1a0145_WYG_001-36a
049.md	519	KR1a0145_WYG_001-36b
049.md	527	KR1a0145_WYG_001-37a
049.md	535	KR1a0145_WYG_001-37b
049.md	543	KR1a0145_WYG_001-38a
049.md	551	KR1a0145_WYG_001-38b
049.md	559	KR1a0145_WYG_001-39a
049.md	567	KR1a0145_WYG_001-39b
049.md	575	KR1a0145_WYG_001-40a
049.md	583	KR1a0145_WYG_001-40b
049.md	591	KR1a0145_WYG_001-41a
049.md	599	KR1a0145_WYG_001-41b
049.md	607	KR1a0145_WYG_001-42a
049.md	615	KR1a0145_WYG_001-42b
049.md	623	KR1a0145_WYG_001-43a
049.md	631	KR1a0145_WYG_001-43b
049.md	639	KR1a0145_WYG_001-44a
049.md	647	KR1a0145_WYG_001-44b
049.md	655	KR1a0145_WYG_001-45a
049.md	663	KR1a0145_WYG_001-45b
049.md	671	KR1a0145_WYG_001-46a
049.md	679	KR1a0145_WYG_001-46b
049.md	687	KR1a0145_WYG_001-47a
049.md	695	KR1a0145_WYG_001-47b
049.md	703	KR1a0145_WYG_001-48a
049.md	711	KR1a0145_WYG_001-48b
049.md	719	KR1a0145_WYG_001-49a
049.md	727	KR1a0145_WYG_001-49b
049.md	735	KR1a0145_WYG_001-50a
049.md	743	KR1a0145_WYG_001-50b
049.md	751	KR1a0145_WYG_001-51a
049.md	759	KR1a0145_WYG_001-51b
049.md	767	KR1a0145_WYG_001-52a
049.md	775	KR1a0145_WYG_001-52b
049.md	783	KR1a0145_WYG_001-53a
049.md	791	KR1a0145_WYG_001-53b
049.md	799	KR1a0145_WYG_001-54a
049.md	807	KR1a0145_WYG_001-54b
049.md	815	KR1a0145_WYG_001-55a
049.md	823	KR1a0145_WYG_001-55b
049.md	831	KR1a0145_WYG_001-56a
049.md	839	KR1a0145_WYG_001-56b
049.md	847	KR1a0145_WYG_001-57a
049.md	855	KR1a0145_WYG_001-57b
049.md	863	KR1a0145_WYG_001-58a
049.md	871	KR1a0145_WYG_001-58b
050.md	3	KR1a0145_WYG_002-1a
050.md	11	KR1a0145_WYG_002-1b
050.md	19	KR1a0145_WYG_002-2a
050.md	27	KR1a0145_WYG_002-2b
050.md	35	KR1a0145_WYG_002-3a
050.md	43	KR1a0145_WYG_002-3b
050.md	47	KR1a0145_WYG_002-4a
050.md	48	KR1a0145_WYG_002-4b
050.md	50	KR1a0145_WYG_002-5a
050.md	58	KR1a0145_WYG_002-5b
050.md	66	KR1a0145_WYG_002-6a
050.md	74	KR1a0145_WYG_002-6b
050.md	82	KR1a0145_WYG_002-7a
050.md	90	KR1a0145_WYG_002-7b
050.md	98	KR1a0145_WYG_002-8a
050.md	106	KR1a0145_WYG_002-8b
050.md	114	KR1a0145_WYG_002-9a
050.md	122	KR1a0145_WYG_002-9b
050.md	130	KR1a0145_WYG_002-10a
050.md	138	KR1a0145_WYG_002-10b
050.md	146	KR1a0145_WYG_002-11a
050.md	154	KR1a0145_WYG_002-11b
050.md	162	KR1a0145_WYG_002-12a
050.md	170	KR1a0145_WYG_002-12b
050.md	178	KR1a0145_WYG_002-13a
050.md	186	KR1a0145_WYG_002-13b
050.md	194	KR1a0145_WYG_002-14a
050.md	202	KR1a0145_WYG_002-14b
050.md	210	KR1a0145_WYG_002-15a
050.md	218	KR1a0145_WYG_002-15b
050.md	226	KR1a0145_WYG_002-16a
050.md	234	KR1a0145_WYG_002-16b
050.md	242	KR1a0145_WYG_002-17a
050.md	250	KR1a0145_WYG_002-17b
050.md	258	KR1a0145_WYG_002-18a
050.md	266	KR1a0145_WYG_002-18b
050.md	274	KR1a0145_WYG_002-19a
050.md	282	KR1a0145_WYG_002-19b
050.md	290	KR1a0145_WYG_002-20a
050.md	298	KR1a0145_WYG_002-20b
050.md	306	KR1a0145_WYG_002-21a
050.md	314	KR1a0145_WYG_002-21b
050.md	322	KR1a0145_WYG_002-22a
050.md	330	KR1a0145_WYG_002-22b
050.md	338	KR1a0145_WYG_002-23a
050.md	346	KR1a0145_WYG_002-23b
050.md	354	KR1a0145_WYG_002-24a
050.md	362	KR1a0145_WYG_002-24b
050.md	370	KR1a0145_WYG_002-25a
050.md	378	KR1a0145_WYG_002-25b
050.md	386	KR1a0145_WYG_002-26a
050.md	394	KR1a0145_WYG_002-26b
050.md	402	KR1a0145_WYG_002-27a
050.md	410	KR1a0145_WYG_002-27b
050.md	418	KR1a0145_WYG_002-28a
050.md	426	KR1a0145_WYG_002-28b
050.md	434	KR1a0145_WYG_002-29a
050.md	442	KR1a0145_WYG_002-29b
050.md	450	KR1a0145_WYG_002-30a
050.md	458	KR1a0145_WYG_002-30b
050.md	466	KR1a0145_WYG_002-31a
050.md	474	KR1a0145_WYG_002-31b
050.md	482	KR1a0145_WYG_002-32a
050.md	490	KR1a0145_WYG_002-32b
050.md	498	KR1a0145_WYG_002-33a
050.md	506	KR1a0145_WYG_002-33b
050.md	514	KR1a0145_WYG_002-34a
050.md	522	KR1a0145_WYG_002-34b
051.md	3	KR1a0145_WYG_003-1a
051.md	11	KR1a0145_WYG_003-1b
051.md	19	KR1a0145_WYG_003-2a
051.md	27	KR1a0145_WYG_003-2b
051.md	35	KR1a0145_WYG_003-3a
051.md	43	KR1a0145_WYG_003-3b
051.md	49	KR1a0145_WYG_003-4a
051.md	50	KR1a0145_WYG_003-4b
051.md	58	KR1a0145_WYG_003-5a
051.md	66	KR1a0145_WYG_003-5b
051.md	74	KR1a0145_WYG_003-6a
051.md	82	KR1a0145_WYG_003-6b
051.md	90	KR1a0145_WYG_003-7a
051.md	98	KR1a0145_WYG_003-7b
051.md	106	KR1a0145_WYG_003-8a
051.md	114	KR1a0145_WYG_003-8b
051.md	122	KR1a0145_WYG_003-9a
051.md	130	KR1a0145_WYG_003-9b
051.md	138	KR1a0145_WYG_003-10a
051.md	146	KR1a0145_WYG_003-10b
051.md	154	KR1a0145_WYG_003-11a
051.md	162	KR1a0145_WYG_003-11b
051.md	170	KR1a0145_WYG_003-12a
051.md	178	KR1a0145_WYG_003-12b
051.md	186	KR1a0145_WYG_003-13a
051.md	194	KR1a0145_WYG_003-13b
051.md	202	KR1a0145_WYG_003-14a
051.md	210	KR1a0145_WYG_003-14b
051.md	218	KR1a0145_WYG_003-15a
051.md	226	KR1a0145_WYG_003-15b
051.md	234	KR1a0145_WYG_003-16a
051.md	242	KR1a0145_WYG_003-16b
051.md	250	KR1a0145_WYG_003-17a
051.md	258	KR1a0145_WYG_003-17b
051.md	266	KR1a0145_WYG_003-18a
051.md	274	KR1a0145_WYG_003-18b
051.md	282	KR1a0145_WYG_003-19a
051.md	290	KR1a0145_WYG_003-19b
051.md	298	KR1a0145_WYG_003-20a
051.md	306	KR1a0145_WYG_003-20b
051.md	314	KR1a0145_WYG_003-21a
051.md	322	KR1a0145_WYG_003-21b
051.md	330	KR1a0145_WYG_003-22a
051.md	338	KR1a0145_WYG_003-22b
051.md	346	KR1a0145_WYG_003-23a
051.md	354	KR1a0145_WYG_003-23b
051.md	362	KR1a0145_WYG_003-24a
051.md	370	KR1a0145_WYG_003-24b
051.md	378	KR1a0145_WYG_003-25a
051.md	386	KR1a0145_WYG_003-25b
051.md	394	KR1a0145_WYG_003-26a
051.md	402	KR1a0145_WYG_003-26b
052.md	3	KR1a0145_WYG_019-1a
052.md	11	KR1a0145_WYG_019-1b
052.md	19	KR1a0145_WYG_019-2a
052.md	27	KR1a0145_WYG_019-2b
052.md	35	KR1a0145_WYG_019-3a
052.md	43	KR1a0145_WYG_019-3b
053.md	3	KR1a0145_WYG_038-1a
053.md	9	KR1a0145_WYG_038-1b
053.md	10	KR1a0145_WYG_038-2a
053.md	18	KR1a0145_WYG_038-2b
053.md	26	KR1a0145_WYG_038-3a
053.md	34	KR1a0145_WYG_038-3b
053.md	42	KR1a0145_WYG_038-4a
053.md	50	KR1a0145_WYG_038-4b
053.md	58	KR1a0145_WYG_038-5a
053.md	66	KR1a0145_WYG_038-5b
053.md	74	KR1a0145_WYG_038-6a
053.md	82	KR1a0145_WYG_038-6b
053.md	90	KR1a0145_WYG_038-7a
053.md	98	KR1a0145_WYG_038-7b
053.md	106	KR1a0145_WYG_038-8a
053.md	114	KR1a0145_WYG_038-8b
053.md	122	KR1a0145_WYG_038-9a
053.md	130	KR1a0145_WYG_038-9b
053.md	138	KR1a0145_WYG_038-10a
053.md	146	KR1a0145_WYG_038-10b
053.md	154	KR1a0145_WYG_038-11a
053.md	162	KR1a0145_WYG_038-11b
053.md	170	KR1a0145_WYG_038-12a
053.md	178	KR1a0145_WYG_038-12b
053.md	186	KR1a0145_WYG_038-13a
053.md	194	KR1a0145_WYG_038-13b
053.md	202	KR1a0145_WYG_038-14a
053.md	210	KR1a0145_WYG_038-14b
053.md	218	KR1a0145_WYG_038-15a
053.md	226	KR1a0145_WYG_038-15b
053.md	234	KR1a0145_WYG_038-16a
053.md	242	KR1a0145_WYG_038-16b
053.md	250	KR1a0145_WYG_038-17a
053.md	258	KR1a0145_WYG_038-17b
053.md	266	KR1a0145_WYG_038-18a
053.md	274	KR1a0145_WYG_038-18b
053.md	282	KR1a0145_WYG_038-19a
053.md	290	KR1a0145_WYG_038-19b
053.md	298	KR1a0145_WYG_038-20a
053.md	306	KR1a0145_WYG_038-20b
053.md	314	KR1a0145_WYG_038-21a
053.md	322	KR1a0145_WYG_038-21b
053.md	330	KR1a0145_WYG_038-22a
053.md	338	KR1a0145_WYG_038-22b
053.md	346	KR1a0145_WYG_038-23a
053.md	354	KR1a0145_WYG_038-23b
053.md	362	KR1a0145_WYG_038-24a
053.md	370	KR1a0145_WYG_038-24b
053.md	378	KR1a0145_WYG_038-25a
053.md	386	KR1a0145_WYG_038-25b
053.md	394	KR1a0145_WYG_038-26a
053.md	402	KR1a0145_WYG_038-26b
053.md	410	KR1a0145_WYG_038-27a
053.md	416	KR1a0145_WYG_038-27b
