file	line_no	pb
001.md	3	KR3l0118_WYG_000-1a
001.md	11	KR3l0118_WYG_000-1b
001.md	19	KR3l0118_WYG_000-2a
001.md	27	KR3l0118_WYG_000-2b
002.md	3	KR3l0118_WYG_001-1a
002.md	11	KR3l0118_WYG_001-1b
002.md	19	KR3l0118_WYG_001-2a
002.md	27	KR3l0118_WYG_001-2b
002.md	35	KR3l0118_WYG_001-3a
002.md	43	KR3l0118_WYG_001-3b
002.md	51	KR3l0118_WYG_001-4a
002.md	59	KR3l0118_WYG_001-4b
002.md	67	KR3l0118_WYG_001-5a
002.md	75	KR3l0118_WYG_001-5b
002.md	83	KR3l0118_WYG_001-6a
002.md	91	KR3l0118_WYG_001-6b
002.md	99	KR3l0118_WYG_001-7a
002.md	107	KR3l0118_WYG_001-7b
002.md	115	KR3l0118_WYG_001-8a
002.md	123	KR3l0118_WYG_001-8b
002.md	131	KR3l0118_WYG_001-9a
002.md	139	KR3l0118_WYG_001-9b
002.md	147	KR3l0118_WYG_001-10a
002.md	155	KR3l0118_WYG_001-10b
003.md	3	KR3l0118_WYG_002-1a
003.md	11	KR3l0118_WYG_002-1b
003.md	19	KR3l0118_WYG_002-2a
003.md	27	KR3l0118_WYG_002-2b
003.md	35	KR3l0118_WYG_002-3a
003.md	43	KR3l0118_WYG_002-3b
003.md	51	KR3l0118_WYG_002-4a
003.md	59	KR3l0118_WYG_002-4b
003.md	67	KR3l0118_WYG_002-5a
003.md	75	KR3l0118_WYG_002-5b
003.md	83	KR3l0118_WYG_002-6a
003.md	91	KR3l0118_WYG_002-6b
003.md	99	KR3l0118_WYG_002-7a
003.md	107	KR3l0118_WYG_002-7b
003.md	115	KR3l0118_WYG_002-8a
003.md	123	KR3l0118_WYG_002-8b
003.md	131	KR3l0118_WYG_002-9a
003.md	139	KR3l0118_WYG_002-9b
004.md	3	KR3l0118_WYG_003-1a
004.md	11	KR3l0118_WYG_003-1b
004.md	19	KR3l0118_WYG_003-2a
004.md	27	KR3l0118_WYG_003-2b
004.md	35	KR3l0118_WYG_003-3a
004.md	43	KR3l0118_WYG_003-3b
004.md	51	KR3l0118_WYG_003-4a
004.md	59	KR3l0118_WYG_003-4b
004.md	67	KR3l0118_WYG_003-5a
004.md	75	KR3l0118_WYG_003-5b
004.md	83	KR3l0118_WYG_003-6a
004.md	91	KR3l0118_WYG_003-6b
004.md	99	KR3l0118_WYG_003-7a
004.md	107	KR3l0118_WYG_003-7b
004.md	115	KR3l0118_WYG_003-8a
004.md	123	KR3l0118_WYG_003-8b
004.md	131	KR3l0118_WYG_003-9a
004.md	139	KR3l0118_WYG_003-9b
004.md	147	KR3l0118_WYG_003-10a
004.md	155	KR3l0118_WYG_003-10b
004.md	163	KR3l0118_WYG_003-11a
004.md	171	KR3l0118_WYG_003-11b
004.md	179	KR3l0118_WYG_003-12a
004.md	187	KR3l0118_WYG_003-12b
004.md	195	KR3l0118_WYG_003-13a
004.md	203	KR3l0118_WYG_003-13b
004.md	211	KR3l0118_WYG_003-14a
004.md	219	KR3l0118_WYG_003-14b
004.md	227	KR3l0118_WYG_003-15a
004.md	235	KR3l0118_WYG_003-15b
004.md	243	KR3l0118_WYG_003-16a
004.md	251	KR3l0118_WYG_003-16b
004.md	259	KR3l0118_WYG_003-17a
004.md	267	KR3l0118_WYG_003-17b
004.md	275	KR3l0118_WYG_003-18a
004.md	283	KR3l0118_WYG_003-18b
005.md	3	KR3l0118_WYG_004-1a
005.md	11	KR3l0118_WYG_004-1b
005.md	19	KR3l0118_WYG_004-2a
005.md	27	KR3l0118_WYG_004-2b
005.md	35	KR3l0118_WYG_004-3a
005.md	43	KR3l0118_WYG_004-3b
005.md	51	KR3l0118_WYG_004-4a
005.md	59	KR3l0118_WYG_004-4b
005.md	67	KR3l0118_WYG_004-5a
005.md	75	KR3l0118_WYG_004-5b
005.md	83	KR3l0118_WYG_004-6a
005.md	91	KR3l0118_WYG_004-6b
005.md	99	KR3l0118_WYG_004-7a
005.md	107	KR3l0118_WYG_004-7b
005.md	115	KR3l0118_WYG_004-8a
005.md	123	KR3l0118_WYG_004-8b
005.md	131	KR3l0118_WYG_004-9a
005.md	139	KR3l0118_WYG_004-9b
005.md	147	KR3l0118_WYG_004-10a
005.md	155	KR3l0118_WYG_004-10b
005.md	163	KR3l0118_WYG_004-11a
005.md	171	KR3l0118_WYG_004-11b
006.md	3	KR3l0118_WYG_005-1a
006.md	11	KR3l0118_WYG_005-1b
006.md	19	KR3l0118_WYG_005-2a
006.md	27	KR3l0118_WYG_005-2b
006.md	35	KR3l0118_WYG_005-3a
006.md	43	KR3l0118_WYG_005-3b
006.md	51	KR3l0118_WYG_005-4a
006.md	59	KR3l0118_WYG_005-4b
006.md	67	KR3l0118_WYG_005-5a
006.md	75	KR3l0118_WYG_005-5b
006.md	83	KR3l0118_WYG_005-6a
006.md	91	KR3l0118_WYG_005-6b
006.md	99	KR3l0118_WYG_005-7a
006.md	107	KR3l0118_WYG_005-7b
006.md	115	KR3l0118_WYG_005-8a
006.md	123	KR3l0118_WYG_005-8b
006.md	131	KR3l0118_WYG_005-9a
006.md	139	KR3l0118_WYG_005-9b
006.md	147	KR3l0118_WYG_005-10a
006.md	155	KR3l0118_WYG_005-10b
006.md	163	KR3l0118_WYG_005-11a
006.md	171	KR3l0118_WYG_005-11b
007.md	3	KR3l0118_WYG_006-1a
007.md	11	KR3l0118_WYG_006-1b
007.md	19	KR3l0118_WYG_006-2a
007.md	27	KR3l0118_WYG_006-2b
007.md	35	KR3l0118_WYG_006-3a
007.md	43	KR3l0118_WYG_006-3b
007.md	51	KR3l0118_WYG_006-4a
007.md	59	KR3l0118_WYG_006-4b
007.md	67	KR3l0118_WYG_006-5a
007.md	75	KR3l0118_WYG_006-5b
007.md	83	KR3l0118_WYG_006-6a
007.md	91	KR3l0118_WYG_006-6b
007.md	99	KR3l0118_WYG_006-7a
007.md	107	KR3l0118_WYG_006-7b
007.md	115	KR3l0118_WYG_006-8a
007.md	123	KR3l0118_WYG_006-8b
007.md	131	KR3l0118_WYG_006-9a
007.md	139	KR3l0118_WYG_006-9b
007.md	147	KR3l0118_WYG_006-10a
007.md	155	KR3l0118_WYG_006-10b
008.md	3	KR3l0118_WYG_007-1a
008.md	11	KR3l0118_WYG_007-1b
008.md	19	KR3l0118_WYG_007-2a
008.md	27	KR3l0118_WYG_007-2b
008.md	35	KR3l0118_WYG_007-3a
008.md	43	KR3l0118_WYG_007-3b
008.md	51	KR3l0118_WYG_007-4a
008.md	59	KR3l0118_WYG_007-4b
008.md	67	KR3l0118_WYG_007-5a
008.md	75	KR3l0118_WYG_007-5b
008.md	83	KR3l0118_WYG_007-6a
008.md	91	KR3l0118_WYG_007-6b
008.md	99	KR3l0118_WYG_007-7a
008.md	107	KR3l0118_WYG_007-7b
008.md	115	KR3l0118_WYG_007-8a
008.md	123	KR3l0118_WYG_007-8b
008.md	131	KR3l0118_WYG_007-9a
008.md	139	KR3l0118_WYG_007-9b
008.md	147	KR3l0118_WYG_007-10a
008.md	155	KR3l0118_WYG_007-10b
008.md	163	KR3l0118_WYG_007-11a
008.md	171	KR3l0118_WYG_007-11b
009.md	3	KR3l0118_WYG_008-1a
009.md	11	KR3l0118_WYG_008-1b
009.md	19	KR3l0118_WYG_008-2a
009.md	27	KR3l0118_WYG_008-2b
009.md	35	KR3l0118_WYG_008-3a
009.md	43	KR3l0118_WYG_008-3b
009.md	51	KR3l0118_WYG_008-4a
009.md	59	KR3l0118_WYG_008-4b
009.md	67	KR3l0118_WYG_008-5a
009.md	75	KR3l0118_WYG_008-5b
009.md	83	KR3l0118_WYG_008-6a
009.md	91	KR3l0118_WYG_008-6b
009.md	99	KR3l0118_WYG_008-7a
009.md	107	KR3l0118_WYG_008-7b
009.md	115	KR3l0118_WYG_008-8a
009.md	123	KR3l0118_WYG_008-8b
009.md	131	KR3l0118_WYG_008-9a
009.md	139	KR3l0118_WYG_008-9b
009.md	147	KR3l0118_WYG_008-10a
009.md	155	KR3l0118_WYG_008-10b
009.md	163	KR3l0118_WYG_008-11a
009.md	171	KR3l0118_WYG_008-11b
009.md	179	KR3l0118_WYG_008-12a
009.md	187	KR3l0118_WYG_008-12b
010.md	3	KR3l0118_WYG_009-1a
010.md	11	KR3l0118_WYG_009-1b
010.md	19	KR3l0118_WYG_009-2a
010.md	27	KR3l0118_WYG_009-2b
010.md	35	KR3l0118_WYG_009-3a
010.md	43	KR3l0118_WYG_009-3b
010.md	51	KR3l0118_WYG_009-4a
010.md	59	KR3l0118_WYG_009-4b
010.md	67	KR3l0118_WYG_009-5a
010.md	75	KR3l0118_WYG_009-5b
010.md	83	KR3l0118_WYG_009-6a
010.md	91	KR3l0118_WYG_009-6b
010.md	99	KR3l0118_WYG_009-7a
010.md	107	KR3l0118_WYG_009-7b
010.md	115	KR3l0118_WYG_009-8a
010.md	123	KR3l0118_WYG_009-8b
010.md	131	KR3l0118_WYG_009-9a
010.md	139	KR3l0118_WYG_009-9b
010.md	147	KR3l0118_WYG_009-10a
010.md	155	KR3l0118_WYG_009-10b
011.md	3	KR3l0118_WYG_010-1a
011.md	11	KR3l0118_WYG_010-1b
011.md	19	KR3l0118_WYG_010-2a
011.md	27	KR3l0118_WYG_010-2b
011.md	35	KR3l0118_WYG_010-3a
011.md	43	KR3l0118_WYG_010-3b
011.md	51	KR3l0118_WYG_010-4a
011.md	59	KR3l0118_WYG_010-4b
011.md	67	KR3l0118_WYG_010-5a
011.md	75	KR3l0118_WYG_010-5b
011.md	83	KR3l0118_WYG_010-6a
011.md	91	KR3l0118_WYG_010-6b
011.md	99	KR3l0118_WYG_010-7a
011.md	107	KR3l0118_WYG_010-7b
011.md	115	KR3l0118_WYG_010-8a
011.md	123	KR3l0118_WYG_010-8b
011.md	131	KR3l0118_WYG_010-9a
011.md	139	KR3l0118_WYG_010-9b
011.md	147	KR3l0118_WYG_010-10a
011.md	155	KR3l0118_WYG_010-10b
011.md	163	KR3l0118_WYG_010-11a
011.md	171	KR3l0118_WYG_010-11b
012.md	3	KR3l0118_WYG_011-1a
012.md	11	KR3l0118_WYG_011-1b
012.md	19	KR3l0118_WYG_011-2a
012.md	27	KR3l0118_WYG_011-2b
012.md	35	KR3l0118_WYG_011-3a
012.md	43	KR3l0118_WYG_011-3b
012.md	51	KR3l0118_WYG_011-4a
012.md	59	KR3l0118_WYG_011-4b
012.md	67	KR3l0118_WYG_011-5a
012.md	75	KR3l0118_WYG_011-5b
012.md	83	KR3l0118_WYG_011-6a
012.md	91	KR3l0118_WYG_011-6b
012.md	99	KR3l0118_WYG_011-7a
012.md	107	KR3l0118_WYG_011-7b
012.md	115	KR3l0118_WYG_011-8a
012.md	123	KR3l0118_WYG_011-8b
012.md	131	KR3l0118_WYG_011-9a
012.md	139	KR3l0118_WYG_011-9b
012.md	147	KR3l0118_WYG_011-10a
012.md	155	KR3l0118_WYG_011-10b
012.md	163	KR3l0118_WYG_011-11a
012.md	171	KR3l0118_WYG_011-11b
012.md	179	KR3l0118_WYG_011-12a
012.md	187	KR3l0118_WYG_011-12b
013.md	3	KR3l0118_WYG_012-1a
013.md	11	KR3l0118_WYG_012-1b
013.md	19	KR3l0118_WYG_012-2a
013.md	27	KR3l0118_WYG_012-2b
013.md	35	KR3l0118_WYG_012-3a
013.md	43	KR3l0118_WYG_012-3b
013.md	51	KR3l0118_WYG_012-4a
013.md	59	KR3l0118_WYG_012-4b
013.md	67	KR3l0118_WYG_012-5a
013.md	75	KR3l0118_WYG_012-5b
013.md	83	KR3l0118_WYG_012-6a
013.md	91	KR3l0118_WYG_012-6b
013.md	99	KR3l0118_WYG_012-7a
013.md	107	KR3l0118_WYG_012-7b
013.md	115	KR3l0118_WYG_012-8a
013.md	123	KR3l0118_WYG_012-8b
013.md	131	KR3l0118_WYG_012-9a
013.md	139	KR3l0118_WYG_012-9b
013.md	147	KR3l0118_WYG_012-10a
013.md	155	KR3l0118_WYG_012-10b
013.md	163	KR3l0118_WYG_012-11a
013.md	171	KR3l0118_WYG_012-11b
014.md	3	KR3l0118_WYG_013-1a
014.md	11	KR3l0118_WYG_013-1b
014.md	19	KR3l0118_WYG_013-2a
014.md	27	KR3l0118_WYG_013-2b
014.md	35	KR3l0118_WYG_013-3a
014.md	43	KR3l0118_WYG_013-3b
014.md	51	KR3l0118_WYG_013-4a
014.md	59	KR3l0118_WYG_013-4b
014.md	67	KR3l0118_WYG_013-5a
014.md	75	KR3l0118_WYG_013-5b
014.md	83	KR3l0118_WYG_013-6a
014.md	91	KR3l0118_WYG_013-6b
014.md	99	KR3l0118_WYG_013-7a
014.md	107	KR3l0118_WYG_013-7b
014.md	115	KR3l0118_WYG_013-8a
014.md	123	KR3l0118_WYG_013-8b
014.md	131	KR3l0118_WYG_013-9a
014.md	139	KR3l0118_WYG_013-9b
014.md	147	KR3l0118_WYG_013-10a
014.md	155	KR3l0118_WYG_013-10b
014.md	163	KR3l0118_WYG_013-11a
014.md	171	KR3l0118_WYG_013-11b
014.md	179	KR3l0118_WYG_013-12a
014.md	187	KR3l0118_WYG_013-12b
014.md	195	KR3l0118_WYG_013-13a
014.md	203	KR3l0118_WYG_013-13b
014.md	211	KR3l0118_WYG_013-14a
014.md	219	KR3l0118_WYG_013-14b
015.md	3	KR3l0118_WYG_014-1a
015.md	11	KR3l0118_WYG_014-1b
015.md	19	KR3l0118_WYG_014-2a
015.md	27	KR3l0118_WYG_014-2b
015.md	35	KR3l0118_WYG_014-3a
015.md	43	KR3l0118_WYG_014-3b
015.md	51	KR3l0118_WYG_014-4a
015.md	59	KR3l0118_WYG_014-4b
015.md	67	KR3l0118_WYG_014-5a
015.md	75	KR3l0118_WYG_014-5b
015.md	83	KR3l0118_WYG_014-6a
015.md	91	KR3l0118_WYG_014-6b
015.md	99	KR3l0118_WYG_014-7a
015.md	107	KR3l0118_WYG_014-7b
015.md	115	KR3l0118_WYG_014-8a
015.md	123	KR3l0118_WYG_014-8b
015.md	131	KR3l0118_WYG_014-9a
015.md	139	KR3l0118_WYG_014-9b
015.md	147	KR3l0118_WYG_014-10a
015.md	155	KR3l0118_WYG_014-10b
015.md	163	KR3l0118_WYG_014-11a
015.md	171	KR3l0118_WYG_014-11b
016.md	3	KR3l0118_WYG_015-1a
016.md	11	KR3l0118_WYG_015-1b
016.md	19	KR3l0118_WYG_015-2a
016.md	27	KR3l0118_WYG_015-2b
016.md	35	KR3l0118_WYG_015-3a
016.md	43	KR3l0118_WYG_015-3b
016.md	51	KR3l0118_WYG_015-4a
016.md	59	KR3l0118_WYG_015-4b
016.md	67	KR3l0118_WYG_015-5a
016.md	75	KR3l0118_WYG_015-5b
016.md	83	KR3l0118_WYG_015-6a
016.md	91	KR3l0118_WYG_015-6b
016.md	99	KR3l0118_WYG_015-7a
016.md	107	KR3l0118_WYG_015-7b
016.md	115	KR3l0118_WYG_015-8a
016.md	123	KR3l0118_WYG_015-8b
016.md	131	KR3l0118_WYG_015-9a
016.md	139	KR3l0118_WYG_015-9b
016.md	147	KR3l0118_WYG_015-10a
016.md	155	KR3l0118_WYG_015-10b
017.md	3	KR3l0118_WYG_016-1a
017.md	11	KR3l0118_WYG_016-1b
017.md	19	KR3l0118_WYG_016-2a
017.md	27	KR3l0118_WYG_016-2b
017.md	35	KR3l0118_WYG_016-3a
017.md	43	KR3l0118_WYG_016-3b
017.md	51	KR3l0118_WYG_016-4a
017.md	59	KR3l0118_WYG_016-4b
017.md	67	KR3l0118_WYG_016-5a
017.md	75	KR3l0118_WYG_016-5b
017.md	83	KR3l0118_WYG_016-6a
017.md	91	KR3l0118_WYG_016-6b
017.md	99	KR3l0118_WYG_016-7a
017.md	107	KR3l0118_WYG_016-7b
017.md	115	KR3l0118_WYG_016-8a
017.md	123	KR3l0118_WYG_016-8b
017.md	131	KR3l0118_WYG_016-9a
017.md	139	KR3l0118_WYG_016-9b
017.md	147	KR3l0118_WYG_016-10a
017.md	155	KR3l0118_WYG_016-10b
017.md	163	KR3l0118_WYG_016-11a
017.md	171	KR3l0118_WYG_016-11b
018.md	3	KR3l0118_WYG_017-1a
018.md	11	KR3l0118_WYG_017-1b
018.md	19	KR3l0118_WYG_017-2a
018.md	27	KR3l0118_WYG_017-2b
018.md	35	KR3l0118_WYG_017-3a
018.md	43	KR3l0118_WYG_017-3b
018.md	51	KR3l0118_WYG_017-4a
018.md	59	KR3l0118_WYG_017-4b
018.md	67	KR3l0118_WYG_017-5a
018.md	75	KR3l0118_WYG_017-5b
018.md	83	KR3l0118_WYG_017-6a
018.md	91	KR3l0118_WYG_017-6b
018.md	99	KR3l0118_WYG_017-7a
018.md	107	KR3l0118_WYG_017-7b
018.md	115	KR3l0118_WYG_017-8a
018.md	123	KR3l0118_WYG_017-8b
018.md	131	KR3l0118_WYG_017-9a
018.md	139	KR3l0118_WYG_017-9b
019.md	3	KR3l0118_WYG_018-1a
019.md	11	KR3l0118_WYG_018-1b
019.md	19	KR3l0118_WYG_018-2a
019.md	27	KR3l0118_WYG_018-2b
019.md	35	KR3l0118_WYG_018-3a
019.md	43	KR3l0118_WYG_018-3b
019.md	51	KR3l0118_WYG_018-4a
019.md	59	KR3l0118_WYG_018-4b
019.md	67	KR3l0118_WYG_018-5a
019.md	75	KR3l0118_WYG_018-5b
019.md	83	KR3l0118_WYG_018-6a
019.md	91	KR3l0118_WYG_018-6b
019.md	99	KR3l0118_WYG_018-7a
019.md	107	KR3l0118_WYG_018-7b
019.md	115	KR3l0118_WYG_018-8a
019.md	123	KR3l0118_WYG_018-8b
019.md	131	KR3l0118_WYG_018-9a
019.md	139	KR3l0118_WYG_018-9b
019.md	147	KR3l0118_WYG_018-10a
019.md	155	KR3l0118_WYG_018-10b
020.md	3	KR3l0118_WYG_019-1a
020.md	11	KR3l0118_WYG_019-1b
020.md	19	KR3l0118_WYG_019-2a
020.md	27	KR3l0118_WYG_019-2b
020.md	35	KR3l0118_WYG_019-3a
020.md	43	KR3l0118_WYG_019-3b
020.md	51	KR3l0118_WYG_019-4a
020.md	59	KR3l0118_WYG_019-4b
020.md	67	KR3l0118_WYG_019-5a
020.md	75	KR3l0118_WYG_019-5b
020.md	83	KR3l0118_WYG_019-6a
020.md	91	KR3l0118_WYG_019-6b
020.md	99	KR3l0118_WYG_019-7a
020.md	107	KR3l0118_WYG_019-7b
020.md	115	KR3l0118_WYG_019-8a
020.md	123	KR3l0118_WYG_019-8b
020.md	131	KR3l0118_WYG_019-9a
020.md	139	KR3l0118_WYG_019-9b
021.md	3	KR3l0118_WYG_020-1a
021.md	11	KR3l0118_WYG_020-1b
021.md	19	KR3l0118_WYG_020-2a
021.md	27	KR3l0118_WYG_020-2b
021.md	35	KR3l0118_WYG_020-3a
021.md	43	KR3l0118_WYG_020-3b
021.md	51	KR3l0118_WYG_020-4a
021.md	59	KR3l0118_WYG_020-4b
021.md	67	KR3l0118_WYG_020-5a
021.md	75	KR3l0118_WYG_020-5b
021.md	83	KR3l0118_WYG_020-6a
021.md	91	KR3l0118_WYG_020-6b
021.md	99	KR3l0118_WYG_020-7a
021.md	107	KR3l0118_WYG_020-7b
021.md	115	KR3l0118_WYG_020-8a
021.md	123	KR3l0118_WYG_020-8b
021.md	131	KR3l0118_WYG_020-9a
021.md	139	KR3l0118_WYG_020-9b
021.md	147	KR3l0118_WYG_020-10a
021.md	155	KR3l0118_WYG_020-10b
022.md	3	KR3l0118_WYG_021-1a
022.md	11	KR3l0118_WYG_021-1b
022.md	19	KR3l0118_WYG_021-2a
022.md	27	KR3l0118_WYG_021-2b
022.md	35	KR3l0118_WYG_021-3a
022.md	43	KR3l0118_WYG_021-3b
022.md	51	KR3l0118_WYG_021-4a
022.md	59	KR3l0118_WYG_021-4b
022.md	67	KR3l0118_WYG_021-5a
022.md	75	KR3l0118_WYG_021-5b
022.md	83	KR3l0118_WYG_021-6a
022.md	91	KR3l0118_WYG_021-6b
022.md	99	KR3l0118_WYG_021-7a
022.md	107	KR3l0118_WYG_021-7b
022.md	115	KR3l0118_WYG_021-8a
022.md	123	KR3l0118_WYG_021-8b
022.md	131	KR3l0118_WYG_021-9a
022.md	139	KR3l0118_WYG_021-9b
022.md	147	KR3l0118_WYG_021-10a
022.md	155	KR3l0118_WYG_021-10b
023.md	3	KR3l0118_WYG_022-1a
023.md	11	KR3l0118_WYG_022-1b
023.md	19	KR3l0118_WYG_022-2a
023.md	27	KR3l0118_WYG_022-2b
023.md	35	KR3l0118_WYG_022-3a
023.md	43	KR3l0118_WYG_022-3b
023.md	51	KR3l0118_WYG_022-4a
023.md	59	KR3l0118_WYG_022-4b
023.md	67	KR3l0118_WYG_022-5a
023.md	75	KR3l0118_WYG_022-5b
023.md	83	KR3l0118_WYG_022-6a
023.md	91	KR3l0118_WYG_022-6b
023.md	99	KR3l0118_WYG_022-7a
023.md	107	KR3l0118_WYG_022-7b
023.md	115	KR3l0118_WYG_022-8a
023.md	123	KR3l0118_WYG_022-8b
023.md	131	KR3l0118_WYG_022-9a
023.md	139	KR3l0118_WYG_022-9b
023.md	147	KR3l0118_WYG_022-10a
023.md	155	KR3l0118_WYG_022-10b
023.md	163	KR3l0118_WYG_022-11a
023.md	171	KR3l0118_WYG_022-11b
024.md	3	KR3l0118_WYG_023-1a
024.md	11	KR3l0118_WYG_023-1b
024.md	19	KR3l0118_WYG_023-2a
024.md	27	KR3l0118_WYG_023-2b
024.md	35	KR3l0118_WYG_023-3a
024.md	43	KR3l0118_WYG_023-3b
024.md	51	KR3l0118_WYG_023-4a
024.md	59	KR3l0118_WYG_023-4b
024.md	67	KR3l0118_WYG_023-5a
024.md	75	KR3l0118_WYG_023-5b
024.md	83	KR3l0118_WYG_023-6a
024.md	91	KR3l0118_WYG_023-6b
024.md	99	KR3l0118_WYG_023-7a
024.md	107	KR3l0118_WYG_023-7b
024.md	115	KR3l0118_WYG_023-8a
024.md	123	KR3l0118_WYG_023-8b
024.md	131	KR3l0118_WYG_023-9a
024.md	139	KR3l0118_WYG_023-9b
024.md	147	KR3l0118_WYG_023-10a
024.md	155	KR3l0118_WYG_023-10b
025.md	3	KR3l0118_WYG_024-1a
025.md	11	KR3l0118_WYG_024-1b
025.md	19	KR3l0118_WYG_024-2a
025.md	27	KR3l0118_WYG_024-2b
025.md	35	KR3l0118_WYG_024-3a
025.md	43	KR3l0118_WYG_024-3b
025.md	51	KR3l0118_WYG_024-4a
025.md	59	KR3l0118_WYG_024-4b
025.md	67	KR3l0118_WYG_024-5a
025.md	75	KR3l0118_WYG_024-5b
025.md	83	KR3l0118_WYG_024-6a
025.md	91	KR3l0118_WYG_024-6b
025.md	99	KR3l0118_WYG_024-7a
025.md	107	KR3l0118_WYG_024-7b
025.md	115	KR3l0118_WYG_024-8a
025.md	123	KR3l0118_WYG_024-8b
026.md	3	KR3l0118_WYG_025-1a
026.md	11	KR3l0118_WYG_025-1b
026.md	19	KR3l0118_WYG_025-2a
026.md	27	KR3l0118_WYG_025-2b
026.md	35	KR3l0118_WYG_025-3a
026.md	43	KR3l0118_WYG_025-3b
026.md	51	KR3l0118_WYG_025-4a
026.md	59	KR3l0118_WYG_025-4b
026.md	67	KR3l0118_WYG_025-5a
026.md	75	KR3l0118_WYG_025-5b
026.md	83	KR3l0118_WYG_025-6a
026.md	91	KR3l0118_WYG_025-6b
026.md	99	KR3l0118_WYG_025-7a
026.md	107	KR3l0118_WYG_025-7b
026.md	115	KR3l0118_WYG_025-8a
026.md	123	KR3l0118_WYG_025-8b
026.md	131	KR3l0118_WYG_025-9a
026.md	139	KR3l0118_WYG_025-9b
026.md	147	KR3l0118_WYG_025-10a
026.md	155	KR3l0118_WYG_025-10b
027.md	3	KR3l0118_WYG_026-1a
027.md	11	KR3l0118_WYG_026-1b
027.md	19	KR3l0118_WYG_026-2a
027.md	27	KR3l0118_WYG_026-2b
027.md	35	KR3l0118_WYG_026-3a
027.md	43	KR3l0118_WYG_026-3b
027.md	51	KR3l0118_WYG_026-4a
027.md	59	KR3l0118_WYG_026-4b
027.md	67	KR3l0118_WYG_026-5a
027.md	75	KR3l0118_WYG_026-5b
027.md	83	KR3l0118_WYG_026-6a
027.md	91	KR3l0118_WYG_026-6b
027.md	99	KR3l0118_WYG_026-7a
027.md	107	KR3l0118_WYG_026-7b
027.md	115	KR3l0118_WYG_026-8a
027.md	123	KR3l0118_WYG_026-8b
027.md	131	KR3l0118_WYG_026-9a
027.md	139	KR3l0118_WYG_026-9b
028.md	3	KR3l0118_WYG_027-1a
028.md	11	KR3l0118_WYG_027-1b
028.md	19	KR3l0118_WYG_027-2a
028.md	27	KR3l0118_WYG_027-2b
028.md	35	KR3l0118_WYG_027-3a
028.md	43	KR3l0118_WYG_027-3b
028.md	51	KR3l0118_WYG_027-4a
028.md	59	KR3l0118_WYG_027-4b
028.md	67	KR3l0118_WYG_027-5a
028.md	75	KR3l0118_WYG_027-5b
028.md	83	KR3l0118_WYG_027-6a
028.md	91	KR3l0118_WYG_027-6b
028.md	99	KR3l0118_WYG_027-7a
028.md	107	KR3l0118_WYG_027-7b
028.md	115	KR3l0118_WYG_027-8a
028.md	123	KR3l0118_WYG_027-8b
028.md	131	KR3l0118_WYG_027-9a
028.md	139	KR3l0118_WYG_027-9b
029.md	3	KR3l0118_WYG_028-1a
029.md	11	KR3l0118_WYG_028-1b
029.md	19	KR3l0118_WYG_028-2a
029.md	27	KR3l0118_WYG_028-2b
029.md	35	KR3l0118_WYG_028-3a
029.md	43	KR3l0118_WYG_028-3b
029.md	51	KR3l0118_WYG_028-4a
029.md	59	KR3l0118_WYG_028-4b
029.md	67	KR3l0118_WYG_028-5a
029.md	75	KR3l0118_WYG_028-5b
029.md	83	KR3l0118_WYG_028-6a
029.md	91	KR3l0118_WYG_028-6b
029.md	99	KR3l0118_WYG_028-7a
029.md	107	KR3l0118_WYG_028-7b
029.md	115	KR3l0118_WYG_028-8a
029.md	123	KR3l0118_WYG_028-8b
030.md	3	KR3l0118_WYG_029-1a
030.md	11	KR3l0118_WYG_029-1b
030.md	19	KR3l0118_WYG_029-2a
030.md	27	KR3l0118_WYG_029-2b
030.md	35	KR3l0118_WYG_029-3a
030.md	43	KR3l0118_WYG_029-3b
030.md	51	KR3l0118_WYG_029-4a
030.md	59	KR3l0118_WYG_029-4b
030.md	67	KR3l0118_WYG_029-5a
030.md	75	KR3l0118_WYG_029-5b
030.md	83	KR3l0118_WYG_029-6a
030.md	91	KR3l0118_WYG_029-6b
030.md	99	KR3l0118_WYG_029-7a
030.md	107	KR3l0118_WYG_029-7b
030.md	115	KR3l0118_WYG_029-8a
030.md	123	KR3l0118_WYG_029-8b
031.md	3	KR3l0118_WYG_030-1a
031.md	11	KR3l0118_WYG_030-1b
031.md	19	KR3l0118_WYG_030-2a
031.md	27	KR3l0118_WYG_030-2b
031.md	35	KR3l0118_WYG_030-3a
031.md	43	KR3l0118_WYG_030-3b
031.md	51	KR3l0118_WYG_030-4a
031.md	59	KR3l0118_WYG_030-4b
031.md	67	KR3l0118_WYG_030-5a
031.md	75	KR3l0118_WYG_030-5b
031.md	83	KR3l0118_WYG_030-6a
031.md	91	KR3l0118_WYG_030-6b
031.md	99	KR3l0118_WYG_030-7a
031.md	107	KR3l0118_WYG_030-7b
031.md	115	KR3l0118_WYG_030-8a
031.md	123	KR3l0118_WYG_030-8b
031.md	131	KR3l0118_WYG_030-9a
031.md	139	KR3l0118_WYG_030-9b
032.md	3	KR3l0118_WYG_031-1a
032.md	11	KR3l0118_WYG_031-1b
032.md	19	KR3l0118_WYG_031-2a
032.md	27	KR3l0118_WYG_031-2b
032.md	35	KR3l0118_WYG_031-3a
032.md	43	KR3l0118_WYG_031-3b
032.md	51	KR3l0118_WYG_031-4a
032.md	59	KR3l0118_WYG_031-4b
032.md	67	KR3l0118_WYG_031-5a
032.md	75	KR3l0118_WYG_031-5b
032.md	83	KR3l0118_WYG_031-6a
032.md	91	KR3l0118_WYG_031-6b
032.md	99	KR3l0118_WYG_031-7a
032.md	107	KR3l0118_WYG_031-7b
032.md	115	KR3l0118_WYG_031-8a
032.md	123	KR3l0118_WYG_031-8b
032.md	131	KR3l0118_WYG_031-9a
032.md	139	KR3l0118_WYG_031-9b
032.md	147	KR3l0118_WYG_031-10a
032.md	155	KR3l0118_WYG_031-10b
033.md	3	KR3l0118_WYG_032-1a
033.md	11	KR3l0118_WYG_032-1b
033.md	19	KR3l0118_WYG_032-2a
033.md	27	KR3l0118_WYG_032-2b
033.md	35	KR3l0118_WYG_032-3a
033.md	43	KR3l0118_WYG_032-3b
033.md	51	KR3l0118_WYG_032-4a
033.md	59	KR3l0118_WYG_032-4b
033.md	67	KR3l0118_WYG_032-5a
033.md	75	KR3l0118_WYG_032-5b
033.md	83	KR3l0118_WYG_032-6a
033.md	91	KR3l0118_WYG_032-6b
033.md	99	KR3l0118_WYG_032-7a
033.md	107	KR3l0118_WYG_032-7b
033.md	115	KR3l0118_WYG_032-8a
033.md	123	KR3l0118_WYG_032-8b
033.md	131	KR3l0118_WYG_032-9a
033.md	139	KR3l0118_WYG_032-9b
033.md	147	KR3l0118_WYG_032-10a
033.md	155	KR3l0118_WYG_032-10b
034.md	3	KR3l0118_WYG_033-1a
034.md	11	KR3l0118_WYG_033-1b
034.md	19	KR3l0118_WYG_033-2a
034.md	27	KR3l0118_WYG_033-2b
034.md	35	KR3l0118_WYG_033-3a
034.md	43	KR3l0118_WYG_033-3b
034.md	51	KR3l0118_WYG_033-4a
034.md	59	KR3l0118_WYG_033-4b
034.md	67	KR3l0118_WYG_033-5a
034.md	75	KR3l0118_WYG_033-5b
034.md	83	KR3l0118_WYG_033-6a
034.md	91	KR3l0118_WYG_033-6b
034.md	99	KR3l0118_WYG_033-7a
034.md	107	KR3l0118_WYG_033-7b
034.md	115	KR3l0118_WYG_033-8a
034.md	123	KR3l0118_WYG_033-8b
034.md	131	KR3l0118_WYG_033-9a
034.md	139	KR3l0118_WYG_033-9b
035.md	3	KR3l0118_WYG_034-1a
035.md	11	KR3l0118_WYG_034-1b
035.md	19	KR3l0118_WYG_034-2a
035.md	27	KR3l0118_WYG_034-2b
035.md	35	KR3l0118_WYG_034-3a
035.md	43	KR3l0118_WYG_034-3b
035.md	51	KR3l0118_WYG_034-4a
035.md	59	KR3l0118_WYG_034-4b
035.md	67	KR3l0118_WYG_034-5a
035.md	75	KR3l0118_WYG_034-5b
035.md	83	KR3l0118_WYG_034-6a
035.md	91	KR3l0118_WYG_034-6b
035.md	99	KR3l0118_WYG_034-7a
035.md	107	KR3l0118_WYG_034-7b
035.md	115	KR3l0118_WYG_034-8a
035.md	123	KR3l0118_WYG_034-8b
035.md	131	KR3l0118_WYG_034-9a
035.md	139	KR3l0118_WYG_034-9b
035.md	147	KR3l0118_WYG_034-10a
035.md	155	KR3l0118_WYG_034-10b
036.md	3	KR3l0118_WYG_035-1a
036.md	11	KR3l0118_WYG_035-1b
036.md	19	KR3l0118_WYG_035-2a
036.md	27	KR3l0118_WYG_035-2b
036.md	35	KR3l0118_WYG_035-3a
036.md	43	KR3l0118_WYG_035-3b
036.md	51	KR3l0118_WYG_035-4a
036.md	59	KR3l0118_WYG_035-4b
036.md	67	KR3l0118_WYG_035-5a
036.md	75	KR3l0118_WYG_035-5b
036.md	83	KR3l0118_WYG_035-6a
036.md	91	KR3l0118_WYG_035-6b
036.md	99	KR3l0118_WYG_035-7a
036.md	107	KR3l0118_WYG_035-7b
036.md	115	KR3l0118_WYG_035-8a
036.md	123	KR3l0118_WYG_035-8b
036.md	131	KR3l0118_WYG_035-9a
036.md	139	KR3l0118_WYG_035-9b
037.md	3	KR3l0118_WYG_036-1a
037.md	11	KR3l0118_WYG_036-1b
037.md	19	KR3l0118_WYG_036-2a
037.md	27	KR3l0118_WYG_036-2b
037.md	35	KR3l0118_WYG_036-3a
037.md	43	KR3l0118_WYG_036-3b
037.md	51	KR3l0118_WYG_036-4a
037.md	59	KR3l0118_WYG_036-4b
037.md	67	KR3l0118_WYG_036-5a
037.md	75	KR3l0118_WYG_036-5b
037.md	83	KR3l0118_WYG_036-6a
037.md	91	KR3l0118_WYG_036-6b
037.md	99	KR3l0118_WYG_036-7a
037.md	107	KR3l0118_WYG_036-7b
037.md	115	KR3l0118_WYG_036-8a
037.md	123	KR3l0118_WYG_036-8b
037.md	131	KR3l0118_WYG_036-9a
037.md	139	KR3l0118_WYG_036-9b
038.md	3	KR3l0118_WYG_037-1a
038.md	11	KR3l0118_WYG_037-1b
038.md	19	KR3l0118_WYG_037-2a
038.md	27	KR3l0118_WYG_037-2b
038.md	35	KR3l0118_WYG_037-3a
038.md	43	KR3l0118_WYG_037-3b
038.md	51	KR3l0118_WYG_037-4a
038.md	59	KR3l0118_WYG_037-4b
038.md	67	KR3l0118_WYG_037-5a
038.md	75	KR3l0118_WYG_037-5b
038.md	83	KR3l0118_WYG_037-6a
038.md	91	KR3l0118_WYG_037-6b
038.md	99	KR3l0118_WYG_037-7a
038.md	107	KR3l0118_WYG_037-7b
038.md	115	KR3l0118_WYG_037-8a
038.md	123	KR3l0118_WYG_037-8b
039.md	3	KR3l0118_WYG_038-1a
039.md	11	KR3l0118_WYG_038-1b
039.md	19	KR3l0118_WYG_038-2a
039.md	27	KR3l0118_WYG_038-2b
039.md	35	KR3l0118_WYG_038-3a
039.md	43	KR3l0118_WYG_038-3b
039.md	51	KR3l0118_WYG_038-4a
039.md	59	KR3l0118_WYG_038-4b
039.md	67	KR3l0118_WYG_038-5a
039.md	75	KR3l0118_WYG_038-5b
039.md	83	KR3l0118_WYG_038-6a
039.md	91	KR3l0118_WYG_038-6b
039.md	99	KR3l0118_WYG_038-7a
039.md	107	KR3l0118_WYG_038-7b
039.md	115	KR3l0118_WYG_038-8a
039.md	123	KR3l0118_WYG_038-8b
039.md	131	KR3l0118_WYG_038-9a
039.md	139	KR3l0118_WYG_038-9b
039.md	147	KR3l0118_WYG_038-10a
039.md	155	KR3l0118_WYG_038-10b
039.md	163	KR3l0118_WYG_038-11a
039.md	171	KR3l0118_WYG_038-11b
039.md	179	KR3l0118_WYG_038-12a
039.md	187	KR3l0118_WYG_038-12b
039.md	195	KR3l0118_WYG_038-13a
039.md	203	KR3l0118_WYG_038-13b
040.md	3	KR3l0118_WYG_039-1a
040.md	11	KR3l0118_WYG_039-1b
040.md	19	KR3l0118_WYG_039-2a
040.md	27	KR3l0118_WYG_039-2b
040.md	35	KR3l0118_WYG_039-3a
040.md	43	KR3l0118_WYG_039-3b
040.md	51	KR3l0118_WYG_039-4a
040.md	59	KR3l0118_WYG_039-4b
040.md	67	KR3l0118_WYG_039-5a
040.md	75	KR3l0118_WYG_039-5b
040.md	83	KR3l0118_WYG_039-6a
040.md	91	KR3l0118_WYG_039-6b
040.md	99	KR3l0118_WYG_039-7a
040.md	107	KR3l0118_WYG_039-7b
040.md	115	KR3l0118_WYG_039-8a
040.md	123	KR3l0118_WYG_039-8b
041.md	3	KR3l0118_WYG_040-1a
041.md	11	KR3l0118_WYG_040-1b
041.md	19	KR3l0118_WYG_040-2a
041.md	27	KR3l0118_WYG_040-2b
041.md	35	KR3l0118_WYG_040-3a
041.md	43	KR3l0118_WYG_040-3b
041.md	51	KR3l0118_WYG_040-4a
041.md	59	KR3l0118_WYG_040-4b
041.md	67	KR3l0118_WYG_040-5a
041.md	75	KR3l0118_WYG_040-5b
041.md	83	KR3l0118_WYG_040-6a
041.md	91	KR3l0118_WYG_040-6b
041.md	99	KR3l0118_WYG_040-7a
041.md	107	KR3l0118_WYG_040-7b
041.md	115	KR3l0118_WYG_040-8a
041.md	123	KR3l0118_WYG_040-8b
041.md	131	KR3l0118_WYG_040-9a
041.md	139	KR3l0118_WYG_040-9b
041.md	147	KR3l0118_WYG_040-10a
041.md	155	KR3l0118_WYG_040-10b
042.md	3	KR3l0118_WYG_041-1a
042.md	11	KR3l0118_WYG_041-1b
042.md	19	KR3l0118_WYG_041-2a
042.md	27	KR3l0118_WYG_041-2b
042.md	35	KR3l0118_WYG_041-3a
042.md	43	KR3l0118_WYG_041-3b
042.md	51	KR3l0118_WYG_041-4a
042.md	59	KR3l0118_WYG_041-4b
042.md	67	KR3l0118_WYG_041-5a
042.md	75	KR3l0118_WYG_041-5b
042.md	83	KR3l0118_WYG_041-6a
042.md	91	KR3l0118_WYG_041-6b
042.md	99	KR3l0118_WYG_041-7a
042.md	107	KR3l0118_WYG_041-7b
042.md	115	KR3l0118_WYG_041-8a
042.md	123	KR3l0118_WYG_041-8b
042.md	131	KR3l0118_WYG_041-9a
042.md	139	KR3l0118_WYG_041-9b
043.md	3	KR3l0118_WYG_042-1a
043.md	11	KR3l0118_WYG_042-1b
043.md	19	KR3l0118_WYG_042-2a
043.md	27	KR3l0118_WYG_042-2b
043.md	35	KR3l0118_WYG_042-3a
043.md	43	KR3l0118_WYG_042-3b
043.md	51	KR3l0118_WYG_042-4a
043.md	59	KR3l0118_WYG_042-4b
043.md	67	KR3l0118_WYG_042-5a
043.md	75	KR3l0118_WYG_042-5b
043.md	83	KR3l0118_WYG_042-6a
043.md	91	KR3l0118_WYG_042-6b
043.md	99	KR3l0118_WYG_042-7a
043.md	107	KR3l0118_WYG_042-7b
043.md	115	KR3l0118_WYG_042-8a
043.md	123	KR3l0118_WYG_042-8b
043.md	131	KR3l0118_WYG_042-9a
043.md	139	KR3l0118_WYG_042-9b
044.md	3	KR3l0118_WYG_043-1a
044.md	11	KR3l0118_WYG_043-1b
044.md	19	KR3l0118_WYG_043-2a
044.md	27	KR3l0118_WYG_043-2b
044.md	35	KR3l0118_WYG_043-3a
044.md	43	KR3l0118_WYG_043-3b
044.md	51	KR3l0118_WYG_043-4a
044.md	59	KR3l0118_WYG_043-4b
044.md	67	KR3l0118_WYG_043-5a
044.md	75	KR3l0118_WYG_043-5b
044.md	83	KR3l0118_WYG_043-6a
044.md	91	KR3l0118_WYG_043-6b
044.md	99	KR3l0118_WYG_043-7a
044.md	107	KR3l0118_WYG_043-7b
044.md	115	KR3l0118_WYG_043-8a
044.md	123	KR3l0118_WYG_043-8b
045.md	3	KR3l0118_WYG_044-1a
045.md	11	KR3l0118_WYG_044-1b
045.md	19	KR3l0118_WYG_044-2a
045.md	27	KR3l0118_WYG_044-2b
045.md	35	KR3l0118_WYG_044-3a
045.md	43	KR3l0118_WYG_044-3b
045.md	51	KR3l0118_WYG_044-4a
045.md	59	KR3l0118_WYG_044-4b
045.md	67	KR3l0118_WYG_044-5a
045.md	75	KR3l0118_WYG_044-5b
045.md	83	KR3l0118_WYG_044-6a
045.md	91	KR3l0118_WYG_044-6b
045.md	99	KR3l0118_WYG_044-7a
045.md	107	KR3l0118_WYG_044-7b
045.md	115	KR3l0118_WYG_044-8a
045.md	123	KR3l0118_WYG_044-8b
046.md	3	KR3l0118_WYG_045-1a
046.md	11	KR3l0118_WYG_045-1b
046.md	19	KR3l0118_WYG_045-2a
046.md	27	KR3l0118_WYG_045-2b
046.md	35	KR3l0118_WYG_045-3a
046.md	43	KR3l0118_WYG_045-3b
046.md	51	KR3l0118_WYG_045-4a
046.md	59	KR3l0118_WYG_045-4b
046.md	67	KR3l0118_WYG_045-5a
046.md	75	KR3l0118_WYG_045-5b
046.md	83	KR3l0118_WYG_045-6a
046.md	91	KR3l0118_WYG_045-6b
046.md	99	KR3l0118_WYG_045-7a
046.md	107	KR3l0118_WYG_045-7b
046.md	115	KR3l0118_WYG_045-8a
046.md	123	KR3l0118_WYG_045-8b
046.md	131	KR3l0118_WYG_045-9a
046.md	139	KR3l0118_WYG_045-9b
047.md	3	KR3l0118_WYG_046-1a
047.md	11	KR3l0118_WYG_046-1b
047.md	19	KR3l0118_WYG_046-2a
047.md	27	KR3l0118_WYG_046-2b
047.md	35	KR3l0118_WYG_046-3a
047.md	43	KR3l0118_WYG_046-3b
047.md	51	KR3l0118_WYG_046-4a
047.md	59	KR3l0118_WYG_046-4b
047.md	67	KR3l0118_WYG_046-5a
047.md	75	KR3l0118_WYG_046-5b
047.md	83	KR3l0118_WYG_046-6a
047.md	91	KR3l0118_WYG_046-6b
047.md	99	KR3l0118_WYG_046-7a
047.md	107	KR3l0118_WYG_046-7b
047.md	115	KR3l0118_WYG_046-8a
047.md	123	KR3l0118_WYG_046-8b
047.md	131	KR3l0118_WYG_046-9a
047.md	139	KR3l0118_WYG_046-9b
048.md	3	KR3l0118_WYG_047-1a
048.md	11	KR3l0118_WYG_047-1b
048.md	19	KR3l0118_WYG_047-2a
048.md	27	KR3l0118_WYG_047-2b
048.md	35	KR3l0118_WYG_047-3a
048.md	43	KR3l0118_WYG_047-3b
048.md	51	KR3l0118_WYG_047-4a
048.md	59	KR3l0118_WYG_047-4b
048.md	67	KR3l0118_WYG_047-5a
048.md	75	KR3l0118_WYG_047-5b
048.md	83	KR3l0118_WYG_047-6a
048.md	91	KR3l0118_WYG_047-6b
048.md	99	KR3l0118_WYG_047-7a
048.md	107	KR3l0118_WYG_047-7b
048.md	115	KR3l0118_WYG_047-8a
048.md	123	KR3l0118_WYG_047-8b
048.md	131	KR3l0118_WYG_047-9a
048.md	139	KR3l0118_WYG_047-9b
048.md	147	KR3l0118_WYG_047-10a
048.md	155	KR3l0118_WYG_047-10b
048.md	163	KR3l0118_WYG_047-11a
048.md	171	KR3l0118_WYG_047-11b
049.md	3	KR3l0118_WYG_048-1a
049.md	11	KR3l0118_WYG_048-1b
049.md	19	KR3l0118_WYG_048-2a
049.md	27	KR3l0118_WYG_048-2b
049.md	35	KR3l0118_WYG_048-3a
049.md	43	KR3l0118_WYG_048-3b
049.md	51	KR3l0118_WYG_048-4a
049.md	59	KR3l0118_WYG_048-4b
049.md	67	KR3l0118_WYG_048-5a
049.md	75	KR3l0118_WYG_048-5b
049.md	83	KR3l0118_WYG_048-6a
049.md	91	KR3l0118_WYG_048-6b
049.md	99	KR3l0118_WYG_048-7a
049.md	107	KR3l0118_WYG_048-7b
049.md	115	KR3l0118_WYG_048-8a
049.md	123	KR3l0118_WYG_048-8b
049.md	131	KR3l0118_WYG_048-9a
049.md	139	KR3l0118_WYG_048-9b
050.md	3	KR3l0118_WYG_049-1a
050.md	11	KR3l0118_WYG_049-1b
050.md	19	KR3l0118_WYG_049-2a
050.md	27	KR3l0118_WYG_049-2b
050.md	35	KR3l0118_WYG_049-3a
050.md	43	KR3l0118_WYG_049-3b
050.md	51	KR3l0118_WYG_049-4a
050.md	59	KR3l0118_WYG_049-4b
050.md	67	KR3l0118_WYG_049-5a
050.md	75	KR3l0118_WYG_049-5b
050.md	83	KR3l0118_WYG_049-6a
050.md	91	KR3l0118_WYG_049-6b
050.md	99	KR3l0118_WYG_049-7a
050.md	107	KR3l0118_WYG_049-7b
050.md	115	KR3l0118_WYG_049-8a
050.md	123	KR3l0118_WYG_049-8b
050.md	131	KR3l0118_WYG_049-9a
050.md	139	KR3l0118_WYG_049-9b
051.md	3	KR3l0118_WYG_050-1a
051.md	11	KR3l0118_WYG_050-1b
051.md	19	KR3l0118_WYG_050-2a
051.md	27	KR3l0118_WYG_050-2b
051.md	35	KR3l0118_WYG_050-3a
051.md	43	KR3l0118_WYG_050-3b
051.md	51	KR3l0118_WYG_050-4a
051.md	59	KR3l0118_WYG_050-4b
051.md	67	KR3l0118_WYG_050-5a
051.md	75	KR3l0118_WYG_050-5b
051.md	83	KR3l0118_WYG_050-6a
051.md	91	KR3l0118_WYG_050-6b
051.md	99	KR3l0118_WYG_050-7a
051.md	107	KR3l0118_WYG_050-7b
051.md	115	KR3l0118_WYG_050-8a
051.md	123	KR3l0118_WYG_050-8b
051.md	131	KR3l0118_WYG_050-9a
051.md	139	KR3l0118_WYG_050-9b
051.md	147	KR3l0118_WYG_050-10a
051.md	155	KR3l0118_WYG_050-10b
051.md	163	KR3l0118_WYG_050-11a
051.md	171	KR3l0118_WYG_050-11b
052.md	3	KR3l0118_WYG_051-1a
052.md	11	KR3l0118_WYG_051-1b
052.md	19	KR3l0118_WYG_051-2a
052.md	27	KR3l0118_WYG_051-2b
052.md	35	KR3l0118_WYG_051-3a
052.md	43	KR3l0118_WYG_051-3b
052.md	51	KR3l0118_WYG_051-4a
052.md	59	KR3l0118_WYG_051-4b
052.md	67	KR3l0118_WYG_051-5a
052.md	75	KR3l0118_WYG_051-5b
053.md	3	KR3l0118_WYG_052-1a
053.md	11	KR3l0118_WYG_052-1b
053.md	19	KR3l0118_WYG_052-2a
053.md	27	KR3l0118_WYG_052-2b
053.md	35	KR3l0118_WYG_052-3a
053.md	43	KR3l0118_WYG_052-3b
053.md	51	KR3l0118_WYG_052-4a
053.md	59	KR3l0118_WYG_052-4b
053.md	67	KR3l0118_WYG_052-5a
053.md	75	KR3l0118_WYG_052-5b
053.md	83	KR3l0118_WYG_052-6a
053.md	91	KR3l0118_WYG_052-6b
053.md	99	KR3l0118_WYG_052-7a
053.md	107	KR3l0118_WYG_052-7b
053.md	115	KR3l0118_WYG_052-8a
053.md	123	KR3l0118_WYG_052-8b
053.md	131	KR3l0118_WYG_052-9a
053.md	139	KR3l0118_WYG_052-9b
053.md	147	KR3l0118_WYG_052-10a
053.md	155	KR3l0118_WYG_052-10b
054.md	3	KR3l0118_WYG_053-1a
054.md	11	KR3l0118_WYG_053-1b
054.md	19	KR3l0118_WYG_053-2a
054.md	27	KR3l0118_WYG_053-2b
054.md	35	KR3l0118_WYG_053-3a
054.md	43	KR3l0118_WYG_053-3b
054.md	51	KR3l0118_WYG_053-4a
054.md	59	KR3l0118_WYG_053-4b
054.md	67	KR3l0118_WYG_053-5a
054.md	75	KR3l0118_WYG_053-5b
054.md	83	KR3l0118_WYG_053-6a
054.md	91	KR3l0118_WYG_053-6b
054.md	99	KR3l0118_WYG_053-7a
054.md	107	KR3l0118_WYG_053-7b
054.md	115	KR3l0118_WYG_053-8a
054.md	123	KR3l0118_WYG_053-8b
054.md	131	KR3l0118_WYG_053-9a
054.md	139	KR3l0118_WYG_053-9b
055.md	3	KR3l0118_WYG_054-1a
055.md	11	KR3l0118_WYG_054-1b
055.md	19	KR3l0118_WYG_054-2a
055.md	27	KR3l0118_WYG_054-2b
055.md	35	KR3l0118_WYG_054-3a
055.md	43	KR3l0118_WYG_054-3b
055.md	51	KR3l0118_WYG_054-4a
055.md	59	KR3l0118_WYG_054-4b
055.md	67	KR3l0118_WYG_054-5a
055.md	75	KR3l0118_WYG_054-5b
055.md	83	KR3l0118_WYG_054-6a
055.md	91	KR3l0118_WYG_054-6b
055.md	99	KR3l0118_WYG_054-7a
055.md	107	KR3l0118_WYG_054-7b
055.md	115	KR3l0118_WYG_054-8a
055.md	123	KR3l0118_WYG_054-8b
055.md	131	KR3l0118_WYG_054-9a
055.md	139	KR3l0118_WYG_054-9b
055.md	147	KR3l0118_WYG_054-10a
055.md	155	KR3l0118_WYG_054-10b
056.md	3	KR3l0118_WYG_055-1a
056.md	11	KR3l0118_WYG_055-1b
056.md	19	KR3l0118_WYG_055-2a
056.md	27	KR3l0118_WYG_055-2b
056.md	35	KR3l0118_WYG_055-3a
056.md	43	KR3l0118_WYG_055-3b
056.md	51	KR3l0118_WYG_055-4a
056.md	59	KR3l0118_WYG_055-4b
056.md	67	KR3l0118_WYG_055-5a
056.md	75	KR3l0118_WYG_055-5b
056.md	83	KR3l0118_WYG_055-6a
056.md	91	KR3l0118_WYG_055-6b
056.md	99	KR3l0118_WYG_055-7a
056.md	107	KR3l0118_WYG_055-7b
056.md	115	KR3l0118_WYG_055-8a
056.md	123	KR3l0118_WYG_055-8b
056.md	131	KR3l0118_WYG_055-9a
056.md	139	KR3l0118_WYG_055-9b
057.md	3	KR3l0118_WYG_056-1a
057.md	11	KR3l0118_WYG_056-1b
057.md	19	KR3l0118_WYG_056-2a
057.md	27	KR3l0118_WYG_056-2b
057.md	35	KR3l0118_WYG_056-3a
057.md	43	KR3l0118_WYG_056-3b
057.md	51	KR3l0118_WYG_056-4a
057.md	59	KR3l0118_WYG_056-4b
057.md	67	KR3l0118_WYG_056-5a
057.md	75	KR3l0118_WYG_056-5b
057.md	83	KR3l0118_WYG_056-6a
057.md	91	KR3l0118_WYG_056-6b
057.md	99	KR3l0118_WYG_056-7a
057.md	107	KR3l0118_WYG_056-7b
057.md	115	KR3l0118_WYG_056-8a
057.md	123	KR3l0118_WYG_056-8b
057.md	131	KR3l0118_WYG_056-9a
057.md	139	KR3l0118_WYG_056-9b
057.md	147	KR3l0118_WYG_056-10a
057.md	155	KR3l0118_WYG_056-10b
057.md	163	KR3l0118_WYG_056-11a
057.md	171	KR3l0118_WYG_056-11b
058.md	3	KR3l0118_WYG_057-1a
058.md	11	KR3l0118_WYG_057-1b
058.md	19	KR3l0118_WYG_057-2a
058.md	27	KR3l0118_WYG_057-2b
058.md	35	KR3l0118_WYG_057-3a
058.md	43	KR3l0118_WYG_057-3b
058.md	51	KR3l0118_WYG_057-4a
058.md	59	KR3l0118_WYG_057-4b
058.md	67	KR3l0118_WYG_057-5a
058.md	75	KR3l0118_WYG_057-5b
058.md	83	KR3l0118_WYG_057-6a
058.md	91	KR3l0118_WYG_057-6b
058.md	99	KR3l0118_WYG_057-7a
058.md	107	KR3l0118_WYG_057-7b
058.md	115	KR3l0118_WYG_057-8a
058.md	123	KR3l0118_WYG_057-8b
058.md	131	KR3l0118_WYG_057-9a
058.md	139	KR3l0118_WYG_057-9b
059.md	3	KR3l0118_WYG_058-1a
059.md	11	KR3l0118_WYG_058-1b
059.md	19	KR3l0118_WYG_058-2a
059.md	27	KR3l0118_WYG_058-2b
059.md	35	KR3l0118_WYG_058-3a
059.md	43	KR3l0118_WYG_058-3b
059.md	51	KR3l0118_WYG_058-4a
059.md	59	KR3l0118_WYG_058-4b
059.md	67	KR3l0118_WYG_058-5a
059.md	75	KR3l0118_WYG_058-5b
059.md	83	KR3l0118_WYG_058-6a
059.md	91	KR3l0118_WYG_058-6b
059.md	99	KR3l0118_WYG_058-7a
059.md	107	KR3l0118_WYG_058-7b
059.md	115	KR3l0118_WYG_058-8a
059.md	123	KR3l0118_WYG_058-8b
059.md	131	KR3l0118_WYG_058-9a
059.md	139	KR3l0118_WYG_058-9b
060.md	3	KR3l0118_WYG_059-1a
060.md	11	KR3l0118_WYG_059-1b
060.md	19	KR3l0118_WYG_059-2a
060.md	27	KR3l0118_WYG_059-2b
060.md	35	KR3l0118_WYG_059-3a
060.md	43	KR3l0118_WYG_059-3b
060.md	51	KR3l0118_WYG_059-4a
060.md	59	KR3l0118_WYG_059-4b
060.md	67	KR3l0118_WYG_059-5a
060.md	75	KR3l0118_WYG_059-5b
060.md	83	KR3l0118_WYG_059-6a
060.md	91	KR3l0118_WYG_059-6b
060.md	99	KR3l0118_WYG_059-7a
060.md	107	KR3l0118_WYG_059-7b
060.md	115	KR3l0118_WYG_059-8a
060.md	123	KR3l0118_WYG_059-8b
060.md	131	KR3l0118_WYG_059-9a
060.md	139	KR3l0118_WYG_059-9b
060.md	147	KR3l0118_WYG_059-10a
060.md	155	KR3l0118_WYG_059-10b
061.md	3	KR3l0118_WYG_060-1a
061.md	11	KR3l0118_WYG_060-1b
061.md	19	KR3l0118_WYG_060-2a
061.md	27	KR3l0118_WYG_060-2b
061.md	35	KR3l0118_WYG_060-3a
061.md	43	KR3l0118_WYG_060-3b
061.md	51	KR3l0118_WYG_060-4a
061.md	59	KR3l0118_WYG_060-4b
061.md	67	KR3l0118_WYG_060-5a
061.md	75	KR3l0118_WYG_060-5b
061.md	83	KR3l0118_WYG_060-6a
061.md	91	KR3l0118_WYG_060-6b
061.md	99	KR3l0118_WYG_060-7a
061.md	107	KR3l0118_WYG_060-7b
061.md	115	KR3l0118_WYG_060-8a
061.md	123	KR3l0118_WYG_060-8b
061.md	131	KR3l0118_WYG_060-9a
061.md	139	KR3l0118_WYG_060-9b
061.md	147	KR3l0118_WYG_060-10a
061.md	155	KR3l0118_WYG_060-10b
061.md	163	KR3l0118_WYG_060-11a
061.md	171	KR3l0118_WYG_060-11b
062.md	3	KR3l0118_WYG_061-1a
062.md	11	KR3l0118_WYG_061-1b
062.md	19	KR3l0118_WYG_061-2a
062.md	27	KR3l0118_WYG_061-2b
062.md	35	KR3l0118_WYG_061-3a
062.md	43	KR3l0118_WYG_061-3b
062.md	51	KR3l0118_WYG_061-4a
062.md	59	KR3l0118_WYG_061-4b
062.md	67	KR3l0118_WYG_061-5a
062.md	75	KR3l0118_WYG_061-5b
062.md	83	KR3l0118_WYG_061-6a
062.md	91	KR3l0118_WYG_061-6b
062.md	99	KR3l0118_WYG_061-7a
062.md	107	KR3l0118_WYG_061-7b
062.md	115	KR3l0118_WYG_061-8a
062.md	123	KR3l0118_WYG_061-8b
062.md	131	KR3l0118_WYG_061-9a
062.md	139	KR3l0118_WYG_061-9b
062.md	147	KR3l0118_WYG_061-10a
062.md	155	KR3l0118_WYG_061-10b
062.md	163	KR3l0118_WYG_061-11a
062.md	171	KR3l0118_WYG_061-11b
062.md	179	KR3l0118_WYG_061-12a
062.md	187	KR3l0118_WYG_061-12b
063.md	3	KR3l0118_WYG_062-1a
063.md	11	KR3l0118_WYG_062-1b
063.md	19	KR3l0118_WYG_062-2a
063.md	27	KR3l0118_WYG_062-2b
063.md	35	KR3l0118_WYG_062-3a
063.md	43	KR3l0118_WYG_062-3b
063.md	51	KR3l0118_WYG_062-4a
063.md	59	KR3l0118_WYG_062-4b
063.md	67	KR3l0118_WYG_062-5a
063.md	75	KR3l0118_WYG_062-5b
063.md	83	KR3l0118_WYG_062-6a
063.md	91	KR3l0118_WYG_062-6b
063.md	99	KR3l0118_WYG_062-7a
063.md	107	KR3l0118_WYG_062-7b
063.md	115	KR3l0118_WYG_062-8a
063.md	123	KR3l0118_WYG_062-8b
063.md	131	KR3l0118_WYG_062-9a
063.md	139	KR3l0118_WYG_062-9b
063.md	147	KR3l0118_WYG_062-10a
063.md	155	KR3l0118_WYG_062-10b
063.md	163	KR3l0118_WYG_062-11a
063.md	171	KR3l0118_WYG_062-11b
064.md	3	KR3l0118_WYG_063-1a
064.md	11	KR3l0118_WYG_063-1b
064.md	19	KR3l0118_WYG_063-2a
064.md	27	KR3l0118_WYG_063-2b
064.md	35	KR3l0118_WYG_063-3a
064.md	43	KR3l0118_WYG_063-3b
064.md	51	KR3l0118_WYG_063-4a
064.md	59	KR3l0118_WYG_063-4b
064.md	67	KR3l0118_WYG_063-5a
064.md	75	KR3l0118_WYG_063-5b
064.md	83	KR3l0118_WYG_063-6a
064.md	91	KR3l0118_WYG_063-6b
064.md	99	KR3l0118_WYG_063-7a
064.md	107	KR3l0118_WYG_063-7b
064.md	115	KR3l0118_WYG_063-8a
064.md	123	KR3l0118_WYG_063-8b
064.md	131	KR3l0118_WYG_063-9a
064.md	139	KR3l0118_WYG_063-9b
064.md	147	KR3l0118_WYG_063-10a
064.md	155	KR3l0118_WYG_063-10b
065.md	3	KR3l0118_WYG_064-1a
065.md	11	KR3l0118_WYG_064-1b
065.md	19	KR3l0118_WYG_064-2a
065.md	27	KR3l0118_WYG_064-2b
065.md	35	KR3l0118_WYG_064-3a
065.md	43	KR3l0118_WYG_064-3b
065.md	51	KR3l0118_WYG_064-4a
065.md	59	KR3l0118_WYG_064-4b
065.md	67	KR3l0118_WYG_064-5a
065.md	75	KR3l0118_WYG_064-5b
065.md	83	KR3l0118_WYG_064-6a
065.md	91	KR3l0118_WYG_064-6b
065.md	99	KR3l0118_WYG_064-7a
065.md	107	KR3l0118_WYG_064-7b
065.md	115	KR3l0118_WYG_064-8a
065.md	123	KR3l0118_WYG_064-8b
066.md	3	KR3l0118_WYG_065-1a
066.md	11	KR3l0118_WYG_065-1b
066.md	19	KR3l0118_WYG_065-2a
066.md	27	KR3l0118_WYG_065-2b
066.md	35	KR3l0118_WYG_065-3a
066.md	43	KR3l0118_WYG_065-3b
066.md	51	KR3l0118_WYG_065-4a
066.md	59	KR3l0118_WYG_065-4b
066.md	67	KR3l0118_WYG_065-5a
066.md	75	KR3l0118_WYG_065-5b
066.md	83	KR3l0118_WYG_065-6a
066.md	91	KR3l0118_WYG_065-6b
066.md	99	KR3l0118_WYG_065-7a
066.md	107	KR3l0118_WYG_065-7b
066.md	115	KR3l0118_WYG_065-8a
066.md	123	KR3l0118_WYG_065-8b
066.md	131	KR3l0118_WYG_065-9a
066.md	139	KR3l0118_WYG_065-9b
066.md	147	KR3l0118_WYG_065-10a
066.md	155	KR3l0118_WYG_065-10b
067.md	3	KR3l0118_WYG_066-1a
067.md	11	KR3l0118_WYG_066-1b
067.md	19	KR3l0118_WYG_066-2a
067.md	27	KR3l0118_WYG_066-2b
067.md	35	KR3l0118_WYG_066-3a
067.md	43	KR3l0118_WYG_066-3b
067.md	51	KR3l0118_WYG_066-4a
067.md	59	KR3l0118_WYG_066-4b
067.md	67	KR3l0118_WYG_066-5a
067.md	75	KR3l0118_WYG_066-5b
067.md	83	KR3l0118_WYG_066-6a
067.md	91	KR3l0118_WYG_066-6b
067.md	99	KR3l0118_WYG_066-7a
067.md	107	KR3l0118_WYG_066-7b
067.md	115	KR3l0118_WYG_066-8a
067.md	123	KR3l0118_WYG_066-8b
067.md	131	KR3l0118_WYG_066-9a
067.md	139	KR3l0118_WYG_066-9b
067.md	147	KR3l0118_WYG_066-10a
067.md	155	KR3l0118_WYG_066-10b
068.md	3	KR3l0118_WYG_067-1a
068.md	11	KR3l0118_WYG_067-1b
068.md	19	KR3l0118_WYG_067-2a
068.md	27	KR3l0118_WYG_067-2b
068.md	35	KR3l0118_WYG_067-3a
068.md	43	KR3l0118_WYG_067-3b
068.md	51	KR3l0118_WYG_067-4a
068.md	59	KR3l0118_WYG_067-4b
068.md	67	KR3l0118_WYG_067-5a
068.md	75	KR3l0118_WYG_067-5b
068.md	83	KR3l0118_WYG_067-6a
068.md	91	KR3l0118_WYG_067-6b
068.md	99	KR3l0118_WYG_067-7a
068.md	107	KR3l0118_WYG_067-7b
068.md	115	KR3l0118_WYG_067-8a
068.md	123	KR3l0118_WYG_067-8b
068.md	131	KR3l0118_WYG_067-9a
068.md	139	KR3l0118_WYG_067-9b
069.md	3	KR3l0118_WYG_068-1a
069.md	11	KR3l0118_WYG_068-1b
069.md	19	KR3l0118_WYG_068-2a
069.md	27	KR3l0118_WYG_068-2b
069.md	35	KR3l0118_WYG_068-3a
069.md	43	KR3l0118_WYG_068-3b
069.md	51	KR3l0118_WYG_068-4a
069.md	59	KR3l0118_WYG_068-4b
069.md	67	KR3l0118_WYG_068-5a
069.md	75	KR3l0118_WYG_068-5b
069.md	83	KR3l0118_WYG_068-6a
069.md	91	KR3l0118_WYG_068-6b
069.md	99	KR3l0118_WYG_068-7a
069.md	107	KR3l0118_WYG_068-7b
069.md	115	KR3l0118_WYG_068-8a
069.md	123	KR3l0118_WYG_068-8b
069.md	131	KR3l0118_WYG_068-9a
069.md	139	KR3l0118_WYG_068-9b
069.md	147	KR3l0118_WYG_068-10a
069.md	155	KR3l0118_WYG_068-10b
069.md	163	KR3l0118_WYG_068-11a
069.md	171	KR3l0118_WYG_068-11b
070.md	3	KR3l0118_WYG_069-1a
070.md	11	KR3l0118_WYG_069-1b
070.md	19	KR3l0118_WYG_069-2a
070.md	27	KR3l0118_WYG_069-2b
070.md	35	KR3l0118_WYG_069-3a
070.md	43	KR3l0118_WYG_069-3b
070.md	51	KR3l0118_WYG_069-4a
070.md	59	KR3l0118_WYG_069-4b
070.md	67	KR3l0118_WYG_069-5a
070.md	75	KR3l0118_WYG_069-5b
070.md	83	KR3l0118_WYG_069-6a
070.md	91	KR3l0118_WYG_069-6b
070.md	99	KR3l0118_WYG_069-7a
070.md	107	KR3l0118_WYG_069-7b
070.md	115	KR3l0118_WYG_069-8a
070.md	123	KR3l0118_WYG_069-8b
070.md	131	KR3l0118_WYG_069-9a
070.md	139	KR3l0118_WYG_069-9b
071.md	3	KR3l0118_WYG_070-1a
071.md	11	KR3l0118_WYG_070-1b
071.md	19	KR3l0118_WYG_070-2a
071.md	27	KR3l0118_WYG_070-2b
071.md	35	KR3l0118_WYG_070-3a
071.md	43	KR3l0118_WYG_070-3b
071.md	51	KR3l0118_WYG_070-4a
071.md	59	KR3l0118_WYG_070-4b
071.md	67	KR3l0118_WYG_070-5a
071.md	75	KR3l0118_WYG_070-5b
071.md	83	KR3l0118_WYG_070-6a
071.md	91	KR3l0118_WYG_070-6b
071.md	99	KR3l0118_WYG_070-7a
071.md	107	KR3l0118_WYG_070-7b
071.md	115	KR3l0118_WYG_070-8a
071.md	123	KR3l0118_WYG_070-8b
071.md	131	KR3l0118_WYG_070-9a
071.md	139	KR3l0118_WYG_070-9b
071.md	147	KR3l0118_WYG_070-10a
071.md	155	KR3l0118_WYG_070-10b
071.md	163	KR3l0118_WYG_070-11a
071.md	171	KR3l0118_WYG_070-11b
072.md	3	KR3l0118_WYG_071-1a
072.md	11	KR3l0118_WYG_071-1b
072.md	19	KR3l0118_WYG_071-2a
072.md	27	KR3l0118_WYG_071-2b
072.md	35	KR3l0118_WYG_071-3a
072.md	43	KR3l0118_WYG_071-3b
072.md	51	KR3l0118_WYG_071-4a
072.md	59	KR3l0118_WYG_071-4b
072.md	67	KR3l0118_WYG_071-5a
072.md	75	KR3l0118_WYG_071-5b
072.md	83	KR3l0118_WYG_071-6a
072.md	91	KR3l0118_WYG_071-6b
072.md	99	KR3l0118_WYG_071-7a
072.md	107	KR3l0118_WYG_071-7b
072.md	115	KR3l0118_WYG_071-8a
072.md	123	KR3l0118_WYG_071-8b
072.md	131	KR3l0118_WYG_071-9a
072.md	139	KR3l0118_WYG_071-9b
073.md	3	KR3l0118_WYG_072-1a
073.md	11	KR3l0118_WYG_072-1b
073.md	19	KR3l0118_WYG_072-2a
073.md	27	KR3l0118_WYG_072-2b
073.md	35	KR3l0118_WYG_072-3a
073.md	43	KR3l0118_WYG_072-3b
073.md	51	KR3l0118_WYG_072-4a
073.md	59	KR3l0118_WYG_072-4b
073.md	67	KR3l0118_WYG_072-5a
073.md	75	KR3l0118_WYG_072-5b
073.md	83	KR3l0118_WYG_072-6a
073.md	91	KR3l0118_WYG_072-6b
073.md	99	KR3l0118_WYG_072-7a
073.md	107	KR3l0118_WYG_072-7b
073.md	115	KR3l0118_WYG_072-8a
073.md	123	KR3l0118_WYG_072-8b
073.md	131	KR3l0118_WYG_072-9a
073.md	139	KR3l0118_WYG_072-9b
073.md	147	KR3l0118_WYG_072-10a
073.md	155	KR3l0118_WYG_072-10b
073.md	163	KR3l0118_WYG_072-11a
073.md	171	KR3l0118_WYG_072-11b
073.md	179	KR3l0118_WYG_072-12a
073.md	187	KR3l0118_WYG_072-12b
074.md	3	KR3l0118_WYG_073-1a
074.md	11	KR3l0118_WYG_073-1b
074.md	19	KR3l0118_WYG_073-2a
074.md	27	KR3l0118_WYG_073-2b
074.md	35	KR3l0118_WYG_073-3a
074.md	43	KR3l0118_WYG_073-3b
074.md	51	KR3l0118_WYG_073-4a
074.md	59	KR3l0118_WYG_073-4b
074.md	67	KR3l0118_WYG_073-5a
074.md	75	KR3l0118_WYG_073-5b
074.md	83	KR3l0118_WYG_073-6a
074.md	91	KR3l0118_WYG_073-6b
074.md	99	KR3l0118_WYG_073-7a
074.md	107	KR3l0118_WYG_073-7b
074.md	115	KR3l0118_WYG_073-8a
074.md	123	KR3l0118_WYG_073-8b
074.md	131	KR3l0118_WYG_073-9a
074.md	139	KR3l0118_WYG_073-9b
074.md	147	KR3l0118_WYG_073-10a
074.md	155	KR3l0118_WYG_073-10b
074.md	163	KR3l0118_WYG_073-11a
074.md	171	KR3l0118_WYG_073-11b
075.md	3	KR3l0118_WYG_074-1a
075.md	11	KR3l0118_WYG_074-1b
075.md	19	KR3l0118_WYG_074-2a
075.md	27	KR3l0118_WYG_074-2b
075.md	35	KR3l0118_WYG_074-3a
075.md	43	KR3l0118_WYG_074-3b
075.md	51	KR3l0118_WYG_074-4a
075.md	59	KR3l0118_WYG_074-4b
075.md	67	KR3l0118_WYG_074-5a
075.md	75	KR3l0118_WYG_074-5b
075.md	83	KR3l0118_WYG_074-6a
075.md	91	KR3l0118_WYG_074-6b
075.md	99	KR3l0118_WYG_074-7a
075.md	107	KR3l0118_WYG_074-7b
075.md	115	KR3l0118_WYG_074-8a
075.md	123	KR3l0118_WYG_074-8b
075.md	131	KR3l0118_WYG_074-9a
075.md	139	KR3l0118_WYG_074-9b
075.md	147	KR3l0118_WYG_074-10a
075.md	155	KR3l0118_WYG_074-10b
075.md	163	KR3l0118_WYG_074-11a
075.md	171	KR3l0118_WYG_074-11b
076.md	3	KR3l0118_WYG_075-1a
076.md	11	KR3l0118_WYG_075-1b
076.md	19	KR3l0118_WYG_075-2a
076.md	27	KR3l0118_WYG_075-2b
076.md	35	KR3l0118_WYG_075-3a
076.md	43	KR3l0118_WYG_075-3b
076.md	51	KR3l0118_WYG_075-4a
076.md	59	KR3l0118_WYG_075-4b
076.md	67	KR3l0118_WYG_075-5a
076.md	75	KR3l0118_WYG_075-5b
076.md	83	KR3l0118_WYG_075-6a
076.md	91	KR3l0118_WYG_075-6b
076.md	99	KR3l0118_WYG_075-7a
076.md	107	KR3l0118_WYG_075-7b
076.md	115	KR3l0118_WYG_075-8a
076.md	123	KR3l0118_WYG_075-8b
076.md	131	KR3l0118_WYG_075-9a
076.md	139	KR3l0118_WYG_075-9b
076.md	147	KR3l0118_WYG_075-10a
076.md	155	KR3l0118_WYG_075-10b
077.md	3	KR3l0118_WYG_076-1a
077.md	11	KR3l0118_WYG_076-1b
077.md	19	KR3l0118_WYG_076-2a
077.md	27	KR3l0118_WYG_076-2b
077.md	35	KR3l0118_WYG_076-3a
077.md	43	KR3l0118_WYG_076-3b
077.md	51	KR3l0118_WYG_076-4a
077.md	59	KR3l0118_WYG_076-4b
077.md	67	KR3l0118_WYG_076-5a
077.md	75	KR3l0118_WYG_076-5b
077.md	83	KR3l0118_WYG_076-6a
077.md	91	KR3l0118_WYG_076-6b
077.md	99	KR3l0118_WYG_076-7a
077.md	107	KR3l0118_WYG_076-7b
077.md	115	KR3l0118_WYG_076-8a
077.md	123	KR3l0118_WYG_076-8b
077.md	131	KR3l0118_WYG_076-9a
077.md	139	KR3l0118_WYG_076-9b
077.md	147	KR3l0118_WYG_076-10a
077.md	155	KR3l0118_WYG_076-10b
077.md	163	KR3l0118_WYG_076-11a
077.md	171	KR3l0118_WYG_076-11b
077.md	179	KR3l0118_WYG_076-12a
077.md	187	KR3l0118_WYG_076-12b
077.md	195	KR3l0118_WYG_076-13a
077.md	203	KR3l0118_WYG_076-13b
078.md	3	KR3l0118_WYG_077-1a
078.md	11	KR3l0118_WYG_077-1b
078.md	19	KR3l0118_WYG_077-2a
078.md	27	KR3l0118_WYG_077-2b
078.md	35	KR3l0118_WYG_077-3a
078.md	43	KR3l0118_WYG_077-3b
078.md	51	KR3l0118_WYG_077-4a
078.md	59	KR3l0118_WYG_077-4b
078.md	67	KR3l0118_WYG_077-5a
078.md	75	KR3l0118_WYG_077-5b
078.md	83	KR3l0118_WYG_077-6a
078.md	91	KR3l0118_WYG_077-6b
078.md	99	KR3l0118_WYG_077-7a
078.md	107	KR3l0118_WYG_077-7b
078.md	115	KR3l0118_WYG_077-8a
078.md	123	KR3l0118_WYG_077-8b
078.md	131	KR3l0118_WYG_077-9a
078.md	139	KR3l0118_WYG_077-9b
078.md	147	KR3l0118_WYG_077-10a
078.md	155	KR3l0118_WYG_077-10b
079.md	3	KR3l0118_WYG_078-1a
079.md	11	KR3l0118_WYG_078-1b
079.md	19	KR3l0118_WYG_078-2a
079.md	27	KR3l0118_WYG_078-2b
079.md	35	KR3l0118_WYG_078-3a
079.md	43	KR3l0118_WYG_078-3b
079.md	51	KR3l0118_WYG_078-4a
079.md	59	KR3l0118_WYG_078-4b
079.md	67	KR3l0118_WYG_078-5a
079.md	75	KR3l0118_WYG_078-5b
079.md	83	KR3l0118_WYG_078-6a
079.md	91	KR3l0118_WYG_078-6b
079.md	99	KR3l0118_WYG_078-7a
079.md	107	KR3l0118_WYG_078-7b
079.md	115	KR3l0118_WYG_078-8a
079.md	123	KR3l0118_WYG_078-8b
079.md	131	KR3l0118_WYG_078-9a
079.md	139	KR3l0118_WYG_078-9b
079.md	147	KR3l0118_WYG_078-10a
079.md	155	KR3l0118_WYG_078-10b
079.md	163	KR3l0118_WYG_078-11a
079.md	171	KR3l0118_WYG_078-11b
080.md	3	KR3l0118_WYG_079-1a
080.md	11	KR3l0118_WYG_079-1b
080.md	19	KR3l0118_WYG_079-2a
080.md	27	KR3l0118_WYG_079-2b
080.md	35	KR3l0118_WYG_079-3a
080.md	43	KR3l0118_WYG_079-3b
080.md	51	KR3l0118_WYG_079-4a
080.md	59	KR3l0118_WYG_079-4b
080.md	67	KR3l0118_WYG_079-5a
080.md	75	KR3l0118_WYG_079-5b
080.md	83	KR3l0118_WYG_079-6a
080.md	91	KR3l0118_WYG_079-6b
080.md	99	KR3l0118_WYG_079-7a
080.md	107	KR3l0118_WYG_079-7b
080.md	115	KR3l0118_WYG_079-8a
080.md	123	KR3l0118_WYG_079-8b
080.md	131	KR3l0118_WYG_079-9a
080.md	139	KR3l0118_WYG_079-9b
080.md	147	KR3l0118_WYG_079-10a
080.md	155	KR3l0118_WYG_079-10b
080.md	163	KR3l0118_WYG_079-11a
080.md	171	KR3l0118_WYG_079-11b
080.md	179	KR3l0118_WYG_079-12a
080.md	187	KR3l0118_WYG_079-12b
081.md	3	KR3l0118_WYG_080-1a
081.md	11	KR3l0118_WYG_080-1b
081.md	19	KR3l0118_WYG_080-2a
081.md	27	KR3l0118_WYG_080-2b
081.md	35	KR3l0118_WYG_080-3a
081.md	43	KR3l0118_WYG_080-3b
081.md	51	KR3l0118_WYG_080-4a
081.md	59	KR3l0118_WYG_080-4b
081.md	67	KR3l0118_WYG_080-5a
081.md	75	KR3l0118_WYG_080-5b
081.md	83	KR3l0118_WYG_080-6a
081.md	91	KR3l0118_WYG_080-6b
081.md	99	KR3l0118_WYG_080-7a
081.md	107	KR3l0118_WYG_080-7b
081.md	115	KR3l0118_WYG_080-8a
081.md	123	KR3l0118_WYG_080-8b
081.md	131	KR3l0118_WYG_080-9a
081.md	139	KR3l0118_WYG_080-9b
081.md	147	KR3l0118_WYG_080-10a
081.md	155	KR3l0118_WYG_080-10b
081.md	163	KR3l0118_WYG_080-11a
081.md	171	KR3l0118_WYG_080-11b
081.md	179	KR3l0118_WYG_080-12a
081.md	187	KR3l0118_WYG_080-12b
082.md	3	KR3l0118_WYG_081-1a
082.md	11	KR3l0118_WYG_081-1b
082.md	19	KR3l0118_WYG_081-2a
082.md	27	KR3l0118_WYG_081-2b
082.md	35	KR3l0118_WYG_081-3a
082.md	43	KR3l0118_WYG_081-3b
082.md	51	KR3l0118_WYG_081-4a
082.md	59	KR3l0118_WYG_081-4b
082.md	67	KR3l0118_WYG_081-5a
082.md	75	KR3l0118_WYG_081-5b
082.md	83	KR3l0118_WYG_081-6a
082.md	91	KR3l0118_WYG_081-6b
082.md	99	KR3l0118_WYG_081-7a
082.md	107	KR3l0118_WYG_081-7b
082.md	115	KR3l0118_WYG_081-8a
082.md	123	KR3l0118_WYG_081-8b
082.md	131	KR3l0118_WYG_081-9a
082.md	139	KR3l0118_WYG_081-9b
082.md	147	KR3l0118_WYG_081-10a
082.md	155	KR3l0118_WYG_081-10b
082.md	163	KR3l0118_WYG_081-11a
082.md	171	KR3l0118_WYG_081-11b
082.md	179	KR3l0118_WYG_081-12a
082.md	187	KR3l0118_WYG_081-12b
082.md	195	KR3l0118_WYG_081-13a
082.md	203	KR3l0118_WYG_081-13b
082.md	211	KR3l0118_WYG_081-14a
082.md	219	KR3l0118_WYG_081-14b
083.md	3	KR3l0118_WYG_082-1a
083.md	11	KR3l0118_WYG_082-1b
083.md	19	KR3l0118_WYG_082-2a
083.md	27	KR3l0118_WYG_082-2b
083.md	35	KR3l0118_WYG_082-3a
083.md	43	KR3l0118_WYG_082-3b
083.md	51	KR3l0118_WYG_082-4a
083.md	59	KR3l0118_WYG_082-4b
083.md	67	KR3l0118_WYG_082-5a
083.md	75	KR3l0118_WYG_082-5b
083.md	83	KR3l0118_WYG_082-6a
083.md	91	KR3l0118_WYG_082-6b
083.md	99	KR3l0118_WYG_082-7a
083.md	107	KR3l0118_WYG_082-7b
083.md	115	KR3l0118_WYG_082-8a
083.md	123	KR3l0118_WYG_082-8b
083.md	131	KR3l0118_WYG_082-9a
083.md	139	KR3l0118_WYG_082-9b
083.md	147	KR3l0118_WYG_082-10a
083.md	155	KR3l0118_WYG_082-10b
083.md	163	KR3l0118_WYG_082-11a
083.md	171	KR3l0118_WYG_082-11b
083.md	179	KR3l0118_WYG_082-12a
083.md	187	KR3l0118_WYG_082-12b
083.md	195	KR3l0118_WYG_082-13a
083.md	203	KR3l0118_WYG_082-13b
083.md	211	KR3l0118_WYG_082-14a
083.md	219	KR3l0118_WYG_082-14b
084.md	3	KR3l0118_WYG_083-1a
084.md	11	KR3l0118_WYG_083-1b
084.md	19	KR3l0118_WYG_083-2a
084.md	27	KR3l0118_WYG_083-2b
084.md	35	KR3l0118_WYG_083-3a
084.md	43	KR3l0118_WYG_083-3b
084.md	51	KR3l0118_WYG_083-4a
084.md	59	KR3l0118_WYG_083-4b
084.md	67	KR3l0118_WYG_083-5a
084.md	75	KR3l0118_WYG_083-5b
084.md	83	KR3l0118_WYG_083-6a
084.md	91	KR3l0118_WYG_083-6b
084.md	99	KR3l0118_WYG_083-7a
084.md	107	KR3l0118_WYG_083-7b
084.md	115	KR3l0118_WYG_083-8a
084.md	123	KR3l0118_WYG_083-8b
084.md	131	KR3l0118_WYG_083-9a
084.md	139	KR3l0118_WYG_083-9b
084.md	147	KR3l0118_WYG_083-10a
084.md	155	KR3l0118_WYG_083-10b
084.md	163	KR3l0118_WYG_083-11a
084.md	171	KR3l0118_WYG_083-11b
084.md	179	KR3l0118_WYG_083-12a
084.md	187	KR3l0118_WYG_083-12b
085.md	3	KR3l0118_WYG_084-1a
085.md	11	KR3l0118_WYG_084-1b
085.md	19	KR3l0118_WYG_084-2a
085.md	27	KR3l0118_WYG_084-2b
085.md	35	KR3l0118_WYG_084-3a
085.md	43	KR3l0118_WYG_084-3b
085.md	51	KR3l0118_WYG_084-4a
085.md	59	KR3l0118_WYG_084-4b
085.md	67	KR3l0118_WYG_084-5a
085.md	75	KR3l0118_WYG_084-5b
085.md	83	KR3l0118_WYG_084-6a
085.md	91	KR3l0118_WYG_084-6b
085.md	99	KR3l0118_WYG_084-7a
085.md	107	KR3l0118_WYG_084-7b
085.md	115	KR3l0118_WYG_084-8a
085.md	123	KR3l0118_WYG_084-8b
085.md	131	KR3l0118_WYG_084-9a
085.md	139	KR3l0118_WYG_084-9b
085.md	147	KR3l0118_WYG_084-10a
085.md	155	KR3l0118_WYG_084-10b
085.md	163	KR3l0118_WYG_084-11a
085.md	171	KR3l0118_WYG_084-11b
085.md	179	KR3l0118_WYG_084-12a
085.md	187	KR3l0118_WYG_084-12b
085.md	195	KR3l0118_WYG_084-13a
085.md	203	KR3l0118_WYG_084-13b
085.md	211	KR3l0118_WYG_084-14a
085.md	219	KR3l0118_WYG_084-14b
086.md	3	KR3l0118_WYG_085-1a
086.md	11	KR3l0118_WYG_085-1b
086.md	19	KR3l0118_WYG_085-2a
086.md	27	KR3l0118_WYG_085-2b
086.md	35	KR3l0118_WYG_085-3a
086.md	43	KR3l0118_WYG_085-3b
086.md	51	KR3l0118_WYG_085-4a
086.md	59	KR3l0118_WYG_085-4b
086.md	67	KR3l0118_WYG_085-5a
086.md	75	KR3l0118_WYG_085-5b
086.md	83	KR3l0118_WYG_085-6a
086.md	91	KR3l0118_WYG_085-6b
086.md	99	KR3l0118_WYG_085-7a
086.md	107	KR3l0118_WYG_085-7b
086.md	115	KR3l0118_WYG_085-8a
086.md	123	KR3l0118_WYG_085-8b
086.md	131	KR3l0118_WYG_085-9a
086.md	139	KR3l0118_WYG_085-9b
086.md	147	KR3l0118_WYG_085-10a
086.md	155	KR3l0118_WYG_085-10b
086.md	163	KR3l0118_WYG_085-11a
086.md	171	KR3l0118_WYG_085-11b
086.md	179	KR3l0118_WYG_085-12a
086.md	187	KR3l0118_WYG_085-12b
086.md	195	KR3l0118_WYG_085-13a
086.md	203	KR3l0118_WYG_085-13b
087.md	3	KR3l0118_WYG_086-1a
087.md	11	KR3l0118_WYG_086-1b
087.md	19	KR3l0118_WYG_086-2a
087.md	27	KR3l0118_WYG_086-2b
087.md	35	KR3l0118_WYG_086-3a
087.md	43	KR3l0118_WYG_086-3b
087.md	51	KR3l0118_WYG_086-4a
087.md	59	KR3l0118_WYG_086-4b
087.md	67	KR3l0118_WYG_086-5a
087.md	75	KR3l0118_WYG_086-5b
087.md	83	KR3l0118_WYG_086-6a
087.md	91	KR3l0118_WYG_086-6b
087.md	99	KR3l0118_WYG_086-7a
087.md	107	KR3l0118_WYG_086-7b
087.md	115	KR3l0118_WYG_086-8a
087.md	123	KR3l0118_WYG_086-8b
087.md	131	KR3l0118_WYG_086-9a
087.md	139	KR3l0118_WYG_086-9b
087.md	147	KR3l0118_WYG_086-10a
087.md	155	KR3l0118_WYG_086-10b
087.md	163	KR3l0118_WYG_086-11a
087.md	171	KR3l0118_WYG_086-11b
087.md	179	KR3l0118_WYG_086-12a
087.md	187	KR3l0118_WYG_086-12b
088.md	3	KR3l0118_WYG_087-1a
088.md	11	KR3l0118_WYG_087-1b
088.md	19	KR3l0118_WYG_087-2a
088.md	27	KR3l0118_WYG_087-2b
088.md	35	KR3l0118_WYG_087-3a
088.md	43	KR3l0118_WYG_087-3b
088.md	51	KR3l0118_WYG_087-4a
088.md	59	KR3l0118_WYG_087-4b
088.md	67	KR3l0118_WYG_087-5a
088.md	75	KR3l0118_WYG_087-5b
088.md	83	KR3l0118_WYG_087-6a
088.md	91	KR3l0118_WYG_087-6b
088.md	99	KR3l0118_WYG_087-7a
088.md	107	KR3l0118_WYG_087-7b
088.md	115	KR3l0118_WYG_087-8a
088.md	123	KR3l0118_WYG_087-8b
088.md	131	KR3l0118_WYG_087-9a
088.md	139	KR3l0118_WYG_087-9b
088.md	147	KR3l0118_WYG_087-10a
088.md	155	KR3l0118_WYG_087-10b
088.md	163	KR3l0118_WYG_087-11a
088.md	171	KR3l0118_WYG_087-11b
089.md	3	KR3l0118_WYG_088-1a
089.md	11	KR3l0118_WYG_088-1b
089.md	19	KR3l0118_WYG_088-2a
089.md	27	KR3l0118_WYG_088-2b
089.md	35	KR3l0118_WYG_088-3a
089.md	43	KR3l0118_WYG_088-3b
089.md	51	KR3l0118_WYG_088-4a
089.md	59	KR3l0118_WYG_088-4b
089.md	67	KR3l0118_WYG_088-5a
089.md	75	KR3l0118_WYG_088-5b
089.md	83	KR3l0118_WYG_088-6a
089.md	91	KR3l0118_WYG_088-6b
089.md	99	KR3l0118_WYG_088-7a
089.md	107	KR3l0118_WYG_088-7b
089.md	115	KR3l0118_WYG_088-8a
089.md	123	KR3l0118_WYG_088-8b
089.md	131	KR3l0118_WYG_088-9a
089.md	139	KR3l0118_WYG_088-9b
089.md	147	KR3l0118_WYG_088-10a
089.md	155	KR3l0118_WYG_088-10b
089.md	163	KR3l0118_WYG_088-11a
089.md	171	KR3l0118_WYG_088-11b
089.md	179	KR3l0118_WYG_088-12a
089.md	187	KR3l0118_WYG_088-12b
089.md	195	KR3l0118_WYG_088-13a
089.md	203	KR3l0118_WYG_088-13b
089.md	211	KR3l0118_WYG_088-14a
089.md	219	KR3l0118_WYG_088-14b
089.md	227	KR3l0118_WYG_088-15a
089.md	235	KR3l0118_WYG_088-15b
089.md	243	KR3l0118_WYG_088-16a
089.md	251	KR3l0118_WYG_088-16b
090.md	3	KR3l0118_WYG_089-1a
090.md	11	KR3l0118_WYG_089-1b
090.md	19	KR3l0118_WYG_089-2a
090.md	27	KR3l0118_WYG_089-2b
090.md	35	KR3l0118_WYG_089-3a
090.md	43	KR3l0118_WYG_089-3b
090.md	51	KR3l0118_WYG_089-4a
090.md	59	KR3l0118_WYG_089-4b
090.md	67	KR3l0118_WYG_089-5a
090.md	75	KR3l0118_WYG_089-5b
090.md	83	KR3l0118_WYG_089-6a
090.md	91	KR3l0118_WYG_089-6b
090.md	99	KR3l0118_WYG_089-7a
090.md	107	KR3l0118_WYG_089-7b
090.md	115	KR3l0118_WYG_089-8a
090.md	123	KR3l0118_WYG_089-8b
090.md	131	KR3l0118_WYG_089-9a
090.md	139	KR3l0118_WYG_089-9b
090.md	147	KR3l0118_WYG_089-10a
090.md	155	KR3l0118_WYG_089-10b
090.md	163	KR3l0118_WYG_089-11a
090.md	171	KR3l0118_WYG_089-11b
091.md	3	KR3l0118_WYG_090-1a
091.md	11	KR3l0118_WYG_090-1b
091.md	19	KR3l0118_WYG_090-2a
091.md	27	KR3l0118_WYG_090-2b
091.md	35	KR3l0118_WYG_090-3a
091.md	43	KR3l0118_WYG_090-3b
091.md	51	KR3l0118_WYG_090-4a
091.md	59	KR3l0118_WYG_090-4b
091.md	67	KR3l0118_WYG_090-5a
091.md	75	KR3l0118_WYG_090-5b
091.md	83	KR3l0118_WYG_090-6a
091.md	91	KR3l0118_WYG_090-6b
091.md	99	KR3l0118_WYG_090-7a
091.md	107	KR3l0118_WYG_090-7b
091.md	115	KR3l0118_WYG_090-8a
091.md	123	KR3l0118_WYG_090-8b
091.md	131	KR3l0118_WYG_090-9a
091.md	139	KR3l0118_WYG_090-9b
091.md	147	KR3l0118_WYG_090-10a
091.md	155	KR3l0118_WYG_090-10b
091.md	163	KR3l0118_WYG_090-11a
091.md	171	KR3l0118_WYG_090-11b
091.md	179	KR3l0118_WYG_090-12a
091.md	187	KR3l0118_WYG_090-12b
091.md	195	KR3l0118_WYG_090-13a
091.md	203	KR3l0118_WYG_090-13b
092.md	3	KR3l0118_WYG_091-1a
092.md	11	KR3l0118_WYG_091-1b
092.md	19	KR3l0118_WYG_091-2a
092.md	27	KR3l0118_WYG_091-2b
092.md	35	KR3l0118_WYG_091-3a
092.md	43	KR3l0118_WYG_091-3b
092.md	51	KR3l0118_WYG_091-4a
092.md	59	KR3l0118_WYG_091-4b
092.md	67	KR3l0118_WYG_091-5a
092.md	75	KR3l0118_WYG_091-5b
092.md	83	KR3l0118_WYG_091-6a
092.md	91	KR3l0118_WYG_091-6b
092.md	99	KR3l0118_WYG_091-7a
092.md	107	KR3l0118_WYG_091-7b
092.md	115	KR3l0118_WYG_091-8a
092.md	123	KR3l0118_WYG_091-8b
092.md	131	KR3l0118_WYG_091-9a
092.md	139	KR3l0118_WYG_091-9b
092.md	147	KR3l0118_WYG_091-10a
092.md	155	KR3l0118_WYG_091-10b
092.md	163	KR3l0118_WYG_091-11a
092.md	171	KR3l0118_WYG_091-11b
092.md	179	KR3l0118_WYG_091-12a
092.md	187	KR3l0118_WYG_091-12b
093.md	3	KR3l0118_WYG_092-1a
093.md	11	KR3l0118_WYG_092-1b
093.md	19	KR3l0118_WYG_092-2a
093.md	27	KR3l0118_WYG_092-2b
093.md	35	KR3l0118_WYG_092-3a
093.md	43	KR3l0118_WYG_092-3b
093.md	51	KR3l0118_WYG_092-4a
093.md	59	KR3l0118_WYG_092-4b
093.md	67	KR3l0118_WYG_092-5a
093.md	75	KR3l0118_WYG_092-5b
093.md	83	KR3l0118_WYG_092-6a
093.md	91	KR3l0118_WYG_092-6b
093.md	99	KR3l0118_WYG_092-7a
093.md	107	KR3l0118_WYG_092-7b
093.md	115	KR3l0118_WYG_092-8a
093.md	123	KR3l0118_WYG_092-8b
093.md	131	KR3l0118_WYG_092-9a
093.md	139	KR3l0118_WYG_092-9b
093.md	147	KR3l0118_WYG_092-10a
093.md	155	KR3l0118_WYG_092-10b
093.md	163	KR3l0118_WYG_092-11a
093.md	171	KR3l0118_WYG_092-11b
093.md	179	KR3l0118_WYG_092-12a
093.md	187	KR3l0118_WYG_092-12b
094.md	3	KR3l0118_WYG_093-1a
094.md	11	KR3l0118_WYG_093-1b
094.md	19	KR3l0118_WYG_093-2a
094.md	27	KR3l0118_WYG_093-2b
094.md	35	KR3l0118_WYG_093-3a
094.md	43	KR3l0118_WYG_093-3b
094.md	51	KR3l0118_WYG_093-4a
094.md	59	KR3l0118_WYG_093-4b
094.md	67	KR3l0118_WYG_093-5a
094.md	75	KR3l0118_WYG_093-5b
094.md	83	KR3l0118_WYG_093-6a
094.md	91	KR3l0118_WYG_093-6b
094.md	99	KR3l0118_WYG_093-7a
094.md	107	KR3l0118_WYG_093-7b
094.md	115	KR3l0118_WYG_093-8a
094.md	123	KR3l0118_WYG_093-8b
094.md	131	KR3l0118_WYG_093-9a
094.md	139	KR3l0118_WYG_093-9b
094.md	147	KR3l0118_WYG_093-10a
094.md	155	KR3l0118_WYG_093-10b
094.md	163	KR3l0118_WYG_093-11a
094.md	171	KR3l0118_WYG_093-11b
094.md	179	KR3l0118_WYG_093-12a
094.md	187	KR3l0118_WYG_093-12b
094.md	195	KR3l0118_WYG_093-13a
094.md	203	KR3l0118_WYG_093-13b
094.md	211	KR3l0118_WYG_093-14a
094.md	219	KR3l0118_WYG_093-14b
094.md	227	KR3l0118_WYG_093-15a
094.md	235	KR3l0118_WYG_093-15b
094.md	243	KR3l0118_WYG_093-16a
094.md	251	KR3l0118_WYG_093-16b
094.md	259	KR3l0118_WYG_093-17a
094.md	267	KR3l0118_WYG_093-17b
095.md	3	KR3l0118_WYG_094-1a
095.md	11	KR3l0118_WYG_094-1b
095.md	19	KR3l0118_WYG_094-2a
095.md	27	KR3l0118_WYG_094-2b
095.md	35	KR3l0118_WYG_094-3a
095.md	43	KR3l0118_WYG_094-3b
095.md	51	KR3l0118_WYG_094-4a
095.md	59	KR3l0118_WYG_094-4b
095.md	67	KR3l0118_WYG_094-5a
095.md	75	KR3l0118_WYG_094-5b
095.md	83	KR3l0118_WYG_094-6a
095.md	91	KR3l0118_WYG_094-6b
095.md	99	KR3l0118_WYG_094-7a
095.md	107	KR3l0118_WYG_094-7b
095.md	115	KR3l0118_WYG_094-8a
095.md	123	KR3l0118_WYG_094-8b
095.md	131	KR3l0118_WYG_094-9a
095.md	139	KR3l0118_WYG_094-9b
095.md	147	KR3l0118_WYG_094-10a
095.md	155	KR3l0118_WYG_094-10b
095.md	163	KR3l0118_WYG_094-11a
095.md	171	KR3l0118_WYG_094-11b
096.md	3	KR3l0118_WYG_095-1a
096.md	11	KR3l0118_WYG_095-1b
096.md	19	KR3l0118_WYG_095-2a
096.md	27	KR3l0118_WYG_095-2b
096.md	35	KR3l0118_WYG_095-3a
096.md	43	KR3l0118_WYG_095-3b
096.md	51	KR3l0118_WYG_095-4a
096.md	59	KR3l0118_WYG_095-4b
096.md	67	KR3l0118_WYG_095-5a
096.md	75	KR3l0118_WYG_095-5b
096.md	83	KR3l0118_WYG_095-6a
096.md	91	KR3l0118_WYG_095-6b
096.md	99	KR3l0118_WYG_095-7a
096.md	107	KR3l0118_WYG_095-7b
096.md	115	KR3l0118_WYG_095-8a
096.md	123	KR3l0118_WYG_095-8b
096.md	131	KR3l0118_WYG_095-9a
096.md	139	KR3l0118_WYG_095-9b
096.md	147	KR3l0118_WYG_095-10a
096.md	155	KR3l0118_WYG_095-10b
096.md	163	KR3l0118_WYG_095-11a
096.md	171	KR3l0118_WYG_095-11b
097.md	3	KR3l0118_WYG_096-1a
097.md	11	KR3l0118_WYG_096-1b
097.md	19	KR3l0118_WYG_096-2a
097.md	27	KR3l0118_WYG_096-2b
097.md	35	KR3l0118_WYG_096-3a
097.md	43	KR3l0118_WYG_096-3b
097.md	51	KR3l0118_WYG_096-4a
097.md	59	KR3l0118_WYG_096-4b
097.md	67	KR3l0118_WYG_096-5a
097.md	75	KR3l0118_WYG_096-5b
097.md	83	KR3l0118_WYG_096-6a
097.md	91	KR3l0118_WYG_096-6b
097.md	99	KR3l0118_WYG_096-7a
097.md	107	KR3l0118_WYG_096-7b
097.md	115	KR3l0118_WYG_096-8a
097.md	123	KR3l0118_WYG_096-8b
097.md	131	KR3l0118_WYG_096-9a
097.md	139	KR3l0118_WYG_096-9b
097.md	147	KR3l0118_WYG_096-10a
097.md	155	KR3l0118_WYG_096-10b
097.md	163	KR3l0118_WYG_096-11a
097.md	171	KR3l0118_WYG_096-11b
098.md	3	KR3l0118_WYG_097-1a
098.md	11	KR3l0118_WYG_097-1b
098.md	19	KR3l0118_WYG_097-2a
098.md	27	KR3l0118_WYG_097-2b
098.md	35	KR3l0118_WYG_097-3a
098.md	43	KR3l0118_WYG_097-3b
098.md	51	KR3l0118_WYG_097-4a
098.md	59	KR3l0118_WYG_097-4b
098.md	67	KR3l0118_WYG_097-5a
098.md	75	KR3l0118_WYG_097-5b
098.md	83	KR3l0118_WYG_097-6a
098.md	91	KR3l0118_WYG_097-6b
098.md	99	KR3l0118_WYG_097-7a
098.md	107	KR3l0118_WYG_097-7b
098.md	115	KR3l0118_WYG_097-8a
098.md	123	KR3l0118_WYG_097-8b
098.md	131	KR3l0118_WYG_097-9a
098.md	139	KR3l0118_WYG_097-9b
099.md	3	KR3l0118_WYG_098-1a
099.md	11	KR3l0118_WYG_098-1b
099.md	19	KR3l0118_WYG_098-2a
099.md	27	KR3l0118_WYG_098-2b
099.md	35	KR3l0118_WYG_098-3a
099.md	43	KR3l0118_WYG_098-3b
099.md	51	KR3l0118_WYG_098-4a
099.md	59	KR3l0118_WYG_098-4b
099.md	67	KR3l0118_WYG_098-5a
099.md	75	KR3l0118_WYG_098-5b
099.md	83	KR3l0118_WYG_098-6a
099.md	91	KR3l0118_WYG_098-6b
099.md	99	KR3l0118_WYG_098-7a
099.md	107	KR3l0118_WYG_098-7b
099.md	115	KR3l0118_WYG_098-8a
099.md	123	KR3l0118_WYG_098-8b
099.md	131	KR3l0118_WYG_098-9a
099.md	139	KR3l0118_WYG_098-9b
099.md	147	KR3l0118_WYG_098-10a
099.md	155	KR3l0118_WYG_098-10b
100.md	3	KR3l0118_WYG_099-1a
100.md	11	KR3l0118_WYG_099-1b
100.md	19	KR3l0118_WYG_099-2a
100.md	27	KR3l0118_WYG_099-2b
100.md	35	KR3l0118_WYG_099-3a
100.md	43	KR3l0118_WYG_099-3b
100.md	51	KR3l0118_WYG_099-4a
100.md	59	KR3l0118_WYG_099-4b
100.md	67	KR3l0118_WYG_099-5a
100.md	75	KR3l0118_WYG_099-5b
100.md	83	KR3l0118_WYG_099-6a
100.md	91	KR3l0118_WYG_099-6b
100.md	99	KR3l0118_WYG_099-7a
100.md	107	KR3l0118_WYG_099-7b
100.md	115	KR3l0118_WYG_099-8a
100.md	123	KR3l0118_WYG_099-8b
100.md	131	KR3l0118_WYG_099-9a
100.md	139	KR3l0118_WYG_099-9b
100.md	147	KR3l0118_WYG_099-10a
100.md	155	KR3l0118_WYG_099-10b
100.md	163	KR3l0118_WYG_099-11a
100.md	171	KR3l0118_WYG_099-11b
100.md	179	KR3l0118_WYG_099-12a
100.md	187	KR3l0118_WYG_099-12b
101.md	3	KR3l0118_WYG_100-1a
101.md	11	KR3l0118_WYG_100-1b
101.md	19	KR3l0118_WYG_100-2a
101.md	27	KR3l0118_WYG_100-2b
101.md	35	KR3l0118_WYG_100-3a
101.md	43	KR3l0118_WYG_100-3b
101.md	51	KR3l0118_WYG_100-4a
101.md	59	KR3l0118_WYG_100-4b
101.md	67	KR3l0118_WYG_100-5a
101.md	75	KR3l0118_WYG_100-5b
101.md	83	KR3l0118_WYG_100-6a
101.md	91	KR3l0118_WYG_100-6b
101.md	99	KR3l0118_WYG_100-7a
101.md	107	KR3l0118_WYG_100-7b
101.md	115	KR3l0118_WYG_100-8a
101.md	123	KR3l0118_WYG_100-8b
101.md	131	KR3l0118_WYG_100-9a
101.md	139	KR3l0118_WYG_100-9b
101.md	147	KR3l0118_WYG_100-10a
101.md	155	KR3l0118_WYG_100-10b
101.md	163	KR3l0118_WYG_100-11a
101.md	171	KR3l0118_WYG_100-11b
101.md	179	KR3l0118_WYG_100-12a
101.md	187	KR3l0118_WYG_100-12b
102.md	3	KR3l0118_WYG_101-1a
102.md	11	KR3l0118_WYG_101-1b
102.md	19	KR3l0118_WYG_101-2a
102.md	27	KR3l0118_WYG_101-2b
102.md	35	KR3l0118_WYG_101-3a
102.md	43	KR3l0118_WYG_101-3b
102.md	51	KR3l0118_WYG_101-4a
102.md	59	KR3l0118_WYG_101-4b
102.md	67	KR3l0118_WYG_101-5a
102.md	75	KR3l0118_WYG_101-5b
102.md	83	KR3l0118_WYG_101-6a
102.md	91	KR3l0118_WYG_101-6b
102.md	99	KR3l0118_WYG_101-7a
102.md	107	KR3l0118_WYG_101-7b
102.md	115	KR3l0118_WYG_101-8a
102.md	123	KR3l0118_WYG_101-8b
102.md	131	KR3l0118_WYG_101-9a
102.md	139	KR3l0118_WYG_101-9b
102.md	147	KR3l0118_WYG_101-10a
102.md	155	KR3l0118_WYG_101-10b
102.md	163	KR3l0118_WYG_101-11a
102.md	171	KR3l0118_WYG_101-11b
102.md	179	KR3l0118_WYG_101-12a
102.md	187	KR3l0118_WYG_101-12b
102.md	195	KR3l0118_WYG_101-13a
102.md	203	KR3l0118_WYG_101-13b
103.md	3	KR3l0118_WYG_102-1a
103.md	11	KR3l0118_WYG_102-1b
103.md	19	KR3l0118_WYG_102-2a
103.md	27	KR3l0118_WYG_102-2b
103.md	35	KR3l0118_WYG_102-3a
103.md	43	KR3l0118_WYG_102-3b
103.md	51	KR3l0118_WYG_102-4a
103.md	59	KR3l0118_WYG_102-4b
103.md	67	KR3l0118_WYG_102-5a
103.md	75	KR3l0118_WYG_102-5b
103.md	83	KR3l0118_WYG_102-6a
103.md	91	KR3l0118_WYG_102-6b
103.md	99	KR3l0118_WYG_102-7a
103.md	107	KR3l0118_WYG_102-7b
103.md	115	KR3l0118_WYG_102-8a
103.md	123	KR3l0118_WYG_102-8b
103.md	131	KR3l0118_WYG_102-9a
103.md	139	KR3l0118_WYG_102-9b
103.md	147	KR3l0118_WYG_102-10a
103.md	155	KR3l0118_WYG_102-10b
103.md	163	KR3l0118_WYG_102-11a
103.md	171	KR3l0118_WYG_102-11b
104.md	3	KR3l0118_WYG_103-1a
104.md	11	KR3l0118_WYG_103-1b
104.md	19	KR3l0118_WYG_103-2a
104.md	27	KR3l0118_WYG_103-2b
104.md	35	KR3l0118_WYG_103-3a
104.md	43	KR3l0118_WYG_103-3b
104.md	51	KR3l0118_WYG_103-4a
104.md	59	KR3l0118_WYG_103-4b
104.md	67	KR3l0118_WYG_103-5a
104.md	75	KR3l0118_WYG_103-5b
104.md	83	KR3l0118_WYG_103-6a
104.md	91	KR3l0118_WYG_103-6b
104.md	99	KR3l0118_WYG_103-7a
104.md	107	KR3l0118_WYG_103-7b
104.md	115	KR3l0118_WYG_103-8a
104.md	123	KR3l0118_WYG_103-8b
104.md	131	KR3l0118_WYG_103-9a
104.md	139	KR3l0118_WYG_103-9b
104.md	147	KR3l0118_WYG_103-10a
104.md	155	KR3l0118_WYG_103-10b
104.md	163	KR3l0118_WYG_103-11a
104.md	171	KR3l0118_WYG_103-11b
105.md	3	KR3l0118_WYG_104-1a
105.md	11	KR3l0118_WYG_104-1b
105.md	19	KR3l0118_WYG_104-2a
105.md	27	KR3l0118_WYG_104-2b
105.md	35	KR3l0118_WYG_104-3a
105.md	43	KR3l0118_WYG_104-3b
105.md	51	KR3l0118_WYG_104-4a
105.md	59	KR3l0118_WYG_104-4b
105.md	67	KR3l0118_WYG_104-5a
105.md	75	KR3l0118_WYG_104-5b
105.md	83	KR3l0118_WYG_104-6a
105.md	91	KR3l0118_WYG_104-6b
105.md	99	KR3l0118_WYG_104-7a
105.md	107	KR3l0118_WYG_104-7b
105.md	115	KR3l0118_WYG_104-8a
105.md	123	KR3l0118_WYG_104-8b
105.md	131	KR3l0118_WYG_104-9a
105.md	139	KR3l0118_WYG_104-9b
105.md	147	KR3l0118_WYG_104-10a
105.md	155	KR3l0118_WYG_104-10b
106.md	3	KR3l0118_WYG_105-1a
106.md	11	KR3l0118_WYG_105-1b
106.md	19	KR3l0118_WYG_105-2a
106.md	27	KR3l0118_WYG_105-2b
106.md	35	KR3l0118_WYG_105-3a
106.md	43	KR3l0118_WYG_105-3b
106.md	51	KR3l0118_WYG_105-4a
106.md	59	KR3l0118_WYG_105-4b
106.md	67	KR3l0118_WYG_105-5a
106.md	75	KR3l0118_WYG_105-5b
106.md	83	KR3l0118_WYG_105-6a
106.md	91	KR3l0118_WYG_105-6b
106.md	99	KR3l0118_WYG_105-7a
106.md	107	KR3l0118_WYG_105-7b
106.md	115	KR3l0118_WYG_105-8a
106.md	123	KR3l0118_WYG_105-8b
106.md	131	KR3l0118_WYG_105-9a
106.md	139	KR3l0118_WYG_105-9b
106.md	147	KR3l0118_WYG_105-10a
106.md	155	KR3l0118_WYG_105-10b
107.md	3	KR3l0118_WYG_106-1a
107.md	11	KR3l0118_WYG_106-1b
107.md	19	KR3l0118_WYG_106-2a
107.md	27	KR3l0118_WYG_106-2b
107.md	35	KR3l0118_WYG_106-3a
107.md	43	KR3l0118_WYG_106-3b
107.md	51	KR3l0118_WYG_106-4a
107.md	59	KR3l0118_WYG_106-4b
107.md	67	KR3l0118_WYG_106-5a
107.md	75	KR3l0118_WYG_106-5b
107.md	83	KR3l0118_WYG_106-6a
107.md	91	KR3l0118_WYG_106-6b
107.md	99	KR3l0118_WYG_106-7a
107.md	107	KR3l0118_WYG_106-7b
107.md	115	KR3l0118_WYG_106-8a
107.md	123	KR3l0118_WYG_106-8b
107.md	131	KR3l0118_WYG_106-9a
107.md	139	KR3l0118_WYG_106-9b
107.md	147	KR3l0118_WYG_106-10a
107.md	155	KR3l0118_WYG_106-10b
107.md	163	KR3l0118_WYG_106-11a
107.md	171	KR3l0118_WYG_106-11b
108.md	3	KR3l0118_WYG_107-1a
108.md	11	KR3l0118_WYG_107-1b
108.md	19	KR3l0118_WYG_107-2a
108.md	27	KR3l0118_WYG_107-2b
108.md	35	KR3l0118_WYG_107-3a
108.md	43	KR3l0118_WYG_107-3b
108.md	51	KR3l0118_WYG_107-4a
108.md	59	KR3l0118_WYG_107-4b
108.md	67	KR3l0118_WYG_107-5a
108.md	75	KR3l0118_WYG_107-5b
108.md	83	KR3l0118_WYG_107-6a
108.md	91	KR3l0118_WYG_107-6b
108.md	99	KR3l0118_WYG_107-7a
108.md	107	KR3l0118_WYG_107-7b
108.md	115	KR3l0118_WYG_107-8a
108.md	123	KR3l0118_WYG_107-8b
108.md	131	KR3l0118_WYG_107-9a
108.md	139	KR3l0118_WYG_107-9b
108.md	147	KR3l0118_WYG_107-10a
108.md	155	KR3l0118_WYG_107-10b
108.md	163	KR3l0118_WYG_107-11a
108.md	171	KR3l0118_WYG_107-11b
109.md	3	KR3l0118_WYG_108-1a
109.md	11	KR3l0118_WYG_108-1b
109.md	19	KR3l0118_WYG_108-2a
109.md	27	KR3l0118_WYG_108-2b
109.md	35	KR3l0118_WYG_108-3a
109.md	43	KR3l0118_WYG_108-3b
109.md	51	KR3l0118_WYG_108-4a
109.md	59	KR3l0118_WYG_108-4b
109.md	67	KR3l0118_WYG_108-5a
109.md	75	KR3l0118_WYG_108-5b
109.md	83	KR3l0118_WYG_108-6a
109.md	91	KR3l0118_WYG_108-6b
109.md	99	KR3l0118_WYG_108-7a
109.md	107	KR3l0118_WYG_108-7b
109.md	115	KR3l0118_WYG_108-8a
109.md	123	KR3l0118_WYG_108-8b
109.md	131	KR3l0118_WYG_108-9a
109.md	139	KR3l0118_WYG_108-9b
109.md	147	KR3l0118_WYG_108-10a
109.md	155	KR3l0118_WYG_108-10b
109.md	163	KR3l0118_WYG_108-11a
109.md	171	KR3l0118_WYG_108-11b
110.md	3	KR3l0118_WYG_109-1a
110.md	11	KR3l0118_WYG_109-1b
110.md	19	KR3l0118_WYG_109-2a
110.md	27	KR3l0118_WYG_109-2b
110.md	35	KR3l0118_WYG_109-3a
110.md	43	KR3l0118_WYG_109-3b
110.md	51	KR3l0118_WYG_109-4a
110.md	59	KR3l0118_WYG_109-4b
110.md	67	KR3l0118_WYG_109-5a
110.md	75	KR3l0118_WYG_109-5b
110.md	83	KR3l0118_WYG_109-6a
110.md	91	KR3l0118_WYG_109-6b
110.md	99	KR3l0118_WYG_109-7a
110.md	107	KR3l0118_WYG_109-7b
110.md	115	KR3l0118_WYG_109-8a
110.md	123	KR3l0118_WYG_109-8b
110.md	131	KR3l0118_WYG_109-9a
110.md	139	KR3l0118_WYG_109-9b
110.md	147	KR3l0118_WYG_109-10a
110.md	155	KR3l0118_WYG_109-10b
110.md	163	KR3l0118_WYG_109-11a
110.md	171	KR3l0118_WYG_109-11b
110.md	179	KR3l0118_WYG_109-12a
110.md	187	KR3l0118_WYG_109-12b
110.md	195	KR3l0118_WYG_109-13a
110.md	203	KR3l0118_WYG_109-13b
110.md	211	KR3l0118_WYG_109-14a
110.md	219	KR3l0118_WYG_109-14b
110.md	227	KR3l0118_WYG_109-15a
110.md	235	KR3l0118_WYG_109-15b
110.md	243	KR3l0118_WYG_109-16a
110.md	251	KR3l0118_WYG_109-16b
111.md	3	KR3l0118_WYG_110-1a
111.md	11	KR3l0118_WYG_110-1b
111.md	19	KR3l0118_WYG_110-2a
111.md	27	KR3l0118_WYG_110-2b
111.md	35	KR3l0118_WYG_110-3a
111.md	43	KR3l0118_WYG_110-3b
111.md	51	KR3l0118_WYG_110-4a
111.md	59	KR3l0118_WYG_110-4b
111.md	67	KR3l0118_WYG_110-5a
111.md	75	KR3l0118_WYG_110-5b
111.md	83	KR3l0118_WYG_110-6a
111.md	91	KR3l0118_WYG_110-6b
111.md	99	KR3l0118_WYG_110-7a
111.md	107	KR3l0118_WYG_110-7b
111.md	115	KR3l0118_WYG_110-8a
111.md	123	KR3l0118_WYG_110-8b
111.md	131	KR3l0118_WYG_110-9a
111.md	139	KR3l0118_WYG_110-9b
111.md	147	KR3l0118_WYG_110-10a
111.md	155	KR3l0118_WYG_110-10b
111.md	163	KR3l0118_WYG_110-11a
111.md	171	KR3l0118_WYG_110-11b
111.md	179	KR3l0118_WYG_110-12a
111.md	187	KR3l0118_WYG_110-12b
111.md	195	KR3l0118_WYG_110-13a
111.md	203	KR3l0118_WYG_110-13b
111.md	211	KR3l0118_WYG_110-14a
111.md	219	KR3l0118_WYG_110-14b
111.md	227	KR3l0118_WYG_110-15a
111.md	235	KR3l0118_WYG_110-15b
112.md	3	KR3l0118_WYG_111-1a
112.md	11	KR3l0118_WYG_111-1b
112.md	19	KR3l0118_WYG_111-2a
112.md	27	KR3l0118_WYG_111-2b
112.md	35	KR3l0118_WYG_111-3a
112.md	43	KR3l0118_WYG_111-3b
112.md	51	KR3l0118_WYG_111-4a
112.md	59	KR3l0118_WYG_111-4b
112.md	67	KR3l0118_WYG_111-5a
112.md	75	KR3l0118_WYG_111-5b
112.md	83	KR3l0118_WYG_111-6a
112.md	91	KR3l0118_WYG_111-6b
112.md	99	KR3l0118_WYG_111-7a
112.md	107	KR3l0118_WYG_111-7b
112.md	115	KR3l0118_WYG_111-8a
112.md	123	KR3l0118_WYG_111-8b
112.md	131	KR3l0118_WYG_111-9a
112.md	139	KR3l0118_WYG_111-9b
112.md	147	KR3l0118_WYG_111-10a
112.md	155	KR3l0118_WYG_111-10b
112.md	163	KR3l0118_WYG_111-11a
112.md	171	KR3l0118_WYG_111-11b
112.md	179	KR3l0118_WYG_111-12a
112.md	187	KR3l0118_WYG_111-12b
112.md	195	KR3l0118_WYG_111-13a
112.md	203	KR3l0118_WYG_111-13b
112.md	211	KR3l0118_WYG_111-14a
112.md	219	KR3l0118_WYG_111-14b
112.md	227	KR3l0118_WYG_111-15a
112.md	235	KR3l0118_WYG_111-15b
113.md	3	KR3l0118_WYG_112-1a
113.md	11	KR3l0118_WYG_112-1b
113.md	19	KR3l0118_WYG_112-2a
113.md	27	KR3l0118_WYG_112-2b
113.md	35	KR3l0118_WYG_112-3a
113.md	43	KR3l0118_WYG_112-3b
113.md	51	KR3l0118_WYG_112-4a
113.md	59	KR3l0118_WYG_112-4b
113.md	67	KR3l0118_WYG_112-5a
113.md	75	KR3l0118_WYG_112-5b
113.md	83	KR3l0118_WYG_112-6a
113.md	91	KR3l0118_WYG_112-6b
113.md	99	KR3l0118_WYG_112-7a
113.md	107	KR3l0118_WYG_112-7b
113.md	115	KR3l0118_WYG_112-8a
113.md	123	KR3l0118_WYG_112-8b
113.md	131	KR3l0118_WYG_112-9a
113.md	139	KR3l0118_WYG_112-9b
113.md	147	KR3l0118_WYG_112-10a
113.md	155	KR3l0118_WYG_112-10b
113.md	163	KR3l0118_WYG_112-11a
113.md	171	KR3l0118_WYG_112-11b
113.md	179	KR3l0118_WYG_112-12a
113.md	187	KR3l0118_WYG_112-12b
113.md	195	KR3l0118_WYG_112-13a
113.md	203	KR3l0118_WYG_112-13b
113.md	211	KR3l0118_WYG_112-14a
113.md	219	KR3l0118_WYG_112-14b
114.md	3	KR3l0118_WYG_113-1a
114.md	11	KR3l0118_WYG_113-1b
114.md	19	KR3l0118_WYG_113-2a
114.md	27	KR3l0118_WYG_113-2b
114.md	35	KR3l0118_WYG_113-3a
114.md	43	KR3l0118_WYG_113-3b
114.md	51	KR3l0118_WYG_113-4a
114.md	59	KR3l0118_WYG_113-4b
114.md	67	KR3l0118_WYG_113-5a
114.md	75	KR3l0118_WYG_113-5b
114.md	83	KR3l0118_WYG_113-6a
114.md	91	KR3l0118_WYG_113-6b
114.md	99	KR3l0118_WYG_113-7a
114.md	107	KR3l0118_WYG_113-7b
114.md	115	KR3l0118_WYG_113-8a
114.md	123	KR3l0118_WYG_113-8b
114.md	131	KR3l0118_WYG_113-9a
114.md	139	KR3l0118_WYG_113-9b
114.md	147	KR3l0118_WYG_113-10a
114.md	155	KR3l0118_WYG_113-10b
114.md	163	KR3l0118_WYG_113-11a
114.md	171	KR3l0118_WYG_113-11b
115.md	3	KR3l0118_WYG_114-1a
115.md	11	KR3l0118_WYG_114-1b
115.md	19	KR3l0118_WYG_114-2a
115.md	27	KR3l0118_WYG_114-2b
115.md	35	KR3l0118_WYG_114-3a
115.md	43	KR3l0118_WYG_114-3b
115.md	51	KR3l0118_WYG_114-4a
115.md	59	KR3l0118_WYG_114-4b
115.md	67	KR3l0118_WYG_114-5a
115.md	75	KR3l0118_WYG_114-5b
115.md	83	KR3l0118_WYG_114-6a
115.md	91	KR3l0118_WYG_114-6b
115.md	99	KR3l0118_WYG_114-7a
115.md	107	KR3l0118_WYG_114-7b
115.md	115	KR3l0118_WYG_114-8a
115.md	123	KR3l0118_WYG_114-8b
115.md	131	KR3l0118_WYG_114-9a
115.md	139	KR3l0118_WYG_114-9b
115.md	147	KR3l0118_WYG_114-10a
115.md	155	KR3l0118_WYG_114-10b
115.md	163	KR3l0118_WYG_114-11a
115.md	171	KR3l0118_WYG_114-11b
116.md	3	KR3l0118_WYG_115-1a
116.md	11	KR3l0118_WYG_115-1b
116.md	19	KR3l0118_WYG_115-2a
116.md	27	KR3l0118_WYG_115-2b
116.md	35	KR3l0118_WYG_115-3a
116.md	43	KR3l0118_WYG_115-3b
116.md	51	KR3l0118_WYG_115-4a
116.md	59	KR3l0118_WYG_115-4b
116.md	67	KR3l0118_WYG_115-5a
116.md	75	KR3l0118_WYG_115-5b
116.md	83	KR3l0118_WYG_115-6a
116.md	91	KR3l0118_WYG_115-6b
116.md	99	KR3l0118_WYG_115-7a
116.md	107	KR3l0118_WYG_115-7b
116.md	115	KR3l0118_WYG_115-8a
116.md	123	KR3l0118_WYG_115-8b
116.md	131	KR3l0118_WYG_115-9a
116.md	139	KR3l0118_WYG_115-9b
116.md	147	KR3l0118_WYG_115-10a
116.md	155	KR3l0118_WYG_115-10b
116.md	163	KR3l0118_WYG_115-11a
116.md	171	KR3l0118_WYG_115-11b
116.md	179	KR3l0118_WYG_115-12a
116.md	187	KR3l0118_WYG_115-12b
117.md	3	KR3l0118_WYG_116-1a
117.md	11	KR3l0118_WYG_116-1b
117.md	19	KR3l0118_WYG_116-2a
117.md	27	KR3l0118_WYG_116-2b
117.md	35	KR3l0118_WYG_116-3a
117.md	43	KR3l0118_WYG_116-3b
117.md	51	KR3l0118_WYG_116-4a
117.md	59	KR3l0118_WYG_116-4b
117.md	67	KR3l0118_WYG_116-5a
117.md	75	KR3l0118_WYG_116-5b
117.md	83	KR3l0118_WYG_116-6a
117.md	91	KR3l0118_WYG_116-6b
117.md	99	KR3l0118_WYG_116-7a
117.md	107	KR3l0118_WYG_116-7b
117.md	115	KR3l0118_WYG_116-8a
117.md	123	KR3l0118_WYG_116-8b
117.md	131	KR3l0118_WYG_116-9a
117.md	139	KR3l0118_WYG_116-9b
117.md	147	KR3l0118_WYG_116-10a
117.md	155	KR3l0118_WYG_116-10b
117.md	163	KR3l0118_WYG_116-11a
117.md	171	KR3l0118_WYG_116-11b
117.md	179	KR3l0118_WYG_116-12a
117.md	187	KR3l0118_WYG_116-12b
117.md	195	KR3l0118_WYG_116-13a
117.md	203	KR3l0118_WYG_116-13b
118.md	3	KR3l0118_WYG_117-1a
118.md	11	KR3l0118_WYG_117-1b
118.md	19	KR3l0118_WYG_117-2a
118.md	27	KR3l0118_WYG_117-2b
118.md	35	KR3l0118_WYG_117-3a
118.md	43	KR3l0118_WYG_117-3b
118.md	51	KR3l0118_WYG_117-4a
118.md	59	KR3l0118_WYG_117-4b
118.md	67	KR3l0118_WYG_117-5a
118.md	75	KR3l0118_WYG_117-5b
118.md	83	KR3l0118_WYG_117-6a
118.md	91	KR3l0118_WYG_117-6b
118.md	99	KR3l0118_WYG_117-7a
118.md	107	KR3l0118_WYG_117-7b
118.md	115	KR3l0118_WYG_117-8a
118.md	123	KR3l0118_WYG_117-8b
118.md	131	KR3l0118_WYG_117-9a
118.md	139	KR3l0118_WYG_117-9b
119.md	3	KR3l0118_WYG_118-1a
119.md	11	KR3l0118_WYG_118-1b
119.md	19	KR3l0118_WYG_118-2a
119.md	27	KR3l0118_WYG_118-2b
119.md	35	KR3l0118_WYG_118-3a
119.md	43	KR3l0118_WYG_118-3b
119.md	51	KR3l0118_WYG_118-4a
119.md	59	KR3l0118_WYG_118-4b
119.md	67	KR3l0118_WYG_118-5a
119.md	75	KR3l0118_WYG_118-5b
119.md	83	KR3l0118_WYG_118-6a
119.md	91	KR3l0118_WYG_118-6b
119.md	99	KR3l0118_WYG_118-7a
119.md	107	KR3l0118_WYG_118-7b
119.md	115	KR3l0118_WYG_118-8a
119.md	123	KR3l0118_WYG_118-8b
119.md	131	KR3l0118_WYG_118-9a
119.md	139	KR3l0118_WYG_118-9b
119.md	147	KR3l0118_WYG_118-10a
119.md	155	KR3l0118_WYG_118-10b
119.md	163	KR3l0118_WYG_118-11a
119.md	171	KR3l0118_WYG_118-11b
120.md	3	KR3l0118_WYG_119-1a
120.md	11	KR3l0118_WYG_119-1b
120.md	19	KR3l0118_WYG_119-2a
120.md	27	KR3l0118_WYG_119-2b
120.md	35	KR3l0118_WYG_119-3a
120.md	43	KR3l0118_WYG_119-3b
120.md	51	KR3l0118_WYG_119-4a
120.md	59	KR3l0118_WYG_119-4b
120.md	67	KR3l0118_WYG_119-5a
120.md	75	KR3l0118_WYG_119-5b
120.md	83	KR3l0118_WYG_119-6a
120.md	91	KR3l0118_WYG_119-6b
120.md	99	KR3l0118_WYG_119-7a
120.md	107	KR3l0118_WYG_119-7b
120.md	115	KR3l0118_WYG_119-8a
120.md	123	KR3l0118_WYG_119-8b
120.md	131	KR3l0118_WYG_119-9a
120.md	139	KR3l0118_WYG_119-9b
120.md	147	KR3l0118_WYG_119-10a
120.md	155	KR3l0118_WYG_119-10b
120.md	163	KR3l0118_WYG_119-11a
120.md	171	KR3l0118_WYG_119-11b
120.md	179	KR3l0118_WYG_119-12a
120.md	187	KR3l0118_WYG_119-12b
121.md	3	KR3l0118_WYG_120-1a
121.md	11	KR3l0118_WYG_120-1b
121.md	19	KR3l0118_WYG_120-2a
121.md	27	KR3l0118_WYG_120-2b
121.md	35	KR3l0118_WYG_120-3a
121.md	43	KR3l0118_WYG_120-3b
121.md	51	KR3l0118_WYG_120-4a
121.md	59	KR3l0118_WYG_120-4b
121.md	67	KR3l0118_WYG_120-5a
121.md	75	KR3l0118_WYG_120-5b
121.md	83	KR3l0118_WYG_120-6a
121.md	91	KR3l0118_WYG_120-6b
121.md	99	KR3l0118_WYG_120-7a
121.md	107	KR3l0118_WYG_120-7b
121.md	115	KR3l0118_WYG_120-8a
121.md	123	KR3l0118_WYG_120-8b
121.md	131	KR3l0118_WYG_120-9a
121.md	139	KR3l0118_WYG_120-9b
121.md	147	KR3l0118_WYG_120-10a
121.md	155	KR3l0118_WYG_120-10b
121.md	163	KR3l0118_WYG_120-11a
121.md	171	KR3l0118_WYG_120-11b
121.md	179	KR3l0118_WYG_120-12a
121.md	187	KR3l0118_WYG_120-12b
122.md	3	KR3l0118_WYG_121-1a
122.md	11	KR3l0118_WYG_121-1b
122.md	19	KR3l0118_WYG_121-2a
122.md	27	KR3l0118_WYG_121-2b
122.md	35	KR3l0118_WYG_121-3a
122.md	43	KR3l0118_WYG_121-3b
122.md	51	KR3l0118_WYG_121-4a
122.md	59	KR3l0118_WYG_121-4b
122.md	67	KR3l0118_WYG_121-5a
122.md	75	KR3l0118_WYG_121-5b
122.md	83	KR3l0118_WYG_121-6a
122.md	91	KR3l0118_WYG_121-6b
122.md	99	KR3l0118_WYG_121-7a
122.md	107	KR3l0118_WYG_121-7b
122.md	115	KR3l0118_WYG_121-8a
122.md	123	KR3l0118_WYG_121-8b
122.md	131	KR3l0118_WYG_121-9a
122.md	139	KR3l0118_WYG_121-9b
122.md	147	KR3l0118_WYG_121-10a
122.md	155	KR3l0118_WYG_121-10b
122.md	163	KR3l0118_WYG_121-11a
122.md	171	KR3l0118_WYG_121-11b
122.md	179	KR3l0118_WYG_121-12a
122.md	187	KR3l0118_WYG_121-12b
123.md	3	KR3l0118_WYG_122-1a
123.md	11	KR3l0118_WYG_122-1b
123.md	19	KR3l0118_WYG_122-2a
123.md	27	KR3l0118_WYG_122-2b
123.md	35	KR3l0118_WYG_122-3a
123.md	43	KR3l0118_WYG_122-3b
123.md	51	KR3l0118_WYG_122-4a
123.md	59	KR3l0118_WYG_122-4b
123.md	67	KR3l0118_WYG_122-5a
123.md	75	KR3l0118_WYG_122-5b
123.md	83	KR3l0118_WYG_122-6a
123.md	91	KR3l0118_WYG_122-6b
123.md	99	KR3l0118_WYG_122-7a
123.md	107	KR3l0118_WYG_122-7b
123.md	115	KR3l0118_WYG_122-8a
123.md	123	KR3l0118_WYG_122-8b
123.md	131	KR3l0118_WYG_122-9a
123.md	139	KR3l0118_WYG_122-9b
123.md	147	KR3l0118_WYG_122-10a
123.md	155	KR3l0118_WYG_122-10b
123.md	163	KR3l0118_WYG_122-11a
123.md	171	KR3l0118_WYG_122-11b
123.md	179	KR3l0118_WYG_122-12a
123.md	187	KR3l0118_WYG_122-12b
124.md	3	KR3l0118_WYG_123-1a
124.md	11	KR3l0118_WYG_123-1b
124.md	19	KR3l0118_WYG_123-2a
124.md	27	KR3l0118_WYG_123-2b
124.md	35	KR3l0118_WYG_123-3a
124.md	43	KR3l0118_WYG_123-3b
124.md	51	KR3l0118_WYG_123-4a
124.md	59	KR3l0118_WYG_123-4b
124.md	67	KR3l0118_WYG_123-5a
124.md	75	KR3l0118_WYG_123-5b
124.md	83	KR3l0118_WYG_123-6a
124.md	91	KR3l0118_WYG_123-6b
124.md	99	KR3l0118_WYG_123-7a
124.md	107	KR3l0118_WYG_123-7b
124.md	115	KR3l0118_WYG_123-8a
124.md	123	KR3l0118_WYG_123-8b
124.md	131	KR3l0118_WYG_123-9a
124.md	139	KR3l0118_WYG_123-9b
124.md	147	KR3l0118_WYG_123-10a
124.md	155	KR3l0118_WYG_123-10b
124.md	163	KR3l0118_WYG_123-11a
124.md	171	KR3l0118_WYG_123-11b
125.md	3	KR3l0118_WYG_124-1a
125.md	11	KR3l0118_WYG_124-1b
125.md	19	KR3l0118_WYG_124-2a
125.md	27	KR3l0118_WYG_124-2b
125.md	35	KR3l0118_WYG_124-3a
125.md	43	KR3l0118_WYG_124-3b
125.md	51	KR3l0118_WYG_124-4a
125.md	59	KR3l0118_WYG_124-4b
125.md	67	KR3l0118_WYG_124-5a
125.md	75	KR3l0118_WYG_124-5b
125.md	83	KR3l0118_WYG_124-6a
125.md	91	KR3l0118_WYG_124-6b
125.md	99	KR3l0118_WYG_124-7a
125.md	107	KR3l0118_WYG_124-7b
125.md	115	KR3l0118_WYG_124-8a
125.md	123	KR3l0118_WYG_124-8b
125.md	131	KR3l0118_WYG_124-9a
125.md	139	KR3l0118_WYG_124-9b
125.md	147	KR3l0118_WYG_124-10a
125.md	155	KR3l0118_WYG_124-10b
125.md	163	KR3l0118_WYG_124-11a
125.md	171	KR3l0118_WYG_124-11b
125.md	179	KR3l0118_WYG_124-12a
125.md	187	KR3l0118_WYG_124-12b
126.md	3	KR3l0118_WYG_125-1a
126.md	11	KR3l0118_WYG_125-1b
126.md	19	KR3l0118_WYG_125-2a
126.md	27	KR3l0118_WYG_125-2b
126.md	35	KR3l0118_WYG_125-3a
126.md	43	KR3l0118_WYG_125-3b
126.md	51	KR3l0118_WYG_125-4a
126.md	59	KR3l0118_WYG_125-4b
126.md	67	KR3l0118_WYG_125-5a
126.md	75	KR3l0118_WYG_125-5b
126.md	83	KR3l0118_WYG_125-6a
126.md	91	KR3l0118_WYG_125-6b
126.md	99	KR3l0118_WYG_125-7a
126.md	107	KR3l0118_WYG_125-7b
126.md	115	KR3l0118_WYG_125-8a
126.md	123	KR3l0118_WYG_125-8b
126.md	131	KR3l0118_WYG_125-9a
126.md	139	KR3l0118_WYG_125-9b
126.md	147	KR3l0118_WYG_125-10a
126.md	155	KR3l0118_WYG_125-10b
127.md	3	KR3l0118_WYG_126-1a
127.md	11	KR3l0118_WYG_126-1b
127.md	19	KR3l0118_WYG_126-2a
127.md	27	KR3l0118_WYG_126-2b
127.md	35	KR3l0118_WYG_126-3a
127.md	43	KR3l0118_WYG_126-3b
127.md	51	KR3l0118_WYG_126-4a
127.md	59	KR3l0118_WYG_126-4b
127.md	67	KR3l0118_WYG_126-5a
127.md	75	KR3l0118_WYG_126-5b
127.md	83	KR3l0118_WYG_126-6a
127.md	91	KR3l0118_WYG_126-6b
127.md	99	KR3l0118_WYG_126-7a
127.md	107	KR3l0118_WYG_126-7b
127.md	115	KR3l0118_WYG_126-8a
127.md	123	KR3l0118_WYG_126-8b
127.md	131	KR3l0118_WYG_126-9a
127.md	139	KR3l0118_WYG_126-9b
127.md	147	KR3l0118_WYG_126-10a
127.md	155	KR3l0118_WYG_126-10b
127.md	163	KR3l0118_WYG_126-11a
127.md	171	KR3l0118_WYG_126-11b
127.md	179	KR3l0118_WYG_126-12a
127.md	187	KR3l0118_WYG_126-12b
128.md	3	KR3l0118_WYG_127-1a
128.md	11	KR3l0118_WYG_127-1b
128.md	19	KR3l0118_WYG_127-2a
128.md	27	KR3l0118_WYG_127-2b
128.md	35	KR3l0118_WYG_127-3a
128.md	43	KR3l0118_WYG_127-3b
128.md	51	KR3l0118_WYG_127-4a
128.md	59	KR3l0118_WYG_127-4b
128.md	67	KR3l0118_WYG_127-5a
128.md	75	KR3l0118_WYG_127-5b
128.md	83	KR3l0118_WYG_127-6a
128.md	91	KR3l0118_WYG_127-6b
128.md	99	KR3l0118_WYG_127-7a
128.md	107	KR3l0118_WYG_127-7b
128.md	115	KR3l0118_WYG_127-8a
128.md	123	KR3l0118_WYG_127-8b
128.md	131	KR3l0118_WYG_127-9a
128.md	139	KR3l0118_WYG_127-9b
128.md	147	KR3l0118_WYG_127-10a
128.md	155	KR3l0118_WYG_127-10b
128.md	163	KR3l0118_WYG_127-11a
128.md	171	KR3l0118_WYG_127-11b
129.md	3	KR3l0118_WYG_128-1a
129.md	11	KR3l0118_WYG_128-1b
129.md	19	KR3l0118_WYG_128-2a
129.md	27	KR3l0118_WYG_128-2b
129.md	35	KR3l0118_WYG_128-3a
129.md	43	KR3l0118_WYG_128-3b
129.md	51	KR3l0118_WYG_128-4a
129.md	59	KR3l0118_WYG_128-4b
129.md	67	KR3l0118_WYG_128-5a
129.md	75	KR3l0118_WYG_128-5b
129.md	83	KR3l0118_WYG_128-6a
129.md	91	KR3l0118_WYG_128-6b
129.md	99	KR3l0118_WYG_128-7a
129.md	107	KR3l0118_WYG_128-7b
129.md	115	KR3l0118_WYG_128-8a
129.md	123	KR3l0118_WYG_128-8b
129.md	131	KR3l0118_WYG_128-9a
129.md	139	KR3l0118_WYG_128-9b
129.md	147	KR3l0118_WYG_128-10a
129.md	155	KR3l0118_WYG_128-10b
130.md	3	KR3l0118_WYG_129-1a
130.md	11	KR3l0118_WYG_129-1b
130.md	19	KR3l0118_WYG_129-2a
130.md	27	KR3l0118_WYG_129-2b
130.md	35	KR3l0118_WYG_129-3a
130.md	43	KR3l0118_WYG_129-3b
130.md	51	KR3l0118_WYG_129-4a
130.md	59	KR3l0118_WYG_129-4b
130.md	67	KR3l0118_WYG_129-5a
130.md	75	KR3l0118_WYG_129-5b
130.md	83	KR3l0118_WYG_129-6a
130.md	91	KR3l0118_WYG_129-6b
130.md	99	KR3l0118_WYG_129-7a
130.md	107	KR3l0118_WYG_129-7b
130.md	115	KR3l0118_WYG_129-8a
130.md	123	KR3l0118_WYG_129-8b
130.md	131	KR3l0118_WYG_129-9a
130.md	139	KR3l0118_WYG_129-9b
130.md	147	KR3l0118_WYG_129-10a
130.md	155	KR3l0118_WYG_129-10b
130.md	163	KR3l0118_WYG_129-11a
130.md	171	KR3l0118_WYG_129-11b
131.md	3	KR3l0118_WYG_130-1a
131.md	11	KR3l0118_WYG_130-1b
131.md	19	KR3l0118_WYG_130-2a
131.md	27	KR3l0118_WYG_130-2b
131.md	35	KR3l0118_WYG_130-3a
131.md	43	KR3l0118_WYG_130-3b
131.md	51	KR3l0118_WYG_130-4a
131.md	59	KR3l0118_WYG_130-4b
131.md	67	KR3l0118_WYG_130-5a
131.md	75	KR3l0118_WYG_130-5b
131.md	83	KR3l0118_WYG_130-6a
131.md	91	KR3l0118_WYG_130-6b
131.md	99	KR3l0118_WYG_130-7a
131.md	107	KR3l0118_WYG_130-7b
131.md	115	KR3l0118_WYG_130-8a
131.md	123	KR3l0118_WYG_130-8b
131.md	131	KR3l0118_WYG_130-9a
131.md	139	KR3l0118_WYG_130-9b
131.md	147	KR3l0118_WYG_130-10a
131.md	155	KR3l0118_WYG_130-10b
132.md	3	KR3l0118_WYG_131-1a
132.md	11	KR3l0118_WYG_131-1b
132.md	19	KR3l0118_WYG_131-2a
132.md	27	KR3l0118_WYG_131-2b
132.md	35	KR3l0118_WYG_131-3a
132.md	43	KR3l0118_WYG_131-3b
132.md	51	KR3l0118_WYG_131-4a
132.md	59	KR3l0118_WYG_131-4b
132.md	67	KR3l0118_WYG_131-5a
132.md	75	KR3l0118_WYG_131-5b
132.md	83	KR3l0118_WYG_131-6a
132.md	91	KR3l0118_WYG_131-6b
132.md	99	KR3l0118_WYG_131-7a
132.md	107	KR3l0118_WYG_131-7b
132.md	115	KR3l0118_WYG_131-8a
132.md	123	KR3l0118_WYG_131-8b
132.md	131	KR3l0118_WYG_131-9a
132.md	139	KR3l0118_WYG_131-9b
132.md	147	KR3l0118_WYG_131-10a
132.md	155	KR3l0118_WYG_131-10b
132.md	163	KR3l0118_WYG_131-11a
132.md	171	KR3l0118_WYG_131-11b
132.md	179	KR3l0118_WYG_131-12a
132.md	187	KR3l0118_WYG_131-12b
132.md	195	KR3l0118_WYG_131-13a
132.md	203	KR3l0118_WYG_131-13b
133.md	3	KR3l0118_WYG_132-1a
133.md	11	KR3l0118_WYG_132-1b
133.md	19	KR3l0118_WYG_132-2a
133.md	27	KR3l0118_WYG_132-2b
133.md	35	KR3l0118_WYG_132-3a
133.md	43	KR3l0118_WYG_132-3b
133.md	51	KR3l0118_WYG_132-4a
133.md	59	KR3l0118_WYG_132-4b
133.md	67	KR3l0118_WYG_132-5a
133.md	75	KR3l0118_WYG_132-5b
133.md	83	KR3l0118_WYG_132-6a
133.md	91	KR3l0118_WYG_132-6b
133.md	99	KR3l0118_WYG_132-7a
133.md	107	KR3l0118_WYG_132-7b
133.md	115	KR3l0118_WYG_132-8a
133.md	123	KR3l0118_WYG_132-8b
133.md	131	KR3l0118_WYG_132-9a
133.md	139	KR3l0118_WYG_132-9b
133.md	147	KR3l0118_WYG_132-10a
133.md	155	KR3l0118_WYG_132-10b
133.md	163	KR3l0118_WYG_132-11a
133.md	171	KR3l0118_WYG_132-11b
133.md	179	KR3l0118_WYG_132-12a
133.md	187	KR3l0118_WYG_132-12b
134.md	3	KR3l0118_WYG_133-1a
134.md	11	KR3l0118_WYG_133-1b
134.md	19	KR3l0118_WYG_133-2a
134.md	27	KR3l0118_WYG_133-2b
134.md	35	KR3l0118_WYG_133-3a
134.md	43	KR3l0118_WYG_133-3b
134.md	51	KR3l0118_WYG_133-4a
134.md	59	KR3l0118_WYG_133-4b
134.md	67	KR3l0118_WYG_133-5a
134.md	75	KR3l0118_WYG_133-5b
134.md	83	KR3l0118_WYG_133-6a
134.md	91	KR3l0118_WYG_133-6b
134.md	99	KR3l0118_WYG_133-7a
134.md	107	KR3l0118_WYG_133-7b
134.md	115	KR3l0118_WYG_133-8a
134.md	123	KR3l0118_WYG_133-8b
134.md	131	KR3l0118_WYG_133-9a
134.md	139	KR3l0118_WYG_133-9b
134.md	147	KR3l0118_WYG_133-10a
134.md	155	KR3l0118_WYG_133-10b
134.md	163	KR3l0118_WYG_133-11a
134.md	171	KR3l0118_WYG_133-11b
134.md	179	KR3l0118_WYG_133-12a
134.md	187	KR3l0118_WYG_133-12b
135.md	3	KR3l0118_WYG_134-1a
135.md	11	KR3l0118_WYG_134-1b
135.md	19	KR3l0118_WYG_134-2a
135.md	27	KR3l0118_WYG_134-2b
135.md	35	KR3l0118_WYG_134-3a
135.md	43	KR3l0118_WYG_134-3b
135.md	51	KR3l0118_WYG_134-4a
135.md	59	KR3l0118_WYG_134-4b
135.md	67	KR3l0118_WYG_134-5a
135.md	75	KR3l0118_WYG_134-5b
135.md	83	KR3l0118_WYG_134-6a
135.md	91	KR3l0118_WYG_134-6b
135.md	99	KR3l0118_WYG_134-7a
135.md	107	KR3l0118_WYG_134-7b
135.md	115	KR3l0118_WYG_134-8a
135.md	123	KR3l0118_WYG_134-8b
135.md	131	KR3l0118_WYG_134-9a
135.md	139	KR3l0118_WYG_134-9b
135.md	147	KR3l0118_WYG_134-10a
135.md	155	KR3l0118_WYG_134-10b
135.md	163	KR3l0118_WYG_134-11a
135.md	171	KR3l0118_WYG_134-11b
135.md	179	KR3l0118_WYG_134-12a
135.md	187	KR3l0118_WYG_134-12b
136.md	3	KR3l0118_WYG_135-1a
136.md	11	KR3l0118_WYG_135-1b
136.md	19	KR3l0118_WYG_135-2a
136.md	27	KR3l0118_WYG_135-2b
136.md	35	KR3l0118_WYG_135-3a
136.md	43	KR3l0118_WYG_135-3b
136.md	51	KR3l0118_WYG_135-4a
136.md	59	KR3l0118_WYG_135-4b
136.md	67	KR3l0118_WYG_135-5a
136.md	75	KR3l0118_WYG_135-5b
136.md	83	KR3l0118_WYG_135-6a
136.md	91	KR3l0118_WYG_135-6b
136.md	99	KR3l0118_WYG_135-7a
136.md	107	KR3l0118_WYG_135-7b
136.md	115	KR3l0118_WYG_135-8a
136.md	123	KR3l0118_WYG_135-8b
136.md	131	KR3l0118_WYG_135-9a
136.md	139	KR3l0118_WYG_135-9b
136.md	147	KR3l0118_WYG_135-10a
136.md	155	KR3l0118_WYG_135-10b
136.md	163	KR3l0118_WYG_135-11a
136.md	171	KR3l0118_WYG_135-11b
136.md	179	KR3l0118_WYG_135-12a
136.md	187	KR3l0118_WYG_135-12b
136.md	195	KR3l0118_WYG_135-13a
136.md	203	KR3l0118_WYG_135-13b
137.md	3	KR3l0118_WYG_136-1a
137.md	11	KR3l0118_WYG_136-1b
137.md	19	KR3l0118_WYG_136-2a
137.md	27	KR3l0118_WYG_136-2b
137.md	35	KR3l0118_WYG_136-3a
137.md	43	KR3l0118_WYG_136-3b
137.md	51	KR3l0118_WYG_136-4a
137.md	59	KR3l0118_WYG_136-4b
137.md	67	KR3l0118_WYG_136-5a
137.md	75	KR3l0118_WYG_136-5b
137.md	83	KR3l0118_WYG_136-6a
137.md	91	KR3l0118_WYG_136-6b
137.md	99	KR3l0118_WYG_136-7a
137.md	107	KR3l0118_WYG_136-7b
137.md	115	KR3l0118_WYG_136-8a
137.md	123	KR3l0118_WYG_136-8b
137.md	131	KR3l0118_WYG_136-9a
137.md	139	KR3l0118_WYG_136-9b
137.md	147	KR3l0118_WYG_136-10a
137.md	155	KR3l0118_WYG_136-10b
137.md	163	KR3l0118_WYG_136-11a
137.md	171	KR3l0118_WYG_136-11b
138.md	3	KR3l0118_WYG_137-1a
138.md	11	KR3l0118_WYG_137-1b
138.md	19	KR3l0118_WYG_137-2a
138.md	27	KR3l0118_WYG_137-2b
138.md	35	KR3l0118_WYG_137-3a
138.md	43	KR3l0118_WYG_137-3b
138.md	51	KR3l0118_WYG_137-4a
138.md	59	KR3l0118_WYG_137-4b
138.md	67	KR3l0118_WYG_137-5a
138.md	75	KR3l0118_WYG_137-5b
138.md	83	KR3l0118_WYG_137-6a
138.md	91	KR3l0118_WYG_137-6b
138.md	99	KR3l0118_WYG_137-7a
138.md	107	KR3l0118_WYG_137-7b
138.md	115	KR3l0118_WYG_137-8a
138.md	123	KR3l0118_WYG_137-8b
138.md	131	KR3l0118_WYG_137-9a
138.md	139	KR3l0118_WYG_137-9b
138.md	147	KR3l0118_WYG_137-10a
138.md	155	KR3l0118_WYG_137-10b
138.md	163	KR3l0118_WYG_137-11a
138.md	171	KR3l0118_WYG_137-11b
139.md	3	KR3l0118_WYG_138-1a
139.md	11	KR3l0118_WYG_138-1b
139.md	19	KR3l0118_WYG_138-2a
139.md	27	KR3l0118_WYG_138-2b
139.md	35	KR3l0118_WYG_138-3a
139.md	43	KR3l0118_WYG_138-3b
139.md	51	KR3l0118_WYG_138-4a
139.md	59	KR3l0118_WYG_138-4b
139.md	67	KR3l0118_WYG_138-5a
139.md	75	KR3l0118_WYG_138-5b
139.md	83	KR3l0118_WYG_138-6a
139.md	91	KR3l0118_WYG_138-6b
139.md	99	KR3l0118_WYG_138-7a
139.md	107	KR3l0118_WYG_138-7b
139.md	115	KR3l0118_WYG_138-8a
139.md	123	KR3l0118_WYG_138-8b
139.md	131	KR3l0118_WYG_138-9a
139.md	139	KR3l0118_WYG_138-9b
139.md	147	KR3l0118_WYG_138-10a
139.md	155	KR3l0118_WYG_138-10b
139.md	163	KR3l0118_WYG_138-11a
139.md	171	KR3l0118_WYG_138-11b
140.md	3	KR3l0118_WYG_139-1a
140.md	11	KR3l0118_WYG_139-1b
140.md	19	KR3l0118_WYG_139-2a
140.md	27	KR3l0118_WYG_139-2b
140.md	35	KR3l0118_WYG_139-3a
140.md	43	KR3l0118_WYG_139-3b
140.md	51	KR3l0118_WYG_139-4a
140.md	59	KR3l0118_WYG_139-4b
140.md	67	KR3l0118_WYG_139-5a
140.md	75	KR3l0118_WYG_139-5b
140.md	83	KR3l0118_WYG_139-6a
140.md	91	KR3l0118_WYG_139-6b
140.md	99	KR3l0118_WYG_139-7a
140.md	107	KR3l0118_WYG_139-7b
140.md	115	KR3l0118_WYG_139-8a
140.md	123	KR3l0118_WYG_139-8b
140.md	131	KR3l0118_WYG_139-9a
140.md	139	KR3l0118_WYG_139-9b
140.md	147	KR3l0118_WYG_139-10a
140.md	155	KR3l0118_WYG_139-10b
140.md	163	KR3l0118_WYG_139-11a
140.md	171	KR3l0118_WYG_139-11b
140.md	179	KR3l0118_WYG_139-12a
140.md	187	KR3l0118_WYG_139-12b
141.md	3	KR3l0118_WYG_140-1a
141.md	11	KR3l0118_WYG_140-1b
141.md	19	KR3l0118_WYG_140-2a
141.md	27	KR3l0118_WYG_140-2b
141.md	35	KR3l0118_WYG_140-3a
141.md	43	KR3l0118_WYG_140-3b
141.md	51	KR3l0118_WYG_140-4a
141.md	59	KR3l0118_WYG_140-4b
141.md	67	KR3l0118_WYG_140-5a
141.md	75	KR3l0118_WYG_140-5b
141.md	83	KR3l0118_WYG_140-6a
141.md	91	KR3l0118_WYG_140-6b
141.md	99	KR3l0118_WYG_140-7a
141.md	107	KR3l0118_WYG_140-7b
142.md	3	KR3l0118_WYG_141-1a
142.md	11	KR3l0118_WYG_141-1b
142.md	19	KR3l0118_WYG_141-2a
142.md	27	KR3l0118_WYG_141-2b
142.md	35	KR3l0118_WYG_141-3a
142.md	43	KR3l0118_WYG_141-3b
142.md	51	KR3l0118_WYG_141-4a
142.md	59	KR3l0118_WYG_141-4b
142.md	67	KR3l0118_WYG_141-5a
142.md	75	KR3l0118_WYG_141-5b
142.md	83	KR3l0118_WYG_141-6a
142.md	91	KR3l0118_WYG_141-6b
143.md	3	KR3l0118_WYG_142-1a
143.md	11	KR3l0118_WYG_142-1b
143.md	19	KR3l0118_WYG_142-2a
143.md	27	KR3l0118_WYG_142-2b
143.md	35	KR3l0118_WYG_142-3a
143.md	43	KR3l0118_WYG_142-3b
143.md	51	KR3l0118_WYG_142-4a
143.md	59	KR3l0118_WYG_142-4b
143.md	67	KR3l0118_WYG_142-5a
143.md	75	KR3l0118_WYG_142-5b
143.md	83	KR3l0118_WYG_142-6a
143.md	91	KR3l0118_WYG_142-6b
144.md	3	KR3l0118_WYG_143-1a
144.md	11	KR3l0118_WYG_143-1b
144.md	19	KR3l0118_WYG_143-2a
144.md	27	KR3l0118_WYG_143-2b
144.md	35	KR3l0118_WYG_143-3a
144.md	43	KR3l0118_WYG_143-3b
144.md	51	KR3l0118_WYG_143-4a
144.md	59	KR3l0118_WYG_143-4b
144.md	67	KR3l0118_WYG_143-5a
144.md	75	KR3l0118_WYG_143-5b
144.md	83	KR3l0118_WYG_143-6a
144.md	91	KR3l0118_WYG_143-6b
144.md	99	KR3l0118_WYG_143-7a
144.md	107	KR3l0118_WYG_143-7b
144.md	115	KR3l0118_WYG_143-8a
144.md	123	KR3l0118_WYG_143-8b
144.md	131	KR3l0118_WYG_143-9a
144.md	139	KR3l0118_WYG_143-9b
144.md	147	KR3l0118_WYG_143-10a
144.md	155	KR3l0118_WYG_143-10b
144.md	163	KR3l0118_WYG_143-11a
144.md	171	KR3l0118_WYG_143-11b
144.md	179	KR3l0118_WYG_143-12a
144.md	187	KR3l0118_WYG_143-12b
145.md	3	KR3l0118_WYG_144-1a
145.md	11	KR3l0118_WYG_144-1b
145.md	19	KR3l0118_WYG_144-2a
145.md	27	KR3l0118_WYG_144-2b
145.md	35	KR3l0118_WYG_144-3a
145.md	43	KR3l0118_WYG_144-3b
145.md	51	KR3l0118_WYG_144-4a
145.md	59	KR3l0118_WYG_144-4b
145.md	67	KR3l0118_WYG_144-5a
145.md	75	KR3l0118_WYG_144-5b
145.md	83	KR3l0118_WYG_144-6a
145.md	91	KR3l0118_WYG_144-6b
145.md	99	KR3l0118_WYG_144-7a
145.md	107	KR3l0118_WYG_144-7b
145.md	115	KR3l0118_WYG_144-8a
145.md	123	KR3l0118_WYG_144-8b
145.md	131	KR3l0118_WYG_144-9a
145.md	139	KR3l0118_WYG_144-9b
145.md	147	KR3l0118_WYG_144-10a
145.md	155	KR3l0118_WYG_144-10b
145.md	163	KR3l0118_WYG_144-11a
145.md	171	KR3l0118_WYG_144-11b
146.md	3	KR3l0118_WYG_145-1a
146.md	11	KR3l0118_WYG_145-1b
146.md	19	KR3l0118_WYG_145-2a
146.md	27	KR3l0118_WYG_145-2b
146.md	35	KR3l0118_WYG_145-3a
146.md	43	KR3l0118_WYG_145-3b
146.md	51	KR3l0118_WYG_145-4a
146.md	59	KR3l0118_WYG_145-4b
146.md	67	KR3l0118_WYG_145-5a
146.md	75	KR3l0118_WYG_145-5b
146.md	83	KR3l0118_WYG_145-6a
146.md	91	KR3l0118_WYG_145-6b
146.md	99	KR3l0118_WYG_145-7a
146.md	107	KR3l0118_WYG_145-7b
146.md	115	KR3l0118_WYG_145-8a
146.md	123	KR3l0118_WYG_145-8b
147.md	3	KR3l0118_WYG_146-1a
147.md	11	KR3l0118_WYG_146-1b
147.md	19	KR3l0118_WYG_146-2a
147.md	27	KR3l0118_WYG_146-2b
147.md	35	KR3l0118_WYG_146-3a
147.md	43	KR3l0118_WYG_146-3b
147.md	51	KR3l0118_WYG_146-4a
147.md	59	KR3l0118_WYG_146-4b
147.md	67	KR3l0118_WYG_146-5a
147.md	75	KR3l0118_WYG_146-5b
147.md	83	KR3l0118_WYG_146-6a
147.md	91	KR3l0118_WYG_146-6b
147.md	99	KR3l0118_WYG_146-7a
147.md	107	KR3l0118_WYG_146-7b
147.md	115	KR3l0118_WYG_146-8a
147.md	123	KR3l0118_WYG_146-8b
147.md	131	KR3l0118_WYG_146-9a
147.md	139	KR3l0118_WYG_146-9b
147.md	147	KR3l0118_WYG_146-10a
147.md	155	KR3l0118_WYG_146-10b
147.md	163	KR3l0118_WYG_146-11a
147.md	171	KR3l0118_WYG_146-11b
148.md	3	KR3l0118_WYG_147-1a
148.md	11	KR3l0118_WYG_147-1b
148.md	19	KR3l0118_WYG_147-2a
148.md	27	KR3l0118_WYG_147-2b
148.md	35	KR3l0118_WYG_147-3a
148.md	43	KR3l0118_WYG_147-3b
148.md	51	KR3l0118_WYG_147-4a
148.md	59	KR3l0118_WYG_147-4b
148.md	67	KR3l0118_WYG_147-5a
148.md	75	KR3l0118_WYG_147-5b
148.md	83	KR3l0118_WYG_147-6a
148.md	91	KR3l0118_WYG_147-6b
148.md	99	KR3l0118_WYG_147-7a
148.md	107	KR3l0118_WYG_147-7b
148.md	115	KR3l0118_WYG_147-8a
148.md	123	KR3l0118_WYG_147-8b
148.md	131	KR3l0118_WYG_147-9a
148.md	139	KR3l0118_WYG_147-9b
148.md	147	KR3l0118_WYG_147-10a
148.md	155	KR3l0118_WYG_147-10b
148.md	163	KR3l0118_WYG_147-11a
148.md	171	KR3l0118_WYG_147-11b
148.md	179	KR3l0118_WYG_147-12a
148.md	187	KR3l0118_WYG_147-12b
149.md	3	KR3l0118_WYG_148-1a
149.md	11	KR3l0118_WYG_148-1b
149.md	19	KR3l0118_WYG_148-2a
149.md	27	KR3l0118_WYG_148-2b
149.md	35	KR3l0118_WYG_148-3a
149.md	43	KR3l0118_WYG_148-3b
149.md	51	KR3l0118_WYG_148-4a
149.md	59	KR3l0118_WYG_148-4b
149.md	67	KR3l0118_WYG_148-5a
149.md	75	KR3l0118_WYG_148-5b
149.md	83	KR3l0118_WYG_148-6a
149.md	91	KR3l0118_WYG_148-6b
149.md	99	KR3l0118_WYG_148-7a
149.md	107	KR3l0118_WYG_148-7b
150.md	3	KR3l0118_WYG_149-1a
150.md	11	KR3l0118_WYG_149-1b
150.md	19	KR3l0118_WYG_149-2a
150.md	27	KR3l0118_WYG_149-2b
150.md	35	KR3l0118_WYG_149-3a
150.md	43	KR3l0118_WYG_149-3b
150.md	51	KR3l0118_WYG_149-4a
150.md	59	KR3l0118_WYG_149-4b
150.md	67	KR3l0118_WYG_149-5a
150.md	75	KR3l0118_WYG_149-5b
150.md	83	KR3l0118_WYG_149-6a
150.md	91	KR3l0118_WYG_149-6b
150.md	99	KR3l0118_WYG_149-7a
150.md	107	KR3l0118_WYG_149-7b
150.md	115	KR3l0118_WYG_149-8a
150.md	123	KR3l0118_WYG_149-8b
150.md	131	KR3l0118_WYG_149-9a
150.md	139	KR3l0118_WYG_149-9b
150.md	147	KR3l0118_WYG_149-10a
150.md	155	KR3l0118_WYG_149-10b
150.md	163	KR3l0118_WYG_149-11a
150.md	171	KR3l0118_WYG_149-11b
151.md	3	KR3l0118_WYG_150-1a
151.md	11	KR3l0118_WYG_150-1b
151.md	19	KR3l0118_WYG_150-2a
151.md	27	KR3l0118_WYG_150-2b
151.md	35	KR3l0118_WYG_150-3a
151.md	43	KR3l0118_WYG_150-3b
151.md	51	KR3l0118_WYG_150-4a
151.md	59	KR3l0118_WYG_150-4b
151.md	67	KR3l0118_WYG_150-5a
151.md	75	KR3l0118_WYG_150-5b
151.md	83	KR3l0118_WYG_150-6a
151.md	91	KR3l0118_WYG_150-6b
151.md	99	KR3l0118_WYG_150-7a
151.md	107	KR3l0118_WYG_150-7b
151.md	115	KR3l0118_WYG_150-8a
151.md	123	KR3l0118_WYG_150-8b
151.md	131	KR3l0118_WYG_150-9a
151.md	139	KR3l0118_WYG_150-9b
151.md	147	KR3l0118_WYG_150-10a
151.md	155	KR3l0118_WYG_150-10b
151.md	163	KR3l0118_WYG_150-11a
151.md	171	KR3l0118_WYG_150-11b
152.md	3	KR3l0118_WYG_151-1a
152.md	11	KR3l0118_WYG_151-1b
152.md	19	KR3l0118_WYG_151-2a
152.md	27	KR3l0118_WYG_151-2b
152.md	35	KR3l0118_WYG_151-3a
152.md	43	KR3l0118_WYG_151-3b
152.md	51	KR3l0118_WYG_151-4a
152.md	59	KR3l0118_WYG_151-4b
152.md	67	KR3l0118_WYG_151-5a
152.md	75	KR3l0118_WYG_151-5b
152.md	83	KR3l0118_WYG_151-6a
152.md	91	KR3l0118_WYG_151-6b
152.md	99	KR3l0118_WYG_151-7a
152.md	107	KR3l0118_WYG_151-7b
152.md	115	KR3l0118_WYG_151-8a
152.md	123	KR3l0118_WYG_151-8b
153.md	3	KR3l0118_WYG_152-1a
153.md	11	KR3l0118_WYG_152-1b
153.md	19	KR3l0118_WYG_152-2a
153.md	27	KR3l0118_WYG_152-2b
153.md	35	KR3l0118_WYG_152-3a
153.md	43	KR3l0118_WYG_152-3b
153.md	51	KR3l0118_WYG_152-4a
153.md	59	KR3l0118_WYG_152-4b
153.md	67	KR3l0118_WYG_152-5a
153.md	75	KR3l0118_WYG_152-5b
153.md	83	KR3l0118_WYG_152-6a
153.md	91	KR3l0118_WYG_152-6b
153.md	99	KR3l0118_WYG_152-7a
153.md	107	KR3l0118_WYG_152-7b
153.md	115	KR3l0118_WYG_152-8a
153.md	123	KR3l0118_WYG_152-8b
153.md	131	KR3l0118_WYG_152-9a
153.md	139	KR3l0118_WYG_152-9b
153.md	147	KR3l0118_WYG_152-10a
153.md	155	KR3l0118_WYG_152-10b
154.md	3	KR3l0118_WYG_153-1a
154.md	11	KR3l0118_WYG_153-1b
154.md	19	KR3l0118_WYG_153-2a
154.md	27	KR3l0118_WYG_153-2b
154.md	35	KR3l0118_WYG_153-3a
154.md	43	KR3l0118_WYG_153-3b
154.md	51	KR3l0118_WYG_153-4a
154.md	59	KR3l0118_WYG_153-4b
154.md	67	KR3l0118_WYG_153-5a
154.md	75	KR3l0118_WYG_153-5b
154.md	83	KR3l0118_WYG_153-6a
154.md	91	KR3l0118_WYG_153-6b
154.md	99	KR3l0118_WYG_153-7a
154.md	107	KR3l0118_WYG_153-7b
154.md	115	KR3l0118_WYG_153-8a
154.md	123	KR3l0118_WYG_153-8b
154.md	131	KR3l0118_WYG_153-9a
154.md	139	KR3l0118_WYG_153-9b
154.md	147	KR3l0118_WYG_153-10a
154.md	155	KR3l0118_WYG_153-10b
154.md	163	KR3l0118_WYG_153-11a
154.md	171	KR3l0118_WYG_153-11b
155.md	3	KR3l0118_WYG_154-1a
155.md	11	KR3l0118_WYG_154-1b
155.md	19	KR3l0118_WYG_154-2a
155.md	27	KR3l0118_WYG_154-2b
155.md	35	KR3l0118_WYG_154-3a
155.md	43	KR3l0118_WYG_154-3b
155.md	51	KR3l0118_WYG_154-4a
155.md	59	KR3l0118_WYG_154-4b
155.md	67	KR3l0118_WYG_154-5a
155.md	75	KR3l0118_WYG_154-5b
155.md	83	KR3l0118_WYG_154-6a
155.md	91	KR3l0118_WYG_154-6b
155.md	99	KR3l0118_WYG_154-7a
155.md	107	KR3l0118_WYG_154-7b
155.md	115	KR3l0118_WYG_154-8a
155.md	123	KR3l0118_WYG_154-8b
155.md	131	KR3l0118_WYG_154-9a
155.md	139	KR3l0118_WYG_154-9b
155.md	147	KR3l0118_WYG_154-10a
155.md	155	KR3l0118_WYG_154-10b
156.md	3	KR3l0118_WYG_155-1a
156.md	11	KR3l0118_WYG_155-1b
156.md	19	KR3l0118_WYG_155-2a
156.md	27	KR3l0118_WYG_155-2b
156.md	35	KR3l0118_WYG_155-3a
156.md	43	KR3l0118_WYG_155-3b
156.md	51	KR3l0118_WYG_155-4a
156.md	59	KR3l0118_WYG_155-4b
156.md	67	KR3l0118_WYG_155-5a
156.md	75	KR3l0118_WYG_155-5b
156.md	83	KR3l0118_WYG_155-6a
156.md	91	KR3l0118_WYG_155-6b
156.md	99	KR3l0118_WYG_155-7a
156.md	107	KR3l0118_WYG_155-7b
156.md	115	KR3l0118_WYG_155-8a
156.md	123	KR3l0118_WYG_155-8b
156.md	131	KR3l0118_WYG_155-9a
156.md	139	KR3l0118_WYG_155-9b
156.md	147	KR3l0118_WYG_155-10a
156.md	155	KR3l0118_WYG_155-10b
156.md	163	KR3l0118_WYG_155-11a
156.md	171	KR3l0118_WYG_155-11b
157.md	3	KR3l0118_WYG_156-1a
157.md	11	KR3l0118_WYG_156-1b
157.md	19	KR3l0118_WYG_156-2a
157.md	27	KR3l0118_WYG_156-2b
157.md	35	KR3l0118_WYG_156-3a
157.md	43	KR3l0118_WYG_156-3b
157.md	51	KR3l0118_WYG_156-4a
157.md	59	KR3l0118_WYG_156-4b
157.md	67	KR3l0118_WYG_156-5a
157.md	75	KR3l0118_WYG_156-5b
157.md	83	KR3l0118_WYG_156-6a
157.md	91	KR3l0118_WYG_156-6b
157.md	99	KR3l0118_WYG_156-7a
157.md	107	KR3l0118_WYG_156-7b
157.md	115	KR3l0118_WYG_156-8a
157.md	123	KR3l0118_WYG_156-8b
157.md	131	KR3l0118_WYG_156-9a
157.md	139	KR3l0118_WYG_156-9b
157.md	147	KR3l0118_WYG_156-10a
157.md	155	KR3l0118_WYG_156-10b
158.md	3	KR3l0118_WYG_157-1a
158.md	11	KR3l0118_WYG_157-1b
158.md	19	KR3l0118_WYG_157-2a
158.md	27	KR3l0118_WYG_157-2b
158.md	35	KR3l0118_WYG_157-3a
158.md	43	KR3l0118_WYG_157-3b
158.md	51	KR3l0118_WYG_157-4a
158.md	59	KR3l0118_WYG_157-4b
158.md	67	KR3l0118_WYG_157-5a
158.md	75	KR3l0118_WYG_157-5b
158.md	83	KR3l0118_WYG_157-6a
158.md	91	KR3l0118_WYG_157-6b
158.md	99	KR3l0118_WYG_157-7a
158.md	107	KR3l0118_WYG_157-7b
158.md	115	KR3l0118_WYG_157-8a
158.md	123	KR3l0118_WYG_157-8b
158.md	131	KR3l0118_WYG_157-9a
158.md	139	KR3l0118_WYG_157-9b
158.md	147	KR3l0118_WYG_157-10a
158.md	155	KR3l0118_WYG_157-10b
158.md	163	KR3l0118_WYG_157-11a
158.md	171	KR3l0118_WYG_157-11b
159.md	3	KR3l0118_WYG_158-1a
159.md	11	KR3l0118_WYG_158-1b
159.md	19	KR3l0118_WYG_158-2a
159.md	27	KR3l0118_WYG_158-2b
159.md	35	KR3l0118_WYG_158-3a
159.md	43	KR3l0118_WYG_158-3b
159.md	51	KR3l0118_WYG_158-4a
159.md	59	KR3l0118_WYG_158-4b
159.md	67	KR3l0118_WYG_158-5a
159.md	75	KR3l0118_WYG_158-5b
159.md	83	KR3l0118_WYG_158-6a
159.md	91	KR3l0118_WYG_158-6b
159.md	99	KR3l0118_WYG_158-7a
159.md	107	KR3l0118_WYG_158-7b
159.md	115	KR3l0118_WYG_158-8a
159.md	123	KR3l0118_WYG_158-8b
159.md	131	KR3l0118_WYG_158-9a
159.md	139	KR3l0118_WYG_158-9b
159.md	147	KR3l0118_WYG_158-10a
159.md	155	KR3l0118_WYG_158-10b
159.md	163	KR3l0118_WYG_158-11a
159.md	171	KR3l0118_WYG_158-11b
159.md	179	KR3l0118_WYG_158-12a
159.md	187	KR3l0118_WYG_158-12b
160.md	3	KR3l0118_WYG_159-1a
160.md	11	KR3l0118_WYG_159-1b
160.md	19	KR3l0118_WYG_159-2a
160.md	27	KR3l0118_WYG_159-2b
160.md	35	KR3l0118_WYG_159-3a
160.md	43	KR3l0118_WYG_159-3b
160.md	51	KR3l0118_WYG_159-4a
160.md	59	KR3l0118_WYG_159-4b
160.md	67	KR3l0118_WYG_159-5a
160.md	75	KR3l0118_WYG_159-5b
160.md	83	KR3l0118_WYG_159-6a
160.md	91	KR3l0118_WYG_159-6b
160.md	99	KR3l0118_WYG_159-7a
160.md	107	KR3l0118_WYG_159-7b
160.md	115	KR3l0118_WYG_159-8a
160.md	123	KR3l0118_WYG_159-8b
160.md	131	KR3l0118_WYG_159-9a
160.md	139	KR3l0118_WYG_159-9b
161.md	3	KR3l0118_WYG_160-1a
161.md	11	KR3l0118_WYG_160-1b
161.md	19	KR3l0118_WYG_160-2a
161.md	27	KR3l0118_WYG_160-2b
161.md	35	KR3l0118_WYG_160-3a
161.md	43	KR3l0118_WYG_160-3b
161.md	51	KR3l0118_WYG_160-4a
161.md	59	KR3l0118_WYG_160-4b
161.md	67	KR3l0118_WYG_160-5a
161.md	75	KR3l0118_WYG_160-5b
161.md	83	KR3l0118_WYG_160-6a
161.md	91	KR3l0118_WYG_160-6b
161.md	99	KR3l0118_WYG_160-7a
161.md	107	KR3l0118_WYG_160-7b
161.md	115	KR3l0118_WYG_160-8a
161.md	123	KR3l0118_WYG_160-8b
161.md	131	KR3l0118_WYG_160-9a
161.md	139	KR3l0118_WYG_160-9b
162.md	3	KR3l0118_WYG_161-1a
162.md	11	KR3l0118_WYG_161-1b
162.md	19	KR3l0118_WYG_161-2a
162.md	27	KR3l0118_WYG_161-2b
162.md	35	KR3l0118_WYG_161-3a
162.md	43	KR3l0118_WYG_161-3b
162.md	51	KR3l0118_WYG_161-4a
162.md	59	KR3l0118_WYG_161-4b
162.md	67	KR3l0118_WYG_161-5a
162.md	75	KR3l0118_WYG_161-5b
162.md	83	KR3l0118_WYG_161-6a
162.md	91	KR3l0118_WYG_161-6b
162.md	99	KR3l0118_WYG_161-7a
162.md	107	KR3l0118_WYG_161-7b
162.md	115	KR3l0118_WYG_161-8a
162.md	123	KR3l0118_WYG_161-8b
162.md	131	KR3l0118_WYG_161-9a
162.md	139	KR3l0118_WYG_161-9b
162.md	147	KR3l0118_WYG_161-10a
162.md	155	KR3l0118_WYG_161-10b
162.md	163	KR3l0118_WYG_161-11a
162.md	171	KR3l0118_WYG_161-11b
162.md	179	KR3l0118_WYG_161-12a
162.md	187	KR3l0118_WYG_161-12b
162.md	195	KR3l0118_WYG_161-13a
162.md	203	KR3l0118_WYG_161-13b
162.md	211	KR3l0118_WYG_161-14a
162.md	219	KR3l0118_WYG_161-14b
163.md	3	KR3l0118_WYG_162-1a
163.md	11	KR3l0118_WYG_162-1b
163.md	19	KR3l0118_WYG_162-2a
163.md	27	KR3l0118_WYG_162-2b
163.md	35	KR3l0118_WYG_162-3a
163.md	43	KR3l0118_WYG_162-3b
163.md	51	KR3l0118_WYG_162-4a
163.md	59	KR3l0118_WYG_162-4b
163.md	67	KR3l0118_WYG_162-5a
163.md	75	KR3l0118_WYG_162-5b
163.md	83	KR3l0118_WYG_162-6a
163.md	91	KR3l0118_WYG_162-6b
163.md	99	KR3l0118_WYG_162-7a
163.md	107	KR3l0118_WYG_162-7b
163.md	115	KR3l0118_WYG_162-8a
163.md	123	KR3l0118_WYG_162-8b
163.md	131	KR3l0118_WYG_162-9a
163.md	139	KR3l0118_WYG_162-9b
163.md	147	KR3l0118_WYG_162-10a
163.md	155	KR3l0118_WYG_162-10b
163.md	163	KR3l0118_WYG_162-11a
163.md	171	KR3l0118_WYG_162-11b
164.md	3	KR3l0118_WYG_163-1a
164.md	11	KR3l0118_WYG_163-1b
164.md	19	KR3l0118_WYG_163-2a
164.md	27	KR3l0118_WYG_163-2b
164.md	35	KR3l0118_WYG_163-3a
164.md	43	KR3l0118_WYG_163-3b
164.md	51	KR3l0118_WYG_163-4a
164.md	59	KR3l0118_WYG_163-4b
164.md	67	KR3l0118_WYG_163-5a
164.md	75	KR3l0118_WYG_163-5b
164.md	83	KR3l0118_WYG_163-6a
164.md	91	KR3l0118_WYG_163-6b
164.md	99	KR3l0118_WYG_163-7a
164.md	107	KR3l0118_WYG_163-7b
164.md	115	KR3l0118_WYG_163-8a
164.md	123	KR3l0118_WYG_163-8b
164.md	131	KR3l0118_WYG_163-9a
164.md	139	KR3l0118_WYG_163-9b
164.md	147	KR3l0118_WYG_163-10a
164.md	155	KR3l0118_WYG_163-10b
164.md	163	KR3l0118_WYG_163-11a
164.md	171	KR3l0118_WYG_163-11b
164.md	179	KR3l0118_WYG_163-12a
164.md	187	KR3l0118_WYG_163-12b
164.md	195	KR3l0118_WYG_163-13a
164.md	203	KR3l0118_WYG_163-13b
164.md	211	KR3l0118_WYG_163-14a
164.md	219	KR3l0118_WYG_163-14b
164.md	227	KR3l0118_WYG_163-15a
164.md	235	KR3l0118_WYG_163-15b
165.md	3	KR3l0118_WYG_164-1a
165.md	11	KR3l0118_WYG_164-1b
165.md	19	KR3l0118_WYG_164-2a
165.md	27	KR3l0118_WYG_164-2b
165.md	35	KR3l0118_WYG_164-3a
165.md	43	KR3l0118_WYG_164-3b
165.md	51	KR3l0118_WYG_164-4a
165.md	59	KR3l0118_WYG_164-4b
165.md	67	KR3l0118_WYG_164-5a
165.md	75	KR3l0118_WYG_164-5b
165.md	83	KR3l0118_WYG_164-6a
165.md	91	KR3l0118_WYG_164-6b
165.md	99	KR3l0118_WYG_164-7a
165.md	107	KR3l0118_WYG_164-7b
165.md	115	KR3l0118_WYG_164-8a
165.md	123	KR3l0118_WYG_164-8b
165.md	131	KR3l0118_WYG_164-9a
165.md	139	KR3l0118_WYG_164-9b
165.md	147	KR3l0118_WYG_164-10a
165.md	155	KR3l0118_WYG_164-10b
165.md	163	KR3l0118_WYG_164-11a
165.md	171	KR3l0118_WYG_164-11b
165.md	179	KR3l0118_WYG_164-12a
165.md	187	KR3l0118_WYG_164-12b
165.md	195	KR3l0118_WYG_164-13a
165.md	203	KR3l0118_WYG_164-13b
166.md	3	KR3l0118_WYG_165-1a
166.md	11	KR3l0118_WYG_165-1b
166.md	19	KR3l0118_WYG_165-2a
166.md	27	KR3l0118_WYG_165-2b
166.md	35	KR3l0118_WYG_165-3a
166.md	43	KR3l0118_WYG_165-3b
166.md	51	KR3l0118_WYG_165-4a
166.md	59	KR3l0118_WYG_165-4b
166.md	67	KR3l0118_WYG_165-5a
166.md	75	KR3l0118_WYG_165-5b
166.md	83	KR3l0118_WYG_165-6a
166.md	91	KR3l0118_WYG_165-6b
166.md	99	KR3l0118_WYG_165-7a
166.md	107	KR3l0118_WYG_165-7b
166.md	115	KR3l0118_WYG_165-8a
166.md	123	KR3l0118_WYG_165-8b
166.md	131	KR3l0118_WYG_165-9a
166.md	139	KR3l0118_WYG_165-9b
166.md	147	KR3l0118_WYG_165-10a
166.md	155	KR3l0118_WYG_165-10b
166.md	163	KR3l0118_WYG_165-11a
166.md	171	KR3l0118_WYG_165-11b
166.md	179	KR3l0118_WYG_165-12a
166.md	187	KR3l0118_WYG_165-12b
166.md	195	KR3l0118_WYG_165-13a
166.md	203	KR3l0118_WYG_165-13b
166.md	211	KR3l0118_WYG_165-14a
166.md	219	KR3l0118_WYG_165-14b
166.md	227	KR3l0118_WYG_165-15a
166.md	235	KR3l0118_WYG_165-15b
166.md	243	KR3l0118_WYG_165-16a
166.md	251	KR3l0118_WYG_165-16b
167.md	3	KR3l0118_WYG_166-1a
167.md	11	KR3l0118_WYG_166-1b
167.md	19	KR3l0118_WYG_166-2a
167.md	27	KR3l0118_WYG_166-2b
167.md	35	KR3l0118_WYG_166-3a
167.md	43	KR3l0118_WYG_166-3b
167.md	51	KR3l0118_WYG_166-4a
167.md	59	KR3l0118_WYG_166-4b
167.md	67	KR3l0118_WYG_166-5a
167.md	75	KR3l0118_WYG_166-5b
167.md	83	KR3l0118_WYG_166-6a
167.md	91	KR3l0118_WYG_166-6b
167.md	99	KR3l0118_WYG_166-7a
167.md	107	KR3l0118_WYG_166-7b
167.md	115	KR3l0118_WYG_166-8a
167.md	123	KR3l0118_WYG_166-8b
167.md	131	KR3l0118_WYG_166-9a
167.md	139	KR3l0118_WYG_166-9b
167.md	147	KR3l0118_WYG_166-10a
167.md	155	KR3l0118_WYG_166-10b
168.md	3	KR3l0118_WYG_167-1a
168.md	11	KR3l0118_WYG_167-1b
168.md	19	KR3l0118_WYG_167-2a
168.md	27	KR3l0118_WYG_167-2b
168.md	35	KR3l0118_WYG_167-3a
168.md	43	KR3l0118_WYG_167-3b
168.md	51	KR3l0118_WYG_167-4a
168.md	59	KR3l0118_WYG_167-4b
168.md	67	KR3l0118_WYG_167-5a
168.md	75	KR3l0118_WYG_167-5b
168.md	83	KR3l0118_WYG_167-6a
168.md	91	KR3l0118_WYG_167-6b
168.md	99	KR3l0118_WYG_167-7a
168.md	107	KR3l0118_WYG_167-7b
168.md	115	KR3l0118_WYG_167-8a
168.md	123	KR3l0118_WYG_167-8b
169.md	3	KR3l0118_WYG_168-1a
169.md	11	KR3l0118_WYG_168-1b
169.md	19	KR3l0118_WYG_168-2a
169.md	27	KR3l0118_WYG_168-2b
169.md	35	KR3l0118_WYG_168-3a
169.md	43	KR3l0118_WYG_168-3b
169.md	51	KR3l0118_WYG_168-4a
169.md	59	KR3l0118_WYG_168-4b
169.md	67	KR3l0118_WYG_168-5a
169.md	75	KR3l0118_WYG_168-5b
169.md	83	KR3l0118_WYG_168-6a
169.md	91	KR3l0118_WYG_168-6b
169.md	99	KR3l0118_WYG_168-7a
169.md	107	KR3l0118_WYG_168-7b
170.md	3	KR3l0118_WYG_169-1a
170.md	11	KR3l0118_WYG_169-1b
170.md	19	KR3l0118_WYG_169-2a
170.md	27	KR3l0118_WYG_169-2b
170.md	35	KR3l0118_WYG_169-3a
170.md	43	KR3l0118_WYG_169-3b
170.md	51	KR3l0118_WYG_169-4a
170.md	59	KR3l0118_WYG_169-4b
170.md	67	KR3l0118_WYG_169-5a
170.md	75	KR3l0118_WYG_169-5b
170.md	83	KR3l0118_WYG_169-6a
170.md	91	KR3l0118_WYG_169-6b
170.md	99	KR3l0118_WYG_169-7a
170.md	107	KR3l0118_WYG_169-7b
170.md	115	KR3l0118_WYG_169-8a
170.md	123	KR3l0118_WYG_169-8b
170.md	131	KR3l0118_WYG_169-9a
170.md	139	KR3l0118_WYG_169-9b
170.md	147	KR3l0118_WYG_169-10a
170.md	155	KR3l0118_WYG_169-10b
170.md	163	KR3l0118_WYG_169-11a
170.md	171	KR3l0118_WYG_169-11b
170.md	179	KR3l0118_WYG_169-12a
170.md	187	KR3l0118_WYG_169-12b
170.md	195	KR3l0118_WYG_169-13a
170.md	203	KR3l0118_WYG_169-13b
170.md	211	KR3l0118_WYG_169-14a
170.md	219	KR3l0118_WYG_169-14b
170.md	227	KR3l0118_WYG_169-15a
170.md	235	KR3l0118_WYG_169-15b
171.md	3	KR3l0118_WYG_170-1a
171.md	11	KR3l0118_WYG_170-1b
171.md	19	KR3l0118_WYG_170-2a
171.md	27	KR3l0118_WYG_170-2b
171.md	35	KR3l0118_WYG_170-3a
171.md	43	KR3l0118_WYG_170-3b
171.md	51	KR3l0118_WYG_170-4a
171.md	59	KR3l0118_WYG_170-4b
171.md	67	KR3l0118_WYG_170-5a
171.md	75	KR3l0118_WYG_170-5b
171.md	83	KR3l0118_WYG_170-6a
171.md	91	KR3l0118_WYG_170-6b
171.md	99	KR3l0118_WYG_170-7a
171.md	107	KR3l0118_WYG_170-7b
171.md	115	KR3l0118_WYG_170-8a
171.md	123	KR3l0118_WYG_170-8b
171.md	131	KR3l0118_WYG_170-9a
171.md	139	KR3l0118_WYG_170-9b
171.md	147	KR3l0118_WYG_170-10a
171.md	155	KR3l0118_WYG_170-10b
171.md	163	KR3l0118_WYG_170-11a
171.md	171	KR3l0118_WYG_170-11b
171.md	179	KR3l0118_WYG_170-12a
171.md	187	KR3l0118_WYG_170-12b
171.md	195	KR3l0118_WYG_170-13a
171.md	203	KR3l0118_WYG_170-13b
171.md	211	KR3l0118_WYG_170-14a
171.md	219	KR3l0118_WYG_170-14b
171.md	227	KR3l0118_WYG_170-15a
171.md	235	KR3l0118_WYG_170-15b
172.md	3	KR3l0118_WYG_171-1a
172.md	11	KR3l0118_WYG_171-1b
172.md	19	KR3l0118_WYG_171-2a
172.md	27	KR3l0118_WYG_171-2b
172.md	35	KR3l0118_WYG_171-3a
172.md	43	KR3l0118_WYG_171-3b
172.md	51	KR3l0118_WYG_171-4a
172.md	59	KR3l0118_WYG_171-4b
172.md	67	KR3l0118_WYG_171-5a
172.md	75	KR3l0118_WYG_171-5b
172.md	83	KR3l0118_WYG_171-6a
172.md	91	KR3l0118_WYG_171-6b
172.md	99	KR3l0118_WYG_171-7a
172.md	107	KR3l0118_WYG_171-7b
172.md	115	KR3l0118_WYG_171-8a
172.md	123	KR3l0118_WYG_171-8b
172.md	131	KR3l0118_WYG_171-9a
172.md	139	KR3l0118_WYG_171-9b
172.md	147	KR3l0118_WYG_171-10a
172.md	155	KR3l0118_WYG_171-10b
172.md	163	KR3l0118_WYG_171-11a
172.md	171	KR3l0118_WYG_171-11b
172.md	179	KR3l0118_WYG_171-12a
172.md	187	KR3l0118_WYG_171-12b
172.md	195	KR3l0118_WYG_171-13a
172.md	203	KR3l0118_WYG_171-13b
172.md	211	KR3l0118_WYG_171-14a
172.md	219	KR3l0118_WYG_171-14b
172.md	227	KR3l0118_WYG_171-15a
172.md	235	KR3l0118_WYG_171-15b
173.md	3	KR3l0118_WYG_172-1a
173.md	11	KR3l0118_WYG_172-1b
173.md	19	KR3l0118_WYG_172-2a
173.md	27	KR3l0118_WYG_172-2b
173.md	35	KR3l0118_WYG_172-3a
173.md	43	KR3l0118_WYG_172-3b
173.md	51	KR3l0118_WYG_172-4a
173.md	59	KR3l0118_WYG_172-4b
173.md	67	KR3l0118_WYG_172-5a
173.md	75	KR3l0118_WYG_172-5b
173.md	83	KR3l0118_WYG_172-6a
173.md	91	KR3l0118_WYG_172-6b
173.md	99	KR3l0118_WYG_172-7a
173.md	107	KR3l0118_WYG_172-7b
173.md	115	KR3l0118_WYG_172-8a
173.md	123	KR3l0118_WYG_172-8b
173.md	131	KR3l0118_WYG_172-9a
173.md	139	KR3l0118_WYG_172-9b
173.md	147	KR3l0118_WYG_172-10a
173.md	155	KR3l0118_WYG_172-10b
173.md	163	KR3l0118_WYG_172-11a
173.md	171	KR3l0118_WYG_172-11b
173.md	179	KR3l0118_WYG_172-12a
173.md	187	KR3l0118_WYG_172-12b
173.md	195	KR3l0118_WYG_172-13a
173.md	203	KR3l0118_WYG_172-13b
173.md	211	KR3l0118_WYG_172-14a
173.md	219	KR3l0118_WYG_172-14b
173.md	227	KR3l0118_WYG_172-15a
173.md	235	KR3l0118_WYG_172-15b
173.md	243	KR3l0118_WYG_172-16a
173.md	251	KR3l0118_WYG_172-16b
174.md	3	KR3l0118_WYG_173-1a
174.md	11	KR3l0118_WYG_173-1b
174.md	19	KR3l0118_WYG_173-2a
174.md	27	KR3l0118_WYG_173-2b
174.md	35	KR3l0118_WYG_173-3a
174.md	43	KR3l0118_WYG_173-3b
174.md	51	KR3l0118_WYG_173-4a
174.md	59	KR3l0118_WYG_173-4b
174.md	67	KR3l0118_WYG_173-5a
174.md	75	KR3l0118_WYG_173-5b
174.md	83	KR3l0118_WYG_173-6a
174.md	91	KR3l0118_WYG_173-6b
174.md	99	KR3l0118_WYG_173-7a
174.md	107	KR3l0118_WYG_173-7b
174.md	115	KR3l0118_WYG_173-8a
174.md	123	KR3l0118_WYG_173-8b
174.md	131	KR3l0118_WYG_173-9a
174.md	139	KR3l0118_WYG_173-9b
174.md	147	KR3l0118_WYG_173-10a
174.md	155	KR3l0118_WYG_173-10b
174.md	163	KR3l0118_WYG_173-11a
174.md	171	KR3l0118_WYG_173-11b
174.md	179	KR3l0118_WYG_173-12a
174.md	187	KR3l0118_WYG_173-12b
174.md	195	KR3l0118_WYG_173-13a
174.md	203	KR3l0118_WYG_173-13b
174.md	211	KR3l0118_WYG_173-14a
174.md	219	KR3l0118_WYG_173-14b
175.md	3	KR3l0118_WYG_174-1a
175.md	11	KR3l0118_WYG_174-1b
175.md	19	KR3l0118_WYG_174-2a
175.md	27	KR3l0118_WYG_174-2b
175.md	35	KR3l0118_WYG_174-3a
175.md	43	KR3l0118_WYG_174-3b
175.md	51	KR3l0118_WYG_174-4a
175.md	59	KR3l0118_WYG_174-4b
175.md	67	KR3l0118_WYG_174-5a
175.md	75	KR3l0118_WYG_174-5b
175.md	83	KR3l0118_WYG_174-6a
175.md	91	KR3l0118_WYG_174-6b
175.md	99	KR3l0118_WYG_174-7a
175.md	107	KR3l0118_WYG_174-7b
175.md	115	KR3l0118_WYG_174-8a
175.md	123	KR3l0118_WYG_174-8b
175.md	131	KR3l0118_WYG_174-9a
175.md	139	KR3l0118_WYG_174-9b
175.md	147	KR3l0118_WYG_174-10a
175.md	155	KR3l0118_WYG_174-10b
175.md	163	KR3l0118_WYG_174-11a
175.md	171	KR3l0118_WYG_174-11b
175.md	179	KR3l0118_WYG_174-12a
175.md	187	KR3l0118_WYG_174-12b
175.md	195	KR3l0118_WYG_174-13a
175.md	203	KR3l0118_WYG_174-13b
175.md	211	KR3l0118_WYG_174-14a
175.md	219	KR3l0118_WYG_174-14b
175.md	227	KR3l0118_WYG_174-15a
175.md	235	KR3l0118_WYG_174-15b
175.md	243	KR3l0118_WYG_174-16a
175.md	251	KR3l0118_WYG_174-16b
176.md	3	KR3l0118_WYG_175-1a
176.md	11	KR3l0118_WYG_175-1b
176.md	19	KR3l0118_WYG_175-2a
176.md	27	KR3l0118_WYG_175-2b
176.md	35	KR3l0118_WYG_175-3a
176.md	43	KR3l0118_WYG_175-3b
176.md	51	KR3l0118_WYG_175-4a
176.md	59	KR3l0118_WYG_175-4b
176.md	67	KR3l0118_WYG_175-5a
176.md	75	KR3l0118_WYG_175-5b
176.md	83	KR3l0118_WYG_175-6a
176.md	91	KR3l0118_WYG_175-6b
176.md	99	KR3l0118_WYG_175-7a
176.md	107	KR3l0118_WYG_175-7b
176.md	115	KR3l0118_WYG_175-8a
176.md	123	KR3l0118_WYG_175-8b
176.md	131	KR3l0118_WYG_175-9a
176.md	139	KR3l0118_WYG_175-9b
176.md	147	KR3l0118_WYG_175-10a
176.md	155	KR3l0118_WYG_175-10b
176.md	163	KR3l0118_WYG_175-11a
176.md	171	KR3l0118_WYG_175-11b
176.md	179	KR3l0118_WYG_175-12a
176.md	187	KR3l0118_WYG_175-12b
176.md	195	KR3l0118_WYG_175-13a
176.md	203	KR3l0118_WYG_175-13b
176.md	211	KR3l0118_WYG_175-14a
176.md	219	KR3l0118_WYG_175-14b
177.md	3	KR3l0118_WYG_176-1a
177.md	11	KR3l0118_WYG_176-1b
177.md	19	KR3l0118_WYG_176-2a
177.md	27	KR3l0118_WYG_176-2b
177.md	35	KR3l0118_WYG_176-3a
177.md	43	KR3l0118_WYG_176-3b
177.md	51	KR3l0118_WYG_176-4a
177.md	59	KR3l0118_WYG_176-4b
177.md	67	KR3l0118_WYG_176-5a
177.md	75	KR3l0118_WYG_176-5b
177.md	83	KR3l0118_WYG_176-6a
177.md	91	KR3l0118_WYG_176-6b
177.md	99	KR3l0118_WYG_176-7a
177.md	107	KR3l0118_WYG_176-7b
177.md	115	KR3l0118_WYG_176-8a
177.md	123	KR3l0118_WYG_176-8b
177.md	131	KR3l0118_WYG_176-9a
177.md	139	KR3l0118_WYG_176-9b
177.md	147	KR3l0118_WYG_176-10a
177.md	155	KR3l0118_WYG_176-10b
178.md	3	KR3l0118_WYG_177-1a
178.md	11	KR3l0118_WYG_177-1b
178.md	19	KR3l0118_WYG_177-2a
178.md	27	KR3l0118_WYG_177-2b
178.md	35	KR3l0118_WYG_177-3a
178.md	43	KR3l0118_WYG_177-3b
178.md	51	KR3l0118_WYG_177-4a
178.md	59	KR3l0118_WYG_177-4b
178.md	67	KR3l0118_WYG_177-5a
178.md	75	KR3l0118_WYG_177-5b
178.md	83	KR3l0118_WYG_177-6a
178.md	91	KR3l0118_WYG_177-6b
178.md	99	KR3l0118_WYG_177-7a
178.md	107	KR3l0118_WYG_177-7b
178.md	115	KR3l0118_WYG_177-8a
178.md	123	KR3l0118_WYG_177-8b
178.md	131	KR3l0118_WYG_177-9a
178.md	139	KR3l0118_WYG_177-9b
178.md	147	KR3l0118_WYG_177-10a
178.md	155	KR3l0118_WYG_177-10b
179.md	3	KR3l0118_WYG_178-1a
179.md	11	KR3l0118_WYG_178-1b
179.md	19	KR3l0118_WYG_178-2a
179.md	27	KR3l0118_WYG_178-2b
179.md	35	KR3l0118_WYG_178-3a
179.md	43	KR3l0118_WYG_178-3b
179.md	51	KR3l0118_WYG_178-4a
179.md	59	KR3l0118_WYG_178-4b
179.md	67	KR3l0118_WYG_178-5a
179.md	75	KR3l0118_WYG_178-5b
179.md	83	KR3l0118_WYG_178-6a
179.md	91	KR3l0118_WYG_178-6b
179.md	99	KR3l0118_WYG_178-7a
179.md	107	KR3l0118_WYG_178-7b
179.md	115	KR3l0118_WYG_178-8a
179.md	123	KR3l0118_WYG_178-8b
179.md	131	KR3l0118_WYG_178-9a
179.md	139	KR3l0118_WYG_178-9b
179.md	147	KR3l0118_WYG_178-10a
179.md	155	KR3l0118_WYG_178-10b
179.md	163	KR3l0118_WYG_178-11a
179.md	171	KR3l0118_WYG_178-11b
179.md	179	KR3l0118_WYG_178-12a
179.md	187	KR3l0118_WYG_178-12b
180.md	3	KR3l0118_WYG_179-1a
180.md	11	KR3l0118_WYG_179-1b
180.md	19	KR3l0118_WYG_179-2a
180.md	27	KR3l0118_WYG_179-2b
180.md	35	KR3l0118_WYG_179-3a
180.md	43	KR3l0118_WYG_179-3b
180.md	51	KR3l0118_WYG_179-4a
180.md	59	KR3l0118_WYG_179-4b
180.md	67	KR3l0118_WYG_179-5a
180.md	75	KR3l0118_WYG_179-5b
180.md	83	KR3l0118_WYG_179-6a
180.md	91	KR3l0118_WYG_179-6b
180.md	99	KR3l0118_WYG_179-7a
180.md	107	KR3l0118_WYG_179-7b
180.md	115	KR3l0118_WYG_179-8a
180.md	123	KR3l0118_WYG_179-8b
180.md	131	KR3l0118_WYG_179-9a
180.md	139	KR3l0118_WYG_179-9b
180.md	147	KR3l0118_WYG_179-10a
180.md	155	KR3l0118_WYG_179-10b
180.md	163	KR3l0118_WYG_179-11a
180.md	171	KR3l0118_WYG_179-11b
181.md	3	KR3l0118_WYG_180-1a
181.md	11	KR3l0118_WYG_180-1b
181.md	19	KR3l0118_WYG_180-2a
181.md	27	KR3l0118_WYG_180-2b
181.md	35	KR3l0118_WYG_180-3a
181.md	43	KR3l0118_WYG_180-3b
181.md	51	KR3l0118_WYG_180-4a
181.md	59	KR3l0118_WYG_180-4b
181.md	67	KR3l0118_WYG_180-5a
181.md	75	KR3l0118_WYG_180-5b
181.md	83	KR3l0118_WYG_180-6a
181.md	91	KR3l0118_WYG_180-6b
181.md	99	KR3l0118_WYG_180-7a
181.md	107	KR3l0118_WYG_180-7b
181.md	115	KR3l0118_WYG_180-8a
181.md	123	KR3l0118_WYG_180-8b
181.md	131	KR3l0118_WYG_180-9a
181.md	139	KR3l0118_WYG_180-9b
182.md	3	KR3l0118_WYG_181-1a
182.md	11	KR3l0118_WYG_181-1b
182.md	19	KR3l0118_WYG_181-2a
182.md	27	KR3l0118_WYG_181-2b
182.md	35	KR3l0118_WYG_181-3a
182.md	43	KR3l0118_WYG_181-3b
182.md	51	KR3l0118_WYG_181-4a
182.md	59	KR3l0118_WYG_181-4b
182.md	67	KR3l0118_WYG_181-5a
182.md	75	KR3l0118_WYG_181-5b
182.md	83	KR3l0118_WYG_181-6a
182.md	91	KR3l0118_WYG_181-6b
182.md	99	KR3l0118_WYG_181-7a
182.md	107	KR3l0118_WYG_181-7b
182.md	115	KR3l0118_WYG_181-8a
182.md	123	KR3l0118_WYG_181-8b
182.md	131	KR3l0118_WYG_181-9a
182.md	139	KR3l0118_WYG_181-9b
182.md	147	KR3l0118_WYG_181-10a
182.md	155	KR3l0118_WYG_181-10b
182.md	163	KR3l0118_WYG_181-11a
182.md	171	KR3l0118_WYG_181-11b
183.md	3	KR3l0118_WYG_182-1a
183.md	11	KR3l0118_WYG_182-1b
183.md	19	KR3l0118_WYG_182-2a
183.md	27	KR3l0118_WYG_182-2b
183.md	35	KR3l0118_WYG_182-3a
183.md	43	KR3l0118_WYG_182-3b
183.md	51	KR3l0118_WYG_182-4a
183.md	59	KR3l0118_WYG_182-4b
183.md	67	KR3l0118_WYG_182-5a
183.md	75	KR3l0118_WYG_182-5b
183.md	83	KR3l0118_WYG_182-6a
183.md	91	KR3l0118_WYG_182-6b
183.md	99	KR3l0118_WYG_182-7a
183.md	107	KR3l0118_WYG_182-7b
183.md	115	KR3l0118_WYG_182-8a
183.md	123	KR3l0118_WYG_182-8b
183.md	131	KR3l0118_WYG_182-9a
183.md	139	KR3l0118_WYG_182-9b
183.md	147	KR3l0118_WYG_182-10a
183.md	155	KR3l0118_WYG_182-10b
183.md	163	KR3l0118_WYG_182-11a
183.md	171	KR3l0118_WYG_182-11b
184.md	3	KR3l0118_WYG_183-1a
184.md	11	KR3l0118_WYG_183-1b
184.md	19	KR3l0118_WYG_183-2a
184.md	27	KR3l0118_WYG_183-2b
184.md	35	KR3l0118_WYG_183-3a
184.md	43	KR3l0118_WYG_183-3b
184.md	51	KR3l0118_WYG_183-4a
184.md	59	KR3l0118_WYG_183-4b
184.md	67	KR3l0118_WYG_183-5a
184.md	75	KR3l0118_WYG_183-5b
184.md	83	KR3l0118_WYG_183-6a
184.md	91	KR3l0118_WYG_183-6b
184.md	99	KR3l0118_WYG_183-7a
184.md	107	KR3l0118_WYG_183-7b
184.md	115	KR3l0118_WYG_183-8a
184.md	123	KR3l0118_WYG_183-8b
184.md	131	KR3l0118_WYG_183-9a
184.md	139	KR3l0118_WYG_183-9b
184.md	147	KR3l0118_WYG_183-10a
184.md	155	KR3l0118_WYG_183-10b
184.md	163	KR3l0118_WYG_183-11a
184.md	171	KR3l0118_WYG_183-11b
184.md	179	KR3l0118_WYG_183-12a
184.md	187	KR3l0118_WYG_183-12b
184.md	195	KR3l0118_WYG_183-13a
184.md	203	KR3l0118_WYG_183-13b
185.md	3	KR3l0118_WYG_184-1a
185.md	11	KR3l0118_WYG_184-1b
185.md	19	KR3l0118_WYG_184-2a
185.md	27	KR3l0118_WYG_184-2b
185.md	35	KR3l0118_WYG_184-3a
185.md	43	KR3l0118_WYG_184-3b
185.md	51	KR3l0118_WYG_184-4a
185.md	59	KR3l0118_WYG_184-4b
185.md	67	KR3l0118_WYG_184-5a
185.md	75	KR3l0118_WYG_184-5b
185.md	83	KR3l0118_WYG_184-6a
185.md	91	KR3l0118_WYG_184-6b
185.md	99	KR3l0118_WYG_184-7a
185.md	107	KR3l0118_WYG_184-7b
185.md	115	KR3l0118_WYG_184-8a
185.md	123	KR3l0118_WYG_184-8b
185.md	131	KR3l0118_WYG_184-9a
185.md	139	KR3l0118_WYG_184-9b
185.md	147	KR3l0118_WYG_184-10a
185.md	155	KR3l0118_WYG_184-10b
185.md	163	KR3l0118_WYG_184-11a
185.md	171	KR3l0118_WYG_184-11b
186.md	3	KR3l0118_WYG_185-1a
186.md	11	KR3l0118_WYG_185-1b
186.md	19	KR3l0118_WYG_185-2a
186.md	27	KR3l0118_WYG_185-2b
186.md	35	KR3l0118_WYG_185-3a
186.md	43	KR3l0118_WYG_185-3b
186.md	51	KR3l0118_WYG_185-4a
186.md	59	KR3l0118_WYG_185-4b
186.md	67	KR3l0118_WYG_185-5a
186.md	75	KR3l0118_WYG_185-5b
186.md	83	KR3l0118_WYG_185-6a
186.md	91	KR3l0118_WYG_185-6b
186.md	99	KR3l0118_WYG_185-7a
186.md	107	KR3l0118_WYG_185-7b
186.md	115	KR3l0118_WYG_185-8a
186.md	123	KR3l0118_WYG_185-8b
186.md	131	KR3l0118_WYG_185-9a
186.md	139	KR3l0118_WYG_185-9b
187.md	3	KR3l0118_WYG_186-1a
187.md	11	KR3l0118_WYG_186-1b
187.md	19	KR3l0118_WYG_186-2a
187.md	27	KR3l0118_WYG_186-2b
187.md	35	KR3l0118_WYG_186-3a
187.md	43	KR3l0118_WYG_186-3b
187.md	51	KR3l0118_WYG_186-4a
187.md	59	KR3l0118_WYG_186-4b
187.md	67	KR3l0118_WYG_186-5a
187.md	75	KR3l0118_WYG_186-5b
187.md	83	KR3l0118_WYG_186-6a
187.md	91	KR3l0118_WYG_186-6b
187.md	99	KR3l0118_WYG_186-7a
187.md	107	KR3l0118_WYG_186-7b
187.md	115	KR3l0118_WYG_186-8a
187.md	123	KR3l0118_WYG_186-8b
187.md	131	KR3l0118_WYG_186-9a
187.md	139	KR3l0118_WYG_186-9b
188.md	3	KR3l0118_WYG_187-1a
188.md	11	KR3l0118_WYG_187-1b
188.md	19	KR3l0118_WYG_187-2a
188.md	27	KR3l0118_WYG_187-2b
188.md	35	KR3l0118_WYG_187-3a
188.md	43	KR3l0118_WYG_187-3b
188.md	51	KR3l0118_WYG_187-4a
188.md	59	KR3l0118_WYG_187-4b
188.md	67	KR3l0118_WYG_187-5a
188.md	75	KR3l0118_WYG_187-5b
188.md	83	KR3l0118_WYG_187-6a
188.md	91	KR3l0118_WYG_187-6b
188.md	99	KR3l0118_WYG_187-7a
188.md	107	KR3l0118_WYG_187-7b
188.md	115	KR3l0118_WYG_187-8a
188.md	123	KR3l0118_WYG_187-8b
188.md	131	KR3l0118_WYG_187-9a
188.md	139	KR3l0118_WYG_187-9b
188.md	147	KR3l0118_WYG_187-10a
188.md	155	KR3l0118_WYG_187-10b
188.md	163	KR3l0118_WYG_187-11a
188.md	171	KR3l0118_WYG_187-11b
188.md	179	KR3l0118_WYG_187-12a
188.md	187	KR3l0118_WYG_187-12b
189.md	3	KR3l0118_WYG_188-1a
189.md	11	KR3l0118_WYG_188-1b
189.md	19	KR3l0118_WYG_188-2a
189.md	27	KR3l0118_WYG_188-2b
189.md	35	KR3l0118_WYG_188-3a
189.md	43	KR3l0118_WYG_188-3b
189.md	51	KR3l0118_WYG_188-4a
189.md	59	KR3l0118_WYG_188-4b
189.md	67	KR3l0118_WYG_188-5a
189.md	75	KR3l0118_WYG_188-5b
189.md	83	KR3l0118_WYG_188-6a
189.md	91	KR3l0118_WYG_188-6b
189.md	99	KR3l0118_WYG_188-7a
189.md	107	KR3l0118_WYG_188-7b
189.md	115	KR3l0118_WYG_188-8a
189.md	123	KR3l0118_WYG_188-8b
189.md	131	KR3l0118_WYG_188-9a
189.md	139	KR3l0118_WYG_188-9b
189.md	147	KR3l0118_WYG_188-10a
189.md	155	KR3l0118_WYG_188-10b
190.md	3	KR3l0118_WYG_189-1a
190.md	11	KR3l0118_WYG_189-1b
190.md	19	KR3l0118_WYG_189-2a
190.md	27	KR3l0118_WYG_189-2b
190.md	35	KR3l0118_WYG_189-3a
190.md	43	KR3l0118_WYG_189-3b
190.md	51	KR3l0118_WYG_189-4a
190.md	59	KR3l0118_WYG_189-4b
190.md	67	KR3l0118_WYG_189-5a
190.md	75	KR3l0118_WYG_189-5b
190.md	83	KR3l0118_WYG_189-6a
190.md	91	KR3l0118_WYG_189-6b
190.md	99	KR3l0118_WYG_189-7a
190.md	107	KR3l0118_WYG_189-7b
190.md	115	KR3l0118_WYG_189-8a
190.md	123	KR3l0118_WYG_189-8b
190.md	131	KR3l0118_WYG_189-9a
190.md	139	KR3l0118_WYG_189-9b
190.md	147	KR3l0118_WYG_189-10a
190.md	155	KR3l0118_WYG_189-10b
191.md	3	KR3l0118_WYG_190-1a
191.md	11	KR3l0118_WYG_190-1b
191.md	19	KR3l0118_WYG_190-2a
191.md	27	KR3l0118_WYG_190-2b
191.md	35	KR3l0118_WYG_190-3a
191.md	43	KR3l0118_WYG_190-3b
191.md	51	KR3l0118_WYG_190-4a
191.md	59	KR3l0118_WYG_190-4b
191.md	67	KR3l0118_WYG_190-5a
191.md	75	KR3l0118_WYG_190-5b
191.md	83	KR3l0118_WYG_190-6a
191.md	91	KR3l0118_WYG_190-6b
191.md	99	KR3l0118_WYG_190-7a
191.md	107	KR3l0118_WYG_190-7b
191.md	115	KR3l0118_WYG_190-8a
191.md	123	KR3l0118_WYG_190-8b
191.md	131	KR3l0118_WYG_190-9a
191.md	139	KR3l0118_WYG_190-9b
191.md	147	KR3l0118_WYG_190-10a
191.md	155	KR3l0118_WYG_190-10b
192.md	3	KR3l0118_WYG_191-1a
192.md	11	KR3l0118_WYG_191-1b
192.md	19	KR3l0118_WYG_191-2a
192.md	27	KR3l0118_WYG_191-2b
192.md	35	KR3l0118_WYG_191-3a
192.md	43	KR3l0118_WYG_191-3b
192.md	51	KR3l0118_WYG_191-4a
192.md	59	KR3l0118_WYG_191-4b
192.md	67	KR3l0118_WYG_191-5a
192.md	75	KR3l0118_WYG_191-5b
192.md	83	KR3l0118_WYG_191-6a
192.md	91	KR3l0118_WYG_191-6b
192.md	99	KR3l0118_WYG_191-7a
192.md	107	KR3l0118_WYG_191-7b
192.md	115	KR3l0118_WYG_191-8a
192.md	123	KR3l0118_WYG_191-8b
192.md	131	KR3l0118_WYG_191-9a
192.md	139	KR3l0118_WYG_191-9b
192.md	147	KR3l0118_WYG_191-10a
192.md	155	KR3l0118_WYG_191-10b
192.md	163	KR3l0118_WYG_191-11a
192.md	171	KR3l0118_WYG_191-11b
192.md	179	KR3l0118_WYG_191-12a
192.md	187	KR3l0118_WYG_191-12b
193.md	3	KR3l0118_WYG_192-1a
193.md	11	KR3l0118_WYG_192-1b
193.md	19	KR3l0118_WYG_192-2a
193.md	27	KR3l0118_WYG_192-2b
193.md	35	KR3l0118_WYG_192-3a
193.md	43	KR3l0118_WYG_192-3b
193.md	51	KR3l0118_WYG_192-4a
193.md	59	KR3l0118_WYG_192-4b
193.md	67	KR3l0118_WYG_192-5a
193.md	75	KR3l0118_WYG_192-5b
193.md	83	KR3l0118_WYG_192-6a
193.md	91	KR3l0118_WYG_192-6b
193.md	99	KR3l0118_WYG_192-7a
193.md	107	KR3l0118_WYG_192-7b
193.md	115	KR3l0118_WYG_192-8a
193.md	123	KR3l0118_WYG_192-8b
193.md	131	KR3l0118_WYG_192-9a
193.md	139	KR3l0118_WYG_192-9b
193.md	147	KR3l0118_WYG_192-10a
193.md	155	KR3l0118_WYG_192-10b
193.md	163	KR3l0118_WYG_192-11a
193.md	171	KR3l0118_WYG_192-11b
194.md	3	KR3l0118_WYG_193-1a
194.md	11	KR3l0118_WYG_193-1b
194.md	19	KR3l0118_WYG_193-2a
194.md	27	KR3l0118_WYG_193-2b
194.md	35	KR3l0118_WYG_193-3a
194.md	43	KR3l0118_WYG_193-3b
194.md	51	KR3l0118_WYG_193-4a
194.md	59	KR3l0118_WYG_193-4b
194.md	67	KR3l0118_WYG_193-5a
194.md	75	KR3l0118_WYG_193-5b
194.md	83	KR3l0118_WYG_193-6a
194.md	91	KR3l0118_WYG_193-6b
194.md	99	KR3l0118_WYG_193-7a
194.md	107	KR3l0118_WYG_193-7b
194.md	115	KR3l0118_WYG_193-8a
194.md	123	KR3l0118_WYG_193-8b
194.md	131	KR3l0118_WYG_193-9a
194.md	139	KR3l0118_WYG_193-9b
194.md	147	KR3l0118_WYG_193-10a
194.md	155	KR3l0118_WYG_193-10b
194.md	163	KR3l0118_WYG_193-11a
194.md	171	KR3l0118_WYG_193-11b
195.md	3	KR3l0118_WYG_194-1a
195.md	11	KR3l0118_WYG_194-1b
195.md	19	KR3l0118_WYG_194-2a
195.md	27	KR3l0118_WYG_194-2b
195.md	35	KR3l0118_WYG_194-3a
195.md	43	KR3l0118_WYG_194-3b
195.md	51	KR3l0118_WYG_194-4a
195.md	59	KR3l0118_WYG_194-4b
195.md	67	KR3l0118_WYG_194-5a
195.md	75	KR3l0118_WYG_194-5b
195.md	83	KR3l0118_WYG_194-6a
195.md	91	KR3l0118_WYG_194-6b
195.md	99	KR3l0118_WYG_194-7a
195.md	107	KR3l0118_WYG_194-7b
195.md	115	KR3l0118_WYG_194-8a
195.md	123	KR3l0118_WYG_194-8b
195.md	131	KR3l0118_WYG_194-9a
195.md	139	KR3l0118_WYG_194-9b
195.md	147	KR3l0118_WYG_194-10a
195.md	155	KR3l0118_WYG_194-10b
195.md	163	KR3l0118_WYG_194-11a
195.md	171	KR3l0118_WYG_194-11b
195.md	179	KR3l0118_WYG_194-12a
195.md	187	KR3l0118_WYG_194-12b
196.md	3	KR3l0118_WYG_195-1a
196.md	11	KR3l0118_WYG_195-1b
196.md	19	KR3l0118_WYG_195-2a
196.md	27	KR3l0118_WYG_195-2b
196.md	35	KR3l0118_WYG_195-3a
196.md	43	KR3l0118_WYG_195-3b
196.md	51	KR3l0118_WYG_195-4a
196.md	59	KR3l0118_WYG_195-4b
196.md	67	KR3l0118_WYG_195-5a
196.md	75	KR3l0118_WYG_195-5b
196.md	83	KR3l0118_WYG_195-6a
196.md	91	KR3l0118_WYG_195-6b
196.md	99	KR3l0118_WYG_195-7a
196.md	107	KR3l0118_WYG_195-7b
196.md	115	KR3l0118_WYG_195-8a
196.md	123	KR3l0118_WYG_195-8b
196.md	131	KR3l0118_WYG_195-9a
196.md	139	KR3l0118_WYG_195-9b
196.md	147	KR3l0118_WYG_195-10a
196.md	155	KR3l0118_WYG_195-10b
196.md	163	KR3l0118_WYG_195-11a
196.md	171	KR3l0118_WYG_195-11b
197.md	3	KR3l0118_WYG_196-1a
197.md	11	KR3l0118_WYG_196-1b
197.md	19	KR3l0118_WYG_196-2a
197.md	27	KR3l0118_WYG_196-2b
197.md	35	KR3l0118_WYG_196-3a
197.md	43	KR3l0118_WYG_196-3b
197.md	51	KR3l0118_WYG_196-4a
197.md	59	KR3l0118_WYG_196-4b
197.md	67	KR3l0118_WYG_196-5a
197.md	75	KR3l0118_WYG_196-5b
197.md	83	KR3l0118_WYG_196-6a
197.md	91	KR3l0118_WYG_196-6b
197.md	99	KR3l0118_WYG_196-7a
197.md	107	KR3l0118_WYG_196-7b
197.md	115	KR3l0118_WYG_196-8a
197.md	123	KR3l0118_WYG_196-8b
197.md	131	KR3l0118_WYG_196-9a
197.md	139	KR3l0118_WYG_196-9b
197.md	147	KR3l0118_WYG_196-10a
197.md	155	KR3l0118_WYG_196-10b
197.md	163	KR3l0118_WYG_196-11a
197.md	171	KR3l0118_WYG_196-11b
198.md	3	KR3l0118_WYG_197-1a
198.md	11	KR3l0118_WYG_197-1b
198.md	19	KR3l0118_WYG_197-2a
198.md	27	KR3l0118_WYG_197-2b
198.md	35	KR3l0118_WYG_197-3a
198.md	43	KR3l0118_WYG_197-3b
198.md	51	KR3l0118_WYG_197-4a
198.md	59	KR3l0118_WYG_197-4b
198.md	67	KR3l0118_WYG_197-5a
198.md	75	KR3l0118_WYG_197-5b
198.md	83	KR3l0118_WYG_197-6a
198.md	91	KR3l0118_WYG_197-6b
198.md	99	KR3l0118_WYG_197-7a
198.md	107	KR3l0118_WYG_197-7b
198.md	115	KR3l0118_WYG_197-8a
198.md	123	KR3l0118_WYG_197-8b
198.md	131	KR3l0118_WYG_197-9a
198.md	139	KR3l0118_WYG_197-9b
198.md	147	KR3l0118_WYG_197-10a
198.md	155	KR3l0118_WYG_197-10b
198.md	163	KR3l0118_WYG_197-11a
198.md	171	KR3l0118_WYG_197-11b
199.md	3	KR3l0118_WYG_198-1a
199.md	11	KR3l0118_WYG_198-1b
199.md	19	KR3l0118_WYG_198-2a
199.md	27	KR3l0118_WYG_198-2b
199.md	35	KR3l0118_WYG_198-3a
199.md	43	KR3l0118_WYG_198-3b
199.md	51	KR3l0118_WYG_198-4a
199.md	59	KR3l0118_WYG_198-4b
199.md	67	KR3l0118_WYG_198-5a
199.md	75	KR3l0118_WYG_198-5b
199.md	83	KR3l0118_WYG_198-6a
199.md	91	KR3l0118_WYG_198-6b
199.md	99	KR3l0118_WYG_198-7a
199.md	107	KR3l0118_WYG_198-7b
199.md	115	KR3l0118_WYG_198-8a
199.md	123	KR3l0118_WYG_198-8b
199.md	131	KR3l0118_WYG_198-9a
199.md	139	KR3l0118_WYG_198-9b
199.md	147	KR3l0118_WYG_198-10a
199.md	155	KR3l0118_WYG_198-10b
199.md	163	KR3l0118_WYG_198-11a
199.md	171	KR3l0118_WYG_198-11b
199.md	179	KR3l0118_WYG_198-12a
199.md	187	KR3l0118_WYG_198-12b
199.md	195	KR3l0118_WYG_198-13a
199.md	203	KR3l0118_WYG_198-13b
200.md	3	KR3l0118_WYG_199-1a
200.md	11	KR3l0118_WYG_199-1b
200.md	19	KR3l0118_WYG_199-2a
200.md	27	KR3l0118_WYG_199-2b
200.md	35	KR3l0118_WYG_199-3a
200.md	43	KR3l0118_WYG_199-3b
200.md	51	KR3l0118_WYG_199-4a
200.md	59	KR3l0118_WYG_199-4b
200.md	67	KR3l0118_WYG_199-5a
200.md	75	KR3l0118_WYG_199-5b
200.md	83	KR3l0118_WYG_199-6a
200.md	91	KR3l0118_WYG_199-6b
200.md	99	KR3l0118_WYG_199-7a
200.md	107	KR3l0118_WYG_199-7b
200.md	115	KR3l0118_WYG_199-8a
200.md	123	KR3l0118_WYG_199-8b
200.md	131	KR3l0118_WYG_199-9a
200.md	139	KR3l0118_WYG_199-9b
200.md	147	KR3l0118_WYG_199-10a
200.md	155	KR3l0118_WYG_199-10b
200.md	163	KR3l0118_WYG_199-11a
200.md	171	KR3l0118_WYG_199-11b
201.md	3	KR3l0118_WYG_200-1a
201.md	11	KR3l0118_WYG_200-1b
201.md	19	KR3l0118_WYG_200-2a
201.md	27	KR3l0118_WYG_200-2b
201.md	35	KR3l0118_WYG_200-3a
201.md	43	KR3l0118_WYG_200-3b
201.md	51	KR3l0118_WYG_200-4a
201.md	59	KR3l0118_WYG_200-4b
201.md	67	KR3l0118_WYG_200-5a
201.md	75	KR3l0118_WYG_200-5b
201.md	83	KR3l0118_WYG_200-6a
201.md	91	KR3l0118_WYG_200-6b
201.md	99	KR3l0118_WYG_200-7a
201.md	107	KR3l0118_WYG_200-7b
201.md	115	KR3l0118_WYG_200-8a
201.md	123	KR3l0118_WYG_200-8b
201.md	131	KR3l0118_WYG_200-9a
201.md	139	KR3l0118_WYG_200-9b
201.md	147	KR3l0118_WYG_200-10a
201.md	155	KR3l0118_WYG_200-10b
201.md	163	KR3l0118_WYG_200-11a
201.md	171	KR3l0118_WYG_200-11b
201.md	179	KR3l0118_WYG_200-12a
201.md	187	KR3l0118_WYG_200-12b
202.md	3	KR3l0118_WYG_201-1a
202.md	11	KR3l0118_WYG_201-1b
202.md	19	KR3l0118_WYG_201-2a
202.md	27	KR3l0118_WYG_201-2b
202.md	35	KR3l0118_WYG_201-3a
202.md	43	KR3l0118_WYG_201-3b
202.md	51	KR3l0118_WYG_201-4a
202.md	59	KR3l0118_WYG_201-4b
202.md	67	KR3l0118_WYG_201-5a
202.md	75	KR3l0118_WYG_201-5b
202.md	83	KR3l0118_WYG_201-6a
202.md	91	KR3l0118_WYG_201-6b
202.md	99	KR3l0118_WYG_201-7a
202.md	107	KR3l0118_WYG_201-7b
202.md	115	KR3l0118_WYG_201-8a
202.md	123	KR3l0118_WYG_201-8b
202.md	131	KR3l0118_WYG_201-9a
202.md	139	KR3l0118_WYG_201-9b
202.md	147	KR3l0118_WYG_201-10a
202.md	155	KR3l0118_WYG_201-10b
202.md	163	KR3l0118_WYG_201-11a
202.md	171	KR3l0118_WYG_201-11b
203.md	3	KR3l0118_WYG_202-1a
203.md	11	KR3l0118_WYG_202-1b
203.md	19	KR3l0118_WYG_202-2a
203.md	27	KR3l0118_WYG_202-2b
203.md	35	KR3l0118_WYG_202-3a
203.md	43	KR3l0118_WYG_202-3b
203.md	51	KR3l0118_WYG_202-4a
203.md	59	KR3l0118_WYG_202-4b
203.md	67	KR3l0118_WYG_202-5a
203.md	75	KR3l0118_WYG_202-5b
203.md	83	KR3l0118_WYG_202-6a
203.md	91	KR3l0118_WYG_202-6b
203.md	99	KR3l0118_WYG_202-7a
203.md	107	KR3l0118_WYG_202-7b
203.md	115	KR3l0118_WYG_202-8a
203.md	123	KR3l0118_WYG_202-8b
203.md	131	KR3l0118_WYG_202-9a
203.md	139	KR3l0118_WYG_202-9b
203.md	147	KR3l0118_WYG_202-10a
203.md	155	KR3l0118_WYG_202-10b
203.md	163	KR3l0118_WYG_202-11a
203.md	171	KR3l0118_WYG_202-11b
203.md	179	KR3l0118_WYG_202-12a
203.md	187	KR3l0118_WYG_202-12b
203.md	195	KR3l0118_WYG_202-13a
203.md	203	KR3l0118_WYG_202-13b
204.md	3	KR3l0118_WYG_203-1a
204.md	11	KR3l0118_WYG_203-1b
204.md	19	KR3l0118_WYG_203-2a
204.md	27	KR3l0118_WYG_203-2b
204.md	35	KR3l0118_WYG_203-3a
204.md	43	KR3l0118_WYG_203-3b
204.md	51	KR3l0118_WYG_203-4a
204.md	59	KR3l0118_WYG_203-4b
204.md	67	KR3l0118_WYG_203-5a
204.md	75	KR3l0118_WYG_203-5b
204.md	83	KR3l0118_WYG_203-6a
204.md	91	KR3l0118_WYG_203-6b
204.md	99	KR3l0118_WYG_203-7a
204.md	107	KR3l0118_WYG_203-7b
204.md	115	KR3l0118_WYG_203-8a
204.md	123	KR3l0118_WYG_203-8b
204.md	131	KR3l0118_WYG_203-9a
204.md	139	KR3l0118_WYG_203-9b
204.md	147	KR3l0118_WYG_203-10a
204.md	155	KR3l0118_WYG_203-10b
204.md	163	KR3l0118_WYG_203-11a
204.md	171	KR3l0118_WYG_203-11b
204.md	179	KR3l0118_WYG_203-12a
204.md	187	KR3l0118_WYG_203-12b
204.md	195	KR3l0118_WYG_203-13a
204.md	203	KR3l0118_WYG_203-13b
204.md	211	KR3l0118_WYG_203-14a
204.md	219	KR3l0118_WYG_203-14b
204.md	227	KR3l0118_WYG_203-15a
204.md	235	KR3l0118_WYG_203-15b
204.md	243	KR3l0118_WYG_203-16a
204.md	251	KR3l0118_WYG_203-16b
204.md	259	KR3l0118_WYG_203-17a
204.md	267	KR3l0118_WYG_203-17b
205.md	3	KR3l0118_WYG_204-1a
205.md	11	KR3l0118_WYG_204-1b
205.md	19	KR3l0118_WYG_204-2a
205.md	27	KR3l0118_WYG_204-2b
205.md	35	KR3l0118_WYG_204-3a
205.md	43	KR3l0118_WYG_204-3b
205.md	51	KR3l0118_WYG_204-4a
205.md	59	KR3l0118_WYG_204-4b
205.md	67	KR3l0118_WYG_204-5a
205.md	75	KR3l0118_WYG_204-5b
205.md	83	KR3l0118_WYG_204-6a
205.md	91	KR3l0118_WYG_204-6b
205.md	99	KR3l0118_WYG_204-7a
205.md	107	KR3l0118_WYG_204-7b
205.md	115	KR3l0118_WYG_204-8a
205.md	123	KR3l0118_WYG_204-8b
205.md	131	KR3l0118_WYG_204-9a
205.md	139	KR3l0118_WYG_204-9b
205.md	147	KR3l0118_WYG_204-10a
205.md	155	KR3l0118_WYG_204-10b
205.md	163	KR3l0118_WYG_204-11a
205.md	171	KR3l0118_WYG_204-11b
205.md	179	KR3l0118_WYG_204-12a
205.md	187	KR3l0118_WYG_204-12b
205.md	195	KR3l0118_WYG_204-13a
205.md	203	KR3l0118_WYG_204-13b
205.md	211	KR3l0118_WYG_204-14a
205.md	219	KR3l0118_WYG_204-14b
205.md	227	KR3l0118_WYG_204-15a
205.md	235	KR3l0118_WYG_204-15b
205.md	243	KR3l0118_WYG_204-16a
205.md	251	KR3l0118_WYG_204-16b
205.md	259	KR3l0118_WYG_204-17a
205.md	267	KR3l0118_WYG_204-17b
205.md	275	KR3l0118_WYG_204-18a
205.md	283	KR3l0118_WYG_204-18b
205.md	291	KR3l0118_WYG_204-19a
205.md	299	KR3l0118_WYG_204-19b
206.md	3	KR3l0118_WYG_205-1a
206.md	11	KR3l0118_WYG_205-1b
206.md	19	KR3l0118_WYG_205-2a
206.md	27	KR3l0118_WYG_205-2b
206.md	35	KR3l0118_WYG_205-3a
206.md	43	KR3l0118_WYG_205-3b
206.md	51	KR3l0118_WYG_205-4a
206.md	59	KR3l0118_WYG_205-4b
206.md	67	KR3l0118_WYG_205-5a
206.md	75	KR3l0118_WYG_205-5b
206.md	83	KR3l0118_WYG_205-6a
206.md	91	KR3l0118_WYG_205-6b
206.md	99	KR3l0118_WYG_205-7a
206.md	107	KR3l0118_WYG_205-7b
206.md	115	KR3l0118_WYG_205-8a
206.md	123	KR3l0118_WYG_205-8b
206.md	131	KR3l0118_WYG_205-9a
206.md	139	KR3l0118_WYG_205-9b
206.md	147	KR3l0118_WYG_205-10a
206.md	155	KR3l0118_WYG_205-10b
206.md	163	KR3l0118_WYG_205-11a
206.md	171	KR3l0118_WYG_205-11b
206.md	179	KR3l0118_WYG_205-12a
206.md	187	KR3l0118_WYG_205-12b
206.md	195	KR3l0118_WYG_205-13a
206.md	203	KR3l0118_WYG_205-13b
206.md	211	KR3l0118_WYG_205-14a
206.md	219	KR3l0118_WYG_205-14b
206.md	227	KR3l0118_WYG_205-15a
206.md	235	KR3l0118_WYG_205-15b
206.md	243	KR3l0118_WYG_205-16a
206.md	251	KR3l0118_WYG_205-16b
207.md	3	KR3l0118_WYG_206-1a
207.md	11	KR3l0118_WYG_206-1b
207.md	19	KR3l0118_WYG_206-2a
207.md	27	KR3l0118_WYG_206-2b
207.md	35	KR3l0118_WYG_206-3a
207.md	43	KR3l0118_WYG_206-3b
207.md	51	KR3l0118_WYG_206-4a
207.md	59	KR3l0118_WYG_206-4b
207.md	67	KR3l0118_WYG_206-5a
207.md	75	KR3l0118_WYG_206-5b
207.md	83	KR3l0118_WYG_206-6a
207.md	91	KR3l0118_WYG_206-6b
207.md	99	KR3l0118_WYG_206-7a
207.md	107	KR3l0118_WYG_206-7b
207.md	115	KR3l0118_WYG_206-8a
207.md	123	KR3l0118_WYG_206-8b
207.md	131	KR3l0118_WYG_206-9a
207.md	139	KR3l0118_WYG_206-9b
207.md	147	KR3l0118_WYG_206-10a
207.md	155	KR3l0118_WYG_206-10b
207.md	163	KR3l0118_WYG_206-11a
207.md	171	KR3l0118_WYG_206-11b
208.md	3	KR3l0118_WYG_207-1a
208.md	11	KR3l0118_WYG_207-1b
208.md	19	KR3l0118_WYG_207-2a
208.md	27	KR3l0118_WYG_207-2b
208.md	35	KR3l0118_WYG_207-3a
208.md	43	KR3l0118_WYG_207-3b
208.md	51	KR3l0118_WYG_207-4a
208.md	59	KR3l0118_WYG_207-4b
208.md	67	KR3l0118_WYG_207-5a
208.md	75	KR3l0118_WYG_207-5b
208.md	83	KR3l0118_WYG_207-6a
208.md	91	KR3l0118_WYG_207-6b
208.md	99	KR3l0118_WYG_207-7a
208.md	107	KR3l0118_WYG_207-7b
208.md	115	KR3l0118_WYG_207-8a
208.md	123	KR3l0118_WYG_207-8b
208.md	131	KR3l0118_WYG_207-9a
208.md	139	KR3l0118_WYG_207-9b
208.md	147	KR3l0118_WYG_207-10a
208.md	155	KR3l0118_WYG_207-10b
208.md	163	KR3l0118_WYG_207-11a
208.md	171	KR3l0118_WYG_207-11b
208.md	179	KR3l0118_WYG_207-12a
208.md	187	KR3l0118_WYG_207-12b
209.md	3	KR3l0118_WYG_208-1a
209.md	11	KR3l0118_WYG_208-1b
209.md	19	KR3l0118_WYG_208-2a
209.md	27	KR3l0118_WYG_208-2b
209.md	35	KR3l0118_WYG_208-3a
209.md	43	KR3l0118_WYG_208-3b
209.md	51	KR3l0118_WYG_208-4a
209.md	59	KR3l0118_WYG_208-4b
209.md	67	KR3l0118_WYG_208-5a
209.md	75	KR3l0118_WYG_208-5b
209.md	83	KR3l0118_WYG_208-6a
209.md	91	KR3l0118_WYG_208-6b
209.md	99	KR3l0118_WYG_208-7a
209.md	107	KR3l0118_WYG_208-7b
209.md	115	KR3l0118_WYG_208-8a
209.md	123	KR3l0118_WYG_208-8b
209.md	131	KR3l0118_WYG_208-9a
209.md	139	KR3l0118_WYG_208-9b
209.md	147	KR3l0118_WYG_208-10a
209.md	155	KR3l0118_WYG_208-10b
209.md	163	KR3l0118_WYG_208-11a
209.md	171	KR3l0118_WYG_208-11b
209.md	179	KR3l0118_WYG_208-12a
209.md	187	KR3l0118_WYG_208-12b
210.md	3	KR3l0118_WYG_209-1a
210.md	11	KR3l0118_WYG_209-1b
210.md	19	KR3l0118_WYG_209-2a
210.md	27	KR3l0118_WYG_209-2b
210.md	35	KR3l0118_WYG_209-3a
210.md	43	KR3l0118_WYG_209-3b
210.md	51	KR3l0118_WYG_209-4a
210.md	59	KR3l0118_WYG_209-4b
210.md	67	KR3l0118_WYG_209-5a
210.md	75	KR3l0118_WYG_209-5b
210.md	83	KR3l0118_WYG_209-6a
210.md	91	KR3l0118_WYG_209-6b
210.md	99	KR3l0118_WYG_209-7a
210.md	107	KR3l0118_WYG_209-7b
210.md	115	KR3l0118_WYG_209-8a
210.md	123	KR3l0118_WYG_209-8b
210.md	131	KR3l0118_WYG_209-9a
210.md	139	KR3l0118_WYG_209-9b
210.md	147	KR3l0118_WYG_209-10a
210.md	155	KR3l0118_WYG_209-10b
211.md	3	KR3l0118_WYG_210-1a
211.md	11	KR3l0118_WYG_210-1b
211.md	19	KR3l0118_WYG_210-2a
211.md	27	KR3l0118_WYG_210-2b
211.md	35	KR3l0118_WYG_210-3a
211.md	43	KR3l0118_WYG_210-3b
211.md	51	KR3l0118_WYG_210-4a
211.md	59	KR3l0118_WYG_210-4b
211.md	67	KR3l0118_WYG_210-5a
211.md	75	KR3l0118_WYG_210-5b
211.md	83	KR3l0118_WYG_210-6a
211.md	91	KR3l0118_WYG_210-6b
211.md	99	KR3l0118_WYG_210-7a
211.md	107	KR3l0118_WYG_210-7b
211.md	115	KR3l0118_WYG_210-8a
211.md	123	KR3l0118_WYG_210-8b
211.md	131	KR3l0118_WYG_210-9a
211.md	139	KR3l0118_WYG_210-9b
211.md	147	KR3l0118_WYG_210-10a
211.md	155	KR3l0118_WYG_210-10b
211.md	163	KR3l0118_WYG_210-11a
211.md	171	KR3l0118_WYG_210-11b
212.md	3	KR3l0118_WYG_211-1a
212.md	11	KR3l0118_WYG_211-1b
212.md	19	KR3l0118_WYG_211-2a
212.md	27	KR3l0118_WYG_211-2b
212.md	35	KR3l0118_WYG_211-3a
212.md	43	KR3l0118_WYG_211-3b
212.md	51	KR3l0118_WYG_211-4a
212.md	59	KR3l0118_WYG_211-4b
212.md	67	KR3l0118_WYG_211-5a
212.md	75	KR3l0118_WYG_211-5b
212.md	83	KR3l0118_WYG_211-6a
212.md	91	KR3l0118_WYG_211-6b
212.md	99	KR3l0118_WYG_211-7a
212.md	107	KR3l0118_WYG_211-7b
212.md	115	KR3l0118_WYG_211-8a
212.md	123	KR3l0118_WYG_211-8b
212.md	131	KR3l0118_WYG_211-9a
212.md	139	KR3l0118_WYG_211-9b
212.md	147	KR3l0118_WYG_211-10a
212.md	155	KR3l0118_WYG_211-10b
212.md	163	KR3l0118_WYG_211-11a
212.md	171	KR3l0118_WYG_211-11b
213.md	3	KR3l0118_WYG_212-1a
213.md	11	KR3l0118_WYG_212-1b
213.md	19	KR3l0118_WYG_212-2a
213.md	27	KR3l0118_WYG_212-2b
213.md	35	KR3l0118_WYG_212-3a
213.md	43	KR3l0118_WYG_212-3b
213.md	51	KR3l0118_WYG_212-4a
213.md	59	KR3l0118_WYG_212-4b
213.md	67	KR3l0118_WYG_212-5a
213.md	75	KR3l0118_WYG_212-5b
213.md	83	KR3l0118_WYG_212-6a
213.md	91	KR3l0118_WYG_212-6b
213.md	99	KR3l0118_WYG_212-7a
213.md	107	KR3l0118_WYG_212-7b
213.md	115	KR3l0118_WYG_212-8a
213.md	123	KR3l0118_WYG_212-8b
213.md	131	KR3l0118_WYG_212-9a
213.md	139	KR3l0118_WYG_212-9b
213.md	147	KR3l0118_WYG_212-10a
213.md	155	KR3l0118_WYG_212-10b
214.md	3	KR3l0118_WYG_213-1a
214.md	11	KR3l0118_WYG_213-1b
214.md	19	KR3l0118_WYG_213-2a
214.md	27	KR3l0118_WYG_213-2b
214.md	35	KR3l0118_WYG_213-3a
214.md	43	KR3l0118_WYG_213-3b
214.md	51	KR3l0118_WYG_213-4a
214.md	59	KR3l0118_WYG_213-4b
214.md	67	KR3l0118_WYG_213-5a
214.md	75	KR3l0118_WYG_213-5b
214.md	83	KR3l0118_WYG_213-6a
214.md	91	KR3l0118_WYG_213-6b
214.md	99	KR3l0118_WYG_213-7a
214.md	107	KR3l0118_WYG_213-7b
214.md	115	KR3l0118_WYG_213-8a
214.md	123	KR3l0118_WYG_213-8b
214.md	131	KR3l0118_WYG_213-9a
214.md	139	KR3l0118_WYG_213-9b
214.md	147	KR3l0118_WYG_213-10a
214.md	155	KR3l0118_WYG_213-10b
214.md	163	KR3l0118_WYG_213-11a
214.md	171	KR3l0118_WYG_213-11b
214.md	179	KR3l0118_WYG_213-12a
214.md	187	KR3l0118_WYG_213-12b
215.md	3	KR3l0118_WYG_214-1a
215.md	11	KR3l0118_WYG_214-1b
215.md	19	KR3l0118_WYG_214-2a
215.md	27	KR3l0118_WYG_214-2b
215.md	35	KR3l0118_WYG_214-3a
215.md	43	KR3l0118_WYG_214-3b
215.md	51	KR3l0118_WYG_214-4a
215.md	59	KR3l0118_WYG_214-4b
215.md	67	KR3l0118_WYG_214-5a
215.md	75	KR3l0118_WYG_214-5b
215.md	83	KR3l0118_WYG_214-6a
215.md	91	KR3l0118_WYG_214-6b
215.md	99	KR3l0118_WYG_214-7a
215.md	107	KR3l0118_WYG_214-7b
215.md	115	KR3l0118_WYG_214-8a
215.md	123	KR3l0118_WYG_214-8b
215.md	131	KR3l0118_WYG_214-9a
215.md	139	KR3l0118_WYG_214-9b
215.md	147	KR3l0118_WYG_214-10a
215.md	155	KR3l0118_WYG_214-10b
216.md	3	KR3l0118_WYG_215-1a
216.md	11	KR3l0118_WYG_215-1b
216.md	19	KR3l0118_WYG_215-2a
216.md	27	KR3l0118_WYG_215-2b
216.md	35	KR3l0118_WYG_215-3a
216.md	43	KR3l0118_WYG_215-3b
216.md	51	KR3l0118_WYG_215-4a
216.md	59	KR3l0118_WYG_215-4b
216.md	67	KR3l0118_WYG_215-5a
216.md	75	KR3l0118_WYG_215-5b
216.md	83	KR3l0118_WYG_215-6a
216.md	91	KR3l0118_WYG_215-6b
216.md	99	KR3l0118_WYG_215-7a
216.md	107	KR3l0118_WYG_215-7b
216.md	115	KR3l0118_WYG_215-8a
216.md	123	KR3l0118_WYG_215-8b
216.md	131	KR3l0118_WYG_215-9a
216.md	139	KR3l0118_WYG_215-9b
217.md	3	KR3l0118_WYG_216-1a
217.md	11	KR3l0118_WYG_216-1b
217.md	19	KR3l0118_WYG_216-2a
217.md	27	KR3l0118_WYG_216-2b
217.md	35	KR3l0118_WYG_216-3a
217.md	43	KR3l0118_WYG_216-3b
217.md	51	KR3l0118_WYG_216-4a
217.md	59	KR3l0118_WYG_216-4b
217.md	67	KR3l0118_WYG_216-5a
217.md	75	KR3l0118_WYG_216-5b
217.md	83	KR3l0118_WYG_216-6a
217.md	91	KR3l0118_WYG_216-6b
217.md	99	KR3l0118_WYG_216-7a
217.md	107	KR3l0118_WYG_216-7b
217.md	115	KR3l0118_WYG_216-8a
217.md	123	KR3l0118_WYG_216-8b
217.md	131	KR3l0118_WYG_216-9a
217.md	139	KR3l0118_WYG_216-9b
218.md	3	KR3l0118_WYG_217-1a
218.md	11	KR3l0118_WYG_217-1b
218.md	19	KR3l0118_WYG_217-2a
218.md	27	KR3l0118_WYG_217-2b
218.md	35	KR3l0118_WYG_217-3a
218.md	43	KR3l0118_WYG_217-3b
218.md	51	KR3l0118_WYG_217-4a
218.md	59	KR3l0118_WYG_217-4b
218.md	67	KR3l0118_WYG_217-5a
218.md	75	KR3l0118_WYG_217-5b
218.md	83	KR3l0118_WYG_217-6a
218.md	91	KR3l0118_WYG_217-6b
218.md	99	KR3l0118_WYG_217-7a
218.md	107	KR3l0118_WYG_217-7b
218.md	115	KR3l0118_WYG_217-8a
218.md	123	KR3l0118_WYG_217-8b
218.md	131	KR3l0118_WYG_217-9a
218.md	139	KR3l0118_WYG_217-9b
219.md	3	KR3l0118_WYG_218-1a
219.md	11	KR3l0118_WYG_218-1b
219.md	19	KR3l0118_WYG_218-2a
219.md	27	KR3l0118_WYG_218-2b
219.md	35	KR3l0118_WYG_218-3a
219.md	43	KR3l0118_WYG_218-3b
219.md	51	KR3l0118_WYG_218-4a
219.md	59	KR3l0118_WYG_218-4b
219.md	67	KR3l0118_WYG_218-5a
219.md	75	KR3l0118_WYG_218-5b
219.md	83	KR3l0118_WYG_218-6a
219.md	91	KR3l0118_WYG_218-6b
219.md	99	KR3l0118_WYG_218-7a
219.md	107	KR3l0118_WYG_218-7b
219.md	115	KR3l0118_WYG_218-8a
219.md	123	KR3l0118_WYG_218-8b
219.md	131	KR3l0118_WYG_218-9a
219.md	139	KR3l0118_WYG_218-9b
219.md	147	KR3l0118_WYG_218-10a
219.md	155	KR3l0118_WYG_218-10b
219.md	163	KR3l0118_WYG_218-11a
219.md	171	KR3l0118_WYG_218-11b
219.md	179	KR3l0118_WYG_218-12a
219.md	187	KR3l0118_WYG_218-12b
219.md	195	KR3l0118_WYG_218-13a
219.md	203	KR3l0118_WYG_218-13b
219.md	211	KR3l0118_WYG_218-14a
219.md	219	KR3l0118_WYG_218-14b
220.md	3	KR3l0118_WYG_219-1a
220.md	11	KR3l0118_WYG_219-1b
220.md	19	KR3l0118_WYG_219-2a
220.md	27	KR3l0118_WYG_219-2b
220.md	35	KR3l0118_WYG_219-3a
220.md	43	KR3l0118_WYG_219-3b
220.md	51	KR3l0118_WYG_219-4a
220.md	59	KR3l0118_WYG_219-4b
220.md	67	KR3l0118_WYG_219-5a
220.md	75	KR3l0118_WYG_219-5b
220.md	83	KR3l0118_WYG_219-6a
220.md	91	KR3l0118_WYG_219-6b
220.md	99	KR3l0118_WYG_219-7a
220.md	107	KR3l0118_WYG_219-7b
220.md	115	KR3l0118_WYG_219-8a
220.md	123	KR3l0118_WYG_219-8b
220.md	131	KR3l0118_WYG_219-9a
220.md	139	KR3l0118_WYG_219-9b
220.md	147	KR3l0118_WYG_219-10a
220.md	155	KR3l0118_WYG_219-10b
220.md	163	KR3l0118_WYG_219-11a
220.md	171	KR3l0118_WYG_219-11b
221.md	3	KR3l0118_WYG_220-1a
221.md	11	KR3l0118_WYG_220-1b
221.md	19	KR3l0118_WYG_220-2a
221.md	27	KR3l0118_WYG_220-2b
221.md	35	KR3l0118_WYG_220-3a
221.md	43	KR3l0118_WYG_220-3b
221.md	51	KR3l0118_WYG_220-4a
221.md	59	KR3l0118_WYG_220-4b
221.md	67	KR3l0118_WYG_220-5a
221.md	75	KR3l0118_WYG_220-5b
221.md	83	KR3l0118_WYG_220-6a
221.md	91	KR3l0118_WYG_220-6b
221.md	99	KR3l0118_WYG_220-7a
221.md	107	KR3l0118_WYG_220-7b
221.md	115	KR3l0118_WYG_220-8a
221.md	123	KR3l0118_WYG_220-8b
221.md	131	KR3l0118_WYG_220-9a
221.md	139	KR3l0118_WYG_220-9b
221.md	147	KR3l0118_WYG_220-10a
221.md	155	KR3l0118_WYG_220-10b
221.md	163	KR3l0118_WYG_220-11a
221.md	171	KR3l0118_WYG_220-11b
221.md	179	KR3l0118_WYG_220-12a
221.md	187	KR3l0118_WYG_220-12b
221.md	195	KR3l0118_WYG_220-13a
221.md	203	KR3l0118_WYG_220-13b
221.md	211	KR3l0118_WYG_220-14a
221.md	219	KR3l0118_WYG_220-14b
221.md	227	KR3l0118_WYG_220-15a
221.md	235	KR3l0118_WYG_220-15b
222.md	3	KR3l0118_WYG_221-1a
222.md	11	KR3l0118_WYG_221-1b
222.md	19	KR3l0118_WYG_221-2a
222.md	27	KR3l0118_WYG_221-2b
222.md	35	KR3l0118_WYG_221-3a
222.md	43	KR3l0118_WYG_221-3b
222.md	51	KR3l0118_WYG_221-4a
222.md	59	KR3l0118_WYG_221-4b
222.md	67	KR3l0118_WYG_221-5a
222.md	75	KR3l0118_WYG_221-5b
222.md	83	KR3l0118_WYG_221-6a
222.md	91	KR3l0118_WYG_221-6b
222.md	99	KR3l0118_WYG_221-7a
222.md	107	KR3l0118_WYG_221-7b
222.md	115	KR3l0118_WYG_221-8a
222.md	123	KR3l0118_WYG_221-8b
222.md	131	KR3l0118_WYG_221-9a
222.md	139	KR3l0118_WYG_221-9b
222.md	147	KR3l0118_WYG_221-10a
222.md	155	KR3l0118_WYG_221-10b
222.md	163	KR3l0118_WYG_221-11a
222.md	171	KR3l0118_WYG_221-11b
222.md	179	KR3l0118_WYG_221-12a
222.md	187	KR3l0118_WYG_221-12b
223.md	3	KR3l0118_WYG_222-1a
223.md	11	KR3l0118_WYG_222-1b
223.md	19	KR3l0118_WYG_222-2a
223.md	27	KR3l0118_WYG_222-2b
223.md	35	KR3l0118_WYG_222-3a
223.md	43	KR3l0118_WYG_222-3b
223.md	51	KR3l0118_WYG_222-4a
223.md	59	KR3l0118_WYG_222-4b
223.md	67	KR3l0118_WYG_222-5a
223.md	75	KR3l0118_WYG_222-5b
223.md	83	KR3l0118_WYG_222-6a
223.md	91	KR3l0118_WYG_222-6b
223.md	99	KR3l0118_WYG_222-7a
223.md	107	KR3l0118_WYG_222-7b
223.md	115	KR3l0118_WYG_222-8a
223.md	123	KR3l0118_WYG_222-8b
223.md	131	KR3l0118_WYG_222-9a
223.md	139	KR3l0118_WYG_222-9b
223.md	147	KR3l0118_WYG_222-10a
223.md	155	KR3l0118_WYG_222-10b
223.md	163	KR3l0118_WYG_222-11a
223.md	171	KR3l0118_WYG_222-11b
224.md	3	KR3l0118_WYG_223-1a
224.md	11	KR3l0118_WYG_223-1b
224.md	19	KR3l0118_WYG_223-2a
224.md	27	KR3l0118_WYG_223-2b
224.md	35	KR3l0118_WYG_223-3a
224.md	43	KR3l0118_WYG_223-3b
224.md	51	KR3l0118_WYG_223-4a
224.md	59	KR3l0118_WYG_223-4b
224.md	67	KR3l0118_WYG_223-5a
224.md	75	KR3l0118_WYG_223-5b
224.md	83	KR3l0118_WYG_223-6a
224.md	91	KR3l0118_WYG_223-6b
224.md	99	KR3l0118_WYG_223-7a
224.md	107	KR3l0118_WYG_223-7b
224.md	115	KR3l0118_WYG_223-8a
224.md	123	KR3l0118_WYG_223-8b
224.md	131	KR3l0118_WYG_223-9a
224.md	139	KR3l0118_WYG_223-9b
224.md	147	KR3l0118_WYG_223-10a
224.md	155	KR3l0118_WYG_223-10b
224.md	163	KR3l0118_WYG_223-11a
224.md	171	KR3l0118_WYG_223-11b
225.md	3	KR3l0118_WYG_224-1a
225.md	11	KR3l0118_WYG_224-1b
225.md	19	KR3l0118_WYG_224-2a
225.md	27	KR3l0118_WYG_224-2b
225.md	35	KR3l0118_WYG_224-3a
225.md	43	KR3l0118_WYG_224-3b
225.md	51	KR3l0118_WYG_224-4a
225.md	59	KR3l0118_WYG_224-4b
225.md	67	KR3l0118_WYG_224-5a
225.md	75	KR3l0118_WYG_224-5b
225.md	83	KR3l0118_WYG_224-6a
225.md	91	KR3l0118_WYG_224-6b
225.md	99	KR3l0118_WYG_224-7a
225.md	107	KR3l0118_WYG_224-7b
225.md	115	KR3l0118_WYG_224-8a
225.md	123	KR3l0118_WYG_224-8b
225.md	131	KR3l0118_WYG_224-9a
225.md	139	KR3l0118_WYG_224-9b
225.md	147	KR3l0118_WYG_224-10a
225.md	155	KR3l0118_WYG_224-10b
225.md	163	KR3l0118_WYG_224-11a
225.md	171	KR3l0118_WYG_224-11b
225.md	179	KR3l0118_WYG_224-12a
225.md	187	KR3l0118_WYG_224-12b
225.md	195	KR3l0118_WYG_224-13a
225.md	203	KR3l0118_WYG_224-13b
226.md	3	KR3l0118_WYG_225-1a
226.md	11	KR3l0118_WYG_225-1b
226.md	19	KR3l0118_WYG_225-2a
226.md	27	KR3l0118_WYG_225-2b
226.md	35	KR3l0118_WYG_225-3a
226.md	43	KR3l0118_WYG_225-3b
226.md	51	KR3l0118_WYG_225-4a
226.md	59	KR3l0118_WYG_225-4b
226.md	67	KR3l0118_WYG_225-5a
226.md	75	KR3l0118_WYG_225-5b
226.md	83	KR3l0118_WYG_225-6a
226.md	91	KR3l0118_WYG_225-6b
226.md	99	KR3l0118_WYG_225-7a
226.md	107	KR3l0118_WYG_225-7b
226.md	115	KR3l0118_WYG_225-8a
226.md	123	KR3l0118_WYG_225-8b
226.md	131	KR3l0118_WYG_225-9a
226.md	139	KR3l0118_WYG_225-9b
227.md	3	KR3l0118_WYG_226-1a
227.md	11	KR3l0118_WYG_226-1b
227.md	19	KR3l0118_WYG_226-2a
227.md	27	KR3l0118_WYG_226-2b
227.md	35	KR3l0118_WYG_226-3a
227.md	43	KR3l0118_WYG_226-3b
227.md	51	KR3l0118_WYG_226-4a
227.md	59	KR3l0118_WYG_226-4b
227.md	67	KR3l0118_WYG_226-5a
227.md	75	KR3l0118_WYG_226-5b
227.md	83	KR3l0118_WYG_226-6a
227.md	91	KR3l0118_WYG_226-6b
227.md	99	KR3l0118_WYG_226-7a
227.md	107	KR3l0118_WYG_226-7b
227.md	115	KR3l0118_WYG_226-8a
227.md	123	KR3l0118_WYG_226-8b
227.md	131	KR3l0118_WYG_226-9a
227.md	139	KR3l0118_WYG_226-9b
228.md	3	KR3l0118_WYG_227-1a
228.md	11	KR3l0118_WYG_227-1b
228.md	19	KR3l0118_WYG_227-2a
228.md	27	KR3l0118_WYG_227-2b
228.md	35	KR3l0118_WYG_227-3a
228.md	43	KR3l0118_WYG_227-3b
228.md	51	KR3l0118_WYG_227-4a
228.md	59	KR3l0118_WYG_227-4b
228.md	67	KR3l0118_WYG_227-5a
228.md	75	KR3l0118_WYG_227-5b
228.md	83	KR3l0118_WYG_227-6a
228.md	91	KR3l0118_WYG_227-6b
228.md	99	KR3l0118_WYG_227-7a
228.md	107	KR3l0118_WYG_227-7b
228.md	115	KR3l0118_WYG_227-8a
228.md	123	KR3l0118_WYG_227-8b
228.md	131	KR3l0118_WYG_227-9a
228.md	139	KR3l0118_WYG_227-9b
229.md	3	KR3l0118_WYG_228-1a
229.md	11	KR3l0118_WYG_228-1b
229.md	19	KR3l0118_WYG_228-2a
229.md	27	KR3l0118_WYG_228-2b
229.md	35	KR3l0118_WYG_228-3a
229.md	43	KR3l0118_WYG_228-3b
229.md	51	KR3l0118_WYG_228-4a
229.md	59	KR3l0118_WYG_228-4b
229.md	67	KR3l0118_WYG_228-5a
229.md	75	KR3l0118_WYG_228-5b
229.md	83	KR3l0118_WYG_228-6a
229.md	91	KR3l0118_WYG_228-6b
229.md	99	KR3l0118_WYG_228-7a
229.md	107	KR3l0118_WYG_228-7b
229.md	115	KR3l0118_WYG_228-8a
229.md	123	KR3l0118_WYG_228-8b
229.md	131	KR3l0118_WYG_228-9a
229.md	139	KR3l0118_WYG_228-9b
230.md	3	KR3l0118_WYG_229-1a
230.md	11	KR3l0118_WYG_229-1b
230.md	19	KR3l0118_WYG_229-2a
230.md	27	KR3l0118_WYG_229-2b
230.md	35	KR3l0118_WYG_229-3a
230.md	43	KR3l0118_WYG_229-3b
230.md	51	KR3l0118_WYG_229-4a
230.md	59	KR3l0118_WYG_229-4b
230.md	67	KR3l0118_WYG_229-5a
230.md	75	KR3l0118_WYG_229-5b
230.md	83	KR3l0118_WYG_229-6a
230.md	91	KR3l0118_WYG_229-6b
230.md	99	KR3l0118_WYG_229-7a
230.md	107	KR3l0118_WYG_229-7b
231.md	3	KR3l0118_WYG_230-1a
231.md	11	KR3l0118_WYG_230-1b
231.md	19	KR3l0118_WYG_230-2a
231.md	27	KR3l0118_WYG_230-2b
231.md	35	KR3l0118_WYG_230-3a
231.md	43	KR3l0118_WYG_230-3b
231.md	51	KR3l0118_WYG_230-4a
231.md	59	KR3l0118_WYG_230-4b
231.md	67	KR3l0118_WYG_230-5a
231.md	75	KR3l0118_WYG_230-5b
231.md	83	KR3l0118_WYG_230-6a
231.md	91	KR3l0118_WYG_230-6b
231.md	99	KR3l0118_WYG_230-7a
231.md	107	KR3l0118_WYG_230-7b
231.md	115	KR3l0118_WYG_230-8a
231.md	123	KR3l0118_WYG_230-8b
231.md	131	KR3l0118_WYG_230-9a
231.md	139	KR3l0118_WYG_230-9b
231.md	147	KR3l0118_WYG_230-10a
231.md	155	KR3l0118_WYG_230-10b
231.md	163	KR3l0118_WYG_230-11a
231.md	171	KR3l0118_WYG_230-11b
231.md	179	KR3l0118_WYG_230-12a
231.md	187	KR3l0118_WYG_230-12b
232.md	3	KR3l0118_WYG_231-1a
232.md	11	KR3l0118_WYG_231-1b
232.md	19	KR3l0118_WYG_231-2a
232.md	27	KR3l0118_WYG_231-2b
232.md	35	KR3l0118_WYG_231-3a
232.md	43	KR3l0118_WYG_231-3b
232.md	51	KR3l0118_WYG_231-4a
232.md	59	KR3l0118_WYG_231-4b
232.md	67	KR3l0118_WYG_231-5a
232.md	75	KR3l0118_WYG_231-5b
232.md	83	KR3l0118_WYG_231-6a
232.md	91	KR3l0118_WYG_231-6b
232.md	99	KR3l0118_WYG_231-7a
232.md	107	KR3l0118_WYG_231-7b
232.md	115	KR3l0118_WYG_231-8a
232.md	123	KR3l0118_WYG_231-8b
232.md	131	KR3l0118_WYG_231-9a
232.md	139	KR3l0118_WYG_231-9b
232.md	147	KR3l0118_WYG_231-10a
232.md	155	KR3l0118_WYG_231-10b
233.md	3	KR3l0118_WYG_232-1a
233.md	11	KR3l0118_WYG_232-1b
233.md	19	KR3l0118_WYG_232-2a
233.md	27	KR3l0118_WYG_232-2b
233.md	35	KR3l0118_WYG_232-3a
233.md	43	KR3l0118_WYG_232-3b
233.md	51	KR3l0118_WYG_232-4a
233.md	59	KR3l0118_WYG_232-4b
233.md	67	KR3l0118_WYG_232-5a
233.md	75	KR3l0118_WYG_232-5b
233.md	83	KR3l0118_WYG_232-6a
233.md	91	KR3l0118_WYG_232-6b
233.md	99	KR3l0118_WYG_232-7a
233.md	107	KR3l0118_WYG_232-7b
233.md	115	KR3l0118_WYG_232-8a
233.md	123	KR3l0118_WYG_232-8b
233.md	131	KR3l0118_WYG_232-9a
233.md	139	KR3l0118_WYG_232-9b
234.md	3	KR3l0118_WYG_233-1a
234.md	11	KR3l0118_WYG_233-1b
234.md	19	KR3l0118_WYG_233-2a
234.md	27	KR3l0118_WYG_233-2b
234.md	35	KR3l0118_WYG_233-3a
234.md	43	KR3l0118_WYG_233-3b
234.md	51	KR3l0118_WYG_233-4a
234.md	59	KR3l0118_WYG_233-4b
234.md	67	KR3l0118_WYG_233-5a
234.md	75	KR3l0118_WYG_233-5b
234.md	83	KR3l0118_WYG_233-6a
234.md	91	KR3l0118_WYG_233-6b
234.md	99	KR3l0118_WYG_233-7a
234.md	107	KR3l0118_WYG_233-7b
234.md	115	KR3l0118_WYG_233-8a
234.md	123	KR3l0118_WYG_233-8b
234.md	131	KR3l0118_WYG_233-9a
234.md	139	KR3l0118_WYG_233-9b
234.md	147	KR3l0118_WYG_233-10a
234.md	155	KR3l0118_WYG_233-10b
235.md	3	KR3l0118_WYG_234-1a
235.md	11	KR3l0118_WYG_234-1b
235.md	19	KR3l0118_WYG_234-2a
235.md	27	KR3l0118_WYG_234-2b
235.md	35	KR3l0118_WYG_234-3a
235.md	43	KR3l0118_WYG_234-3b
235.md	51	KR3l0118_WYG_234-4a
235.md	59	KR3l0118_WYG_234-4b
235.md	67	KR3l0118_WYG_234-5a
235.md	75	KR3l0118_WYG_234-5b
235.md	83	KR3l0118_WYG_234-6a
235.md	91	KR3l0118_WYG_234-6b
235.md	99	KR3l0118_WYG_234-7a
235.md	107	KR3l0118_WYG_234-7b
235.md	115	KR3l0118_WYG_234-8a
235.md	123	KR3l0118_WYG_234-8b
235.md	131	KR3l0118_WYG_234-9a
235.md	139	KR3l0118_WYG_234-9b
235.md	147	KR3l0118_WYG_234-10a
235.md	155	KR3l0118_WYG_234-10b
236.md	3	KR3l0118_WYG_235-1a
236.md	11	KR3l0118_WYG_235-1b
236.md	19	KR3l0118_WYG_235-2a
236.md	27	KR3l0118_WYG_235-2b
236.md	35	KR3l0118_WYG_235-3a
236.md	43	KR3l0118_WYG_235-3b
236.md	51	KR3l0118_WYG_235-4a
236.md	59	KR3l0118_WYG_235-4b
236.md	67	KR3l0118_WYG_235-5a
236.md	75	KR3l0118_WYG_235-5b
236.md	83	KR3l0118_WYG_235-6a
236.md	91	KR3l0118_WYG_235-6b
236.md	99	KR3l0118_WYG_235-7a
236.md	107	KR3l0118_WYG_235-7b
236.md	115	KR3l0118_WYG_235-8a
236.md	123	KR3l0118_WYG_235-8b
236.md	131	KR3l0118_WYG_235-9a
236.md	139	KR3l0118_WYG_235-9b
236.md	147	KR3l0118_WYG_235-10a
236.md	155	KR3l0118_WYG_235-10b
237.md	3	KR3l0118_WYG_236-1a
237.md	11	KR3l0118_WYG_236-1b
237.md	19	KR3l0118_WYG_236-2a
237.md	27	KR3l0118_WYG_236-2b
237.md	35	KR3l0118_WYG_236-3a
237.md	43	KR3l0118_WYG_236-3b
237.md	51	KR3l0118_WYG_236-4a
237.md	59	KR3l0118_WYG_236-4b
237.md	67	KR3l0118_WYG_236-5a
237.md	75	KR3l0118_WYG_236-5b
237.md	83	KR3l0118_WYG_236-6a
237.md	91	KR3l0118_WYG_236-6b
237.md	99	KR3l0118_WYG_236-7a
237.md	107	KR3l0118_WYG_236-7b
237.md	115	KR3l0118_WYG_236-8a
237.md	123	KR3l0118_WYG_236-8b
237.md	131	KR3l0118_WYG_236-9a
237.md	139	KR3l0118_WYG_236-9b
237.md	147	KR3l0118_WYG_236-10a
237.md	155	KR3l0118_WYG_236-10b
237.md	163	KR3l0118_WYG_236-11a
237.md	171	KR3l0118_WYG_236-11b
237.md	179	KR3l0118_WYG_236-12a
237.md	187	KR3l0118_WYG_236-12b
237.md	195	KR3l0118_WYG_236-13a
237.md	203	KR3l0118_WYG_236-13b
237.md	211	KR3l0118_WYG_236-14a
237.md	219	KR3l0118_WYG_236-14b
237.md	227	KR3l0118_WYG_236-15a
237.md	235	KR3l0118_WYG_236-15b
237.md	243	KR3l0118_WYG_236-16a
237.md	251	KR3l0118_WYG_236-16b
237.md	259	KR3l0118_WYG_236-17a
237.md	267	KR3l0118_WYG_236-17b
237.md	275	KR3l0118_WYG_236-18a
237.md	283	KR3l0118_WYG_236-18b
237.md	291	KR3l0118_WYG_236-19a
237.md	299	KR3l0118_WYG_236-19b
238.md	3	KR3l0118_WYG_237-1a
238.md	11	KR3l0118_WYG_237-1b
238.md	19	KR3l0118_WYG_237-2a
238.md	27	KR3l0118_WYG_237-2b
238.md	35	KR3l0118_WYG_237-3a
238.md	43	KR3l0118_WYG_237-3b
238.md	51	KR3l0118_WYG_237-4a
238.md	59	KR3l0118_WYG_237-4b
238.md	67	KR3l0118_WYG_237-5a
238.md	75	KR3l0118_WYG_237-5b
238.md	83	KR3l0118_WYG_237-6a
238.md	91	KR3l0118_WYG_237-6b
238.md	99	KR3l0118_WYG_237-7a
238.md	107	KR3l0118_WYG_237-7b
238.md	115	KR3l0118_WYG_237-8a
238.md	123	KR3l0118_WYG_237-8b
238.md	131	KR3l0118_WYG_237-9a
238.md	139	KR3l0118_WYG_237-9b
238.md	147	KR3l0118_WYG_237-10a
238.md	155	KR3l0118_WYG_237-10b
238.md	163	KR3l0118_WYG_237-11a
238.md	171	KR3l0118_WYG_237-11b
238.md	179	KR3l0118_WYG_237-12a
238.md	187	KR3l0118_WYG_237-12b
238.md	195	KR3l0118_WYG_237-13a
238.md	203	KR3l0118_WYG_237-13b
238.md	211	KR3l0118_WYG_237-14a
238.md	219	KR3l0118_WYG_237-14b
238.md	227	KR3l0118_WYG_237-15a
238.md	235	KR3l0118_WYG_237-15b
239.md	3	KR3l0118_WYG_238-1a
239.md	11	KR3l0118_WYG_238-1b
239.md	19	KR3l0118_WYG_238-2a
239.md	27	KR3l0118_WYG_238-2b
239.md	35	KR3l0118_WYG_238-3a
239.md	43	KR3l0118_WYG_238-3b
239.md	51	KR3l0118_WYG_238-4a
239.md	59	KR3l0118_WYG_238-4b
239.md	67	KR3l0118_WYG_238-5a
239.md	75	KR3l0118_WYG_238-5b
239.md	83	KR3l0118_WYG_238-6a
239.md	91	KR3l0118_WYG_238-6b
239.md	99	KR3l0118_WYG_238-7a
239.md	107	KR3l0118_WYG_238-7b
239.md	115	KR3l0118_WYG_238-8a
239.md	123	KR3l0118_WYG_238-8b
239.md	131	KR3l0118_WYG_238-9a
239.md	139	KR3l0118_WYG_238-9b
239.md	147	KR3l0118_WYG_238-10a
239.md	155	KR3l0118_WYG_238-10b
239.md	163	KR3l0118_WYG_238-11a
239.md	171	KR3l0118_WYG_238-11b
239.md	179	KR3l0118_WYG_238-12a
239.md	187	KR3l0118_WYG_238-12b
239.md	195	KR3l0118_WYG_238-13a
239.md	203	KR3l0118_WYG_238-13b
239.md	211	KR3l0118_WYG_238-14a
239.md	219	KR3l0118_WYG_238-14b
239.md	227	KR3l0118_WYG_238-15a
239.md	235	KR3l0118_WYG_238-15b
240.md	3	KR3l0118_WYG_239-1a
240.md	11	KR3l0118_WYG_239-1b
240.md	19	KR3l0118_WYG_239-2a
240.md	27	KR3l0118_WYG_239-2b
240.md	35	KR3l0118_WYG_239-3a
240.md	43	KR3l0118_WYG_239-3b
240.md	51	KR3l0118_WYG_239-4a
240.md	59	KR3l0118_WYG_239-4b
240.md	67	KR3l0118_WYG_239-5a
240.md	75	KR3l0118_WYG_239-5b
240.md	83	KR3l0118_WYG_239-6a
240.md	91	KR3l0118_WYG_239-6b
240.md	99	KR3l0118_WYG_239-7a
240.md	107	KR3l0118_WYG_239-7b
240.md	115	KR3l0118_WYG_239-8a
240.md	123	KR3l0118_WYG_239-8b
240.md	131	KR3l0118_WYG_239-9a
240.md	139	KR3l0118_WYG_239-9b
240.md	147	KR3l0118_WYG_239-10a
240.md	155	KR3l0118_WYG_239-10b
240.md	163	KR3l0118_WYG_239-11a
240.md	171	KR3l0118_WYG_239-11b
240.md	179	KR3l0118_WYG_239-12a
240.md	187	KR3l0118_WYG_239-12b
241.md	3	KR3l0118_WYG_240-1a
241.md	11	KR3l0118_WYG_240-1b
241.md	19	KR3l0118_WYG_240-2a
241.md	27	KR3l0118_WYG_240-2b
241.md	35	KR3l0118_WYG_240-3a
241.md	43	KR3l0118_WYG_240-3b
241.md	51	KR3l0118_WYG_240-4a
241.md	59	KR3l0118_WYG_240-4b
241.md	67	KR3l0118_WYG_240-5a
241.md	75	KR3l0118_WYG_240-5b
241.md	83	KR3l0118_WYG_240-6a
241.md	91	KR3l0118_WYG_240-6b
241.md	99	KR3l0118_WYG_240-7a
241.md	107	KR3l0118_WYG_240-7b
241.md	115	KR3l0118_WYG_240-8a
241.md	123	KR3l0118_WYG_240-8b
241.md	131	KR3l0118_WYG_240-9a
241.md	139	KR3l0118_WYG_240-9b
241.md	147	KR3l0118_WYG_240-10a
241.md	155	KR3l0118_WYG_240-10b
241.md	163	KR3l0118_WYG_240-11a
241.md	171	KR3l0118_WYG_240-11b
241.md	179	KR3l0118_WYG_240-12a
241.md	187	KR3l0118_WYG_240-12b
242.md	3	KR3l0118_WYG_241-1a
242.md	11	KR3l0118_WYG_241-1b
242.md	19	KR3l0118_WYG_241-2a
242.md	27	KR3l0118_WYG_241-2b
242.md	35	KR3l0118_WYG_241-3a
242.md	43	KR3l0118_WYG_241-3b
242.md	51	KR3l0118_WYG_241-4a
242.md	59	KR3l0118_WYG_241-4b
242.md	67	KR3l0118_WYG_241-5a
242.md	75	KR3l0118_WYG_241-5b
242.md	83	KR3l0118_WYG_241-6a
242.md	91	KR3l0118_WYG_241-6b
242.md	99	KR3l0118_WYG_241-7a
242.md	107	KR3l0118_WYG_241-7b
242.md	115	KR3l0118_WYG_241-8a
242.md	123	KR3l0118_WYG_241-8b
242.md	131	KR3l0118_WYG_241-9a
242.md	139	KR3l0118_WYG_241-9b
242.md	147	KR3l0118_WYG_241-10a
242.md	155	KR3l0118_WYG_241-10b
242.md	163	KR3l0118_WYG_241-11a
242.md	171	KR3l0118_WYG_241-11b
243.md	3	KR3l0118_WYG_242-1a
243.md	11	KR3l0118_WYG_242-1b
243.md	19	KR3l0118_WYG_242-2a
243.md	27	KR3l0118_WYG_242-2b
243.md	35	KR3l0118_WYG_242-3a
243.md	43	KR3l0118_WYG_242-3b
243.md	51	KR3l0118_WYG_242-4a
243.md	59	KR3l0118_WYG_242-4b
243.md	67	KR3l0118_WYG_242-5a
243.md	75	KR3l0118_WYG_242-5b
243.md	83	KR3l0118_WYG_242-6a
243.md	91	KR3l0118_WYG_242-6b
243.md	99	KR3l0118_WYG_242-7a
243.md	107	KR3l0118_WYG_242-7b
243.md	115	KR3l0118_WYG_242-8a
243.md	123	KR3l0118_WYG_242-8b
243.md	131	KR3l0118_WYG_242-9a
243.md	139	KR3l0118_WYG_242-9b
243.md	147	KR3l0118_WYG_242-10a
243.md	155	KR3l0118_WYG_242-10b
243.md	163	KR3l0118_WYG_242-11a
243.md	171	KR3l0118_WYG_242-11b
244.md	3	KR3l0118_WYG_243-1a
244.md	11	KR3l0118_WYG_243-1b
244.md	19	KR3l0118_WYG_243-2a
244.md	27	KR3l0118_WYG_243-2b
244.md	35	KR3l0118_WYG_243-3a
244.md	43	KR3l0118_WYG_243-3b
244.md	51	KR3l0118_WYG_243-4a
244.md	59	KR3l0118_WYG_243-4b
244.md	67	KR3l0118_WYG_243-5a
244.md	75	KR3l0118_WYG_243-5b
244.md	83	KR3l0118_WYG_243-6a
244.md	91	KR3l0118_WYG_243-6b
244.md	99	KR3l0118_WYG_243-7a
244.md	107	KR3l0118_WYG_243-7b
244.md	115	KR3l0118_WYG_243-8a
244.md	123	KR3l0118_WYG_243-8b
244.md	131	KR3l0118_WYG_243-9a
244.md	139	KR3l0118_WYG_243-9b
244.md	147	KR3l0118_WYG_243-10a
244.md	155	KR3l0118_WYG_243-10b
244.md	163	KR3l0118_WYG_243-11a
244.md	171	KR3l0118_WYG_243-11b
244.md	179	KR3l0118_WYG_243-12a
244.md	187	KR3l0118_WYG_243-12b
244.md	195	KR3l0118_WYG_243-13a
244.md	203	KR3l0118_WYG_243-13b
244.md	211	KR3l0118_WYG_243-14a
244.md	219	KR3l0118_WYG_243-14b
244.md	227	KR3l0118_WYG_243-15a
244.md	235	KR3l0118_WYG_243-15b
245.md	3	KR3l0118_WYG_244-1a
245.md	11	KR3l0118_WYG_244-1b
245.md	19	KR3l0118_WYG_244-2a
245.md	27	KR3l0118_WYG_244-2b
245.md	35	KR3l0118_WYG_244-3a
245.md	43	KR3l0118_WYG_244-3b
245.md	51	KR3l0118_WYG_244-4a
245.md	59	KR3l0118_WYG_244-4b
245.md	67	KR3l0118_WYG_244-5a
245.md	75	KR3l0118_WYG_244-5b
245.md	83	KR3l0118_WYG_244-6a
245.md	91	KR3l0118_WYG_244-6b
245.md	99	KR3l0118_WYG_244-7a
245.md	107	KR3l0118_WYG_244-7b
245.md	115	KR3l0118_WYG_244-8a
245.md	123	KR3l0118_WYG_244-8b
245.md	131	KR3l0118_WYG_244-9a
245.md	139	KR3l0118_WYG_244-9b
245.md	147	KR3l0118_WYG_244-10a
245.md	155	KR3l0118_WYG_244-10b
246.md	3	KR3l0118_WYG_245-1a
246.md	11	KR3l0118_WYG_245-1b
246.md	19	KR3l0118_WYG_245-2a
246.md	27	KR3l0118_WYG_245-2b
246.md	35	KR3l0118_WYG_245-3a
246.md	43	KR3l0118_WYG_245-3b
246.md	51	KR3l0118_WYG_245-4a
246.md	59	KR3l0118_WYG_245-4b
246.md	67	KR3l0118_WYG_245-5a
246.md	75	KR3l0118_WYG_245-5b
246.md	83	KR3l0118_WYG_245-6a
246.md	91	KR3l0118_WYG_245-6b
246.md	99	KR3l0118_WYG_245-7a
246.md	107	KR3l0118_WYG_245-7b
246.md	115	KR3l0118_WYG_245-8a
246.md	123	KR3l0118_WYG_245-8b
246.md	131	KR3l0118_WYG_245-9a
246.md	139	KR3l0118_WYG_245-9b
247.md	3	KR3l0118_WYG_246-1a
247.md	11	KR3l0118_WYG_246-1b
247.md	19	KR3l0118_WYG_246-2a
247.md	27	KR3l0118_WYG_246-2b
247.md	35	KR3l0118_WYG_246-3a
247.md	43	KR3l0118_WYG_246-3b
247.md	51	KR3l0118_WYG_246-4a
247.md	59	KR3l0118_WYG_246-4b
247.md	67	KR3l0118_WYG_246-5a
247.md	75	KR3l0118_WYG_246-5b
247.md	83	KR3l0118_WYG_246-6a
247.md	91	KR3l0118_WYG_246-6b
247.md	99	KR3l0118_WYG_246-7a
247.md	107	KR3l0118_WYG_246-7b
247.md	115	KR3l0118_WYG_246-8a
247.md	123	KR3l0118_WYG_246-8b
247.md	131	KR3l0118_WYG_246-9a
247.md	139	KR3l0118_WYG_246-9b
247.md	147	KR3l0118_WYG_246-10a
247.md	155	KR3l0118_WYG_246-10b
247.md	163	KR3l0118_WYG_246-11a
247.md	171	KR3l0118_WYG_246-11b
248.md	3	KR3l0118_WYG_247-1a
248.md	11	KR3l0118_WYG_247-1b
248.md	19	KR3l0118_WYG_247-2a
248.md	27	KR3l0118_WYG_247-2b
248.md	35	KR3l0118_WYG_247-3a
248.md	43	KR3l0118_WYG_247-3b
248.md	51	KR3l0118_WYG_247-4a
248.md	59	KR3l0118_WYG_247-4b
248.md	67	KR3l0118_WYG_247-5a
248.md	75	KR3l0118_WYG_247-5b
248.md	83	KR3l0118_WYG_247-6a
248.md	91	KR3l0118_WYG_247-6b
248.md	99	KR3l0118_WYG_247-7a
248.md	107	KR3l0118_WYG_247-7b
248.md	115	KR3l0118_WYG_247-8a
248.md	123	KR3l0118_WYG_247-8b
248.md	131	KR3l0118_WYG_247-9a
248.md	139	KR3l0118_WYG_247-9b
249.md	3	KR3l0118_WYG_248-1a
249.md	11	KR3l0118_WYG_248-1b
249.md	19	KR3l0118_WYG_248-2a
249.md	27	KR3l0118_WYG_248-2b
249.md	35	KR3l0118_WYG_248-3a
249.md	43	KR3l0118_WYG_248-3b
249.md	51	KR3l0118_WYG_248-4a
249.md	59	KR3l0118_WYG_248-4b
249.md	67	KR3l0118_WYG_248-5a
249.md	75	KR3l0118_WYG_248-5b
249.md	83	KR3l0118_WYG_248-6a
249.md	91	KR3l0118_WYG_248-6b
249.md	99	KR3l0118_WYG_248-7a
249.md	107	KR3l0118_WYG_248-7b
249.md	115	KR3l0118_WYG_248-8a
249.md	123	KR3l0118_WYG_248-8b
249.md	131	KR3l0118_WYG_248-9a
249.md	139	KR3l0118_WYG_248-9b
249.md	147	KR3l0118_WYG_248-10a
249.md	155	KR3l0118_WYG_248-10b
250.md	3	KR3l0118_WYG_249-1a
250.md	11	KR3l0118_WYG_249-1b
250.md	19	KR3l0118_WYG_249-2a
250.md	27	KR3l0118_WYG_249-2b
250.md	35	KR3l0118_WYG_249-3a
250.md	43	KR3l0118_WYG_249-3b
250.md	51	KR3l0118_WYG_249-4a
250.md	59	KR3l0118_WYG_249-4b
250.md	67	KR3l0118_WYG_249-5a
250.md	75	KR3l0118_WYG_249-5b
250.md	83	KR3l0118_WYG_249-6a
250.md	91	KR3l0118_WYG_249-6b
250.md	99	KR3l0118_WYG_249-7a
250.md	107	KR3l0118_WYG_249-7b
250.md	115	KR3l0118_WYG_249-8a
250.md	123	KR3l0118_WYG_249-8b
250.md	131	KR3l0118_WYG_249-9a
250.md	139	KR3l0118_WYG_249-9b
250.md	147	KR3l0118_WYG_249-10a
250.md	155	KR3l0118_WYG_249-10b
251.md	3	KR3l0118_WYG_250-1a
251.md	11	KR3l0118_WYG_250-1b
251.md	19	KR3l0118_WYG_250-2a
251.md	27	KR3l0118_WYG_250-2b
251.md	35	KR3l0118_WYG_250-3a
251.md	43	KR3l0118_WYG_250-3b
251.md	51	KR3l0118_WYG_250-4a
251.md	59	KR3l0118_WYG_250-4b
251.md	67	KR3l0118_WYG_250-5a
251.md	75	KR3l0118_WYG_250-5b
251.md	83	KR3l0118_WYG_250-6a
251.md	91	KR3l0118_WYG_250-6b
251.md	99	KR3l0118_WYG_250-7a
251.md	107	KR3l0118_WYG_250-7b
251.md	115	KR3l0118_WYG_250-8a
251.md	123	KR3l0118_WYG_250-8b
251.md	131	KR3l0118_WYG_250-9a
251.md	139	KR3l0118_WYG_250-9b
251.md	147	KR3l0118_WYG_250-10a
251.md	155	KR3l0118_WYG_250-10b
251.md	163	KR3l0118_WYG_250-11a
251.md	171	KR3l0118_WYG_250-11b
251.md	179	KR3l0118_WYG_250-12a
251.md	187	KR3l0118_WYG_250-12b
251.md	195	KR3l0118_WYG_250-13a
251.md	203	KR3l0118_WYG_250-13b
252.md	3	KR3l0118_WYG_251-1a
252.md	11	KR3l0118_WYG_251-1b
252.md	19	KR3l0118_WYG_251-2a
252.md	27	KR3l0118_WYG_251-2b
252.md	35	KR3l0118_WYG_251-3a
252.md	43	KR3l0118_WYG_251-3b
252.md	51	KR3l0118_WYG_251-4a
252.md	59	KR3l0118_WYG_251-4b
252.md	67	KR3l0118_WYG_251-5a
252.md	75	KR3l0118_WYG_251-5b
252.md	83	KR3l0118_WYG_251-6a
252.md	91	KR3l0118_WYG_251-6b
252.md	99	KR3l0118_WYG_251-7a
252.md	107	KR3l0118_WYG_251-7b
252.md	115	KR3l0118_WYG_251-8a
252.md	123	KR3l0118_WYG_251-8b
252.md	131	KR3l0118_WYG_251-9a
252.md	139	KR3l0118_WYG_251-9b
252.md	147	KR3l0118_WYG_251-10a
252.md	155	KR3l0118_WYG_251-10b
252.md	163	KR3l0118_WYG_251-11a
252.md	171	KR3l0118_WYG_251-11b
252.md	179	KR3l0118_WYG_251-12a
252.md	187	KR3l0118_WYG_251-12b
253.md	3	KR3l0118_WYG_252-1a
253.md	11	KR3l0118_WYG_252-1b
253.md	19	KR3l0118_WYG_252-2a
253.md	27	KR3l0118_WYG_252-2b
253.md	35	KR3l0118_WYG_252-3a
253.md	43	KR3l0118_WYG_252-3b
253.md	51	KR3l0118_WYG_252-4a
253.md	59	KR3l0118_WYG_252-4b
253.md	67	KR3l0118_WYG_252-5a
253.md	75	KR3l0118_WYG_252-5b
253.md	83	KR3l0118_WYG_252-6a
253.md	91	KR3l0118_WYG_252-6b
253.md	99	KR3l0118_WYG_252-7a
253.md	107	KR3l0118_WYG_252-7b
253.md	115	KR3l0118_WYG_252-8a
253.md	123	KR3l0118_WYG_252-8b
253.md	131	KR3l0118_WYG_252-9a
253.md	139	KR3l0118_WYG_252-9b
253.md	147	KR3l0118_WYG_252-10a
253.md	155	KR3l0118_WYG_252-10b
253.md	163	KR3l0118_WYG_252-11a
253.md	171	KR3l0118_WYG_252-11b
253.md	179	KR3l0118_WYG_252-12a
253.md	187	KR3l0118_WYG_252-12b
254.md	3	KR3l0118_WYG_253-1a
254.md	11	KR3l0118_WYG_253-1b
254.md	19	KR3l0118_WYG_253-2a
254.md	27	KR3l0118_WYG_253-2b
254.md	35	KR3l0118_WYG_253-3a
254.md	43	KR3l0118_WYG_253-3b
254.md	51	KR3l0118_WYG_253-4a
254.md	59	KR3l0118_WYG_253-4b
254.md	67	KR3l0118_WYG_253-5a
254.md	75	KR3l0118_WYG_253-5b
254.md	83	KR3l0118_WYG_253-6a
254.md	91	KR3l0118_WYG_253-6b
254.md	99	KR3l0118_WYG_253-7a
254.md	107	KR3l0118_WYG_253-7b
254.md	115	KR3l0118_WYG_253-8a
254.md	123	KR3l0118_WYG_253-8b
254.md	131	KR3l0118_WYG_253-9a
254.md	139	KR3l0118_WYG_253-9b
254.md	147	KR3l0118_WYG_253-10a
254.md	155	KR3l0118_WYG_253-10b
254.md	163	KR3l0118_WYG_253-11a
254.md	171	KR3l0118_WYG_253-11b
255.md	3	KR3l0118_WYG_254-1a
255.md	11	KR3l0118_WYG_254-1b
255.md	19	KR3l0118_WYG_254-2a
255.md	27	KR3l0118_WYG_254-2b
255.md	35	KR3l0118_WYG_254-3a
255.md	43	KR3l0118_WYG_254-3b
255.md	51	KR3l0118_WYG_254-4a
255.md	59	KR3l0118_WYG_254-4b
255.md	67	KR3l0118_WYG_254-5a
255.md	75	KR3l0118_WYG_254-5b
255.md	83	KR3l0118_WYG_254-6a
255.md	91	KR3l0118_WYG_254-6b
255.md	99	KR3l0118_WYG_254-7a
255.md	107	KR3l0118_WYG_254-7b
255.md	115	KR3l0118_WYG_254-8a
255.md	123	KR3l0118_WYG_254-8b
255.md	131	KR3l0118_WYG_254-9a
255.md	139	KR3l0118_WYG_254-9b
255.md	147	KR3l0118_WYG_254-10a
255.md	155	KR3l0118_WYG_254-10b
256.md	3	KR3l0118_WYG_255-1a
256.md	11	KR3l0118_WYG_255-1b
256.md	19	KR3l0118_WYG_255-2a
256.md	27	KR3l0118_WYG_255-2b
256.md	35	KR3l0118_WYG_255-3a
256.md	43	KR3l0118_WYG_255-3b
256.md	51	KR3l0118_WYG_255-4a
256.md	59	KR3l0118_WYG_255-4b
256.md	67	KR3l0118_WYG_255-5a
256.md	75	KR3l0118_WYG_255-5b
256.md	83	KR3l0118_WYG_255-6a
256.md	91	KR3l0118_WYG_255-6b
256.md	99	KR3l0118_WYG_255-7a
256.md	107	KR3l0118_WYG_255-7b
256.md	115	KR3l0118_WYG_255-8a
256.md	123	KR3l0118_WYG_255-8b
256.md	131	KR3l0118_WYG_255-9a
256.md	139	KR3l0118_WYG_255-9b
256.md	147	KR3l0118_WYG_255-10a
256.md	155	KR3l0118_WYG_255-10b
256.md	163	KR3l0118_WYG_255-11a
256.md	171	KR3l0118_WYG_255-11b
256.md	179	KR3l0118_WYG_255-12a
256.md	187	KR3l0118_WYG_255-12b
257.md	3	KR3l0118_WYG_256-1a
257.md	11	KR3l0118_WYG_256-1b
257.md	19	KR3l0118_WYG_256-2a
257.md	27	KR3l0118_WYG_256-2b
257.md	35	KR3l0118_WYG_256-3a
257.md	43	KR3l0118_WYG_256-3b
257.md	51	KR3l0118_WYG_256-4a
257.md	59	KR3l0118_WYG_256-4b
257.md	67	KR3l0118_WYG_256-5a
257.md	75	KR3l0118_WYG_256-5b
257.md	83	KR3l0118_WYG_256-6a
257.md	91	KR3l0118_WYG_256-6b
257.md	99	KR3l0118_WYG_256-7a
257.md	107	KR3l0118_WYG_256-7b
257.md	115	KR3l0118_WYG_256-8a
257.md	123	KR3l0118_WYG_256-8b
257.md	131	KR3l0118_WYG_256-9a
257.md	139	KR3l0118_WYG_256-9b
257.md	147	KR3l0118_WYG_256-10a
257.md	155	KR3l0118_WYG_256-10b
257.md	163	KR3l0118_WYG_256-11a
257.md	171	KR3l0118_WYG_256-11b
258.md	3	KR3l0118_WYG_257-1a
258.md	11	KR3l0118_WYG_257-1b
258.md	19	KR3l0118_WYG_257-2a
258.md	27	KR3l0118_WYG_257-2b
258.md	35	KR3l0118_WYG_257-3a
258.md	43	KR3l0118_WYG_257-3b
258.md	51	KR3l0118_WYG_257-4a
258.md	59	KR3l0118_WYG_257-4b
258.md	67	KR3l0118_WYG_257-5a
258.md	75	KR3l0118_WYG_257-5b
258.md	83	KR3l0118_WYG_257-6a
258.md	91	KR3l0118_WYG_257-6b
258.md	99	KR3l0118_WYG_257-7a
258.md	107	KR3l0118_WYG_257-7b
258.md	115	KR3l0118_WYG_257-8a
258.md	123	KR3l0118_WYG_257-8b
258.md	131	KR3l0118_WYG_257-9a
258.md	139	KR3l0118_WYG_257-9b
258.md	147	KR3l0118_WYG_257-10a
258.md	155	KR3l0118_WYG_257-10b
258.md	163	KR3l0118_WYG_257-11a
258.md	171	KR3l0118_WYG_257-11b
258.md	179	KR3l0118_WYG_257-12a
258.md	187	KR3l0118_WYG_257-12b
259.md	3	KR3l0118_WYG_258-1a
259.md	11	KR3l0118_WYG_258-1b
259.md	19	KR3l0118_WYG_258-2a
259.md	27	KR3l0118_WYG_258-2b
259.md	35	KR3l0118_WYG_258-3a
259.md	43	KR3l0118_WYG_258-3b
259.md	51	KR3l0118_WYG_258-4a
259.md	59	KR3l0118_WYG_258-4b
259.md	67	KR3l0118_WYG_258-5a
259.md	75	KR3l0118_WYG_258-5b
259.md	83	KR3l0118_WYG_258-6a
259.md	91	KR3l0118_WYG_258-6b
259.md	99	KR3l0118_WYG_258-7a
259.md	107	KR3l0118_WYG_258-7b
259.md	115	KR3l0118_WYG_258-8a
259.md	123	KR3l0118_WYG_258-8b
259.md	131	KR3l0118_WYG_258-9a
259.md	139	KR3l0118_WYG_258-9b
259.md	147	KR3l0118_WYG_258-10a
259.md	155	KR3l0118_WYG_258-10b
259.md	163	KR3l0118_WYG_258-11a
259.md	171	KR3l0118_WYG_258-11b
259.md	179	KR3l0118_WYG_258-12a
259.md	187	KR3l0118_WYG_258-12b
259.md	195	KR3l0118_WYG_258-13a
259.md	203	KR3l0118_WYG_258-13b
260.md	3	KR3l0118_WYG_259-1a
260.md	11	KR3l0118_WYG_259-1b
260.md	19	KR3l0118_WYG_259-2a
260.md	27	KR3l0118_WYG_259-2b
260.md	35	KR3l0118_WYG_259-3a
260.md	43	KR3l0118_WYG_259-3b
260.md	51	KR3l0118_WYG_259-4a
260.md	59	KR3l0118_WYG_259-4b
260.md	67	KR3l0118_WYG_259-5a
260.md	75	KR3l0118_WYG_259-5b
260.md	83	KR3l0118_WYG_259-6a
260.md	91	KR3l0118_WYG_259-6b
260.md	99	KR3l0118_WYG_259-7a
260.md	107	KR3l0118_WYG_259-7b
260.md	115	KR3l0118_WYG_259-8a
260.md	123	KR3l0118_WYG_259-8b
260.md	131	KR3l0118_WYG_259-9a
260.md	139	KR3l0118_WYG_259-9b
260.md	147	KR3l0118_WYG_259-10a
260.md	155	KR3l0118_WYG_259-10b
261.md	3	KR3l0118_WYG_260-1a
261.md	11	KR3l0118_WYG_260-1b
261.md	19	KR3l0118_WYG_260-2a
261.md	27	KR3l0118_WYG_260-2b
261.md	35	KR3l0118_WYG_260-3a
261.md	43	KR3l0118_WYG_260-3b
261.md	51	KR3l0118_WYG_260-4a
261.md	59	KR3l0118_WYG_260-4b
261.md	67	KR3l0118_WYG_260-5a
261.md	75	KR3l0118_WYG_260-5b
261.md	83	KR3l0118_WYG_260-6a
261.md	91	KR3l0118_WYG_260-6b
261.md	99	KR3l0118_WYG_260-7a
261.md	107	KR3l0118_WYG_260-7b
261.md	115	KR3l0118_WYG_260-8a
261.md	123	KR3l0118_WYG_260-8b
261.md	131	KR3l0118_WYG_260-9a
261.md	139	KR3l0118_WYG_260-9b
261.md	147	KR3l0118_WYG_260-10a
261.md	155	KR3l0118_WYG_260-10b
262.md	3	KR3l0118_WYG_261-1a
262.md	11	KR3l0118_WYG_261-1b
262.md	19	KR3l0118_WYG_261-2a
262.md	27	KR3l0118_WYG_261-2b
262.md	35	KR3l0118_WYG_261-3a
262.md	43	KR3l0118_WYG_261-3b
262.md	51	KR3l0118_WYG_261-4a
262.md	59	KR3l0118_WYG_261-4b
262.md	67	KR3l0118_WYG_261-5a
262.md	75	KR3l0118_WYG_261-5b
262.md	83	KR3l0118_WYG_261-6a
262.md	91	KR3l0118_WYG_261-6b
262.md	99	KR3l0118_WYG_261-7a
262.md	107	KR3l0118_WYG_261-7b
262.md	115	KR3l0118_WYG_261-8a
262.md	123	KR3l0118_WYG_261-8b
262.md	131	KR3l0118_WYG_261-9a
262.md	139	KR3l0118_WYG_261-9b
262.md	147	KR3l0118_WYG_261-10a
262.md	155	KR3l0118_WYG_261-10b
262.md	163	KR3l0118_WYG_261-11a
262.md	171	KR3l0118_WYG_261-11b
262.md	179	KR3l0118_WYG_261-12a
262.md	187	KR3l0118_WYG_261-12b
262.md	195	KR3l0118_WYG_261-13a
262.md	203	KR3l0118_WYG_261-13b
263.md	3	KR3l0118_WYG_262-1a
263.md	11	KR3l0118_WYG_262-1b
263.md	19	KR3l0118_WYG_262-2a
263.md	27	KR3l0118_WYG_262-2b
263.md	35	KR3l0118_WYG_262-3a
263.md	43	KR3l0118_WYG_262-3b
263.md	51	KR3l0118_WYG_262-4a
263.md	59	KR3l0118_WYG_262-4b
263.md	67	KR3l0118_WYG_262-5a
263.md	75	KR3l0118_WYG_262-5b
263.md	83	KR3l0118_WYG_262-6a
263.md	91	KR3l0118_WYG_262-6b
263.md	99	KR3l0118_WYG_262-7a
263.md	107	KR3l0118_WYG_262-7b
263.md	115	KR3l0118_WYG_262-8a
263.md	123	KR3l0118_WYG_262-8b
263.md	131	KR3l0118_WYG_262-9a
263.md	139	KR3l0118_WYG_262-9b
263.md	147	KR3l0118_WYG_262-10a
263.md	155	KR3l0118_WYG_262-10b
263.md	163	KR3l0118_WYG_262-11a
263.md	171	KR3l0118_WYG_262-11b
263.md	179	KR3l0118_WYG_262-12a
263.md	187	KR3l0118_WYG_262-12b
264.md	3	KR3l0118_WYG_263-1a
264.md	11	KR3l0118_WYG_263-1b
264.md	19	KR3l0118_WYG_263-2a
264.md	27	KR3l0118_WYG_263-2b
264.md	35	KR3l0118_WYG_263-3a
264.md	43	KR3l0118_WYG_263-3b
264.md	51	KR3l0118_WYG_263-4a
264.md	59	KR3l0118_WYG_263-4b
264.md	67	KR3l0118_WYG_263-5a
264.md	75	KR3l0118_WYG_263-5b
264.md	83	KR3l0118_WYG_263-6a
264.md	91	KR3l0118_WYG_263-6b
264.md	99	KR3l0118_WYG_263-7a
264.md	107	KR3l0118_WYG_263-7b
264.md	115	KR3l0118_WYG_263-8a
264.md	123	KR3l0118_WYG_263-8b
264.md	131	KR3l0118_WYG_263-9a
264.md	139	KR3l0118_WYG_263-9b
265.md	3	KR3l0118_WYG_264-1a
265.md	11	KR3l0118_WYG_264-1b
265.md	19	KR3l0118_WYG_264-2a
265.md	27	KR3l0118_WYG_264-2b
265.md	35	KR3l0118_WYG_264-3a
265.md	43	KR3l0118_WYG_264-3b
265.md	51	KR3l0118_WYG_264-4a
265.md	59	KR3l0118_WYG_264-4b
265.md	67	KR3l0118_WYG_264-5a
265.md	75	KR3l0118_WYG_264-5b
265.md	83	KR3l0118_WYG_264-6a
265.md	91	KR3l0118_WYG_264-6b
265.md	99	KR3l0118_WYG_264-7a
265.md	107	KR3l0118_WYG_264-7b
265.md	115	KR3l0118_WYG_264-8a
265.md	123	KR3l0118_WYG_264-8b
265.md	131	KR3l0118_WYG_264-9a
265.md	139	KR3l0118_WYG_264-9b
266.md	3	KR3l0118_WYG_265-1a
266.md	11	KR3l0118_WYG_265-1b
266.md	19	KR3l0118_WYG_265-2a
266.md	27	KR3l0118_WYG_265-2b
266.md	35	KR3l0118_WYG_265-3a
266.md	43	KR3l0118_WYG_265-3b
266.md	51	KR3l0118_WYG_265-4a
266.md	59	KR3l0118_WYG_265-4b
266.md	67	KR3l0118_WYG_265-5a
266.md	75	KR3l0118_WYG_265-5b
266.md	83	KR3l0118_WYG_265-6a
266.md	91	KR3l0118_WYG_265-6b
266.md	99	KR3l0118_WYG_265-7a
266.md	107	KR3l0118_WYG_265-7b
266.md	115	KR3l0118_WYG_265-8a
266.md	123	KR3l0118_WYG_265-8b
266.md	131	KR3l0118_WYG_265-9a
266.md	139	KR3l0118_WYG_265-9b
266.md	147	KR3l0118_WYG_265-10a
266.md	155	KR3l0118_WYG_265-10b
266.md	163	KR3l0118_WYG_265-11a
266.md	171	KR3l0118_WYG_265-11b
266.md	179	KR3l0118_WYG_265-12a
266.md	187	KR3l0118_WYG_265-12b
266.md	195	KR3l0118_WYG_265-13a
266.md	203	KR3l0118_WYG_265-13b
266.md	211	KR3l0118_WYG_265-14a
266.md	219	KR3l0118_WYG_265-14b
267.md	3	KR3l0118_WYG_266-1a
267.md	11	KR3l0118_WYG_266-1b
267.md	19	KR3l0118_WYG_266-2a
267.md	27	KR3l0118_WYG_266-2b
267.md	35	KR3l0118_WYG_266-3a
267.md	43	KR3l0118_WYG_266-3b
267.md	51	KR3l0118_WYG_266-4a
267.md	59	KR3l0118_WYG_266-4b
267.md	67	KR3l0118_WYG_266-5a
267.md	75	KR3l0118_WYG_266-5b
267.md	83	KR3l0118_WYG_266-6a
267.md	91	KR3l0118_WYG_266-6b
267.md	99	KR3l0118_WYG_266-7a
267.md	107	KR3l0118_WYG_266-7b
267.md	115	KR3l0118_WYG_266-8a
267.md	123	KR3l0118_WYG_266-8b
267.md	131	KR3l0118_WYG_266-9a
267.md	139	KR3l0118_WYG_266-9b
267.md	147	KR3l0118_WYG_266-10a
267.md	155	KR3l0118_WYG_266-10b
267.md	163	KR3l0118_WYG_266-11a
267.md	171	KR3l0118_WYG_266-11b
268.md	3	KR3l0118_WYG_267-1a
268.md	11	KR3l0118_WYG_267-1b
268.md	19	KR3l0118_WYG_267-2a
268.md	27	KR3l0118_WYG_267-2b
268.md	35	KR3l0118_WYG_267-3a
268.md	43	KR3l0118_WYG_267-3b
268.md	51	KR3l0118_WYG_267-4a
268.md	59	KR3l0118_WYG_267-4b
268.md	67	KR3l0118_WYG_267-5a
268.md	75	KR3l0118_WYG_267-5b
268.md	83	KR3l0118_WYG_267-6a
268.md	91	KR3l0118_WYG_267-6b
268.md	99	KR3l0118_WYG_267-7a
268.md	107	KR3l0118_WYG_267-7b
268.md	115	KR3l0118_WYG_267-8a
268.md	123	KR3l0118_WYG_267-8b
268.md	131	KR3l0118_WYG_267-9a
268.md	139	KR3l0118_WYG_267-9b
268.md	147	KR3l0118_WYG_267-10a
268.md	155	KR3l0118_WYG_267-10b
268.md	163	KR3l0118_WYG_267-11a
268.md	171	KR3l0118_WYG_267-11b
269.md	3	KR3l0118_WYG_268-1a
269.md	11	KR3l0118_WYG_268-1b
269.md	19	KR3l0118_WYG_268-2a
269.md	27	KR3l0118_WYG_268-2b
269.md	35	KR3l0118_WYG_268-3a
269.md	43	KR3l0118_WYG_268-3b
269.md	51	KR3l0118_WYG_268-4a
269.md	59	KR3l0118_WYG_268-4b
269.md	67	KR3l0118_WYG_268-5a
269.md	75	KR3l0118_WYG_268-5b
269.md	83	KR3l0118_WYG_268-6a
269.md	91	KR3l0118_WYG_268-6b
269.md	99	KR3l0118_WYG_268-7a
269.md	107	KR3l0118_WYG_268-7b
269.md	115	KR3l0118_WYG_268-8a
269.md	123	KR3l0118_WYG_268-8b
269.md	131	KR3l0118_WYG_268-9a
269.md	139	KR3l0118_WYG_268-9b
269.md	147	KR3l0118_WYG_268-10a
269.md	155	KR3l0118_WYG_268-10b
270.md	3	KR3l0118_WYG_269-1a
270.md	11	KR3l0118_WYG_269-1b
270.md	19	KR3l0118_WYG_269-2a
270.md	27	KR3l0118_WYG_269-2b
270.md	35	KR3l0118_WYG_269-3a
270.md	43	KR3l0118_WYG_269-3b
270.md	51	KR3l0118_WYG_269-4a
270.md	59	KR3l0118_WYG_269-4b
270.md	67	KR3l0118_WYG_269-5a
270.md	75	KR3l0118_WYG_269-5b
270.md	83	KR3l0118_WYG_269-6a
270.md	91	KR3l0118_WYG_269-6b
270.md	99	KR3l0118_WYG_269-7a
270.md	107	KR3l0118_WYG_269-7b
270.md	115	KR3l0118_WYG_269-8a
270.md	123	KR3l0118_WYG_269-8b
270.md	131	KR3l0118_WYG_269-9a
270.md	139	KR3l0118_WYG_269-9b
271.md	3	KR3l0118_WYG_270-1a
271.md	11	KR3l0118_WYG_270-1b
271.md	19	KR3l0118_WYG_270-2a
271.md	27	KR3l0118_WYG_270-2b
271.md	35	KR3l0118_WYG_270-3a
271.md	43	KR3l0118_WYG_270-3b
271.md	51	KR3l0118_WYG_270-4a
271.md	59	KR3l0118_WYG_270-4b
271.md	67	KR3l0118_WYG_270-5a
271.md	75	KR3l0118_WYG_270-5b
271.md	83	KR3l0118_WYG_270-6a
271.md	91	KR3l0118_WYG_270-6b
271.md	99	KR3l0118_WYG_270-7a
271.md	107	KR3l0118_WYG_270-7b
271.md	115	KR3l0118_WYG_270-8a
271.md	123	KR3l0118_WYG_270-8b
271.md	131	KR3l0118_WYG_270-9a
271.md	139	KR3l0118_WYG_270-9b
271.md	147	KR3l0118_WYG_270-10a
271.md	155	KR3l0118_WYG_270-10b
271.md	163	KR3l0118_WYG_270-11a
271.md	171	KR3l0118_WYG_270-11b
271.md	179	KR3l0118_WYG_270-12a
271.md	187	KR3l0118_WYG_270-12b
272.md	3	KR3l0118_WYG_271-1a
272.md	11	KR3l0118_WYG_271-1b
272.md	19	KR3l0118_WYG_271-2a
272.md	27	KR3l0118_WYG_271-2b
272.md	35	KR3l0118_WYG_271-3a
272.md	43	KR3l0118_WYG_271-3b
272.md	51	KR3l0118_WYG_271-4a
272.md	59	KR3l0118_WYG_271-4b
272.md	67	KR3l0118_WYG_271-5a
272.md	75	KR3l0118_WYG_271-5b
272.md	83	KR3l0118_WYG_271-6a
272.md	91	KR3l0118_WYG_271-6b
272.md	99	KR3l0118_WYG_271-7a
272.md	107	KR3l0118_WYG_271-7b
272.md	115	KR3l0118_WYG_271-8a
272.md	123	KR3l0118_WYG_271-8b
272.md	131	KR3l0118_WYG_271-9a
272.md	139	KR3l0118_WYG_271-9b
272.md	147	KR3l0118_WYG_271-10a
272.md	155	KR3l0118_WYG_271-10b
272.md	163	KR3l0118_WYG_271-11a
272.md	171	KR3l0118_WYG_271-11b
272.md	179	KR3l0118_WYG_271-12a
272.md	187	KR3l0118_WYG_271-12b
272.md	195	KR3l0118_WYG_271-13a
272.md	203	KR3l0118_WYG_271-13b
272.md	211	KR3l0118_WYG_271-14a
272.md	219	KR3l0118_WYG_271-14b
272.md	227	KR3l0118_WYG_271-15a
272.md	235	KR3l0118_WYG_271-15b
273.md	3	KR3l0118_WYG_272-1a
273.md	11	KR3l0118_WYG_272-1b
273.md	19	KR3l0118_WYG_272-2a
273.md	27	KR3l0118_WYG_272-2b
273.md	35	KR3l0118_WYG_272-3a
273.md	43	KR3l0118_WYG_272-3b
273.md	51	KR3l0118_WYG_272-4a
273.md	59	KR3l0118_WYG_272-4b
273.md	67	KR3l0118_WYG_272-5a
273.md	75	KR3l0118_WYG_272-5b
273.md	83	KR3l0118_WYG_272-6a
273.md	91	KR3l0118_WYG_272-6b
273.md	99	KR3l0118_WYG_272-7a
273.md	107	KR3l0118_WYG_272-7b
273.md	115	KR3l0118_WYG_272-8a
273.md	123	KR3l0118_WYG_272-8b
273.md	131	KR3l0118_WYG_272-9a
273.md	139	KR3l0118_WYG_272-9b
273.md	147	KR3l0118_WYG_272-10a
273.md	155	KR3l0118_WYG_272-10b
273.md	163	KR3l0118_WYG_272-11a
273.md	171	KR3l0118_WYG_272-11b
273.md	179	KR3l0118_WYG_272-12a
273.md	187	KR3l0118_WYG_272-12b
273.md	195	KR3l0118_WYG_272-13a
273.md	203	KR3l0118_WYG_272-13b
274.md	3	KR3l0118_WYG_273-1a
274.md	11	KR3l0118_WYG_273-1b
274.md	19	KR3l0118_WYG_273-2a
274.md	27	KR3l0118_WYG_273-2b
274.md	35	KR3l0118_WYG_273-3a
274.md	43	KR3l0118_WYG_273-3b
274.md	51	KR3l0118_WYG_273-4a
274.md	59	KR3l0118_WYG_273-4b
274.md	67	KR3l0118_WYG_273-5a
274.md	75	KR3l0118_WYG_273-5b
274.md	83	KR3l0118_WYG_273-6a
274.md	91	KR3l0118_WYG_273-6b
274.md	99	KR3l0118_WYG_273-7a
274.md	107	KR3l0118_WYG_273-7b
274.md	115	KR3l0118_WYG_273-8a
274.md	123	KR3l0118_WYG_273-8b
274.md	131	KR3l0118_WYG_273-9a
274.md	139	KR3l0118_WYG_273-9b
274.md	147	KR3l0118_WYG_273-10a
274.md	155	KR3l0118_WYG_273-10b
274.md	163	KR3l0118_WYG_273-11a
274.md	171	KR3l0118_WYG_273-11b
274.md	179	KR3l0118_WYG_273-12a
274.md	187	KR3l0118_WYG_273-12b
275.md	3	KR3l0118_WYG_274-1a
275.md	11	KR3l0118_WYG_274-1b
275.md	19	KR3l0118_WYG_274-2a
275.md	27	KR3l0118_WYG_274-2b
275.md	35	KR3l0118_WYG_274-3a
275.md	43	KR3l0118_WYG_274-3b
275.md	51	KR3l0118_WYG_274-4a
275.md	59	KR3l0118_WYG_274-4b
275.md	67	KR3l0118_WYG_274-5a
275.md	75	KR3l0118_WYG_274-5b
275.md	83	KR3l0118_WYG_274-6a
275.md	91	KR3l0118_WYG_274-6b
275.md	99	KR3l0118_WYG_274-7a
275.md	107	KR3l0118_WYG_274-7b
275.md	115	KR3l0118_WYG_274-8a
275.md	123	KR3l0118_WYG_274-8b
275.md	131	KR3l0118_WYG_274-9a
275.md	139	KR3l0118_WYG_274-9b
275.md	147	KR3l0118_WYG_274-10a
275.md	155	KR3l0118_WYG_274-10b
275.md	163	KR3l0118_WYG_274-11a
275.md	171	KR3l0118_WYG_274-11b
276.md	3	KR3l0118_WYG_275-1a
276.md	11	KR3l0118_WYG_275-1b
276.md	19	KR3l0118_WYG_275-2a
276.md	27	KR3l0118_WYG_275-2b
276.md	35	KR3l0118_WYG_275-3a
276.md	43	KR3l0118_WYG_275-3b
276.md	51	KR3l0118_WYG_275-4a
276.md	59	KR3l0118_WYG_275-4b
276.md	67	KR3l0118_WYG_275-5a
276.md	75	KR3l0118_WYG_275-5b
276.md	83	KR3l0118_WYG_275-6a
276.md	91	KR3l0118_WYG_275-6b
276.md	99	KR3l0118_WYG_275-7a
276.md	107	KR3l0118_WYG_275-7b
276.md	115	KR3l0118_WYG_275-8a
276.md	123	KR3l0118_WYG_275-8b
276.md	131	KR3l0118_WYG_275-9a
276.md	139	KR3l0118_WYG_275-9b
276.md	147	KR3l0118_WYG_275-10a
276.md	155	KR3l0118_WYG_275-10b
276.md	163	KR3l0118_WYG_275-11a
276.md	171	KR3l0118_WYG_275-11b
276.md	179	KR3l0118_WYG_275-12a
276.md	187	KR3l0118_WYG_275-12b
276.md	195	KR3l0118_WYG_275-13a
276.md	203	KR3l0118_WYG_275-13b
276.md	211	KR3l0118_WYG_275-14a
276.md	219	KR3l0118_WYG_275-14b
277.md	3	KR3l0118_WYG_276-1a
277.md	11	KR3l0118_WYG_276-1b
277.md	19	KR3l0118_WYG_276-2a
277.md	27	KR3l0118_WYG_276-2b
277.md	35	KR3l0118_WYG_276-3a
277.md	43	KR3l0118_WYG_276-3b
277.md	51	KR3l0118_WYG_276-4a
277.md	59	KR3l0118_WYG_276-4b
277.md	67	KR3l0118_WYG_276-5a
277.md	75	KR3l0118_WYG_276-5b
277.md	83	KR3l0118_WYG_276-6a
277.md	91	KR3l0118_WYG_276-6b
277.md	99	KR3l0118_WYG_276-7a
277.md	107	KR3l0118_WYG_276-7b
277.md	115	KR3l0118_WYG_276-8a
277.md	123	KR3l0118_WYG_276-8b
277.md	131	KR3l0118_WYG_276-9a
277.md	139	KR3l0118_WYG_276-9b
277.md	147	KR3l0118_WYG_276-10a
277.md	155	KR3l0118_WYG_276-10b
277.md	163	KR3l0118_WYG_276-11a
277.md	171	KR3l0118_WYG_276-11b
277.md	179	KR3l0118_WYG_276-12a
277.md	187	KR3l0118_WYG_276-12b
277.md	195	KR3l0118_WYG_276-13a
277.md	203	KR3l0118_WYG_276-13b
277.md	211	KR3l0118_WYG_276-14a
277.md	219	KR3l0118_WYG_276-14b
277.md	227	KR3l0118_WYG_276-15a
277.md	235	KR3l0118_WYG_276-15b
277.md	243	KR3l0118_WYG_276-16a
277.md	251	KR3l0118_WYG_276-16b
277.md	259	KR3l0118_WYG_276-17a
277.md	267	KR3l0118_WYG_276-17b
278.md	3	KR3l0118_WYG_277-1a
278.md	11	KR3l0118_WYG_277-1b
278.md	19	KR3l0118_WYG_277-2a
278.md	27	KR3l0118_WYG_277-2b
278.md	35	KR3l0118_WYG_277-3a
278.md	43	KR3l0118_WYG_277-3b
278.md	51	KR3l0118_WYG_277-4a
278.md	59	KR3l0118_WYG_277-4b
278.md	67	KR3l0118_WYG_277-5a
278.md	75	KR3l0118_WYG_277-5b
278.md	83	KR3l0118_WYG_277-6a
278.md	91	KR3l0118_WYG_277-6b
278.md	99	KR3l0118_WYG_277-7a
278.md	107	KR3l0118_WYG_277-7b
278.md	115	KR3l0118_WYG_277-8a
278.md	123	KR3l0118_WYG_277-8b
278.md	131	KR3l0118_WYG_277-9a
278.md	139	KR3l0118_WYG_277-9b
278.md	147	KR3l0118_WYG_277-10a
278.md	155	KR3l0118_WYG_277-10b
278.md	163	KR3l0118_WYG_277-11a
278.md	171	KR3l0118_WYG_277-11b
278.md	179	KR3l0118_WYG_277-12a
278.md	187	KR3l0118_WYG_277-12b
278.md	195	KR3l0118_WYG_277-13a
278.md	203	KR3l0118_WYG_277-13b
278.md	211	KR3l0118_WYG_277-14a
278.md	219	KR3l0118_WYG_277-14b
278.md	227	KR3l0118_WYG_277-15a
278.md	235	KR3l0118_WYG_277-15b
279.md	3	KR3l0118_WYG_278-1a
279.md	11	KR3l0118_WYG_278-1b
279.md	19	KR3l0118_WYG_278-2a
279.md	27	KR3l0118_WYG_278-2b
279.md	35	KR3l0118_WYG_278-3a
279.md	43	KR3l0118_WYG_278-3b
279.md	51	KR3l0118_WYG_278-4a
279.md	59	KR3l0118_WYG_278-4b
279.md	67	KR3l0118_WYG_278-5a
279.md	75	KR3l0118_WYG_278-5b
279.md	83	KR3l0118_WYG_278-6a
279.md	91	KR3l0118_WYG_278-6b
279.md	99	KR3l0118_WYG_278-7a
279.md	107	KR3l0118_WYG_278-7b
279.md	115	KR3l0118_WYG_278-8a
279.md	123	KR3l0118_WYG_278-8b
279.md	131	KR3l0118_WYG_278-9a
279.md	139	KR3l0118_WYG_278-9b
279.md	147	KR3l0118_WYG_278-10a
279.md	155	KR3l0118_WYG_278-10b
279.md	163	KR3l0118_WYG_278-11a
279.md	171	KR3l0118_WYG_278-11b
279.md	179	KR3l0118_WYG_278-12a
279.md	187	KR3l0118_WYG_278-12b
279.md	195	KR3l0118_WYG_278-13a
279.md	203	KR3l0118_WYG_278-13b
279.md	211	KR3l0118_WYG_278-14a
279.md	219	KR3l0118_WYG_278-14b
279.md	227	KR3l0118_WYG_278-15a
279.md	235	KR3l0118_WYG_278-15b
279.md	243	KR3l0118_WYG_278-16a
279.md	251	KR3l0118_WYG_278-16b
279.md	259	KR3l0118_WYG_278-17a
279.md	267	KR3l0118_WYG_278-17b
279.md	275	KR3l0118_WYG_278-18a
279.md	283	KR3l0118_WYG_278-18b
280.md	3	KR3l0118_WYG_279-1a
280.md	11	KR3l0118_WYG_279-1b
280.md	19	KR3l0118_WYG_279-2a
280.md	27	KR3l0118_WYG_279-2b
280.md	35	KR3l0118_WYG_279-3a
280.md	43	KR3l0118_WYG_279-3b
280.md	51	KR3l0118_WYG_279-4a
280.md	59	KR3l0118_WYG_279-4b
280.md	67	KR3l0118_WYG_279-5a
280.md	75	KR3l0118_WYG_279-5b
280.md	83	KR3l0118_WYG_279-6a
280.md	91	KR3l0118_WYG_279-6b
280.md	99	KR3l0118_WYG_279-7a
280.md	107	KR3l0118_WYG_279-7b
280.md	115	KR3l0118_WYG_279-8a
280.md	123	KR3l0118_WYG_279-8b
280.md	131	KR3l0118_WYG_279-9a
280.md	139	KR3l0118_WYG_279-9b
280.md	147	KR3l0118_WYG_279-10a
280.md	155	KR3l0118_WYG_279-10b
280.md	163	KR3l0118_WYG_279-11a
280.md	171	KR3l0118_WYG_279-11b
280.md	179	KR3l0118_WYG_279-12a
280.md	187	KR3l0118_WYG_279-12b
280.md	195	KR3l0118_WYG_279-13a
280.md	203	KR3l0118_WYG_279-13b
280.md	211	KR3l0118_WYG_279-14a
280.md	219	KR3l0118_WYG_279-14b
280.md	227	KR3l0118_WYG_279-15a
280.md	235	KR3l0118_WYG_279-15b
280.md	243	KR3l0118_WYG_279-16a
280.md	251	KR3l0118_WYG_279-16b
280.md	259	KR3l0118_WYG_279-17a
280.md	267	KR3l0118_WYG_279-17b
281.md	3	KR3l0118_WYG_280-1a
281.md	11	KR3l0118_WYG_280-1b
281.md	19	KR3l0118_WYG_280-2a
281.md	27	KR3l0118_WYG_280-2b
281.md	35	KR3l0118_WYG_280-3a
281.md	43	KR3l0118_WYG_280-3b
281.md	51	KR3l0118_WYG_280-4a
281.md	59	KR3l0118_WYG_280-4b
281.md	67	KR3l0118_WYG_280-5a
281.md	75	KR3l0118_WYG_280-5b
281.md	83	KR3l0118_WYG_280-6a
281.md	91	KR3l0118_WYG_280-6b
281.md	99	KR3l0118_WYG_280-7a
281.md	107	KR3l0118_WYG_280-7b
281.md	115	KR3l0118_WYG_280-8a
281.md	123	KR3l0118_WYG_280-8b
281.md	131	KR3l0118_WYG_280-9a
281.md	139	KR3l0118_WYG_280-9b
281.md	147	KR3l0118_WYG_280-10a
281.md	155	KR3l0118_WYG_280-10b
281.md	163	KR3l0118_WYG_280-11a
281.md	171	KR3l0118_WYG_280-11b
281.md	179	KR3l0118_WYG_280-12a
281.md	187	KR3l0118_WYG_280-12b
282.md	3	KR3l0118_WYG_281-1a
282.md	11	KR3l0118_WYG_281-1b
282.md	19	KR3l0118_WYG_281-2a
282.md	27	KR3l0118_WYG_281-2b
282.md	35	KR3l0118_WYG_281-3a
282.md	43	KR3l0118_WYG_281-3b
282.md	51	KR3l0118_WYG_281-4a
282.md	59	KR3l0118_WYG_281-4b
282.md	67	KR3l0118_WYG_281-5a
282.md	75	KR3l0118_WYG_281-5b
282.md	83	KR3l0118_WYG_281-6a
282.md	91	KR3l0118_WYG_281-6b
282.md	99	KR3l0118_WYG_281-7a
282.md	107	KR3l0118_WYG_281-7b
282.md	115	KR3l0118_WYG_281-8a
282.md	123	KR3l0118_WYG_281-8b
282.md	131	KR3l0118_WYG_281-9a
282.md	139	KR3l0118_WYG_281-9b
282.md	147	KR3l0118_WYG_281-10a
282.md	155	KR3l0118_WYG_281-10b
282.md	163	KR3l0118_WYG_281-11a
282.md	171	KR3l0118_WYG_281-11b
282.md	179	KR3l0118_WYG_281-12a
282.md	187	KR3l0118_WYG_281-12b
283.md	3	KR3l0118_WYG_282-1a
283.md	11	KR3l0118_WYG_282-1b
283.md	19	KR3l0118_WYG_282-2a
283.md	27	KR3l0118_WYG_282-2b
283.md	35	KR3l0118_WYG_282-3a
283.md	43	KR3l0118_WYG_282-3b
283.md	51	KR3l0118_WYG_282-4a
283.md	59	KR3l0118_WYG_282-4b
283.md	67	KR3l0118_WYG_282-5a
283.md	75	KR3l0118_WYG_282-5b
283.md	83	KR3l0118_WYG_282-6a
283.md	91	KR3l0118_WYG_282-6b
283.md	99	KR3l0118_WYG_282-7a
283.md	107	KR3l0118_WYG_282-7b
283.md	115	KR3l0118_WYG_282-8a
283.md	123	KR3l0118_WYG_282-8b
283.md	131	KR3l0118_WYG_282-9a
283.md	139	KR3l0118_WYG_282-9b
283.md	147	KR3l0118_WYG_282-10a
283.md	155	KR3l0118_WYG_282-10b
284.md	3	KR3l0118_WYG_283-1a
284.md	11	KR3l0118_WYG_283-1b
284.md	19	KR3l0118_WYG_283-2a
284.md	27	KR3l0118_WYG_283-2b
284.md	35	KR3l0118_WYG_283-3a
284.md	43	KR3l0118_WYG_283-3b
284.md	51	KR3l0118_WYG_283-4a
284.md	59	KR3l0118_WYG_283-4b
284.md	67	KR3l0118_WYG_283-5a
284.md	75	KR3l0118_WYG_283-5b
284.md	83	KR3l0118_WYG_283-6a
284.md	91	KR3l0118_WYG_283-6b
284.md	99	KR3l0118_WYG_283-7a
284.md	107	KR3l0118_WYG_283-7b
284.md	115	KR3l0118_WYG_283-8a
284.md	123	KR3l0118_WYG_283-8b
284.md	131	KR3l0118_WYG_283-9a
284.md	139	KR3l0118_WYG_283-9b
284.md	147	KR3l0118_WYG_283-10a
284.md	155	KR3l0118_WYG_283-10b
284.md	163	KR3l0118_WYG_283-11a
284.md	171	KR3l0118_WYG_283-11b
284.md	179	KR3l0118_WYG_283-12a
284.md	187	KR3l0118_WYG_283-12b
285.md	3	KR3l0118_WYG_284-1a
285.md	11	KR3l0118_WYG_284-1b
285.md	19	KR3l0118_WYG_284-2a
285.md	27	KR3l0118_WYG_284-2b
285.md	35	KR3l0118_WYG_284-3a
285.md	43	KR3l0118_WYG_284-3b
285.md	51	KR3l0118_WYG_284-4a
285.md	59	KR3l0118_WYG_284-4b
285.md	67	KR3l0118_WYG_284-5a
285.md	75	KR3l0118_WYG_284-5b
285.md	83	KR3l0118_WYG_284-6a
285.md	91	KR3l0118_WYG_284-6b
285.md	99	KR3l0118_WYG_284-7a
285.md	107	KR3l0118_WYG_284-7b
285.md	115	KR3l0118_WYG_284-8a
285.md	123	KR3l0118_WYG_284-8b
285.md	131	KR3l0118_WYG_284-9a
285.md	139	KR3l0118_WYG_284-9b
286.md	3	KR3l0118_WYG_285-1a
286.md	11	KR3l0118_WYG_285-1b
286.md	19	KR3l0118_WYG_285-2a
286.md	27	KR3l0118_WYG_285-2b
286.md	35	KR3l0118_WYG_285-3a
286.md	43	KR3l0118_WYG_285-3b
286.md	51	KR3l0118_WYG_285-4a
286.md	59	KR3l0118_WYG_285-4b
286.md	67	KR3l0118_WYG_285-5a
286.md	75	KR3l0118_WYG_285-5b
286.md	83	KR3l0118_WYG_285-6a
286.md	91	KR3l0118_WYG_285-6b
286.md	99	KR3l0118_WYG_285-7a
286.md	107	KR3l0118_WYG_285-7b
286.md	115	KR3l0118_WYG_285-8a
286.md	123	KR3l0118_WYG_285-8b
286.md	131	KR3l0118_WYG_285-9a
286.md	139	KR3l0118_WYG_285-9b
286.md	147	KR3l0118_WYG_285-10a
286.md	155	KR3l0118_WYG_285-10b
286.md	163	KR3l0118_WYG_285-11a
286.md	171	KR3l0118_WYG_285-11b
287.md	3	KR3l0118_WYG_286-1a
287.md	11	KR3l0118_WYG_286-1b
287.md	19	KR3l0118_WYG_286-2a
287.md	27	KR3l0118_WYG_286-2b
287.md	35	KR3l0118_WYG_286-3a
287.md	43	KR3l0118_WYG_286-3b
287.md	51	KR3l0118_WYG_286-4a
287.md	59	KR3l0118_WYG_286-4b
287.md	67	KR3l0118_WYG_286-5a
287.md	75	KR3l0118_WYG_286-5b
287.md	83	KR3l0118_WYG_286-6a
287.md	91	KR3l0118_WYG_286-6b
287.md	99	KR3l0118_WYG_286-7a
287.md	107	KR3l0118_WYG_286-7b
287.md	115	KR3l0118_WYG_286-8a
287.md	123	KR3l0118_WYG_286-8b
287.md	131	KR3l0118_WYG_286-9a
287.md	139	KR3l0118_WYG_286-9b
287.md	147	KR3l0118_WYG_286-10a
287.md	155	KR3l0118_WYG_286-10b
287.md	163	KR3l0118_WYG_286-11a
287.md	171	KR3l0118_WYG_286-11b
288.md	3	KR3l0118_WYG_287-1a
288.md	11	KR3l0118_WYG_287-1b
288.md	19	KR3l0118_WYG_287-2a
288.md	27	KR3l0118_WYG_287-2b
288.md	35	KR3l0118_WYG_287-3a
288.md	43	KR3l0118_WYG_287-3b
288.md	51	KR3l0118_WYG_287-4a
288.md	59	KR3l0118_WYG_287-4b
288.md	67	KR3l0118_WYG_287-5a
288.md	75	KR3l0118_WYG_287-5b
288.md	83	KR3l0118_WYG_287-6a
288.md	91	KR3l0118_WYG_287-6b
288.md	99	KR3l0118_WYG_287-7a
288.md	107	KR3l0118_WYG_287-7b
289.md	3	KR3l0118_WYG_288-1a
289.md	11	KR3l0118_WYG_288-1b
289.md	19	KR3l0118_WYG_288-2a
289.md	27	KR3l0118_WYG_288-2b
289.md	35	KR3l0118_WYG_288-3a
289.md	43	KR3l0118_WYG_288-3b
289.md	51	KR3l0118_WYG_288-4a
289.md	59	KR3l0118_WYG_288-4b
289.md	67	KR3l0118_WYG_288-5a
289.md	75	KR3l0118_WYG_288-5b
289.md	83	KR3l0118_WYG_288-6a
289.md	91	KR3l0118_WYG_288-6b
289.md	99	KR3l0118_WYG_288-7a
289.md	107	KR3l0118_WYG_288-7b
289.md	115	KR3l0118_WYG_288-8a
289.md	123	KR3l0118_WYG_288-8b
289.md	131	KR3l0118_WYG_288-9a
289.md	139	KR3l0118_WYG_288-9b
289.md	147	KR3l0118_WYG_288-10a
289.md	155	KR3l0118_WYG_288-10b
290.md	3	KR3l0118_WYG_289-1a
290.md	11	KR3l0118_WYG_289-1b
290.md	19	KR3l0118_WYG_289-2a
290.md	27	KR3l0118_WYG_289-2b
290.md	35	KR3l0118_WYG_289-3a
290.md	43	KR3l0118_WYG_289-3b
290.md	51	KR3l0118_WYG_289-4a
290.md	59	KR3l0118_WYG_289-4b
290.md	67	KR3l0118_WYG_289-5a
290.md	75	KR3l0118_WYG_289-5b
290.md	83	KR3l0118_WYG_289-6a
290.md	91	KR3l0118_WYG_289-6b
290.md	99	KR3l0118_WYG_289-7a
290.md	107	KR3l0118_WYG_289-7b
290.md	115	KR3l0118_WYG_289-8a
290.md	123	KR3l0118_WYG_289-8b
290.md	131	KR3l0118_WYG_289-9a
290.md	139	KR3l0118_WYG_289-9b
290.md	147	KR3l0118_WYG_289-10a
290.md	155	KR3l0118_WYG_289-10b
291.md	3	KR3l0118_WYG_290-1a
291.md	11	KR3l0118_WYG_290-1b
291.md	19	KR3l0118_WYG_290-2a
291.md	27	KR3l0118_WYG_290-2b
291.md	35	KR3l0118_WYG_290-3a
291.md	43	KR3l0118_WYG_290-3b
291.md	51	KR3l0118_WYG_290-4a
291.md	59	KR3l0118_WYG_290-4b
291.md	67	KR3l0118_WYG_290-5a
291.md	75	KR3l0118_WYG_290-5b
291.md	83	KR3l0118_WYG_290-6a
291.md	91	KR3l0118_WYG_290-6b
291.md	99	KR3l0118_WYG_290-7a
291.md	107	KR3l0118_WYG_290-7b
291.md	115	KR3l0118_WYG_290-8a
291.md	123	KR3l0118_WYG_290-8b
291.md	131	KR3l0118_WYG_290-9a
291.md	139	KR3l0118_WYG_290-9b
291.md	147	KR3l0118_WYG_290-10a
291.md	155	KR3l0118_WYG_290-10b
291.md	163	KR3l0118_WYG_290-11a
291.md	171	KR3l0118_WYG_290-11b
291.md	179	KR3l0118_WYG_290-12a
291.md	187	KR3l0118_WYG_290-12b
292.md	3	KR3l0118_WYG_291-1a
292.md	11	KR3l0118_WYG_291-1b
292.md	19	KR3l0118_WYG_291-2a
292.md	27	KR3l0118_WYG_291-2b
292.md	35	KR3l0118_WYG_291-3a
292.md	43	KR3l0118_WYG_291-3b
292.md	51	KR3l0118_WYG_291-4a
292.md	59	KR3l0118_WYG_291-4b
292.md	67	KR3l0118_WYG_291-5a
292.md	75	KR3l0118_WYG_291-5b
292.md	83	KR3l0118_WYG_291-6a
292.md	91	KR3l0118_WYG_291-6b
292.md	99	KR3l0118_WYG_291-7a
292.md	107	KR3l0118_WYG_291-7b
292.md	115	KR3l0118_WYG_291-8a
292.md	123	KR3l0118_WYG_291-8b
292.md	131	KR3l0118_WYG_291-9a
292.md	139	KR3l0118_WYG_291-9b
292.md	147	KR3l0118_WYG_291-10a
292.md	155	KR3l0118_WYG_291-10b
292.md	163	KR3l0118_WYG_291-11a
292.md	171	KR3l0118_WYG_291-11b
292.md	179	KR3l0118_WYG_291-12a
292.md	187	KR3l0118_WYG_291-12b
293.md	3	KR3l0118_WYG_292-1a
293.md	11	KR3l0118_WYG_292-1b
293.md	19	KR3l0118_WYG_292-2a
293.md	27	KR3l0118_WYG_292-2b
293.md	35	KR3l0118_WYG_292-3a
293.md	43	KR3l0118_WYG_292-3b
293.md	51	KR3l0118_WYG_292-4a
293.md	59	KR3l0118_WYG_292-4b
293.md	67	KR3l0118_WYG_292-5a
293.md	75	KR3l0118_WYG_292-5b
293.md	83	KR3l0118_WYG_292-6a
293.md	91	KR3l0118_WYG_292-6b
293.md	99	KR3l0118_WYG_292-7a
293.md	107	KR3l0118_WYG_292-7b
293.md	115	KR3l0118_WYG_292-8a
293.md	123	KR3l0118_WYG_292-8b
293.md	131	KR3l0118_WYG_292-9a
293.md	139	KR3l0118_WYG_292-9b
293.md	147	KR3l0118_WYG_292-10a
293.md	155	KR3l0118_WYG_292-10b
293.md	163	KR3l0118_WYG_292-11a
293.md	171	KR3l0118_WYG_292-11b
294.md	3	KR3l0118_WYG_293-1a
294.md	11	KR3l0118_WYG_293-1b
294.md	19	KR3l0118_WYG_293-2a
294.md	27	KR3l0118_WYG_293-2b
294.md	35	KR3l0118_WYG_293-3a
294.md	43	KR3l0118_WYG_293-3b
294.md	51	KR3l0118_WYG_293-4a
294.md	59	KR3l0118_WYG_293-4b
294.md	67	KR3l0118_WYG_293-5a
294.md	75	KR3l0118_WYG_293-5b
294.md	83	KR3l0118_WYG_293-6a
294.md	91	KR3l0118_WYG_293-6b
294.md	99	KR3l0118_WYG_293-7a
294.md	107	KR3l0118_WYG_293-7b
294.md	115	KR3l0118_WYG_293-8a
294.md	123	KR3l0118_WYG_293-8b
294.md	131	KR3l0118_WYG_293-9a
294.md	139	KR3l0118_WYG_293-9b
294.md	147	KR3l0118_WYG_293-10a
294.md	155	KR3l0118_WYG_293-10b
294.md	163	KR3l0118_WYG_293-11a
294.md	171	KR3l0118_WYG_293-11b
294.md	179	KR3l0118_WYG_293-12a
294.md	187	KR3l0118_WYG_293-12b
295.md	3	KR3l0118_WYG_294-1a
295.md	11	KR3l0118_WYG_294-1b
295.md	19	KR3l0118_WYG_294-2a
295.md	27	KR3l0118_WYG_294-2b
295.md	35	KR3l0118_WYG_294-3a
295.md	43	KR3l0118_WYG_294-3b
295.md	51	KR3l0118_WYG_294-4a
295.md	59	KR3l0118_WYG_294-4b
295.md	67	KR3l0118_WYG_294-5a
295.md	75	KR3l0118_WYG_294-5b
295.md	83	KR3l0118_WYG_294-6a
295.md	91	KR3l0118_WYG_294-6b
295.md	99	KR3l0118_WYG_294-7a
295.md	107	KR3l0118_WYG_294-7b
295.md	115	KR3l0118_WYG_294-8a
295.md	123	KR3l0118_WYG_294-8b
295.md	131	KR3l0118_WYG_294-9a
295.md	139	KR3l0118_WYG_294-9b
295.md	147	KR3l0118_WYG_294-10a
295.md	155	KR3l0118_WYG_294-10b
295.md	163	KR3l0118_WYG_294-11a
295.md	171	KR3l0118_WYG_294-11b
295.md	179	KR3l0118_WYG_294-12a
295.md	187	KR3l0118_WYG_294-12b
296.md	3	KR3l0118_WYG_295-1a
296.md	11	KR3l0118_WYG_295-1b
296.md	19	KR3l0118_WYG_295-2a
296.md	27	KR3l0118_WYG_295-2b
296.md	35	KR3l0118_WYG_295-3a
296.md	43	KR3l0118_WYG_295-3b
296.md	51	KR3l0118_WYG_295-4a
296.md	59	KR3l0118_WYG_295-4b
296.md	67	KR3l0118_WYG_295-5a
296.md	75	KR3l0118_WYG_295-5b
296.md	83	KR3l0118_WYG_295-6a
296.md	91	KR3l0118_WYG_295-6b
296.md	99	KR3l0118_WYG_295-7a
296.md	107	KR3l0118_WYG_295-7b
296.md	115	KR3l0118_WYG_295-8a
296.md	123	KR3l0118_WYG_295-8b
296.md	131	KR3l0118_WYG_295-9a
296.md	139	KR3l0118_WYG_295-9b
296.md	147	KR3l0118_WYG_295-10a
296.md	155	KR3l0118_WYG_295-10b
296.md	163	KR3l0118_WYG_295-11a
296.md	171	KR3l0118_WYG_295-11b
296.md	179	KR3l0118_WYG_295-12a
296.md	187	KR3l0118_WYG_295-12b
297.md	3	KR3l0118_WYG_296-1a
297.md	11	KR3l0118_WYG_296-1b
297.md	19	KR3l0118_WYG_296-2a
297.md	27	KR3l0118_WYG_296-2b
297.md	35	KR3l0118_WYG_296-3a
297.md	43	KR3l0118_WYG_296-3b
297.md	51	KR3l0118_WYG_296-4a
297.md	59	KR3l0118_WYG_296-4b
297.md	67	KR3l0118_WYG_296-5a
297.md	75	KR3l0118_WYG_296-5b
297.md	83	KR3l0118_WYG_296-6a
297.md	91	KR3l0118_WYG_296-6b
297.md	99	KR3l0118_WYG_296-7a
297.md	107	KR3l0118_WYG_296-7b
297.md	115	KR3l0118_WYG_296-8a
297.md	123	KR3l0118_WYG_296-8b
297.md	131	KR3l0118_WYG_296-9a
297.md	139	KR3l0118_WYG_296-9b
297.md	147	KR3l0118_WYG_296-10a
297.md	155	KR3l0118_WYG_296-10b
297.md	163	KR3l0118_WYG_296-11a
297.md	171	KR3l0118_WYG_296-11b
297.md	179	KR3l0118_WYG_296-12a
297.md	187	KR3l0118_WYG_296-12b
298.md	3	KR3l0118_WYG_297-1a
298.md	11	KR3l0118_WYG_297-1b
298.md	19	KR3l0118_WYG_297-2a
298.md	27	KR3l0118_WYG_297-2b
298.md	35	KR3l0118_WYG_297-3a
298.md	43	KR3l0118_WYG_297-3b
298.md	51	KR3l0118_WYG_297-4a
298.md	59	KR3l0118_WYG_297-4b
298.md	67	KR3l0118_WYG_297-5a
298.md	75	KR3l0118_WYG_297-5b
298.md	83	KR3l0118_WYG_297-6a
298.md	91	KR3l0118_WYG_297-6b
298.md	99	KR3l0118_WYG_297-7a
298.md	107	KR3l0118_WYG_297-7b
298.md	115	KR3l0118_WYG_297-8a
298.md	123	KR3l0118_WYG_297-8b
298.md	131	KR3l0118_WYG_297-9a
298.md	139	KR3l0118_WYG_297-9b
298.md	147	KR3l0118_WYG_297-10a
298.md	155	KR3l0118_WYG_297-10b
298.md	163	KR3l0118_WYG_297-11a
298.md	171	KR3l0118_WYG_297-11b
299.md	3	KR3l0118_WYG_298-1a
299.md	11	KR3l0118_WYG_298-1b
299.md	19	KR3l0118_WYG_298-2a
299.md	27	KR3l0118_WYG_298-2b
299.md	35	KR3l0118_WYG_298-3a
299.md	43	KR3l0118_WYG_298-3b
299.md	51	KR3l0118_WYG_298-4a
299.md	59	KR3l0118_WYG_298-4b
299.md	67	KR3l0118_WYG_298-5a
299.md	75	KR3l0118_WYG_298-5b
299.md	83	KR3l0118_WYG_298-6a
299.md	91	KR3l0118_WYG_298-6b
299.md	99	KR3l0118_WYG_298-7a
299.md	107	KR3l0118_WYG_298-7b
299.md	115	KR3l0118_WYG_298-8a
299.md	123	KR3l0118_WYG_298-8b
300.md	3	KR3l0118_WYG_299-1a
300.md	11	KR3l0118_WYG_299-1b
300.md	19	KR3l0118_WYG_299-2a
300.md	27	KR3l0118_WYG_299-2b
300.md	35	KR3l0118_WYG_299-3a
300.md	43	KR3l0118_WYG_299-3b
300.md	51	KR3l0118_WYG_299-4a
300.md	59	KR3l0118_WYG_299-4b
300.md	67	KR3l0118_WYG_299-5a
300.md	75	KR3l0118_WYG_299-5b
300.md	83	KR3l0118_WYG_299-6a
300.md	91	KR3l0118_WYG_299-6b
300.md	99	KR3l0118_WYG_299-7a
300.md	107	KR3l0118_WYG_299-7b
300.md	115	KR3l0118_WYG_299-8a
300.md	123	KR3l0118_WYG_299-8b
300.md	131	KR3l0118_WYG_299-9a
300.md	139	KR3l0118_WYG_299-9b
301.md	3	KR3l0118_WYG_300-1a
301.md	11	KR3l0118_WYG_300-1b
301.md	19	KR3l0118_WYG_300-2a
301.md	27	KR3l0118_WYG_300-2b
301.md	35	KR3l0118_WYG_300-3a
301.md	43	KR3l0118_WYG_300-3b
301.md	51	KR3l0118_WYG_300-4a
301.md	59	KR3l0118_WYG_300-4b
301.md	67	KR3l0118_WYG_300-5a
301.md	75	KR3l0118_WYG_300-5b
301.md	83	KR3l0118_WYG_300-6a
301.md	91	KR3l0118_WYG_300-6b
301.md	99	KR3l0118_WYG_300-7a
301.md	107	KR3l0118_WYG_300-7b
301.md	115	KR3l0118_WYG_300-8a
301.md	123	KR3l0118_WYG_300-8b
301.md	131	KR3l0118_WYG_300-9a
301.md	139	KR3l0118_WYG_300-9b
301.md	147	KR3l0118_WYG_300-10a
301.md	155	KR3l0118_WYG_300-10b
301.md	163	KR3l0118_WYG_300-11a
301.md	171	KR3l0118_WYG_300-11b
302.md	3	KR3l0118_WYG_301-1a
302.md	11	KR3l0118_WYG_301-1b
302.md	19	KR3l0118_WYG_301-2a
302.md	27	KR3l0118_WYG_301-2b
302.md	35	KR3l0118_WYG_301-3a
302.md	43	KR3l0118_WYG_301-3b
302.md	51	KR3l0118_WYG_301-4a
302.md	59	KR3l0118_WYG_301-4b
302.md	67	KR3l0118_WYG_301-5a
302.md	75	KR3l0118_WYG_301-5b
302.md	83	KR3l0118_WYG_301-6a
302.md	91	KR3l0118_WYG_301-6b
302.md	99	KR3l0118_WYG_301-7a
302.md	107	KR3l0118_WYG_301-7b
302.md	115	KR3l0118_WYG_301-8a
302.md	123	KR3l0118_WYG_301-8b
302.md	131	KR3l0118_WYG_301-9a
302.md	139	KR3l0118_WYG_301-9b
303.md	3	KR3l0118_WYG_302-1a
303.md	11	KR3l0118_WYG_302-1b
303.md	19	KR3l0118_WYG_302-2a
303.md	27	KR3l0118_WYG_302-2b
303.md	35	KR3l0118_WYG_302-3a
303.md	43	KR3l0118_WYG_302-3b
303.md	51	KR3l0118_WYG_302-4a
303.md	59	KR3l0118_WYG_302-4b
303.md	67	KR3l0118_WYG_302-5a
303.md	75	KR3l0118_WYG_302-5b
303.md	83	KR3l0118_WYG_302-6a
303.md	91	KR3l0118_WYG_302-6b
303.md	99	KR3l0118_WYG_302-7a
303.md	107	KR3l0118_WYG_302-7b
303.md	115	KR3l0118_WYG_302-8a
303.md	123	KR3l0118_WYG_302-8b
303.md	131	KR3l0118_WYG_302-9a
303.md	139	KR3l0118_WYG_302-9b
303.md	147	KR3l0118_WYG_302-10a
303.md	155	KR3l0118_WYG_302-10b
304.md	3	KR3l0118_WYG_303-1a
304.md	11	KR3l0118_WYG_303-1b
304.md	19	KR3l0118_WYG_303-2a
304.md	27	KR3l0118_WYG_303-2b
304.md	35	KR3l0118_WYG_303-3a
304.md	43	KR3l0118_WYG_303-3b
304.md	51	KR3l0118_WYG_303-4a
304.md	59	KR3l0118_WYG_303-4b
304.md	67	KR3l0118_WYG_303-5a
304.md	75	KR3l0118_WYG_303-5b
304.md	83	KR3l0118_WYG_303-6a
304.md	91	KR3l0118_WYG_303-6b
304.md	99	KR3l0118_WYG_303-7a
304.md	107	KR3l0118_WYG_303-7b
304.md	115	KR3l0118_WYG_303-8a
304.md	123	KR3l0118_WYG_303-8b
304.md	131	KR3l0118_WYG_303-9a
304.md	139	KR3l0118_WYG_303-9b
304.md	147	KR3l0118_WYG_303-10a
304.md	155	KR3l0118_WYG_303-10b
304.md	163	KR3l0118_WYG_303-11a
304.md	171	KR3l0118_WYG_303-11b
304.md	179	KR3l0118_WYG_303-12a
304.md	187	KR3l0118_WYG_303-12b
305.md	3	KR3l0118_WYG_304-1a
305.md	11	KR3l0118_WYG_304-1b
305.md	19	KR3l0118_WYG_304-2a
305.md	27	KR3l0118_WYG_304-2b
305.md	35	KR3l0118_WYG_304-3a
305.md	43	KR3l0118_WYG_304-3b
305.md	51	KR3l0118_WYG_304-4a
305.md	59	KR3l0118_WYG_304-4b
305.md	67	KR3l0118_WYG_304-5a
305.md	75	KR3l0118_WYG_304-5b
305.md	83	KR3l0118_WYG_304-6a
305.md	91	KR3l0118_WYG_304-6b
305.md	99	KR3l0118_WYG_304-7a
305.md	107	KR3l0118_WYG_304-7b
305.md	115	KR3l0118_WYG_304-8a
305.md	123	KR3l0118_WYG_304-8b
305.md	131	KR3l0118_WYG_304-9a
305.md	139	KR3l0118_WYG_304-9b
305.md	147	KR3l0118_WYG_304-10a
305.md	155	KR3l0118_WYG_304-10b
305.md	163	KR3l0118_WYG_304-11a
305.md	171	KR3l0118_WYG_304-11b
306.md	3	KR3l0118_WYG_305-1a
306.md	11	KR3l0118_WYG_305-1b
306.md	19	KR3l0118_WYG_305-2a
306.md	27	KR3l0118_WYG_305-2b
306.md	35	KR3l0118_WYG_305-3a
306.md	43	KR3l0118_WYG_305-3b
306.md	51	KR3l0118_WYG_305-4a
306.md	59	KR3l0118_WYG_305-4b
306.md	67	KR3l0118_WYG_305-5a
306.md	75	KR3l0118_WYG_305-5b
306.md	83	KR3l0118_WYG_305-6a
306.md	91	KR3l0118_WYG_305-6b
306.md	99	KR3l0118_WYG_305-7a
306.md	107	KR3l0118_WYG_305-7b
306.md	115	KR3l0118_WYG_305-8a
306.md	123	KR3l0118_WYG_305-8b
306.md	131	KR3l0118_WYG_305-9a
306.md	139	KR3l0118_WYG_305-9b
306.md	147	KR3l0118_WYG_305-10a
306.md	155	KR3l0118_WYG_305-10b
306.md	163	KR3l0118_WYG_305-11a
306.md	171	KR3l0118_WYG_305-11b
307.md	3	KR3l0118_WYG_306-1a
307.md	11	KR3l0118_WYG_306-1b
307.md	19	KR3l0118_WYG_306-2a
307.md	27	KR3l0118_WYG_306-2b
307.md	35	KR3l0118_WYG_306-3a
307.md	43	KR3l0118_WYG_306-3b
307.md	51	KR3l0118_WYG_306-4a
307.md	59	KR3l0118_WYG_306-4b
307.md	67	KR3l0118_WYG_306-5a
307.md	75	KR3l0118_WYG_306-5b
307.md	83	KR3l0118_WYG_306-6a
307.md	91	KR3l0118_WYG_306-6b
307.md	99	KR3l0118_WYG_306-7a
307.md	107	KR3l0118_WYG_306-7b
307.md	115	KR3l0118_WYG_306-8a
307.md	123	KR3l0118_WYG_306-8b
307.md	131	KR3l0118_WYG_306-9a
307.md	139	KR3l0118_WYG_306-9b
307.md	147	KR3l0118_WYG_306-10a
307.md	155	KR3l0118_WYG_306-10b
307.md	163	KR3l0118_WYG_306-11a
307.md	171	KR3l0118_WYG_306-11b
308.md	3	KR3l0118_WYG_307-1a
308.md	11	KR3l0118_WYG_307-1b
308.md	19	KR3l0118_WYG_307-2a
308.md	27	KR3l0118_WYG_307-2b
308.md	35	KR3l0118_WYG_307-3a
308.md	43	KR3l0118_WYG_307-3b
308.md	51	KR3l0118_WYG_307-4a
308.md	59	KR3l0118_WYG_307-4b
308.md	67	KR3l0118_WYG_307-5a
308.md	75	KR3l0118_WYG_307-5b
308.md	83	KR3l0118_WYG_307-6a
308.md	91	KR3l0118_WYG_307-6b
308.md	99	KR3l0118_WYG_307-7a
308.md	107	KR3l0118_WYG_307-7b
308.md	115	KR3l0118_WYG_307-8a
308.md	123	KR3l0118_WYG_307-8b
308.md	131	KR3l0118_WYG_307-9a
308.md	139	KR3l0118_WYG_307-9b
308.md	147	KR3l0118_WYG_307-10a
308.md	155	KR3l0118_WYG_307-10b
308.md	163	KR3l0118_WYG_307-11a
308.md	171	KR3l0118_WYG_307-11b
308.md	179	KR3l0118_WYG_307-12a
308.md	187	KR3l0118_WYG_307-12b
308.md	195	KR3l0118_WYG_307-13a
308.md	203	KR3l0118_WYG_307-13b
309.md	3	KR3l0118_WYG_308-1a
309.md	11	KR3l0118_WYG_308-1b
309.md	19	KR3l0118_WYG_308-2a
309.md	27	KR3l0118_WYG_308-2b
309.md	35	KR3l0118_WYG_308-3a
309.md	43	KR3l0118_WYG_308-3b
309.md	51	KR3l0118_WYG_308-4a
309.md	59	KR3l0118_WYG_308-4b
309.md	67	KR3l0118_WYG_308-5a
309.md	75	KR3l0118_WYG_308-5b
309.md	83	KR3l0118_WYG_308-6a
309.md	91	KR3l0118_WYG_308-6b
309.md	99	KR3l0118_WYG_308-7a
309.md	107	KR3l0118_WYG_308-7b
309.md	115	KR3l0118_WYG_308-8a
309.md	123	KR3l0118_WYG_308-8b
309.md	131	KR3l0118_WYG_308-9a
309.md	139	KR3l0118_WYG_308-9b
309.md	147	KR3l0118_WYG_308-10a
309.md	155	KR3l0118_WYG_308-10b
309.md	163	KR3l0118_WYG_308-11a
309.md	171	KR3l0118_WYG_308-11b
310.md	3	KR3l0118_WYG_309-1a
310.md	11	KR3l0118_WYG_309-1b
310.md	19	KR3l0118_WYG_309-2a
310.md	27	KR3l0118_WYG_309-2b
310.md	35	KR3l0118_WYG_309-3a
310.md	43	KR3l0118_WYG_309-3b
310.md	51	KR3l0118_WYG_309-4a
310.md	59	KR3l0118_WYG_309-4b
310.md	67	KR3l0118_WYG_309-5a
310.md	75	KR3l0118_WYG_309-5b
310.md	83	KR3l0118_WYG_309-6a
310.md	91	KR3l0118_WYG_309-6b
310.md	99	KR3l0118_WYG_309-7a
310.md	107	KR3l0118_WYG_309-7b
310.md	115	KR3l0118_WYG_309-8a
310.md	123	KR3l0118_WYG_309-8b
310.md	131	KR3l0118_WYG_309-9a
310.md	139	KR3l0118_WYG_309-9b
310.md	147	KR3l0118_WYG_309-10a
310.md	155	KR3l0118_WYG_309-10b
310.md	163	KR3l0118_WYG_309-11a
310.md	171	KR3l0118_WYG_309-11b
310.md	179	KR3l0118_WYG_309-12a
310.md	187	KR3l0118_WYG_309-12b
311.md	3	KR3l0118_WYG_310-1a
311.md	11	KR3l0118_WYG_310-1b
311.md	19	KR3l0118_WYG_310-2a
311.md	27	KR3l0118_WYG_310-2b
311.md	35	KR3l0118_WYG_310-3a
311.md	43	KR3l0118_WYG_310-3b
311.md	51	KR3l0118_WYG_310-4a
311.md	59	KR3l0118_WYG_310-4b
311.md	67	KR3l0118_WYG_310-5a
311.md	75	KR3l0118_WYG_310-5b
311.md	83	KR3l0118_WYG_310-6a
311.md	91	KR3l0118_WYG_310-6b
311.md	99	KR3l0118_WYG_310-7a
311.md	107	KR3l0118_WYG_310-7b
311.md	115	KR3l0118_WYG_310-8a
311.md	123	KR3l0118_WYG_310-8b
311.md	131	KR3l0118_WYG_310-9a
311.md	139	KR3l0118_WYG_310-9b
311.md	147	KR3l0118_WYG_310-10a
311.md	155	KR3l0118_WYG_310-10b
311.md	163	KR3l0118_WYG_310-11a
311.md	171	KR3l0118_WYG_310-11b
311.md	179	KR3l0118_WYG_310-12a
311.md	187	KR3l0118_WYG_310-12b
311.md	195	KR3l0118_WYG_310-13a
311.md	203	KR3l0118_WYG_310-13b
312.md	3	KR3l0118_WYG_311-1a
312.md	11	KR3l0118_WYG_311-1b
312.md	19	KR3l0118_WYG_311-2a
312.md	27	KR3l0118_WYG_311-2b
312.md	35	KR3l0118_WYG_311-3a
312.md	43	KR3l0118_WYG_311-3b
312.md	51	KR3l0118_WYG_311-4a
312.md	59	KR3l0118_WYG_311-4b
312.md	67	KR3l0118_WYG_311-5a
312.md	75	KR3l0118_WYG_311-5b
312.md	83	KR3l0118_WYG_311-6a
312.md	91	KR3l0118_WYG_311-6b
312.md	99	KR3l0118_WYG_311-7a
312.md	107	KR3l0118_WYG_311-7b
312.md	115	KR3l0118_WYG_311-8a
312.md	123	KR3l0118_WYG_311-8b
312.md	131	KR3l0118_WYG_311-9a
312.md	139	KR3l0118_WYG_311-9b
312.md	147	KR3l0118_WYG_311-10a
312.md	155	KR3l0118_WYG_311-10b
312.md	163	KR3l0118_WYG_311-11a
312.md	171	KR3l0118_WYG_311-11b
313.md	3	KR3l0118_WYG_312-1a
313.md	11	KR3l0118_WYG_312-1b
313.md	19	KR3l0118_WYG_312-2a
313.md	27	KR3l0118_WYG_312-2b
313.md	35	KR3l0118_WYG_312-3a
313.md	43	KR3l0118_WYG_312-3b
313.md	51	KR3l0118_WYG_312-4a
313.md	59	KR3l0118_WYG_312-4b
313.md	67	KR3l0118_WYG_312-5a
313.md	75	KR3l0118_WYG_312-5b
313.md	83	KR3l0118_WYG_312-6a
313.md	91	KR3l0118_WYG_312-6b
313.md	99	KR3l0118_WYG_312-7a
313.md	107	KR3l0118_WYG_312-7b
313.md	115	KR3l0118_WYG_312-8a
313.md	123	KR3l0118_WYG_312-8b
313.md	131	KR3l0118_WYG_312-9a
313.md	139	KR3l0118_WYG_312-9b
313.md	147	KR3l0118_WYG_312-10a
313.md	155	KR3l0118_WYG_312-10b
313.md	163	KR3l0118_WYG_312-11a
313.md	171	KR3l0118_WYG_312-11b
314.md	3	KR3l0118_WYG_313-1a
314.md	11	KR3l0118_WYG_313-1b
314.md	19	KR3l0118_WYG_313-2a
314.md	27	KR3l0118_WYG_313-2b
314.md	35	KR3l0118_WYG_313-3a
314.md	43	KR3l0118_WYG_313-3b
314.md	51	KR3l0118_WYG_313-4a
314.md	59	KR3l0118_WYG_313-4b
314.md	67	KR3l0118_WYG_313-5a
314.md	75	KR3l0118_WYG_313-5b
314.md	83	KR3l0118_WYG_313-6a
314.md	91	KR3l0118_WYG_313-6b
314.md	99	KR3l0118_WYG_313-7a
314.md	107	KR3l0118_WYG_313-7b
314.md	115	KR3l0118_WYG_313-8a
314.md	123	KR3l0118_WYG_313-8b
314.md	131	KR3l0118_WYG_313-9a
314.md	139	KR3l0118_WYG_313-9b
314.md	147	KR3l0118_WYG_313-10a
314.md	155	KR3l0118_WYG_313-10b
314.md	163	KR3l0118_WYG_313-11a
314.md	171	KR3l0118_WYG_313-11b
315.md	3	KR3l0118_WYG_314-1a
315.md	11	KR3l0118_WYG_314-1b
315.md	19	KR3l0118_WYG_314-2a
315.md	27	KR3l0118_WYG_314-2b
315.md	35	KR3l0118_WYG_314-3a
315.md	43	KR3l0118_WYG_314-3b
315.md	51	KR3l0118_WYG_314-4a
315.md	59	KR3l0118_WYG_314-4b
315.md	67	KR3l0118_WYG_314-5a
315.md	75	KR3l0118_WYG_314-5b
315.md	83	KR3l0118_WYG_314-6a
315.md	91	KR3l0118_WYG_314-6b
315.md	99	KR3l0118_WYG_314-7a
315.md	107	KR3l0118_WYG_314-7b
315.md	115	KR3l0118_WYG_314-8a
315.md	123	KR3l0118_WYG_314-8b
315.md	131	KR3l0118_WYG_314-9a
315.md	139	KR3l0118_WYG_314-9b
315.md	147	KR3l0118_WYG_314-10a
315.md	155	KR3l0118_WYG_314-10b
315.md	163	KR3l0118_WYG_314-11a
315.md	171	KR3l0118_WYG_314-11b
315.md	179	KR3l0118_WYG_314-12a
315.md	187	KR3l0118_WYG_314-12b
316.md	3	KR3l0118_WYG_315-1a
316.md	11	KR3l0118_WYG_315-1b
316.md	19	KR3l0118_WYG_315-2a
316.md	27	KR3l0118_WYG_315-2b
316.md	35	KR3l0118_WYG_315-3a
316.md	43	KR3l0118_WYG_315-3b
316.md	51	KR3l0118_WYG_315-4a
316.md	59	KR3l0118_WYG_315-4b
316.md	67	KR3l0118_WYG_315-5a
316.md	75	KR3l0118_WYG_315-5b
316.md	83	KR3l0118_WYG_315-6a
316.md	91	KR3l0118_WYG_315-6b
316.md	99	KR3l0118_WYG_315-7a
316.md	107	KR3l0118_WYG_315-7b
316.md	115	KR3l0118_WYG_315-8a
316.md	123	KR3l0118_WYG_315-8b
316.md	128	KR3l0118_WYG_315-9a
316.md	136	KR3l0118_WYG_315-9b
316.md	144	KR3l0118_WYG_315-10a
316.md	152	KR3l0118_WYG_315-10b
317.md	3	KR3l0118_WYG_316-1a
317.md	11	KR3l0118_WYG_316-1b
317.md	19	KR3l0118_WYG_316-2a
317.md	27	KR3l0118_WYG_316-2b
317.md	35	KR3l0118_WYG_316-3a
317.md	43	KR3l0118_WYG_316-3b
317.md	51	KR3l0118_WYG_316-4a
317.md	59	KR3l0118_WYG_316-4b
317.md	67	KR3l0118_WYG_316-5a
317.md	75	KR3l0118_WYG_316-5b
317.md	83	KR3l0118_WYG_316-6a
317.md	91	KR3l0118_WYG_316-6b
317.md	99	KR3l0118_WYG_316-7a
317.md	107	KR3l0118_WYG_316-7b
317.md	115	KR3l0118_WYG_316-8a
317.md	123	KR3l0118_WYG_316-8b
317.md	131	KR3l0118_WYG_316-9a
317.md	139	KR3l0118_WYG_316-9b
317.md	147	KR3l0118_WYG_316-10a
317.md	155	KR3l0118_WYG_316-10b
318.md	3	KR3l0118_WYG_317-1a
318.md	11	KR3l0118_WYG_317-1b
318.md	19	KR3l0118_WYG_317-2a
318.md	27	KR3l0118_WYG_317-2b
318.md	35	KR3l0118_WYG_317-3a
318.md	43	KR3l0118_WYG_317-3b
318.md	51	KR3l0118_WYG_317-4a
318.md	59	KR3l0118_WYG_317-4b
318.md	67	KR3l0118_WYG_317-5a
318.md	75	KR3l0118_WYG_317-5b
318.md	83	KR3l0118_WYG_317-6a
318.md	91	KR3l0118_WYG_317-6b
318.md	99	KR3l0118_WYG_317-7a
318.md	107	KR3l0118_WYG_317-7b
318.md	115	KR3l0118_WYG_317-8a
318.md	123	KR3l0118_WYG_317-8b
318.md	131	KR3l0118_WYG_317-9a
318.md	139	KR3l0118_WYG_317-9b
318.md	147	KR3l0118_WYG_317-10a
318.md	155	KR3l0118_WYG_317-10b
318.md	163	KR3l0118_WYG_317-11a
318.md	171	KR3l0118_WYG_317-11b
318.md	179	KR3l0118_WYG_317-12a
318.md	187	KR3l0118_WYG_317-12b
319.md	3	KR3l0118_WYG_318-1a
319.md	11	KR3l0118_WYG_318-1b
319.md	19	KR3l0118_WYG_318-2a
319.md	27	KR3l0118_WYG_318-2b
319.md	35	KR3l0118_WYG_318-3a
319.md	43	KR3l0118_WYG_318-3b
319.md	51	KR3l0118_WYG_318-4a
319.md	59	KR3l0118_WYG_318-4b
319.md	67	KR3l0118_WYG_318-5a
319.md	75	KR3l0118_WYG_318-5b
319.md	83	KR3l0118_WYG_318-6a
319.md	91	KR3l0118_WYG_318-6b
319.md	99	KR3l0118_WYG_318-7a
319.md	107	KR3l0118_WYG_318-7b
319.md	115	KR3l0118_WYG_318-8a
319.md	123	KR3l0118_WYG_318-8b
319.md	131	KR3l0118_WYG_318-9a
319.md	139	KR3l0118_WYG_318-9b
319.md	147	KR3l0118_WYG_318-10a
319.md	155	KR3l0118_WYG_318-10b
319.md	163	KR3l0118_WYG_318-11a
319.md	171	KR3l0118_WYG_318-11b
319.md	179	KR3l0118_WYG_318-12a
319.md	187	KR3l0118_WYG_318-12b
320.md	3	KR3l0118_WYG_319-1a
320.md	11	KR3l0118_WYG_319-1b
320.md	19	KR3l0118_WYG_319-2a
320.md	27	KR3l0118_WYG_319-2b
320.md	35	KR3l0118_WYG_319-3a
320.md	43	KR3l0118_WYG_319-3b
320.md	51	KR3l0118_WYG_319-4a
320.md	59	KR3l0118_WYG_319-4b
320.md	67	KR3l0118_WYG_319-5a
320.md	75	KR3l0118_WYG_319-5b
320.md	83	KR3l0118_WYG_319-6a
320.md	91	KR3l0118_WYG_319-6b
320.md	99	KR3l0118_WYG_319-7a
320.md	107	KR3l0118_WYG_319-7b
320.md	115	KR3l0118_WYG_319-8a
320.md	123	KR3l0118_WYG_319-8b
320.md	131	KR3l0118_WYG_319-9a
320.md	139	KR3l0118_WYG_319-9b
320.md	147	KR3l0118_WYG_319-10a
320.md	155	KR3l0118_WYG_319-10b
320.md	163	KR3l0118_WYG_319-11a
320.md	171	KR3l0118_WYG_319-11b
320.md	179	KR3l0118_WYG_319-12a
320.md	187	KR3l0118_WYG_319-12b
321.md	3	KR3l0118_WYG_320-1a
321.md	11	KR3l0118_WYG_320-1b
321.md	19	KR3l0118_WYG_320-2a
321.md	27	KR3l0118_WYG_320-2b
321.md	35	KR3l0118_WYG_320-3a
321.md	43	KR3l0118_WYG_320-3b
321.md	51	KR3l0118_WYG_320-4a
321.md	59	KR3l0118_WYG_320-4b
321.md	67	KR3l0118_WYG_320-5a
321.md	75	KR3l0118_WYG_320-5b
321.md	83	KR3l0118_WYG_320-6a
321.md	91	KR3l0118_WYG_320-6b
321.md	99	KR3l0118_WYG_320-7a
321.md	107	KR3l0118_WYG_320-7b
321.md	115	KR3l0118_WYG_320-8a
321.md	123	KR3l0118_WYG_320-8b
321.md	131	KR3l0118_WYG_320-9a
321.md	139	KR3l0118_WYG_320-9b
321.md	147	KR3l0118_WYG_320-10a
321.md	155	KR3l0118_WYG_320-10b
321.md	163	KR3l0118_WYG_320-11a
321.md	171	KR3l0118_WYG_320-11b
322.md	3	KR3l0118_WYG_321-1a
322.md	11	KR3l0118_WYG_321-1b
322.md	19	KR3l0118_WYG_321-2a
322.md	27	KR3l0118_WYG_321-2b
322.md	35	KR3l0118_WYG_321-3a
322.md	43	KR3l0118_WYG_321-3b
322.md	51	KR3l0118_WYG_321-4a
322.md	59	KR3l0118_WYG_321-4b
322.md	67	KR3l0118_WYG_321-5a
322.md	75	KR3l0118_WYG_321-5b
322.md	83	KR3l0118_WYG_321-6a
322.md	91	KR3l0118_WYG_321-6b
322.md	99	KR3l0118_WYG_321-7a
322.md	107	KR3l0118_WYG_321-7b
322.md	115	KR3l0118_WYG_321-8a
322.md	123	KR3l0118_WYG_321-8b
322.md	131	KR3l0118_WYG_321-9a
322.md	139	KR3l0118_WYG_321-9b
322.md	147	KR3l0118_WYG_321-10a
322.md	155	KR3l0118_WYG_321-10b
323.md	3	KR3l0118_WYG_322-1a
323.md	11	KR3l0118_WYG_322-1b
323.md	19	KR3l0118_WYG_322-2a
323.md	27	KR3l0118_WYG_322-2b
323.md	35	KR3l0118_WYG_322-3a
323.md	43	KR3l0118_WYG_322-3b
323.md	51	KR3l0118_WYG_322-4a
323.md	59	KR3l0118_WYG_322-4b
323.md	67	KR3l0118_WYG_322-5a
323.md	75	KR3l0118_WYG_322-5b
323.md	83	KR3l0118_WYG_322-6a
323.md	91	KR3l0118_WYG_322-6b
323.md	99	KR3l0118_WYG_322-7a
323.md	107	KR3l0118_WYG_322-7b
323.md	115	KR3l0118_WYG_322-8a
323.md	123	KR3l0118_WYG_322-8b
323.md	131	KR3l0118_WYG_322-9a
323.md	139	KR3l0118_WYG_322-9b
323.md	147	KR3l0118_WYG_322-10a
323.md	155	KR3l0118_WYG_322-10b
323.md	163	KR3l0118_WYG_322-11a
323.md	171	KR3l0118_WYG_322-11b
324.md	3	KR3l0118_WYG_323-1a
324.md	11	KR3l0118_WYG_323-1b
324.md	19	KR3l0118_WYG_323-2a
324.md	27	KR3l0118_WYG_323-2b
324.md	35	KR3l0118_WYG_323-3a
324.md	43	KR3l0118_WYG_323-3b
324.md	51	KR3l0118_WYG_323-4a
324.md	59	KR3l0118_WYG_323-4b
324.md	67	KR3l0118_WYG_323-5a
324.md	75	KR3l0118_WYG_323-5b
324.md	83	KR3l0118_WYG_323-6a
324.md	91	KR3l0118_WYG_323-6b
324.md	99	KR3l0118_WYG_323-7a
324.md	107	KR3l0118_WYG_323-7b
324.md	115	KR3l0118_WYG_323-8a
324.md	123	KR3l0118_WYG_323-8b
324.md	131	KR3l0118_WYG_323-9a
324.md	139	KR3l0118_WYG_323-9b
324.md	147	KR3l0118_WYG_323-10a
324.md	155	KR3l0118_WYG_323-10b
324.md	163	KR3l0118_WYG_323-11a
324.md	171	KR3l0118_WYG_323-11b
324.md	179	KR3l0118_WYG_323-12a
324.md	187	KR3l0118_WYG_323-12b
325.md	3	KR3l0118_WYG_324-1a
325.md	11	KR3l0118_WYG_324-1b
325.md	19	KR3l0118_WYG_324-2a
325.md	27	KR3l0118_WYG_324-2b
325.md	35	KR3l0118_WYG_324-3a
325.md	43	KR3l0118_WYG_324-3b
325.md	51	KR3l0118_WYG_324-4a
325.md	59	KR3l0118_WYG_324-4b
325.md	67	KR3l0118_WYG_324-5a
325.md	75	KR3l0118_WYG_324-5b
325.md	83	KR3l0118_WYG_324-6a
325.md	91	KR3l0118_WYG_324-6b
325.md	99	KR3l0118_WYG_324-7a
325.md	107	KR3l0118_WYG_324-7b
325.md	115	KR3l0118_WYG_324-8a
325.md	123	KR3l0118_WYG_324-8b
325.md	131	KR3l0118_WYG_324-9a
325.md	139	KR3l0118_WYG_324-9b
325.md	147	KR3l0118_WYG_324-10a
325.md	155	KR3l0118_WYG_324-10b
325.md	163	KR3l0118_WYG_324-11a
325.md	171	KR3l0118_WYG_324-11b
325.md	179	KR3l0118_WYG_324-12a
325.md	187	KR3l0118_WYG_324-12b
326.md	3	KR3l0118_WYG_325-1a
326.md	11	KR3l0118_WYG_325-1b
326.md	19	KR3l0118_WYG_325-2a
326.md	27	KR3l0118_WYG_325-2b
326.md	35	KR3l0118_WYG_325-3a
326.md	43	KR3l0118_WYG_325-3b
326.md	51	KR3l0118_WYG_325-4a
326.md	59	KR3l0118_WYG_325-4b
326.md	67	KR3l0118_WYG_325-5a
326.md	75	KR3l0118_WYG_325-5b
326.md	83	KR3l0118_WYG_325-6a
326.md	91	KR3l0118_WYG_325-6b
326.md	99	KR3l0118_WYG_325-7a
326.md	107	KR3l0118_WYG_325-7b
326.md	115	KR3l0118_WYG_325-8a
326.md	123	KR3l0118_WYG_325-8b
326.md	131	KR3l0118_WYG_325-9a
326.md	139	KR3l0118_WYG_325-9b
326.md	147	KR3l0118_WYG_325-10a
326.md	155	KR3l0118_WYG_325-10b
326.md	163	KR3l0118_WYG_325-11a
326.md	171	KR3l0118_WYG_325-11b
327.md	3	KR3l0118_WYG_326-1a
327.md	11	KR3l0118_WYG_326-1b
327.md	19	KR3l0118_WYG_326-2a
327.md	27	KR3l0118_WYG_326-2b
327.md	35	KR3l0118_WYG_326-3a
327.md	43	KR3l0118_WYG_326-3b
327.md	51	KR3l0118_WYG_326-4a
327.md	59	KR3l0118_WYG_326-4b
327.md	67	KR3l0118_WYG_326-5a
327.md	75	KR3l0118_WYG_326-5b
327.md	83	KR3l0118_WYG_326-6a
327.md	91	KR3l0118_WYG_326-6b
327.md	99	KR3l0118_WYG_326-7a
327.md	107	KR3l0118_WYG_326-7b
327.md	115	KR3l0118_WYG_326-8a
327.md	123	KR3l0118_WYG_326-8b
327.md	131	KR3l0118_WYG_326-9a
327.md	139	KR3l0118_WYG_326-9b
327.md	147	KR3l0118_WYG_326-10a
327.md	155	KR3l0118_WYG_326-10b
328.md	3	KR3l0118_WYG_327-1a
328.md	11	KR3l0118_WYG_327-1b
328.md	19	KR3l0118_WYG_327-2a
328.md	27	KR3l0118_WYG_327-2b
328.md	35	KR3l0118_WYG_327-3a
328.md	43	KR3l0118_WYG_327-3b
328.md	51	KR3l0118_WYG_327-4a
328.md	59	KR3l0118_WYG_327-4b
328.md	67	KR3l0118_WYG_327-5a
328.md	75	KR3l0118_WYG_327-5b
328.md	83	KR3l0118_WYG_327-6a
328.md	91	KR3l0118_WYG_327-6b
328.md	99	KR3l0118_WYG_327-7a
328.md	107	KR3l0118_WYG_327-7b
328.md	115	KR3l0118_WYG_327-8a
328.md	123	KR3l0118_WYG_327-8b
328.md	131	KR3l0118_WYG_327-9a
328.md	139	KR3l0118_WYG_327-9b
328.md	147	KR3l0118_WYG_327-10a
328.md	155	KR3l0118_WYG_327-10b
328.md	163	KR3l0118_WYG_327-11a
328.md	171	KR3l0118_WYG_327-11b
328.md	179	KR3l0118_WYG_327-12a
328.md	187	KR3l0118_WYG_327-12b
329.md	3	KR3l0118_WYG_328-1a
329.md	11	KR3l0118_WYG_328-1b
329.md	19	KR3l0118_WYG_328-2a
329.md	27	KR3l0118_WYG_328-2b
329.md	35	KR3l0118_WYG_328-3a
329.md	43	KR3l0118_WYG_328-3b
329.md	51	KR3l0118_WYG_328-4a
329.md	59	KR3l0118_WYG_328-4b
329.md	67	KR3l0118_WYG_328-5a
329.md	75	KR3l0118_WYG_328-5b
329.md	83	KR3l0118_WYG_328-6a
329.md	91	KR3l0118_WYG_328-6b
329.md	99	KR3l0118_WYG_328-7a
329.md	107	KR3l0118_WYG_328-7b
329.md	115	KR3l0118_WYG_328-8a
329.md	123	KR3l0118_WYG_328-8b
329.md	131	KR3l0118_WYG_328-9a
329.md	139	KR3l0118_WYG_328-9b
329.md	147	KR3l0118_WYG_328-10a
329.md	155	KR3l0118_WYG_328-10b
329.md	163	KR3l0118_WYG_328-11a
329.md	171	KR3l0118_WYG_328-11b
329.md	179	KR3l0118_WYG_328-12a
329.md	187	KR3l0118_WYG_328-12b
330.md	3	KR3l0118_WYG_329-1a
330.md	11	KR3l0118_WYG_329-1b
330.md	19	KR3l0118_WYG_329-2a
330.md	27	KR3l0118_WYG_329-2b
330.md	35	KR3l0118_WYG_329-3a
330.md	43	KR3l0118_WYG_329-3b
330.md	51	KR3l0118_WYG_329-4a
330.md	59	KR3l0118_WYG_329-4b
330.md	67	KR3l0118_WYG_329-5a
330.md	75	KR3l0118_WYG_329-5b
330.md	83	KR3l0118_WYG_329-6a
330.md	91	KR3l0118_WYG_329-6b
330.md	99	KR3l0118_WYG_329-7a
330.md	107	KR3l0118_WYG_329-7b
330.md	115	KR3l0118_WYG_329-8a
330.md	123	KR3l0118_WYG_329-8b
330.md	131	KR3l0118_WYG_329-9a
330.md	139	KR3l0118_WYG_329-9b
330.md	147	KR3l0118_WYG_329-10a
330.md	155	KR3l0118_WYG_329-10b
330.md	163	KR3l0118_WYG_329-11a
330.md	171	KR3l0118_WYG_329-11b
331.md	3	KR3l0118_WYG_330-1a
331.md	11	KR3l0118_WYG_330-1b
331.md	19	KR3l0118_WYG_330-2a
331.md	27	KR3l0118_WYG_330-2b
331.md	35	KR3l0118_WYG_330-3a
331.md	43	KR3l0118_WYG_330-3b
331.md	51	KR3l0118_WYG_330-4a
331.md	59	KR3l0118_WYG_330-4b
331.md	67	KR3l0118_WYG_330-5a
331.md	75	KR3l0118_WYG_330-5b
331.md	83	KR3l0118_WYG_330-6a
331.md	91	KR3l0118_WYG_330-6b
331.md	99	KR3l0118_WYG_330-7a
331.md	107	KR3l0118_WYG_330-7b
331.md	115	KR3l0118_WYG_330-8a
331.md	123	KR3l0118_WYG_330-8b
331.md	131	KR3l0118_WYG_330-9a
331.md	139	KR3l0118_WYG_330-9b
331.md	147	KR3l0118_WYG_330-10a
331.md	155	KR3l0118_WYG_330-10b
331.md	163	KR3l0118_WYG_330-11a
331.md	171	KR3l0118_WYG_330-11b
331.md	179	KR3l0118_WYG_330-12a
331.md	187	KR3l0118_WYG_330-12b
332.md	3	KR3l0118_WYG_331-1a
332.md	11	KR3l0118_WYG_331-1b
332.md	19	KR3l0118_WYG_331-2a
332.md	27	KR3l0118_WYG_331-2b
332.md	35	KR3l0118_WYG_331-3a
332.md	43	KR3l0118_WYG_331-3b
332.md	51	KR3l0118_WYG_331-4a
332.md	59	KR3l0118_WYG_331-4b
332.md	67	KR3l0118_WYG_331-5a
332.md	75	KR3l0118_WYG_331-5b
332.md	83	KR3l0118_WYG_331-6a
332.md	91	KR3l0118_WYG_331-6b
332.md	99	KR3l0118_WYG_331-7a
332.md	107	KR3l0118_WYG_331-7b
332.md	115	KR3l0118_WYG_331-8a
332.md	123	KR3l0118_WYG_331-8b
332.md	131	KR3l0118_WYG_331-9a
332.md	139	KR3l0118_WYG_331-9b
332.md	147	KR3l0118_WYG_331-10a
332.md	155	KR3l0118_WYG_331-10b
332.md	163	KR3l0118_WYG_331-11a
332.md	171	KR3l0118_WYG_331-11b
333.md	3	KR3l0118_WYG_332-1a
333.md	11	KR3l0118_WYG_332-1b
333.md	19	KR3l0118_WYG_332-2a
333.md	27	KR3l0118_WYG_332-2b
333.md	35	KR3l0118_WYG_332-3a
333.md	43	KR3l0118_WYG_332-3b
333.md	51	KR3l0118_WYG_332-4a
333.md	59	KR3l0118_WYG_332-4b
333.md	67	KR3l0118_WYG_332-5a
333.md	75	KR3l0118_WYG_332-5b
333.md	83	KR3l0118_WYG_332-6a
333.md	91	KR3l0118_WYG_332-6b
333.md	99	KR3l0118_WYG_332-7a
333.md	107	KR3l0118_WYG_332-7b
333.md	115	KR3l0118_WYG_332-8a
333.md	123	KR3l0118_WYG_332-8b
333.md	131	KR3l0118_WYG_332-9a
333.md	139	KR3l0118_WYG_332-9b
333.md	147	KR3l0118_WYG_332-10a
333.md	155	KR3l0118_WYG_332-10b
334.md	3	KR3l0118_WYG_333-1a
334.md	11	KR3l0118_WYG_333-1b
334.md	19	KR3l0118_WYG_333-2a
334.md	27	KR3l0118_WYG_333-2b
334.md	35	KR3l0118_WYG_333-3a
334.md	43	KR3l0118_WYG_333-3b
334.md	51	KR3l0118_WYG_333-4a
334.md	59	KR3l0118_WYG_333-4b
334.md	67	KR3l0118_WYG_333-5a
334.md	75	KR3l0118_WYG_333-5b
334.md	83	KR3l0118_WYG_333-6a
334.md	91	KR3l0118_WYG_333-6b
334.md	99	KR3l0118_WYG_333-7a
334.md	107	KR3l0118_WYG_333-7b
334.md	115	KR3l0118_WYG_333-8a
334.md	123	KR3l0118_WYG_333-8b
334.md	131	KR3l0118_WYG_333-9a
334.md	139	KR3l0118_WYG_333-9b
334.md	147	KR3l0118_WYG_333-10a
334.md	155	KR3l0118_WYG_333-10b
334.md	163	KR3l0118_WYG_333-11a
334.md	171	KR3l0118_WYG_333-11b
334.md	179	KR3l0118_WYG_333-12a
334.md	187	KR3l0118_WYG_333-12b
335.md	3	KR3l0118_WYG_334-1a
335.md	11	KR3l0118_WYG_334-1b
335.md	19	KR3l0118_WYG_334-2a
335.md	27	KR3l0118_WYG_334-2b
335.md	35	KR3l0118_WYG_334-3a
335.md	43	KR3l0118_WYG_334-3b
335.md	51	KR3l0118_WYG_334-4a
335.md	59	KR3l0118_WYG_334-4b
335.md	67	KR3l0118_WYG_334-5a
335.md	75	KR3l0118_WYG_334-5b
335.md	83	KR3l0118_WYG_334-6a
335.md	91	KR3l0118_WYG_334-6b
335.md	99	KR3l0118_WYG_334-7a
335.md	107	KR3l0118_WYG_334-7b
335.md	115	KR3l0118_WYG_334-8a
335.md	123	KR3l0118_WYG_334-8b
335.md	131	KR3l0118_WYG_334-9a
335.md	139	KR3l0118_WYG_334-9b
335.md	147	KR3l0118_WYG_334-10a
335.md	155	KR3l0118_WYG_334-10b
335.md	163	KR3l0118_WYG_334-11a
335.md	171	KR3l0118_WYG_334-11b
336.md	3	KR3l0118_WYG_335-1a
336.md	11	KR3l0118_WYG_335-1b
336.md	19	KR3l0118_WYG_335-2a
336.md	27	KR3l0118_WYG_335-2b
336.md	35	KR3l0118_WYG_335-3a
336.md	43	KR3l0118_WYG_335-3b
336.md	51	KR3l0118_WYG_335-4a
336.md	59	KR3l0118_WYG_335-4b
336.md	67	KR3l0118_WYG_335-5a
336.md	75	KR3l0118_WYG_335-5b
336.md	83	KR3l0118_WYG_335-6a
336.md	91	KR3l0118_WYG_335-6b
336.md	99	KR3l0118_WYG_335-7a
336.md	107	KR3l0118_WYG_335-7b
336.md	115	KR3l0118_WYG_335-8a
336.md	123	KR3l0118_WYG_335-8b
336.md	131	KR3l0118_WYG_335-9a
336.md	139	KR3l0118_WYG_335-9b
336.md	147	KR3l0118_WYG_335-10a
336.md	155	KR3l0118_WYG_335-10b
337.md	3	KR3l0118_WYG_336-1a
337.md	11	KR3l0118_WYG_336-1b
337.md	19	KR3l0118_WYG_336-2a
337.md	27	KR3l0118_WYG_336-2b
337.md	35	KR3l0118_WYG_336-3a
337.md	43	KR3l0118_WYG_336-3b
337.md	51	KR3l0118_WYG_336-4a
337.md	59	KR3l0118_WYG_336-4b
337.md	67	KR3l0118_WYG_336-5a
337.md	75	KR3l0118_WYG_336-5b
337.md	83	KR3l0118_WYG_336-6a
337.md	91	KR3l0118_WYG_336-6b
337.md	99	KR3l0118_WYG_336-7a
337.md	107	KR3l0118_WYG_336-7b
337.md	115	KR3l0118_WYG_336-8a
337.md	123	KR3l0118_WYG_336-8b
337.md	131	KR3l0118_WYG_336-9a
337.md	139	KR3l0118_WYG_336-9b
337.md	147	KR3l0118_WYG_336-10a
337.md	155	KR3l0118_WYG_336-10b
337.md	163	KR3l0118_WYG_336-11a
337.md	171	KR3l0118_WYG_336-11b
338.md	3	KR3l0118_WYG_337-1a
338.md	11	KR3l0118_WYG_337-1b
338.md	19	KR3l0118_WYG_337-2a
338.md	27	KR3l0118_WYG_337-2b
338.md	35	KR3l0118_WYG_337-3a
338.md	43	KR3l0118_WYG_337-3b
338.md	51	KR3l0118_WYG_337-4a
338.md	59	KR3l0118_WYG_337-4b
338.md	67	KR3l0118_WYG_337-5a
338.md	75	KR3l0118_WYG_337-5b
338.md	83	KR3l0118_WYG_337-6a
338.md	91	KR3l0118_WYG_337-6b
338.md	99	KR3l0118_WYG_337-7a
338.md	107	KR3l0118_WYG_337-7b
338.md	115	KR3l0118_WYG_337-8a
338.md	123	KR3l0118_WYG_337-8b
338.md	131	KR3l0118_WYG_337-9a
338.md	139	KR3l0118_WYG_337-9b
338.md	147	KR3l0118_WYG_337-10a
338.md	155	KR3l0118_WYG_337-10b
338.md	163	KR3l0118_WYG_337-11a
338.md	171	KR3l0118_WYG_337-11b
338.md	179	KR3l0118_WYG_337-12a
338.md	187	KR3l0118_WYG_337-12b
339.md	3	KR3l0118_WYG_338-1a
339.md	11	KR3l0118_WYG_338-1b
339.md	19	KR3l0118_WYG_338-2a
339.md	27	KR3l0118_WYG_338-2b
339.md	35	KR3l0118_WYG_338-3a
339.md	43	KR3l0118_WYG_338-3b
339.md	51	KR3l0118_WYG_338-4a
339.md	59	KR3l0118_WYG_338-4b
339.md	67	KR3l0118_WYG_338-5a
339.md	75	KR3l0118_WYG_338-5b
339.md	83	KR3l0118_WYG_338-6a
339.md	91	KR3l0118_WYG_338-6b
339.md	99	KR3l0118_WYG_338-7a
339.md	107	KR3l0118_WYG_338-7b
339.md	115	KR3l0118_WYG_338-8a
339.md	123	KR3l0118_WYG_338-8b
339.md	131	KR3l0118_WYG_338-9a
339.md	139	KR3l0118_WYG_338-9b
339.md	147	KR3l0118_WYG_338-10a
339.md	155	KR3l0118_WYG_338-10b
339.md	163	KR3l0118_WYG_338-11a
339.md	171	KR3l0118_WYG_338-11b
340.md	3	KR3l0118_WYG_339-1a
340.md	11	KR3l0118_WYG_339-1b
340.md	19	KR3l0118_WYG_339-2a
340.md	27	KR3l0118_WYG_339-2b
340.md	35	KR3l0118_WYG_339-3a
340.md	43	KR3l0118_WYG_339-3b
340.md	51	KR3l0118_WYG_339-4a
340.md	59	KR3l0118_WYG_339-4b
340.md	67	KR3l0118_WYG_339-5a
340.md	75	KR3l0118_WYG_339-5b
340.md	83	KR3l0118_WYG_339-6a
340.md	91	KR3l0118_WYG_339-6b
340.md	99	KR3l0118_WYG_339-7a
340.md	107	KR3l0118_WYG_339-7b
340.md	115	KR3l0118_WYG_339-8a
340.md	123	KR3l0118_WYG_339-8b
340.md	131	KR3l0118_WYG_339-9a
340.md	139	KR3l0118_WYG_339-9b
340.md	147	KR3l0118_WYG_339-10a
340.md	155	KR3l0118_WYG_339-10b
340.md	163	KR3l0118_WYG_339-11a
340.md	171	KR3l0118_WYG_339-11b
341.md	3	KR3l0118_WYG_340-1a
341.md	11	KR3l0118_WYG_340-1b
341.md	19	KR3l0118_WYG_340-2a
341.md	27	KR3l0118_WYG_340-2b
341.md	35	KR3l0118_WYG_340-3a
341.md	43	KR3l0118_WYG_340-3b
341.md	51	KR3l0118_WYG_340-4a
341.md	59	KR3l0118_WYG_340-4b
341.md	67	KR3l0118_WYG_340-5a
341.md	75	KR3l0118_WYG_340-5b
341.md	83	KR3l0118_WYG_340-6a
341.md	91	KR3l0118_WYG_340-6b
341.md	99	KR3l0118_WYG_340-7a
341.md	107	KR3l0118_WYG_340-7b
341.md	115	KR3l0118_WYG_340-8a
341.md	123	KR3l0118_WYG_340-8b
341.md	131	KR3l0118_WYG_340-9a
341.md	139	KR3l0118_WYG_340-9b
341.md	147	KR3l0118_WYG_340-10a
341.md	155	KR3l0118_WYG_340-10b
342.md	3	KR3l0118_WYG_341-1a
342.md	11	KR3l0118_WYG_341-1b
342.md	19	KR3l0118_WYG_341-2a
342.md	27	KR3l0118_WYG_341-2b
342.md	35	KR3l0118_WYG_341-3a
342.md	43	KR3l0118_WYG_341-3b
342.md	51	KR3l0118_WYG_341-4a
342.md	59	KR3l0118_WYG_341-4b
342.md	67	KR3l0118_WYG_341-5a
342.md	75	KR3l0118_WYG_341-5b
342.md	83	KR3l0118_WYG_341-6a
342.md	91	KR3l0118_WYG_341-6b
342.md	99	KR3l0118_WYG_341-7a
342.md	107	KR3l0118_WYG_341-7b
342.md	115	KR3l0118_WYG_341-8a
342.md	123	KR3l0118_WYG_341-8b
342.md	131	KR3l0118_WYG_341-9a
342.md	139	KR3l0118_WYG_341-9b
342.md	147	KR3l0118_WYG_341-10a
342.md	155	KR3l0118_WYG_341-10b
343.md	3	KR3l0118_WYG_342-1a
343.md	11	KR3l0118_WYG_342-1b
343.md	19	KR3l0118_WYG_342-2a
343.md	27	KR3l0118_WYG_342-2b
343.md	35	KR3l0118_WYG_342-3a
343.md	43	KR3l0118_WYG_342-3b
343.md	51	KR3l0118_WYG_342-4a
343.md	59	KR3l0118_WYG_342-4b
343.md	67	KR3l0118_WYG_342-5a
343.md	75	KR3l0118_WYG_342-5b
343.md	83	KR3l0118_WYG_342-6a
343.md	91	KR3l0118_WYG_342-6b
343.md	99	KR3l0118_WYG_342-7a
343.md	107	KR3l0118_WYG_342-7b
343.md	115	KR3l0118_WYG_342-8a
343.md	123	KR3l0118_WYG_342-8b
343.md	131	KR3l0118_WYG_342-9a
343.md	139	KR3l0118_WYG_342-9b
343.md	147	KR3l0118_WYG_342-10a
343.md	155	KR3l0118_WYG_342-10b
343.md	163	KR3l0118_WYG_342-11a
343.md	171	KR3l0118_WYG_342-11b
343.md	179	KR3l0118_WYG_342-12a
343.md	187	KR3l0118_WYG_342-12b
343.md	195	KR3l0118_WYG_342-13a
343.md	203	KR3l0118_WYG_342-13b
344.md	3	KR3l0118_WYG_343-1a
344.md	11	KR3l0118_WYG_343-1b
344.md	19	KR3l0118_WYG_343-2a
344.md	27	KR3l0118_WYG_343-2b
344.md	35	KR3l0118_WYG_343-3a
344.md	43	KR3l0118_WYG_343-3b
344.md	51	KR3l0118_WYG_343-4a
344.md	59	KR3l0118_WYG_343-4b
344.md	67	KR3l0118_WYG_343-5a
344.md	75	KR3l0118_WYG_343-5b
344.md	83	KR3l0118_WYG_343-6a
344.md	91	KR3l0118_WYG_343-6b
344.md	99	KR3l0118_WYG_343-7a
344.md	107	KR3l0118_WYG_343-7b
344.md	115	KR3l0118_WYG_343-8a
344.md	123	KR3l0118_WYG_343-8b
344.md	131	KR3l0118_WYG_343-9a
344.md	139	KR3l0118_WYG_343-9b
344.md	147	KR3l0118_WYG_343-10a
344.md	155	KR3l0118_WYG_343-10b
345.md	3	KR3l0118_WYG_344-1a
345.md	11	KR3l0118_WYG_344-1b
345.md	19	KR3l0118_WYG_344-2a
345.md	27	KR3l0118_WYG_344-2b
345.md	35	KR3l0118_WYG_344-3a
345.md	43	KR3l0118_WYG_344-3b
345.md	51	KR3l0118_WYG_344-4a
345.md	59	KR3l0118_WYG_344-4b
345.md	67	KR3l0118_WYG_344-5a
345.md	75	KR3l0118_WYG_344-5b
345.md	83	KR3l0118_WYG_344-6a
345.md	91	KR3l0118_WYG_344-6b
345.md	99	KR3l0118_WYG_344-7a
345.md	107	KR3l0118_WYG_344-7b
345.md	115	KR3l0118_WYG_344-8a
345.md	123	KR3l0118_WYG_344-8b
345.md	131	KR3l0118_WYG_344-9a
345.md	139	KR3l0118_WYG_344-9b
345.md	147	KR3l0118_WYG_344-10a
345.md	155	KR3l0118_WYG_344-10b
345.md	163	KR3l0118_WYG_344-11a
345.md	171	KR3l0118_WYG_344-11b
346.md	3	KR3l0118_WYG_345-1a
346.md	11	KR3l0118_WYG_345-1b
346.md	19	KR3l0118_WYG_345-2a
346.md	27	KR3l0118_WYG_345-2b
346.md	35	KR3l0118_WYG_345-3a
346.md	43	KR3l0118_WYG_345-3b
346.md	51	KR3l0118_WYG_345-4a
346.md	59	KR3l0118_WYG_345-4b
346.md	67	KR3l0118_WYG_345-5a
346.md	75	KR3l0118_WYG_345-5b
346.md	83	KR3l0118_WYG_345-6a
346.md	91	KR3l0118_WYG_345-6b
346.md	99	KR3l0118_WYG_345-7a
346.md	107	KR3l0118_WYG_345-7b
346.md	115	KR3l0118_WYG_345-8a
346.md	123	KR3l0118_WYG_345-8b
346.md	131	KR3l0118_WYG_345-9a
346.md	139	KR3l0118_WYG_345-9b
346.md	147	KR3l0118_WYG_345-10a
346.md	155	KR3l0118_WYG_345-10b
347.md	3	KR3l0118_WYG_346-1a
347.md	11	KR3l0118_WYG_346-1b
347.md	19	KR3l0118_WYG_346-2a
347.md	27	KR3l0118_WYG_346-2b
347.md	35	KR3l0118_WYG_346-3a
347.md	43	KR3l0118_WYG_346-3b
347.md	51	KR3l0118_WYG_346-4a
347.md	59	KR3l0118_WYG_346-4b
347.md	67	KR3l0118_WYG_346-5a
347.md	75	KR3l0118_WYG_346-5b
347.md	83	KR3l0118_WYG_346-6a
347.md	91	KR3l0118_WYG_346-6b
347.md	99	KR3l0118_WYG_346-7a
347.md	107	KR3l0118_WYG_346-7b
347.md	115	KR3l0118_WYG_346-8a
347.md	123	KR3l0118_WYG_346-8b
347.md	131	KR3l0118_WYG_346-9a
347.md	139	KR3l0118_WYG_346-9b
347.md	147	KR3l0118_WYG_346-10a
347.md	155	KR3l0118_WYG_346-10b
347.md	163	KR3l0118_WYG_346-11a
347.md	171	KR3l0118_WYG_346-11b
347.md	179	KR3l0118_WYG_346-12a
347.md	187	KR3l0118_WYG_346-12b
347.md	195	KR3l0118_WYG_346-13a
347.md	203	KR3l0118_WYG_346-13b
348.md	3	KR3l0118_WYG_347-1a
348.md	11	KR3l0118_WYG_347-1b
348.md	19	KR3l0118_WYG_347-2a
348.md	27	KR3l0118_WYG_347-2b
348.md	35	KR3l0118_WYG_347-3a
348.md	43	KR3l0118_WYG_347-3b
348.md	51	KR3l0118_WYG_347-4a
348.md	59	KR3l0118_WYG_347-4b
348.md	67	KR3l0118_WYG_347-5a
348.md	75	KR3l0118_WYG_347-5b
348.md	83	KR3l0118_WYG_347-6a
348.md	91	KR3l0118_WYG_347-6b
348.md	99	KR3l0118_WYG_347-7a
348.md	107	KR3l0118_WYG_347-7b
348.md	115	KR3l0118_WYG_347-8a
348.md	123	KR3l0118_WYG_347-8b
348.md	131	KR3l0118_WYG_347-9a
348.md	139	KR3l0118_WYG_347-9b
348.md	147	KR3l0118_WYG_347-10a
348.md	155	KR3l0118_WYG_347-10b
348.md	163	KR3l0118_WYG_347-11a
348.md	171	KR3l0118_WYG_347-11b
349.md	3	KR3l0118_WYG_348-1a
349.md	11	KR3l0118_WYG_348-1b
349.md	19	KR3l0118_WYG_348-2a
349.md	27	KR3l0118_WYG_348-2b
349.md	35	KR3l0118_WYG_348-3a
349.md	43	KR3l0118_WYG_348-3b
349.md	51	KR3l0118_WYG_348-4a
349.md	59	KR3l0118_WYG_348-4b
349.md	67	KR3l0118_WYG_348-5a
349.md	75	KR3l0118_WYG_348-5b
349.md	83	KR3l0118_WYG_348-6a
349.md	91	KR3l0118_WYG_348-6b
349.md	99	KR3l0118_WYG_348-7a
349.md	107	KR3l0118_WYG_348-7b
349.md	115	KR3l0118_WYG_348-8a
349.md	123	KR3l0118_WYG_348-8b
349.md	131	KR3l0118_WYG_348-9a
349.md	139	KR3l0118_WYG_348-9b
349.md	147	KR3l0118_WYG_348-10a
349.md	155	KR3l0118_WYG_348-10b
349.md	163	KR3l0118_WYG_348-11a
349.md	171	KR3l0118_WYG_348-11b
349.md	179	KR3l0118_WYG_348-12a
349.md	187	KR3l0118_WYG_348-12b
350.md	3	KR3l0118_WYG_349-1a
350.md	11	KR3l0118_WYG_349-1b
350.md	19	KR3l0118_WYG_349-2a
350.md	27	KR3l0118_WYG_349-2b
350.md	35	KR3l0118_WYG_349-3a
350.md	43	KR3l0118_WYG_349-3b
350.md	51	KR3l0118_WYG_349-4a
350.md	59	KR3l0118_WYG_349-4b
350.md	67	KR3l0118_WYG_349-5a
350.md	75	KR3l0118_WYG_349-5b
350.md	83	KR3l0118_WYG_349-6a
350.md	91	KR3l0118_WYG_349-6b
350.md	99	KR3l0118_WYG_349-7a
350.md	107	KR3l0118_WYG_349-7b
350.md	115	KR3l0118_WYG_349-8a
350.md	123	KR3l0118_WYG_349-8b
350.md	131	KR3l0118_WYG_349-9a
350.md	139	KR3l0118_WYG_349-9b
350.md	147	KR3l0118_WYG_349-10a
350.md	155	KR3l0118_WYG_349-10b
350.md	163	KR3l0118_WYG_349-11a
350.md	171	KR3l0118_WYG_349-11b
351.md	3	KR3l0118_WYG_350-1a
351.md	11	KR3l0118_WYG_350-1b
351.md	19	KR3l0118_WYG_350-2a
351.md	27	KR3l0118_WYG_350-2b
351.md	35	KR3l0118_WYG_350-3a
351.md	43	KR3l0118_WYG_350-3b
351.md	51	KR3l0118_WYG_350-4a
351.md	59	KR3l0118_WYG_350-4b
351.md	67	KR3l0118_WYG_350-5a
351.md	75	KR3l0118_WYG_350-5b
351.md	83	KR3l0118_WYG_350-6a
351.md	91	KR3l0118_WYG_350-6b
351.md	99	KR3l0118_WYG_350-7a
351.md	107	KR3l0118_WYG_350-7b
351.md	115	KR3l0118_WYG_350-8a
351.md	123	KR3l0118_WYG_350-8b
351.md	131	KR3l0118_WYG_350-9a
351.md	139	KR3l0118_WYG_350-9b
351.md	147	KR3l0118_WYG_350-10a
351.md	155	KR3l0118_WYG_350-10b
352.md	3	KR3l0118_WYG_351-1a
352.md	11	KR3l0118_WYG_351-1b
352.md	19	KR3l0118_WYG_351-2a
352.md	27	KR3l0118_WYG_351-2b
352.md	35	KR3l0118_WYG_351-3a
352.md	43	KR3l0118_WYG_351-3b
352.md	51	KR3l0118_WYG_351-4a
352.md	59	KR3l0118_WYG_351-4b
352.md	67	KR3l0118_WYG_351-5a
352.md	75	KR3l0118_WYG_351-5b
352.md	83	KR3l0118_WYG_351-6a
352.md	91	KR3l0118_WYG_351-6b
352.md	99	KR3l0118_WYG_351-7a
352.md	107	KR3l0118_WYG_351-7b
352.md	115	KR3l0118_WYG_351-8a
352.md	123	KR3l0118_WYG_351-8b
352.md	131	KR3l0118_WYG_351-9a
352.md	139	KR3l0118_WYG_351-9b
352.md	147	KR3l0118_WYG_351-10a
352.md	155	KR3l0118_WYG_351-10b
353.md	3	KR3l0118_WYG_352-1a
353.md	11	KR3l0118_WYG_352-1b
353.md	19	KR3l0118_WYG_352-2a
353.md	27	KR3l0118_WYG_352-2b
353.md	35	KR3l0118_WYG_352-3a
353.md	43	KR3l0118_WYG_352-3b
353.md	51	KR3l0118_WYG_352-4a
353.md	59	KR3l0118_WYG_352-4b
353.md	67	KR3l0118_WYG_352-5a
353.md	75	KR3l0118_WYG_352-5b
353.md	83	KR3l0118_WYG_352-6a
353.md	91	KR3l0118_WYG_352-6b
353.md	99	KR3l0118_WYG_352-7a
353.md	107	KR3l0118_WYG_352-7b
353.md	115	KR3l0118_WYG_352-8a
353.md	123	KR3l0118_WYG_352-8b
353.md	131	KR3l0118_WYG_352-9a
353.md	139	KR3l0118_WYG_352-9b
353.md	147	KR3l0118_WYG_352-10a
353.md	155	KR3l0118_WYG_352-10b
353.md	163	KR3l0118_WYG_352-11a
353.md	171	KR3l0118_WYG_352-11b
354.md	3	KR3l0118_WYG_353-1a
354.md	11	KR3l0118_WYG_353-1b
354.md	19	KR3l0118_WYG_353-2a
354.md	27	KR3l0118_WYG_353-2b
354.md	35	KR3l0118_WYG_353-3a
354.md	43	KR3l0118_WYG_353-3b
354.md	51	KR3l0118_WYG_353-4a
354.md	59	KR3l0118_WYG_353-4b
354.md	67	KR3l0118_WYG_353-5a
354.md	75	KR3l0118_WYG_353-5b
354.md	83	KR3l0118_WYG_353-6a
354.md	91	KR3l0118_WYG_353-6b
354.md	99	KR3l0118_WYG_353-7a
354.md	107	KR3l0118_WYG_353-7b
354.md	115	KR3l0118_WYG_353-8a
354.md	123	KR3l0118_WYG_353-8b
354.md	131	KR3l0118_WYG_353-9a
354.md	139	KR3l0118_WYG_353-9b
354.md	147	KR3l0118_WYG_353-10a
354.md	155	KR3l0118_WYG_353-10b
354.md	163	KR3l0118_WYG_353-11a
354.md	171	KR3l0118_WYG_353-11b
354.md	179	KR3l0118_WYG_353-12a
354.md	187	KR3l0118_WYG_353-12b
355.md	3	KR3l0118_WYG_354-1a
355.md	11	KR3l0118_WYG_354-1b
355.md	19	KR3l0118_WYG_354-2a
355.md	27	KR3l0118_WYG_354-2b
355.md	35	KR3l0118_WYG_354-3a
355.md	43	KR3l0118_WYG_354-3b
355.md	51	KR3l0118_WYG_354-4a
355.md	59	KR3l0118_WYG_354-4b
355.md	67	KR3l0118_WYG_354-5a
355.md	75	KR3l0118_WYG_354-5b
355.md	83	KR3l0118_WYG_354-6a
355.md	91	KR3l0118_WYG_354-6b
355.md	99	KR3l0118_WYG_354-7a
355.md	107	KR3l0118_WYG_354-7b
355.md	115	KR3l0118_WYG_354-8a
355.md	123	KR3l0118_WYG_354-8b
355.md	131	KR3l0118_WYG_354-9a
355.md	139	KR3l0118_WYG_354-9b
355.md	147	KR3l0118_WYG_354-10a
355.md	155	KR3l0118_WYG_354-10b
355.md	163	KR3l0118_WYG_354-11a
355.md	171	KR3l0118_WYG_354-11b
356.md	3	KR3l0118_WYG_355-1a
356.md	11	KR3l0118_WYG_355-1b
356.md	19	KR3l0118_WYG_355-2a
356.md	27	KR3l0118_WYG_355-2b
356.md	35	KR3l0118_WYG_355-3a
356.md	43	KR3l0118_WYG_355-3b
356.md	51	KR3l0118_WYG_355-4a
356.md	59	KR3l0118_WYG_355-4b
356.md	67	KR3l0118_WYG_355-5a
356.md	75	KR3l0118_WYG_355-5b
356.md	83	KR3l0118_WYG_355-6a
356.md	91	KR3l0118_WYG_355-6b
356.md	99	KR3l0118_WYG_355-7a
356.md	107	KR3l0118_WYG_355-7b
356.md	115	KR3l0118_WYG_355-8a
356.md	123	KR3l0118_WYG_355-8b
356.md	131	KR3l0118_WYG_355-9a
356.md	139	KR3l0118_WYG_355-9b
356.md	147	KR3l0118_WYG_355-10a
356.md	155	KR3l0118_WYG_355-10b
356.md	163	KR3l0118_WYG_355-11a
356.md	171	KR3l0118_WYG_355-11b
357.md	3	KR3l0118_WYG_356-1a
357.md	11	KR3l0118_WYG_356-1b
357.md	19	KR3l0118_WYG_356-2a
357.md	27	KR3l0118_WYG_356-2b
357.md	35	KR3l0118_WYG_356-3a
357.md	43	KR3l0118_WYG_356-3b
357.md	51	KR3l0118_WYG_356-4a
357.md	59	KR3l0118_WYG_356-4b
357.md	67	KR3l0118_WYG_356-5a
357.md	75	KR3l0118_WYG_356-5b
357.md	83	KR3l0118_WYG_356-6a
357.md	91	KR3l0118_WYG_356-6b
357.md	99	KR3l0118_WYG_356-7a
357.md	107	KR3l0118_WYG_356-7b
357.md	115	KR3l0118_WYG_356-8a
357.md	123	KR3l0118_WYG_356-8b
357.md	131	KR3l0118_WYG_356-9a
357.md	139	KR3l0118_WYG_356-9b
357.md	147	KR3l0118_WYG_356-10a
357.md	155	KR3l0118_WYG_356-10b
357.md	163	KR3l0118_WYG_356-11a
357.md	171	KR3l0118_WYG_356-11b
358.md	3	KR3l0118_WYG_357-1a
358.md	11	KR3l0118_WYG_357-1b
358.md	19	KR3l0118_WYG_357-2a
358.md	27	KR3l0118_WYG_357-2b
358.md	35	KR3l0118_WYG_357-3a
358.md	43	KR3l0118_WYG_357-3b
358.md	51	KR3l0118_WYG_357-4a
358.md	59	KR3l0118_WYG_357-4b
358.md	67	KR3l0118_WYG_357-5a
358.md	75	KR3l0118_WYG_357-5b
358.md	83	KR3l0118_WYG_357-6a
358.md	91	KR3l0118_WYG_357-6b
358.md	99	KR3l0118_WYG_357-7a
358.md	107	KR3l0118_WYG_357-7b
358.md	115	KR3l0118_WYG_357-8a
358.md	123	KR3l0118_WYG_357-8b
358.md	131	KR3l0118_WYG_357-9a
358.md	139	KR3l0118_WYG_357-9b
359.md	3	KR3l0118_WYG_358-1a
359.md	11	KR3l0118_WYG_358-1b
359.md	19	KR3l0118_WYG_358-2a
359.md	27	KR3l0118_WYG_358-2b
359.md	35	KR3l0118_WYG_358-3a
359.md	43	KR3l0118_WYG_358-3b
359.md	51	KR3l0118_WYG_358-4a
359.md	59	KR3l0118_WYG_358-4b
359.md	67	KR3l0118_WYG_358-5a
359.md	75	KR3l0118_WYG_358-5b
359.md	83	KR3l0118_WYG_358-6a
359.md	91	KR3l0118_WYG_358-6b
359.md	99	KR3l0118_WYG_358-7a
359.md	107	KR3l0118_WYG_358-7b
359.md	115	KR3l0118_WYG_358-8a
359.md	123	KR3l0118_WYG_358-8b
359.md	131	KR3l0118_WYG_358-9a
359.md	139	KR3l0118_WYG_358-9b
359.md	147	KR3l0118_WYG_358-10a
359.md	155	KR3l0118_WYG_358-10b
359.md	163	KR3l0118_WYG_358-11a
359.md	171	KR3l0118_WYG_358-11b
359.md	179	KR3l0118_WYG_358-12a
359.md	187	KR3l0118_WYG_358-12b
359.md	195	KR3l0118_WYG_358-13a
359.md	203	KR3l0118_WYG_358-13b
360.md	3	KR3l0118_WYG_359-1a
360.md	11	KR3l0118_WYG_359-1b
360.md	19	KR3l0118_WYG_359-2a
360.md	27	KR3l0118_WYG_359-2b
360.md	35	KR3l0118_WYG_359-3a
360.md	43	KR3l0118_WYG_359-3b
360.md	51	KR3l0118_WYG_359-4a
360.md	59	KR3l0118_WYG_359-4b
360.md	67	KR3l0118_WYG_359-5a
360.md	75	KR3l0118_WYG_359-5b
360.md	83	KR3l0118_WYG_359-6a
360.md	91	KR3l0118_WYG_359-6b
360.md	99	KR3l0118_WYG_359-7a
360.md	107	KR3l0118_WYG_359-7b
360.md	115	KR3l0118_WYG_359-8a
360.md	123	KR3l0118_WYG_359-8b
360.md	131	KR3l0118_WYG_359-9a
360.md	139	KR3l0118_WYG_359-9b
360.md	147	KR3l0118_WYG_359-10a
360.md	155	KR3l0118_WYG_359-10b
360.md	163	KR3l0118_WYG_359-11a
360.md	171	KR3l0118_WYG_359-11b
360.md	179	KR3l0118_WYG_359-12a
360.md	187	KR3l0118_WYG_359-12b
361.md	3	KR3l0118_WYG_360-1a
361.md	11	KR3l0118_WYG_360-1b
361.md	19	KR3l0118_WYG_360-2a
361.md	27	KR3l0118_WYG_360-2b
361.md	35	KR3l0118_WYG_360-3a
361.md	43	KR3l0118_WYG_360-3b
361.md	51	KR3l0118_WYG_360-4a
361.md	59	KR3l0118_WYG_360-4b
361.md	67	KR3l0118_WYG_360-5a
361.md	75	KR3l0118_WYG_360-5b
361.md	83	KR3l0118_WYG_360-6a
361.md	91	KR3l0118_WYG_360-6b
361.md	99	KR3l0118_WYG_360-7a
361.md	107	KR3l0118_WYG_360-7b
361.md	115	KR3l0118_WYG_360-8a
361.md	123	KR3l0118_WYG_360-8b
361.md	131	KR3l0118_WYG_360-9a
361.md	139	KR3l0118_WYG_360-9b
361.md	147	KR3l0118_WYG_360-10a
361.md	155	KR3l0118_WYG_360-10b
361.md	163	KR3l0118_WYG_360-11a
361.md	171	KR3l0118_WYG_360-11b
361.md	179	KR3l0118_WYG_360-12a
361.md	187	KR3l0118_WYG_360-12b
361.md	195	KR3l0118_WYG_360-13a
361.md	203	KR3l0118_WYG_360-13b
361.md	211	KR3l0118_WYG_360-14a
361.md	219	KR3l0118_WYG_360-14b
362.md	3	KR3l0118_WYG_361-1a
362.md	11	KR3l0118_WYG_361-1b
362.md	19	KR3l0118_WYG_361-2a
362.md	27	KR3l0118_WYG_361-2b
362.md	35	KR3l0118_WYG_361-3a
362.md	43	KR3l0118_WYG_361-3b
362.md	51	KR3l0118_WYG_361-4a
362.md	59	KR3l0118_WYG_361-4b
362.md	67	KR3l0118_WYG_361-5a
362.md	75	KR3l0118_WYG_361-5b
362.md	83	KR3l0118_WYG_361-6a
362.md	91	KR3l0118_WYG_361-6b
362.md	99	KR3l0118_WYG_361-7a
362.md	107	KR3l0118_WYG_361-7b
362.md	115	KR3l0118_WYG_361-8a
362.md	123	KR3l0118_WYG_361-8b
362.md	131	KR3l0118_WYG_361-9a
362.md	139	KR3l0118_WYG_361-9b
362.md	147	KR3l0118_WYG_361-10a
362.md	155	KR3l0118_WYG_361-10b
362.md	163	KR3l0118_WYG_361-11a
362.md	171	KR3l0118_WYG_361-11b
362.md	179	KR3l0118_WYG_361-12a
362.md	187	KR3l0118_WYG_361-12b
362.md	195	KR3l0118_WYG_361-13a
362.md	203	KR3l0118_WYG_361-13b
363.md	3	KR3l0118_WYG_362-1a
363.md	11	KR3l0118_WYG_362-1b
363.md	19	KR3l0118_WYG_362-2a
363.md	27	KR3l0118_WYG_362-2b
363.md	35	KR3l0118_WYG_362-3a
363.md	43	KR3l0118_WYG_362-3b
363.md	51	KR3l0118_WYG_362-4a
363.md	59	KR3l0118_WYG_362-4b
363.md	67	KR3l0118_WYG_362-5a
363.md	75	KR3l0118_WYG_362-5b
363.md	83	KR3l0118_WYG_362-6a
363.md	91	KR3l0118_WYG_362-6b
363.md	99	KR3l0118_WYG_362-7a
363.md	107	KR3l0118_WYG_362-7b
363.md	115	KR3l0118_WYG_362-8a
363.md	123	KR3l0118_WYG_362-8b
363.md	131	KR3l0118_WYG_362-9a
363.md	139	KR3l0118_WYG_362-9b
363.md	147	KR3l0118_WYG_362-10a
363.md	155	KR3l0118_WYG_362-10b
363.md	163	KR3l0118_WYG_362-11a
363.md	171	KR3l0118_WYG_362-11b
363.md	179	KR3l0118_WYG_362-12a
363.md	187	KR3l0118_WYG_362-12b
363.md	195	KR3l0118_WYG_362-13a
363.md	203	KR3l0118_WYG_362-13b
364.md	3	KR3l0118_WYG_363-1a
364.md	11	KR3l0118_WYG_363-1b
364.md	19	KR3l0118_WYG_363-2a
364.md	27	KR3l0118_WYG_363-2b
364.md	35	KR3l0118_WYG_363-3a
364.md	43	KR3l0118_WYG_363-3b
364.md	51	KR3l0118_WYG_363-4a
364.md	59	KR3l0118_WYG_363-4b
364.md	67	KR3l0118_WYG_363-5a
364.md	75	KR3l0118_WYG_363-5b
364.md	83	KR3l0118_WYG_363-6a
364.md	91	KR3l0118_WYG_363-6b
364.md	99	KR3l0118_WYG_363-7a
364.md	107	KR3l0118_WYG_363-7b
364.md	115	KR3l0118_WYG_363-8a
364.md	123	KR3l0118_WYG_363-8b
364.md	131	KR3l0118_WYG_363-9a
364.md	139	KR3l0118_WYG_363-9b
364.md	147	KR3l0118_WYG_363-10a
364.md	155	KR3l0118_WYG_363-10b
364.md	163	KR3l0118_WYG_363-11a
364.md	171	KR3l0118_WYG_363-11b
364.md	179	KR3l0118_WYG_363-12a
364.md	187	KR3l0118_WYG_363-12b
364.md	195	KR3l0118_WYG_363-13a
364.md	203	KR3l0118_WYG_363-13b
365.md	3	KR3l0118_WYG_364-1a
365.md	11	KR3l0118_WYG_364-1b
365.md	19	KR3l0118_WYG_364-2a
365.md	27	KR3l0118_WYG_364-2b
365.md	35	KR3l0118_WYG_364-3a
365.md	43	KR3l0118_WYG_364-3b
365.md	51	KR3l0118_WYG_364-4a
365.md	59	KR3l0118_WYG_364-4b
365.md	67	KR3l0118_WYG_364-5a
365.md	75	KR3l0118_WYG_364-5b
365.md	83	KR3l0118_WYG_364-6a
365.md	91	KR3l0118_WYG_364-6b
365.md	99	KR3l0118_WYG_364-7a
365.md	107	KR3l0118_WYG_364-7b
365.md	115	KR3l0118_WYG_364-8a
365.md	123	KR3l0118_WYG_364-8b
365.md	131	KR3l0118_WYG_364-9a
365.md	139	KR3l0118_WYG_364-9b
365.md	147	KR3l0118_WYG_364-10a
365.md	155	KR3l0118_WYG_364-10b
365.md	163	KR3l0118_WYG_364-11a
365.md	171	KR3l0118_WYG_364-11b
366.md	3	KR3l0118_WYG_365-1a
366.md	11	KR3l0118_WYG_365-1b
366.md	19	KR3l0118_WYG_365-2a
366.md	27	KR3l0118_WYG_365-2b
366.md	35	KR3l0118_WYG_365-3a
366.md	43	KR3l0118_WYG_365-3b
366.md	51	KR3l0118_WYG_365-4a
366.md	59	KR3l0118_WYG_365-4b
366.md	67	KR3l0118_WYG_365-5a
366.md	75	KR3l0118_WYG_365-5b
366.md	83	KR3l0118_WYG_365-6a
366.md	91	KR3l0118_WYG_365-6b
366.md	99	KR3l0118_WYG_365-7a
366.md	107	KR3l0118_WYG_365-7b
366.md	115	KR3l0118_WYG_365-8a
366.md	123	KR3l0118_WYG_365-8b
366.md	131	KR3l0118_WYG_365-9a
366.md	139	KR3l0118_WYG_365-9b
366.md	147	KR3l0118_WYG_365-10a
366.md	155	KR3l0118_WYG_365-10b
367.md	3	KR3l0118_WYG_366-1a
367.md	11	KR3l0118_WYG_366-1b
367.md	19	KR3l0118_WYG_366-2a
367.md	27	KR3l0118_WYG_366-2b
367.md	35	KR3l0118_WYG_366-3a
367.md	43	KR3l0118_WYG_366-3b
367.md	51	KR3l0118_WYG_366-4a
367.md	59	KR3l0118_WYG_366-4b
367.md	67	KR3l0118_WYG_366-5a
367.md	75	KR3l0118_WYG_366-5b
367.md	83	KR3l0118_WYG_366-6a
367.md	91	KR3l0118_WYG_366-6b
367.md	99	KR3l0118_WYG_366-7a
367.md	107	KR3l0118_WYG_366-7b
367.md	115	KR3l0118_WYG_366-8a
367.md	123	KR3l0118_WYG_366-8b
367.md	131	KR3l0118_WYG_366-9a
367.md	139	KR3l0118_WYG_366-9b
367.md	147	KR3l0118_WYG_366-10a
367.md	155	KR3l0118_WYG_366-10b
367.md	163	KR3l0118_WYG_366-11a
367.md	171	KR3l0118_WYG_366-11b
367.md	179	KR3l0118_WYG_366-12a
367.md	187	KR3l0118_WYG_366-12b
367.md	195	KR3l0118_WYG_366-13a
367.md	203	KR3l0118_WYG_366-13b
368.md	3	KR3l0118_WYG_367-1a
368.md	11	KR3l0118_WYG_367-1b
368.md	19	KR3l0118_WYG_367-2a
368.md	27	KR3l0118_WYG_367-2b
368.md	35	KR3l0118_WYG_367-3a
368.md	43	KR3l0118_WYG_367-3b
368.md	51	KR3l0118_WYG_367-4a
368.md	59	KR3l0118_WYG_367-4b
368.md	67	KR3l0118_WYG_367-5a
368.md	75	KR3l0118_WYG_367-5b
368.md	83	KR3l0118_WYG_367-6a
368.md	91	KR3l0118_WYG_367-6b
368.md	99	KR3l0118_WYG_367-7a
368.md	107	KR3l0118_WYG_367-7b
368.md	115	KR3l0118_WYG_367-8a
368.md	123	KR3l0118_WYG_367-8b
368.md	131	KR3l0118_WYG_367-9a
368.md	139	KR3l0118_WYG_367-9b
368.md	147	KR3l0118_WYG_367-10a
368.md	155	KR3l0118_WYG_367-10b
368.md	163	KR3l0118_WYG_367-11a
368.md	171	KR3l0118_WYG_367-11b
368.md	179	KR3l0118_WYG_367-12a
368.md	187	KR3l0118_WYG_367-12b
368.md	195	KR3l0118_WYG_367-13a
368.md	203	KR3l0118_WYG_367-13b
368.md	211	KR3l0118_WYG_367-14a
368.md	219	KR3l0118_WYG_367-14b
369.md	3	KR3l0118_WYG_368-1a
369.md	11	KR3l0118_WYG_368-1b
369.md	19	KR3l0118_WYG_368-2a
369.md	27	KR3l0118_WYG_368-2b
369.md	35	KR3l0118_WYG_368-3a
369.md	43	KR3l0118_WYG_368-3b
369.md	51	KR3l0118_WYG_368-4a
369.md	59	KR3l0118_WYG_368-4b
369.md	67	KR3l0118_WYG_368-5a
369.md	75	KR3l0118_WYG_368-5b
369.md	83	KR3l0118_WYG_368-6a
369.md	91	KR3l0118_WYG_368-6b
369.md	99	KR3l0118_WYG_368-7a
369.md	107	KR3l0118_WYG_368-7b
369.md	115	KR3l0118_WYG_368-8a
369.md	123	KR3l0118_WYG_368-8b
369.md	131	KR3l0118_WYG_368-9a
369.md	139	KR3l0118_WYG_368-9b
369.md	147	KR3l0118_WYG_368-10a
369.md	155	KR3l0118_WYG_368-10b
370.md	3	KR3l0118_WYG_369-1a
370.md	11	KR3l0118_WYG_369-1b
370.md	19	KR3l0118_WYG_369-2a
370.md	27	KR3l0118_WYG_369-2b
370.md	35	KR3l0118_WYG_369-3a
370.md	43	KR3l0118_WYG_369-3b
370.md	51	KR3l0118_WYG_369-4a
370.md	59	KR3l0118_WYG_369-4b
370.md	67	KR3l0118_WYG_369-5a
370.md	75	KR3l0118_WYG_369-5b
370.md	83	KR3l0118_WYG_369-6a
370.md	91	KR3l0118_WYG_369-6b
370.md	99	KR3l0118_WYG_369-7a
370.md	107	KR3l0118_WYG_369-7b
370.md	115	KR3l0118_WYG_369-8a
370.md	123	KR3l0118_WYG_369-8b
370.md	131	KR3l0118_WYG_369-9a
370.md	139	KR3l0118_WYG_369-9b
371.md	3	KR3l0118_WYG_370-1a
371.md	11	KR3l0118_WYG_370-1b
371.md	19	KR3l0118_WYG_370-2a
371.md	27	KR3l0118_WYG_370-2b
371.md	35	KR3l0118_WYG_370-3a
371.md	43	KR3l0118_WYG_370-3b
371.md	51	KR3l0118_WYG_370-4a
371.md	59	KR3l0118_WYG_370-4b
371.md	67	KR3l0118_WYG_370-5a
371.md	75	KR3l0118_WYG_370-5b
371.md	83	KR3l0118_WYG_370-6a
371.md	91	KR3l0118_WYG_370-6b
371.md	99	KR3l0118_WYG_370-7a
371.md	107	KR3l0118_WYG_370-7b
371.md	115	KR3l0118_WYG_370-8a
371.md	123	KR3l0118_WYG_370-8b
371.md	131	KR3l0118_WYG_370-9a
371.md	139	KR3l0118_WYG_370-9b
371.md	147	KR3l0118_WYG_370-10a
371.md	155	KR3l0118_WYG_370-10b
372.md	3	KR3l0118_WYG_371-1a
372.md	11	KR3l0118_WYG_371-1b
372.md	19	KR3l0118_WYG_371-2a
372.md	27	KR3l0118_WYG_371-2b
372.md	35	KR3l0118_WYG_371-3a
372.md	43	KR3l0118_WYG_371-3b
372.md	51	KR3l0118_WYG_371-4a
372.md	59	KR3l0118_WYG_371-4b
372.md	67	KR3l0118_WYG_371-5a
372.md	75	KR3l0118_WYG_371-5b
372.md	83	KR3l0118_WYG_371-6a
372.md	91	KR3l0118_WYG_371-6b
372.md	99	KR3l0118_WYG_371-7a
372.md	107	KR3l0118_WYG_371-7b
372.md	115	KR3l0118_WYG_371-8a
372.md	123	KR3l0118_WYG_371-8b
372.md	131	KR3l0118_WYG_371-9a
372.md	139	KR3l0118_WYG_371-9b
372.md	147	KR3l0118_WYG_371-10a
372.md	155	KR3l0118_WYG_371-10b
372.md	163	KR3l0118_WYG_371-11a
372.md	171	KR3l0118_WYG_371-11b
372.md	179	KR3l0118_WYG_371-12a
372.md	187	KR3l0118_WYG_371-12b
373.md	3	KR3l0118_WYG_372-1a
373.md	11	KR3l0118_WYG_372-1b
373.md	19	KR3l0118_WYG_372-2a
373.md	27	KR3l0118_WYG_372-2b
373.md	35	KR3l0118_WYG_372-3a
373.md	43	KR3l0118_WYG_372-3b
373.md	51	KR3l0118_WYG_372-4a
373.md	59	KR3l0118_WYG_372-4b
373.md	67	KR3l0118_WYG_372-5a
373.md	75	KR3l0118_WYG_372-5b
373.md	83	KR3l0118_WYG_372-6a
373.md	91	KR3l0118_WYG_372-6b
373.md	99	KR3l0118_WYG_372-7a
373.md	107	KR3l0118_WYG_372-7b
373.md	115	KR3l0118_WYG_372-8a
373.md	123	KR3l0118_WYG_372-8b
373.md	131	KR3l0118_WYG_372-9a
373.md	139	KR3l0118_WYG_372-9b
373.md	147	KR3l0118_WYG_372-10a
373.md	155	KR3l0118_WYG_372-10b
374.md	3	KR3l0118_WYG_373-1a
374.md	11	KR3l0118_WYG_373-1b
374.md	19	KR3l0118_WYG_373-2a
374.md	27	KR3l0118_WYG_373-2b
374.md	35	KR3l0118_WYG_373-3a
374.md	43	KR3l0118_WYG_373-3b
374.md	51	KR3l0118_WYG_373-4a
374.md	59	KR3l0118_WYG_373-4b
374.md	67	KR3l0118_WYG_373-5a
374.md	75	KR3l0118_WYG_373-5b
374.md	83	KR3l0118_WYG_373-6a
374.md	91	KR3l0118_WYG_373-6b
374.md	99	KR3l0118_WYG_373-7a
374.md	107	KR3l0118_WYG_373-7b
374.md	115	KR3l0118_WYG_373-8a
374.md	123	KR3l0118_WYG_373-8b
374.md	131	KR3l0118_WYG_373-9a
374.md	139	KR3l0118_WYG_373-9b
375.md	3	KR3l0118_WYG_374-1a
375.md	11	KR3l0118_WYG_374-1b
375.md	19	KR3l0118_WYG_374-2a
375.md	27	KR3l0118_WYG_374-2b
375.md	35	KR3l0118_WYG_374-3a
375.md	43	KR3l0118_WYG_374-3b
375.md	51	KR3l0118_WYG_374-4a
375.md	59	KR3l0118_WYG_374-4b
375.md	67	KR3l0118_WYG_374-5a
375.md	75	KR3l0118_WYG_374-5b
375.md	83	KR3l0118_WYG_374-6a
375.md	91	KR3l0118_WYG_374-6b
375.md	99	KR3l0118_WYG_374-7a
375.md	107	KR3l0118_WYG_374-7b
375.md	115	KR3l0118_WYG_374-8a
375.md	123	KR3l0118_WYG_374-8b
375.md	131	KR3l0118_WYG_374-9a
375.md	139	KR3l0118_WYG_374-9b
375.md	147	KR3l0118_WYG_374-10a
375.md	155	KR3l0118_WYG_374-10b
375.md	163	KR3l0118_WYG_374-11a
375.md	171	KR3l0118_WYG_374-11b
375.md	179	KR3l0118_WYG_374-12a
375.md	187	KR3l0118_WYG_374-12b
375.md	195	KR3l0118_WYG_374-13a
375.md	203	KR3l0118_WYG_374-13b
375.md	211	KR3l0118_WYG_374-14a
375.md	219	KR3l0118_WYG_374-14b
376.md	3	KR3l0118_WYG_375-1a
376.md	11	KR3l0118_WYG_375-1b
376.md	19	KR3l0118_WYG_375-2a
376.md	27	KR3l0118_WYG_375-2b
376.md	35	KR3l0118_WYG_375-3a
376.md	43	KR3l0118_WYG_375-3b
376.md	51	KR3l0118_WYG_375-4a
376.md	59	KR3l0118_WYG_375-4b
376.md	67	KR3l0118_WYG_375-5a
376.md	75	KR3l0118_WYG_375-5b
376.md	83	KR3l0118_WYG_375-6a
376.md	91	KR3l0118_WYG_375-6b
376.md	99	KR3l0118_WYG_375-7a
376.md	107	KR3l0118_WYG_375-7b
376.md	115	KR3l0118_WYG_375-8a
376.md	123	KR3l0118_WYG_375-8b
376.md	131	KR3l0118_WYG_375-9a
376.md	139	KR3l0118_WYG_375-9b
376.md	147	KR3l0118_WYG_375-10a
376.md	155	KR3l0118_WYG_375-10b
376.md	163	KR3l0118_WYG_375-11a
376.md	171	KR3l0118_WYG_375-11b
376.md	179	KR3l0118_WYG_375-12a
376.md	187	KR3l0118_WYG_375-12b
376.md	195	KR3l0118_WYG_375-13a
376.md	203	KR3l0118_WYG_375-13b
377.md	3	KR3l0118_WYG_376-1a
377.md	11	KR3l0118_WYG_376-1b
377.md	19	KR3l0118_WYG_376-2a
377.md	27	KR3l0118_WYG_376-2b
377.md	35	KR3l0118_WYG_376-3a
377.md	43	KR3l0118_WYG_376-3b
377.md	51	KR3l0118_WYG_376-4a
377.md	59	KR3l0118_WYG_376-4b
377.md	67	KR3l0118_WYG_376-5a
377.md	75	KR3l0118_WYG_376-5b
377.md	83	KR3l0118_WYG_376-6a
377.md	91	KR3l0118_WYG_376-6b
377.md	99	KR3l0118_WYG_376-7a
377.md	107	KR3l0118_WYG_376-7b
377.md	115	KR3l0118_WYG_376-8a
377.md	123	KR3l0118_WYG_376-8b
377.md	131	KR3l0118_WYG_376-9a
377.md	139	KR3l0118_WYG_376-9b
377.md	147	KR3l0118_WYG_376-10a
377.md	155	KR3l0118_WYG_376-10b
378.md	3	KR3l0118_WYG_377-1a
378.md	11	KR3l0118_WYG_377-1b
378.md	19	KR3l0118_WYG_377-2a
378.md	27	KR3l0118_WYG_377-2b
378.md	35	KR3l0118_WYG_377-3a
378.md	43	KR3l0118_WYG_377-3b
378.md	51	KR3l0118_WYG_377-4a
378.md	59	KR3l0118_WYG_377-4b
378.md	67	KR3l0118_WYG_377-5a
378.md	75	KR3l0118_WYG_377-5b
378.md	83	KR3l0118_WYG_377-6a
378.md	91	KR3l0118_WYG_377-6b
378.md	99	KR3l0118_WYG_377-7a
378.md	107	KR3l0118_WYG_377-7b
378.md	115	KR3l0118_WYG_377-8a
378.md	123	KR3l0118_WYG_377-8b
378.md	131	KR3l0118_WYG_377-9a
378.md	139	KR3l0118_WYG_377-9b
378.md	147	KR3l0118_WYG_377-10a
378.md	155	KR3l0118_WYG_377-10b
378.md	163	KR3l0118_WYG_377-11a
378.md	171	KR3l0118_WYG_377-11b
378.md	179	KR3l0118_WYG_377-12a
378.md	187	KR3l0118_WYG_377-12b
378.md	195	KR3l0118_WYG_377-13a
378.md	203	KR3l0118_WYG_377-13b
379.md	3	KR3l0118_WYG_378-1a
379.md	11	KR3l0118_WYG_378-1b
379.md	19	KR3l0118_WYG_378-2a
379.md	27	KR3l0118_WYG_378-2b
379.md	35	KR3l0118_WYG_378-3a
379.md	43	KR3l0118_WYG_378-3b
379.md	51	KR3l0118_WYG_378-4a
379.md	59	KR3l0118_WYG_378-4b
379.md	67	KR3l0118_WYG_378-5a
379.md	75	KR3l0118_WYG_378-5b
379.md	83	KR3l0118_WYG_378-6a
379.md	91	KR3l0118_WYG_378-6b
379.md	99	KR3l0118_WYG_378-7a
379.md	107	KR3l0118_WYG_378-7b
379.md	115	KR3l0118_WYG_378-8a
379.md	123	KR3l0118_WYG_378-8b
379.md	131	KR3l0118_WYG_378-9a
379.md	139	KR3l0118_WYG_378-9b
379.md	147	KR3l0118_WYG_378-10a
379.md	155	KR3l0118_WYG_378-10b
379.md	163	KR3l0118_WYG_378-11a
379.md	171	KR3l0118_WYG_378-11b
379.md	179	KR3l0118_WYG_378-12a
379.md	187	KR3l0118_WYG_378-12b
380.md	3	KR3l0118_WYG_379-1a
380.md	11	KR3l0118_WYG_379-1b
380.md	19	KR3l0118_WYG_379-2a
380.md	27	KR3l0118_WYG_379-2b
380.md	35	KR3l0118_WYG_379-3a
380.md	43	KR3l0118_WYG_379-3b
380.md	51	KR3l0118_WYG_379-4a
380.md	59	KR3l0118_WYG_379-4b
380.md	67	KR3l0118_WYG_379-5a
380.md	75	KR3l0118_WYG_379-5b
380.md	83	KR3l0118_WYG_379-6a
380.md	91	KR3l0118_WYG_379-6b
380.md	99	KR3l0118_WYG_379-7a
380.md	107	KR3l0118_WYG_379-7b
380.md	115	KR3l0118_WYG_379-8a
380.md	123	KR3l0118_WYG_379-8b
380.md	131	KR3l0118_WYG_379-9a
380.md	139	KR3l0118_WYG_379-9b
380.md	147	KR3l0118_WYG_379-10a
380.md	155	KR3l0118_WYG_379-10b
380.md	163	KR3l0118_WYG_379-11a
380.md	171	KR3l0118_WYG_379-11b
380.md	179	KR3l0118_WYG_379-12a
380.md	187	KR3l0118_WYG_379-12b
381.md	3	KR3l0118_WYG_380-1a
381.md	11	KR3l0118_WYG_380-1b
381.md	19	KR3l0118_WYG_380-2a
381.md	27	KR3l0118_WYG_380-2b
381.md	35	KR3l0118_WYG_380-3a
381.md	43	KR3l0118_WYG_380-3b
381.md	51	KR3l0118_WYG_380-4a
381.md	59	KR3l0118_WYG_380-4b
381.md	67	KR3l0118_WYG_380-5a
381.md	75	KR3l0118_WYG_380-5b
381.md	83	KR3l0118_WYG_380-6a
381.md	91	KR3l0118_WYG_380-6b
381.md	99	KR3l0118_WYG_380-7a
381.md	107	KR3l0118_WYG_380-7b
381.md	115	KR3l0118_WYG_380-8a
381.md	123	KR3l0118_WYG_380-8b
381.md	131	KR3l0118_WYG_380-9a
381.md	139	KR3l0118_WYG_380-9b
381.md	147	KR3l0118_WYG_380-10a
381.md	155	KR3l0118_WYG_380-10b
381.md	163	KR3l0118_WYG_380-11a
381.md	171	KR3l0118_WYG_380-11b
381.md	179	KR3l0118_WYG_380-12a
381.md	187	KR3l0118_WYG_380-12b
381.md	195	KR3l0118_WYG_380-13a
381.md	203	KR3l0118_WYG_380-13b
381.md	211	KR3l0118_WYG_380-14a
381.md	219	KR3l0118_WYG_380-14b
382.md	3	KR3l0118_WYG_381-1a
382.md	11	KR3l0118_WYG_381-1b
382.md	19	KR3l0118_WYG_381-2a
382.md	27	KR3l0118_WYG_381-2b
382.md	35	KR3l0118_WYG_381-3a
382.md	43	KR3l0118_WYG_381-3b
382.md	51	KR3l0118_WYG_381-4a
382.md	59	KR3l0118_WYG_381-4b
382.md	67	KR3l0118_WYG_381-5a
382.md	75	KR3l0118_WYG_381-5b
382.md	83	KR3l0118_WYG_381-6a
382.md	91	KR3l0118_WYG_381-6b
382.md	99	KR3l0118_WYG_381-7a
382.md	107	KR3l0118_WYG_381-7b
382.md	115	KR3l0118_WYG_381-8a
382.md	123	KR3l0118_WYG_381-8b
382.md	131	KR3l0118_WYG_381-9a
382.md	139	KR3l0118_WYG_381-9b
382.md	147	KR3l0118_WYG_381-10a
382.md	155	KR3l0118_WYG_381-10b
382.md	163	KR3l0118_WYG_381-11a
382.md	171	KR3l0118_WYG_381-11b
382.md	179	KR3l0118_WYG_381-12a
382.md	187	KR3l0118_WYG_381-12b
382.md	195	KR3l0118_WYG_381-13a
382.md	203	KR3l0118_WYG_381-13b
382.md	211	KR3l0118_WYG_381-14a
382.md	219	KR3l0118_WYG_381-14b
382.md	227	KR3l0118_WYG_381-15a
382.md	235	KR3l0118_WYG_381-15b
382.md	243	KR3l0118_WYG_381-16a
382.md	251	KR3l0118_WYG_381-16b
383.md	3	KR3l0118_WYG_382-1a
383.md	11	KR3l0118_WYG_382-1b
383.md	19	KR3l0118_WYG_382-2a
383.md	27	KR3l0118_WYG_382-2b
383.md	35	KR3l0118_WYG_382-3a
383.md	43	KR3l0118_WYG_382-3b
383.md	51	KR3l0118_WYG_382-4a
383.md	59	KR3l0118_WYG_382-4b
383.md	67	KR3l0118_WYG_382-5a
383.md	75	KR3l0118_WYG_382-5b
383.md	83	KR3l0118_WYG_382-6a
383.md	91	KR3l0118_WYG_382-6b
383.md	99	KR3l0118_WYG_382-7a
383.md	107	KR3l0118_WYG_382-7b
383.md	115	KR3l0118_WYG_382-8a
383.md	123	KR3l0118_WYG_382-8b
383.md	131	KR3l0118_WYG_382-9a
383.md	139	KR3l0118_WYG_382-9b
383.md	147	KR3l0118_WYG_382-10a
383.md	155	KR3l0118_WYG_382-10b
383.md	163	KR3l0118_WYG_382-11a
383.md	171	KR3l0118_WYG_382-11b
383.md	179	KR3l0118_WYG_382-12a
383.md	187	KR3l0118_WYG_382-12b
383.md	195	KR3l0118_WYG_382-13a
383.md	203	KR3l0118_WYG_382-13b
383.md	211	KR3l0118_WYG_382-14a
383.md	219	KR3l0118_WYG_382-14b
384.md	3	KR3l0118_WYG_383-1a
384.md	11	KR3l0118_WYG_383-1b
384.md	19	KR3l0118_WYG_383-2a
384.md	27	KR3l0118_WYG_383-2b
384.md	35	KR3l0118_WYG_383-3a
384.md	43	KR3l0118_WYG_383-3b
384.md	51	KR3l0118_WYG_383-4a
384.md	59	KR3l0118_WYG_383-4b
384.md	67	KR3l0118_WYG_383-5a
384.md	75	KR3l0118_WYG_383-5b
384.md	83	KR3l0118_WYG_383-6a
384.md	91	KR3l0118_WYG_383-6b
384.md	99	KR3l0118_WYG_383-7a
384.md	107	KR3l0118_WYG_383-7b
384.md	115	KR3l0118_WYG_383-8a
384.md	123	KR3l0118_WYG_383-8b
384.md	131	KR3l0118_WYG_383-9a
384.md	139	KR3l0118_WYG_383-9b
384.md	147	KR3l0118_WYG_383-10a
384.md	155	KR3l0118_WYG_383-10b
384.md	163	KR3l0118_WYG_383-11a
384.md	171	KR3l0118_WYG_383-11b
384.md	179	KR3l0118_WYG_383-12a
384.md	187	KR3l0118_WYG_383-12b
385.md	3	KR3l0118_WYG_384-1a
385.md	11	KR3l0118_WYG_384-1b
385.md	19	KR3l0118_WYG_384-2a
385.md	27	KR3l0118_WYG_384-2b
385.md	35	KR3l0118_WYG_384-3a
385.md	43	KR3l0118_WYG_384-3b
385.md	51	KR3l0118_WYG_384-4a
385.md	59	KR3l0118_WYG_384-4b
385.md	67	KR3l0118_WYG_384-5a
385.md	75	KR3l0118_WYG_384-5b
385.md	83	KR3l0118_WYG_384-6a
385.md	91	KR3l0118_WYG_384-6b
385.md	99	KR3l0118_WYG_384-7a
385.md	107	KR3l0118_WYG_384-7b
385.md	115	KR3l0118_WYG_384-8a
385.md	123	KR3l0118_WYG_384-8b
385.md	131	KR3l0118_WYG_384-9a
385.md	139	KR3l0118_WYG_384-9b
385.md	147	KR3l0118_WYG_384-10a
385.md	155	KR3l0118_WYG_384-10b
385.md	163	KR3l0118_WYG_384-11a
385.md	171	KR3l0118_WYG_384-11b
385.md	179	KR3l0118_WYG_384-12a
385.md	187	KR3l0118_WYG_384-12b
385.md	195	KR3l0118_WYG_384-13a
385.md	203	KR3l0118_WYG_384-13b
385.md	211	KR3l0118_WYG_384-14a
385.md	219	KR3l0118_WYG_384-14b
386.md	3	KR3l0118_WYG_385-1a
386.md	11	KR3l0118_WYG_385-1b
386.md	19	KR3l0118_WYG_385-2a
386.md	27	KR3l0118_WYG_385-2b
386.md	35	KR3l0118_WYG_385-3a
386.md	43	KR3l0118_WYG_385-3b
386.md	51	KR3l0118_WYG_385-4a
386.md	59	KR3l0118_WYG_385-4b
386.md	67	KR3l0118_WYG_385-5a
386.md	75	KR3l0118_WYG_385-5b
386.md	83	KR3l0118_WYG_385-6a
386.md	91	KR3l0118_WYG_385-6b
386.md	99	KR3l0118_WYG_385-7a
386.md	107	KR3l0118_WYG_385-7b
386.md	115	KR3l0118_WYG_385-8a
386.md	123	KR3l0118_WYG_385-8b
386.md	131	KR3l0118_WYG_385-9a
386.md	139	KR3l0118_WYG_385-9b
386.md	147	KR3l0118_WYG_385-10a
386.md	155	KR3l0118_WYG_385-10b
386.md	163	KR3l0118_WYG_385-11a
386.md	171	KR3l0118_WYG_385-11b
386.md	179	KR3l0118_WYG_385-12a
386.md	187	KR3l0118_WYG_385-12b
386.md	195	KR3l0118_WYG_385-13a
386.md	203	KR3l0118_WYG_385-13b
387.md	3	KR3l0118_WYG_386-1a
387.md	11	KR3l0118_WYG_386-1b
387.md	19	KR3l0118_WYG_386-2a
387.md	27	KR3l0118_WYG_386-2b
387.md	35	KR3l0118_WYG_386-3a
387.md	43	KR3l0118_WYG_386-3b
387.md	51	KR3l0118_WYG_386-4a
387.md	59	KR3l0118_WYG_386-4b
387.md	67	KR3l0118_WYG_386-5a
387.md	75	KR3l0118_WYG_386-5b
387.md	83	KR3l0118_WYG_386-6a
387.md	91	KR3l0118_WYG_386-6b
387.md	99	KR3l0118_WYG_386-7a
387.md	107	KR3l0118_WYG_386-7b
387.md	115	KR3l0118_WYG_386-8a
387.md	123	KR3l0118_WYG_386-8b
387.md	131	KR3l0118_WYG_386-9a
387.md	139	KR3l0118_WYG_386-9b
387.md	147	KR3l0118_WYG_386-10a
387.md	155	KR3l0118_WYG_386-10b
387.md	163	KR3l0118_WYG_386-11a
387.md	171	KR3l0118_WYG_386-11b
387.md	179	KR3l0118_WYG_386-12a
387.md	187	KR3l0118_WYG_386-12b
387.md	195	KR3l0118_WYG_386-13a
387.md	203	KR3l0118_WYG_386-13b
388.md	3	KR3l0118_WYG_387-1a
388.md	11	KR3l0118_WYG_387-1b
388.md	19	KR3l0118_WYG_387-2a
388.md	27	KR3l0118_WYG_387-2b
388.md	35	KR3l0118_WYG_387-3a
388.md	43	KR3l0118_WYG_387-3b
388.md	51	KR3l0118_WYG_387-4a
388.md	59	KR3l0118_WYG_387-4b
388.md	67	KR3l0118_WYG_387-5a
388.md	75	KR3l0118_WYG_387-5b
388.md	83	KR3l0118_WYG_387-6a
388.md	91	KR3l0118_WYG_387-6b
388.md	99	KR3l0118_WYG_387-7a
388.md	107	KR3l0118_WYG_387-7b
388.md	115	KR3l0118_WYG_387-8a
388.md	123	KR3l0118_WYG_387-8b
389.md	3	KR3l0118_WYG_388-1a
389.md	11	KR3l0118_WYG_388-1b
389.md	19	KR3l0118_WYG_388-2a
389.md	27	KR3l0118_WYG_388-2b
389.md	35	KR3l0118_WYG_388-3a
389.md	43	KR3l0118_WYG_388-3b
389.md	51	KR3l0118_WYG_388-4a
389.md	59	KR3l0118_WYG_388-4b
389.md	67	KR3l0118_WYG_388-5a
389.md	75	KR3l0118_WYG_388-5b
389.md	83	KR3l0118_WYG_388-6a
389.md	91	KR3l0118_WYG_388-6b
389.md	99	KR3l0118_WYG_388-7a
389.md	107	KR3l0118_WYG_388-7b
389.md	115	KR3l0118_WYG_388-8a
389.md	123	KR3l0118_WYG_388-8b
389.md	131	KR3l0118_WYG_388-9a
389.md	139	KR3l0118_WYG_388-9b
389.md	147	KR3l0118_WYG_388-10a
389.md	155	KR3l0118_WYG_388-10b
389.md	163	KR3l0118_WYG_388-11a
389.md	171	KR3l0118_WYG_388-11b
390.md	3	KR3l0118_WYG_389-1a
390.md	11	KR3l0118_WYG_389-1b
390.md	19	KR3l0118_WYG_389-2a
390.md	27	KR3l0118_WYG_389-2b
390.md	35	KR3l0118_WYG_389-3a
390.md	43	KR3l0118_WYG_389-3b
390.md	51	KR3l0118_WYG_389-4a
390.md	59	KR3l0118_WYG_389-4b
390.md	67	KR3l0118_WYG_389-5a
390.md	75	KR3l0118_WYG_389-5b
390.md	83	KR3l0118_WYG_389-6a
390.md	91	KR3l0118_WYG_389-6b
390.md	99	KR3l0118_WYG_389-7a
390.md	107	KR3l0118_WYG_389-7b
390.md	115	KR3l0118_WYG_389-8a
390.md	123	KR3l0118_WYG_389-8b
390.md	131	KR3l0118_WYG_389-9a
390.md	139	KR3l0118_WYG_389-9b
390.md	147	KR3l0118_WYG_389-10a
390.md	155	KR3l0118_WYG_389-10b
390.md	163	KR3l0118_WYG_389-11a
390.md	171	KR3l0118_WYG_389-11b
390.md	179	KR3l0118_WYG_389-12a
390.md	187	KR3l0118_WYG_389-12b
390.md	195	KR3l0118_WYG_389-13a
390.md	203	KR3l0118_WYG_389-13b
390.md	211	KR3l0118_WYG_389-14a
390.md	219	KR3l0118_WYG_389-14b
390.md	227	KR3l0118_WYG_389-15a
390.md	235	KR3l0118_WYG_389-15b
390.md	243	KR3l0118_WYG_389-16a
390.md	251	KR3l0118_WYG_389-16b
391.md	3	KR3l0118_WYG_390-1a
391.md	11	KR3l0118_WYG_390-1b
391.md	19	KR3l0118_WYG_390-2a
391.md	27	KR3l0118_WYG_390-2b
391.md	35	KR3l0118_WYG_390-3a
391.md	43	KR3l0118_WYG_390-3b
391.md	51	KR3l0118_WYG_390-4a
391.md	59	KR3l0118_WYG_390-4b
391.md	67	KR3l0118_WYG_390-5a
391.md	75	KR3l0118_WYG_390-5b
391.md	83	KR3l0118_WYG_390-6a
391.md	91	KR3l0118_WYG_390-6b
391.md	99	KR3l0118_WYG_390-7a
391.md	107	KR3l0118_WYG_390-7b
391.md	115	KR3l0118_WYG_390-8a
391.md	123	KR3l0118_WYG_390-8b
391.md	131	KR3l0118_WYG_390-9a
391.md	139	KR3l0118_WYG_390-9b
391.md	147	KR3l0118_WYG_390-10a
391.md	155	KR3l0118_WYG_390-10b
391.md	163	KR3l0118_WYG_390-11a
391.md	171	KR3l0118_WYG_390-11b
391.md	179	KR3l0118_WYG_390-12a
391.md	187	KR3l0118_WYG_390-12b
391.md	195	KR3l0118_WYG_390-13a
391.md	203	KR3l0118_WYG_390-13b
391.md	211	KR3l0118_WYG_390-14a
391.md	219	KR3l0118_WYG_390-14b
392.md	3	KR3l0118_WYG_391-1a
392.md	11	KR3l0118_WYG_391-1b
392.md	19	KR3l0118_WYG_391-2a
392.md	27	KR3l0118_WYG_391-2b
392.md	35	KR3l0118_WYG_391-3a
392.md	43	KR3l0118_WYG_391-3b
392.md	51	KR3l0118_WYG_391-4a
392.md	59	KR3l0118_WYG_391-4b
392.md	67	KR3l0118_WYG_391-5a
392.md	75	KR3l0118_WYG_391-5b
392.md	83	KR3l0118_WYG_391-6a
392.md	91	KR3l0118_WYG_391-6b
392.md	99	KR3l0118_WYG_391-7a
392.md	107	KR3l0118_WYG_391-7b
392.md	115	KR3l0118_WYG_391-8a
392.md	123	KR3l0118_WYG_391-8b
392.md	131	KR3l0118_WYG_391-9a
392.md	139	KR3l0118_WYG_391-9b
393.md	3	KR3l0118_WYG_392-1a
393.md	11	KR3l0118_WYG_392-1b
393.md	19	KR3l0118_WYG_392-2a
393.md	27	KR3l0118_WYG_392-2b
393.md	35	KR3l0118_WYG_392-3a
393.md	43	KR3l0118_WYG_392-3b
393.md	51	KR3l0118_WYG_392-4a
393.md	59	KR3l0118_WYG_392-4b
393.md	67	KR3l0118_WYG_392-5a
393.md	75	KR3l0118_WYG_392-5b
393.md	83	KR3l0118_WYG_392-6a
393.md	91	KR3l0118_WYG_392-6b
393.md	99	KR3l0118_WYG_392-7a
393.md	107	KR3l0118_WYG_392-7b
393.md	115	KR3l0118_WYG_392-8a
393.md	123	KR3l0118_WYG_392-8b
393.md	131	KR3l0118_WYG_392-9a
393.md	139	KR3l0118_WYG_392-9b
394.md	3	KR3l0118_WYG_393-1a
394.md	11	KR3l0118_WYG_393-1b
394.md	19	KR3l0118_WYG_393-2a
394.md	27	KR3l0118_WYG_393-2b
394.md	35	KR3l0118_WYG_393-3a
394.md	43	KR3l0118_WYG_393-3b
394.md	51	KR3l0118_WYG_393-4a
394.md	59	KR3l0118_WYG_393-4b
394.md	67	KR3l0118_WYG_393-5a
394.md	75	KR3l0118_WYG_393-5b
394.md	83	KR3l0118_WYG_393-6a
394.md	91	KR3l0118_WYG_393-6b
394.md	99	KR3l0118_WYG_393-7a
394.md	107	KR3l0118_WYG_393-7b
394.md	115	KR3l0118_WYG_393-8a
394.md	123	KR3l0118_WYG_393-8b
394.md	131	KR3l0118_WYG_393-9a
394.md	139	KR3l0118_WYG_393-9b
394.md	147	KR3l0118_WYG_393-10a
394.md	155	KR3l0118_WYG_393-10b
394.md	163	KR3l0118_WYG_393-11a
394.md	171	KR3l0118_WYG_393-11b
394.md	179	KR3l0118_WYG_393-12a
394.md	187	KR3l0118_WYG_393-12b
395.md	3	KR3l0118_WYG_394-1a
395.md	11	KR3l0118_WYG_394-1b
395.md	19	KR3l0118_WYG_394-2a
395.md	27	KR3l0118_WYG_394-2b
395.md	35	KR3l0118_WYG_394-3a
395.md	43	KR3l0118_WYG_394-3b
395.md	51	KR3l0118_WYG_394-4a
395.md	59	KR3l0118_WYG_394-4b
395.md	67	KR3l0118_WYG_394-5a
395.md	75	KR3l0118_WYG_394-5b
395.md	83	KR3l0118_WYG_394-6a
395.md	91	KR3l0118_WYG_394-6b
395.md	99	KR3l0118_WYG_394-7a
395.md	107	KR3l0118_WYG_394-7b
395.md	115	KR3l0118_WYG_394-8a
395.md	123	KR3l0118_WYG_394-8b
395.md	131	KR3l0118_WYG_394-9a
395.md	139	KR3l0118_WYG_394-9b
395.md	147	KR3l0118_WYG_394-10a
395.md	155	KR3l0118_WYG_394-10b
395.md	163	KR3l0118_WYG_394-11a
395.md	171	KR3l0118_WYG_394-11b
396.md	3	KR3l0118_WYG_395-1a
396.md	11	KR3l0118_WYG_395-1b
396.md	19	KR3l0118_WYG_395-2a
396.md	27	KR3l0118_WYG_395-2b
396.md	35	KR3l0118_WYG_395-3a
396.md	43	KR3l0118_WYG_395-3b
396.md	51	KR3l0118_WYG_395-4a
396.md	59	KR3l0118_WYG_395-4b
396.md	67	KR3l0118_WYG_395-5a
396.md	75	KR3l0118_WYG_395-5b
396.md	83	KR3l0118_WYG_395-6a
396.md	91	KR3l0118_WYG_395-6b
396.md	99	KR3l0118_WYG_395-7a
396.md	107	KR3l0118_WYG_395-7b
396.md	115	KR3l0118_WYG_395-8a
396.md	123	KR3l0118_WYG_395-8b
396.md	131	KR3l0118_WYG_395-9a
396.md	139	KR3l0118_WYG_395-9b
396.md	147	KR3l0118_WYG_395-10a
396.md	155	KR3l0118_WYG_395-10b
396.md	163	KR3l0118_WYG_395-11a
396.md	171	KR3l0118_WYG_395-11b
397.md	3	KR3l0118_WYG_396-1a
397.md	11	KR3l0118_WYG_396-1b
397.md	19	KR3l0118_WYG_396-2a
397.md	27	KR3l0118_WYG_396-2b
397.md	35	KR3l0118_WYG_396-3a
397.md	43	KR3l0118_WYG_396-3b
397.md	51	KR3l0118_WYG_396-4a
397.md	59	KR3l0118_WYG_396-4b
397.md	67	KR3l0118_WYG_396-5a
397.md	75	KR3l0118_WYG_396-5b
397.md	83	KR3l0118_WYG_396-6a
397.md	91	KR3l0118_WYG_396-6b
397.md	99	KR3l0118_WYG_396-7a
397.md	107	KR3l0118_WYG_396-7b
397.md	115	KR3l0118_WYG_396-8a
397.md	123	KR3l0118_WYG_396-8b
397.md	131	KR3l0118_WYG_396-9a
397.md	139	KR3l0118_WYG_396-9b
397.md	147	KR3l0118_WYG_396-10a
397.md	155	KR3l0118_WYG_396-10b
397.md	163	KR3l0118_WYG_396-11a
397.md	171	KR3l0118_WYG_396-11b
397.md	179	KR3l0118_WYG_396-12a
397.md	187	KR3l0118_WYG_396-12b
397.md	195	KR3l0118_WYG_396-13a
397.md	203	KR3l0118_WYG_396-13b
398.md	3	KR3l0118_WYG_397-1a
398.md	11	KR3l0118_WYG_397-1b
398.md	19	KR3l0118_WYG_397-2a
398.md	27	KR3l0118_WYG_397-2b
398.md	35	KR3l0118_WYG_397-3a
398.md	43	KR3l0118_WYG_397-3b
398.md	51	KR3l0118_WYG_397-4a
398.md	59	KR3l0118_WYG_397-4b
398.md	67	KR3l0118_WYG_397-5a
398.md	75	KR3l0118_WYG_397-5b
398.md	83	KR3l0118_WYG_397-6a
398.md	91	KR3l0118_WYG_397-6b
398.md	99	KR3l0118_WYG_397-7a
398.md	107	KR3l0118_WYG_397-7b
398.md	115	KR3l0118_WYG_397-8a
398.md	123	KR3l0118_WYG_397-8b
398.md	131	KR3l0118_WYG_397-9a
398.md	139	KR3l0118_WYG_397-9b
398.md	147	KR3l0118_WYG_397-10a
398.md	155	KR3l0118_WYG_397-10b
398.md	163	KR3l0118_WYG_397-11a
398.md	171	KR3l0118_WYG_397-11b
399.md	3	KR3l0118_WYG_398-1a
399.md	11	KR3l0118_WYG_398-1b
399.md	19	KR3l0118_WYG_398-2a
399.md	27	KR3l0118_WYG_398-2b
399.md	35	KR3l0118_WYG_398-3a
399.md	43	KR3l0118_WYG_398-3b
399.md	51	KR3l0118_WYG_398-4a
399.md	59	KR3l0118_WYG_398-4b
399.md	67	KR3l0118_WYG_398-5a
399.md	75	KR3l0118_WYG_398-5b
399.md	83	KR3l0118_WYG_398-6a
399.md	91	KR3l0118_WYG_398-6b
399.md	99	KR3l0118_WYG_398-7a
399.md	107	KR3l0118_WYG_398-7b
399.md	115	KR3l0118_WYG_398-8a
399.md	123	KR3l0118_WYG_398-8b
399.md	131	KR3l0118_WYG_398-9a
399.md	139	KR3l0118_WYG_398-9b
399.md	147	KR3l0118_WYG_398-10a
399.md	155	KR3l0118_WYG_398-10b
399.md	163	KR3l0118_WYG_398-11a
399.md	171	KR3l0118_WYG_398-11b
399.md	179	KR3l0118_WYG_398-12a
399.md	187	KR3l0118_WYG_398-12b
399.md	195	KR3l0118_WYG_398-13a
399.md	203	KR3l0118_WYG_398-13b
399.md	211	KR3l0118_WYG_398-14a
399.md	219	KR3l0118_WYG_398-14b
400.md	3	KR3l0118_WYG_399-1a
400.md	11	KR3l0118_WYG_399-1b
400.md	19	KR3l0118_WYG_399-2a
400.md	27	KR3l0118_WYG_399-2b
400.md	35	KR3l0118_WYG_399-3a
400.md	43	KR3l0118_WYG_399-3b
400.md	51	KR3l0118_WYG_399-4a
400.md	59	KR3l0118_WYG_399-4b
400.md	67	KR3l0118_WYG_399-5a
400.md	75	KR3l0118_WYG_399-5b
400.md	83	KR3l0118_WYG_399-6a
400.md	91	KR3l0118_WYG_399-6b
400.md	99	KR3l0118_WYG_399-7a
400.md	107	KR3l0118_WYG_399-7b
400.md	115	KR3l0118_WYG_399-8a
400.md	123	KR3l0118_WYG_399-8b
400.md	131	KR3l0118_WYG_399-9a
400.md	139	KR3l0118_WYG_399-9b
400.md	147	KR3l0118_WYG_399-10a
400.md	155	KR3l0118_WYG_399-10b
400.md	163	KR3l0118_WYG_399-11a
400.md	171	KR3l0118_WYG_399-11b
400.md	179	KR3l0118_WYG_399-12a
400.md	187	KR3l0118_WYG_399-12b
400.md	195	KR3l0118_WYG_399-13a
400.md	203	KR3l0118_WYG_399-13b
400.md	211	KR3l0118_WYG_399-14a
400.md	219	KR3l0118_WYG_399-14b
400.md	227	KR3l0118_WYG_399-15a
400.md	235	KR3l0118_WYG_399-15b
400.md	243	KR3l0118_WYG_399-16a
400.md	251	KR3l0118_WYG_399-16b
400.md	259	KR3l0118_WYG_399-17a
400.md	267	KR3l0118_WYG_399-17b
401.md	3	KR3l0118_WYG_400-1a
401.md	11	KR3l0118_WYG_400-1b
401.md	19	KR3l0118_WYG_400-2a
401.md	27	KR3l0118_WYG_400-2b
401.md	35	KR3l0118_WYG_400-3a
401.md	43	KR3l0118_WYG_400-3b
401.md	51	KR3l0118_WYG_400-4a
401.md	59	KR3l0118_WYG_400-4b
401.md	67	KR3l0118_WYG_400-5a
401.md	75	KR3l0118_WYG_400-5b
401.md	83	KR3l0118_WYG_400-6a
401.md	91	KR3l0118_WYG_400-6b
401.md	99	KR3l0118_WYG_400-7a
401.md	107	KR3l0118_WYG_400-7b
401.md	115	KR3l0118_WYG_400-8a
401.md	123	KR3l0118_WYG_400-8b
401.md	131	KR3l0118_WYG_400-9a
401.md	139	KR3l0118_WYG_400-9b
401.md	147	KR3l0118_WYG_400-10a
401.md	155	KR3l0118_WYG_400-10b
401.md	163	KR3l0118_WYG_400-11a
401.md	171	KR3l0118_WYG_400-11b
401.md	179	KR3l0118_WYG_400-12a
401.md	187	KR3l0118_WYG_400-12b
401.md	195	KR3l0118_WYG_400-13a
401.md	203	KR3l0118_WYG_400-13b
401.md	211	KR3l0118_WYG_400-14a
401.md	219	KR3l0118_WYG_400-14b
401.md	227	KR3l0118_WYG_400-15a
401.md	235	KR3l0118_WYG_400-15b
402.md	3	KR3l0118_WYG_401-1a
402.md	11	KR3l0118_WYG_401-1b
402.md	19	KR3l0118_WYG_401-2a
402.md	27	KR3l0118_WYG_401-2b
402.md	35	KR3l0118_WYG_401-3a
402.md	43	KR3l0118_WYG_401-3b
402.md	51	KR3l0118_WYG_401-4a
402.md	59	KR3l0118_WYG_401-4b
402.md	67	KR3l0118_WYG_401-5a
402.md	75	KR3l0118_WYG_401-5b
402.md	83	KR3l0118_WYG_401-6a
402.md	91	KR3l0118_WYG_401-6b
402.md	99	KR3l0118_WYG_401-7a
402.md	107	KR3l0118_WYG_401-7b
402.md	115	KR3l0118_WYG_401-8a
402.md	123	KR3l0118_WYG_401-8b
402.md	131	KR3l0118_WYG_401-9a
402.md	139	KR3l0118_WYG_401-9b
402.md	147	KR3l0118_WYG_401-10a
402.md	155	KR3l0118_WYG_401-10b
402.md	163	KR3l0118_WYG_401-11a
402.md	171	KR3l0118_WYG_401-11b
402.md	179	KR3l0118_WYG_401-12a
402.md	187	KR3l0118_WYG_401-12b
402.md	195	KR3l0118_WYG_401-13a
402.md	203	KR3l0118_WYG_401-13b
402.md	211	KR3l0118_WYG_401-14a
402.md	219	KR3l0118_WYG_401-14b
402.md	227	KR3l0118_WYG_401-15a
402.md	235	KR3l0118_WYG_401-15b
403.md	3	KR3l0118_WYG_402-1a
403.md	11	KR3l0118_WYG_402-1b
403.md	19	KR3l0118_WYG_402-2a
403.md	27	KR3l0118_WYG_402-2b
403.md	35	KR3l0118_WYG_402-3a
403.md	43	KR3l0118_WYG_402-3b
403.md	51	KR3l0118_WYG_402-4a
403.md	59	KR3l0118_WYG_402-4b
403.md	67	KR3l0118_WYG_402-5a
403.md	75	KR3l0118_WYG_402-5b
403.md	83	KR3l0118_WYG_402-6a
403.md	91	KR3l0118_WYG_402-6b
403.md	99	KR3l0118_WYG_402-7a
403.md	107	KR3l0118_WYG_402-7b
403.md	115	KR3l0118_WYG_402-8a
403.md	123	KR3l0118_WYG_402-8b
403.md	131	KR3l0118_WYG_402-9a
403.md	139	KR3l0118_WYG_402-9b
403.md	147	KR3l0118_WYG_402-10a
403.md	155	KR3l0118_WYG_402-10b
403.md	163	KR3l0118_WYG_402-11a
403.md	171	KR3l0118_WYG_402-11b
403.md	179	KR3l0118_WYG_402-12a
403.md	187	KR3l0118_WYG_402-12b
403.md	195	KR3l0118_WYG_402-13a
403.md	203	KR3l0118_WYG_402-13b
403.md	211	KR3l0118_WYG_402-14a
403.md	219	KR3l0118_WYG_402-14b
404.md	3	KR3l0118_WYG_403-1a
404.md	11	KR3l0118_WYG_403-1b
404.md	19	KR3l0118_WYG_403-2a
404.md	27	KR3l0118_WYG_403-2b
404.md	35	KR3l0118_WYG_403-3a
404.md	43	KR3l0118_WYG_403-3b
404.md	51	KR3l0118_WYG_403-4a
404.md	59	KR3l0118_WYG_403-4b
404.md	67	KR3l0118_WYG_403-5a
404.md	75	KR3l0118_WYG_403-5b
404.md	83	KR3l0118_WYG_403-6a
404.md	91	KR3l0118_WYG_403-6b
404.md	99	KR3l0118_WYG_403-7a
404.md	107	KR3l0118_WYG_403-7b
404.md	115	KR3l0118_WYG_403-8a
404.md	123	KR3l0118_WYG_403-8b
404.md	131	KR3l0118_WYG_403-9a
404.md	139	KR3l0118_WYG_403-9b
404.md	147	KR3l0118_WYG_403-10a
404.md	155	KR3l0118_WYG_403-10b
404.md	163	KR3l0118_WYG_403-11a
404.md	171	KR3l0118_WYG_403-11b
404.md	179	KR3l0118_WYG_403-12a
404.md	187	KR3l0118_WYG_403-12b
405.md	3	KR3l0118_WYG_404-1a
405.md	11	KR3l0118_WYG_404-1b
405.md	19	KR3l0118_WYG_404-2a
405.md	27	KR3l0118_WYG_404-2b
405.md	35	KR3l0118_WYG_404-3a
405.md	43	KR3l0118_WYG_404-3b
405.md	51	KR3l0118_WYG_404-4a
405.md	59	KR3l0118_WYG_404-4b
405.md	67	KR3l0118_WYG_404-5a
405.md	75	KR3l0118_WYG_404-5b
405.md	83	KR3l0118_WYG_404-6a
405.md	91	KR3l0118_WYG_404-6b
405.md	99	KR3l0118_WYG_404-7a
405.md	107	KR3l0118_WYG_404-7b
405.md	115	KR3l0118_WYG_404-8a
405.md	123	KR3l0118_WYG_404-8b
405.md	131	KR3l0118_WYG_404-9a
405.md	139	KR3l0118_WYG_404-9b
405.md	147	KR3l0118_WYG_404-10a
405.md	155	KR3l0118_WYG_404-10b
405.md	163	KR3l0118_WYG_404-11a
405.md	171	KR3l0118_WYG_404-11b
405.md	179	KR3l0118_WYG_404-12a
405.md	187	KR3l0118_WYG_404-12b
406.md	3	KR3l0118_WYG_405-1a
406.md	11	KR3l0118_WYG_405-1b
406.md	19	KR3l0118_WYG_405-2a
406.md	27	KR3l0118_WYG_405-2b
406.md	35	KR3l0118_WYG_405-3a
406.md	43	KR3l0118_WYG_405-3b
406.md	51	KR3l0118_WYG_405-4a
406.md	59	KR3l0118_WYG_405-4b
406.md	67	KR3l0118_WYG_405-5a
406.md	75	KR3l0118_WYG_405-5b
406.md	83	KR3l0118_WYG_405-6a
406.md	91	KR3l0118_WYG_405-6b
406.md	99	KR3l0118_WYG_405-7a
406.md	107	KR3l0118_WYG_405-7b
406.md	115	KR3l0118_WYG_405-8a
406.md	123	KR3l0118_WYG_405-8b
406.md	131	KR3l0118_WYG_405-9a
406.md	139	KR3l0118_WYG_405-9b
406.md	147	KR3l0118_WYG_405-10a
406.md	155	KR3l0118_WYG_405-10b
406.md	163	KR3l0118_WYG_405-11a
406.md	171	KR3l0118_WYG_405-11b
406.md	179	KR3l0118_WYG_405-12a
406.md	187	KR3l0118_WYG_405-12b
406.md	195	KR3l0118_WYG_405-13a
406.md	203	KR3l0118_WYG_405-13b
407.md	3	KR3l0118_WYG_406-1a
407.md	11	KR3l0118_WYG_406-1b
407.md	19	KR3l0118_WYG_406-2a
407.md	27	KR3l0118_WYG_406-2b
407.md	35	KR3l0118_WYG_406-3a
407.md	43	KR3l0118_WYG_406-3b
407.md	51	KR3l0118_WYG_406-4a
407.md	59	KR3l0118_WYG_406-4b
407.md	67	KR3l0118_WYG_406-5a
407.md	75	KR3l0118_WYG_406-5b
407.md	83	KR3l0118_WYG_406-6a
407.md	91	KR3l0118_WYG_406-6b
407.md	99	KR3l0118_WYG_406-7a
407.md	107	KR3l0118_WYG_406-7b
407.md	115	KR3l0118_WYG_406-8a
407.md	123	KR3l0118_WYG_406-8b
407.md	131	KR3l0118_WYG_406-9a
407.md	139	KR3l0118_WYG_406-9b
407.md	147	KR3l0118_WYG_406-10a
407.md	155	KR3l0118_WYG_406-10b
407.md	163	KR3l0118_WYG_406-11a
407.md	171	KR3l0118_WYG_406-11b
407.md	179	KR3l0118_WYG_406-12a
407.md	187	KR3l0118_WYG_406-12b
407.md	195	KR3l0118_WYG_406-13a
407.md	203	KR3l0118_WYG_406-13b
407.md	211	KR3l0118_WYG_406-14a
407.md	219	KR3l0118_WYG_406-14b
408.md	3	KR3l0118_WYG_407-1a
408.md	11	KR3l0118_WYG_407-1b
408.md	19	KR3l0118_WYG_407-2a
408.md	27	KR3l0118_WYG_407-2b
408.md	35	KR3l0118_WYG_407-3a
408.md	43	KR3l0118_WYG_407-3b
408.md	51	KR3l0118_WYG_407-4a
408.md	59	KR3l0118_WYG_407-4b
408.md	67	KR3l0118_WYG_407-5a
408.md	75	KR3l0118_WYG_407-5b
408.md	83	KR3l0118_WYG_407-6a
408.md	91	KR3l0118_WYG_407-6b
408.md	99	KR3l0118_WYG_407-7a
408.md	107	KR3l0118_WYG_407-7b
408.md	115	KR3l0118_WYG_407-8a
408.md	123	KR3l0118_WYG_407-8b
408.md	131	KR3l0118_WYG_407-9a
408.md	139	KR3l0118_WYG_407-9b
408.md	147	KR3l0118_WYG_407-10a
408.md	155	KR3l0118_WYG_407-10b
408.md	163	KR3l0118_WYG_407-11a
408.md	171	KR3l0118_WYG_407-11b
408.md	179	KR3l0118_WYG_407-12a
408.md	187	KR3l0118_WYG_407-12b
409.md	3	KR3l0118_WYG_408-1a
409.md	11	KR3l0118_WYG_408-1b
409.md	19	KR3l0118_WYG_408-2a
409.md	27	KR3l0118_WYG_408-2b
409.md	35	KR3l0118_WYG_408-3a
409.md	43	KR3l0118_WYG_408-3b
409.md	51	KR3l0118_WYG_408-4a
409.md	59	KR3l0118_WYG_408-4b
409.md	67	KR3l0118_WYG_408-5a
409.md	75	KR3l0118_WYG_408-5b
409.md	83	KR3l0118_WYG_408-6a
409.md	91	KR3l0118_WYG_408-6b
409.md	99	KR3l0118_WYG_408-7a
409.md	107	KR3l0118_WYG_408-7b
409.md	115	KR3l0118_WYG_408-8a
409.md	123	KR3l0118_WYG_408-8b
409.md	131	KR3l0118_WYG_408-9a
409.md	139	KR3l0118_WYG_408-9b
409.md	147	KR3l0118_WYG_408-10a
409.md	155	KR3l0118_WYG_408-10b
409.md	163	KR3l0118_WYG_408-11a
409.md	171	KR3l0118_WYG_408-11b
409.md	179	KR3l0118_WYG_408-12a
409.md	187	KR3l0118_WYG_408-12b
409.md	195	KR3l0118_WYG_408-13a
409.md	203	KR3l0118_WYG_408-13b
410.md	3	KR3l0118_WYG_409-1a
410.md	11	KR3l0118_WYG_409-1b
410.md	19	KR3l0118_WYG_409-2a
410.md	27	KR3l0118_WYG_409-2b
410.md	35	KR3l0118_WYG_409-3a
410.md	43	KR3l0118_WYG_409-3b
410.md	51	KR3l0118_WYG_409-4a
410.md	59	KR3l0118_WYG_409-4b
410.md	67	KR3l0118_WYG_409-5a
410.md	75	KR3l0118_WYG_409-5b
410.md	83	KR3l0118_WYG_409-6a
410.md	91	KR3l0118_WYG_409-6b
410.md	99	KR3l0118_WYG_409-7a
410.md	107	KR3l0118_WYG_409-7b
410.md	115	KR3l0118_WYG_409-8a
410.md	123	KR3l0118_WYG_409-8b
410.md	131	KR3l0118_WYG_409-9a
410.md	139	KR3l0118_WYG_409-9b
410.md	147	KR3l0118_WYG_409-10a
410.md	155	KR3l0118_WYG_409-10b
410.md	163	KR3l0118_WYG_409-11a
410.md	171	KR3l0118_WYG_409-11b
410.md	179	KR3l0118_WYG_409-12a
410.md	187	KR3l0118_WYG_409-12b
410.md	195	KR3l0118_WYG_409-13a
410.md	203	KR3l0118_WYG_409-13b
410.md	211	KR3l0118_WYG_409-14a
410.md	219	KR3l0118_WYG_409-14b
411.md	3	KR3l0118_WYG_410-1a
411.md	11	KR3l0118_WYG_410-1b
411.md	19	KR3l0118_WYG_410-2a
411.md	27	KR3l0118_WYG_410-2b
411.md	35	KR3l0118_WYG_410-3a
411.md	43	KR3l0118_WYG_410-3b
411.md	51	KR3l0118_WYG_410-4a
411.md	59	KR3l0118_WYG_410-4b
411.md	67	KR3l0118_WYG_410-5a
411.md	75	KR3l0118_WYG_410-5b
411.md	83	KR3l0118_WYG_410-6a
411.md	91	KR3l0118_WYG_410-6b
411.md	99	KR3l0118_WYG_410-7a
411.md	107	KR3l0118_WYG_410-7b
411.md	115	KR3l0118_WYG_410-8a
411.md	123	KR3l0118_WYG_410-8b
411.md	131	KR3l0118_WYG_410-9a
411.md	139	KR3l0118_WYG_410-9b
411.md	147	KR3l0118_WYG_410-10a
411.md	155	KR3l0118_WYG_410-10b
411.md	163	KR3l0118_WYG_410-11a
411.md	171	KR3l0118_WYG_410-11b
411.md	179	KR3l0118_WYG_410-12a
411.md	187	KR3l0118_WYG_410-12b
412.md	3	KR3l0118_WYG_411-1a
412.md	11	KR3l0118_WYG_411-1b
412.md	19	KR3l0118_WYG_411-2a
412.md	27	KR3l0118_WYG_411-2b
412.md	35	KR3l0118_WYG_411-3a
412.md	43	KR3l0118_WYG_411-3b
412.md	51	KR3l0118_WYG_411-4a
412.md	59	KR3l0118_WYG_411-4b
412.md	67	KR3l0118_WYG_411-5a
412.md	75	KR3l0118_WYG_411-5b
412.md	83	KR3l0118_WYG_411-6a
412.md	91	KR3l0118_WYG_411-6b
412.md	99	KR3l0118_WYG_411-7a
412.md	107	KR3l0118_WYG_411-7b
412.md	115	KR3l0118_WYG_411-8a
412.md	123	KR3l0118_WYG_411-8b
412.md	131	KR3l0118_WYG_411-9a
412.md	139	KR3l0118_WYG_411-9b
412.md	147	KR3l0118_WYG_411-10a
412.md	155	KR3l0118_WYG_411-10b
412.md	163	KR3l0118_WYG_411-11a
412.md	171	KR3l0118_WYG_411-11b
412.md	179	KR3l0118_WYG_411-12a
412.md	187	KR3l0118_WYG_411-12b
413.md	3	KR3l0118_WYG_412-1a
413.md	11	KR3l0118_WYG_412-1b
413.md	19	KR3l0118_WYG_412-2a
413.md	27	KR3l0118_WYG_412-2b
413.md	35	KR3l0118_WYG_412-3a
413.md	43	KR3l0118_WYG_412-3b
413.md	51	KR3l0118_WYG_412-4a
413.md	59	KR3l0118_WYG_412-4b
413.md	67	KR3l0118_WYG_412-5a
413.md	75	KR3l0118_WYG_412-5b
413.md	83	KR3l0118_WYG_412-6a
413.md	91	KR3l0118_WYG_412-6b
413.md	99	KR3l0118_WYG_412-7a
413.md	107	KR3l0118_WYG_412-7b
413.md	115	KR3l0118_WYG_412-8a
413.md	123	KR3l0118_WYG_412-8b
413.md	131	KR3l0118_WYG_412-9a
413.md	139	KR3l0118_WYG_412-9b
413.md	147	KR3l0118_WYG_412-10a
413.md	155	KR3l0118_WYG_412-10b
414.md	3	KR3l0118_WYG_413-1a
414.md	11	KR3l0118_WYG_413-1b
414.md	19	KR3l0118_WYG_413-2a
414.md	27	KR3l0118_WYG_413-2b
414.md	35	KR3l0118_WYG_413-3a
414.md	43	KR3l0118_WYG_413-3b
414.md	51	KR3l0118_WYG_413-4a
414.md	59	KR3l0118_WYG_413-4b
414.md	67	KR3l0118_WYG_413-5a
414.md	75	KR3l0118_WYG_413-5b
414.md	83	KR3l0118_WYG_413-6a
414.md	91	KR3l0118_WYG_413-6b
414.md	99	KR3l0118_WYG_413-7a
414.md	107	KR3l0118_WYG_413-7b
414.md	115	KR3l0118_WYG_413-8a
414.md	123	KR3l0118_WYG_413-8b
414.md	131	KR3l0118_WYG_413-9a
414.md	139	KR3l0118_WYG_413-9b
414.md	147	KR3l0118_WYG_413-10a
414.md	155	KR3l0118_WYG_413-10b
414.md	163	KR3l0118_WYG_413-11a
414.md	171	KR3l0118_WYG_413-11b
415.md	3	KR3l0118_WYG_414-1a
415.md	11	KR3l0118_WYG_414-1b
415.md	19	KR3l0118_WYG_414-2a
415.md	27	KR3l0118_WYG_414-2b
415.md	35	KR3l0118_WYG_414-3a
415.md	43	KR3l0118_WYG_414-3b
415.md	51	KR3l0118_WYG_414-4a
415.md	59	KR3l0118_WYG_414-4b
415.md	67	KR3l0118_WYG_414-5a
415.md	75	KR3l0118_WYG_414-5b
415.md	83	KR3l0118_WYG_414-6a
415.md	91	KR3l0118_WYG_414-6b
415.md	99	KR3l0118_WYG_414-7a
415.md	107	KR3l0118_WYG_414-7b
415.md	115	KR3l0118_WYG_414-8a
415.md	123	KR3l0118_WYG_414-8b
415.md	131	KR3l0118_WYG_414-9a
415.md	139	KR3l0118_WYG_414-9b
415.md	147	KR3l0118_WYG_414-10a
415.md	155	KR3l0118_WYG_414-10b
415.md	163	KR3l0118_WYG_414-11a
415.md	171	KR3l0118_WYG_414-11b
415.md	179	KR3l0118_WYG_414-12a
415.md	187	KR3l0118_WYG_414-12b
415.md	195	KR3l0118_WYG_414-13a
415.md	203	KR3l0118_WYG_414-13b
415.md	211	KR3l0118_WYG_414-14a
415.md	219	KR3l0118_WYG_414-14b
416.md	3	KR3l0118_WYG_415-1a
416.md	11	KR3l0118_WYG_415-1b
416.md	19	KR3l0118_WYG_415-2a
416.md	27	KR3l0118_WYG_415-2b
416.md	35	KR3l0118_WYG_415-3a
416.md	43	KR3l0118_WYG_415-3b
416.md	51	KR3l0118_WYG_415-4a
416.md	59	KR3l0118_WYG_415-4b
416.md	67	KR3l0118_WYG_415-5a
416.md	75	KR3l0118_WYG_415-5b
416.md	83	KR3l0118_WYG_415-6a
416.md	91	KR3l0118_WYG_415-6b
416.md	99	KR3l0118_WYG_415-7a
416.md	107	KR3l0118_WYG_415-7b
416.md	115	KR3l0118_WYG_415-8a
416.md	123	KR3l0118_WYG_415-8b
416.md	131	KR3l0118_WYG_415-9a
416.md	139	KR3l0118_WYG_415-9b
416.md	147	KR3l0118_WYG_415-10a
416.md	155	KR3l0118_WYG_415-10b
416.md	163	KR3l0118_WYG_415-11a
416.md	171	KR3l0118_WYG_415-11b
416.md	179	KR3l0118_WYG_415-12a
416.md	187	KR3l0118_WYG_415-12b
417.md	3	KR3l0118_WYG_416-1a
417.md	11	KR3l0118_WYG_416-1b
417.md	19	KR3l0118_WYG_416-2a
417.md	27	KR3l0118_WYG_416-2b
417.md	35	KR3l0118_WYG_416-3a
417.md	43	KR3l0118_WYG_416-3b
417.md	51	KR3l0118_WYG_416-4a
417.md	59	KR3l0118_WYG_416-4b
417.md	67	KR3l0118_WYG_416-5a
417.md	75	KR3l0118_WYG_416-5b
417.md	83	KR3l0118_WYG_416-6a
417.md	91	KR3l0118_WYG_416-6b
417.md	99	KR3l0118_WYG_416-7a
417.md	107	KR3l0118_WYG_416-7b
417.md	115	KR3l0118_WYG_416-8a
417.md	123	KR3l0118_WYG_416-8b
417.md	131	KR3l0118_WYG_416-9a
417.md	139	KR3l0118_WYG_416-9b
417.md	147	KR3l0118_WYG_416-10a
417.md	155	KR3l0118_WYG_416-10b
417.md	163	KR3l0118_WYG_416-11a
417.md	171	KR3l0118_WYG_416-11b
418.md	3	KR3l0118_WYG_417-1a
418.md	11	KR3l0118_WYG_417-1b
418.md	19	KR3l0118_WYG_417-2a
418.md	27	KR3l0118_WYG_417-2b
418.md	35	KR3l0118_WYG_417-3a
418.md	43	KR3l0118_WYG_417-3b
418.md	51	KR3l0118_WYG_417-4a
418.md	59	KR3l0118_WYG_417-4b
418.md	67	KR3l0118_WYG_417-5a
418.md	75	KR3l0118_WYG_417-5b
418.md	83	KR3l0118_WYG_417-6a
418.md	91	KR3l0118_WYG_417-6b
418.md	99	KR3l0118_WYG_417-7a
418.md	107	KR3l0118_WYG_417-7b
418.md	115	KR3l0118_WYG_417-8a
418.md	123	KR3l0118_WYG_417-8b
418.md	131	KR3l0118_WYG_417-9a
418.md	139	KR3l0118_WYG_417-9b
419.md	3	KR3l0118_WYG_418-1a
419.md	11	KR3l0118_WYG_418-1b
419.md	19	KR3l0118_WYG_418-2a
419.md	27	KR3l0118_WYG_418-2b
419.md	35	KR3l0118_WYG_418-3a
419.md	43	KR3l0118_WYG_418-3b
419.md	51	KR3l0118_WYG_418-4a
419.md	59	KR3l0118_WYG_418-4b
419.md	67	KR3l0118_WYG_418-5a
419.md	75	KR3l0118_WYG_418-5b
419.md	83	KR3l0118_WYG_418-6a
419.md	91	KR3l0118_WYG_418-6b
419.md	99	KR3l0118_WYG_418-7a
419.md	107	KR3l0118_WYG_418-7b
419.md	115	KR3l0118_WYG_418-8a
419.md	123	KR3l0118_WYG_418-8b
419.md	131	KR3l0118_WYG_418-9a
419.md	139	KR3l0118_WYG_418-9b
419.md	147	KR3l0118_WYG_418-10a
419.md	155	KR3l0118_WYG_418-10b
419.md	163	KR3l0118_WYG_418-11a
419.md	171	KR3l0118_WYG_418-11b
419.md	179	KR3l0118_WYG_418-12a
419.md	187	KR3l0118_WYG_418-12b
419.md	195	KR3l0118_WYG_418-13a
419.md	203	KR3l0118_WYG_418-13b
420.md	3	KR3l0118_WYG_419-1a
420.md	11	KR3l0118_WYG_419-1b
420.md	19	KR3l0118_WYG_419-2a
420.md	27	KR3l0118_WYG_419-2b
420.md	35	KR3l0118_WYG_419-3a
420.md	43	KR3l0118_WYG_419-3b
420.md	51	KR3l0118_WYG_419-4a
420.md	59	KR3l0118_WYG_419-4b
420.md	67	KR3l0118_WYG_419-5a
420.md	75	KR3l0118_WYG_419-5b
420.md	83	KR3l0118_WYG_419-6a
420.md	91	KR3l0118_WYG_419-6b
420.md	99	KR3l0118_WYG_419-7a
420.md	107	KR3l0118_WYG_419-7b
420.md	115	KR3l0118_WYG_419-8a
420.md	123	KR3l0118_WYG_419-8b
420.md	131	KR3l0118_WYG_419-9a
420.md	139	KR3l0118_WYG_419-9b
420.md	147	KR3l0118_WYG_419-10a
420.md	155	KR3l0118_WYG_419-10b
420.md	163	KR3l0118_WYG_419-11a
420.md	171	KR3l0118_WYG_419-11b
420.md	179	KR3l0118_WYG_419-12a
420.md	187	KR3l0118_WYG_419-12b
420.md	195	KR3l0118_WYG_419-13a
420.md	203	KR3l0118_WYG_419-13b
421.md	3	KR3l0118_WYG_420-1a
421.md	11	KR3l0118_WYG_420-1b
421.md	19	KR3l0118_WYG_420-2a
421.md	27	KR3l0118_WYG_420-2b
421.md	35	KR3l0118_WYG_420-3a
421.md	43	KR3l0118_WYG_420-3b
421.md	51	KR3l0118_WYG_420-4a
421.md	59	KR3l0118_WYG_420-4b
421.md	67	KR3l0118_WYG_420-5a
421.md	75	KR3l0118_WYG_420-5b
421.md	83	KR3l0118_WYG_420-6a
421.md	91	KR3l0118_WYG_420-6b
421.md	99	KR3l0118_WYG_420-7a
421.md	107	KR3l0118_WYG_420-7b
421.md	115	KR3l0118_WYG_420-8a
421.md	123	KR3l0118_WYG_420-8b
421.md	131	KR3l0118_WYG_420-9a
421.md	139	KR3l0118_WYG_420-9b
421.md	147	KR3l0118_WYG_420-10a
421.md	155	KR3l0118_WYG_420-10b
421.md	163	KR3l0118_WYG_420-11a
421.md	171	KR3l0118_WYG_420-11b
422.md	3	KR3l0118_WYG_421-1a
422.md	11	KR3l0118_WYG_421-1b
422.md	19	KR3l0118_WYG_421-2a
422.md	27	KR3l0118_WYG_421-2b
422.md	35	KR3l0118_WYG_421-3a
422.md	43	KR3l0118_WYG_421-3b
422.md	51	KR3l0118_WYG_421-4a
422.md	59	KR3l0118_WYG_421-4b
422.md	67	KR3l0118_WYG_421-5a
422.md	75	KR3l0118_WYG_421-5b
422.md	83	KR3l0118_WYG_421-6a
422.md	91	KR3l0118_WYG_421-6b
422.md	99	KR3l0118_WYG_421-7a
422.md	107	KR3l0118_WYG_421-7b
422.md	115	KR3l0118_WYG_421-8a
422.md	123	KR3l0118_WYG_421-8b
422.md	131	KR3l0118_WYG_421-9a
422.md	139	KR3l0118_WYG_421-9b
422.md	147	KR3l0118_WYG_421-10a
422.md	155	KR3l0118_WYG_421-10b
422.md	163	KR3l0118_WYG_421-11a
422.md	171	KR3l0118_WYG_421-11b
423.md	3	KR3l0118_WYG_422-1a
423.md	11	KR3l0118_WYG_422-1b
423.md	19	KR3l0118_WYG_422-2a
423.md	27	KR3l0118_WYG_422-2b
423.md	35	KR3l0118_WYG_422-3a
423.md	43	KR3l0118_WYG_422-3b
423.md	51	KR3l0118_WYG_422-4a
423.md	59	KR3l0118_WYG_422-4b
423.md	67	KR3l0118_WYG_422-5a
423.md	75	KR3l0118_WYG_422-5b
423.md	83	KR3l0118_WYG_422-6a
423.md	91	KR3l0118_WYG_422-6b
423.md	99	KR3l0118_WYG_422-7a
423.md	107	KR3l0118_WYG_422-7b
423.md	115	KR3l0118_WYG_422-8a
423.md	123	KR3l0118_WYG_422-8b
423.md	131	KR3l0118_WYG_422-9a
423.md	139	KR3l0118_WYG_422-9b
424.md	3	KR3l0118_WYG_423-1a
424.md	11	KR3l0118_WYG_423-1b
424.md	19	KR3l0118_WYG_423-2a
424.md	27	KR3l0118_WYG_423-2b
424.md	35	KR3l0118_WYG_423-3a
424.md	43	KR3l0118_WYG_423-3b
424.md	51	KR3l0118_WYG_423-4a
424.md	59	KR3l0118_WYG_423-4b
424.md	67	KR3l0118_WYG_423-5a
424.md	75	KR3l0118_WYG_423-5b
424.md	83	KR3l0118_WYG_423-6a
424.md	91	KR3l0118_WYG_423-6b
424.md	99	KR3l0118_WYG_423-7a
424.md	107	KR3l0118_WYG_423-7b
424.md	115	KR3l0118_WYG_423-8a
424.md	123	KR3l0118_WYG_423-8b
424.md	131	KR3l0118_WYG_423-9a
424.md	139	KR3l0118_WYG_423-9b
424.md	147	KR3l0118_WYG_423-10a
424.md	155	KR3l0118_WYG_423-10b
425.md	3	KR3l0118_WYG_424-1a
425.md	11	KR3l0118_WYG_424-1b
425.md	19	KR3l0118_WYG_424-2a
425.md	27	KR3l0118_WYG_424-2b
425.md	35	KR3l0118_WYG_424-3a
425.md	43	KR3l0118_WYG_424-3b
425.md	51	KR3l0118_WYG_424-4a
425.md	59	KR3l0118_WYG_424-4b
425.md	67	KR3l0118_WYG_424-5a
425.md	75	KR3l0118_WYG_424-5b
425.md	83	KR3l0118_WYG_424-6a
425.md	91	KR3l0118_WYG_424-6b
425.md	99	KR3l0118_WYG_424-7a
425.md	107	KR3l0118_WYG_424-7b
425.md	115	KR3l0118_WYG_424-8a
425.md	123	KR3l0118_WYG_424-8b
425.md	131	KR3l0118_WYG_424-9a
425.md	139	KR3l0118_WYG_424-9b
425.md	147	KR3l0118_WYG_424-10a
425.md	155	KR3l0118_WYG_424-10b
426.md	3	KR3l0118_WYG_425-1a
426.md	11	KR3l0118_WYG_425-1b
426.md	19	KR3l0118_WYG_425-2a
426.md	27	KR3l0118_WYG_425-2b
426.md	35	KR3l0118_WYG_425-3a
426.md	43	KR3l0118_WYG_425-3b
426.md	51	KR3l0118_WYG_425-4a
426.md	59	KR3l0118_WYG_425-4b
426.md	67	KR3l0118_WYG_425-5a
426.md	75	KR3l0118_WYG_425-5b
426.md	83	KR3l0118_WYG_425-6a
426.md	91	KR3l0118_WYG_425-6b
426.md	99	KR3l0118_WYG_425-7a
426.md	107	KR3l0118_WYG_425-7b
426.md	115	KR3l0118_WYG_425-8a
426.md	123	KR3l0118_WYG_425-8b
426.md	131	KR3l0118_WYG_425-9a
426.md	139	KR3l0118_WYG_425-9b
426.md	147	KR3l0118_WYG_425-10a
426.md	155	KR3l0118_WYG_425-10b
426.md	163	KR3l0118_WYG_425-11a
426.md	171	KR3l0118_WYG_425-11b
426.md	179	KR3l0118_WYG_425-12a
426.md	187	KR3l0118_WYG_425-12b
427.md	3	KR3l0118_WYG_426-1a
427.md	11	KR3l0118_WYG_426-1b
427.md	19	KR3l0118_WYG_426-2a
427.md	27	KR3l0118_WYG_426-2b
427.md	35	KR3l0118_WYG_426-3a
427.md	43	KR3l0118_WYG_426-3b
427.md	51	KR3l0118_WYG_426-4a
427.md	59	KR3l0118_WYG_426-4b
427.md	67	KR3l0118_WYG_426-5a
427.md	75	KR3l0118_WYG_426-5b
427.md	83	KR3l0118_WYG_426-6a
427.md	91	KR3l0118_WYG_426-6b
427.md	99	KR3l0118_WYG_426-7a
427.md	107	KR3l0118_WYG_426-7b
427.md	115	KR3l0118_WYG_426-8a
427.md	123	KR3l0118_WYG_426-8b
427.md	131	KR3l0118_WYG_426-9a
427.md	139	KR3l0118_WYG_426-9b
427.md	147	KR3l0118_WYG_426-10a
427.md	155	KR3l0118_WYG_426-10b
427.md	163	KR3l0118_WYG_426-11a
427.md	171	KR3l0118_WYG_426-11b
427.md	179	KR3l0118_WYG_426-12a
427.md	187	KR3l0118_WYG_426-12b
428.md	3	KR3l0118_WYG_427-1a
428.md	11	KR3l0118_WYG_427-1b
428.md	19	KR3l0118_WYG_427-2a
428.md	27	KR3l0118_WYG_427-2b
428.md	35	KR3l0118_WYG_427-3a
428.md	43	KR3l0118_WYG_427-3b
428.md	51	KR3l0118_WYG_427-4a
428.md	59	KR3l0118_WYG_427-4b
428.md	67	KR3l0118_WYG_427-5a
428.md	75	KR3l0118_WYG_427-5b
428.md	83	KR3l0118_WYG_427-6a
428.md	91	KR3l0118_WYG_427-6b
428.md	99	KR3l0118_WYG_427-7a
428.md	107	KR3l0118_WYG_427-7b
428.md	115	KR3l0118_WYG_427-8a
428.md	123	KR3l0118_WYG_427-8b
428.md	131	KR3l0118_WYG_427-9a
428.md	139	KR3l0118_WYG_427-9b
428.md	147	KR3l0118_WYG_427-10a
428.md	155	KR3l0118_WYG_427-10b
429.md	3	KR3l0118_WYG_428-1a
429.md	11	KR3l0118_WYG_428-1b
429.md	19	KR3l0118_WYG_428-2a
429.md	27	KR3l0118_WYG_428-2b
429.md	35	KR3l0118_WYG_428-3a
429.md	43	KR3l0118_WYG_428-3b
429.md	51	KR3l0118_WYG_428-4a
429.md	59	KR3l0118_WYG_428-4b
429.md	67	KR3l0118_WYG_428-5a
429.md	75	KR3l0118_WYG_428-5b
429.md	83	KR3l0118_WYG_428-6a
429.md	91	KR3l0118_WYG_428-6b
429.md	99	KR3l0118_WYG_428-7a
429.md	107	KR3l0118_WYG_428-7b
429.md	115	KR3l0118_WYG_428-8a
429.md	123	KR3l0118_WYG_428-8b
429.md	131	KR3l0118_WYG_428-9a
429.md	139	KR3l0118_WYG_428-9b
430.md	3	KR3l0118_WYG_429-1a
430.md	11	KR3l0118_WYG_429-1b
430.md	19	KR3l0118_WYG_429-2a
430.md	27	KR3l0118_WYG_429-2b
430.md	35	KR3l0118_WYG_429-3a
430.md	43	KR3l0118_WYG_429-3b
430.md	51	KR3l0118_WYG_429-4a
430.md	59	KR3l0118_WYG_429-4b
430.md	67	KR3l0118_WYG_429-5a
430.md	75	KR3l0118_WYG_429-5b
430.md	83	KR3l0118_WYG_429-6a
430.md	91	KR3l0118_WYG_429-6b
430.md	99	KR3l0118_WYG_429-7a
430.md	107	KR3l0118_WYG_429-7b
430.md	115	KR3l0118_WYG_429-8a
430.md	123	KR3l0118_WYG_429-8b
430.md	131	KR3l0118_WYG_429-9a
430.md	139	KR3l0118_WYG_429-9b
431.md	3	KR3l0118_WYG_430-1a
431.md	11	KR3l0118_WYG_430-1b
431.md	19	KR3l0118_WYG_430-2a
431.md	27	KR3l0118_WYG_430-2b
431.md	35	KR3l0118_WYG_430-3a
431.md	43	KR3l0118_WYG_430-3b
431.md	51	KR3l0118_WYG_430-4a
431.md	59	KR3l0118_WYG_430-4b
431.md	67	KR3l0118_WYG_430-5a
431.md	75	KR3l0118_WYG_430-5b
431.md	83	KR3l0118_WYG_430-6a
431.md	91	KR3l0118_WYG_430-6b
431.md	99	KR3l0118_WYG_430-7a
431.md	107	KR3l0118_WYG_430-7b
431.md	115	KR3l0118_WYG_430-8a
431.md	123	KR3l0118_WYG_430-8b
432.md	3	KR3l0118_WYG_431-1a
432.md	11	KR3l0118_WYG_431-1b
432.md	19	KR3l0118_WYG_431-2a
432.md	27	KR3l0118_WYG_431-2b
432.md	35	KR3l0118_WYG_431-3a
432.md	43	KR3l0118_WYG_431-3b
432.md	51	KR3l0118_WYG_431-4a
432.md	59	KR3l0118_WYG_431-4b
432.md	67	KR3l0118_WYG_431-5a
432.md	75	KR3l0118_WYG_431-5b
432.md	83	KR3l0118_WYG_431-6a
432.md	91	KR3l0118_WYG_431-6b
432.md	99	KR3l0118_WYG_431-7a
432.md	107	KR3l0118_WYG_431-7b
432.md	115	KR3l0118_WYG_431-8a
432.md	123	KR3l0118_WYG_431-8b
433.md	3	KR3l0118_WYG_432-1a
433.md	11	KR3l0118_WYG_432-1b
433.md	19	KR3l0118_WYG_432-2a
433.md	27	KR3l0118_WYG_432-2b
433.md	35	KR3l0118_WYG_432-3a
433.md	43	KR3l0118_WYG_432-3b
433.md	51	KR3l0118_WYG_432-4a
433.md	59	KR3l0118_WYG_432-4b
433.md	67	KR3l0118_WYG_432-5a
433.md	75	KR3l0118_WYG_432-5b
433.md	83	KR3l0118_WYG_432-6a
433.md	91	KR3l0118_WYG_432-6b
433.md	99	KR3l0118_WYG_432-7a
433.md	107	KR3l0118_WYG_432-7b
433.md	115	KR3l0118_WYG_432-8a
433.md	123	KR3l0118_WYG_432-8b
433.md	131	KR3l0118_WYG_432-9a
433.md	139	KR3l0118_WYG_432-9b
433.md	147	KR3l0118_WYG_432-10a
433.md	155	KR3l0118_WYG_432-10b
434.md	3	KR3l0118_WYG_433-1a
434.md	11	KR3l0118_WYG_433-1b
434.md	19	KR3l0118_WYG_433-2a
434.md	27	KR3l0118_WYG_433-2b
434.md	35	KR3l0118_WYG_433-3a
434.md	43	KR3l0118_WYG_433-3b
434.md	51	KR3l0118_WYG_433-4a
434.md	59	KR3l0118_WYG_433-4b
434.md	67	KR3l0118_WYG_433-5a
434.md	75	KR3l0118_WYG_433-5b
434.md	83	KR3l0118_WYG_433-6a
434.md	91	KR3l0118_WYG_433-6b
434.md	99	KR3l0118_WYG_433-7a
434.md	107	KR3l0118_WYG_433-7b
434.md	115	KR3l0118_WYG_433-8a
434.md	123	KR3l0118_WYG_433-8b
434.md	131	KR3l0118_WYG_433-9a
434.md	139	KR3l0118_WYG_433-9b
435.md	3	KR3l0118_WYG_434-1a
435.md	11	KR3l0118_WYG_434-1b
435.md	19	KR3l0118_WYG_434-2a
435.md	27	KR3l0118_WYG_434-2b
435.md	35	KR3l0118_WYG_434-3a
435.md	43	KR3l0118_WYG_434-3b
435.md	51	KR3l0118_WYG_434-4a
435.md	59	KR3l0118_WYG_434-4b
435.md	67	KR3l0118_WYG_434-5a
435.md	75	KR3l0118_WYG_434-5b
435.md	83	KR3l0118_WYG_434-6a
435.md	91	KR3l0118_WYG_434-6b
435.md	99	KR3l0118_WYG_434-7a
435.md	107	KR3l0118_WYG_434-7b
435.md	115	KR3l0118_WYG_434-8a
435.md	123	KR3l0118_WYG_434-8b
435.md	131	KR3l0118_WYG_434-9a
435.md	139	KR3l0118_WYG_434-9b
435.md	147	KR3l0118_WYG_434-10a
435.md	155	KR3l0118_WYG_434-10b
435.md	163	KR3l0118_WYG_434-11a
435.md	171	KR3l0118_WYG_434-11b
435.md	179	KR3l0118_WYG_434-12a
435.md	187	KR3l0118_WYG_434-12b
435.md	195	KR3l0118_WYG_434-13a
435.md	203	KR3l0118_WYG_434-13b
435.md	211	KR3l0118_WYG_434-14a
435.md	219	KR3l0118_WYG_434-14b
436.md	3	KR3l0118_WYG_435-1a
436.md	11	KR3l0118_WYG_435-1b
436.md	19	KR3l0118_WYG_435-2a
436.md	27	KR3l0118_WYG_435-2b
436.md	35	KR3l0118_WYG_435-3a
436.md	43	KR3l0118_WYG_435-3b
436.md	51	KR3l0118_WYG_435-4a
436.md	59	KR3l0118_WYG_435-4b
436.md	67	KR3l0118_WYG_435-5a
436.md	75	KR3l0118_WYG_435-5b
436.md	83	KR3l0118_WYG_435-6a
436.md	91	KR3l0118_WYG_435-6b
436.md	99	KR3l0118_WYG_435-7a
436.md	107	KR3l0118_WYG_435-7b
436.md	115	KR3l0118_WYG_435-8a
436.md	123	KR3l0118_WYG_435-8b
436.md	131	KR3l0118_WYG_435-9a
436.md	139	KR3l0118_WYG_435-9b
436.md	147	KR3l0118_WYG_435-10a
436.md	155	KR3l0118_WYG_435-10b
436.md	163	KR3l0118_WYG_435-11a
436.md	171	KR3l0118_WYG_435-11b
436.md	179	KR3l0118_WYG_435-12a
436.md	187	KR3l0118_WYG_435-12b
436.md	195	KR3l0118_WYG_435-13a
436.md	203	KR3l0118_WYG_435-13b
436.md	211	KR3l0118_WYG_435-14a
436.md	219	KR3l0118_WYG_435-14b
437.md	3	KR3l0118_WYG_436-1a
437.md	11	KR3l0118_WYG_436-1b
437.md	19	KR3l0118_WYG_436-2a
437.md	27	KR3l0118_WYG_436-2b
437.md	35	KR3l0118_WYG_436-3a
437.md	43	KR3l0118_WYG_436-3b
437.md	51	KR3l0118_WYG_436-4a
437.md	59	KR3l0118_WYG_436-4b
437.md	67	KR3l0118_WYG_436-5a
437.md	75	KR3l0118_WYG_436-5b
437.md	83	KR3l0118_WYG_436-6a
437.md	91	KR3l0118_WYG_436-6b
437.md	99	KR3l0118_WYG_436-7a
437.md	107	KR3l0118_WYG_436-7b
437.md	115	KR3l0118_WYG_436-8a
437.md	123	KR3l0118_WYG_436-8b
437.md	131	KR3l0118_WYG_436-9a
437.md	139	KR3l0118_WYG_436-9b
437.md	147	KR3l0118_WYG_436-10a
437.md	155	KR3l0118_WYG_436-10b
437.md	163	KR3l0118_WYG_436-11a
437.md	171	KR3l0118_WYG_436-11b
437.md	179	KR3l0118_WYG_436-12a
437.md	187	KR3l0118_WYG_436-12b
437.md	195	KR3l0118_WYG_436-13a
437.md	203	KR3l0118_WYG_436-13b
437.md	211	KR3l0118_WYG_436-14a
437.md	219	KR3l0118_WYG_436-14b
437.md	227	KR3l0118_WYG_436-15a
437.md	235	KR3l0118_WYG_436-15b
437.md	243	KR3l0118_WYG_436-16a
437.md	251	KR3l0118_WYG_436-16b
438.md	3	KR3l0118_WYG_437-1a
438.md	11	KR3l0118_WYG_437-1b
438.md	19	KR3l0118_WYG_437-2a
438.md	27	KR3l0118_WYG_437-2b
438.md	35	KR3l0118_WYG_437-3a
438.md	43	KR3l0118_WYG_437-3b
438.md	51	KR3l0118_WYG_437-4a
438.md	59	KR3l0118_WYG_437-4b
438.md	67	KR3l0118_WYG_437-5a
438.md	75	KR3l0118_WYG_437-5b
438.md	83	KR3l0118_WYG_437-6a
438.md	91	KR3l0118_WYG_437-6b
438.md	99	KR3l0118_WYG_437-7a
438.md	107	KR3l0118_WYG_437-7b
438.md	115	KR3l0118_WYG_437-8a
438.md	123	KR3l0118_WYG_437-8b
438.md	131	KR3l0118_WYG_437-9a
438.md	139	KR3l0118_WYG_437-9b
438.md	147	KR3l0118_WYG_437-10a
438.md	155	KR3l0118_WYG_437-10b
438.md	163	KR3l0118_WYG_437-11a
438.md	171	KR3l0118_WYG_437-11b
438.md	179	KR3l0118_WYG_437-12a
438.md	187	KR3l0118_WYG_437-12b
438.md	195	KR3l0118_WYG_437-13a
438.md	203	KR3l0118_WYG_437-13b
439.md	3	KR3l0118_WYG_438-1a
439.md	11	KR3l0118_WYG_438-1b
439.md	19	KR3l0118_WYG_438-2a
439.md	27	KR3l0118_WYG_438-2b
439.md	35	KR3l0118_WYG_438-3a
439.md	43	KR3l0118_WYG_438-3b
439.md	51	KR3l0118_WYG_438-4a
439.md	59	KR3l0118_WYG_438-4b
439.md	67	KR3l0118_WYG_438-5a
439.md	75	KR3l0118_WYG_438-5b
439.md	83	KR3l0118_WYG_438-6a
439.md	91	KR3l0118_WYG_438-6b
439.md	99	KR3l0118_WYG_438-7a
439.md	107	KR3l0118_WYG_438-7b
439.md	115	KR3l0118_WYG_438-8a
439.md	123	KR3l0118_WYG_438-8b
439.md	131	KR3l0118_WYG_438-9a
439.md	139	KR3l0118_WYG_438-9b
439.md	147	KR3l0118_WYG_438-10a
439.md	155	KR3l0118_WYG_438-10b
439.md	163	KR3l0118_WYG_438-11a
439.md	171	KR3l0118_WYG_438-11b
439.md	179	KR3l0118_WYG_438-12a
439.md	187	KR3l0118_WYG_438-12b
440.md	3	KR3l0118_WYG_439-1a
440.md	11	KR3l0118_WYG_439-1b
440.md	19	KR3l0118_WYG_439-2a
440.md	27	KR3l0118_WYG_439-2b
440.md	35	KR3l0118_WYG_439-3a
440.md	43	KR3l0118_WYG_439-3b
440.md	51	KR3l0118_WYG_439-4a
440.md	59	KR3l0118_WYG_439-4b
440.md	67	KR3l0118_WYG_439-5a
440.md	75	KR3l0118_WYG_439-5b
440.md	83	KR3l0118_WYG_439-6a
440.md	91	KR3l0118_WYG_439-6b
440.md	99	KR3l0118_WYG_439-7a
440.md	107	KR3l0118_WYG_439-7b
440.md	115	KR3l0118_WYG_439-8a
440.md	123	KR3l0118_WYG_439-8b
440.md	131	KR3l0118_WYG_439-9a
440.md	139	KR3l0118_WYG_439-9b
440.md	147	KR3l0118_WYG_439-10a
440.md	155	KR3l0118_WYG_439-10b
440.md	163	KR3l0118_WYG_439-11a
440.md	171	KR3l0118_WYG_439-11b
440.md	179	KR3l0118_WYG_439-12a
440.md	187	KR3l0118_WYG_439-12b
440.md	195	KR3l0118_WYG_439-13a
440.md	203	KR3l0118_WYG_439-13b
440.md	211	KR3l0118_WYG_439-14a
440.md	219	KR3l0118_WYG_439-14b
440.md	227	KR3l0118_WYG_439-15a
440.md	235	KR3l0118_WYG_439-15b
441.md	3	KR3l0118_WYG_440-1a
441.md	11	KR3l0118_WYG_440-1b
441.md	19	KR3l0118_WYG_440-2a
441.md	27	KR3l0118_WYG_440-2b
441.md	35	KR3l0118_WYG_440-3a
441.md	43	KR3l0118_WYG_440-3b
441.md	51	KR3l0118_WYG_440-4a
441.md	59	KR3l0118_WYG_440-4b
441.md	67	KR3l0118_WYG_440-5a
441.md	75	KR3l0118_WYG_440-5b
441.md	83	KR3l0118_WYG_440-6a
441.md	91	KR3l0118_WYG_440-6b
441.md	99	KR3l0118_WYG_440-7a
441.md	107	KR3l0118_WYG_440-7b
441.md	115	KR3l0118_WYG_440-8a
441.md	123	KR3l0118_WYG_440-8b
441.md	131	KR3l0118_WYG_440-9a
441.md	139	KR3l0118_WYG_440-9b
441.md	147	KR3l0118_WYG_440-10a
441.md	155	KR3l0118_WYG_440-10b
441.md	163	KR3l0118_WYG_440-11a
441.md	171	KR3l0118_WYG_440-11b
441.md	179	KR3l0118_WYG_440-12a
441.md	187	KR3l0118_WYG_440-12b
441.md	195	KR3l0118_WYG_440-13a
441.md	203	KR3l0118_WYG_440-13b
441.md	211	KR3l0118_WYG_440-14a
441.md	219	KR3l0118_WYG_440-14b
441.md	227	KR3l0118_WYG_440-15a
441.md	235	KR3l0118_WYG_440-15b
441.md	243	KR3l0118_WYG_440-16a
441.md	251	KR3l0118_WYG_440-16b
441.md	259	KR3l0118_WYG_440-17a
441.md	267	KR3l0118_WYG_440-17b
441.md	275	KR3l0118_WYG_440-18a
441.md	283	KR3l0118_WYG_440-18b
442.md	3	KR3l0118_WYG_441-1a
442.md	11	KR3l0118_WYG_441-1b
442.md	19	KR3l0118_WYG_441-2a
442.md	27	KR3l0118_WYG_441-2b
442.md	35	KR3l0118_WYG_441-3a
442.md	43	KR3l0118_WYG_441-3b
442.md	51	KR3l0118_WYG_441-4a
442.md	59	KR3l0118_WYG_441-4b
442.md	67	KR3l0118_WYG_441-5a
442.md	75	KR3l0118_WYG_441-5b
442.md	83	KR3l0118_WYG_441-6a
442.md	91	KR3l0118_WYG_441-6b
442.md	99	KR3l0118_WYG_441-7a
442.md	107	KR3l0118_WYG_441-7b
442.md	115	KR3l0118_WYG_441-8a
442.md	123	KR3l0118_WYG_441-8b
442.md	131	KR3l0118_WYG_441-9a
442.md	139	KR3l0118_WYG_441-9b
442.md	147	KR3l0118_WYG_441-10a
442.md	155	KR3l0118_WYG_441-10b
442.md	163	KR3l0118_WYG_441-11a
442.md	171	KR3l0118_WYG_441-11b
442.md	179	KR3l0118_WYG_441-12a
442.md	187	KR3l0118_WYG_441-12b
442.md	195	KR3l0118_WYG_441-13a
442.md	203	KR3l0118_WYG_441-13b
442.md	211	KR3l0118_WYG_441-14a
442.md	219	KR3l0118_WYG_441-14b
443.md	3	KR3l0118_WYG_442-1a
443.md	11	KR3l0118_WYG_442-1b
443.md	19	KR3l0118_WYG_442-2a
443.md	27	KR3l0118_WYG_442-2b
443.md	35	KR3l0118_WYG_442-3a
443.md	43	KR3l0118_WYG_442-3b
443.md	51	KR3l0118_WYG_442-4a
443.md	59	KR3l0118_WYG_442-4b
443.md	67	KR3l0118_WYG_442-5a
443.md	75	KR3l0118_WYG_442-5b
443.md	83	KR3l0118_WYG_442-6a
443.md	91	KR3l0118_WYG_442-6b
443.md	99	KR3l0118_WYG_442-7a
443.md	107	KR3l0118_WYG_442-7b
443.md	115	KR3l0118_WYG_442-8a
443.md	123	KR3l0118_WYG_442-8b
443.md	131	KR3l0118_WYG_442-9a
443.md	139	KR3l0118_WYG_442-9b
443.md	147	KR3l0118_WYG_442-10a
443.md	155	KR3l0118_WYG_442-10b
443.md	163	KR3l0118_WYG_442-11a
443.md	171	KR3l0118_WYG_442-11b
443.md	179	KR3l0118_WYG_442-12a
443.md	187	KR3l0118_WYG_442-12b
443.md	195	KR3l0118_WYG_442-13a
443.md	203	KR3l0118_WYG_442-13b
443.md	211	KR3l0118_WYG_442-14a
443.md	219	KR3l0118_WYG_442-14b
444.md	3	KR3l0118_WYG_443-1a
444.md	11	KR3l0118_WYG_443-1b
444.md	19	KR3l0118_WYG_443-2a
444.md	27	KR3l0118_WYG_443-2b
444.md	35	KR3l0118_WYG_443-3a
444.md	43	KR3l0118_WYG_443-3b
444.md	51	KR3l0118_WYG_443-4a
444.md	59	KR3l0118_WYG_443-4b
444.md	67	KR3l0118_WYG_443-5a
444.md	75	KR3l0118_WYG_443-5b
444.md	83	KR3l0118_WYG_443-6a
444.md	91	KR3l0118_WYG_443-6b
444.md	99	KR3l0118_WYG_443-7a
444.md	107	KR3l0118_WYG_443-7b
444.md	115	KR3l0118_WYG_443-8a
444.md	123	KR3l0118_WYG_443-8b
444.md	131	KR3l0118_WYG_443-9a
444.md	139	KR3l0118_WYG_443-9b
444.md	147	KR3l0118_WYG_443-10a
444.md	155	KR3l0118_WYG_443-10b
444.md	163	KR3l0118_WYG_443-11a
444.md	171	KR3l0118_WYG_443-11b
445.md	3	KR3l0118_WYG_444-1a
445.md	11	KR3l0118_WYG_444-1b
445.md	19	KR3l0118_WYG_444-2a
445.md	27	KR3l0118_WYG_444-2b
445.md	35	KR3l0118_WYG_444-3a
445.md	43	KR3l0118_WYG_444-3b
445.md	51	KR3l0118_WYG_444-4a
445.md	59	KR3l0118_WYG_444-4b
445.md	67	KR3l0118_WYG_444-5a
445.md	75	KR3l0118_WYG_444-5b
445.md	83	KR3l0118_WYG_444-6a
445.md	91	KR3l0118_WYG_444-6b
445.md	99	KR3l0118_WYG_444-7a
445.md	107	KR3l0118_WYG_444-7b
445.md	115	KR3l0118_WYG_444-8a
445.md	123	KR3l0118_WYG_444-8b
445.md	131	KR3l0118_WYG_444-9a
445.md	139	KR3l0118_WYG_444-9b
445.md	147	KR3l0118_WYG_444-10a
445.md	155	KR3l0118_WYG_444-10b
445.md	163	KR3l0118_WYG_444-11a
445.md	171	KR3l0118_WYG_444-11b
446.md	3	KR3l0118_WYG_445-1a
446.md	11	KR3l0118_WYG_445-1b
446.md	19	KR3l0118_WYG_445-2a
446.md	27	KR3l0118_WYG_445-2b
446.md	35	KR3l0118_WYG_445-3a
446.md	43	KR3l0118_WYG_445-3b
446.md	51	KR3l0118_WYG_445-4a
446.md	59	KR3l0118_WYG_445-4b
446.md	67	KR3l0118_WYG_445-5a
446.md	75	KR3l0118_WYG_445-5b
446.md	83	KR3l0118_WYG_445-6a
446.md	91	KR3l0118_WYG_445-6b
446.md	99	KR3l0118_WYG_445-7a
446.md	107	KR3l0118_WYG_445-7b
446.md	115	KR3l0118_WYG_445-8a
446.md	123	KR3l0118_WYG_445-8b
446.md	131	KR3l0118_WYG_445-9a
446.md	139	KR3l0118_WYG_445-9b
446.md	147	KR3l0118_WYG_445-10a
446.md	155	KR3l0118_WYG_445-10b
446.md	163	KR3l0118_WYG_445-11a
446.md	171	KR3l0118_WYG_445-11b
446.md	179	KR3l0118_WYG_445-12a
446.md	187	KR3l0118_WYG_445-12b
447.md	3	KR3l0118_WYG_446-1a
447.md	11	KR3l0118_WYG_446-1b
447.md	19	KR3l0118_WYG_446-2a
447.md	27	KR3l0118_WYG_446-2b
447.md	35	KR3l0118_WYG_446-3a
447.md	43	KR3l0118_WYG_446-3b
447.md	51	KR3l0118_WYG_446-4a
447.md	59	KR3l0118_WYG_446-4b
447.md	67	KR3l0118_WYG_446-5a
447.md	75	KR3l0118_WYG_446-5b
447.md	83	KR3l0118_WYG_446-6a
447.md	91	KR3l0118_WYG_446-6b
447.md	99	KR3l0118_WYG_446-7a
447.md	107	KR3l0118_WYG_446-7b
447.md	115	KR3l0118_WYG_446-8a
447.md	123	KR3l0118_WYG_446-8b
447.md	131	KR3l0118_WYG_446-9a
447.md	139	KR3l0118_WYG_446-9b
447.md	147	KR3l0118_WYG_446-10a
447.md	155	KR3l0118_WYG_446-10b
447.md	163	KR3l0118_WYG_446-11a
447.md	171	KR3l0118_WYG_446-11b
447.md	179	KR3l0118_WYG_446-12a
447.md	187	KR3l0118_WYG_446-12b
447.md	195	KR3l0118_WYG_446-13a
447.md	203	KR3l0118_WYG_446-13b
447.md	211	KR3l0118_WYG_446-14a
447.md	219	KR3l0118_WYG_446-14b
448.md	3	KR3l0118_WYG_447-1a
448.md	11	KR3l0118_WYG_447-1b
448.md	19	KR3l0118_WYG_447-2a
448.md	27	KR3l0118_WYG_447-2b
448.md	35	KR3l0118_WYG_447-3a
448.md	43	KR3l0118_WYG_447-3b
448.md	51	KR3l0118_WYG_447-4a
448.md	59	KR3l0118_WYG_447-4b
448.md	67	KR3l0118_WYG_447-5a
448.md	75	KR3l0118_WYG_447-5b
448.md	83	KR3l0118_WYG_447-6a
448.md	91	KR3l0118_WYG_447-6b
448.md	99	KR3l0118_WYG_447-7a
448.md	107	KR3l0118_WYG_447-7b
448.md	115	KR3l0118_WYG_447-8a
448.md	123	KR3l0118_WYG_447-8b
448.md	131	KR3l0118_WYG_447-9a
448.md	139	KR3l0118_WYG_447-9b
448.md	147	KR3l0118_WYG_447-10a
448.md	155	KR3l0118_WYG_447-10b
448.md	163	KR3l0118_WYG_447-11a
448.md	171	KR3l0118_WYG_447-11b
449.md	3	KR3l0118_WYG_448-1a
449.md	11	KR3l0118_WYG_448-1b
449.md	19	KR3l0118_WYG_448-2a
449.md	27	KR3l0118_WYG_448-2b
449.md	35	KR3l0118_WYG_448-3a
449.md	43	KR3l0118_WYG_448-3b
449.md	51	KR3l0118_WYG_448-4a
449.md	59	KR3l0118_WYG_448-4b
449.md	67	KR3l0118_WYG_448-5a
449.md	75	KR3l0118_WYG_448-5b
449.md	83	KR3l0118_WYG_448-6a
449.md	91	KR3l0118_WYG_448-6b
449.md	99	KR3l0118_WYG_448-7a
449.md	107	KR3l0118_WYG_448-7b
449.md	115	KR3l0118_WYG_448-8a
449.md	123	KR3l0118_WYG_448-8b
449.md	131	KR3l0118_WYG_448-9a
449.md	139	KR3l0118_WYG_448-9b
449.md	147	KR3l0118_WYG_448-10a
449.md	155	KR3l0118_WYG_448-10b
449.md	163	KR3l0118_WYG_448-11a
449.md	171	KR3l0118_WYG_448-11b
449.md	179	KR3l0118_WYG_448-12a
449.md	187	KR3l0118_WYG_448-12b
450.md	3	KR3l0118_WYG_449-1a
450.md	11	KR3l0118_WYG_449-1b
450.md	19	KR3l0118_WYG_449-2a
450.md	27	KR3l0118_WYG_449-2b
450.md	35	KR3l0118_WYG_449-3a
450.md	43	KR3l0118_WYG_449-3b
450.md	51	KR3l0118_WYG_449-4a
450.md	59	KR3l0118_WYG_449-4b
450.md	67	KR3l0118_WYG_449-5a
450.md	75	KR3l0118_WYG_449-5b
450.md	83	KR3l0118_WYG_449-6a
450.md	91	KR3l0118_WYG_449-6b
450.md	99	KR3l0118_WYG_449-7a
450.md	107	KR3l0118_WYG_449-7b
450.md	115	KR3l0118_WYG_449-8a
450.md	123	KR3l0118_WYG_449-8b
450.md	131	KR3l0118_WYG_449-9a
450.md	139	KR3l0118_WYG_449-9b
450.md	147	KR3l0118_WYG_449-10a
450.md	155	KR3l0118_WYG_449-10b
450.md	163	KR3l0118_WYG_449-11a
450.md	171	KR3l0118_WYG_449-11b
450.md	179	KR3l0118_WYG_449-12a
450.md	187	KR3l0118_WYG_449-12b
451.md	3	KR3l0118_WYG_450-1a
451.md	11	KR3l0118_WYG_450-1b
451.md	19	KR3l0118_WYG_450-2a
451.md	27	KR3l0118_WYG_450-2b
451.md	35	KR3l0118_WYG_450-3a
451.md	43	KR3l0118_WYG_450-3b
451.md	51	KR3l0118_WYG_450-4a
451.md	59	KR3l0118_WYG_450-4b
451.md	67	KR3l0118_WYG_450-5a
451.md	75	KR3l0118_WYG_450-5b
451.md	83	KR3l0118_WYG_450-6a
451.md	91	KR3l0118_WYG_450-6b
451.md	99	KR3l0118_WYG_450-7a
451.md	107	KR3l0118_WYG_450-7b
451.md	115	KR3l0118_WYG_450-8a
451.md	123	KR3l0118_WYG_450-8b
451.md	131	KR3l0118_WYG_450-9a
451.md	139	KR3l0118_WYG_450-9b
451.md	147	KR3l0118_WYG_450-10a
451.md	155	KR3l0118_WYG_450-10b
452.md	3	KR3l0118_WYG_451-1a
452.md	11	KR3l0118_WYG_451-1b
452.md	19	KR3l0118_WYG_451-2a
452.md	27	KR3l0118_WYG_451-2b
452.md	35	KR3l0118_WYG_451-3a
452.md	43	KR3l0118_WYG_451-3b
452.md	51	KR3l0118_WYG_451-4a
452.md	59	KR3l0118_WYG_451-4b
452.md	67	KR3l0118_WYG_451-5a
452.md	75	KR3l0118_WYG_451-5b
452.md	83	KR3l0118_WYG_451-6a
452.md	91	KR3l0118_WYG_451-6b
452.md	99	KR3l0118_WYG_451-7a
452.md	107	KR3l0118_WYG_451-7b
452.md	115	KR3l0118_WYG_451-8a
452.md	123	KR3l0118_WYG_451-8b
452.md	131	KR3l0118_WYG_451-9a
452.md	139	KR3l0118_WYG_451-9b
452.md	147	KR3l0118_WYG_451-10a
452.md	155	KR3l0118_WYG_451-10b
452.md	163	KR3l0118_WYG_451-11a
452.md	171	KR3l0118_WYG_451-11b
453.md	3	KR3l0118_WYG_452-1a
453.md	11	KR3l0118_WYG_452-1b
453.md	19	KR3l0118_WYG_452-2a
453.md	27	KR3l0118_WYG_452-2b
453.md	35	KR3l0118_WYG_452-3a
453.md	43	KR3l0118_WYG_452-3b
453.md	51	KR3l0118_WYG_452-4a
453.md	59	KR3l0118_WYG_452-4b
453.md	67	KR3l0118_WYG_452-5a
453.md	75	KR3l0118_WYG_452-5b
453.md	83	KR3l0118_WYG_452-6a
453.md	91	KR3l0118_WYG_452-6b
453.md	99	KR3l0118_WYG_452-7a
453.md	107	KR3l0118_WYG_452-7b
453.md	115	KR3l0118_WYG_452-8a
453.md	123	KR3l0118_WYG_452-8b
453.md	131	KR3l0118_WYG_452-9a
453.md	139	KR3l0118_WYG_452-9b
453.md	147	KR3l0118_WYG_452-10a
453.md	155	KR3l0118_WYG_452-10b
453.md	163	KR3l0118_WYG_452-11a
453.md	171	KR3l0118_WYG_452-11b
454.md	3	KR3l0118_WYG_453-1a
454.md	11	KR3l0118_WYG_453-1b
454.md	19	KR3l0118_WYG_453-2a
454.md	27	KR3l0118_WYG_453-2b
454.md	35	KR3l0118_WYG_453-3a
454.md	43	KR3l0118_WYG_453-3b
454.md	51	KR3l0118_WYG_453-4a
454.md	59	KR3l0118_WYG_453-4b
454.md	67	KR3l0118_WYG_453-5a
454.md	75	KR3l0118_WYG_453-5b
454.md	83	KR3l0118_WYG_453-6a
454.md	91	KR3l0118_WYG_453-6b
454.md	99	KR3l0118_WYG_453-7a
454.md	107	KR3l0118_WYG_453-7b
454.md	115	KR3l0118_WYG_453-8a
454.md	123	KR3l0118_WYG_453-8b
454.md	131	KR3l0118_WYG_453-9a
454.md	139	KR3l0118_WYG_453-9b
454.md	147	KR3l0118_WYG_453-10a
454.md	155	KR3l0118_WYG_453-10b
454.md	163	KR3l0118_WYG_453-11a
454.md	171	KR3l0118_WYG_453-11b
455.md	3	KR3l0118_WYG_454-1a
455.md	11	KR3l0118_WYG_454-1b
455.md	19	KR3l0118_WYG_454-2a
455.md	27	KR3l0118_WYG_454-2b
455.md	35	KR3l0118_WYG_454-3a
455.md	43	KR3l0118_WYG_454-3b
455.md	51	KR3l0118_WYG_454-4a
455.md	59	KR3l0118_WYG_454-4b
455.md	67	KR3l0118_WYG_454-5a
455.md	75	KR3l0118_WYG_454-5b
455.md	83	KR3l0118_WYG_454-6a
455.md	91	KR3l0118_WYG_454-6b
455.md	99	KR3l0118_WYG_454-7a
455.md	107	KR3l0118_WYG_454-7b
455.md	115	KR3l0118_WYG_454-8a
455.md	123	KR3l0118_WYG_454-8b
455.md	131	KR3l0118_WYG_454-9a
455.md	139	KR3l0118_WYG_454-9b
455.md	147	KR3l0118_WYG_454-10a
455.md	155	KR3l0118_WYG_454-10b
455.md	163	KR3l0118_WYG_454-11a
455.md	171	KR3l0118_WYG_454-11b
456.md	3	KR3l0118_WYG_455-1a
456.md	11	KR3l0118_WYG_455-1b
456.md	19	KR3l0118_WYG_455-2a
456.md	27	KR3l0118_WYG_455-2b
456.md	35	KR3l0118_WYG_455-3a
456.md	43	KR3l0118_WYG_455-3b
456.md	51	KR3l0118_WYG_455-4a
456.md	59	KR3l0118_WYG_455-4b
456.md	67	KR3l0118_WYG_455-5a
456.md	75	KR3l0118_WYG_455-5b
456.md	83	KR3l0118_WYG_455-6a
456.md	91	KR3l0118_WYG_455-6b
456.md	99	KR3l0118_WYG_455-7a
456.md	107	KR3l0118_WYG_455-7b
456.md	115	KR3l0118_WYG_455-8a
456.md	123	KR3l0118_WYG_455-8b
456.md	131	KR3l0118_WYG_455-9a
456.md	139	KR3l0118_WYG_455-9b
456.md	147	KR3l0118_WYG_455-10a
456.md	155	KR3l0118_WYG_455-10b
456.md	163	KR3l0118_WYG_455-11a
456.md	171	KR3l0118_WYG_455-11b
457.md	3	KR3l0118_WYG_456-1a
457.md	11	KR3l0118_WYG_456-1b
457.md	19	KR3l0118_WYG_456-2a
457.md	27	KR3l0118_WYG_456-2b
457.md	35	KR3l0118_WYG_456-3a
457.md	43	KR3l0118_WYG_456-3b
457.md	51	KR3l0118_WYG_456-4a
457.md	59	KR3l0118_WYG_456-4b
457.md	67	KR3l0118_WYG_456-5a
457.md	75	KR3l0118_WYG_456-5b
457.md	83	KR3l0118_WYG_456-6a
457.md	91	KR3l0118_WYG_456-6b
457.md	99	KR3l0118_WYG_456-7a
457.md	107	KR3l0118_WYG_456-7b
457.md	115	KR3l0118_WYG_456-8a
457.md	123	KR3l0118_WYG_456-8b
457.md	131	KR3l0118_WYG_456-9a
457.md	139	KR3l0118_WYG_456-9b
457.md	147	KR3l0118_WYG_456-10a
457.md	155	KR3l0118_WYG_456-10b
457.md	163	KR3l0118_WYG_456-11a
457.md	171	KR3l0118_WYG_456-11b
457.md	179	KR3l0118_WYG_456-12a
457.md	187	KR3l0118_WYG_456-12b
457.md	195	KR3l0118_WYG_456-13a
457.md	203	KR3l0118_WYG_456-13b
457.md	211	KR3l0118_WYG_456-14a
457.md	219	KR3l0118_WYG_456-14b
457.md	227	KR3l0118_WYG_456-15a
457.md	235	KR3l0118_WYG_456-15b
457.md	243	KR3l0118_WYG_456-16a
457.md	251	KR3l0118_WYG_456-16b
457.md	259	KR3l0118_WYG_456-17a
457.md	267	KR3l0118_WYG_456-17b
458.md	3	KR3l0118_WYG_457-1a
458.md	11	KR3l0118_WYG_457-1b
458.md	19	KR3l0118_WYG_457-2a
458.md	27	KR3l0118_WYG_457-2b
458.md	35	KR3l0118_WYG_457-3a
458.md	43	KR3l0118_WYG_457-3b
458.md	51	KR3l0118_WYG_457-4a
458.md	59	KR3l0118_WYG_457-4b
458.md	67	KR3l0118_WYG_457-5a
458.md	75	KR3l0118_WYG_457-5b
458.md	83	KR3l0118_WYG_457-6a
458.md	91	KR3l0118_WYG_457-6b
458.md	99	KR3l0118_WYG_457-7a
458.md	107	KR3l0118_WYG_457-7b
458.md	115	KR3l0118_WYG_457-8a
458.md	123	KR3l0118_WYG_457-8b
458.md	131	KR3l0118_WYG_457-9a
458.md	139	KR3l0118_WYG_457-9b
458.md	147	KR3l0118_WYG_457-10a
458.md	155	KR3l0118_WYG_457-10b
458.md	163	KR3l0118_WYG_457-11a
458.md	171	KR3l0118_WYG_457-11b
458.md	179	KR3l0118_WYG_457-12a
458.md	187	KR3l0118_WYG_457-12b
458.md	195	KR3l0118_WYG_457-13a
458.md	203	KR3l0118_WYG_457-13b
459.md	3	KR3l0118_WYG_458-1a
459.md	11	KR3l0118_WYG_458-1b
459.md	19	KR3l0118_WYG_458-2a
459.md	27	KR3l0118_WYG_458-2b
459.md	35	KR3l0118_WYG_458-3a
459.md	43	KR3l0118_WYG_458-3b
459.md	51	KR3l0118_WYG_458-4a
459.md	59	KR3l0118_WYG_458-4b
459.md	67	KR3l0118_WYG_458-5a
459.md	75	KR3l0118_WYG_458-5b
459.md	83	KR3l0118_WYG_458-6a
459.md	91	KR3l0118_WYG_458-6b
459.md	99	KR3l0118_WYG_458-7a
459.md	107	KR3l0118_WYG_458-7b
459.md	115	KR3l0118_WYG_458-8a
459.md	123	KR3l0118_WYG_458-8b
459.md	131	KR3l0118_WYG_458-9a
459.md	139	KR3l0118_WYG_458-9b
459.md	147	KR3l0118_WYG_458-10a
459.md	155	KR3l0118_WYG_458-10b
459.md	163	KR3l0118_WYG_458-11a
459.md	171	KR3l0118_WYG_458-11b
459.md	179	KR3l0118_WYG_458-12a
459.md	187	KR3l0118_WYG_458-12b
459.md	195	KR3l0118_WYG_458-13a
459.md	203	KR3l0118_WYG_458-13b
460.md	3	KR3l0118_WYG_459-1a
460.md	11	KR3l0118_WYG_459-1b
460.md	19	KR3l0118_WYG_459-2a
460.md	27	KR3l0118_WYG_459-2b
460.md	35	KR3l0118_WYG_459-3a
460.md	43	KR3l0118_WYG_459-3b
460.md	51	KR3l0118_WYG_459-4a
460.md	59	KR3l0118_WYG_459-4b
460.md	67	KR3l0118_WYG_459-5a
460.md	75	KR3l0118_WYG_459-5b
460.md	83	KR3l0118_WYG_459-6a
460.md	91	KR3l0118_WYG_459-6b
460.md	99	KR3l0118_WYG_459-7a
460.md	107	KR3l0118_WYG_459-7b
460.md	115	KR3l0118_WYG_459-8a
460.md	123	KR3l0118_WYG_459-8b
460.md	131	KR3l0118_WYG_459-9a
460.md	139	KR3l0118_WYG_459-9b
460.md	147	KR3l0118_WYG_459-10a
460.md	155	KR3l0118_WYG_459-10b
460.md	163	KR3l0118_WYG_459-11a
460.md	171	KR3l0118_WYG_459-11b
460.md	179	KR3l0118_WYG_459-12a
460.md	187	KR3l0118_WYG_459-12b
460.md	195	KR3l0118_WYG_459-13a
460.md	203	KR3l0118_WYG_459-13b
461.md	3	KR3l0118_WYG_460-1a
461.md	11	KR3l0118_WYG_460-1b
461.md	19	KR3l0118_WYG_460-2a
461.md	27	KR3l0118_WYG_460-2b
461.md	35	KR3l0118_WYG_460-3a
461.md	43	KR3l0118_WYG_460-3b
461.md	51	KR3l0118_WYG_460-4a
461.md	59	KR3l0118_WYG_460-4b
461.md	67	KR3l0118_WYG_460-5a
461.md	75	KR3l0118_WYG_460-5b
461.md	83	KR3l0118_WYG_460-6a
461.md	91	KR3l0118_WYG_460-6b
461.md	99	KR3l0118_WYG_460-7a
461.md	107	KR3l0118_WYG_460-7b
461.md	115	KR3l0118_WYG_460-8a
461.md	123	KR3l0118_WYG_460-8b
461.md	131	KR3l0118_WYG_460-9a
461.md	139	KR3l0118_WYG_460-9b
461.md	147	KR3l0118_WYG_460-10a
461.md	155	KR3l0118_WYG_460-10b
461.md	163	KR3l0118_WYG_460-11a
461.md	171	KR3l0118_WYG_460-11b
461.md	179	KR3l0118_WYG_460-12a
461.md	187	KR3l0118_WYG_460-12b
461.md	195	KR3l0118_WYG_460-13a
461.md	203	KR3l0118_WYG_460-13b
461.md	211	KR3l0118_WYG_460-14a
461.md	219	KR3l0118_WYG_460-14b
462.md	3	KR3l0118_WYG_461-1a
462.md	11	KR3l0118_WYG_461-1b
462.md	19	KR3l0118_WYG_461-2a
462.md	27	KR3l0118_WYG_461-2b
462.md	35	KR3l0118_WYG_461-3a
462.md	43	KR3l0118_WYG_461-3b
462.md	51	KR3l0118_WYG_461-4a
462.md	59	KR3l0118_WYG_461-4b
462.md	67	KR3l0118_WYG_461-5a
462.md	75	KR3l0118_WYG_461-5b
462.md	83	KR3l0118_WYG_461-6a
462.md	91	KR3l0118_WYG_461-6b
462.md	99	KR3l0118_WYG_461-7a
462.md	107	KR3l0118_WYG_461-7b
462.md	115	KR3l0118_WYG_461-8a
462.md	123	KR3l0118_WYG_461-8b
462.md	131	KR3l0118_WYG_461-9a
462.md	139	KR3l0118_WYG_461-9b
462.md	147	KR3l0118_WYG_461-10a
462.md	155	KR3l0118_WYG_461-10b
462.md	163	KR3l0118_WYG_461-11a
462.md	171	KR3l0118_WYG_461-11b
462.md	179	KR3l0118_WYG_461-12a
462.md	187	KR3l0118_WYG_461-12b
462.md	195	KR3l0118_WYG_461-13a
462.md	203	KR3l0118_WYG_461-13b
462.md	211	KR3l0118_WYG_461-14a
462.md	219	KR3l0118_WYG_461-14b
462.md	227	KR3l0118_WYG_461-15a
462.md	235	KR3l0118_WYG_461-15b
463.md	3	KR3l0118_WYG_462-1a
463.md	11	KR3l0118_WYG_462-1b
463.md	19	KR3l0118_WYG_462-2a
463.md	27	KR3l0118_WYG_462-2b
463.md	35	KR3l0118_WYG_462-3a
463.md	43	KR3l0118_WYG_462-3b
463.md	51	KR3l0118_WYG_462-4a
463.md	59	KR3l0118_WYG_462-4b
463.md	67	KR3l0118_WYG_462-5a
463.md	75	KR3l0118_WYG_462-5b
463.md	83	KR3l0118_WYG_462-6a
463.md	91	KR3l0118_WYG_462-6b
463.md	99	KR3l0118_WYG_462-7a
463.md	107	KR3l0118_WYG_462-7b
463.md	115	KR3l0118_WYG_462-8a
463.md	123	KR3l0118_WYG_462-8b
463.md	131	KR3l0118_WYG_462-9a
463.md	139	KR3l0118_WYG_462-9b
463.md	147	KR3l0118_WYG_462-10a
463.md	155	KR3l0118_WYG_462-10b
463.md	163	KR3l0118_WYG_462-11a
463.md	171	KR3l0118_WYG_462-11b
463.md	179	KR3l0118_WYG_462-12a
463.md	187	KR3l0118_WYG_462-12b
463.md	195	KR3l0118_WYG_462-13a
463.md	203	KR3l0118_WYG_462-13b
463.md	211	KR3l0118_WYG_462-14a
463.md	219	KR3l0118_WYG_462-14b
463.md	227	KR3l0118_WYG_462-15a
463.md	235	KR3l0118_WYG_462-15b
463.md	243	KR3l0118_WYG_462-16a
463.md	251	KR3l0118_WYG_462-16b
463.md	259	KR3l0118_WYG_462-17a
463.md	267	KR3l0118_WYG_462-17b
464.md	3	KR3l0118_WYG_463-1a
464.md	11	KR3l0118_WYG_463-1b
464.md	19	KR3l0118_WYG_463-2a
464.md	27	KR3l0118_WYG_463-2b
464.md	35	KR3l0118_WYG_463-3a
464.md	43	KR3l0118_WYG_463-3b
464.md	51	KR3l0118_WYG_463-4a
464.md	59	KR3l0118_WYG_463-4b
464.md	67	KR3l0118_WYG_463-5a
464.md	75	KR3l0118_WYG_463-5b
464.md	83	KR3l0118_WYG_463-6a
464.md	91	KR3l0118_WYG_463-6b
464.md	99	KR3l0118_WYG_463-7a
464.md	107	KR3l0118_WYG_463-7b
464.md	115	KR3l0118_WYG_463-8a
464.md	123	KR3l0118_WYG_463-8b
464.md	131	KR3l0118_WYG_463-9a
464.md	139	KR3l0118_WYG_463-9b
464.md	147	KR3l0118_WYG_463-10a
464.md	155	KR3l0118_WYG_463-10b
464.md	163	KR3l0118_WYG_463-11a
464.md	171	KR3l0118_WYG_463-11b
464.md	179	KR3l0118_WYG_463-12a
464.md	187	KR3l0118_WYG_463-12b
464.md	195	KR3l0118_WYG_463-13a
464.md	203	KR3l0118_WYG_463-13b
464.md	211	KR3l0118_WYG_463-14a
464.md	219	KR3l0118_WYG_463-14b
464.md	227	KR3l0118_WYG_463-15a
464.md	235	KR3l0118_WYG_463-15b
464.md	243	KR3l0118_WYG_463-16a
464.md	251	KR3l0118_WYG_463-16b
465.md	3	KR3l0118_WYG_464-1a
465.md	11	KR3l0118_WYG_464-1b
465.md	19	KR3l0118_WYG_464-2a
465.md	27	KR3l0118_WYG_464-2b
465.md	35	KR3l0118_WYG_464-3a
465.md	43	KR3l0118_WYG_464-3b
465.md	51	KR3l0118_WYG_464-4a
465.md	59	KR3l0118_WYG_464-4b
465.md	67	KR3l0118_WYG_464-5a
465.md	75	KR3l0118_WYG_464-5b
465.md	83	KR3l0118_WYG_464-6a
465.md	91	KR3l0118_WYG_464-6b
465.md	99	KR3l0118_WYG_464-7a
465.md	107	KR3l0118_WYG_464-7b
465.md	115	KR3l0118_WYG_464-8a
465.md	123	KR3l0118_WYG_464-8b
465.md	131	KR3l0118_WYG_464-9a
465.md	139	KR3l0118_WYG_464-9b
465.md	147	KR3l0118_WYG_464-10a
465.md	155	KR3l0118_WYG_464-10b
465.md	163	KR3l0118_WYG_464-11a
465.md	171	KR3l0118_WYG_464-11b
465.md	179	KR3l0118_WYG_464-12a
465.md	187	KR3l0118_WYG_464-12b
466.md	3	KR3l0118_WYG_465-1a
466.md	11	KR3l0118_WYG_465-1b
466.md	19	KR3l0118_WYG_465-2a
466.md	27	KR3l0118_WYG_465-2b
466.md	35	KR3l0118_WYG_465-3a
466.md	43	KR3l0118_WYG_465-3b
466.md	51	KR3l0118_WYG_465-4a
466.md	59	KR3l0118_WYG_465-4b
466.md	67	KR3l0118_WYG_465-5a
466.md	75	KR3l0118_WYG_465-5b
466.md	83	KR3l0118_WYG_465-6a
466.md	91	KR3l0118_WYG_465-6b
466.md	99	KR3l0118_WYG_465-7a
466.md	107	KR3l0118_WYG_465-7b
466.md	115	KR3l0118_WYG_465-8a
466.md	123	KR3l0118_WYG_465-8b
466.md	131	KR3l0118_WYG_465-9a
466.md	139	KR3l0118_WYG_465-9b
466.md	147	KR3l0118_WYG_465-10a
466.md	155	KR3l0118_WYG_465-10b
466.md	163	KR3l0118_WYG_465-11a
466.md	171	KR3l0118_WYG_465-11b
467.md	3	KR3l0118_WYG_466-1a
467.md	11	KR3l0118_WYG_466-1b
467.md	19	KR3l0118_WYG_466-2a
467.md	27	KR3l0118_WYG_466-2b
467.md	35	KR3l0118_WYG_466-3a
467.md	43	KR3l0118_WYG_466-3b
467.md	51	KR3l0118_WYG_466-4a
467.md	59	KR3l0118_WYG_466-4b
467.md	67	KR3l0118_WYG_466-5a
467.md	75	KR3l0118_WYG_466-5b
467.md	83	KR3l0118_WYG_466-6a
467.md	91	KR3l0118_WYG_466-6b
467.md	99	KR3l0118_WYG_466-7a
467.md	107	KR3l0118_WYG_466-7b
467.md	115	KR3l0118_WYG_466-8a
467.md	123	KR3l0118_WYG_466-8b
467.md	131	KR3l0118_WYG_466-9a
467.md	139	KR3l0118_WYG_466-9b
468.md	3	KR3l0118_WYG_467-1a
468.md	11	KR3l0118_WYG_467-1b
468.md	19	KR3l0118_WYG_467-2a
468.md	27	KR3l0118_WYG_467-2b
468.md	35	KR3l0118_WYG_467-3a
468.md	43	KR3l0118_WYG_467-3b
468.md	51	KR3l0118_WYG_467-4a
468.md	59	KR3l0118_WYG_467-4b
468.md	67	KR3l0118_WYG_467-5a
468.md	75	KR3l0118_WYG_467-5b
468.md	83	KR3l0118_WYG_467-6a
468.md	91	KR3l0118_WYG_467-6b
468.md	99	KR3l0118_WYG_467-7a
468.md	107	KR3l0118_WYG_467-7b
468.md	115	KR3l0118_WYG_467-8a
468.md	123	KR3l0118_WYG_467-8b
468.md	131	KR3l0118_WYG_467-9a
468.md	139	KR3l0118_WYG_467-9b
468.md	147	KR3l0118_WYG_467-10a
468.md	155	KR3l0118_WYG_467-10b
468.md	163	KR3l0118_WYG_467-11a
468.md	171	KR3l0118_WYG_467-11b
468.md	179	KR3l0118_WYG_467-12a
468.md	187	KR3l0118_WYG_467-12b
469.md	3	KR3l0118_WYG_468-1a
469.md	11	KR3l0118_WYG_468-1b
469.md	19	KR3l0118_WYG_468-2a
469.md	27	KR3l0118_WYG_468-2b
469.md	35	KR3l0118_WYG_468-3a
469.md	43	KR3l0118_WYG_468-3b
469.md	51	KR3l0118_WYG_468-4a
469.md	59	KR3l0118_WYG_468-4b
469.md	67	KR3l0118_WYG_468-5a
469.md	75	KR3l0118_WYG_468-5b
469.md	83	KR3l0118_WYG_468-6a
469.md	91	KR3l0118_WYG_468-6b
469.md	99	KR3l0118_WYG_468-7a
469.md	107	KR3l0118_WYG_468-7b
469.md	115	KR3l0118_WYG_468-8a
469.md	123	KR3l0118_WYG_468-8b
469.md	131	KR3l0118_WYG_468-9a
469.md	139	KR3l0118_WYG_468-9b
469.md	147	KR3l0118_WYG_468-10a
469.md	155	KR3l0118_WYG_468-10b
469.md	163	KR3l0118_WYG_468-11a
469.md	171	KR3l0118_WYG_468-11b
470.md	3	KR3l0118_WYG_469-1a
470.md	11	KR3l0118_WYG_469-1b
470.md	19	KR3l0118_WYG_469-2a
470.md	27	KR3l0118_WYG_469-2b
470.md	35	KR3l0118_WYG_469-3a
470.md	43	KR3l0118_WYG_469-3b
470.md	51	KR3l0118_WYG_469-4a
470.md	59	KR3l0118_WYG_469-4b
470.md	67	KR3l0118_WYG_469-5a
470.md	75	KR3l0118_WYG_469-5b
470.md	83	KR3l0118_WYG_469-6a
470.md	91	KR3l0118_WYG_469-6b
470.md	99	KR3l0118_WYG_469-7a
470.md	107	KR3l0118_WYG_469-7b
470.md	115	KR3l0118_WYG_469-8a
470.md	123	KR3l0118_WYG_469-8b
470.md	131	KR3l0118_WYG_469-9a
470.md	139	KR3l0118_WYG_469-9b
470.md	147	KR3l0118_WYG_469-10a
470.md	155	KR3l0118_WYG_469-10b
470.md	163	KR3l0118_WYG_469-11a
470.md	171	KR3l0118_WYG_469-11b
471.md	3	KR3l0118_WYG_470-1a
471.md	11	KR3l0118_WYG_470-1b
471.md	19	KR3l0118_WYG_470-2a
471.md	27	KR3l0118_WYG_470-2b
471.md	35	KR3l0118_WYG_470-3a
471.md	43	KR3l0118_WYG_470-3b
471.md	51	KR3l0118_WYG_470-4a
471.md	59	KR3l0118_WYG_470-4b
471.md	67	KR3l0118_WYG_470-5a
471.md	75	KR3l0118_WYG_470-5b
471.md	83	KR3l0118_WYG_470-6a
471.md	91	KR3l0118_WYG_470-6b
471.md	99	KR3l0118_WYG_470-7a
471.md	107	KR3l0118_WYG_470-7b
471.md	115	KR3l0118_WYG_470-8a
471.md	123	KR3l0118_WYG_470-8b
471.md	131	KR3l0118_WYG_470-9a
471.md	139	KR3l0118_WYG_470-9b
471.md	147	KR3l0118_WYG_470-10a
471.md	155	KR3l0118_WYG_470-10b
472.md	3	KR3l0118_WYG_471-1a
472.md	11	KR3l0118_WYG_471-1b
472.md	19	KR3l0118_WYG_471-2a
472.md	27	KR3l0118_WYG_471-2b
472.md	35	KR3l0118_WYG_471-3a
472.md	43	KR3l0118_WYG_471-3b
472.md	51	KR3l0118_WYG_471-4a
472.md	59	KR3l0118_WYG_471-4b
472.md	67	KR3l0118_WYG_471-5a
472.md	75	KR3l0118_WYG_471-5b
472.md	83	KR3l0118_WYG_471-6a
472.md	91	KR3l0118_WYG_471-6b
472.md	99	KR3l0118_WYG_471-7a
472.md	107	KR3l0118_WYG_471-7b
472.md	115	KR3l0118_WYG_471-8a
472.md	123	KR3l0118_WYG_471-8b
472.md	131	KR3l0118_WYG_471-9a
472.md	139	KR3l0118_WYG_471-9b
473.md	3	KR3l0118_WYG_472-1a
473.md	11	KR3l0118_WYG_472-1b
473.md	19	KR3l0118_WYG_472-2a
473.md	27	KR3l0118_WYG_472-2b
473.md	35	KR3l0118_WYG_472-3a
473.md	43	KR3l0118_WYG_472-3b
473.md	51	KR3l0118_WYG_472-4a
473.md	59	KR3l0118_WYG_472-4b
473.md	67	KR3l0118_WYG_472-5a
473.md	75	KR3l0118_WYG_472-5b
473.md	83	KR3l0118_WYG_472-6a
473.md	91	KR3l0118_WYG_472-6b
473.md	99	KR3l0118_WYG_472-7a
473.md	107	KR3l0118_WYG_472-7b
473.md	115	KR3l0118_WYG_472-8a
473.md	123	KR3l0118_WYG_472-8b
473.md	131	KR3l0118_WYG_472-9a
473.md	139	KR3l0118_WYG_472-9b
473.md	147	KR3l0118_WYG_472-10a
473.md	155	KR3l0118_WYG_472-10b
474.md	3	KR3l0118_WYG_473-1a
474.md	11	KR3l0118_WYG_473-1b
474.md	19	KR3l0118_WYG_473-2a
474.md	27	KR3l0118_WYG_473-2b
474.md	35	KR3l0118_WYG_473-3a
474.md	43	KR3l0118_WYG_473-3b
474.md	51	KR3l0118_WYG_473-4a
474.md	59	KR3l0118_WYG_473-4b
474.md	67	KR3l0118_WYG_473-5a
474.md	75	KR3l0118_WYG_473-5b
474.md	83	KR3l0118_WYG_473-6a
474.md	91	KR3l0118_WYG_473-6b
474.md	99	KR3l0118_WYG_473-7a
474.md	107	KR3l0118_WYG_473-7b
474.md	115	KR3l0118_WYG_473-8a
474.md	123	KR3l0118_WYG_473-8b
474.md	131	KR3l0118_WYG_473-9a
474.md	139	KR3l0118_WYG_473-9b
474.md	147	KR3l0118_WYG_473-10a
474.md	155	KR3l0118_WYG_473-10b
474.md	163	KR3l0118_WYG_473-11a
474.md	171	KR3l0118_WYG_473-11b
474.md	179	KR3l0118_WYG_473-12a
474.md	187	KR3l0118_WYG_473-12b
475.md	3	KR3l0118_WYG_474-1a
475.md	11	KR3l0118_WYG_474-1b
475.md	19	KR3l0118_WYG_474-2a
475.md	27	KR3l0118_WYG_474-2b
475.md	35	KR3l0118_WYG_474-3a
475.md	43	KR3l0118_WYG_474-3b
475.md	51	KR3l0118_WYG_474-4a
475.md	59	KR3l0118_WYG_474-4b
475.md	67	KR3l0118_WYG_474-5a
475.md	75	KR3l0118_WYG_474-5b
475.md	83	KR3l0118_WYG_474-6a
475.md	91	KR3l0118_WYG_474-6b
475.md	99	KR3l0118_WYG_474-7a
475.md	107	KR3l0118_WYG_474-7b
475.md	115	KR3l0118_WYG_474-8a
475.md	123	KR3l0118_WYG_474-8b
475.md	131	KR3l0118_WYG_474-9a
475.md	139	KR3l0118_WYG_474-9b
475.md	147	KR3l0118_WYG_474-10a
475.md	155	KR3l0118_WYG_474-10b
475.md	163	KR3l0118_WYG_474-11a
475.md	171	KR3l0118_WYG_474-11b
476.md	3	KR3l0118_WYG_475-1a
476.md	11	KR3l0118_WYG_475-1b
476.md	19	KR3l0118_WYG_475-2a
476.md	27	KR3l0118_WYG_475-2b
476.md	35	KR3l0118_WYG_475-3a
476.md	43	KR3l0118_WYG_475-3b
476.md	51	KR3l0118_WYG_475-4a
476.md	59	KR3l0118_WYG_475-4b
476.md	67	KR3l0118_WYG_475-5a
476.md	75	KR3l0118_WYG_475-5b
476.md	83	KR3l0118_WYG_475-6a
476.md	91	KR3l0118_WYG_475-6b
476.md	99	KR3l0118_WYG_475-7a
476.md	107	KR3l0118_WYG_475-7b
476.md	115	KR3l0118_WYG_475-8a
476.md	123	KR3l0118_WYG_475-8b
476.md	131	KR3l0118_WYG_475-9a
476.md	139	KR3l0118_WYG_475-9b
476.md	147	KR3l0118_WYG_475-10a
476.md	155	KR3l0118_WYG_475-10b
476.md	163	KR3l0118_WYG_475-11a
476.md	171	KR3l0118_WYG_475-11b
477.md	3	KR3l0118_WYG_476-1a
477.md	11	KR3l0118_WYG_476-1b
477.md	19	KR3l0118_WYG_476-2a
477.md	27	KR3l0118_WYG_476-2b
477.md	35	KR3l0118_WYG_476-3a
477.md	43	KR3l0118_WYG_476-3b
477.md	51	KR3l0118_WYG_476-4a
477.md	59	KR3l0118_WYG_476-4b
477.md	67	KR3l0118_WYG_476-5a
477.md	75	KR3l0118_WYG_476-5b
477.md	83	KR3l0118_WYG_476-6a
477.md	91	KR3l0118_WYG_476-6b
477.md	99	KR3l0118_WYG_476-7a
477.md	107	KR3l0118_WYG_476-7b
477.md	115	KR3l0118_WYG_476-8a
477.md	123	KR3l0118_WYG_476-8b
477.md	131	KR3l0118_WYG_476-9a
477.md	139	KR3l0118_WYG_476-9b
477.md	147	KR3l0118_WYG_476-10a
477.md	155	KR3l0118_WYG_476-10b
478.md	3	KR3l0118_WYG_477-1a
478.md	11	KR3l0118_WYG_477-1b
478.md	19	KR3l0118_WYG_477-2a
478.md	27	KR3l0118_WYG_477-2b
478.md	35	KR3l0118_WYG_477-3a
478.md	43	KR3l0118_WYG_477-3b
478.md	51	KR3l0118_WYG_477-4a
478.md	59	KR3l0118_WYG_477-4b
478.md	67	KR3l0118_WYG_477-5a
478.md	75	KR3l0118_WYG_477-5b
478.md	83	KR3l0118_WYG_477-6a
478.md	91	KR3l0118_WYG_477-6b
478.md	99	KR3l0118_WYG_477-7a
478.md	107	KR3l0118_WYG_477-7b
478.md	115	KR3l0118_WYG_477-8a
478.md	123	KR3l0118_WYG_477-8b
478.md	131	KR3l0118_WYG_477-9a
478.md	139	KR3l0118_WYG_477-9b
478.md	147	KR3l0118_WYG_477-10a
478.md	155	KR3l0118_WYG_477-10b
478.md	163	KR3l0118_WYG_477-11a
478.md	171	KR3l0118_WYG_477-11b
478.md	179	KR3l0118_WYG_477-12a
478.md	187	KR3l0118_WYG_477-12b
479.md	3	KR3l0118_WYG_478-1a
479.md	11	KR3l0118_WYG_478-1b
479.md	19	KR3l0118_WYG_478-2a
479.md	27	KR3l0118_WYG_478-2b
479.md	35	KR3l0118_WYG_478-3a
479.md	43	KR3l0118_WYG_478-3b
479.md	51	KR3l0118_WYG_478-4a
479.md	59	KR3l0118_WYG_478-4b
479.md	67	KR3l0118_WYG_478-5a
479.md	75	KR3l0118_WYG_478-5b
479.md	83	KR3l0118_WYG_478-6a
479.md	91	KR3l0118_WYG_478-6b
479.md	99	KR3l0118_WYG_478-7a
479.md	107	KR3l0118_WYG_478-7b
479.md	115	KR3l0118_WYG_478-8a
479.md	123	KR3l0118_WYG_478-8b
479.md	131	KR3l0118_WYG_478-9a
479.md	139	KR3l0118_WYG_478-9b
479.md	147	KR3l0118_WYG_478-10a
479.md	155	KR3l0118_WYG_478-10b
479.md	163	KR3l0118_WYG_478-11a
479.md	171	KR3l0118_WYG_478-11b
480.md	3	KR3l0118_WYG_479-1a
480.md	11	KR3l0118_WYG_479-1b
480.md	19	KR3l0118_WYG_479-2a
480.md	27	KR3l0118_WYG_479-2b
480.md	35	KR3l0118_WYG_479-3a
480.md	43	KR3l0118_WYG_479-3b
480.md	51	KR3l0118_WYG_479-4a
480.md	59	KR3l0118_WYG_479-4b
480.md	67	KR3l0118_WYG_479-5a
480.md	75	KR3l0118_WYG_479-5b
480.md	83	KR3l0118_WYG_479-6a
480.md	91	KR3l0118_WYG_479-6b
480.md	99	KR3l0118_WYG_479-7a
480.md	107	KR3l0118_WYG_479-7b
480.md	115	KR3l0118_WYG_479-8a
480.md	123	KR3l0118_WYG_479-8b
480.md	131	KR3l0118_WYG_479-9a
480.md	139	KR3l0118_WYG_479-9b
480.md	147	KR3l0118_WYG_479-10a
480.md	155	KR3l0118_WYG_479-10b
481.md	3	KR3l0118_WYG_480-1a
481.md	11	KR3l0118_WYG_480-1b
481.md	19	KR3l0118_WYG_480-2a
481.md	27	KR3l0118_WYG_480-2b
481.md	35	KR3l0118_WYG_480-3a
481.md	43	KR3l0118_WYG_480-3b
481.md	51	KR3l0118_WYG_480-4a
481.md	59	KR3l0118_WYG_480-4b
481.md	67	KR3l0118_WYG_480-5a
481.md	75	KR3l0118_WYG_480-5b
481.md	83	KR3l0118_WYG_480-6a
481.md	91	KR3l0118_WYG_480-6b
481.md	99	KR3l0118_WYG_480-7a
481.md	107	KR3l0118_WYG_480-7b
481.md	115	KR3l0118_WYG_480-8a
481.md	123	KR3l0118_WYG_480-8b
481.md	131	KR3l0118_WYG_480-9a
481.md	139	KR3l0118_WYG_480-9b
481.md	147	KR3l0118_WYG_480-10a
481.md	155	KR3l0118_WYG_480-10b
481.md	163	KR3l0118_WYG_480-11a
481.md	171	KR3l0118_WYG_480-11b
481.md	179	KR3l0118_WYG_480-12a
481.md	187	KR3l0118_WYG_480-12b
482.md	3	KR3l0118_WYG_481-1a
482.md	11	KR3l0118_WYG_481-1b
482.md	19	KR3l0118_WYG_481-2a
482.md	27	KR3l0118_WYG_481-2b
482.md	35	KR3l0118_WYG_481-3a
482.md	43	KR3l0118_WYG_481-3b
482.md	51	KR3l0118_WYG_481-4a
482.md	59	KR3l0118_WYG_481-4b
482.md	67	KR3l0118_WYG_481-5a
482.md	75	KR3l0118_WYG_481-5b
482.md	83	KR3l0118_WYG_481-6a
482.md	91	KR3l0118_WYG_481-6b
482.md	99	KR3l0118_WYG_481-7a
482.md	107	KR3l0118_WYG_481-7b
482.md	115	KR3l0118_WYG_481-8a
482.md	123	KR3l0118_WYG_481-8b
482.md	131	KR3l0118_WYG_481-9a
482.md	139	KR3l0118_WYG_481-9b
482.md	147	KR3l0118_WYG_481-10a
482.md	155	KR3l0118_WYG_481-10b
482.md	163	KR3l0118_WYG_481-11a
482.md	171	KR3l0118_WYG_481-11b
483.md	3	KR3l0118_WYG_482-1a
483.md	11	KR3l0118_WYG_482-1b
483.md	19	KR3l0118_WYG_482-2a
483.md	27	KR3l0118_WYG_482-2b
483.md	35	KR3l0118_WYG_482-3a
483.md	43	KR3l0118_WYG_482-3b
483.md	51	KR3l0118_WYG_482-4a
483.md	59	KR3l0118_WYG_482-4b
483.md	67	KR3l0118_WYG_482-5a
483.md	75	KR3l0118_WYG_482-5b
483.md	83	KR3l0118_WYG_482-6a
483.md	91	KR3l0118_WYG_482-6b
483.md	99	KR3l0118_WYG_482-7a
483.md	107	KR3l0118_WYG_482-7b
483.md	115	KR3l0118_WYG_482-8a
483.md	123	KR3l0118_WYG_482-8b
483.md	131	KR3l0118_WYG_482-9a
483.md	139	KR3l0118_WYG_482-9b
483.md	147	KR3l0118_WYG_482-10a
483.md	155	KR3l0118_WYG_482-10b
483.md	163	KR3l0118_WYG_482-11a
483.md	171	KR3l0118_WYG_482-11b
483.md	179	KR3l0118_WYG_482-12a
483.md	187	KR3l0118_WYG_482-12b
484.md	3	KR3l0118_WYG_483-1a
484.md	11	KR3l0118_WYG_483-1b
484.md	19	KR3l0118_WYG_483-2a
484.md	27	KR3l0118_WYG_483-2b
484.md	35	KR3l0118_WYG_483-3a
484.md	43	KR3l0118_WYG_483-3b
484.md	51	KR3l0118_WYG_483-4a
484.md	59	KR3l0118_WYG_483-4b
484.md	67	KR3l0118_WYG_483-5a
484.md	75	KR3l0118_WYG_483-5b
484.md	83	KR3l0118_WYG_483-6a
484.md	91	KR3l0118_WYG_483-6b
484.md	99	KR3l0118_WYG_483-7a
484.md	107	KR3l0118_WYG_483-7b
484.md	115	KR3l0118_WYG_483-8a
484.md	123	KR3l0118_WYG_483-8b
484.md	131	KR3l0118_WYG_483-9a
484.md	139	KR3l0118_WYG_483-9b
484.md	147	KR3l0118_WYG_483-10a
484.md	155	KR3l0118_WYG_483-10b
485.md	3	KR3l0118_WYG_484-1a
485.md	11	KR3l0118_WYG_484-1b
485.md	19	KR3l0118_WYG_484-2a
485.md	27	KR3l0118_WYG_484-2b
485.md	35	KR3l0118_WYG_484-3a
485.md	43	KR3l0118_WYG_484-3b
485.md	51	KR3l0118_WYG_484-4a
485.md	59	KR3l0118_WYG_484-4b
485.md	67	KR3l0118_WYG_484-5a
485.md	75	KR3l0118_WYG_484-5b
485.md	83	KR3l0118_WYG_484-6a
485.md	91	KR3l0118_WYG_484-6b
485.md	99	KR3l0118_WYG_484-7a
485.md	107	KR3l0118_WYG_484-7b
485.md	115	KR3l0118_WYG_484-8a
485.md	123	KR3l0118_WYG_484-8b
485.md	131	KR3l0118_WYG_484-9a
485.md	139	KR3l0118_WYG_484-9b
485.md	147	KR3l0118_WYG_484-10a
485.md	155	KR3l0118_WYG_484-10b
485.md	163	KR3l0118_WYG_484-11a
485.md	171	KR3l0118_WYG_484-11b
486.md	3	KR3l0118_WYG_485-1a
486.md	11	KR3l0118_WYG_485-1b
486.md	19	KR3l0118_WYG_485-2a
486.md	27	KR3l0118_WYG_485-2b
486.md	35	KR3l0118_WYG_485-3a
486.md	43	KR3l0118_WYG_485-3b
486.md	51	KR3l0118_WYG_485-4a
486.md	59	KR3l0118_WYG_485-4b
486.md	67	KR3l0118_WYG_485-5a
486.md	75	KR3l0118_WYG_485-5b
486.md	83	KR3l0118_WYG_485-6a
486.md	91	KR3l0118_WYG_485-6b
486.md	99	KR3l0118_WYG_485-7a
486.md	107	KR3l0118_WYG_485-7b
486.md	115	KR3l0118_WYG_485-8a
486.md	123	KR3l0118_WYG_485-8b
486.md	131	KR3l0118_WYG_485-9a
486.md	139	KR3l0118_WYG_485-9b
487.md	3	KR3l0118_WYG_486-1a
487.md	11	KR3l0118_WYG_486-1b
487.md	19	KR3l0118_WYG_486-2a
487.md	27	KR3l0118_WYG_486-2b
487.md	35	KR3l0118_WYG_486-3a
487.md	43	KR3l0118_WYG_486-3b
487.md	51	KR3l0118_WYG_486-4a
487.md	59	KR3l0118_WYG_486-4b
487.md	67	KR3l0118_WYG_486-5a
487.md	75	KR3l0118_WYG_486-5b
487.md	83	KR3l0118_WYG_486-6a
487.md	91	KR3l0118_WYG_486-6b
487.md	99	KR3l0118_WYG_486-7a
487.md	107	KR3l0118_WYG_486-7b
487.md	115	KR3l0118_WYG_486-8a
487.md	123	KR3l0118_WYG_486-8b
487.md	131	KR3l0118_WYG_486-9a
487.md	139	KR3l0118_WYG_486-9b
487.md	147	KR3l0118_WYG_486-10a
487.md	155	KR3l0118_WYG_486-10b
487.md	163	KR3l0118_WYG_486-11a
487.md	171	KR3l0118_WYG_486-11b
487.md	179	KR3l0118_WYG_486-12a
487.md	187	KR3l0118_WYG_486-12b
487.md	195	KR3l0118_WYG_486-13a
487.md	203	KR3l0118_WYG_486-13b
487.md	211	KR3l0118_WYG_486-14a
487.md	219	KR3l0118_WYG_486-14b
488.md	3	KR3l0118_WYG_487-1a
488.md	11	KR3l0118_WYG_487-1b
488.md	19	KR3l0118_WYG_487-2a
488.md	27	KR3l0118_WYG_487-2b
488.md	35	KR3l0118_WYG_487-3a
488.md	43	KR3l0118_WYG_487-3b
488.md	51	KR3l0118_WYG_487-4a
488.md	59	KR3l0118_WYG_487-4b
488.md	67	KR3l0118_WYG_487-5a
488.md	75	KR3l0118_WYG_487-5b
488.md	83	KR3l0118_WYG_487-6a
488.md	91	KR3l0118_WYG_487-6b
488.md	99	KR3l0118_WYG_487-7a
488.md	107	KR3l0118_WYG_487-7b
488.md	115	KR3l0118_WYG_487-8a
488.md	123	KR3l0118_WYG_487-8b
488.md	131	KR3l0118_WYG_487-9a
488.md	139	KR3l0118_WYG_487-9b
488.md	147	KR3l0118_WYG_487-10a
488.md	155	KR3l0118_WYG_487-10b
489.md	3	KR3l0118_WYG_488-1a
489.md	11	KR3l0118_WYG_488-1b
489.md	19	KR3l0118_WYG_488-2a
489.md	27	KR3l0118_WYG_488-2b
489.md	35	KR3l0118_WYG_488-3a
489.md	43	KR3l0118_WYG_488-3b
489.md	51	KR3l0118_WYG_488-4a
489.md	59	KR3l0118_WYG_488-4b
489.md	67	KR3l0118_WYG_488-5a
489.md	75	KR3l0118_WYG_488-5b
489.md	83	KR3l0118_WYG_488-6a
489.md	91	KR3l0118_WYG_488-6b
489.md	99	KR3l0118_WYG_488-7a
489.md	107	KR3l0118_WYG_488-7b
489.md	115	KR3l0118_WYG_488-8a
489.md	123	KR3l0118_WYG_488-8b
489.md	131	KR3l0118_WYG_488-9a
489.md	139	KR3l0118_WYG_488-9b
489.md	147	KR3l0118_WYG_488-10a
489.md	155	KR3l0118_WYG_488-10b
490.md	3	KR3l0118_WYG_489-1a
490.md	11	KR3l0118_WYG_489-1b
490.md	19	KR3l0118_WYG_489-2a
490.md	27	KR3l0118_WYG_489-2b
490.md	35	KR3l0118_WYG_489-3a
490.md	43	KR3l0118_WYG_489-3b
490.md	51	KR3l0118_WYG_489-4a
490.md	59	KR3l0118_WYG_489-4b
490.md	67	KR3l0118_WYG_489-5a
490.md	75	KR3l0118_WYG_489-5b
490.md	83	KR3l0118_WYG_489-6a
490.md	91	KR3l0118_WYG_489-6b
490.md	99	KR3l0118_WYG_489-7a
490.md	107	KR3l0118_WYG_489-7b
490.md	115	KR3l0118_WYG_489-8a
490.md	123	KR3l0118_WYG_489-8b
491.md	3	KR3l0118_WYG_490-1a
491.md	11	KR3l0118_WYG_490-1b
491.md	19	KR3l0118_WYG_490-2a
491.md	27	KR3l0118_WYG_490-2b
491.md	35	KR3l0118_WYG_490-3a
491.md	43	KR3l0118_WYG_490-3b
491.md	51	KR3l0118_WYG_490-4a
491.md	59	KR3l0118_WYG_490-4b
491.md	67	KR3l0118_WYG_490-5a
491.md	75	KR3l0118_WYG_490-5b
491.md	83	KR3l0118_WYG_490-6a
491.md	91	KR3l0118_WYG_490-6b
491.md	99	KR3l0118_WYG_490-7a
491.md	107	KR3l0118_WYG_490-7b
491.md	115	KR3l0118_WYG_490-8a
491.md	123	KR3l0118_WYG_490-8b
491.md	131	KR3l0118_WYG_490-9a
491.md	139	KR3l0118_WYG_490-9b
491.md	147	KR3l0118_WYG_490-10a
491.md	155	KR3l0118_WYG_490-10b
491.md	163	KR3l0118_WYG_490-11a
491.md	171	KR3l0118_WYG_490-11b
491.md	179	KR3l0118_WYG_490-12a
491.md	187	KR3l0118_WYG_490-12b
491.md	195	KR3l0118_WYG_490-13a
491.md	203	KR3l0118_WYG_490-13b
492.md	3	KR3l0118_WYG_491-1a
492.md	11	KR3l0118_WYG_491-1b
492.md	19	KR3l0118_WYG_491-2a
492.md	27	KR3l0118_WYG_491-2b
492.md	35	KR3l0118_WYG_491-3a
492.md	43	KR3l0118_WYG_491-3b
492.md	51	KR3l0118_WYG_491-4a
492.md	59	KR3l0118_WYG_491-4b
492.md	67	KR3l0118_WYG_491-5a
492.md	75	KR3l0118_WYG_491-5b
492.md	83	KR3l0118_WYG_491-6a
492.md	91	KR3l0118_WYG_491-6b
492.md	99	KR3l0118_WYG_491-7a
492.md	107	KR3l0118_WYG_491-7b
492.md	115	KR3l0118_WYG_491-8a
492.md	123	KR3l0118_WYG_491-8b
492.md	131	KR3l0118_WYG_491-9a
492.md	139	KR3l0118_WYG_491-9b
492.md	147	KR3l0118_WYG_491-10a
492.md	155	KR3l0118_WYG_491-10b
492.md	163	KR3l0118_WYG_491-11a
492.md	171	KR3l0118_WYG_491-11b
493.md	3	KR3l0118_WYG_492-1a
493.md	11	KR3l0118_WYG_492-1b
493.md	19	KR3l0118_WYG_492-2a
493.md	27	KR3l0118_WYG_492-2b
493.md	35	KR3l0118_WYG_492-3a
493.md	43	KR3l0118_WYG_492-3b
493.md	51	KR3l0118_WYG_492-4a
493.md	59	KR3l0118_WYG_492-4b
493.md	67	KR3l0118_WYG_492-5a
493.md	75	KR3l0118_WYG_492-5b
493.md	83	KR3l0118_WYG_492-6a
493.md	91	KR3l0118_WYG_492-6b
493.md	99	KR3l0118_WYG_492-7a
493.md	107	KR3l0118_WYG_492-7b
493.md	115	KR3l0118_WYG_492-8a
493.md	123	KR3l0118_WYG_492-8b
493.md	131	KR3l0118_WYG_492-9a
493.md	139	KR3l0118_WYG_492-9b
493.md	147	KR3l0118_WYG_492-10a
493.md	155	KR3l0118_WYG_492-10b
493.md	163	KR3l0118_WYG_492-11a
493.md	171	KR3l0118_WYG_492-11b
493.md	179	KR3l0118_WYG_492-12a
493.md	187	KR3l0118_WYG_492-12b
493.md	195	KR3l0118_WYG_492-13a
493.md	203	KR3l0118_WYG_492-13b
494.md	3	KR3l0118_WYG_493-1a
494.md	11	KR3l0118_WYG_493-1b
494.md	19	KR3l0118_WYG_493-2a
494.md	27	KR3l0118_WYG_493-2b
494.md	35	KR3l0118_WYG_493-3a
494.md	43	KR3l0118_WYG_493-3b
494.md	51	KR3l0118_WYG_493-4a
494.md	59	KR3l0118_WYG_493-4b
494.md	67	KR3l0118_WYG_493-5a
494.md	75	KR3l0118_WYG_493-5b
494.md	83	KR3l0118_WYG_493-6a
494.md	91	KR3l0118_WYG_493-6b
494.md	99	KR3l0118_WYG_493-7a
494.md	107	KR3l0118_WYG_493-7b
494.md	115	KR3l0118_WYG_493-8a
494.md	123	KR3l0118_WYG_493-8b
494.md	131	KR3l0118_WYG_493-9a
494.md	139	KR3l0118_WYG_493-9b
494.md	147	KR3l0118_WYG_493-10a
494.md	155	KR3l0118_WYG_493-10b
494.md	163	KR3l0118_WYG_493-11a
494.md	171	KR3l0118_WYG_493-11b
495.md	3	KR3l0118_WYG_494-1a
495.md	11	KR3l0118_WYG_494-1b
495.md	19	KR3l0118_WYG_494-2a
495.md	27	KR3l0118_WYG_494-2b
495.md	35	KR3l0118_WYG_494-3a
495.md	43	KR3l0118_WYG_494-3b
495.md	51	KR3l0118_WYG_494-4a
495.md	59	KR3l0118_WYG_494-4b
495.md	67	KR3l0118_WYG_494-5a
495.md	75	KR3l0118_WYG_494-5b
495.md	83	KR3l0118_WYG_494-6a
495.md	91	KR3l0118_WYG_494-6b
495.md	99	KR3l0118_WYG_494-7a
495.md	107	KR3l0118_WYG_494-7b
495.md	115	KR3l0118_WYG_494-8a
495.md	123	KR3l0118_WYG_494-8b
495.md	131	KR3l0118_WYG_494-9a
495.md	139	KR3l0118_WYG_494-9b
495.md	147	KR3l0118_WYG_494-10a
495.md	155	KR3l0118_WYG_494-10b
496.md	3	KR3l0118_WYG_495-1a
496.md	11	KR3l0118_WYG_495-1b
496.md	19	KR3l0118_WYG_495-2a
496.md	27	KR3l0118_WYG_495-2b
496.md	35	KR3l0118_WYG_495-3a
496.md	43	KR3l0118_WYG_495-3b
496.md	51	KR3l0118_WYG_495-4a
496.md	59	KR3l0118_WYG_495-4b
496.md	67	KR3l0118_WYG_495-5a
496.md	75	KR3l0118_WYG_495-5b
496.md	83	KR3l0118_WYG_495-6a
496.md	91	KR3l0118_WYG_495-6b
496.md	99	KR3l0118_WYG_495-7a
496.md	107	KR3l0118_WYG_495-7b
496.md	115	KR3l0118_WYG_495-8a
496.md	123	KR3l0118_WYG_495-8b
496.md	131	KR3l0118_WYG_495-9a
496.md	139	KR3l0118_WYG_495-9b
497.md	3	KR3l0118_WYG_496-1a
497.md	11	KR3l0118_WYG_496-1b
497.md	19	KR3l0118_WYG_496-2a
497.md	27	KR3l0118_WYG_496-2b
497.md	35	KR3l0118_WYG_496-3a
497.md	43	KR3l0118_WYG_496-3b
497.md	51	KR3l0118_WYG_496-4a
497.md	59	KR3l0118_WYG_496-4b
497.md	67	KR3l0118_WYG_496-5a
497.md	75	KR3l0118_WYG_496-5b
497.md	83	KR3l0118_WYG_496-6a
497.md	91	KR3l0118_WYG_496-6b
497.md	99	KR3l0118_WYG_496-7a
497.md	107	KR3l0118_WYG_496-7b
497.md	115	KR3l0118_WYG_496-8a
497.md	123	KR3l0118_WYG_496-8b
497.md	131	KR3l0118_WYG_496-9a
497.md	139	KR3l0118_WYG_496-9b
497.md	147	KR3l0118_WYG_496-10a
497.md	155	KR3l0118_WYG_496-10b
497.md	163	KR3l0118_WYG_496-11a
497.md	171	KR3l0118_WYG_496-11b
498.md	3	KR3l0118_WYG_497-1a
498.md	11	KR3l0118_WYG_497-1b
498.md	19	KR3l0118_WYG_497-2a
498.md	27	KR3l0118_WYG_497-2b
498.md	35	KR3l0118_WYG_497-3a
498.md	43	KR3l0118_WYG_497-3b
498.md	51	KR3l0118_WYG_497-4a
498.md	59	KR3l0118_WYG_497-4b
498.md	67	KR3l0118_WYG_497-5a
498.md	75	KR3l0118_WYG_497-5b
498.md	83	KR3l0118_WYG_497-6a
498.md	91	KR3l0118_WYG_497-6b
498.md	99	KR3l0118_WYG_497-7a
498.md	107	KR3l0118_WYG_497-7b
498.md	115	KR3l0118_WYG_497-8a
498.md	123	KR3l0118_WYG_497-8b
498.md	131	KR3l0118_WYG_497-9a
498.md	139	KR3l0118_WYG_497-9b
499.md	3	KR3l0118_WYG_498-1a
499.md	11	KR3l0118_WYG_498-1b
499.md	19	KR3l0118_WYG_498-2a
499.md	27	KR3l0118_WYG_498-2b
499.md	35	KR3l0118_WYG_498-3a
499.md	43	KR3l0118_WYG_498-3b
499.md	51	KR3l0118_WYG_498-4a
499.md	59	KR3l0118_WYG_498-4b
499.md	67	KR3l0118_WYG_498-5a
499.md	75	KR3l0118_WYG_498-5b
499.md	83	KR3l0118_WYG_498-6a
499.md	91	KR3l0118_WYG_498-6b
499.md	99	KR3l0118_WYG_498-7a
499.md	107	KR3l0118_WYG_498-7b
499.md	115	KR3l0118_WYG_498-8a
499.md	123	KR3l0118_WYG_498-8b
499.md	131	KR3l0118_WYG_498-9a
499.md	139	KR3l0118_WYG_498-9b
499.md	147	KR3l0118_WYG_498-10a
499.md	155	KR3l0118_WYG_498-10b
499.md	163	KR3l0118_WYG_498-11a
499.md	171	KR3l0118_WYG_498-11b
500.md	3	KR3l0118_WYG_499-1a
500.md	11	KR3l0118_WYG_499-1b
500.md	19	KR3l0118_WYG_499-2a
500.md	27	KR3l0118_WYG_499-2b
500.md	35	KR3l0118_WYG_499-3a
500.md	43	KR3l0118_WYG_499-3b
500.md	51	KR3l0118_WYG_499-4a
500.md	59	KR3l0118_WYG_499-4b
500.md	67	KR3l0118_WYG_499-5a
500.md	75	KR3l0118_WYG_499-5b
500.md	83	KR3l0118_WYG_499-6a
500.md	91	KR3l0118_WYG_499-6b
500.md	99	KR3l0118_WYG_499-7a
500.md	107	KR3l0118_WYG_499-7b
500.md	115	KR3l0118_WYG_499-8a
500.md	123	KR3l0118_WYG_499-8b
500.md	131	KR3l0118_WYG_499-9a
500.md	139	KR3l0118_WYG_499-9b
500.md	147	KR3l0118_WYG_499-10a
500.md	155	KR3l0118_WYG_499-10b
501.md	3	KR3l0118_WYG_500-1a
501.md	11	KR3l0118_WYG_500-1b
501.md	19	KR3l0118_WYG_500-2a
501.md	27	KR3l0118_WYG_500-2b
501.md	35	KR3l0118_WYG_500-3a
501.md	43	KR3l0118_WYG_500-3b
501.md	51	KR3l0118_WYG_500-4a
501.md	59	KR3l0118_WYG_500-4b
501.md	67	KR3l0118_WYG_500-5a
501.md	75	KR3l0118_WYG_500-5b
501.md	83	KR3l0118_WYG_500-6a
501.md	91	KR3l0118_WYG_500-6b
501.md	99	KR3l0118_WYG_500-7a
501.md	107	KR3l0118_WYG_500-7b
501.md	115	KR3l0118_WYG_500-8a
501.md	123	KR3l0118_WYG_500-8b
501.md	131	KR3l0118_WYG_500-9a
501.md	139	KR3l0118_WYG_500-9b
501.md	147	KR3l0118_WYG_500-10a
501.md	155	KR3l0118_WYG_500-10b
501.md	163	KR3l0118_WYG_500-11a
501.md	171	KR3l0118_WYG_500-11b
