file	line_no	pb
001.md	3	KR4h0117_WYG_000-1a
001.md	11	KR4h0117_WYG_000-1b
001.md	19	KR4h0117_WYG_000-2a
001.md	27	KR4h0117_WYG_000-2b
002.md	3	KR4h0117_WYG_001-1a
002.md	11	KR4h0117_WYG_001-1b
002.md	19	KR4h0117_WYG_001-2a
002.md	27	KR4h0117_WYG_001-2b
002.md	35	KR4h0117_WYG_001-3a
002.md	43	KR4h0117_WYG_001-3b
002.md	51	KR4h0117_WYG_001-4a
002.md	59	KR4h0117_WYG_001-4b
002.md	67	KR4h0117_WYG_001-5a
002.md	75	KR4h0117_WYG_001-5b
002.md	83	KR4h0117_WYG_001-6a
002.md	91	KR4h0117_WYG_001-6b
002.md	99	KR4h0117_WYG_001-7a
002.md	107	KR4h0117_WYG_001-7b
002.md	115	KR4h0117_WYG_001-8a
002.md	123	KR4h0117_WYG_001-8b
002.md	131	KR4h0117_WYG_001-9a
002.md	139	KR4h0117_WYG_001-9b
002.md	147	KR4h0117_WYG_001-10a
002.md	155	KR4h0117_WYG_001-10b
002.md	163	KR4h0117_WYG_001-11a
002.md	171	KR4h0117_WYG_001-11b
002.md	179	KR4h0117_WYG_001-12a
002.md	187	KR4h0117_WYG_001-12b
002.md	195	KR4h0117_WYG_001-13a
002.md	203	KR4h0117_WYG_001-13b
002.md	211	KR4h0117_WYG_001-14a
002.md	219	KR4h0117_WYG_001-14b
002.md	227	KR4h0117_WYG_001-15a
002.md	235	KR4h0117_WYG_001-15b
002.md	243	KR4h0117_WYG_001-16a
002.md	251	KR4h0117_WYG_001-16b
002.md	259	KR4h0117_WYG_001-17a
002.md	267	KR4h0117_WYG_001-17b
002.md	275	KR4h0117_WYG_001-18a
002.md	283	KR4h0117_WYG_001-18b
002.md	291	KR4h0117_WYG_001-19a
002.md	299	KR4h0117_WYG_001-19b
002.md	307	KR4h0117_WYG_001-20a
002.md	315	KR4h0117_WYG_001-20b
002.md	323	KR4h0117_WYG_001-21a
002.md	331	KR4h0117_WYG_001-21b
002.md	339	KR4h0117_WYG_001-22a
002.md	347	KR4h0117_WYG_001-22b
002.md	355	KR4h0117_WYG_001-23a
002.md	363	KR4h0117_WYG_001-23b
003.md	3	KR4h0117_WYG_002-1a
003.md	11	KR4h0117_WYG_002-1b
003.md	19	KR4h0117_WYG_002-2a
003.md	27	KR4h0117_WYG_002-2b
003.md	35	KR4h0117_WYG_002-3a
003.md	43	KR4h0117_WYG_002-3b
003.md	51	KR4h0117_WYG_002-4a
003.md	59	KR4h0117_WYG_002-4b
003.md	67	KR4h0117_WYG_002-5a
003.md	75	KR4h0117_WYG_002-5b
003.md	83	KR4h0117_WYG_002-6a
003.md	91	KR4h0117_WYG_002-6b
003.md	99	KR4h0117_WYG_002-7a
003.md	107	KR4h0117_WYG_002-7b
003.md	115	KR4h0117_WYG_002-8a
003.md	123	KR4h0117_WYG_002-8b
003.md	131	KR4h0117_WYG_002-9a
003.md	139	KR4h0117_WYG_002-9b
003.md	147	KR4h0117_WYG_002-10a
003.md	155	KR4h0117_WYG_002-10b
003.md	163	KR4h0117_WYG_002-11a
003.md	171	KR4h0117_WYG_002-11b
003.md	179	KR4h0117_WYG_002-12a
003.md	187	KR4h0117_WYG_002-12b
003.md	195	KR4h0117_WYG_002-13a
003.md	203	KR4h0117_WYG_002-13b
003.md	211	KR4h0117_WYG_002-14a
003.md	219	KR4h0117_WYG_002-14b
003.md	227	KR4h0117_WYG_002-15a
003.md	235	KR4h0117_WYG_002-15b
003.md	243	KR4h0117_WYG_002-16a
003.md	251	KR4h0117_WYG_002-16b
003.md	259	KR4h0117_WYG_002-17a
003.md	267	KR4h0117_WYG_002-17b
003.md	275	KR4h0117_WYG_002-18a
003.md	283	KR4h0117_WYG_002-18b
003.md	291	KR4h0117_WYG_002-19a
003.md	299	KR4h0117_WYG_002-19b
003.md	307	KR4h0117_WYG_002-20a
003.md	315	KR4h0117_WYG_002-20b
003.md	323	KR4h0117_WYG_002-21a
003.md	331	KR4h0117_WYG_002-21b
003.md	339	KR4h0117_WYG_002-22a
003.md	347	KR4h0117_WYG_002-22b
003.md	355	KR4h0117_WYG_002-23a
003.md	363	KR4h0117_WYG_002-23b
003.md	371	KR4h0117_WYG_002-24a
003.md	379	KR4h0117_WYG_002-24b
003.md	387	KR4h0117_WYG_002-25a
003.md	395	KR4h0117_WYG_002-25b
003.md	403	KR4h0117_WYG_002-26a
003.md	411	KR4h0117_WYG_002-26b
003.md	419	KR4h0117_WYG_002-27a
003.md	427	KR4h0117_WYG_002-27b
003.md	435	KR4h0117_WYG_002-28a
003.md	443	KR4h0117_WYG_002-28b
003.md	451	KR4h0117_WYG_002-29a
003.md	459	KR4h0117_WYG_002-29b
004.md	3	KR4h0117_WYG_003-1a
004.md	11	KR4h0117_WYG_003-1b
004.md	19	KR4h0117_WYG_003-2a
004.md	27	KR4h0117_WYG_003-2b
004.md	35	KR4h0117_WYG_003-3a
004.md	43	KR4h0117_WYG_003-3b
004.md	51	KR4h0117_WYG_003-4a
004.md	59	KR4h0117_WYG_003-4b
004.md	67	KR4h0117_WYG_003-5a
004.md	75	KR4h0117_WYG_003-5b
004.md	83	KR4h0117_WYG_003-6a
004.md	91	KR4h0117_WYG_003-6b
004.md	99	KR4h0117_WYG_003-7a
004.md	107	KR4h0117_WYG_003-7b
004.md	115	KR4h0117_WYG_003-8a
004.md	123	KR4h0117_WYG_003-8b
004.md	131	KR4h0117_WYG_003-9a
004.md	139	KR4h0117_WYG_003-9b
004.md	147	KR4h0117_WYG_003-10a
004.md	155	KR4h0117_WYG_003-10b
004.md	163	KR4h0117_WYG_003-11a
004.md	171	KR4h0117_WYG_003-11b
004.md	179	KR4h0117_WYG_003-12a
004.md	187	KR4h0117_WYG_003-12b
004.md	195	KR4h0117_WYG_003-13a
004.md	203	KR4h0117_WYG_003-13b
004.md	211	KR4h0117_WYG_003-14a
004.md	219	KR4h0117_WYG_003-14b
004.md	227	KR4h0117_WYG_003-15a
004.md	235	KR4h0117_WYG_003-15b
004.md	243	KR4h0117_WYG_003-16a
004.md	251	KR4h0117_WYG_003-16b
004.md	259	KR4h0117_WYG_003-17a
004.md	267	KR4h0117_WYG_003-17b
004.md	275	KR4h0117_WYG_003-18a
004.md	283	KR4h0117_WYG_003-18b
004.md	291	KR4h0117_WYG_003-19a
004.md	299	KR4h0117_WYG_003-19b
004.md	307	KR4h0117_WYG_003-20a
004.md	315	KR4h0117_WYG_003-20b
004.md	323	KR4h0117_WYG_003-21a
004.md	331	KR4h0117_WYG_003-21b
004.md	339	KR4h0117_WYG_003-22a
004.md	347	KR4h0117_WYG_003-22b
004.md	355	KR4h0117_WYG_003-23a
004.md	363	KR4h0117_WYG_003-23b
004.md	371	KR4h0117_WYG_003-24a
004.md	379	KR4h0117_WYG_003-24b
004.md	387	KR4h0117_WYG_003-25a
004.md	395	KR4h0117_WYG_003-25b
004.md	403	KR4h0117_WYG_003-26a
004.md	411	KR4h0117_WYG_003-26b
004.md	419	KR4h0117_WYG_003-27a
004.md	427	KR4h0117_WYG_003-27b
004.md	435	KR4h0117_WYG_003-28a
004.md	443	KR4h0117_WYG_003-28b
004.md	451	KR4h0117_WYG_003-29a
004.md	459	KR4h0117_WYG_003-29b
004.md	467	KR4h0117_WYG_003-30a
004.md	475	KR4h0117_WYG_003-30b
004.md	483	KR4h0117_WYG_003-31a
004.md	491	KR4h0117_WYG_003-31b
004.md	499	KR4h0117_WYG_003-32a
004.md	507	KR4h0117_WYG_003-32b
004.md	515	KR4h0117_WYG_003-33a
004.md	523	KR4h0117_WYG_003-33b
004.md	531	KR4h0117_WYG_003-34a
004.md	539	KR4h0117_WYG_003-34b
004.md	547	KR4h0117_WYG_003-35a
004.md	555	KR4h0117_WYG_003-35b
004.md	563	KR4h0117_WYG_003-36a
004.md	571	KR4h0117_WYG_003-36b
004.md	579	KR4h0117_WYG_003-37a
004.md	587	KR4h0117_WYG_003-37b
004.md	595	KR4h0117_WYG_003-38a
004.md	603	KR4h0117_WYG_003-38b
004.md	611	KR4h0117_WYG_003-39a
004.md	619	KR4h0117_WYG_003-39b
004.md	627	KR4h0117_WYG_003-40a
004.md	635	KR4h0117_WYG_003-40b
004.md	643	KR4h0117_WYG_003-41a
004.md	651	KR4h0117_WYG_003-41b
004.md	659	KR4h0117_WYG_003-42a
004.md	667	KR4h0117_WYG_003-42b
004.md	675	KR4h0117_WYG_003-43a
004.md	683	KR4h0117_WYG_003-43b
004.md	691	KR4h0117_WYG_003-44a
004.md	699	KR4h0117_WYG_003-44b
004.md	707	KR4h0117_WYG_003-45a
004.md	715	KR4h0117_WYG_003-45b
004.md	723	KR4h0117_WYG_003-46a
004.md	731	KR4h0117_WYG_003-46b
005.md	3	KR4h0117_WYG_004-1a
005.md	11	KR4h0117_WYG_004-1b
005.md	19	KR4h0117_WYG_004-2a
005.md	27	KR4h0117_WYG_004-2b
005.md	35	KR4h0117_WYG_004-3a
005.md	43	KR4h0117_WYG_004-3b
005.md	51	KR4h0117_WYG_004-4a
005.md	59	KR4h0117_WYG_004-4b
005.md	67	KR4h0117_WYG_004-5a
005.md	75	KR4h0117_WYG_004-5b
005.md	83	KR4h0117_WYG_004-6a
005.md	91	KR4h0117_WYG_004-6b
005.md	99	KR4h0117_WYG_004-7a
005.md	107	KR4h0117_WYG_004-7b
005.md	115	KR4h0117_WYG_004-8a
005.md	123	KR4h0117_WYG_004-8b
005.md	131	KR4h0117_WYG_004-9a
005.md	139	KR4h0117_WYG_004-9b
005.md	147	KR4h0117_WYG_004-10a
005.md	155	KR4h0117_WYG_004-10b
005.md	163	KR4h0117_WYG_004-11a
005.md	171	KR4h0117_WYG_004-11b
005.md	179	KR4h0117_WYG_004-12a
005.md	187	KR4h0117_WYG_004-12b
005.md	195	KR4h0117_WYG_004-13a
005.md	203	KR4h0117_WYG_004-13b
005.md	211	KR4h0117_WYG_004-14a
005.md	219	KR4h0117_WYG_004-14b
005.md	227	KR4h0117_WYG_004-15a
005.md	235	KR4h0117_WYG_004-15b
005.md	243	KR4h0117_WYG_004-16a
005.md	251	KR4h0117_WYG_004-16b
005.md	259	KR4h0117_WYG_004-17a
005.md	267	KR4h0117_WYG_004-17b
005.md	275	KR4h0117_WYG_004-18a
005.md	283	KR4h0117_WYG_004-18b
005.md	291	KR4h0117_WYG_004-19a
005.md	299	KR4h0117_WYG_004-19b
005.md	307	KR4h0117_WYG_004-20a
005.md	315	KR4h0117_WYG_004-20b
005.md	323	KR4h0117_WYG_004-21a
005.md	331	KR4h0117_WYG_004-21b
005.md	339	KR4h0117_WYG_004-22a
005.md	347	KR4h0117_WYG_004-22b
005.md	355	KR4h0117_WYG_004-23a
005.md	363	KR4h0117_WYG_004-23b
005.md	371	KR4h0117_WYG_004-24a
005.md	379	KR4h0117_WYG_004-24b
005.md	387	KR4h0117_WYG_004-25a
005.md	395	KR4h0117_WYG_004-25b
005.md	403	KR4h0117_WYG_004-26a
005.md	411	KR4h0117_WYG_004-26b
005.md	419	KR4h0117_WYG_004-27a
005.md	427	KR4h0117_WYG_004-27b
005.md	435	KR4h0117_WYG_004-28a
005.md	443	KR4h0117_WYG_004-28b
005.md	451	KR4h0117_WYG_004-29a
005.md	459	KR4h0117_WYG_004-29b
005.md	467	KR4h0117_WYG_004-30a
005.md	475	KR4h0117_WYG_004-30b
005.md	483	KR4h0117_WYG_004-31a
005.md	491	KR4h0117_WYG_004-31b
005.md	499	KR4h0117_WYG_004-32a
005.md	507	KR4h0117_WYG_004-32b
005.md	515	KR4h0117_WYG_004-33a
005.md	523	KR4h0117_WYG_004-33b
005.md	531	KR4h0117_WYG_004-34a
005.md	539	KR4h0117_WYG_004-34b
005.md	547	KR4h0117_WYG_004-35a
005.md	555	KR4h0117_WYG_004-35b
005.md	563	KR4h0117_WYG_004-36a
005.md	571	KR4h0117_WYG_004-36b
005.md	579	KR4h0117_WYG_004-37a
005.md	587	KR4h0117_WYG_004-37b
005.md	595	KR4h0117_WYG_004-38a
005.md	603	KR4h0117_WYG_004-38b
005.md	611	KR4h0117_WYG_004-39a
005.md	619	KR4h0117_WYG_004-39b
005.md	627	KR4h0117_WYG_004-40a
005.md	635	KR4h0117_WYG_004-40b
006.md	3	KR4h0117_WYG_005-1a
006.md	11	KR4h0117_WYG_005-1b
006.md	19	KR4h0117_WYG_005-2a
006.md	27	KR4h0117_WYG_005-2b
006.md	35	KR4h0117_WYG_005-3a
006.md	43	KR4h0117_WYG_005-3b
006.md	51	KR4h0117_WYG_005-4a
006.md	59	KR4h0117_WYG_005-4b
006.md	67	KR4h0117_WYG_005-5a
006.md	75	KR4h0117_WYG_005-5b
006.md	83	KR4h0117_WYG_005-6a
006.md	91	KR4h0117_WYG_005-6b
006.md	99	KR4h0117_WYG_005-7a
006.md	107	KR4h0117_WYG_005-7b
006.md	115	KR4h0117_WYG_005-8a
006.md	123	KR4h0117_WYG_005-8b
006.md	131	KR4h0117_WYG_005-9a
006.md	139	KR4h0117_WYG_005-9b
006.md	147	KR4h0117_WYG_005-10a
006.md	155	KR4h0117_WYG_005-10b
006.md	163	KR4h0117_WYG_005-11a
006.md	171	KR4h0117_WYG_005-11b
006.md	179	KR4h0117_WYG_005-12a
006.md	187	KR4h0117_WYG_005-12b
006.md	195	KR4h0117_WYG_005-13a
006.md	203	KR4h0117_WYG_005-13b
006.md	211	KR4h0117_WYG_005-14a
006.md	219	KR4h0117_WYG_005-14b
006.md	227	KR4h0117_WYG_005-15a
006.md	235	KR4h0117_WYG_005-15b
006.md	243	KR4h0117_WYG_005-16a
006.md	251	KR4h0117_WYG_005-16b
006.md	259	KR4h0117_WYG_005-17a
006.md	267	KR4h0117_WYG_005-17b
006.md	275	KR4h0117_WYG_005-18a
006.md	283	KR4h0117_WYG_005-18b
006.md	291	KR4h0117_WYG_005-19a
006.md	299	KR4h0117_WYG_005-19b
006.md	307	KR4h0117_WYG_005-20a
006.md	315	KR4h0117_WYG_005-20b
006.md	323	KR4h0117_WYG_005-21a
006.md	331	KR4h0117_WYG_005-21b
006.md	339	KR4h0117_WYG_005-22a
006.md	347	KR4h0117_WYG_005-22b
006.md	355	KR4h0117_WYG_005-23a
006.md	363	KR4h0117_WYG_005-23b
006.md	371	KR4h0117_WYG_005-24a
006.md	379	KR4h0117_WYG_005-24b
006.md	387	KR4h0117_WYG_005-25a
006.md	395	KR4h0117_WYG_005-25b
006.md	403	KR4h0117_WYG_005-26a
006.md	411	KR4h0117_WYG_005-26b
006.md	419	KR4h0117_WYG_005-27a
006.md	427	KR4h0117_WYG_005-27b
006.md	435	KR4h0117_WYG_005-28a
006.md	443	KR4h0117_WYG_005-28b
006.md	451	KR4h0117_WYG_005-29a
006.md	459	KR4h0117_WYG_005-29b
006.md	467	KR4h0117_WYG_005-30a
006.md	475	KR4h0117_WYG_005-30b
006.md	483	KR4h0117_WYG_005-31a
006.md	491	KR4h0117_WYG_005-31b
006.md	499	KR4h0117_WYG_005-32a
006.md	507	KR4h0117_WYG_005-32b
006.md	515	KR4h0117_WYG_005-33a
006.md	523	KR4h0117_WYG_005-33b
007.md	3	KR4h0117_WYG_006-1a
007.md	11	KR4h0117_WYG_006-1b
007.md	19	KR4h0117_WYG_006-2a
007.md	27	KR4h0117_WYG_006-2b
007.md	35	KR4h0117_WYG_006-3a
007.md	43	KR4h0117_WYG_006-3b
007.md	51	KR4h0117_WYG_006-4a
007.md	59	KR4h0117_WYG_006-4b
007.md	67	KR4h0117_WYG_006-5a
007.md	75	KR4h0117_WYG_006-5b
007.md	83	KR4h0117_WYG_006-6a
007.md	91	KR4h0117_WYG_006-6b
007.md	99	KR4h0117_WYG_006-7a
007.md	107	KR4h0117_WYG_006-7b
007.md	115	KR4h0117_WYG_006-8a
007.md	123	KR4h0117_WYG_006-8b
007.md	131	KR4h0117_WYG_006-9a
007.md	139	KR4h0117_WYG_006-9b
007.md	147	KR4h0117_WYG_006-10a
007.md	155	KR4h0117_WYG_006-10b
007.md	163	KR4h0117_WYG_006-11a
007.md	171	KR4h0117_WYG_006-11b
007.md	179	KR4h0117_WYG_006-12a
007.md	187	KR4h0117_WYG_006-12b
007.md	195	KR4h0117_WYG_006-13a
007.md	203	KR4h0117_WYG_006-13b
007.md	211	KR4h0117_WYG_006-14a
007.md	219	KR4h0117_WYG_006-14b
007.md	227	KR4h0117_WYG_006-15a
007.md	235	KR4h0117_WYG_006-15b
007.md	243	KR4h0117_WYG_006-16a
007.md	251	KR4h0117_WYG_006-16b
007.md	259	KR4h0117_WYG_006-17a
007.md	267	KR4h0117_WYG_006-17b
007.md	275	KR4h0117_WYG_006-18a
007.md	283	KR4h0117_WYG_006-18b
007.md	291	KR4h0117_WYG_006-19a
007.md	299	KR4h0117_WYG_006-19b
007.md	307	KR4h0117_WYG_006-20a
007.md	315	KR4h0117_WYG_006-20b
007.md	323	KR4h0117_WYG_006-21a
007.md	331	KR4h0117_WYG_006-21b
007.md	339	KR4h0117_WYG_006-22a
007.md	347	KR4h0117_WYG_006-22b
007.md	355	KR4h0117_WYG_006-23a
007.md	363	KR4h0117_WYG_006-23b
007.md	371	KR4h0117_WYG_006-24a
007.md	379	KR4h0117_WYG_006-24b
007.md	387	KR4h0117_WYG_006-25a
007.md	395	KR4h0117_WYG_006-25b
007.md	403	KR4h0117_WYG_006-26a
007.md	411	KR4h0117_WYG_006-26b
007.md	419	KR4h0117_WYG_006-27a
007.md	427	KR4h0117_WYG_006-27b
007.md	435	KR4h0117_WYG_006-28a
007.md	443	KR4h0117_WYG_006-28b
007.md	451	KR4h0117_WYG_006-29a
007.md	459	KR4h0117_WYG_006-29b
008.md	3	KR4h0117_WYG_007-1a
008.md	11	KR4h0117_WYG_007-1b
008.md	19	KR4h0117_WYG_007-2a
008.md	27	KR4h0117_WYG_007-2b
008.md	35	KR4h0117_WYG_007-3a
008.md	43	KR4h0117_WYG_007-3b
008.md	51	KR4h0117_WYG_007-4a
008.md	59	KR4h0117_WYG_007-4b
008.md	67	KR4h0117_WYG_007-5a
008.md	75	KR4h0117_WYG_007-5b
008.md	83	KR4h0117_WYG_007-6a
008.md	91	KR4h0117_WYG_007-6b
008.md	99	KR4h0117_WYG_007-7a
008.md	107	KR4h0117_WYG_007-7b
008.md	115	KR4h0117_WYG_007-8a
008.md	123	KR4h0117_WYG_007-8b
008.md	131	KR4h0117_WYG_007-9a
008.md	139	KR4h0117_WYG_007-9b
008.md	147	KR4h0117_WYG_007-10a
008.md	155	KR4h0117_WYG_007-10b
008.md	163	KR4h0117_WYG_007-11a
008.md	171	KR4h0117_WYG_007-11b
008.md	179	KR4h0117_WYG_007-12a
008.md	187	KR4h0117_WYG_007-12b
008.md	195	KR4h0117_WYG_007-13a
008.md	203	KR4h0117_WYG_007-13b
008.md	211	KR4h0117_WYG_007-14a
008.md	219	KR4h0117_WYG_007-14b
008.md	227	KR4h0117_WYG_007-15a
008.md	235	KR4h0117_WYG_007-15b
008.md	243	KR4h0117_WYG_007-16a
008.md	251	KR4h0117_WYG_007-16b
008.md	259	KR4h0117_WYG_007-17a
008.md	267	KR4h0117_WYG_007-17b
008.md	275	KR4h0117_WYG_007-18a
008.md	283	KR4h0117_WYG_007-18b
008.md	291	KR4h0117_WYG_007-19a
008.md	299	KR4h0117_WYG_007-19b
008.md	307	KR4h0117_WYG_007-20a
008.md	315	KR4h0117_WYG_007-20b
008.md	323	KR4h0117_WYG_007-21a
008.md	331	KR4h0117_WYG_007-21b
008.md	339	KR4h0117_WYG_007-22a
008.md	347	KR4h0117_WYG_007-22b
008.md	355	KR4h0117_WYG_007-23a
008.md	363	KR4h0117_WYG_007-23b
008.md	371	KR4h0117_WYG_007-24a
008.md	379	KR4h0117_WYG_007-24b
008.md	387	KR4h0117_WYG_007-25a
008.md	395	KR4h0117_WYG_007-25b
008.md	403	KR4h0117_WYG_007-26a
008.md	411	KR4h0117_WYG_007-26b
008.md	419	KR4h0117_WYG_007-27a
008.md	427	KR4h0117_WYG_007-27b
008.md	435	KR4h0117_WYG_007-28a
008.md	443	KR4h0117_WYG_007-28b
008.md	451	KR4h0117_WYG_007-29a
008.md	459	KR4h0117_WYG_007-29b
008.md	467	KR4h0117_WYG_007-30a
008.md	475	KR4h0117_WYG_007-30b
008.md	483	KR4h0117_WYG_007-31a
008.md	491	KR4h0117_WYG_007-31b
008.md	499	KR4h0117_WYG_007-32a
008.md	507	KR4h0117_WYG_007-32b
008.md	515	KR4h0117_WYG_007-33a
008.md	523	KR4h0117_WYG_007-33b
008.md	531	KR4h0117_WYG_007-34a
008.md	539	KR4h0117_WYG_007-34b
008.md	547	KR4h0117_WYG_007-35a
008.md	555	KR4h0117_WYG_007-35b
008.md	563	KR4h0117_WYG_007-36a
008.md	571	KR4h0117_WYG_007-36b
008.md	579	KR4h0117_WYG_007-37a
008.md	587	KR4h0117_WYG_007-37b
008.md	595	KR4h0117_WYG_007-38a
008.md	603	KR4h0117_WYG_007-38b
008.md	611	KR4h0117_WYG_007-39a
008.md	619	KR4h0117_WYG_007-39b
008.md	627	KR4h0117_WYG_007-40a
008.md	635	KR4h0117_WYG_007-40b
009.md	3	KR4h0117_WYG_008-1a
009.md	11	KR4h0117_WYG_008-1b
009.md	19	KR4h0117_WYG_008-2a
009.md	27	KR4h0117_WYG_008-2b
009.md	35	KR4h0117_WYG_008-3a
009.md	43	KR4h0117_WYG_008-3b
009.md	51	KR4h0117_WYG_008-4a
009.md	59	KR4h0117_WYG_008-4b
009.md	67	KR4h0117_WYG_008-5a
009.md	75	KR4h0117_WYG_008-5b
009.md	83	KR4h0117_WYG_008-6a
009.md	91	KR4h0117_WYG_008-6b
009.md	99	KR4h0117_WYG_008-7a
009.md	107	KR4h0117_WYG_008-7b
009.md	115	KR4h0117_WYG_008-8a
009.md	123	KR4h0117_WYG_008-8b
009.md	131	KR4h0117_WYG_008-9a
009.md	139	KR4h0117_WYG_008-9b
009.md	147	KR4h0117_WYG_008-10a
009.md	155	KR4h0117_WYG_008-10b
009.md	163	KR4h0117_WYG_008-11a
009.md	171	KR4h0117_WYG_008-11b
009.md	179	KR4h0117_WYG_008-12a
009.md	187	KR4h0117_WYG_008-12b
009.md	195	KR4h0117_WYG_008-13a
009.md	203	KR4h0117_WYG_008-13b
009.md	211	KR4h0117_WYG_008-14a
009.md	219	KR4h0117_WYG_008-14b
009.md	227	KR4h0117_WYG_008-15a
009.md	235	KR4h0117_WYG_008-15b
009.md	243	KR4h0117_WYG_008-16a
009.md	251	KR4h0117_WYG_008-16b
009.md	259	KR4h0117_WYG_008-17a
009.md	267	KR4h0117_WYG_008-17b
009.md	275	KR4h0117_WYG_008-18a
009.md	283	KR4h0117_WYG_008-18b
009.md	291	KR4h0117_WYG_008-19a
009.md	299	KR4h0117_WYG_008-19b
009.md	307	KR4h0117_WYG_008-20a
009.md	315	KR4h0117_WYG_008-20b
009.md	323	KR4h0117_WYG_008-21a
009.md	331	KR4h0117_WYG_008-21b
009.md	339	KR4h0117_WYG_008-22a
009.md	347	KR4h0117_WYG_008-22b
009.md	355	KR4h0117_WYG_008-23a
009.md	363	KR4h0117_WYG_008-23b
009.md	371	KR4h0117_WYG_008-24a
009.md	379	KR4h0117_WYG_008-24b
009.md	387	KR4h0117_WYG_008-25a
009.md	395	KR4h0117_WYG_008-25b
009.md	403	KR4h0117_WYG_008-26a
009.md	411	KR4h0117_WYG_008-26b
009.md	419	KR4h0117_WYG_008-27a
009.md	427	KR4h0117_WYG_008-27b
009.md	435	KR4h0117_WYG_008-28a
009.md	443	KR4h0117_WYG_008-28b
009.md	451	KR4h0117_WYG_008-29a
009.md	459	KR4h0117_WYG_008-29b
009.md	467	KR4h0117_WYG_008-30a
009.md	475	KR4h0117_WYG_008-30b
009.md	483	KR4h0117_WYG_008-31a
009.md	491	KR4h0117_WYG_008-31b
009.md	499	KR4h0117_WYG_008-32a
009.md	507	KR4h0117_WYG_008-32b
009.md	515	KR4h0117_WYG_008-33a
009.md	523	KR4h0117_WYG_008-33b
009.md	531	KR4h0117_WYG_008-34a
009.md	539	KR4h0117_WYG_008-34b
009.md	547	KR4h0117_WYG_008-35a
009.md	555	KR4h0117_WYG_008-35b
009.md	563	KR4h0117_WYG_008-36a
009.md	571	KR4h0117_WYG_008-36b
009.md	579	KR4h0117_WYG_008-37a
009.md	587	KR4h0117_WYG_008-37b
009.md	595	KR4h0117_WYG_008-38a
009.md	603	KR4h0117_WYG_008-38b
009.md	611	KR4h0117_WYG_008-39a
009.md	619	KR4h0117_WYG_008-39b
009.md	627	KR4h0117_WYG_008-40a
009.md	635	KR4h0117_WYG_008-40b
009.md	643	KR4h0117_WYG_008-41a
009.md	651	KR4h0117_WYG_008-41b
009.md	659	KR4h0117_WYG_008-42a
009.md	667	KR4h0117_WYG_008-42b
009.md	675	KR4h0117_WYG_008-43a
009.md	683	KR4h0117_WYG_008-43b
009.md	691	KR4h0117_WYG_008-44a
009.md	699	KR4h0117_WYG_008-44b
009.md	707	KR4h0117_WYG_008-45a
009.md	715	KR4h0117_WYG_008-45b
010.md	3	KR4h0117_WYG_009-1a
010.md	11	KR4h0117_WYG_009-1b
010.md	19	KR4h0117_WYG_009-2a
010.md	27	KR4h0117_WYG_009-2b
010.md	35	KR4h0117_WYG_009-3a
010.md	43	KR4h0117_WYG_009-3b
010.md	51	KR4h0117_WYG_009-4a
010.md	59	KR4h0117_WYG_009-4b
010.md	67	KR4h0117_WYG_009-5a
010.md	75	KR4h0117_WYG_009-5b
010.md	83	KR4h0117_WYG_009-6a
010.md	91	KR4h0117_WYG_009-6b
010.md	99	KR4h0117_WYG_009-7a
010.md	107	KR4h0117_WYG_009-7b
010.md	115	KR4h0117_WYG_009-8a
010.md	123	KR4h0117_WYG_009-8b
010.md	131	KR4h0117_WYG_009-9a
010.md	139	KR4h0117_WYG_009-9b
010.md	147	KR4h0117_WYG_009-10a
010.md	155	KR4h0117_WYG_009-10b
010.md	163	KR4h0117_WYG_009-11a
010.md	171	KR4h0117_WYG_009-11b
010.md	179	KR4h0117_WYG_009-12a
010.md	187	KR4h0117_WYG_009-12b
010.md	195	KR4h0117_WYG_009-13a
010.md	203	KR4h0117_WYG_009-13b
010.md	211	KR4h0117_WYG_009-14a
010.md	219	KR4h0117_WYG_009-14b
010.md	227	KR4h0117_WYG_009-15a
010.md	235	KR4h0117_WYG_009-15b
010.md	243	KR4h0117_WYG_009-16a
010.md	251	KR4h0117_WYG_009-16b
010.md	259	KR4h0117_WYG_009-17a
010.md	267	KR4h0117_WYG_009-17b
010.md	275	KR4h0117_WYG_009-18a
010.md	283	KR4h0117_WYG_009-18b
010.md	291	KR4h0117_WYG_009-19a
010.md	299	KR4h0117_WYG_009-19b
010.md	307	KR4h0117_WYG_009-20a
010.md	315	KR4h0117_WYG_009-20b
010.md	323	KR4h0117_WYG_009-21a
010.md	331	KR4h0117_WYG_009-21b
010.md	339	KR4h0117_WYG_009-22a
010.md	347	KR4h0117_WYG_009-22b
010.md	355	KR4h0117_WYG_009-23a
010.md	363	KR4h0117_WYG_009-23b
010.md	371	KR4h0117_WYG_009-24a
010.md	379	KR4h0117_WYG_009-24b
010.md	387	KR4h0117_WYG_009-25a
010.md	395	KR4h0117_WYG_009-25b
010.md	403	KR4h0117_WYG_009-26a
010.md	411	KR4h0117_WYG_009-26b
010.md	419	KR4h0117_WYG_009-27a
010.md	427	KR4h0117_WYG_009-27b
011.md	3	KR4h0117_WYG_010-1a
011.md	11	KR4h0117_WYG_010-1b
011.md	19	KR4h0117_WYG_010-2a
011.md	27	KR4h0117_WYG_010-2b
011.md	35	KR4h0117_WYG_010-3a
011.md	43	KR4h0117_WYG_010-3b
011.md	51	KR4h0117_WYG_010-4a
011.md	59	KR4h0117_WYG_010-4b
011.md	67	KR4h0117_WYG_010-5a
011.md	75	KR4h0117_WYG_010-5b
011.md	83	KR4h0117_WYG_010-6a
011.md	91	KR4h0117_WYG_010-6b
011.md	99	KR4h0117_WYG_010-7a
011.md	107	KR4h0117_WYG_010-7b
011.md	115	KR4h0117_WYG_010-8a
011.md	123	KR4h0117_WYG_010-8b
011.md	131	KR4h0117_WYG_010-9a
011.md	139	KR4h0117_WYG_010-9b
011.md	147	KR4h0117_WYG_010-10a
011.md	155	KR4h0117_WYG_010-10b
011.md	163	KR4h0117_WYG_010-11a
011.md	171	KR4h0117_WYG_010-11b
011.md	179	KR4h0117_WYG_010-12a
011.md	187	KR4h0117_WYG_010-12b
011.md	195	KR4h0117_WYG_010-13a
011.md	203	KR4h0117_WYG_010-13b
011.md	211	KR4h0117_WYG_010-14a
011.md	219	KR4h0117_WYG_010-14b
011.md	227	KR4h0117_WYG_010-15a
011.md	235	KR4h0117_WYG_010-15b
011.md	243	KR4h0117_WYG_010-16a
011.md	251	KR4h0117_WYG_010-16b
011.md	259	KR4h0117_WYG_010-17a
011.md	267	KR4h0117_WYG_010-17b
011.md	275	KR4h0117_WYG_010-18a
011.md	283	KR4h0117_WYG_010-18b
011.md	291	KR4h0117_WYG_010-19a
011.md	299	KR4h0117_WYG_010-19b
011.md	307	KR4h0117_WYG_010-20a
011.md	315	KR4h0117_WYG_010-20b
011.md	323	KR4h0117_WYG_010-21a
011.md	331	KR4h0117_WYG_010-21b
011.md	339	KR4h0117_WYG_010-22a
011.md	347	KR4h0117_WYG_010-22b
011.md	355	KR4h0117_WYG_010-23a
011.md	363	KR4h0117_WYG_010-23b
011.md	371	KR4h0117_WYG_010-24a
011.md	379	KR4h0117_WYG_010-24b
011.md	387	KR4h0117_WYG_010-25a
011.md	395	KR4h0117_WYG_010-25b
011.md	403	KR4h0117_WYG_010-26a
011.md	411	KR4h0117_WYG_010-26b
011.md	419	KR4h0117_WYG_010-27a
011.md	427	KR4h0117_WYG_010-27b
011.md	435	KR4h0117_WYG_010-28a
011.md	443	KR4h0117_WYG_010-28b
011.md	451	KR4h0117_WYG_010-29a
011.md	459	KR4h0117_WYG_010-29b
011.md	467	KR4h0117_WYG_010-30a
011.md	475	KR4h0117_WYG_010-30b
011.md	483	KR4h0117_WYG_010-31a
011.md	491	KR4h0117_WYG_010-31b
011.md	499	KR4h0117_WYG_010-32a
011.md	507	KR4h0117_WYG_010-32b
011.md	515	KR4h0117_WYG_010-33a
011.md	523	KR4h0117_WYG_010-33b
011.md	531	KR4h0117_WYG_010-34a
011.md	539	KR4h0117_WYG_010-34b
011.md	547	KR4h0117_WYG_010-35a
011.md	555	KR4h0117_WYG_010-35b
011.md	563	KR4h0117_WYG_010-36a
011.md	571	KR4h0117_WYG_010-36b
011.md	579	KR4h0117_WYG_010-37a
011.md	587	KR4h0117_WYG_010-37b
011.md	595	KR4h0117_WYG_010-38a
011.md	603	KR4h0117_WYG_010-38b
011.md	611	KR4h0117_WYG_010-39a
011.md	619	KR4h0117_WYG_010-39b
011.md	627	KR4h0117_WYG_010-40a
011.md	635	KR4h0117_WYG_010-40b
011.md	643	KR4h0117_WYG_010-41a
011.md	651	KR4h0117_WYG_010-41b
011.md	659	KR4h0117_WYG_010-42a
011.md	667	KR4h0117_WYG_010-42b
011.md	675	KR4h0117_WYG_010-43a
011.md	683	KR4h0117_WYG_010-43b
011.md	691	KR4h0117_WYG_010-44a
011.md	699	KR4h0117_WYG_010-44b
011.md	707	KR4h0117_WYG_010-45a
011.md	715	KR4h0117_WYG_010-45b
011.md	723	KR4h0117_WYG_010-46a
011.md	731	KR4h0117_WYG_010-46b
012.md	3	KR4h0117_WYG_011-1a
012.md	11	KR4h0117_WYG_011-1b
012.md	19	KR4h0117_WYG_011-2a
012.md	27	KR4h0117_WYG_011-2b
012.md	35	KR4h0117_WYG_011-3a
012.md	43	KR4h0117_WYG_011-3b
012.md	51	KR4h0117_WYG_011-4a
012.md	59	KR4h0117_WYG_011-4b
012.md	67	KR4h0117_WYG_011-5a
012.md	75	KR4h0117_WYG_011-5b
012.md	83	KR4h0117_WYG_011-6a
012.md	91	KR4h0117_WYG_011-6b
012.md	99	KR4h0117_WYG_011-7a
012.md	107	KR4h0117_WYG_011-7b
012.md	115	KR4h0117_WYG_011-8a
012.md	123	KR4h0117_WYG_011-8b
012.md	131	KR4h0117_WYG_011-9a
012.md	139	KR4h0117_WYG_011-9b
012.md	147	KR4h0117_WYG_011-10a
012.md	155	KR4h0117_WYG_011-10b
012.md	163	KR4h0117_WYG_011-11a
012.md	171	KR4h0117_WYG_011-11b
012.md	179	KR4h0117_WYG_011-12a
012.md	187	KR4h0117_WYG_011-12b
012.md	195	KR4h0117_WYG_011-13a
012.md	203	KR4h0117_WYG_011-13b
012.md	211	KR4h0117_WYG_011-14a
012.md	219	KR4h0117_WYG_011-14b
012.md	227	KR4h0117_WYG_011-15a
012.md	235	KR4h0117_WYG_011-15b
012.md	243	KR4h0117_WYG_011-16a
012.md	251	KR4h0117_WYG_011-16b
012.md	259	KR4h0117_WYG_011-17a
012.md	267	KR4h0117_WYG_011-17b
012.md	275	KR4h0117_WYG_011-18a
012.md	283	KR4h0117_WYG_011-18b
012.md	291	KR4h0117_WYG_011-19a
012.md	299	KR4h0117_WYG_011-19b
012.md	307	KR4h0117_WYG_011-20a
012.md	315	KR4h0117_WYG_011-20b
012.md	323	KR4h0117_WYG_011-21a
012.md	331	KR4h0117_WYG_011-21b
012.md	339	KR4h0117_WYG_011-22a
012.md	347	KR4h0117_WYG_011-22b
012.md	355	KR4h0117_WYG_011-23a
012.md	363	KR4h0117_WYG_011-23b
012.md	371	KR4h0117_WYG_011-24a
012.md	379	KR4h0117_WYG_011-24b
012.md	387	KR4h0117_WYG_011-25a
012.md	395	KR4h0117_WYG_011-25b
012.md	403	KR4h0117_WYG_011-26a
012.md	411	KR4h0117_WYG_011-26b
012.md	419	KR4h0117_WYG_011-27a
012.md	427	KR4h0117_WYG_011-27b
012.md	435	KR4h0117_WYG_011-28a
012.md	443	KR4h0117_WYG_011-28b
012.md	451	KR4h0117_WYG_011-29a
012.md	459	KR4h0117_WYG_011-29b
012.md	467	KR4h0117_WYG_011-30a
012.md	475	KR4h0117_WYG_011-30b
012.md	483	KR4h0117_WYG_011-31a
012.md	491	KR4h0117_WYG_011-31b
012.md	499	KR4h0117_WYG_011-32a
012.md	507	KR4h0117_WYG_011-32b
012.md	515	KR4h0117_WYG_011-33a
012.md	523	KR4h0117_WYG_011-33b
012.md	531	KR4h0117_WYG_011-34a
012.md	539	KR4h0117_WYG_011-34b
012.md	547	KR4h0117_WYG_011-35a
012.md	555	KR4h0117_WYG_011-35b
012.md	563	KR4h0117_WYG_011-36a
012.md	571	KR4h0117_WYG_011-36b
012.md	579	KR4h0117_WYG_011-37a
012.md	587	KR4h0117_WYG_011-37b
012.md	595	KR4h0117_WYG_011-38a
012.md	603	KR4h0117_WYG_011-38b
013.md	3	KR4h0117_WYG_012-1a
013.md	11	KR4h0117_WYG_012-1b
013.md	19	KR4h0117_WYG_012-2a
013.md	27	KR4h0117_WYG_012-2b
013.md	35	KR4h0117_WYG_012-3a
013.md	43	KR4h0117_WYG_012-3b
013.md	51	KR4h0117_WYG_012-4a
013.md	59	KR4h0117_WYG_012-4b
013.md	67	KR4h0117_WYG_012-5a
013.md	75	KR4h0117_WYG_012-5b
013.md	83	KR4h0117_WYG_012-6a
013.md	91	KR4h0117_WYG_012-6b
013.md	99	KR4h0117_WYG_012-7a
013.md	107	KR4h0117_WYG_012-7b
013.md	115	KR4h0117_WYG_012-8a
013.md	123	KR4h0117_WYG_012-8b
013.md	131	KR4h0117_WYG_012-9a
013.md	139	KR4h0117_WYG_012-9b
013.md	147	KR4h0117_WYG_012-10a
013.md	155	KR4h0117_WYG_012-10b
013.md	163	KR4h0117_WYG_012-11a
013.md	171	KR4h0117_WYG_012-11b
013.md	179	KR4h0117_WYG_012-12a
013.md	187	KR4h0117_WYG_012-12b
013.md	195	KR4h0117_WYG_012-13a
013.md	203	KR4h0117_WYG_012-13b
013.md	211	KR4h0117_WYG_012-14a
013.md	219	KR4h0117_WYG_012-14b
013.md	227	KR4h0117_WYG_012-15a
013.md	235	KR4h0117_WYG_012-15b
013.md	243	KR4h0117_WYG_012-16a
013.md	251	KR4h0117_WYG_012-16b
013.md	259	KR4h0117_WYG_012-17a
013.md	267	KR4h0117_WYG_012-17b
013.md	275	KR4h0117_WYG_012-18a
013.md	283	KR4h0117_WYG_012-18b
013.md	291	KR4h0117_WYG_012-19a
013.md	299	KR4h0117_WYG_012-19b
013.md	307	KR4h0117_WYG_012-20a
013.md	315	KR4h0117_WYG_012-20b
013.md	323	KR4h0117_WYG_012-21a
013.md	331	KR4h0117_WYG_012-21b
013.md	339	KR4h0117_WYG_012-22a
013.md	347	KR4h0117_WYG_012-22b
013.md	355	KR4h0117_WYG_012-23a
013.md	363	KR4h0117_WYG_012-23b
013.md	371	KR4h0117_WYG_012-24a
013.md	379	KR4h0117_WYG_012-24b
013.md	387	KR4h0117_WYG_012-25a
013.md	395	KR4h0117_WYG_012-25b
013.md	403	KR4h0117_WYG_012-26a
013.md	411	KR4h0117_WYG_012-26b
013.md	419	KR4h0117_WYG_012-27a
013.md	427	KR4h0117_WYG_012-27b
013.md	435	KR4h0117_WYG_012-28a
013.md	443	KR4h0117_WYG_012-28b
013.md	451	KR4h0117_WYG_012-29a
013.md	459	KR4h0117_WYG_012-29b
013.md	467	KR4h0117_WYG_012-30a
013.md	475	KR4h0117_WYG_012-30b
013.md	483	KR4h0117_WYG_012-31a
013.md	491	KR4h0117_WYG_012-31b
013.md	499	KR4h0117_WYG_012-32a
013.md	507	KR4h0117_WYG_012-32b
013.md	515	KR4h0117_WYG_012-33a
013.md	523	KR4h0117_WYG_012-33b
013.md	531	KR4h0117_WYG_012-34a
013.md	539	KR4h0117_WYG_012-34b
013.md	547	KR4h0117_WYG_012-35a
013.md	555	KR4h0117_WYG_012-35b
013.md	563	KR4h0117_WYG_012-36a
013.md	571	KR4h0117_WYG_012-36b
013.md	579	KR4h0117_WYG_012-37a
013.md	587	KR4h0117_WYG_012-37b
013.md	595	KR4h0117_WYG_012-38a
013.md	603	KR4h0117_WYG_012-38b
013.md	611	KR4h0117_WYG_012-39a
013.md	619	KR4h0117_WYG_012-39b
014.md	3	KR4h0117_WYG_013-1a
014.md	11	KR4h0117_WYG_013-1b
014.md	19	KR4h0117_WYG_013-2a
014.md	27	KR4h0117_WYG_013-2b
014.md	35	KR4h0117_WYG_013-3a
014.md	43	KR4h0117_WYG_013-3b
014.md	51	KR4h0117_WYG_013-4a
014.md	59	KR4h0117_WYG_013-4b
014.md	67	KR4h0117_WYG_013-5a
014.md	75	KR4h0117_WYG_013-5b
014.md	83	KR4h0117_WYG_013-6a
014.md	91	KR4h0117_WYG_013-6b
014.md	99	KR4h0117_WYG_013-7a
014.md	107	KR4h0117_WYG_013-7b
014.md	115	KR4h0117_WYG_013-8a
014.md	123	KR4h0117_WYG_013-8b
014.md	131	KR4h0117_WYG_013-9a
014.md	139	KR4h0117_WYG_013-9b
014.md	147	KR4h0117_WYG_013-10a
014.md	155	KR4h0117_WYG_013-10b
014.md	163	KR4h0117_WYG_013-11a
014.md	171	KR4h0117_WYG_013-11b
014.md	179	KR4h0117_WYG_013-12a
014.md	187	KR4h0117_WYG_013-12b
014.md	195	KR4h0117_WYG_013-13a
014.md	203	KR4h0117_WYG_013-13b
014.md	211	KR4h0117_WYG_013-14a
014.md	219	KR4h0117_WYG_013-14b
014.md	227	KR4h0117_WYG_013-15a
014.md	235	KR4h0117_WYG_013-15b
014.md	243	KR4h0117_WYG_013-16a
014.md	251	KR4h0117_WYG_013-16b
014.md	259	KR4h0117_WYG_013-17a
014.md	267	KR4h0117_WYG_013-17b
015.md	3	KR4h0117_WYG_014-1a
015.md	11	KR4h0117_WYG_014-1b
015.md	19	KR4h0117_WYG_014-2a
015.md	27	KR4h0117_WYG_014-2b
015.md	35	KR4h0117_WYG_014-3a
015.md	43	KR4h0117_WYG_014-3b
015.md	51	KR4h0117_WYG_014-4a
015.md	59	KR4h0117_WYG_014-4b
015.md	67	KR4h0117_WYG_014-5a
015.md	75	KR4h0117_WYG_014-5b
015.md	83	KR4h0117_WYG_014-6a
015.md	91	KR4h0117_WYG_014-6b
015.md	99	KR4h0117_WYG_014-7a
015.md	107	KR4h0117_WYG_014-7b
015.md	115	KR4h0117_WYG_014-8a
015.md	123	KR4h0117_WYG_014-8b
015.md	131	KR4h0117_WYG_014-9a
015.md	139	KR4h0117_WYG_014-9b
015.md	147	KR4h0117_WYG_014-10a
015.md	155	KR4h0117_WYG_014-10b
015.md	163	KR4h0117_WYG_014-11a
015.md	171	KR4h0117_WYG_014-11b
015.md	179	KR4h0117_WYG_014-12a
015.md	187	KR4h0117_WYG_014-12b
015.md	195	KR4h0117_WYG_014-13a
015.md	203	KR4h0117_WYG_014-13b
015.md	211	KR4h0117_WYG_014-14a
015.md	219	KR4h0117_WYG_014-14b
015.md	227	KR4h0117_WYG_014-15a
015.md	235	KR4h0117_WYG_014-15b
016.md	3	KR4h0117_WYG_015-1a
016.md	11	KR4h0117_WYG_015-1b
016.md	19	KR4h0117_WYG_015-2a
016.md	27	KR4h0117_WYG_015-2b
016.md	35	KR4h0117_WYG_015-3a
016.md	43	KR4h0117_WYG_015-3b
016.md	51	KR4h0117_WYG_015-4a
016.md	59	KR4h0117_WYG_015-4b
016.md	67	KR4h0117_WYG_015-5a
016.md	75	KR4h0117_WYG_015-5b
016.md	83	KR4h0117_WYG_015-6a
016.md	91	KR4h0117_WYG_015-6b
016.md	99	KR4h0117_WYG_015-7a
016.md	107	KR4h0117_WYG_015-7b
016.md	115	KR4h0117_WYG_015-8a
016.md	123	KR4h0117_WYG_015-8b
016.md	131	KR4h0117_WYG_015-9a
016.md	139	KR4h0117_WYG_015-9b
016.md	147	KR4h0117_WYG_015-10a
016.md	155	KR4h0117_WYG_015-10b
016.md	163	KR4h0117_WYG_015-11a
016.md	171	KR4h0117_WYG_015-11b
017.md	3	KR4h0117_WYG_016-1a
017.md	11	KR4h0117_WYG_016-1b
017.md	19	KR4h0117_WYG_016-2a
017.md	27	KR4h0117_WYG_016-2b
017.md	35	KR4h0117_WYG_016-3a
017.md	43	KR4h0117_WYG_016-3b
017.md	51	KR4h0117_WYG_016-4a
017.md	59	KR4h0117_WYG_016-4b
017.md	67	KR4h0117_WYG_016-5a
017.md	75	KR4h0117_WYG_016-5b
017.md	83	KR4h0117_WYG_016-6a
017.md	91	KR4h0117_WYG_016-6b
017.md	99	KR4h0117_WYG_016-7a
017.md	107	KR4h0117_WYG_016-7b
017.md	115	KR4h0117_WYG_016-8a
017.md	123	KR4h0117_WYG_016-8b
017.md	131	KR4h0117_WYG_016-9a
017.md	139	KR4h0117_WYG_016-9b
017.md	147	KR4h0117_WYG_016-10a
017.md	155	KR4h0117_WYG_016-10b
017.md	163	KR4h0117_WYG_016-11a
017.md	171	KR4h0117_WYG_016-11b
017.md	179	KR4h0117_WYG_016-12a
017.md	187	KR4h0117_WYG_016-12b
017.md	195	KR4h0117_WYG_016-13a
017.md	203	KR4h0117_WYG_016-13b
017.md	211	KR4h0117_WYG_016-14a
017.md	219	KR4h0117_WYG_016-14b
017.md	227	KR4h0117_WYG_016-15a
017.md	235	KR4h0117_WYG_016-15b
017.md	243	KR4h0117_WYG_016-16a
017.md	251	KR4h0117_WYG_016-16b
017.md	259	KR4h0117_WYG_016-17a
017.md	267	KR4h0117_WYG_016-17b
018.md	3	KR4h0117_WYG_017-1a
018.md	11	KR4h0117_WYG_017-1b
018.md	19	KR4h0117_WYG_017-2a
018.md	27	KR4h0117_WYG_017-2b
018.md	35	KR4h0117_WYG_017-3a
018.md	43	KR4h0117_WYG_017-3b
018.md	51	KR4h0117_WYG_017-4a
018.md	59	KR4h0117_WYG_017-4b
018.md	67	KR4h0117_WYG_017-5a
018.md	75	KR4h0117_WYG_017-5b
018.md	83	KR4h0117_WYG_017-6a
018.md	91	KR4h0117_WYG_017-6b
018.md	99	KR4h0117_WYG_017-7a
018.md	107	KR4h0117_WYG_017-7b
018.md	115	KR4h0117_WYG_017-8a
018.md	123	KR4h0117_WYG_017-8b
018.md	131	KR4h0117_WYG_017-9a
018.md	139	KR4h0117_WYG_017-9b
018.md	147	KR4h0117_WYG_017-10a
018.md	155	KR4h0117_WYG_017-10b
018.md	163	KR4h0117_WYG_017-11a
018.md	171	KR4h0117_WYG_017-11b
018.md	179	KR4h0117_WYG_017-12a
018.md	187	KR4h0117_WYG_017-12b
018.md	195	KR4h0117_WYG_017-13a
018.md	203	KR4h0117_WYG_017-13b
018.md	211	KR4h0117_WYG_017-14a
018.md	219	KR4h0117_WYG_017-14b
018.md	227	KR4h0117_WYG_017-15a
018.md	235	KR4h0117_WYG_017-15b
018.md	243	KR4h0117_WYG_017-16a
018.md	251	KR4h0117_WYG_017-16b
019.md	3	KR4h0117_WYG_018-1a
019.md	11	KR4h0117_WYG_018-1b
019.md	19	KR4h0117_WYG_018-2a
019.md	27	KR4h0117_WYG_018-2b
019.md	35	KR4h0117_WYG_018-3a
019.md	43	KR4h0117_WYG_018-3b
019.md	51	KR4h0117_WYG_018-4a
019.md	59	KR4h0117_WYG_018-4b
019.md	67	KR4h0117_WYG_018-5a
019.md	75	KR4h0117_WYG_018-5b
019.md	83	KR4h0117_WYG_018-6a
019.md	91	KR4h0117_WYG_018-6b
019.md	99	KR4h0117_WYG_018-7a
019.md	107	KR4h0117_WYG_018-7b
020.md	3	KR4h0117_WYG_019-1a
020.md	11	KR4h0117_WYG_019-1b
020.md	19	KR4h0117_WYG_019-2a
020.md	27	KR4h0117_WYG_019-2b
020.md	35	KR4h0117_WYG_019-3a
020.md	43	KR4h0117_WYG_019-3b
020.md	51	KR4h0117_WYG_019-4a
020.md	59	KR4h0117_WYG_019-4b
020.md	67	KR4h0117_WYG_019-5a
020.md	75	KR4h0117_WYG_019-5b
020.md	83	KR4h0117_WYG_019-6a
020.md	91	KR4h0117_WYG_019-6b
020.md	99	KR4h0117_WYG_019-7a
020.md	107	KR4h0117_WYG_019-7b
020.md	115	KR4h0117_WYG_019-8a
020.md	123	KR4h0117_WYG_019-8b
020.md	131	KR4h0117_WYG_019-9a
020.md	139	KR4h0117_WYG_019-9b
020.md	147	KR4h0117_WYG_019-10a
020.md	155	KR4h0117_WYG_019-10b
020.md	163	KR4h0117_WYG_019-11a
020.md	171	KR4h0117_WYG_019-11b
020.md	179	KR4h0117_WYG_019-12a
020.md	187	KR4h0117_WYG_019-12b
020.md	195	KR4h0117_WYG_019-13a
020.md	203	KR4h0117_WYG_019-13b
020.md	211	KR4h0117_WYG_019-14a
020.md	219	KR4h0117_WYG_019-14b
020.md	227	KR4h0117_WYG_019-15a
020.md	235	KR4h0117_WYG_019-15b
021.md	3	KR4h0117_WYG_020-1a
021.md	11	KR4h0117_WYG_020-1b
021.md	19	KR4h0117_WYG_020-2a
021.md	27	KR4h0117_WYG_020-2b
021.md	35	KR4h0117_WYG_020-3a
021.md	43	KR4h0117_WYG_020-3b
021.md	51	KR4h0117_WYG_020-4a
021.md	59	KR4h0117_WYG_020-4b
021.md	67	KR4h0117_WYG_020-5a
021.md	75	KR4h0117_WYG_020-5b
021.md	83	KR4h0117_WYG_020-6a
021.md	91	KR4h0117_WYG_020-6b
021.md	99	KR4h0117_WYG_020-7a
021.md	107	KR4h0117_WYG_020-7b
021.md	115	KR4h0117_WYG_020-8a
021.md	123	KR4h0117_WYG_020-8b
021.md	131	KR4h0117_WYG_020-9a
021.md	139	KR4h0117_WYG_020-9b
021.md	147	KR4h0117_WYG_020-10a
021.md	155	KR4h0117_WYG_020-10b
021.md	163	KR4h0117_WYG_020-11a
021.md	171	KR4h0117_WYG_020-11b
021.md	179	KR4h0117_WYG_020-12a
021.md	187	KR4h0117_WYG_020-12b
021.md	195	KR4h0117_WYG_020-13a
021.md	203	KR4h0117_WYG_020-13b
021.md	211	KR4h0117_WYG_020-14a
021.md	219	KR4h0117_WYG_020-14b
021.md	227	KR4h0117_WYG_020-15a
021.md	235	KR4h0117_WYG_020-15b
021.md	243	KR4h0117_WYG_020-16a
021.md	251	KR4h0117_WYG_020-16b
021.md	259	KR4h0117_WYG_020-17a
021.md	267	KR4h0117_WYG_020-17b
021.md	275	KR4h0117_WYG_020-18a
021.md	283	KR4h0117_WYG_020-18b
021.md	291	KR4h0117_WYG_020-19a
021.md	299	KR4h0117_WYG_020-19b
021.md	307	KR4h0117_WYG_020-20a
021.md	315	KR4h0117_WYG_020-20b
021.md	323	KR4h0117_WYG_020-21a
021.md	331	KR4h0117_WYG_020-21b
021.md	339	KR4h0117_WYG_020-22a
021.md	347	KR4h0117_WYG_020-22b
021.md	355	KR4h0117_WYG_020-23a
021.md	363	KR4h0117_WYG_020-23b
021.md	371	KR4h0117_WYG_020-24a
021.md	379	KR4h0117_WYG_020-24b
021.md	387	KR4h0117_WYG_020-25a
021.md	395	KR4h0117_WYG_020-25b
022.md	3	KR4h0117_WYG_021-1a
022.md	11	KR4h0117_WYG_021-1b
022.md	19	KR4h0117_WYG_021-2a
022.md	27	KR4h0117_WYG_021-2b
022.md	35	KR4h0117_WYG_021-3a
022.md	43	KR4h0117_WYG_021-3b
022.md	51	KR4h0117_WYG_021-4a
022.md	59	KR4h0117_WYG_021-4b
022.md	67	KR4h0117_WYG_021-5a
022.md	75	KR4h0117_WYG_021-5b
022.md	83	KR4h0117_WYG_021-6a
022.md	91	KR4h0117_WYG_021-6b
022.md	99	KR4h0117_WYG_021-7a
022.md	107	KR4h0117_WYG_021-7b
022.md	115	KR4h0117_WYG_021-8a
022.md	123	KR4h0117_WYG_021-8b
022.md	131	KR4h0117_WYG_021-9a
022.md	139	KR4h0117_WYG_021-9b
022.md	147	KR4h0117_WYG_021-10a
022.md	155	KR4h0117_WYG_021-10b
022.md	163	KR4h0117_WYG_021-11a
022.md	171	KR4h0117_WYG_021-11b
022.md	179	KR4h0117_WYG_021-12a
022.md	187	KR4h0117_WYG_021-12b
022.md	195	KR4h0117_WYG_021-13a
022.md	203	KR4h0117_WYG_021-13b
022.md	211	KR4h0117_WYG_021-14a
022.md	219	KR4h0117_WYG_021-14b
022.md	227	KR4h0117_WYG_021-15a
022.md	235	KR4h0117_WYG_021-15b
022.md	243	KR4h0117_WYG_021-16a
022.md	251	KR4h0117_WYG_021-16b
022.md	259	KR4h0117_WYG_021-17a
022.md	267	KR4h0117_WYG_021-17b
022.md	275	KR4h0117_WYG_021-18a
022.md	283	KR4h0117_WYG_021-18b
022.md	291	KR4h0117_WYG_021-19a
022.md	299	KR4h0117_WYG_021-19b
022.md	307	KR4h0117_WYG_021-20a
022.md	315	KR4h0117_WYG_021-20b
022.md	323	KR4h0117_WYG_021-21a
022.md	331	KR4h0117_WYG_021-21b
022.md	339	KR4h0117_WYG_021-22a
022.md	347	KR4h0117_WYG_021-22b
022.md	355	KR4h0117_WYG_021-23a
022.md	363	KR4h0117_WYG_021-23b
022.md	371	KR4h0117_WYG_021-24a
022.md	379	KR4h0117_WYG_021-24b
022.md	387	KR4h0117_WYG_021-25a
022.md	395	KR4h0117_WYG_021-25b
023.md	3	KR4h0117_WYG_022-1a
023.md	11	KR4h0117_WYG_022-1b
023.md	19	KR4h0117_WYG_022-2a
023.md	27	KR4h0117_WYG_022-2b
023.md	35	KR4h0117_WYG_022-3a
023.md	43	KR4h0117_WYG_022-3b
023.md	51	KR4h0117_WYG_022-4a
023.md	59	KR4h0117_WYG_022-4b
023.md	67	KR4h0117_WYG_022-5a
023.md	75	KR4h0117_WYG_022-5b
023.md	83	KR4h0117_WYG_022-6a
023.md	91	KR4h0117_WYG_022-6b
023.md	99	KR4h0117_WYG_022-7a
023.md	107	KR4h0117_WYG_022-7b
023.md	115	KR4h0117_WYG_022-8a
023.md	123	KR4h0117_WYG_022-8b
023.md	131	KR4h0117_WYG_022-9a
023.md	139	KR4h0117_WYG_022-9b
023.md	147	KR4h0117_WYG_022-10a
023.md	155	KR4h0117_WYG_022-10b
023.md	163	KR4h0117_WYG_022-11a
023.md	171	KR4h0117_WYG_022-11b
023.md	179	KR4h0117_WYG_022-12a
023.md	187	KR4h0117_WYG_022-12b
023.md	195	KR4h0117_WYG_022-13a
023.md	203	KR4h0117_WYG_022-13b
023.md	211	KR4h0117_WYG_022-14a
023.md	219	KR4h0117_WYG_022-14b
023.md	227	KR4h0117_WYG_022-15a
023.md	235	KR4h0117_WYG_022-15b
024.md	3	KR4h0117_WYG_023-1a
024.md	11	KR4h0117_WYG_023-1b
024.md	19	KR4h0117_WYG_023-2a
024.md	27	KR4h0117_WYG_023-2b
024.md	35	KR4h0117_WYG_023-3a
024.md	43	KR4h0117_WYG_023-3b
024.md	51	KR4h0117_WYG_023-4a
024.md	59	KR4h0117_WYG_023-4b
024.md	67	KR4h0117_WYG_023-5a
024.md	75	KR4h0117_WYG_023-5b
024.md	83	KR4h0117_WYG_023-6a
024.md	91	KR4h0117_WYG_023-6b
024.md	99	KR4h0117_WYG_023-7a
024.md	107	KR4h0117_WYG_023-7b
024.md	115	KR4h0117_WYG_023-8a
024.md	123	KR4h0117_WYG_023-8b
024.md	131	KR4h0117_WYG_023-9a
024.md	139	KR4h0117_WYG_023-9b
024.md	147	KR4h0117_WYG_023-10a
024.md	155	KR4h0117_WYG_023-10b
024.md	163	KR4h0117_WYG_023-11a
024.md	171	KR4h0117_WYG_023-11b
024.md	179	KR4h0117_WYG_023-12a
024.md	187	KR4h0117_WYG_023-12b
024.md	195	KR4h0117_WYG_023-13a
024.md	203	KR4h0117_WYG_023-13b
024.md	211	KR4h0117_WYG_023-14a
024.md	219	KR4h0117_WYG_023-14b
024.md	227	KR4h0117_WYG_023-15a
024.md	235	KR4h0117_WYG_023-15b
024.md	243	KR4h0117_WYG_023-16a
024.md	251	KR4h0117_WYG_023-16b
024.md	259	KR4h0117_WYG_023-17a
024.md	267	KR4h0117_WYG_023-17b
024.md	275	KR4h0117_WYG_023-18a
024.md	283	KR4h0117_WYG_023-18b
024.md	291	KR4h0117_WYG_023-19a
024.md	299	KR4h0117_WYG_023-19b
024.md	307	KR4h0117_WYG_023-20a
024.md	315	KR4h0117_WYG_023-20b
024.md	323	KR4h0117_WYG_023-21a
024.md	331	KR4h0117_WYG_023-21b
024.md	339	KR4h0117_WYG_023-22a
024.md	347	KR4h0117_WYG_023-22b
024.md	355	KR4h0117_WYG_023-23a
024.md	363	KR4h0117_WYG_023-23b
024.md	371	KR4h0117_WYG_023-24a
024.md	379	KR4h0117_WYG_023-24b
025.md	3	KR4h0117_WYG_024-1a
025.md	11	KR4h0117_WYG_024-1b
025.md	19	KR4h0117_WYG_024-2a
025.md	27	KR4h0117_WYG_024-2b
025.md	35	KR4h0117_WYG_024-3a
025.md	43	KR4h0117_WYG_024-3b
025.md	51	KR4h0117_WYG_024-4a
025.md	59	KR4h0117_WYG_024-4b
025.md	67	KR4h0117_WYG_024-5a
025.md	75	KR4h0117_WYG_024-5b
025.md	83	KR4h0117_WYG_024-6a
025.md	91	KR4h0117_WYG_024-6b
025.md	99	KR4h0117_WYG_024-7a
025.md	107	KR4h0117_WYG_024-7b
025.md	115	KR4h0117_WYG_024-8a
025.md	123	KR4h0117_WYG_024-8b
025.md	131	KR4h0117_WYG_024-9a
025.md	139	KR4h0117_WYG_024-9b
025.md	147	KR4h0117_WYG_024-10a
025.md	155	KR4h0117_WYG_024-10b
025.md	163	KR4h0117_WYG_024-11a
025.md	171	KR4h0117_WYG_024-11b
025.md	179	KR4h0117_WYG_024-12a
025.md	187	KR4h0117_WYG_024-12b
025.md	195	KR4h0117_WYG_024-13a
025.md	203	KR4h0117_WYG_024-13b
025.md	211	KR4h0117_WYG_024-14a
025.md	219	KR4h0117_WYG_024-14b
025.md	227	KR4h0117_WYG_024-15a
025.md	235	KR4h0117_WYG_024-15b
025.md	243	KR4h0117_WYG_024-16a
025.md	251	KR4h0117_WYG_024-16b
025.md	259	KR4h0117_WYG_024-17a
025.md	267	KR4h0117_WYG_024-17b
025.md	275	KR4h0117_WYG_024-18a
025.md	283	KR4h0117_WYG_024-18b
025.md	291	KR4h0117_WYG_024-19a
025.md	299	KR4h0117_WYG_024-19b
025.md	307	KR4h0117_WYG_024-20a
025.md	315	KR4h0117_WYG_024-20b
025.md	323	KR4h0117_WYG_024-21a
025.md	331	KR4h0117_WYG_024-21b
025.md	339	KR4h0117_WYG_024-22a
025.md	347	KR4h0117_WYG_024-22b
025.md	355	KR4h0117_WYG_024-23a
025.md	363	KR4h0117_WYG_024-23b
025.md	371	KR4h0117_WYG_024-24a
025.md	379	KR4h0117_WYG_024-24b
025.md	387	KR4h0117_WYG_024-25a
025.md	395	KR4h0117_WYG_024-25b
025.md	403	KR4h0117_WYG_024-26a
025.md	411	KR4h0117_WYG_024-26b
025.md	419	KR4h0117_WYG_024-27a
025.md	427	KR4h0117_WYG_024-27b
025.md	435	KR4h0117_WYG_024-28a
025.md	443	KR4h0117_WYG_024-28b
025.md	451	KR4h0117_WYG_024-29a
025.md	459	KR4h0117_WYG_024-29b
025.md	467	KR4h0117_WYG_024-30a
025.md	475	KR4h0117_WYG_024-30b
025.md	483	KR4h0117_WYG_024-31a
025.md	491	KR4h0117_WYG_024-31b
025.md	499	KR4h0117_WYG_024-32a
025.md	507	KR4h0117_WYG_024-32b
025.md	515	KR4h0117_WYG_024-33a
025.md	523	KR4h0117_WYG_024-33b
025.md	531	KR4h0117_WYG_024-34a
025.md	539	KR4h0117_WYG_024-34b
025.md	547	KR4h0117_WYG_024-35a
025.md	555	KR4h0117_WYG_024-35b
025.md	563	KR4h0117_WYG_024-36a
025.md	571	KR4h0117_WYG_024-36b
025.md	579	KR4h0117_WYG_024-37a
025.md	587	KR4h0117_WYG_024-37b
025.md	595	KR4h0117_WYG_024-38a
025.md	603	KR4h0117_WYG_024-38b
025.md	611	KR4h0117_WYG_024-39a
025.md	619	KR4h0117_WYG_024-39b
025.md	627	KR4h0117_WYG_024-40a
025.md	635	KR4h0117_WYG_024-40b
025.md	643	KR4h0117_WYG_024-41a
025.md	651	KR4h0117_WYG_024-41b
025.md	659	KR4h0117_WYG_024-42a
025.md	667	KR4h0117_WYG_024-42b
025.md	675	KR4h0117_WYG_024-43a
025.md	683	KR4h0117_WYG_024-43b
025.md	691	KR4h0117_WYG_024-44a
025.md	699	KR4h0117_WYG_024-44b
025.md	707	KR4h0117_WYG_024-45a
025.md	715	KR4h0117_WYG_024-45b
025.md	723	KR4h0117_WYG_024-46a
025.md	731	KR4h0117_WYG_024-46b
026.md	3	KR4h0117_WYG_025-1a
026.md	11	KR4h0117_WYG_025-1b
026.md	19	KR4h0117_WYG_025-2a
026.md	27	KR4h0117_WYG_025-2b
026.md	35	KR4h0117_WYG_025-3a
026.md	43	KR4h0117_WYG_025-3b
026.md	51	KR4h0117_WYG_025-4a
026.md	59	KR4h0117_WYG_025-4b
026.md	67	KR4h0117_WYG_025-5a
026.md	75	KR4h0117_WYG_025-5b
026.md	83	KR4h0117_WYG_025-6a
026.md	91	KR4h0117_WYG_025-6b
026.md	99	KR4h0117_WYG_025-7a
026.md	107	KR4h0117_WYG_025-7b
026.md	115	KR4h0117_WYG_025-8a
026.md	123	KR4h0117_WYG_025-8b
026.md	131	KR4h0117_WYG_025-9a
026.md	139	KR4h0117_WYG_025-9b
026.md	147	KR4h0117_WYG_025-10a
026.md	155	KR4h0117_WYG_025-10b
026.md	163	KR4h0117_WYG_025-11a
026.md	171	KR4h0117_WYG_025-11b
026.md	179	KR4h0117_WYG_025-12a
026.md	187	KR4h0117_WYG_025-12b
026.md	195	KR4h0117_WYG_025-13a
026.md	203	KR4h0117_WYG_025-13b
026.md	211	KR4h0117_WYG_025-14a
026.md	219	KR4h0117_WYG_025-14b
026.md	227	KR4h0117_WYG_025-15a
026.md	235	KR4h0117_WYG_025-15b
026.md	243	KR4h0117_WYG_025-16a
026.md	251	KR4h0117_WYG_025-16b
026.md	259	KR4h0117_WYG_025-17a
026.md	267	KR4h0117_WYG_025-17b
026.md	275	KR4h0117_WYG_025-18a
026.md	283	KR4h0117_WYG_025-18b
026.md	291	KR4h0117_WYG_025-19a
026.md	299	KR4h0117_WYG_025-19b
026.md	307	KR4h0117_WYG_025-20a
026.md	315	KR4h0117_WYG_025-20b
026.md	323	KR4h0117_WYG_025-21a
026.md	331	KR4h0117_WYG_025-21b
027.md	3	KR4h0117_WYG_026-1a
027.md	11	KR4h0117_WYG_026-1b
027.md	19	KR4h0117_WYG_026-2a
027.md	27	KR4h0117_WYG_026-2b
027.md	35	KR4h0117_WYG_026-3a
027.md	43	KR4h0117_WYG_026-3b
027.md	51	KR4h0117_WYG_026-4a
027.md	59	KR4h0117_WYG_026-4b
027.md	67	KR4h0117_WYG_026-5a
027.md	75	KR4h0117_WYG_026-5b
027.md	83	KR4h0117_WYG_026-6a
027.md	91	KR4h0117_WYG_026-6b
027.md	99	KR4h0117_WYG_026-7a
027.md	107	KR4h0117_WYG_026-7b
027.md	115	KR4h0117_WYG_026-8a
027.md	123	KR4h0117_WYG_026-8b
027.md	131	KR4h0117_WYG_026-9a
027.md	139	KR4h0117_WYG_026-9b
027.md	147	KR4h0117_WYG_026-10a
027.md	155	KR4h0117_WYG_026-10b
027.md	163	KR4h0117_WYG_026-11a
027.md	171	KR4h0117_WYG_026-11b
027.md	179	KR4h0117_WYG_026-12a
027.md	187	KR4h0117_WYG_026-12b
027.md	195	KR4h0117_WYG_026-13a
027.md	203	KR4h0117_WYG_026-13b
027.md	211	KR4h0117_WYG_026-14a
027.md	219	KR4h0117_WYG_026-14b
028.md	3	KR4h0117_WYG_027-1a
028.md	11	KR4h0117_WYG_027-1b
028.md	19	KR4h0117_WYG_027-2a
028.md	27	KR4h0117_WYG_027-2b
028.md	35	KR4h0117_WYG_027-3a
028.md	43	KR4h0117_WYG_027-3b
028.md	51	KR4h0117_WYG_027-4a
028.md	59	KR4h0117_WYG_027-4b
028.md	67	KR4h0117_WYG_027-5a
028.md	75	KR4h0117_WYG_027-5b
028.md	83	KR4h0117_WYG_027-6a
028.md	91	KR4h0117_WYG_027-6b
028.md	99	KR4h0117_WYG_027-7a
028.md	107	KR4h0117_WYG_027-7b
028.md	115	KR4h0117_WYG_027-8a
028.md	123	KR4h0117_WYG_027-8b
028.md	131	KR4h0117_WYG_027-9a
028.md	139	KR4h0117_WYG_027-9b
028.md	147	KR4h0117_WYG_027-10a
028.md	155	KR4h0117_WYG_027-10b
028.md	163	KR4h0117_WYG_027-11a
028.md	171	KR4h0117_WYG_027-11b
028.md	179	KR4h0117_WYG_027-12a
028.md	187	KR4h0117_WYG_027-12b
028.md	195	KR4h0117_WYG_027-13a
028.md	203	KR4h0117_WYG_027-13b
028.md	211	KR4h0117_WYG_027-14a
028.md	219	KR4h0117_WYG_027-14b
028.md	227	KR4h0117_WYG_027-15a
028.md	235	KR4h0117_WYG_027-15b
029.md	3	KR4h0117_WYG_028-1a
029.md	11	KR4h0117_WYG_028-1b
029.md	19	KR4h0117_WYG_028-2a
029.md	27	KR4h0117_WYG_028-2b
029.md	35	KR4h0117_WYG_028-3a
029.md	43	KR4h0117_WYG_028-3b
029.md	51	KR4h0117_WYG_028-4a
029.md	59	KR4h0117_WYG_028-4b
029.md	67	KR4h0117_WYG_028-5a
029.md	75	KR4h0117_WYG_028-5b
029.md	83	KR4h0117_WYG_028-6a
029.md	91	KR4h0117_WYG_028-6b
029.md	99	KR4h0117_WYG_028-7a
029.md	107	KR4h0117_WYG_028-7b
029.md	115	KR4h0117_WYG_028-8a
029.md	123	KR4h0117_WYG_028-8b
029.md	131	KR4h0117_WYG_028-9a
029.md	139	KR4h0117_WYG_028-9b
029.md	147	KR4h0117_WYG_028-10a
029.md	155	KR4h0117_WYG_028-10b
029.md	163	KR4h0117_WYG_028-11a
029.md	171	KR4h0117_WYG_028-11b
029.md	179	KR4h0117_WYG_028-12a
029.md	187	KR4h0117_WYG_028-12b
029.md	195	KR4h0117_WYG_028-13a
029.md	203	KR4h0117_WYG_028-13b
030.md	3	KR4h0117_WYG_029-1a
030.md	11	KR4h0117_WYG_029-1b
030.md	19	KR4h0117_WYG_029-2a
030.md	27	KR4h0117_WYG_029-2b
030.md	35	KR4h0117_WYG_029-3a
030.md	43	KR4h0117_WYG_029-3b
030.md	51	KR4h0117_WYG_029-4a
030.md	59	KR4h0117_WYG_029-4b
030.md	67	KR4h0117_WYG_029-5a
030.md	75	KR4h0117_WYG_029-5b
030.md	83	KR4h0117_WYG_029-6a
030.md	91	KR4h0117_WYG_029-6b
030.md	99	KR4h0117_WYG_029-7a
030.md	107	KR4h0117_WYG_029-7b
030.md	115	KR4h0117_WYG_029-8a
030.md	123	KR4h0117_WYG_029-8b
030.md	131	KR4h0117_WYG_029-9a
030.md	139	KR4h0117_WYG_029-9b
030.md	147	KR4h0117_WYG_029-10a
030.md	155	KR4h0117_WYG_029-10b
030.md	163	KR4h0117_WYG_029-11a
030.md	171	KR4h0117_WYG_029-11b
030.md	179	KR4h0117_WYG_029-12a
030.md	187	KR4h0117_WYG_029-12b
030.md	195	KR4h0117_WYG_029-13a
030.md	203	KR4h0117_WYG_029-13b
030.md	211	KR4h0117_WYG_029-14a
030.md	219	KR4h0117_WYG_029-14b
030.md	227	KR4h0117_WYG_029-15a
030.md	235	KR4h0117_WYG_029-15b
030.md	243	KR4h0117_WYG_029-16a
030.md	251	KR4h0117_WYG_029-16b
031.md	3	KR4h0117_WYG_030-1a
031.md	11	KR4h0117_WYG_030-1b
031.md	19	KR4h0117_WYG_030-2a
031.md	27	KR4h0117_WYG_030-2b
031.md	35	KR4h0117_WYG_030-3a
031.md	43	KR4h0117_WYG_030-3b
031.md	51	KR4h0117_WYG_030-4a
031.md	59	KR4h0117_WYG_030-4b
031.md	67	KR4h0117_WYG_030-5a
031.md	75	KR4h0117_WYG_030-5b
031.md	83	KR4h0117_WYG_030-6a
031.md	91	KR4h0117_WYG_030-6b
031.md	99	KR4h0117_WYG_030-7a
031.md	107	KR4h0117_WYG_030-7b
031.md	115	KR4h0117_WYG_030-8a
031.md	123	KR4h0117_WYG_030-8b
031.md	131	KR4h0117_WYG_030-9a
031.md	139	KR4h0117_WYG_030-9b
031.md	147	KR4h0117_WYG_030-10a
031.md	155	KR4h0117_WYG_030-10b
031.md	163	KR4h0117_WYG_030-11a
031.md	171	KR4h0117_WYG_030-11b
031.md	179	KR4h0117_WYG_030-12a
031.md	187	KR4h0117_WYG_030-12b
031.md	195	KR4h0117_WYG_030-13a
031.md	203	KR4h0117_WYG_030-13b
031.md	211	KR4h0117_WYG_030-14a
031.md	219	KR4h0117_WYG_030-14b
032.md	3	KR4h0117_WYG_031-1a
032.md	11	KR4h0117_WYG_031-1b
032.md	19	KR4h0117_WYG_031-2a
032.md	27	KR4h0117_WYG_031-2b
032.md	35	KR4h0117_WYG_031-3a
032.md	43	KR4h0117_WYG_031-3b
032.md	51	KR4h0117_WYG_031-4a
032.md	59	KR4h0117_WYG_031-4b
032.md	67	KR4h0117_WYG_031-5a
032.md	75	KR4h0117_WYG_031-5b
032.md	83	KR4h0117_WYG_031-6a
032.md	91	KR4h0117_WYG_031-6b
032.md	99	KR4h0117_WYG_031-7a
032.md	107	KR4h0117_WYG_031-7b
032.md	115	KR4h0117_WYG_031-8a
032.md	123	KR4h0117_WYG_031-8b
032.md	131	KR4h0117_WYG_031-9a
032.md	139	KR4h0117_WYG_031-9b
032.md	147	KR4h0117_WYG_031-10a
032.md	155	KR4h0117_WYG_031-10b
032.md	163	KR4h0117_WYG_031-11a
032.md	171	KR4h0117_WYG_031-11b
032.md	179	KR4h0117_WYG_031-12a
032.md	187	KR4h0117_WYG_031-12b
033.md	3	KR4h0117_WYG_032-1a
033.md	11	KR4h0117_WYG_032-1b
033.md	19	KR4h0117_WYG_032-2a
033.md	27	KR4h0117_WYG_032-2b
033.md	35	KR4h0117_WYG_032-3a
033.md	43	KR4h0117_WYG_032-3b
033.md	51	KR4h0117_WYG_032-4a
033.md	59	KR4h0117_WYG_032-4b
033.md	67	KR4h0117_WYG_032-5a
033.md	75	KR4h0117_WYG_032-5b
033.md	83	KR4h0117_WYG_032-6a
033.md	91	KR4h0117_WYG_032-6b
033.md	99	KR4h0117_WYG_032-7a
033.md	107	KR4h0117_WYG_032-7b
033.md	115	KR4h0117_WYG_032-8a
033.md	123	KR4h0117_WYG_032-8b
033.md	131	KR4h0117_WYG_032-9a
033.md	139	KR4h0117_WYG_032-9b
033.md	147	KR4h0117_WYG_032-10a
033.md	155	KR4h0117_WYG_032-10b
034.md	3	KR4h0117_WYG_033-1a
034.md	11	KR4h0117_WYG_033-1b
034.md	19	KR4h0117_WYG_033-2a
034.md	27	KR4h0117_WYG_033-2b
034.md	35	KR4h0117_WYG_033-3a
034.md	43	KR4h0117_WYG_033-3b
034.md	51	KR4h0117_WYG_033-4a
034.md	59	KR4h0117_WYG_033-4b
034.md	67	KR4h0117_WYG_033-5a
034.md	75	KR4h0117_WYG_033-5b
034.md	83	KR4h0117_WYG_033-6a
034.md	91	KR4h0117_WYG_033-6b
034.md	99	KR4h0117_WYG_033-7a
034.md	107	KR4h0117_WYG_033-7b
034.md	115	KR4h0117_WYG_033-8a
034.md	123	KR4h0117_WYG_033-8b
034.md	131	KR4h0117_WYG_033-9a
034.md	139	KR4h0117_WYG_033-9b
034.md	147	KR4h0117_WYG_033-10a
034.md	155	KR4h0117_WYG_033-10b
034.md	163	KR4h0117_WYG_033-11a
034.md	171	KR4h0117_WYG_033-11b
034.md	179	KR4h0117_WYG_033-12a
034.md	187	KR4h0117_WYG_033-12b
034.md	195	KR4h0117_WYG_033-13a
034.md	203	KR4h0117_WYG_033-13b
034.md	211	KR4h0117_WYG_033-14a
034.md	219	KR4h0117_WYG_033-14b
034.md	227	KR4h0117_WYG_033-15a
034.md	235	KR4h0117_WYG_033-15b
034.md	243	KR4h0117_WYG_033-16a
034.md	251	KR4h0117_WYG_033-16b
034.md	259	KR4h0117_WYG_033-17a
034.md	267	KR4h0117_WYG_033-17b
034.md	275	KR4h0117_WYG_033-18a
034.md	283	KR4h0117_WYG_033-18b
034.md	291	KR4h0117_WYG_033-19a
034.md	299	KR4h0117_WYG_033-19b
034.md	307	KR4h0117_WYG_033-20a
034.md	315	KR4h0117_WYG_033-20b
034.md	323	KR4h0117_WYG_033-21a
034.md	331	KR4h0117_WYG_033-21b
034.md	339	KR4h0117_WYG_033-22a
034.md	347	KR4h0117_WYG_033-22b
034.md	355	KR4h0117_WYG_033-23a
034.md	363	KR4h0117_WYG_033-23b
034.md	371	KR4h0117_WYG_033-24a
034.md	379	KR4h0117_WYG_033-24b
034.md	387	KR4h0117_WYG_033-25a
034.md	395	KR4h0117_WYG_033-25b
034.md	403	KR4h0117_WYG_033-26a
034.md	411	KR4h0117_WYG_033-26b
034.md	419	KR4h0117_WYG_033-27a
034.md	427	KR4h0117_WYG_033-27b
035.md	3	KR4h0117_WYG_034-1a
035.md	11	KR4h0117_WYG_034-1b
035.md	19	KR4h0117_WYG_034-2a
035.md	27	KR4h0117_WYG_034-2b
035.md	35	KR4h0117_WYG_034-3a
035.md	43	KR4h0117_WYG_034-3b
035.md	51	KR4h0117_WYG_034-4a
035.md	59	KR4h0117_WYG_034-4b
035.md	67	KR4h0117_WYG_034-5a
035.md	75	KR4h0117_WYG_034-5b
035.md	83	KR4h0117_WYG_034-6a
035.md	91	KR4h0117_WYG_034-6b
035.md	99	KR4h0117_WYG_034-7a
035.md	107	KR4h0117_WYG_034-7b
035.md	115	KR4h0117_WYG_034-8a
035.md	123	KR4h0117_WYG_034-8b
035.md	131	KR4h0117_WYG_034-9a
035.md	139	KR4h0117_WYG_034-9b
035.md	147	KR4h0117_WYG_034-10a
035.md	155	KR4h0117_WYG_034-10b
035.md	163	KR4h0117_WYG_034-11a
035.md	171	KR4h0117_WYG_034-11b
035.md	179	KR4h0117_WYG_034-12a
035.md	187	KR4h0117_WYG_034-12b
035.md	195	KR4h0117_WYG_034-13a
035.md	203	KR4h0117_WYG_034-13b
035.md	211	KR4h0117_WYG_034-14a
035.md	219	KR4h0117_WYG_034-14b
035.md	227	KR4h0117_WYG_034-15a
035.md	235	KR4h0117_WYG_034-15b
035.md	243	KR4h0117_WYG_034-16a
035.md	251	KR4h0117_WYG_034-16b
035.md	259	KR4h0117_WYG_034-17a
035.md	267	KR4h0117_WYG_034-17b
035.md	275	KR4h0117_WYG_034-18a
035.md	283	KR4h0117_WYG_034-18b
035.md	291	KR4h0117_WYG_034-19a
035.md	299	KR4h0117_WYG_034-19b
035.md	307	KR4h0117_WYG_034-20a
035.md	315	KR4h0117_WYG_034-20b
035.md	323	KR4h0117_WYG_034-21a
035.md	331	KR4h0117_WYG_034-21b
035.md	339	KR4h0117_WYG_034-22a
035.md	347	KR4h0117_WYG_034-22b
035.md	355	KR4h0117_WYG_034-23a
035.md	363	KR4h0117_WYG_034-23b
035.md	371	KR4h0117_WYG_034-24a
035.md	379	KR4h0117_WYG_034-24b
035.md	387	KR4h0117_WYG_034-25a
035.md	395	KR4h0117_WYG_034-25b
035.md	403	KR4h0117_WYG_034-26a
035.md	411	KR4h0117_WYG_034-26b
035.md	419	KR4h0117_WYG_034-27a
035.md	427	KR4h0117_WYG_034-27b
035.md	435	KR4h0117_WYG_034-28a
035.md	443	KR4h0117_WYG_034-28b
035.md	451	KR4h0117_WYG_034-29a
035.md	459	KR4h0117_WYG_034-29b
035.md	467	KR4h0117_WYG_034-30a
035.md	475	KR4h0117_WYG_034-30b
036.md	3	KR4h0117_WYG_035-1a
036.md	11	KR4h0117_WYG_035-1b
036.md	19	KR4h0117_WYG_035-2a
036.md	27	KR4h0117_WYG_035-2b
036.md	35	KR4h0117_WYG_035-3a
036.md	43	KR4h0117_WYG_035-3b
036.md	51	KR4h0117_WYG_035-4a
036.md	59	KR4h0117_WYG_035-4b
036.md	67	KR4h0117_WYG_035-5a
036.md	75	KR4h0117_WYG_035-5b
036.md	83	KR4h0117_WYG_035-6a
036.md	91	KR4h0117_WYG_035-6b
036.md	99	KR4h0117_WYG_035-7a
036.md	107	KR4h0117_WYG_035-7b
036.md	115	KR4h0117_WYG_035-8a
036.md	123	KR4h0117_WYG_035-8b
036.md	131	KR4h0117_WYG_035-9a
036.md	139	KR4h0117_WYG_035-9b
036.md	147	KR4h0117_WYG_035-10a
036.md	155	KR4h0117_WYG_035-10b
036.md	163	KR4h0117_WYG_035-11a
036.md	171	KR4h0117_WYG_035-11b
036.md	179	KR4h0117_WYG_035-12a
036.md	187	KR4h0117_WYG_035-12b
036.md	195	KR4h0117_WYG_035-13a
036.md	203	KR4h0117_WYG_035-13b
036.md	211	KR4h0117_WYG_035-14a
036.md	219	KR4h0117_WYG_035-14b
036.md	227	KR4h0117_WYG_035-15a
036.md	235	KR4h0117_WYG_035-15b
036.md	243	KR4h0117_WYG_035-16a
036.md	251	KR4h0117_WYG_035-16b
036.md	259	KR4h0117_WYG_035-17a
036.md	267	KR4h0117_WYG_035-17b
036.md	275	KR4h0117_WYG_035-18a
036.md	283	KR4h0117_WYG_035-18b
036.md	291	KR4h0117_WYG_035-19a
036.md	299	KR4h0117_WYG_035-19b
036.md	307	KR4h0117_WYG_035-20a
036.md	315	KR4h0117_WYG_035-20b
036.md	323	KR4h0117_WYG_035-21a
036.md	331	KR4h0117_WYG_035-21b
036.md	339	KR4h0117_WYG_035-22a
036.md	347	KR4h0117_WYG_035-22b
036.md	355	KR4h0117_WYG_035-23a
036.md	363	KR4h0117_WYG_035-23b
036.md	371	KR4h0117_WYG_035-24a
036.md	379	KR4h0117_WYG_035-24b
036.md	387	KR4h0117_WYG_035-25a
036.md	395	KR4h0117_WYG_035-25b
036.md	403	KR4h0117_WYG_035-26a
036.md	411	KR4h0117_WYG_035-26b
036.md	419	KR4h0117_WYG_035-27a
036.md	427	KR4h0117_WYG_035-27b
036.md	435	KR4h0117_WYG_035-28a
036.md	443	KR4h0117_WYG_035-28b
036.md	451	KR4h0117_WYG_035-29a
036.md	459	KR4h0117_WYG_035-29b
036.md	467	KR4h0117_WYG_035-30a
036.md	475	KR4h0117_WYG_035-30b
036.md	483	KR4h0117_WYG_035-31a
036.md	491	KR4h0117_WYG_035-31b
036.md	499	KR4h0117_WYG_035-32a
036.md	507	KR4h0117_WYG_035-32b
036.md	515	KR4h0117_WYG_035-33a
036.md	523	KR4h0117_WYG_035-33b
036.md	531	KR4h0117_WYG_035-34a
036.md	539	KR4h0117_WYG_035-34b
036.md	547	KR4h0117_WYG_035-35a
036.md	555	KR4h0117_WYG_035-35b
036.md	563	KR4h0117_WYG_035-36a
036.md	571	KR4h0117_WYG_035-36b
036.md	579	KR4h0117_WYG_035-37a
036.md	587	KR4h0117_WYG_035-37b
036.md	595	KR4h0117_WYG_035-38a
036.md	603	KR4h0117_WYG_035-38b
036.md	611	KR4h0117_WYG_035-39a
036.md	619	KR4h0117_WYG_035-39b
036.md	627	KR4h0117_WYG_035-40a
036.md	635	KR4h0117_WYG_035-40b
036.md	643	KR4h0117_WYG_035-41a
036.md	651	KR4h0117_WYG_035-41b
036.md	659	KR4h0117_WYG_035-42a
036.md	667	KR4h0117_WYG_035-42b
036.md	675	KR4h0117_WYG_035-43a
036.md	683	KR4h0117_WYG_035-43b
036.md	691	KR4h0117_WYG_035-44a
036.md	699	KR4h0117_WYG_035-44b
036.md	707	KR4h0117_WYG_035-45a
036.md	715	KR4h0117_WYG_035-45b
036.md	723	KR4h0117_WYG_035-46a
036.md	731	KR4h0117_WYG_035-46b
036.md	739	KR4h0117_WYG_035-47a
036.md	747	KR4h0117_WYG_035-47b
036.md	755	KR4h0117_WYG_035-48a
036.md	763	KR4h0117_WYG_035-48b
036.md	771	KR4h0117_WYG_035-49a
036.md	779	KR4h0117_WYG_035-49b
036.md	787	KR4h0117_WYG_035-50a
036.md	795	KR4h0117_WYG_035-50b
036.md	803	KR4h0117_WYG_035-51a
036.md	811	KR4h0117_WYG_035-51b
036.md	819	KR4h0117_WYG_035-52a
036.md	827	KR4h0117_WYG_035-52b
036.md	835	KR4h0117_WYG_035-53a
036.md	843	KR4h0117_WYG_035-53b
036.md	851	KR4h0117_WYG_035-54a
036.md	859	KR4h0117_WYG_035-54b
036.md	867	KR4h0117_WYG_035-55a
036.md	875	KR4h0117_WYG_035-55b
036.md	883	KR4h0117_WYG_035-56a
036.md	891	KR4h0117_WYG_035-56b
036.md	899	KR4h0117_WYG_035-57a
036.md	907	KR4h0117_WYG_035-57b
036.md	915	KR4h0117_WYG_035-58a
036.md	923	KR4h0117_WYG_035-58b
036.md	931	KR4h0117_WYG_035-59a
036.md	939	KR4h0117_WYG_035-59b
036.md	947	KR4h0117_WYG_035-60a
036.md	955	KR4h0117_WYG_035-60b
036.md	963	KR4h0117_WYG_035-61a
036.md	971	KR4h0117_WYG_035-61b
036.md	979	KR4h0117_WYG_035-62a
036.md	987	KR4h0117_WYG_035-62b
036.md	995	KR4h0117_WYG_035-63a
036.md	1003	KR4h0117_WYG_035-63b
036.md	1011	KR4h0117_WYG_035-64a
036.md	1019	KR4h0117_WYG_035-64b
036.md	1027	KR4h0117_WYG_035-65a
036.md	1035	KR4h0117_WYG_035-65b
036.md	1043	KR4h0117_WYG_035-66a
036.md	1051	KR4h0117_WYG_035-66b
037.md	3	KR4h0117_WYG_036-1a
037.md	11	KR4h0117_WYG_036-1b
037.md	19	KR4h0117_WYG_036-2a
037.md	27	KR4h0117_WYG_036-2b
037.md	35	KR4h0117_WYG_036-3a
037.md	43	KR4h0117_WYG_036-3b
037.md	51	KR4h0117_WYG_036-4a
037.md	59	KR4h0117_WYG_036-4b
037.md	67	KR4h0117_WYG_036-5a
037.md	75	KR4h0117_WYG_036-5b
037.md	83	KR4h0117_WYG_036-6a
037.md	91	KR4h0117_WYG_036-6b
037.md	99	KR4h0117_WYG_036-7a
037.md	107	KR4h0117_WYG_036-7b
037.md	115	KR4h0117_WYG_036-8a
037.md	123	KR4h0117_WYG_036-8b
037.md	131	KR4h0117_WYG_036-9a
037.md	139	KR4h0117_WYG_036-9b
038.md	3	KR4h0117_WYG_037-1a
038.md	11	KR4h0117_WYG_037-1b
038.md	19	KR4h0117_WYG_037-2a
038.md	27	KR4h0117_WYG_037-2b
038.md	35	KR4h0117_WYG_037-3a
038.md	43	KR4h0117_WYG_037-3b
038.md	51	KR4h0117_WYG_037-4a
038.md	59	KR4h0117_WYG_037-4b
038.md	67	KR4h0117_WYG_037-5a
038.md	75	KR4h0117_WYG_037-5b
038.md	83	KR4h0117_WYG_037-6a
038.md	91	KR4h0117_WYG_037-6b
038.md	99	KR4h0117_WYG_037-7a
038.md	107	KR4h0117_WYG_037-7b
038.md	115	KR4h0117_WYG_037-8a
038.md	123	KR4h0117_WYG_037-8b
038.md	131	KR4h0117_WYG_037-9a
038.md	139	KR4h0117_WYG_037-9b
038.md	147	KR4h0117_WYG_037-10a
038.md	155	KR4h0117_WYG_037-10b
038.md	163	KR4h0117_WYG_037-11a
038.md	171	KR4h0117_WYG_037-11b
038.md	179	KR4h0117_WYG_037-12a
038.md	187	KR4h0117_WYG_037-12b
038.md	195	KR4h0117_WYG_037-13a
038.md	203	KR4h0117_WYG_037-13b
038.md	211	KR4h0117_WYG_037-14a
038.md	219	KR4h0117_WYG_037-14b
038.md	227	KR4h0117_WYG_037-15a
038.md	235	KR4h0117_WYG_037-15b
038.md	243	KR4h0117_WYG_037-16a
038.md	251	KR4h0117_WYG_037-16b
038.md	259	KR4h0117_WYG_037-17a
038.md	267	KR4h0117_WYG_037-17b
038.md	275	KR4h0117_WYG_037-18a
038.md	283	KR4h0117_WYG_037-18b
038.md	291	KR4h0117_WYG_037-19a
038.md	299	KR4h0117_WYG_037-19b
038.md	307	KR4h0117_WYG_037-20a
038.md	315	KR4h0117_WYG_037-20b
038.md	323	KR4h0117_WYG_037-21a
038.md	331	KR4h0117_WYG_037-21b
038.md	339	KR4h0117_WYG_037-22a
038.md	347	KR4h0117_WYG_037-22b
038.md	355	KR4h0117_WYG_037-23a
038.md	363	KR4h0117_WYG_037-23b
038.md	371	KR4h0117_WYG_037-24a
038.md	379	KR4h0117_WYG_037-24b
038.md	387	KR4h0117_WYG_037-25a
038.md	395	KR4h0117_WYG_037-25b
038.md	403	KR4h0117_WYG_037-26a
038.md	411	KR4h0117_WYG_037-26b
038.md	419	KR4h0117_WYG_037-27a
038.md	427	KR4h0117_WYG_037-27b
038.md	435	KR4h0117_WYG_037-28a
038.md	443	KR4h0117_WYG_037-28b
038.md	451	KR4h0117_WYG_037-29a
038.md	459	KR4h0117_WYG_037-29b
038.md	467	KR4h0117_WYG_037-30a
038.md	475	KR4h0117_WYG_037-30b
038.md	483	KR4h0117_WYG_037-31a
038.md	491	KR4h0117_WYG_037-31b
038.md	499	KR4h0117_WYG_037-32a
038.md	507	KR4h0117_WYG_037-32b
038.md	515	KR4h0117_WYG_037-33a
038.md	523	KR4h0117_WYG_037-33b
038.md	531	KR4h0117_WYG_037-34a
038.md	539	KR4h0117_WYG_037-34b
038.md	547	KR4h0117_WYG_037-35a
038.md	555	KR4h0117_WYG_037-35b
038.md	563	KR4h0117_WYG_037-36a
038.md	571	KR4h0117_WYG_037-36b
038.md	579	KR4h0117_WYG_037-37a
038.md	587	KR4h0117_WYG_037-37b
038.md	595	KR4h0117_WYG_037-38a
038.md	603	KR4h0117_WYG_037-38b
038.md	611	KR4h0117_WYG_037-39a
038.md	619	KR4h0117_WYG_037-39b
038.md	627	KR4h0117_WYG_037-40a
038.md	635	KR4h0117_WYG_037-40b
038.md	643	KR4h0117_WYG_037-41a
038.md	651	KR4h0117_WYG_037-41b
038.md	659	KR4h0117_WYG_037-42a
038.md	667	KR4h0117_WYG_037-42b
038.md	675	KR4h0117_WYG_037-43a
038.md	683	KR4h0117_WYG_037-43b
038.md	691	KR4h0117_WYG_037-44a
038.md	699	KR4h0117_WYG_037-44b
038.md	707	KR4h0117_WYG_037-45a
038.md	715	KR4h0117_WYG_037-45b
038.md	723	KR4h0117_WYG_037-46a
038.md	731	KR4h0117_WYG_037-46b
038.md	739	KR4h0117_WYG_037-47a
038.md	747	KR4h0117_WYG_037-47b
038.md	755	KR4h0117_WYG_037-48a
038.md	763	KR4h0117_WYG_037-48b
038.md	771	KR4h0117_WYG_037-49a
038.md	779	KR4h0117_WYG_037-49b
038.md	787	KR4h0117_WYG_037-50a
038.md	795	KR4h0117_WYG_037-50b
038.md	803	KR4h0117_WYG_037-51a
038.md	811	KR4h0117_WYG_037-51b
038.md	819	KR4h0117_WYG_037-52a
038.md	827	KR4h0117_WYG_037-52b
038.md	835	KR4h0117_WYG_037-53a
038.md	843	KR4h0117_WYG_037-53b
038.md	851	KR4h0117_WYG_037-54a
038.md	859	KR4h0117_WYG_037-54b
038.md	867	KR4h0117_WYG_037-55a
038.md	875	KR4h0117_WYG_037-55b
038.md	883	KR4h0117_WYG_037-56a
038.md	891	KR4h0117_WYG_037-56b
039.md	3	KR4h0117_WYG_038-1a
039.md	11	KR4h0117_WYG_038-1b
039.md	19	KR4h0117_WYG_038-2a
039.md	27	KR4h0117_WYG_038-2b
039.md	35	KR4h0117_WYG_038-3a
039.md	43	KR4h0117_WYG_038-3b
039.md	51	KR4h0117_WYG_038-4a
039.md	59	KR4h0117_WYG_038-4b
039.md	67	KR4h0117_WYG_038-5a
039.md	75	KR4h0117_WYG_038-5b
039.md	83	KR4h0117_WYG_038-6a
039.md	91	KR4h0117_WYG_038-6b
039.md	99	KR4h0117_WYG_038-7a
039.md	107	KR4h0117_WYG_038-7b
039.md	115	KR4h0117_WYG_038-8a
039.md	123	KR4h0117_WYG_038-8b
039.md	131	KR4h0117_WYG_038-9a
039.md	139	KR4h0117_WYG_038-9b
039.md	147	KR4h0117_WYG_038-10a
039.md	155	KR4h0117_WYG_038-10b
039.md	163	KR4h0117_WYG_038-11a
039.md	171	KR4h0117_WYG_038-11b
039.md	179	KR4h0117_WYG_038-12a
039.md	187	KR4h0117_WYG_038-12b
039.md	195	KR4h0117_WYG_038-13a
039.md	203	KR4h0117_WYG_038-13b
039.md	211	KR4h0117_WYG_038-14a
039.md	219	KR4h0117_WYG_038-14b
039.md	227	KR4h0117_WYG_038-15a
039.md	235	KR4h0117_WYG_038-15b
039.md	243	KR4h0117_WYG_038-16a
039.md	251	KR4h0117_WYG_038-16b
039.md	259	KR4h0117_WYG_038-17a
039.md	267	KR4h0117_WYG_038-17b
039.md	275	KR4h0117_WYG_038-18a
039.md	283	KR4h0117_WYG_038-18b
039.md	291	KR4h0117_WYG_038-19a
039.md	299	KR4h0117_WYG_038-19b
039.md	307	KR4h0117_WYG_038-20a
039.md	315	KR4h0117_WYG_038-20b
039.md	323	KR4h0117_WYG_038-21a
039.md	331	KR4h0117_WYG_038-21b
039.md	339	KR4h0117_WYG_038-22a
039.md	347	KR4h0117_WYG_038-22b
039.md	355	KR4h0117_WYG_038-23a
039.md	363	KR4h0117_WYG_038-23b
039.md	371	KR4h0117_WYG_038-24a
039.md	379	KR4h0117_WYG_038-24b
039.md	387	KR4h0117_WYG_038-25a
039.md	395	KR4h0117_WYG_038-25b
039.md	403	KR4h0117_WYG_038-26a
039.md	411	KR4h0117_WYG_038-26b
039.md	419	KR4h0117_WYG_038-27a
039.md	427	KR4h0117_WYG_038-27b
039.md	435	KR4h0117_WYG_038-28a
039.md	443	KR4h0117_WYG_038-28b
039.md	451	KR4h0117_WYG_038-29a
039.md	459	KR4h0117_WYG_038-29b
039.md	467	KR4h0117_WYG_038-30a
039.md	475	KR4h0117_WYG_038-30b
039.md	483	KR4h0117_WYG_038-31a
039.md	491	KR4h0117_WYG_038-31b
039.md	499	KR4h0117_WYG_038-32a
039.md	507	KR4h0117_WYG_038-32b
039.md	515	KR4h0117_WYG_038-33a
039.md	523	KR4h0117_WYG_038-33b
040.md	3	KR4h0117_WYG_039-1a
040.md	11	KR4h0117_WYG_039-1b
040.md	19	KR4h0117_WYG_039-2a
040.md	27	KR4h0117_WYG_039-2b
040.md	35	KR4h0117_WYG_039-3a
040.md	43	KR4h0117_WYG_039-3b
040.md	51	KR4h0117_WYG_039-4a
040.md	59	KR4h0117_WYG_039-4b
040.md	67	KR4h0117_WYG_039-5a
040.md	75	KR4h0117_WYG_039-5b
040.md	83	KR4h0117_WYG_039-6a
040.md	91	KR4h0117_WYG_039-6b
040.md	99	KR4h0117_WYG_039-7a
040.md	107	KR4h0117_WYG_039-7b
040.md	115	KR4h0117_WYG_039-8a
040.md	123	KR4h0117_WYG_039-8b
040.md	131	KR4h0117_WYG_039-9a
040.md	139	KR4h0117_WYG_039-9b
040.md	147	KR4h0117_WYG_039-10a
040.md	155	KR4h0117_WYG_039-10b
040.md	163	KR4h0117_WYG_039-11a
040.md	171	KR4h0117_WYG_039-11b
040.md	179	KR4h0117_WYG_039-12a
040.md	187	KR4h0117_WYG_039-12b
040.md	195	KR4h0117_WYG_039-13a
040.md	203	KR4h0117_WYG_039-13b
040.md	211	KR4h0117_WYG_039-14a
040.md	219	KR4h0117_WYG_039-14b
040.md	227	KR4h0117_WYG_039-15a
040.md	235	KR4h0117_WYG_039-15b
040.md	243	KR4h0117_WYG_039-16a
040.md	251	KR4h0117_WYG_039-16b
040.md	259	KR4h0117_WYG_039-17a
040.md	267	KR4h0117_WYG_039-17b
040.md	275	KR4h0117_WYG_039-18a
040.md	283	KR4h0117_WYG_039-18b
040.md	291	KR4h0117_WYG_039-19a
040.md	299	KR4h0117_WYG_039-19b
040.md	307	KR4h0117_WYG_039-20a
040.md	315	KR4h0117_WYG_039-20b
040.md	323	KR4h0117_WYG_039-21a
040.md	331	KR4h0117_WYG_039-21b
040.md	339	KR4h0117_WYG_039-22a
040.md	347	KR4h0117_WYG_039-22b
040.md	355	KR4h0117_WYG_039-23a
040.md	363	KR4h0117_WYG_039-23b
040.md	371	KR4h0117_WYG_039-24a
040.md	379	KR4h0117_WYG_039-24b
041.md	3	KR4h0117_WYG_040-1a
041.md	11	KR4h0117_WYG_040-1b
041.md	19	KR4h0117_WYG_040-2a
041.md	27	KR4h0117_WYG_040-2b
041.md	35	KR4h0117_WYG_040-3a
041.md	43	KR4h0117_WYG_040-3b
041.md	51	KR4h0117_WYG_040-4a
041.md	59	KR4h0117_WYG_040-4b
041.md	67	KR4h0117_WYG_040-5a
041.md	75	KR4h0117_WYG_040-5b
041.md	83	KR4h0117_WYG_040-6a
041.md	91	KR4h0117_WYG_040-6b
041.md	99	KR4h0117_WYG_040-7a
041.md	107	KR4h0117_WYG_040-7b
041.md	115	KR4h0117_WYG_040-8a
041.md	123	KR4h0117_WYG_040-8b
041.md	131	KR4h0117_WYG_040-9a
041.md	139	KR4h0117_WYG_040-9b
041.md	147	KR4h0117_WYG_040-10a
041.md	155	KR4h0117_WYG_040-10b
041.md	163	KR4h0117_WYG_040-11a
041.md	171	KR4h0117_WYG_040-11b
041.md	179	KR4h0117_WYG_040-12a
041.md	187	KR4h0117_WYG_040-12b
041.md	195	KR4h0117_WYG_040-13a
041.md	203	KR4h0117_WYG_040-13b
041.md	211	KR4h0117_WYG_040-14a
041.md	219	KR4h0117_WYG_040-14b
041.md	227	KR4h0117_WYG_040-15a
041.md	235	KR4h0117_WYG_040-15b
041.md	243	KR4h0117_WYG_040-16a
041.md	251	KR4h0117_WYG_040-16b
041.md	259	KR4h0117_WYG_040-17a
041.md	267	KR4h0117_WYG_040-17b
041.md	275	KR4h0117_WYG_040-18a
041.md	283	KR4h0117_WYG_040-18b
041.md	291	KR4h0117_WYG_040-19a
041.md	299	KR4h0117_WYG_040-19b
041.md	307	KR4h0117_WYG_040-20a
041.md	315	KR4h0117_WYG_040-20b
041.md	323	KR4h0117_WYG_040-21a
041.md	331	KR4h0117_WYG_040-21b
041.md	339	KR4h0117_WYG_040-22a
041.md	347	KR4h0117_WYG_040-22b
041.md	355	KR4h0117_WYG_040-23a
041.md	363	KR4h0117_WYG_040-23b
041.md	371	KR4h0117_WYG_040-24a
041.md	379	KR4h0117_WYG_040-24b
041.md	387	KR4h0117_WYG_040-25a
041.md	395	KR4h0117_WYG_040-25b
041.md	403	KR4h0117_WYG_040-26a
041.md	411	KR4h0117_WYG_040-26b
041.md	419	KR4h0117_WYG_040-27a
041.md	427	KR4h0117_WYG_040-27b
041.md	435	KR4h0117_WYG_040-28a
041.md	443	KR4h0117_WYG_040-28b
041.md	451	KR4h0117_WYG_040-29a
041.md	459	KR4h0117_WYG_040-29b
041.md	467	KR4h0117_WYG_040-30a
041.md	475	KR4h0117_WYG_040-30b
041.md	483	KR4h0117_WYG_040-31a
041.md	491	KR4h0117_WYG_040-31b
041.md	499	KR4h0117_WYG_040-32a
041.md	507	KR4h0117_WYG_040-32b
041.md	515	KR4h0117_WYG_040-33a
041.md	523	KR4h0117_WYG_040-33b
041.md	531	KR4h0117_WYG_040-34a
041.md	539	KR4h0117_WYG_040-34b
041.md	547	KR4h0117_WYG_040-35a
041.md	555	KR4h0117_WYG_040-35b
041.md	563	KR4h0117_WYG_040-36a
041.md	571	KR4h0117_WYG_040-36b
041.md	579	KR4h0117_WYG_040-37a
041.md	587	KR4h0117_WYG_040-37b
041.md	595	KR4h0117_WYG_040-38a
041.md	603	KR4h0117_WYG_040-38b
041.md	611	KR4h0117_WYG_040-39a
041.md	619	KR4h0117_WYG_040-39b
041.md	627	KR4h0117_WYG_040-40a
041.md	635	KR4h0117_WYG_040-40b
041.md	643	KR4h0117_WYG_040-41a
041.md	651	KR4h0117_WYG_040-41b
041.md	659	KR4h0117_WYG_040-42a
041.md	667	KR4h0117_WYG_040-42b
041.md	675	KR4h0117_WYG_040-43a
041.md	683	KR4h0117_WYG_040-43b
041.md	691	KR4h0117_WYG_040-44a
041.md	699	KR4h0117_WYG_040-44b
041.md	707	KR4h0117_WYG_040-45a
041.md	715	KR4h0117_WYG_040-45b
042.md	3	KR4h0117_WYG_041-1a
042.md	11	KR4h0117_WYG_041-1b
042.md	19	KR4h0117_WYG_041-2a
042.md	27	KR4h0117_WYG_041-2b
042.md	35	KR4h0117_WYG_041-3a
042.md	43	KR4h0117_WYG_041-3b
042.md	51	KR4h0117_WYG_041-4a
042.md	59	KR4h0117_WYG_041-4b
042.md	67	KR4h0117_WYG_041-5a
042.md	75	KR4h0117_WYG_041-5b
042.md	83	KR4h0117_WYG_041-6a
042.md	91	KR4h0117_WYG_041-6b
042.md	99	KR4h0117_WYG_041-7a
042.md	107	KR4h0117_WYG_041-7b
042.md	115	KR4h0117_WYG_041-8a
042.md	123	KR4h0117_WYG_041-8b
042.md	131	KR4h0117_WYG_041-9a
042.md	139	KR4h0117_WYG_041-9b
042.md	147	KR4h0117_WYG_041-10a
042.md	155	KR4h0117_WYG_041-10b
042.md	163	KR4h0117_WYG_041-11a
042.md	171	KR4h0117_WYG_041-11b
042.md	179	KR4h0117_WYG_041-12a
042.md	187	KR4h0117_WYG_041-12b
042.md	195	KR4h0117_WYG_041-13a
042.md	203	KR4h0117_WYG_041-13b
042.md	211	KR4h0117_WYG_041-14a
042.md	219	KR4h0117_WYG_041-14b
042.md	227	KR4h0117_WYG_041-15a
042.md	235	KR4h0117_WYG_041-15b
042.md	243	KR4h0117_WYG_041-16a
042.md	251	KR4h0117_WYG_041-16b
042.md	259	KR4h0117_WYG_041-17a
042.md	267	KR4h0117_WYG_041-17b
042.md	275	KR4h0117_WYG_041-18a
042.md	283	KR4h0117_WYG_041-18b
042.md	291	KR4h0117_WYG_041-19a
042.md	299	KR4h0117_WYG_041-19b
042.md	307	KR4h0117_WYG_041-20a
042.md	315	KR4h0117_WYG_041-20b
043.md	3	KR4h0117_WYG_042-1a
043.md	11	KR4h0117_WYG_042-1b
043.md	19	KR4h0117_WYG_042-2a
043.md	27	KR4h0117_WYG_042-2b
043.md	35	KR4h0117_WYG_042-3a
043.md	43	KR4h0117_WYG_042-3b
043.md	51	KR4h0117_WYG_042-4a
043.md	59	KR4h0117_WYG_042-4b
043.md	67	KR4h0117_WYG_042-5a
043.md	75	KR4h0117_WYG_042-5b
043.md	83	KR4h0117_WYG_042-6a
043.md	91	KR4h0117_WYG_042-6b
043.md	99	KR4h0117_WYG_042-7a
043.md	107	KR4h0117_WYG_042-7b
043.md	115	KR4h0117_WYG_042-8a
043.md	123	KR4h0117_WYG_042-8b
043.md	131	KR4h0117_WYG_042-9a
043.md	139	KR4h0117_WYG_042-9b
043.md	147	KR4h0117_WYG_042-10a
043.md	155	KR4h0117_WYG_042-10b
043.md	163	KR4h0117_WYG_042-11a
043.md	171	KR4h0117_WYG_042-11b
043.md	179	KR4h0117_WYG_042-12a
043.md	187	KR4h0117_WYG_042-12b
043.md	195	KR4h0117_WYG_042-13a
043.md	203	KR4h0117_WYG_042-13b
043.md	211	KR4h0117_WYG_042-14a
043.md	219	KR4h0117_WYG_042-14b
043.md	227	KR4h0117_WYG_042-15a
043.md	235	KR4h0117_WYG_042-15b
043.md	243	KR4h0117_WYG_042-16a
043.md	251	KR4h0117_WYG_042-16b
043.md	259	KR4h0117_WYG_042-17a
043.md	267	KR4h0117_WYG_042-17b
043.md	275	KR4h0117_WYG_042-18a
043.md	283	KR4h0117_WYG_042-18b
044.md	3	KR4h0117_WYG_043-1a
044.md	11	KR4h0117_WYG_043-1b
044.md	19	KR4h0117_WYG_043-2a
044.md	27	KR4h0117_WYG_043-2b
044.md	35	KR4h0117_WYG_043-3a
044.md	43	KR4h0117_WYG_043-3b
044.md	51	KR4h0117_WYG_043-4a
044.md	59	KR4h0117_WYG_043-4b
044.md	67	KR4h0117_WYG_043-5a
044.md	75	KR4h0117_WYG_043-5b
044.md	83	KR4h0117_WYG_043-6a
044.md	91	KR4h0117_WYG_043-6b
044.md	99	KR4h0117_WYG_043-7a
044.md	107	KR4h0117_WYG_043-7b
044.md	115	KR4h0117_WYG_043-8a
044.md	123	KR4h0117_WYG_043-8b
044.md	131	KR4h0117_WYG_043-9a
044.md	139	KR4h0117_WYG_043-9b
044.md	147	KR4h0117_WYG_043-10a
044.md	155	KR4h0117_WYG_043-10b
044.md	163	KR4h0117_WYG_043-11a
044.md	171	KR4h0117_WYG_043-11b
044.md	179	KR4h0117_WYG_043-12a
044.md	187	KR4h0117_WYG_043-12b
044.md	195	KR4h0117_WYG_043-13a
044.md	203	KR4h0117_WYG_043-13b
044.md	211	KR4h0117_WYG_043-14a
044.md	219	KR4h0117_WYG_043-14b
044.md	227	KR4h0117_WYG_043-15a
044.md	235	KR4h0117_WYG_043-15b
044.md	243	KR4h0117_WYG_043-16a
044.md	251	KR4h0117_WYG_043-16b
044.md	259	KR4h0117_WYG_043-17a
044.md	267	KR4h0117_WYG_043-17b
044.md	275	KR4h0117_WYG_043-18a
044.md	283	KR4h0117_WYG_043-18b
044.md	291	KR4h0117_WYG_043-19a
044.md	299	KR4h0117_WYG_043-19b
044.md	307	KR4h0117_WYG_043-20a
044.md	315	KR4h0117_WYG_043-20b
044.md	323	KR4h0117_WYG_043-21a
044.md	331	KR4h0117_WYG_043-21b
044.md	339	KR4h0117_WYG_043-22a
044.md	347	KR4h0117_WYG_043-22b
044.md	355	KR4h0117_WYG_043-23a
044.md	363	KR4h0117_WYG_043-23b
045.md	3	KR4h0117_WYG_044-1a
045.md	11	KR4h0117_WYG_044-1b
045.md	19	KR4h0117_WYG_044-2a
045.md	27	KR4h0117_WYG_044-2b
045.md	35	KR4h0117_WYG_044-3a
045.md	43	KR4h0117_WYG_044-3b
045.md	51	KR4h0117_WYG_044-4a
045.md	59	KR4h0117_WYG_044-4b
045.md	67	KR4h0117_WYG_044-5a
045.md	75	KR4h0117_WYG_044-5b
045.md	83	KR4h0117_WYG_044-6a
045.md	91	KR4h0117_WYG_044-6b
045.md	99	KR4h0117_WYG_044-7a
045.md	107	KR4h0117_WYG_044-7b
045.md	115	KR4h0117_WYG_044-8a
045.md	123	KR4h0117_WYG_044-8b
045.md	131	KR4h0117_WYG_044-9a
045.md	139	KR4h0117_WYG_044-9b
045.md	147	KR4h0117_WYG_044-10a
045.md	155	KR4h0117_WYG_044-10b
045.md	163	KR4h0117_WYG_044-11a
045.md	171	KR4h0117_WYG_044-11b
045.md	179	KR4h0117_WYG_044-12a
045.md	187	KR4h0117_WYG_044-12b
045.md	195	KR4h0117_WYG_044-13a
045.md	203	KR4h0117_WYG_044-13b
045.md	211	KR4h0117_WYG_044-14a
045.md	219	KR4h0117_WYG_044-14b
045.md	227	KR4h0117_WYG_044-15a
045.md	235	KR4h0117_WYG_044-15b
045.md	243	KR4h0117_WYG_044-16a
045.md	251	KR4h0117_WYG_044-16b
045.md	259	KR4h0117_WYG_044-17a
045.md	267	KR4h0117_WYG_044-17b
045.md	275	KR4h0117_WYG_044-18a
045.md	283	KR4h0117_WYG_044-18b
045.md	291	KR4h0117_WYG_044-19a
045.md	299	KR4h0117_WYG_044-19b
045.md	307	KR4h0117_WYG_044-20a
045.md	315	KR4h0117_WYG_044-20b
045.md	323	KR4h0117_WYG_044-21a
045.md	331	KR4h0117_WYG_044-21b
045.md	339	KR4h0117_WYG_044-22a
045.md	347	KR4h0117_WYG_044-22b
045.md	355	KR4h0117_WYG_044-23a
045.md	363	KR4h0117_WYG_044-23b
045.md	371	KR4h0117_WYG_044-24a
045.md	379	KR4h0117_WYG_044-24b
045.md	387	KR4h0117_WYG_044-25a
045.md	395	KR4h0117_WYG_044-25b
045.md	403	KR4h0117_WYG_044-26a
045.md	411	KR4h0117_WYG_044-26b
045.md	419	KR4h0117_WYG_044-27a
045.md	427	KR4h0117_WYG_044-27b
045.md	435	KR4h0117_WYG_044-28a
045.md	443	KR4h0117_WYG_044-28b
045.md	451	KR4h0117_WYG_044-29a
045.md	459	KR4h0117_WYG_044-29b
045.md	467	KR4h0117_WYG_044-30a
045.md	475	KR4h0117_WYG_044-30b
045.md	483	KR4h0117_WYG_044-31a
045.md	491	KR4h0117_WYG_044-31b
045.md	499	KR4h0117_WYG_044-32a
045.md	507	KR4h0117_WYG_044-32b
045.md	515	KR4h0117_WYG_044-33a
045.md	523	KR4h0117_WYG_044-33b
045.md	531	KR4h0117_WYG_044-34a
045.md	539	KR4h0117_WYG_044-34b
045.md	547	KR4h0117_WYG_044-35a
045.md	555	KR4h0117_WYG_044-35b
045.md	563	KR4h0117_WYG_044-36a
045.md	571	KR4h0117_WYG_044-36b
045.md	579	KR4h0117_WYG_044-37a
045.md	587	KR4h0117_WYG_044-37b
045.md	595	KR4h0117_WYG_044-38a
045.md	603	KR4h0117_WYG_044-38b
045.md	611	KR4h0117_WYG_044-39a
045.md	619	KR4h0117_WYG_044-39b
045.md	627	KR4h0117_WYG_044-40a
045.md	635	KR4h0117_WYG_044-40b
045.md	643	KR4h0117_WYG_044-41a
045.md	651	KR4h0117_WYG_044-41b
045.md	659	KR4h0117_WYG_044-42a
045.md	667	KR4h0117_WYG_044-42b
045.md	675	KR4h0117_WYG_044-43a
045.md	683	KR4h0117_WYG_044-43b
045.md	691	KR4h0117_WYG_044-44a
045.md	699	KR4h0117_WYG_044-44b
045.md	707	KR4h0117_WYG_044-45a
045.md	715	KR4h0117_WYG_044-45b
045.md	723	KR4h0117_WYG_044-46a
045.md	731	KR4h0117_WYG_044-46b
045.md	739	KR4h0117_WYG_044-47a
045.md	747	KR4h0117_WYG_044-47b
045.md	755	KR4h0117_WYG_044-48a
045.md	763	KR4h0117_WYG_044-48b
045.md	771	KR4h0117_WYG_044-49a
045.md	779	KR4h0117_WYG_044-49b
045.md	787	KR4h0117_WYG_044-50a
045.md	795	KR4h0117_WYG_044-50b
045.md	803	KR4h0117_WYG_044-51a
045.md	811	KR4h0117_WYG_044-51b
045.md	819	KR4h0117_WYG_044-52a
045.md	827	KR4h0117_WYG_044-52b
045.md	835	KR4h0117_WYG_044-53a
045.md	843	KR4h0117_WYG_044-53b
045.md	851	KR4h0117_WYG_044-54a
045.md	859	KR4h0117_WYG_044-54b
045.md	867	KR4h0117_WYG_044-55a
045.md	875	KR4h0117_WYG_044-55b
045.md	883	KR4h0117_WYG_044-56a
045.md	891	KR4h0117_WYG_044-56b
045.md	899	KR4h0117_WYG_044-57a
045.md	907	KR4h0117_WYG_044-57b
045.md	915	KR4h0117_WYG_044-58a
045.md	923	KR4h0117_WYG_044-58b
045.md	931	KR4h0117_WYG_044-59a
045.md	939	KR4h0117_WYG_044-59b
045.md	947	KR4h0117_WYG_044-60a
045.md	955	KR4h0117_WYG_044-60b
045.md	963	KR4h0117_WYG_044-61a
045.md	971	KR4h0117_WYG_044-61b
045.md	979	KR4h0117_WYG_044-62a
045.md	987	KR4h0117_WYG_044-62b
045.md	995	KR4h0117_WYG_044-63a
045.md	1003	KR4h0117_WYG_044-63b
045.md	1011	KR4h0117_WYG_044-64a
045.md	1019	KR4h0117_WYG_044-64b
045.md	1027	KR4h0117_WYG_044-65a
045.md	1035	KR4h0117_WYG_044-65b
045.md	1043	KR4h0117_WYG_044-66a
045.md	1051	KR4h0117_WYG_044-66b
045.md	1059	KR4h0117_WYG_044-67a
045.md	1067	KR4h0117_WYG_044-67b
045.md	1075	KR4h0117_WYG_044-68a
045.md	1083	KR4h0117_WYG_044-68b
045.md	1091	KR4h0117_WYG_044-69a
045.md	1099	KR4h0117_WYG_044-69b
045.md	1107	KR4h0117_WYG_044-70a
045.md	1115	KR4h0117_WYG_044-70b
045.md	1123	KR4h0117_WYG_044-71a
045.md	1131	KR4h0117_WYG_044-71b
045.md	1139	KR4h0117_WYG_044-72a
045.md	1147	KR4h0117_WYG_044-72b
045.md	1155	KR4h0117_WYG_044-73a
045.md	1163	KR4h0117_WYG_044-73b
045.md	1171	KR4h0117_WYG_044-74a
045.md	1179	KR4h0117_WYG_044-74b
045.md	1187	KR4h0117_WYG_044-75a
045.md	1195	KR4h0117_WYG_044-75b
045.md	1203	KR4h0117_WYG_044-76a
045.md	1211	KR4h0117_WYG_044-76b
045.md	1219	KR4h0117_WYG_044-77a
045.md	1227	KR4h0117_WYG_044-77b
046.md	3	KR4h0117_WYG_044-78a
046.md	11	KR4h0117_WYG_044-78b
046.md	19	KR4h0117_WYG_044-79a
046.md	27	KR4h0117_WYG_044-79b
046.md	35	KR4h0117_WYG_044-80a
046.md	43	KR4h0117_WYG_044-80b
046.md	51	KR4h0117_WYG_044-81a
046.md	59	KR4h0117_WYG_044-81b
046.md	67	KR4h0117_WYG_044-82a
046.md	75	KR4h0117_WYG_044-82b
046.md	83	KR4h0117_WYG_044-83a
046.md	91	KR4h0117_WYG_044-83b
046.md	99	KR4h0117_WYG_044-84a
046.md	107	KR4h0117_WYG_044-84b
046.md	115	KR4h0117_WYG_044-85a
046.md	123	KR4h0117_WYG_044-85b
046.md	131	KR4h0117_WYG_044-86a
046.md	139	KR4h0117_WYG_044-86b
046.md	147	KR4h0117_WYG_044-87a
046.md	155	KR4h0117_WYG_044-87b
046.md	163	KR4h0117_WYG_044-88a
046.md	171	KR4h0117_WYG_044-88b
046.md	179	KR4h0117_WYG_044-89a
046.md	187	KR4h0117_WYG_044-89b
046.md	195	KR4h0117_WYG_044-90a
046.md	203	KR4h0117_WYG_044-90b
046.md	211	KR4h0117_WYG_044-91a
046.md	219	KR4h0117_WYG_044-91b
046.md	227	KR4h0117_WYG_044-92a
046.md	235	KR4h0117_WYG_044-92b
046.md	243	KR4h0117_WYG_044-93a
046.md	251	KR4h0117_WYG_044-93b
046.md	259	KR4h0117_WYG_044-94a
046.md	267	KR4h0117_WYG_044-94b
046.md	275	KR4h0117_WYG_044-95a
046.md	283	KR4h0117_WYG_044-95b
046.md	291	KR4h0117_WYG_044-96a
046.md	299	KR4h0117_WYG_044-96b
046.md	307	KR4h0117_WYG_044-97a
046.md	315	KR4h0117_WYG_044-97b
046.md	323	KR4h0117_WYG_044-98a
046.md	331	KR4h0117_WYG_044-98b
046.md	339	KR4h0117_WYG_044-99a
046.md	347	KR4h0117_WYG_044-99b
046.md	355	KR4h0117_WYG_044-100a
046.md	363	KR4h0117_WYG_044-100b
046.md	371	KR4h0117_WYG_044-101a
046.md	379	KR4h0117_WYG_044-101b
046.md	387	KR4h0117_WYG_044-102a
046.md	395	KR4h0117_WYG_044-102b
046.md	403	KR4h0117_WYG_044-103a
046.md	411	KR4h0117_WYG_044-103b
046.md	419	KR4h0117_WYG_044-104a
046.md	427	KR4h0117_WYG_044-104b
046.md	435	KR4h0117_WYG_044-105a
046.md	443	KR4h0117_WYG_044-105b
046.md	451	KR4h0117_WYG_044-106a
046.md	459	KR4h0117_WYG_044-106b
046.md	467	KR4h0117_WYG_044-107a
046.md	475	KR4h0117_WYG_044-107b
046.md	483	KR4h0117_WYG_044-108a
046.md	491	KR4h0117_WYG_044-108b
046.md	499	KR4h0117_WYG_044-109a
046.md	507	KR4h0117_WYG_044-109b
046.md	515	KR4h0117_WYG_044-110a
046.md	523	KR4h0117_WYG_044-110b
046.md	531	KR4h0117_WYG_044-111a
046.md	539	KR4h0117_WYG_044-111b
046.md	547	KR4h0117_WYG_044-112a
046.md	555	KR4h0117_WYG_044-112b
046.md	563	KR4h0117_WYG_044-113a
046.md	571	KR4h0117_WYG_044-113b
046.md	579	KR4h0117_WYG_044-114a
046.md	587	KR4h0117_WYG_044-114b
047.md	3	KR4h0117_WYG_045-1a
047.md	11	KR4h0117_WYG_045-1b
047.md	19	KR4h0117_WYG_045-2a
047.md	27	KR4h0117_WYG_045-2b
047.md	35	KR4h0117_WYG_045-3a
047.md	43	KR4h0117_WYG_045-3b
047.md	51	KR4h0117_WYG_045-4a
047.md	59	KR4h0117_WYG_045-4b
047.md	67	KR4h0117_WYG_045-5a
047.md	75	KR4h0117_WYG_045-5b
047.md	83	KR4h0117_WYG_045-6a
047.md	91	KR4h0117_WYG_045-6b
047.md	99	KR4h0117_WYG_045-7a
047.md	107	KR4h0117_WYG_045-7b
047.md	115	KR4h0117_WYG_045-8a
047.md	123	KR4h0117_WYG_045-8b
047.md	131	KR4h0117_WYG_045-9a
047.md	139	KR4h0117_WYG_045-9b
047.md	147	KR4h0117_WYG_045-10a
047.md	155	KR4h0117_WYG_045-10b
047.md	163	KR4h0117_WYG_045-11a
047.md	171	KR4h0117_WYG_045-11b
047.md	179	KR4h0117_WYG_045-12a
047.md	187	KR4h0117_WYG_045-12b
047.md	195	KR4h0117_WYG_045-13a
047.md	203	KR4h0117_WYG_045-13b
047.md	211	KR4h0117_WYG_045-14a
047.md	219	KR4h0117_WYG_045-14b
047.md	227	KR4h0117_WYG_045-15a
047.md	235	KR4h0117_WYG_045-15b
047.md	243	KR4h0117_WYG_045-16a
047.md	251	KR4h0117_WYG_045-16b
047.md	259	KR4h0117_WYG_045-17a
047.md	267	KR4h0117_WYG_045-17b
047.md	275	KR4h0117_WYG_045-18a
047.md	283	KR4h0117_WYG_045-18b
047.md	291	KR4h0117_WYG_045-19a
047.md	299	KR4h0117_WYG_045-19b
047.md	307	KR4h0117_WYG_045-20a
047.md	315	KR4h0117_WYG_045-20b
047.md	323	KR4h0117_WYG_045-21a
047.md	331	KR4h0117_WYG_045-21b
047.md	339	KR4h0117_WYG_045-22a
047.md	347	KR4h0117_WYG_045-22b
047.md	355	KR4h0117_WYG_045-23a
047.md	363	KR4h0117_WYG_045-23b
047.md	371	KR4h0117_WYG_045-24a
047.md	379	KR4h0117_WYG_045-24b
047.md	387	KR4h0117_WYG_045-25a
047.md	395	KR4h0117_WYG_045-25b
047.md	403	KR4h0117_WYG_045-26a
047.md	411	KR4h0117_WYG_045-26b
047.md	419	KR4h0117_WYG_045-27a
047.md	427	KR4h0117_WYG_045-27b
047.md	435	KR4h0117_WYG_045-28a
047.md	443	KR4h0117_WYG_045-28b
047.md	451	KR4h0117_WYG_045-29a
047.md	459	KR4h0117_WYG_045-29b
047.md	467	KR4h0117_WYG_045-30a
047.md	475	KR4h0117_WYG_045-30b
047.md	483	KR4h0117_WYG_045-31a
047.md	491	KR4h0117_WYG_045-31b
047.md	499	KR4h0117_WYG_045-32a
047.md	507	KR4h0117_WYG_045-32b
047.md	515	KR4h0117_WYG_045-33a
047.md	523	KR4h0117_WYG_045-33b
047.md	531	KR4h0117_WYG_045-34a
047.md	539	KR4h0117_WYG_045-34b
047.md	547	KR4h0117_WYG_045-35a
047.md	555	KR4h0117_WYG_045-35b
047.md	563	KR4h0117_WYG_045-36a
047.md	571	KR4h0117_WYG_045-36b
047.md	579	KR4h0117_WYG_045-37a
047.md	587	KR4h0117_WYG_045-37b
047.md	595	KR4h0117_WYG_045-38a
047.md	603	KR4h0117_WYG_045-38b
047.md	611	KR4h0117_WYG_045-39a
047.md	619	KR4h0117_WYG_045-39b
047.md	627	KR4h0117_WYG_045-40a
047.md	635	KR4h0117_WYG_045-40b
047.md	643	KR4h0117_WYG_045-41a
047.md	651	KR4h0117_WYG_045-41b
047.md	659	KR4h0117_WYG_045-42a
047.md	667	KR4h0117_WYG_045-42b
047.md	675	KR4h0117_WYG_045-43a
047.md	683	KR4h0117_WYG_045-43b
047.md	691	KR4h0117_WYG_045-44a
047.md	699	KR4h0117_WYG_045-44b
047.md	707	KR4h0117_WYG_045-45a
047.md	715	KR4h0117_WYG_045-45b
047.md	723	KR4h0117_WYG_045-46a
047.md	731	KR4h0117_WYG_045-46b
047.md	739	KR4h0117_WYG_045-47a
047.md	747	KR4h0117_WYG_045-47b
047.md	755	KR4h0117_WYG_045-48a
047.md	763	KR4h0117_WYG_045-48b
047.md	771	KR4h0117_WYG_045-49a
047.md	779	KR4h0117_WYG_045-49b
047.md	787	KR4h0117_WYG_045-50a
047.md	795	KR4h0117_WYG_045-50b
047.md	803	KR4h0117_WYG_045-51a
047.md	811	KR4h0117_WYG_045-51b
047.md	819	KR4h0117_WYG_045-52a
047.md	827	KR4h0117_WYG_045-52b
047.md	835	KR4h0117_WYG_045-53a
047.md	843	KR4h0117_WYG_045-53b
047.md	851	KR4h0117_WYG_045-54a
047.md	859	KR4h0117_WYG_045-54b
047.md	867	KR4h0117_WYG_045-55a
047.md	875	KR4h0117_WYG_045-55b
047.md	883	KR4h0117_WYG_045-56a
047.md	891	KR4h0117_WYG_045-56b
047.md	899	KR4h0117_WYG_045-57a
047.md	907	KR4h0117_WYG_045-57b
047.md	915	KR4h0117_WYG_045-58a
047.md	923	KR4h0117_WYG_045-58b
048.md	3	KR4h0117_WYG_046-1a
048.md	11	KR4h0117_WYG_046-1b
048.md	19	KR4h0117_WYG_046-2a
048.md	27	KR4h0117_WYG_046-2b
048.md	35	KR4h0117_WYG_046-3a
048.md	43	KR4h0117_WYG_046-3b
048.md	51	KR4h0117_WYG_046-4a
048.md	59	KR4h0117_WYG_046-4b
048.md	67	KR4h0117_WYG_046-5a
048.md	75	KR4h0117_WYG_046-5b
048.md	83	KR4h0117_WYG_046-6a
048.md	91	KR4h0117_WYG_046-6b
048.md	99	KR4h0117_WYG_046-7a
048.md	107	KR4h0117_WYG_046-7b
048.md	115	KR4h0117_WYG_046-8a
048.md	123	KR4h0117_WYG_046-8b
048.md	131	KR4h0117_WYG_046-9a
048.md	139	KR4h0117_WYG_046-9b
048.md	147	KR4h0117_WYG_046-10a
048.md	155	KR4h0117_WYG_046-10b
048.md	163	KR4h0117_WYG_046-11a
048.md	171	KR4h0117_WYG_046-11b
048.md	179	KR4h0117_WYG_046-12a
048.md	187	KR4h0117_WYG_046-12b
048.md	195	KR4h0117_WYG_046-13a
048.md	203	KR4h0117_WYG_046-13b
048.md	211	KR4h0117_WYG_046-14a
048.md	219	KR4h0117_WYG_046-14b
048.md	227	KR4h0117_WYG_046-15a
048.md	235	KR4h0117_WYG_046-15b
048.md	243	KR4h0117_WYG_046-16a
048.md	251	KR4h0117_WYG_046-16b
048.md	259	KR4h0117_WYG_046-17a
048.md	267	KR4h0117_WYG_046-17b
048.md	275	KR4h0117_WYG_046-18a
048.md	283	KR4h0117_WYG_046-18b
048.md	291	KR4h0117_WYG_046-19a
048.md	299	KR4h0117_WYG_046-19b
048.md	307	KR4h0117_WYG_046-20a
048.md	315	KR4h0117_WYG_046-20b
048.md	323	KR4h0117_WYG_046-21a
048.md	331	KR4h0117_WYG_046-21b
048.md	339	KR4h0117_WYG_046-22a
048.md	347	KR4h0117_WYG_046-22b
048.md	355	KR4h0117_WYG_046-23a
048.md	363	KR4h0117_WYG_046-23b
048.md	371	KR4h0117_WYG_046-24a
048.md	379	KR4h0117_WYG_046-24b
048.md	387	KR4h0117_WYG_046-25a
048.md	395	KR4h0117_WYG_046-25b
048.md	403	KR4h0117_WYG_046-26a
048.md	411	KR4h0117_WYG_046-26b
048.md	419	KR4h0117_WYG_046-27a
048.md	427	KR4h0117_WYG_046-27b
048.md	435	KR4h0117_WYG_046-28a
048.md	443	KR4h0117_WYG_046-28b
048.md	451	KR4h0117_WYG_046-29a
048.md	459	KR4h0117_WYG_046-29b
048.md	467	KR4h0117_WYG_046-30a
048.md	475	KR4h0117_WYG_046-30b
048.md	483	KR4h0117_WYG_046-31a
048.md	491	KR4h0117_WYG_046-31b
048.md	499	KR4h0117_WYG_046-32a
048.md	507	KR4h0117_WYG_046-32b
048.md	515	KR4h0117_WYG_046-33a
048.md	523	KR4h0117_WYG_046-33b
048.md	531	KR4h0117_WYG_046-34a
048.md	539	KR4h0117_WYG_046-34b
048.md	547	KR4h0117_WYG_046-35a
048.md	555	KR4h0117_WYG_046-35b
048.md	563	KR4h0117_WYG_046-36a
048.md	571	KR4h0117_WYG_046-36b
048.md	579	KR4h0117_WYG_046-37a
048.md	587	KR4h0117_WYG_046-37b
048.md	595	KR4h0117_WYG_046-38a
048.md	603	KR4h0117_WYG_046-38b
048.md	611	KR4h0117_WYG_046-39a
048.md	619	KR4h0117_WYG_046-39b
048.md	627	KR4h0117_WYG_046-40a
048.md	635	KR4h0117_WYG_046-40b
048.md	643	KR4h0117_WYG_046-41a
048.md	651	KR4h0117_WYG_046-41b
048.md	659	KR4h0117_WYG_046-42a
048.md	667	KR4h0117_WYG_046-42b
048.md	675	KR4h0117_WYG_046-43a
048.md	683	KR4h0117_WYG_046-43b
048.md	691	KR4h0117_WYG_046-44a
048.md	699	KR4h0117_WYG_046-44b
048.md	707	KR4h0117_WYG_046-45a
048.md	715	KR4h0117_WYG_046-45b
048.md	723	KR4h0117_WYG_046-46a
048.md	731	KR4h0117_WYG_046-46b
048.md	739	KR4h0117_WYG_046-47a
048.md	747	KR4h0117_WYG_046-47b
048.md	755	KR4h0117_WYG_046-48a
048.md	763	KR4h0117_WYG_046-48b
048.md	771	KR4h0117_WYG_046-49a
048.md	779	KR4h0117_WYG_046-49b
048.md	787	KR4h0117_WYG_046-50a
048.md	795	KR4h0117_WYG_046-50b
048.md	803	KR4h0117_WYG_046-51a
048.md	811	KR4h0117_WYG_046-51b
048.md	819	KR4h0117_WYG_046-52a
048.md	827	KR4h0117_WYG_046-52b
048.md	835	KR4h0117_WYG_046-53a
048.md	843	KR4h0117_WYG_046-53b
048.md	851	KR4h0117_WYG_046-54a
048.md	859	KR4h0117_WYG_046-54b
048.md	867	KR4h0117_WYG_046-55a
048.md	875	KR4h0117_WYG_046-55b
048.md	883	KR4h0117_WYG_046-56a
048.md	891	KR4h0117_WYG_046-56b
048.md	899	KR4h0117_WYG_046-57a
048.md	907	KR4h0117_WYG_046-57b
048.md	915	KR4h0117_WYG_046-58a
048.md	923	KR4h0117_WYG_046-58b
048.md	931	KR4h0117_WYG_046-59a
048.md	939	KR4h0117_WYG_046-59b
048.md	947	KR4h0117_WYG_046-60a
048.md	955	KR4h0117_WYG_046-60b
048.md	963	KR4h0117_WYG_046-61a
048.md	971	KR4h0117_WYG_046-61b
048.md	979	KR4h0117_WYG_046-62a
048.md	987	KR4h0117_WYG_046-62b
048.md	995	KR4h0117_WYG_046-63a
048.md	1003	KR4h0117_WYG_046-63b
048.md	1011	KR4h0117_WYG_046-64a
048.md	1019	KR4h0117_WYG_046-64b
048.md	1027	KR4h0117_WYG_046-65a
048.md	1035	KR4h0117_WYG_046-65b
048.md	1043	KR4h0117_WYG_046-66a
048.md	1051	KR4h0117_WYG_046-66b
048.md	1059	KR4h0117_WYG_046-67a
048.md	1067	KR4h0117_WYG_046-67b
048.md	1075	KR4h0117_WYG_046-68a
048.md	1083	KR4h0117_WYG_046-68b
048.md	1091	KR4h0117_WYG_046-69a
048.md	1099	KR4h0117_WYG_046-69b
048.md	1107	KR4h0117_WYG_046-70a
048.md	1115	KR4h0117_WYG_046-70b
048.md	1123	KR4h0117_WYG_046-71a
048.md	1131	KR4h0117_WYG_046-71b
048.md	1139	KR4h0117_WYG_046-72a
048.md	1147	KR4h0117_WYG_046-72b
048.md	1155	KR4h0117_WYG_046-73a
048.md	1163	KR4h0117_WYG_046-73b
048.md	1171	KR4h0117_WYG_046-74a
048.md	1179	KR4h0117_WYG_046-74b
048.md	1187	KR4h0117_WYG_046-75a
048.md	1195	KR4h0117_WYG_046-75b
048.md	1203	KR4h0117_WYG_046-76a
048.md	1211	KR4h0117_WYG_046-76b
048.md	1219	KR4h0117_WYG_046-77a
048.md	1227	KR4h0117_WYG_046-77b
048.md	1235	KR4h0117_WYG_046-78a
048.md	1243	KR4h0117_WYG_046-78b
048.md	1251	KR4h0117_WYG_046-79a
048.md	1259	KR4h0117_WYG_046-79b
048.md	1267	KR4h0117_WYG_046-80a
048.md	1275	KR4h0117_WYG_046-80b
049.md	3	KR4h0117_WYG_047-1a
049.md	11	KR4h0117_WYG_047-1b
049.md	19	KR4h0117_WYG_047-2a
049.md	27	KR4h0117_WYG_047-2b
049.md	35	KR4h0117_WYG_047-3a
049.md	43	KR4h0117_WYG_047-3b
049.md	51	KR4h0117_WYG_047-4a
049.md	59	KR4h0117_WYG_047-4b
049.md	67	KR4h0117_WYG_047-5a
049.md	75	KR4h0117_WYG_047-5b
049.md	83	KR4h0117_WYG_047-6a
049.md	91	KR4h0117_WYG_047-6b
049.md	99	KR4h0117_WYG_047-7a
049.md	107	KR4h0117_WYG_047-7b
049.md	115	KR4h0117_WYG_047-8a
049.md	123	KR4h0117_WYG_047-8b
049.md	131	KR4h0117_WYG_047-9a
049.md	139	KR4h0117_WYG_047-9b
049.md	147	KR4h0117_WYG_047-10a
049.md	155	KR4h0117_WYG_047-10b
049.md	163	KR4h0117_WYG_047-11a
049.md	171	KR4h0117_WYG_047-11b
049.md	179	KR4h0117_WYG_047-12a
049.md	187	KR4h0117_WYG_047-12b
049.md	195	KR4h0117_WYG_047-13a
049.md	203	KR4h0117_WYG_047-13b
049.md	211	KR4h0117_WYG_047-14a
049.md	219	KR4h0117_WYG_047-14b
049.md	227	KR4h0117_WYG_047-15a
049.md	235	KR4h0117_WYG_047-15b
049.md	243	KR4h0117_WYG_047-16a
049.md	251	KR4h0117_WYG_047-16b
049.md	259	KR4h0117_WYG_047-17a
049.md	267	KR4h0117_WYG_047-17b
049.md	275	KR4h0117_WYG_047-18a
049.md	283	KR4h0117_WYG_047-18b
050.md	3	KR4h0117_WYG_048-1a
050.md	11	KR4h0117_WYG_048-1b
050.md	19	KR4h0117_WYG_048-2a
050.md	27	KR4h0117_WYG_048-2b
050.md	35	KR4h0117_WYG_048-3a
050.md	43	KR4h0117_WYG_048-3b
050.md	51	KR4h0117_WYG_048-4a
050.md	59	KR4h0117_WYG_048-4b
050.md	67	KR4h0117_WYG_048-5a
050.md	75	KR4h0117_WYG_048-5b
050.md	83	KR4h0117_WYG_048-6a
050.md	91	KR4h0117_WYG_048-6b
050.md	99	KR4h0117_WYG_048-7a
050.md	107	KR4h0117_WYG_048-7b
050.md	115	KR4h0117_WYG_048-8a
050.md	123	KR4h0117_WYG_048-8b
050.md	131	KR4h0117_WYG_048-9a
050.md	139	KR4h0117_WYG_048-9b
050.md	147	KR4h0117_WYG_048-10a
050.md	155	KR4h0117_WYG_048-10b
050.md	163	KR4h0117_WYG_048-11a
050.md	171	KR4h0117_WYG_048-11b
050.md	179	KR4h0117_WYG_048-12a
050.md	187	KR4h0117_WYG_048-12b
050.md	195	KR4h0117_WYG_048-13a
050.md	203	KR4h0117_WYG_048-13b
050.md	211	KR4h0117_WYG_048-14a
050.md	219	KR4h0117_WYG_048-14b
050.md	227	KR4h0117_WYG_048-15a
050.md	235	KR4h0117_WYG_048-15b
050.md	243	KR4h0117_WYG_048-16a
050.md	251	KR4h0117_WYG_048-16b
050.md	259	KR4h0117_WYG_048-17a
050.md	267	KR4h0117_WYG_048-17b
050.md	275	KR4h0117_WYG_048-18a
050.md	283	KR4h0117_WYG_048-18b
050.md	291	KR4h0117_WYG_048-19a
050.md	299	KR4h0117_WYG_048-19b
050.md	307	KR4h0117_WYG_048-20a
050.md	315	KR4h0117_WYG_048-20b
050.md	323	KR4h0117_WYG_048-21a
050.md	331	KR4h0117_WYG_048-21b
050.md	339	KR4h0117_WYG_048-22a
050.md	347	KR4h0117_WYG_048-22b
050.md	355	KR4h0117_WYG_048-23a
050.md	363	KR4h0117_WYG_048-23b
050.md	371	KR4h0117_WYG_048-24a
050.md	379	KR4h0117_WYG_048-24b
050.md	387	KR4h0117_WYG_048-25a
050.md	395	KR4h0117_WYG_048-25b
050.md	403	KR4h0117_WYG_048-26a
050.md	411	KR4h0117_WYG_048-26b
050.md	419	KR4h0117_WYG_048-27a
050.md	427	KR4h0117_WYG_048-27b
050.md	435	KR4h0117_WYG_048-28a
050.md	443	KR4h0117_WYG_048-28b
050.md	451	KR4h0117_WYG_048-29a
050.md	459	KR4h0117_WYG_048-29b
050.md	467	KR4h0117_WYG_048-30a
050.md	475	KR4h0117_WYG_048-30b
050.md	483	KR4h0117_WYG_048-31a
050.md	491	KR4h0117_WYG_048-31b
050.md	499	KR4h0117_WYG_048-32a
050.md	507	KR4h0117_WYG_048-32b
050.md	515	KR4h0117_WYG_048-33a
050.md	523	KR4h0117_WYG_048-33b
050.md	531	KR4h0117_WYG_048-34a
050.md	539	KR4h0117_WYG_048-34b
050.md	547	KR4h0117_WYG_048-35a
050.md	555	KR4h0117_WYG_048-35b
050.md	563	KR4h0117_WYG_048-36a
050.md	571	KR4h0117_WYG_048-36b
050.md	579	KR4h0117_WYG_048-37a
050.md	587	KR4h0117_WYG_048-37b
050.md	595	KR4h0117_WYG_048-38a
050.md	603	KR4h0117_WYG_048-38b
050.md	611	KR4h0117_WYG_048-39a
050.md	619	KR4h0117_WYG_048-39b
050.md	627	KR4h0117_WYG_048-40a
050.md	635	KR4h0117_WYG_048-40b
050.md	643	KR4h0117_WYG_048-41a
050.md	651	KR4h0117_WYG_048-41b
050.md	659	KR4h0117_WYG_048-42a
050.md	667	KR4h0117_WYG_048-42b
050.md	675	KR4h0117_WYG_048-43a
050.md	683	KR4h0117_WYG_048-43b
050.md	691	KR4h0117_WYG_048-44a
050.md	699	KR4h0117_WYG_048-44b
050.md	707	KR4h0117_WYG_048-45a
050.md	715	KR4h0117_WYG_048-45b
050.md	723	KR4h0117_WYG_048-46a
050.md	731	KR4h0117_WYG_048-46b
050.md	739	KR4h0117_WYG_048-47a
050.md	747	KR4h0117_WYG_048-47b
050.md	755	KR4h0117_WYG_048-48a
050.md	763	KR4h0117_WYG_048-48b
051.md	3	KR4h0117_WYG_049-1a
051.md	11	KR4h0117_WYG_049-1b
051.md	19	KR4h0117_WYG_049-2a
051.md	27	KR4h0117_WYG_049-2b
051.md	35	KR4h0117_WYG_049-3a
051.md	43	KR4h0117_WYG_049-3b
051.md	51	KR4h0117_WYG_049-4a
051.md	59	KR4h0117_WYG_049-4b
051.md	67	KR4h0117_WYG_049-5a
051.md	75	KR4h0117_WYG_049-5b
051.md	83	KR4h0117_WYG_049-6a
051.md	91	KR4h0117_WYG_049-6b
051.md	99	KR4h0117_WYG_049-7a
051.md	107	KR4h0117_WYG_049-7b
051.md	115	KR4h0117_WYG_049-8a
051.md	123	KR4h0117_WYG_049-8b
051.md	131	KR4h0117_WYG_049-9a
051.md	139	KR4h0117_WYG_049-9b
051.md	147	KR4h0117_WYG_049-10a
051.md	155	KR4h0117_WYG_049-10b
051.md	163	KR4h0117_WYG_049-11a
051.md	171	KR4h0117_WYG_049-11b
051.md	179	KR4h0117_WYG_049-12a
051.md	187	KR4h0117_WYG_049-12b
051.md	195	KR4h0117_WYG_049-13a
051.md	203	KR4h0117_WYG_049-13b
051.md	211	KR4h0117_WYG_049-14a
051.md	219	KR4h0117_WYG_049-14b
051.md	227	KR4h0117_WYG_049-15a
051.md	235	KR4h0117_WYG_049-15b
051.md	243	KR4h0117_WYG_049-16a
051.md	251	KR4h0117_WYG_049-16b
051.md	259	KR4h0117_WYG_049-17a
051.md	267	KR4h0117_WYG_049-17b
051.md	275	KR4h0117_WYG_049-18a
051.md	283	KR4h0117_WYG_049-18b
051.md	291	KR4h0117_WYG_049-19a
051.md	299	KR4h0117_WYG_049-19b
051.md	307	KR4h0117_WYG_049-20a
051.md	315	KR4h0117_WYG_049-20b
051.md	323	KR4h0117_WYG_049-21a
051.md	331	KR4h0117_WYG_049-21b
051.md	339	KR4h0117_WYG_049-22a
051.md	347	KR4h0117_WYG_049-22b
051.md	355	KR4h0117_WYG_049-23a
051.md	363	KR4h0117_WYG_049-23b
051.md	371	KR4h0117_WYG_049-24a
051.md	379	KR4h0117_WYG_049-24b
051.md	387	KR4h0117_WYG_049-25a
051.md	395	KR4h0117_WYG_049-25b
051.md	403	KR4h0117_WYG_049-26a
051.md	411	KR4h0117_WYG_049-26b
051.md	419	KR4h0117_WYG_049-27a
051.md	427	KR4h0117_WYG_049-27b
051.md	435	KR4h0117_WYG_049-28a
051.md	443	KR4h0117_WYG_049-28b
051.md	451	KR4h0117_WYG_049-29a
051.md	459	KR4h0117_WYG_049-29b
051.md	467	KR4h0117_WYG_049-30a
051.md	475	KR4h0117_WYG_049-30b
051.md	483	KR4h0117_WYG_049-31a
051.md	491	KR4h0117_WYG_049-31b
051.md	499	KR4h0117_WYG_049-32a
051.md	507	KR4h0117_WYG_049-32b
051.md	515	KR4h0117_WYG_049-33a
051.md	523	KR4h0117_WYG_049-33b
051.md	531	KR4h0117_WYG_049-34a
051.md	539	KR4h0117_WYG_049-34b
051.md	547	KR4h0117_WYG_049-35a
051.md	555	KR4h0117_WYG_049-35b
051.md	563	KR4h0117_WYG_049-36a
051.md	571	KR4h0117_WYG_049-36b
051.md	579	KR4h0117_WYG_049-37a
051.md	587	KR4h0117_WYG_049-37b
051.md	595	KR4h0117_WYG_049-38a
051.md	603	KR4h0117_WYG_049-38b
051.md	611	KR4h0117_WYG_049-39a
051.md	619	KR4h0117_WYG_049-39b
051.md	627	KR4h0117_WYG_049-40a
051.md	635	KR4h0117_WYG_049-40b
051.md	643	KR4h0117_WYG_049-41a
051.md	651	KR4h0117_WYG_049-41b
051.md	659	KR4h0117_WYG_049-42a
051.md	667	KR4h0117_WYG_049-42b
051.md	675	KR4h0117_WYG_049-43a
051.md	683	KR4h0117_WYG_049-43b
051.md	691	KR4h0117_WYG_049-44a
051.md	699	KR4h0117_WYG_049-44b
051.md	707	KR4h0117_WYG_049-45a
051.md	715	KR4h0117_WYG_049-45b
051.md	723	KR4h0117_WYG_049-46a
051.md	731	KR4h0117_WYG_049-46b
052.md	3	KR4h0117_WYG_050-1a
052.md	11	KR4h0117_WYG_050-1b
052.md	19	KR4h0117_WYG_050-2a
052.md	27	KR4h0117_WYG_050-2b
052.md	35	KR4h0117_WYG_050-3a
052.md	43	KR4h0117_WYG_050-3b
052.md	51	KR4h0117_WYG_050-4a
052.md	59	KR4h0117_WYG_050-4b
052.md	67	KR4h0117_WYG_050-5a
052.md	75	KR4h0117_WYG_050-5b
052.md	83	KR4h0117_WYG_050-6a
052.md	91	KR4h0117_WYG_050-6b
052.md	99	KR4h0117_WYG_050-7a
052.md	107	KR4h0117_WYG_050-7b
052.md	115	KR4h0117_WYG_050-8a
052.md	123	KR4h0117_WYG_050-8b
052.md	131	KR4h0117_WYG_050-9a
052.md	139	KR4h0117_WYG_050-9b
052.md	147	KR4h0117_WYG_050-10a
052.md	155	KR4h0117_WYG_050-10b
052.md	163	KR4h0117_WYG_050-11a
052.md	171	KR4h0117_WYG_050-11b
052.md	179	KR4h0117_WYG_050-12a
052.md	187	KR4h0117_WYG_050-12b
052.md	195	KR4h0117_WYG_050-13a
052.md	203	KR4h0117_WYG_050-13b
052.md	211	KR4h0117_WYG_050-14a
052.md	219	KR4h0117_WYG_050-14b
052.md	227	KR4h0117_WYG_050-15a
052.md	235	KR4h0117_WYG_050-15b
052.md	243	KR4h0117_WYG_050-16a
052.md	251	KR4h0117_WYG_050-16b
052.md	259	KR4h0117_WYG_050-17a
052.md	267	KR4h0117_WYG_050-17b
052.md	275	KR4h0117_WYG_050-18a
052.md	283	KR4h0117_WYG_050-18b
052.md	291	KR4h0117_WYG_050-19a
052.md	299	KR4h0117_WYG_050-19b
052.md	307	KR4h0117_WYG_050-20a
052.md	315	KR4h0117_WYG_050-20b
052.md	323	KR4h0117_WYG_050-21a
052.md	331	KR4h0117_WYG_050-21b
052.md	339	KR4h0117_WYG_050-22a
052.md	347	KR4h0117_WYG_050-22b
052.md	355	KR4h0117_WYG_050-23a
052.md	363	KR4h0117_WYG_050-23b
052.md	371	KR4h0117_WYG_050-24a
052.md	379	KR4h0117_WYG_050-24b
052.md	387	KR4h0117_WYG_050-25a
052.md	395	KR4h0117_WYG_050-25b
052.md	403	KR4h0117_WYG_050-26a
052.md	411	KR4h0117_WYG_050-26b
053.md	3	KR4h0117_WYG_051-1a
053.md	11	KR4h0117_WYG_051-1b
053.md	19	KR4h0117_WYG_051-2a
053.md	27	KR4h0117_WYG_051-2b
053.md	35	KR4h0117_WYG_051-3a
053.md	43	KR4h0117_WYG_051-3b
053.md	51	KR4h0117_WYG_051-4a
053.md	59	KR4h0117_WYG_051-4b
053.md	67	KR4h0117_WYG_051-5a
053.md	75	KR4h0117_WYG_051-5b
053.md	83	KR4h0117_WYG_051-6a
053.md	91	KR4h0117_WYG_051-6b
053.md	99	KR4h0117_WYG_051-7a
053.md	107	KR4h0117_WYG_051-7b
053.md	115	KR4h0117_WYG_051-8a
053.md	123	KR4h0117_WYG_051-8b
053.md	131	KR4h0117_WYG_051-9a
053.md	139	KR4h0117_WYG_051-9b
053.md	147	KR4h0117_WYG_051-10a
053.md	155	KR4h0117_WYG_051-10b
053.md	163	KR4h0117_WYG_051-11a
053.md	171	KR4h0117_WYG_051-11b
053.md	179	KR4h0117_WYG_051-12a
053.md	187	KR4h0117_WYG_051-12b
053.md	195	KR4h0117_WYG_051-13a
053.md	203	KR4h0117_WYG_051-13b
053.md	211	KR4h0117_WYG_051-14a
053.md	219	KR4h0117_WYG_051-14b
053.md	227	KR4h0117_WYG_051-15a
053.md	235	KR4h0117_WYG_051-15b
053.md	243	KR4h0117_WYG_051-16a
053.md	251	KR4h0117_WYG_051-16b
053.md	259	KR4h0117_WYG_051-17a
053.md	267	KR4h0117_WYG_051-17b
053.md	275	KR4h0117_WYG_051-18a
053.md	283	KR4h0117_WYG_051-18b
053.md	291	KR4h0117_WYG_051-19a
053.md	299	KR4h0117_WYG_051-19b
053.md	307	KR4h0117_WYG_051-20a
053.md	315	KR4h0117_WYG_051-20b
053.md	323	KR4h0117_WYG_051-21a
053.md	331	KR4h0117_WYG_051-21b
053.md	339	KR4h0117_WYG_051-22a
053.md	347	KR4h0117_WYG_051-22b
053.md	355	KR4h0117_WYG_051-23a
053.md	363	KR4h0117_WYG_051-23b
054.md	3	KR4h0117_WYG_052-1a
054.md	11	KR4h0117_WYG_052-1b
054.md	19	KR4h0117_WYG_052-2a
054.md	27	KR4h0117_WYG_052-2b
054.md	35	KR4h0117_WYG_052-3a
054.md	43	KR4h0117_WYG_052-3b
054.md	51	KR4h0117_WYG_052-4a
054.md	59	KR4h0117_WYG_052-4b
054.md	67	KR4h0117_WYG_052-5a
054.md	75	KR4h0117_WYG_052-5b
054.md	83	KR4h0117_WYG_052-6a
054.md	91	KR4h0117_WYG_052-6b
054.md	99	KR4h0117_WYG_052-7a
054.md	107	KR4h0117_WYG_052-7b
054.md	115	KR4h0117_WYG_052-8a
054.md	123	KR4h0117_WYG_052-8b
054.md	131	KR4h0117_WYG_052-9a
054.md	139	KR4h0117_WYG_052-9b
054.md	147	KR4h0117_WYG_052-10a
054.md	155	KR4h0117_WYG_052-10b
054.md	163	KR4h0117_WYG_052-11a
054.md	171	KR4h0117_WYG_052-11b
054.md	179	KR4h0117_WYG_052-12a
054.md	187	KR4h0117_WYG_052-12b
054.md	195	KR4h0117_WYG_052-13a
054.md	203	KR4h0117_WYG_052-13b
054.md	211	KR4h0117_WYG_052-14a
054.md	219	KR4h0117_WYG_052-14b
054.md	227	KR4h0117_WYG_052-15a
054.md	235	KR4h0117_WYG_052-15b
054.md	243	KR4h0117_WYG_052-16a
054.md	251	KR4h0117_WYG_052-16b
054.md	259	KR4h0117_WYG_052-17a
054.md	267	KR4h0117_WYG_052-17b
054.md	275	KR4h0117_WYG_052-18a
054.md	283	KR4h0117_WYG_052-18b
054.md	291	KR4h0117_WYG_052-19a
054.md	299	KR4h0117_WYG_052-19b
054.md	307	KR4h0117_WYG_052-20a
054.md	315	KR4h0117_WYG_052-20b
054.md	323	KR4h0117_WYG_052-21a
054.md	331	KR4h0117_WYG_052-21b
054.md	339	KR4h0117_WYG_052-22a
054.md	347	KR4h0117_WYG_052-22b
054.md	355	KR4h0117_WYG_052-23a
054.md	363	KR4h0117_WYG_052-23b
054.md	371	KR4h0117_WYG_052-24a
054.md	379	KR4h0117_WYG_052-24b
054.md	387	KR4h0117_WYG_052-25a
054.md	395	KR4h0117_WYG_052-25b
054.md	403	KR4h0117_WYG_052-26a
054.md	411	KR4h0117_WYG_052-26b
054.md	419	KR4h0117_WYG_052-27a
054.md	427	KR4h0117_WYG_052-27b
054.md	435	KR4h0117_WYG_052-28a
054.md	443	KR4h0117_WYG_052-28b
054.md	451	KR4h0117_WYG_052-29a
054.md	459	KR4h0117_WYG_052-29b
054.md	467	KR4h0117_WYG_052-30a
054.md	475	KR4h0117_WYG_052-30b
054.md	483	KR4h0117_WYG_052-31a
054.md	491	KR4h0117_WYG_052-31b
054.md	499	KR4h0117_WYG_052-32a
054.md	507	KR4h0117_WYG_052-32b
054.md	515	KR4h0117_WYG_052-33a
054.md	523	KR4h0117_WYG_052-33b
054.md	531	KR4h0117_WYG_052-34a
054.md	539	KR4h0117_WYG_052-34b
054.md	547	KR4h0117_WYG_052-35a
054.md	555	KR4h0117_WYG_052-35b
054.md	563	KR4h0117_WYG_052-36a
054.md	571	KR4h0117_WYG_052-36b
055.md	3	KR4h0117_WYG_053-1a
055.md	11	KR4h0117_WYG_053-1b
055.md	19	KR4h0117_WYG_053-2a
055.md	27	KR4h0117_WYG_053-2b
055.md	35	KR4h0117_WYG_053-3a
055.md	43	KR4h0117_WYG_053-3b
055.md	51	KR4h0117_WYG_053-4a
055.md	59	KR4h0117_WYG_053-4b
055.md	67	KR4h0117_WYG_053-5a
055.md	75	KR4h0117_WYG_053-5b
055.md	83	KR4h0117_WYG_053-6a
055.md	91	KR4h0117_WYG_053-6b
055.md	99	KR4h0117_WYG_053-7a
055.md	107	KR4h0117_WYG_053-7b
055.md	115	KR4h0117_WYG_053-8a
055.md	123	KR4h0117_WYG_053-8b
055.md	131	KR4h0117_WYG_053-9a
055.md	139	KR4h0117_WYG_053-9b
055.md	147	KR4h0117_WYG_053-10a
055.md	155	KR4h0117_WYG_053-10b
055.md	163	KR4h0117_WYG_053-11a
055.md	171	KR4h0117_WYG_053-11b
055.md	179	KR4h0117_WYG_053-12a
055.md	187	KR4h0117_WYG_053-12b
055.md	195	KR4h0117_WYG_053-13a
055.md	203	KR4h0117_WYG_053-13b
055.md	211	KR4h0117_WYG_053-14a
055.md	219	KR4h0117_WYG_053-14b
055.md	227	KR4h0117_WYG_053-15a
055.md	235	KR4h0117_WYG_053-15b
055.md	243	KR4h0117_WYG_053-16a
055.md	251	KR4h0117_WYG_053-16b
055.md	259	KR4h0117_WYG_053-17a
055.md	267	KR4h0117_WYG_053-17b
055.md	275	KR4h0117_WYG_053-18a
055.md	283	KR4h0117_WYG_053-18b
055.md	291	KR4h0117_WYG_053-19a
055.md	299	KR4h0117_WYG_053-19b
055.md	307	KR4h0117_WYG_053-20a
055.md	315	KR4h0117_WYG_053-20b
055.md	323	KR4h0117_WYG_053-21a
055.md	331	KR4h0117_WYG_053-21b
055.md	339	KR4h0117_WYG_053-22a
055.md	347	KR4h0117_WYG_053-22b
055.md	355	KR4h0117_WYG_053-23a
055.md	363	KR4h0117_WYG_053-23b
055.md	371	KR4h0117_WYG_053-24a
055.md	379	KR4h0117_WYG_053-24b
055.md	387	KR4h0117_WYG_053-25a
055.md	395	KR4h0117_WYG_053-25b
055.md	403	KR4h0117_WYG_053-26a
055.md	411	KR4h0117_WYG_053-26b
055.md	419	KR4h0117_WYG_053-27a
055.md	427	KR4h0117_WYG_053-27b
055.md	435	KR4h0117_WYG_053-28a
055.md	443	KR4h0117_WYG_053-28b
056.md	3	KR4h0117_WYG_054-1a
056.md	11	KR4h0117_WYG_054-1b
056.md	19	KR4h0117_WYG_054-2a
056.md	27	KR4h0117_WYG_054-2b
056.md	35	KR4h0117_WYG_054-3a
056.md	43	KR4h0117_WYG_054-3b
056.md	51	KR4h0117_WYG_054-4a
056.md	59	KR4h0117_WYG_054-4b
056.md	67	KR4h0117_WYG_054-5a
056.md	75	KR4h0117_WYG_054-5b
056.md	83	KR4h0117_WYG_054-6a
056.md	91	KR4h0117_WYG_054-6b
056.md	99	KR4h0117_WYG_054-7a
056.md	107	KR4h0117_WYG_054-7b
056.md	115	KR4h0117_WYG_054-8a
056.md	123	KR4h0117_WYG_054-8b
056.md	131	KR4h0117_WYG_054-9a
056.md	139	KR4h0117_WYG_054-9b
056.md	147	KR4h0117_WYG_054-10a
056.md	155	KR4h0117_WYG_054-10b
056.md	163	KR4h0117_WYG_054-11a
056.md	171	KR4h0117_WYG_054-11b
056.md	179	KR4h0117_WYG_054-12a
056.md	187	KR4h0117_WYG_054-12b
056.md	195	KR4h0117_WYG_054-13a
056.md	203	KR4h0117_WYG_054-13b
056.md	211	KR4h0117_WYG_054-14a
056.md	219	KR4h0117_WYG_054-14b
056.md	227	KR4h0117_WYG_054-15a
056.md	235	KR4h0117_WYG_054-15b
056.md	243	KR4h0117_WYG_054-16a
056.md	251	KR4h0117_WYG_054-16b
056.md	259	KR4h0117_WYG_054-17a
056.md	267	KR4h0117_WYG_054-17b
057.md	3	KR4h0117_WYG_055-1a
057.md	11	KR4h0117_WYG_055-1b
057.md	19	KR4h0117_WYG_055-2a
057.md	27	KR4h0117_WYG_055-2b
057.md	35	KR4h0117_WYG_055-3a
057.md	43	KR4h0117_WYG_055-3b
057.md	51	KR4h0117_WYG_055-4a
057.md	59	KR4h0117_WYG_055-4b
057.md	67	KR4h0117_WYG_055-5a
057.md	75	KR4h0117_WYG_055-5b
057.md	83	KR4h0117_WYG_055-6a
057.md	91	KR4h0117_WYG_055-6b
057.md	99	KR4h0117_WYG_055-7a
057.md	107	KR4h0117_WYG_055-7b
057.md	115	KR4h0117_WYG_055-8a
057.md	123	KR4h0117_WYG_055-8b
057.md	131	KR4h0117_WYG_055-9a
057.md	139	KR4h0117_WYG_055-9b
057.md	147	KR4h0117_WYG_055-10a
057.md	155	KR4h0117_WYG_055-10b
057.md	163	KR4h0117_WYG_055-11a
057.md	171	KR4h0117_WYG_055-11b
057.md	179	KR4h0117_WYG_055-12a
057.md	187	KR4h0117_WYG_055-12b
057.md	195	KR4h0117_WYG_055-13a
057.md	203	KR4h0117_WYG_055-13b
057.md	211	KR4h0117_WYG_055-14a
057.md	219	KR4h0117_WYG_055-14b
057.md	227	KR4h0117_WYG_055-15a
057.md	235	KR4h0117_WYG_055-15b
057.md	243	KR4h0117_WYG_055-16a
057.md	251	KR4h0117_WYG_055-16b
058.md	3	KR4h0117_WYG_056-1a
058.md	11	KR4h0117_WYG_056-1b
058.md	19	KR4h0117_WYG_056-2a
058.md	27	KR4h0117_WYG_056-2b
058.md	35	KR4h0117_WYG_056-3a
058.md	43	KR4h0117_WYG_056-3b
058.md	51	KR4h0117_WYG_056-4a
058.md	59	KR4h0117_WYG_056-4b
058.md	67	KR4h0117_WYG_056-5a
058.md	75	KR4h0117_WYG_056-5b
058.md	83	KR4h0117_WYG_056-6a
058.md	91	KR4h0117_WYG_056-6b
058.md	99	KR4h0117_WYG_056-7a
058.md	107	KR4h0117_WYG_056-7b
058.md	115	KR4h0117_WYG_056-8a
058.md	123	KR4h0117_WYG_056-8b
058.md	131	KR4h0117_WYG_056-9a
058.md	139	KR4h0117_WYG_056-9b
058.md	147	KR4h0117_WYG_056-10a
058.md	155	KR4h0117_WYG_056-10b
058.md	163	KR4h0117_WYG_056-11a
058.md	171	KR4h0117_WYG_056-11b
058.md	179	KR4h0117_WYG_056-12a
058.md	187	KR4h0117_WYG_056-12b
058.md	195	KR4h0117_WYG_056-13a
058.md	203	KR4h0117_WYG_056-13b
058.md	211	KR4h0117_WYG_056-14a
058.md	219	KR4h0117_WYG_056-14b
058.md	227	KR4h0117_WYG_056-15a
058.md	235	KR4h0117_WYG_056-15b
058.md	243	KR4h0117_WYG_056-16a
058.md	251	KR4h0117_WYG_056-16b
058.md	259	KR4h0117_WYG_056-17a
058.md	267	KR4h0117_WYG_056-17b
058.md	275	KR4h0117_WYG_056-18a
058.md	283	KR4h0117_WYG_056-18b
058.md	291	KR4h0117_WYG_056-19a
058.md	299	KR4h0117_WYG_056-19b
059.md	3	KR4h0117_WYG_057-1a
059.md	11	KR4h0117_WYG_057-1b
059.md	19	KR4h0117_WYG_057-2a
059.md	27	KR4h0117_WYG_057-2b
059.md	35	KR4h0117_WYG_057-3a
059.md	43	KR4h0117_WYG_057-3b
059.md	51	KR4h0117_WYG_057-4a
059.md	59	KR4h0117_WYG_057-4b
059.md	67	KR4h0117_WYG_057-5a
059.md	75	KR4h0117_WYG_057-5b
059.md	83	KR4h0117_WYG_057-6a
059.md	91	KR4h0117_WYG_057-6b
059.md	99	KR4h0117_WYG_057-7a
059.md	107	KR4h0117_WYG_057-7b
059.md	115	KR4h0117_WYG_057-8a
059.md	123	KR4h0117_WYG_057-8b
059.md	131	KR4h0117_WYG_057-9a
059.md	139	KR4h0117_WYG_057-9b
059.md	147	KR4h0117_WYG_057-10a
059.md	155	KR4h0117_WYG_057-10b
059.md	163	KR4h0117_WYG_057-11a
059.md	171	KR4h0117_WYG_057-11b
059.md	179	KR4h0117_WYG_057-12a
059.md	187	KR4h0117_WYG_057-12b
059.md	195	KR4h0117_WYG_057-13a
059.md	203	KR4h0117_WYG_057-13b
059.md	211	KR4h0117_WYG_057-14a
059.md	219	KR4h0117_WYG_057-14b
059.md	227	KR4h0117_WYG_057-15a
059.md	235	KR4h0117_WYG_057-15b
059.md	243	KR4h0117_WYG_057-16a
059.md	251	KR4h0117_WYG_057-16b
059.md	259	KR4h0117_WYG_057-17a
059.md	267	KR4h0117_WYG_057-17b
059.md	275	KR4h0117_WYG_057-18a
059.md	283	KR4h0117_WYG_057-18b
059.md	291	KR4h0117_WYG_057-19a
059.md	299	KR4h0117_WYG_057-19b
059.md	307	KR4h0117_WYG_057-20a
059.md	315	KR4h0117_WYG_057-20b
059.md	323	KR4h0117_WYG_057-21a
059.md	331	KR4h0117_WYG_057-21b
059.md	339	KR4h0117_WYG_057-22a
059.md	347	KR4h0117_WYG_057-22b
059.md	355	KR4h0117_WYG_057-23a
059.md	363	KR4h0117_WYG_057-23b
059.md	371	KR4h0117_WYG_057-24a
059.md	379	KR4h0117_WYG_057-24b
059.md	387	KR4h0117_WYG_057-25a
059.md	395	KR4h0117_WYG_057-25b
059.md	403	KR4h0117_WYG_057-26a
059.md	411	KR4h0117_WYG_057-26b
059.md	419	KR4h0117_WYG_057-27a
059.md	427	KR4h0117_WYG_057-27b
060.md	3	KR4h0117_WYG_058-1a
060.md	11	KR4h0117_WYG_058-1b
060.md	19	KR4h0117_WYG_058-2a
060.md	27	KR4h0117_WYG_058-2b
060.md	35	KR4h0117_WYG_058-3a
060.md	43	KR4h0117_WYG_058-3b
060.md	51	KR4h0117_WYG_058-4a
060.md	59	KR4h0117_WYG_058-4b
060.md	67	KR4h0117_WYG_058-5a
060.md	75	KR4h0117_WYG_058-5b
060.md	83	KR4h0117_WYG_058-6a
060.md	91	KR4h0117_WYG_058-6b
060.md	99	KR4h0117_WYG_058-7a
060.md	107	KR4h0117_WYG_058-7b
060.md	115	KR4h0117_WYG_058-8a
060.md	123	KR4h0117_WYG_058-8b
060.md	131	KR4h0117_WYG_058-9a
060.md	139	KR4h0117_WYG_058-9b
060.md	147	KR4h0117_WYG_058-10a
060.md	155	KR4h0117_WYG_058-10b
060.md	163	KR4h0117_WYG_058-11a
060.md	171	KR4h0117_WYG_058-11b
060.md	179	KR4h0117_WYG_058-12a
060.md	187	KR4h0117_WYG_058-12b
060.md	195	KR4h0117_WYG_058-13a
060.md	203	KR4h0117_WYG_058-13b
060.md	211	KR4h0117_WYG_058-14a
060.md	219	KR4h0117_WYG_058-14b
060.md	227	KR4h0117_WYG_058-15a
060.md	235	KR4h0117_WYG_058-15b
060.md	243	KR4h0117_WYG_058-16a
060.md	251	KR4h0117_WYG_058-16b
060.md	259	KR4h0117_WYG_058-17a
060.md	267	KR4h0117_WYG_058-17b
060.md	275	KR4h0117_WYG_058-18a
060.md	283	KR4h0117_WYG_058-18b
060.md	291	KR4h0117_WYG_058-19a
060.md	299	KR4h0117_WYG_058-19b
060.md	307	KR4h0117_WYG_058-20a
060.md	315	KR4h0117_WYG_058-20b
060.md	323	KR4h0117_WYG_058-21a
060.md	331	KR4h0117_WYG_058-21b
060.md	339	KR4h0117_WYG_058-22a
060.md	347	KR4h0117_WYG_058-22b
060.md	355	KR4h0117_WYG_058-23a
060.md	363	KR4h0117_WYG_058-23b
060.md	371	KR4h0117_WYG_058-24a
060.md	379	KR4h0117_WYG_058-24b
060.md	387	KR4h0117_WYG_058-25a
060.md	395	KR4h0117_WYG_058-25b
060.md	403	KR4h0117_WYG_058-26a
060.md	411	KR4h0117_WYG_058-26b
060.md	419	KR4h0117_WYG_058-27a
060.md	427	KR4h0117_WYG_058-27b
061.md	3	KR4h0117_WYG_059-1a
061.md	11	KR4h0117_WYG_059-1b
061.md	19	KR4h0117_WYG_059-2a
061.md	27	KR4h0117_WYG_059-2b
061.md	35	KR4h0117_WYG_059-3a
061.md	43	KR4h0117_WYG_059-3b
061.md	51	KR4h0117_WYG_059-4a
061.md	59	KR4h0117_WYG_059-4b
061.md	67	KR4h0117_WYG_059-5a
061.md	75	KR4h0117_WYG_059-5b
061.md	83	KR4h0117_WYG_059-6a
061.md	91	KR4h0117_WYG_059-6b
061.md	99	KR4h0117_WYG_059-7a
061.md	107	KR4h0117_WYG_059-7b
061.md	115	KR4h0117_WYG_059-8a
061.md	123	KR4h0117_WYG_059-8b
061.md	131	KR4h0117_WYG_059-9a
061.md	139	KR4h0117_WYG_059-9b
061.md	147	KR4h0117_WYG_059-10a
061.md	155	KR4h0117_WYG_059-10b
061.md	163	KR4h0117_WYG_059-11a
061.md	171	KR4h0117_WYG_059-11b
061.md	179	KR4h0117_WYG_059-12a
061.md	187	KR4h0117_WYG_059-12b
061.md	195	KR4h0117_WYG_059-13a
061.md	203	KR4h0117_WYG_059-13b
061.md	211	KR4h0117_WYG_059-14a
061.md	219	KR4h0117_WYG_059-14b
061.md	227	KR4h0117_WYG_059-15a
061.md	235	KR4h0117_WYG_059-15b
061.md	243	KR4h0117_WYG_059-16a
061.md	251	KR4h0117_WYG_059-16b
061.md	259	KR4h0117_WYG_059-17a
061.md	267	KR4h0117_WYG_059-17b
061.md	275	KR4h0117_WYG_059-18a
061.md	283	KR4h0117_WYG_059-18b
061.md	291	KR4h0117_WYG_059-19a
061.md	299	KR4h0117_WYG_059-19b
061.md	307	KR4h0117_WYG_059-20a
061.md	315	KR4h0117_WYG_059-20b
061.md	323	KR4h0117_WYG_059-21a
061.md	331	KR4h0117_WYG_059-21b
061.md	339	KR4h0117_WYG_059-22a
061.md	347	KR4h0117_WYG_059-22b
061.md	355	KR4h0117_WYG_059-23a
061.md	363	KR4h0117_WYG_059-23b
061.md	371	KR4h0117_WYG_059-24a
061.md	379	KR4h0117_WYG_059-24b
061.md	387	KR4h0117_WYG_059-25a
061.md	395	KR4h0117_WYG_059-25b
061.md	403	KR4h0117_WYG_059-26a
061.md	411	KR4h0117_WYG_059-26b
061.md	419	KR4h0117_WYG_059-27a
061.md	427	KR4h0117_WYG_059-27b
061.md	435	KR4h0117_WYG_059-28a
061.md	443	KR4h0117_WYG_059-28b
061.md	451	KR4h0117_WYG_059-29a
061.md	459	KR4h0117_WYG_059-29b
061.md	467	KR4h0117_WYG_059-30a
061.md	475	KR4h0117_WYG_059-30b
061.md	483	KR4h0117_WYG_059-31a
061.md	491	KR4h0117_WYG_059-31b
061.md	499	KR4h0117_WYG_059-32a
061.md	507	KR4h0117_WYG_059-32b
061.md	515	KR4h0117_WYG_059-33a
061.md	523	KR4h0117_WYG_059-33b
061.md	531	KR4h0117_WYG_059-34a
061.md	539	KR4h0117_WYG_059-34b
062.md	3	KR4h0117_WYG_060-1a
062.md	11	KR4h0117_WYG_060-1b
062.md	19	KR4h0117_WYG_060-2a
062.md	27	KR4h0117_WYG_060-2b
062.md	35	KR4h0117_WYG_060-3a
062.md	43	KR4h0117_WYG_060-3b
062.md	51	KR4h0117_WYG_060-4a
062.md	59	KR4h0117_WYG_060-4b
062.md	67	KR4h0117_WYG_060-5a
062.md	75	KR4h0117_WYG_060-5b
062.md	83	KR4h0117_WYG_060-6a
062.md	91	KR4h0117_WYG_060-6b
062.md	99	KR4h0117_WYG_060-7a
062.md	107	KR4h0117_WYG_060-7b
062.md	115	KR4h0117_WYG_060-8a
062.md	123	KR4h0117_WYG_060-8b
062.md	131	KR4h0117_WYG_060-9a
062.md	139	KR4h0117_WYG_060-9b
062.md	147	KR4h0117_WYG_060-10a
062.md	155	KR4h0117_WYG_060-10b
062.md	163	KR4h0117_WYG_060-11a
062.md	171	KR4h0117_WYG_060-11b
062.md	179	KR4h0117_WYG_060-12a
062.md	187	KR4h0117_WYG_060-12b
062.md	195	KR4h0117_WYG_060-13a
062.md	203	KR4h0117_WYG_060-13b
062.md	211	KR4h0117_WYG_060-14a
062.md	219	KR4h0117_WYG_060-14b
062.md	227	KR4h0117_WYG_060-15a
062.md	235	KR4h0117_WYG_060-15b
062.md	243	KR4h0117_WYG_060-16a
062.md	251	KR4h0117_WYG_060-16b
062.md	259	KR4h0117_WYG_060-17a
062.md	267	KR4h0117_WYG_060-17b
062.md	275	KR4h0117_WYG_060-18a
062.md	283	KR4h0117_WYG_060-18b
062.md	291	KR4h0117_WYG_060-19a
062.md	299	KR4h0117_WYG_060-19b
062.md	307	KR4h0117_WYG_060-20a
062.md	315	KR4h0117_WYG_060-20b
062.md	323	KR4h0117_WYG_060-21a
062.md	331	KR4h0117_WYG_060-21b
062.md	339	KR4h0117_WYG_060-22a
062.md	347	KR4h0117_WYG_060-22b
062.md	355	KR4h0117_WYG_060-23a
062.md	363	KR4h0117_WYG_060-23b
062.md	371	KR4h0117_WYG_060-24a
062.md	379	KR4h0117_WYG_060-24b
062.md	387	KR4h0117_WYG_060-25a
062.md	395	KR4h0117_WYG_060-25b
062.md	403	KR4h0117_WYG_060-26a
062.md	411	KR4h0117_WYG_060-26b
062.md	419	KR4h0117_WYG_060-27a
062.md	427	KR4h0117_WYG_060-27b
062.md	435	KR4h0117_WYG_060-28a
062.md	443	KR4h0117_WYG_060-28b
062.md	451	KR4h0117_WYG_060-29a
062.md	459	KR4h0117_WYG_060-29b
062.md	467	KR4h0117_WYG_060-30a
062.md	475	KR4h0117_WYG_060-30b
062.md	483	KR4h0117_WYG_060-31a
062.md	491	KR4h0117_WYG_060-31b
062.md	499	KR4h0117_WYG_060-32a
062.md	507	KR4h0117_WYG_060-32b
062.md	515	KR4h0117_WYG_060-33a
062.md	523	KR4h0117_WYG_060-33b
063.md	3	KR4h0117_WYG_061-1a
063.md	11	KR4h0117_WYG_061-1b
063.md	19	KR4h0117_WYG_061-2a
063.md	27	KR4h0117_WYG_061-2b
063.md	35	KR4h0117_WYG_061-3a
063.md	43	KR4h0117_WYG_061-3b
063.md	51	KR4h0117_WYG_061-4a
063.md	59	KR4h0117_WYG_061-4b
063.md	67	KR4h0117_WYG_061-5a
063.md	75	KR4h0117_WYG_061-5b
063.md	83	KR4h0117_WYG_061-6a
063.md	91	KR4h0117_WYG_061-6b
063.md	99	KR4h0117_WYG_061-7a
063.md	107	KR4h0117_WYG_061-7b
063.md	115	KR4h0117_WYG_061-8a
063.md	123	KR4h0117_WYG_061-8b
063.md	131	KR4h0117_WYG_061-9a
063.md	139	KR4h0117_WYG_061-9b
063.md	147	KR4h0117_WYG_061-10a
063.md	155	KR4h0117_WYG_061-10b
063.md	163	KR4h0117_WYG_061-11a
063.md	171	KR4h0117_WYG_061-11b
063.md	179	KR4h0117_WYG_061-12a
063.md	187	KR4h0117_WYG_061-12b
063.md	195	KR4h0117_WYG_061-13a
063.md	203	KR4h0117_WYG_061-13b
063.md	211	KR4h0117_WYG_061-14a
063.md	219	KR4h0117_WYG_061-14b
063.md	227	KR4h0117_WYG_061-15a
063.md	235	KR4h0117_WYG_061-15b
063.md	243	KR4h0117_WYG_061-16a
063.md	251	KR4h0117_WYG_061-16b
063.md	259	KR4h0117_WYG_061-17a
063.md	267	KR4h0117_WYG_061-17b
063.md	275	KR4h0117_WYG_061-18a
063.md	283	KR4h0117_WYG_061-18b
063.md	291	KR4h0117_WYG_061-19a
063.md	299	KR4h0117_WYG_061-19b
063.md	307	KR4h0117_WYG_061-20a
063.md	315	KR4h0117_WYG_061-20b
063.md	323	KR4h0117_WYG_061-21a
063.md	331	KR4h0117_WYG_061-21b
063.md	339	KR4h0117_WYG_061-22a
063.md	347	KR4h0117_WYG_061-22b
063.md	355	KR4h0117_WYG_061-23a
063.md	363	KR4h0117_WYG_061-23b
063.md	371	KR4h0117_WYG_061-24a
063.md	379	KR4h0117_WYG_061-24b
063.md	387	KR4h0117_WYG_061-25a
063.md	395	KR4h0117_WYG_061-25b
063.md	403	KR4h0117_WYG_061-26a
063.md	411	KR4h0117_WYG_061-26b
063.md	419	KR4h0117_WYG_061-27a
063.md	427	KR4h0117_WYG_061-27b
063.md	435	KR4h0117_WYG_061-28a
063.md	443	KR4h0117_WYG_061-28b
063.md	451	KR4h0117_WYG_061-29a
063.md	459	KR4h0117_WYG_061-29b
063.md	467	KR4h0117_WYG_061-30a
063.md	475	KR4h0117_WYG_061-30b
063.md	483	KR4h0117_WYG_061-31a
063.md	491	KR4h0117_WYG_061-31b
063.md	499	KR4h0117_WYG_061-32a
063.md	507	KR4h0117_WYG_061-32b
063.md	515	KR4h0117_WYG_061-33a
063.md	523	KR4h0117_WYG_061-33b
063.md	531	KR4h0117_WYG_061-34a
063.md	539	KR4h0117_WYG_061-34b
063.md	547	KR4h0117_WYG_061-35a
063.md	555	KR4h0117_WYG_061-35b
063.md	563	KR4h0117_WYG_061-36a
063.md	571	KR4h0117_WYG_061-36b
063.md	579	KR4h0117_WYG_061-37a
063.md	587	KR4h0117_WYG_061-37b
063.md	595	KR4h0117_WYG_061-38a
063.md	603	KR4h0117_WYG_061-38b
063.md	611	KR4h0117_WYG_061-39a
063.md	619	KR4h0117_WYG_061-39b
063.md	627	KR4h0117_WYG_061-40a
063.md	635	KR4h0117_WYG_061-40b
063.md	643	KR4h0117_WYG_061-41a
063.md	651	KR4h0117_WYG_061-41b
063.md	659	KR4h0117_WYG_061-42a
063.md	667	KR4h0117_WYG_061-42b
063.md	675	KR4h0117_WYG_061-43a
063.md	683	KR4h0117_WYG_061-43b
063.md	691	KR4h0117_WYG_061-44a
063.md	699	KR4h0117_WYG_061-44b
063.md	707	KR4h0117_WYG_061-45a
063.md	715	KR4h0117_WYG_061-45b
063.md	723	KR4h0117_WYG_061-46a
063.md	731	KR4h0117_WYG_061-46b
063.md	739	KR4h0117_WYG_061-47a
063.md	747	KR4h0117_WYG_061-47b
063.md	755	KR4h0117_WYG_061-48a
063.md	763	KR4h0117_WYG_061-48b
063.md	771	KR4h0117_WYG_061-49a
063.md	779	KR4h0117_WYG_061-49b
063.md	787	KR4h0117_WYG_061-50a
063.md	795	KR4h0117_WYG_061-50b
063.md	803	KR4h0117_WYG_061-51a
063.md	811	KR4h0117_WYG_061-51b
063.md	819	KR4h0117_WYG_061-52a
063.md	827	KR4h0117_WYG_061-52b
063.md	835	KR4h0117_WYG_061-53a
063.md	843	KR4h0117_WYG_061-53b
063.md	851	KR4h0117_WYG_061-54a
063.md	859	KR4h0117_WYG_061-54b
063.md	867	KR4h0117_WYG_061-55a
063.md	875	KR4h0117_WYG_061-55b
063.md	883	KR4h0117_WYG_061-56a
063.md	891	KR4h0117_WYG_061-56b
063.md	899	KR4h0117_WYG_061-57a
063.md	907	KR4h0117_WYG_061-57b
063.md	915	KR4h0117_WYG_061-58a
063.md	923	KR4h0117_WYG_061-58b
063.md	931	KR4h0117_WYG_061-59a
063.md	939	KR4h0117_WYG_061-59b
063.md	947	KR4h0117_WYG_061-60a
063.md	955	KR4h0117_WYG_061-60b
063.md	963	KR4h0117_WYG_061-61a
063.md	971	KR4h0117_WYG_061-61b
063.md	979	KR4h0117_WYG_061-62a
063.md	987	KR4h0117_WYG_061-62b
063.md	995	KR4h0117_WYG_061-63a
063.md	1003	KR4h0117_WYG_061-63b
063.md	1011	KR4h0117_WYG_061-64a
063.md	1019	KR4h0117_WYG_061-64b
064.md	3	KR4h0117_WYG_062-1a
064.md	11	KR4h0117_WYG_062-1b
064.md	19	KR4h0117_WYG_062-2a
064.md	27	KR4h0117_WYG_062-2b
064.md	35	KR4h0117_WYG_062-3a
064.md	43	KR4h0117_WYG_062-3b
064.md	51	KR4h0117_WYG_062-4a
064.md	59	KR4h0117_WYG_062-4b
064.md	67	KR4h0117_WYG_062-5a
064.md	75	KR4h0117_WYG_062-5b
064.md	83	KR4h0117_WYG_062-6a
064.md	91	KR4h0117_WYG_062-6b
064.md	99	KR4h0117_WYG_062-7a
064.md	107	KR4h0117_WYG_062-7b
064.md	115	KR4h0117_WYG_062-8a
064.md	123	KR4h0117_WYG_062-8b
064.md	131	KR4h0117_WYG_062-9a
064.md	139	KR4h0117_WYG_062-9b
064.md	147	KR4h0117_WYG_062-10a
064.md	155	KR4h0117_WYG_062-10b
064.md	163	KR4h0117_WYG_062-11a
064.md	171	KR4h0117_WYG_062-11b
064.md	179	KR4h0117_WYG_062-12a
064.md	187	KR4h0117_WYG_062-12b
064.md	195	KR4h0117_WYG_062-13a
064.md	203	KR4h0117_WYG_062-13b
064.md	211	KR4h0117_WYG_062-14a
064.md	219	KR4h0117_WYG_062-14b
064.md	227	KR4h0117_WYG_062-15a
064.md	235	KR4h0117_WYG_062-15b
064.md	243	KR4h0117_WYG_062-16a
064.md	251	KR4h0117_WYG_062-16b
064.md	259	KR4h0117_WYG_062-17a
064.md	267	KR4h0117_WYG_062-17b
064.md	275	KR4h0117_WYG_062-18a
064.md	283	KR4h0117_WYG_062-18b
064.md	291	KR4h0117_WYG_062-19a
064.md	299	KR4h0117_WYG_062-19b
064.md	307	KR4h0117_WYG_062-20a
064.md	315	KR4h0117_WYG_062-20b
064.md	323	KR4h0117_WYG_062-21a
064.md	331	KR4h0117_WYG_062-21b
064.md	339	KR4h0117_WYG_062-22a
064.md	347	KR4h0117_WYG_062-22b
064.md	355	KR4h0117_WYG_062-23a
064.md	363	KR4h0117_WYG_062-23b
064.md	371	KR4h0117_WYG_062-24a
064.md	379	KR4h0117_WYG_062-24b
064.md	387	KR4h0117_WYG_062-25a
064.md	395	KR4h0117_WYG_062-25b
064.md	403	KR4h0117_WYG_062-26a
064.md	411	KR4h0117_WYG_062-26b
064.md	419	KR4h0117_WYG_062-27a
064.md	427	KR4h0117_WYG_062-27b
064.md	435	KR4h0117_WYG_062-28a
064.md	443	KR4h0117_WYG_062-28b
064.md	451	KR4h0117_WYG_062-29a
064.md	459	KR4h0117_WYG_062-29b
064.md	467	KR4h0117_WYG_062-30a
064.md	475	KR4h0117_WYG_062-30b
064.md	483	KR4h0117_WYG_062-31a
064.md	491	KR4h0117_WYG_062-31b
064.md	499	KR4h0117_WYG_062-32a
064.md	507	KR4h0117_WYG_062-32b
065.md	3	KR4h0117_WYG_063-1a
065.md	11	KR4h0117_WYG_063-1b
065.md	19	KR4h0117_WYG_063-2a
065.md	27	KR4h0117_WYG_063-2b
065.md	35	KR4h0117_WYG_063-3a
065.md	43	KR4h0117_WYG_063-3b
065.md	51	KR4h0117_WYG_063-4a
065.md	59	KR4h0117_WYG_063-4b
065.md	67	KR4h0117_WYG_063-5a
065.md	75	KR4h0117_WYG_063-5b
065.md	83	KR4h0117_WYG_063-6a
065.md	91	KR4h0117_WYG_063-6b
065.md	99	KR4h0117_WYG_063-7a
065.md	107	KR4h0117_WYG_063-7b
065.md	115	KR4h0117_WYG_063-8a
065.md	123	KR4h0117_WYG_063-8b
065.md	131	KR4h0117_WYG_063-9a
065.md	139	KR4h0117_WYG_063-9b
065.md	147	KR4h0117_WYG_063-10a
065.md	155	KR4h0117_WYG_063-10b
065.md	163	KR4h0117_WYG_063-11a
065.md	171	KR4h0117_WYG_063-11b
065.md	179	KR4h0117_WYG_063-12a
065.md	187	KR4h0117_WYG_063-12b
065.md	195	KR4h0117_WYG_063-13a
065.md	203	KR4h0117_WYG_063-13b
065.md	211	KR4h0117_WYG_063-14a
065.md	219	KR4h0117_WYG_063-14b
065.md	227	KR4h0117_WYG_063-15a
065.md	235	KR4h0117_WYG_063-15b
065.md	243	KR4h0117_WYG_063-16a
065.md	251	KR4h0117_WYG_063-16b
066.md	3	KR4h0117_WYG_064-1a
066.md	11	KR4h0117_WYG_064-1b
066.md	19	KR4h0117_WYG_064-2a
066.md	27	KR4h0117_WYG_064-2b
066.md	35	KR4h0117_WYG_064-3a
066.md	43	KR4h0117_WYG_064-3b
066.md	51	KR4h0117_WYG_064-4a
066.md	59	KR4h0117_WYG_064-4b
066.md	67	KR4h0117_WYG_064-5a
066.md	75	KR4h0117_WYG_064-5b
066.md	83	KR4h0117_WYG_064-6a
066.md	91	KR4h0117_WYG_064-6b
066.md	99	KR4h0117_WYG_064-7a
066.md	107	KR4h0117_WYG_064-7b
066.md	115	KR4h0117_WYG_064-8a
066.md	123	KR4h0117_WYG_064-8b
066.md	131	KR4h0117_WYG_064-9a
066.md	139	KR4h0117_WYG_064-9b
066.md	147	KR4h0117_WYG_064-10a
066.md	155	KR4h0117_WYG_064-10b
066.md	163	KR4h0117_WYG_064-11a
066.md	171	KR4h0117_WYG_064-11b
066.md	179	KR4h0117_WYG_064-12a
066.md	187	KR4h0117_WYG_064-12b
066.md	195	KR4h0117_WYG_064-13a
066.md	203	KR4h0117_WYG_064-13b
066.md	211	KR4h0117_WYG_064-14a
066.md	219	KR4h0117_WYG_064-14b
066.md	227	KR4h0117_WYG_064-15a
066.md	235	KR4h0117_WYG_064-15b
066.md	243	KR4h0117_WYG_064-16a
066.md	251	KR4h0117_WYG_064-16b
066.md	259	KR4h0117_WYG_064-17a
066.md	267	KR4h0117_WYG_064-17b
066.md	275	KR4h0117_WYG_064-18a
066.md	283	KR4h0117_WYG_064-18b
066.md	291	KR4h0117_WYG_064-19a
066.md	299	KR4h0117_WYG_064-19b
066.md	307	KR4h0117_WYG_064-20a
066.md	315	KR4h0117_WYG_064-20b
066.md	323	KR4h0117_WYG_064-21a
066.md	331	KR4h0117_WYG_064-21b
066.md	339	KR4h0117_WYG_064-22a
066.md	347	KR4h0117_WYG_064-22b
066.md	355	KR4h0117_WYG_064-23a
066.md	363	KR4h0117_WYG_064-23b
066.md	371	KR4h0117_WYG_064-24a
066.md	379	KR4h0117_WYG_064-24b
066.md	387	KR4h0117_WYG_064-25a
066.md	395	KR4h0117_WYG_064-25b
066.md	403	KR4h0117_WYG_064-26a
066.md	411	KR4h0117_WYG_064-26b
066.md	419	KR4h0117_WYG_064-27a
066.md	427	KR4h0117_WYG_064-27b
067.md	3	KR4h0117_WYG_065-1a
067.md	11	KR4h0117_WYG_065-1b
067.md	19	KR4h0117_WYG_065-2a
067.md	27	KR4h0117_WYG_065-2b
067.md	35	KR4h0117_WYG_065-3a
067.md	43	KR4h0117_WYG_065-3b
067.md	51	KR4h0117_WYG_065-4a
067.md	59	KR4h0117_WYG_065-4b
067.md	67	KR4h0117_WYG_065-5a
067.md	75	KR4h0117_WYG_065-5b
067.md	83	KR4h0117_WYG_065-6a
067.md	91	KR4h0117_WYG_065-6b
067.md	99	KR4h0117_WYG_065-7a
067.md	107	KR4h0117_WYG_065-7b
067.md	115	KR4h0117_WYG_065-8a
067.md	123	KR4h0117_WYG_065-8b
067.md	131	KR4h0117_WYG_065-9a
067.md	139	KR4h0117_WYG_065-9b
067.md	147	KR4h0117_WYG_065-10a
067.md	155	KR4h0117_WYG_065-10b
067.md	163	KR4h0117_WYG_065-11a
067.md	171	KR4h0117_WYG_065-11b
067.md	179	KR4h0117_WYG_065-12a
067.md	187	KR4h0117_WYG_065-12b
067.md	195	KR4h0117_WYG_065-13a
067.md	203	KR4h0117_WYG_065-13b
067.md	211	KR4h0117_WYG_065-14a
067.md	219	KR4h0117_WYG_065-14b
067.md	227	KR4h0117_WYG_065-15a
067.md	235	KR4h0117_WYG_065-15b
067.md	243	KR4h0117_WYG_065-16a
067.md	251	KR4h0117_WYG_065-16b
067.md	259	KR4h0117_WYG_065-17a
067.md	267	KR4h0117_WYG_065-17b
067.md	275	KR4h0117_WYG_065-18a
067.md	283	KR4h0117_WYG_065-18b
067.md	291	KR4h0117_WYG_065-19a
067.md	299	KR4h0117_WYG_065-19b
067.md	307	KR4h0117_WYG_065-20a
067.md	315	KR4h0117_WYG_065-20b
067.md	323	KR4h0117_WYG_065-21a
067.md	331	KR4h0117_WYG_065-21b
067.md	339	KR4h0117_WYG_065-22a
067.md	347	KR4h0117_WYG_065-22b
067.md	355	KR4h0117_WYG_065-23a
067.md	363	KR4h0117_WYG_065-23b
067.md	371	KR4h0117_WYG_065-24a
067.md	379	KR4h0117_WYG_065-24b
068.md	3	KR4h0117_WYG_066-1a
068.md	11	KR4h0117_WYG_066-1b
068.md	19	KR4h0117_WYG_066-2a
068.md	27	KR4h0117_WYG_066-2b
068.md	35	KR4h0117_WYG_066-3a
068.md	43	KR4h0117_WYG_066-3b
068.md	51	KR4h0117_WYG_066-4a
068.md	59	KR4h0117_WYG_066-4b
068.md	67	KR4h0117_WYG_066-5a
068.md	75	KR4h0117_WYG_066-5b
068.md	83	KR4h0117_WYG_066-6a
068.md	91	KR4h0117_WYG_066-6b
068.md	99	KR4h0117_WYG_066-7a
068.md	107	KR4h0117_WYG_066-7b
068.md	115	KR4h0117_WYG_066-8a
068.md	123	KR4h0117_WYG_066-8b
068.md	131	KR4h0117_WYG_066-9a
068.md	139	KR4h0117_WYG_066-9b
068.md	147	KR4h0117_WYG_066-10a
068.md	155	KR4h0117_WYG_066-10b
068.md	163	KR4h0117_WYG_066-11a
068.md	171	KR4h0117_WYG_066-11b
068.md	179	KR4h0117_WYG_066-12a
068.md	187	KR4h0117_WYG_066-12b
068.md	195	KR4h0117_WYG_066-13a
068.md	203	KR4h0117_WYG_066-13b
068.md	211	KR4h0117_WYG_066-14a
068.md	219	KR4h0117_WYG_066-14b
068.md	227	KR4h0117_WYG_066-15a
068.md	235	KR4h0117_WYG_066-15b
069.md	3	KR4h0117_WYG_067-1a
069.md	11	KR4h0117_WYG_067-1b
069.md	19	KR4h0117_WYG_067-2a
069.md	27	KR4h0117_WYG_067-2b
069.md	35	KR4h0117_WYG_067-3a
069.md	43	KR4h0117_WYG_067-3b
069.md	51	KR4h0117_WYG_067-4a
069.md	59	KR4h0117_WYG_067-4b
069.md	67	KR4h0117_WYG_067-5a
069.md	75	KR4h0117_WYG_067-5b
069.md	83	KR4h0117_WYG_067-6a
069.md	91	KR4h0117_WYG_067-6b
069.md	99	KR4h0117_WYG_067-7a
069.md	107	KR4h0117_WYG_067-7b
069.md	115	KR4h0117_WYG_067-8a
069.md	123	KR4h0117_WYG_067-8b
069.md	131	KR4h0117_WYG_067-9a
069.md	139	KR4h0117_WYG_067-9b
069.md	147	KR4h0117_WYG_067-10a
069.md	155	KR4h0117_WYG_067-10b
069.md	163	KR4h0117_WYG_067-11a
069.md	171	KR4h0117_WYG_067-11b
069.md	179	KR4h0117_WYG_067-12a
069.md	187	KR4h0117_WYG_067-12b
069.md	195	KR4h0117_WYG_067-13a
069.md	203	KR4h0117_WYG_067-13b
069.md	211	KR4h0117_WYG_067-14a
069.md	219	KR4h0117_WYG_067-14b
069.md	227	KR4h0117_WYG_067-15a
069.md	235	KR4h0117_WYG_067-15b
069.md	243	KR4h0117_WYG_067-16a
069.md	251	KR4h0117_WYG_067-16b
069.md	259	KR4h0117_WYG_067-17a
069.md	267	KR4h0117_WYG_067-17b
069.md	275	KR4h0117_WYG_067-18a
069.md	283	KR4h0117_WYG_067-18b
069.md	291	KR4h0117_WYG_067-19a
069.md	299	KR4h0117_WYG_067-19b
069.md	307	KR4h0117_WYG_067-20a
069.md	315	KR4h0117_WYG_067-20b
069.md	323	KR4h0117_WYG_067-21a
069.md	331	KR4h0117_WYG_067-21b
069.md	339	KR4h0117_WYG_067-22a
069.md	347	KR4h0117_WYG_067-22b
069.md	355	KR4h0117_WYG_067-23a
069.md	363	KR4h0117_WYG_067-23b
069.md	371	KR4h0117_WYG_067-24a
069.md	379	KR4h0117_WYG_067-24b
070.md	3	KR4h0117_WYG_068-1a
070.md	11	KR4h0117_WYG_068-1b
070.md	19	KR4h0117_WYG_068-2a
070.md	27	KR4h0117_WYG_068-2b
070.md	35	KR4h0117_WYG_068-3a
070.md	43	KR4h0117_WYG_068-3b
070.md	51	KR4h0117_WYG_068-4a
070.md	59	KR4h0117_WYG_068-4b
070.md	67	KR4h0117_WYG_068-5a
070.md	75	KR4h0117_WYG_068-5b
070.md	83	KR4h0117_WYG_068-6a
070.md	91	KR4h0117_WYG_068-6b
070.md	99	KR4h0117_WYG_068-7a
070.md	107	KR4h0117_WYG_068-7b
070.md	115	KR4h0117_WYG_068-8a
070.md	123	KR4h0117_WYG_068-8b
070.md	131	KR4h0117_WYG_068-9a
070.md	139	KR4h0117_WYG_068-9b
070.md	147	KR4h0117_WYG_068-10a
070.md	155	KR4h0117_WYG_068-10b
070.md	163	KR4h0117_WYG_068-11a
070.md	171	KR4h0117_WYG_068-11b
070.md	179	KR4h0117_WYG_068-12a
070.md	187	KR4h0117_WYG_068-12b
070.md	195	KR4h0117_WYG_068-13a
070.md	203	KR4h0117_WYG_068-13b
070.md	211	KR4h0117_WYG_068-14a
070.md	219	KR4h0117_WYG_068-14b
070.md	227	KR4h0117_WYG_068-15a
070.md	235	KR4h0117_WYG_068-15b
070.md	243	KR4h0117_WYG_068-16a
070.md	251	KR4h0117_WYG_068-16b
070.md	259	KR4h0117_WYG_068-17a
070.md	267	KR4h0117_WYG_068-17b
070.md	275	KR4h0117_WYG_068-18a
070.md	283	KR4h0117_WYG_068-18b
070.md	291	KR4h0117_WYG_068-19a
070.md	299	KR4h0117_WYG_068-19b
070.md	307	KR4h0117_WYG_068-20a
070.md	315	KR4h0117_WYG_068-20b
070.md	323	KR4h0117_WYG_068-21a
070.md	331	KR4h0117_WYG_068-21b
070.md	339	KR4h0117_WYG_068-22a
070.md	347	KR4h0117_WYG_068-22b
070.md	355	KR4h0117_WYG_068-23a
070.md	363	KR4h0117_WYG_068-23b
070.md	371	KR4h0117_WYG_068-24a
070.md	379	KR4h0117_WYG_068-24b
070.md	387	KR4h0117_WYG_068-25a
070.md	395	KR4h0117_WYG_068-25b
070.md	403	KR4h0117_WYG_068-26a
070.md	411	KR4h0117_WYG_068-26b
070.md	419	KR4h0117_WYG_068-27a
070.md	427	KR4h0117_WYG_068-27b
070.md	435	KR4h0117_WYG_068-28a
070.md	443	KR4h0117_WYG_068-28b
071.md	3	KR4h0117_WYG_069-1a
071.md	11	KR4h0117_WYG_069-1b
071.md	19	KR4h0117_WYG_069-2a
071.md	27	KR4h0117_WYG_069-2b
071.md	35	KR4h0117_WYG_069-3a
071.md	43	KR4h0117_WYG_069-3b
071.md	51	KR4h0117_WYG_069-4a
071.md	59	KR4h0117_WYG_069-4b
071.md	67	KR4h0117_WYG_069-5a
071.md	75	KR4h0117_WYG_069-5b
071.md	83	KR4h0117_WYG_069-6a
071.md	91	KR4h0117_WYG_069-6b
071.md	99	KR4h0117_WYG_069-7a
071.md	107	KR4h0117_WYG_069-7b
071.md	115	KR4h0117_WYG_069-8a
071.md	123	KR4h0117_WYG_069-8b
071.md	131	KR4h0117_WYG_069-9a
071.md	139	KR4h0117_WYG_069-9b
071.md	147	KR4h0117_WYG_069-10a
071.md	155	KR4h0117_WYG_069-10b
071.md	163	KR4h0117_WYG_069-11a
071.md	171	KR4h0117_WYG_069-11b
071.md	179	KR4h0117_WYG_069-12a
071.md	187	KR4h0117_WYG_069-12b
071.md	195	KR4h0117_WYG_069-13a
071.md	203	KR4h0117_WYG_069-13b
071.md	211	KR4h0117_WYG_069-14a
071.md	219	KR4h0117_WYG_069-14b
071.md	227	KR4h0117_WYG_069-15a
071.md	235	KR4h0117_WYG_069-15b
071.md	243	KR4h0117_WYG_069-16a
071.md	251	KR4h0117_WYG_069-16b
071.md	259	KR4h0117_WYG_069-17a
071.md	267	KR4h0117_WYG_069-17b
071.md	275	KR4h0117_WYG_069-18a
071.md	283	KR4h0117_WYG_069-18b
071.md	291	KR4h0117_WYG_069-19a
071.md	299	KR4h0117_WYG_069-19b
071.md	307	KR4h0117_WYG_069-20a
071.md	315	KR4h0117_WYG_069-20b
071.md	323	KR4h0117_WYG_069-21a
071.md	331	KR4h0117_WYG_069-21b
071.md	339	KR4h0117_WYG_069-22a
071.md	347	KR4h0117_WYG_069-22b
071.md	355	KR4h0117_WYG_069-23a
071.md	363	KR4h0117_WYG_069-23b
071.md	371	KR4h0117_WYG_069-24a
071.md	379	KR4h0117_WYG_069-24b
071.md	387	KR4h0117_WYG_069-25a
071.md	395	KR4h0117_WYG_069-25b
071.md	403	KR4h0117_WYG_069-26a
071.md	411	KR4h0117_WYG_069-26b
071.md	419	KR4h0117_WYG_069-27a
071.md	427	KR4h0117_WYG_069-27b
071.md	435	KR4h0117_WYG_069-28a
071.md	443	KR4h0117_WYG_069-28b
071.md	451	KR4h0117_WYG_069-29a
071.md	459	KR4h0117_WYG_069-29b
071.md	467	KR4h0117_WYG_069-30a
071.md	475	KR4h0117_WYG_069-30b
071.md	483	KR4h0117_WYG_069-31a
071.md	491	KR4h0117_WYG_069-31b
071.md	499	KR4h0117_WYG_069-32a
071.md	507	KR4h0117_WYG_069-32b
071.md	515	KR4h0117_WYG_069-33a
071.md	523	KR4h0117_WYG_069-33b
071.md	531	KR4h0117_WYG_069-34a
071.md	539	KR4h0117_WYG_069-34b
071.md	547	KR4h0117_WYG_069-35a
071.md	555	KR4h0117_WYG_069-35b
072.md	3	KR4h0117_WYG_070-1a
072.md	11	KR4h0117_WYG_070-1b
072.md	19	KR4h0117_WYG_070-2a
072.md	27	KR4h0117_WYG_070-2b
072.md	35	KR4h0117_WYG_070-3a
072.md	43	KR4h0117_WYG_070-3b
072.md	51	KR4h0117_WYG_070-4a
072.md	59	KR4h0117_WYG_070-4b
072.md	67	KR4h0117_WYG_070-5a
072.md	75	KR4h0117_WYG_070-5b
072.md	83	KR4h0117_WYG_070-6a
072.md	91	KR4h0117_WYG_070-6b
072.md	99	KR4h0117_WYG_070-7a
072.md	107	KR4h0117_WYG_070-7b
072.md	115	KR4h0117_WYG_070-8a
072.md	123	KR4h0117_WYG_070-8b
072.md	131	KR4h0117_WYG_070-9a
072.md	139	KR4h0117_WYG_070-9b
072.md	147	KR4h0117_WYG_070-10a
072.md	155	KR4h0117_WYG_070-10b
072.md	163	KR4h0117_WYG_070-11a
072.md	171	KR4h0117_WYG_070-11b
072.md	179	KR4h0117_WYG_070-12a
072.md	187	KR4h0117_WYG_070-12b
072.md	195	KR4h0117_WYG_070-13a
072.md	203	KR4h0117_WYG_070-13b
072.md	211	KR4h0117_WYG_070-14a
072.md	219	KR4h0117_WYG_070-14b
072.md	227	KR4h0117_WYG_070-15a
072.md	235	KR4h0117_WYG_070-15b
073.md	3	KR4h0117_WYG_071-1a
073.md	11	KR4h0117_WYG_071-1b
073.md	19	KR4h0117_WYG_071-2a
073.md	27	KR4h0117_WYG_071-2b
073.md	35	KR4h0117_WYG_071-3a
073.md	43	KR4h0117_WYG_071-3b
073.md	51	KR4h0117_WYG_071-4a
073.md	59	KR4h0117_WYG_071-4b
073.md	67	KR4h0117_WYG_071-5a
073.md	75	KR4h0117_WYG_071-5b
073.md	83	KR4h0117_WYG_071-6a
073.md	91	KR4h0117_WYG_071-6b
073.md	99	KR4h0117_WYG_071-7a
073.md	107	KR4h0117_WYG_071-7b
073.md	115	KR4h0117_WYG_071-8a
073.md	123	KR4h0117_WYG_071-8b
073.md	131	KR4h0117_WYG_071-9a
073.md	139	KR4h0117_WYG_071-9b
073.md	147	KR4h0117_WYG_071-10a
073.md	155	KR4h0117_WYG_071-10b
073.md	163	KR4h0117_WYG_071-11a
073.md	171	KR4h0117_WYG_071-11b
073.md	179	KR4h0117_WYG_071-12a
073.md	187	KR4h0117_WYG_071-12b
073.md	195	KR4h0117_WYG_071-13a
073.md	203	KR4h0117_WYG_071-13b
073.md	211	KR4h0117_WYG_071-14a
073.md	219	KR4h0117_WYG_071-14b
073.md	227	KR4h0117_WYG_071-15a
073.md	235	KR4h0117_WYG_071-15b
073.md	243	KR4h0117_WYG_071-16a
073.md	251	KR4h0117_WYG_071-16b
073.md	259	KR4h0117_WYG_071-17a
073.md	267	KR4h0117_WYG_071-17b
073.md	275	KR4h0117_WYG_071-18a
073.md	283	KR4h0117_WYG_071-18b
073.md	291	KR4h0117_WYG_071-19a
073.md	299	KR4h0117_WYG_071-19b
073.md	307	KR4h0117_WYG_071-20a
073.md	315	KR4h0117_WYG_071-20b
073.md	323	KR4h0117_WYG_071-21a
073.md	331	KR4h0117_WYG_071-21b
073.md	339	KR4h0117_WYG_071-22a
073.md	347	KR4h0117_WYG_071-22b
073.md	355	KR4h0117_WYG_071-23a
073.md	363	KR4h0117_WYG_071-23b
073.md	371	KR4h0117_WYG_071-24a
073.md	379	KR4h0117_WYG_071-24b
073.md	387	KR4h0117_WYG_071-25a
073.md	395	KR4h0117_WYG_071-25b
074.md	3	KR4h0117_WYG_072-1a
074.md	11	KR4h0117_WYG_072-1b
074.md	19	KR4h0117_WYG_072-2a
074.md	27	KR4h0117_WYG_072-2b
074.md	35	KR4h0117_WYG_072-3a
074.md	43	KR4h0117_WYG_072-3b
074.md	51	KR4h0117_WYG_072-4a
074.md	59	KR4h0117_WYG_072-4b
074.md	67	KR4h0117_WYG_072-5a
074.md	75	KR4h0117_WYG_072-5b
074.md	83	KR4h0117_WYG_072-6a
074.md	91	KR4h0117_WYG_072-6b
074.md	99	KR4h0117_WYG_072-7a
074.md	107	KR4h0117_WYG_072-7b
074.md	115	KR4h0117_WYG_072-8a
074.md	123	KR4h0117_WYG_072-8b
074.md	131	KR4h0117_WYG_072-9a
074.md	139	KR4h0117_WYG_072-9b
074.md	147	KR4h0117_WYG_072-10a
074.md	155	KR4h0117_WYG_072-10b
074.md	163	KR4h0117_WYG_072-11a
074.md	171	KR4h0117_WYG_072-11b
074.md	179	KR4h0117_WYG_072-12a
074.md	187	KR4h0117_WYG_072-12b
074.md	195	KR4h0117_WYG_072-13a
074.md	203	KR4h0117_WYG_072-13b
074.md	211	KR4h0117_WYG_072-14a
074.md	219	KR4h0117_WYG_072-14b
074.md	227	KR4h0117_WYG_072-15a
074.md	235	KR4h0117_WYG_072-15b
074.md	243	KR4h0117_WYG_072-16a
074.md	251	KR4h0117_WYG_072-16b
074.md	259	KR4h0117_WYG_072-17a
074.md	267	KR4h0117_WYG_072-17b
074.md	275	KR4h0117_WYG_072-18a
074.md	283	KR4h0117_WYG_072-18b
074.md	291	KR4h0117_WYG_072-19a
074.md	299	KR4h0117_WYG_072-19b
074.md	307	KR4h0117_WYG_072-20a
074.md	315	KR4h0117_WYG_072-20b
074.md	323	KR4h0117_WYG_072-21a
074.md	331	KR4h0117_WYG_072-21b
074.md	339	KR4h0117_WYG_072-22a
074.md	347	KR4h0117_WYG_072-22b
074.md	355	KR4h0117_WYG_072-23a
074.md	363	KR4h0117_WYG_072-23b
074.md	371	KR4h0117_WYG_072-24a
074.md	379	KR4h0117_WYG_072-24b
074.md	387	KR4h0117_WYG_072-25a
074.md	395	KR4h0117_WYG_072-25b
074.md	403	KR4h0117_WYG_072-26a
074.md	411	KR4h0117_WYG_072-26b
074.md	419	KR4h0117_WYG_072-27a
074.md	427	KR4h0117_WYG_072-27b
074.md	435	KR4h0117_WYG_072-28a
074.md	443	KR4h0117_WYG_072-28b
074.md	451	KR4h0117_WYG_072-29a
074.md	459	KR4h0117_WYG_072-29b
074.md	467	KR4h0117_WYG_072-30a
074.md	475	KR4h0117_WYG_072-30b
074.md	483	KR4h0117_WYG_072-31a
074.md	491	KR4h0117_WYG_072-31b
074.md	499	KR4h0117_WYG_072-32a
074.md	507	KR4h0117_WYG_072-32b
074.md	515	KR4h0117_WYG_072-33a
074.md	523	KR4h0117_WYG_072-33b
074.md	531	KR4h0117_WYG_072-34a
074.md	539	KR4h0117_WYG_072-34b
074.md	547	KR4h0117_WYG_072-35a
074.md	555	KR4h0117_WYG_072-35b
074.md	563	KR4h0117_WYG_072-36a
074.md	571	KR4h0117_WYG_072-36b
074.md	579	KR4h0117_WYG_072-37a
074.md	587	KR4h0117_WYG_072-37b
074.md	595	KR4h0117_WYG_072-38a
074.md	603	KR4h0117_WYG_072-38b
075.md	3	KR4h0117_WYG_073-1a
075.md	11	KR4h0117_WYG_073-1b
075.md	19	KR4h0117_WYG_073-2a
075.md	27	KR4h0117_WYG_073-2b
075.md	35	KR4h0117_WYG_073-3a
075.md	43	KR4h0117_WYG_073-3b
075.md	51	KR4h0117_WYG_073-4a
075.md	59	KR4h0117_WYG_073-4b
075.md	67	KR4h0117_WYG_073-5a
075.md	75	KR4h0117_WYG_073-5b
075.md	83	KR4h0117_WYG_073-6a
075.md	91	KR4h0117_WYG_073-6b
075.md	99	KR4h0117_WYG_073-7a
075.md	107	KR4h0117_WYG_073-7b
075.md	115	KR4h0117_WYG_073-8a
075.md	123	KR4h0117_WYG_073-8b
075.md	131	KR4h0117_WYG_073-9a
075.md	139	KR4h0117_WYG_073-9b
075.md	147	KR4h0117_WYG_073-10a
075.md	155	KR4h0117_WYG_073-10b
075.md	163	KR4h0117_WYG_073-11a
075.md	171	KR4h0117_WYG_073-11b
075.md	179	KR4h0117_WYG_073-12a
075.md	187	KR4h0117_WYG_073-12b
075.md	195	KR4h0117_WYG_073-13a
075.md	203	KR4h0117_WYG_073-13b
075.md	211	KR4h0117_WYG_073-14a
075.md	219	KR4h0117_WYG_073-14b
075.md	227	KR4h0117_WYG_073-15a
075.md	235	KR4h0117_WYG_073-15b
075.md	243	KR4h0117_WYG_073-16a
075.md	251	KR4h0117_WYG_073-16b
075.md	259	KR4h0117_WYG_073-17a
075.md	267	KR4h0117_WYG_073-17b
075.md	275	KR4h0117_WYG_073-18a
075.md	283	KR4h0117_WYG_073-18b
075.md	291	KR4h0117_WYG_073-19a
075.md	299	KR4h0117_WYG_073-19b
076.md	3	KR4h0117_WYG_074-1a
076.md	11	KR4h0117_WYG_074-1b
076.md	19	KR4h0117_WYG_074-2a
076.md	27	KR4h0117_WYG_074-2b
076.md	35	KR4h0117_WYG_074-3a
076.md	43	KR4h0117_WYG_074-3b
076.md	51	KR4h0117_WYG_074-4a
076.md	59	KR4h0117_WYG_074-4b
076.md	67	KR4h0117_WYG_074-5a
076.md	75	KR4h0117_WYG_074-5b
076.md	83	KR4h0117_WYG_074-6a
076.md	91	KR4h0117_WYG_074-6b
076.md	99	KR4h0117_WYG_074-7a
076.md	107	KR4h0117_WYG_074-7b
076.md	115	KR4h0117_WYG_074-8a
076.md	123	KR4h0117_WYG_074-8b
076.md	131	KR4h0117_WYG_074-9a
076.md	139	KR4h0117_WYG_074-9b
076.md	147	KR4h0117_WYG_074-10a
076.md	155	KR4h0117_WYG_074-10b
076.md	163	KR4h0117_WYG_074-11a
076.md	171	KR4h0117_WYG_074-11b
076.md	179	KR4h0117_WYG_074-12a
076.md	187	KR4h0117_WYG_074-12b
076.md	195	KR4h0117_WYG_074-13a
076.md	203	KR4h0117_WYG_074-13b
076.md	211	KR4h0117_WYG_074-14a
076.md	219	KR4h0117_WYG_074-14b
076.md	227	KR4h0117_WYG_074-15a
076.md	235	KR4h0117_WYG_074-15b
076.md	243	KR4h0117_WYG_074-16a
076.md	251	KR4h0117_WYG_074-16b
076.md	259	KR4h0117_WYG_074-17a
076.md	267	KR4h0117_WYG_074-17b
076.md	275	KR4h0117_WYG_074-18a
076.md	283	KR4h0117_WYG_074-18b
076.md	291	KR4h0117_WYG_074-19a
076.md	299	KR4h0117_WYG_074-19b
076.md	307	KR4h0117_WYG_074-20a
076.md	315	KR4h0117_WYG_074-20b
076.md	323	KR4h0117_WYG_074-21a
076.md	331	KR4h0117_WYG_074-21b
076.md	339	KR4h0117_WYG_074-22a
076.md	347	KR4h0117_WYG_074-22b
076.md	355	KR4h0117_WYG_074-23a
076.md	363	KR4h0117_WYG_074-23b
076.md	371	KR4h0117_WYG_074-24a
076.md	379	KR4h0117_WYG_074-24b
076.md	387	KR4h0117_WYG_074-25a
076.md	395	KR4h0117_WYG_074-25b
076.md	403	KR4h0117_WYG_074-26a
076.md	411	KR4h0117_WYG_074-26b
076.md	419	KR4h0117_WYG_074-27a
076.md	427	KR4h0117_WYG_074-27b
076.md	435	KR4h0117_WYG_074-28a
076.md	443	KR4h0117_WYG_074-28b
076.md	451	KR4h0117_WYG_074-29a
076.md	459	KR4h0117_WYG_074-29b
076.md	467	KR4h0117_WYG_074-30a
076.md	475	KR4h0117_WYG_074-30b
076.md	483	KR4h0117_WYG_074-31a
076.md	491	KR4h0117_WYG_074-31b
076.md	499	KR4h0117_WYG_074-32a
076.md	507	KR4h0117_WYG_074-32b
077.md	3	KR4h0117_WYG_075-1a
077.md	11	KR4h0117_WYG_075-1b
077.md	19	KR4h0117_WYG_075-2a
077.md	27	KR4h0117_WYG_075-2b
077.md	35	KR4h0117_WYG_075-3a
077.md	43	KR4h0117_WYG_075-3b
077.md	51	KR4h0117_WYG_075-4a
077.md	59	KR4h0117_WYG_075-4b
077.md	67	KR4h0117_WYG_075-5a
077.md	75	KR4h0117_WYG_075-5b
077.md	83	KR4h0117_WYG_075-6a
077.md	91	KR4h0117_WYG_075-6b
077.md	99	KR4h0117_WYG_075-7a
077.md	107	KR4h0117_WYG_075-7b
077.md	115	KR4h0117_WYG_075-8a
077.md	123	KR4h0117_WYG_075-8b
077.md	131	KR4h0117_WYG_075-9a
077.md	139	KR4h0117_WYG_075-9b
077.md	147	KR4h0117_WYG_075-10a
077.md	155	KR4h0117_WYG_075-10b
077.md	163	KR4h0117_WYG_075-11a
077.md	171	KR4h0117_WYG_075-11b
077.md	179	KR4h0117_WYG_075-12a
077.md	187	KR4h0117_WYG_075-12b
077.md	195	KR4h0117_WYG_075-13a
077.md	203	KR4h0117_WYG_075-13b
077.md	211	KR4h0117_WYG_075-14a
077.md	219	KR4h0117_WYG_075-14b
077.md	227	KR4h0117_WYG_075-15a
077.md	235	KR4h0117_WYG_075-15b
077.md	243	KR4h0117_WYG_075-16a
077.md	251	KR4h0117_WYG_075-16b
077.md	259	KR4h0117_WYG_075-17a
077.md	267	KR4h0117_WYG_075-17b
077.md	275	KR4h0117_WYG_075-18a
077.md	283	KR4h0117_WYG_075-18b
077.md	291	KR4h0117_WYG_075-19a
077.md	299	KR4h0117_WYG_075-19b
077.md	307	KR4h0117_WYG_075-20a
077.md	315	KR4h0117_WYG_075-20b
077.md	323	KR4h0117_WYG_075-21a
077.md	331	KR4h0117_WYG_075-21b
077.md	339	KR4h0117_WYG_075-22a
077.md	347	KR4h0117_WYG_075-22b
077.md	355	KR4h0117_WYG_075-23a
077.md	363	KR4h0117_WYG_075-23b
077.md	371	KR4h0117_WYG_075-24a
077.md	379	KR4h0117_WYG_075-24b
077.md	387	KR4h0117_WYG_075-25a
077.md	395	KR4h0117_WYG_075-25b
078.md	3	KR4h0117_WYG_076-1a
078.md	11	KR4h0117_WYG_076-1b
078.md	19	KR4h0117_WYG_076-2a
078.md	27	KR4h0117_WYG_076-2b
078.md	35	KR4h0117_WYG_076-3a
078.md	43	KR4h0117_WYG_076-3b
078.md	51	KR4h0117_WYG_076-4a
078.md	59	KR4h0117_WYG_076-4b
078.md	67	KR4h0117_WYG_076-5a
078.md	75	KR4h0117_WYG_076-5b
078.md	83	KR4h0117_WYG_076-6a
078.md	91	KR4h0117_WYG_076-6b
078.md	99	KR4h0117_WYG_076-7a
078.md	107	KR4h0117_WYG_076-7b
078.md	115	KR4h0117_WYG_076-8a
078.md	123	KR4h0117_WYG_076-8b
078.md	131	KR4h0117_WYG_076-9a
078.md	139	KR4h0117_WYG_076-9b
078.md	147	KR4h0117_WYG_076-10a
078.md	155	KR4h0117_WYG_076-10b
078.md	163	KR4h0117_WYG_076-11a
078.md	171	KR4h0117_WYG_076-11b
078.md	179	KR4h0117_WYG_076-12a
078.md	187	KR4h0117_WYG_076-12b
078.md	195	KR4h0117_WYG_076-13a
078.md	203	KR4h0117_WYG_076-13b
078.md	211	KR4h0117_WYG_076-14a
078.md	219	KR4h0117_WYG_076-14b
078.md	227	KR4h0117_WYG_076-15a
078.md	235	KR4h0117_WYG_076-15b
078.md	243	KR4h0117_WYG_076-16a
078.md	251	KR4h0117_WYG_076-16b
078.md	259	KR4h0117_WYG_076-17a
078.md	267	KR4h0117_WYG_076-17b
078.md	275	KR4h0117_WYG_076-18a
078.md	283	KR4h0117_WYG_076-18b
078.md	291	KR4h0117_WYG_076-19a
078.md	299	KR4h0117_WYG_076-19b
078.md	307	KR4h0117_WYG_076-20a
078.md	315	KR4h0117_WYG_076-20b
078.md	323	KR4h0117_WYG_076-21a
078.md	331	KR4h0117_WYG_076-21b
078.md	339	KR4h0117_WYG_076-22a
078.md	347	KR4h0117_WYG_076-22b
078.md	355	KR4h0117_WYG_076-23a
078.md	363	KR4h0117_WYG_076-23b
079.md	3	KR4h0117_WYG_077-1a
079.md	11	KR4h0117_WYG_077-1b
079.md	19	KR4h0117_WYG_077-2a
079.md	27	KR4h0117_WYG_077-2b
079.md	35	KR4h0117_WYG_077-3a
079.md	43	KR4h0117_WYG_077-3b
079.md	51	KR4h0117_WYG_077-4a
079.md	59	KR4h0117_WYG_077-4b
079.md	67	KR4h0117_WYG_077-5a
079.md	75	KR4h0117_WYG_077-5b
079.md	83	KR4h0117_WYG_077-6a
079.md	91	KR4h0117_WYG_077-6b
079.md	99	KR4h0117_WYG_077-7a
079.md	107	KR4h0117_WYG_077-7b
079.md	115	KR4h0117_WYG_077-8a
079.md	123	KR4h0117_WYG_077-8b
079.md	131	KR4h0117_WYG_077-9a
079.md	139	KR4h0117_WYG_077-9b
079.md	147	KR4h0117_WYG_077-10a
079.md	155	KR4h0117_WYG_077-10b
079.md	163	KR4h0117_WYG_077-11a
079.md	171	KR4h0117_WYG_077-11b
079.md	179	KR4h0117_WYG_077-12a
079.md	187	KR4h0117_WYG_077-12b
079.md	195	KR4h0117_WYG_077-13a
079.md	203	KR4h0117_WYG_077-13b
079.md	211	KR4h0117_WYG_077-14a
079.md	219	KR4h0117_WYG_077-14b
079.md	227	KR4h0117_WYG_077-15a
079.md	235	KR4h0117_WYG_077-15b
079.md	243	KR4h0117_WYG_077-16a
079.md	251	KR4h0117_WYG_077-16b
079.md	259	KR4h0117_WYG_077-17a
079.md	267	KR4h0117_WYG_077-17b
079.md	275	KR4h0117_WYG_077-18a
079.md	283	KR4h0117_WYG_077-18b
079.md	291	KR4h0117_WYG_077-19a
079.md	299	KR4h0117_WYG_077-19b
079.md	307	KR4h0117_WYG_077-20a
079.md	315	KR4h0117_WYG_077-20b
079.md	323	KR4h0117_WYG_077-21a
079.md	331	KR4h0117_WYG_077-21b
080.md	3	KR4h0117_WYG_078-1a
080.md	11	KR4h0117_WYG_078-1b
080.md	19	KR4h0117_WYG_078-2a
080.md	27	KR4h0117_WYG_078-2b
080.md	35	KR4h0117_WYG_078-3a
080.md	43	KR4h0117_WYG_078-3b
080.md	51	KR4h0117_WYG_078-4a
080.md	59	KR4h0117_WYG_078-4b
080.md	67	KR4h0117_WYG_078-5a
080.md	75	KR4h0117_WYG_078-5b
080.md	83	KR4h0117_WYG_078-6a
080.md	91	KR4h0117_WYG_078-6b
080.md	99	KR4h0117_WYG_078-7a
080.md	107	KR4h0117_WYG_078-7b
080.md	115	KR4h0117_WYG_078-8a
080.md	123	KR4h0117_WYG_078-8b
080.md	131	KR4h0117_WYG_078-9a
080.md	139	KR4h0117_WYG_078-9b
080.md	147	KR4h0117_WYG_078-10a
080.md	155	KR4h0117_WYG_078-10b
080.md	163	KR4h0117_WYG_078-11a
080.md	171	KR4h0117_WYG_078-11b
080.md	179	KR4h0117_WYG_078-12a
080.md	187	KR4h0117_WYG_078-12b
081.md	3	KR4h0117_WYG_079-1a
081.md	11	KR4h0117_WYG_079-1b
081.md	19	KR4h0117_WYG_079-2a
081.md	27	KR4h0117_WYG_079-2b
081.md	35	KR4h0117_WYG_079-3a
081.md	43	KR4h0117_WYG_079-3b
081.md	51	KR4h0117_WYG_079-4a
081.md	59	KR4h0117_WYG_079-4b
081.md	67	KR4h0117_WYG_079-5a
081.md	75	KR4h0117_WYG_079-5b
081.md	83	KR4h0117_WYG_079-6a
081.md	91	KR4h0117_WYG_079-6b
081.md	99	KR4h0117_WYG_079-7a
081.md	107	KR4h0117_WYG_079-7b
081.md	115	KR4h0117_WYG_079-8a
081.md	123	KR4h0117_WYG_079-8b
081.md	131	KR4h0117_WYG_079-9a
081.md	139	KR4h0117_WYG_079-9b
081.md	147	KR4h0117_WYG_079-10a
081.md	155	KR4h0117_WYG_079-10b
081.md	163	KR4h0117_WYG_079-11a
081.md	171	KR4h0117_WYG_079-11b
081.md	179	KR4h0117_WYG_079-12a
081.md	187	KR4h0117_WYG_079-12b
081.md	195	KR4h0117_WYG_079-13a
081.md	203	KR4h0117_WYG_079-13b
081.md	211	KR4h0117_WYG_079-14a
081.md	219	KR4h0117_WYG_079-14b
081.md	227	KR4h0117_WYG_079-15a
081.md	235	KR4h0117_WYG_079-15b
081.md	243	KR4h0117_WYG_079-16a
081.md	251	KR4h0117_WYG_079-16b
081.md	259	KR4h0117_WYG_079-17a
081.md	267	KR4h0117_WYG_079-17b
081.md	275	KR4h0117_WYG_079-18a
081.md	283	KR4h0117_WYG_079-18b
081.md	291	KR4h0117_WYG_079-19a
081.md	299	KR4h0117_WYG_079-19b
081.md	307	KR4h0117_WYG_079-20a
081.md	315	KR4h0117_WYG_079-20b
082.md	3	KR4h0117_WYG_080-1a
082.md	11	KR4h0117_WYG_080-1b
082.md	19	KR4h0117_WYG_080-2a
082.md	27	KR4h0117_WYG_080-2b
082.md	35	KR4h0117_WYG_080-3a
082.md	43	KR4h0117_WYG_080-3b
082.md	51	KR4h0117_WYG_080-4a
082.md	59	KR4h0117_WYG_080-4b
082.md	67	KR4h0117_WYG_080-5a
082.md	75	KR4h0117_WYG_080-5b
082.md	83	KR4h0117_WYG_080-6a
082.md	91	KR4h0117_WYG_080-6b
082.md	99	KR4h0117_WYG_080-7a
082.md	107	KR4h0117_WYG_080-7b
082.md	115	KR4h0117_WYG_080-8a
082.md	123	KR4h0117_WYG_080-8b
082.md	131	KR4h0117_WYG_080-9a
082.md	139	KR4h0117_WYG_080-9b
082.md	147	KR4h0117_WYG_080-10a
082.md	155	KR4h0117_WYG_080-10b
082.md	163	KR4h0117_WYG_080-11a
082.md	171	KR4h0117_WYG_080-11b
082.md	179	KR4h0117_WYG_080-12a
082.md	187	KR4h0117_WYG_080-12b
082.md	195	KR4h0117_WYG_080-13a
082.md	203	KR4h0117_WYG_080-13b
082.md	211	KR4h0117_WYG_080-14a
082.md	219	KR4h0117_WYG_080-14b
082.md	227	KR4h0117_WYG_080-15a
082.md	235	KR4h0117_WYG_080-15b
082.md	243	KR4h0117_WYG_080-16a
082.md	251	KR4h0117_WYG_080-16b
082.md	259	KR4h0117_WYG_080-17a
082.md	267	KR4h0117_WYG_080-17b
082.md	275	KR4h0117_WYG_080-18a
082.md	283	KR4h0117_WYG_080-18b
082.md	291	KR4h0117_WYG_080-19a
082.md	299	KR4h0117_WYG_080-19b
082.md	307	KR4h0117_WYG_080-20a
082.md	315	KR4h0117_WYG_080-20b
082.md	323	KR4h0117_WYG_080-21a
082.md	331	KR4h0117_WYG_080-21b
082.md	339	KR4h0117_WYG_080-22a
082.md	347	KR4h0117_WYG_080-22b
082.md	355	KR4h0117_WYG_080-23a
082.md	363	KR4h0117_WYG_080-23b
082.md	371	KR4h0117_WYG_080-24a
082.md	379	KR4h0117_WYG_080-24b
082.md	387	KR4h0117_WYG_080-25a
082.md	395	KR4h0117_WYG_080-25b
082.md	403	KR4h0117_WYG_080-26a
082.md	411	KR4h0117_WYG_080-26b
082.md	419	KR4h0117_WYG_080-27a
082.md	427	KR4h0117_WYG_080-27b
082.md	435	KR4h0117_WYG_080-28a
082.md	443	KR4h0117_WYG_080-28b
082.md	451	KR4h0117_WYG_080-29a
082.md	459	KR4h0117_WYG_080-29b
082.md	467	KR4h0117_WYG_080-30a
082.md	475	KR4h0117_WYG_080-30b
082.md	483	KR4h0117_WYG_080-31a
082.md	491	KR4h0117_WYG_080-31b
082.md	499	KR4h0117_WYG_080-32a
082.md	507	KR4h0117_WYG_080-32b
082.md	515	KR4h0117_WYG_080-33a
082.md	523	KR4h0117_WYG_080-33b
082.md	531	KR4h0117_WYG_080-34a
082.md	539	KR4h0117_WYG_080-34b
082.md	547	KR4h0117_WYG_080-35a
082.md	555	KR4h0117_WYG_080-35b
082.md	563	KR4h0117_WYG_080-36a
082.md	571	KR4h0117_WYG_080-36b
082.md	579	KR4h0117_WYG_080-37a
082.md	587	KR4h0117_WYG_080-37b
082.md	595	KR4h0117_WYG_080-38a
082.md	603	KR4h0117_WYG_080-38b
082.md	611	KR4h0117_WYG_080-39a
082.md	619	KR4h0117_WYG_080-39b
082.md	627	KR4h0117_WYG_080-40a
082.md	635	KR4h0117_WYG_080-40b
082.md	643	KR4h0117_WYG_080-41a
082.md	651	KR4h0117_WYG_080-41b
082.md	659	KR4h0117_WYG_080-42a
082.md	667	KR4h0117_WYG_080-42b
082.md	675	KR4h0117_WYG_080-43a
082.md	683	KR4h0117_WYG_080-43b
083.md	3	KR4h0117_WYG_081-1a
083.md	11	KR4h0117_WYG_081-1b
083.md	19	KR4h0117_WYG_081-2a
083.md	27	KR4h0117_WYG_081-2b
083.md	35	KR4h0117_WYG_081-3a
083.md	43	KR4h0117_WYG_081-3b
083.md	51	KR4h0117_WYG_081-4a
083.md	59	KR4h0117_WYG_081-4b
083.md	67	KR4h0117_WYG_081-5a
083.md	75	KR4h0117_WYG_081-5b
083.md	83	KR4h0117_WYG_081-6a
083.md	91	KR4h0117_WYG_081-6b
083.md	99	KR4h0117_WYG_081-7a
083.md	107	KR4h0117_WYG_081-7b
083.md	115	KR4h0117_WYG_081-8a
083.md	123	KR4h0117_WYG_081-8b
083.md	131	KR4h0117_WYG_081-9a
083.md	139	KR4h0117_WYG_081-9b
083.md	147	KR4h0117_WYG_081-10a
083.md	155	KR4h0117_WYG_081-10b
083.md	163	KR4h0117_WYG_081-11a
083.md	171	KR4h0117_WYG_081-11b
083.md	179	KR4h0117_WYG_081-12a
083.md	187	KR4h0117_WYG_081-12b
083.md	195	KR4h0117_WYG_081-13a
083.md	203	KR4h0117_WYG_081-13b
083.md	211	KR4h0117_WYG_081-14a
083.md	219	KR4h0117_WYG_081-14b
083.md	227	KR4h0117_WYG_081-15a
083.md	235	KR4h0117_WYG_081-15b
083.md	243	KR4h0117_WYG_081-16a
083.md	251	KR4h0117_WYG_081-16b
083.md	259	KR4h0117_WYG_081-17a
083.md	267	KR4h0117_WYG_081-17b
083.md	275	KR4h0117_WYG_081-18a
083.md	283	KR4h0117_WYG_081-18b
083.md	291	KR4h0117_WYG_081-19a
083.md	299	KR4h0117_WYG_081-19b
083.md	307	KR4h0117_WYG_081-20a
083.md	315	KR4h0117_WYG_081-20b
083.md	323	KR4h0117_WYG_081-21a
083.md	331	KR4h0117_WYG_081-21b
083.md	339	KR4h0117_WYG_081-22a
083.md	347	KR4h0117_WYG_081-22b
084.md	3	KR4h0117_WYG_082-1a
084.md	11	KR4h0117_WYG_082-1b
084.md	19	KR4h0117_WYG_082-2a
084.md	27	KR4h0117_WYG_082-2b
084.md	35	KR4h0117_WYG_082-3a
084.md	43	KR4h0117_WYG_082-3b
084.md	51	KR4h0117_WYG_082-4a
084.md	59	KR4h0117_WYG_082-4b
084.md	67	KR4h0117_WYG_082-5a
084.md	75	KR4h0117_WYG_082-5b
084.md	83	KR4h0117_WYG_082-6a
084.md	91	KR4h0117_WYG_082-6b
084.md	99	KR4h0117_WYG_082-7a
084.md	107	KR4h0117_WYG_082-7b
084.md	115	KR4h0117_WYG_082-8a
084.md	123	KR4h0117_WYG_082-8b
084.md	131	KR4h0117_WYG_082-9a
084.md	139	KR4h0117_WYG_082-9b
084.md	147	KR4h0117_WYG_082-10a
084.md	155	KR4h0117_WYG_082-10b
084.md	163	KR4h0117_WYG_082-11a
084.md	171	KR4h0117_WYG_082-11b
084.md	179	KR4h0117_WYG_082-12a
084.md	187	KR4h0117_WYG_082-12b
084.md	195	KR4h0117_WYG_082-13a
084.md	203	KR4h0117_WYG_082-13b
084.md	211	KR4h0117_WYG_082-14a
084.md	219	KR4h0117_WYG_082-14b
085.md	3	KR4h0117_WYG_083-1a
085.md	11	KR4h0117_WYG_083-1b
085.md	19	KR4h0117_WYG_083-2a
085.md	27	KR4h0117_WYG_083-2b
085.md	35	KR4h0117_WYG_083-3a
085.md	43	KR4h0117_WYG_083-3b
085.md	51	KR4h0117_WYG_083-4a
085.md	59	KR4h0117_WYG_083-4b
085.md	67	KR4h0117_WYG_083-5a
085.md	75	KR4h0117_WYG_083-5b
085.md	83	KR4h0117_WYG_083-6a
085.md	91	KR4h0117_WYG_083-6b
085.md	99	KR4h0117_WYG_083-7a
085.md	107	KR4h0117_WYG_083-7b
085.md	115	KR4h0117_WYG_083-8a
085.md	123	KR4h0117_WYG_083-8b
085.md	131	KR4h0117_WYG_083-9a
085.md	139	KR4h0117_WYG_083-9b
085.md	147	KR4h0117_WYG_083-10a
085.md	155	KR4h0117_WYG_083-10b
085.md	163	KR4h0117_WYG_083-11a
085.md	171	KR4h0117_WYG_083-11b
085.md	179	KR4h0117_WYG_083-12a
085.md	187	KR4h0117_WYG_083-12b
085.md	195	KR4h0117_WYG_083-13a
085.md	203	KR4h0117_WYG_083-13b
085.md	211	KR4h0117_WYG_083-14a
085.md	219	KR4h0117_WYG_083-14b
085.md	227	KR4h0117_WYG_083-15a
085.md	235	KR4h0117_WYG_083-15b
086.md	3	KR4h0117_WYG_084-1a
086.md	11	KR4h0117_WYG_084-1b
086.md	19	KR4h0117_WYG_084-2a
086.md	27	KR4h0117_WYG_084-2b
086.md	35	KR4h0117_WYG_084-3a
086.md	43	KR4h0117_WYG_084-3b
086.md	51	KR4h0117_WYG_084-4a
086.md	59	KR4h0117_WYG_084-4b
086.md	67	KR4h0117_WYG_084-5a
086.md	75	KR4h0117_WYG_084-5b
086.md	83	KR4h0117_WYG_084-6a
086.md	91	KR4h0117_WYG_084-6b
086.md	99	KR4h0117_WYG_084-7a
086.md	107	KR4h0117_WYG_084-7b
086.md	115	KR4h0117_WYG_084-8a
086.md	123	KR4h0117_WYG_084-8b
086.md	131	KR4h0117_WYG_084-9a
086.md	139	KR4h0117_WYG_084-9b
086.md	147	KR4h0117_WYG_084-10a
086.md	155	KR4h0117_WYG_084-10b
086.md	163	KR4h0117_WYG_084-11a
086.md	171	KR4h0117_WYG_084-11b
086.md	179	KR4h0117_WYG_084-12a
086.md	187	KR4h0117_WYG_084-12b
086.md	195	KR4h0117_WYG_084-13a
086.md	203	KR4h0117_WYG_084-13b
086.md	211	KR4h0117_WYG_084-14a
086.md	219	KR4h0117_WYG_084-14b
086.md	227	KR4h0117_WYG_084-15a
086.md	235	KR4h0117_WYG_084-15b
087.md	3	KR4h0117_WYG_085-1a
087.md	11	KR4h0117_WYG_085-1b
087.md	19	KR4h0117_WYG_085-2a
087.md	27	KR4h0117_WYG_085-2b
087.md	35	KR4h0117_WYG_085-3a
087.md	43	KR4h0117_WYG_085-3b
087.md	51	KR4h0117_WYG_085-4a
087.md	59	KR4h0117_WYG_085-4b
087.md	67	KR4h0117_WYG_085-5a
087.md	75	KR4h0117_WYG_085-5b
087.md	83	KR4h0117_WYG_085-6a
087.md	91	KR4h0117_WYG_085-6b
087.md	99	KR4h0117_WYG_085-7a
087.md	107	KR4h0117_WYG_085-7b
087.md	115	KR4h0117_WYG_085-8a
087.md	123	KR4h0117_WYG_085-8b
087.md	131	KR4h0117_WYG_085-9a
087.md	139	KR4h0117_WYG_085-9b
087.md	147	KR4h0117_WYG_085-10a
087.md	155	KR4h0117_WYG_085-10b
087.md	163	KR4h0117_WYG_085-11a
087.md	171	KR4h0117_WYG_085-11b
087.md	179	KR4h0117_WYG_085-12a
087.md	187	KR4h0117_WYG_085-12b
087.md	195	KR4h0117_WYG_085-13a
087.md	203	KR4h0117_WYG_085-13b
087.md	211	KR4h0117_WYG_085-14a
087.md	219	KR4h0117_WYG_085-14b
087.md	227	KR4h0117_WYG_085-15a
087.md	235	KR4h0117_WYG_085-15b
087.md	243	KR4h0117_WYG_085-16a
087.md	251	KR4h0117_WYG_085-16b
087.md	259	KR4h0117_WYG_085-17a
087.md	267	KR4h0117_WYG_085-17b
087.md	275	KR4h0117_WYG_085-18a
087.md	283	KR4h0117_WYG_085-18b
087.md	291	KR4h0117_WYG_085-19a
087.md	299	KR4h0117_WYG_085-19b
087.md	307	KR4h0117_WYG_085-20a
087.md	315	KR4h0117_WYG_085-20b
087.md	323	KR4h0117_WYG_085-21a
087.md	331	KR4h0117_WYG_085-21b
087.md	339	KR4h0117_WYG_085-22a
087.md	347	KR4h0117_WYG_085-22b
087.md	355	KR4h0117_WYG_085-23a
087.md	363	KR4h0117_WYG_085-23b
087.md	371	KR4h0117_WYG_085-24a
087.md	379	KR4h0117_WYG_085-24b
087.md	387	KR4h0117_WYG_085-25a
087.md	395	KR4h0117_WYG_085-25b
087.md	403	KR4h0117_WYG_085-26a
087.md	411	KR4h0117_WYG_085-26b
087.md	419	KR4h0117_WYG_085-27a
087.md	427	KR4h0117_WYG_085-27b
087.md	435	KR4h0117_WYG_085-28a
087.md	443	KR4h0117_WYG_085-28b
087.md	451	KR4h0117_WYG_085-29a
087.md	459	KR4h0117_WYG_085-29b
087.md	467	KR4h0117_WYG_085-30a
087.md	475	KR4h0117_WYG_085-30b
087.md	483	KR4h0117_WYG_085-31a
087.md	491	KR4h0117_WYG_085-31b
087.md	499	KR4h0117_WYG_085-32a
087.md	507	KR4h0117_WYG_085-32b
087.md	515	KR4h0117_WYG_085-33a
087.md	523	KR4h0117_WYG_085-33b
087.md	531	KR4h0117_WYG_085-34a
087.md	539	KR4h0117_WYG_085-34b
087.md	547	KR4h0117_WYG_085-35a
087.md	555	KR4h0117_WYG_085-35b
087.md	563	KR4h0117_WYG_085-36a
087.md	571	KR4h0117_WYG_085-36b
087.md	579	KR4h0117_WYG_085-37a
087.md	587	KR4h0117_WYG_085-37b
088.md	3	KR4h0117_WYG_086-1a
088.md	11	KR4h0117_WYG_086-1b
088.md	19	KR4h0117_WYG_086-2a
088.md	27	KR4h0117_WYG_086-2b
088.md	35	KR4h0117_WYG_086-3a
088.md	43	KR4h0117_WYG_086-3b
088.md	51	KR4h0117_WYG_086-4a
088.md	59	KR4h0117_WYG_086-4b
088.md	67	KR4h0117_WYG_086-5a
088.md	75	KR4h0117_WYG_086-5b
088.md	83	KR4h0117_WYG_086-6a
088.md	91	KR4h0117_WYG_086-6b
088.md	99	KR4h0117_WYG_086-7a
088.md	107	KR4h0117_WYG_086-7b
088.md	115	KR4h0117_WYG_086-8a
088.md	123	KR4h0117_WYG_086-8b
088.md	131	KR4h0117_WYG_086-9a
088.md	139	KR4h0117_WYG_086-9b
088.md	147	KR4h0117_WYG_086-10a
088.md	155	KR4h0117_WYG_086-10b
088.md	163	KR4h0117_WYG_086-11a
088.md	171	KR4h0117_WYG_086-11b
088.md	179	KR4h0117_WYG_086-12a
088.md	187	KR4h0117_WYG_086-12b
089.md	3	KR4h0117_WYG_087-1a
089.md	11	KR4h0117_WYG_087-1b
089.md	19	KR4h0117_WYG_087-2a
089.md	27	KR4h0117_WYG_087-2b
089.md	35	KR4h0117_WYG_087-3a
089.md	43	KR4h0117_WYG_087-3b
089.md	51	KR4h0117_WYG_087-4a
089.md	59	KR4h0117_WYG_087-4b
089.md	67	KR4h0117_WYG_087-5a
089.md	75	KR4h0117_WYG_087-5b
089.md	83	KR4h0117_WYG_087-6a
089.md	91	KR4h0117_WYG_087-6b
089.md	99	KR4h0117_WYG_087-7a
089.md	107	KR4h0117_WYG_087-7b
089.md	115	KR4h0117_WYG_087-8a
089.md	123	KR4h0117_WYG_087-8b
089.md	131	KR4h0117_WYG_087-9a
089.md	139	KR4h0117_WYG_087-9b
089.md	147	KR4h0117_WYG_087-10a
089.md	155	KR4h0117_WYG_087-10b
089.md	163	KR4h0117_WYG_087-11a
089.md	171	KR4h0117_WYG_087-11b
089.md	179	KR4h0117_WYG_087-12a
089.md	187	KR4h0117_WYG_087-12b
089.md	195	KR4h0117_WYG_087-13a
089.md	203	KR4h0117_WYG_087-13b
089.md	211	KR4h0117_WYG_087-14a
089.md	219	KR4h0117_WYG_087-14b
089.md	227	KR4h0117_WYG_087-15a
089.md	235	KR4h0117_WYG_087-15b
089.md	243	KR4h0117_WYG_087-16a
089.md	251	KR4h0117_WYG_087-16b
089.md	259	KR4h0117_WYG_087-17a
089.md	267	KR4h0117_WYG_087-17b
089.md	275	KR4h0117_WYG_087-18a
089.md	283	KR4h0117_WYG_087-18b
089.md	291	KR4h0117_WYG_087-19a
089.md	299	KR4h0117_WYG_087-19b
090.md	3	KR4h0117_WYG_088-1a
090.md	11	KR4h0117_WYG_088-1b
090.md	19	KR4h0117_WYG_088-2a
090.md	27	KR4h0117_WYG_088-2b
090.md	35	KR4h0117_WYG_088-3a
090.md	43	KR4h0117_WYG_088-3b
090.md	51	KR4h0117_WYG_088-4a
090.md	59	KR4h0117_WYG_088-4b
090.md	67	KR4h0117_WYG_088-5a
090.md	75	KR4h0117_WYG_088-5b
090.md	83	KR4h0117_WYG_088-6a
090.md	91	KR4h0117_WYG_088-6b
090.md	99	KR4h0117_WYG_088-7a
090.md	107	KR4h0117_WYG_088-7b
090.md	115	KR4h0117_WYG_088-8a
090.md	123	KR4h0117_WYG_088-8b
090.md	131	KR4h0117_WYG_088-9a
090.md	139	KR4h0117_WYG_088-9b
090.md	147	KR4h0117_WYG_088-10a
090.md	155	KR4h0117_WYG_088-10b
090.md	163	KR4h0117_WYG_088-11a
090.md	171	KR4h0117_WYG_088-11b
090.md	179	KR4h0117_WYG_088-12a
090.md	187	KR4h0117_WYG_088-12b
090.md	195	KR4h0117_WYG_088-13a
090.md	203	KR4h0117_WYG_088-13b
090.md	211	KR4h0117_WYG_088-14a
090.md	219	KR4h0117_WYG_088-14b
090.md	227	KR4h0117_WYG_088-15a
090.md	235	KR4h0117_WYG_088-15b
091.md	3	KR4h0117_WYG_089-1a
091.md	11	KR4h0117_WYG_089-1b
091.md	19	KR4h0117_WYG_089-2a
091.md	27	KR4h0117_WYG_089-2b
091.md	35	KR4h0117_WYG_089-3a
091.md	43	KR4h0117_WYG_089-3b
091.md	51	KR4h0117_WYG_089-4a
091.md	59	KR4h0117_WYG_089-4b
091.md	67	KR4h0117_WYG_089-5a
091.md	75	KR4h0117_WYG_089-5b
091.md	83	KR4h0117_WYG_089-6a
091.md	91	KR4h0117_WYG_089-6b
091.md	99	KR4h0117_WYG_089-7a
091.md	107	KR4h0117_WYG_089-7b
091.md	115	KR4h0117_WYG_089-8a
091.md	123	KR4h0117_WYG_089-8b
091.md	131	KR4h0117_WYG_089-9a
091.md	139	KR4h0117_WYG_089-9b
091.md	147	KR4h0117_WYG_089-10a
091.md	155	KR4h0117_WYG_089-10b
091.md	163	KR4h0117_WYG_089-11a
091.md	171	KR4h0117_WYG_089-11b
091.md	179	KR4h0117_WYG_089-12a
091.md	187	KR4h0117_WYG_089-12b
091.md	195	KR4h0117_WYG_089-13a
091.md	203	KR4h0117_WYG_089-13b
091.md	211	KR4h0117_WYG_089-14a
091.md	219	KR4h0117_WYG_089-14b
091.md	227	KR4h0117_WYG_089-15a
091.md	235	KR4h0117_WYG_089-15b
091.md	243	KR4h0117_WYG_089-16a
091.md	251	KR4h0117_WYG_089-16b
091.md	259	KR4h0117_WYG_089-17a
091.md	267	KR4h0117_WYG_089-17b
091.md	275	KR4h0117_WYG_089-18a
091.md	283	KR4h0117_WYG_089-18b
091.md	291	KR4h0117_WYG_089-19a
091.md	299	KR4h0117_WYG_089-19b
091.md	307	KR4h0117_WYG_089-20a
091.md	315	KR4h0117_WYG_089-20b
091.md	323	KR4h0117_WYG_089-21a
091.md	331	KR4h0117_WYG_089-21b
091.md	339	KR4h0117_WYG_089-22a
091.md	347	KR4h0117_WYG_089-22b
091.md	355	KR4h0117_WYG_089-23a
091.md	363	KR4h0117_WYG_089-23b
091.md	371	KR4h0117_WYG_089-24a
091.md	379	KR4h0117_WYG_089-24b
091.md	387	KR4h0117_WYG_089-25a
091.md	395	KR4h0117_WYG_089-25b
092.md	3	KR4h0117_WYG_090-1a
092.md	11	KR4h0117_WYG_090-1b
092.md	19	KR4h0117_WYG_090-2a
092.md	27	KR4h0117_WYG_090-2b
092.md	35	KR4h0117_WYG_090-3a
092.md	43	KR4h0117_WYG_090-3b
092.md	51	KR4h0117_WYG_090-4a
092.md	59	KR4h0117_WYG_090-4b
092.md	67	KR4h0117_WYG_090-5a
092.md	75	KR4h0117_WYG_090-5b
092.md	83	KR4h0117_WYG_090-6a
092.md	91	KR4h0117_WYG_090-6b
092.md	99	KR4h0117_WYG_090-7a
092.md	107	KR4h0117_WYG_090-7b
092.md	115	KR4h0117_WYG_090-8a
092.md	123	KR4h0117_WYG_090-8b
092.md	131	KR4h0117_WYG_090-9a
092.md	139	KR4h0117_WYG_090-9b
092.md	147	KR4h0117_WYG_090-10a
092.md	155	KR4h0117_WYG_090-10b
092.md	163	KR4h0117_WYG_090-11a
092.md	171	KR4h0117_WYG_090-11b
092.md	179	KR4h0117_WYG_090-12a
092.md	187	KR4h0117_WYG_090-12b
092.md	195	KR4h0117_WYG_090-13a
092.md	203	KR4h0117_WYG_090-13b
092.md	211	KR4h0117_WYG_090-14a
092.md	219	KR4h0117_WYG_090-14b
092.md	227	KR4h0117_WYG_090-15a
092.md	235	KR4h0117_WYG_090-15b
092.md	243	KR4h0117_WYG_090-16a
092.md	251	KR4h0117_WYG_090-16b
092.md	259	KR4h0117_WYG_090-17a
092.md	267	KR4h0117_WYG_090-17b
092.md	275	KR4h0117_WYG_090-18a
092.md	283	KR4h0117_WYG_090-18b
092.md	291	KR4h0117_WYG_090-19a
092.md	299	KR4h0117_WYG_090-19b
092.md	307	KR4h0117_WYG_090-20a
092.md	315	KR4h0117_WYG_090-20b
092.md	323	KR4h0117_WYG_090-21a
092.md	331	KR4h0117_WYG_090-21b
092.md	339	KR4h0117_WYG_090-22a
092.md	347	KR4h0117_WYG_090-22b
092.md	355	KR4h0117_WYG_090-23a
092.md	363	KR4h0117_WYG_090-23b
092.md	371	KR4h0117_WYG_090-24a
092.md	379	KR4h0117_WYG_090-24b
092.md	387	KR4h0117_WYG_090-25a
092.md	395	KR4h0117_WYG_090-25b
092.md	403	KR4h0117_WYG_090-26a
092.md	411	KR4h0117_WYG_090-26b
092.md	419	KR4h0117_WYG_090-27a
092.md	427	KR4h0117_WYG_090-27b
092.md	435	KR4h0117_WYG_090-28a
092.md	443	KR4h0117_WYG_090-28b
093.md	3	KR4h0117_WYG_091-1a
093.md	11	KR4h0117_WYG_091-1b
093.md	19	KR4h0117_WYG_091-2a
093.md	27	KR4h0117_WYG_091-2b
093.md	35	KR4h0117_WYG_091-3a
093.md	43	KR4h0117_WYG_091-3b
093.md	51	KR4h0117_WYG_091-4a
093.md	59	KR4h0117_WYG_091-4b
093.md	67	KR4h0117_WYG_091-5a
093.md	75	KR4h0117_WYG_091-5b
093.md	83	KR4h0117_WYG_091-6a
093.md	91	KR4h0117_WYG_091-6b
093.md	99	KR4h0117_WYG_091-7a
093.md	107	KR4h0117_WYG_091-7b
093.md	115	KR4h0117_WYG_091-8a
093.md	123	KR4h0117_WYG_091-8b
093.md	131	KR4h0117_WYG_091-9a
093.md	139	KR4h0117_WYG_091-9b
093.md	147	KR4h0117_WYG_091-10a
093.md	155	KR4h0117_WYG_091-10b
093.md	163	KR4h0117_WYG_091-11a
093.md	171	KR4h0117_WYG_091-11b
093.md	179	KR4h0117_WYG_091-12a
093.md	187	KR4h0117_WYG_091-12b
093.md	195	KR4h0117_WYG_091-13a
093.md	203	KR4h0117_WYG_091-13b
093.md	211	KR4h0117_WYG_091-14a
093.md	219	KR4h0117_WYG_091-14b
093.md	227	KR4h0117_WYG_091-15a
093.md	235	KR4h0117_WYG_091-15b
093.md	243	KR4h0117_WYG_091-16a
093.md	251	KR4h0117_WYG_091-16b
093.md	259	KR4h0117_WYG_091-17a
093.md	267	KR4h0117_WYG_091-17b
093.md	275	KR4h0117_WYG_091-18a
093.md	283	KR4h0117_WYG_091-18b
093.md	291	KR4h0117_WYG_091-19a
093.md	299	KR4h0117_WYG_091-19b
093.md	307	KR4h0117_WYG_091-20a
093.md	315	KR4h0117_WYG_091-20b
093.md	323	KR4h0117_WYG_091-21a
093.md	331	KR4h0117_WYG_091-21b
093.md	339	KR4h0117_WYG_091-22a
093.md	347	KR4h0117_WYG_091-22b
093.md	355	KR4h0117_WYG_091-23a
093.md	363	KR4h0117_WYG_091-23b
093.md	371	KR4h0117_WYG_091-24a
093.md	379	KR4h0117_WYG_091-24b
093.md	387	KR4h0117_WYG_091-25a
093.md	395	KR4h0117_WYG_091-25b
093.md	403	KR4h0117_WYG_091-26a
093.md	411	KR4h0117_WYG_091-26b
093.md	419	KR4h0117_WYG_091-27a
093.md	427	KR4h0117_WYG_091-27b
093.md	435	KR4h0117_WYG_091-28a
093.md	443	KR4h0117_WYG_091-28b
094.md	3	KR4h0117_WYG_092-1a
094.md	11	KR4h0117_WYG_092-1b
094.md	19	KR4h0117_WYG_092-2a
094.md	27	KR4h0117_WYG_092-2b
094.md	35	KR4h0117_WYG_092-3a
094.md	43	KR4h0117_WYG_092-3b
094.md	51	KR4h0117_WYG_092-4a
094.md	59	KR4h0117_WYG_092-4b
094.md	67	KR4h0117_WYG_092-5a
094.md	75	KR4h0117_WYG_092-5b
094.md	83	KR4h0117_WYG_092-6a
094.md	91	KR4h0117_WYG_092-6b
094.md	99	KR4h0117_WYG_092-7a
094.md	107	KR4h0117_WYG_092-7b
094.md	115	KR4h0117_WYG_092-8a
094.md	123	KR4h0117_WYG_092-8b
094.md	131	KR4h0117_WYG_092-9a
094.md	139	KR4h0117_WYG_092-9b
094.md	147	KR4h0117_WYG_092-10a
094.md	155	KR4h0117_WYG_092-10b
094.md	163	KR4h0117_WYG_092-11a
094.md	171	KR4h0117_WYG_092-11b
094.md	179	KR4h0117_WYG_092-12a
094.md	187	KR4h0117_WYG_092-12b
094.md	195	KR4h0117_WYG_092-13a
094.md	203	KR4h0117_WYG_092-13b
094.md	211	KR4h0117_WYG_092-14a
094.md	219	KR4h0117_WYG_092-14b
094.md	227	KR4h0117_WYG_092-15a
094.md	235	KR4h0117_WYG_092-15b
094.md	243	KR4h0117_WYG_092-16a
094.md	251	KR4h0117_WYG_092-16b
094.md	259	KR4h0117_WYG_092-17a
094.md	267	KR4h0117_WYG_092-17b
094.md	275	KR4h0117_WYG_092-18a
094.md	283	KR4h0117_WYG_092-18b
094.md	291	KR4h0117_WYG_092-19a
094.md	299	KR4h0117_WYG_092-19b
094.md	307	KR4h0117_WYG_092-20a
094.md	315	KR4h0117_WYG_092-20b
094.md	323	KR4h0117_WYG_092-21a
094.md	331	KR4h0117_WYG_092-21b
094.md	339	KR4h0117_WYG_092-22a
094.md	347	KR4h0117_WYG_092-22b
094.md	355	KR4h0117_WYG_092-23a
094.md	363	KR4h0117_WYG_092-23b
094.md	371	KR4h0117_WYG_092-24a
094.md	379	KR4h0117_WYG_092-24b
094.md	387	KR4h0117_WYG_092-25a
094.md	395	KR4h0117_WYG_092-25b
094.md	403	KR4h0117_WYG_092-26a
094.md	411	KR4h0117_WYG_092-26b
094.md	419	KR4h0117_WYG_092-27a
094.md	427	KR4h0117_WYG_092-27b
094.md	435	KR4h0117_WYG_092-28a
094.md	443	KR4h0117_WYG_092-28b
094.md	451	KR4h0117_WYG_092-29a
094.md	459	KR4h0117_WYG_092-29b
094.md	467	KR4h0117_WYG_092-30a
094.md	475	KR4h0117_WYG_092-30b
094.md	483	KR4h0117_WYG_092-31a
094.md	491	KR4h0117_WYG_092-31b
094.md	499	KR4h0117_WYG_092-32a
094.md	507	KR4h0117_WYG_092-32b
095.md	3	KR4h0117_WYG_093-1a
095.md	11	KR4h0117_WYG_093-1b
095.md	19	KR4h0117_WYG_093-2a
095.md	27	KR4h0117_WYG_093-2b
095.md	35	KR4h0117_WYG_093-3a
095.md	43	KR4h0117_WYG_093-3b
095.md	51	KR4h0117_WYG_093-4a
095.md	59	KR4h0117_WYG_093-4b
095.md	67	KR4h0117_WYG_093-5a
095.md	75	KR4h0117_WYG_093-5b
095.md	83	KR4h0117_WYG_093-6a
095.md	91	KR4h0117_WYG_093-6b
095.md	99	KR4h0117_WYG_093-7a
095.md	107	KR4h0117_WYG_093-7b
095.md	115	KR4h0117_WYG_093-8a
095.md	123	KR4h0117_WYG_093-8b
095.md	131	KR4h0117_WYG_093-9a
095.md	139	KR4h0117_WYG_093-9b
095.md	147	KR4h0117_WYG_093-10a
095.md	155	KR4h0117_WYG_093-10b
095.md	163	KR4h0117_WYG_093-11a
095.md	171	KR4h0117_WYG_093-11b
095.md	179	KR4h0117_WYG_093-12a
095.md	187	KR4h0117_WYG_093-12b
096.md	3	KR4h0117_WYG_094-1a
096.md	11	KR4h0117_WYG_094-1b
096.md	19	KR4h0117_WYG_094-2a
096.md	27	KR4h0117_WYG_094-2b
096.md	35	KR4h0117_WYG_094-3a
096.md	43	KR4h0117_WYG_094-3b
096.md	51	KR4h0117_WYG_094-4a
096.md	59	KR4h0117_WYG_094-4b
096.md	67	KR4h0117_WYG_094-5a
096.md	75	KR4h0117_WYG_094-5b
096.md	83	KR4h0117_WYG_094-6a
096.md	91	KR4h0117_WYG_094-6b
096.md	99	KR4h0117_WYG_094-7a
096.md	107	KR4h0117_WYG_094-7b
096.md	115	KR4h0117_WYG_094-8a
096.md	123	KR4h0117_WYG_094-8b
096.md	131	KR4h0117_WYG_094-9a
096.md	139	KR4h0117_WYG_094-9b
096.md	147	KR4h0117_WYG_094-10a
096.md	155	KR4h0117_WYG_094-10b
096.md	163	KR4h0117_WYG_094-11a
096.md	171	KR4h0117_WYG_094-11b
096.md	179	KR4h0117_WYG_094-12a
096.md	187	KR4h0117_WYG_094-12b
096.md	195	KR4h0117_WYG_094-13a
096.md	203	KR4h0117_WYG_094-13b
096.md	211	KR4h0117_WYG_094-14a
096.md	219	KR4h0117_WYG_094-14b
096.md	227	KR4h0117_WYG_094-15a
096.md	235	KR4h0117_WYG_094-15b
096.md	243	KR4h0117_WYG_094-16a
096.md	251	KR4h0117_WYG_094-16b
096.md	259	KR4h0117_WYG_094-17a
096.md	267	KR4h0117_WYG_094-17b
096.md	275	KR4h0117_WYG_094-18a
096.md	283	KR4h0117_WYG_094-18b
096.md	291	KR4h0117_WYG_094-19a
096.md	299	KR4h0117_WYG_094-19b
097.md	3	KR4h0117_WYG_095-1a
097.md	11	KR4h0117_WYG_095-1b
097.md	19	KR4h0117_WYG_095-2a
097.md	27	KR4h0117_WYG_095-2b
097.md	35	KR4h0117_WYG_095-3a
097.md	43	KR4h0117_WYG_095-3b
097.md	51	KR4h0117_WYG_095-4a
097.md	59	KR4h0117_WYG_095-4b
097.md	67	KR4h0117_WYG_095-5a
097.md	75	KR4h0117_WYG_095-5b
097.md	83	KR4h0117_WYG_095-6a
097.md	91	KR4h0117_WYG_095-6b
097.md	99	KR4h0117_WYG_095-7a
097.md	107	KR4h0117_WYG_095-7b
097.md	115	KR4h0117_WYG_095-8a
097.md	123	KR4h0117_WYG_095-8b
097.md	131	KR4h0117_WYG_095-9a
097.md	139	KR4h0117_WYG_095-9b
097.md	147	KR4h0117_WYG_095-10a
097.md	155	KR4h0117_WYG_095-10b
097.md	163	KR4h0117_WYG_095-11a
097.md	171	KR4h0117_WYG_095-11b
097.md	179	KR4h0117_WYG_095-12a
097.md	187	KR4h0117_WYG_095-12b
097.md	195	KR4h0117_WYG_095-13a
097.md	203	KR4h0117_WYG_095-13b
098.md	3	KR4h0117_WYG_096-1a
098.md	11	KR4h0117_WYG_096-1b
098.md	19	KR4h0117_WYG_096-2a
098.md	27	KR4h0117_WYG_096-2b
098.md	35	KR4h0117_WYG_096-3a
098.md	43	KR4h0117_WYG_096-3b
098.md	51	KR4h0117_WYG_096-4a
098.md	59	KR4h0117_WYG_096-4b
098.md	67	KR4h0117_WYG_096-5a
098.md	75	KR4h0117_WYG_096-5b
098.md	83	KR4h0117_WYG_096-6a
098.md	91	KR4h0117_WYG_096-6b
098.md	99	KR4h0117_WYG_096-7a
098.md	107	KR4h0117_WYG_096-7b
098.md	115	KR4h0117_WYG_096-8a
098.md	123	KR4h0117_WYG_096-8b
098.md	131	KR4h0117_WYG_096-9a
098.md	139	KR4h0117_WYG_096-9b
099.md	3	KR4h0117_WYG_097-1a
099.md	11	KR4h0117_WYG_097-1b
099.md	19	KR4h0117_WYG_097-2a
099.md	27	KR4h0117_WYG_097-2b
099.md	35	KR4h0117_WYG_097-3a
099.md	43	KR4h0117_WYG_097-3b
099.md	51	KR4h0117_WYG_097-4a
099.md	59	KR4h0117_WYG_097-4b
099.md	67	KR4h0117_WYG_097-5a
099.md	75	KR4h0117_WYG_097-5b
099.md	83	KR4h0117_WYG_097-6a
099.md	91	KR4h0117_WYG_097-6b
099.md	99	KR4h0117_WYG_097-7a
099.md	107	KR4h0117_WYG_097-7b
099.md	115	KR4h0117_WYG_097-8a
099.md	123	KR4h0117_WYG_097-8b
099.md	131	KR4h0117_WYG_097-9a
099.md	139	KR4h0117_WYG_097-9b
099.md	147	KR4h0117_WYG_097-10a
099.md	155	KR4h0117_WYG_097-10b
099.md	163	KR4h0117_WYG_097-11a
099.md	171	KR4h0117_WYG_097-11b
099.md	179	KR4h0117_WYG_097-12a
099.md	187	KR4h0117_WYG_097-12b
099.md	195	KR4h0117_WYG_097-13a
099.md	203	KR4h0117_WYG_097-13b
099.md	211	KR4h0117_WYG_097-14a
099.md	219	KR4h0117_WYG_097-14b
099.md	227	KR4h0117_WYG_097-15a
099.md	235	KR4h0117_WYG_097-15b
099.md	243	KR4h0117_WYG_097-16a
099.md	251	KR4h0117_WYG_097-16b
099.md	259	KR4h0117_WYG_097-17a
099.md	267	KR4h0117_WYG_097-17b
099.md	275	KR4h0117_WYG_097-18a
099.md	283	KR4h0117_WYG_097-18b
099.md	291	KR4h0117_WYG_097-19a
099.md	299	KR4h0117_WYG_097-19b
100.md	3	KR4h0117_WYG_098-1a
100.md	11	KR4h0117_WYG_098-1b
100.md	19	KR4h0117_WYG_098-2a
100.md	27	KR4h0117_WYG_098-2b
100.md	35	KR4h0117_WYG_098-3a
100.md	43	KR4h0117_WYG_098-3b
100.md	51	KR4h0117_WYG_098-4a
100.md	59	KR4h0117_WYG_098-4b
100.md	67	KR4h0117_WYG_098-5a
100.md	75	KR4h0117_WYG_098-5b
100.md	83	KR4h0117_WYG_098-6a
100.md	91	KR4h0117_WYG_098-6b
100.md	99	KR4h0117_WYG_098-7a
100.md	107	KR4h0117_WYG_098-7b
100.md	115	KR4h0117_WYG_098-8a
100.md	123	KR4h0117_WYG_098-8b
100.md	131	KR4h0117_WYG_098-9a
100.md	139	KR4h0117_WYG_098-9b
100.md	147	KR4h0117_WYG_098-10a
100.md	155	KR4h0117_WYG_098-10b
100.md	163	KR4h0117_WYG_098-11a
100.md	171	KR4h0117_WYG_098-11b
100.md	179	KR4h0117_WYG_098-12a
100.md	187	KR4h0117_WYG_098-12b
100.md	195	KR4h0117_WYG_098-13a
100.md	203	KR4h0117_WYG_098-13b
100.md	211	KR4h0117_WYG_098-14a
100.md	219	KR4h0117_WYG_098-14b
100.md	227	KR4h0117_WYG_098-15a
100.md	235	KR4h0117_WYG_098-15b
100.md	243	KR4h0117_WYG_098-16a
100.md	251	KR4h0117_WYG_098-16b
100.md	259	KR4h0117_WYG_098-17a
100.md	267	KR4h0117_WYG_098-17b
100.md	275	KR4h0117_WYG_098-18a
100.md	283	KR4h0117_WYG_098-18b
100.md	291	KR4h0117_WYG_098-19a
100.md	299	KR4h0117_WYG_098-19b
100.md	307	KR4h0117_WYG_098-20a
100.md	315	KR4h0117_WYG_098-20b
100.md	323	KR4h0117_WYG_098-21a
100.md	331	KR4h0117_WYG_098-21b
100.md	339	KR4h0117_WYG_098-22a
100.md	347	KR4h0117_WYG_098-22b
101.md	3	KR4h0117_WYG_099-1a
101.md	11	KR4h0117_WYG_099-1b
101.md	19	KR4h0117_WYG_099-2a
101.md	27	KR4h0117_WYG_099-2b
101.md	35	KR4h0117_WYG_099-3a
101.md	43	KR4h0117_WYG_099-3b
101.md	51	KR4h0117_WYG_099-4a
101.md	59	KR4h0117_WYG_099-4b
101.md	67	KR4h0117_WYG_099-5a
101.md	75	KR4h0117_WYG_099-5b
101.md	83	KR4h0117_WYG_099-6a
101.md	91	KR4h0117_WYG_099-6b
101.md	99	KR4h0117_WYG_099-7a
101.md	107	KR4h0117_WYG_099-7b
101.md	115	KR4h0117_WYG_099-8a
101.md	123	KR4h0117_WYG_099-8b
101.md	131	KR4h0117_WYG_099-9a
101.md	139	KR4h0117_WYG_099-9b
101.md	147	KR4h0117_WYG_099-10a
101.md	155	KR4h0117_WYG_099-10b
101.md	163	KR4h0117_WYG_099-11a
101.md	171	KR4h0117_WYG_099-11b
101.md	179	KR4h0117_WYG_099-12a
101.md	187	KR4h0117_WYG_099-12b
101.md	195	KR4h0117_WYG_099-13a
101.md	203	KR4h0117_WYG_099-13b
101.md	211	KR4h0117_WYG_099-14a
101.md	219	KR4h0117_WYG_099-14b
101.md	227	KR4h0117_WYG_099-15a
101.md	235	KR4h0117_WYG_099-15b
101.md	243	KR4h0117_WYG_099-16a
101.md	251	KR4h0117_WYG_099-16b
102.md	3	KR4h0117_WYG_100-1a
102.md	11	KR4h0117_WYG_100-1b
102.md	19	KR4h0117_WYG_100-2a
102.md	27	KR4h0117_WYG_100-2b
102.md	35	KR4h0117_WYG_100-3a
102.md	43	KR4h0117_WYG_100-3b
102.md	51	KR4h0117_WYG_100-4a
102.md	59	KR4h0117_WYG_100-4b
102.md	67	KR4h0117_WYG_100-5a
102.md	75	KR4h0117_WYG_100-5b
102.md	83	KR4h0117_WYG_100-6a
102.md	91	KR4h0117_WYG_100-6b
102.md	99	KR4h0117_WYG_100-7a
102.md	107	KR4h0117_WYG_100-7b
102.md	115	KR4h0117_WYG_100-8a
102.md	123	KR4h0117_WYG_100-8b
102.md	131	KR4h0117_WYG_100-9a
102.md	139	KR4h0117_WYG_100-9b
102.md	147	KR4h0117_WYG_100-10a
102.md	155	KR4h0117_WYG_100-10b
102.md	163	KR4h0117_WYG_100-11a
102.md	171	KR4h0117_WYG_100-11b
102.md	179	KR4h0117_WYG_100-12a
102.md	187	KR4h0117_WYG_100-12b
102.md	195	KR4h0117_WYG_100-13a
102.md	203	KR4h0117_WYG_100-13b
102.md	211	KR4h0117_WYG_100-14a
102.md	219	KR4h0117_WYG_100-14b
102.md	227	KR4h0117_WYG_100-15a
102.md	235	KR4h0117_WYG_100-15b
102.md	243	KR4h0117_WYG_100-16a
102.md	251	KR4h0117_WYG_100-16b
102.md	259	KR4h0117_WYG_100-17a
102.md	267	KR4h0117_WYG_100-17b
102.md	275	KR4h0117_WYG_100-18a
102.md	283	KR4h0117_WYG_100-18b
102.md	291	KR4h0117_WYG_100-19a
102.md	299	KR4h0117_WYG_100-19b
103.md	3	KR4h0117_WYG_101-1a
103.md	11	KR4h0117_WYG_101-1b
103.md	19	KR4h0117_WYG_101-2a
103.md	27	KR4h0117_WYG_101-2b
103.md	35	KR4h0117_WYG_101-3a
103.md	43	KR4h0117_WYG_101-3b
103.md	51	KR4h0117_WYG_101-4a
103.md	59	KR4h0117_WYG_101-4b
103.md	67	KR4h0117_WYG_101-5a
103.md	75	KR4h0117_WYG_101-5b
103.md	83	KR4h0117_WYG_101-6a
103.md	91	KR4h0117_WYG_101-6b
103.md	99	KR4h0117_WYG_101-7a
103.md	107	KR4h0117_WYG_101-7b
103.md	115	KR4h0117_WYG_101-8a
103.md	123	KR4h0117_WYG_101-8b
103.md	131	KR4h0117_WYG_101-9a
103.md	139	KR4h0117_WYG_101-9b
103.md	147	KR4h0117_WYG_101-10a
103.md	155	KR4h0117_WYG_101-10b
103.md	163	KR4h0117_WYG_101-11a
103.md	171	KR4h0117_WYG_101-11b
103.md	179	KR4h0117_WYG_101-12a
103.md	187	KR4h0117_WYG_101-12b
103.md	195	KR4h0117_WYG_101-13a
103.md	203	KR4h0117_WYG_101-13b
103.md	211	KR4h0117_WYG_101-14a
103.md	219	KR4h0117_WYG_101-14b
103.md	227	KR4h0117_WYG_101-15a
103.md	235	KR4h0117_WYG_101-15b
103.md	243	KR4h0117_WYG_101-16a
103.md	251	KR4h0117_WYG_101-16b
103.md	259	KR4h0117_WYG_101-17a
103.md	267	KR4h0117_WYG_101-17b
104.md	3	KR4h0117_WYG_102-1a
104.md	11	KR4h0117_WYG_102-1b
104.md	19	KR4h0117_WYG_102-2a
104.md	27	KR4h0117_WYG_102-2b
104.md	35	KR4h0117_WYG_102-3a
104.md	43	KR4h0117_WYG_102-3b
104.md	51	KR4h0117_WYG_102-4a
104.md	59	KR4h0117_WYG_102-4b
104.md	67	KR4h0117_WYG_102-5a
104.md	75	KR4h0117_WYG_102-5b
104.md	83	KR4h0117_WYG_102-6a
104.md	91	KR4h0117_WYG_102-6b
104.md	99	KR4h0117_WYG_102-7a
104.md	107	KR4h0117_WYG_102-7b
104.md	115	KR4h0117_WYG_102-8a
104.md	123	KR4h0117_WYG_102-8b
104.md	131	KR4h0117_WYG_102-9a
104.md	139	KR4h0117_WYG_102-9b
104.md	147	KR4h0117_WYG_102-10a
104.md	155	KR4h0117_WYG_102-10b
104.md	163	KR4h0117_WYG_102-11a
104.md	171	KR4h0117_WYG_102-11b
104.md	179	KR4h0117_WYG_102-12a
104.md	187	KR4h0117_WYG_102-12b
104.md	195	KR4h0117_WYG_102-13a
104.md	203	KR4h0117_WYG_102-13b
104.md	211	KR4h0117_WYG_102-14a
104.md	219	KR4h0117_WYG_102-14b
104.md	227	KR4h0117_WYG_102-15a
104.md	235	KR4h0117_WYG_102-15b
104.md	243	KR4h0117_WYG_102-16a
104.md	251	KR4h0117_WYG_102-16b
104.md	259	KR4h0117_WYG_102-17a
104.md	267	KR4h0117_WYG_102-17b
104.md	275	KR4h0117_WYG_102-18a
104.md	283	KR4h0117_WYG_102-18b
104.md	291	KR4h0117_WYG_102-19a
104.md	299	KR4h0117_WYG_102-19b
104.md	307	KR4h0117_WYG_102-20a
104.md	315	KR4h0117_WYG_102-20b
104.md	323	KR4h0117_WYG_102-21a
104.md	331	KR4h0117_WYG_102-21b
104.md	339	KR4h0117_WYG_102-22a
104.md	347	KR4h0117_WYG_102-22b
104.md	355	KR4h0117_WYG_102-23a
104.md	363	KR4h0117_WYG_102-23b
104.md	371	KR4h0117_WYG_102-24a
104.md	379	KR4h0117_WYG_102-24b
104.md	387	KR4h0117_WYG_102-25a
104.md	395	KR4h0117_WYG_102-25b
104.md	403	KR4h0117_WYG_102-26a
104.md	411	KR4h0117_WYG_102-26b
104.md	419	KR4h0117_WYG_102-27a
104.md	427	KR4h0117_WYG_102-27b
104.md	435	KR4h0117_WYG_102-28a
104.md	443	KR4h0117_WYG_102-28b
104.md	451	KR4h0117_WYG_102-29a
104.md	459	KR4h0117_WYG_102-29b
104.md	467	KR4h0117_WYG_102-30a
104.md	475	KR4h0117_WYG_102-30b
105.md	3	KR4h0117_WYG_103-1a
105.md	11	KR4h0117_WYG_103-1b
105.md	19	KR4h0117_WYG_103-2a
105.md	27	KR4h0117_WYG_103-2b
105.md	35	KR4h0117_WYG_103-3a
105.md	43	KR4h0117_WYG_103-3b
105.md	51	KR4h0117_WYG_103-4a
105.md	59	KR4h0117_WYG_103-4b
105.md	67	KR4h0117_WYG_103-5a
105.md	75	KR4h0117_WYG_103-5b
105.md	83	KR4h0117_WYG_103-6a
105.md	91	KR4h0117_WYG_103-6b
105.md	99	KR4h0117_WYG_103-7a
105.md	107	KR4h0117_WYG_103-7b
105.md	115	KR4h0117_WYG_103-8a
105.md	123	KR4h0117_WYG_103-8b
105.md	131	KR4h0117_WYG_103-9a
105.md	139	KR4h0117_WYG_103-9b
105.md	147	KR4h0117_WYG_103-10a
105.md	155	KR4h0117_WYG_103-10b
105.md	163	KR4h0117_WYG_103-11a
105.md	171	KR4h0117_WYG_103-11b
105.md	179	KR4h0117_WYG_103-12a
105.md	187	KR4h0117_WYG_103-12b
105.md	195	KR4h0117_WYG_103-13a
105.md	203	KR4h0117_WYG_103-13b
105.md	211	KR4h0117_WYG_103-14a
105.md	219	KR4h0117_WYG_103-14b
105.md	227	KR4h0117_WYG_103-15a
105.md	235	KR4h0117_WYG_103-15b
105.md	243	KR4h0117_WYG_103-16a
105.md	251	KR4h0117_WYG_103-16b
105.md	259	KR4h0117_WYG_103-17a
105.md	267	KR4h0117_WYG_103-17b
106.md	3	KR4h0117_WYG_104-1a
106.md	11	KR4h0117_WYG_104-1b
106.md	19	KR4h0117_WYG_104-2a
106.md	27	KR4h0117_WYG_104-2b
106.md	35	KR4h0117_WYG_104-3a
106.md	43	KR4h0117_WYG_104-3b
106.md	51	KR4h0117_WYG_104-4a
106.md	59	KR4h0117_WYG_104-4b
106.md	67	KR4h0117_WYG_104-5a
106.md	75	KR4h0117_WYG_104-5b
106.md	83	KR4h0117_WYG_104-6a
106.md	91	KR4h0117_WYG_104-6b
106.md	99	KR4h0117_WYG_104-7a
106.md	107	KR4h0117_WYG_104-7b
106.md	115	KR4h0117_WYG_104-8a
106.md	123	KR4h0117_WYG_104-8b
106.md	131	KR4h0117_WYG_104-9a
106.md	139	KR4h0117_WYG_104-9b
106.md	147	KR4h0117_WYG_104-10a
106.md	155	KR4h0117_WYG_104-10b
106.md	163	KR4h0117_WYG_104-11a
106.md	171	KR4h0117_WYG_104-11b
106.md	179	KR4h0117_WYG_104-12a
106.md	187	KR4h0117_WYG_104-12b
106.md	195	KR4h0117_WYG_104-13a
106.md	203	KR4h0117_WYG_104-13b
106.md	211	KR4h0117_WYG_104-14a
106.md	219	KR4h0117_WYG_104-14b
106.md	227	KR4h0117_WYG_104-15a
106.md	235	KR4h0117_WYG_104-15b
106.md	243	KR4h0117_WYG_104-16a
106.md	251	KR4h0117_WYG_104-16b
106.md	259	KR4h0117_WYG_104-17a
106.md	267	KR4h0117_WYG_104-17b
106.md	275	KR4h0117_WYG_104-18a
106.md	283	KR4h0117_WYG_104-18b
106.md	291	KR4h0117_WYG_104-19a
106.md	299	KR4h0117_WYG_104-19b
106.md	307	KR4h0117_WYG_104-20a
106.md	315	KR4h0117_WYG_104-20b
106.md	323	KR4h0117_WYG_104-21a
106.md	331	KR4h0117_WYG_104-21b
106.md	339	KR4h0117_WYG_104-22a
106.md	347	KR4h0117_WYG_104-22b
107.md	3	KR4h0117_WYG_105-1a
107.md	11	KR4h0117_WYG_105-1b
107.md	19	KR4h0117_WYG_105-2a
107.md	27	KR4h0117_WYG_105-2b
107.md	35	KR4h0117_WYG_105-3a
107.md	43	KR4h0117_WYG_105-3b
107.md	51	KR4h0117_WYG_105-4a
107.md	59	KR4h0117_WYG_105-4b
107.md	67	KR4h0117_WYG_105-5a
107.md	75	KR4h0117_WYG_105-5b
107.md	83	KR4h0117_WYG_105-6a
107.md	91	KR4h0117_WYG_105-6b
107.md	99	KR4h0117_WYG_105-7a
107.md	107	KR4h0117_WYG_105-7b
107.md	115	KR4h0117_WYG_105-8a
107.md	123	KR4h0117_WYG_105-8b
107.md	131	KR4h0117_WYG_105-9a
107.md	139	KR4h0117_WYG_105-9b
107.md	147	KR4h0117_WYG_105-10a
107.md	155	KR4h0117_WYG_105-10b
107.md	163	KR4h0117_WYG_105-11a
107.md	171	KR4h0117_WYG_105-11b
107.md	179	KR4h0117_WYG_105-12a
107.md	187	KR4h0117_WYG_105-12b
107.md	195	KR4h0117_WYG_105-13a
107.md	203	KR4h0117_WYG_105-13b
107.md	211	KR4h0117_WYG_105-14a
107.md	219	KR4h0117_WYG_105-14b
107.md	227	KR4h0117_WYG_105-15a
107.md	235	KR4h0117_WYG_105-15b
107.md	243	KR4h0117_WYG_105-16a
107.md	251	KR4h0117_WYG_105-16b
107.md	259	KR4h0117_WYG_105-17a
107.md	267	KR4h0117_WYG_105-17b
107.md	275	KR4h0117_WYG_105-18a
107.md	283	KR4h0117_WYG_105-18b
107.md	291	KR4h0117_WYG_105-19a
107.md	299	KR4h0117_WYG_105-19b
108.md	3	KR4h0117_WYG_106-1a
108.md	11	KR4h0117_WYG_106-1b
108.md	19	KR4h0117_WYG_106-2a
108.md	27	KR4h0117_WYG_106-2b
108.md	35	KR4h0117_WYG_106-3a
108.md	43	KR4h0117_WYG_106-3b
108.md	51	KR4h0117_WYG_106-4a
108.md	59	KR4h0117_WYG_106-4b
108.md	67	KR4h0117_WYG_106-5a
108.md	75	KR4h0117_WYG_106-5b
108.md	83	KR4h0117_WYG_106-6a
108.md	91	KR4h0117_WYG_106-6b
108.md	99	KR4h0117_WYG_106-7a
108.md	107	KR4h0117_WYG_106-7b
108.md	115	KR4h0117_WYG_106-8a
108.md	123	KR4h0117_WYG_106-8b
108.md	131	KR4h0117_WYG_106-9a
108.md	139	KR4h0117_WYG_106-9b
108.md	147	KR4h0117_WYG_106-10a
108.md	155	KR4h0117_WYG_106-10b
108.md	163	KR4h0117_WYG_106-11a
108.md	171	KR4h0117_WYG_106-11b
108.md	179	KR4h0117_WYG_106-12a
108.md	187	KR4h0117_WYG_106-12b
108.md	195	KR4h0117_WYG_106-13a
108.md	203	KR4h0117_WYG_106-13b
108.md	211	KR4h0117_WYG_106-14a
108.md	219	KR4h0117_WYG_106-14b
109.md	3	KR4h0117_WYG_107-1a
109.md	11	KR4h0117_WYG_107-1b
109.md	19	KR4h0117_WYG_107-2a
109.md	27	KR4h0117_WYG_107-2b
109.md	35	KR4h0117_WYG_107-3a
109.md	43	KR4h0117_WYG_107-3b
109.md	51	KR4h0117_WYG_107-4a
109.md	59	KR4h0117_WYG_107-4b
109.md	67	KR4h0117_WYG_107-5a
109.md	75	KR4h0117_WYG_107-5b
109.md	83	KR4h0117_WYG_107-6a
109.md	91	KR4h0117_WYG_107-6b
109.md	99	KR4h0117_WYG_107-7a
109.md	107	KR4h0117_WYG_107-7b
109.md	115	KR4h0117_WYG_107-8a
109.md	123	KR4h0117_WYG_107-8b
109.md	131	KR4h0117_WYG_107-9a
109.md	139	KR4h0117_WYG_107-9b
109.md	147	KR4h0117_WYG_107-10a
109.md	155	KR4h0117_WYG_107-10b
109.md	163	KR4h0117_WYG_107-11a
109.md	171	KR4h0117_WYG_107-11b
109.md	179	KR4h0117_WYG_107-12a
109.md	187	KR4h0117_WYG_107-12b
109.md	195	KR4h0117_WYG_107-13a
109.md	203	KR4h0117_WYG_107-13b
110.md	3	KR4h0117_WYG_108-1a
110.md	11	KR4h0117_WYG_108-1b
110.md	19	KR4h0117_WYG_108-2a
110.md	27	KR4h0117_WYG_108-2b
110.md	35	KR4h0117_WYG_108-3a
110.md	43	KR4h0117_WYG_108-3b
110.md	51	KR4h0117_WYG_108-4a
110.md	59	KR4h0117_WYG_108-4b
110.md	67	KR4h0117_WYG_108-5a
110.md	75	KR4h0117_WYG_108-5b
110.md	83	KR4h0117_WYG_108-6a
110.md	91	KR4h0117_WYG_108-6b
110.md	99	KR4h0117_WYG_108-7a
110.md	107	KR4h0117_WYG_108-7b
110.md	115	KR4h0117_WYG_108-8a
110.md	123	KR4h0117_WYG_108-8b
110.md	131	KR4h0117_WYG_108-9a
110.md	139	KR4h0117_WYG_108-9b
110.md	147	KR4h0117_WYG_108-10a
110.md	155	KR4h0117_WYG_108-10b
110.md	163	KR4h0117_WYG_108-11a
110.md	171	KR4h0117_WYG_108-11b
110.md	179	KR4h0117_WYG_108-12a
110.md	187	KR4h0117_WYG_108-12b
111.md	3	KR4h0117_WYG_109-1a
111.md	11	KR4h0117_WYG_109-1b
111.md	19	KR4h0117_WYG_109-2a
111.md	27	KR4h0117_WYG_109-2b
111.md	35	KR4h0117_WYG_109-3a
111.md	43	KR4h0117_WYG_109-3b
111.md	51	KR4h0117_WYG_109-4a
111.md	59	KR4h0117_WYG_109-4b
111.md	67	KR4h0117_WYG_109-5a
111.md	75	KR4h0117_WYG_109-5b
111.md	83	KR4h0117_WYG_109-6a
111.md	91	KR4h0117_WYG_109-6b
111.md	99	KR4h0117_WYG_109-7a
111.md	107	KR4h0117_WYG_109-7b
111.md	115	KR4h0117_WYG_109-8a
111.md	123	KR4h0117_WYG_109-8b
111.md	131	KR4h0117_WYG_109-9a
111.md	139	KR4h0117_WYG_109-9b
111.md	147	KR4h0117_WYG_109-10a
111.md	155	KR4h0117_WYG_109-10b
111.md	163	KR4h0117_WYG_109-11a
111.md	171	KR4h0117_WYG_109-11b
111.md	179	KR4h0117_WYG_109-12a
111.md	187	KR4h0117_WYG_109-12b
111.md	195	KR4h0117_WYG_109-13a
111.md	203	KR4h0117_WYG_109-13b
111.md	211	KR4h0117_WYG_109-14a
111.md	219	KR4h0117_WYG_109-14b
111.md	227	KR4h0117_WYG_109-15a
111.md	235	KR4h0117_WYG_109-15b
111.md	243	KR4h0117_WYG_109-16a
111.md	251	KR4h0117_WYG_109-16b
111.md	259	KR4h0117_WYG_109-17a
111.md	267	KR4h0117_WYG_109-17b
112.md	3	KR4h0117_WYG_110-1a
112.md	11	KR4h0117_WYG_110-1b
112.md	19	KR4h0117_WYG_110-2a
112.md	27	KR4h0117_WYG_110-2b
112.md	35	KR4h0117_WYG_110-3a
112.md	43	KR4h0117_WYG_110-3b
112.md	51	KR4h0117_WYG_110-4a
112.md	59	KR4h0117_WYG_110-4b
112.md	67	KR4h0117_WYG_110-5a
112.md	75	KR4h0117_WYG_110-5b
112.md	83	KR4h0117_WYG_110-6a
112.md	91	KR4h0117_WYG_110-6b
112.md	99	KR4h0117_WYG_110-7a
112.md	107	KR4h0117_WYG_110-7b
112.md	115	KR4h0117_WYG_110-8a
112.md	123	KR4h0117_WYG_110-8b
112.md	131	KR4h0117_WYG_110-9a
112.md	139	KR4h0117_WYG_110-9b
112.md	147	KR4h0117_WYG_110-10a
112.md	155	KR4h0117_WYG_110-10b
112.md	163	KR4h0117_WYG_110-11a
112.md	171	KR4h0117_WYG_110-11b
112.md	179	KR4h0117_WYG_110-12a
112.md	187	KR4h0117_WYG_110-12b
112.md	195	KR4h0117_WYG_110-13a
112.md	203	KR4h0117_WYG_110-13b
112.md	211	KR4h0117_WYG_110-14a
112.md	219	KR4h0117_WYG_110-14b
112.md	227	KR4h0117_WYG_110-15a
112.md	235	KR4h0117_WYG_110-15b
112.md	243	KR4h0117_WYG_110-16a
112.md	251	KR4h0117_WYG_110-16b
113.md	3	KR4h0117_WYG_111-1a
113.md	11	KR4h0117_WYG_111-1b
113.md	19	KR4h0117_WYG_111-2a
113.md	27	KR4h0117_WYG_111-2b
113.md	35	KR4h0117_WYG_111-3a
113.md	43	KR4h0117_WYG_111-3b
113.md	51	KR4h0117_WYG_111-4a
113.md	59	KR4h0117_WYG_111-4b
113.md	67	KR4h0117_WYG_111-5a
113.md	75	KR4h0117_WYG_111-5b
113.md	83	KR4h0117_WYG_111-6a
113.md	91	KR4h0117_WYG_111-6b
113.md	99	KR4h0117_WYG_111-7a
113.md	107	KR4h0117_WYG_111-7b
113.md	115	KR4h0117_WYG_111-8a
113.md	123	KR4h0117_WYG_111-8b
113.md	131	KR4h0117_WYG_111-9a
113.md	139	KR4h0117_WYG_111-9b
113.md	147	KR4h0117_WYG_111-10a
113.md	155	KR4h0117_WYG_111-10b
113.md	163	KR4h0117_WYG_111-11a
113.md	171	KR4h0117_WYG_111-11b
113.md	179	KR4h0117_WYG_111-12a
113.md	187	KR4h0117_WYG_111-12b
113.md	195	KR4h0117_WYG_111-13a
113.md	203	KR4h0117_WYG_111-13b
113.md	211	KR4h0117_WYG_111-14a
113.md	219	KR4h0117_WYG_111-14b
113.md	227	KR4h0117_WYG_111-15a
113.md	235	KR4h0117_WYG_111-15b
113.md	243	KR4h0117_WYG_111-16a
113.md	251	KR4h0117_WYG_111-16b
113.md	259	KR4h0117_WYG_111-17a
113.md	267	KR4h0117_WYG_111-17b
113.md	275	KR4h0117_WYG_111-18a
113.md	283	KR4h0117_WYG_111-18b
114.md	3	KR4h0117_WYG_112-1a
114.md	11	KR4h0117_WYG_112-1b
114.md	19	KR4h0117_WYG_112-2a
114.md	27	KR4h0117_WYG_112-2b
114.md	35	KR4h0117_WYG_112-3a
114.md	43	KR4h0117_WYG_112-3b
114.md	51	KR4h0117_WYG_112-4a
114.md	59	KR4h0117_WYG_112-4b
114.md	67	KR4h0117_WYG_112-5a
114.md	75	KR4h0117_WYG_112-5b
114.md	83	KR4h0117_WYG_112-6a
114.md	91	KR4h0117_WYG_112-6b
114.md	99	KR4h0117_WYG_112-7a
114.md	107	KR4h0117_WYG_112-7b
114.md	115	KR4h0117_WYG_112-8a
114.md	123	KR4h0117_WYG_112-8b
114.md	131	KR4h0117_WYG_112-9a
114.md	139	KR4h0117_WYG_112-9b
114.md	147	KR4h0117_WYG_112-10a
114.md	155	KR4h0117_WYG_112-10b
114.md	163	KR4h0117_WYG_112-11a
114.md	171	KR4h0117_WYG_112-11b
114.md	179	KR4h0117_WYG_112-12a
114.md	187	KR4h0117_WYG_112-12b
114.md	195	KR4h0117_WYG_112-13a
114.md	203	KR4h0117_WYG_112-13b
114.md	211	KR4h0117_WYG_112-14a
114.md	219	KR4h0117_WYG_112-14b
115.md	3	KR4h0117_WYG_113-1a
115.md	11	KR4h0117_WYG_113-1b
115.md	19	KR4h0117_WYG_113-2a
115.md	27	KR4h0117_WYG_113-2b
115.md	35	KR4h0117_WYG_113-3a
115.md	43	KR4h0117_WYG_113-3b
115.md	51	KR4h0117_WYG_113-4a
115.md	59	KR4h0117_WYG_113-4b
115.md	67	KR4h0117_WYG_113-5a
115.md	75	KR4h0117_WYG_113-5b
115.md	83	KR4h0117_WYG_113-6a
115.md	91	KR4h0117_WYG_113-6b
115.md	99	KR4h0117_WYG_113-7a
115.md	107	KR4h0117_WYG_113-7b
115.md	115	KR4h0117_WYG_113-8a
115.md	123	KR4h0117_WYG_113-8b
115.md	131	KR4h0117_WYG_113-9a
115.md	139	KR4h0117_WYG_113-9b
115.md	147	KR4h0117_WYG_113-10a
115.md	155	KR4h0117_WYG_113-10b
115.md	163	KR4h0117_WYG_113-11a
115.md	171	KR4h0117_WYG_113-11b
115.md	179	KR4h0117_WYG_113-12a
115.md	187	KR4h0117_WYG_113-12b
115.md	195	KR4h0117_WYG_113-13a
115.md	203	KR4h0117_WYG_113-13b
115.md	211	KR4h0117_WYG_113-14a
115.md	219	KR4h0117_WYG_113-14b
115.md	227	KR4h0117_WYG_113-15a
115.md	235	KR4h0117_WYG_113-15b
115.md	243	KR4h0117_WYG_113-16a
115.md	251	KR4h0117_WYG_113-16b
115.md	259	KR4h0117_WYG_113-17a
115.md	267	KR4h0117_WYG_113-17b
115.md	275	KR4h0117_WYG_113-18a
115.md	283	KR4h0117_WYG_113-18b
115.md	291	KR4h0117_WYG_113-19a
115.md	299	KR4h0117_WYG_113-19b
115.md	307	KR4h0117_WYG_113-20a
115.md	315	KR4h0117_WYG_113-20b
115.md	323	KR4h0117_WYG_113-21a
115.md	331	KR4h0117_WYG_113-21b
115.md	339	KR4h0117_WYG_113-22a
115.md	347	KR4h0117_WYG_113-22b
115.md	355	KR4h0117_WYG_113-23a
115.md	363	KR4h0117_WYG_113-23b
115.md	371	KR4h0117_WYG_113-24a
115.md	379	KR4h0117_WYG_113-24b
115.md	387	KR4h0117_WYG_113-25a
115.md	395	KR4h0117_WYG_113-25b
115.md	403	KR4h0117_WYG_113-26a
115.md	411	KR4h0117_WYG_113-26b
115.md	419	KR4h0117_WYG_113-27a
115.md	427	KR4h0117_WYG_113-27b
115.md	435	KR4h0117_WYG_113-28a
115.md	443	KR4h0117_WYG_113-28b
115.md	451	KR4h0117_WYG_113-29a
115.md	459	KR4h0117_WYG_113-29b
115.md	467	KR4h0117_WYG_113-30a
115.md	475	KR4h0117_WYG_113-30b
115.md	483	KR4h0117_WYG_113-31a
115.md	491	KR4h0117_WYG_113-31b
115.md	499	KR4h0117_WYG_113-32a
115.md	507	KR4h0117_WYG_113-32b
115.md	515	KR4h0117_WYG_113-33a
115.md	523	KR4h0117_WYG_113-33b
115.md	531	KR4h0117_WYG_113-34a
115.md	539	KR4h0117_WYG_113-34b
115.md	547	KR4h0117_WYG_113-35a
115.md	555	KR4h0117_WYG_113-35b
115.md	563	KR4h0117_WYG_113-36a
115.md	571	KR4h0117_WYG_113-36b
115.md	579	KR4h0117_WYG_113-37a
115.md	587	KR4h0117_WYG_113-37b
115.md	595	KR4h0117_WYG_113-38a
115.md	603	KR4h0117_WYG_113-38b
115.md	611	KR4h0117_WYG_113-39a
115.md	619	KR4h0117_WYG_113-39b
115.md	627	KR4h0117_WYG_113-40a
115.md	635	KR4h0117_WYG_113-40b
115.md	643	KR4h0117_WYG_113-41a
115.md	651	KR4h0117_WYG_113-41b
115.md	659	KR4h0117_WYG_113-42a
115.md	667	KR4h0117_WYG_113-42b
116.md	3	KR4h0117_WYG_114-1a
116.md	11	KR4h0117_WYG_114-1b
116.md	19	KR4h0117_WYG_114-2a
116.md	27	KR4h0117_WYG_114-2b
116.md	35	KR4h0117_WYG_114-3a
116.md	43	KR4h0117_WYG_114-3b
116.md	51	KR4h0117_WYG_114-4a
116.md	59	KR4h0117_WYG_114-4b
116.md	67	KR4h0117_WYG_114-5a
116.md	75	KR4h0117_WYG_114-5b
116.md	83	KR4h0117_WYG_114-6a
116.md	91	KR4h0117_WYG_114-6b
116.md	99	KR4h0117_WYG_114-7a
116.md	107	KR4h0117_WYG_114-7b
116.md	115	KR4h0117_WYG_114-8a
116.md	123	KR4h0117_WYG_114-8b
116.md	131	KR4h0117_WYG_114-9a
116.md	139	KR4h0117_WYG_114-9b
116.md	147	KR4h0117_WYG_114-10a
116.md	155	KR4h0117_WYG_114-10b
116.md	163	KR4h0117_WYG_114-11a
116.md	171	KR4h0117_WYG_114-11b
116.md	179	KR4h0117_WYG_114-12a
116.md	187	KR4h0117_WYG_114-12b
116.md	195	KR4h0117_WYG_114-13a
116.md	203	KR4h0117_WYG_114-13b
116.md	211	KR4h0117_WYG_114-14a
116.md	219	KR4h0117_WYG_114-14b
116.md	227	KR4h0117_WYG_114-15a
116.md	235	KR4h0117_WYG_114-15b
116.md	243	KR4h0117_WYG_114-16a
116.md	251	KR4h0117_WYG_114-16b
116.md	259	KR4h0117_WYG_114-17a
116.md	267	KR4h0117_WYG_114-17b
116.md	275	KR4h0117_WYG_114-18a
116.md	283	KR4h0117_WYG_114-18b
116.md	291	KR4h0117_WYG_114-19a
116.md	299	KR4h0117_WYG_114-19b
116.md	307	KR4h0117_WYG_114-20a
116.md	315	KR4h0117_WYG_114-20b
116.md	323	KR4h0117_WYG_114-21a
116.md	331	KR4h0117_WYG_114-21b
116.md	339	KR4h0117_WYG_114-22a
116.md	347	KR4h0117_WYG_114-22b
116.md	355	KR4h0117_WYG_114-23a
116.md	363	KR4h0117_WYG_114-23b
117.md	3	KR4h0117_WYG_115-1a
117.md	11	KR4h0117_WYG_115-1b
117.md	19	KR4h0117_WYG_115-2a
117.md	27	KR4h0117_WYG_115-2b
117.md	35	KR4h0117_WYG_115-3a
117.md	43	KR4h0117_WYG_115-3b
117.md	51	KR4h0117_WYG_115-4a
117.md	59	KR4h0117_WYG_115-4b
117.md	67	KR4h0117_WYG_115-5a
117.md	75	KR4h0117_WYG_115-5b
117.md	83	KR4h0117_WYG_115-6a
117.md	91	KR4h0117_WYG_115-6b
117.md	99	KR4h0117_WYG_115-7a
117.md	107	KR4h0117_WYG_115-7b
117.md	115	KR4h0117_WYG_115-8a
117.md	123	KR4h0117_WYG_115-8b
117.md	131	KR4h0117_WYG_115-9a
117.md	139	KR4h0117_WYG_115-9b
117.md	147	KR4h0117_WYG_115-10a
117.md	155	KR4h0117_WYG_115-10b
117.md	163	KR4h0117_WYG_115-11a
117.md	171	KR4h0117_WYG_115-11b
117.md	179	KR4h0117_WYG_115-12a
117.md	187	KR4h0117_WYG_115-12b
117.md	195	KR4h0117_WYG_115-13a
117.md	203	KR4h0117_WYG_115-13b
117.md	211	KR4h0117_WYG_115-14a
117.md	219	KR4h0117_WYG_115-14b
117.md	227	KR4h0117_WYG_115-15a
117.md	235	KR4h0117_WYG_115-15b
117.md	243	KR4h0117_WYG_115-16a
117.md	251	KR4h0117_WYG_115-16b
117.md	259	KR4h0117_WYG_115-17a
117.md	267	KR4h0117_WYG_115-17b
117.md	275	KR4h0117_WYG_115-18a
117.md	283	KR4h0117_WYG_115-18b
118.md	3	KR4h0117_WYG_116-1a
118.md	11	KR4h0117_WYG_116-1b
118.md	19	KR4h0117_WYG_116-2a
118.md	27	KR4h0117_WYG_116-2b
118.md	35	KR4h0117_WYG_116-3a
118.md	43	KR4h0117_WYG_116-3b
118.md	51	KR4h0117_WYG_116-4a
118.md	59	KR4h0117_WYG_116-4b
118.md	67	KR4h0117_WYG_116-5a
118.md	75	KR4h0117_WYG_116-5b
118.md	83	KR4h0117_WYG_116-6a
118.md	91	KR4h0117_WYG_116-6b
118.md	99	KR4h0117_WYG_116-7a
118.md	107	KR4h0117_WYG_116-7b
118.md	115	KR4h0117_WYG_116-8a
118.md	123	KR4h0117_WYG_116-8b
118.md	131	KR4h0117_WYG_116-9a
118.md	139	KR4h0117_WYG_116-9b
118.md	147	KR4h0117_WYG_116-10a
118.md	155	KR4h0117_WYG_116-10b
118.md	163	KR4h0117_WYG_116-11a
118.md	171	KR4h0117_WYG_116-11b
118.md	179	KR4h0117_WYG_116-12a
118.md	187	KR4h0117_WYG_116-12b
118.md	195	KR4h0117_WYG_116-13a
118.md	203	KR4h0117_WYG_116-13b
118.md	211	KR4h0117_WYG_116-14a
118.md	219	KR4h0117_WYG_116-14b
118.md	227	KR4h0117_WYG_116-15a
118.md	235	KR4h0117_WYG_116-15b
118.md	243	KR4h0117_WYG_116-16a
118.md	251	KR4h0117_WYG_116-16b
118.md	259	KR4h0117_WYG_116-17a
118.md	267	KR4h0117_WYG_116-17b
118.md	275	KR4h0117_WYG_116-18a
118.md	283	KR4h0117_WYG_116-18b
119.md	3	KR4h0117_WYG_117-1a
119.md	11	KR4h0117_WYG_117-1b
119.md	19	KR4h0117_WYG_117-2a
119.md	27	KR4h0117_WYG_117-2b
119.md	35	KR4h0117_WYG_117-3a
119.md	43	KR4h0117_WYG_117-3b
119.md	51	KR4h0117_WYG_117-4a
119.md	59	KR4h0117_WYG_117-4b
119.md	67	KR4h0117_WYG_117-5a
119.md	75	KR4h0117_WYG_117-5b
119.md	83	KR4h0117_WYG_117-6a
119.md	91	KR4h0117_WYG_117-6b
119.md	99	KR4h0117_WYG_117-7a
119.md	107	KR4h0117_WYG_117-7b
119.md	115	KR4h0117_WYG_117-8a
119.md	123	KR4h0117_WYG_117-8b
119.md	131	KR4h0117_WYG_117-9a
119.md	139	KR4h0117_WYG_117-9b
119.md	147	KR4h0117_WYG_117-10a
119.md	155	KR4h0117_WYG_117-10b
119.md	163	KR4h0117_WYG_117-11a
119.md	171	KR4h0117_WYG_117-11b
119.md	179	KR4h0117_WYG_117-12a
119.md	187	KR4h0117_WYG_117-12b
119.md	195	KR4h0117_WYG_117-13a
119.md	203	KR4h0117_WYG_117-13b
119.md	211	KR4h0117_WYG_117-14a
119.md	219	KR4h0117_WYG_117-14b
119.md	227	KR4h0117_WYG_117-15a
119.md	235	KR4h0117_WYG_117-15b
119.md	243	KR4h0117_WYG_117-16a
119.md	251	KR4h0117_WYG_117-16b
119.md	259	KR4h0117_WYG_117-17a
119.md	267	KR4h0117_WYG_117-17b
119.md	275	KR4h0117_WYG_117-18a
119.md	283	KR4h0117_WYG_117-18b
119.md	291	KR4h0117_WYG_117-19a
119.md	299	KR4h0117_WYG_117-19b
119.md	307	KR4h0117_WYG_117-20a
119.md	315	KR4h0117_WYG_117-20b
119.md	323	KR4h0117_WYG_117-21a
119.md	331	KR4h0117_WYG_117-21b
119.md	339	KR4h0117_WYG_117-22a
119.md	347	KR4h0117_WYG_117-22b
119.md	355	KR4h0117_WYG_117-23a
119.md	363	KR4h0117_WYG_117-23b
119.md	371	KR4h0117_WYG_117-24a
119.md	379	KR4h0117_WYG_117-24b
119.md	387	KR4h0117_WYG_117-25a
119.md	395	KR4h0117_WYG_117-25b
119.md	403	KR4h0117_WYG_117-26a
119.md	411	KR4h0117_WYG_117-26b
119.md	419	KR4h0117_WYG_117-27a
119.md	427	KR4h0117_WYG_117-27b
119.md	435	KR4h0117_WYG_117-28a
119.md	443	KR4h0117_WYG_117-28b
119.md	451	KR4h0117_WYG_117-29a
119.md	459	KR4h0117_WYG_117-29b
119.md	467	KR4h0117_WYG_117-30a
119.md	475	KR4h0117_WYG_117-30b
119.md	483	KR4h0117_WYG_117-31a
119.md	491	KR4h0117_WYG_117-31b
119.md	499	KR4h0117_WYG_117-32a
119.md	507	KR4h0117_WYG_117-32b
119.md	515	KR4h0117_WYG_117-33a
119.md	523	KR4h0117_WYG_117-33b
119.md	531	KR4h0117_WYG_117-34a
119.md	539	KR4h0117_WYG_117-34b
119.md	547	KR4h0117_WYG_117-35a
119.md	555	KR4h0117_WYG_117-35b
119.md	563	KR4h0117_WYG_117-36a
119.md	571	KR4h0117_WYG_117-36b
119.md	579	KR4h0117_WYG_117-37a
119.md	587	KR4h0117_WYG_117-37b
119.md	595	KR4h0117_WYG_117-38a
119.md	603	KR4h0117_WYG_117-38b
120.md	3	KR4h0117_WYG_118-1a
120.md	11	KR4h0117_WYG_118-1b
120.md	19	KR4h0117_WYG_118-2a
120.md	27	KR4h0117_WYG_118-2b
120.md	35	KR4h0117_WYG_118-3a
120.md	43	KR4h0117_WYG_118-3b
120.md	51	KR4h0117_WYG_118-4a
120.md	59	KR4h0117_WYG_118-4b
120.md	67	KR4h0117_WYG_118-5a
120.md	75	KR4h0117_WYG_118-5b
120.md	83	KR4h0117_WYG_118-6a
120.md	91	KR4h0117_WYG_118-6b
120.md	99	KR4h0117_WYG_118-7a
120.md	107	KR4h0117_WYG_118-7b
120.md	115	KR4h0117_WYG_118-8a
120.md	123	KR4h0117_WYG_118-8b
120.md	131	KR4h0117_WYG_118-9a
120.md	139	KR4h0117_WYG_118-9b
120.md	147	KR4h0117_WYG_118-10a
120.md	155	KR4h0117_WYG_118-10b
120.md	163	KR4h0117_WYG_118-11a
120.md	171	KR4h0117_WYG_118-11b
120.md	179	KR4h0117_WYG_118-12a
120.md	187	KR4h0117_WYG_118-12b
120.md	195	KR4h0117_WYG_118-13a
120.md	203	KR4h0117_WYG_118-13b
120.md	211	KR4h0117_WYG_118-14a
120.md	219	KR4h0117_WYG_118-14b
120.md	227	KR4h0117_WYG_118-15a
120.md	235	KR4h0117_WYG_118-15b
120.md	243	KR4h0117_WYG_118-16a
120.md	251	KR4h0117_WYG_118-16b
120.md	259	KR4h0117_WYG_118-17a
120.md	267	KR4h0117_WYG_118-17b
120.md	275	KR4h0117_WYG_118-18a
120.md	283	KR4h0117_WYG_118-18b
120.md	291	KR4h0117_WYG_118-19a
120.md	299	KR4h0117_WYG_118-19b
120.md	307	KR4h0117_WYG_118-20a
120.md	315	KR4h0117_WYG_118-20b
120.md	323	KR4h0117_WYG_118-21a
120.md	331	KR4h0117_WYG_118-21b
120.md	339	KR4h0117_WYG_118-22a
120.md	347	KR4h0117_WYG_118-22b
120.md	355	KR4h0117_WYG_118-23a
120.md	363	KR4h0117_WYG_118-23b
120.md	371	KR4h0117_WYG_118-24a
120.md	379	KR4h0117_WYG_118-24b
120.md	387	KR4h0117_WYG_118-25a
120.md	395	KR4h0117_WYG_118-25b
121.md	3	KR4h0117_WYG_119-1a
121.md	11	KR4h0117_WYG_119-1b
121.md	19	KR4h0117_WYG_119-2a
121.md	27	KR4h0117_WYG_119-2b
121.md	35	KR4h0117_WYG_119-3a
121.md	43	KR4h0117_WYG_119-3b
121.md	51	KR4h0117_WYG_119-4a
121.md	59	KR4h0117_WYG_119-4b
121.md	67	KR4h0117_WYG_119-5a
121.md	75	KR4h0117_WYG_119-5b
121.md	83	KR4h0117_WYG_119-6a
121.md	91	KR4h0117_WYG_119-6b
121.md	99	KR4h0117_WYG_119-7a
121.md	107	KR4h0117_WYG_119-7b
121.md	115	KR4h0117_WYG_119-8a
121.md	123	KR4h0117_WYG_119-8b
121.md	131	KR4h0117_WYG_119-9a
121.md	139	KR4h0117_WYG_119-9b
121.md	147	KR4h0117_WYG_119-10a
121.md	155	KR4h0117_WYG_119-10b
121.md	163	KR4h0117_WYG_119-11a
121.md	171	KR4h0117_WYG_119-11b
121.md	179	KR4h0117_WYG_119-12a
121.md	187	KR4h0117_WYG_119-12b
121.md	195	KR4h0117_WYG_119-13a
121.md	203	KR4h0117_WYG_119-13b
121.md	211	KR4h0117_WYG_119-14a
121.md	219	KR4h0117_WYG_119-14b
121.md	227	KR4h0117_WYG_119-15a
121.md	235	KR4h0117_WYG_119-15b
121.md	243	KR4h0117_WYG_119-16a
121.md	251	KR4h0117_WYG_119-16b
121.md	259	KR4h0117_WYG_119-17a
121.md	267	KR4h0117_WYG_119-17b
121.md	275	KR4h0117_WYG_119-18a
121.md	283	KR4h0117_WYG_119-18b
122.md	3	KR4h0117_WYG_120-1a
122.md	11	KR4h0117_WYG_120-1b
122.md	19	KR4h0117_WYG_120-2a
122.md	27	KR4h0117_WYG_120-2b
122.md	35	KR4h0117_WYG_120-3a
122.md	43	KR4h0117_WYG_120-3b
122.md	51	KR4h0117_WYG_120-4a
122.md	59	KR4h0117_WYG_120-4b
122.md	67	KR4h0117_WYG_120-5a
122.md	75	KR4h0117_WYG_120-5b
122.md	83	KR4h0117_WYG_120-6a
122.md	91	KR4h0117_WYG_120-6b
122.md	99	KR4h0117_WYG_120-7a
122.md	107	KR4h0117_WYG_120-7b
122.md	115	KR4h0117_WYG_120-8a
122.md	123	KR4h0117_WYG_120-8b
122.md	131	KR4h0117_WYG_120-9a
122.md	139	KR4h0117_WYG_120-9b
122.md	147	KR4h0117_WYG_120-10a
122.md	155	KR4h0117_WYG_120-10b
122.md	163	KR4h0117_WYG_120-11a
122.md	171	KR4h0117_WYG_120-11b
122.md	179	KR4h0117_WYG_120-12a
122.md	187	KR4h0117_WYG_120-12b
122.md	195	KR4h0117_WYG_120-13a
122.md	203	KR4h0117_WYG_120-13b
122.md	211	KR4h0117_WYG_120-14a
122.md	219	KR4h0117_WYG_120-14b
122.md	227	KR4h0117_WYG_120-15a
122.md	235	KR4h0117_WYG_120-15b
122.md	243	KR4h0117_WYG_120-16a
122.md	251	KR4h0117_WYG_120-16b
122.md	259	KR4h0117_WYG_120-17a
122.md	267	KR4h0117_WYG_120-17b
122.md	275	KR4h0117_WYG_120-18a
122.md	283	KR4h0117_WYG_120-18b
122.md	291	KR4h0117_WYG_120-19a
122.md	299	KR4h0117_WYG_120-19b
122.md	307	KR4h0117_WYG_120-20a
122.md	315	KR4h0117_WYG_120-20b
122.md	323	KR4h0117_WYG_120-21a
122.md	331	KR4h0117_WYG_120-21b
122.md	339	KR4h0117_WYG_120-22a
122.md	347	KR4h0117_WYG_120-22b
122.md	355	KR4h0117_WYG_120-23a
122.md	363	KR4h0117_WYG_120-23b
122.md	371	KR4h0117_WYG_120-24a
122.md	379	KR4h0117_WYG_120-24b
122.md	387	KR4h0117_WYG_120-25a
122.md	395	KR4h0117_WYG_120-25b
123.md	3	KR4h0117_WYG_121-1a
123.md	11	KR4h0117_WYG_121-1b
123.md	19	KR4h0117_WYG_121-2a
123.md	27	KR4h0117_WYG_121-2b
123.md	35	KR4h0117_WYG_121-3a
123.md	43	KR4h0117_WYG_121-3b
123.md	51	KR4h0117_WYG_121-4a
123.md	59	KR4h0117_WYG_121-4b
123.md	67	KR4h0117_WYG_121-5a
123.md	75	KR4h0117_WYG_121-5b
123.md	83	KR4h0117_WYG_121-6a
123.md	91	KR4h0117_WYG_121-6b
123.md	99	KR4h0117_WYG_121-7a
123.md	107	KR4h0117_WYG_121-7b
123.md	115	KR4h0117_WYG_121-8a
123.md	123	KR4h0117_WYG_121-8b
123.md	131	KR4h0117_WYG_121-9a
123.md	139	KR4h0117_WYG_121-9b
123.md	147	KR4h0117_WYG_121-10a
123.md	155	KR4h0117_WYG_121-10b
123.md	163	KR4h0117_WYG_121-11a
123.md	171	KR4h0117_WYG_121-11b
123.md	179	KR4h0117_WYG_121-12a
123.md	187	KR4h0117_WYG_121-12b
123.md	195	KR4h0117_WYG_121-13a
123.md	203	KR4h0117_WYG_121-13b
123.md	211	KR4h0117_WYG_121-14a
123.md	219	KR4h0117_WYG_121-14b
123.md	227	KR4h0117_WYG_121-15a
123.md	235	KR4h0117_WYG_121-15b
123.md	243	KR4h0117_WYG_121-16a
123.md	251	KR4h0117_WYG_121-16b
123.md	259	KR4h0117_WYG_121-17a
123.md	267	KR4h0117_WYG_121-17b
123.md	275	KR4h0117_WYG_121-18a
123.md	283	KR4h0117_WYG_121-18b
123.md	291	KR4h0117_WYG_121-19a
123.md	299	KR4h0117_WYG_121-19b
123.md	307	KR4h0117_WYG_121-20a
123.md	315	KR4h0117_WYG_121-20b
123.md	323	KR4h0117_WYG_121-21a
123.md	331	KR4h0117_WYG_121-21b
124.md	3	KR4h0117_WYG_122-1a
124.md	11	KR4h0117_WYG_122-1b
124.md	19	KR4h0117_WYG_122-2a
124.md	27	KR4h0117_WYG_122-2b
124.md	35	KR4h0117_WYG_122-3a
124.md	43	KR4h0117_WYG_122-3b
124.md	51	KR4h0117_WYG_122-4a
124.md	59	KR4h0117_WYG_122-4b
124.md	67	KR4h0117_WYG_122-5a
124.md	75	KR4h0117_WYG_122-5b
124.md	83	KR4h0117_WYG_122-6a
124.md	91	KR4h0117_WYG_122-6b
124.md	99	KR4h0117_WYG_122-7a
124.md	107	KR4h0117_WYG_122-7b
124.md	115	KR4h0117_WYG_122-8a
124.md	123	KR4h0117_WYG_122-8b
124.md	131	KR4h0117_WYG_122-9a
124.md	139	KR4h0117_WYG_122-9b
124.md	147	KR4h0117_WYG_122-10a
124.md	155	KR4h0117_WYG_122-10b
124.md	163	KR4h0117_WYG_122-11a
124.md	171	KR4h0117_WYG_122-11b
124.md	179	KR4h0117_WYG_122-12a
124.md	187	KR4h0117_WYG_122-12b
124.md	195	KR4h0117_WYG_122-13a
124.md	203	KR4h0117_WYG_122-13b
124.md	211	KR4h0117_WYG_122-14a
124.md	219	KR4h0117_WYG_122-14b
124.md	227	KR4h0117_WYG_122-15a
124.md	235	KR4h0117_WYG_122-15b
124.md	243	KR4h0117_WYG_122-16a
124.md	251	KR4h0117_WYG_122-16b
124.md	259	KR4h0117_WYG_122-17a
124.md	267	KR4h0117_WYG_122-17b
124.md	275	KR4h0117_WYG_122-18a
124.md	283	KR4h0117_WYG_122-18b
124.md	291	KR4h0117_WYG_122-19a
124.md	299	KR4h0117_WYG_122-19b
124.md	307	KR4h0117_WYG_122-20a
124.md	315	KR4h0117_WYG_122-20b
124.md	323	KR4h0117_WYG_122-21a
124.md	331	KR4h0117_WYG_122-21b
124.md	339	KR4h0117_WYG_122-22a
124.md	347	KR4h0117_WYG_122-22b
124.md	355	KR4h0117_WYG_122-23a
124.md	363	KR4h0117_WYG_122-23b
125.md	3	KR4h0117_WYG_123-1a
125.md	11	KR4h0117_WYG_123-1b
125.md	19	KR4h0117_WYG_123-2a
125.md	27	KR4h0117_WYG_123-2b
125.md	35	KR4h0117_WYG_123-3a
125.md	43	KR4h0117_WYG_123-3b
125.md	51	KR4h0117_WYG_123-4a
125.md	59	KR4h0117_WYG_123-4b
125.md	67	KR4h0117_WYG_123-5a
125.md	75	KR4h0117_WYG_123-5b
125.md	83	KR4h0117_WYG_123-6a
125.md	91	KR4h0117_WYG_123-6b
125.md	99	KR4h0117_WYG_123-7a
125.md	107	KR4h0117_WYG_123-7b
125.md	115	KR4h0117_WYG_123-8a
125.md	123	KR4h0117_WYG_123-8b
125.md	131	KR4h0117_WYG_123-9a
125.md	139	KR4h0117_WYG_123-9b
125.md	147	KR4h0117_WYG_123-10a
125.md	155	KR4h0117_WYG_123-10b
125.md	163	KR4h0117_WYG_123-11a
125.md	171	KR4h0117_WYG_123-11b
125.md	179	KR4h0117_WYG_123-12a
125.md	187	KR4h0117_WYG_123-12b
125.md	195	KR4h0117_WYG_123-13a
125.md	203	KR4h0117_WYG_123-13b
125.md	211	KR4h0117_WYG_123-14a
125.md	219	KR4h0117_WYG_123-14b
125.md	227	KR4h0117_WYG_123-15a
125.md	235	KR4h0117_WYG_123-15b
125.md	243	KR4h0117_WYG_123-16a
125.md	251	KR4h0117_WYG_123-16b
125.md	259	KR4h0117_WYG_123-17a
125.md	267	KR4h0117_WYG_123-17b
125.md	275	KR4h0117_WYG_123-18a
125.md	283	KR4h0117_WYG_123-18b
125.md	291	KR4h0117_WYG_123-19a
125.md	299	KR4h0117_WYG_123-19b
125.md	307	KR4h0117_WYG_123-20a
125.md	315	KR4h0117_WYG_123-20b
125.md	323	KR4h0117_WYG_123-21a
125.md	331	KR4h0117_WYG_123-21b
125.md	339	KR4h0117_WYG_123-22a
125.md	347	KR4h0117_WYG_123-22b
125.md	355	KR4h0117_WYG_123-23a
125.md	363	KR4h0117_WYG_123-23b
125.md	371	KR4h0117_WYG_123-24a
125.md	379	KR4h0117_WYG_123-24b
125.md	387	KR4h0117_WYG_123-25a
125.md	395	KR4h0117_WYG_123-25b
125.md	403	KR4h0117_WYG_123-26a
125.md	411	KR4h0117_WYG_123-26b
125.md	419	KR4h0117_WYG_123-27a
125.md	427	KR4h0117_WYG_123-27b
125.md	435	KR4h0117_WYG_123-28a
125.md	443	KR4h0117_WYG_123-28b
125.md	451	KR4h0117_WYG_123-29a
125.md	459	KR4h0117_WYG_123-29b
125.md	467	KR4h0117_WYG_123-30a
125.md	475	KR4h0117_WYG_123-30b
125.md	483	KR4h0117_WYG_123-31a
125.md	491	KR4h0117_WYG_123-31b
125.md	499	KR4h0117_WYG_123-32a
125.md	507	KR4h0117_WYG_123-32b
125.md	515	KR4h0117_WYG_123-33a
125.md	523	KR4h0117_WYG_123-33b
125.md	531	KR4h0117_WYG_123-34a
125.md	539	KR4h0117_WYG_123-34b
125.md	547	KR4h0117_WYG_123-35a
125.md	555	KR4h0117_WYG_123-35b
125.md	563	KR4h0117_WYG_123-36a
125.md	571	KR4h0117_WYG_123-36b
125.md	579	KR4h0117_WYG_123-37a
125.md	587	KR4h0117_WYG_123-37b
125.md	595	KR4h0117_WYG_123-38a
125.md	603	KR4h0117_WYG_123-38b
125.md	611	KR4h0117_WYG_123-39a
125.md	619	KR4h0117_WYG_123-39b
125.md	627	KR4h0117_WYG_123-40a
125.md	635	KR4h0117_WYG_123-40b
125.md	643	KR4h0117_WYG_123-41a
125.md	651	KR4h0117_WYG_123-41b
125.md	659	KR4h0117_WYG_123-42a
125.md	667	KR4h0117_WYG_123-42b
125.md	675	KR4h0117_WYG_123-43a
125.md	683	KR4h0117_WYG_123-43b
125.md	691	KR4h0117_WYG_123-44a
125.md	699	KR4h0117_WYG_123-44b
125.md	707	KR4h0117_WYG_123-45a
125.md	715	KR4h0117_WYG_123-45b
126.md	3	KR4h0117_WYG_124-1a
126.md	11	KR4h0117_WYG_124-1b
126.md	19	KR4h0117_WYG_124-2a
126.md	27	KR4h0117_WYG_124-2b
126.md	35	KR4h0117_WYG_124-3a
126.md	43	KR4h0117_WYG_124-3b
126.md	51	KR4h0117_WYG_124-4a
126.md	59	KR4h0117_WYG_124-4b
126.md	67	KR4h0117_WYG_124-5a
126.md	75	KR4h0117_WYG_124-5b
126.md	83	KR4h0117_WYG_124-6a
126.md	91	KR4h0117_WYG_124-6b
126.md	99	KR4h0117_WYG_124-7a
126.md	107	KR4h0117_WYG_124-7b
126.md	115	KR4h0117_WYG_124-8a
126.md	123	KR4h0117_WYG_124-8b
126.md	131	KR4h0117_WYG_124-9a
126.md	139	KR4h0117_WYG_124-9b
126.md	147	KR4h0117_WYG_124-10a
126.md	155	KR4h0117_WYG_124-10b
127.md	3	KR4h0117_WYG_125-1a
127.md	11	KR4h0117_WYG_125-1b
127.md	19	KR4h0117_WYG_125-2a
127.md	27	KR4h0117_WYG_125-2b
127.md	35	KR4h0117_WYG_125-3a
127.md	43	KR4h0117_WYG_125-3b
127.md	51	KR4h0117_WYG_125-4a
127.md	59	KR4h0117_WYG_125-4b
127.md	67	KR4h0117_WYG_125-5a
127.md	75	KR4h0117_WYG_125-5b
127.md	83	KR4h0117_WYG_125-6a
127.md	91	KR4h0117_WYG_125-6b
127.md	99	KR4h0117_WYG_125-7a
127.md	107	KR4h0117_WYG_125-7b
127.md	115	KR4h0117_WYG_125-8a
127.md	123	KR4h0117_WYG_125-8b
127.md	131	KR4h0117_WYG_125-9a
127.md	139	KR4h0117_WYG_125-9b
127.md	147	KR4h0117_WYG_125-10a
127.md	155	KR4h0117_WYG_125-10b
127.md	163	KR4h0117_WYG_125-11a
127.md	171	KR4h0117_WYG_125-11b
127.md	179	KR4h0117_WYG_125-12a
127.md	187	KR4h0117_WYG_125-12b
127.md	195	KR4h0117_WYG_125-13a
127.md	203	KR4h0117_WYG_125-13b
127.md	211	KR4h0117_WYG_125-14a
127.md	219	KR4h0117_WYG_125-14b
128.md	3	KR4h0117_WYG_126-1a
128.md	11	KR4h0117_WYG_126-1b
128.md	19	KR4h0117_WYG_126-2a
128.md	27	KR4h0117_WYG_126-2b
128.md	35	KR4h0117_WYG_126-3a
128.md	43	KR4h0117_WYG_126-3b
128.md	51	KR4h0117_WYG_126-4a
128.md	59	KR4h0117_WYG_126-4b
128.md	67	KR4h0117_WYG_126-5a
128.md	75	KR4h0117_WYG_126-5b
128.md	83	KR4h0117_WYG_126-6a
128.md	91	KR4h0117_WYG_126-6b
128.md	99	KR4h0117_WYG_126-7a
128.md	107	KR4h0117_WYG_126-7b
128.md	115	KR4h0117_WYG_126-8a
128.md	123	KR4h0117_WYG_126-8b
128.md	131	KR4h0117_WYG_126-9a
128.md	139	KR4h0117_WYG_126-9b
128.md	147	KR4h0117_WYG_126-10a
128.md	155	KR4h0117_WYG_126-10b
128.md	163	KR4h0117_WYG_126-11a
128.md	171	KR4h0117_WYG_126-11b
128.md	179	KR4h0117_WYG_126-12a
128.md	187	KR4h0117_WYG_126-12b
128.md	195	KR4h0117_WYG_126-13a
128.md	203	KR4h0117_WYG_126-13b
128.md	211	KR4h0117_WYG_126-14a
128.md	219	KR4h0117_WYG_126-14b
129.md	3	KR4h0117_WYG_127-1a
129.md	11	KR4h0117_WYG_127-1b
129.md	19	KR4h0117_WYG_127-2a
129.md	27	KR4h0117_WYG_127-2b
129.md	35	KR4h0117_WYG_127-3a
129.md	43	KR4h0117_WYG_127-3b
129.md	51	KR4h0117_WYG_127-4a
129.md	59	KR4h0117_WYG_127-4b
129.md	67	KR4h0117_WYG_127-5a
129.md	75	KR4h0117_WYG_127-5b
129.md	83	KR4h0117_WYG_127-6a
129.md	91	KR4h0117_WYG_127-6b
129.md	99	KR4h0117_WYG_127-7a
129.md	107	KR4h0117_WYG_127-7b
129.md	115	KR4h0117_WYG_127-8a
129.md	123	KR4h0117_WYG_127-8b
129.md	131	KR4h0117_WYG_127-9a
129.md	139	KR4h0117_WYG_127-9b
129.md	147	KR4h0117_WYG_127-10a
129.md	155	KR4h0117_WYG_127-10b
129.md	163	KR4h0117_WYG_127-11a
129.md	171	KR4h0117_WYG_127-11b
129.md	179	KR4h0117_WYG_127-12a
129.md	187	KR4h0117_WYG_127-12b
129.md	195	KR4h0117_WYG_127-13a
129.md	203	KR4h0117_WYG_127-13b
129.md	211	KR4h0117_WYG_127-14a
129.md	219	KR4h0117_WYG_127-14b
130.md	3	KR4h0117_WYG_128-1a
130.md	11	KR4h0117_WYG_128-1b
130.md	19	KR4h0117_WYG_128-2a
130.md	27	KR4h0117_WYG_128-2b
130.md	35	KR4h0117_WYG_128-3a
130.md	43	KR4h0117_WYG_128-3b
130.md	51	KR4h0117_WYG_128-4a
130.md	59	KR4h0117_WYG_128-4b
130.md	67	KR4h0117_WYG_128-5a
130.md	75	KR4h0117_WYG_128-5b
130.md	83	KR4h0117_WYG_128-6a
130.md	91	KR4h0117_WYG_128-6b
130.md	99	KR4h0117_WYG_128-7a
130.md	107	KR4h0117_WYG_128-7b
130.md	115	KR4h0117_WYG_128-8a
130.md	123	KR4h0117_WYG_128-8b
130.md	131	KR4h0117_WYG_128-9a
130.md	139	KR4h0117_WYG_128-9b
130.md	147	KR4h0117_WYG_128-10a
130.md	155	KR4h0117_WYG_128-10b
130.md	163	KR4h0117_WYG_128-11a
130.md	171	KR4h0117_WYG_128-11b
130.md	179	KR4h0117_WYG_128-12a
130.md	187	KR4h0117_WYG_128-12b
131.md	3	KR4h0117_WYG_129-1a
131.md	11	KR4h0117_WYG_129-1b
131.md	19	KR4h0117_WYG_129-2a
131.md	27	KR4h0117_WYG_129-2b
131.md	35	KR4h0117_WYG_129-3a
131.md	43	KR4h0117_WYG_129-3b
131.md	51	KR4h0117_WYG_129-4a
131.md	59	KR4h0117_WYG_129-4b
131.md	67	KR4h0117_WYG_129-5a
131.md	75	KR4h0117_WYG_129-5b
131.md	83	KR4h0117_WYG_129-6a
131.md	91	KR4h0117_WYG_129-6b
131.md	99	KR4h0117_WYG_129-7a
131.md	107	KR4h0117_WYG_129-7b
131.md	115	KR4h0117_WYG_129-8a
131.md	123	KR4h0117_WYG_129-8b
131.md	131	KR4h0117_WYG_129-9a
131.md	139	KR4h0117_WYG_129-9b
132.md	3	KR4h0117_WYG_130-1a
132.md	11	KR4h0117_WYG_130-1b
132.md	19	KR4h0117_WYG_130-2a
132.md	27	KR4h0117_WYG_130-2b
132.md	35	KR4h0117_WYG_130-3a
132.md	43	KR4h0117_WYG_130-3b
132.md	51	KR4h0117_WYG_130-4a
132.md	59	KR4h0117_WYG_130-4b
132.md	67	KR4h0117_WYG_130-5a
132.md	75	KR4h0117_WYG_130-5b
132.md	83	KR4h0117_WYG_130-6a
132.md	91	KR4h0117_WYG_130-6b
132.md	99	KR4h0117_WYG_130-7a
132.md	107	KR4h0117_WYG_130-7b
132.md	115	KR4h0117_WYG_130-8a
132.md	123	KR4h0117_WYG_130-8b
132.md	131	KR4h0117_WYG_130-9a
132.md	139	KR4h0117_WYG_130-9b
132.md	147	KR4h0117_WYG_130-10a
132.md	155	KR4h0117_WYG_130-10b
132.md	163	KR4h0117_WYG_130-11a
132.md	171	KR4h0117_WYG_130-11b
132.md	179	KR4h0117_WYG_130-12a
132.md	187	KR4h0117_WYG_130-12b
132.md	195	KR4h0117_WYG_130-13a
132.md	203	KR4h0117_WYG_130-13b
132.md	211	KR4h0117_WYG_130-14a
132.md	219	KR4h0117_WYG_130-14b
132.md	227	KR4h0117_WYG_130-15a
132.md	235	KR4h0117_WYG_130-15b
132.md	243	KR4h0117_WYG_130-16a
132.md	251	KR4h0117_WYG_130-16b
133.md	3	KR4h0117_WYG_131-1a
133.md	11	KR4h0117_WYG_131-1b
133.md	19	KR4h0117_WYG_131-2a
133.md	27	KR4h0117_WYG_131-2b
133.md	35	KR4h0117_WYG_131-3a
133.md	43	KR4h0117_WYG_131-3b
133.md	51	KR4h0117_WYG_131-4a
133.md	59	KR4h0117_WYG_131-4b
133.md	67	KR4h0117_WYG_131-5a
133.md	75	KR4h0117_WYG_131-5b
133.md	83	KR4h0117_WYG_131-6a
133.md	91	KR4h0117_WYG_131-6b
133.md	99	KR4h0117_WYG_131-7a
133.md	107	KR4h0117_WYG_131-7b
133.md	115	KR4h0117_WYG_131-8a
133.md	123	KR4h0117_WYG_131-8b
133.md	131	KR4h0117_WYG_131-9a
133.md	139	KR4h0117_WYG_131-9b
133.md	147	KR4h0117_WYG_131-10a
133.md	155	KR4h0117_WYG_131-10b
133.md	163	KR4h0117_WYG_131-11a
133.md	171	KR4h0117_WYG_131-11b
133.md	179	KR4h0117_WYG_131-12a
133.md	187	KR4h0117_WYG_131-12b
133.md	195	KR4h0117_WYG_131-13a
133.md	203	KR4h0117_WYG_131-13b
133.md	211	KR4h0117_WYG_131-14a
133.md	219	KR4h0117_WYG_131-14b
133.md	227	KR4h0117_WYG_131-15a
133.md	235	KR4h0117_WYG_131-15b
133.md	243	KR4h0117_WYG_131-16a
133.md	251	KR4h0117_WYG_131-16b
133.md	259	KR4h0117_WYG_131-17a
133.md	267	KR4h0117_WYG_131-17b
133.md	275	KR4h0117_WYG_131-18a
133.md	283	KR4h0117_WYG_131-18b
134.md	3	KR4h0117_WYG_132-1a
134.md	11	KR4h0117_WYG_132-1b
134.md	19	KR4h0117_WYG_132-2a
134.md	27	KR4h0117_WYG_132-2b
134.md	35	KR4h0117_WYG_132-3a
134.md	43	KR4h0117_WYG_132-3b
134.md	51	KR4h0117_WYG_132-4a
134.md	59	KR4h0117_WYG_132-4b
134.md	67	KR4h0117_WYG_132-5a
134.md	75	KR4h0117_WYG_132-5b
134.md	83	KR4h0117_WYG_132-6a
134.md	91	KR4h0117_WYG_132-6b
134.md	99	KR4h0117_WYG_132-7a
134.md	107	KR4h0117_WYG_132-7b
134.md	115	KR4h0117_WYG_132-8a
134.md	123	KR4h0117_WYG_132-8b
134.md	131	KR4h0117_WYG_132-9a
134.md	139	KR4h0117_WYG_132-9b
134.md	147	KR4h0117_WYG_132-10a
134.md	155	KR4h0117_WYG_132-10b
134.md	163	KR4h0117_WYG_132-11a
134.md	171	KR4h0117_WYG_132-11b
134.md	179	KR4h0117_WYG_132-12a
134.md	187	KR4h0117_WYG_132-12b
134.md	195	KR4h0117_WYG_132-13a
134.md	203	KR4h0117_WYG_132-13b
134.md	211	KR4h0117_WYG_132-14a
134.md	219	KR4h0117_WYG_132-14b
134.md	227	KR4h0117_WYG_132-15a
134.md	235	KR4h0117_WYG_132-15b
134.md	243	KR4h0117_WYG_132-16a
134.md	251	KR4h0117_WYG_132-16b
134.md	259	KR4h0117_WYG_132-17a
134.md	267	KR4h0117_WYG_132-17b
134.md	275	KR4h0117_WYG_132-18a
134.md	283	KR4h0117_WYG_132-18b
134.md	291	KR4h0117_WYG_132-19a
134.md	299	KR4h0117_WYG_132-19b
134.md	307	KR4h0117_WYG_132-20a
134.md	315	KR4h0117_WYG_132-20b
134.md	323	KR4h0117_WYG_132-21a
134.md	331	KR4h0117_WYG_132-21b
134.md	339	KR4h0117_WYG_132-22a
134.md	347	KR4h0117_WYG_132-22b
134.md	355	KR4h0117_WYG_132-23a
134.md	363	KR4h0117_WYG_132-23b
134.md	371	KR4h0117_WYG_132-24a
134.md	379	KR4h0117_WYG_132-24b
134.md	387	KR4h0117_WYG_132-25a
134.md	395	KR4h0117_WYG_132-25b
134.md	403	KR4h0117_WYG_132-26a
134.md	411	KR4h0117_WYG_132-26b
135.md	3	KR4h0117_WYG_132-27a
135.md	11	KR4h0117_WYG_132-27b
135.md	19	KR4h0117_WYG_132-28a
135.md	27	KR4h0117_WYG_132-28b
135.md	35	KR4h0117_WYG_132-29a
135.md	43	KR4h0117_WYG_132-29b
135.md	51	KR4h0117_WYG_132-30a
135.md	59	KR4h0117_WYG_132-30b
135.md	67	KR4h0117_WYG_132-31a
135.md	75	KR4h0117_WYG_132-31b
135.md	83	KR4h0117_WYG_132-32a
135.md	91	KR4h0117_WYG_132-32b
135.md	99	KR4h0117_WYG_132-33a
135.md	107	KR4h0117_WYG_132-33b
135.md	115	KR4h0117_WYG_132-34a
135.md	123	KR4h0117_WYG_132-34b
135.md	131	KR4h0117_WYG_132-35a
135.md	139	KR4h0117_WYG_132-35b
135.md	147	KR4h0117_WYG_132-36a
135.md	155	KR4h0117_WYG_132-36b
135.md	163	KR4h0117_WYG_132-37a
135.md	171	KR4h0117_WYG_132-37b
135.md	179	KR4h0117_WYG_132-38a
135.md	187	KR4h0117_WYG_132-38b
135.md	195	KR4h0117_WYG_132-39a
135.md	203	KR4h0117_WYG_132-39b
135.md	211	KR4h0117_WYG_132-40a
135.md	219	KR4h0117_WYG_132-40b
135.md	227	KR4h0117_WYG_132-41a
135.md	235	KR4h0117_WYG_132-41b
135.md	243	KR4h0117_WYG_132-42a
135.md	251	KR4h0117_WYG_132-42b
135.md	259	KR4h0117_WYG_132-43a
135.md	267	KR4h0117_WYG_132-43b
135.md	275	KR4h0117_WYG_132-44a
135.md	283	KR4h0117_WYG_132-44b
135.md	291	KR4h0117_WYG_132-45a
135.md	299	KR4h0117_WYG_132-45b
135.md	307	KR4h0117_WYG_132-46a
135.md	315	KR4h0117_WYG_132-46b
135.md	323	KR4h0117_WYG_132-47a
135.md	331	KR4h0117_WYG_132-47b
135.md	339	KR4h0117_WYG_132-48a
135.md	347	KR4h0117_WYG_132-48b
135.md	355	KR4h0117_WYG_132-49a
135.md	363	KR4h0117_WYG_132-49b
135.md	371	KR4h0117_WYG_132-50a
135.md	379	KR4h0117_WYG_132-50b
135.md	387	KR4h0117_WYG_132-51a
135.md	395	KR4h0117_WYG_132-51b
135.md	403	KR4h0117_WYG_132-52a
135.md	411	KR4h0117_WYG_132-52b
135.md	419	KR4h0117_WYG_132-53a
135.md	427	KR4h0117_WYG_132-53b
135.md	435	KR4h0117_WYG_132-54a
135.md	443	KR4h0117_WYG_132-54b
136.md	3	KR4h0117_WYG_133-1a
136.md	11	KR4h0117_WYG_133-1b
136.md	19	KR4h0117_WYG_133-2a
136.md	27	KR4h0117_WYG_133-2b
136.md	35	KR4h0117_WYG_133-3a
136.md	43	KR4h0117_WYG_133-3b
136.md	51	KR4h0117_WYG_133-4a
136.md	59	KR4h0117_WYG_133-4b
136.md	67	KR4h0117_WYG_133-5a
136.md	75	KR4h0117_WYG_133-5b
136.md	83	KR4h0117_WYG_133-6a
136.md	91	KR4h0117_WYG_133-6b
136.md	99	KR4h0117_WYG_133-7a
136.md	107	KR4h0117_WYG_133-7b
136.md	115	KR4h0117_WYG_133-8a
136.md	123	KR4h0117_WYG_133-8b
136.md	131	KR4h0117_WYG_133-9a
136.md	139	KR4h0117_WYG_133-9b
136.md	147	KR4h0117_WYG_133-10a
136.md	155	KR4h0117_WYG_133-10b
137.md	3	KR4h0117_WYG_134-1a
137.md	11	KR4h0117_WYG_134-1b
137.md	19	KR4h0117_WYG_134-2a
137.md	27	KR4h0117_WYG_134-2b
137.md	35	KR4h0117_WYG_134-3a
137.md	43	KR4h0117_WYG_134-3b
137.md	51	KR4h0117_WYG_134-4a
137.md	59	KR4h0117_WYG_134-4b
137.md	67	KR4h0117_WYG_134-5a
137.md	75	KR4h0117_WYG_134-5b
137.md	83	KR4h0117_WYG_134-6a
137.md	91	KR4h0117_WYG_134-6b
137.md	99	KR4h0117_WYG_134-7a
137.md	107	KR4h0117_WYG_134-7b
137.md	115	KR4h0117_WYG_134-8a
137.md	123	KR4h0117_WYG_134-8b
137.md	131	KR4h0117_WYG_134-9a
137.md	139	KR4h0117_WYG_134-9b
137.md	147	KR4h0117_WYG_134-10a
137.md	155	KR4h0117_WYG_134-10b
138.md	3	KR4h0117_WYG_135-1a
138.md	11	KR4h0117_WYG_135-1b
138.md	19	KR4h0117_WYG_135-2a
138.md	27	KR4h0117_WYG_135-2b
138.md	35	KR4h0117_WYG_135-3a
138.md	43	KR4h0117_WYG_135-3b
138.md	51	KR4h0117_WYG_135-4a
138.md	59	KR4h0117_WYG_135-4b
138.md	67	KR4h0117_WYG_135-5a
138.md	75	KR4h0117_WYG_135-5b
138.md	83	KR4h0117_WYG_135-6a
138.md	91	KR4h0117_WYG_135-6b
138.md	99	KR4h0117_WYG_135-7a
138.md	107	KR4h0117_WYG_135-7b
138.md	115	KR4h0117_WYG_135-8a
138.md	123	KR4h0117_WYG_135-8b
138.md	131	KR4h0117_WYG_135-9a
138.md	139	KR4h0117_WYG_135-9b
138.md	147	KR4h0117_WYG_135-10a
138.md	155	KR4h0117_WYG_135-10b
138.md	163	KR4h0117_WYG_135-11a
138.md	171	KR4h0117_WYG_135-11b
138.md	179	KR4h0117_WYG_135-12a
138.md	187	KR4h0117_WYG_135-12b
139.md	3	KR4h0117_WYG_136-1a
139.md	11	KR4h0117_WYG_136-1b
139.md	19	KR4h0117_WYG_136-2a
139.md	27	KR4h0117_WYG_136-2b
139.md	35	KR4h0117_WYG_136-3a
139.md	43	KR4h0117_WYG_136-3b
139.md	51	KR4h0117_WYG_136-4a
139.md	59	KR4h0117_WYG_136-4b
139.md	67	KR4h0117_WYG_136-5a
139.md	75	KR4h0117_WYG_136-5b
139.md	83	KR4h0117_WYG_136-6a
139.md	91	KR4h0117_WYG_136-6b
139.md	99	KR4h0117_WYG_136-7a
139.md	107	KR4h0117_WYG_136-7b
139.md	115	KR4h0117_WYG_136-8a
139.md	123	KR4h0117_WYG_136-8b
139.md	131	KR4h0117_WYG_136-9a
139.md	139	KR4h0117_WYG_136-9b
139.md	147	KR4h0117_WYG_136-10a
139.md	155	KR4h0117_WYG_136-10b
139.md	163	KR4h0117_WYG_136-11a
139.md	171	KR4h0117_WYG_136-11b
139.md	179	KR4h0117_WYG_136-12a
139.md	187	KR4h0117_WYG_136-12b
139.md	195	KR4h0117_WYG_136-13a
139.md	203	KR4h0117_WYG_136-13b
139.md	211	KR4h0117_WYG_136-14a
139.md	219	KR4h0117_WYG_136-14b
139.md	227	KR4h0117_WYG_136-15a
139.md	235	KR4h0117_WYG_136-15b
139.md	243	KR4h0117_WYG_136-16a
139.md	251	KR4h0117_WYG_136-16b
139.md	259	KR4h0117_WYG_136-17a
139.md	267	KR4h0117_WYG_136-17b
139.md	275	KR4h0117_WYG_136-18a
139.md	283	KR4h0117_WYG_136-18b
139.md	291	KR4h0117_WYG_136-19a
139.md	299	KR4h0117_WYG_136-19b
139.md	307	KR4h0117_WYG_136-20a
139.md	315	KR4h0117_WYG_136-20b
139.md	323	KR4h0117_WYG_136-21a
139.md	331	KR4h0117_WYG_136-21b
139.md	339	KR4h0117_WYG_136-22a
139.md	347	KR4h0117_WYG_136-22b
139.md	355	KR4h0117_WYG_136-23a
139.md	363	KR4h0117_WYG_136-23b
139.md	371	KR4h0117_WYG_136-24a
139.md	379	KR4h0117_WYG_136-24b
139.md	387	KR4h0117_WYG_136-25a
139.md	395	KR4h0117_WYG_136-25b
140.md	3	KR4h0117_WYG_137-1a
140.md	11	KR4h0117_WYG_137-1b
140.md	19	KR4h0117_WYG_137-2a
140.md	27	KR4h0117_WYG_137-2b
140.md	35	KR4h0117_WYG_137-3a
140.md	43	KR4h0117_WYG_137-3b
140.md	51	KR4h0117_WYG_137-4a
140.md	59	KR4h0117_WYG_137-4b
140.md	67	KR4h0117_WYG_137-5a
140.md	75	KR4h0117_WYG_137-5b
140.md	83	KR4h0117_WYG_137-6a
140.md	91	KR4h0117_WYG_137-6b
140.md	99	KR4h0117_WYG_137-7a
140.md	107	KR4h0117_WYG_137-7b
140.md	115	KR4h0117_WYG_137-8a
140.md	123	KR4h0117_WYG_137-8b
140.md	131	KR4h0117_WYG_137-9a
140.md	139	KR4h0117_WYG_137-9b
140.md	147	KR4h0117_WYG_137-10a
140.md	155	KR4h0117_WYG_137-10b
141.md	3	KR4h0117_WYG_138-1a
141.md	11	KR4h0117_WYG_138-1b
141.md	19	KR4h0117_WYG_138-2a
141.md	27	KR4h0117_WYG_138-2b
141.md	35	KR4h0117_WYG_138-3a
141.md	43	KR4h0117_WYG_138-3b
141.md	51	KR4h0117_WYG_138-4a
141.md	59	KR4h0117_WYG_138-4b
141.md	67	KR4h0117_WYG_138-5a
141.md	75	KR4h0117_WYG_138-5b
141.md	83	KR4h0117_WYG_138-6a
141.md	91	KR4h0117_WYG_138-6b
141.md	99	KR4h0117_WYG_138-7a
141.md	107	KR4h0117_WYG_138-7b
141.md	115	KR4h0117_WYG_138-8a
141.md	123	KR4h0117_WYG_138-8b
141.md	131	KR4h0117_WYG_138-9a
141.md	139	KR4h0117_WYG_138-9b
141.md	147	KR4h0117_WYG_138-10a
141.md	155	KR4h0117_WYG_138-10b
141.md	163	KR4h0117_WYG_138-11a
141.md	171	KR4h0117_WYG_138-11b
141.md	179	KR4h0117_WYG_138-12a
141.md	187	KR4h0117_WYG_138-12b
141.md	195	KR4h0117_WYG_138-13a
141.md	203	KR4h0117_WYG_138-13b
142.md	3	KR4h0117_WYG_139-1a
142.md	11	KR4h0117_WYG_139-1b
142.md	19	KR4h0117_WYG_139-2a
142.md	27	KR4h0117_WYG_139-2b
142.md	35	KR4h0117_WYG_139-3a
142.md	43	KR4h0117_WYG_139-3b
142.md	51	KR4h0117_WYG_139-4a
142.md	59	KR4h0117_WYG_139-4b
142.md	67	KR4h0117_WYG_139-5a
142.md	75	KR4h0117_WYG_139-5b
142.md	83	KR4h0117_WYG_139-6a
142.md	91	KR4h0117_WYG_139-6b
142.md	99	KR4h0117_WYG_139-7a
142.md	107	KR4h0117_WYG_139-7b
142.md	115	KR4h0117_WYG_139-8a
142.md	123	KR4h0117_WYG_139-8b
142.md	131	KR4h0117_WYG_139-9a
142.md	139	KR4h0117_WYG_139-9b
142.md	147	KR4h0117_WYG_139-10a
142.md	155	KR4h0117_WYG_139-10b
142.md	163	KR4h0117_WYG_139-11a
142.md	171	KR4h0117_WYG_139-11b
142.md	179	KR4h0117_WYG_139-12a
142.md	187	KR4h0117_WYG_139-12b
142.md	195	KR4h0117_WYG_139-13a
142.md	203	KR4h0117_WYG_139-13b
142.md	211	KR4h0117_WYG_139-14a
142.md	219	KR4h0117_WYG_139-14b
142.md	227	KR4h0117_WYG_139-15a
142.md	235	KR4h0117_WYG_139-15b
142.md	243	KR4h0117_WYG_139-16a
142.md	251	KR4h0117_WYG_139-16b
142.md	259	KR4h0117_WYG_139-17a
142.md	267	KR4h0117_WYG_139-17b
142.md	275	KR4h0117_WYG_139-18a
142.md	283	KR4h0117_WYG_139-18b
142.md	291	KR4h0117_WYG_139-19a
142.md	299	KR4h0117_WYG_139-19b
143.md	3	KR4h0117_WYG_140-1a
143.md	11	KR4h0117_WYG_140-1b
143.md	19	KR4h0117_WYG_140-2a
143.md	27	KR4h0117_WYG_140-2b
143.md	35	KR4h0117_WYG_140-3a
143.md	43	KR4h0117_WYG_140-3b
143.md	51	KR4h0117_WYG_140-4a
143.md	59	KR4h0117_WYG_140-4b
143.md	67	KR4h0117_WYG_140-5a
143.md	75	KR4h0117_WYG_140-5b
143.md	83	KR4h0117_WYG_140-6a
143.md	91	KR4h0117_WYG_140-6b
143.md	99	KR4h0117_WYG_140-7a
143.md	107	KR4h0117_WYG_140-7b
143.md	115	KR4h0117_WYG_140-8a
143.md	123	KR4h0117_WYG_140-8b
143.md	131	KR4h0117_WYG_140-9a
143.md	139	KR4h0117_WYG_140-9b
143.md	147	KR4h0117_WYG_140-10a
143.md	155	KR4h0117_WYG_140-10b
143.md	163	KR4h0117_WYG_140-11a
143.md	171	KR4h0117_WYG_140-11b
143.md	179	KR4h0117_WYG_140-12a
143.md	187	KR4h0117_WYG_140-12b
143.md	195	KR4h0117_WYG_140-13a
143.md	203	KR4h0117_WYG_140-13b
143.md	211	KR4h0117_WYG_140-14a
143.md	219	KR4h0117_WYG_140-14b
143.md	227	KR4h0117_WYG_140-15a
143.md	235	KR4h0117_WYG_140-15b
143.md	243	KR4h0117_WYG_140-16a
143.md	251	KR4h0117_WYG_140-16b
143.md	259	KR4h0117_WYG_140-17a
143.md	267	KR4h0117_WYG_140-17b
143.md	275	KR4h0117_WYG_140-18a
143.md	283	KR4h0117_WYG_140-18b
143.md	291	KR4h0117_WYG_140-19a
143.md	299	KR4h0117_WYG_140-19b
143.md	307	KR4h0117_WYG_140-20a
143.md	315	KR4h0117_WYG_140-20b
143.md	323	KR4h0117_WYG_140-21a
143.md	331	KR4h0117_WYG_140-21b
143.md	339	KR4h0117_WYG_140-22a
143.md	347	KR4h0117_WYG_140-22b
143.md	355	KR4h0117_WYG_140-23a
143.md	363	KR4h0117_WYG_140-23b
143.md	371	KR4h0117_WYG_140-24a
143.md	379	KR4h0117_WYG_140-24b
143.md	387	KR4h0117_WYG_140-25a
143.md	395	KR4h0117_WYG_140-25b
143.md	403	KR4h0117_WYG_140-26a
143.md	411	KR4h0117_WYG_140-26b
143.md	419	KR4h0117_WYG_140-27a
143.md	427	KR4h0117_WYG_140-27b
143.md	435	KR4h0117_WYG_140-28a
143.md	443	KR4h0117_WYG_140-28b
143.md	451	KR4h0117_WYG_140-29a
143.md	459	KR4h0117_WYG_140-29b
143.md	467	KR4h0117_WYG_140-30a
143.md	475	KR4h0117_WYG_140-30b
143.md	483	KR4h0117_WYG_140-31a
143.md	491	KR4h0117_WYG_140-31b
143.md	499	KR4h0117_WYG_140-32a
143.md	507	KR4h0117_WYG_140-32b
143.md	515	KR4h0117_WYG_140-33a
143.md	523	KR4h0117_WYG_140-33b
144.md	3	KR4h0117_WYG_141-1a
144.md	11	KR4h0117_WYG_141-1b
144.md	19	KR4h0117_WYG_141-2a
144.md	27	KR4h0117_WYG_141-2b
144.md	35	KR4h0117_WYG_141-3a
144.md	43	KR4h0117_WYG_141-3b
144.md	51	KR4h0117_WYG_141-4a
144.md	59	KR4h0117_WYG_141-4b
144.md	67	KR4h0117_WYG_141-5a
144.md	75	KR4h0117_WYG_141-5b
144.md	83	KR4h0117_WYG_141-6a
144.md	91	KR4h0117_WYG_141-6b
144.md	99	KR4h0117_WYG_141-7a
144.md	107	KR4h0117_WYG_141-7b
144.md	115	KR4h0117_WYG_141-8a
144.md	123	KR4h0117_WYG_141-8b
144.md	131	KR4h0117_WYG_141-9a
144.md	139	KR4h0117_WYG_141-9b
144.md	147	KR4h0117_WYG_141-10a
144.md	155	KR4h0117_WYG_141-10b
144.md	163	KR4h0117_WYG_141-11a
144.md	171	KR4h0117_WYG_141-11b
144.md	179	KR4h0117_WYG_141-12a
144.md	187	KR4h0117_WYG_141-12b
144.md	195	KR4h0117_WYG_141-13a
144.md	203	KR4h0117_WYG_141-13b
144.md	211	KR4h0117_WYG_141-14a
144.md	219	KR4h0117_WYG_141-14b
144.md	227	KR4h0117_WYG_141-15a
144.md	235	KR4h0117_WYG_141-15b
144.md	243	KR4h0117_WYG_141-16a
144.md	251	KR4h0117_WYG_141-16b
144.md	259	KR4h0117_WYG_141-17a
144.md	267	KR4h0117_WYG_141-17b
144.md	275	KR4h0117_WYG_141-18a
144.md	283	KR4h0117_WYG_141-18b
144.md	291	KR4h0117_WYG_141-19a
144.md	299	KR4h0117_WYG_141-19b
144.md	307	KR4h0117_WYG_141-20a
144.md	315	KR4h0117_WYG_141-20b
144.md	323	KR4h0117_WYG_141-21a
144.md	331	KR4h0117_WYG_141-21b
144.md	339	KR4h0117_WYG_141-22a
144.md	347	KR4h0117_WYG_141-22b
144.md	355	KR4h0117_WYG_141-23a
144.md	363	KR4h0117_WYG_141-23b
144.md	371	KR4h0117_WYG_141-24a
144.md	379	KR4h0117_WYG_141-24b
144.md	387	KR4h0117_WYG_141-25a
144.md	395	KR4h0117_WYG_141-25b
144.md	403	KR4h0117_WYG_141-26a
144.md	411	KR4h0117_WYG_141-26b
144.md	419	KR4h0117_WYG_141-27a
144.md	427	KR4h0117_WYG_141-27b
144.md	435	KR4h0117_WYG_141-28a
144.md	443	KR4h0117_WYG_141-28b
144.md	451	KR4h0117_WYG_141-29a
144.md	459	KR4h0117_WYG_141-29b
144.md	467	KR4h0117_WYG_141-30a
144.md	475	KR4h0117_WYG_141-30b
144.md	483	KR4h0117_WYG_141-31a
144.md	491	KR4h0117_WYG_141-31b
144.md	499	KR4h0117_WYG_141-32a
144.md	507	KR4h0117_WYG_141-32b
144.md	515	KR4h0117_WYG_141-33a
144.md	523	KR4h0117_WYG_141-33b
144.md	531	KR4h0117_WYG_141-34a
144.md	539	KR4h0117_WYG_141-34b
144.md	547	KR4h0117_WYG_141-35a
144.md	555	KR4h0117_WYG_141-35b
144.md	563	KR4h0117_WYG_141-36a
144.md	571	KR4h0117_WYG_141-36b
144.md	579	KR4h0117_WYG_141-37a
144.md	587	KR4h0117_WYG_141-37b
144.md	595	KR4h0117_WYG_141-38a
144.md	603	KR4h0117_WYG_141-38b
144.md	611	KR4h0117_WYG_141-39a
144.md	619	KR4h0117_WYG_141-39b
144.md	627	KR4h0117_WYG_141-40a
144.md	635	KR4h0117_WYG_141-40b
145.md	3	KR4h0117_WYG_142-1a
145.md	11	KR4h0117_WYG_142-1b
145.md	19	KR4h0117_WYG_142-2a
145.md	27	KR4h0117_WYG_142-2b
145.md	35	KR4h0117_WYG_142-3a
145.md	43	KR4h0117_WYG_142-3b
145.md	51	KR4h0117_WYG_142-4a
145.md	59	KR4h0117_WYG_142-4b
145.md	67	KR4h0117_WYG_142-5a
145.md	75	KR4h0117_WYG_142-5b
145.md	83	KR4h0117_WYG_142-6a
145.md	91	KR4h0117_WYG_142-6b
145.md	99	KR4h0117_WYG_142-7a
145.md	107	KR4h0117_WYG_142-7b
145.md	115	KR4h0117_WYG_142-8a
145.md	123	KR4h0117_WYG_142-8b
145.md	131	KR4h0117_WYG_142-9a
145.md	139	KR4h0117_WYG_142-9b
145.md	147	KR4h0117_WYG_142-10a
145.md	155	KR4h0117_WYG_142-10b
145.md	163	KR4h0117_WYG_142-11a
145.md	171	KR4h0117_WYG_142-11b
145.md	179	KR4h0117_WYG_142-12a
145.md	187	KR4h0117_WYG_142-12b
145.md	195	KR4h0117_WYG_142-13a
145.md	203	KR4h0117_WYG_142-13b
145.md	211	KR4h0117_WYG_142-14a
145.md	219	KR4h0117_WYG_142-14b
145.md	227	KR4h0117_WYG_142-15a
145.md	235	KR4h0117_WYG_142-15b
145.md	243	KR4h0117_WYG_142-16a
145.md	251	KR4h0117_WYG_142-16b
145.md	259	KR4h0117_WYG_142-17a
145.md	267	KR4h0117_WYG_142-17b
145.md	275	KR4h0117_WYG_142-18a
145.md	283	KR4h0117_WYG_142-18b
145.md	291	KR4h0117_WYG_142-19a
145.md	299	KR4h0117_WYG_142-19b
145.md	307	KR4h0117_WYG_142-20a
145.md	315	KR4h0117_WYG_142-20b
145.md	323	KR4h0117_WYG_142-21a
145.md	331	KR4h0117_WYG_142-21b
145.md	339	KR4h0117_WYG_142-22a
145.md	347	KR4h0117_WYG_142-22b
145.md	355	KR4h0117_WYG_142-23a
145.md	363	KR4h0117_WYG_142-23b
145.md	371	KR4h0117_WYG_142-24a
145.md	379	KR4h0117_WYG_142-24b
145.md	387	KR4h0117_WYG_142-25a
145.md	395	KR4h0117_WYG_142-25b
145.md	403	KR4h0117_WYG_142-26a
145.md	411	KR4h0117_WYG_142-26b
145.md	419	KR4h0117_WYG_142-27a
145.md	427	KR4h0117_WYG_142-27b
145.md	435	KR4h0117_WYG_142-28a
145.md	443	KR4h0117_WYG_142-28b
145.md	451	KR4h0117_WYG_142-29a
145.md	459	KR4h0117_WYG_142-29b
145.md	467	KR4h0117_WYG_142-30a
145.md	475	KR4h0117_WYG_142-30b
145.md	483	KR4h0117_WYG_142-31a
145.md	491	KR4h0117_WYG_142-31b
146.md	3	KR4h0117_WYG_143-1a
146.md	11	KR4h0117_WYG_143-1b
146.md	19	KR4h0117_WYG_143-2a
146.md	27	KR4h0117_WYG_143-2b
146.md	35	KR4h0117_WYG_143-3a
146.md	43	KR4h0117_WYG_143-3b
146.md	51	KR4h0117_WYG_143-4a
146.md	59	KR4h0117_WYG_143-4b
146.md	67	KR4h0117_WYG_143-5a
146.md	75	KR4h0117_WYG_143-5b
146.md	83	KR4h0117_WYG_143-6a
146.md	91	KR4h0117_WYG_143-6b
146.md	99	KR4h0117_WYG_143-7a
146.md	107	KR4h0117_WYG_143-7b
146.md	115	KR4h0117_WYG_143-8a
146.md	123	KR4h0117_WYG_143-8b
146.md	131	KR4h0117_WYG_143-9a
146.md	139	KR4h0117_WYG_143-9b
147.md	3	KR4h0117_WYG_144-1a
147.md	11	KR4h0117_WYG_144-1b
147.md	19	KR4h0117_WYG_144-2a
147.md	27	KR4h0117_WYG_144-2b
147.md	35	KR4h0117_WYG_144-3a
147.md	43	KR4h0117_WYG_144-3b
147.md	51	KR4h0117_WYG_144-4a
147.md	59	KR4h0117_WYG_144-4b
147.md	67	KR4h0117_WYG_144-5a
147.md	75	KR4h0117_WYG_144-5b
147.md	83	KR4h0117_WYG_144-6a
147.md	91	KR4h0117_WYG_144-6b
147.md	99	KR4h0117_WYG_144-7a
147.md	107	KR4h0117_WYG_144-7b
147.md	115	KR4h0117_WYG_144-8a
147.md	123	KR4h0117_WYG_144-8b
147.md	131	KR4h0117_WYG_144-9a
147.md	139	KR4h0117_WYG_144-9b
147.md	147	KR4h0117_WYG_144-10a
147.md	155	KR4h0117_WYG_144-10b
147.md	163	KR4h0117_WYG_144-11a
147.md	171	KR4h0117_WYG_144-11b
147.md	179	KR4h0117_WYG_144-12a
147.md	187	KR4h0117_WYG_144-12b
147.md	195	KR4h0117_WYG_144-13a
147.md	203	KR4h0117_WYG_144-13b
147.md	211	KR4h0117_WYG_144-14a
147.md	219	KR4h0117_WYG_144-14b
147.md	227	KR4h0117_WYG_144-15a
147.md	235	KR4h0117_WYG_144-15b
147.md	243	KR4h0117_WYG_144-16a
147.md	251	KR4h0117_WYG_144-16b
147.md	259	KR4h0117_WYG_144-17a
147.md	267	KR4h0117_WYG_144-17b
147.md	275	KR4h0117_WYG_144-18a
147.md	283	KR4h0117_WYG_144-18b
147.md	291	KR4h0117_WYG_144-19a
147.md	299	KR4h0117_WYG_144-19b
147.md	307	KR4h0117_WYG_144-20a
147.md	315	KR4h0117_WYG_144-20b
148.md	3	KR4h0117_WYG_145-1a
148.md	11	KR4h0117_WYG_145-1b
148.md	19	KR4h0117_WYG_145-2a
148.md	27	KR4h0117_WYG_145-2b
148.md	35	KR4h0117_WYG_145-3a
148.md	43	KR4h0117_WYG_145-3b
148.md	51	KR4h0117_WYG_145-4a
148.md	59	KR4h0117_WYG_145-4b
148.md	67	KR4h0117_WYG_145-5a
148.md	75	KR4h0117_WYG_145-5b
148.md	83	KR4h0117_WYG_145-6a
148.md	91	KR4h0117_WYG_145-6b
148.md	99	KR4h0117_WYG_145-7a
148.md	107	KR4h0117_WYG_145-7b
148.md	115	KR4h0117_WYG_145-8a
148.md	123	KR4h0117_WYG_145-8b
148.md	131	KR4h0117_WYG_145-9a
148.md	139	KR4h0117_WYG_145-9b
148.md	147	KR4h0117_WYG_145-10a
148.md	155	KR4h0117_WYG_145-10b
148.md	163	KR4h0117_WYG_145-11a
148.md	171	KR4h0117_WYG_145-11b
148.md	179	KR4h0117_WYG_145-12a
148.md	187	KR4h0117_WYG_145-12b
148.md	195	KR4h0117_WYG_145-13a
148.md	203	KR4h0117_WYG_145-13b
148.md	211	KR4h0117_WYG_145-14a
148.md	219	KR4h0117_WYG_145-14b
148.md	227	KR4h0117_WYG_145-15a
148.md	235	KR4h0117_WYG_145-15b
149.md	3	KR4h0117_WYG_146-1a
149.md	11	KR4h0117_WYG_146-1b
149.md	19	KR4h0117_WYG_146-2a
149.md	27	KR4h0117_WYG_146-2b
149.md	35	KR4h0117_WYG_146-3a
149.md	43	KR4h0117_WYG_146-3b
149.md	51	KR4h0117_WYG_146-4a
149.md	59	KR4h0117_WYG_146-4b
149.md	67	KR4h0117_WYG_146-5a
149.md	75	KR4h0117_WYG_146-5b
149.md	83	KR4h0117_WYG_146-6a
149.md	91	KR4h0117_WYG_146-6b
149.md	99	KR4h0117_WYG_146-7a
149.md	107	KR4h0117_WYG_146-7b
149.md	115	KR4h0117_WYG_146-8a
149.md	123	KR4h0117_WYG_146-8b
149.md	131	KR4h0117_WYG_146-9a
149.md	139	KR4h0117_WYG_146-9b
150.md	3	KR4h0117_WYG_147-1a
150.md	11	KR4h0117_WYG_147-1b
150.md	19	KR4h0117_WYG_147-2a
150.md	27	KR4h0117_WYG_147-2b
150.md	35	KR4h0117_WYG_147-3a
150.md	43	KR4h0117_WYG_147-3b
150.md	51	KR4h0117_WYG_147-4a
150.md	59	KR4h0117_WYG_147-4b
150.md	67	KR4h0117_WYG_147-5a
150.md	75	KR4h0117_WYG_147-5b
150.md	83	KR4h0117_WYG_147-6a
150.md	91	KR4h0117_WYG_147-6b
150.md	99	KR4h0117_WYG_147-7a
150.md	107	KR4h0117_WYG_147-7b
150.md	115	KR4h0117_WYG_147-8a
150.md	123	KR4h0117_WYG_147-8b
150.md	131	KR4h0117_WYG_147-9a
150.md	139	KR4h0117_WYG_147-9b
150.md	147	KR4h0117_WYG_147-10a
150.md	155	KR4h0117_WYG_147-10b
150.md	163	KR4h0117_WYG_147-11a
150.md	171	KR4h0117_WYG_147-11b
150.md	179	KR4h0117_WYG_147-12a
150.md	187	KR4h0117_WYG_147-12b
150.md	195	KR4h0117_WYG_147-13a
150.md	203	KR4h0117_WYG_147-13b
150.md	211	KR4h0117_WYG_147-14a
150.md	219	KR4h0117_WYG_147-14b
150.md	227	KR4h0117_WYG_147-15a
150.md	235	KR4h0117_WYG_147-15b
151.md	3	KR4h0117_WYG_148-1a
151.md	11	KR4h0117_WYG_148-1b
151.md	19	KR4h0117_WYG_148-2a
151.md	27	KR4h0117_WYG_148-2b
151.md	35	KR4h0117_WYG_148-3a
151.md	43	KR4h0117_WYG_148-3b
151.md	51	KR4h0117_WYG_148-4a
151.md	59	KR4h0117_WYG_148-4b
151.md	67	KR4h0117_WYG_148-5a
151.md	75	KR4h0117_WYG_148-5b
151.md	83	KR4h0117_WYG_148-6a
151.md	91	KR4h0117_WYG_148-6b
151.md	99	KR4h0117_WYG_148-7a
151.md	107	KR4h0117_WYG_148-7b
151.md	115	KR4h0117_WYG_148-8a
151.md	123	KR4h0117_WYG_148-8b
151.md	131	KR4h0117_WYG_148-9a
151.md	139	KR4h0117_WYG_148-9b
151.md	147	KR4h0117_WYG_148-10a
151.md	155	KR4h0117_WYG_148-10b
151.md	163	KR4h0117_WYG_148-11a
151.md	171	KR4h0117_WYG_148-11b
152.md	3	KR4h0117_WYG_149-1a
152.md	11	KR4h0117_WYG_149-1b
152.md	19	KR4h0117_WYG_149-2a
152.md	27	KR4h0117_WYG_149-2b
152.md	35	KR4h0117_WYG_149-3a
152.md	43	KR4h0117_WYG_149-3b
152.md	51	KR4h0117_WYG_149-4a
152.md	59	KR4h0117_WYG_149-4b
152.md	67	KR4h0117_WYG_149-5a
152.md	75	KR4h0117_WYG_149-5b
152.md	83	KR4h0117_WYG_149-6a
152.md	91	KR4h0117_WYG_149-6b
152.md	99	KR4h0117_WYG_149-7a
152.md	107	KR4h0117_WYG_149-7b
152.md	115	KR4h0117_WYG_149-8a
152.md	123	KR4h0117_WYG_149-8b
152.md	131	KR4h0117_WYG_149-9a
152.md	139	KR4h0117_WYG_149-9b
152.md	147	KR4h0117_WYG_149-10a
152.md	155	KR4h0117_WYG_149-10b
152.md	163	KR4h0117_WYG_149-11a
152.md	171	KR4h0117_WYG_149-11b
152.md	179	KR4h0117_WYG_149-12a
152.md	187	KR4h0117_WYG_149-12b
152.md	195	KR4h0117_WYG_149-13a
152.md	203	KR4h0117_WYG_149-13b
152.md	211	KR4h0117_WYG_149-14a
152.md	219	KR4h0117_WYG_149-14b
152.md	227	KR4h0117_WYG_149-15a
152.md	235	KR4h0117_WYG_149-15b
152.md	243	KR4h0117_WYG_149-16a
152.md	251	KR4h0117_WYG_149-16b
152.md	259	KR4h0117_WYG_149-17a
152.md	267	KR4h0117_WYG_149-17b
152.md	275	KR4h0117_WYG_149-18a
152.md	283	KR4h0117_WYG_149-18b
152.md	291	KR4h0117_WYG_149-19a
152.md	299	KR4h0117_WYG_149-19b
152.md	307	KR4h0117_WYG_149-20a
152.md	315	KR4h0117_WYG_149-20b
152.md	323	KR4h0117_WYG_149-21a
152.md	331	KR4h0117_WYG_149-21b
152.md	339	KR4h0117_WYG_149-22a
152.md	347	KR4h0117_WYG_149-22b
152.md	355	KR4h0117_WYG_149-23a
152.md	363	KR4h0117_WYG_149-23b
152.md	371	KR4h0117_WYG_149-24a
152.md	379	KR4h0117_WYG_149-24b
152.md	387	KR4h0117_WYG_149-25a
152.md	395	KR4h0117_WYG_149-25b
152.md	403	KR4h0117_WYG_149-26a
152.md	411	KR4h0117_WYG_149-26b
152.md	419	KR4h0117_WYG_149-27a
152.md	427	KR4h0117_WYG_149-27b
152.md	435	KR4h0117_WYG_149-28a
152.md	443	KR4h0117_WYG_149-28b
152.md	451	KR4h0117_WYG_149-29a
152.md	459	KR4h0117_WYG_149-29b
152.md	467	KR4h0117_WYG_149-30a
152.md	475	KR4h0117_WYG_149-30b
152.md	483	KR4h0117_WYG_149-31a
152.md	491	KR4h0117_WYG_149-31b
152.md	499	KR4h0117_WYG_149-32a
152.md	507	KR4h0117_WYG_149-32b
152.md	515	KR4h0117_WYG_149-33a
152.md	523	KR4h0117_WYG_149-33b
152.md	531	KR4h0117_WYG_149-34a
152.md	539	KR4h0117_WYG_149-34b
153.md	3	KR4h0117_WYG_150-1a
153.md	11	KR4h0117_WYG_150-1b
153.md	19	KR4h0117_WYG_150-2a
153.md	27	KR4h0117_WYG_150-2b
153.md	35	KR4h0117_WYG_150-3a
153.md	43	KR4h0117_WYG_150-3b
153.md	51	KR4h0117_WYG_150-4a
153.md	59	KR4h0117_WYG_150-4b
153.md	67	KR4h0117_WYG_150-5a
153.md	75	KR4h0117_WYG_150-5b
153.md	83	KR4h0117_WYG_150-6a
153.md	91	KR4h0117_WYG_150-6b
153.md	99	KR4h0117_WYG_150-7a
153.md	107	KR4h0117_WYG_150-7b
153.md	115	KR4h0117_WYG_150-8a
153.md	123	KR4h0117_WYG_150-8b
153.md	131	KR4h0117_WYG_150-9a
153.md	139	KR4h0117_WYG_150-9b
153.md	147	KR4h0117_WYG_150-10a
153.md	155	KR4h0117_WYG_150-10b
153.md	163	KR4h0117_WYG_150-11a
153.md	171	KR4h0117_WYG_150-11b
153.md	179	KR4h0117_WYG_150-12a
153.md	187	KR4h0117_WYG_150-12b
153.md	195	KR4h0117_WYG_150-13a
153.md	203	KR4h0117_WYG_150-13b
153.md	211	KR4h0117_WYG_150-14a
153.md	219	KR4h0117_WYG_150-14b
153.md	227	KR4h0117_WYG_150-15a
153.md	235	KR4h0117_WYG_150-15b
153.md	243	KR4h0117_WYG_150-16a
153.md	251	KR4h0117_WYG_150-16b
153.md	259	KR4h0117_WYG_150-17a
153.md	267	KR4h0117_WYG_150-17b
153.md	275	KR4h0117_WYG_150-18a
153.md	283	KR4h0117_WYG_150-18b
153.md	291	KR4h0117_WYG_150-19a
153.md	299	KR4h0117_WYG_150-19b
153.md	307	KR4h0117_WYG_150-20a
153.md	315	KR4h0117_WYG_150-20b
153.md	323	KR4h0117_WYG_150-21a
153.md	331	KR4h0117_WYG_150-21b
153.md	339	KR4h0117_WYG_150-22a
153.md	347	KR4h0117_WYG_150-22b
153.md	355	KR4h0117_WYG_150-23a
153.md	363	KR4h0117_WYG_150-23b
153.md	371	KR4h0117_WYG_150-24a
153.md	379	KR4h0117_WYG_150-24b
153.md	387	KR4h0117_WYG_150-25a
153.md	395	KR4h0117_WYG_150-25b
153.md	403	KR4h0117_WYG_150-26a
153.md	411	KR4h0117_WYG_150-26b
153.md	419	KR4h0117_WYG_150-27a
153.md	427	KR4h0117_WYG_150-27b
153.md	435	KR4h0117_WYG_150-28a
153.md	443	KR4h0117_WYG_150-28b
153.md	451	KR4h0117_WYG_150-29a
153.md	459	KR4h0117_WYG_150-29b
153.md	467	KR4h0117_WYG_150-30a
153.md	475	KR4h0117_WYG_150-30b
153.md	483	KR4h0117_WYG_150-31a
153.md	491	KR4h0117_WYG_150-31b
153.md	499	KR4h0117_WYG_150-32a
153.md	507	KR4h0117_WYG_150-32b
153.md	515	KR4h0117_WYG_150-33a
153.md	523	KR4h0117_WYG_150-33b
153.md	531	KR4h0117_WYG_150-34a
153.md	539	KR4h0117_WYG_150-34b
153.md	547	KR4h0117_WYG_150-35a
153.md	555	KR4h0117_WYG_150-35b
153.md	563	KR4h0117_WYG_150-36a
153.md	571	KR4h0117_WYG_150-36b
153.md	579	KR4h0117_WYG_150-37a
153.md	587	KR4h0117_WYG_150-37b
153.md	595	KR4h0117_WYG_150-38a
153.md	603	KR4h0117_WYG_150-38b
153.md	611	KR4h0117_WYG_150-39a
153.md	619	KR4h0117_WYG_150-39b
153.md	627	KR4h0117_WYG_150-40a
153.md	635	KR4h0117_WYG_150-40b
153.md	643	KR4h0117_WYG_150-41a
153.md	651	KR4h0117_WYG_150-41b
153.md	659	KR4h0117_WYG_150-42a
153.md	667	KR4h0117_WYG_150-42b
153.md	675	KR4h0117_WYG_150-43a
153.md	683	KR4h0117_WYG_150-43b
153.md	691	KR4h0117_WYG_150-44a
153.md	699	KR4h0117_WYG_150-44b
153.md	707	KR4h0117_WYG_150-45a
153.md	715	KR4h0117_WYG_150-45b
153.md	723	KR4h0117_WYG_150-46a
153.md	731	KR4h0117_WYG_150-46b
153.md	739	KR4h0117_WYG_150-47a
153.md	747	KR4h0117_WYG_150-47b
154.md	3	KR4h0117_WYG_151-1a
154.md	11	KR4h0117_WYG_151-1b
154.md	19	KR4h0117_WYG_151-2a
154.md	27	KR4h0117_WYG_151-2b
154.md	35	KR4h0117_WYG_151-3a
154.md	43	KR4h0117_WYG_151-3b
154.md	51	KR4h0117_WYG_151-4a
154.md	59	KR4h0117_WYG_151-4b
154.md	67	KR4h0117_WYG_151-5a
154.md	75	KR4h0117_WYG_151-5b
154.md	83	KR4h0117_WYG_151-6a
154.md	91	KR4h0117_WYG_151-6b
154.md	99	KR4h0117_WYG_151-7a
154.md	107	KR4h0117_WYG_151-7b
154.md	115	KR4h0117_WYG_151-8a
154.md	123	KR4h0117_WYG_151-8b
154.md	131	KR4h0117_WYG_151-9a
154.md	139	KR4h0117_WYG_151-9b
154.md	147	KR4h0117_WYG_151-10a
154.md	155	KR4h0117_WYG_151-10b
154.md	163	KR4h0117_WYG_151-11a
154.md	171	KR4h0117_WYG_151-11b
154.md	179	KR4h0117_WYG_151-12a
154.md	187	KR4h0117_WYG_151-12b
154.md	195	KR4h0117_WYG_151-13a
154.md	203	KR4h0117_WYG_151-13b
154.md	211	KR4h0117_WYG_151-14a
154.md	219	KR4h0117_WYG_151-14b
154.md	227	KR4h0117_WYG_151-15a
154.md	235	KR4h0117_WYG_151-15b
154.md	243	KR4h0117_WYG_151-16a
154.md	251	KR4h0117_WYG_151-16b
154.md	259	KR4h0117_WYG_151-17a
154.md	267	KR4h0117_WYG_151-17b
154.md	275	KR4h0117_WYG_151-18a
154.md	283	KR4h0117_WYG_151-18b
154.md	291	KR4h0117_WYG_151-19a
154.md	299	KR4h0117_WYG_151-19b
155.md	3	KR4h0117_WYG_152-1a
155.md	11	KR4h0117_WYG_152-1b
155.md	19	KR4h0117_WYG_152-2a
155.md	27	KR4h0117_WYG_152-2b
155.md	35	KR4h0117_WYG_152-3a
155.md	43	KR4h0117_WYG_152-3b
155.md	51	KR4h0117_WYG_152-4a
155.md	59	KR4h0117_WYG_152-4b
155.md	67	KR4h0117_WYG_152-5a
155.md	75	KR4h0117_WYG_152-5b
155.md	83	KR4h0117_WYG_152-6a
155.md	91	KR4h0117_WYG_152-6b
155.md	99	KR4h0117_WYG_152-7a
155.md	107	KR4h0117_WYG_152-7b
155.md	115	KR4h0117_WYG_152-8a
155.md	123	KR4h0117_WYG_152-8b
155.md	131	KR4h0117_WYG_152-9a
155.md	139	KR4h0117_WYG_152-9b
155.md	147	KR4h0117_WYG_152-10a
155.md	155	KR4h0117_WYG_152-10b
155.md	163	KR4h0117_WYG_152-11a
155.md	171	KR4h0117_WYG_152-11b
155.md	179	KR4h0117_WYG_152-12a
155.md	187	KR4h0117_WYG_152-12b
155.md	195	KR4h0117_WYG_152-13a
155.md	203	KR4h0117_WYG_152-13b
155.md	211	KR4h0117_WYG_152-14a
155.md	219	KR4h0117_WYG_152-14b
155.md	227	KR4h0117_WYG_152-15a
155.md	235	KR4h0117_WYG_152-15b
155.md	243	KR4h0117_WYG_152-16a
155.md	251	KR4h0117_WYG_152-16b
156.md	3	KR4h0117_WYG_153-1a
156.md	11	KR4h0117_WYG_153-1b
156.md	19	KR4h0117_WYG_153-2a
156.md	27	KR4h0117_WYG_153-2b
156.md	35	KR4h0117_WYG_153-3a
156.md	43	KR4h0117_WYG_153-3b
156.md	51	KR4h0117_WYG_153-4a
156.md	59	KR4h0117_WYG_153-4b
156.md	67	KR4h0117_WYG_153-5a
156.md	75	KR4h0117_WYG_153-5b
156.md	83	KR4h0117_WYG_153-6a
156.md	91	KR4h0117_WYG_153-6b
156.md	99	KR4h0117_WYG_153-7a
156.md	107	KR4h0117_WYG_153-7b
156.md	115	KR4h0117_WYG_153-8a
156.md	123	KR4h0117_WYG_153-8b
156.md	131	KR4h0117_WYG_153-9a
156.md	139	KR4h0117_WYG_153-9b
156.md	147	KR4h0117_WYG_153-10a
156.md	155	KR4h0117_WYG_153-10b
156.md	163	KR4h0117_WYG_153-11a
156.md	171	KR4h0117_WYG_153-11b
156.md	179	KR4h0117_WYG_153-12a
156.md	187	KR4h0117_WYG_153-12b
157.md	3	KR4h0117_WYG_154-1a
157.md	11	KR4h0117_WYG_154-1b
157.md	19	KR4h0117_WYG_154-2a
157.md	27	KR4h0117_WYG_154-2b
157.md	35	KR4h0117_WYG_154-3a
157.md	43	KR4h0117_WYG_154-3b
157.md	51	KR4h0117_WYG_154-4a
157.md	59	KR4h0117_WYG_154-4b
157.md	67	KR4h0117_WYG_154-5a
157.md	75	KR4h0117_WYG_154-5b
157.md	83	KR4h0117_WYG_154-6a
157.md	91	KR4h0117_WYG_154-6b
157.md	99	KR4h0117_WYG_154-7a
157.md	107	KR4h0117_WYG_154-7b
157.md	115	KR4h0117_WYG_154-8a
157.md	123	KR4h0117_WYG_154-8b
157.md	131	KR4h0117_WYG_154-9a
157.md	139	KR4h0117_WYG_154-9b
157.md	147	KR4h0117_WYG_154-10a
157.md	155	KR4h0117_WYG_154-10b
157.md	163	KR4h0117_WYG_154-11a
157.md	171	KR4h0117_WYG_154-11b
157.md	179	KR4h0117_WYG_154-12a
157.md	187	KR4h0117_WYG_154-12b
157.md	195	KR4h0117_WYG_154-13a
157.md	203	KR4h0117_WYG_154-13b
157.md	211	KR4h0117_WYG_154-14a
157.md	219	KR4h0117_WYG_154-14b
157.md	227	KR4h0117_WYG_154-15a
157.md	235	KR4h0117_WYG_154-15b
157.md	243	KR4h0117_WYG_154-16a
157.md	251	KR4h0117_WYG_154-16b
157.md	259	KR4h0117_WYG_154-17a
157.md	267	KR4h0117_WYG_154-17b
157.md	275	KR4h0117_WYG_154-18a
157.md	283	KR4h0117_WYG_154-18b
157.md	291	KR4h0117_WYG_154-19a
157.md	299	KR4h0117_WYG_154-19b
157.md	307	KR4h0117_WYG_154-20a
157.md	315	KR4h0117_WYG_154-20b
157.md	323	KR4h0117_WYG_154-21a
157.md	331	KR4h0117_WYG_154-21b
157.md	339	KR4h0117_WYG_154-22a
157.md	347	KR4h0117_WYG_154-22b
157.md	355	KR4h0117_WYG_154-23a
157.md	363	KR4h0117_WYG_154-23b
157.md	371	KR4h0117_WYG_154-24a
157.md	379	KR4h0117_WYG_154-24b
157.md	387	KR4h0117_WYG_154-25a
157.md	395	KR4h0117_WYG_154-25b
157.md	403	KR4h0117_WYG_154-26a
157.md	411	KR4h0117_WYG_154-26b
157.md	419	KR4h0117_WYG_154-27a
157.md	427	KR4h0117_WYG_154-27b
157.md	435	KR4h0117_WYG_154-28a
157.md	443	KR4h0117_WYG_154-28b
157.md	451	KR4h0117_WYG_154-29a
157.md	459	KR4h0117_WYG_154-29b
157.md	467	KR4h0117_WYG_154-30a
157.md	475	KR4h0117_WYG_154-30b
157.md	483	KR4h0117_WYG_154-31a
157.md	491	KR4h0117_WYG_154-31b
157.md	499	KR4h0117_WYG_154-32a
157.md	507	KR4h0117_WYG_154-32b
157.md	515	KR4h0117_WYG_154-33a
157.md	523	KR4h0117_WYG_154-33b
157.md	531	KR4h0117_WYG_154-34a
157.md	539	KR4h0117_WYG_154-34b
157.md	547	KR4h0117_WYG_154-35a
157.md	555	KR4h0117_WYG_154-35b
157.md	563	KR4h0117_WYG_154-36a
157.md	571	KR4h0117_WYG_154-36b
157.md	579	KR4h0117_WYG_154-37a
157.md	587	KR4h0117_WYG_154-37b
157.md	595	KR4h0117_WYG_154-38a
157.md	603	KR4h0117_WYG_154-38b
157.md	611	KR4h0117_WYG_154-39a
157.md	619	KR4h0117_WYG_154-39b
157.md	627	KR4h0117_WYG_154-40a
157.md	635	KR4h0117_WYG_154-40b
157.md	643	KR4h0117_WYG_154-41a
157.md	651	KR4h0117_WYG_154-41b
158.md	3	KR4h0117_WYG_155-1a
158.md	11	KR4h0117_WYG_155-1b
158.md	19	KR4h0117_WYG_155-2a
158.md	27	KR4h0117_WYG_155-2b
158.md	35	KR4h0117_WYG_155-3a
158.md	43	KR4h0117_WYG_155-3b
158.md	51	KR4h0117_WYG_155-4a
158.md	59	KR4h0117_WYG_155-4b
158.md	67	KR4h0117_WYG_155-5a
158.md	75	KR4h0117_WYG_155-5b
158.md	83	KR4h0117_WYG_155-6a
158.md	91	KR4h0117_WYG_155-6b
158.md	99	KR4h0117_WYG_155-7a
158.md	107	KR4h0117_WYG_155-7b
158.md	115	KR4h0117_WYG_155-8a
158.md	123	KR4h0117_WYG_155-8b
158.md	131	KR4h0117_WYG_155-9a
158.md	139	KR4h0117_WYG_155-9b
158.md	147	KR4h0117_WYG_155-10a
158.md	155	KR4h0117_WYG_155-10b
158.md	163	KR4h0117_WYG_155-11a
158.md	171	KR4h0117_WYG_155-11b
158.md	179	KR4h0117_WYG_155-12a
158.md	187	KR4h0117_WYG_155-12b
158.md	195	KR4h0117_WYG_155-13a
158.md	203	KR4h0117_WYG_155-13b
158.md	211	KR4h0117_WYG_155-14a
158.md	219	KR4h0117_WYG_155-14b
158.md	227	KR4h0117_WYG_155-15a
158.md	235	KR4h0117_WYG_155-15b
158.md	243	KR4h0117_WYG_155-16a
158.md	251	KR4h0117_WYG_155-16b
158.md	259	KR4h0117_WYG_155-17a
158.md	267	KR4h0117_WYG_155-17b
158.md	275	KR4h0117_WYG_155-18a
158.md	283	KR4h0117_WYG_155-18b
158.md	291	KR4h0117_WYG_155-19a
158.md	299	KR4h0117_WYG_155-19b
159.md	3	KR4h0117_WYG_156-1a
159.md	11	KR4h0117_WYG_156-1b
159.md	19	KR4h0117_WYG_156-2a
159.md	27	KR4h0117_WYG_156-2b
159.md	35	KR4h0117_WYG_156-3a
159.md	43	KR4h0117_WYG_156-3b
159.md	51	KR4h0117_WYG_156-4a
159.md	59	KR4h0117_WYG_156-4b
159.md	67	KR4h0117_WYG_156-5a
159.md	75	KR4h0117_WYG_156-5b
159.md	83	KR4h0117_WYG_156-6a
159.md	91	KR4h0117_WYG_156-6b
159.md	99	KR4h0117_WYG_156-7a
159.md	107	KR4h0117_WYG_156-7b
159.md	115	KR4h0117_WYG_156-8a
159.md	123	KR4h0117_WYG_156-8b
159.md	131	KR4h0117_WYG_156-9a
159.md	139	KR4h0117_WYG_156-9b
159.md	147	KR4h0117_WYG_156-10a
159.md	155	KR4h0117_WYG_156-10b
159.md	163	KR4h0117_WYG_156-11a
159.md	171	KR4h0117_WYG_156-11b
159.md	179	KR4h0117_WYG_156-12a
159.md	187	KR4h0117_WYG_156-12b
159.md	195	KR4h0117_WYG_156-13a
159.md	203	KR4h0117_WYG_156-13b
160.md	3	KR4h0117_WYG_157-1a
160.md	11	KR4h0117_WYG_157-1b
160.md	19	KR4h0117_WYG_157-2a
160.md	27	KR4h0117_WYG_157-2b
160.md	35	KR4h0117_WYG_157-3a
160.md	43	KR4h0117_WYG_157-3b
160.md	51	KR4h0117_WYG_157-4a
160.md	59	KR4h0117_WYG_157-4b
160.md	67	KR4h0117_WYG_157-5a
160.md	75	KR4h0117_WYG_157-5b
160.md	83	KR4h0117_WYG_157-6a
160.md	91	KR4h0117_WYG_157-6b
160.md	99	KR4h0117_WYG_157-7a
160.md	107	KR4h0117_WYG_157-7b
160.md	115	KR4h0117_WYG_157-8a
160.md	123	KR4h0117_WYG_157-8b
160.md	131	KR4h0117_WYG_157-9a
160.md	139	KR4h0117_WYG_157-9b
160.md	147	KR4h0117_WYG_157-10a
160.md	155	KR4h0117_WYG_157-10b
160.md	163	KR4h0117_WYG_157-11a
160.md	171	KR4h0117_WYG_157-11b
161.md	3	KR4h0117_WYG_158-1a
161.md	11	KR4h0117_WYG_158-1b
161.md	19	KR4h0117_WYG_158-2a
161.md	27	KR4h0117_WYG_158-2b
161.md	35	KR4h0117_WYG_158-3a
161.md	43	KR4h0117_WYG_158-3b
161.md	51	KR4h0117_WYG_158-4a
161.md	59	KR4h0117_WYG_158-4b
161.md	67	KR4h0117_WYG_158-5a
161.md	75	KR4h0117_WYG_158-5b
161.md	83	KR4h0117_WYG_158-6a
161.md	91	KR4h0117_WYG_158-6b
161.md	99	KR4h0117_WYG_158-7a
161.md	107	KR4h0117_WYG_158-7b
161.md	115	KR4h0117_WYG_158-8a
161.md	123	KR4h0117_WYG_158-8b
161.md	131	KR4h0117_WYG_158-9a
161.md	139	KR4h0117_WYG_158-9b
161.md	147	KR4h0117_WYG_158-10a
161.md	155	KR4h0117_WYG_158-10b
162.md	3	KR4h0117_WYG_159-1a
162.md	11	KR4h0117_WYG_159-1b
162.md	19	KR4h0117_WYG_159-2a
162.md	27	KR4h0117_WYG_159-2b
162.md	35	KR4h0117_WYG_159-3a
162.md	43	KR4h0117_WYG_159-3b
162.md	51	KR4h0117_WYG_159-4a
162.md	59	KR4h0117_WYG_159-4b
162.md	67	KR4h0117_WYG_159-5a
162.md	75	KR4h0117_WYG_159-5b
162.md	83	KR4h0117_WYG_159-6a
162.md	91	KR4h0117_WYG_159-6b
162.md	99	KR4h0117_WYG_159-7a
162.md	107	KR4h0117_WYG_159-7b
162.md	115	KR4h0117_WYG_159-8a
162.md	123	KR4h0117_WYG_159-8b
162.md	131	KR4h0117_WYG_159-9a
162.md	139	KR4h0117_WYG_159-9b
162.md	147	KR4h0117_WYG_159-10a
162.md	155	KR4h0117_WYG_159-10b
162.md	163	KR4h0117_WYG_159-11a
162.md	171	KR4h0117_WYG_159-11b
162.md	179	KR4h0117_WYG_159-12a
162.md	187	KR4h0117_WYG_159-12b
162.md	195	KR4h0117_WYG_159-13a
162.md	203	KR4h0117_WYG_159-13b
162.md	211	KR4h0117_WYG_159-14a
162.md	219	KR4h0117_WYG_159-14b
163.md	3	KR4h0117_WYG_160-1a
163.md	11	KR4h0117_WYG_160-1b
163.md	19	KR4h0117_WYG_160-2a
163.md	27	KR4h0117_WYG_160-2b
163.md	35	KR4h0117_WYG_160-3a
163.md	43	KR4h0117_WYG_160-3b
163.md	51	KR4h0117_WYG_160-4a
163.md	59	KR4h0117_WYG_160-4b
163.md	67	KR4h0117_WYG_160-5a
163.md	75	KR4h0117_WYG_160-5b
163.md	83	KR4h0117_WYG_160-6a
163.md	91	KR4h0117_WYG_160-6b
163.md	99	KR4h0117_WYG_160-7a
163.md	107	KR4h0117_WYG_160-7b
163.md	115	KR4h0117_WYG_160-8a
163.md	123	KR4h0117_WYG_160-8b
163.md	131	KR4h0117_WYG_160-9a
163.md	139	KR4h0117_WYG_160-9b
163.md	147	KR4h0117_WYG_160-10a
163.md	155	KR4h0117_WYG_160-10b
163.md	163	KR4h0117_WYG_160-11a
163.md	171	KR4h0117_WYG_160-11b
163.md	179	KR4h0117_WYG_160-12a
163.md	187	KR4h0117_WYG_160-12b
163.md	195	KR4h0117_WYG_160-13a
163.md	203	KR4h0117_WYG_160-13b
163.md	211	KR4h0117_WYG_160-14a
163.md	219	KR4h0117_WYG_160-14b
163.md	227	KR4h0117_WYG_160-15a
163.md	235	KR4h0117_WYG_160-15b
163.md	243	KR4h0117_WYG_160-16a
163.md	251	KR4h0117_WYG_160-16b
164.md	3	KR4h0117_WYG_161-1a
164.md	11	KR4h0117_WYG_161-1b
164.md	19	KR4h0117_WYG_161-2a
164.md	27	KR4h0117_WYG_161-2b
164.md	35	KR4h0117_WYG_161-3a
164.md	43	KR4h0117_WYG_161-3b
164.md	51	KR4h0117_WYG_161-4a
164.md	59	KR4h0117_WYG_161-4b
164.md	67	KR4h0117_WYG_161-5a
164.md	75	KR4h0117_WYG_161-5b
164.md	83	KR4h0117_WYG_161-6a
164.md	91	KR4h0117_WYG_161-6b
164.md	99	KR4h0117_WYG_161-7a
164.md	107	KR4h0117_WYG_161-7b
164.md	115	KR4h0117_WYG_161-8a
164.md	123	KR4h0117_WYG_161-8b
164.md	131	KR4h0117_WYG_161-9a
164.md	139	KR4h0117_WYG_161-9b
164.md	147	KR4h0117_WYG_161-10a
164.md	155	KR4h0117_WYG_161-10b
164.md	163	KR4h0117_WYG_161-11a
164.md	171	KR4h0117_WYG_161-11b
164.md	179	KR4h0117_WYG_161-12a
164.md	187	KR4h0117_WYG_161-12b
164.md	195	KR4h0117_WYG_161-13a
164.md	203	KR4h0117_WYG_161-13b
164.md	211	KR4h0117_WYG_161-14a
164.md	219	KR4h0117_WYG_161-14b
164.md	227	KR4h0117_WYG_161-15a
164.md	235	KR4h0117_WYG_161-15b
164.md	243	KR4h0117_WYG_161-16a
164.md	251	KR4h0117_WYG_161-16b
165.md	3	KR4h0117_WYG_162-1a
165.md	11	KR4h0117_WYG_162-1b
165.md	19	KR4h0117_WYG_162-2a
165.md	27	KR4h0117_WYG_162-2b
165.md	35	KR4h0117_WYG_162-3a
165.md	43	KR4h0117_WYG_162-3b
165.md	51	KR4h0117_WYG_162-4a
165.md	59	KR4h0117_WYG_162-4b
165.md	67	KR4h0117_WYG_162-5a
165.md	75	KR4h0117_WYG_162-5b
165.md	83	KR4h0117_WYG_162-6a
165.md	91	KR4h0117_WYG_162-6b
165.md	99	KR4h0117_WYG_162-7a
165.md	107	KR4h0117_WYG_162-7b
166.md	3	KR4h0117_WYG_163-1a
166.md	11	KR4h0117_WYG_163-1b
166.md	19	KR4h0117_WYG_163-2a
166.md	27	KR4h0117_WYG_163-2b
166.md	35	KR4h0117_WYG_163-3a
166.md	43	KR4h0117_WYG_163-3b
166.md	51	KR4h0117_WYG_163-4a
166.md	59	KR4h0117_WYG_163-4b
166.md	67	KR4h0117_WYG_163-5a
166.md	75	KR4h0117_WYG_163-5b
166.md	83	KR4h0117_WYG_163-6a
166.md	91	KR4h0117_WYG_163-6b
166.md	99	KR4h0117_WYG_163-7a
166.md	107	KR4h0117_WYG_163-7b
166.md	115	KR4h0117_WYG_163-8a
166.md	123	KR4h0117_WYG_163-8b
166.md	131	KR4h0117_WYG_163-9a
166.md	139	KR4h0117_WYG_163-9b
166.md	147	KR4h0117_WYG_163-10a
166.md	155	KR4h0117_WYG_163-10b
166.md	163	KR4h0117_WYG_163-11a
166.md	171	KR4h0117_WYG_163-11b
166.md	179	KR4h0117_WYG_163-12a
166.md	187	KR4h0117_WYG_163-12b
166.md	195	KR4h0117_WYG_163-13a
166.md	203	KR4h0117_WYG_163-13b
166.md	211	KR4h0117_WYG_163-14a
166.md	219	KR4h0117_WYG_163-14b
167.md	3	KR4h0117_WYG_164-1a
167.md	11	KR4h0117_WYG_164-1b
167.md	19	KR4h0117_WYG_164-2a
167.md	27	KR4h0117_WYG_164-2b
167.md	35	KR4h0117_WYG_164-3a
167.md	43	KR4h0117_WYG_164-3b
167.md	51	KR4h0117_WYG_164-4a
167.md	59	KR4h0117_WYG_164-4b
167.md	67	KR4h0117_WYG_164-5a
167.md	75	KR4h0117_WYG_164-5b
167.md	83	KR4h0117_WYG_164-6a
167.md	91	KR4h0117_WYG_164-6b
167.md	99	KR4h0117_WYG_164-7a
167.md	107	KR4h0117_WYG_164-7b
167.md	115	KR4h0117_WYG_164-8a
167.md	123	KR4h0117_WYG_164-8b
167.md	131	KR4h0117_WYG_164-9a
167.md	139	KR4h0117_WYG_164-9b
167.md	147	KR4h0117_WYG_164-10a
167.md	155	KR4h0117_WYG_164-10b
167.md	163	KR4h0117_WYG_164-11a
167.md	171	KR4h0117_WYG_164-11b
167.md	179	KR4h0117_WYG_164-12a
167.md	187	KR4h0117_WYG_164-12b
168.md	3	KR4h0117_WYG_165-1a
168.md	11	KR4h0117_WYG_165-1b
168.md	19	KR4h0117_WYG_165-2a
168.md	27	KR4h0117_WYG_165-2b
168.md	35	KR4h0117_WYG_165-3a
168.md	43	KR4h0117_WYG_165-3b
168.md	51	KR4h0117_WYG_165-4a
168.md	59	KR4h0117_WYG_165-4b
168.md	67	KR4h0117_WYG_165-5a
168.md	75	KR4h0117_WYG_165-5b
168.md	83	KR4h0117_WYG_165-6a
168.md	91	KR4h0117_WYG_165-6b
168.md	99	KR4h0117_WYG_165-7a
168.md	107	KR4h0117_WYG_165-7b
168.md	115	KR4h0117_WYG_165-8a
168.md	123	KR4h0117_WYG_165-8b
168.md	131	KR4h0117_WYG_165-9a
168.md	139	KR4h0117_WYG_165-9b
168.md	147	KR4h0117_WYG_165-10a
168.md	155	KR4h0117_WYG_165-10b
169.md	3	KR4h0117_WYG_166-1a
169.md	11	KR4h0117_WYG_166-1b
169.md	19	KR4h0117_WYG_166-2a
169.md	27	KR4h0117_WYG_166-2b
169.md	35	KR4h0117_WYG_166-3a
169.md	43	KR4h0117_WYG_166-3b
169.md	51	KR4h0117_WYG_166-4a
169.md	59	KR4h0117_WYG_166-4b
169.md	67	KR4h0117_WYG_166-5a
169.md	75	KR4h0117_WYG_166-5b
169.md	83	KR4h0117_WYG_166-6a
169.md	91	KR4h0117_WYG_166-6b
169.md	99	KR4h0117_WYG_166-7a
169.md	107	KR4h0117_WYG_166-7b
169.md	115	KR4h0117_WYG_166-8a
169.md	123	KR4h0117_WYG_166-8b
169.md	131	KR4h0117_WYG_166-9a
169.md	139	KR4h0117_WYG_166-9b
169.md	147	KR4h0117_WYG_166-10a
169.md	155	KR4h0117_WYG_166-10b
169.md	163	KR4h0117_WYG_166-11a
169.md	171	KR4h0117_WYG_166-11b
169.md	179	KR4h0117_WYG_166-12a
169.md	187	KR4h0117_WYG_166-12b
169.md	195	KR4h0117_WYG_166-13a
169.md	203	KR4h0117_WYG_166-13b
169.md	211	KR4h0117_WYG_166-14a
169.md	219	KR4h0117_WYG_166-14b
170.md	3	KR4h0117_WYG_167-1a
170.md	11	KR4h0117_WYG_167-1b
170.md	19	KR4h0117_WYG_167-2a
170.md	27	KR4h0117_WYG_167-2b
170.md	35	KR4h0117_WYG_167-3a
170.md	43	KR4h0117_WYG_167-3b
170.md	51	KR4h0117_WYG_167-4a
170.md	59	KR4h0117_WYG_167-4b
170.md	67	KR4h0117_WYG_167-5a
170.md	75	KR4h0117_WYG_167-5b
170.md	83	KR4h0117_WYG_167-6a
170.md	91	KR4h0117_WYG_167-6b
170.md	99	KR4h0117_WYG_167-7a
170.md	107	KR4h0117_WYG_167-7b
170.md	115	KR4h0117_WYG_167-8a
170.md	123	KR4h0117_WYG_167-8b
170.md	131	KR4h0117_WYG_167-9a
170.md	139	KR4h0117_WYG_167-9b
170.md	147	KR4h0117_WYG_167-10a
170.md	155	KR4h0117_WYG_167-10b
170.md	163	KR4h0117_WYG_167-11a
170.md	171	KR4h0117_WYG_167-11b
170.md	179	KR4h0117_WYG_167-12a
170.md	187	KR4h0117_WYG_167-12b
170.md	195	KR4h0117_WYG_167-13a
170.md	203	KR4h0117_WYG_167-13b
170.md	211	KR4h0117_WYG_167-14a
170.md	219	KR4h0117_WYG_167-14b
170.md	227	KR4h0117_WYG_167-15a
170.md	235	KR4h0117_WYG_167-15b
171.md	3	KR4h0117_WYG_168-1a
171.md	11	KR4h0117_WYG_168-1b
171.md	19	KR4h0117_WYG_168-2a
171.md	27	KR4h0117_WYG_168-2b
171.md	35	KR4h0117_WYG_168-3a
171.md	43	KR4h0117_WYG_168-3b
171.md	51	KR4h0117_WYG_168-4a
171.md	59	KR4h0117_WYG_168-4b
171.md	67	KR4h0117_WYG_168-5a
171.md	75	KR4h0117_WYG_168-5b
171.md	83	KR4h0117_WYG_168-6a
171.md	91	KR4h0117_WYG_168-6b
171.md	99	KR4h0117_WYG_168-7a
171.md	107	KR4h0117_WYG_168-7b
171.md	115	KR4h0117_WYG_168-8a
171.md	123	KR4h0117_WYG_168-8b
171.md	131	KR4h0117_WYG_168-9a
171.md	139	KR4h0117_WYG_168-9b
171.md	147	KR4h0117_WYG_168-10a
171.md	155	KR4h0117_WYG_168-10b
171.md	163	KR4h0117_WYG_168-11a
171.md	171	KR4h0117_WYG_168-11b
171.md	179	KR4h0117_WYG_168-12a
171.md	187	KR4h0117_WYG_168-12b
171.md	195	KR4h0117_WYG_168-13a
171.md	203	KR4h0117_WYG_168-13b
171.md	211	KR4h0117_WYG_168-14a
171.md	219	KR4h0117_WYG_168-14b
171.md	227	KR4h0117_WYG_168-15a
171.md	235	KR4h0117_WYG_168-15b
171.md	243	KR4h0117_WYG_168-16a
171.md	251	KR4h0117_WYG_168-16b
171.md	259	KR4h0117_WYG_168-17a
171.md	267	KR4h0117_WYG_168-17b
171.md	275	KR4h0117_WYG_168-18a
171.md	283	KR4h0117_WYG_168-18b
172.md	3	KR4h0117_WYG_169-1a
172.md	11	KR4h0117_WYG_169-1b
172.md	19	KR4h0117_WYG_169-2a
172.md	27	KR4h0117_WYG_169-2b
172.md	35	KR4h0117_WYG_169-3a
172.md	43	KR4h0117_WYG_169-3b
172.md	51	KR4h0117_WYG_169-4a
172.md	59	KR4h0117_WYG_169-4b
172.md	67	KR4h0117_WYG_169-5a
172.md	75	KR4h0117_WYG_169-5b
172.md	83	KR4h0117_WYG_169-6a
172.md	91	KR4h0117_WYG_169-6b
172.md	99	KR4h0117_WYG_169-7a
172.md	107	KR4h0117_WYG_169-7b
172.md	115	KR4h0117_WYG_169-8a
172.md	123	KR4h0117_WYG_169-8b
172.md	131	KR4h0117_WYG_169-9a
172.md	139	KR4h0117_WYG_169-9b
172.md	147	KR4h0117_WYG_169-10a
172.md	155	KR4h0117_WYG_169-10b
172.md	163	KR4h0117_WYG_169-11a
172.md	171	KR4h0117_WYG_169-11b
172.md	179	KR4h0117_WYG_169-12a
172.md	187	KR4h0117_WYG_169-12b
172.md	195	KR4h0117_WYG_169-13a
172.md	203	KR4h0117_WYG_169-13b
172.md	211	KR4h0117_WYG_169-14a
172.md	219	KR4h0117_WYG_169-14b
172.md	227	KR4h0117_WYG_169-15a
172.md	235	KR4h0117_WYG_169-15b
172.md	243	KR4h0117_WYG_169-16a
172.md	251	KR4h0117_WYG_169-16b
172.md	259	KR4h0117_WYG_169-17a
172.md	267	KR4h0117_WYG_169-17b
173.md	3	KR4h0117_WYG_170-1a
173.md	11	KR4h0117_WYG_170-1b
173.md	19	KR4h0117_WYG_170-2a
173.md	27	KR4h0117_WYG_170-2b
173.md	35	KR4h0117_WYG_170-3a
173.md	43	KR4h0117_WYG_170-3b
173.md	51	KR4h0117_WYG_170-4a
173.md	59	KR4h0117_WYG_170-4b
173.md	67	KR4h0117_WYG_170-5a
173.md	75	KR4h0117_WYG_170-5b
173.md	83	KR4h0117_WYG_170-6a
173.md	91	KR4h0117_WYG_170-6b
174.md	3	KR4h0117_WYG_171-1a
174.md	11	KR4h0117_WYG_171-1b
174.md	19	KR4h0117_WYG_171-2a
174.md	27	KR4h0117_WYG_171-2b
174.md	35	KR4h0117_WYG_171-3a
174.md	43	KR4h0117_WYG_171-3b
174.md	51	KR4h0117_WYG_171-4a
174.md	59	KR4h0117_WYG_171-4b
174.md	67	KR4h0117_WYG_171-5a
174.md	75	KR4h0117_WYG_171-5b
174.md	83	KR4h0117_WYG_171-6a
174.md	91	KR4h0117_WYG_171-6b
174.md	99	KR4h0117_WYG_171-7a
174.md	107	KR4h0117_WYG_171-7b
174.md	115	KR4h0117_WYG_171-8a
174.md	123	KR4h0117_WYG_171-8b
174.md	131	KR4h0117_WYG_171-9a
174.md	139	KR4h0117_WYG_171-9b
174.md	147	KR4h0117_WYG_171-10a
174.md	155	KR4h0117_WYG_171-10b
174.md	163	KR4h0117_WYG_171-11a
174.md	171	KR4h0117_WYG_171-11b
174.md	179	KR4h0117_WYG_171-12a
174.md	187	KR4h0117_WYG_171-12b
174.md	195	KR4h0117_WYG_171-13a
174.md	203	KR4h0117_WYG_171-13b
174.md	211	KR4h0117_WYG_171-14a
174.md	219	KR4h0117_WYG_171-14b
174.md	227	KR4h0117_WYG_171-15a
174.md	235	KR4h0117_WYG_171-15b
174.md	243	KR4h0117_WYG_171-16a
174.md	251	KR4h0117_WYG_171-16b
174.md	259	KR4h0117_WYG_171-17a
174.md	267	KR4h0117_WYG_171-17b
174.md	275	KR4h0117_WYG_171-18a
174.md	283	KR4h0117_WYG_171-18b
174.md	291	KR4h0117_WYG_171-19a
174.md	299	KR4h0117_WYG_171-19b
174.md	307	KR4h0117_WYG_171-20a
174.md	315	KR4h0117_WYG_171-20b
174.md	323	KR4h0117_WYG_171-21a
174.md	331	KR4h0117_WYG_171-21b
174.md	339	KR4h0117_WYG_171-22a
174.md	347	KR4h0117_WYG_171-22b
174.md	355	KR4h0117_WYG_171-23a
174.md	363	KR4h0117_WYG_171-23b
174.md	371	KR4h0117_WYG_171-24a
174.md	379	KR4h0117_WYG_171-24b
174.md	387	KR4h0117_WYG_171-25a
174.md	395	KR4h0117_WYG_171-25b
174.md	403	KR4h0117_WYG_171-26a
174.md	411	KR4h0117_WYG_171-26b
174.md	419	KR4h0117_WYG_171-27a
174.md	427	KR4h0117_WYG_171-27b
174.md	435	KR4h0117_WYG_171-28a
174.md	443	KR4h0117_WYG_171-28b
174.md	451	KR4h0117_WYG_171-29a
174.md	459	KR4h0117_WYG_171-29b
174.md	467	KR4h0117_WYG_171-30a
174.md	475	KR4h0117_WYG_171-30b
174.md	483	KR4h0117_WYG_171-31a
174.md	491	KR4h0117_WYG_171-31b
174.md	499	KR4h0117_WYG_171-32a
174.md	507	KR4h0117_WYG_171-32b
174.md	515	KR4h0117_WYG_171-33a
174.md	523	KR4h0117_WYG_171-33b
174.md	531	KR4h0117_WYG_171-34a
174.md	539	KR4h0117_WYG_171-34b
174.md	547	KR4h0117_WYG_171-35a
174.md	555	KR4h0117_WYG_171-35b
174.md	563	KR4h0117_WYG_171-36a
174.md	571	KR4h0117_WYG_171-36b
174.md	579	KR4h0117_WYG_171-37a
174.md	587	KR4h0117_WYG_171-37b
174.md	595	KR4h0117_WYG_171-38a
174.md	603	KR4h0117_WYG_171-38b
175.md	3	KR4h0117_WYG_172-1a
175.md	11	KR4h0117_WYG_172-1b
175.md	19	KR4h0117_WYG_172-2a
175.md	27	KR4h0117_WYG_172-2b
175.md	35	KR4h0117_WYG_172-3a
175.md	43	KR4h0117_WYG_172-3b
175.md	51	KR4h0117_WYG_172-4a
175.md	59	KR4h0117_WYG_172-4b
175.md	67	KR4h0117_WYG_172-5a
175.md	75	KR4h0117_WYG_172-5b
175.md	83	KR4h0117_WYG_172-6a
175.md	91	KR4h0117_WYG_172-6b
175.md	99	KR4h0117_WYG_172-7a
175.md	107	KR4h0117_WYG_172-7b
175.md	115	KR4h0117_WYG_172-8a
175.md	123	KR4h0117_WYG_172-8b
175.md	131	KR4h0117_WYG_172-9a
175.md	139	KR4h0117_WYG_172-9b
175.md	147	KR4h0117_WYG_172-10a
175.md	155	KR4h0117_WYG_172-10b
175.md	163	KR4h0117_WYG_172-11a
175.md	171	KR4h0117_WYG_172-11b
175.md	179	KR4h0117_WYG_172-12a
175.md	187	KR4h0117_WYG_172-12b
175.md	195	KR4h0117_WYG_172-13a
175.md	203	KR4h0117_WYG_172-13b
175.md	211	KR4h0117_WYG_172-14a
175.md	219	KR4h0117_WYG_172-14b
175.md	227	KR4h0117_WYG_172-15a
175.md	235	KR4h0117_WYG_172-15b
175.md	243	KR4h0117_WYG_172-16a
175.md	251	KR4h0117_WYG_172-16b
175.md	259	KR4h0117_WYG_172-17a
175.md	267	KR4h0117_WYG_172-17b
176.md	3	KR4h0117_WYG_173-1a
176.md	11	KR4h0117_WYG_173-1b
176.md	19	KR4h0117_WYG_173-2a
176.md	27	KR4h0117_WYG_173-2b
176.md	35	KR4h0117_WYG_173-3a
176.md	43	KR4h0117_WYG_173-3b
176.md	51	KR4h0117_WYG_173-4a
176.md	59	KR4h0117_WYG_173-4b
176.md	67	KR4h0117_WYG_173-5a
176.md	75	KR4h0117_WYG_173-5b
176.md	83	KR4h0117_WYG_173-6a
176.md	91	KR4h0117_WYG_173-6b
176.md	99	KR4h0117_WYG_173-7a
176.md	107	KR4h0117_WYG_173-7b
176.md	115	KR4h0117_WYG_173-8a
176.md	123	KR4h0117_WYG_173-8b
176.md	131	KR4h0117_WYG_173-9a
176.md	139	KR4h0117_WYG_173-9b
177.md	3	KR4h0117_WYG_174-1a
177.md	11	KR4h0117_WYG_174-1b
177.md	19	KR4h0117_WYG_174-2a
177.md	27	KR4h0117_WYG_174-2b
177.md	35	KR4h0117_WYG_174-3a
177.md	43	KR4h0117_WYG_174-3b
177.md	51	KR4h0117_WYG_174-4a
177.md	59	KR4h0117_WYG_174-4b
177.md	67	KR4h0117_WYG_174-5a
177.md	75	KR4h0117_WYG_174-5b
177.md	83	KR4h0117_WYG_174-6a
177.md	91	KR4h0117_WYG_174-6b
177.md	99	KR4h0117_WYG_174-7a
177.md	107	KR4h0117_WYG_174-7b
177.md	115	KR4h0117_WYG_174-8a
177.md	123	KR4h0117_WYG_174-8b
177.md	131	KR4h0117_WYG_174-9a
177.md	139	KR4h0117_WYG_174-9b
177.md	147	KR4h0117_WYG_174-10a
177.md	155	KR4h0117_WYG_174-10b
177.md	163	KR4h0117_WYG_174-11a
177.md	171	KR4h0117_WYG_174-11b
177.md	179	KR4h0117_WYG_174-12a
177.md	187	KR4h0117_WYG_174-12b
177.md	195	KR4h0117_WYG_174-13a
177.md	203	KR4h0117_WYG_174-13b
177.md	211	KR4h0117_WYG_174-14a
177.md	219	KR4h0117_WYG_174-14b
177.md	227	KR4h0117_WYG_174-15a
177.md	235	KR4h0117_WYG_174-15b
177.md	243	KR4h0117_WYG_174-16a
177.md	251	KR4h0117_WYG_174-16b
177.md	259	KR4h0117_WYG_174-17a
177.md	267	KR4h0117_WYG_174-17b
177.md	275	KR4h0117_WYG_174-18a
177.md	283	KR4h0117_WYG_174-18b
177.md	291	KR4h0117_WYG_174-19a
177.md	299	KR4h0117_WYG_174-19b
177.md	307	KR4h0117_WYG_174-20a
177.md	315	KR4h0117_WYG_174-20b
177.md	323	KR4h0117_WYG_174-21a
177.md	331	KR4h0117_WYG_174-21b
177.md	339	KR4h0117_WYG_174-22a
177.md	347	KR4h0117_WYG_174-22b
177.md	355	KR4h0117_WYG_174-23a
177.md	363	KR4h0117_WYG_174-23b
177.md	371	KR4h0117_WYG_174-24a
177.md	379	KR4h0117_WYG_174-24b
177.md	387	KR4h0117_WYG_174-25a
177.md	395	KR4h0117_WYG_174-25b
177.md	403	KR4h0117_WYG_174-26a
177.md	411	KR4h0117_WYG_174-26b
177.md	419	KR4h0117_WYG_174-27a
177.md	427	KR4h0117_WYG_174-27b
177.md	435	KR4h0117_WYG_174-28a
177.md	443	KR4h0117_WYG_174-28b
177.md	451	KR4h0117_WYG_174-29a
177.md	459	KR4h0117_WYG_174-29b
177.md	467	KR4h0117_WYG_174-30a
177.md	475	KR4h0117_WYG_174-30b
177.md	483	KR4h0117_WYG_174-31a
177.md	491	KR4h0117_WYG_174-31b
177.md	499	KR4h0117_WYG_174-32a
177.md	507	KR4h0117_WYG_174-32b
177.md	515	KR4h0117_WYG_174-33a
177.md	523	KR4h0117_WYG_174-33b
177.md	531	KR4h0117_WYG_174-34a
177.md	539	KR4h0117_WYG_174-34b
177.md	547	KR4h0117_WYG_174-35a
177.md	555	KR4h0117_WYG_174-35b
177.md	563	KR4h0117_WYG_174-36a
177.md	571	KR4h0117_WYG_174-36b
177.md	579	KR4h0117_WYG_174-37a
177.md	587	KR4h0117_WYG_174-37b
177.md	595	KR4h0117_WYG_174-38a
177.md	603	KR4h0117_WYG_174-38b
177.md	611	KR4h0117_WYG_174-39a
177.md	619	KR4h0117_WYG_174-39b
177.md	627	KR4h0117_WYG_174-40a
177.md	635	KR4h0117_WYG_174-40b
178.md	3	KR4h0117_WYG_175-1a
178.md	11	KR4h0117_WYG_175-1b
178.md	19	KR4h0117_WYG_175-2a
178.md	27	KR4h0117_WYG_175-2b
178.md	35	KR4h0117_WYG_175-3a
178.md	43	KR4h0117_WYG_175-3b
178.md	51	KR4h0117_WYG_175-4a
178.md	59	KR4h0117_WYG_175-4b
178.md	67	KR4h0117_WYG_175-5a
178.md	75	KR4h0117_WYG_175-5b
178.md	83	KR4h0117_WYG_175-6a
178.md	91	KR4h0117_WYG_175-6b
178.md	99	KR4h0117_WYG_175-7a
178.md	107	KR4h0117_WYG_175-7b
178.md	115	KR4h0117_WYG_175-8a
178.md	123	KR4h0117_WYG_175-8b
178.md	131	KR4h0117_WYG_175-9a
178.md	139	KR4h0117_WYG_175-9b
178.md	147	KR4h0117_WYG_175-10a
178.md	155	KR4h0117_WYG_175-10b
178.md	163	KR4h0117_WYG_175-11a
178.md	171	KR4h0117_WYG_175-11b
178.md	179	KR4h0117_WYG_175-12a
178.md	187	KR4h0117_WYG_175-12b
178.md	195	KR4h0117_WYG_175-13a
178.md	203	KR4h0117_WYG_175-13b
178.md	211	KR4h0117_WYG_175-14a
178.md	219	KR4h0117_WYG_175-14b
178.md	227	KR4h0117_WYG_175-15a
178.md	235	KR4h0117_WYG_175-15b
178.md	243	KR4h0117_WYG_175-16a
178.md	251	KR4h0117_WYG_175-16b
178.md	259	KR4h0117_WYG_175-17a
178.md	267	KR4h0117_WYG_175-17b
178.md	275	KR4h0117_WYG_175-18a
178.md	283	KR4h0117_WYG_175-18b
178.md	291	KR4h0117_WYG_175-19a
178.md	299	KR4h0117_WYG_175-19b
178.md	307	KR4h0117_WYG_175-20a
178.md	315	KR4h0117_WYG_175-20b
178.md	323	KR4h0117_WYG_175-21a
178.md	331	KR4h0117_WYG_175-21b
178.md	339	KR4h0117_WYG_175-22a
178.md	347	KR4h0117_WYG_175-22b
178.md	355	KR4h0117_WYG_175-23a
178.md	363	KR4h0117_WYG_175-23b
178.md	371	KR4h0117_WYG_175-24a
178.md	379	KR4h0117_WYG_175-24b
178.md	387	KR4h0117_WYG_175-25a
178.md	395	KR4h0117_WYG_175-25b
178.md	403	KR4h0117_WYG_175-26a
178.md	411	KR4h0117_WYG_175-26b
178.md	419	KR4h0117_WYG_175-27a
178.md	427	KR4h0117_WYG_175-27b
178.md	435	KR4h0117_WYG_175-28a
178.md	443	KR4h0117_WYG_175-28b
179.md	3	KR4h0117_WYG_176-1a
179.md	11	KR4h0117_WYG_176-1b
179.md	19	KR4h0117_WYG_176-2a
179.md	27	KR4h0117_WYG_176-2b
179.md	35	KR4h0117_WYG_176-3a
179.md	43	KR4h0117_WYG_176-3b
179.md	51	KR4h0117_WYG_176-4a
179.md	59	KR4h0117_WYG_176-4b
179.md	67	KR4h0117_WYG_176-5a
179.md	75	KR4h0117_WYG_176-5b
179.md	83	KR4h0117_WYG_176-6a
179.md	91	KR4h0117_WYG_176-6b
179.md	99	KR4h0117_WYG_176-7a
179.md	107	KR4h0117_WYG_176-7b
180.md	3	KR4h0117_WYG_177-1a
180.md	11	KR4h0117_WYG_177-1b
180.md	19	KR4h0117_WYG_177-2a
180.md	27	KR4h0117_WYG_177-2b
180.md	35	KR4h0117_WYG_177-3a
180.md	43	KR4h0117_WYG_177-3b
180.md	51	KR4h0117_WYG_177-4a
180.md	59	KR4h0117_WYG_177-4b
180.md	67	KR4h0117_WYG_177-5a
180.md	75	KR4h0117_WYG_177-5b
180.md	83	KR4h0117_WYG_177-6a
180.md	91	KR4h0117_WYG_177-6b
180.md	99	KR4h0117_WYG_177-7a
180.md	107	KR4h0117_WYG_177-7b
180.md	115	KR4h0117_WYG_177-8a
180.md	123	KR4h0117_WYG_177-8b
180.md	131	KR4h0117_WYG_177-9a
180.md	139	KR4h0117_WYG_177-9b
180.md	147	KR4h0117_WYG_177-10a
180.md	155	KR4h0117_WYG_177-10b
180.md	163	KR4h0117_WYG_177-11a
180.md	171	KR4h0117_WYG_177-11b
180.md	179	KR4h0117_WYG_177-12a
180.md	187	KR4h0117_WYG_177-12b
180.md	195	KR4h0117_WYG_177-13a
180.md	203	KR4h0117_WYG_177-13b
180.md	211	KR4h0117_WYG_177-14a
180.md	219	KR4h0117_WYG_177-14b
180.md	227	KR4h0117_WYG_177-15a
180.md	235	KR4h0117_WYG_177-15b
180.md	243	KR4h0117_WYG_177-16a
180.md	251	KR4h0117_WYG_177-16b
181.md	3	KR4h0117_WYG_178-1a
181.md	11	KR4h0117_WYG_178-1b
181.md	19	KR4h0117_WYG_178-2a
181.md	27	KR4h0117_WYG_178-2b
181.md	35	KR4h0117_WYG_178-3a
181.md	43	KR4h0117_WYG_178-3b
181.md	51	KR4h0117_WYG_178-4a
181.md	59	KR4h0117_WYG_178-4b
181.md	67	KR4h0117_WYG_178-5a
181.md	75	KR4h0117_WYG_178-5b
181.md	83	KR4h0117_WYG_178-6a
181.md	91	KR4h0117_WYG_178-6b
182.md	3	KR4h0117_WYG_179-1a
182.md	11	KR4h0117_WYG_179-1b
182.md	19	KR4h0117_WYG_179-2a
182.md	27	KR4h0117_WYG_179-2b
182.md	35	KR4h0117_WYG_179-3a
182.md	43	KR4h0117_WYG_179-3b
182.md	51	KR4h0117_WYG_179-4a
182.md	59	KR4h0117_WYG_179-4b
182.md	67	KR4h0117_WYG_179-5a
182.md	75	KR4h0117_WYG_179-5b
182.md	83	KR4h0117_WYG_179-6a
182.md	91	KR4h0117_WYG_179-6b
182.md	99	KR4h0117_WYG_179-7a
182.md	107	KR4h0117_WYG_179-7b
182.md	115	KR4h0117_WYG_179-8a
182.md	123	KR4h0117_WYG_179-8b
182.md	131	KR4h0117_WYG_179-9a
182.md	139	KR4h0117_WYG_179-9b
182.md	147	KR4h0117_WYG_179-10a
182.md	155	KR4h0117_WYG_179-10b
182.md	163	KR4h0117_WYG_179-11a
182.md	171	KR4h0117_WYG_179-11b
182.md	179	KR4h0117_WYG_179-12a
182.md	187	KR4h0117_WYG_179-12b
182.md	195	KR4h0117_WYG_179-13a
182.md	203	KR4h0117_WYG_179-13b
182.md	211	KR4h0117_WYG_179-14a
182.md	219	KR4h0117_WYG_179-14b
183.md	3	KR4h0117_WYG_179-15a
183.md	11	KR4h0117_WYG_179-15b
183.md	19	KR4h0117_WYG_179-16a
183.md	27	KR4h0117_WYG_179-16b
183.md	35	KR4h0117_WYG_179-17a
183.md	43	KR4h0117_WYG_179-17b
183.md	51	KR4h0117_WYG_179-18a
183.md	59	KR4h0117_WYG_179-18b
183.md	67	KR4h0117_WYG_179-19a
183.md	75	KR4h0117_WYG_179-19b
183.md	83	KR4h0117_WYG_179-20a
183.md	91	KR4h0117_WYG_179-20b
183.md	99	KR4h0117_WYG_179-21a
183.md	107	KR4h0117_WYG_179-21b
183.md	115	KR4h0117_WYG_179-22a
183.md	123	KR4h0117_WYG_179-22b
183.md	131	KR4h0117_WYG_179-23a
183.md	139	KR4h0117_WYG_179-23b
183.md	147	KR4h0117_WYG_179-24a
183.md	155	KR4h0117_WYG_179-24b
183.md	163	KR4h0117_WYG_179-25a
183.md	171	KR4h0117_WYG_179-25b
184.md	3	KR4h0117_WYG_180-1a
184.md	11	KR4h0117_WYG_180-1b
184.md	19	KR4h0117_WYG_180-2a
184.md	27	KR4h0117_WYG_180-2b
184.md	35	KR4h0117_WYG_180-3a
184.md	43	KR4h0117_WYG_180-3b
184.md	51	KR4h0117_WYG_180-4a
184.md	59	KR4h0117_WYG_180-4b
184.md	67	KR4h0117_WYG_180-5a
184.md	75	KR4h0117_WYG_180-5b
184.md	83	KR4h0117_WYG_180-6a
184.md	91	KR4h0117_WYG_180-6b
184.md	99	KR4h0117_WYG_180-7a
184.md	107	KR4h0117_WYG_180-7b
184.md	115	KR4h0117_WYG_180-8a
184.md	123	KR4h0117_WYG_180-8b
184.md	131	KR4h0117_WYG_180-9a
184.md	139	KR4h0117_WYG_180-9b
184.md	147	KR4h0117_WYG_180-10a
184.md	155	KR4h0117_WYG_180-10b
184.md	163	KR4h0117_WYG_180-11a
184.md	171	KR4h0117_WYG_180-11b
184.md	179	KR4h0117_WYG_180-12a
184.md	187	KR4h0117_WYG_180-12b
184.md	195	KR4h0117_WYG_180-13a
184.md	203	KR4h0117_WYG_180-13b
184.md	211	KR4h0117_WYG_180-14a
184.md	219	KR4h0117_WYG_180-14b
185.md	3	KR4h0117_WYG_181-1a
185.md	11	KR4h0117_WYG_181-1b
185.md	19	KR4h0117_WYG_181-2a
185.md	27	KR4h0117_WYG_181-2b
185.md	35	KR4h0117_WYG_181-3a
185.md	43	KR4h0117_WYG_181-3b
185.md	51	KR4h0117_WYG_181-4a
185.md	59	KR4h0117_WYG_181-4b
185.md	67	KR4h0117_WYG_181-5a
185.md	75	KR4h0117_WYG_181-5b
185.md	83	KR4h0117_WYG_181-6a
185.md	91	KR4h0117_WYG_181-6b
185.md	99	KR4h0117_WYG_181-7a
185.md	107	KR4h0117_WYG_181-7b
185.md	115	KR4h0117_WYG_181-8a
185.md	123	KR4h0117_WYG_181-8b
185.md	131	KR4h0117_WYG_181-9a
185.md	139	KR4h0117_WYG_181-9b
185.md	147	KR4h0117_WYG_181-10a
185.md	155	KR4h0117_WYG_181-10b
185.md	163	KR4h0117_WYG_181-11a
185.md	171	KR4h0117_WYG_181-11b
185.md	179	KR4h0117_WYG_181-12a
185.md	187	KR4h0117_WYG_181-12b
185.md	195	KR4h0117_WYG_181-13a
185.md	203	KR4h0117_WYG_181-13b
185.md	211	KR4h0117_WYG_181-14a
185.md	219	KR4h0117_WYG_181-14b
185.md	227	KR4h0117_WYG_181-15a
185.md	235	KR4h0117_WYG_181-15b
185.md	243	KR4h0117_WYG_181-16a
185.md	251	KR4h0117_WYG_181-16b
185.md	259	KR4h0117_WYG_181-17a
185.md	267	KR4h0117_WYG_181-17b
185.md	275	KR4h0117_WYG_181-18a
185.md	283	KR4h0117_WYG_181-18b
185.md	291	KR4h0117_WYG_181-19a
185.md	299	KR4h0117_WYG_181-19b
185.md	307	KR4h0117_WYG_181-20a
185.md	315	KR4h0117_WYG_181-20b
185.md	323	KR4h0117_WYG_181-21a
185.md	331	KR4h0117_WYG_181-21b
186.md	3	KR4h0117_WYG_182-1a
186.md	11	KR4h0117_WYG_182-1b
186.md	19	KR4h0117_WYG_182-2a
186.md	27	KR4h0117_WYG_182-2b
186.md	35	KR4h0117_WYG_182-3a
186.md	43	KR4h0117_WYG_182-3b
186.md	51	KR4h0117_WYG_182-4a
186.md	59	KR4h0117_WYG_182-4b
186.md	67	KR4h0117_WYG_182-5a
186.md	75	KR4h0117_WYG_182-5b
186.md	83	KR4h0117_WYG_182-6a
186.md	91	KR4h0117_WYG_182-6b
186.md	99	KR4h0117_WYG_182-7a
186.md	107	KR4h0117_WYG_182-7b
186.md	115	KR4h0117_WYG_182-8a
186.md	123	KR4h0117_WYG_182-8b
186.md	131	KR4h0117_WYG_182-9a
186.md	139	KR4h0117_WYG_182-9b
186.md	147	KR4h0117_WYG_182-10a
186.md	155	KR4h0117_WYG_182-10b
186.md	163	KR4h0117_WYG_182-11a
186.md	171	KR4h0117_WYG_182-11b
186.md	179	KR4h0117_WYG_182-12a
186.md	187	KR4h0117_WYG_182-12b
186.md	195	KR4h0117_WYG_182-13a
186.md	203	KR4h0117_WYG_182-13b
186.md	211	KR4h0117_WYG_182-14a
186.md	219	KR4h0117_WYG_182-14b
186.md	227	KR4h0117_WYG_182-15a
186.md	235	KR4h0117_WYG_182-15b
186.md	243	KR4h0117_WYG_182-16a
186.md	251	KR4h0117_WYG_182-16b
186.md	259	KR4h0117_WYG_182-17a
186.md	267	KR4h0117_WYG_182-17b
186.md	275	KR4h0117_WYG_182-18a
186.md	283	KR4h0117_WYG_182-18b
186.md	291	KR4h0117_WYG_182-19a
186.md	299	KR4h0117_WYG_182-19b
186.md	307	KR4h0117_WYG_182-20a
186.md	315	KR4h0117_WYG_182-20b
186.md	323	KR4h0117_WYG_182-21a
186.md	331	KR4h0117_WYG_182-21b
186.md	339	KR4h0117_WYG_182-22a
186.md	347	KR4h0117_WYG_182-22b
186.md	355	KR4h0117_WYG_182-23a
186.md	363	KR4h0117_WYG_182-23b
186.md	371	KR4h0117_WYG_182-24a
186.md	379	KR4h0117_WYG_182-24b
186.md	387	KR4h0117_WYG_182-25a
186.md	395	KR4h0117_WYG_182-25b
186.md	403	KR4h0117_WYG_182-26a
186.md	411	KR4h0117_WYG_182-26b
186.md	419	KR4h0117_WYG_182-27a
186.md	427	KR4h0117_WYG_182-27b
186.md	435	KR4h0117_WYG_182-28a
186.md	443	KR4h0117_WYG_182-28b
186.md	451	KR4h0117_WYG_182-29a
186.md	459	KR4h0117_WYG_182-29b
186.md	467	KR4h0117_WYG_182-30a
186.md	475	KR4h0117_WYG_182-30b
186.md	483	KR4h0117_WYG_182-31a
186.md	491	KR4h0117_WYG_182-31b
186.md	499	KR4h0117_WYG_182-32a
186.md	507	KR4h0117_WYG_182-32b
187.md	3	KR4h0117_WYG_183-1a
187.md	11	KR4h0117_WYG_183-1b
187.md	19	KR4h0117_WYG_183-2a
187.md	27	KR4h0117_WYG_183-2b
187.md	35	KR4h0117_WYG_183-3a
187.md	43	KR4h0117_WYG_183-3b
187.md	51	KR4h0117_WYG_183-4a
187.md	59	KR4h0117_WYG_183-4b
187.md	67	KR4h0117_WYG_183-5a
187.md	75	KR4h0117_WYG_183-5b
187.md	83	KR4h0117_WYG_183-6a
187.md	91	KR4h0117_WYG_183-6b
187.md	99	KR4h0117_WYG_183-7a
187.md	107	KR4h0117_WYG_183-7b
187.md	115	KR4h0117_WYG_183-8a
187.md	123	KR4h0117_WYG_183-8b
187.md	131	KR4h0117_WYG_183-9a
187.md	139	KR4h0117_WYG_183-9b
187.md	147	KR4h0117_WYG_183-10a
187.md	155	KR4h0117_WYG_183-10b
187.md	163	KR4h0117_WYG_183-11a
187.md	171	KR4h0117_WYG_183-11b
188.md	3	KR4h0117_WYG_184-1a
188.md	11	KR4h0117_WYG_184-1b
188.md	19	KR4h0117_WYG_184-2a
188.md	27	KR4h0117_WYG_184-2b
188.md	35	KR4h0117_WYG_184-3a
188.md	43	KR4h0117_WYG_184-3b
189.md	3	KR4h0117_WYG_185-1a
189.md	11	KR4h0117_WYG_185-1b
189.md	19	KR4h0117_WYG_185-2a
189.md	27	KR4h0117_WYG_185-2b
189.md	35	KR4h0117_WYG_185-3a
189.md	43	KR4h0117_WYG_185-3b
189.md	51	KR4h0117_WYG_185-4a
189.md	59	KR4h0117_WYG_185-4b
189.md	67	KR4h0117_WYG_185-5a
189.md	75	KR4h0117_WYG_185-5b
189.md	83	KR4h0117_WYG_185-6a
189.md	91	KR4h0117_WYG_185-6b
189.md	99	KR4h0117_WYG_185-7a
189.md	107	KR4h0117_WYG_185-7b
190.md	3	KR4h0117_WYG_186-1a
190.md	11	KR4h0117_WYG_186-1b
190.md	19	KR4h0117_WYG_186-2a
190.md	27	KR4h0117_WYG_186-2b
190.md	35	KR4h0117_WYG_186-3a
190.md	43	KR4h0117_WYG_186-3b
190.md	51	KR4h0117_WYG_186-4a
190.md	59	KR4h0117_WYG_186-4b
190.md	67	KR4h0117_WYG_186-5a
190.md	75	KR4h0117_WYG_186-5b
190.md	83	KR4h0117_WYG_186-6a
190.md	91	KR4h0117_WYG_186-6b
190.md	99	KR4h0117_WYG_186-7a
190.md	107	KR4h0117_WYG_186-7b
190.md	115	KR4h0117_WYG_186-8a
190.md	123	KR4h0117_WYG_186-8b
191.md	3	KR4h0117_WYG_187-1a
191.md	11	KR4h0117_WYG_187-1b
191.md	19	KR4h0117_WYG_187-2a
191.md	27	KR4h0117_WYG_187-2b
191.md	35	KR4h0117_WYG_187-3a
191.md	43	KR4h0117_WYG_187-3b
191.md	51	KR4h0117_WYG_187-4a
191.md	59	KR4h0117_WYG_187-4b
191.md	67	KR4h0117_WYG_187-5a
191.md	75	KR4h0117_WYG_187-5b
191.md	83	KR4h0117_WYG_187-6a
191.md	91	KR4h0117_WYG_187-6b
192.md	3	KR4h0117_WYG_188-1a
192.md	11	KR4h0117_WYG_188-1b
192.md	19	KR4h0117_WYG_188-2a
192.md	27	KR4h0117_WYG_188-2b
192.md	35	KR4h0117_WYG_188-3a
192.md	43	KR4h0117_WYG_188-3b
192.md	51	KR4h0117_WYG_188-4a
192.md	59	KR4h0117_WYG_188-4b
192.md	67	KR4h0117_WYG_188-5a
192.md	75	KR4h0117_WYG_188-5b
192.md	83	KR4h0117_WYG_188-6a
192.md	91	KR4h0117_WYG_188-6b
192.md	99	KR4h0117_WYG_188-7a
192.md	107	KR4h0117_WYG_188-7b
192.md	115	KR4h0117_WYG_188-8a
192.md	123	KR4h0117_WYG_188-8b
192.md	131	KR4h0117_WYG_188-9a
192.md	139	KR4h0117_WYG_188-9b
192.md	147	KR4h0117_WYG_188-10a
192.md	155	KR4h0117_WYG_188-10b
192.md	163	KR4h0117_WYG_188-11a
192.md	171	KR4h0117_WYG_188-11b
193.md	3	KR4h0117_WYG_189-1a
193.md	11	KR4h0117_WYG_189-1b
193.md	19	KR4h0117_WYG_189-2a
193.md	27	KR4h0117_WYG_189-2b
193.md	35	KR4h0117_WYG_189-3a
193.md	43	KR4h0117_WYG_189-3b
193.md	51	KR4h0117_WYG_189-4a
193.md	59	KR4h0117_WYG_189-4b
193.md	67	KR4h0117_WYG_189-5a
193.md	75	KR4h0117_WYG_189-5b
193.md	83	KR4h0117_WYG_189-6a
193.md	91	KR4h0117_WYG_189-6b
193.md	99	KR4h0117_WYG_189-7a
193.md	107	KR4h0117_WYG_189-7b
193.md	115	KR4h0117_WYG_189-8a
193.md	123	KR4h0117_WYG_189-8b
193.md	131	KR4h0117_WYG_189-9a
193.md	139	KR4h0117_WYG_189-9b
193.md	147	KR4h0117_WYG_189-10a
193.md	155	KR4h0117_WYG_189-10b
193.md	163	KR4h0117_WYG_189-11a
193.md	171	KR4h0117_WYG_189-11b
193.md	179	KR4h0117_WYG_189-12a
193.md	187	KR4h0117_WYG_189-12b
193.md	195	KR4h0117_WYG_189-13a
193.md	203	KR4h0117_WYG_189-13b
193.md	211	KR4h0117_WYG_189-14a
193.md	219	KR4h0117_WYG_189-14b
193.md	227	KR4h0117_WYG_189-15a
193.md	235	KR4h0117_WYG_189-15b
193.md	243	KR4h0117_WYG_189-16a
193.md	251	KR4h0117_WYG_189-16b
193.md	259	KR4h0117_WYG_189-17a
193.md	267	KR4h0117_WYG_189-17b
193.md	275	KR4h0117_WYG_189-18a
193.md	283	KR4h0117_WYG_189-18b
193.md	291	KR4h0117_WYG_189-19a
193.md	299	KR4h0117_WYG_189-19b
194.md	3	KR4h0117_WYG_190-1a
194.md	11	KR4h0117_WYG_190-1b
194.md	19	KR4h0117_WYG_190-2a
194.md	27	KR4h0117_WYG_190-2b
194.md	35	KR4h0117_WYG_190-3a
194.md	43	KR4h0117_WYG_190-3b
194.md	51	KR4h0117_WYG_190-4a
194.md	59	KR4h0117_WYG_190-4b
194.md	67	KR4h0117_WYG_190-5a
194.md	75	KR4h0117_WYG_190-5b
194.md	83	KR4h0117_WYG_190-6a
194.md	91	KR4h0117_WYG_190-6b
194.md	99	KR4h0117_WYG_190-7a
194.md	107	KR4h0117_WYG_190-7b
194.md	115	KR4h0117_WYG_190-8a
194.md	123	KR4h0117_WYG_190-8b
194.md	131	KR4h0117_WYG_190-9a
194.md	139	KR4h0117_WYG_190-9b
194.md	147	KR4h0117_WYG_190-10a
194.md	155	KR4h0117_WYG_190-10b
194.md	163	KR4h0117_WYG_190-11a
194.md	171	KR4h0117_WYG_190-11b
194.md	179	KR4h0117_WYG_190-12a
194.md	187	KR4h0117_WYG_190-12b
194.md	195	KR4h0117_WYG_190-13a
194.md	203	KR4h0117_WYG_190-13b
195.md	3	KR4h0117_WYG_191-1a
195.md	11	KR4h0117_WYG_191-1b
195.md	19	KR4h0117_WYG_191-2a
195.md	27	KR4h0117_WYG_191-2b
195.md	35	KR4h0117_WYG_191-3a
195.md	43	KR4h0117_WYG_191-3b
195.md	51	KR4h0117_WYG_191-4a
195.md	59	KR4h0117_WYG_191-4b
195.md	67	KR4h0117_WYG_191-5a
195.md	75	KR4h0117_WYG_191-5b
195.md	83	KR4h0117_WYG_191-6a
195.md	91	KR4h0117_WYG_191-6b
195.md	99	KR4h0117_WYG_191-7a
195.md	107	KR4h0117_WYG_191-7b
195.md	115	KR4h0117_WYG_191-8a
195.md	123	KR4h0117_WYG_191-8b
195.md	131	KR4h0117_WYG_191-9a
195.md	139	KR4h0117_WYG_191-9b
195.md	147	KR4h0117_WYG_191-10a
195.md	155	KR4h0117_WYG_191-10b
195.md	163	KR4h0117_WYG_191-11a
195.md	171	KR4h0117_WYG_191-11b
195.md	179	KR4h0117_WYG_191-12a
195.md	187	KR4h0117_WYG_191-12b
195.md	195	KR4h0117_WYG_191-13a
195.md	203	KR4h0117_WYG_191-13b
195.md	211	KR4h0117_WYG_191-14a
195.md	219	KR4h0117_WYG_191-14b
195.md	227	KR4h0117_WYG_191-15a
195.md	235	KR4h0117_WYG_191-15b
195.md	243	KR4h0117_WYG_191-16a
195.md	251	KR4h0117_WYG_191-16b
195.md	259	KR4h0117_WYG_191-17a
195.md	267	KR4h0117_WYG_191-17b
195.md	275	KR4h0117_WYG_191-18a
195.md	283	KR4h0117_WYG_191-18b
195.md	291	KR4h0117_WYG_191-19a
195.md	299	KR4h0117_WYG_191-19b
195.md	307	KR4h0117_WYG_191-20a
195.md	315	KR4h0117_WYG_191-20b
195.md	323	KR4h0117_WYG_191-21a
195.md	331	KR4h0117_WYG_191-21b
195.md	339	KR4h0117_WYG_191-22a
195.md	347	KR4h0117_WYG_191-22b
195.md	355	KR4h0117_WYG_191-23a
195.md	363	KR4h0117_WYG_191-23b
195.md	371	KR4h0117_WYG_191-24a
195.md	379	KR4h0117_WYG_191-24b
195.md	387	KR4h0117_WYG_191-25a
195.md	395	KR4h0117_WYG_191-25b
195.md	403	KR4h0117_WYG_191-26a
195.md	411	KR4h0117_WYG_191-26b
195.md	419	KR4h0117_WYG_191-27a
195.md	427	KR4h0117_WYG_191-27b
195.md	435	KR4h0117_WYG_191-28a
195.md	443	KR4h0117_WYG_191-28b
195.md	451	KR4h0117_WYG_191-29a
195.md	459	KR4h0117_WYG_191-29b
195.md	467	KR4h0117_WYG_191-30a
195.md	475	KR4h0117_WYG_191-30b
196.md	3	KR4h0117_WYG_192-1a
196.md	11	KR4h0117_WYG_192-1b
196.md	19	KR4h0117_WYG_192-2a
196.md	27	KR4h0117_WYG_192-2b
196.md	35	KR4h0117_WYG_192-3a
196.md	43	KR4h0117_WYG_192-3b
196.md	51	KR4h0117_WYG_192-4a
196.md	59	KR4h0117_WYG_192-4b
196.md	67	KR4h0117_WYG_192-5a
196.md	75	KR4h0117_WYG_192-5b
197.md	3	KR4h0117_WYG_193-1a
197.md	11	KR4h0117_WYG_193-1b
197.md	19	KR4h0117_WYG_193-2a
197.md	27	KR4h0117_WYG_193-2b
197.md	35	KR4h0117_WYG_193-3a
197.md	43	KR4h0117_WYG_193-3b
197.md	51	KR4h0117_WYG_193-4a
197.md	59	KR4h0117_WYG_193-4b
197.md	67	KR4h0117_WYG_193-5a
197.md	75	KR4h0117_WYG_193-5b
197.md	83	KR4h0117_WYG_193-6a
197.md	91	KR4h0117_WYG_193-6b
197.md	99	KR4h0117_WYG_193-7a
197.md	107	KR4h0117_WYG_193-7b
197.md	115	KR4h0117_WYG_193-8a
197.md	123	KR4h0117_WYG_193-8b
197.md	131	KR4h0117_WYG_193-9a
197.md	139	KR4h0117_WYG_193-9b
197.md	147	KR4h0117_WYG_193-10a
197.md	155	KR4h0117_WYG_193-10b
197.md	163	KR4h0117_WYG_193-11a
197.md	171	KR4h0117_WYG_193-11b
197.md	179	KR4h0117_WYG_193-12a
197.md	187	KR4h0117_WYG_193-12b
197.md	195	KR4h0117_WYG_193-13a
197.md	203	KR4h0117_WYG_193-13b
197.md	211	KR4h0117_WYG_193-14a
197.md	219	KR4h0117_WYG_193-14b
197.md	227	KR4h0117_WYG_193-15a
197.md	235	KR4h0117_WYG_193-15b
197.md	243	KR4h0117_WYG_193-16a
197.md	251	KR4h0117_WYG_193-16b
197.md	259	KR4h0117_WYG_193-17a
197.md	267	KR4h0117_WYG_193-17b
197.md	275	KR4h0117_WYG_193-18a
197.md	283	KR4h0117_WYG_193-18b
197.md	291	KR4h0117_WYG_193-19a
197.md	299	KR4h0117_WYG_193-19b
197.md	307	KR4h0117_WYG_193-20a
197.md	315	KR4h0117_WYG_193-20b
197.md	323	KR4h0117_WYG_193-21a
197.md	331	KR4h0117_WYG_193-21b
197.md	339	KR4h0117_WYG_193-22a
197.md	347	KR4h0117_WYG_193-22b
198.md	3	KR4h0117_WYG_194-1a
198.md	11	KR4h0117_WYG_194-1b
198.md	19	KR4h0117_WYG_194-2a
198.md	27	KR4h0117_WYG_194-2b
198.md	35	KR4h0117_WYG_194-3a
198.md	43	KR4h0117_WYG_194-3b
198.md	51	KR4h0117_WYG_194-4a
198.md	59	KR4h0117_WYG_194-4b
198.md	67	KR4h0117_WYG_194-5a
198.md	75	KR4h0117_WYG_194-5b
198.md	83	KR4h0117_WYG_194-6a
198.md	91	KR4h0117_WYG_194-6b
198.md	99	KR4h0117_WYG_194-7a
198.md	107	KR4h0117_WYG_194-7b
198.md	115	KR4h0117_WYG_194-8a
198.md	123	KR4h0117_WYG_194-8b
198.md	131	KR4h0117_WYG_194-9a
198.md	139	KR4h0117_WYG_194-9b
198.md	147	KR4h0117_WYG_194-10a
198.md	155	KR4h0117_WYG_194-10b
198.md	163	KR4h0117_WYG_194-11a
198.md	171	KR4h0117_WYG_194-11b
198.md	179	KR4h0117_WYG_194-12a
198.md	187	KR4h0117_WYG_194-12b
198.md	195	KR4h0117_WYG_194-13a
198.md	203	KR4h0117_WYG_194-13b
198.md	211	KR4h0117_WYG_194-14a
198.md	219	KR4h0117_WYG_194-14b
198.md	227	KR4h0117_WYG_194-15a
198.md	235	KR4h0117_WYG_194-15b
198.md	243	KR4h0117_WYG_194-16a
198.md	251	KR4h0117_WYG_194-16b
199.md	3	KR4h0117_WYG_195-1a
199.md	11	KR4h0117_WYG_195-1b
199.md	19	KR4h0117_WYG_195-2a
199.md	27	KR4h0117_WYG_195-2b
199.md	35	KR4h0117_WYG_195-3a
199.md	43	KR4h0117_WYG_195-3b
199.md	51	KR4h0117_WYG_195-4a
199.md	59	KR4h0117_WYG_195-4b
199.md	67	KR4h0117_WYG_195-5a
199.md	75	KR4h0117_WYG_195-5b
199.md	83	KR4h0117_WYG_195-6a
199.md	91	KR4h0117_WYG_195-6b
199.md	99	KR4h0117_WYG_195-7a
199.md	107	KR4h0117_WYG_195-7b
199.md	115	KR4h0117_WYG_195-8a
199.md	123	KR4h0117_WYG_195-8b
199.md	131	KR4h0117_WYG_195-9a
199.md	139	KR4h0117_WYG_195-9b
199.md	147	KR4h0117_WYG_195-10a
199.md	155	KR4h0117_WYG_195-10b
199.md	163	KR4h0117_WYG_195-11a
199.md	171	KR4h0117_WYG_195-11b
199.md	179	KR4h0117_WYG_195-12a
199.md	187	KR4h0117_WYG_195-12b
199.md	195	KR4h0117_WYG_195-13a
199.md	203	KR4h0117_WYG_195-13b
199.md	211	KR4h0117_WYG_195-14a
199.md	219	KR4h0117_WYG_195-14b
199.md	227	KR4h0117_WYG_195-15a
199.md	235	KR4h0117_WYG_195-15b
200.md	3	KR4h0117_WYG_196-1a
200.md	11	KR4h0117_WYG_196-1b
200.md	19	KR4h0117_WYG_196-2a
200.md	27	KR4h0117_WYG_196-2b
200.md	35	KR4h0117_WYG_196-3a
200.md	43	KR4h0117_WYG_196-3b
200.md	51	KR4h0117_WYG_196-4a
200.md	59	KR4h0117_WYG_196-4b
200.md	67	KR4h0117_WYG_196-5a
200.md	75	KR4h0117_WYG_196-5b
200.md	83	KR4h0117_WYG_196-6a
200.md	91	KR4h0117_WYG_196-6b
200.md	99	KR4h0117_WYG_196-7a
200.md	107	KR4h0117_WYG_196-7b
200.md	115	KR4h0117_WYG_196-8a
200.md	123	KR4h0117_WYG_196-8b
200.md	131	KR4h0117_WYG_196-9a
200.md	139	KR4h0117_WYG_196-9b
201.md	3	KR4h0117_WYG_197-1a
201.md	11	KR4h0117_WYG_197-1b
201.md	19	KR4h0117_WYG_197-2a
201.md	27	KR4h0117_WYG_197-2b
201.md	35	KR4h0117_WYG_197-3a
201.md	43	KR4h0117_WYG_197-3b
201.md	51	KR4h0117_WYG_197-4a
201.md	59	KR4h0117_WYG_197-4b
201.md	67	KR4h0117_WYG_197-5a
201.md	75	KR4h0117_WYG_197-5b
201.md	83	KR4h0117_WYG_197-6a
201.md	91	KR4h0117_WYG_197-6b
201.md	99	KR4h0117_WYG_197-7a
201.md	107	KR4h0117_WYG_197-7b
201.md	115	KR4h0117_WYG_197-8a
201.md	123	KR4h0117_WYG_197-8b
201.md	131	KR4h0117_WYG_197-9a
201.md	139	KR4h0117_WYG_197-9b
201.md	147	KR4h0117_WYG_197-10a
201.md	155	KR4h0117_WYG_197-10b
201.md	163	KR4h0117_WYG_197-11a
201.md	171	KR4h0117_WYG_197-11b
201.md	179	KR4h0117_WYG_197-12a
201.md	187	KR4h0117_WYG_197-12b
201.md	195	KR4h0117_WYG_197-13a
201.md	203	KR4h0117_WYG_197-13b
201.md	211	KR4h0117_WYG_197-14a
201.md	219	KR4h0117_WYG_197-14b
201.md	227	KR4h0117_WYG_197-15a
201.md	235	KR4h0117_WYG_197-15b
201.md	243	KR4h0117_WYG_197-16a
201.md	251	KR4h0117_WYG_197-16b
201.md	259	KR4h0117_WYG_197-17a
201.md	267	KR4h0117_WYG_197-17b
202.md	3	KR4h0117_WYG_198-1a
202.md	11	KR4h0117_WYG_198-1b
202.md	19	KR4h0117_WYG_198-2a
202.md	27	KR4h0117_WYG_198-2b
202.md	35	KR4h0117_WYG_198-3a
202.md	43	KR4h0117_WYG_198-3b
202.md	51	KR4h0117_WYG_198-4a
202.md	59	KR4h0117_WYG_198-4b
202.md	67	KR4h0117_WYG_198-5a
202.md	75	KR4h0117_WYG_198-5b
202.md	83	KR4h0117_WYG_198-6a
202.md	91	KR4h0117_WYG_198-6b
202.md	99	KR4h0117_WYG_198-7a
202.md	107	KR4h0117_WYG_198-7b
202.md	115	KR4h0117_WYG_198-8a
202.md	123	KR4h0117_WYG_198-8b
202.md	131	KR4h0117_WYG_198-9a
202.md	139	KR4h0117_WYG_198-9b
202.md	147	KR4h0117_WYG_198-10a
202.md	155	KR4h0117_WYG_198-10b
202.md	163	KR4h0117_WYG_198-11a
202.md	171	KR4h0117_WYG_198-11b
202.md	179	KR4h0117_WYG_198-12a
202.md	187	KR4h0117_WYG_198-12b
203.md	3	KR4h0117_WYG_199-1a
203.md	11	KR4h0117_WYG_199-1b
203.md	19	KR4h0117_WYG_199-2a
203.md	27	KR4h0117_WYG_199-2b
203.md	35	KR4h0117_WYG_199-3a
203.md	43	KR4h0117_WYG_199-3b
203.md	51	KR4h0117_WYG_199-4a
203.md	59	KR4h0117_WYG_199-4b
203.md	67	KR4h0117_WYG_199-5a
203.md	75	KR4h0117_WYG_199-5b
203.md	83	KR4h0117_WYG_199-6a
203.md	91	KR4h0117_WYG_199-6b
203.md	99	KR4h0117_WYG_199-7a
203.md	107	KR4h0117_WYG_199-7b
203.md	115	KR4h0117_WYG_199-8a
203.md	123	KR4h0117_WYG_199-8b
203.md	131	KR4h0117_WYG_199-9a
203.md	139	KR4h0117_WYG_199-9b
203.md	147	KR4h0117_WYG_199-10a
203.md	155	KR4h0117_WYG_199-10b
203.md	163	KR4h0117_WYG_199-11a
203.md	171	KR4h0117_WYG_199-11b
203.md	179	KR4h0117_WYG_199-12a
203.md	187	KR4h0117_WYG_199-12b
203.md	195	KR4h0117_WYG_199-13a
203.md	203	KR4h0117_WYG_199-13b
203.md	211	KR4h0117_WYG_199-14a
203.md	219	KR4h0117_WYG_199-14b
203.md	227	KR4h0117_WYG_199-15a
203.md	235	KR4h0117_WYG_199-15b
203.md	243	KR4h0117_WYG_199-16a
203.md	251	KR4h0117_WYG_199-16b
203.md	259	KR4h0117_WYG_199-17a
203.md	267	KR4h0117_WYG_199-17b
204.md	3	KR4h0117_WYG_200-1a
204.md	11	KR4h0117_WYG_200-1b
204.md	19	KR4h0117_WYG_200-2a
204.md	27	KR4h0117_WYG_200-2b
204.md	35	KR4h0117_WYG_200-3a
204.md	43	KR4h0117_WYG_200-3b
204.md	51	KR4h0117_WYG_200-4a
204.md	59	KR4h0117_WYG_200-4b
204.md	67	KR4h0117_WYG_200-5a
204.md	75	KR4h0117_WYG_200-5b
204.md	83	KR4h0117_WYG_200-6a
204.md	91	KR4h0117_WYG_200-6b
204.md	99	KR4h0117_WYG_200-7a
204.md	107	KR4h0117_WYG_200-7b
204.md	115	KR4h0117_WYG_200-8a
204.md	123	KR4h0117_WYG_200-8b
204.md	131	KR4h0117_WYG_200-9a
204.md	139	KR4h0117_WYG_200-9b
204.md	147	KR4h0117_WYG_200-10a
204.md	155	KR4h0117_WYG_200-10b
204.md	163	KR4h0117_WYG_200-11a
204.md	171	KR4h0117_WYG_200-11b
204.md	179	KR4h0117_WYG_200-12a
204.md	187	KR4h0117_WYG_200-12b
204.md	195	KR4h0117_WYG_200-13a
204.md	203	KR4h0117_WYG_200-13b
204.md	211	KR4h0117_WYG_200-14a
204.md	219	KR4h0117_WYG_200-14b
204.md	227	KR4h0117_WYG_200-15a
204.md	235	KR4h0117_WYG_200-15b
204.md	243	KR4h0117_WYG_200-16a
204.md	251	KR4h0117_WYG_200-16b
204.md	259	KR4h0117_WYG_200-17a
204.md	267	KR4h0117_WYG_200-17b
204.md	275	KR4h0117_WYG_200-18a
204.md	283	KR4h0117_WYG_200-18b
204.md	291	KR4h0117_WYG_200-19a
204.md	299	KR4h0117_WYG_200-19b
204.md	307	KR4h0117_WYG_200-20a
204.md	315	KR4h0117_WYG_200-20b
204.md	323	KR4h0117_WYG_200-21a
204.md	331	KR4h0117_WYG_200-21b
204.md	339	KR4h0117_WYG_200-22a
204.md	347	KR4h0117_WYG_200-22b
204.md	355	KR4h0117_WYG_200-23a
204.md	363	KR4h0117_WYG_200-23b
205.md	3	KR4h0117_WYG_201-1a
205.md	11	KR4h0117_WYG_201-1b
205.md	19	KR4h0117_WYG_201-2a
205.md	27	KR4h0117_WYG_201-2b
205.md	35	KR4h0117_WYG_201-3a
205.md	43	KR4h0117_WYG_201-3b
205.md	51	KR4h0117_WYG_201-4a
205.md	59	KR4h0117_WYG_201-4b
205.md	67	KR4h0117_WYG_201-5a
205.md	75	KR4h0117_WYG_201-5b
206.md	3	KR4h0117_WYG_202-1a
206.md	11	KR4h0117_WYG_202-1b
206.md	19	KR4h0117_WYG_202-2a
206.md	27	KR4h0117_WYG_202-2b
206.md	35	KR4h0117_WYG_202-3a
206.md	43	KR4h0117_WYG_202-3b
206.md	51	KR4h0117_WYG_202-4a
206.md	59	KR4h0117_WYG_202-4b
206.md	67	KR4h0117_WYG_202-5a
206.md	75	KR4h0117_WYG_202-5b
206.md	83	KR4h0117_WYG_202-6a
206.md	91	KR4h0117_WYG_202-6b
206.md	99	KR4h0117_WYG_202-7a
206.md	107	KR4h0117_WYG_202-7b
206.md	115	KR4h0117_WYG_202-8a
206.md	123	KR4h0117_WYG_202-8b
206.md	131	KR4h0117_WYG_202-9a
206.md	139	KR4h0117_WYG_202-9b
206.md	147	KR4h0117_WYG_202-10a
206.md	155	KR4h0117_WYG_202-10b
207.md	3	KR4h0117_WYG_203-1a
207.md	11	KR4h0117_WYG_203-1b
207.md	19	KR4h0117_WYG_203-2a
207.md	27	KR4h0117_WYG_203-2b
207.md	35	KR4h0117_WYG_203-3a
207.md	43	KR4h0117_WYG_203-3b
207.md	51	KR4h0117_WYG_203-4a
207.md	59	KR4h0117_WYG_203-4b
207.md	67	KR4h0117_WYG_203-5a
207.md	75	KR4h0117_WYG_203-5b
207.md	83	KR4h0117_WYG_203-6a
207.md	91	KR4h0117_WYG_203-6b
207.md	99	KR4h0117_WYG_203-7a
207.md	107	KR4h0117_WYG_203-7b
207.md	115	KR4h0117_WYG_203-8a
207.md	123	KR4h0117_WYG_203-8b
207.md	131	KR4h0117_WYG_203-9a
207.md	139	KR4h0117_WYG_203-9b
207.md	147	KR4h0117_WYG_203-10a
207.md	155	KR4h0117_WYG_203-10b
207.md	163	KR4h0117_WYG_203-11a
207.md	171	KR4h0117_WYG_203-11b
207.md	179	KR4h0117_WYG_203-12a
207.md	187	KR4h0117_WYG_203-12b
207.md	195	KR4h0117_WYG_203-13a
207.md	203	KR4h0117_WYG_203-13b
207.md	211	KR4h0117_WYG_203-14a
207.md	219	KR4h0117_WYG_203-14b
207.md	227	KR4h0117_WYG_203-15a
207.md	235	KR4h0117_WYG_203-15b
207.md	243	KR4h0117_WYG_203-16a
207.md	251	KR4h0117_WYG_203-16b
207.md	259	KR4h0117_WYG_203-17a
207.md	267	KR4h0117_WYG_203-17b
207.md	275	KR4h0117_WYG_203-18a
207.md	283	KR4h0117_WYG_203-18b
207.md	291	KR4h0117_WYG_203-19a
207.md	299	KR4h0117_WYG_203-19b
207.md	307	KR4h0117_WYG_203-20a
207.md	315	KR4h0117_WYG_203-20b
208.md	3	KR4h0117_WYG_204-1a
208.md	11	KR4h0117_WYG_204-1b
208.md	19	KR4h0117_WYG_204-2a
208.md	27	KR4h0117_WYG_204-2b
208.md	35	KR4h0117_WYG_204-3a
208.md	43	KR4h0117_WYG_204-3b
208.md	51	KR4h0117_WYG_204-4a
208.md	59	KR4h0117_WYG_204-4b
208.md	67	KR4h0117_WYG_204-5a
208.md	75	KR4h0117_WYG_204-5b
208.md	83	KR4h0117_WYG_204-6a
208.md	91	KR4h0117_WYG_204-6b
208.md	99	KR4h0117_WYG_204-7a
208.md	107	KR4h0117_WYG_204-7b
208.md	115	KR4h0117_WYG_204-8a
208.md	123	KR4h0117_WYG_204-8b
208.md	131	KR4h0117_WYG_204-9a
208.md	139	KR4h0117_WYG_204-9b
208.md	147	KR4h0117_WYG_204-10a
208.md	155	KR4h0117_WYG_204-10b
208.md	163	KR4h0117_WYG_204-11a
208.md	171	KR4h0117_WYG_204-11b
208.md	179	KR4h0117_WYG_204-12a
208.md	187	KR4h0117_WYG_204-12b
208.md	195	KR4h0117_WYG_204-13a
208.md	203	KR4h0117_WYG_204-13b
209.md	3	KR4h0117_WYG_205-1a
209.md	11	KR4h0117_WYG_205-1b
209.md	19	KR4h0117_WYG_205-2a
209.md	27	KR4h0117_WYG_205-2b
209.md	35	KR4h0117_WYG_205-3a
209.md	43	KR4h0117_WYG_205-3b
209.md	51	KR4h0117_WYG_205-4a
209.md	59	KR4h0117_WYG_205-4b
209.md	67	KR4h0117_WYG_205-5a
209.md	75	KR4h0117_WYG_205-5b
209.md	83	KR4h0117_WYG_205-6a
209.md	91	KR4h0117_WYG_205-6b
209.md	99	KR4h0117_WYG_205-7a
209.md	107	KR4h0117_WYG_205-7b
209.md	115	KR4h0117_WYG_205-8a
209.md	123	KR4h0117_WYG_205-8b
209.md	131	KR4h0117_WYG_205-9a
209.md	139	KR4h0117_WYG_205-9b
209.md	147	KR4h0117_WYG_205-10a
209.md	155	KR4h0117_WYG_205-10b
209.md	163	KR4h0117_WYG_205-11a
209.md	171	KR4h0117_WYG_205-11b
209.md	179	KR4h0117_WYG_205-12a
209.md	187	KR4h0117_WYG_205-12b
209.md	195	KR4h0117_WYG_205-13a
209.md	203	KR4h0117_WYG_205-13b
209.md	211	KR4h0117_WYG_205-14a
209.md	219	KR4h0117_WYG_205-14b
209.md	227	KR4h0117_WYG_205-15a
209.md	235	KR4h0117_WYG_205-15b
209.md	243	KR4h0117_WYG_205-16a
209.md	251	KR4h0117_WYG_205-16b
209.md	259	KR4h0117_WYG_205-17a
209.md	267	KR4h0117_WYG_205-17b
209.md	275	KR4h0117_WYG_205-18a
209.md	283	KR4h0117_WYG_205-18b
209.md	291	KR4h0117_WYG_205-19a
209.md	299	KR4h0117_WYG_205-19b
209.md	307	KR4h0117_WYG_205-20a
209.md	315	KR4h0117_WYG_205-20b
209.md	323	KR4h0117_WYG_205-21a
209.md	331	KR4h0117_WYG_205-21b
209.md	339	KR4h0117_WYG_205-22a
209.md	347	KR4h0117_WYG_205-22b
210.md	3	KR4h0117_WYG_206-1a
210.md	11	KR4h0117_WYG_206-1b
210.md	19	KR4h0117_WYG_206-2a
210.md	27	KR4h0117_WYG_206-2b
210.md	35	KR4h0117_WYG_206-3a
210.md	43	KR4h0117_WYG_206-3b
210.md	51	KR4h0117_WYG_206-4a
210.md	59	KR4h0117_WYG_206-4b
210.md	67	KR4h0117_WYG_206-5a
210.md	75	KR4h0117_WYG_206-5b
210.md	83	KR4h0117_WYG_206-6a
210.md	91	KR4h0117_WYG_206-6b
210.md	99	KR4h0117_WYG_206-7a
210.md	107	KR4h0117_WYG_206-7b
211.md	3	KR4h0117_WYG_207-1a
211.md	11	KR4h0117_WYG_207-1b
211.md	19	KR4h0117_WYG_207-2a
211.md	27	KR4h0117_WYG_207-2b
211.md	35	KR4h0117_WYG_207-3a
211.md	43	KR4h0117_WYG_207-3b
211.md	51	KR4h0117_WYG_207-4a
211.md	59	KR4h0117_WYG_207-4b
211.md	67	KR4h0117_WYG_207-5a
211.md	75	KR4h0117_WYG_207-5b
211.md	83	KR4h0117_WYG_207-6a
211.md	91	KR4h0117_WYG_207-6b
211.md	99	KR4h0117_WYG_207-7a
211.md	107	KR4h0117_WYG_207-7b
211.md	115	KR4h0117_WYG_207-8a
211.md	123	KR4h0117_WYG_207-8b
212.md	3	KR4h0117_WYG_208-1a
212.md	11	KR4h0117_WYG_208-1b
212.md	19	KR4h0117_WYG_208-2a
212.md	27	KR4h0117_WYG_208-2b
212.md	35	KR4h0117_WYG_208-3a
212.md	43	KR4h0117_WYG_208-3b
212.md	51	KR4h0117_WYG_208-4a
212.md	59	KR4h0117_WYG_208-4b
212.md	67	KR4h0117_WYG_208-5a
212.md	75	KR4h0117_WYG_208-5b
212.md	83	KR4h0117_WYG_208-6a
212.md	91	KR4h0117_WYG_208-6b
212.md	99	KR4h0117_WYG_208-7a
212.md	107	KR4h0117_WYG_208-7b
212.md	115	KR4h0117_WYG_208-8a
212.md	123	KR4h0117_WYG_208-8b
212.md	131	KR4h0117_WYG_208-9a
212.md	139	KR4h0117_WYG_208-9b
212.md	147	KR4h0117_WYG_208-10a
212.md	155	KR4h0117_WYG_208-10b
212.md	163	KR4h0117_WYG_208-11a
212.md	171	KR4h0117_WYG_208-11b
212.md	179	KR4h0117_WYG_208-12a
212.md	187	KR4h0117_WYG_208-12b
212.md	195	KR4h0117_WYG_208-13a
212.md	203	KR4h0117_WYG_208-13b
212.md	211	KR4h0117_WYG_208-14a
212.md	219	KR4h0117_WYG_208-14b
212.md	227	KR4h0117_WYG_208-15a
212.md	235	KR4h0117_WYG_208-15b
212.md	243	KR4h0117_WYG_208-16a
212.md	251	KR4h0117_WYG_208-16b
213.md	3	KR4h0117_WYG_209-1a
213.md	11	KR4h0117_WYG_209-1b
213.md	19	KR4h0117_WYG_209-2a
213.md	27	KR4h0117_WYG_209-2b
213.md	35	KR4h0117_WYG_209-3a
213.md	43	KR4h0117_WYG_209-3b
213.md	51	KR4h0117_WYG_209-4a
213.md	59	KR4h0117_WYG_209-4b
213.md	67	KR4h0117_WYG_209-5a
213.md	75	KR4h0117_WYG_209-5b
213.md	83	KR4h0117_WYG_209-6a
213.md	91	KR4h0117_WYG_209-6b
213.md	99	KR4h0117_WYG_209-7a
213.md	107	KR4h0117_WYG_209-7b
213.md	115	KR4h0117_WYG_209-8a
213.md	123	KR4h0117_WYG_209-8b
213.md	131	KR4h0117_WYG_209-9a
213.md	139	KR4h0117_WYG_209-9b
213.md	147	KR4h0117_WYG_209-10a
213.md	155	KR4h0117_WYG_209-10b
213.md	163	KR4h0117_WYG_209-11a
213.md	171	KR4h0117_WYG_209-11b
213.md	179	KR4h0117_WYG_209-12a
213.md	187	KR4h0117_WYG_209-12b
213.md	195	KR4h0117_WYG_209-13a
213.md	203	KR4h0117_WYG_209-13b
214.md	3	KR4h0117_WYG_210-1a
214.md	11	KR4h0117_WYG_210-1b
214.md	19	KR4h0117_WYG_210-2a
214.md	27	KR4h0117_WYG_210-2b
214.md	35	KR4h0117_WYG_210-3a
214.md	43	KR4h0117_WYG_210-3b
214.md	51	KR4h0117_WYG_210-4a
214.md	59	KR4h0117_WYG_210-4b
214.md	67	KR4h0117_WYG_210-5a
214.md	75	KR4h0117_WYG_210-5b
214.md	83	KR4h0117_WYG_210-6a
214.md	91	KR4h0117_WYG_210-6b
214.md	99	KR4h0117_WYG_210-7a
214.md	107	KR4h0117_WYG_210-7b
214.md	115	KR4h0117_WYG_210-8a
214.md	123	KR4h0117_WYG_210-8b
214.md	131	KR4h0117_WYG_210-9a
214.md	139	KR4h0117_WYG_210-9b
214.md	147	KR4h0117_WYG_210-10a
214.md	155	KR4h0117_WYG_210-10b
214.md	163	KR4h0117_WYG_210-11a
214.md	171	KR4h0117_WYG_210-11b
215.md	3	KR4h0117_WYG_211-1a
215.md	11	KR4h0117_WYG_211-1b
215.md	19	KR4h0117_WYG_211-2a
215.md	27	KR4h0117_WYG_211-2b
215.md	35	KR4h0117_WYG_211-3a
215.md	43	KR4h0117_WYG_211-3b
215.md	51	KR4h0117_WYG_211-4a
215.md	59	KR4h0117_WYG_211-4b
215.md	67	KR4h0117_WYG_211-5a
215.md	75	KR4h0117_WYG_211-5b
215.md	83	KR4h0117_WYG_211-6a
215.md	91	KR4h0117_WYG_211-6b
215.md	99	KR4h0117_WYG_211-7a
215.md	107	KR4h0117_WYG_211-7b
215.md	115	KR4h0117_WYG_211-8a
215.md	123	KR4h0117_WYG_211-8b
215.md	131	KR4h0117_WYG_211-9a
215.md	139	KR4h0117_WYG_211-9b
215.md	147	KR4h0117_WYG_211-10a
215.md	155	KR4h0117_WYG_211-10b
215.md	163	KR4h0117_WYG_211-11a
215.md	171	KR4h0117_WYG_211-11b
215.md	179	KR4h0117_WYG_211-12a
215.md	187	KR4h0117_WYG_211-12b
215.md	195	KR4h0117_WYG_211-13a
215.md	203	KR4h0117_WYG_211-13b
215.md	211	KR4h0117_WYG_211-14a
215.md	219	KR4h0117_WYG_211-14b
215.md	227	KR4h0117_WYG_211-15a
215.md	235	KR4h0117_WYG_211-15b
216.md	3	KR4h0117_WYG_212-1a
216.md	11	KR4h0117_WYG_212-1b
216.md	19	KR4h0117_WYG_212-2a
216.md	27	KR4h0117_WYG_212-2b
216.md	35	KR4h0117_WYG_212-3a
216.md	43	KR4h0117_WYG_212-3b
216.md	51	KR4h0117_WYG_212-4a
216.md	59	KR4h0117_WYG_212-4b
216.md	67	KR4h0117_WYG_212-5a
216.md	75	KR4h0117_WYG_212-5b
216.md	83	KR4h0117_WYG_212-6a
216.md	91	KR4h0117_WYG_212-6b
216.md	99	KR4h0117_WYG_212-7a
216.md	107	KR4h0117_WYG_212-7b
216.md	115	KR4h0117_WYG_212-8a
216.md	123	KR4h0117_WYG_212-8b
216.md	131	KR4h0117_WYG_212-9a
216.md	139	KR4h0117_WYG_212-9b
216.md	147	KR4h0117_WYG_212-10a
216.md	155	KR4h0117_WYG_212-10b
216.md	163	KR4h0117_WYG_212-11a
216.md	171	KR4h0117_WYG_212-11b
216.md	179	KR4h0117_WYG_212-12a
216.md	187	KR4h0117_WYG_212-12b
217.md	3	KR4h0117_WYG_213-1a
217.md	11	KR4h0117_WYG_213-1b
217.md	19	KR4h0117_WYG_213-2a
217.md	27	KR4h0117_WYG_213-2b
217.md	35	KR4h0117_WYG_213-3a
217.md	43	KR4h0117_WYG_213-3b
217.md	51	KR4h0117_WYG_213-4a
217.md	59	KR4h0117_WYG_213-4b
217.md	67	KR4h0117_WYG_213-5a
217.md	75	KR4h0117_WYG_213-5b
217.md	83	KR4h0117_WYG_213-6a
217.md	91	KR4h0117_WYG_213-6b
217.md	99	KR4h0117_WYG_213-7a
217.md	107	KR4h0117_WYG_213-7b
217.md	115	KR4h0117_WYG_213-8a
217.md	123	KR4h0117_WYG_213-8b
217.md	131	KR4h0117_WYG_213-9a
217.md	139	KR4h0117_WYG_213-9b
217.md	147	KR4h0117_WYG_213-10a
217.md	155	KR4h0117_WYG_213-10b
217.md	163	KR4h0117_WYG_213-11a
217.md	171	KR4h0117_WYG_213-11b
217.md	179	KR4h0117_WYG_213-12a
217.md	187	KR4h0117_WYG_213-12b
217.md	195	KR4h0117_WYG_213-13a
217.md	203	KR4h0117_WYG_213-13b
217.md	211	KR4h0117_WYG_213-14a
217.md	219	KR4h0117_WYG_213-14b
217.md	227	KR4h0117_WYG_213-15a
217.md	235	KR4h0117_WYG_213-15b
217.md	243	KR4h0117_WYG_213-16a
217.md	251	KR4h0117_WYG_213-16b
217.md	259	KR4h0117_WYG_213-17a
217.md	267	KR4h0117_WYG_213-17b
217.md	275	KR4h0117_WYG_213-18a
217.md	283	KR4h0117_WYG_213-18b
217.md	291	KR4h0117_WYG_213-19a
217.md	299	KR4h0117_WYG_213-19b
217.md	307	KR4h0117_WYG_213-20a
217.md	315	KR4h0117_WYG_213-20b
217.md	323	KR4h0117_WYG_213-21a
217.md	331	KR4h0117_WYG_213-21b
218.md	3	KR4h0117_WYG_214-1a
218.md	11	KR4h0117_WYG_214-1b
218.md	19	KR4h0117_WYG_214-2a
218.md	27	KR4h0117_WYG_214-2b
218.md	35	KR4h0117_WYG_214-3a
218.md	43	KR4h0117_WYG_214-3b
218.md	51	KR4h0117_WYG_214-4a
218.md	59	KR4h0117_WYG_214-4b
218.md	67	KR4h0117_WYG_214-5a
218.md	75	KR4h0117_WYG_214-5b
218.md	83	KR4h0117_WYG_214-6a
218.md	91	KR4h0117_WYG_214-6b
218.md	99	KR4h0117_WYG_214-7a
218.md	107	KR4h0117_WYG_214-7b
218.md	115	KR4h0117_WYG_214-8a
218.md	123	KR4h0117_WYG_214-8b
218.md	131	KR4h0117_WYG_214-9a
218.md	139	KR4h0117_WYG_214-9b
218.md	147	KR4h0117_WYG_214-10a
218.md	155	KR4h0117_WYG_214-10b
218.md	163	KR4h0117_WYG_214-11a
218.md	171	KR4h0117_WYG_214-11b
218.md	179	KR4h0117_WYG_214-12a
218.md	187	KR4h0117_WYG_214-12b
218.md	195	KR4h0117_WYG_214-13a
218.md	203	KR4h0117_WYG_214-13b
219.md	3	KR4h0117_WYG_215-1a
219.md	11	KR4h0117_WYG_215-1b
219.md	19	KR4h0117_WYG_215-2a
219.md	27	KR4h0117_WYG_215-2b
219.md	35	KR4h0117_WYG_215-3a
219.md	43	KR4h0117_WYG_215-3b
219.md	51	KR4h0117_WYG_215-4a
219.md	59	KR4h0117_WYG_215-4b
219.md	67	KR4h0117_WYG_215-5a
219.md	75	KR4h0117_WYG_215-5b
219.md	83	KR4h0117_WYG_215-6a
219.md	91	KR4h0117_WYG_215-6b
219.md	99	KR4h0117_WYG_215-7a
219.md	107	KR4h0117_WYG_215-7b
219.md	115	KR4h0117_WYG_215-8a
219.md	123	KR4h0117_WYG_215-8b
219.md	131	KR4h0117_WYG_215-9a
219.md	139	KR4h0117_WYG_215-9b
219.md	147	KR4h0117_WYG_215-10a
219.md	155	KR4h0117_WYG_215-10b
219.md	163	KR4h0117_WYG_215-11a
219.md	171	KR4h0117_WYG_215-11b
219.md	179	KR4h0117_WYG_215-12a
219.md	187	KR4h0117_WYG_215-12b
219.md	195	KR4h0117_WYG_215-13a
219.md	203	KR4h0117_WYG_215-13b
219.md	211	KR4h0117_WYG_215-14a
219.md	219	KR4h0117_WYG_215-14b
220.md	3	KR4h0117_WYG_216-1a
220.md	11	KR4h0117_WYG_216-1b
220.md	19	KR4h0117_WYG_216-2a
220.md	27	KR4h0117_WYG_216-2b
220.md	35	KR4h0117_WYG_216-3a
220.md	43	KR4h0117_WYG_216-3b
220.md	51	KR4h0117_WYG_216-4a
220.md	59	KR4h0117_WYG_216-4b
220.md	67	KR4h0117_WYG_216-5a
220.md	75	KR4h0117_WYG_216-5b
220.md	83	KR4h0117_WYG_216-6a
220.md	91	KR4h0117_WYG_216-6b
220.md	99	KR4h0117_WYG_216-7a
220.md	107	KR4h0117_WYG_216-7b
220.md	115	KR4h0117_WYG_216-8a
220.md	123	KR4h0117_WYG_216-8b
220.md	131	KR4h0117_WYG_216-9a
220.md	139	KR4h0117_WYG_216-9b
220.md	147	KR4h0117_WYG_216-10a
220.md	155	KR4h0117_WYG_216-10b
220.md	163	KR4h0117_WYG_216-11a
220.md	171	KR4h0117_WYG_216-11b
220.md	179	KR4h0117_WYG_216-12a
220.md	187	KR4h0117_WYG_216-12b
221.md	3	KR4h0117_WYG_217-1a
221.md	11	KR4h0117_WYG_217-1b
221.md	19	KR4h0117_WYG_217-2a
221.md	27	KR4h0117_WYG_217-2b
221.md	35	KR4h0117_WYG_217-3a
221.md	43	KR4h0117_WYG_217-3b
221.md	51	KR4h0117_WYG_217-4a
221.md	59	KR4h0117_WYG_217-4b
221.md	67	KR4h0117_WYG_217-5a
221.md	75	KR4h0117_WYG_217-5b
221.md	83	KR4h0117_WYG_217-6a
221.md	91	KR4h0117_WYG_217-6b
221.md	99	KR4h0117_WYG_217-7a
221.md	107	KR4h0117_WYG_217-7b
221.md	115	KR4h0117_WYG_217-8a
221.md	123	KR4h0117_WYG_217-8b
221.md	131	KR4h0117_WYG_217-9a
221.md	139	KR4h0117_WYG_217-9b
221.md	147	KR4h0117_WYG_217-10a
221.md	155	KR4h0117_WYG_217-10b
221.md	163	KR4h0117_WYG_217-11a
221.md	171	KR4h0117_WYG_217-11b
221.md	179	KR4h0117_WYG_217-12a
221.md	187	KR4h0117_WYG_217-12b
221.md	195	KR4h0117_WYG_217-13a
221.md	203	KR4h0117_WYG_217-13b
222.md	3	KR4h0117_WYG_218-1a
222.md	11	KR4h0117_WYG_218-1b
222.md	19	KR4h0117_WYG_218-2a
222.md	27	KR4h0117_WYG_218-2b
222.md	35	KR4h0117_WYG_218-3a
222.md	43	KR4h0117_WYG_218-3b
222.md	51	KR4h0117_WYG_218-4a
222.md	59	KR4h0117_WYG_218-4b
222.md	67	KR4h0117_WYG_218-5a
222.md	75	KR4h0117_WYG_218-5b
222.md	83	KR4h0117_WYG_218-6a
222.md	91	KR4h0117_WYG_218-6b
222.md	99	KR4h0117_WYG_218-7a
222.md	107	KR4h0117_WYG_218-7b
222.md	115	KR4h0117_WYG_218-8a
222.md	123	KR4h0117_WYG_218-8b
222.md	131	KR4h0117_WYG_218-9a
222.md	139	KR4h0117_WYG_218-9b
222.md	147	KR4h0117_WYG_218-10a
222.md	155	KR4h0117_WYG_218-10b
222.md	163	KR4h0117_WYG_218-11a
222.md	171	KR4h0117_WYG_218-11b
222.md	179	KR4h0117_WYG_218-12a
222.md	187	KR4h0117_WYG_218-12b
222.md	195	KR4h0117_WYG_218-13a
222.md	203	KR4h0117_WYG_218-13b
222.md	211	KR4h0117_WYG_218-14a
222.md	219	KR4h0117_WYG_218-14b
222.md	227	KR4h0117_WYG_218-15a
222.md	235	KR4h0117_WYG_218-15b
222.md	243	KR4h0117_WYG_218-16a
222.md	251	KR4h0117_WYG_218-16b
223.md	3	KR4h0117_WYG_219-1a
223.md	11	KR4h0117_WYG_219-1b
223.md	19	KR4h0117_WYG_219-2a
223.md	27	KR4h0117_WYG_219-2b
223.md	35	KR4h0117_WYG_219-3a
223.md	43	KR4h0117_WYG_219-3b
223.md	51	KR4h0117_WYG_219-4a
223.md	59	KR4h0117_WYG_219-4b
223.md	67	KR4h0117_WYG_219-5a
223.md	75	KR4h0117_WYG_219-5b
223.md	83	KR4h0117_WYG_219-6a
223.md	91	KR4h0117_WYG_219-6b
223.md	99	KR4h0117_WYG_219-7a
223.md	107	KR4h0117_WYG_219-7b
223.md	115	KR4h0117_WYG_219-8a
223.md	123	KR4h0117_WYG_219-8b
223.md	131	KR4h0117_WYG_219-9a
223.md	139	KR4h0117_WYG_219-9b
223.md	147	KR4h0117_WYG_219-10a
223.md	155	KR4h0117_WYG_219-10b
223.md	163	KR4h0117_WYG_219-11a
223.md	171	KR4h0117_WYG_219-11b
223.md	179	KR4h0117_WYG_219-12a
223.md	187	KR4h0117_WYG_219-12b
223.md	195	KR4h0117_WYG_219-13a
223.md	203	KR4h0117_WYG_219-13b
223.md	211	KR4h0117_WYG_219-14a
223.md	219	KR4h0117_WYG_219-14b
223.md	227	KR4h0117_WYG_219-15a
223.md	235	KR4h0117_WYG_219-15b
223.md	243	KR4h0117_WYG_219-16a
223.md	251	KR4h0117_WYG_219-16b
223.md	259	KR4h0117_WYG_219-17a
223.md	267	KR4h0117_WYG_219-17b
223.md	275	KR4h0117_WYG_219-18a
223.md	283	KR4h0117_WYG_219-18b
223.md	291	KR4h0117_WYG_219-19a
223.md	299	KR4h0117_WYG_219-19b
223.md	307	KR4h0117_WYG_219-20a
223.md	315	KR4h0117_WYG_219-20b
224.md	3	KR4h0117_WYG_220-1a
224.md	11	KR4h0117_WYG_220-1b
224.md	19	KR4h0117_WYG_220-2a
224.md	27	KR4h0117_WYG_220-2b
224.md	35	KR4h0117_WYG_220-3a
224.md	43	KR4h0117_WYG_220-3b
224.md	51	KR4h0117_WYG_220-4a
224.md	59	KR4h0117_WYG_220-4b
224.md	67	KR4h0117_WYG_220-5a
224.md	75	KR4h0117_WYG_220-5b
224.md	83	KR4h0117_WYG_220-6a
224.md	91	KR4h0117_WYG_220-6b
224.md	99	KR4h0117_WYG_220-7a
224.md	107	KR4h0117_WYG_220-7b
224.md	115	KR4h0117_WYG_220-8a
224.md	123	KR4h0117_WYG_220-8b
224.md	131	KR4h0117_WYG_220-9a
224.md	139	KR4h0117_WYG_220-9b
224.md	147	KR4h0117_WYG_220-10a
224.md	155	KR4h0117_WYG_220-10b
224.md	163	KR4h0117_WYG_220-11a
224.md	171	KR4h0117_WYG_220-11b
224.md	179	KR4h0117_WYG_220-12a
224.md	187	KR4h0117_WYG_220-12b
224.md	195	KR4h0117_WYG_220-13a
224.md	203	KR4h0117_WYG_220-13b
224.md	211	KR4h0117_WYG_220-14a
224.md	219	KR4h0117_WYG_220-14b
224.md	227	KR4h0117_WYG_220-15a
224.md	235	KR4h0117_WYG_220-15b
224.md	243	KR4h0117_WYG_220-16a
224.md	251	KR4h0117_WYG_220-16b
225.md	3	KR4h0117_WYG_221-1a
225.md	11	KR4h0117_WYG_221-1b
225.md	19	KR4h0117_WYG_221-2a
225.md	27	KR4h0117_WYG_221-2b
225.md	35	KR4h0117_WYG_221-3a
225.md	43	KR4h0117_WYG_221-3b
225.md	51	KR4h0117_WYG_221-4a
225.md	59	KR4h0117_WYG_221-4b
225.md	67	KR4h0117_WYG_221-5a
225.md	75	KR4h0117_WYG_221-5b
225.md	83	KR4h0117_WYG_221-6a
225.md	91	KR4h0117_WYG_221-6b
225.md	99	KR4h0117_WYG_221-7a
225.md	107	KR4h0117_WYG_221-7b
225.md	115	KR4h0117_WYG_221-8a
225.md	123	KR4h0117_WYG_221-8b
225.md	131	KR4h0117_WYG_221-9a
225.md	139	KR4h0117_WYG_221-9b
225.md	147	KR4h0117_WYG_221-10a
225.md	155	KR4h0117_WYG_221-10b
225.md	163	KR4h0117_WYG_221-11a
225.md	171	KR4h0117_WYG_221-11b
225.md	179	KR4h0117_WYG_221-12a
225.md	187	KR4h0117_WYG_221-12b
225.md	195	KR4h0117_WYG_221-13a
225.md	203	KR4h0117_WYG_221-13b
225.md	211	KR4h0117_WYG_221-14a
225.md	219	KR4h0117_WYG_221-14b
225.md	227	KR4h0117_WYG_221-15a
225.md	235	KR4h0117_WYG_221-15b
225.md	243	KR4h0117_WYG_221-16a
225.md	251	KR4h0117_WYG_221-16b
225.md	259	KR4h0117_WYG_221-17a
225.md	267	KR4h0117_WYG_221-17b
225.md	275	KR4h0117_WYG_221-18a
225.md	283	KR4h0117_WYG_221-18b
225.md	291	KR4h0117_WYG_221-19a
225.md	299	KR4h0117_WYG_221-19b
225.md	307	KR4h0117_WYG_221-20a
225.md	315	KR4h0117_WYG_221-20b
225.md	323	KR4h0117_WYG_221-21a
225.md	331	KR4h0117_WYG_221-21b
225.md	339	KR4h0117_WYG_221-22a
225.md	347	KR4h0117_WYG_221-22b
225.md	355	KR4h0117_WYG_221-23a
225.md	363	KR4h0117_WYG_221-23b
226.md	3	KR4h0117_WYG_222-1a
226.md	11	KR4h0117_WYG_222-1b
226.md	19	KR4h0117_WYG_222-2a
226.md	27	KR4h0117_WYG_222-2b
226.md	35	KR4h0117_WYG_222-3a
226.md	43	KR4h0117_WYG_222-3b
226.md	51	KR4h0117_WYG_222-4a
226.md	59	KR4h0117_WYG_222-4b
226.md	67	KR4h0117_WYG_222-5a
226.md	75	KR4h0117_WYG_222-5b
226.md	83	KR4h0117_WYG_222-6a
226.md	91	KR4h0117_WYG_222-6b
226.md	99	KR4h0117_WYG_222-7a
226.md	107	KR4h0117_WYG_222-7b
226.md	115	KR4h0117_WYG_222-8a
226.md	123	KR4h0117_WYG_222-8b
226.md	131	KR4h0117_WYG_222-9a
226.md	139	KR4h0117_WYG_222-9b
226.md	147	KR4h0117_WYG_222-10a
226.md	155	KR4h0117_WYG_222-10b
227.md	3	KR4h0117_WYG_223-1a
227.md	11	KR4h0117_WYG_223-1b
227.md	19	KR4h0117_WYG_223-2a
227.md	27	KR4h0117_WYG_223-2b
227.md	35	KR4h0117_WYG_223-3a
227.md	43	KR4h0117_WYG_223-3b
227.md	51	KR4h0117_WYG_223-4a
227.md	59	KR4h0117_WYG_223-4b
227.md	67	KR4h0117_WYG_223-5a
227.md	75	KR4h0117_WYG_223-5b
227.md	83	KR4h0117_WYG_223-6a
227.md	91	KR4h0117_WYG_223-6b
227.md	99	KR4h0117_WYG_223-7a
227.md	107	KR4h0117_WYG_223-7b
227.md	115	KR4h0117_WYG_223-8a
227.md	123	KR4h0117_WYG_223-8b
227.md	131	KR4h0117_WYG_223-9a
227.md	139	KR4h0117_WYG_223-9b
227.md	147	KR4h0117_WYG_223-10a
227.md	155	KR4h0117_WYG_223-10b
227.md	163	KR4h0117_WYG_223-11a
227.md	171	KR4h0117_WYG_223-11b
227.md	179	KR4h0117_WYG_223-12a
227.md	187	KR4h0117_WYG_223-12b
227.md	195	KR4h0117_WYG_223-13a
227.md	203	KR4h0117_WYG_223-13b
228.md	3	KR4h0117_WYG_224-1a
228.md	11	KR4h0117_WYG_224-1b
228.md	19	KR4h0117_WYG_224-2a
228.md	27	KR4h0117_WYG_224-2b
228.md	35	KR4h0117_WYG_224-3a
228.md	43	KR4h0117_WYG_224-3b
228.md	51	KR4h0117_WYG_224-4a
228.md	59	KR4h0117_WYG_224-4b
228.md	67	KR4h0117_WYG_224-5a
228.md	75	KR4h0117_WYG_224-5b
228.md	83	KR4h0117_WYG_224-6a
228.md	91	KR4h0117_WYG_224-6b
228.md	99	KR4h0117_WYG_224-7a
228.md	107	KR4h0117_WYG_224-7b
228.md	115	KR4h0117_WYG_224-8a
228.md	123	KR4h0117_WYG_224-8b
228.md	131	KR4h0117_WYG_224-9a
228.md	139	KR4h0117_WYG_224-9b
228.md	147	KR4h0117_WYG_224-10a
228.md	155	KR4h0117_WYG_224-10b
228.md	163	KR4h0117_WYG_224-11a
228.md	171	KR4h0117_WYG_224-11b
228.md	179	KR4h0117_WYG_224-12a
228.md	187	KR4h0117_WYG_224-12b
228.md	195	KR4h0117_WYG_224-13a
228.md	203	KR4h0117_WYG_224-13b
228.md	211	KR4h0117_WYG_224-14a
228.md	219	KR4h0117_WYG_224-14b
228.md	227	KR4h0117_WYG_224-15a
228.md	235	KR4h0117_WYG_224-15b
228.md	243	KR4h0117_WYG_224-16a
228.md	251	KR4h0117_WYG_224-16b
228.md	259	KR4h0117_WYG_224-17a
228.md	267	KR4h0117_WYG_224-17b
228.md	275	KR4h0117_WYG_224-18a
228.md	283	KR4h0117_WYG_224-18b
228.md	291	KR4h0117_WYG_224-19a
228.md	299	KR4h0117_WYG_224-19b
229.md	3	KR4h0117_WYG_225-1a
229.md	11	KR4h0117_WYG_225-1b
229.md	19	KR4h0117_WYG_225-2a
229.md	27	KR4h0117_WYG_225-2b
229.md	35	KR4h0117_WYG_225-3a
229.md	43	KR4h0117_WYG_225-3b
229.md	51	KR4h0117_WYG_225-4a
229.md	59	KR4h0117_WYG_225-4b
229.md	67	KR4h0117_WYG_225-5a
229.md	75	KR4h0117_WYG_225-5b
229.md	83	KR4h0117_WYG_225-6a
229.md	91	KR4h0117_WYG_225-6b
229.md	99	KR4h0117_WYG_225-7a
229.md	107	KR4h0117_WYG_225-7b
229.md	115	KR4h0117_WYG_225-8a
229.md	123	KR4h0117_WYG_225-8b
230.md	3	KR4h0117_WYG_226-1a
230.md	11	KR4h0117_WYG_226-1b
230.md	19	KR4h0117_WYG_226-2a
230.md	27	KR4h0117_WYG_226-2b
230.md	35	KR4h0117_WYG_226-3a
230.md	43	KR4h0117_WYG_226-3b
230.md	51	KR4h0117_WYG_226-4a
230.md	59	KR4h0117_WYG_226-4b
230.md	67	KR4h0117_WYG_226-5a
230.md	75	KR4h0117_WYG_226-5b
230.md	83	KR4h0117_WYG_226-6a
230.md	91	KR4h0117_WYG_226-6b
230.md	99	KR4h0117_WYG_226-7a
230.md	107	KR4h0117_WYG_226-7b
230.md	115	KR4h0117_WYG_226-8a
230.md	123	KR4h0117_WYG_226-8b
230.md	131	KR4h0117_WYG_226-9a
230.md	139	KR4h0117_WYG_226-9b
230.md	147	KR4h0117_WYG_226-10a
230.md	155	KR4h0117_WYG_226-10b
230.md	163	KR4h0117_WYG_226-11a
230.md	171	KR4h0117_WYG_226-11b
230.md	179	KR4h0117_WYG_226-12a
230.md	187	KR4h0117_WYG_226-12b
230.md	195	KR4h0117_WYG_226-13a
230.md	203	KR4h0117_WYG_226-13b
230.md	211	KR4h0117_WYG_226-14a
230.md	219	KR4h0117_WYG_226-14b
230.md	227	KR4h0117_WYG_226-15a
230.md	235	KR4h0117_WYG_226-15b
230.md	243	KR4h0117_WYG_226-16a
230.md	251	KR4h0117_WYG_226-16b
230.md	259	KR4h0117_WYG_226-17a
230.md	267	KR4h0117_WYG_226-17b
230.md	275	KR4h0117_WYG_226-18a
230.md	283	KR4h0117_WYG_226-18b
230.md	291	KR4h0117_WYG_226-19a
230.md	299	KR4h0117_WYG_226-19b
230.md	307	KR4h0117_WYG_226-20a
230.md	315	KR4h0117_WYG_226-20b
230.md	323	KR4h0117_WYG_226-21a
230.md	331	KR4h0117_WYG_226-21b
230.md	339	KR4h0117_WYG_226-22a
230.md	347	KR4h0117_WYG_226-22b
230.md	355	KR4h0117_WYG_226-23a
230.md	363	KR4h0117_WYG_226-23b
230.md	371	KR4h0117_WYG_226-24a
230.md	379	KR4h0117_WYG_226-24b
230.md	387	KR4h0117_WYG_226-25a
230.md	395	KR4h0117_WYG_226-25b
230.md	403	KR4h0117_WYG_226-26a
230.md	411	KR4h0117_WYG_226-26b
230.md	419	KR4h0117_WYG_226-27a
230.md	427	KR4h0117_WYG_226-27b
230.md	435	KR4h0117_WYG_226-28a
230.md	443	KR4h0117_WYG_226-28b
230.md	451	KR4h0117_WYG_226-29a
230.md	459	KR4h0117_WYG_226-29b
230.md	467	KR4h0117_WYG_226-30a
230.md	475	KR4h0117_WYG_226-30b
230.md	483	KR4h0117_WYG_226-31a
230.md	491	KR4h0117_WYG_226-31b
230.md	499	KR4h0117_WYG_226-32a
230.md	507	KR4h0117_WYG_226-32b
230.md	515	KR4h0117_WYG_226-33a
230.md	523	KR4h0117_WYG_226-33b
230.md	531	KR4h0117_WYG_226-34a
230.md	539	KR4h0117_WYG_226-34b
230.md	547	KR4h0117_WYG_226-35a
230.md	555	KR4h0117_WYG_226-35b
230.md	563	KR4h0117_WYG_226-36a
230.md	571	KR4h0117_WYG_226-36b
230.md	579	KR4h0117_WYG_226-37a
230.md	587	KR4h0117_WYG_226-37b
230.md	595	KR4h0117_WYG_226-38a
230.md	603	KR4h0117_WYG_226-38b
230.md	611	KR4h0117_WYG_226-39a
230.md	619	KR4h0117_WYG_226-39b
230.md	627	KR4h0117_WYG_226-40a
230.md	635	KR4h0117_WYG_226-40b
230.md	643	KR4h0117_WYG_226-41a
230.md	651	KR4h0117_WYG_226-41b
230.md	659	KR4h0117_WYG_226-42a
230.md	667	KR4h0117_WYG_226-42b
230.md	675	KR4h0117_WYG_226-43a
230.md	683	KR4h0117_WYG_226-43b
230.md	691	KR4h0117_WYG_226-44a
230.md	699	KR4h0117_WYG_226-44b
230.md	707	KR4h0117_WYG_226-45a
230.md	715	KR4h0117_WYG_226-45b
230.md	723	KR4h0117_WYG_226-46a
230.md	731	KR4h0117_WYG_226-46b
230.md	739	KR4h0117_WYG_226-47a
230.md	747	KR4h0117_WYG_226-47b
230.md	755	KR4h0117_WYG_226-48a
230.md	763	KR4h0117_WYG_226-48b
230.md	771	KR4h0117_WYG_226-49a
230.md	779	KR4h0117_WYG_226-49b
230.md	787	KR4h0117_WYG_226-50a
230.md	795	KR4h0117_WYG_226-50b
230.md	803	KR4h0117_WYG_226-51a
230.md	811	KR4h0117_WYG_226-51b
230.md	819	KR4h0117_WYG_226-52a
230.md	827	KR4h0117_WYG_226-52b
230.md	835	KR4h0117_WYG_226-53a
230.md	843	KR4h0117_WYG_226-53b
230.md	851	KR4h0117_WYG_226-54a
230.md	859	KR4h0117_WYG_226-54b
230.md	867	KR4h0117_WYG_226-55a
230.md	875	KR4h0117_WYG_226-55b
230.md	883	KR4h0117_WYG_226-56a
230.md	891	KR4h0117_WYG_226-56b
230.md	899	KR4h0117_WYG_226-57a
230.md	907	KR4h0117_WYG_226-57b
230.md	915	KR4h0117_WYG_226-58a
230.md	923	KR4h0117_WYG_226-58b
230.md	931	KR4h0117_WYG_226-59a
230.md	939	KR4h0117_WYG_226-59b
230.md	947	KR4h0117_WYG_226-60a
230.md	955	KR4h0117_WYG_226-60b
230.md	963	KR4h0117_WYG_226-61a
230.md	971	KR4h0117_WYG_226-61b
230.md	979	KR4h0117_WYG_226-62a
230.md	987	KR4h0117_WYG_226-62b
230.md	995	KR4h0117_WYG_226-63a
230.md	1003	KR4h0117_WYG_226-63b
230.md	1011	KR4h0117_WYG_226-64a
230.md	1019	KR4h0117_WYG_226-64b
230.md	1027	KR4h0117_WYG_226-65a
230.md	1035	KR4h0117_WYG_226-65b
230.md	1043	KR4h0117_WYG_226-66a
230.md	1051	KR4h0117_WYG_226-66b
230.md	1059	KR4h0117_WYG_226-67a
230.md	1067	KR4h0117_WYG_226-67b
230.md	1075	KR4h0117_WYG_226-68a
230.md	1083	KR4h0117_WYG_226-68b
230.md	1091	KR4h0117_WYG_226-69a
230.md	1099	KR4h0117_WYG_226-69b
230.md	1107	KR4h0117_WYG_226-70a
230.md	1115	KR4h0117_WYG_226-70b
231.md	3	KR4h0117_WYG_227-1a
231.md	11	KR4h0117_WYG_227-1b
231.md	19	KR4h0117_WYG_227-2a
231.md	27	KR4h0117_WYG_227-2b
231.md	35	KR4h0117_WYG_227-3a
231.md	43	KR4h0117_WYG_227-3b
231.md	51	KR4h0117_WYG_227-4a
231.md	59	KR4h0117_WYG_227-4b
231.md	67	KR4h0117_WYG_227-5a
231.md	75	KR4h0117_WYG_227-5b
231.md	83	KR4h0117_WYG_227-6a
231.md	91	KR4h0117_WYG_227-6b
231.md	99	KR4h0117_WYG_227-7a
231.md	107	KR4h0117_WYG_227-7b
231.md	115	KR4h0117_WYG_227-8a
231.md	123	KR4h0117_WYG_227-8b
231.md	131	KR4h0117_WYG_227-9a
231.md	139	KR4h0117_WYG_227-9b
232.md	3	KR4h0117_WYG_228-1a
232.md	11	KR4h0117_WYG_228-1b
232.md	19	KR4h0117_WYG_228-2a
232.md	27	KR4h0117_WYG_228-2b
232.md	35	KR4h0117_WYG_228-3a
232.md	43	KR4h0117_WYG_228-3b
232.md	51	KR4h0117_WYG_228-4a
232.md	59	KR4h0117_WYG_228-4b
232.md	67	KR4h0117_WYG_228-5a
232.md	75	KR4h0117_WYG_228-5b
232.md	83	KR4h0117_WYG_228-6a
232.md	91	KR4h0117_WYG_228-6b
232.md	99	KR4h0117_WYG_228-7a
232.md	107	KR4h0117_WYG_228-7b
233.md	3	KR4h0117_WYG_229-1a
233.md	11	KR4h0117_WYG_229-1b
233.md	19	KR4h0117_WYG_229-2a
233.md	27	KR4h0117_WYG_229-2b
233.md	35	KR4h0117_WYG_229-3a
233.md	43	KR4h0117_WYG_229-3b
233.md	51	KR4h0117_WYG_229-4a
233.md	59	KR4h0117_WYG_229-4b
233.md	67	KR4h0117_WYG_229-5a
233.md	75	KR4h0117_WYG_229-5b
233.md	83	KR4h0117_WYG_229-6a
233.md	91	KR4h0117_WYG_229-6b
233.md	99	KR4h0117_WYG_229-7a
233.md	107	KR4h0117_WYG_229-7b
233.md	115	KR4h0117_WYG_229-8a
233.md	123	KR4h0117_WYG_229-8b
233.md	131	KR4h0117_WYG_229-9a
233.md	139	KR4h0117_WYG_229-9b
233.md	147	KR4h0117_WYG_229-10a
233.md	155	KR4h0117_WYG_229-10b
233.md	163	KR4h0117_WYG_229-11a
233.md	171	KR4h0117_WYG_229-11b
233.md	179	KR4h0117_WYG_229-12a
233.md	187	KR4h0117_WYG_229-12b
233.md	195	KR4h0117_WYG_229-13a
233.md	203	KR4h0117_WYG_229-13b
234.md	3	KR4h0117_WYG_230-1a
234.md	11	KR4h0117_WYG_230-1b
234.md	19	KR4h0117_WYG_230-2a
234.md	27	KR4h0117_WYG_230-2b
234.md	35	KR4h0117_WYG_230-3a
234.md	43	KR4h0117_WYG_230-3b
234.md	51	KR4h0117_WYG_230-4a
234.md	59	KR4h0117_WYG_230-4b
234.md	67	KR4h0117_WYG_230-5a
234.md	75	KR4h0117_WYG_230-5b
234.md	83	KR4h0117_WYG_230-6a
234.md	91	KR4h0117_WYG_230-6b
234.md	99	KR4h0117_WYG_230-7a
234.md	107	KR4h0117_WYG_230-7b
234.md	115	KR4h0117_WYG_230-8a
234.md	123	KR4h0117_WYG_230-8b
234.md	131	KR4h0117_WYG_230-9a
234.md	139	KR4h0117_WYG_230-9b
234.md	147	KR4h0117_WYG_230-10a
234.md	155	KR4h0117_WYG_230-10b
234.md	163	KR4h0117_WYG_230-11a
234.md	171	KR4h0117_WYG_230-11b
234.md	179	KR4h0117_WYG_230-12a
234.md	187	KR4h0117_WYG_230-12b
234.md	195	KR4h0117_WYG_230-13a
234.md	203	KR4h0117_WYG_230-13b
234.md	211	KR4h0117_WYG_230-14a
234.md	219	KR4h0117_WYG_230-14b
234.md	227	KR4h0117_WYG_230-15a
234.md	235	KR4h0117_WYG_230-15b
235.md	3	KR4h0117_WYG_231-1a
235.md	11	KR4h0117_WYG_231-1b
235.md	19	KR4h0117_WYG_231-2a
235.md	27	KR4h0117_WYG_231-2b
235.md	35	KR4h0117_WYG_231-3a
235.md	43	KR4h0117_WYG_231-3b
235.md	51	KR4h0117_WYG_231-4a
235.md	59	KR4h0117_WYG_231-4b
235.md	67	KR4h0117_WYG_231-5a
235.md	75	KR4h0117_WYG_231-5b
235.md	83	KR4h0117_WYG_231-6a
235.md	91	KR4h0117_WYG_231-6b
235.md	99	KR4h0117_WYG_231-7a
235.md	107	KR4h0117_WYG_231-7b
235.md	115	KR4h0117_WYG_231-8a
235.md	123	KR4h0117_WYG_231-8b
235.md	131	KR4h0117_WYG_231-9a
235.md	139	KR4h0117_WYG_231-9b
235.md	147	KR4h0117_WYG_231-10a
235.md	155	KR4h0117_WYG_231-10b
235.md	163	KR4h0117_WYG_231-11a
235.md	171	KR4h0117_WYG_231-11b
235.md	179	KR4h0117_WYG_231-12a
235.md	187	KR4h0117_WYG_231-12b
235.md	195	KR4h0117_WYG_231-13a
235.md	203	KR4h0117_WYG_231-13b
235.md	211	KR4h0117_WYG_231-14a
235.md	219	KR4h0117_WYG_231-14b
235.md	227	KR4h0117_WYG_231-15a
235.md	235	KR4h0117_WYG_231-15b
235.md	243	KR4h0117_WYG_231-16a
235.md	251	KR4h0117_WYG_231-16b
235.md	259	KR4h0117_WYG_231-17a
235.md	267	KR4h0117_WYG_231-17b
235.md	275	KR4h0117_WYG_231-18a
235.md	283	KR4h0117_WYG_231-18b
235.md	291	KR4h0117_WYG_231-19a
235.md	299	KR4h0117_WYG_231-19b
235.md	307	KR4h0117_WYG_231-20a
235.md	315	KR4h0117_WYG_231-20b
235.md	323	KR4h0117_WYG_231-21a
235.md	331	KR4h0117_WYG_231-21b
235.md	339	KR4h0117_WYG_231-22a
235.md	347	KR4h0117_WYG_231-22b
235.md	355	KR4h0117_WYG_231-23a
235.md	363	KR4h0117_WYG_231-23b
235.md	371	KR4h0117_WYG_231-24a
235.md	379	KR4h0117_WYG_231-24b
235.md	387	KR4h0117_WYG_231-25a
235.md	395	KR4h0117_WYG_231-25b
236.md	3	KR4h0117_WYG_232-1a
236.md	11	KR4h0117_WYG_232-1b
236.md	19	KR4h0117_WYG_232-2a
236.md	27	KR4h0117_WYG_232-2b
236.md	35	KR4h0117_WYG_232-3a
236.md	43	KR4h0117_WYG_232-3b
236.md	51	KR4h0117_WYG_232-4a
236.md	59	KR4h0117_WYG_232-4b
236.md	67	KR4h0117_WYG_232-5a
236.md	75	KR4h0117_WYG_232-5b
236.md	83	KR4h0117_WYG_232-6a
236.md	91	KR4h0117_WYG_232-6b
236.md	99	KR4h0117_WYG_232-7a
236.md	107	KR4h0117_WYG_232-7b
236.md	115	KR4h0117_WYG_232-8a
236.md	123	KR4h0117_WYG_232-8b
236.md	131	KR4h0117_WYG_232-9a
236.md	139	KR4h0117_WYG_232-9b
236.md	147	KR4h0117_WYG_232-10a
236.md	155	KR4h0117_WYG_232-10b
236.md	163	KR4h0117_WYG_232-11a
236.md	171	KR4h0117_WYG_232-11b
236.md	179	KR4h0117_WYG_232-12a
236.md	187	KR4h0117_WYG_232-12b
236.md	195	KR4h0117_WYG_232-13a
236.md	203	KR4h0117_WYG_232-13b
237.md	3	KR4h0117_WYG_233-1a
237.md	11	KR4h0117_WYG_233-1b
237.md	19	KR4h0117_WYG_233-2a
237.md	27	KR4h0117_WYG_233-2b
237.md	35	KR4h0117_WYG_233-3a
237.md	43	KR4h0117_WYG_233-3b
237.md	51	KR4h0117_WYG_233-4a
237.md	59	KR4h0117_WYG_233-4b
237.md	67	KR4h0117_WYG_233-5a
237.md	75	KR4h0117_WYG_233-5b
237.md	83	KR4h0117_WYG_233-6a
237.md	91	KR4h0117_WYG_233-6b
237.md	99	KR4h0117_WYG_233-7a
237.md	107	KR4h0117_WYG_233-7b
237.md	115	KR4h0117_WYG_233-8a
237.md	123	KR4h0117_WYG_233-8b
237.md	131	KR4h0117_WYG_233-9a
237.md	139	KR4h0117_WYG_233-9b
237.md	147	KR4h0117_WYG_233-10a
237.md	155	KR4h0117_WYG_233-10b
237.md	163	KR4h0117_WYG_233-11a
237.md	171	KR4h0117_WYG_233-11b
237.md	179	KR4h0117_WYG_233-12a
237.md	187	KR4h0117_WYG_233-12b
237.md	195	KR4h0117_WYG_233-13a
237.md	203	KR4h0117_WYG_233-13b
237.md	211	KR4h0117_WYG_233-14a
237.md	219	KR4h0117_WYG_233-14b
237.md	227	KR4h0117_WYG_233-15a
237.md	235	KR4h0117_WYG_233-15b
237.md	243	KR4h0117_WYG_233-16a
237.md	251	KR4h0117_WYG_233-16b
237.md	259	KR4h0117_WYG_233-17a
237.md	267	KR4h0117_WYG_233-17b
237.md	275	KR4h0117_WYG_233-18a
237.md	283	KR4h0117_WYG_233-18b
238.md	3	KR4h0117_WYG_234-1a
238.md	11	KR4h0117_WYG_234-1b
238.md	19	KR4h0117_WYG_234-2a
238.md	27	KR4h0117_WYG_234-2b
238.md	35	KR4h0117_WYG_234-3a
238.md	43	KR4h0117_WYG_234-3b
238.md	51	KR4h0117_WYG_234-4a
238.md	59	KR4h0117_WYG_234-4b
238.md	67	KR4h0117_WYG_234-5a
238.md	75	KR4h0117_WYG_234-5b
238.md	83	KR4h0117_WYG_234-6a
238.md	91	KR4h0117_WYG_234-6b
238.md	99	KR4h0117_WYG_234-7a
238.md	107	KR4h0117_WYG_234-7b
238.md	115	KR4h0117_WYG_234-8a
238.md	123	KR4h0117_WYG_234-8b
238.md	131	KR4h0117_WYG_234-9a
238.md	139	KR4h0117_WYG_234-9b
239.md	3	KR4h0117_WYG_235-1a
239.md	11	KR4h0117_WYG_235-1b
239.md	19	KR4h0117_WYG_235-2a
239.md	27	KR4h0117_WYG_235-2b
239.md	35	KR4h0117_WYG_235-3a
239.md	43	KR4h0117_WYG_235-3b
239.md	51	KR4h0117_WYG_235-4a
239.md	59	KR4h0117_WYG_235-4b
239.md	67	KR4h0117_WYG_235-5a
239.md	75	KR4h0117_WYG_235-5b
239.md	83	KR4h0117_WYG_235-6a
239.md	91	KR4h0117_WYG_235-6b
239.md	99	KR4h0117_WYG_235-7a
239.md	107	KR4h0117_WYG_235-7b
239.md	115	KR4h0117_WYG_235-8a
239.md	123	KR4h0117_WYG_235-8b
239.md	131	KR4h0117_WYG_235-9a
239.md	139	KR4h0117_WYG_235-9b
239.md	147	KR4h0117_WYG_235-10a
239.md	155	KR4h0117_WYG_235-10b
239.md	163	KR4h0117_WYG_235-11a
239.md	171	KR4h0117_WYG_235-11b
239.md	179	KR4h0117_WYG_235-12a
239.md	187	KR4h0117_WYG_235-12b
239.md	195	KR4h0117_WYG_235-13a
239.md	203	KR4h0117_WYG_235-13b
239.md	211	KR4h0117_WYG_235-14a
239.md	219	KR4h0117_WYG_235-14b
239.md	227	KR4h0117_WYG_235-15a
239.md	235	KR4h0117_WYG_235-15b
239.md	243	KR4h0117_WYG_235-16a
239.md	251	KR4h0117_WYG_235-16b
239.md	259	KR4h0117_WYG_235-17a
239.md	267	KR4h0117_WYG_235-17b
239.md	275	KR4h0117_WYG_235-18a
239.md	283	KR4h0117_WYG_235-18b
239.md	291	KR4h0117_WYG_235-19a
239.md	299	KR4h0117_WYG_235-19b
239.md	307	KR4h0117_WYG_235-20a
239.md	315	KR4h0117_WYG_235-20b
239.md	323	KR4h0117_WYG_235-21a
239.md	331	KR4h0117_WYG_235-21b
239.md	339	KR4h0117_WYG_235-22a
239.md	347	KR4h0117_WYG_235-22b
239.md	355	KR4h0117_WYG_235-23a
239.md	363	KR4h0117_WYG_235-23b
239.md	371	KR4h0117_WYG_235-24a
239.md	379	KR4h0117_WYG_235-24b
239.md	387	KR4h0117_WYG_235-25a
239.md	395	KR4h0117_WYG_235-25b
239.md	403	KR4h0117_WYG_235-26a
239.md	411	KR4h0117_WYG_235-26b
240.md	3	KR4h0117_WYG_236-1a
240.md	11	KR4h0117_WYG_236-1b
240.md	19	KR4h0117_WYG_236-2a
240.md	27	KR4h0117_WYG_236-2b
240.md	35	KR4h0117_WYG_236-3a
240.md	43	KR4h0117_WYG_236-3b
240.md	51	KR4h0117_WYG_236-4a
240.md	59	KR4h0117_WYG_236-4b
240.md	67	KR4h0117_WYG_236-5a
240.md	75	KR4h0117_WYG_236-5b
240.md	83	KR4h0117_WYG_236-6a
240.md	91	KR4h0117_WYG_236-6b
240.md	99	KR4h0117_WYG_236-7a
240.md	107	KR4h0117_WYG_236-7b
240.md	115	KR4h0117_WYG_236-8a
240.md	123	KR4h0117_WYG_236-8b
240.md	131	KR4h0117_WYG_236-9a
240.md	139	KR4h0117_WYG_236-9b
240.md	147	KR4h0117_WYG_236-10a
240.md	155	KR4h0117_WYG_236-10b
240.md	163	KR4h0117_WYG_236-11a
240.md	171	KR4h0117_WYG_236-11b
241.md	3	KR4h0117_WYG_237-1a
241.md	11	KR4h0117_WYG_237-1b
241.md	19	KR4h0117_WYG_237-2a
241.md	27	KR4h0117_WYG_237-2b
241.md	35	KR4h0117_WYG_237-3a
241.md	43	KR4h0117_WYG_237-3b
241.md	51	KR4h0117_WYG_237-4a
241.md	59	KR4h0117_WYG_237-4b
241.md	67	KR4h0117_WYG_237-5a
241.md	75	KR4h0117_WYG_237-5b
241.md	83	KR4h0117_WYG_237-6a
241.md	91	KR4h0117_WYG_237-6b
241.md	99	KR4h0117_WYG_237-7a
241.md	107	KR4h0117_WYG_237-7b
241.md	115	KR4h0117_WYG_237-8a
241.md	123	KR4h0117_WYG_237-8b
241.md	131	KR4h0117_WYG_237-9a
241.md	139	KR4h0117_WYG_237-9b
241.md	147	KR4h0117_WYG_237-10a
241.md	155	KR4h0117_WYG_237-10b
242.md	3	KR4h0117_WYG_237-11a
242.md	11	KR4h0117_WYG_237-11b
242.md	19	KR4h0117_WYG_237-12a
242.md	27	KR4h0117_WYG_237-12b
242.md	35	KR4h0117_WYG_237-13a
242.md	43	KR4h0117_WYG_237-13b
242.md	51	KR4h0117_WYG_237-14a
242.md	59	KR4h0117_WYG_237-14b
242.md	67	KR4h0117_WYG_237-15a
242.md	75	KR4h0117_WYG_237-15b
242.md	83	KR4h0117_WYG_237-16a
242.md	91	KR4h0117_WYG_237-16b
242.md	99	KR4h0117_WYG_237-17a
242.md	107	KR4h0117_WYG_237-17b
242.md	115	KR4h0117_WYG_237-18a
242.md	123	KR4h0117_WYG_237-18b
242.md	131	KR4h0117_WYG_237-19a
242.md	139	KR4h0117_WYG_237-19b
242.md	147	KR4h0117_WYG_237-20a
242.md	155	KR4h0117_WYG_237-20b
242.md	163	KR4h0117_WYG_237-21a
242.md	171	KR4h0117_WYG_237-21b
242.md	179	KR4h0117_WYG_237-22a
242.md	187	KR4h0117_WYG_237-22b
242.md	195	KR4h0117_WYG_237-23a
242.md	203	KR4h0117_WYG_237-23b
242.md	211	KR4h0117_WYG_237-24a
242.md	219	KR4h0117_WYG_237-24b
242.md	227	KR4h0117_WYG_237-25a
242.md	235	KR4h0117_WYG_237-25b
242.md	243	KR4h0117_WYG_237-26a
242.md	251	KR4h0117_WYG_237-26b
242.md	259	KR4h0117_WYG_237-27a
242.md	267	KR4h0117_WYG_237-27b
242.md	275	KR4h0117_WYG_237-28a
242.md	283	KR4h0117_WYG_237-28b
242.md	291	KR4h0117_WYG_237-29a
242.md	299	KR4h0117_WYG_237-29b
243.md	3	KR4h0117_WYG_238-1a
243.md	11	KR4h0117_WYG_238-1b
243.md	19	KR4h0117_WYG_238-2a
243.md	27	KR4h0117_WYG_238-2b
243.md	35	KR4h0117_WYG_238-3a
243.md	43	KR4h0117_WYG_238-3b
243.md	51	KR4h0117_WYG_238-4a
243.md	59	KR4h0117_WYG_238-4b
243.md	67	KR4h0117_WYG_238-5a
243.md	75	KR4h0117_WYG_238-5b
243.md	83	KR4h0117_WYG_238-6a
243.md	91	KR4h0117_WYG_238-6b
243.md	99	KR4h0117_WYG_238-7a
243.md	107	KR4h0117_WYG_238-7b
243.md	115	KR4h0117_WYG_238-8a
243.md	123	KR4h0117_WYG_238-8b
243.md	131	KR4h0117_WYG_238-9a
243.md	139	KR4h0117_WYG_238-9b
243.md	147	KR4h0117_WYG_238-10a
243.md	155	KR4h0117_WYG_238-10b
243.md	163	KR4h0117_WYG_238-11a
243.md	171	KR4h0117_WYG_238-11b
243.md	179	KR4h0117_WYG_238-12a
243.md	187	KR4h0117_WYG_238-12b
243.md	195	KR4h0117_WYG_238-13a
243.md	203	KR4h0117_WYG_238-13b
243.md	211	KR4h0117_WYG_238-14a
243.md	219	KR4h0117_WYG_238-14b
243.md	227	KR4h0117_WYG_238-15a
243.md	235	KR4h0117_WYG_238-15b
243.md	243	KR4h0117_WYG_238-16a
243.md	251	KR4h0117_WYG_238-16b
243.md	259	KR4h0117_WYG_238-17a
243.md	267	KR4h0117_WYG_238-17b
243.md	275	KR4h0117_WYG_238-18a
243.md	283	KR4h0117_WYG_238-18b
243.md	291	KR4h0117_WYG_238-19a
243.md	299	KR4h0117_WYG_238-19b
243.md	307	KR4h0117_WYG_238-20a
243.md	315	KR4h0117_WYG_238-20b
243.md	323	KR4h0117_WYG_238-21a
243.md	331	KR4h0117_WYG_238-21b
243.md	339	KR4h0117_WYG_238-22a
243.md	347	KR4h0117_WYG_238-22b
243.md	355	KR4h0117_WYG_238-23a
243.md	363	KR4h0117_WYG_238-23b
243.md	371	KR4h0117_WYG_238-24a
243.md	379	KR4h0117_WYG_238-24b
243.md	387	KR4h0117_WYG_238-25a
243.md	395	KR4h0117_WYG_238-25b
243.md	403	KR4h0117_WYG_238-26a
243.md	411	KR4h0117_WYG_238-26b
244.md	3	KR4h0117_WYG_239-1a
244.md	11	KR4h0117_WYG_239-1b
244.md	19	KR4h0117_WYG_239-2a
244.md	27	KR4h0117_WYG_239-2b
244.md	35	KR4h0117_WYG_239-3a
244.md	43	KR4h0117_WYG_239-3b
244.md	51	KR4h0117_WYG_239-4a
244.md	59	KR4h0117_WYG_239-4b
244.md	67	KR4h0117_WYG_239-5a
244.md	75	KR4h0117_WYG_239-5b
244.md	83	KR4h0117_WYG_239-6a
244.md	91	KR4h0117_WYG_239-6b
244.md	99	KR4h0117_WYG_239-7a
244.md	107	KR4h0117_WYG_239-7b
244.md	115	KR4h0117_WYG_239-8a
244.md	123	KR4h0117_WYG_239-8b
244.md	131	KR4h0117_WYG_239-9a
244.md	139	KR4h0117_WYG_239-9b
244.md	147	KR4h0117_WYG_239-10a
244.md	155	KR4h0117_WYG_239-10b
244.md	163	KR4h0117_WYG_239-11a
244.md	171	KR4h0117_WYG_239-11b
244.md	179	KR4h0117_WYG_239-12a
244.md	187	KR4h0117_WYG_239-12b
244.md	195	KR4h0117_WYG_239-13a
244.md	203	KR4h0117_WYG_239-13b
244.md	211	KR4h0117_WYG_239-14a
244.md	219	KR4h0117_WYG_239-14b
244.md	227	KR4h0117_WYG_239-15a
244.md	235	KR4h0117_WYG_239-15b
244.md	243	KR4h0117_WYG_239-16a
244.md	251	KR4h0117_WYG_239-16b
244.md	259	KR4h0117_WYG_239-17a
244.md	267	KR4h0117_WYG_239-17b
244.md	275	KR4h0117_WYG_239-18a
244.md	283	KR4h0117_WYG_239-18b
245.md	3	KR4h0117_WYG_240-1a
245.md	11	KR4h0117_WYG_240-1b
245.md	19	KR4h0117_WYG_240-2a
245.md	27	KR4h0117_WYG_240-2b
245.md	35	KR4h0117_WYG_240-3a
245.md	43	KR4h0117_WYG_240-3b
245.md	51	KR4h0117_WYG_240-4a
245.md	59	KR4h0117_WYG_240-4b
245.md	67	KR4h0117_WYG_240-5a
245.md	75	KR4h0117_WYG_240-5b
245.md	83	KR4h0117_WYG_240-6a
245.md	91	KR4h0117_WYG_240-6b
245.md	99	KR4h0117_WYG_240-7a
245.md	107	KR4h0117_WYG_240-7b
245.md	115	KR4h0117_WYG_240-8a
245.md	123	KR4h0117_WYG_240-8b
245.md	131	KR4h0117_WYG_240-9a
245.md	139	KR4h0117_WYG_240-9b
245.md	147	KR4h0117_WYG_240-10a
245.md	155	KR4h0117_WYG_240-10b
245.md	163	KR4h0117_WYG_240-11a
245.md	171	KR4h0117_WYG_240-11b
245.md	179	KR4h0117_WYG_240-12a
245.md	187	KR4h0117_WYG_240-12b
245.md	195	KR4h0117_WYG_240-13a
245.md	203	KR4h0117_WYG_240-13b
245.md	211	KR4h0117_WYG_240-14a
245.md	219	KR4h0117_WYG_240-14b
245.md	227	KR4h0117_WYG_240-15a
245.md	235	KR4h0117_WYG_240-15b
245.md	243	KR4h0117_WYG_240-16a
245.md	251	KR4h0117_WYG_240-16b
245.md	259	KR4h0117_WYG_240-17a
245.md	267	KR4h0117_WYG_240-17b
245.md	275	KR4h0117_WYG_240-18a
245.md	283	KR4h0117_WYG_240-18b
245.md	291	KR4h0117_WYG_240-19a
245.md	299	KR4h0117_WYG_240-19b
245.md	307	KR4h0117_WYG_240-20a
245.md	315	KR4h0117_WYG_240-20b
245.md	323	KR4h0117_WYG_240-21a
245.md	331	KR4h0117_WYG_240-21b
245.md	339	KR4h0117_WYG_240-22a
245.md	347	KR4h0117_WYG_240-22b
245.md	355	KR4h0117_WYG_240-23a
245.md	363	KR4h0117_WYG_240-23b
245.md	371	KR4h0117_WYG_240-24a
245.md	379	KR4h0117_WYG_240-24b
245.md	387	KR4h0117_WYG_240-25a
245.md	395	KR4h0117_WYG_240-25b
245.md	403	KR4h0117_WYG_240-26a
245.md	411	KR4h0117_WYG_240-26b
245.md	419	KR4h0117_WYG_240-27a
245.md	427	KR4h0117_WYG_240-27b
245.md	435	KR4h0117_WYG_240-28a
245.md	443	KR4h0117_WYG_240-28b
245.md	451	KR4h0117_WYG_240-29a
245.md	459	KR4h0117_WYG_240-29b
245.md	467	KR4h0117_WYG_240-30a
245.md	475	KR4h0117_WYG_240-30b
245.md	483	KR4h0117_WYG_240-31a
245.md	491	KR4h0117_WYG_240-31b
245.md	499	KR4h0117_WYG_240-32a
245.md	507	KR4h0117_WYG_240-32b
245.md	515	KR4h0117_WYG_240-33a
245.md	523	KR4h0117_WYG_240-33b
245.md	531	KR4h0117_WYG_240-34a
245.md	539	KR4h0117_WYG_240-34b
245.md	547	KR4h0117_WYG_240-35a
245.md	555	KR4h0117_WYG_240-35b
245.md	563	KR4h0117_WYG_240-36a
245.md	571	KR4h0117_WYG_240-36b
245.md	579	KR4h0117_WYG_240-37a
245.md	587	KR4h0117_WYG_240-37b
245.md	595	KR4h0117_WYG_240-38a
245.md	603	KR4h0117_WYG_240-38b
245.md	611	KR4h0117_WYG_240-39a
245.md	619	KR4h0117_WYG_240-39b
245.md	627	KR4h0117_WYG_240-40a
245.md	635	KR4h0117_WYG_240-40b
245.md	643	KR4h0117_WYG_240-41a
245.md	651	KR4h0117_WYG_240-41b
245.md	659	KR4h0117_WYG_240-42a
245.md	667	KR4h0117_WYG_240-42b
245.md	675	KR4h0117_WYG_240-43a
245.md	683	KR4h0117_WYG_240-43b
245.md	691	KR4h0117_WYG_240-44a
245.md	699	KR4h0117_WYG_240-44b
245.md	707	KR4h0117_WYG_240-45a
245.md	715	KR4h0117_WYG_240-45b
245.md	723	KR4h0117_WYG_240-46a
245.md	731	KR4h0117_WYG_240-46b
245.md	739	KR4h0117_WYG_240-47a
245.md	747	KR4h0117_WYG_240-47b
245.md	755	KR4h0117_WYG_240-48a
245.md	763	KR4h0117_WYG_240-48b
246.md	3	KR4h0117_WYG_241-1a
246.md	11	KR4h0117_WYG_241-1b
246.md	19	KR4h0117_WYG_241-2a
246.md	27	KR4h0117_WYG_241-2b
246.md	35	KR4h0117_WYG_241-3a
246.md	43	KR4h0117_WYG_241-3b
246.md	51	KR4h0117_WYG_241-4a
246.md	59	KR4h0117_WYG_241-4b
246.md	67	KR4h0117_WYG_241-5a
246.md	75	KR4h0117_WYG_241-5b
246.md	83	KR4h0117_WYG_241-6a
246.md	91	KR4h0117_WYG_241-6b
246.md	99	KR4h0117_WYG_241-7a
246.md	107	KR4h0117_WYG_241-7b
246.md	115	KR4h0117_WYG_241-8a
246.md	123	KR4h0117_WYG_241-8b
246.md	131	KR4h0117_WYG_241-9a
246.md	139	KR4h0117_WYG_241-9b
246.md	147	KR4h0117_WYG_241-10a
246.md	155	KR4h0117_WYG_241-10b
246.md	163	KR4h0117_WYG_241-11a
246.md	171	KR4h0117_WYG_241-11b
246.md	179	KR4h0117_WYG_241-12a
246.md	187	KR4h0117_WYG_241-12b
246.md	195	KR4h0117_WYG_241-13a
246.md	203	KR4h0117_WYG_241-13b
247.md	3	KR4h0117_WYG_242-1a
247.md	11	KR4h0117_WYG_242-1b
247.md	19	KR4h0117_WYG_242-2a
247.md	27	KR4h0117_WYG_242-2b
247.md	35	KR4h0117_WYG_242-3a
247.md	43	KR4h0117_WYG_242-3b
247.md	51	KR4h0117_WYG_242-4a
247.md	59	KR4h0117_WYG_242-4b
247.md	67	KR4h0117_WYG_242-5a
247.md	75	KR4h0117_WYG_242-5b
247.md	83	KR4h0117_WYG_242-6a
247.md	91	KR4h0117_WYG_242-6b
247.md	99	KR4h0117_WYG_242-7a
247.md	107	KR4h0117_WYG_242-7b
247.md	115	KR4h0117_WYG_242-8a
247.md	123	KR4h0117_WYG_242-8b
247.md	131	KR4h0117_WYG_242-9a
247.md	139	KR4h0117_WYG_242-9b
247.md	147	KR4h0117_WYG_242-10a
247.md	155	KR4h0117_WYG_242-10b
247.md	163	KR4h0117_WYG_242-11a
247.md	171	KR4h0117_WYG_242-11b
247.md	179	KR4h0117_WYG_242-12a
247.md	187	KR4h0117_WYG_242-12b
247.md	195	KR4h0117_WYG_242-13a
247.md	203	KR4h0117_WYG_242-13b
247.md	211	KR4h0117_WYG_242-14a
247.md	219	KR4h0117_WYG_242-14b
247.md	227	KR4h0117_WYG_242-15a
247.md	235	KR4h0117_WYG_242-15b
247.md	243	KR4h0117_WYG_242-16a
247.md	251	KR4h0117_WYG_242-16b
247.md	259	KR4h0117_WYG_242-17a
247.md	267	KR4h0117_WYG_242-17b
247.md	275	KR4h0117_WYG_242-18a
247.md	283	KR4h0117_WYG_242-18b
247.md	291	KR4h0117_WYG_242-19a
247.md	299	KR4h0117_WYG_242-19b
247.md	307	KR4h0117_WYG_242-20a
247.md	315	KR4h0117_WYG_242-20b
247.md	323	KR4h0117_WYG_242-21a
247.md	331	KR4h0117_WYG_242-21b
247.md	339	KR4h0117_WYG_242-22a
247.md	347	KR4h0117_WYG_242-22b
247.md	355	KR4h0117_WYG_242-23a
247.md	363	KR4h0117_WYG_242-23b
247.md	371	KR4h0117_WYG_242-24a
247.md	379	KR4h0117_WYG_242-24b
247.md	387	KR4h0117_WYG_242-25a
247.md	395	KR4h0117_WYG_242-25b
247.md	403	KR4h0117_WYG_242-26a
247.md	411	KR4h0117_WYG_242-26b
247.md	419	KR4h0117_WYG_242-27a
247.md	427	KR4h0117_WYG_242-27b
247.md	435	KR4h0117_WYG_242-28a
247.md	443	KR4h0117_WYG_242-28b
247.md	451	KR4h0117_WYG_242-29a
247.md	459	KR4h0117_WYG_242-29b
247.md	467	KR4h0117_WYG_242-30a
247.md	475	KR4h0117_WYG_242-30b
247.md	483	KR4h0117_WYG_242-31a
247.md	491	KR4h0117_WYG_242-31b
247.md	499	KR4h0117_WYG_242-32a
247.md	507	KR4h0117_WYG_242-32b
247.md	515	KR4h0117_WYG_242-33a
247.md	523	KR4h0117_WYG_242-33b
247.md	531	KR4h0117_WYG_242-34a
247.md	539	KR4h0117_WYG_242-34b
248.md	3	KR4h0117_WYG_243-1a
248.md	11	KR4h0117_WYG_243-1b
248.md	19	KR4h0117_WYG_243-2a
248.md	27	KR4h0117_WYG_243-2b
248.md	35	KR4h0117_WYG_243-3a
248.md	43	KR4h0117_WYG_243-3b
248.md	51	KR4h0117_WYG_243-4a
248.md	59	KR4h0117_WYG_243-4b
248.md	67	KR4h0117_WYG_243-5a
248.md	75	KR4h0117_WYG_243-5b
248.md	83	KR4h0117_WYG_243-6a
248.md	91	KR4h0117_WYG_243-6b
248.md	99	KR4h0117_WYG_243-7a
248.md	107	KR4h0117_WYG_243-7b
248.md	115	KR4h0117_WYG_243-8a
248.md	123	KR4h0117_WYG_243-8b
248.md	131	KR4h0117_WYG_243-9a
248.md	139	KR4h0117_WYG_243-9b
248.md	147	KR4h0117_WYG_243-10a
248.md	155	KR4h0117_WYG_243-10b
248.md	163	KR4h0117_WYG_243-11a
248.md	171	KR4h0117_WYG_243-11b
248.md	179	KR4h0117_WYG_243-12a
248.md	187	KR4h0117_WYG_243-12b
248.md	195	KR4h0117_WYG_243-13a
248.md	203	KR4h0117_WYG_243-13b
248.md	211	KR4h0117_WYG_243-14a
248.md	219	KR4h0117_WYG_243-14b
248.md	227	KR4h0117_WYG_243-15a
248.md	235	KR4h0117_WYG_243-15b
249.md	3	KR4h0117_WYG_244-1a
249.md	11	KR4h0117_WYG_244-1b
249.md	19	KR4h0117_WYG_244-2a
249.md	27	KR4h0117_WYG_244-2b
249.md	35	KR4h0117_WYG_244-3a
249.md	43	KR4h0117_WYG_244-3b
249.md	51	KR4h0117_WYG_244-4a
249.md	59	KR4h0117_WYG_244-4b
249.md	67	KR4h0117_WYG_244-5a
249.md	75	KR4h0117_WYG_244-5b
249.md	83	KR4h0117_WYG_244-6a
249.md	91	KR4h0117_WYG_244-6b
249.md	99	KR4h0117_WYG_244-7a
249.md	107	KR4h0117_WYG_244-7b
249.md	115	KR4h0117_WYG_244-8a
249.md	123	KR4h0117_WYG_244-8b
249.md	131	KR4h0117_WYG_244-9a
249.md	139	KR4h0117_WYG_244-9b
249.md	147	KR4h0117_WYG_244-10a
249.md	155	KR4h0117_WYG_244-10b
249.md	163	KR4h0117_WYG_244-11a
249.md	171	KR4h0117_WYG_244-11b
249.md	179	KR4h0117_WYG_244-12a
249.md	187	KR4h0117_WYG_244-12b
249.md	195	KR4h0117_WYG_244-13a
249.md	203	KR4h0117_WYG_244-13b
249.md	211	KR4h0117_WYG_244-14a
249.md	219	KR4h0117_WYG_244-14b
249.md	227	KR4h0117_WYG_244-15a
249.md	235	KR4h0117_WYG_244-15b
249.md	243	KR4h0117_WYG_244-16a
249.md	251	KR4h0117_WYG_244-16b
249.md	259	KR4h0117_WYG_244-17a
249.md	267	KR4h0117_WYG_244-17b
249.md	275	KR4h0117_WYG_244-18a
249.md	283	KR4h0117_WYG_244-18b
249.md	291	KR4h0117_WYG_244-19a
249.md	299	KR4h0117_WYG_244-19b
249.md	307	KR4h0117_WYG_244-20a
249.md	315	KR4h0117_WYG_244-20b
249.md	323	KR4h0117_WYG_244-21a
249.md	331	KR4h0117_WYG_244-21b
249.md	339	KR4h0117_WYG_244-22a
249.md	347	KR4h0117_WYG_244-22b
249.md	355	KR4h0117_WYG_244-23a
249.md	363	KR4h0117_WYG_244-23b
249.md	371	KR4h0117_WYG_244-24a
249.md	379	KR4h0117_WYG_244-24b
249.md	387	KR4h0117_WYG_244-25a
249.md	395	KR4h0117_WYG_244-25b
249.md	403	KR4h0117_WYG_244-26a
249.md	411	KR4h0117_WYG_244-26b
249.md	419	KR4h0117_WYG_244-27a
249.md	427	KR4h0117_WYG_244-27b
249.md	435	KR4h0117_WYG_244-28a
249.md	443	KR4h0117_WYG_244-28b
249.md	451	KR4h0117_WYG_244-29a
249.md	459	KR4h0117_WYG_244-29b
249.md	467	KR4h0117_WYG_244-30a
249.md	475	KR4h0117_WYG_244-30b
249.md	483	KR4h0117_WYG_244-31a
249.md	491	KR4h0117_WYG_244-31b
250.md	3	KR4h0117_WYG_245-1a
250.md	11	KR4h0117_WYG_245-1b
250.md	19	KR4h0117_WYG_245-2a
250.md	27	KR4h0117_WYG_245-2b
250.md	35	KR4h0117_WYG_245-3a
250.md	43	KR4h0117_WYG_245-3b
250.md	51	KR4h0117_WYG_245-4a
250.md	59	KR4h0117_WYG_245-4b
250.md	67	KR4h0117_WYG_245-5a
250.md	75	KR4h0117_WYG_245-5b
250.md	83	KR4h0117_WYG_245-6a
250.md	91	KR4h0117_WYG_245-6b
251.md	3	KR4h0117_WYG_246-1a
251.md	11	KR4h0117_WYG_246-1b
251.md	19	KR4h0117_WYG_246-2a
251.md	27	KR4h0117_WYG_246-2b
251.md	35	KR4h0117_WYG_246-3a
251.md	43	KR4h0117_WYG_246-3b
251.md	51	KR4h0117_WYG_246-4a
251.md	59	KR4h0117_WYG_246-4b
251.md	67	KR4h0117_WYG_246-5a
251.md	75	KR4h0117_WYG_246-5b
251.md	83	KR4h0117_WYG_246-6a
251.md	91	KR4h0117_WYG_246-6b
251.md	99	KR4h0117_WYG_246-7a
251.md	107	KR4h0117_WYG_246-7b
251.md	115	KR4h0117_WYG_246-8a
251.md	123	KR4h0117_WYG_246-8b
251.md	131	KR4h0117_WYG_246-9a
251.md	139	KR4h0117_WYG_246-9b
251.md	147	KR4h0117_WYG_246-10a
251.md	155	KR4h0117_WYG_246-10b
251.md	163	KR4h0117_WYG_246-11a
251.md	171	KR4h0117_WYG_246-11b
251.md	179	KR4h0117_WYG_246-12a
251.md	187	KR4h0117_WYG_246-12b
251.md	195	KR4h0117_WYG_246-13a
251.md	203	KR4h0117_WYG_246-13b
251.md	211	KR4h0117_WYG_246-14a
251.md	219	KR4h0117_WYG_246-14b
251.md	227	KR4h0117_WYG_246-15a
251.md	235	KR4h0117_WYG_246-15b
251.md	243	KR4h0117_WYG_246-16a
251.md	251	KR4h0117_WYG_246-16b
252.md	3	KR4h0117_WYG_247-1a
252.md	11	KR4h0117_WYG_247-1b
252.md	19	KR4h0117_WYG_247-2a
252.md	27	KR4h0117_WYG_247-2b
252.md	35	KR4h0117_WYG_247-3a
252.md	43	KR4h0117_WYG_247-3b
252.md	51	KR4h0117_WYG_247-4a
252.md	59	KR4h0117_WYG_247-4b
252.md	67	KR4h0117_WYG_247-5a
252.md	75	KR4h0117_WYG_247-5b
252.md	83	KR4h0117_WYG_247-6a
252.md	91	KR4h0117_WYG_247-6b
252.md	99	KR4h0117_WYG_247-7a
252.md	107	KR4h0117_WYG_247-7b
252.md	115	KR4h0117_WYG_247-8a
252.md	123	KR4h0117_WYG_247-8b
252.md	131	KR4h0117_WYG_247-9a
252.md	139	KR4h0117_WYG_247-9b
252.md	147	KR4h0117_WYG_247-10a
252.md	155	KR4h0117_WYG_247-10b
252.md	163	KR4h0117_WYG_247-11a
252.md	171	KR4h0117_WYG_247-11b
252.md	179	KR4h0117_WYG_247-12a
252.md	187	KR4h0117_WYG_247-12b
252.md	195	KR4h0117_WYG_247-13a
252.md	203	KR4h0117_WYG_247-13b
252.md	211	KR4h0117_WYG_247-14a
252.md	219	KR4h0117_WYG_247-14b
252.md	227	KR4h0117_WYG_247-15a
252.md	235	KR4h0117_WYG_247-15b
252.md	243	KR4h0117_WYG_247-16a
252.md	251	KR4h0117_WYG_247-16b
252.md	259	KR4h0117_WYG_247-17a
252.md	267	KR4h0117_WYG_247-17b
252.md	275	KR4h0117_WYG_247-18a
252.md	283	KR4h0117_WYG_247-18b
252.md	291	KR4h0117_WYG_247-19a
252.md	299	KR4h0117_WYG_247-19b
252.md	307	KR4h0117_WYG_247-20a
252.md	315	KR4h0117_WYG_247-20b
252.md	323	KR4h0117_WYG_247-21a
252.md	331	KR4h0117_WYG_247-21b
252.md	339	KR4h0117_WYG_247-22a
252.md	347	KR4h0117_WYG_247-22b
252.md	355	KR4h0117_WYG_247-23a
252.md	363	KR4h0117_WYG_247-23b
252.md	371	KR4h0117_WYG_247-24a
252.md	379	KR4h0117_WYG_247-24b
252.md	387	KR4h0117_WYG_247-25a
252.md	395	KR4h0117_WYG_247-25b
252.md	403	KR4h0117_WYG_247-26a
252.md	411	KR4h0117_WYG_247-26b
252.md	419	KR4h0117_WYG_247-27a
252.md	427	KR4h0117_WYG_247-27b
252.md	435	KR4h0117_WYG_247-28a
252.md	443	KR4h0117_WYG_247-28b
252.md	451	KR4h0117_WYG_247-29a
252.md	459	KR4h0117_WYG_247-29b
252.md	467	KR4h0117_WYG_247-30a
252.md	475	KR4h0117_WYG_247-30b
252.md	483	KR4h0117_WYG_247-31a
252.md	491	KR4h0117_WYG_247-31b
252.md	499	KR4h0117_WYG_247-32a
252.md	507	KR4h0117_WYG_247-32b
252.md	515	KR4h0117_WYG_247-33a
252.md	523	KR4h0117_WYG_247-33b
252.md	531	KR4h0117_WYG_247-34a
252.md	539	KR4h0117_WYG_247-34b
252.md	547	KR4h0117_WYG_247-35a
252.md	555	KR4h0117_WYG_247-35b
252.md	563	KR4h0117_WYG_247-36a
252.md	571	KR4h0117_WYG_247-36b
253.md	3	KR4h0117_WYG_248-1a
253.md	11	KR4h0117_WYG_248-1b
253.md	19	KR4h0117_WYG_248-2a
253.md	27	KR4h0117_WYG_248-2b
253.md	35	KR4h0117_WYG_248-3a
253.md	43	KR4h0117_WYG_248-3b
253.md	51	KR4h0117_WYG_248-4a
253.md	59	KR4h0117_WYG_248-4b
253.md	67	KR4h0117_WYG_248-5a
253.md	75	KR4h0117_WYG_248-5b
253.md	83	KR4h0117_WYG_248-6a
253.md	91	KR4h0117_WYG_248-6b
253.md	99	KR4h0117_WYG_248-7a
253.md	107	KR4h0117_WYG_248-7b
253.md	115	KR4h0117_WYG_248-8a
253.md	123	KR4h0117_WYG_248-8b
254.md	3	KR4h0117_WYG_249-1a
254.md	11	KR4h0117_WYG_249-1b
254.md	19	KR4h0117_WYG_249-2a
254.md	27	KR4h0117_WYG_249-2b
254.md	35	KR4h0117_WYG_249-3a
254.md	43	KR4h0117_WYG_249-3b
254.md	51	KR4h0117_WYG_249-4a
254.md	59	KR4h0117_WYG_249-4b
254.md	67	KR4h0117_WYG_249-5a
254.md	75	KR4h0117_WYG_249-5b
254.md	83	KR4h0117_WYG_249-6a
254.md	91	KR4h0117_WYG_249-6b
254.md	99	KR4h0117_WYG_249-7a
254.md	107	KR4h0117_WYG_249-7b
254.md	115	KR4h0117_WYG_249-8a
254.md	123	KR4h0117_WYG_249-8b
254.md	131	KR4h0117_WYG_249-9a
254.md	139	KR4h0117_WYG_249-9b
254.md	147	KR4h0117_WYG_249-10a
254.md	155	KR4h0117_WYG_249-10b
254.md	163	KR4h0117_WYG_249-11a
254.md	171	KR4h0117_WYG_249-11b
254.md	179	KR4h0117_WYG_249-12a
254.md	187	KR4h0117_WYG_249-12b
254.md	195	KR4h0117_WYG_249-13a
254.md	203	KR4h0117_WYG_249-13b
254.md	211	KR4h0117_WYG_249-14a
254.md	219	KR4h0117_WYG_249-14b
254.md	227	KR4h0117_WYG_249-15a
254.md	235	KR4h0117_WYG_249-15b
254.md	243	KR4h0117_WYG_249-16a
254.md	251	KR4h0117_WYG_249-16b
254.md	259	KR4h0117_WYG_249-17a
254.md	267	KR4h0117_WYG_249-17b
254.md	275	KR4h0117_WYG_249-18a
254.md	283	KR4h0117_WYG_249-18b
254.md	291	KR4h0117_WYG_249-19a
254.md	299	KR4h0117_WYG_249-19b
254.md	307	KR4h0117_WYG_249-20a
254.md	315	KR4h0117_WYG_249-20b
254.md	323	KR4h0117_WYG_249-21a
254.md	331	KR4h0117_WYG_249-21b
255.md	3	KR4h0117_WYG_250-1a
255.md	11	KR4h0117_WYG_250-1b
255.md	19	KR4h0117_WYG_250-2a
255.md	27	KR4h0117_WYG_250-2b
255.md	35	KR4h0117_WYG_250-3a
255.md	43	KR4h0117_WYG_250-3b
255.md	51	KR4h0117_WYG_250-4a
255.md	59	KR4h0117_WYG_250-4b
255.md	67	KR4h0117_WYG_250-5a
255.md	75	KR4h0117_WYG_250-5b
255.md	83	KR4h0117_WYG_250-6a
255.md	91	KR4h0117_WYG_250-6b
255.md	99	KR4h0117_WYG_250-7a
255.md	107	KR4h0117_WYG_250-7b
255.md	115	KR4h0117_WYG_250-8a
255.md	123	KR4h0117_WYG_250-8b
255.md	131	KR4h0117_WYG_250-9a
255.md	139	KR4h0117_WYG_250-9b
255.md	147	KR4h0117_WYG_250-10a
255.md	155	KR4h0117_WYG_250-10b
255.md	163	KR4h0117_WYG_250-11a
255.md	171	KR4h0117_WYG_250-11b
255.md	179	KR4h0117_WYG_250-12a
255.md	187	KR4h0117_WYG_250-12b
255.md	195	KR4h0117_WYG_250-13a
255.md	203	KR4h0117_WYG_250-13b
255.md	211	KR4h0117_WYG_250-14a
255.md	219	KR4h0117_WYG_250-14b
255.md	227	KR4h0117_WYG_250-15a
255.md	235	KR4h0117_WYG_250-15b
255.md	243	KR4h0117_WYG_250-16a
255.md	251	KR4h0117_WYG_250-16b
255.md	259	KR4h0117_WYG_250-17a
255.md	267	KR4h0117_WYG_250-17b
255.md	275	KR4h0117_WYG_250-18a
255.md	283	KR4h0117_WYG_250-18b
255.md	291	KR4h0117_WYG_250-19a
255.md	299	KR4h0117_WYG_250-19b
255.md	307	KR4h0117_WYG_250-20a
255.md	315	KR4h0117_WYG_250-20b
255.md	323	KR4h0117_WYG_250-21a
255.md	331	KR4h0117_WYG_250-21b
255.md	339	KR4h0117_WYG_250-22a
255.md	347	KR4h0117_WYG_250-22b
255.md	355	KR4h0117_WYG_250-23a
255.md	363	KR4h0117_WYG_250-23b
255.md	371	KR4h0117_WYG_250-24a
255.md	379	KR4h0117_WYG_250-24b
256.md	3	KR4h0117_WYG_251-1a
256.md	11	KR4h0117_WYG_251-1b
256.md	19	KR4h0117_WYG_251-2a
256.md	27	KR4h0117_WYG_251-2b
256.md	35	KR4h0117_WYG_251-3a
256.md	43	KR4h0117_WYG_251-3b
256.md	51	KR4h0117_WYG_251-4a
256.md	59	KR4h0117_WYG_251-4b
256.md	67	KR4h0117_WYG_251-5a
256.md	75	KR4h0117_WYG_251-5b
256.md	83	KR4h0117_WYG_251-6a
256.md	91	KR4h0117_WYG_251-6b
256.md	99	KR4h0117_WYG_251-7a
256.md	107	KR4h0117_WYG_251-7b
256.md	115	KR4h0117_WYG_251-8a
256.md	123	KR4h0117_WYG_251-8b
256.md	131	KR4h0117_WYG_251-9a
256.md	139	KR4h0117_WYG_251-9b
256.md	147	KR4h0117_WYG_251-10a
256.md	155	KR4h0117_WYG_251-10b
256.md	163	KR4h0117_WYG_251-11a
256.md	171	KR4h0117_WYG_251-11b
256.md	179	KR4h0117_WYG_251-12a
256.md	187	KR4h0117_WYG_251-12b
256.md	195	KR4h0117_WYG_251-13a
256.md	203	KR4h0117_WYG_251-13b
256.md	211	KR4h0117_WYG_251-14a
256.md	219	KR4h0117_WYG_251-14b
256.md	227	KR4h0117_WYG_251-15a
256.md	235	KR4h0117_WYG_251-15b
256.md	243	KR4h0117_WYG_251-16a
256.md	251	KR4h0117_WYG_251-16b
256.md	259	KR4h0117_WYG_251-17a
256.md	267	KR4h0117_WYG_251-17b
256.md	275	KR4h0117_WYG_251-18a
256.md	283	KR4h0117_WYG_251-18b
256.md	291	KR4h0117_WYG_251-19a
256.md	299	KR4h0117_WYG_251-19b
257.md	3	KR4h0117_WYG_252-1a
257.md	11	KR4h0117_WYG_252-1b
257.md	19	KR4h0117_WYG_252-2a
257.md	27	KR4h0117_WYG_252-2b
257.md	35	KR4h0117_WYG_252-3a
257.md	43	KR4h0117_WYG_252-3b
257.md	51	KR4h0117_WYG_252-4a
257.md	59	KR4h0117_WYG_252-4b
257.md	67	KR4h0117_WYG_252-5a
257.md	75	KR4h0117_WYG_252-5b
257.md	83	KR4h0117_WYG_252-6a
257.md	91	KR4h0117_WYG_252-6b
257.md	99	KR4h0117_WYG_252-7a
257.md	107	KR4h0117_WYG_252-7b
257.md	115	KR4h0117_WYG_252-8a
257.md	123	KR4h0117_WYG_252-8b
257.md	131	KR4h0117_WYG_252-9a
257.md	139	KR4h0117_WYG_252-9b
257.md	147	KR4h0117_WYG_252-10a
257.md	155	KR4h0117_WYG_252-10b
257.md	163	KR4h0117_WYG_252-11a
257.md	171	KR4h0117_WYG_252-11b
257.md	179	KR4h0117_WYG_252-12a
257.md	187	KR4h0117_WYG_252-12b
257.md	195	KR4h0117_WYG_252-13a
257.md	203	KR4h0117_WYG_252-13b
257.md	211	KR4h0117_WYG_252-14a
257.md	219	KR4h0117_WYG_252-14b
257.md	227	KR4h0117_WYG_252-15a
257.md	235	KR4h0117_WYG_252-15b
257.md	243	KR4h0117_WYG_252-16a
257.md	251	KR4h0117_WYG_252-16b
257.md	259	KR4h0117_WYG_252-17a
257.md	267	KR4h0117_WYG_252-17b
257.md	275	KR4h0117_WYG_252-18a
257.md	283	KR4h0117_WYG_252-18b
257.md	291	KR4h0117_WYG_252-19a
257.md	299	KR4h0117_WYG_252-19b
257.md	307	KR4h0117_WYG_252-20a
257.md	315	KR4h0117_WYG_252-20b
257.md	323	KR4h0117_WYG_252-21a
257.md	331	KR4h0117_WYG_252-21b
257.md	339	KR4h0117_WYG_252-22a
257.md	347	KR4h0117_WYG_252-22b
257.md	355	KR4h0117_WYG_252-23a
257.md	363	KR4h0117_WYG_252-23b
257.md	371	KR4h0117_WYG_252-24a
257.md	379	KR4h0117_WYG_252-24b
257.md	387	KR4h0117_WYG_252-25a
257.md	395	KR4h0117_WYG_252-25b
257.md	403	KR4h0117_WYG_252-26a
257.md	411	KR4h0117_WYG_252-26b
257.md	419	KR4h0117_WYG_252-27a
257.md	427	KR4h0117_WYG_252-27b
257.md	435	KR4h0117_WYG_252-28a
257.md	443	KR4h0117_WYG_252-28b
257.md	451	KR4h0117_WYG_252-29a
257.md	459	KR4h0117_WYG_252-29b
257.md	467	KR4h0117_WYG_252-30a
257.md	475	KR4h0117_WYG_252-30b
257.md	483	KR4h0117_WYG_252-31a
257.md	491	KR4h0117_WYG_252-31b
258.md	3	KR4h0117_WYG_253-1a
258.md	11	KR4h0117_WYG_253-1b
258.md	19	KR4h0117_WYG_253-2a
258.md	27	KR4h0117_WYG_253-2b
258.md	35	KR4h0117_WYG_253-3a
258.md	43	KR4h0117_WYG_253-3b
258.md	51	KR4h0117_WYG_253-4a
258.md	59	KR4h0117_WYG_253-4b
258.md	67	KR4h0117_WYG_253-5a
258.md	75	KR4h0117_WYG_253-5b
258.md	83	KR4h0117_WYG_253-6a
258.md	91	KR4h0117_WYG_253-6b
258.md	99	KR4h0117_WYG_253-7a
258.md	107	KR4h0117_WYG_253-7b
258.md	115	KR4h0117_WYG_253-8a
258.md	123	KR4h0117_WYG_253-8b
259.md	3	KR4h0117_WYG_254-1a
259.md	11	KR4h0117_WYG_254-1b
259.md	19	KR4h0117_WYG_254-2a
259.md	27	KR4h0117_WYG_254-2b
259.md	35	KR4h0117_WYG_254-3a
259.md	43	KR4h0117_WYG_254-3b
259.md	51	KR4h0117_WYG_254-4a
259.md	59	KR4h0117_WYG_254-4b
259.md	67	KR4h0117_WYG_254-5a
259.md	75	KR4h0117_WYG_254-5b
259.md	83	KR4h0117_WYG_254-6a
259.md	91	KR4h0117_WYG_254-6b
259.md	99	KR4h0117_WYG_254-7a
259.md	107	KR4h0117_WYG_254-7b
259.md	115	KR4h0117_WYG_254-8a
259.md	123	KR4h0117_WYG_254-8b
259.md	131	KR4h0117_WYG_254-9a
259.md	139	KR4h0117_WYG_254-9b
259.md	147	KR4h0117_WYG_254-10a
259.md	155	KR4h0117_WYG_254-10b
259.md	163	KR4h0117_WYG_254-11a
259.md	171	KR4h0117_WYG_254-11b
260.md	3	KR4h0117_WYG_255-1a
260.md	11	KR4h0117_WYG_255-1b
260.md	19	KR4h0117_WYG_255-2a
260.md	27	KR4h0117_WYG_255-2b
260.md	35	KR4h0117_WYG_255-3a
260.md	43	KR4h0117_WYG_255-3b
260.md	51	KR4h0117_WYG_255-4a
260.md	59	KR4h0117_WYG_255-4b
260.md	67	KR4h0117_WYG_255-5a
260.md	75	KR4h0117_WYG_255-5b
260.md	83	KR4h0117_WYG_255-6a
260.md	91	KR4h0117_WYG_255-6b
260.md	99	KR4h0117_WYG_255-7a
260.md	107	KR4h0117_WYG_255-7b
260.md	115	KR4h0117_WYG_255-8a
260.md	123	KR4h0117_WYG_255-8b
260.md	131	KR4h0117_WYG_255-9a
260.md	139	KR4h0117_WYG_255-9b
260.md	147	KR4h0117_WYG_255-10a
260.md	155	KR4h0117_WYG_255-10b
260.md	163	KR4h0117_WYG_255-11a
260.md	171	KR4h0117_WYG_255-11b
260.md	179	KR4h0117_WYG_255-12a
260.md	187	KR4h0117_WYG_255-12b
260.md	195	KR4h0117_WYG_255-13a
260.md	203	KR4h0117_WYG_255-13b
260.md	211	KR4h0117_WYG_255-14a
260.md	219	KR4h0117_WYG_255-14b
260.md	227	KR4h0117_WYG_255-15a
260.md	235	KR4h0117_WYG_255-15b
260.md	243	KR4h0117_WYG_255-16a
260.md	251	KR4h0117_WYG_255-16b
260.md	259	KR4h0117_WYG_255-17a
260.md	267	KR4h0117_WYG_255-17b
260.md	275	KR4h0117_WYG_255-18a
260.md	283	KR4h0117_WYG_255-18b
260.md	291	KR4h0117_WYG_255-19a
260.md	299	KR4h0117_WYG_255-19b
260.md	307	KR4h0117_WYG_255-20a
260.md	315	KR4h0117_WYG_255-20b
260.md	323	KR4h0117_WYG_255-21a
260.md	331	KR4h0117_WYG_255-21b
260.md	339	KR4h0117_WYG_255-22a
260.md	347	KR4h0117_WYG_255-22b
260.md	355	KR4h0117_WYG_255-23a
260.md	363	KR4h0117_WYG_255-23b
260.md	371	KR4h0117_WYG_255-24a
260.md	379	KR4h0117_WYG_255-24b
260.md	387	KR4h0117_WYG_255-25a
260.md	395	KR4h0117_WYG_255-25b
260.md	403	KR4h0117_WYG_255-26a
260.md	411	KR4h0117_WYG_255-26b
260.md	419	KR4h0117_WYG_255-27a
260.md	427	KR4h0117_WYG_255-27b
260.md	435	KR4h0117_WYG_255-28a
260.md	443	KR4h0117_WYG_255-28b
261.md	3	KR4h0117_WYG_256-1a
261.md	11	KR4h0117_WYG_256-1b
261.md	19	KR4h0117_WYG_256-2a
261.md	27	KR4h0117_WYG_256-2b
261.md	35	KR4h0117_WYG_256-3a
261.md	43	KR4h0117_WYG_256-3b
261.md	51	KR4h0117_WYG_256-4a
261.md	59	KR4h0117_WYG_256-4b
261.md	67	KR4h0117_WYG_256-5a
261.md	75	KR4h0117_WYG_256-5b
261.md	83	KR4h0117_WYG_256-6a
261.md	91	KR4h0117_WYG_256-6b
261.md	99	KR4h0117_WYG_256-7a
261.md	107	KR4h0117_WYG_256-7b
261.md	115	KR4h0117_WYG_256-8a
261.md	123	KR4h0117_WYG_256-8b
261.md	131	KR4h0117_WYG_256-9a
261.md	139	KR4h0117_WYG_256-9b
261.md	147	KR4h0117_WYG_256-10a
261.md	155	KR4h0117_WYG_256-10b
261.md	163	KR4h0117_WYG_256-11a
261.md	171	KR4h0117_WYG_256-11b
261.md	179	KR4h0117_WYG_256-12a
261.md	187	KR4h0117_WYG_256-12b
261.md	195	KR4h0117_WYG_256-13a
261.md	203	KR4h0117_WYG_256-13b
261.md	211	KR4h0117_WYG_256-14a
261.md	219	KR4h0117_WYG_256-14b
261.md	227	KR4h0117_WYG_256-15a
261.md	235	KR4h0117_WYG_256-15b
261.md	243	KR4h0117_WYG_256-16a
261.md	251	KR4h0117_WYG_256-16b
262.md	3	KR4h0117_WYG_257-1a
262.md	11	KR4h0117_WYG_257-1b
262.md	19	KR4h0117_WYG_257-2a
262.md	27	KR4h0117_WYG_257-2b
262.md	35	KR4h0117_WYG_257-3a
262.md	43	KR4h0117_WYG_257-3b
262.md	51	KR4h0117_WYG_257-4a
262.md	59	KR4h0117_WYG_257-4b
262.md	67	KR4h0117_WYG_257-5a
262.md	75	KR4h0117_WYG_257-5b
262.md	83	KR4h0117_WYG_257-6a
262.md	91	KR4h0117_WYG_257-6b
262.md	99	KR4h0117_WYG_257-7a
262.md	107	KR4h0117_WYG_257-7b
262.md	115	KR4h0117_WYG_257-8a
262.md	123	KR4h0117_WYG_257-8b
262.md	131	KR4h0117_WYG_257-9a
262.md	139	KR4h0117_WYG_257-9b
262.md	147	KR4h0117_WYG_257-10a
262.md	155	KR4h0117_WYG_257-10b
263.md	3	KR4h0117_WYG_258-1a
263.md	11	KR4h0117_WYG_258-1b
263.md	19	KR4h0117_WYG_258-2a
263.md	27	KR4h0117_WYG_258-2b
263.md	35	KR4h0117_WYG_258-3a
263.md	43	KR4h0117_WYG_258-3b
263.md	51	KR4h0117_WYG_258-4a
263.md	59	KR4h0117_WYG_258-4b
263.md	67	KR4h0117_WYG_258-5a
263.md	75	KR4h0117_WYG_258-5b
263.md	83	KR4h0117_WYG_258-6a
263.md	91	KR4h0117_WYG_258-6b
263.md	99	KR4h0117_WYG_258-7a
263.md	107	KR4h0117_WYG_258-7b
263.md	115	KR4h0117_WYG_258-8a
263.md	123	KR4h0117_WYG_258-8b
263.md	131	KR4h0117_WYG_258-9a
263.md	139	KR4h0117_WYG_258-9b
263.md	147	KR4h0117_WYG_258-10a
263.md	155	KR4h0117_WYG_258-10b
263.md	163	KR4h0117_WYG_258-11a
263.md	171	KR4h0117_WYG_258-11b
263.md	179	KR4h0117_WYG_258-12a
263.md	187	KR4h0117_WYG_258-12b
264.md	3	KR4h0117_WYG_259-1a
264.md	11	KR4h0117_WYG_259-1b
264.md	19	KR4h0117_WYG_259-2a
264.md	27	KR4h0117_WYG_259-2b
264.md	35	KR4h0117_WYG_259-3a
264.md	43	KR4h0117_WYG_259-3b
264.md	51	KR4h0117_WYG_259-4a
264.md	59	KR4h0117_WYG_259-4b
264.md	67	KR4h0117_WYG_259-5a
264.md	75	KR4h0117_WYG_259-5b
264.md	83	KR4h0117_WYG_259-6a
264.md	91	KR4h0117_WYG_259-6b
264.md	99	KR4h0117_WYG_259-7a
264.md	107	KR4h0117_WYG_259-7b
264.md	115	KR4h0117_WYG_259-8a
264.md	123	KR4h0117_WYG_259-8b
264.md	131	KR4h0117_WYG_259-9a
264.md	139	KR4h0117_WYG_259-9b
264.md	147	KR4h0117_WYG_259-10a
264.md	155	KR4h0117_WYG_259-10b
264.md	163	KR4h0117_WYG_259-11a
264.md	171	KR4h0117_WYG_259-11b
264.md	179	KR4h0117_WYG_259-12a
264.md	187	KR4h0117_WYG_259-12b
264.md	195	KR4h0117_WYG_259-13a
264.md	203	KR4h0117_WYG_259-13b
264.md	211	KR4h0117_WYG_259-14a
264.md	219	KR4h0117_WYG_259-14b
264.md	227	KR4h0117_WYG_259-15a
264.md	235	KR4h0117_WYG_259-15b
264.md	243	KR4h0117_WYG_259-16a
264.md	251	KR4h0117_WYG_259-16b
264.md	259	KR4h0117_WYG_259-17a
264.md	267	KR4h0117_WYG_259-17b
264.md	275	KR4h0117_WYG_259-18a
264.md	283	KR4h0117_WYG_259-18b
264.md	291	KR4h0117_WYG_259-19a
264.md	299	KR4h0117_WYG_259-19b
265.md	3	KR4h0117_WYG_260-1a
265.md	11	KR4h0117_WYG_260-1b
265.md	19	KR4h0117_WYG_260-2a
265.md	27	KR4h0117_WYG_260-2b
265.md	35	KR4h0117_WYG_260-3a
265.md	43	KR4h0117_WYG_260-3b
265.md	51	KR4h0117_WYG_260-4a
265.md	59	KR4h0117_WYG_260-4b
265.md	67	KR4h0117_WYG_260-5a
265.md	75	KR4h0117_WYG_260-5b
265.md	83	KR4h0117_WYG_260-6a
265.md	91	KR4h0117_WYG_260-6b
266.md	3	KR4h0117_WYG_261-1a
266.md	11	KR4h0117_WYG_261-1b
266.md	19	KR4h0117_WYG_261-2a
266.md	27	KR4h0117_WYG_261-2b
266.md	35	KR4h0117_WYG_261-3a
266.md	43	KR4h0117_WYG_261-3b
266.md	51	KR4h0117_WYG_261-4a
266.md	59	KR4h0117_WYG_261-4b
266.md	67	KR4h0117_WYG_261-5a
266.md	75	KR4h0117_WYG_261-5b
266.md	83	KR4h0117_WYG_261-6a
266.md	91	KR4h0117_WYG_261-6b
266.md	99	KR4h0117_WYG_261-7a
266.md	107	KR4h0117_WYG_261-7b
266.md	115	KR4h0117_WYG_261-8a
266.md	123	KR4h0117_WYG_261-8b
266.md	131	KR4h0117_WYG_261-9a
266.md	139	KR4h0117_WYG_261-9b
266.md	147	KR4h0117_WYG_261-10a
266.md	155	KR4h0117_WYG_261-10b
266.md	163	KR4h0117_WYG_261-11a
266.md	171	KR4h0117_WYG_261-11b
266.md	179	KR4h0117_WYG_261-12a
266.md	187	KR4h0117_WYG_261-12b
266.md	195	KR4h0117_WYG_261-13a
266.md	203	KR4h0117_WYG_261-13b
266.md	211	KR4h0117_WYG_261-14a
266.md	219	KR4h0117_WYG_261-14b
266.md	227	KR4h0117_WYG_261-15a
266.md	235	KR4h0117_WYG_261-15b
267.md	3	KR4h0117_WYG_262-1a
267.md	11	KR4h0117_WYG_262-1b
267.md	19	KR4h0117_WYG_262-2a
267.md	27	KR4h0117_WYG_262-2b
267.md	35	KR4h0117_WYG_262-3a
267.md	43	KR4h0117_WYG_262-3b
267.md	51	KR4h0117_WYG_262-4a
267.md	59	KR4h0117_WYG_262-4b
267.md	67	KR4h0117_WYG_262-5a
267.md	75	KR4h0117_WYG_262-5b
267.md	83	KR4h0117_WYG_262-6a
267.md	91	KR4h0117_WYG_262-6b
267.md	99	KR4h0117_WYG_262-7a
267.md	107	KR4h0117_WYG_262-7b
267.md	115	KR4h0117_WYG_262-8a
267.md	123	KR4h0117_WYG_262-8b
267.md	131	KR4h0117_WYG_262-9a
267.md	139	KR4h0117_WYG_262-9b
267.md	147	KR4h0117_WYG_262-10a
267.md	155	KR4h0117_WYG_262-10b
267.md	163	KR4h0117_WYG_262-11a
267.md	171	KR4h0117_WYG_262-11b
267.md	179	KR4h0117_WYG_262-12a
267.md	187	KR4h0117_WYG_262-12b
267.md	195	KR4h0117_WYG_262-13a
267.md	203	KR4h0117_WYG_262-13b
267.md	211	KR4h0117_WYG_262-14a
267.md	219	KR4h0117_WYG_262-14b
267.md	227	KR4h0117_WYG_262-15a
267.md	235	KR4h0117_WYG_262-15b
267.md	243	KR4h0117_WYG_262-16a
267.md	251	KR4h0117_WYG_262-16b
267.md	259	KR4h0117_WYG_262-17a
267.md	267	KR4h0117_WYG_262-17b
267.md	275	KR4h0117_WYG_262-18a
267.md	283	KR4h0117_WYG_262-18b
267.md	291	KR4h0117_WYG_262-19a
267.md	299	KR4h0117_WYG_262-19b
267.md	307	KR4h0117_WYG_262-20a
267.md	315	KR4h0117_WYG_262-20b
267.md	323	KR4h0117_WYG_262-21a
267.md	331	KR4h0117_WYG_262-21b
267.md	339	KR4h0117_WYG_262-22a
267.md	347	KR4h0117_WYG_262-22b
267.md	355	KR4h0117_WYG_262-23a
267.md	363	KR4h0117_WYG_262-23b
267.md	371	KR4h0117_WYG_262-24a
267.md	379	KR4h0117_WYG_262-24b
267.md	387	KR4h0117_WYG_262-25a
267.md	395	KR4h0117_WYG_262-25b
267.md	403	KR4h0117_WYG_262-26a
267.md	411	KR4h0117_WYG_262-26b
267.md	419	KR4h0117_WYG_262-27a
267.md	427	KR4h0117_WYG_262-27b
267.md	435	KR4h0117_WYG_262-28a
267.md	443	KR4h0117_WYG_262-28b
267.md	451	KR4h0117_WYG_262-29a
267.md	459	KR4h0117_WYG_262-29b
267.md	467	KR4h0117_WYG_262-30a
267.md	475	KR4h0117_WYG_262-30b
267.md	483	KR4h0117_WYG_262-31a
267.md	491	KR4h0117_WYG_262-31b
267.md	499	KR4h0117_WYG_262-32a
267.md	507	KR4h0117_WYG_262-32b
268.md	3	KR4h0117_WYG_263-1a
268.md	11	KR4h0117_WYG_263-1b
268.md	19	KR4h0117_WYG_263-2a
268.md	27	KR4h0117_WYG_263-2b
268.md	35	KR4h0117_WYG_263-3a
268.md	43	KR4h0117_WYG_263-3b
268.md	51	KR4h0117_WYG_263-4a
268.md	59	KR4h0117_WYG_263-4b
268.md	67	KR4h0117_WYG_263-5a
268.md	75	KR4h0117_WYG_263-5b
268.md	83	KR4h0117_WYG_263-6a
268.md	91	KR4h0117_WYG_263-6b
268.md	99	KR4h0117_WYG_263-7a
268.md	107	KR4h0117_WYG_263-7b
268.md	115	KR4h0117_WYG_263-8a
268.md	123	KR4h0117_WYG_263-8b
268.md	131	KR4h0117_WYG_263-9a
268.md	139	KR4h0117_WYG_263-9b
268.md	147	KR4h0117_WYG_263-10a
268.md	155	KR4h0117_WYG_263-10b
268.md	163	KR4h0117_WYG_263-11a
268.md	171	KR4h0117_WYG_263-11b
268.md	179	KR4h0117_WYG_263-12a
268.md	187	KR4h0117_WYG_263-12b
268.md	195	KR4h0117_WYG_263-13a
268.md	203	KR4h0117_WYG_263-13b
268.md	211	KR4h0117_WYG_263-14a
268.md	219	KR4h0117_WYG_263-14b
268.md	227	KR4h0117_WYG_263-15a
268.md	235	KR4h0117_WYG_263-15b
268.md	243	KR4h0117_WYG_263-16a
268.md	251	KR4h0117_WYG_263-16b
268.md	259	KR4h0117_WYG_263-17a
268.md	267	KR4h0117_WYG_263-17b
269.md	3	KR4h0117_WYG_264-1a
269.md	11	KR4h0117_WYG_264-1b
269.md	19	KR4h0117_WYG_264-2a
269.md	27	KR4h0117_WYG_264-2b
269.md	35	KR4h0117_WYG_264-3a
269.md	43	KR4h0117_WYG_264-3b
269.md	51	KR4h0117_WYG_264-4a
269.md	59	KR4h0117_WYG_264-4b
269.md	67	KR4h0117_WYG_264-5a
269.md	75	KR4h0117_WYG_264-5b
269.md	83	KR4h0117_WYG_264-6a
269.md	91	KR4h0117_WYG_264-6b
269.md	99	KR4h0117_WYG_264-7a
269.md	107	KR4h0117_WYG_264-7b
269.md	115	KR4h0117_WYG_264-8a
269.md	123	KR4h0117_WYG_264-8b
269.md	131	KR4h0117_WYG_264-9a
269.md	139	KR4h0117_WYG_264-9b
269.md	147	KR4h0117_WYG_264-10a
269.md	155	KR4h0117_WYG_264-10b
269.md	163	KR4h0117_WYG_264-11a
269.md	171	KR4h0117_WYG_264-11b
269.md	179	KR4h0117_WYG_264-12a
269.md	187	KR4h0117_WYG_264-12b
269.md	195	KR4h0117_WYG_264-13a
269.md	203	KR4h0117_WYG_264-13b
269.md	211	KR4h0117_WYG_264-14a
269.md	219	KR4h0117_WYG_264-14b
269.md	227	KR4h0117_WYG_264-15a
269.md	235	KR4h0117_WYG_264-15b
269.md	243	KR4h0117_WYG_264-16a
269.md	251	KR4h0117_WYG_264-16b
269.md	259	KR4h0117_WYG_264-17a
269.md	267	KR4h0117_WYG_264-17b
269.md	275	KR4h0117_WYG_264-18a
269.md	283	KR4h0117_WYG_264-18b
269.md	291	KR4h0117_WYG_264-19a
269.md	299	KR4h0117_WYG_264-19b
270.md	3	KR4h0117_WYG_265-1a
270.md	11	KR4h0117_WYG_265-1b
270.md	19	KR4h0117_WYG_265-2a
270.md	27	KR4h0117_WYG_265-2b
270.md	35	KR4h0117_WYG_265-3a
270.md	43	KR4h0117_WYG_265-3b
270.md	51	KR4h0117_WYG_265-4a
270.md	59	KR4h0117_WYG_265-4b
270.md	67	KR4h0117_WYG_265-5a
270.md	75	KR4h0117_WYG_265-5b
270.md	83	KR4h0117_WYG_265-6a
270.md	91	KR4h0117_WYG_265-6b
270.md	99	KR4h0117_WYG_265-7a
270.md	107	KR4h0117_WYG_265-7b
270.md	115	KR4h0117_WYG_265-8a
270.md	123	KR4h0117_WYG_265-8b
270.md	131	KR4h0117_WYG_265-9a
270.md	139	KR4h0117_WYG_265-9b
270.md	147	KR4h0117_WYG_265-10a
270.md	155	KR4h0117_WYG_265-10b
270.md	163	KR4h0117_WYG_265-11a
270.md	171	KR4h0117_WYG_265-11b
270.md	179	KR4h0117_WYG_265-12a
270.md	187	KR4h0117_WYG_265-12b
270.md	195	KR4h0117_WYG_265-13a
270.md	203	KR4h0117_WYG_265-13b
270.md	211	KR4h0117_WYG_265-14a
270.md	219	KR4h0117_WYG_265-14b
270.md	227	KR4h0117_WYG_265-15a
270.md	235	KR4h0117_WYG_265-15b
270.md	243	KR4h0117_WYG_265-16a
270.md	251	KR4h0117_WYG_265-16b
270.md	259	KR4h0117_WYG_265-17a
270.md	267	KR4h0117_WYG_265-17b
270.md	275	KR4h0117_WYG_265-18a
270.md	283	KR4h0117_WYG_265-18b
270.md	291	KR4h0117_WYG_265-19a
270.md	299	KR4h0117_WYG_265-19b
270.md	307	KR4h0117_WYG_265-20a
270.md	315	KR4h0117_WYG_265-20b
270.md	323	KR4h0117_WYG_265-21a
270.md	331	KR4h0117_WYG_265-21b
270.md	339	KR4h0117_WYG_265-22a
270.md	347	KR4h0117_WYG_265-22b
270.md	355	KR4h0117_WYG_265-23a
270.md	363	KR4h0117_WYG_265-23b
270.md	371	KR4h0117_WYG_265-24a
270.md	379	KR4h0117_WYG_265-24b
270.md	387	KR4h0117_WYG_265-25a
270.md	395	KR4h0117_WYG_265-25b
270.md	403	KR4h0117_WYG_265-26a
270.md	411	KR4h0117_WYG_265-26b
271.md	3	KR4h0117_WYG_266-1a
271.md	11	KR4h0117_WYG_266-1b
271.md	19	KR4h0117_WYG_266-2a
271.md	27	KR4h0117_WYG_266-2b
271.md	35	KR4h0117_WYG_266-3a
271.md	43	KR4h0117_WYG_266-3b
271.md	51	KR4h0117_WYG_266-4a
271.md	59	KR4h0117_WYG_266-4b
271.md	67	KR4h0117_WYG_266-5a
271.md	75	KR4h0117_WYG_266-5b
271.md	83	KR4h0117_WYG_266-6a
271.md	91	KR4h0117_WYG_266-6b
271.md	99	KR4h0117_WYG_266-7a
271.md	107	KR4h0117_WYG_266-7b
271.md	115	KR4h0117_WYG_266-8a
271.md	123	KR4h0117_WYG_266-8b
271.md	131	KR4h0117_WYG_266-9a
271.md	139	KR4h0117_WYG_266-9b
271.md	147	KR4h0117_WYG_266-10a
271.md	155	KR4h0117_WYG_266-10b
271.md	163	KR4h0117_WYG_266-11a
271.md	171	KR4h0117_WYG_266-11b
271.md	179	KR4h0117_WYG_266-12a
271.md	187	KR4h0117_WYG_266-12b
271.md	195	KR4h0117_WYG_266-13a
271.md	203	KR4h0117_WYG_266-13b
271.md	211	KR4h0117_WYG_266-14a
271.md	219	KR4h0117_WYG_266-14b
271.md	227	KR4h0117_WYG_266-15a
271.md	235	KR4h0117_WYG_266-15b
271.md	243	KR4h0117_WYG_266-16a
271.md	251	KR4h0117_WYG_266-16b
272.md	3	KR4h0117_WYG_267-1a
272.md	11	KR4h0117_WYG_267-1b
272.md	19	KR4h0117_WYG_267-2a
272.md	27	KR4h0117_WYG_267-2b
272.md	35	KR4h0117_WYG_267-3a
272.md	43	KR4h0117_WYG_267-3b
272.md	51	KR4h0117_WYG_267-4a
272.md	59	KR4h0117_WYG_267-4b
272.md	67	KR4h0117_WYG_267-5a
272.md	75	KR4h0117_WYG_267-5b
272.md	83	KR4h0117_WYG_267-6a
272.md	91	KR4h0117_WYG_267-6b
272.md	99	KR4h0117_WYG_267-7a
272.md	107	KR4h0117_WYG_267-7b
272.md	115	KR4h0117_WYG_267-8a
272.md	123	KR4h0117_WYG_267-8b
272.md	131	KR4h0117_WYG_267-9a
272.md	139	KR4h0117_WYG_267-9b
272.md	147	KR4h0117_WYG_267-10a
272.md	155	KR4h0117_WYG_267-10b
272.md	163	KR4h0117_WYG_267-11a
272.md	171	KR4h0117_WYG_267-11b
272.md	179	KR4h0117_WYG_267-12a
272.md	187	KR4h0117_WYG_267-12b
272.md	195	KR4h0117_WYG_267-13a
272.md	203	KR4h0117_WYG_267-13b
272.md	211	KR4h0117_WYG_267-14a
272.md	219	KR4h0117_WYG_267-14b
272.md	227	KR4h0117_WYG_267-15a
272.md	235	KR4h0117_WYG_267-15b
272.md	243	KR4h0117_WYG_267-16a
272.md	251	KR4h0117_WYG_267-16b
272.md	259	KR4h0117_WYG_267-17a
272.md	267	KR4h0117_WYG_267-17b
272.md	275	KR4h0117_WYG_267-18a
272.md	283	KR4h0117_WYG_267-18b
272.md	291	KR4h0117_WYG_267-19a
272.md	299	KR4h0117_WYG_267-19b
272.md	307	KR4h0117_WYG_267-20a
272.md	315	KR4h0117_WYG_267-20b
272.md	323	KR4h0117_WYG_267-21a
272.md	331	KR4h0117_WYG_267-21b
272.md	339	KR4h0117_WYG_267-22a
272.md	347	KR4h0117_WYG_267-22b
272.md	355	KR4h0117_WYG_267-23a
272.md	363	KR4h0117_WYG_267-23b
272.md	371	KR4h0117_WYG_267-24a
272.md	379	KR4h0117_WYG_267-24b
272.md	387	KR4h0117_WYG_267-25a
272.md	395	KR4h0117_WYG_267-25b
273.md	3	KR4h0117_WYG_268-1a
273.md	11	KR4h0117_WYG_268-1b
273.md	19	KR4h0117_WYG_268-2a
273.md	27	KR4h0117_WYG_268-2b
273.md	35	KR4h0117_WYG_268-3a
273.md	43	KR4h0117_WYG_268-3b
273.md	51	KR4h0117_WYG_268-4a
273.md	59	KR4h0117_WYG_268-4b
273.md	67	KR4h0117_WYG_268-5a
273.md	75	KR4h0117_WYG_268-5b
273.md	83	KR4h0117_WYG_268-6a
273.md	91	KR4h0117_WYG_268-6b
273.md	99	KR4h0117_WYG_268-7a
273.md	107	KR4h0117_WYG_268-7b
273.md	115	KR4h0117_WYG_268-8a
273.md	123	KR4h0117_WYG_268-8b
273.md	131	KR4h0117_WYG_268-9a
273.md	139	KR4h0117_WYG_268-9b
273.md	147	KR4h0117_WYG_268-10a
273.md	155	KR4h0117_WYG_268-10b
273.md	163	KR4h0117_WYG_268-11a
273.md	171	KR4h0117_WYG_268-11b
273.md	179	KR4h0117_WYG_268-12a
273.md	187	KR4h0117_WYG_268-12b
273.md	195	KR4h0117_WYG_268-13a
273.md	203	KR4h0117_WYG_268-13b
273.md	211	KR4h0117_WYG_268-14a
273.md	219	KR4h0117_WYG_268-14b
273.md	227	KR4h0117_WYG_268-15a
273.md	235	KR4h0117_WYG_268-15b
273.md	243	KR4h0117_WYG_268-16a
273.md	251	KR4h0117_WYG_268-16b
273.md	259	KR4h0117_WYG_268-17a
273.md	267	KR4h0117_WYG_268-17b
273.md	275	KR4h0117_WYG_268-18a
273.md	283	KR4h0117_WYG_268-18b
273.md	291	KR4h0117_WYG_268-19a
273.md	299	KR4h0117_WYG_268-19b
273.md	307	KR4h0117_WYG_268-20a
273.md	315	KR4h0117_WYG_268-20b
273.md	323	KR4h0117_WYG_268-21a
273.md	331	KR4h0117_WYG_268-21b
273.md	339	KR4h0117_WYG_268-22a
273.md	347	KR4h0117_WYG_268-22b
273.md	355	KR4h0117_WYG_268-23a
273.md	363	KR4h0117_WYG_268-23b
273.md	371	KR4h0117_WYG_268-24a
273.md	379	KR4h0117_WYG_268-24b
273.md	387	KR4h0117_WYG_268-25a
273.md	395	KR4h0117_WYG_268-25b
273.md	403	KR4h0117_WYG_268-26a
273.md	411	KR4h0117_WYG_268-26b
273.md	419	KR4h0117_WYG_268-27a
273.md	427	KR4h0117_WYG_268-27b
273.md	435	KR4h0117_WYG_268-28a
273.md	443	KR4h0117_WYG_268-28b
273.md	451	KR4h0117_WYG_268-29a
273.md	459	KR4h0117_WYG_268-29b
274.md	3	KR4h0117_WYG_269-1a
274.md	11	KR4h0117_WYG_269-1b
274.md	19	KR4h0117_WYG_269-2a
274.md	27	KR4h0117_WYG_269-2b
274.md	35	KR4h0117_WYG_269-3a
274.md	43	KR4h0117_WYG_269-3b
274.md	51	KR4h0117_WYG_269-4a
274.md	59	KR4h0117_WYG_269-4b
274.md	67	KR4h0117_WYG_269-5a
274.md	75	KR4h0117_WYG_269-5b
274.md	83	KR4h0117_WYG_269-6a
274.md	91	KR4h0117_WYG_269-6b
274.md	99	KR4h0117_WYG_269-7a
274.md	107	KR4h0117_WYG_269-7b
274.md	115	KR4h0117_WYG_269-8a
274.md	123	KR4h0117_WYG_269-8b
274.md	131	KR4h0117_WYG_269-9a
274.md	139	KR4h0117_WYG_269-9b
274.md	147	KR4h0117_WYG_269-10a
274.md	155	KR4h0117_WYG_269-10b
274.md	163	KR4h0117_WYG_269-11a
274.md	171	KR4h0117_WYG_269-11b
274.md	179	KR4h0117_WYG_269-12a
274.md	187	KR4h0117_WYG_269-12b
274.md	195	KR4h0117_WYG_269-13a
274.md	203	KR4h0117_WYG_269-13b
274.md	211	KR4h0117_WYG_269-14a
274.md	219	KR4h0117_WYG_269-14b
274.md	227	KR4h0117_WYG_269-15a
274.md	235	KR4h0117_WYG_269-15b
274.md	243	KR4h0117_WYG_269-16a
274.md	251	KR4h0117_WYG_269-16b
274.md	259	KR4h0117_WYG_269-17a
274.md	267	KR4h0117_WYG_269-17b
274.md	275	KR4h0117_WYG_269-18a
274.md	283	KR4h0117_WYG_269-18b
274.md	291	KR4h0117_WYG_269-19a
274.md	299	KR4h0117_WYG_269-19b
274.md	307	KR4h0117_WYG_269-20a
274.md	315	KR4h0117_WYG_269-20b
274.md	323	KR4h0117_WYG_269-21a
274.md	331	KR4h0117_WYG_269-21b
274.md	339	KR4h0117_WYG_269-22a
274.md	347	KR4h0117_WYG_269-22b
274.md	355	KR4h0117_WYG_269-23a
274.md	363	KR4h0117_WYG_269-23b
274.md	371	KR4h0117_WYG_269-24a
274.md	379	KR4h0117_WYG_269-24b
274.md	387	KR4h0117_WYG_269-25a
274.md	395	KR4h0117_WYG_269-25b
274.md	403	KR4h0117_WYG_269-26a
274.md	411	KR4h0117_WYG_269-26b
274.md	419	KR4h0117_WYG_269-27a
274.md	427	KR4h0117_WYG_269-27b
274.md	435	KR4h0117_WYG_269-28a
274.md	443	KR4h0117_WYG_269-28b
274.md	451	KR4h0117_WYG_269-29a
274.md	459	KR4h0117_WYG_269-29b
274.md	467	KR4h0117_WYG_269-30a
274.md	475	KR4h0117_WYG_269-30b
274.md	483	KR4h0117_WYG_269-31a
274.md	491	KR4h0117_WYG_269-31b
274.md	499	KR4h0117_WYG_269-32a
274.md	507	KR4h0117_WYG_269-32b
274.md	515	KR4h0117_WYG_269-33a
274.md	523	KR4h0117_WYG_269-33b
274.md	531	KR4h0117_WYG_269-34a
274.md	539	KR4h0117_WYG_269-34b
274.md	547	KR4h0117_WYG_269-35a
274.md	555	KR4h0117_WYG_269-35b
274.md	563	KR4h0117_WYG_269-36a
274.md	571	KR4h0117_WYG_269-36b
274.md	579	KR4h0117_WYG_269-37a
274.md	587	KR4h0117_WYG_269-37b
274.md	595	KR4h0117_WYG_269-38a
274.md	603	KR4h0117_WYG_269-38b
274.md	611	KR4h0117_WYG_269-39a
274.md	619	KR4h0117_WYG_269-39b
274.md	627	KR4h0117_WYG_269-40a
274.md	635	KR4h0117_WYG_269-40b
274.md	643	KR4h0117_WYG_269-41a
274.md	651	KR4h0117_WYG_269-41b
274.md	659	KR4h0117_WYG_269-42a
274.md	667	KR4h0117_WYG_269-42b
274.md	675	KR4h0117_WYG_269-43a
274.md	683	KR4h0117_WYG_269-43b
274.md	691	KR4h0117_WYG_269-44a
274.md	699	KR4h0117_WYG_269-44b
275.md	3	KR4h0117_WYG_270-1a
275.md	11	KR4h0117_WYG_270-1b
275.md	19	KR4h0117_WYG_270-2a
275.md	27	KR4h0117_WYG_270-2b
275.md	35	KR4h0117_WYG_270-3a
275.md	43	KR4h0117_WYG_270-3b
275.md	51	KR4h0117_WYG_270-4a
275.md	59	KR4h0117_WYG_270-4b
275.md	67	KR4h0117_WYG_270-5a
275.md	75	KR4h0117_WYG_270-5b
275.md	83	KR4h0117_WYG_270-6a
275.md	91	KR4h0117_WYG_270-6b
275.md	99	KR4h0117_WYG_270-7a
275.md	107	KR4h0117_WYG_270-7b
275.md	115	KR4h0117_WYG_270-8a
275.md	123	KR4h0117_WYG_270-8b
275.md	131	KR4h0117_WYG_270-9a
275.md	139	KR4h0117_WYG_270-9b
275.md	147	KR4h0117_WYG_270-10a
275.md	155	KR4h0117_WYG_270-10b
275.md	163	KR4h0117_WYG_270-11a
275.md	171	KR4h0117_WYG_270-11b
275.md	179	KR4h0117_WYG_270-12a
275.md	187	KR4h0117_WYG_270-12b
275.md	195	KR4h0117_WYG_270-13a
275.md	203	KR4h0117_WYG_270-13b
275.md	211	KR4h0117_WYG_270-14a
275.md	219	KR4h0117_WYG_270-14b
275.md	227	KR4h0117_WYG_270-15a
275.md	235	KR4h0117_WYG_270-15b
275.md	243	KR4h0117_WYG_270-16a
275.md	251	KR4h0117_WYG_270-16b
275.md	259	KR4h0117_WYG_270-17a
275.md	267	KR4h0117_WYG_270-17b
275.md	275	KR4h0117_WYG_270-18a
275.md	283	KR4h0117_WYG_270-18b
276.md	3	KR4h0117_WYG_271-1a
276.md	11	KR4h0117_WYG_271-1b
276.md	19	KR4h0117_WYG_271-2a
276.md	27	KR4h0117_WYG_271-2b
276.md	35	KR4h0117_WYG_271-3a
276.md	43	KR4h0117_WYG_271-3b
276.md	51	KR4h0117_WYG_271-4a
276.md	59	KR4h0117_WYG_271-4b
276.md	67	KR4h0117_WYG_271-5a
276.md	75	KR4h0117_WYG_271-5b
276.md	83	KR4h0117_WYG_271-6a
276.md	91	KR4h0117_WYG_271-6b
276.md	99	KR4h0117_WYG_271-7a
276.md	107	KR4h0117_WYG_271-7b
276.md	115	KR4h0117_WYG_271-8a
276.md	123	KR4h0117_WYG_271-8b
276.md	131	KR4h0117_WYG_271-9a
276.md	139	KR4h0117_WYG_271-9b
276.md	147	KR4h0117_WYG_271-10a
276.md	155	KR4h0117_WYG_271-10b
276.md	163	KR4h0117_WYG_271-11a
276.md	171	KR4h0117_WYG_271-11b
276.md	179	KR4h0117_WYG_271-12a
276.md	187	KR4h0117_WYG_271-12b
276.md	195	KR4h0117_WYG_271-13a
276.md	203	KR4h0117_WYG_271-13b
276.md	211	KR4h0117_WYG_271-14a
276.md	219	KR4h0117_WYG_271-14b
276.md	227	KR4h0117_WYG_271-15a
276.md	235	KR4h0117_WYG_271-15b
276.md	243	KR4h0117_WYG_271-16a
276.md	251	KR4h0117_WYG_271-16b
276.md	259	KR4h0117_WYG_271-17a
276.md	267	KR4h0117_WYG_271-17b
276.md	275	KR4h0117_WYG_271-18a
276.md	283	KR4h0117_WYG_271-18b
276.md	291	KR4h0117_WYG_271-19a
276.md	299	KR4h0117_WYG_271-19b
276.md	307	KR4h0117_WYG_271-20a
276.md	315	KR4h0117_WYG_271-20b
276.md	323	KR4h0117_WYG_271-21a
276.md	331	KR4h0117_WYG_271-21b
276.md	339	KR4h0117_WYG_271-22a
276.md	347	KR4h0117_WYG_271-22b
276.md	355	KR4h0117_WYG_271-23a
276.md	363	KR4h0117_WYG_271-23b
276.md	371	KR4h0117_WYG_271-24a
276.md	379	KR4h0117_WYG_271-24b
277.md	3	KR4h0117_WYG_272-1a
277.md	11	KR4h0117_WYG_272-1b
277.md	19	KR4h0117_WYG_272-2a
277.md	27	KR4h0117_WYG_272-2b
277.md	35	KR4h0117_WYG_272-3a
277.md	43	KR4h0117_WYG_272-3b
277.md	51	KR4h0117_WYG_272-4a
277.md	59	KR4h0117_WYG_272-4b
277.md	67	KR4h0117_WYG_272-5a
277.md	75	KR4h0117_WYG_272-5b
277.md	83	KR4h0117_WYG_272-6a
277.md	91	KR4h0117_WYG_272-6b
277.md	99	KR4h0117_WYG_272-7a
277.md	107	KR4h0117_WYG_272-7b
277.md	115	KR4h0117_WYG_272-8a
277.md	123	KR4h0117_WYG_272-8b
277.md	131	KR4h0117_WYG_272-9a
277.md	139	KR4h0117_WYG_272-9b
278.md	3	KR4h0117_WYG_273-1a
278.md	11	KR4h0117_WYG_273-1b
278.md	19	KR4h0117_WYG_273-2a
278.md	27	KR4h0117_WYG_273-2b
278.md	35	KR4h0117_WYG_273-3a
278.md	43	KR4h0117_WYG_273-3b
278.md	51	KR4h0117_WYG_273-4a
278.md	59	KR4h0117_WYG_273-4b
278.md	67	KR4h0117_WYG_273-5a
278.md	75	KR4h0117_WYG_273-5b
278.md	83	KR4h0117_WYG_273-6a
278.md	91	KR4h0117_WYG_273-6b
278.md	99	KR4h0117_WYG_273-7a
278.md	107	KR4h0117_WYG_273-7b
278.md	115	KR4h0117_WYG_273-8a
278.md	123	KR4h0117_WYG_273-8b
278.md	131	KR4h0117_WYG_273-9a
278.md	139	KR4h0117_WYG_273-9b
278.md	147	KR4h0117_WYG_273-10a
278.md	155	KR4h0117_WYG_273-10b
278.md	163	KR4h0117_WYG_273-11a
278.md	171	KR4h0117_WYG_273-11b
278.md	179	KR4h0117_WYG_273-12a
278.md	187	KR4h0117_WYG_273-12b
278.md	195	KR4h0117_WYG_273-13a
278.md	203	KR4h0117_WYG_273-13b
278.md	211	KR4h0117_WYG_273-14a
278.md	219	KR4h0117_WYG_273-14b
278.md	227	KR4h0117_WYG_273-15a
278.md	235	KR4h0117_WYG_273-15b
278.md	243	KR4h0117_WYG_273-16a
278.md	251	KR4h0117_WYG_273-16b
278.md	259	KR4h0117_WYG_273-17a
278.md	267	KR4h0117_WYG_273-17b
278.md	275	KR4h0117_WYG_273-18a
278.md	283	KR4h0117_WYG_273-18b
278.md	291	KR4h0117_WYG_273-19a
278.md	299	KR4h0117_WYG_273-19b
278.md	307	KR4h0117_WYG_273-20a
278.md	315	KR4h0117_WYG_273-20b
278.md	323	KR4h0117_WYG_273-21a
278.md	331	KR4h0117_WYG_273-21b
278.md	339	KR4h0117_WYG_273-22a
278.md	347	KR4h0117_WYG_273-22b
278.md	355	KR4h0117_WYG_273-23a
278.md	363	KR4h0117_WYG_273-23b
278.md	371	KR4h0117_WYG_273-24a
278.md	379	KR4h0117_WYG_273-24b
278.md	387	KR4h0117_WYG_273-25a
278.md	395	KR4h0117_WYG_273-25b
278.md	403	KR4h0117_WYG_273-26a
278.md	411	KR4h0117_WYG_273-26b
278.md	419	KR4h0117_WYG_273-27a
278.md	427	KR4h0117_WYG_273-27b
278.md	435	KR4h0117_WYG_273-28a
278.md	443	KR4h0117_WYG_273-28b
278.md	451	KR4h0117_WYG_273-29a
278.md	459	KR4h0117_WYG_273-29b
278.md	467	KR4h0117_WYG_273-30a
278.md	475	KR4h0117_WYG_273-30b
279.md	3	KR4h0117_WYG_274-1a
279.md	11	KR4h0117_WYG_274-1b
279.md	19	KR4h0117_WYG_274-2a
279.md	27	KR4h0117_WYG_274-2b
279.md	35	KR4h0117_WYG_274-3a
279.md	43	KR4h0117_WYG_274-3b
279.md	51	KR4h0117_WYG_274-4a
279.md	59	KR4h0117_WYG_274-4b
279.md	67	KR4h0117_WYG_274-5a
279.md	75	KR4h0117_WYG_274-5b
279.md	83	KR4h0117_WYG_274-6a
279.md	91	KR4h0117_WYG_274-6b
279.md	99	KR4h0117_WYG_274-7a
279.md	107	KR4h0117_WYG_274-7b
279.md	115	KR4h0117_WYG_274-8a
279.md	123	KR4h0117_WYG_274-8b
279.md	131	KR4h0117_WYG_274-9a
279.md	139	KR4h0117_WYG_274-9b
279.md	147	KR4h0117_WYG_274-10a
279.md	155	KR4h0117_WYG_274-10b
279.md	163	KR4h0117_WYG_274-11a
279.md	171	KR4h0117_WYG_274-11b
279.md	179	KR4h0117_WYG_274-12a
279.md	187	KR4h0117_WYG_274-12b
279.md	195	KR4h0117_WYG_274-13a
279.md	203	KR4h0117_WYG_274-13b
279.md	211	KR4h0117_WYG_274-14a
279.md	219	KR4h0117_WYG_274-14b
279.md	227	KR4h0117_WYG_274-15a
279.md	235	KR4h0117_WYG_274-15b
279.md	243	KR4h0117_WYG_274-16a
279.md	251	KR4h0117_WYG_274-16b
279.md	259	KR4h0117_WYG_274-17a
279.md	267	KR4h0117_WYG_274-17b
279.md	275	KR4h0117_WYG_274-18a
279.md	283	KR4h0117_WYG_274-18b
279.md	291	KR4h0117_WYG_274-19a
279.md	299	KR4h0117_WYG_274-19b
279.md	307	KR4h0117_WYG_274-20a
279.md	315	KR4h0117_WYG_274-20b
279.md	323	KR4h0117_WYG_274-21a
279.md	331	KR4h0117_WYG_274-21b
279.md	339	KR4h0117_WYG_274-22a
279.md	347	KR4h0117_WYG_274-22b
279.md	355	KR4h0117_WYG_274-23a
279.md	363	KR4h0117_WYG_274-23b
279.md	371	KR4h0117_WYG_274-24a
279.md	379	KR4h0117_WYG_274-24b
279.md	387	KR4h0117_WYG_274-25a
279.md	395	KR4h0117_WYG_274-25b
279.md	403	KR4h0117_WYG_274-26a
279.md	411	KR4h0117_WYG_274-26b
279.md	419	KR4h0117_WYG_274-27a
279.md	427	KR4h0117_WYG_274-27b
279.md	435	KR4h0117_WYG_274-28a
279.md	443	KR4h0117_WYG_274-28b
280.md	3	KR4h0117_WYG_275-1a
280.md	11	KR4h0117_WYG_275-1b
280.md	19	KR4h0117_WYG_275-2a
280.md	27	KR4h0117_WYG_275-2b
280.md	35	KR4h0117_WYG_275-3a
280.md	43	KR4h0117_WYG_275-3b
280.md	51	KR4h0117_WYG_275-4a
280.md	59	KR4h0117_WYG_275-4b
280.md	67	KR4h0117_WYG_275-5a
280.md	75	KR4h0117_WYG_275-5b
280.md	83	KR4h0117_WYG_275-6a
280.md	91	KR4h0117_WYG_275-6b
280.md	99	KR4h0117_WYG_275-7a
280.md	107	KR4h0117_WYG_275-7b
280.md	115	KR4h0117_WYG_275-8a
280.md	123	KR4h0117_WYG_275-8b
280.md	131	KR4h0117_WYG_275-9a
280.md	139	KR4h0117_WYG_275-9b
280.md	147	KR4h0117_WYG_275-10a
280.md	155	KR4h0117_WYG_275-10b
280.md	163	KR4h0117_WYG_275-11a
280.md	171	KR4h0117_WYG_275-11b
280.md	179	KR4h0117_WYG_275-12a
280.md	187	KR4h0117_WYG_275-12b
281.md	3	KR4h0117_WYG_276-1a
281.md	11	KR4h0117_WYG_276-1b
281.md	19	KR4h0117_WYG_276-2a
281.md	27	KR4h0117_WYG_276-2b
281.md	35	KR4h0117_WYG_276-3a
281.md	43	KR4h0117_WYG_276-3b
281.md	51	KR4h0117_WYG_276-4a
281.md	59	KR4h0117_WYG_276-4b
281.md	67	KR4h0117_WYG_276-5a
281.md	75	KR4h0117_WYG_276-5b
281.md	83	KR4h0117_WYG_276-6a
281.md	91	KR4h0117_WYG_276-6b
281.md	99	KR4h0117_WYG_276-7a
281.md	107	KR4h0117_WYG_276-7b
281.md	115	KR4h0117_WYG_276-8a
281.md	123	KR4h0117_WYG_276-8b
281.md	131	KR4h0117_WYG_276-9a
281.md	139	KR4h0117_WYG_276-9b
281.md	147	KR4h0117_WYG_276-10a
281.md	155	KR4h0117_WYG_276-10b
281.md	163	KR4h0117_WYG_276-11a
281.md	171	KR4h0117_WYG_276-11b
281.md	179	KR4h0117_WYG_276-12a
281.md	187	KR4h0117_WYG_276-12b
281.md	195	KR4h0117_WYG_276-13a
281.md	203	KR4h0117_WYG_276-13b
281.md	211	KR4h0117_WYG_276-14a
281.md	219	KR4h0117_WYG_276-14b
281.md	227	KR4h0117_WYG_276-15a
281.md	235	KR4h0117_WYG_276-15b
281.md	243	KR4h0117_WYG_276-16a
281.md	251	KR4h0117_WYG_276-16b
281.md	259	KR4h0117_WYG_276-17a
281.md	267	KR4h0117_WYG_276-17b
281.md	275	KR4h0117_WYG_276-18a
281.md	283	KR4h0117_WYG_276-18b
281.md	291	KR4h0117_WYG_276-19a
281.md	299	KR4h0117_WYG_276-19b
281.md	307	KR4h0117_WYG_276-20a
281.md	315	KR4h0117_WYG_276-20b
281.md	323	KR4h0117_WYG_276-21a
281.md	331	KR4h0117_WYG_276-21b
281.md	339	KR4h0117_WYG_276-22a
281.md	347	KR4h0117_WYG_276-22b
281.md	355	KR4h0117_WYG_276-23a
281.md	363	KR4h0117_WYG_276-23b
281.md	371	KR4h0117_WYG_276-24a
281.md	379	KR4h0117_WYG_276-24b
281.md	387	KR4h0117_WYG_276-25a
281.md	395	KR4h0117_WYG_276-25b
281.md	403	KR4h0117_WYG_276-26a
281.md	411	KR4h0117_WYG_276-26b
281.md	419	KR4h0117_WYG_276-27a
281.md	427	KR4h0117_WYG_276-27b
281.md	435	KR4h0117_WYG_276-28a
281.md	443	KR4h0117_WYG_276-28b
282.md	3	KR4h0117_WYG_277-1a
282.md	11	KR4h0117_WYG_277-1b
282.md	19	KR4h0117_WYG_277-2a
282.md	27	KR4h0117_WYG_277-2b
282.md	35	KR4h0117_WYG_277-3a
282.md	43	KR4h0117_WYG_277-3b
282.md	51	KR4h0117_WYG_277-4a
282.md	59	KR4h0117_WYG_277-4b
282.md	67	KR4h0117_WYG_277-5a
282.md	75	KR4h0117_WYG_277-5b
282.md	83	KR4h0117_WYG_277-6a
282.md	91	KR4h0117_WYG_277-6b
282.md	99	KR4h0117_WYG_277-7a
282.md	107	KR4h0117_WYG_277-7b
282.md	115	KR4h0117_WYG_277-8a
282.md	123	KR4h0117_WYG_277-8b
282.md	131	KR4h0117_WYG_277-9a
282.md	139	KR4h0117_WYG_277-9b
282.md	147	KR4h0117_WYG_277-10a
282.md	155	KR4h0117_WYG_277-10b
282.md	163	KR4h0117_WYG_277-11a
282.md	171	KR4h0117_WYG_277-11b
282.md	179	KR4h0117_WYG_277-12a
282.md	187	KR4h0117_WYG_277-12b
283.md	3	KR4h0117_WYG_278-1a
283.md	11	KR4h0117_WYG_278-1b
283.md	19	KR4h0117_WYG_278-2a
283.md	27	KR4h0117_WYG_278-2b
283.md	35	KR4h0117_WYG_278-3a
283.md	43	KR4h0117_WYG_278-3b
283.md	51	KR4h0117_WYG_278-4a
283.md	59	KR4h0117_WYG_278-4b
283.md	67	KR4h0117_WYG_278-5a
283.md	75	KR4h0117_WYG_278-5b
283.md	83	KR4h0117_WYG_278-6a
283.md	91	KR4h0117_WYG_278-6b
283.md	99	KR4h0117_WYG_278-7a
283.md	107	KR4h0117_WYG_278-7b
283.md	115	KR4h0117_WYG_278-8a
283.md	123	KR4h0117_WYG_278-8b
283.md	131	KR4h0117_WYG_278-9a
283.md	139	KR4h0117_WYG_278-9b
283.md	147	KR4h0117_WYG_278-10a
283.md	155	KR4h0117_WYG_278-10b
283.md	163	KR4h0117_WYG_278-11a
283.md	171	KR4h0117_WYG_278-11b
283.md	179	KR4h0117_WYG_278-12a
283.md	187	KR4h0117_WYG_278-12b
283.md	195	KR4h0117_WYG_278-13a
283.md	203	KR4h0117_WYG_278-13b
283.md	211	KR4h0117_WYG_278-14a
283.md	219	KR4h0117_WYG_278-14b
283.md	227	KR4h0117_WYG_278-15a
283.md	235	KR4h0117_WYG_278-15b
283.md	243	KR4h0117_WYG_278-16a
283.md	251	KR4h0117_WYG_278-16b
283.md	259	KR4h0117_WYG_278-17a
283.md	267	KR4h0117_WYG_278-17b
283.md	275	KR4h0117_WYG_278-18a
283.md	283	KR4h0117_WYG_278-18b
283.md	291	KR4h0117_WYG_278-19a
283.md	299	KR4h0117_WYG_278-19b
283.md	307	KR4h0117_WYG_278-20a
283.md	315	KR4h0117_WYG_278-20b
283.md	323	KR4h0117_WYG_278-21a
283.md	331	KR4h0117_WYG_278-21b
283.md	339	KR4h0117_WYG_278-22a
283.md	347	KR4h0117_WYG_278-22b
283.md	355	KR4h0117_WYG_278-23a
283.md	363	KR4h0117_WYG_278-23b
283.md	371	KR4h0117_WYG_278-24a
283.md	379	KR4h0117_WYG_278-24b
283.md	387	KR4h0117_WYG_278-25a
283.md	395	KR4h0117_WYG_278-25b
283.md	403	KR4h0117_WYG_278-26a
283.md	411	KR4h0117_WYG_278-26b
283.md	419	KR4h0117_WYG_278-27a
283.md	427	KR4h0117_WYG_278-27b
283.md	435	KR4h0117_WYG_278-28a
283.md	443	KR4h0117_WYG_278-28b
283.md	451	KR4h0117_WYG_278-29a
283.md	459	KR4h0117_WYG_278-29b
283.md	467	KR4h0117_WYG_278-30a
283.md	475	KR4h0117_WYG_278-30b
283.md	483	KR4h0117_WYG_278-31a
283.md	491	KR4h0117_WYG_278-31b
283.md	499	KR4h0117_WYG_278-32a
283.md	507	KR4h0117_WYG_278-32b
283.md	515	KR4h0117_WYG_278-33a
283.md	523	KR4h0117_WYG_278-33b
283.md	531	KR4h0117_WYG_278-34a
283.md	539	KR4h0117_WYG_278-34b
283.md	547	KR4h0117_WYG_278-35a
283.md	555	KR4h0117_WYG_278-35b
283.md	563	KR4h0117_WYG_278-36a
283.md	571	KR4h0117_WYG_278-36b
283.md	579	KR4h0117_WYG_278-37a
283.md	587	KR4h0117_WYG_278-37b
283.md	595	KR4h0117_WYG_278-38a
283.md	603	KR4h0117_WYG_278-38b
283.md	611	KR4h0117_WYG_278-39a
283.md	619	KR4h0117_WYG_278-39b
283.md	627	KR4h0117_WYG_278-40a
283.md	635	KR4h0117_WYG_278-40b
283.md	643	KR4h0117_WYG_278-41a
283.md	651	KR4h0117_WYG_278-41b
284.md	3	KR4h0117_WYG_279-1a
284.md	11	KR4h0117_WYG_279-1b
284.md	19	KR4h0117_WYG_279-2a
284.md	27	KR4h0117_WYG_279-2b
284.md	35	KR4h0117_WYG_279-3a
284.md	43	KR4h0117_WYG_279-3b
284.md	51	KR4h0117_WYG_279-4a
284.md	59	KR4h0117_WYG_279-4b
284.md	67	KR4h0117_WYG_279-5a
284.md	75	KR4h0117_WYG_279-5b
284.md	83	KR4h0117_WYG_279-6a
284.md	91	KR4h0117_WYG_279-6b
284.md	99	KR4h0117_WYG_279-7a
284.md	107	KR4h0117_WYG_279-7b
284.md	115	KR4h0117_WYG_279-8a
284.md	123	KR4h0117_WYG_279-8b
284.md	131	KR4h0117_WYG_279-9a
284.md	139	KR4h0117_WYG_279-9b
284.md	147	KR4h0117_WYG_279-10a
284.md	155	KR4h0117_WYG_279-10b
284.md	163	KR4h0117_WYG_279-11a
284.md	171	KR4h0117_WYG_279-11b
284.md	179	KR4h0117_WYG_279-12a
284.md	187	KR4h0117_WYG_279-12b
284.md	195	KR4h0117_WYG_279-13a
284.md	203	KR4h0117_WYG_279-13b
284.md	211	KR4h0117_WYG_279-14a
284.md	219	KR4h0117_WYG_279-14b
284.md	227	KR4h0117_WYG_279-15a
284.md	235	KR4h0117_WYG_279-15b
284.md	243	KR4h0117_WYG_279-16a
284.md	251	KR4h0117_WYG_279-16b
284.md	259	KR4h0117_WYG_279-17a
284.md	267	KR4h0117_WYG_279-17b
284.md	275	KR4h0117_WYG_279-18a
284.md	283	KR4h0117_WYG_279-18b
284.md	291	KR4h0117_WYG_279-19a
284.md	299	KR4h0117_WYG_279-19b
284.md	307	KR4h0117_WYG_279-20a
284.md	315	KR4h0117_WYG_279-20b
284.md	323	KR4h0117_WYG_279-21a
284.md	331	KR4h0117_WYG_279-21b
284.md	339	KR4h0117_WYG_279-22a
284.md	347	KR4h0117_WYG_279-22b
284.md	355	KR4h0117_WYG_279-23a
284.md	363	KR4h0117_WYG_279-23b
284.md	371	KR4h0117_WYG_279-24a
284.md	379	KR4h0117_WYG_279-24b
284.md	387	KR4h0117_WYG_279-25a
284.md	395	KR4h0117_WYG_279-25b
284.md	403	KR4h0117_WYG_279-26a
284.md	411	KR4h0117_WYG_279-26b
284.md	419	KR4h0117_WYG_279-27a
284.md	427	KR4h0117_WYG_279-27b
284.md	435	KR4h0117_WYG_279-28a
284.md	443	KR4h0117_WYG_279-28b
284.md	451	KR4h0117_WYG_279-29a
284.md	459	KR4h0117_WYG_279-29b
284.md	467	KR4h0117_WYG_279-30a
284.md	475	KR4h0117_WYG_279-30b
284.md	483	KR4h0117_WYG_279-31a
284.md	491	KR4h0117_WYG_279-31b
284.md	499	KR4h0117_WYG_279-32a
284.md	507	KR4h0117_WYG_279-32b
284.md	515	KR4h0117_WYG_279-33a
284.md	523	KR4h0117_WYG_279-33b
284.md	531	KR4h0117_WYG_279-34a
284.md	539	KR4h0117_WYG_279-34b
284.md	547	KR4h0117_WYG_279-35a
284.md	555	KR4h0117_WYG_279-35b
284.md	563	KR4h0117_WYG_279-36a
284.md	571	KR4h0117_WYG_279-36b
284.md	579	KR4h0117_WYG_279-37a
284.md	587	KR4h0117_WYG_279-37b
284.md	595	KR4h0117_WYG_279-38a
284.md	603	KR4h0117_WYG_279-38b
284.md	611	KR4h0117_WYG_279-39a
284.md	619	KR4h0117_WYG_279-39b
284.md	627	KR4h0117_WYG_279-40a
284.md	635	KR4h0117_WYG_279-40b
284.md	643	KR4h0117_WYG_279-41a
284.md	651	KR4h0117_WYG_279-41b
284.md	659	KR4h0117_WYG_279-42a
284.md	667	KR4h0117_WYG_279-42b
284.md	675	KR4h0117_WYG_279-43a
284.md	683	KR4h0117_WYG_279-43b
284.md	691	KR4h0117_WYG_279-44a
284.md	699	KR4h0117_WYG_279-44b
284.md	707	KR4h0117_WYG_279-45a
284.md	715	KR4h0117_WYG_279-45b
284.md	723	KR4h0117_WYG_279-46a
284.md	731	KR4h0117_WYG_279-46b
284.md	739	KR4h0117_WYG_279-47a
284.md	747	KR4h0117_WYG_279-47b
284.md	755	KR4h0117_WYG_279-48a
284.md	763	KR4h0117_WYG_279-48b
284.md	771	KR4h0117_WYG_279-49a
284.md	779	KR4h0117_WYG_279-49b
284.md	787	KR4h0117_WYG_279-50a
284.md	795	KR4h0117_WYG_279-50b
284.md	803	KR4h0117_WYG_279-51a
284.md	811	KR4h0117_WYG_279-51b
284.md	819	KR4h0117_WYG_279-52a
284.md	827	KR4h0117_WYG_279-52b
284.md	835	KR4h0117_WYG_279-53a
284.md	843	KR4h0117_WYG_279-53b
284.md	851	KR4h0117_WYG_279-54a
284.md	859	KR4h0117_WYG_279-54b
284.md	867	KR4h0117_WYG_279-55a
284.md	875	KR4h0117_WYG_279-55b
284.md	883	KR4h0117_WYG_279-56a
284.md	891	KR4h0117_WYG_279-56b
284.md	899	KR4h0117_WYG_279-57a
284.md	907	KR4h0117_WYG_279-57b
284.md	915	KR4h0117_WYG_279-58a
284.md	923	KR4h0117_WYG_279-58b
284.md	931	KR4h0117_WYG_279-59a
284.md	939	KR4h0117_WYG_279-59b
284.md	947	KR4h0117_WYG_279-60a
284.md	955	KR4h0117_WYG_279-60b
284.md	963	KR4h0117_WYG_279-61a
284.md	971	KR4h0117_WYG_279-61b
284.md	979	KR4h0117_WYG_279-62a
284.md	987	KR4h0117_WYG_279-62b
284.md	995	KR4h0117_WYG_279-63a
284.md	1003	KR4h0117_WYG_279-63b
284.md	1011	KR4h0117_WYG_279-64a
284.md	1019	KR4h0117_WYG_279-64b
284.md	1027	KR4h0117_WYG_279-65a
284.md	1035	KR4h0117_WYG_279-65b
284.md	1043	KR4h0117_WYG_279-66a
284.md	1051	KR4h0117_WYG_279-66b
284.md	1059	KR4h0117_WYG_279-67a
284.md	1067	KR4h0117_WYG_279-67b
284.md	1075	KR4h0117_WYG_279-68a
284.md	1083	KR4h0117_WYG_279-68b
284.md	1091	KR4h0117_WYG_279-69a
284.md	1099	KR4h0117_WYG_279-69b
284.md	1107	KR4h0117_WYG_279-70a
284.md	1115	KR4h0117_WYG_279-70b
284.md	1123	KR4h0117_WYG_279-71a
284.md	1131	KR4h0117_WYG_279-71b
285.md	3	KR4h0117_WYG_280-1a
285.md	11	KR4h0117_WYG_280-1b
285.md	19	KR4h0117_WYG_280-2a
285.md	27	KR4h0117_WYG_280-2b
285.md	35	KR4h0117_WYG_280-3a
285.md	43	KR4h0117_WYG_280-3b
285.md	51	KR4h0117_WYG_280-4a
285.md	59	KR4h0117_WYG_280-4b
285.md	67	KR4h0117_WYG_280-5a
285.md	75	KR4h0117_WYG_280-5b
285.md	83	KR4h0117_WYG_280-6a
285.md	91	KR4h0117_WYG_280-6b
285.md	99	KR4h0117_WYG_280-7a
285.md	107	KR4h0117_WYG_280-7b
285.md	115	KR4h0117_WYG_280-8a
285.md	123	KR4h0117_WYG_280-8b
285.md	131	KR4h0117_WYG_280-9a
285.md	139	KR4h0117_WYG_280-9b
285.md	147	KR4h0117_WYG_280-10a
285.md	155	KR4h0117_WYG_280-10b
285.md	163	KR4h0117_WYG_280-11a
285.md	171	KR4h0117_WYG_280-11b
285.md	179	KR4h0117_WYG_280-12a
285.md	187	KR4h0117_WYG_280-12b
285.md	195	KR4h0117_WYG_280-13a
285.md	203	KR4h0117_WYG_280-13b
285.md	211	KR4h0117_WYG_280-14a
285.md	219	KR4h0117_WYG_280-14b
285.md	227	KR4h0117_WYG_280-15a
285.md	235	KR4h0117_WYG_280-15b
285.md	243	KR4h0117_WYG_280-16a
285.md	251	KR4h0117_WYG_280-16b
285.md	259	KR4h0117_WYG_280-17a
285.md	267	KR4h0117_WYG_280-17b
285.md	275	KR4h0117_WYG_280-18a
285.md	283	KR4h0117_WYG_280-18b
285.md	291	KR4h0117_WYG_280-19a
285.md	299	KR4h0117_WYG_280-19b
285.md	307	KR4h0117_WYG_280-20a
285.md	315	KR4h0117_WYG_280-20b
285.md	323	KR4h0117_WYG_280-21a
285.md	331	KR4h0117_WYG_280-21b
285.md	339	KR4h0117_WYG_280-22a
285.md	347	KR4h0117_WYG_280-22b
285.md	355	KR4h0117_WYG_280-23a
285.md	363	KR4h0117_WYG_280-23b
285.md	371	KR4h0117_WYG_280-24a
285.md	379	KR4h0117_WYG_280-24b
285.md	387	KR4h0117_WYG_280-25a
285.md	395	KR4h0117_WYG_280-25b
285.md	403	KR4h0117_WYG_280-26a
285.md	411	KR4h0117_WYG_280-26b
285.md	419	KR4h0117_WYG_280-27a
285.md	427	KR4h0117_WYG_280-27b
285.md	435	KR4h0117_WYG_280-28a
285.md	443	KR4h0117_WYG_280-28b
285.md	451	KR4h0117_WYG_280-29a
285.md	459	KR4h0117_WYG_280-29b
285.md	467	KR4h0117_WYG_280-30a
285.md	475	KR4h0117_WYG_280-30b
285.md	483	KR4h0117_WYG_280-31a
285.md	491	KR4h0117_WYG_280-31b
285.md	499	KR4h0117_WYG_280-32a
285.md	507	KR4h0117_WYG_280-32b
285.md	515	KR4h0117_WYG_280-33a
285.md	523	KR4h0117_WYG_280-33b
285.md	531	KR4h0117_WYG_280-34a
285.md	539	KR4h0117_WYG_280-34b
285.md	547	KR4h0117_WYG_280-35a
285.md	555	KR4h0117_WYG_280-35b
285.md	563	KR4h0117_WYG_280-36a
285.md	571	KR4h0117_WYG_280-36b
285.md	579	KR4h0117_WYG_280-37a
285.md	587	KR4h0117_WYG_280-37b
285.md	595	KR4h0117_WYG_280-38a
285.md	603	KR4h0117_WYG_280-38b
285.md	611	KR4h0117_WYG_280-39a
285.md	619	KR4h0117_WYG_280-39b
285.md	627	KR4h0117_WYG_280-40a
285.md	635	KR4h0117_WYG_280-40b
285.md	643	KR4h0117_WYG_280-41a
285.md	651	KR4h0117_WYG_280-41b
285.md	659	KR4h0117_WYG_280-42a
285.md	667	KR4h0117_WYG_280-42b
285.md	675	KR4h0117_WYG_280-43a
285.md	683	KR4h0117_WYG_280-43b
285.md	691	KR4h0117_WYG_280-44a
285.md	699	KR4h0117_WYG_280-44b
285.md	707	KR4h0117_WYG_280-45a
285.md	715	KR4h0117_WYG_280-45b
285.md	723	KR4h0117_WYG_280-46a
285.md	731	KR4h0117_WYG_280-46b
285.md	739	KR4h0117_WYG_280-47a
285.md	747	KR4h0117_WYG_280-47b
285.md	755	KR4h0117_WYG_280-48a
285.md	763	KR4h0117_WYG_280-48b
285.md	771	KR4h0117_WYG_280-49a
285.md	779	KR4h0117_WYG_280-49b
285.md	787	KR4h0117_WYG_280-50a
285.md	795	KR4h0117_WYG_280-50b
285.md	803	KR4h0117_WYG_280-51a
285.md	811	KR4h0117_WYG_280-51b
285.md	819	KR4h0117_WYG_280-52a
285.md	827	KR4h0117_WYG_280-52b
285.md	835	KR4h0117_WYG_280-53a
285.md	843	KR4h0117_WYG_280-53b
286.md	3	KR4h0117_WYG_281-1a
286.md	11	KR4h0117_WYG_281-1b
286.md	19	KR4h0117_WYG_281-2a
286.md	27	KR4h0117_WYG_281-2b
286.md	35	KR4h0117_WYG_281-3a
286.md	43	KR4h0117_WYG_281-3b
286.md	51	KR4h0117_WYG_281-4a
286.md	59	KR4h0117_WYG_281-4b
286.md	67	KR4h0117_WYG_281-5a
286.md	75	KR4h0117_WYG_281-5b
286.md	83	KR4h0117_WYG_281-6a
286.md	91	KR4h0117_WYG_281-6b
286.md	99	KR4h0117_WYG_281-7a
286.md	107	KR4h0117_WYG_281-7b
286.md	115	KR4h0117_WYG_281-8a
286.md	123	KR4h0117_WYG_281-8b
286.md	131	KR4h0117_WYG_281-9a
286.md	139	KR4h0117_WYG_281-9b
286.md	147	KR4h0117_WYG_281-10a
286.md	155	KR4h0117_WYG_281-10b
286.md	163	KR4h0117_WYG_281-11a
286.md	171	KR4h0117_WYG_281-11b
286.md	179	KR4h0117_WYG_281-12a
286.md	187	KR4h0117_WYG_281-12b
286.md	195	KR4h0117_WYG_281-13a
286.md	203	KR4h0117_WYG_281-13b
286.md	211	KR4h0117_WYG_281-14a
286.md	219	KR4h0117_WYG_281-14b
286.md	227	KR4h0117_WYG_281-15a
286.md	235	KR4h0117_WYG_281-15b
286.md	243	KR4h0117_WYG_281-16a
286.md	251	KR4h0117_WYG_281-16b
286.md	259	KR4h0117_WYG_281-17a
286.md	267	KR4h0117_WYG_281-17b
286.md	275	KR4h0117_WYG_281-18a
286.md	283	KR4h0117_WYG_281-18b
286.md	291	KR4h0117_WYG_281-19a
286.md	299	KR4h0117_WYG_281-19b
286.md	307	KR4h0117_WYG_281-20a
286.md	315	KR4h0117_WYG_281-20b
286.md	323	KR4h0117_WYG_281-21a
286.md	331	KR4h0117_WYG_281-21b
286.md	339	KR4h0117_WYG_281-22a
286.md	347	KR4h0117_WYG_281-22b
286.md	355	KR4h0117_WYG_281-23a
286.md	363	KR4h0117_WYG_281-23b
286.md	371	KR4h0117_WYG_281-24a
286.md	379	KR4h0117_WYG_281-24b
286.md	387	KR4h0117_WYG_281-25a
286.md	395	KR4h0117_WYG_281-25b
286.md	403	KR4h0117_WYG_281-26a
286.md	411	KR4h0117_WYG_281-26b
286.md	419	KR4h0117_WYG_281-27a
286.md	427	KR4h0117_WYG_281-27b
286.md	435	KR4h0117_WYG_281-28a
286.md	443	KR4h0117_WYG_281-28b
286.md	451	KR4h0117_WYG_281-29a
286.md	459	KR4h0117_WYG_281-29b
286.md	467	KR4h0117_WYG_281-30a
286.md	475	KR4h0117_WYG_281-30b
286.md	483	KR4h0117_WYG_281-31a
286.md	491	KR4h0117_WYG_281-31b
287.md	3	KR4h0117_WYG_282-1a
287.md	11	KR4h0117_WYG_282-1b
287.md	19	KR4h0117_WYG_282-2a
287.md	27	KR4h0117_WYG_282-2b
287.md	35	KR4h0117_WYG_282-3a
287.md	43	KR4h0117_WYG_282-3b
287.md	51	KR4h0117_WYG_282-4a
287.md	59	KR4h0117_WYG_282-4b
287.md	67	KR4h0117_WYG_282-5a
287.md	75	KR4h0117_WYG_282-5b
287.md	83	KR4h0117_WYG_282-6a
287.md	91	KR4h0117_WYG_282-6b
287.md	99	KR4h0117_WYG_282-7a
287.md	107	KR4h0117_WYG_282-7b
287.md	115	KR4h0117_WYG_282-8a
287.md	123	KR4h0117_WYG_282-8b
287.md	131	KR4h0117_WYG_282-9a
287.md	139	KR4h0117_WYG_282-9b
287.md	147	KR4h0117_WYG_282-10a
287.md	155	KR4h0117_WYG_282-10b
287.md	163	KR4h0117_WYG_282-11a
287.md	171	KR4h0117_WYG_282-11b
287.md	179	KR4h0117_WYG_282-12a
287.md	187	KR4h0117_WYG_282-12b
287.md	195	KR4h0117_WYG_282-13a
287.md	203	KR4h0117_WYG_282-13b
287.md	211	KR4h0117_WYG_282-14a
287.md	219	KR4h0117_WYG_282-14b
287.md	227	KR4h0117_WYG_282-15a
287.md	235	KR4h0117_WYG_282-15b
287.md	243	KR4h0117_WYG_282-16a
287.md	251	KR4h0117_WYG_282-16b
287.md	259	KR4h0117_WYG_282-17a
287.md	267	KR4h0117_WYG_282-17b
287.md	275	KR4h0117_WYG_282-18a
287.md	283	KR4h0117_WYG_282-18b
287.md	291	KR4h0117_WYG_282-19a
287.md	299	KR4h0117_WYG_282-19b
287.md	307	KR4h0117_WYG_282-20a
287.md	315	KR4h0117_WYG_282-20b
288.md	3	KR4h0117_WYG_283-1a
288.md	11	KR4h0117_WYG_283-1b
288.md	19	KR4h0117_WYG_283-2a
288.md	27	KR4h0117_WYG_283-2b
288.md	35	KR4h0117_WYG_283-3a
288.md	43	KR4h0117_WYG_283-3b
288.md	51	KR4h0117_WYG_283-4a
288.md	59	KR4h0117_WYG_283-4b
288.md	67	KR4h0117_WYG_283-5a
288.md	75	KR4h0117_WYG_283-5b
288.md	83	KR4h0117_WYG_283-6a
288.md	91	KR4h0117_WYG_283-6b
288.md	99	KR4h0117_WYG_283-7a
288.md	107	KR4h0117_WYG_283-7b
288.md	115	KR4h0117_WYG_283-8a
288.md	123	KR4h0117_WYG_283-8b
288.md	131	KR4h0117_WYG_283-9a
288.md	139	KR4h0117_WYG_283-9b
288.md	147	KR4h0117_WYG_283-10a
288.md	155	KR4h0117_WYG_283-10b
288.md	163	KR4h0117_WYG_283-11a
288.md	171	KR4h0117_WYG_283-11b
288.md	179	KR4h0117_WYG_283-12a
288.md	187	KR4h0117_WYG_283-12b
288.md	195	KR4h0117_WYG_283-13a
288.md	203	KR4h0117_WYG_283-13b
288.md	211	KR4h0117_WYG_283-14a
288.md	219	KR4h0117_WYG_283-14b
288.md	227	KR4h0117_WYG_283-15a
288.md	235	KR4h0117_WYG_283-15b
289.md	3	KR4h0117_WYG_284-1a
289.md	11	KR4h0117_WYG_284-1b
289.md	19	KR4h0117_WYG_284-2a
289.md	27	KR4h0117_WYG_284-2b
289.md	35	KR4h0117_WYG_284-3a
289.md	43	KR4h0117_WYG_284-3b
289.md	51	KR4h0117_WYG_284-4a
289.md	59	KR4h0117_WYG_284-4b
289.md	67	KR4h0117_WYG_284-5a
289.md	75	KR4h0117_WYG_284-5b
289.md	83	KR4h0117_WYG_284-6a
289.md	91	KR4h0117_WYG_284-6b
289.md	99	KR4h0117_WYG_284-7a
289.md	107	KR4h0117_WYG_284-7b
289.md	115	KR4h0117_WYG_284-8a
289.md	123	KR4h0117_WYG_284-8b
289.md	131	KR4h0117_WYG_284-9a
289.md	139	KR4h0117_WYG_284-9b
289.md	147	KR4h0117_WYG_284-10a
289.md	155	KR4h0117_WYG_284-10b
289.md	163	KR4h0117_WYG_284-11a
289.md	171	KR4h0117_WYG_284-11b
289.md	179	KR4h0117_WYG_284-12a
289.md	187	KR4h0117_WYG_284-12b
290.md	3	KR4h0117_WYG_285-1a
290.md	11	KR4h0117_WYG_285-1b
290.md	19	KR4h0117_WYG_285-2a
290.md	27	KR4h0117_WYG_285-2b
290.md	35	KR4h0117_WYG_285-3a
290.md	43	KR4h0117_WYG_285-3b
290.md	51	KR4h0117_WYG_285-4a
290.md	59	KR4h0117_WYG_285-4b
290.md	67	KR4h0117_WYG_285-5a
290.md	75	KR4h0117_WYG_285-5b
290.md	83	KR4h0117_WYG_285-6a
290.md	91	KR4h0117_WYG_285-6b
290.md	99	KR4h0117_WYG_285-7a
290.md	107	KR4h0117_WYG_285-7b
290.md	115	KR4h0117_WYG_285-8a
290.md	123	KR4h0117_WYG_285-8b
290.md	131	KR4h0117_WYG_285-9a
290.md	139	KR4h0117_WYG_285-9b
290.md	147	KR4h0117_WYG_285-10a
290.md	155	KR4h0117_WYG_285-10b
290.md	163	KR4h0117_WYG_285-11a
290.md	171	KR4h0117_WYG_285-11b
290.md	179	KR4h0117_WYG_285-12a
290.md	187	KR4h0117_WYG_285-12b
290.md	195	KR4h0117_WYG_285-13a
290.md	203	KR4h0117_WYG_285-13b
290.md	211	KR4h0117_WYG_285-14a
290.md	219	KR4h0117_WYG_285-14b
290.md	227	KR4h0117_WYG_285-15a
290.md	235	KR4h0117_WYG_285-15b
290.md	243	KR4h0117_WYG_285-16a
290.md	251	KR4h0117_WYG_285-16b
290.md	259	KR4h0117_WYG_285-17a
290.md	267	KR4h0117_WYG_285-17b
291.md	3	KR4h0117_WYG_286-1a
291.md	11	KR4h0117_WYG_286-1b
291.md	19	KR4h0117_WYG_286-2a
291.md	27	KR4h0117_WYG_286-2b
291.md	35	KR4h0117_WYG_286-3a
291.md	43	KR4h0117_WYG_286-3b
291.md	51	KR4h0117_WYG_286-4a
291.md	59	KR4h0117_WYG_286-4b
291.md	67	KR4h0117_WYG_286-5a
291.md	75	KR4h0117_WYG_286-5b
291.md	83	KR4h0117_WYG_286-6a
291.md	91	KR4h0117_WYG_286-6b
291.md	99	KR4h0117_WYG_286-7a
291.md	107	KR4h0117_WYG_286-7b
291.md	115	KR4h0117_WYG_286-8a
291.md	123	KR4h0117_WYG_286-8b
291.md	131	KR4h0117_WYG_286-9a
291.md	139	KR4h0117_WYG_286-9b
291.md	147	KR4h0117_WYG_286-10a
291.md	155	KR4h0117_WYG_286-10b
291.md	163	KR4h0117_WYG_286-11a
291.md	171	KR4h0117_WYG_286-11b
291.md	179	KR4h0117_WYG_286-12a
291.md	187	KR4h0117_WYG_286-12b
291.md	195	KR4h0117_WYG_286-13a
291.md	203	KR4h0117_WYG_286-13b
291.md	211	KR4h0117_WYG_286-14a
291.md	219	KR4h0117_WYG_286-14b
291.md	227	KR4h0117_WYG_286-15a
291.md	235	KR4h0117_WYG_286-15b
291.md	243	KR4h0117_WYG_286-16a
291.md	251	KR4h0117_WYG_286-16b
291.md	259	KR4h0117_WYG_286-17a
291.md	267	KR4h0117_WYG_286-17b
292.md	3	KR4h0117_WYG_287-1a
292.md	11	KR4h0117_WYG_287-1b
292.md	19	KR4h0117_WYG_287-2a
292.md	27	KR4h0117_WYG_287-2b
292.md	35	KR4h0117_WYG_287-3a
292.md	43	KR4h0117_WYG_287-3b
292.md	51	KR4h0117_WYG_287-4a
292.md	59	KR4h0117_WYG_287-4b
292.md	67	KR4h0117_WYG_287-5a
292.md	75	KR4h0117_WYG_287-5b
292.md	83	KR4h0117_WYG_287-6a
292.md	91	KR4h0117_WYG_287-6b
292.md	99	KR4h0117_WYG_287-7a
292.md	107	KR4h0117_WYG_287-7b
292.md	115	KR4h0117_WYG_287-8a
292.md	123	KR4h0117_WYG_287-8b
292.md	131	KR4h0117_WYG_287-9a
292.md	139	KR4h0117_WYG_287-9b
292.md	147	KR4h0117_WYG_287-10a
292.md	155	KR4h0117_WYG_287-10b
292.md	163	KR4h0117_WYG_287-11a
292.md	171	KR4h0117_WYG_287-11b
292.md	179	KR4h0117_WYG_287-12a
292.md	187	KR4h0117_WYG_287-12b
292.md	195	KR4h0117_WYG_287-13a
292.md	203	KR4h0117_WYG_287-13b
292.md	211	KR4h0117_WYG_287-14a
292.md	219	KR4h0117_WYG_287-14b
292.md	227	KR4h0117_WYG_287-15a
292.md	235	KR4h0117_WYG_287-15b
293.md	3	KR4h0117_WYG_288-1a
293.md	11	KR4h0117_WYG_288-1b
293.md	19	KR4h0117_WYG_288-2a
293.md	27	KR4h0117_WYG_288-2b
293.md	35	KR4h0117_WYG_288-3a
293.md	43	KR4h0117_WYG_288-3b
293.md	51	KR4h0117_WYG_288-4a
293.md	59	KR4h0117_WYG_288-4b
293.md	67	KR4h0117_WYG_288-5a
293.md	75	KR4h0117_WYG_288-5b
293.md	83	KR4h0117_WYG_288-6a
293.md	91	KR4h0117_WYG_288-6b
293.md	99	KR4h0117_WYG_288-7a
293.md	107	KR4h0117_WYG_288-7b
293.md	115	KR4h0117_WYG_288-8a
293.md	123	KR4h0117_WYG_288-8b
293.md	131	KR4h0117_WYG_288-9a
293.md	139	KR4h0117_WYG_288-9b
293.md	147	KR4h0117_WYG_288-10a
293.md	155	KR4h0117_WYG_288-10b
293.md	163	KR4h0117_WYG_288-11a
293.md	171	KR4h0117_WYG_288-11b
293.md	179	KR4h0117_WYG_288-12a
293.md	187	KR4h0117_WYG_288-12b
293.md	195	KR4h0117_WYG_288-13a
293.md	203	KR4h0117_WYG_288-13b
293.md	211	KR4h0117_WYG_288-14a
293.md	219	KR4h0117_WYG_288-14b
293.md	227	KR4h0117_WYG_288-15a
293.md	235	KR4h0117_WYG_288-15b
293.md	243	KR4h0117_WYG_288-16a
293.md	251	KR4h0117_WYG_288-16b
293.md	259	KR4h0117_WYG_288-17a
293.md	267	KR4h0117_WYG_288-17b
293.md	275	KR4h0117_WYG_288-18a
293.md	283	KR4h0117_WYG_288-18b
293.md	291	KR4h0117_WYG_288-19a
293.md	299	KR4h0117_WYG_288-19b
293.md	307	KR4h0117_WYG_288-20a
293.md	315	KR4h0117_WYG_288-20b
293.md	323	KR4h0117_WYG_288-21a
293.md	331	KR4h0117_WYG_288-21b
293.md	339	KR4h0117_WYG_288-22a
293.md	347	KR4h0117_WYG_288-22b
293.md	355	KR4h0117_WYG_288-23a
293.md	363	KR4h0117_WYG_288-23b
293.md	371	KR4h0117_WYG_288-24a
293.md	379	KR4h0117_WYG_288-24b
293.md	387	KR4h0117_WYG_288-25a
293.md	395	KR4h0117_WYG_288-25b
293.md	403	KR4h0117_WYG_288-26a
293.md	411	KR4h0117_WYG_288-26b
293.md	419	KR4h0117_WYG_288-27a
293.md	427	KR4h0117_WYG_288-27b
293.md	435	KR4h0117_WYG_288-28a
293.md	443	KR4h0117_WYG_288-28b
293.md	451	KR4h0117_WYG_288-29a
293.md	459	KR4h0117_WYG_288-29b
293.md	467	KR4h0117_WYG_288-30a
293.md	475	KR4h0117_WYG_288-30b
293.md	483	KR4h0117_WYG_288-31a
293.md	491	KR4h0117_WYG_288-31b
293.md	499	KR4h0117_WYG_288-32a
293.md	507	KR4h0117_WYG_288-32b
293.md	515	KR4h0117_WYG_288-33a
293.md	523	KR4h0117_WYG_288-33b
293.md	531	KR4h0117_WYG_288-34a
293.md	539	KR4h0117_WYG_288-34b
293.md	547	KR4h0117_WYG_288-35a
293.md	555	KR4h0117_WYG_288-35b
293.md	563	KR4h0117_WYG_288-36a
293.md	571	KR4h0117_WYG_288-36b
293.md	579	KR4h0117_WYG_288-37a
293.md	587	KR4h0117_WYG_288-37b
293.md	595	KR4h0117_WYG_288-38a
293.md	603	KR4h0117_WYG_288-38b
293.md	611	KR4h0117_WYG_288-39a
293.md	619	KR4h0117_WYG_288-39b
293.md	627	KR4h0117_WYG_288-40a
293.md	635	KR4h0117_WYG_288-40b
293.md	643	KR4h0117_WYG_288-41a
293.md	651	KR4h0117_WYG_288-41b
293.md	659	KR4h0117_WYG_288-42a
293.md	667	KR4h0117_WYG_288-42b
293.md	675	KR4h0117_WYG_288-43a
293.md	683	KR4h0117_WYG_288-43b
293.md	691	KR4h0117_WYG_288-44a
293.md	699	KR4h0117_WYG_288-44b
293.md	707	KR4h0117_WYG_288-45a
293.md	715	KR4h0117_WYG_288-45b
293.md	723	KR4h0117_WYG_288-46a
293.md	731	KR4h0117_WYG_288-46b
294.md	3	KR4h0117_WYG_289-1a
294.md	11	KR4h0117_WYG_289-1b
294.md	19	KR4h0117_WYG_289-2a
294.md	27	KR4h0117_WYG_289-2b
294.md	35	KR4h0117_WYG_289-3a
294.md	43	KR4h0117_WYG_289-3b
294.md	51	KR4h0117_WYG_289-4a
294.md	59	KR4h0117_WYG_289-4b
294.md	67	KR4h0117_WYG_289-5a
294.md	75	KR4h0117_WYG_289-5b
294.md	83	KR4h0117_WYG_289-6a
294.md	91	KR4h0117_WYG_289-6b
294.md	99	KR4h0117_WYG_289-7a
294.md	107	KR4h0117_WYG_289-7b
294.md	115	KR4h0117_WYG_289-8a
294.md	123	KR4h0117_WYG_289-8b
294.md	131	KR4h0117_WYG_289-9a
294.md	139	KR4h0117_WYG_289-9b
294.md	147	KR4h0117_WYG_289-10a
294.md	155	KR4h0117_WYG_289-10b
294.md	163	KR4h0117_WYG_289-11a
294.md	171	KR4h0117_WYG_289-11b
294.md	179	KR4h0117_WYG_289-12a
294.md	187	KR4h0117_WYG_289-12b
294.md	195	KR4h0117_WYG_289-13a
294.md	203	KR4h0117_WYG_289-13b
294.md	211	KR4h0117_WYG_289-14a
294.md	219	KR4h0117_WYG_289-14b
294.md	227	KR4h0117_WYG_289-15a
294.md	235	KR4h0117_WYG_289-15b
294.md	243	KR4h0117_WYG_289-16a
294.md	251	KR4h0117_WYG_289-16b
294.md	259	KR4h0117_WYG_289-17a
294.md	267	KR4h0117_WYG_289-17b
294.md	275	KR4h0117_WYG_289-18a
294.md	283	KR4h0117_WYG_289-18b
294.md	291	KR4h0117_WYG_289-19a
294.md	299	KR4h0117_WYG_289-19b
295.md	3	KR4h0117_WYG_290-1a
295.md	11	KR4h0117_WYG_290-1b
295.md	19	KR4h0117_WYG_290-2a
295.md	27	KR4h0117_WYG_290-2b
295.md	35	KR4h0117_WYG_290-3a
295.md	43	KR4h0117_WYG_290-3b
295.md	51	KR4h0117_WYG_290-4a
295.md	59	KR4h0117_WYG_290-4b
295.md	67	KR4h0117_WYG_290-5a
295.md	75	KR4h0117_WYG_290-5b
295.md	83	KR4h0117_WYG_290-6a
295.md	91	KR4h0117_WYG_290-6b
295.md	99	KR4h0117_WYG_290-7a
295.md	107	KR4h0117_WYG_290-7b
295.md	115	KR4h0117_WYG_290-8a
295.md	123	KR4h0117_WYG_290-8b
295.md	131	KR4h0117_WYG_290-9a
295.md	139	KR4h0117_WYG_290-9b
295.md	147	KR4h0117_WYG_290-10a
295.md	155	KR4h0117_WYG_290-10b
295.md	163	KR4h0117_WYG_290-11a
295.md	171	KR4h0117_WYG_290-11b
296.md	3	KR4h0117_WYG_291-1a
296.md	11	KR4h0117_WYG_291-1b
296.md	19	KR4h0117_WYG_291-2a
296.md	27	KR4h0117_WYG_291-2b
296.md	35	KR4h0117_WYG_291-3a
296.md	43	KR4h0117_WYG_291-3b
296.md	51	KR4h0117_WYG_291-4a
296.md	59	KR4h0117_WYG_291-4b
296.md	67	KR4h0117_WYG_291-5a
296.md	75	KR4h0117_WYG_291-5b
296.md	83	KR4h0117_WYG_291-6a
296.md	91	KR4h0117_WYG_291-6b
296.md	99	KR4h0117_WYG_291-7a
296.md	107	KR4h0117_WYG_291-7b
296.md	115	KR4h0117_WYG_291-8a
296.md	123	KR4h0117_WYG_291-8b
296.md	131	KR4h0117_WYG_291-9a
296.md	139	KR4h0117_WYG_291-9b
296.md	147	KR4h0117_WYG_291-10a
296.md	155	KR4h0117_WYG_291-10b
296.md	163	KR4h0117_WYG_291-11a
296.md	171	KR4h0117_WYG_291-11b
296.md	179	KR4h0117_WYG_291-12a
296.md	187	KR4h0117_WYG_291-12b
296.md	195	KR4h0117_WYG_291-13a
296.md	203	KR4h0117_WYG_291-13b
296.md	211	KR4h0117_WYG_291-14a
296.md	219	KR4h0117_WYG_291-14b
296.md	227	KR4h0117_WYG_291-15a
296.md	235	KR4h0117_WYG_291-15b
296.md	243	KR4h0117_WYG_291-16a
296.md	251	KR4h0117_WYG_291-16b
296.md	259	KR4h0117_WYG_291-17a
296.md	267	KR4h0117_WYG_291-17b
296.md	275	KR4h0117_WYG_291-18a
296.md	283	KR4h0117_WYG_291-18b
296.md	291	KR4h0117_WYG_291-19a
296.md	299	KR4h0117_WYG_291-19b
296.md	307	KR4h0117_WYG_291-20a
296.md	315	KR4h0117_WYG_291-20b
296.md	323	KR4h0117_WYG_291-21a
296.md	331	KR4h0117_WYG_291-21b
296.md	339	KR4h0117_WYG_291-22a
296.md	347	KR4h0117_WYG_291-22b
296.md	355	KR4h0117_WYG_291-23a
296.md	363	KR4h0117_WYG_291-23b
296.md	371	KR4h0117_WYG_291-24a
296.md	379	KR4h0117_WYG_291-24b
296.md	387	KR4h0117_WYG_291-25a
296.md	395	KR4h0117_WYG_291-25b
296.md	403	KR4h0117_WYG_291-26a
296.md	411	KR4h0117_WYG_291-26b
296.md	419	KR4h0117_WYG_291-27a
296.md	427	KR4h0117_WYG_291-27b
296.md	435	KR4h0117_WYG_291-28a
296.md	443	KR4h0117_WYG_291-28b
296.md	451	KR4h0117_WYG_291-29a
296.md	459	KR4h0117_WYG_291-29b
296.md	467	KR4h0117_WYG_291-30a
296.md	475	KR4h0117_WYG_291-30b
296.md	483	KR4h0117_WYG_291-31a
296.md	491	KR4h0117_WYG_291-31b
297.md	3	KR4h0117_WYG_292-1a
297.md	11	KR4h0117_WYG_292-1b
297.md	19	KR4h0117_WYG_292-2a
297.md	27	KR4h0117_WYG_292-2b
297.md	35	KR4h0117_WYG_292-3a
297.md	43	KR4h0117_WYG_292-3b
297.md	51	KR4h0117_WYG_292-4a
297.md	59	KR4h0117_WYG_292-4b
297.md	67	KR4h0117_WYG_292-5a
297.md	75	KR4h0117_WYG_292-5b
297.md	83	KR4h0117_WYG_292-6a
297.md	91	KR4h0117_WYG_292-6b
297.md	99	KR4h0117_WYG_292-7a
297.md	107	KR4h0117_WYG_292-7b
297.md	115	KR4h0117_WYG_292-8a
297.md	123	KR4h0117_WYG_292-8b
297.md	131	KR4h0117_WYG_292-9a
297.md	139	KR4h0117_WYG_292-9b
297.md	147	KR4h0117_WYG_292-10a
297.md	155	KR4h0117_WYG_292-10b
297.md	163	KR4h0117_WYG_292-11a
297.md	171	KR4h0117_WYG_292-11b
297.md	179	KR4h0117_WYG_292-12a
297.md	187	KR4h0117_WYG_292-12b
297.md	195	KR4h0117_WYG_292-13a
297.md	203	KR4h0117_WYG_292-13b
297.md	211	KR4h0117_WYG_292-14a
297.md	219	KR4h0117_WYG_292-14b
297.md	227	KR4h0117_WYG_292-15a
297.md	235	KR4h0117_WYG_292-15b
297.md	243	KR4h0117_WYG_292-16a
297.md	251	KR4h0117_WYG_292-16b
297.md	259	KR4h0117_WYG_292-17a
297.md	267	KR4h0117_WYG_292-17b
297.md	275	KR4h0117_WYG_292-18a
297.md	283	KR4h0117_WYG_292-18b
297.md	291	KR4h0117_WYG_292-19a
297.md	299	KR4h0117_WYG_292-19b
297.md	307	KR4h0117_WYG_292-20a
297.md	315	KR4h0117_WYG_292-20b
297.md	323	KR4h0117_WYG_292-21a
297.md	331	KR4h0117_WYG_292-21b
297.md	339	KR4h0117_WYG_292-22a
297.md	347	KR4h0117_WYG_292-22b
297.md	355	KR4h0117_WYG_292-23a
297.md	363	KR4h0117_WYG_292-23b
297.md	371	KR4h0117_WYG_292-24a
297.md	379	KR4h0117_WYG_292-24b
297.md	387	KR4h0117_WYG_292-25a
297.md	395	KR4h0117_WYG_292-25b
297.md	403	KR4h0117_WYG_292-26a
297.md	411	KR4h0117_WYG_292-26b
297.md	419	KR4h0117_WYG_292-27a
297.md	427	KR4h0117_WYG_292-27b
297.md	435	KR4h0117_WYG_292-28a
297.md	443	KR4h0117_WYG_292-28b
297.md	451	KR4h0117_WYG_292-29a
297.md	459	KR4h0117_WYG_292-29b
298.md	3	KR4h0117_WYG_293-1a
298.md	11	KR4h0117_WYG_293-1b
298.md	19	KR4h0117_WYG_293-2a
298.md	27	KR4h0117_WYG_293-2b
298.md	35	KR4h0117_WYG_293-3a
298.md	43	KR4h0117_WYG_293-3b
298.md	51	KR4h0117_WYG_293-4a
298.md	59	KR4h0117_WYG_293-4b
298.md	67	KR4h0117_WYG_293-5a
298.md	75	KR4h0117_WYG_293-5b
298.md	83	KR4h0117_WYG_293-6a
298.md	91	KR4h0117_WYG_293-6b
298.md	99	KR4h0117_WYG_293-7a
298.md	107	KR4h0117_WYG_293-7b
298.md	115	KR4h0117_WYG_293-8a
298.md	123	KR4h0117_WYG_293-8b
298.md	131	KR4h0117_WYG_293-9a
298.md	139	KR4h0117_WYG_293-9b
298.md	147	KR4h0117_WYG_293-10a
298.md	155	KR4h0117_WYG_293-10b
298.md	163	KR4h0117_WYG_293-11a
298.md	171	KR4h0117_WYG_293-11b
298.md	179	KR4h0117_WYG_293-12a
298.md	187	KR4h0117_WYG_293-12b
298.md	195	KR4h0117_WYG_293-13a
298.md	203	KR4h0117_WYG_293-13b
298.md	211	KR4h0117_WYG_293-14a
298.md	219	KR4h0117_WYG_293-14b
298.md	227	KR4h0117_WYG_293-15a
298.md	235	KR4h0117_WYG_293-15b
298.md	243	KR4h0117_WYG_293-16a
298.md	251	KR4h0117_WYG_293-16b
298.md	259	KR4h0117_WYG_293-17a
298.md	267	KR4h0117_WYG_293-17b
298.md	275	KR4h0117_WYG_293-18a
298.md	283	KR4h0117_WYG_293-18b
298.md	291	KR4h0117_WYG_293-19a
298.md	299	KR4h0117_WYG_293-19b
298.md	307	KR4h0117_WYG_293-20a
298.md	315	KR4h0117_WYG_293-20b
298.md	323	KR4h0117_WYG_293-21a
298.md	331	KR4h0117_WYG_293-21b
298.md	339	KR4h0117_WYG_293-22a
298.md	347	KR4h0117_WYG_293-22b
298.md	355	KR4h0117_WYG_293-23a
298.md	363	KR4h0117_WYG_293-23b
298.md	371	KR4h0117_WYG_293-24a
298.md	379	KR4h0117_WYG_293-24b
298.md	387	KR4h0117_WYG_293-25a
298.md	395	KR4h0117_WYG_293-25b
298.md	403	KR4h0117_WYG_293-26a
298.md	411	KR4h0117_WYG_293-26b
298.md	419	KR4h0117_WYG_293-27a
298.md	427	KR4h0117_WYG_293-27b
298.md	435	KR4h0117_WYG_293-28a
298.md	443	KR4h0117_WYG_293-28b
298.md	451	KR4h0117_WYG_293-29a
298.md	459	KR4h0117_WYG_293-29b
298.md	467	KR4h0117_WYG_293-30a
298.md	475	KR4h0117_WYG_293-30b
298.md	483	KR4h0117_WYG_293-31a
298.md	491	KR4h0117_WYG_293-31b
298.md	499	KR4h0117_WYG_293-32a
298.md	507	KR4h0117_WYG_293-32b
298.md	515	KR4h0117_WYG_293-33a
298.md	523	KR4h0117_WYG_293-33b
298.md	531	KR4h0117_WYG_293-34a
298.md	539	KR4h0117_WYG_293-34b
298.md	547	KR4h0117_WYG_293-35a
298.md	555	KR4h0117_WYG_293-35b
298.md	563	KR4h0117_WYG_293-36a
298.md	571	KR4h0117_WYG_293-36b
298.md	579	KR4h0117_WYG_293-37a
298.md	587	KR4h0117_WYG_293-37b
298.md	595	KR4h0117_WYG_293-38a
298.md	603	KR4h0117_WYG_293-38b
298.md	611	KR4h0117_WYG_293-39a
298.md	619	KR4h0117_WYG_293-39b
298.md	627	KR4h0117_WYG_293-40a
298.md	635	KR4h0117_WYG_293-40b
298.md	643	KR4h0117_WYG_293-41a
298.md	651	KR4h0117_WYG_293-41b
298.md	659	KR4h0117_WYG_293-42a
298.md	667	KR4h0117_WYG_293-42b
299.md	3	KR4h0117_WYG_294-1a
299.md	11	KR4h0117_WYG_294-1b
299.md	19	KR4h0117_WYG_294-2a
299.md	27	KR4h0117_WYG_294-2b
299.md	35	KR4h0117_WYG_294-3a
299.md	43	KR4h0117_WYG_294-3b
299.md	51	KR4h0117_WYG_294-4a
299.md	59	KR4h0117_WYG_294-4b
299.md	67	KR4h0117_WYG_294-5a
299.md	75	KR4h0117_WYG_294-5b
299.md	83	KR4h0117_WYG_294-6a
299.md	91	KR4h0117_WYG_294-6b
299.md	99	KR4h0117_WYG_294-7a
299.md	107	KR4h0117_WYG_294-7b
299.md	115	KR4h0117_WYG_294-8a
299.md	123	KR4h0117_WYG_294-8b
299.md	131	KR4h0117_WYG_294-9a
299.md	139	KR4h0117_WYG_294-9b
299.md	147	KR4h0117_WYG_294-10a
299.md	155	KR4h0117_WYG_294-10b
299.md	163	KR4h0117_WYG_294-11a
299.md	171	KR4h0117_WYG_294-11b
299.md	179	KR4h0117_WYG_294-12a
299.md	187	KR4h0117_WYG_294-12b
299.md	195	KR4h0117_WYG_294-13a
299.md	203	KR4h0117_WYG_294-13b
299.md	211	KR4h0117_WYG_294-14a
299.md	219	KR4h0117_WYG_294-14b
299.md	227	KR4h0117_WYG_294-15a
299.md	235	KR4h0117_WYG_294-15b
299.md	243	KR4h0117_WYG_294-16a
299.md	251	KR4h0117_WYG_294-16b
299.md	259	KR4h0117_WYG_294-17a
299.md	267	KR4h0117_WYG_294-17b
299.md	275	KR4h0117_WYG_294-18a
299.md	283	KR4h0117_WYG_294-18b
299.md	291	KR4h0117_WYG_294-19a
299.md	299	KR4h0117_WYG_294-19b
299.md	307	KR4h0117_WYG_294-20a
299.md	315	KR4h0117_WYG_294-20b
299.md	323	KR4h0117_WYG_294-21a
299.md	331	KR4h0117_WYG_294-21b
299.md	339	KR4h0117_WYG_294-22a
299.md	347	KR4h0117_WYG_294-22b
299.md	355	KR4h0117_WYG_294-23a
299.md	363	KR4h0117_WYG_294-23b
299.md	371	KR4h0117_WYG_294-24a
299.md	379	KR4h0117_WYG_294-24b
299.md	387	KR4h0117_WYG_294-25a
299.md	395	KR4h0117_WYG_294-25b
299.md	403	KR4h0117_WYG_294-26a
299.md	411	KR4h0117_WYG_294-26b
299.md	419	KR4h0117_WYG_294-27a
299.md	427	KR4h0117_WYG_294-27b
299.md	435	KR4h0117_WYG_294-28a
299.md	443	KR4h0117_WYG_294-28b
299.md	451	KR4h0117_WYG_294-29a
299.md	459	KR4h0117_WYG_294-29b
299.md	467	KR4h0117_WYG_294-30a
299.md	475	KR4h0117_WYG_294-30b
299.md	483	KR4h0117_WYG_294-31a
299.md	491	KR4h0117_WYG_294-31b
299.md	499	KR4h0117_WYG_294-32a
299.md	507	KR4h0117_WYG_294-32b
299.md	515	KR4h0117_WYG_294-33a
299.md	523	KR4h0117_WYG_294-33b
299.md	531	KR4h0117_WYG_294-34a
299.md	539	KR4h0117_WYG_294-34b
299.md	547	KR4h0117_WYG_294-35a
299.md	555	KR4h0117_WYG_294-35b
300.md	3	KR4h0117_WYG_295-1a
300.md	11	KR4h0117_WYG_295-1b
300.md	19	KR4h0117_WYG_295-2a
300.md	27	KR4h0117_WYG_295-2b
300.md	35	KR4h0117_WYG_295-3a
300.md	43	KR4h0117_WYG_295-3b
300.md	51	KR4h0117_WYG_295-4a
300.md	59	KR4h0117_WYG_295-4b
300.md	67	KR4h0117_WYG_295-5a
300.md	75	KR4h0117_WYG_295-5b
300.md	83	KR4h0117_WYG_295-6a
300.md	91	KR4h0117_WYG_295-6b
300.md	99	KR4h0117_WYG_295-7a
300.md	107	KR4h0117_WYG_295-7b
300.md	115	KR4h0117_WYG_295-8a
300.md	123	KR4h0117_WYG_295-8b
300.md	131	KR4h0117_WYG_295-9a
300.md	139	KR4h0117_WYG_295-9b
300.md	147	KR4h0117_WYG_295-10a
300.md	155	KR4h0117_WYG_295-10b
300.md	163	KR4h0117_WYG_295-11a
300.md	171	KR4h0117_WYG_295-11b
300.md	179	KR4h0117_WYG_295-12a
300.md	187	KR4h0117_WYG_295-12b
300.md	195	KR4h0117_WYG_295-13a
300.md	203	KR4h0117_WYG_295-13b
300.md	211	KR4h0117_WYG_295-14a
300.md	219	KR4h0117_WYG_295-14b
300.md	227	KR4h0117_WYG_295-15a
300.md	235	KR4h0117_WYG_295-15b
300.md	243	KR4h0117_WYG_295-16a
300.md	251	KR4h0117_WYG_295-16b
300.md	259	KR4h0117_WYG_295-17a
300.md	267	KR4h0117_WYG_295-17b
300.md	275	KR4h0117_WYG_295-18a
300.md	283	KR4h0117_WYG_295-18b
300.md	291	KR4h0117_WYG_295-19a
300.md	299	KR4h0117_WYG_295-19b
300.md	307	KR4h0117_WYG_295-20a
300.md	315	KR4h0117_WYG_295-20b
300.md	323	KR4h0117_WYG_295-21a
300.md	331	KR4h0117_WYG_295-21b
300.md	339	KR4h0117_WYG_295-22a
300.md	347	KR4h0117_WYG_295-22b
300.md	355	KR4h0117_WYG_295-23a
300.md	363	KR4h0117_WYG_295-23b
300.md	371	KR4h0117_WYG_295-24a
300.md	379	KR4h0117_WYG_295-24b
300.md	387	KR4h0117_WYG_295-25a
300.md	395	KR4h0117_WYG_295-25b
300.md	403	KR4h0117_WYG_295-26a
300.md	411	KR4h0117_WYG_295-26b
300.md	419	KR4h0117_WYG_295-27a
300.md	427	KR4h0117_WYG_295-27b
300.md	435	KR4h0117_WYG_295-28a
300.md	443	KR4h0117_WYG_295-28b
300.md	451	KR4h0117_WYG_295-29a
300.md	459	KR4h0117_WYG_295-29b
300.md	467	KR4h0117_WYG_295-30a
300.md	475	KR4h0117_WYG_295-30b
301.md	3	KR4h0117_WYG_296-1a
301.md	11	KR4h0117_WYG_296-1b
301.md	19	KR4h0117_WYG_296-2a
301.md	27	KR4h0117_WYG_296-2b
301.md	35	KR4h0117_WYG_296-3a
301.md	43	KR4h0117_WYG_296-3b
301.md	51	KR4h0117_WYG_296-4a
301.md	59	KR4h0117_WYG_296-4b
301.md	67	KR4h0117_WYG_296-5a
301.md	75	KR4h0117_WYG_296-5b
301.md	83	KR4h0117_WYG_296-6a
301.md	91	KR4h0117_WYG_296-6b
301.md	99	KR4h0117_WYG_296-7a
301.md	107	KR4h0117_WYG_296-7b
301.md	115	KR4h0117_WYG_296-8a
301.md	123	KR4h0117_WYG_296-8b
301.md	131	KR4h0117_WYG_296-9a
301.md	139	KR4h0117_WYG_296-9b
301.md	147	KR4h0117_WYG_296-10a
301.md	155	KR4h0117_WYG_296-10b
301.md	163	KR4h0117_WYG_296-11a
301.md	171	KR4h0117_WYG_296-11b
301.md	179	KR4h0117_WYG_296-12a
301.md	187	KR4h0117_WYG_296-12b
301.md	195	KR4h0117_WYG_296-13a
301.md	203	KR4h0117_WYG_296-13b
301.md	211	KR4h0117_WYG_296-14a
301.md	219	KR4h0117_WYG_296-14b
301.md	227	KR4h0117_WYG_296-15a
301.md	235	KR4h0117_WYG_296-15b
301.md	243	KR4h0117_WYG_296-16a
301.md	251	KR4h0117_WYG_296-16b
301.md	259	KR4h0117_WYG_296-17a
301.md	267	KR4h0117_WYG_296-17b
301.md	275	KR4h0117_WYG_296-18a
301.md	283	KR4h0117_WYG_296-18b
301.md	291	KR4h0117_WYG_296-19a
301.md	299	KR4h0117_WYG_296-19b
301.md	307	KR4h0117_WYG_296-20a
301.md	315	KR4h0117_WYG_296-20b
301.md	323	KR4h0117_WYG_296-21a
301.md	331	KR4h0117_WYG_296-21b
301.md	339	KR4h0117_WYG_296-22a
301.md	347	KR4h0117_WYG_296-22b
301.md	355	KR4h0117_WYG_296-23a
301.md	363	KR4h0117_WYG_296-23b
301.md	371	KR4h0117_WYG_296-24a
301.md	379	KR4h0117_WYG_296-24b
301.md	387	KR4h0117_WYG_296-25a
301.md	395	KR4h0117_WYG_296-25b
302.md	3	KR4h0117_WYG_297-1a
302.md	11	KR4h0117_WYG_297-1b
302.md	19	KR4h0117_WYG_297-2a
302.md	27	KR4h0117_WYG_297-2b
302.md	35	KR4h0117_WYG_297-3a
302.md	43	KR4h0117_WYG_297-3b
302.md	51	KR4h0117_WYG_297-4a
302.md	59	KR4h0117_WYG_297-4b
302.md	67	KR4h0117_WYG_297-5a
302.md	75	KR4h0117_WYG_297-5b
302.md	83	KR4h0117_WYG_297-6a
302.md	91	KR4h0117_WYG_297-6b
302.md	99	KR4h0117_WYG_297-7a
302.md	107	KR4h0117_WYG_297-7b
302.md	115	KR4h0117_WYG_297-8a
302.md	123	KR4h0117_WYG_297-8b
302.md	131	KR4h0117_WYG_297-9a
302.md	139	KR4h0117_WYG_297-9b
302.md	147	KR4h0117_WYG_297-10a
302.md	155	KR4h0117_WYG_297-10b
302.md	163	KR4h0117_WYG_297-11a
302.md	171	KR4h0117_WYG_297-11b
302.md	179	KR4h0117_WYG_297-12a
302.md	187	KR4h0117_WYG_297-12b
302.md	195	KR4h0117_WYG_297-13a
302.md	203	KR4h0117_WYG_297-13b
302.md	211	KR4h0117_WYG_297-14a
302.md	219	KR4h0117_WYG_297-14b
302.md	227	KR4h0117_WYG_297-15a
302.md	235	KR4h0117_WYG_297-15b
302.md	243	KR4h0117_WYG_297-16a
302.md	251	KR4h0117_WYG_297-16b
302.md	259	KR4h0117_WYG_297-17a
302.md	267	KR4h0117_WYG_297-17b
302.md	275	KR4h0117_WYG_297-18a
302.md	283	KR4h0117_WYG_297-18b
302.md	291	KR4h0117_WYG_297-19a
302.md	299	KR4h0117_WYG_297-19b
302.md	307	KR4h0117_WYG_297-20a
302.md	315	KR4h0117_WYG_297-20b
302.md	323	KR4h0117_WYG_297-21a
302.md	331	KR4h0117_WYG_297-21b
302.md	339	KR4h0117_WYG_297-22a
302.md	347	KR4h0117_WYG_297-22b
302.md	355	KR4h0117_WYG_297-23a
302.md	363	KR4h0117_WYG_297-23b
302.md	371	KR4h0117_WYG_297-24a
302.md	379	KR4h0117_WYG_297-24b
302.md	387	KR4h0117_WYG_297-25a
302.md	395	KR4h0117_WYG_297-25b
302.md	403	KR4h0117_WYG_297-26a
302.md	411	KR4h0117_WYG_297-26b
302.md	419	KR4h0117_WYG_297-27a
302.md	427	KR4h0117_WYG_297-27b
302.md	435	KR4h0117_WYG_297-28a
302.md	443	KR4h0117_WYG_297-28b
302.md	451	KR4h0117_WYG_297-29a
302.md	459	KR4h0117_WYG_297-29b
302.md	467	KR4h0117_WYG_297-30a
302.md	475	KR4h0117_WYG_297-30b
302.md	483	KR4h0117_WYG_297-31a
302.md	491	KR4h0117_WYG_297-31b
302.md	499	KR4h0117_WYG_297-32a
302.md	507	KR4h0117_WYG_297-32b
302.md	515	KR4h0117_WYG_297-33a
302.md	523	KR4h0117_WYG_297-33b
302.md	531	KR4h0117_WYG_297-34a
302.md	539	KR4h0117_WYG_297-34b
302.md	547	KR4h0117_WYG_297-35a
302.md	555	KR4h0117_WYG_297-35b
302.md	563	KR4h0117_WYG_297-36a
302.md	571	KR4h0117_WYG_297-36b
302.md	579	KR4h0117_WYG_297-37a
302.md	587	KR4h0117_WYG_297-37b
302.md	595	KR4h0117_WYG_297-38a
302.md	603	KR4h0117_WYG_297-38b
302.md	611	KR4h0117_WYG_297-39a
302.md	619	KR4h0117_WYG_297-39b
302.md	627	KR4h0117_WYG_297-40a
302.md	635	KR4h0117_WYG_297-40b
302.md	643	KR4h0117_WYG_297-41a
302.md	651	KR4h0117_WYG_297-41b
302.md	659	KR4h0117_WYG_297-42a
302.md	667	KR4h0117_WYG_297-42b
302.md	675	KR4h0117_WYG_297-43a
302.md	683	KR4h0117_WYG_297-43b
303.md	3	KR4h0117_WYG_298-1a
303.md	11	KR4h0117_WYG_298-1b
303.md	19	KR4h0117_WYG_298-2a
303.md	27	KR4h0117_WYG_298-2b
303.md	35	KR4h0117_WYG_298-3a
303.md	43	KR4h0117_WYG_298-3b
303.md	51	KR4h0117_WYG_298-4a
303.md	59	KR4h0117_WYG_298-4b
303.md	67	KR4h0117_WYG_298-5a
303.md	75	KR4h0117_WYG_298-5b
303.md	83	KR4h0117_WYG_298-6a
303.md	91	KR4h0117_WYG_298-6b
303.md	99	KR4h0117_WYG_298-7a
303.md	107	KR4h0117_WYG_298-7b
303.md	115	KR4h0117_WYG_298-8a
303.md	123	KR4h0117_WYG_298-8b
303.md	131	KR4h0117_WYG_298-9a
303.md	139	KR4h0117_WYG_298-9b
303.md	147	KR4h0117_WYG_298-10a
303.md	155	KR4h0117_WYG_298-10b
303.md	163	KR4h0117_WYG_298-11a
303.md	171	KR4h0117_WYG_298-11b
303.md	179	KR4h0117_WYG_298-12a
303.md	187	KR4h0117_WYG_298-12b
303.md	195	KR4h0117_WYG_298-13a
303.md	203	KR4h0117_WYG_298-13b
303.md	211	KR4h0117_WYG_298-14a
303.md	219	KR4h0117_WYG_298-14b
303.md	227	KR4h0117_WYG_298-15a
303.md	235	KR4h0117_WYG_298-15b
303.md	243	KR4h0117_WYG_298-16a
303.md	251	KR4h0117_WYG_298-16b
303.md	259	KR4h0117_WYG_298-17a
303.md	267	KR4h0117_WYG_298-17b
303.md	275	KR4h0117_WYG_298-18a
303.md	283	KR4h0117_WYG_298-18b
303.md	291	KR4h0117_WYG_298-19a
303.md	299	KR4h0117_WYG_298-19b
303.md	307	KR4h0117_WYG_298-20a
303.md	315	KR4h0117_WYG_298-20b
303.md	323	KR4h0117_WYG_298-21a
303.md	331	KR4h0117_WYG_298-21b
303.md	339	KR4h0117_WYG_298-22a
303.md	347	KR4h0117_WYG_298-22b
303.md	355	KR4h0117_WYG_298-23a
303.md	363	KR4h0117_WYG_298-23b
303.md	371	KR4h0117_WYG_298-24a
303.md	379	KR4h0117_WYG_298-24b
303.md	387	KR4h0117_WYG_298-25a
303.md	395	KR4h0117_WYG_298-25b
303.md	403	KR4h0117_WYG_298-26a
303.md	411	KR4h0117_WYG_298-26b
303.md	419	KR4h0117_WYG_298-27a
303.md	427	KR4h0117_WYG_298-27b
303.md	435	KR4h0117_WYG_298-28a
303.md	443	KR4h0117_WYG_298-28b
303.md	451	KR4h0117_WYG_298-29a
303.md	459	KR4h0117_WYG_298-29b
303.md	467	KR4h0117_WYG_298-30a
303.md	475	KR4h0117_WYG_298-30b
303.md	483	KR4h0117_WYG_298-31a
303.md	491	KR4h0117_WYG_298-31b
303.md	499	KR4h0117_WYG_298-32a
303.md	507	KR4h0117_WYG_298-32b
303.md	515	KR4h0117_WYG_298-33a
303.md	523	KR4h0117_WYG_298-33b
303.md	531	KR4h0117_WYG_298-34a
303.md	539	KR4h0117_WYG_298-34b
303.md	547	KR4h0117_WYG_298-35a
303.md	555	KR4h0117_WYG_298-35b
303.md	563	KR4h0117_WYG_298-36a
303.md	571	KR4h0117_WYG_298-36b
303.md	579	KR4h0117_WYG_298-37a
303.md	587	KR4h0117_WYG_298-37b
303.md	595	KR4h0117_WYG_298-38a
303.md	603	KR4h0117_WYG_298-38b
303.md	611	KR4h0117_WYG_298-39a
303.md	619	KR4h0117_WYG_298-39b
303.md	627	KR4h0117_WYG_298-40a
303.md	635	KR4h0117_WYG_298-40b
303.md	643	KR4h0117_WYG_298-41a
303.md	651	KR4h0117_WYG_298-41b
303.md	659	KR4h0117_WYG_298-42a
303.md	667	KR4h0117_WYG_298-42b
304.md	3	KR4h0117_WYG_299-1a
304.md	11	KR4h0117_WYG_299-1b
304.md	19	KR4h0117_WYG_299-2a
304.md	27	KR4h0117_WYG_299-2b
304.md	35	KR4h0117_WYG_299-3a
304.md	43	KR4h0117_WYG_299-3b
304.md	51	KR4h0117_WYG_299-4a
304.md	59	KR4h0117_WYG_299-4b
304.md	67	KR4h0117_WYG_299-5a
304.md	75	KR4h0117_WYG_299-5b
304.md	83	KR4h0117_WYG_299-6a
304.md	91	KR4h0117_WYG_299-6b
304.md	99	KR4h0117_WYG_299-7a
304.md	107	KR4h0117_WYG_299-7b
304.md	115	KR4h0117_WYG_299-8a
304.md	123	KR4h0117_WYG_299-8b
304.md	131	KR4h0117_WYG_299-9a
304.md	139	KR4h0117_WYG_299-9b
304.md	147	KR4h0117_WYG_299-10a
304.md	155	KR4h0117_WYG_299-10b
304.md	163	KR4h0117_WYG_299-11a
304.md	171	KR4h0117_WYG_299-11b
304.md	179	KR4h0117_WYG_299-12a
304.md	187	KR4h0117_WYG_299-12b
304.md	195	KR4h0117_WYG_299-13a
304.md	203	KR4h0117_WYG_299-13b
305.md	3	KR4h0117_WYG_300-1a
305.md	11	KR4h0117_WYG_300-1b
305.md	19	KR4h0117_WYG_300-2a
305.md	27	KR4h0117_WYG_300-2b
305.md	35	KR4h0117_WYG_300-3a
305.md	43	KR4h0117_WYG_300-3b
305.md	51	KR4h0117_WYG_300-4a
305.md	59	KR4h0117_WYG_300-4b
305.md	67	KR4h0117_WYG_300-5a
305.md	75	KR4h0117_WYG_300-5b
305.md	83	KR4h0117_WYG_300-6a
305.md	91	KR4h0117_WYG_300-6b
305.md	99	KR4h0117_WYG_300-7a
305.md	107	KR4h0117_WYG_300-7b
305.md	115	KR4h0117_WYG_300-8a
305.md	123	KR4h0117_WYG_300-8b
305.md	131	KR4h0117_WYG_300-9a
305.md	139	KR4h0117_WYG_300-9b
305.md	147	KR4h0117_WYG_300-10a
305.md	155	KR4h0117_WYG_300-10b
305.md	163	KR4h0117_WYG_300-11a
305.md	171	KR4h0117_WYG_300-11b
305.md	179	KR4h0117_WYG_300-12a
305.md	187	KR4h0117_WYG_300-12b
305.md	195	KR4h0117_WYG_300-13a
305.md	203	KR4h0117_WYG_300-13b
305.md	211	KR4h0117_WYG_300-14a
305.md	219	KR4h0117_WYG_300-14b
305.md	227	KR4h0117_WYG_300-15a
305.md	235	KR4h0117_WYG_300-15b
305.md	243	KR4h0117_WYG_300-16a
305.md	251	KR4h0117_WYG_300-16b
305.md	259	KR4h0117_WYG_300-17a
305.md	267	KR4h0117_WYG_300-17b
305.md	275	KR4h0117_WYG_300-18a
305.md	283	KR4h0117_WYG_300-18b
306.md	3	KR4h0117_WYG_301-1a
306.md	11	KR4h0117_WYG_301-1b
306.md	19	KR4h0117_WYG_301-2a
306.md	27	KR4h0117_WYG_301-2b
306.md	35	KR4h0117_WYG_301-3a
306.md	43	KR4h0117_WYG_301-3b
306.md	51	KR4h0117_WYG_301-4a
306.md	59	KR4h0117_WYG_301-4b
306.md	67	KR4h0117_WYG_301-5a
306.md	75	KR4h0117_WYG_301-5b
306.md	83	KR4h0117_WYG_301-6a
306.md	91	KR4h0117_WYG_301-6b
306.md	99	KR4h0117_WYG_301-7a
306.md	107	KR4h0117_WYG_301-7b
306.md	115	KR4h0117_WYG_301-8a
306.md	123	KR4h0117_WYG_301-8b
306.md	131	KR4h0117_WYG_301-9a
306.md	139	KR4h0117_WYG_301-9b
306.md	147	KR4h0117_WYG_301-10a
306.md	155	KR4h0117_WYG_301-10b
306.md	163	KR4h0117_WYG_301-11a
306.md	171	KR4h0117_WYG_301-11b
306.md	179	KR4h0117_WYG_301-12a
306.md	187	KR4h0117_WYG_301-12b
306.md	195	KR4h0117_WYG_301-13a
306.md	203	KR4h0117_WYG_301-13b
306.md	211	KR4h0117_WYG_301-14a
306.md	219	KR4h0117_WYG_301-14b
306.md	227	KR4h0117_WYG_301-15a
306.md	235	KR4h0117_WYG_301-15b
306.md	243	KR4h0117_WYG_301-16a
306.md	251	KR4h0117_WYG_301-16b
306.md	259	KR4h0117_WYG_301-17a
306.md	267	KR4h0117_WYG_301-17b
306.md	275	KR4h0117_WYG_301-18a
306.md	283	KR4h0117_WYG_301-18b
306.md	291	KR4h0117_WYG_301-19a
306.md	299	KR4h0117_WYG_301-19b
306.md	307	KR4h0117_WYG_301-20a
306.md	315	KR4h0117_WYG_301-20b
306.md	323	KR4h0117_WYG_301-21a
306.md	331	KR4h0117_WYG_301-21b
306.md	339	KR4h0117_WYG_301-22a
306.md	347	KR4h0117_WYG_301-22b
306.md	355	KR4h0117_WYG_301-23a
306.md	363	KR4h0117_WYG_301-23b
306.md	371	KR4h0117_WYG_301-24a
306.md	379	KR4h0117_WYG_301-24b
306.md	387	KR4h0117_WYG_301-25a
306.md	395	KR4h0117_WYG_301-25b
306.md	403	KR4h0117_WYG_301-26a
306.md	411	KR4h0117_WYG_301-26b
306.md	419	KR4h0117_WYG_301-27a
306.md	427	KR4h0117_WYG_301-27b
306.md	435	KR4h0117_WYG_301-28a
306.md	443	KR4h0117_WYG_301-28b
306.md	451	KR4h0117_WYG_301-29a
306.md	459	KR4h0117_WYG_301-29b
306.md	467	KR4h0117_WYG_301-30a
306.md	475	KR4h0117_WYG_301-30b
306.md	483	KR4h0117_WYG_301-31a
306.md	491	KR4h0117_WYG_301-31b
306.md	499	KR4h0117_WYG_301-32a
306.md	507	KR4h0117_WYG_301-32b
306.md	515	KR4h0117_WYG_301-33a
306.md	523	KR4h0117_WYG_301-33b
306.md	531	KR4h0117_WYG_301-34a
306.md	539	KR4h0117_WYG_301-34b
306.md	547	KR4h0117_WYG_301-35a
306.md	555	KR4h0117_WYG_301-35b
306.md	563	KR4h0117_WYG_301-36a
306.md	571	KR4h0117_WYG_301-36b
306.md	579	KR4h0117_WYG_301-37a
306.md	587	KR4h0117_WYG_301-37b
306.md	595	KR4h0117_WYG_301-38a
306.md	603	KR4h0117_WYG_301-38b
306.md	611	KR4h0117_WYG_301-39a
306.md	619	KR4h0117_WYG_301-39b
306.md	627	KR4h0117_WYG_301-40a
306.md	635	KR4h0117_WYG_301-40b
306.md	643	KR4h0117_WYG_301-41a
306.md	651	KR4h0117_WYG_301-41b
306.md	659	KR4h0117_WYG_301-42a
306.md	667	KR4h0117_WYG_301-42b
306.md	675	KR4h0117_WYG_301-43a
306.md	683	KR4h0117_WYG_301-43b
306.md	691	KR4h0117_WYG_301-44a
306.md	699	KR4h0117_WYG_301-44b
307.md	3	KR4h0117_WYG_302-1a
307.md	11	KR4h0117_WYG_302-1b
307.md	19	KR4h0117_WYG_302-2a
307.md	27	KR4h0117_WYG_302-2b
307.md	35	KR4h0117_WYG_302-3a
307.md	43	KR4h0117_WYG_302-3b
307.md	51	KR4h0117_WYG_302-4a
307.md	59	KR4h0117_WYG_302-4b
307.md	67	KR4h0117_WYG_302-5a
307.md	75	KR4h0117_WYG_302-5b
307.md	83	KR4h0117_WYG_302-6a
307.md	91	KR4h0117_WYG_302-6b
307.md	99	KR4h0117_WYG_302-7a
307.md	107	KR4h0117_WYG_302-7b
307.md	115	KR4h0117_WYG_302-8a
307.md	123	KR4h0117_WYG_302-8b
307.md	131	KR4h0117_WYG_302-9a
307.md	139	KR4h0117_WYG_302-9b
308.md	3	KR4h0117_WYG_303-1a
308.md	11	KR4h0117_WYG_303-1b
308.md	19	KR4h0117_WYG_303-2a
308.md	27	KR4h0117_WYG_303-2b
308.md	35	KR4h0117_WYG_303-3a
308.md	43	KR4h0117_WYG_303-3b
308.md	51	KR4h0117_WYG_303-4a
308.md	59	KR4h0117_WYG_303-4b
308.md	67	KR4h0117_WYG_303-5a
308.md	75	KR4h0117_WYG_303-5b
308.md	83	KR4h0117_WYG_303-6a
308.md	91	KR4h0117_WYG_303-6b
308.md	99	KR4h0117_WYG_303-7a
308.md	107	KR4h0117_WYG_303-7b
308.md	115	KR4h0117_WYG_303-8a
308.md	123	KR4h0117_WYG_303-8b
308.md	131	KR4h0117_WYG_303-9a
308.md	139	KR4h0117_WYG_303-9b
308.md	147	KR4h0117_WYG_303-10a
308.md	155	KR4h0117_WYG_303-10b
308.md	163	KR4h0117_WYG_303-11a
308.md	171	KR4h0117_WYG_303-11b
308.md	179	KR4h0117_WYG_303-12a
308.md	187	KR4h0117_WYG_303-12b
308.md	195	KR4h0117_WYG_303-13a
308.md	203	KR4h0117_WYG_303-13b
308.md	211	KR4h0117_WYG_303-14a
308.md	219	KR4h0117_WYG_303-14b
308.md	227	KR4h0117_WYG_303-15a
308.md	235	KR4h0117_WYG_303-15b
308.md	243	KR4h0117_WYG_303-16a
308.md	251	KR4h0117_WYG_303-16b
308.md	259	KR4h0117_WYG_303-17a
308.md	267	KR4h0117_WYG_303-17b
308.md	275	KR4h0117_WYG_303-18a
308.md	283	KR4h0117_WYG_303-18b
308.md	291	KR4h0117_WYG_303-19a
308.md	299	KR4h0117_WYG_303-19b
308.md	307	KR4h0117_WYG_303-20a
308.md	315	KR4h0117_WYG_303-20b
308.md	323	KR4h0117_WYG_303-21a
308.md	331	KR4h0117_WYG_303-21b
308.md	339	KR4h0117_WYG_303-22a
308.md	347	KR4h0117_WYG_303-22b
308.md	355	KR4h0117_WYG_303-23a
308.md	363	KR4h0117_WYG_303-23b
308.md	371	KR4h0117_WYG_303-24a
308.md	379	KR4h0117_WYG_303-24b
308.md	387	KR4h0117_WYG_303-25a
308.md	395	KR4h0117_WYG_303-25b
308.md	403	KR4h0117_WYG_303-26a
308.md	411	KR4h0117_WYG_303-26b
308.md	419	KR4h0117_WYG_303-27a
308.md	427	KR4h0117_WYG_303-27b
308.md	435	KR4h0117_WYG_303-28a
308.md	443	KR4h0117_WYG_303-28b
308.md	451	KR4h0117_WYG_303-29a
308.md	459	KR4h0117_WYG_303-29b
308.md	467	KR4h0117_WYG_303-30a
308.md	475	KR4h0117_WYG_303-30b
309.md	3	KR4h0117_WYG_304-1a
309.md	11	KR4h0117_WYG_304-1b
309.md	19	KR4h0117_WYG_304-2a
309.md	27	KR4h0117_WYG_304-2b
309.md	35	KR4h0117_WYG_304-3a
309.md	43	KR4h0117_WYG_304-3b
309.md	51	KR4h0117_WYG_304-4a
309.md	59	KR4h0117_WYG_304-4b
309.md	67	KR4h0117_WYG_304-5a
309.md	75	KR4h0117_WYG_304-5b
309.md	83	KR4h0117_WYG_304-6a
309.md	91	KR4h0117_WYG_304-6b
309.md	99	KR4h0117_WYG_304-7a
309.md	107	KR4h0117_WYG_304-7b
309.md	115	KR4h0117_WYG_304-8a
309.md	123	KR4h0117_WYG_304-8b
309.md	131	KR4h0117_WYG_304-9a
309.md	139	KR4h0117_WYG_304-9b
309.md	147	KR4h0117_WYG_304-10a
309.md	155	KR4h0117_WYG_304-10b
309.md	163	KR4h0117_WYG_304-11a
309.md	171	KR4h0117_WYG_304-11b
309.md	179	KR4h0117_WYG_304-12a
309.md	187	KR4h0117_WYG_304-12b
309.md	195	KR4h0117_WYG_304-13a
309.md	203	KR4h0117_WYG_304-13b
309.md	211	KR4h0117_WYG_304-14a
309.md	219	KR4h0117_WYG_304-14b
309.md	227	KR4h0117_WYG_304-15a
309.md	235	KR4h0117_WYG_304-15b
310.md	3	KR4h0117_WYG_305-1a
310.md	11	KR4h0117_WYG_305-1b
310.md	19	KR4h0117_WYG_305-2a
310.md	27	KR4h0117_WYG_305-2b
310.md	35	KR4h0117_WYG_305-3a
310.md	43	KR4h0117_WYG_305-3b
310.md	51	KR4h0117_WYG_305-4a
310.md	59	KR4h0117_WYG_305-4b
310.md	67	KR4h0117_WYG_305-5a
310.md	75	KR4h0117_WYG_305-5b
310.md	83	KR4h0117_WYG_305-6a
310.md	91	KR4h0117_WYG_305-6b
310.md	99	KR4h0117_WYG_305-7a
310.md	107	KR4h0117_WYG_305-7b
310.md	115	KR4h0117_WYG_305-8a
310.md	123	KR4h0117_WYG_305-8b
310.md	131	KR4h0117_WYG_305-9a
310.md	139	KR4h0117_WYG_305-9b
310.md	147	KR4h0117_WYG_305-10a
310.md	155	KR4h0117_WYG_305-10b
310.md	163	KR4h0117_WYG_305-11a
310.md	171	KR4h0117_WYG_305-11b
310.md	179	KR4h0117_WYG_305-12a
310.md	187	KR4h0117_WYG_305-12b
310.md	195	KR4h0117_WYG_305-13a
310.md	203	KR4h0117_WYG_305-13b
310.md	211	KR4h0117_WYG_305-14a
310.md	219	KR4h0117_WYG_305-14b
310.md	227	KR4h0117_WYG_305-15a
310.md	235	KR4h0117_WYG_305-15b
310.md	243	KR4h0117_WYG_305-16a
310.md	251	KR4h0117_WYG_305-16b
310.md	259	KR4h0117_WYG_305-17a
310.md	267	KR4h0117_WYG_305-17b
310.md	275	KR4h0117_WYG_305-18a
310.md	283	KR4h0117_WYG_305-18b
310.md	291	KR4h0117_WYG_305-19a
310.md	299	KR4h0117_WYG_305-19b
311.md	3	KR4h0117_WYG_306-1a
311.md	11	KR4h0117_WYG_306-1b
311.md	19	KR4h0117_WYG_306-2a
311.md	27	KR4h0117_WYG_306-2b
311.md	35	KR4h0117_WYG_306-3a
311.md	43	KR4h0117_WYG_306-3b
311.md	51	KR4h0117_WYG_306-4a
311.md	59	KR4h0117_WYG_306-4b
311.md	67	KR4h0117_WYG_306-5a
311.md	75	KR4h0117_WYG_306-5b
311.md	83	KR4h0117_WYG_306-6a
311.md	91	KR4h0117_WYG_306-6b
311.md	99	KR4h0117_WYG_306-7a
311.md	107	KR4h0117_WYG_306-7b
311.md	115	KR4h0117_WYG_306-8a
311.md	123	KR4h0117_WYG_306-8b
311.md	131	KR4h0117_WYG_306-9a
311.md	139	KR4h0117_WYG_306-9b
311.md	147	KR4h0117_WYG_306-10a
311.md	155	KR4h0117_WYG_306-10b
311.md	163	KR4h0117_WYG_306-11a
311.md	171	KR4h0117_WYG_306-11b
311.md	179	KR4h0117_WYG_306-12a
311.md	187	KR4h0117_WYG_306-12b
311.md	195	KR4h0117_WYG_306-13a
311.md	203	KR4h0117_WYG_306-13b
311.md	211	KR4h0117_WYG_306-14a
311.md	219	KR4h0117_WYG_306-14b
311.md	227	KR4h0117_WYG_306-15a
311.md	235	KR4h0117_WYG_306-15b
311.md	243	KR4h0117_WYG_306-16a
311.md	251	KR4h0117_WYG_306-16b
311.md	259	KR4h0117_WYG_306-17a
311.md	267	KR4h0117_WYG_306-17b
311.md	275	KR4h0117_WYG_306-18a
311.md	283	KR4h0117_WYG_306-18b
311.md	291	KR4h0117_WYG_306-19a
311.md	299	KR4h0117_WYG_306-19b
311.md	307	KR4h0117_WYG_306-20a
311.md	315	KR4h0117_WYG_306-20b
311.md	323	KR4h0117_WYG_306-21a
311.md	331	KR4h0117_WYG_306-21b
311.md	339	KR4h0117_WYG_306-22a
311.md	347	KR4h0117_WYG_306-22b
311.md	355	KR4h0117_WYG_306-23a
311.md	363	KR4h0117_WYG_306-23b
311.md	371	KR4h0117_WYG_306-24a
311.md	379	KR4h0117_WYG_306-24b
311.md	387	KR4h0117_WYG_306-25a
311.md	395	KR4h0117_WYG_306-25b
312.md	3	KR4h0117_WYG_307-1a
312.md	11	KR4h0117_WYG_307-1b
312.md	19	KR4h0117_WYG_307-2a
312.md	27	KR4h0117_WYG_307-2b
312.md	35	KR4h0117_WYG_307-3a
312.md	43	KR4h0117_WYG_307-3b
312.md	51	KR4h0117_WYG_307-4a
312.md	59	KR4h0117_WYG_307-4b
312.md	67	KR4h0117_WYG_307-5a
312.md	75	KR4h0117_WYG_307-5b
312.md	83	KR4h0117_WYG_307-6a
312.md	91	KR4h0117_WYG_307-6b
312.md	99	KR4h0117_WYG_307-7a
312.md	107	KR4h0117_WYG_307-7b
312.md	115	KR4h0117_WYG_307-8a
312.md	123	KR4h0117_WYG_307-8b
312.md	131	KR4h0117_WYG_307-9a
312.md	139	KR4h0117_WYG_307-9b
313.md	3	KR4h0117_WYG_308-1a
313.md	11	KR4h0117_WYG_308-1b
313.md	19	KR4h0117_WYG_308-2a
313.md	27	KR4h0117_WYG_308-2b
313.md	35	KR4h0117_WYG_308-3a
313.md	43	KR4h0117_WYG_308-3b
313.md	51	KR4h0117_WYG_308-4a
313.md	59	KR4h0117_WYG_308-4b
313.md	67	KR4h0117_WYG_308-5a
313.md	75	KR4h0117_WYG_308-5b
313.md	83	KR4h0117_WYG_308-6a
313.md	91	KR4h0117_WYG_308-6b
313.md	99	KR4h0117_WYG_308-7a
313.md	107	KR4h0117_WYG_308-7b
313.md	115	KR4h0117_WYG_308-8a
313.md	123	KR4h0117_WYG_308-8b
313.md	131	KR4h0117_WYG_308-9a
313.md	139	KR4h0117_WYG_308-9b
313.md	147	KR4h0117_WYG_308-10a
313.md	155	KR4h0117_WYG_308-10b
313.md	163	KR4h0117_WYG_308-11a
313.md	171	KR4h0117_WYG_308-11b
314.md	3	KR4h0117_WYG_309-1a
314.md	11	KR4h0117_WYG_309-1b
314.md	19	KR4h0117_WYG_309-2a
314.md	27	KR4h0117_WYG_309-2b
314.md	35	KR4h0117_WYG_309-3a
314.md	43	KR4h0117_WYG_309-3b
314.md	51	KR4h0117_WYG_309-4a
314.md	59	KR4h0117_WYG_309-4b
314.md	67	KR4h0117_WYG_309-5a
314.md	75	KR4h0117_WYG_309-5b
314.md	83	KR4h0117_WYG_309-6a
314.md	91	KR4h0117_WYG_309-6b
314.md	99	KR4h0117_WYG_309-7a
314.md	107	KR4h0117_WYG_309-7b
314.md	115	KR4h0117_WYG_309-8a
314.md	123	KR4h0117_WYG_309-8b
314.md	131	KR4h0117_WYG_309-9a
314.md	139	KR4h0117_WYG_309-9b
314.md	147	KR4h0117_WYG_309-10a
314.md	155	KR4h0117_WYG_309-10b
314.md	163	KR4h0117_WYG_309-11a
314.md	171	KR4h0117_WYG_309-11b
314.md	179	KR4h0117_WYG_309-12a
314.md	187	KR4h0117_WYG_309-12b
314.md	195	KR4h0117_WYG_309-13a
314.md	203	KR4h0117_WYG_309-13b
314.md	211	KR4h0117_WYG_309-14a
314.md	219	KR4h0117_WYG_309-14b
314.md	227	KR4h0117_WYG_309-15a
314.md	235	KR4h0117_WYG_309-15b
314.md	243	KR4h0117_WYG_309-16a
314.md	251	KR4h0117_WYG_309-16b
314.md	259	KR4h0117_WYG_309-17a
314.md	267	KR4h0117_WYG_309-17b
314.md	275	KR4h0117_WYG_309-18a
314.md	283	KR4h0117_WYG_309-18b
315.md	3	KR4h0117_WYG_310-1a
315.md	11	KR4h0117_WYG_310-1b
315.md	19	KR4h0117_WYG_310-2a
315.md	27	KR4h0117_WYG_310-2b
315.md	35	KR4h0117_WYG_310-3a
315.md	43	KR4h0117_WYG_310-3b
315.md	51	KR4h0117_WYG_310-4a
315.md	59	KR4h0117_WYG_310-4b
315.md	67	KR4h0117_WYG_310-5a
315.md	75	KR4h0117_WYG_310-5b
315.md	83	KR4h0117_WYG_310-6a
315.md	91	KR4h0117_WYG_310-6b
315.md	99	KR4h0117_WYG_310-7a
315.md	107	KR4h0117_WYG_310-7b
315.md	115	KR4h0117_WYG_310-8a
315.md	123	KR4h0117_WYG_310-8b
315.md	131	KR4h0117_WYG_310-9a
315.md	139	KR4h0117_WYG_310-9b
315.md	147	KR4h0117_WYG_310-10a
315.md	155	KR4h0117_WYG_310-10b
315.md	163	KR4h0117_WYG_310-11a
315.md	171	KR4h0117_WYG_310-11b
315.md	179	KR4h0117_WYG_310-12a
315.md	187	KR4h0117_WYG_310-12b
316.md	3	KR4h0117_WYG_311-1a
316.md	11	KR4h0117_WYG_311-1b
316.md	19	KR4h0117_WYG_311-2a
316.md	27	KR4h0117_WYG_311-2b
316.md	35	KR4h0117_WYG_311-3a
316.md	43	KR4h0117_WYG_311-3b
316.md	51	KR4h0117_WYG_311-4a
316.md	59	KR4h0117_WYG_311-4b
316.md	67	KR4h0117_WYG_311-5a
316.md	75	KR4h0117_WYG_311-5b
316.md	83	KR4h0117_WYG_311-6a
316.md	91	KR4h0117_WYG_311-6b
316.md	99	KR4h0117_WYG_311-7a
316.md	107	KR4h0117_WYG_311-7b
316.md	115	KR4h0117_WYG_311-8a
316.md	123	KR4h0117_WYG_311-8b
316.md	131	KR4h0117_WYG_311-9a
316.md	139	KR4h0117_WYG_311-9b
316.md	147	KR4h0117_WYG_311-10a
316.md	155	KR4h0117_WYG_311-10b
316.md	163	KR4h0117_WYG_311-11a
316.md	171	KR4h0117_WYG_311-11b
316.md	179	KR4h0117_WYG_311-12a
316.md	187	KR4h0117_WYG_311-12b
316.md	195	KR4h0117_WYG_311-13a
316.md	203	KR4h0117_WYG_311-13b
316.md	211	KR4h0117_WYG_311-14a
316.md	219	KR4h0117_WYG_311-14b
316.md	227	KR4h0117_WYG_311-15a
316.md	235	KR4h0117_WYG_311-15b
316.md	243	KR4h0117_WYG_311-16a
316.md	251	KR4h0117_WYG_311-16b
316.md	259	KR4h0117_WYG_311-17a
316.md	267	KR4h0117_WYG_311-17b
316.md	275	KR4h0117_WYG_311-18a
316.md	283	KR4h0117_WYG_311-18b
316.md	291	KR4h0117_WYG_311-19a
316.md	299	KR4h0117_WYG_311-19b
316.md	307	KR4h0117_WYG_311-20a
316.md	315	KR4h0117_WYG_311-20b
316.md	323	KR4h0117_WYG_311-21a
316.md	331	KR4h0117_WYG_311-21b
316.md	339	KR4h0117_WYG_311-22a
316.md	347	KR4h0117_WYG_311-22b
316.md	355	KR4h0117_WYG_311-23a
316.md	363	KR4h0117_WYG_311-23b
316.md	371	KR4h0117_WYG_311-24a
316.md	379	KR4h0117_WYG_311-24b
316.md	387	KR4h0117_WYG_311-25a
316.md	395	KR4h0117_WYG_311-25b
316.md	403	KR4h0117_WYG_311-26a
316.md	411	KR4h0117_WYG_311-26b
316.md	419	KR4h0117_WYG_311-27a
316.md	427	KR4h0117_WYG_311-27b
316.md	435	KR4h0117_WYG_311-28a
316.md	443	KR4h0117_WYG_311-28b
316.md	451	KR4h0117_WYG_311-29a
316.md	459	KR4h0117_WYG_311-29b
316.md	467	KR4h0117_WYG_311-30a
316.md	475	KR4h0117_WYG_311-30b
316.md	483	KR4h0117_WYG_311-31a
316.md	491	KR4h0117_WYG_311-31b
316.md	499	KR4h0117_WYG_311-32a
316.md	507	KR4h0117_WYG_311-32b
316.md	515	KR4h0117_WYG_311-33a
316.md	523	KR4h0117_WYG_311-33b
316.md	531	KR4h0117_WYG_311-34a
316.md	539	KR4h0117_WYG_311-34b
317.md	3	KR4h0117_WYG_312-1a
317.md	11	KR4h0117_WYG_312-1b
317.md	19	KR4h0117_WYG_312-2a
317.md	27	KR4h0117_WYG_312-2b
317.md	35	KR4h0117_WYG_312-3a
317.md	43	KR4h0117_WYG_312-3b
317.md	51	KR4h0117_WYG_312-4a
317.md	59	KR4h0117_WYG_312-4b
317.md	67	KR4h0117_WYG_312-5a
317.md	75	KR4h0117_WYG_312-5b
317.md	83	KR4h0117_WYG_312-6a
317.md	91	KR4h0117_WYG_312-6b
317.md	99	KR4h0117_WYG_312-7a
317.md	107	KR4h0117_WYG_312-7b
317.md	115	KR4h0117_WYG_312-8a
317.md	123	KR4h0117_WYG_312-8b
317.md	131	KR4h0117_WYG_312-9a
317.md	139	KR4h0117_WYG_312-9b
317.md	147	KR4h0117_WYG_312-10a
317.md	155	KR4h0117_WYG_312-10b
317.md	163	KR4h0117_WYG_312-11a
317.md	171	KR4h0117_WYG_312-11b
317.md	179	KR4h0117_WYG_312-12a
317.md	187	KR4h0117_WYG_312-12b
317.md	195	KR4h0117_WYG_312-13a
317.md	203	KR4h0117_WYG_312-13b
317.md	211	KR4h0117_WYG_312-14a
317.md	219	KR4h0117_WYG_312-14b
317.md	227	KR4h0117_WYG_312-15a
317.md	235	KR4h0117_WYG_312-15b
317.md	243	KR4h0117_WYG_312-16a
317.md	251	KR4h0117_WYG_312-16b
317.md	259	KR4h0117_WYG_312-17a
317.md	267	KR4h0117_WYG_312-17b
317.md	275	KR4h0117_WYG_312-18a
317.md	283	KR4h0117_WYG_312-18b
317.md	291	KR4h0117_WYG_312-19a
317.md	299	KR4h0117_WYG_312-19b
317.md	307	KR4h0117_WYG_312-20a
317.md	315	KR4h0117_WYG_312-20b
317.md	323	KR4h0117_WYG_312-21a
317.md	331	KR4h0117_WYG_312-21b
317.md	339	KR4h0117_WYG_312-22a
317.md	347	KR4h0117_WYG_312-22b
317.md	355	KR4h0117_WYG_312-23a
317.md	363	KR4h0117_WYG_312-23b
317.md	371	KR4h0117_WYG_312-24a
317.md	379	KR4h0117_WYG_312-24b
317.md	387	KR4h0117_WYG_312-25a
317.md	395	KR4h0117_WYG_312-25b
317.md	403	KR4h0117_WYG_312-26a
317.md	411	KR4h0117_WYG_312-26b
317.md	419	KR4h0117_WYG_312-27a
317.md	427	KR4h0117_WYG_312-27b
317.md	435	KR4h0117_WYG_312-28a
317.md	443	KR4h0117_WYG_312-28b
318.md	3	KR4h0117_WYG_313-1a
318.md	11	KR4h0117_WYG_313-1b
318.md	19	KR4h0117_WYG_313-2a
318.md	27	KR4h0117_WYG_313-2b
318.md	35	KR4h0117_WYG_313-3a
318.md	43	KR4h0117_WYG_313-3b
318.md	51	KR4h0117_WYG_313-4a
318.md	59	KR4h0117_WYG_313-4b
318.md	67	KR4h0117_WYG_313-5a
318.md	75	KR4h0117_WYG_313-5b
318.md	83	KR4h0117_WYG_313-6a
318.md	91	KR4h0117_WYG_313-6b
318.md	99	KR4h0117_WYG_313-7a
318.md	107	KR4h0117_WYG_313-7b
318.md	115	KR4h0117_WYG_313-8a
318.md	123	KR4h0117_WYG_313-8b
318.md	131	KR4h0117_WYG_313-9a
318.md	139	KR4h0117_WYG_313-9b
318.md	147	KR4h0117_WYG_313-10a
318.md	155	KR4h0117_WYG_313-10b
318.md	163	KR4h0117_WYG_313-11a
318.md	171	KR4h0117_WYG_313-11b
318.md	179	KR4h0117_WYG_313-12a
318.md	187	KR4h0117_WYG_313-12b
318.md	195	KR4h0117_WYG_313-13a
318.md	203	KR4h0117_WYG_313-13b
318.md	211	KR4h0117_WYG_313-14a
318.md	219	KR4h0117_WYG_313-14b
318.md	227	KR4h0117_WYG_313-15a
318.md	235	KR4h0117_WYG_313-15b
318.md	243	KR4h0117_WYG_313-16a
318.md	251	KR4h0117_WYG_313-16b
318.md	259	KR4h0117_WYG_313-17a
318.md	267	KR4h0117_WYG_313-17b
318.md	275	KR4h0117_WYG_313-18a
318.md	283	KR4h0117_WYG_313-18b
318.md	291	KR4h0117_WYG_313-19a
318.md	299	KR4h0117_WYG_313-19b
318.md	307	KR4h0117_WYG_313-20a
318.md	315	KR4h0117_WYG_313-20b
318.md	323	KR4h0117_WYG_313-21a
318.md	331	KR4h0117_WYG_313-21b
318.md	339	KR4h0117_WYG_313-22a
318.md	347	KR4h0117_WYG_313-22b
319.md	3	KR4h0117_WYG_314-1a
319.md	11	KR4h0117_WYG_314-1b
319.md	19	KR4h0117_WYG_314-2a
319.md	27	KR4h0117_WYG_314-2b
319.md	35	KR4h0117_WYG_314-3a
319.md	43	KR4h0117_WYG_314-3b
319.md	51	KR4h0117_WYG_314-4a
319.md	59	KR4h0117_WYG_314-4b
319.md	67	KR4h0117_WYG_314-5a
319.md	75	KR4h0117_WYG_314-5b
319.md	83	KR4h0117_WYG_314-6a
319.md	91	KR4h0117_WYG_314-6b
319.md	99	KR4h0117_WYG_314-7a
319.md	107	KR4h0117_WYG_314-7b
319.md	115	KR4h0117_WYG_314-8a
319.md	123	KR4h0117_WYG_314-8b
319.md	131	KR4h0117_WYG_314-9a
319.md	139	KR4h0117_WYG_314-9b
319.md	147	KR4h0117_WYG_314-10a
319.md	155	KR4h0117_WYG_314-10b
319.md	163	KR4h0117_WYG_314-11a
319.md	171	KR4h0117_WYG_314-11b
319.md	179	KR4h0117_WYG_314-12a
319.md	187	KR4h0117_WYG_314-12b
319.md	195	KR4h0117_WYG_314-13a
319.md	203	KR4h0117_WYG_314-13b
319.md	211	KR4h0117_WYG_314-14a
319.md	219	KR4h0117_WYG_314-14b
319.md	227	KR4h0117_WYG_314-15a
319.md	235	KR4h0117_WYG_314-15b
319.md	243	KR4h0117_WYG_314-16a
319.md	251	KR4h0117_WYG_314-16b
319.md	259	KR4h0117_WYG_314-17a
319.md	267	KR4h0117_WYG_314-17b
319.md	275	KR4h0117_WYG_314-18a
319.md	283	KR4h0117_WYG_314-18b
319.md	291	KR4h0117_WYG_314-19a
319.md	299	KR4h0117_WYG_314-19b
319.md	307	KR4h0117_WYG_314-20a
319.md	315	KR4h0117_WYG_314-20b
319.md	323	KR4h0117_WYG_314-21a
319.md	331	KR4h0117_WYG_314-21b
319.md	339	KR4h0117_WYG_314-22a
319.md	347	KR4h0117_WYG_314-22b
319.md	355	KR4h0117_WYG_314-23a
319.md	363	KR4h0117_WYG_314-23b
319.md	371	KR4h0117_WYG_314-24a
319.md	379	KR4h0117_WYG_314-24b
319.md	387	KR4h0117_WYG_314-25a
319.md	395	KR4h0117_WYG_314-25b
319.md	403	KR4h0117_WYG_314-26a
319.md	411	KR4h0117_WYG_314-26b
319.md	419	KR4h0117_WYG_314-27a
319.md	427	KR4h0117_WYG_314-27b
320.md	3	KR4h0117_WYG_315-1a
320.md	11	KR4h0117_WYG_315-1b
320.md	19	KR4h0117_WYG_315-2a
320.md	27	KR4h0117_WYG_315-2b
320.md	35	KR4h0117_WYG_315-3a
320.md	43	KR4h0117_WYG_315-3b
320.md	51	KR4h0117_WYG_315-4a
320.md	59	KR4h0117_WYG_315-4b
320.md	67	KR4h0117_WYG_315-5a
320.md	75	KR4h0117_WYG_315-5b
320.md	83	KR4h0117_WYG_315-6a
320.md	91	KR4h0117_WYG_315-6b
320.md	99	KR4h0117_WYG_315-7a
320.md	107	KR4h0117_WYG_315-7b
320.md	115	KR4h0117_WYG_315-8a
320.md	123	KR4h0117_WYG_315-8b
320.md	131	KR4h0117_WYG_315-9a
320.md	139	KR4h0117_WYG_315-9b
320.md	147	KR4h0117_WYG_315-10a
320.md	155	KR4h0117_WYG_315-10b
320.md	163	KR4h0117_WYG_315-11a
320.md	171	KR4h0117_WYG_315-11b
320.md	179	KR4h0117_WYG_315-12a
320.md	187	KR4h0117_WYG_315-12b
320.md	195	KR4h0117_WYG_315-13a
320.md	203	KR4h0117_WYG_315-13b
320.md	211	KR4h0117_WYG_315-14a
320.md	219	KR4h0117_WYG_315-14b
320.md	227	KR4h0117_WYG_315-15a
320.md	235	KR4h0117_WYG_315-15b
320.md	243	KR4h0117_WYG_315-16a
320.md	251	KR4h0117_WYG_315-16b
320.md	259	KR4h0117_WYG_315-17a
320.md	267	KR4h0117_WYG_315-17b
320.md	275	KR4h0117_WYG_315-18a
320.md	283	KR4h0117_WYG_315-18b
321.md	3	KR4h0117_WYG_316-1a
321.md	11	KR4h0117_WYG_316-1b
321.md	19	KR4h0117_WYG_316-2a
321.md	27	KR4h0117_WYG_316-2b
321.md	35	KR4h0117_WYG_316-3a
321.md	43	KR4h0117_WYG_316-3b
321.md	51	KR4h0117_WYG_316-4a
321.md	59	KR4h0117_WYG_316-4b
321.md	67	KR4h0117_WYG_316-5a
321.md	75	KR4h0117_WYG_316-5b
321.md	83	KR4h0117_WYG_316-6a
321.md	91	KR4h0117_WYG_316-6b
321.md	99	KR4h0117_WYG_316-7a
321.md	107	KR4h0117_WYG_316-7b
321.md	115	KR4h0117_WYG_316-8a
321.md	123	KR4h0117_WYG_316-8b
321.md	131	KR4h0117_WYG_316-9a
321.md	139	KR4h0117_WYG_316-9b
321.md	147	KR4h0117_WYG_316-10a
321.md	155	KR4h0117_WYG_316-10b
321.md	163	KR4h0117_WYG_316-11a
321.md	171	KR4h0117_WYG_316-11b
321.md	179	KR4h0117_WYG_316-12a
321.md	187	KR4h0117_WYG_316-12b
321.md	195	KR4h0117_WYG_316-13a
321.md	203	KR4h0117_WYG_316-13b
321.md	211	KR4h0117_WYG_316-14a
321.md	219	KR4h0117_WYG_316-14b
322.md	3	KR4h0117_WYG_317-1a
322.md	11	KR4h0117_WYG_317-1b
322.md	19	KR4h0117_WYG_317-2a
322.md	27	KR4h0117_WYG_317-2b
322.md	35	KR4h0117_WYG_317-3a
322.md	43	KR4h0117_WYG_317-3b
322.md	51	KR4h0117_WYG_317-4a
322.md	59	KR4h0117_WYG_317-4b
322.md	67	KR4h0117_WYG_317-5a
322.md	75	KR4h0117_WYG_317-5b
322.md	83	KR4h0117_WYG_317-6a
322.md	91	KR4h0117_WYG_317-6b
322.md	99	KR4h0117_WYG_317-7a
322.md	107	KR4h0117_WYG_317-7b
322.md	115	KR4h0117_WYG_317-8a
322.md	123	KR4h0117_WYG_317-8b
322.md	131	KR4h0117_WYG_317-9a
322.md	139	KR4h0117_WYG_317-9b
322.md	147	KR4h0117_WYG_317-10a
322.md	155	KR4h0117_WYG_317-10b
322.md	163	KR4h0117_WYG_317-11a
322.md	171	KR4h0117_WYG_317-11b
322.md	179	KR4h0117_WYG_317-12a
322.md	187	KR4h0117_WYG_317-12b
322.md	195	KR4h0117_WYG_317-13a
322.md	203	KR4h0117_WYG_317-13b
322.md	211	KR4h0117_WYG_317-14a
322.md	219	KR4h0117_WYG_317-14b
322.md	227	KR4h0117_WYG_317-15a
322.md	235	KR4h0117_WYG_317-15b
322.md	243	KR4h0117_WYG_317-16a
322.md	251	KR4h0117_WYG_317-16b
322.md	259	KR4h0117_WYG_317-17a
322.md	267	KR4h0117_WYG_317-17b
322.md	275	KR4h0117_WYG_317-18a
322.md	283	KR4h0117_WYG_317-18b
322.md	291	KR4h0117_WYG_317-19a
322.md	299	KR4h0117_WYG_317-19b
322.md	307	KR4h0117_WYG_317-20a
322.md	315	KR4h0117_WYG_317-20b
322.md	323	KR4h0117_WYG_317-21a
322.md	331	KR4h0117_WYG_317-21b
322.md	339	KR4h0117_WYG_317-22a
322.md	346	KR4h0117_WYG_317-22b
322.md	355	KR4h0117_WYG_317-23a
322.md	363	KR4h0117_WYG_317-23b
322.md	371	KR4h0117_WYG_317-24a
322.md	379	KR4h0117_WYG_317-24b
322.md	387	KR4h0117_WYG_317-25a
322.md	395	KR4h0117_WYG_317-25b
322.md	403	KR4h0117_WYG_317-26a
322.md	411	KR4h0117_WYG_317-26b
323.md	3	KR4h0117_WYG_318-1a
323.md	11	KR4h0117_WYG_318-1b
323.md	19	KR4h0117_WYG_318-2a
323.md	27	KR4h0117_WYG_318-2b
323.md	35	KR4h0117_WYG_318-3a
323.md	43	KR4h0117_WYG_318-3b
323.md	51	KR4h0117_WYG_318-4a
323.md	59	KR4h0117_WYG_318-4b
323.md	67	KR4h0117_WYG_318-5a
323.md	75	KR4h0117_WYG_318-5b
323.md	83	KR4h0117_WYG_318-6a
323.md	91	KR4h0117_WYG_318-6b
323.md	99	KR4h0117_WYG_318-7a
323.md	107	KR4h0117_WYG_318-7b
323.md	115	KR4h0117_WYG_318-8a
323.md	123	KR4h0117_WYG_318-8b
323.md	131	KR4h0117_WYG_318-9a
323.md	139	KR4h0117_WYG_318-9b
323.md	147	KR4h0117_WYG_318-10a
323.md	155	KR4h0117_WYG_318-10b
323.md	163	KR4h0117_WYG_318-11a
323.md	171	KR4h0117_WYG_318-11b
323.md	179	KR4h0117_WYG_318-12a
323.md	187	KR4h0117_WYG_318-12b
323.md	195	KR4h0117_WYG_318-13a
323.md	203	KR4h0117_WYG_318-13b
323.md	211	KR4h0117_WYG_318-14a
323.md	219	KR4h0117_WYG_318-14b
323.md	227	KR4h0117_WYG_318-15a
323.md	235	KR4h0117_WYG_318-15b
324.md	3	KR4h0117_WYG_319-1a
324.md	11	KR4h0117_WYG_319-1b
324.md	19	KR4h0117_WYG_319-2a
324.md	27	KR4h0117_WYG_319-2b
324.md	35	KR4h0117_WYG_319-3a
324.md	43	KR4h0117_WYG_319-3b
324.md	51	KR4h0117_WYG_319-4a
324.md	59	KR4h0117_WYG_319-4b
324.md	67	KR4h0117_WYG_319-5a
324.md	75	KR4h0117_WYG_319-5b
324.md	83	KR4h0117_WYG_319-6a
324.md	91	KR4h0117_WYG_319-6b
324.md	99	KR4h0117_WYG_319-7a
324.md	107	KR4h0117_WYG_319-7b
324.md	115	KR4h0117_WYG_319-8a
324.md	123	KR4h0117_WYG_319-8b
324.md	131	KR4h0117_WYG_319-9a
324.md	139	KR4h0117_WYG_319-9b
324.md	147	KR4h0117_WYG_319-10a
324.md	155	KR4h0117_WYG_319-10b
324.md	163	KR4h0117_WYG_319-11a
324.md	171	KR4h0117_WYG_319-11b
324.md	179	KR4h0117_WYG_319-12a
324.md	187	KR4h0117_WYG_319-12b
324.md	195	KR4h0117_WYG_319-13a
324.md	203	KR4h0117_WYG_319-13b
324.md	211	KR4h0117_WYG_319-14a
324.md	219	KR4h0117_WYG_319-14b
324.md	227	KR4h0117_WYG_319-15a
324.md	235	KR4h0117_WYG_319-15b
325.md	3	KR4h0117_WYG_320-1a
325.md	11	KR4h0117_WYG_320-1b
325.md	19	KR4h0117_WYG_320-2a
325.md	27	KR4h0117_WYG_320-2b
325.md	35	KR4h0117_WYG_320-3a
325.md	43	KR4h0117_WYG_320-3b
325.md	51	KR4h0117_WYG_320-4a
325.md	59	KR4h0117_WYG_320-4b
325.md	67	KR4h0117_WYG_320-5a
325.md	75	KR4h0117_WYG_320-5b
325.md	83	KR4h0117_WYG_320-6a
325.md	91	KR4h0117_WYG_320-6b
325.md	99	KR4h0117_WYG_320-7a
325.md	107	KR4h0117_WYG_320-7b
325.md	115	KR4h0117_WYG_320-8a
325.md	123	KR4h0117_WYG_320-8b
325.md	131	KR4h0117_WYG_320-9a
325.md	139	KR4h0117_WYG_320-9b
325.md	147	KR4h0117_WYG_320-10a
325.md	155	KR4h0117_WYG_320-10b
325.md	163	KR4h0117_WYG_320-11a
325.md	171	KR4h0117_WYG_320-11b
325.md	179	KR4h0117_WYG_320-12a
325.md	187	KR4h0117_WYG_320-12b
326.md	3	KR4h0117_WYG_321-1a
326.md	11	KR4h0117_WYG_321-1b
326.md	19	KR4h0117_WYG_321-2a
326.md	27	KR4h0117_WYG_321-2b
326.md	35	KR4h0117_WYG_321-3a
326.md	43	KR4h0117_WYG_321-3b
326.md	51	KR4h0117_WYG_321-4a
326.md	59	KR4h0117_WYG_321-4b
326.md	67	KR4h0117_WYG_321-5a
326.md	75	KR4h0117_WYG_321-5b
326.md	83	KR4h0117_WYG_321-6a
326.md	91	KR4h0117_WYG_321-6b
326.md	99	KR4h0117_WYG_321-7a
326.md	107	KR4h0117_WYG_321-7b
326.md	115	KR4h0117_WYG_321-8a
326.md	123	KR4h0117_WYG_321-8b
326.md	131	KR4h0117_WYG_321-9a
326.md	139	KR4h0117_WYG_321-9b
326.md	147	KR4h0117_WYG_321-10a
326.md	155	KR4h0117_WYG_321-10b
327.md	3	KR4h0117_WYG_321-11a
327.md	11	KR4h0117_WYG_321-11b
327.md	19	KR4h0117_WYG_321-12a
327.md	27	KR4h0117_WYG_321-12b
327.md	35	KR4h0117_WYG_321-13a
327.md	43	KR4h0117_WYG_321-13b
327.md	51	KR4h0117_WYG_321-14a
327.md	59	KR4h0117_WYG_321-14b
327.md	67	KR4h0117_WYG_321-15a
327.md	75	KR4h0117_WYG_321-15b
327.md	83	KR4h0117_WYG_321-16a
327.md	91	KR4h0117_WYG_321-16b
327.md	99	KR4h0117_WYG_321-17a
327.md	107	KR4h0117_WYG_321-17b
327.md	115	KR4h0117_WYG_321-18a
327.md	123	KR4h0117_WYG_321-18b
327.md	131	KR4h0117_WYG_321-19a
327.md	139	KR4h0117_WYG_321-19b
327.md	147	KR4h0117_WYG_321-20a
327.md	155	KR4h0117_WYG_321-20b
327.md	163	KR4h0117_WYG_321-21a
327.md	171	KR4h0117_WYG_321-21b
327.md	179	KR4h0117_WYG_321-22a
327.md	187	KR4h0117_WYG_321-22b
327.md	195	KR4h0117_WYG_321-23a
327.md	203	KR4h0117_WYG_321-23b
327.md	211	KR4h0117_WYG_321-24a
327.md	219	KR4h0117_WYG_321-24b
327.md	227	KR4h0117_WYG_321-25a
327.md	235	KR4h0117_WYG_321-25b
327.md	243	KR4h0117_WYG_321-26a
327.md	251	KR4h0117_WYG_321-26b
327.md	259	KR4h0117_WYG_321-27a
327.md	267	KR4h0117_WYG_321-27b
327.md	275	KR4h0117_WYG_321-28a
327.md	283	KR4h0117_WYG_321-28b
327.md	291	KR4h0117_WYG_321-29a
327.md	299	KR4h0117_WYG_321-29b
327.md	307	KR4h0117_WYG_321-30a
327.md	315	KR4h0117_WYG_321-30b
328.md	3	KR4h0117_WYG_322-1a
328.md	11	KR4h0117_WYG_322-1b
328.md	19	KR4h0117_WYG_322-2a
328.md	27	KR4h0117_WYG_322-2b
328.md	35	KR4h0117_WYG_322-3a
328.md	43	KR4h0117_WYG_322-3b
328.md	51	KR4h0117_WYG_322-4a
328.md	59	KR4h0117_WYG_322-4b
328.md	67	KR4h0117_WYG_322-5a
328.md	75	KR4h0117_WYG_322-5b
328.md	83	KR4h0117_WYG_322-6a
328.md	91	KR4h0117_WYG_322-6b
328.md	99	KR4h0117_WYG_322-7a
328.md	107	KR4h0117_WYG_322-7b
328.md	115	KR4h0117_WYG_322-8a
328.md	123	KR4h0117_WYG_322-8b
328.md	131	KR4h0117_WYG_322-9a
328.md	139	KR4h0117_WYG_322-9b
328.md	147	KR4h0117_WYG_322-10a
328.md	155	KR4h0117_WYG_322-10b
328.md	163	KR4h0117_WYG_322-11a
328.md	171	KR4h0117_WYG_322-11b
328.md	179	KR4h0117_WYG_322-12a
328.md	187	KR4h0117_WYG_322-12b
328.md	195	KR4h0117_WYG_322-13a
328.md	203	KR4h0117_WYG_322-13b
329.md	3	KR4h0117_WYG_323-1a
329.md	11	KR4h0117_WYG_323-1b
329.md	19	KR4h0117_WYG_323-2a
329.md	27	KR4h0117_WYG_323-2b
329.md	35	KR4h0117_WYG_323-3a
329.md	43	KR4h0117_WYG_323-3b
329.md	51	KR4h0117_WYG_323-4a
329.md	59	KR4h0117_WYG_323-4b
329.md	67	KR4h0117_WYG_323-5a
329.md	75	KR4h0117_WYG_323-5b
329.md	83	KR4h0117_WYG_323-6a
329.md	91	KR4h0117_WYG_323-6b
329.md	99	KR4h0117_WYG_323-7a
329.md	107	KR4h0117_WYG_323-7b
329.md	115	KR4h0117_WYG_323-8a
329.md	123	KR4h0117_WYG_323-8b
329.md	131	KR4h0117_WYG_323-9a
329.md	139	KR4h0117_WYG_323-9b
329.md	147	KR4h0117_WYG_323-10a
329.md	155	KR4h0117_WYG_323-10b
329.md	163	KR4h0117_WYG_323-11a
329.md	171	KR4h0117_WYG_323-11b
329.md	179	KR4h0117_WYG_323-12a
329.md	187	KR4h0117_WYG_323-12b
329.md	195	KR4h0117_WYG_323-13a
329.md	203	KR4h0117_WYG_323-13b
329.md	211	KR4h0117_WYG_323-14a
329.md	219	KR4h0117_WYG_323-14b
329.md	227	KR4h0117_WYG_323-15a
329.md	235	KR4h0117_WYG_323-15b
329.md	243	KR4h0117_WYG_323-16a
329.md	251	KR4h0117_WYG_323-16b
329.md	259	KR4h0117_WYG_323-17a
329.md	267	KR4h0117_WYG_323-17b
329.md	275	KR4h0117_WYG_323-18a
329.md	283	KR4h0117_WYG_323-18b
329.md	291	KR4h0117_WYG_323-19a
329.md	299	KR4h0117_WYG_323-19b
330.md	3	KR4h0117_WYG_324-1a
330.md	11	KR4h0117_WYG_324-1b
330.md	19	KR4h0117_WYG_324-2a
330.md	27	KR4h0117_WYG_324-2b
330.md	35	KR4h0117_WYG_324-3a
330.md	43	KR4h0117_WYG_324-3b
330.md	51	KR4h0117_WYG_324-4a
330.md	59	KR4h0117_WYG_324-4b
330.md	67	KR4h0117_WYG_324-5a
330.md	75	KR4h0117_WYG_324-5b
330.md	83	KR4h0117_WYG_324-6a
330.md	91	KR4h0117_WYG_324-6b
330.md	99	KR4h0117_WYG_324-7a
330.md	107	KR4h0117_WYG_324-7b
330.md	115	KR4h0117_WYG_324-8a
330.md	123	KR4h0117_WYG_324-8b
330.md	131	KR4h0117_WYG_324-9a
330.md	139	KR4h0117_WYG_324-9b
330.md	147	KR4h0117_WYG_324-10a
330.md	155	KR4h0117_WYG_324-10b
330.md	163	KR4h0117_WYG_324-11a
330.md	171	KR4h0117_WYG_324-11b
330.md	179	KR4h0117_WYG_324-12a
330.md	187	KR4h0117_WYG_324-12b
330.md	195	KR4h0117_WYG_324-13a
330.md	203	KR4h0117_WYG_324-13b
330.md	211	KR4h0117_WYG_324-14a
330.md	219	KR4h0117_WYG_324-14b
330.md	227	KR4h0117_WYG_324-15a
330.md	235	KR4h0117_WYG_324-15b
331.md	3	KR4h0117_WYG_325-1a
331.md	11	KR4h0117_WYG_325-1b
331.md	19	KR4h0117_WYG_325-2a
331.md	27	KR4h0117_WYG_325-2b
331.md	35	KR4h0117_WYG_325-3a
331.md	43	KR4h0117_WYG_325-3b
331.md	51	KR4h0117_WYG_325-4a
331.md	59	KR4h0117_WYG_325-4b
331.md	67	KR4h0117_WYG_325-5a
331.md	75	KR4h0117_WYG_325-5b
331.md	83	KR4h0117_WYG_325-6a
331.md	91	KR4h0117_WYG_325-6b
331.md	99	KR4h0117_WYG_325-7a
331.md	107	KR4h0117_WYG_325-7b
331.md	115	KR4h0117_WYG_325-8a
331.md	123	KR4h0117_WYG_325-8b
331.md	131	KR4h0117_WYG_325-9a
331.md	139	KR4h0117_WYG_325-9b
331.md	147	KR4h0117_WYG_325-10a
331.md	155	KR4h0117_WYG_325-10b
331.md	163	KR4h0117_WYG_325-11a
331.md	171	KR4h0117_WYG_325-11b
331.md	179	KR4h0117_WYG_325-12a
331.md	187	KR4h0117_WYG_325-12b
331.md	195	KR4h0117_WYG_325-13a
331.md	203	KR4h0117_WYG_325-13b
331.md	211	KR4h0117_WYG_325-14a
331.md	219	KR4h0117_WYG_325-14b
331.md	227	KR4h0117_WYG_325-15a
331.md	235	KR4h0117_WYG_325-15b
331.md	243	KR4h0117_WYG_325-16a
331.md	251	KR4h0117_WYG_325-16b
332.md	3	KR4h0117_WYG_326-1a
332.md	11	KR4h0117_WYG_326-1b
332.md	19	KR4h0117_WYG_326-2a
332.md	27	KR4h0117_WYG_326-2b
332.md	35	KR4h0117_WYG_326-3a
332.md	43	KR4h0117_WYG_326-3b
332.md	51	KR4h0117_WYG_326-4a
332.md	59	KR4h0117_WYG_326-4b
332.md	67	KR4h0117_WYG_326-5a
332.md	75	KR4h0117_WYG_326-5b
332.md	83	KR4h0117_WYG_326-6a
332.md	91	KR4h0117_WYG_326-6b
332.md	99	KR4h0117_WYG_326-7a
332.md	107	KR4h0117_WYG_326-7b
332.md	115	KR4h0117_WYG_326-8a
332.md	123	KR4h0117_WYG_326-8b
332.md	131	KR4h0117_WYG_326-9a
332.md	139	KR4h0117_WYG_326-9b
333.md	3	KR4h0117_WYG_327-1a
333.md	11	KR4h0117_WYG_327-1b
333.md	19	KR4h0117_WYG_327-2a
333.md	27	KR4h0117_WYG_327-2b
333.md	35	KR4h0117_WYG_327-3a
333.md	43	KR4h0117_WYG_327-3b
333.md	51	KR4h0117_WYG_327-4a
333.md	59	KR4h0117_WYG_327-4b
333.md	67	KR4h0117_WYG_327-5a
333.md	75	KR4h0117_WYG_327-5b
333.md	83	KR4h0117_WYG_327-6a
333.md	91	KR4h0117_WYG_327-6b
333.md	99	KR4h0117_WYG_327-7a
333.md	107	KR4h0117_WYG_327-7b
333.md	115	KR4h0117_WYG_327-8a
333.md	123	KR4h0117_WYG_327-8b
333.md	131	KR4h0117_WYG_327-9a
333.md	139	KR4h0117_WYG_327-9b
333.md	147	KR4h0117_WYG_327-10a
333.md	155	KR4h0117_WYG_327-10b
333.md	163	KR4h0117_WYG_327-11a
333.md	171	KR4h0117_WYG_327-11b
333.md	179	KR4h0117_WYG_327-12a
333.md	187	KR4h0117_WYG_327-12b
333.md	195	KR4h0117_WYG_327-13a
333.md	203	KR4h0117_WYG_327-13b
333.md	211	KR4h0117_WYG_327-14a
333.md	219	KR4h0117_WYG_327-14b
333.md	227	KR4h0117_WYG_327-15a
333.md	235	KR4h0117_WYG_327-15b
333.md	243	KR4h0117_WYG_327-16a
333.md	251	KR4h0117_WYG_327-16b
333.md	259	KR4h0117_WYG_327-17a
333.md	267	KR4h0117_WYG_327-17b
333.md	275	KR4h0117_WYG_327-18a
333.md	283	KR4h0117_WYG_327-18b
333.md	291	KR4h0117_WYG_327-19a
333.md	299	KR4h0117_WYG_327-19b
333.md	307	KR4h0117_WYG_327-20a
333.md	315	KR4h0117_WYG_327-20b
333.md	323	KR4h0117_WYG_327-21a
333.md	331	KR4h0117_WYG_327-21b
333.md	339	KR4h0117_WYG_327-22a
333.md	347	KR4h0117_WYG_327-22b
333.md	355	KR4h0117_WYG_327-23a
333.md	363	KR4h0117_WYG_327-23b
333.md	371	KR4h0117_WYG_327-24a
333.md	379	KR4h0117_WYG_327-24b
333.md	387	KR4h0117_WYG_327-25a
333.md	395	KR4h0117_WYG_327-25b
333.md	403	KR4h0117_WYG_327-26a
333.md	411	KR4h0117_WYG_327-26b
333.md	419	KR4h0117_WYG_327-27a
333.md	427	KR4h0117_WYG_327-27b
334.md	3	KR4h0117_WYG_328-1a
334.md	11	KR4h0117_WYG_328-1b
334.md	19	KR4h0117_WYG_328-2a
334.md	27	KR4h0117_WYG_328-2b
334.md	35	KR4h0117_WYG_328-3a
334.md	43	KR4h0117_WYG_328-3b
334.md	51	KR4h0117_WYG_328-4a
334.md	59	KR4h0117_WYG_328-4b
334.md	67	KR4h0117_WYG_328-5a
334.md	75	KR4h0117_WYG_328-5b
334.md	83	KR4h0117_WYG_328-6a
334.md	91	KR4h0117_WYG_328-6b
334.md	99	KR4h0117_WYG_328-7a
334.md	107	KR4h0117_WYG_328-7b
334.md	115	KR4h0117_WYG_328-8a
334.md	123	KR4h0117_WYG_328-8b
334.md	131	KR4h0117_WYG_328-9a
334.md	139	KR4h0117_WYG_328-9b
334.md	147	KR4h0117_WYG_328-10a
334.md	155	KR4h0117_WYG_328-10b
334.md	163	KR4h0117_WYG_328-11a
334.md	171	KR4h0117_WYG_328-11b
334.md	179	KR4h0117_WYG_328-12a
334.md	187	KR4h0117_WYG_328-12b
334.md	195	KR4h0117_WYG_328-13a
334.md	203	KR4h0117_WYG_328-13b
334.md	211	KR4h0117_WYG_328-14a
334.md	219	KR4h0117_WYG_328-14b
334.md	227	KR4h0117_WYG_328-15a
334.md	235	KR4h0117_WYG_328-15b
334.md	243	KR4h0117_WYG_328-16a
334.md	251	KR4h0117_WYG_328-16b
334.md	259	KR4h0117_WYG_328-17a
334.md	267	KR4h0117_WYG_328-17b
334.md	275	KR4h0117_WYG_328-18a
334.md	283	KR4h0117_WYG_328-18b
334.md	291	KR4h0117_WYG_328-19a
334.md	299	KR4h0117_WYG_328-19b
334.md	307	KR4h0117_WYG_328-20a
334.md	315	KR4h0117_WYG_328-20b
334.md	323	KR4h0117_WYG_328-21a
334.md	331	KR4h0117_WYG_328-21b
334.md	339	KR4h0117_WYG_328-22a
334.md	347	KR4h0117_WYG_328-22b
335.md	3	KR4h0117_WYG_329-1a
335.md	11	KR4h0117_WYG_329-1b
335.md	19	KR4h0117_WYG_329-2a
335.md	27	KR4h0117_WYG_329-2b
335.md	35	KR4h0117_WYG_329-3a
335.md	43	KR4h0117_WYG_329-3b
335.md	51	KR4h0117_WYG_329-4a
335.md	59	KR4h0117_WYG_329-4b
335.md	67	KR4h0117_WYG_329-5a
335.md	75	KR4h0117_WYG_329-5b
335.md	83	KR4h0117_WYG_329-6a
335.md	91	KR4h0117_WYG_329-6b
335.md	99	KR4h0117_WYG_329-7a
335.md	107	KR4h0117_WYG_329-7b
335.md	115	KR4h0117_WYG_329-8a
335.md	123	KR4h0117_WYG_329-8b
335.md	131	KR4h0117_WYG_329-9a
335.md	139	KR4h0117_WYG_329-9b
335.md	147	KR4h0117_WYG_329-10a
335.md	155	KR4h0117_WYG_329-10b
335.md	163	KR4h0117_WYG_329-11a
335.md	171	KR4h0117_WYG_329-11b
335.md	179	KR4h0117_WYG_329-12a
335.md	187	KR4h0117_WYG_329-12b
335.md	195	KR4h0117_WYG_329-13a
335.md	203	KR4h0117_WYG_329-13b
335.md	211	KR4h0117_WYG_329-14a
335.md	219	KR4h0117_WYG_329-14b
335.md	227	KR4h0117_WYG_329-15a
335.md	235	KR4h0117_WYG_329-15b
335.md	243	KR4h0117_WYG_329-16a
335.md	251	KR4h0117_WYG_329-16b
335.md	259	KR4h0117_WYG_329-17a
335.md	267	KR4h0117_WYG_329-17b
335.md	275	KR4h0117_WYG_329-18a
335.md	283	KR4h0117_WYG_329-18b
335.md	291	KR4h0117_WYG_329-19a
335.md	299	KR4h0117_WYG_329-19b
335.md	307	KR4h0117_WYG_329-20a
335.md	315	KR4h0117_WYG_329-20b
336.md	3	KR4h0117_WYG_330-1a
336.md	11	KR4h0117_WYG_330-1b
336.md	19	KR4h0117_WYG_330-2a
336.md	27	KR4h0117_WYG_330-2b
336.md	35	KR4h0117_WYG_330-3a
336.md	43	KR4h0117_WYG_330-3b
336.md	51	KR4h0117_WYG_330-4a
336.md	59	KR4h0117_WYG_330-4b
336.md	67	KR4h0117_WYG_330-5a
336.md	75	KR4h0117_WYG_330-5b
336.md	83	KR4h0117_WYG_330-6a
336.md	91	KR4h0117_WYG_330-6b
336.md	99	KR4h0117_WYG_330-7a
336.md	107	KR4h0117_WYG_330-7b
336.md	115	KR4h0117_WYG_330-8a
336.md	123	KR4h0117_WYG_330-8b
336.md	131	KR4h0117_WYG_330-9a
336.md	139	KR4h0117_WYG_330-9b
336.md	147	KR4h0117_WYG_330-10a
336.md	155	KR4h0117_WYG_330-10b
336.md	163	KR4h0117_WYG_330-11a
336.md	171	KR4h0117_WYG_330-11b
336.md	179	KR4h0117_WYG_330-12a
336.md	187	KR4h0117_WYG_330-12b
336.md	195	KR4h0117_WYG_330-13a
336.md	203	KR4h0117_WYG_330-13b
336.md	211	KR4h0117_WYG_330-14a
336.md	219	KR4h0117_WYG_330-14b
336.md	227	KR4h0117_WYG_330-15a
336.md	235	KR4h0117_WYG_330-15b
336.md	243	KR4h0117_WYG_330-16a
336.md	251	KR4h0117_WYG_330-16b
336.md	259	KR4h0117_WYG_330-17a
336.md	267	KR4h0117_WYG_330-17b
336.md	275	KR4h0117_WYG_330-18a
336.md	283	KR4h0117_WYG_330-18b
336.md	291	KR4h0117_WYG_330-19a
336.md	299	KR4h0117_WYG_330-19b
337.md	3	KR4h0117_WYG_331-1a
337.md	11	KR4h0117_WYG_331-1b
337.md	19	KR4h0117_WYG_331-2a
337.md	27	KR4h0117_WYG_331-2b
337.md	35	KR4h0117_WYG_331-3a
337.md	43	KR4h0117_WYG_331-3b
337.md	51	KR4h0117_WYG_331-4a
337.md	59	KR4h0117_WYG_331-4b
337.md	67	KR4h0117_WYG_331-5a
337.md	75	KR4h0117_WYG_331-5b
337.md	83	KR4h0117_WYG_331-6a
337.md	91	KR4h0117_WYG_331-6b
337.md	99	KR4h0117_WYG_331-7a
337.md	107	KR4h0117_WYG_331-7b
337.md	115	KR4h0117_WYG_331-8a
337.md	123	KR4h0117_WYG_331-8b
337.md	131	KR4h0117_WYG_331-9a
337.md	139	KR4h0117_WYG_331-9b
337.md	147	KR4h0117_WYG_331-10a
337.md	155	KR4h0117_WYG_331-10b
337.md	163	KR4h0117_WYG_331-11a
337.md	171	KR4h0117_WYG_331-11b
337.md	179	KR4h0117_WYG_331-12a
337.md	187	KR4h0117_WYG_331-12b
337.md	195	KR4h0117_WYG_331-13a
337.md	203	KR4h0117_WYG_331-13b
337.md	211	KR4h0117_WYG_331-14a
337.md	219	KR4h0117_WYG_331-14b
337.md	227	KR4h0117_WYG_331-15a
337.md	235	KR4h0117_WYG_331-15b
337.md	243	KR4h0117_WYG_331-16a
337.md	251	KR4h0117_WYG_331-16b
337.md	259	KR4h0117_WYG_331-17a
337.md	267	KR4h0117_WYG_331-17b
338.md	3	KR4h0117_WYG_332-1a
338.md	11	KR4h0117_WYG_332-1b
338.md	19	KR4h0117_WYG_332-2a
338.md	27	KR4h0117_WYG_332-2b
338.md	35	KR4h0117_WYG_332-3a
338.md	43	KR4h0117_WYG_332-3b
338.md	51	KR4h0117_WYG_332-4a
338.md	59	KR4h0117_WYG_332-4b
338.md	67	KR4h0117_WYG_332-5a
338.md	75	KR4h0117_WYG_332-5b
338.md	83	KR4h0117_WYG_332-6a
338.md	91	KR4h0117_WYG_332-6b
338.md	99	KR4h0117_WYG_332-7a
338.md	107	KR4h0117_WYG_332-7b
338.md	115	KR4h0117_WYG_332-8a
338.md	123	KR4h0117_WYG_332-8b
338.md	131	KR4h0117_WYG_332-9a
338.md	139	KR4h0117_WYG_332-9b
338.md	147	KR4h0117_WYG_332-10a
338.md	155	KR4h0117_WYG_332-10b
338.md	163	KR4h0117_WYG_332-11a
338.md	171	KR4h0117_WYG_332-11b
338.md	179	KR4h0117_WYG_332-12a
338.md	187	KR4h0117_WYG_332-12b
338.md	195	KR4h0117_WYG_332-13a
338.md	203	KR4h0117_WYG_332-13b
338.md	211	KR4h0117_WYG_332-14a
338.md	219	KR4h0117_WYG_332-14b
338.md	227	KR4h0117_WYG_332-15a
338.md	235	KR4h0117_WYG_332-15b
338.md	243	KR4h0117_WYG_332-16a
338.md	251	KR4h0117_WYG_332-16b
338.md	259	KR4h0117_WYG_332-17a
338.md	267	KR4h0117_WYG_332-17b
338.md	275	KR4h0117_WYG_332-18a
338.md	283	KR4h0117_WYG_332-18b
338.md	291	KR4h0117_WYG_332-19a
338.md	299	KR4h0117_WYG_332-19b
338.md	307	KR4h0117_WYG_332-20a
338.md	315	KR4h0117_WYG_332-20b
338.md	323	KR4h0117_WYG_332-21a
338.md	331	KR4h0117_WYG_332-21b
339.md	3	KR4h0117_WYG_333-1a
339.md	11	KR4h0117_WYG_333-1b
339.md	19	KR4h0117_WYG_333-2a
339.md	27	KR4h0117_WYG_333-2b
339.md	35	KR4h0117_WYG_333-3a
339.md	43	KR4h0117_WYG_333-3b
339.md	51	KR4h0117_WYG_333-4a
339.md	59	KR4h0117_WYG_333-4b
339.md	67	KR4h0117_WYG_333-5a
339.md	75	KR4h0117_WYG_333-5b
339.md	83	KR4h0117_WYG_333-6a
339.md	91	KR4h0117_WYG_333-6b
339.md	99	KR4h0117_WYG_333-7a
339.md	107	KR4h0117_WYG_333-7b
339.md	115	KR4h0117_WYG_333-8a
339.md	123	KR4h0117_WYG_333-8b
339.md	131	KR4h0117_WYG_333-9a
339.md	139	KR4h0117_WYG_333-9b
339.md	147	KR4h0117_WYG_333-10a
339.md	155	KR4h0117_WYG_333-10b
339.md	163	KR4h0117_WYG_333-11a
339.md	171	KR4h0117_WYG_333-11b
339.md	179	KR4h0117_WYG_333-12a
339.md	187	KR4h0117_WYG_333-12b
340.md	3	KR4h0117_WYG_334-1a
340.md	11	KR4h0117_WYG_334-1b
340.md	19	KR4h0117_WYG_334-2a
340.md	27	KR4h0117_WYG_334-2b
340.md	35	KR4h0117_WYG_334-3a
340.md	43	KR4h0117_WYG_334-3b
340.md	51	KR4h0117_WYG_334-4a
340.md	59	KR4h0117_WYG_334-4b
340.md	67	KR4h0117_WYG_334-5a
340.md	75	KR4h0117_WYG_334-5b
340.md	83	KR4h0117_WYG_334-6a
340.md	91	KR4h0117_WYG_334-6b
340.md	99	KR4h0117_WYG_334-7a
340.md	107	KR4h0117_WYG_334-7b
340.md	115	KR4h0117_WYG_334-8a
340.md	123	KR4h0117_WYG_334-8b
340.md	131	KR4h0117_WYG_334-9a
340.md	139	KR4h0117_WYG_334-9b
341.md	3	KR4h0117_WYG_335-1a
341.md	11	KR4h0117_WYG_335-1b
341.md	19	KR4h0117_WYG_335-2a
341.md	27	KR4h0117_WYG_335-2b
341.md	35	KR4h0117_WYG_335-3a
341.md	43	KR4h0117_WYG_335-3b
341.md	51	KR4h0117_WYG_335-4a
341.md	59	KR4h0117_WYG_335-4b
341.md	67	KR4h0117_WYG_335-5a
341.md	75	KR4h0117_WYG_335-5b
341.md	83	KR4h0117_WYG_335-6a
341.md	91	KR4h0117_WYG_335-6b
341.md	99	KR4h0117_WYG_335-7a
341.md	107	KR4h0117_WYG_335-7b
341.md	115	KR4h0117_WYG_335-8a
341.md	123	KR4h0117_WYG_335-8b
341.md	131	KR4h0117_WYG_335-9a
341.md	139	KR4h0117_WYG_335-9b
341.md	147	KR4h0117_WYG_335-10a
341.md	155	KR4h0117_WYG_335-10b
341.md	163	KR4h0117_WYG_335-11a
341.md	171	KR4h0117_WYG_335-11b
341.md	179	KR4h0117_WYG_335-12a
341.md	187	KR4h0117_WYG_335-12b
341.md	195	KR4h0117_WYG_335-13a
341.md	203	KR4h0117_WYG_335-13b
341.md	211	KR4h0117_WYG_335-14a
341.md	219	KR4h0117_WYG_335-14b
342.md	3	KR4h0117_WYG_336-1a
342.md	11	KR4h0117_WYG_336-1b
342.md	19	KR4h0117_WYG_336-2a
342.md	27	KR4h0117_WYG_336-2b
342.md	35	KR4h0117_WYG_336-3a
342.md	43	KR4h0117_WYG_336-3b
342.md	51	KR4h0117_WYG_336-4a
342.md	59	KR4h0117_WYG_336-4b
342.md	67	KR4h0117_WYG_336-5a
342.md	75	KR4h0117_WYG_336-5b
342.md	83	KR4h0117_WYG_336-6a
342.md	91	KR4h0117_WYG_336-6b
342.md	99	KR4h0117_WYG_336-7a
342.md	107	KR4h0117_WYG_336-7b
342.md	115	KR4h0117_WYG_336-8a
342.md	123	KR4h0117_WYG_336-8b
342.md	131	KR4h0117_WYG_336-9a
342.md	139	KR4h0117_WYG_336-9b
342.md	147	KR4h0117_WYG_336-10a
342.md	155	KR4h0117_WYG_336-10b
342.md	163	KR4h0117_WYG_336-11a
342.md	171	KR4h0117_WYG_336-11b
342.md	179	KR4h0117_WYG_336-12a
342.md	187	KR4h0117_WYG_336-12b
342.md	195	KR4h0117_WYG_336-13a
342.md	203	KR4h0117_WYG_336-13b
342.md	211	KR4h0117_WYG_336-14a
342.md	219	KR4h0117_WYG_336-14b
342.md	227	KR4h0117_WYG_336-15a
342.md	235	KR4h0117_WYG_336-15b
342.md	243	KR4h0117_WYG_336-16a
342.md	251	KR4h0117_WYG_336-16b
342.md	259	KR4h0117_WYG_336-17a
342.md	267	KR4h0117_WYG_336-17b
342.md	275	KR4h0117_WYG_336-18a
342.md	283	KR4h0117_WYG_336-18b
343.md	3	KR4h0117_WYG_337-1a
343.md	11	KR4h0117_WYG_337-1b
343.md	19	KR4h0117_WYG_337-2a
343.md	27	KR4h0117_WYG_337-2b
343.md	35	KR4h0117_WYG_337-3a
343.md	43	KR4h0117_WYG_337-3b
343.md	51	KR4h0117_WYG_337-4a
343.md	59	KR4h0117_WYG_337-4b
343.md	67	KR4h0117_WYG_337-5a
343.md	75	KR4h0117_WYG_337-5b
343.md	83	KR4h0117_WYG_337-6a
343.md	91	KR4h0117_WYG_337-6b
343.md	99	KR4h0117_WYG_337-7a
343.md	107	KR4h0117_WYG_337-7b
343.md	115	KR4h0117_WYG_337-8a
343.md	123	KR4h0117_WYG_337-8b
343.md	131	KR4h0117_WYG_337-9a
343.md	139	KR4h0117_WYG_337-9b
344.md	3	KR4h0117_WYG_338-1a
344.md	11	KR4h0117_WYG_338-1b
344.md	19	KR4h0117_WYG_338-2a
344.md	27	KR4h0117_WYG_338-2b
344.md	35	KR4h0117_WYG_338-3a
344.md	43	KR4h0117_WYG_338-3b
344.md	51	KR4h0117_WYG_338-4a
344.md	59	KR4h0117_WYG_338-4b
344.md	67	KR4h0117_WYG_338-5a
344.md	75	KR4h0117_WYG_338-5b
344.md	83	KR4h0117_WYG_338-6a
344.md	91	KR4h0117_WYG_338-6b
344.md	99	KR4h0117_WYG_338-7a
344.md	107	KR4h0117_WYG_338-7b
344.md	115	KR4h0117_WYG_338-8a
344.md	123	KR4h0117_WYG_338-8b
344.md	131	KR4h0117_WYG_338-9a
344.md	139	KR4h0117_WYG_338-9b
344.md	147	KR4h0117_WYG_338-10a
344.md	155	KR4h0117_WYG_338-10b
344.md	163	KR4h0117_WYG_338-11a
344.md	171	KR4h0117_WYG_338-11b
344.md	179	KR4h0117_WYG_338-12a
344.md	187	KR4h0117_WYG_338-12b
344.md	195	KR4h0117_WYG_338-13a
344.md	203	KR4h0117_WYG_338-13b
344.md	211	KR4h0117_WYG_338-14a
344.md	219	KR4h0117_WYG_338-14b
344.md	227	KR4h0117_WYG_338-15a
344.md	235	KR4h0117_WYG_338-15b
344.md	243	KR4h0117_WYG_338-16a
344.md	251	KR4h0117_WYG_338-16b
344.md	259	KR4h0117_WYG_338-17a
344.md	267	KR4h0117_WYG_338-17b
344.md	275	KR4h0117_WYG_338-18a
344.md	283	KR4h0117_WYG_338-18b
344.md	291	KR4h0117_WYG_338-19a
344.md	299	KR4h0117_WYG_338-19b
344.md	307	KR4h0117_WYG_338-20a
344.md	315	KR4h0117_WYG_338-20b
345.md	3	KR4h0117_WYG_339-1a
345.md	11	KR4h0117_WYG_339-1b
345.md	19	KR4h0117_WYG_339-2a
345.md	27	KR4h0117_WYG_339-2b
345.md	35	KR4h0117_WYG_339-3a
345.md	43	KR4h0117_WYG_339-3b
345.md	51	KR4h0117_WYG_339-4a
345.md	59	KR4h0117_WYG_339-4b
345.md	67	KR4h0117_WYG_339-5a
345.md	75	KR4h0117_WYG_339-5b
345.md	83	KR4h0117_WYG_339-6a
345.md	91	KR4h0117_WYG_339-6b
345.md	99	KR4h0117_WYG_339-7a
345.md	107	KR4h0117_WYG_339-7b
345.md	115	KR4h0117_WYG_339-8a
345.md	123	KR4h0117_WYG_339-8b
345.md	131	KR4h0117_WYG_339-9a
345.md	139	KR4h0117_WYG_339-9b
345.md	147	KR4h0117_WYG_339-10a
345.md	155	KR4h0117_WYG_339-10b
345.md	163	KR4h0117_WYG_339-11a
345.md	171	KR4h0117_WYG_339-11b
345.md	179	KR4h0117_WYG_339-12a
345.md	187	KR4h0117_WYG_339-12b
345.md	195	KR4h0117_WYG_339-13a
345.md	203	KR4h0117_WYG_339-13b
345.md	211	KR4h0117_WYG_339-14a
345.md	219	KR4h0117_WYG_339-14b
345.md	227	KR4h0117_WYG_339-15a
345.md	235	KR4h0117_WYG_339-15b
346.md	3	KR4h0117_WYG_340-1a
346.md	11	KR4h0117_WYG_340-1b
346.md	19	KR4h0117_WYG_340-2a
346.md	27	KR4h0117_WYG_340-2b
346.md	35	KR4h0117_WYG_340-3a
346.md	43	KR4h0117_WYG_340-3b
346.md	51	KR4h0117_WYG_340-4a
346.md	59	KR4h0117_WYG_340-4b
346.md	67	KR4h0117_WYG_340-5a
346.md	75	KR4h0117_WYG_340-5b
346.md	83	KR4h0117_WYG_340-6a
346.md	91	KR4h0117_WYG_340-6b
346.md	99	KR4h0117_WYG_340-7a
346.md	107	KR4h0117_WYG_340-7b
346.md	115	KR4h0117_WYG_340-8a
346.md	123	KR4h0117_WYG_340-8b
346.md	131	KR4h0117_WYG_340-9a
346.md	139	KR4h0117_WYG_340-9b
346.md	147	KR4h0117_WYG_340-10a
346.md	155	KR4h0117_WYG_340-10b
346.md	163	KR4h0117_WYG_340-11a
346.md	171	KR4h0117_WYG_340-11b
346.md	179	KR4h0117_WYG_340-12a
346.md	187	KR4h0117_WYG_340-12b
346.md	195	KR4h0117_WYG_340-13a
346.md	203	KR4h0117_WYG_340-13b
346.md	211	KR4h0117_WYG_340-14a
346.md	219	KR4h0117_WYG_340-14b
346.md	227	KR4h0117_WYG_340-15a
346.md	235	KR4h0117_WYG_340-15b
346.md	243	KR4h0117_WYG_340-16a
346.md	251	KR4h0117_WYG_340-16b
346.md	259	KR4h0117_WYG_340-17a
346.md	267	KR4h0117_WYG_340-17b
346.md	275	KR4h0117_WYG_340-18a
346.md	283	KR4h0117_WYG_340-18b
347.md	3	KR4h0117_WYG_341-1a
347.md	11	KR4h0117_WYG_341-1b
347.md	19	KR4h0117_WYG_341-2a
347.md	27	KR4h0117_WYG_341-2b
347.md	35	KR4h0117_WYG_341-3a
347.md	43	KR4h0117_WYG_341-3b
347.md	51	KR4h0117_WYG_341-4a
347.md	59	KR4h0117_WYG_341-4b
347.md	67	KR4h0117_WYG_341-5a
347.md	75	KR4h0117_WYG_341-5b
347.md	83	KR4h0117_WYG_341-6a
347.md	91	KR4h0117_WYG_341-6b
347.md	99	KR4h0117_WYG_341-7a
347.md	107	KR4h0117_WYG_341-7b
347.md	115	KR4h0117_WYG_341-8a
347.md	123	KR4h0117_WYG_341-8b
347.md	131	KR4h0117_WYG_341-9a
347.md	139	KR4h0117_WYG_341-9b
347.md	147	KR4h0117_WYG_341-10a
347.md	155	KR4h0117_WYG_341-10b
347.md	163	KR4h0117_WYG_341-11a
347.md	171	KR4h0117_WYG_341-11b
347.md	179	KR4h0117_WYG_341-12a
347.md	187	KR4h0117_WYG_341-12b
347.md	195	KR4h0117_WYG_341-13a
347.md	203	KR4h0117_WYG_341-13b
347.md	211	KR4h0117_WYG_341-14a
347.md	219	KR4h0117_WYG_341-14b
347.md	227	KR4h0117_WYG_341-15a
347.md	235	KR4h0117_WYG_341-15b
347.md	243	KR4h0117_WYG_341-16a
347.md	251	KR4h0117_WYG_341-16b
347.md	259	KR4h0117_WYG_341-17a
347.md	267	KR4h0117_WYG_341-17b
347.md	275	KR4h0117_WYG_341-18a
347.md	283	KR4h0117_WYG_341-18b
347.md	291	KR4h0117_WYG_341-19a
347.md	299	KR4h0117_WYG_341-19b
347.md	307	KR4h0117_WYG_341-20a
347.md	315	KR4h0117_WYG_341-20b
347.md	323	KR4h0117_WYG_341-21a
347.md	331	KR4h0117_WYG_341-21b
347.md	339	KR4h0117_WYG_341-22a
347.md	347	KR4h0117_WYG_341-22b
347.md	355	KR4h0117_WYG_341-23a
347.md	363	KR4h0117_WYG_341-23b
347.md	371	KR4h0117_WYG_341-24a
347.md	379	KR4h0117_WYG_341-24b
347.md	387	KR4h0117_WYG_341-25a
347.md	395	KR4h0117_WYG_341-25b
347.md	403	KR4h0117_WYG_341-26a
347.md	411	KR4h0117_WYG_341-26b
347.md	419	KR4h0117_WYG_341-27a
347.md	427	KR4h0117_WYG_341-27b
347.md	435	KR4h0117_WYG_341-28a
347.md	443	KR4h0117_WYG_341-28b
347.md	451	KR4h0117_WYG_341-29a
347.md	459	KR4h0117_WYG_341-29b
347.md	467	KR4h0117_WYG_341-30a
347.md	475	KR4h0117_WYG_341-30b
347.md	483	KR4h0117_WYG_341-31a
347.md	491	KR4h0117_WYG_341-31b
347.md	499	KR4h0117_WYG_341-32a
347.md	507	KR4h0117_WYG_341-32b
347.md	515	KR4h0117_WYG_341-33a
347.md	523	KR4h0117_WYG_341-33b
347.md	531	KR4h0117_WYG_341-34a
347.md	539	KR4h0117_WYG_341-34b
347.md	547	KR4h0117_WYG_341-35a
347.md	555	KR4h0117_WYG_341-35b
347.md	563	KR4h0117_WYG_341-36a
347.md	571	KR4h0117_WYG_341-36b
348.md	3	KR4h0117_WYG_342-1a
348.md	11	KR4h0117_WYG_342-1b
348.md	19	KR4h0117_WYG_342-2a
348.md	27	KR4h0117_WYG_342-2b
348.md	35	KR4h0117_WYG_342-3a
348.md	43	KR4h0117_WYG_342-3b
348.md	51	KR4h0117_WYG_342-4a
348.md	59	KR4h0117_WYG_342-4b
348.md	67	KR4h0117_WYG_342-5a
348.md	75	KR4h0117_WYG_342-5b
348.md	83	KR4h0117_WYG_342-6a
348.md	91	KR4h0117_WYG_342-6b
348.md	99	KR4h0117_WYG_342-7a
348.md	107	KR4h0117_WYG_342-7b
348.md	115	KR4h0117_WYG_342-8a
348.md	123	KR4h0117_WYG_342-8b
348.md	131	KR4h0117_WYG_342-9a
348.md	139	KR4h0117_WYG_342-9b
348.md	147	KR4h0117_WYG_342-10a
348.md	155	KR4h0117_WYG_342-10b
348.md	163	KR4h0117_WYG_342-11a
348.md	171	KR4h0117_WYG_342-11b
348.md	179	KR4h0117_WYG_342-12a
348.md	187	KR4h0117_WYG_342-12b
348.md	195	KR4h0117_WYG_342-13a
348.md	203	KR4h0117_WYG_342-13b
348.md	211	KR4h0117_WYG_342-14a
348.md	219	KR4h0117_WYG_342-14b
348.md	227	KR4h0117_WYG_342-15a
348.md	235	KR4h0117_WYG_342-15b
348.md	243	KR4h0117_WYG_342-16a
348.md	251	KR4h0117_WYG_342-16b
348.md	259	KR4h0117_WYG_342-17a
348.md	267	KR4h0117_WYG_342-17b
348.md	275	KR4h0117_WYG_342-18a
348.md	283	KR4h0117_WYG_342-18b
348.md	291	KR4h0117_WYG_342-19a
348.md	299	KR4h0117_WYG_342-19b
348.md	307	KR4h0117_WYG_342-20a
348.md	315	KR4h0117_WYG_342-20b
348.md	323	KR4h0117_WYG_342-21a
348.md	331	KR4h0117_WYG_342-21b
349.md	3	KR4h0117_WYG_343-1a
349.md	11	KR4h0117_WYG_343-1b
349.md	19	KR4h0117_WYG_343-2a
349.md	27	KR4h0117_WYG_343-2b
349.md	35	KR4h0117_WYG_343-3a
349.md	43	KR4h0117_WYG_343-3b
349.md	51	KR4h0117_WYG_343-4a
349.md	59	KR4h0117_WYG_343-4b
349.md	67	KR4h0117_WYG_343-5a
349.md	75	KR4h0117_WYG_343-5b
349.md	83	KR4h0117_WYG_343-6a
349.md	91	KR4h0117_WYG_343-6b
349.md	99	KR4h0117_WYG_343-7a
349.md	107	KR4h0117_WYG_343-7b
349.md	115	KR4h0117_WYG_343-8a
349.md	123	KR4h0117_WYG_343-8b
349.md	131	KR4h0117_WYG_343-9a
349.md	139	KR4h0117_WYG_343-9b
349.md	147	KR4h0117_WYG_343-10a
349.md	155	KR4h0117_WYG_343-10b
349.md	163	KR4h0117_WYG_343-11a
349.md	171	KR4h0117_WYG_343-11b
349.md	179	KR4h0117_WYG_343-12a
349.md	187	KR4h0117_WYG_343-12b
349.md	195	KR4h0117_WYG_343-13a
349.md	203	KR4h0117_WYG_343-13b
349.md	211	KR4h0117_WYG_343-14a
349.md	219	KR4h0117_WYG_343-14b
349.md	227	KR4h0117_WYG_343-15a
349.md	235	KR4h0117_WYG_343-15b
349.md	243	KR4h0117_WYG_343-16a
349.md	251	KR4h0117_WYG_343-16b
349.md	259	KR4h0117_WYG_343-17a
349.md	267	KR4h0117_WYG_343-17b
349.md	275	KR4h0117_WYG_343-18a
349.md	283	KR4h0117_WYG_343-18b
349.md	291	KR4h0117_WYG_343-19a
349.md	299	KR4h0117_WYG_343-19b
349.md	307	KR4h0117_WYG_343-20a
349.md	315	KR4h0117_WYG_343-20b
349.md	323	KR4h0117_WYG_343-21a
349.md	331	KR4h0117_WYG_343-21b
349.md	339	KR4h0117_WYG_343-22a
349.md	347	KR4h0117_WYG_343-22b
349.md	355	KR4h0117_WYG_343-23a
349.md	363	KR4h0117_WYG_343-23b
349.md	371	KR4h0117_WYG_343-24a
349.md	379	KR4h0117_WYG_343-24b
349.md	387	KR4h0117_WYG_343-25a
349.md	395	KR4h0117_WYG_343-25b
349.md	403	KR4h0117_WYG_343-26a
349.md	411	KR4h0117_WYG_343-26b
349.md	419	KR4h0117_WYG_343-27a
349.md	427	KR4h0117_WYG_343-27b
349.md	435	KR4h0117_WYG_343-28a
349.md	443	KR4h0117_WYG_343-28b
349.md	451	KR4h0117_WYG_343-29a
349.md	459	KR4h0117_WYG_343-29b
349.md	467	KR4h0117_WYG_343-30a
349.md	475	KR4h0117_WYG_343-30b
349.md	483	KR4h0117_WYG_343-31a
349.md	491	KR4h0117_WYG_343-31b
349.md	499	KR4h0117_WYG_343-32a
349.md	507	KR4h0117_WYG_343-32b
349.md	515	KR4h0117_WYG_343-33a
349.md	523	KR4h0117_WYG_343-33b
349.md	531	KR4h0117_WYG_343-34a
349.md	539	KR4h0117_WYG_343-34b
349.md	547	KR4h0117_WYG_343-35a
349.md	555	KR4h0117_WYG_343-35b
349.md	563	KR4h0117_WYG_343-36a
349.md	571	KR4h0117_WYG_343-36b
349.md	579	KR4h0117_WYG_343-37a
349.md	587	KR4h0117_WYG_343-37b
349.md	595	KR4h0117_WYG_343-38a
349.md	603	KR4h0117_WYG_343-38b
349.md	611	KR4h0117_WYG_343-39a
349.md	619	KR4h0117_WYG_343-39b
349.md	627	KR4h0117_WYG_343-40a
349.md	635	KR4h0117_WYG_343-40b
349.md	643	KR4h0117_WYG_343-41a
349.md	651	KR4h0117_WYG_343-41b
349.md	659	KR4h0117_WYG_343-42a
349.md	667	KR4h0117_WYG_343-42b
349.md	675	KR4h0117_WYG_343-43a
349.md	683	KR4h0117_WYG_343-43b
349.md	691	KR4h0117_WYG_343-44a
349.md	699	KR4h0117_WYG_343-44b
349.md	707	KR4h0117_WYG_343-45a
349.md	715	KR4h0117_WYG_343-45b
349.md	723	KR4h0117_WYG_343-46a
349.md	731	KR4h0117_WYG_343-46b
350.md	3	KR4h0117_WYG_344-1a
350.md	11	KR4h0117_WYG_344-1b
350.md	19	KR4h0117_WYG_344-2a
350.md	27	KR4h0117_WYG_344-2b
350.md	35	KR4h0117_WYG_344-3a
350.md	43	KR4h0117_WYG_344-3b
350.md	51	KR4h0117_WYG_344-4a
350.md	59	KR4h0117_WYG_344-4b
350.md	67	KR4h0117_WYG_344-5a
350.md	75	KR4h0117_WYG_344-5b
350.md	83	KR4h0117_WYG_344-6a
350.md	91	KR4h0117_WYG_344-6b
350.md	99	KR4h0117_WYG_344-7a
350.md	107	KR4h0117_WYG_344-7b
350.md	115	KR4h0117_WYG_344-8a
350.md	123	KR4h0117_WYG_344-8b
350.md	131	KR4h0117_WYG_344-9a
350.md	139	KR4h0117_WYG_344-9b
350.md	147	KR4h0117_WYG_344-10a
350.md	155	KR4h0117_WYG_344-10b
350.md	163	KR4h0117_WYG_344-11a
350.md	171	KR4h0117_WYG_344-11b
350.md	179	KR4h0117_WYG_344-12a
350.md	187	KR4h0117_WYG_344-12b
350.md	195	KR4h0117_WYG_344-13a
350.md	203	KR4h0117_WYG_344-13b
350.md	211	KR4h0117_WYG_344-14a
350.md	219	KR4h0117_WYG_344-14b
350.md	227	KR4h0117_WYG_344-15a
350.md	235	KR4h0117_WYG_344-15b
350.md	243	KR4h0117_WYG_344-16a
350.md	251	KR4h0117_WYG_344-16b
351.md	3	KR4h0117_WYG_345-1a
351.md	11	KR4h0117_WYG_345-1b
351.md	19	KR4h0117_WYG_345-2a
351.md	27	KR4h0117_WYG_345-2b
351.md	35	KR4h0117_WYG_345-3a
351.md	43	KR4h0117_WYG_345-3b
351.md	51	KR4h0117_WYG_345-4a
351.md	59	KR4h0117_WYG_345-4b
351.md	67	KR4h0117_WYG_345-5a
351.md	75	KR4h0117_WYG_345-5b
351.md	83	KR4h0117_WYG_345-6a
351.md	91	KR4h0117_WYG_345-6b
351.md	99	KR4h0117_WYG_345-7a
351.md	107	KR4h0117_WYG_345-7b
351.md	115	KR4h0117_WYG_345-8a
351.md	123	KR4h0117_WYG_345-8b
351.md	131	KR4h0117_WYG_345-9a
351.md	139	KR4h0117_WYG_345-9b
351.md	147	KR4h0117_WYG_345-10a
351.md	155	KR4h0117_WYG_345-10b
351.md	163	KR4h0117_WYG_345-11a
351.md	171	KR4h0117_WYG_345-11b
351.md	179	KR4h0117_WYG_345-12a
351.md	187	KR4h0117_WYG_345-12b
351.md	195	KR4h0117_WYG_345-13a
351.md	203	KR4h0117_WYG_345-13b
351.md	211	KR4h0117_WYG_345-14a
351.md	219	KR4h0117_WYG_345-14b
351.md	227	KR4h0117_WYG_345-15a
351.md	235	KR4h0117_WYG_345-15b
351.md	243	KR4h0117_WYG_345-16a
351.md	251	KR4h0117_WYG_345-16b
351.md	259	KR4h0117_WYG_345-17a
351.md	267	KR4h0117_WYG_345-17b
352.md	3	KR4h0117_WYG_346-1a
352.md	11	KR4h0117_WYG_346-1b
352.md	19	KR4h0117_WYG_346-2a
352.md	27	KR4h0117_WYG_346-2b
352.md	35	KR4h0117_WYG_346-3a
352.md	43	KR4h0117_WYG_346-3b
352.md	51	KR4h0117_WYG_346-4a
352.md	59	KR4h0117_WYG_346-4b
352.md	67	KR4h0117_WYG_346-5a
352.md	75	KR4h0117_WYG_346-5b
352.md	83	KR4h0117_WYG_346-6a
352.md	91	KR4h0117_WYG_346-6b
352.md	99	KR4h0117_WYG_346-7a
352.md	107	KR4h0117_WYG_346-7b
352.md	115	KR4h0117_WYG_346-8a
352.md	123	KR4h0117_WYG_346-8b
352.md	131	KR4h0117_WYG_346-9a
352.md	139	KR4h0117_WYG_346-9b
352.md	147	KR4h0117_WYG_346-10a
352.md	155	KR4h0117_WYG_346-10b
352.md	163	KR4h0117_WYG_346-11a
352.md	171	KR4h0117_WYG_346-11b
352.md	179	KR4h0117_WYG_346-12a
352.md	187	KR4h0117_WYG_346-12b
352.md	195	KR4h0117_WYG_346-13a
352.md	203	KR4h0117_WYG_346-13b
352.md	211	KR4h0117_WYG_346-14a
352.md	219	KR4h0117_WYG_346-14b
352.md	227	KR4h0117_WYG_346-15a
352.md	235	KR4h0117_WYG_346-15b
352.md	243	KR4h0117_WYG_346-16a
352.md	251	KR4h0117_WYG_346-16b
352.md	259	KR4h0117_WYG_346-17a
352.md	267	KR4h0117_WYG_346-17b
352.md	275	KR4h0117_WYG_346-18a
352.md	283	KR4h0117_WYG_346-18b
353.md	3	KR4h0117_WYG_347-1a
353.md	11	KR4h0117_WYG_347-1b
353.md	19	KR4h0117_WYG_347-2a
353.md	27	KR4h0117_WYG_347-2b
353.md	35	KR4h0117_WYG_347-3a
353.md	43	KR4h0117_WYG_347-3b
353.md	51	KR4h0117_WYG_347-4a
353.md	59	KR4h0117_WYG_347-4b
353.md	67	KR4h0117_WYG_347-5a
353.md	75	KR4h0117_WYG_347-5b
353.md	83	KR4h0117_WYG_347-6a
353.md	91	KR4h0117_WYG_347-6b
353.md	99	KR4h0117_WYG_347-7a
353.md	107	KR4h0117_WYG_347-7b
353.md	115	KR4h0117_WYG_347-8a
353.md	123	KR4h0117_WYG_347-8b
353.md	131	KR4h0117_WYG_347-9a
353.md	139	KR4h0117_WYG_347-9b
353.md	147	KR4h0117_WYG_347-10a
353.md	155	KR4h0117_WYG_347-10b
353.md	163	KR4h0117_WYG_347-11a
353.md	171	KR4h0117_WYG_347-11b
353.md	179	KR4h0117_WYG_347-12a
353.md	187	KR4h0117_WYG_347-12b
353.md	195	KR4h0117_WYG_347-13a
353.md	203	KR4h0117_WYG_347-13b
353.md	211	KR4h0117_WYG_347-14a
353.md	219	KR4h0117_WYG_347-14b
353.md	227	KR4h0117_WYG_347-15a
353.md	235	KR4h0117_WYG_347-15b
353.md	243	KR4h0117_WYG_347-16a
353.md	251	KR4h0117_WYG_347-16b
353.md	259	KR4h0117_WYG_347-17a
353.md	267	KR4h0117_WYG_347-17b
353.md	275	KR4h0117_WYG_347-18a
353.md	283	KR4h0117_WYG_347-18b
354.md	3	KR4h0117_WYG_348-1a
354.md	11	KR4h0117_WYG_348-1b
354.md	19	KR4h0117_WYG_348-2a
354.md	27	KR4h0117_WYG_348-2b
354.md	35	KR4h0117_WYG_348-3a
354.md	43	KR4h0117_WYG_348-3b
354.md	51	KR4h0117_WYG_348-4a
354.md	59	KR4h0117_WYG_348-4b
354.md	67	KR4h0117_WYG_348-5a
354.md	75	KR4h0117_WYG_348-5b
354.md	83	KR4h0117_WYG_348-6a
354.md	91	KR4h0117_WYG_348-6b
354.md	99	KR4h0117_WYG_348-7a
354.md	107	KR4h0117_WYG_348-7b
354.md	115	KR4h0117_WYG_348-8a
354.md	123	KR4h0117_WYG_348-8b
354.md	131	KR4h0117_WYG_348-9a
354.md	139	KR4h0117_WYG_348-9b
354.md	147	KR4h0117_WYG_348-10a
354.md	155	KR4h0117_WYG_348-10b
354.md	163	KR4h0117_WYG_348-11a
354.md	171	KR4h0117_WYG_348-11b
354.md	179	KR4h0117_WYG_348-12a
354.md	187	KR4h0117_WYG_348-12b
354.md	195	KR4h0117_WYG_348-13a
354.md	203	KR4h0117_WYG_348-13b
354.md	211	KR4h0117_WYG_348-14a
354.md	219	KR4h0117_WYG_348-14b
354.md	227	KR4h0117_WYG_348-15a
354.md	235	KR4h0117_WYG_348-15b
355.md	3	KR4h0117_WYG_349-1a
355.md	11	KR4h0117_WYG_349-1b
355.md	19	KR4h0117_WYG_349-2a
355.md	27	KR4h0117_WYG_349-2b
355.md	35	KR4h0117_WYG_349-3a
355.md	43	KR4h0117_WYG_349-3b
355.md	51	KR4h0117_WYG_349-4a
355.md	59	KR4h0117_WYG_349-4b
355.md	67	KR4h0117_WYG_349-5a
355.md	75	KR4h0117_WYG_349-5b
355.md	83	KR4h0117_WYG_349-6a
355.md	91	KR4h0117_WYG_349-6b
355.md	99	KR4h0117_WYG_349-7a
355.md	107	KR4h0117_WYG_349-7b
355.md	115	KR4h0117_WYG_349-8a
355.md	123	KR4h0117_WYG_349-8b
355.md	131	KR4h0117_WYG_349-9a
355.md	139	KR4h0117_WYG_349-9b
355.md	147	KR4h0117_WYG_349-10a
355.md	155	KR4h0117_WYG_349-10b
355.md	163	KR4h0117_WYG_349-11a
355.md	171	KR4h0117_WYG_349-11b
355.md	179	KR4h0117_WYG_349-12a
355.md	187	KR4h0117_WYG_349-12b
355.md	195	KR4h0117_WYG_349-13a
355.md	203	KR4h0117_WYG_349-13b
355.md	211	KR4h0117_WYG_349-14a
355.md	219	KR4h0117_WYG_349-14b
355.md	227	KR4h0117_WYG_349-15a
355.md	235	KR4h0117_WYG_349-15b
355.md	243	KR4h0117_WYG_349-16a
355.md	251	KR4h0117_WYG_349-16b
355.md	259	KR4h0117_WYG_349-17a
355.md	267	KR4h0117_WYG_349-17b
355.md	275	KR4h0117_WYG_349-18a
355.md	283	KR4h0117_WYG_349-18b
355.md	291	KR4h0117_WYG_349-19a
355.md	299	KR4h0117_WYG_349-19b
355.md	307	KR4h0117_WYG_349-20a
355.md	315	KR4h0117_WYG_349-20b
355.md	323	KR4h0117_WYG_349-21a
355.md	331	KR4h0117_WYG_349-21b
355.md	339	KR4h0117_WYG_349-22a
355.md	347	KR4h0117_WYG_349-22b
355.md	355	KR4h0117_WYG_349-23a
355.md	363	KR4h0117_WYG_349-23b
355.md	371	KR4h0117_WYG_349-24a
355.md	379	KR4h0117_WYG_349-24b
355.md	387	KR4h0117_WYG_349-25a
355.md	395	KR4h0117_WYG_349-25b
355.md	403	KR4h0117_WYG_349-26a
355.md	411	KR4h0117_WYG_349-26b
356.md	3	KR4h0117_WYG_350-1a
356.md	11	KR4h0117_WYG_350-1b
356.md	19	KR4h0117_WYG_350-2a
356.md	27	KR4h0117_WYG_350-2b
356.md	35	KR4h0117_WYG_350-3a
356.md	43	KR4h0117_WYG_350-3b
356.md	51	KR4h0117_WYG_350-4a
356.md	59	KR4h0117_WYG_350-4b
356.md	67	KR4h0117_WYG_350-5a
356.md	75	KR4h0117_WYG_350-5b
356.md	83	KR4h0117_WYG_350-6a
356.md	91	KR4h0117_WYG_350-6b
356.md	99	KR4h0117_WYG_350-7a
356.md	107	KR4h0117_WYG_350-7b
356.md	115	KR4h0117_WYG_350-8a
356.md	123	KR4h0117_WYG_350-8b
356.md	131	KR4h0117_WYG_350-9a
356.md	139	KR4h0117_WYG_350-9b
356.md	147	KR4h0117_WYG_350-10a
356.md	155	KR4h0117_WYG_350-10b
356.md	163	KR4h0117_WYG_350-11a
356.md	171	KR4h0117_WYG_350-11b
356.md	179	KR4h0117_WYG_350-12a
356.md	187	KR4h0117_WYG_350-12b
356.md	195	KR4h0117_WYG_350-13a
356.md	203	KR4h0117_WYG_350-13b
356.md	211	KR4h0117_WYG_350-14a
356.md	219	KR4h0117_WYG_350-14b
356.md	227	KR4h0117_WYG_350-15a
356.md	235	KR4h0117_WYG_350-15b
356.md	243	KR4h0117_WYG_350-16a
356.md	251	KR4h0117_WYG_350-16b
356.md	259	KR4h0117_WYG_350-17a
356.md	267	KR4h0117_WYG_350-17b
356.md	275	KR4h0117_WYG_350-18a
356.md	283	KR4h0117_WYG_350-18b
356.md	291	KR4h0117_WYG_350-19a
356.md	299	KR4h0117_WYG_350-19b
356.md	307	KR4h0117_WYG_350-20a
356.md	315	KR4h0117_WYG_350-20b
356.md	323	KR4h0117_WYG_350-21a
356.md	331	KR4h0117_WYG_350-21b
356.md	339	KR4h0117_WYG_350-22a
356.md	347	KR4h0117_WYG_350-22b
356.md	355	KR4h0117_WYG_350-23a
356.md	363	KR4h0117_WYG_350-23b
356.md	371	KR4h0117_WYG_350-24a
356.md	379	KR4h0117_WYG_350-24b
356.md	387	KR4h0117_WYG_350-25a
356.md	395	KR4h0117_WYG_350-25b
357.md	3	KR4h0117_WYG_351-1a
357.md	11	KR4h0117_WYG_351-1b
357.md	19	KR4h0117_WYG_351-2a
357.md	27	KR4h0117_WYG_351-2b
357.md	35	KR4h0117_WYG_351-3a
357.md	43	KR4h0117_WYG_351-3b
357.md	51	KR4h0117_WYG_351-4a
357.md	59	KR4h0117_WYG_351-4b
357.md	67	KR4h0117_WYG_351-5a
357.md	75	KR4h0117_WYG_351-5b
357.md	83	KR4h0117_WYG_351-6a
357.md	91	KR4h0117_WYG_351-6b
357.md	99	KR4h0117_WYG_351-7a
357.md	107	KR4h0117_WYG_351-7b
357.md	115	KR4h0117_WYG_351-8a
357.md	123	KR4h0117_WYG_351-8b
357.md	131	KR4h0117_WYG_351-9a
357.md	139	KR4h0117_WYG_351-9b
357.md	147	KR4h0117_WYG_351-10a
357.md	155	KR4h0117_WYG_351-10b
357.md	163	KR4h0117_WYG_351-11a
357.md	171	KR4h0117_WYG_351-11b
357.md	179	KR4h0117_WYG_351-12a
357.md	187	KR4h0117_WYG_351-12b
357.md	195	KR4h0117_WYG_351-13a
357.md	203	KR4h0117_WYG_351-13b
357.md	211	KR4h0117_WYG_351-14a
357.md	219	KR4h0117_WYG_351-14b
357.md	227	KR4h0117_WYG_351-15a
357.md	235	KR4h0117_WYG_351-15b
357.md	243	KR4h0117_WYG_351-16a
357.md	251	KR4h0117_WYG_351-16b
357.md	259	KR4h0117_WYG_351-17a
357.md	267	KR4h0117_WYG_351-17b
357.md	275	KR4h0117_WYG_351-18a
357.md	283	KR4h0117_WYG_351-18b
357.md	291	KR4h0117_WYG_351-19a
357.md	299	KR4h0117_WYG_351-19b
358.md	3	KR4h0117_WYG_352-1a
358.md	11	KR4h0117_WYG_352-1b
358.md	19	KR4h0117_WYG_352-2a
358.md	27	KR4h0117_WYG_352-2b
358.md	35	KR4h0117_WYG_352-3a
358.md	43	KR4h0117_WYG_352-3b
358.md	51	KR4h0117_WYG_352-4a
358.md	59	KR4h0117_WYG_352-4b
358.md	67	KR4h0117_WYG_352-5a
358.md	75	KR4h0117_WYG_352-5b
358.md	83	KR4h0117_WYG_352-6a
358.md	91	KR4h0117_WYG_352-6b
358.md	99	KR4h0117_WYG_352-7a
358.md	107	KR4h0117_WYG_352-7b
358.md	115	KR4h0117_WYG_352-8a
358.md	123	KR4h0117_WYG_352-8b
358.md	131	KR4h0117_WYG_352-9a
358.md	139	KR4h0117_WYG_352-9b
358.md	147	KR4h0117_WYG_352-10a
358.md	155	KR4h0117_WYG_352-10b
358.md	163	KR4h0117_WYG_352-11a
358.md	171	KR4h0117_WYG_352-11b
358.md	179	KR4h0117_WYG_352-12a
358.md	187	KR4h0117_WYG_352-12b
358.md	195	KR4h0117_WYG_352-13a
358.md	203	KR4h0117_WYG_352-13b
358.md	211	KR4h0117_WYG_352-14a
358.md	219	KR4h0117_WYG_352-14b
358.md	227	KR4h0117_WYG_352-15a
358.md	235	KR4h0117_WYG_352-15b
358.md	243	KR4h0117_WYG_352-16a
358.md	251	KR4h0117_WYG_352-16b
358.md	259	KR4h0117_WYG_352-17a
358.md	267	KR4h0117_WYG_352-17b
358.md	275	KR4h0117_WYG_352-18a
358.md	283	KR4h0117_WYG_352-18b
358.md	291	KR4h0117_WYG_352-19a
358.md	299	KR4h0117_WYG_352-19b
359.md	3	KR4h0117_WYG_353-1a
359.md	11	KR4h0117_WYG_353-1b
359.md	19	KR4h0117_WYG_353-2a
359.md	27	KR4h0117_WYG_353-2b
359.md	35	KR4h0117_WYG_353-3a
359.md	43	KR4h0117_WYG_353-3b
359.md	51	KR4h0117_WYG_353-4a
359.md	59	KR4h0117_WYG_353-4b
359.md	67	KR4h0117_WYG_353-5a
359.md	75	KR4h0117_WYG_353-5b
359.md	83	KR4h0117_WYG_353-6a
359.md	91	KR4h0117_WYG_353-6b
359.md	99	KR4h0117_WYG_353-7a
359.md	107	KR4h0117_WYG_353-7b
359.md	115	KR4h0117_WYG_353-8a
359.md	123	KR4h0117_WYG_353-8b
359.md	131	KR4h0117_WYG_353-9a
359.md	139	KR4h0117_WYG_353-9b
359.md	147	KR4h0117_WYG_353-10a
359.md	155	KR4h0117_WYG_353-10b
359.md	163	KR4h0117_WYG_353-11a
359.md	171	KR4h0117_WYG_353-11b
359.md	179	KR4h0117_WYG_353-12a
359.md	187	KR4h0117_WYG_353-12b
359.md	195	KR4h0117_WYG_353-13a
359.md	203	KR4h0117_WYG_353-13b
359.md	211	KR4h0117_WYG_353-14a
359.md	219	KR4h0117_WYG_353-14b
359.md	227	KR4h0117_WYG_353-15a
359.md	235	KR4h0117_WYG_353-15b
359.md	243	KR4h0117_WYG_353-16a
359.md	251	KR4h0117_WYG_353-16b
359.md	259	KR4h0117_WYG_353-17a
359.md	267	KR4h0117_WYG_353-17b
359.md	275	KR4h0117_WYG_353-18a
359.md	283	KR4h0117_WYG_353-18b
359.md	291	KR4h0117_WYG_353-19a
359.md	299	KR4h0117_WYG_353-19b
359.md	307	KR4h0117_WYG_353-20a
359.md	315	KR4h0117_WYG_353-20b
359.md	323	KR4h0117_WYG_353-21a
359.md	331	KR4h0117_WYG_353-21b
359.md	339	KR4h0117_WYG_353-22a
359.md	347	KR4h0117_WYG_353-22b
359.md	355	KR4h0117_WYG_353-23a
359.md	363	KR4h0117_WYG_353-23b
360.md	3	KR4h0117_WYG_354-1a
360.md	11	KR4h0117_WYG_354-1b
360.md	19	KR4h0117_WYG_354-2a
360.md	27	KR4h0117_WYG_354-2b
360.md	35	KR4h0117_WYG_354-3a
360.md	43	KR4h0117_WYG_354-3b
360.md	51	KR4h0117_WYG_354-4a
360.md	59	KR4h0117_WYG_354-4b
360.md	67	KR4h0117_WYG_354-5a
360.md	75	KR4h0117_WYG_354-5b
360.md	83	KR4h0117_WYG_354-6a
360.md	91	KR4h0117_WYG_354-6b
360.md	99	KR4h0117_WYG_354-7a
360.md	107	KR4h0117_WYG_354-7b
360.md	115	KR4h0117_WYG_354-8a
360.md	123	KR4h0117_WYG_354-8b
360.md	131	KR4h0117_WYG_354-9a
360.md	139	KR4h0117_WYG_354-9b
360.md	147	KR4h0117_WYG_354-10a
360.md	155	KR4h0117_WYG_354-10b
360.md	163	KR4h0117_WYG_354-11a
360.md	171	KR4h0117_WYG_354-11b
360.md	179	KR4h0117_WYG_354-12a
360.md	187	KR4h0117_WYG_354-12b
360.md	195	KR4h0117_WYG_354-13a
360.md	203	KR4h0117_WYG_354-13b
360.md	211	KR4h0117_WYG_354-14a
360.md	219	KR4h0117_WYG_354-14b
360.md	227	KR4h0117_WYG_354-15a
360.md	235	KR4h0117_WYG_354-15b
360.md	243	KR4h0117_WYG_354-16a
360.md	251	KR4h0117_WYG_354-16b
360.md	259	KR4h0117_WYG_354-17a
360.md	267	KR4h0117_WYG_354-17b
360.md	275	KR4h0117_WYG_354-18a
360.md	283	KR4h0117_WYG_354-18b
360.md	291	KR4h0117_WYG_354-19a
360.md	299	KR4h0117_WYG_354-19b
360.md	307	KR4h0117_WYG_354-20a
360.md	315	KR4h0117_WYG_354-20b
361.md	3	KR4h0117_WYG_355-1a
361.md	11	KR4h0117_WYG_355-1b
361.md	19	KR4h0117_WYG_355-2a
361.md	27	KR4h0117_WYG_355-2b
361.md	35	KR4h0117_WYG_355-3a
361.md	43	KR4h0117_WYG_355-3b
361.md	51	KR4h0117_WYG_355-4a
361.md	59	KR4h0117_WYG_355-4b
361.md	67	KR4h0117_WYG_355-5a
361.md	75	KR4h0117_WYG_355-5b
361.md	83	KR4h0117_WYG_355-6a
361.md	91	KR4h0117_WYG_355-6b
361.md	99	KR4h0117_WYG_355-7a
361.md	107	KR4h0117_WYG_355-7b
361.md	115	KR4h0117_WYG_355-8a
361.md	123	KR4h0117_WYG_355-8b
361.md	131	KR4h0117_WYG_355-9a
361.md	139	KR4h0117_WYG_355-9b
361.md	147	KR4h0117_WYG_355-10a
361.md	155	KR4h0117_WYG_355-10b
361.md	163	KR4h0117_WYG_355-11a
361.md	171	KR4h0117_WYG_355-11b
361.md	179	KR4h0117_WYG_355-12a
361.md	187	KR4h0117_WYG_355-12b
361.md	195	KR4h0117_WYG_355-13a
361.md	203	KR4h0117_WYG_355-13b
361.md	211	KR4h0117_WYG_355-14a
361.md	219	KR4h0117_WYG_355-14b
361.md	227	KR4h0117_WYG_355-15a
361.md	235	KR4h0117_WYG_355-15b
361.md	243	KR4h0117_WYG_355-16a
361.md	251	KR4h0117_WYG_355-16b
361.md	259	KR4h0117_WYG_355-17a
361.md	267	KR4h0117_WYG_355-17b
361.md	275	KR4h0117_WYG_355-18a
361.md	283	KR4h0117_WYG_355-18b
361.md	291	KR4h0117_WYG_355-19a
361.md	299	KR4h0117_WYG_355-19b
362.md	3	KR4h0117_WYG_356-1a
362.md	11	KR4h0117_WYG_356-1b
362.md	19	KR4h0117_WYG_356-2a
362.md	27	KR4h0117_WYG_356-2b
362.md	35	KR4h0117_WYG_356-3a
362.md	43	KR4h0117_WYG_356-3b
362.md	51	KR4h0117_WYG_356-4a
362.md	59	KR4h0117_WYG_356-4b
362.md	67	KR4h0117_WYG_356-5a
362.md	75	KR4h0117_WYG_356-5b
362.md	83	KR4h0117_WYG_356-6a
362.md	91	KR4h0117_WYG_356-6b
362.md	99	KR4h0117_WYG_356-7a
362.md	107	KR4h0117_WYG_356-7b
362.md	115	KR4h0117_WYG_356-8a
362.md	123	KR4h0117_WYG_356-8b
362.md	131	KR4h0117_WYG_356-9a
362.md	139	KR4h0117_WYG_356-9b
362.md	147	KR4h0117_WYG_356-10a
362.md	155	KR4h0117_WYG_356-10b
362.md	163	KR4h0117_WYG_356-11a
362.md	171	KR4h0117_WYG_356-11b
362.md	179	KR4h0117_WYG_356-12a
362.md	187	KR4h0117_WYG_356-12b
362.md	195	KR4h0117_WYG_356-13a
362.md	203	KR4h0117_WYG_356-13b
363.md	3	KR4h0117_WYG_357-1a
363.md	11	KR4h0117_WYG_357-1b
363.md	19	KR4h0117_WYG_357-2a
363.md	27	KR4h0117_WYG_357-2b
363.md	35	KR4h0117_WYG_357-3a
363.md	43	KR4h0117_WYG_357-3b
363.md	51	KR4h0117_WYG_357-4a
363.md	59	KR4h0117_WYG_357-4b
363.md	67	KR4h0117_WYG_357-5a
363.md	75	KR4h0117_WYG_357-5b
363.md	83	KR4h0117_WYG_357-6a
363.md	91	KR4h0117_WYG_357-6b
363.md	99	KR4h0117_WYG_357-7a
363.md	107	KR4h0117_WYG_357-7b
363.md	115	KR4h0117_WYG_357-8a
363.md	123	KR4h0117_WYG_357-8b
363.md	131	KR4h0117_WYG_357-9a
363.md	139	KR4h0117_WYG_357-9b
363.md	147	KR4h0117_WYG_357-10a
363.md	155	KR4h0117_WYG_357-10b
363.md	163	KR4h0117_WYG_357-11a
363.md	171	KR4h0117_WYG_357-11b
363.md	179	KR4h0117_WYG_357-12a
363.md	187	KR4h0117_WYG_357-12b
363.md	195	KR4h0117_WYG_357-13a
363.md	203	KR4h0117_WYG_357-13b
363.md	211	KR4h0117_WYG_357-14a
363.md	219	KR4h0117_WYG_357-14b
364.md	3	KR4h0117_WYG_358-1a
364.md	11	KR4h0117_WYG_358-1b
364.md	19	KR4h0117_WYG_358-2a
364.md	27	KR4h0117_WYG_358-2b
364.md	35	KR4h0117_WYG_358-3a
364.md	43	KR4h0117_WYG_358-3b
364.md	51	KR4h0117_WYG_358-4a
364.md	59	KR4h0117_WYG_358-4b
364.md	67	KR4h0117_WYG_358-5a
364.md	75	KR4h0117_WYG_358-5b
364.md	83	KR4h0117_WYG_358-6a
364.md	91	KR4h0117_WYG_358-6b
364.md	99	KR4h0117_WYG_358-7a
364.md	107	KR4h0117_WYG_358-7b
364.md	115	KR4h0117_WYG_358-8a
364.md	123	KR4h0117_WYG_358-8b
364.md	131	KR4h0117_WYG_358-9a
364.md	139	KR4h0117_WYG_358-9b
364.md	147	KR4h0117_WYG_358-10a
364.md	155	KR4h0117_WYG_358-10b
364.md	163	KR4h0117_WYG_358-11a
364.md	171	KR4h0117_WYG_358-11b
364.md	179	KR4h0117_WYG_358-12a
364.md	187	KR4h0117_WYG_358-12b
364.md	195	KR4h0117_WYG_358-13a
364.md	203	KR4h0117_WYG_358-13b
364.md	211	KR4h0117_WYG_358-14a
364.md	219	KR4h0117_WYG_358-14b
364.md	227	KR4h0117_WYG_358-15a
364.md	235	KR4h0117_WYG_358-15b
364.md	243	KR4h0117_WYG_358-16a
364.md	251	KR4h0117_WYG_358-16b
364.md	259	KR4h0117_WYG_358-17a
364.md	267	KR4h0117_WYG_358-17b
364.md	275	KR4h0117_WYG_358-18a
364.md	283	KR4h0117_WYG_358-18b
364.md	291	KR4h0117_WYG_358-19a
364.md	299	KR4h0117_WYG_358-19b
364.md	307	KR4h0117_WYG_358-20a
364.md	315	KR4h0117_WYG_358-20b
364.md	323	KR4h0117_WYG_358-21a
364.md	331	KR4h0117_WYG_358-21b
364.md	339	KR4h0117_WYG_358-22a
364.md	347	KR4h0117_WYG_358-22b
364.md	355	KR4h0117_WYG_358-23a
364.md	363	KR4h0117_WYG_358-23b
364.md	371	KR4h0117_WYG_358-24a
364.md	379	KR4h0117_WYG_358-24b
364.md	387	KR4h0117_WYG_358-25a
364.md	395	KR4h0117_WYG_358-25b
364.md	403	KR4h0117_WYG_358-26a
364.md	411	KR4h0117_WYG_358-26b
365.md	3	KR4h0117_WYG_359-1a
365.md	11	KR4h0117_WYG_359-1b
365.md	19	KR4h0117_WYG_359-2a
365.md	27	KR4h0117_WYG_359-2b
365.md	35	KR4h0117_WYG_359-3a
365.md	43	KR4h0117_WYG_359-3b
365.md	51	KR4h0117_WYG_359-4a
365.md	59	KR4h0117_WYG_359-4b
365.md	67	KR4h0117_WYG_359-5a
365.md	75	KR4h0117_WYG_359-5b
365.md	83	KR4h0117_WYG_359-6a
365.md	91	KR4h0117_WYG_359-6b
365.md	99	KR4h0117_WYG_359-7a
365.md	107	KR4h0117_WYG_359-7b
365.md	115	KR4h0117_WYG_359-8a
365.md	123	KR4h0117_WYG_359-8b
365.md	131	KR4h0117_WYG_359-9a
365.md	139	KR4h0117_WYG_359-9b
365.md	147	KR4h0117_WYG_359-10a
365.md	155	KR4h0117_WYG_359-10b
365.md	163	KR4h0117_WYG_359-11a
365.md	171	KR4h0117_WYG_359-11b
365.md	179	KR4h0117_WYG_359-12a
365.md	187	KR4h0117_WYG_359-12b
365.md	195	KR4h0117_WYG_359-13a
365.md	203	KR4h0117_WYG_359-13b
365.md	211	KR4h0117_WYG_359-14a
365.md	219	KR4h0117_WYG_359-14b
366.md	3	KR4h0117_WYG_360-1a
366.md	11	KR4h0117_WYG_360-1b
366.md	19	KR4h0117_WYG_360-2a
366.md	27	KR4h0117_WYG_360-2b
366.md	35	KR4h0117_WYG_360-3a
366.md	43	KR4h0117_WYG_360-3b
366.md	51	KR4h0117_WYG_360-4a
366.md	59	KR4h0117_WYG_360-4b
366.md	67	KR4h0117_WYG_360-5a
366.md	75	KR4h0117_WYG_360-5b
366.md	83	KR4h0117_WYG_360-6a
366.md	91	KR4h0117_WYG_360-6b
366.md	99	KR4h0117_WYG_360-7a
366.md	107	KR4h0117_WYG_360-7b
366.md	115	KR4h0117_WYG_360-8a
366.md	123	KR4h0117_WYG_360-8b
366.md	131	KR4h0117_WYG_360-9a
366.md	139	KR4h0117_WYG_360-9b
366.md	147	KR4h0117_WYG_360-10a
366.md	155	KR4h0117_WYG_360-10b
366.md	163	KR4h0117_WYG_360-11a
366.md	171	KR4h0117_WYG_360-11b
366.md	179	KR4h0117_WYG_360-12a
366.md	187	KR4h0117_WYG_360-12b
366.md	195	KR4h0117_WYG_360-13a
366.md	203	KR4h0117_WYG_360-13b
366.md	211	KR4h0117_WYG_360-14a
366.md	219	KR4h0117_WYG_360-14b
366.md	227	KR4h0117_WYG_360-15a
366.md	235	KR4h0117_WYG_360-15b
366.md	243	KR4h0117_WYG_360-16a
366.md	251	KR4h0117_WYG_360-16b
366.md	259	KR4h0117_WYG_360-17a
366.md	267	KR4h0117_WYG_360-17b
367.md	3	KR4h0117_WYG_360-18a
367.md	11	KR4h0117_WYG_360-18b
367.md	19	KR4h0117_WYG_360-19a
367.md	27	KR4h0117_WYG_360-19b
367.md	35	KR4h0117_WYG_360-20a
367.md	43	KR4h0117_WYG_360-20b
367.md	51	KR4h0117_WYG_360-21a
367.md	59	KR4h0117_WYG_360-21b
367.md	67	KR4h0117_WYG_360-22a
367.md	75	KR4h0117_WYG_360-22b
367.md	83	KR4h0117_WYG_360-23a
367.md	91	KR4h0117_WYG_360-23b
367.md	99	KR4h0117_WYG_360-24a
367.md	107	KR4h0117_WYG_360-24b
367.md	115	KR4h0117_WYG_360-25a
367.md	123	KR4h0117_WYG_360-25b
367.md	131	KR4h0117_WYG_360-26a
367.md	139	KR4h0117_WYG_360-26b
367.md	147	KR4h0117_WYG_360-27a
367.md	155	KR4h0117_WYG_360-27b
367.md	163	KR4h0117_WYG_360-28a
367.md	171	KR4h0117_WYG_360-28b
367.md	179	KR4h0117_WYG_360-29a
367.md	187	KR4h0117_WYG_360-29b
367.md	195	KR4h0117_WYG_360-30a
367.md	203	KR4h0117_WYG_360-30b
367.md	211	KR4h0117_WYG_360-31a
367.md	219	KR4h0117_WYG_360-31b
367.md	227	KR4h0117_WYG_360-32a
367.md	235	KR4h0117_WYG_360-32b
367.md	243	KR4h0117_WYG_360-33a
367.md	251	KR4h0117_WYG_360-33b
367.md	259	KR4h0117_WYG_360-34a
367.md	267	KR4h0117_WYG_360-34b
367.md	275	KR4h0117_WYG_360-35a
367.md	283	KR4h0117_WYG_360-35b
367.md	291	KR4h0117_WYG_360-36a
367.md	299	KR4h0117_WYG_360-36b
367.md	307	KR4h0117_WYG_360-37a
367.md	315	KR4h0117_WYG_360-37b
367.md	323	KR4h0117_WYG_360-38a
367.md	331	KR4h0117_WYG_360-38b
367.md	339	KR4h0117_WYG_360-39a
367.md	347	KR4h0117_WYG_360-39b
368.md	3	KR4h0117_WYG_361-1a
368.md	11	KR4h0117_WYG_361-1b
368.md	19	KR4h0117_WYG_361-2a
368.md	27	KR4h0117_WYG_361-2b
368.md	35	KR4h0117_WYG_361-3a
368.md	43	KR4h0117_WYG_361-3b
368.md	51	KR4h0117_WYG_361-4a
368.md	59	KR4h0117_WYG_361-4b
368.md	67	KR4h0117_WYG_361-5a
368.md	75	KR4h0117_WYG_361-5b
368.md	83	KR4h0117_WYG_361-6a
368.md	91	KR4h0117_WYG_361-6b
368.md	99	KR4h0117_WYG_361-7a
368.md	107	KR4h0117_WYG_361-7b
368.md	115	KR4h0117_WYG_361-8a
368.md	123	KR4h0117_WYG_361-8b
368.md	131	KR4h0117_WYG_361-9a
368.md	139	KR4h0117_WYG_361-9b
368.md	147	KR4h0117_WYG_361-10a
368.md	155	KR4h0117_WYG_361-10b
368.md	163	KR4h0117_WYG_361-11a
368.md	171	KR4h0117_WYG_361-11b
368.md	179	KR4h0117_WYG_361-12a
368.md	187	KR4h0117_WYG_361-12b
368.md	195	KR4h0117_WYG_361-13a
368.md	203	KR4h0117_WYG_361-13b
368.md	211	KR4h0117_WYG_361-14a
368.md	219	KR4h0117_WYG_361-14b
368.md	227	KR4h0117_WYG_361-15a
368.md	235	KR4h0117_WYG_361-15b
368.md	243	KR4h0117_WYG_361-16a
368.md	251	KR4h0117_WYG_361-16b
368.md	259	KR4h0117_WYG_361-17a
368.md	267	KR4h0117_WYG_361-17b
368.md	275	KR4h0117_WYG_361-18a
368.md	283	KR4h0117_WYG_361-18b
368.md	291	KR4h0117_WYG_361-19a
368.md	299	KR4h0117_WYG_361-19b
368.md	307	KR4h0117_WYG_361-20a
368.md	315	KR4h0117_WYG_361-20b
368.md	323	KR4h0117_WYG_361-21a
368.md	331	KR4h0117_WYG_361-21b
368.md	339	KR4h0117_WYG_361-22a
368.md	347	KR4h0117_WYG_361-22b
368.md	355	KR4h0117_WYG_361-23a
368.md	363	KR4h0117_WYG_361-23b
368.md	371	KR4h0117_WYG_361-24a
368.md	379	KR4h0117_WYG_361-24b
368.md	387	KR4h0117_WYG_361-25a
368.md	395	KR4h0117_WYG_361-25b
368.md	403	KR4h0117_WYG_361-26a
368.md	411	KR4h0117_WYG_361-26b
368.md	419	KR4h0117_WYG_361-27a
368.md	427	KR4h0117_WYG_361-27b
368.md	435	KR4h0117_WYG_361-28a
368.md	443	KR4h0117_WYG_361-28b
368.md	451	KR4h0117_WYG_361-29a
368.md	459	KR4h0117_WYG_361-29b
368.md	467	KR4h0117_WYG_361-30a
368.md	475	KR4h0117_WYG_361-30b
368.md	483	KR4h0117_WYG_361-31a
368.md	491	KR4h0117_WYG_361-31b
368.md	499	KR4h0117_WYG_361-32a
368.md	507	KR4h0117_WYG_361-32b
368.md	515	KR4h0117_WYG_361-33a
368.md	523	KR4h0117_WYG_361-33b
368.md	531	KR4h0117_WYG_361-34a
368.md	539	KR4h0117_WYG_361-34b
368.md	547	KR4h0117_WYG_361-35a
368.md	555	KR4h0117_WYG_361-35b
368.md	563	KR4h0117_WYG_361-36a
368.md	571	KR4h0117_WYG_361-36b
368.md	579	KR4h0117_WYG_361-37a
368.md	587	KR4h0117_WYG_361-37b
368.md	595	KR4h0117_WYG_361-38a
368.md	603	KR4h0117_WYG_361-38b
368.md	611	KR4h0117_WYG_361-39a
368.md	619	KR4h0117_WYG_361-39b
368.md	627	KR4h0117_WYG_361-40a
368.md	635	KR4h0117_WYG_361-40b
368.md	643	KR4h0117_WYG_361-41a
368.md	651	KR4h0117_WYG_361-41b
368.md	659	KR4h0117_WYG_361-42a
368.md	667	KR4h0117_WYG_361-42b
368.md	675	KR4h0117_WYG_361-43a
368.md	683	KR4h0117_WYG_361-43b
368.md	691	KR4h0117_WYG_361-44a
368.md	699	KR4h0117_WYG_361-44b
368.md	707	KR4h0117_WYG_361-45a
368.md	715	KR4h0117_WYG_361-45b
368.md	723	KR4h0117_WYG_361-46a
368.md	731	KR4h0117_WYG_361-46b
368.md	739	KR4h0117_WYG_361-47a
368.md	747	KR4h0117_WYG_361-47b
368.md	755	KR4h0117_WYG_361-48a
368.md	763	KR4h0117_WYG_361-48b
368.md	771	KR4h0117_WYG_361-49a
368.md	779	KR4h0117_WYG_361-49b
368.md	787	KR4h0117_WYG_361-50a
368.md	795	KR4h0117_WYG_361-50b
368.md	803	KR4h0117_WYG_361-51a
368.md	811	KR4h0117_WYG_361-51b
368.md	819	KR4h0117_WYG_361-52a
368.md	827	KR4h0117_WYG_361-52b
368.md	835	KR4h0117_WYG_361-53a
368.md	843	KR4h0117_WYG_361-53b
368.md	851	KR4h0117_WYG_361-54a
368.md	859	KR4h0117_WYG_361-54b
368.md	867	KR4h0117_WYG_361-55a
368.md	875	KR4h0117_WYG_361-55b
368.md	883	KR4h0117_WYG_361-56a
368.md	891	KR4h0117_WYG_361-56b
369.md	3	KR4h0117_WYG_362-1a
369.md	11	KR4h0117_WYG_362-1b
369.md	19	KR4h0117_WYG_362-2a
369.md	27	KR4h0117_WYG_362-2b
369.md	35	KR4h0117_WYG_362-3a
369.md	43	KR4h0117_WYG_362-3b
369.md	51	KR4h0117_WYG_362-4a
369.md	59	KR4h0117_WYG_362-4b
369.md	67	KR4h0117_WYG_362-5a
369.md	75	KR4h0117_WYG_362-5b
369.md	83	KR4h0117_WYG_362-6a
369.md	91	KR4h0117_WYG_362-6b
369.md	99	KR4h0117_WYG_362-7a
369.md	107	KR4h0117_WYG_362-7b
369.md	115	KR4h0117_WYG_362-8a
369.md	123	KR4h0117_WYG_362-8b
369.md	131	KR4h0117_WYG_362-9a
369.md	139	KR4h0117_WYG_362-9b
369.md	147	KR4h0117_WYG_362-10a
369.md	155	KR4h0117_WYG_362-10b
369.md	163	KR4h0117_WYG_362-11a
369.md	171	KR4h0117_WYG_362-11b
369.md	179	KR4h0117_WYG_362-12a
369.md	187	KR4h0117_WYG_362-12b
369.md	195	KR4h0117_WYG_362-13a
369.md	203	KR4h0117_WYG_362-13b
369.md	211	KR4h0117_WYG_362-14a
369.md	219	KR4h0117_WYG_362-14b
370.md	3	KR4h0117_WYG_363-1a
370.md	11	KR4h0117_WYG_363-1b
370.md	19	KR4h0117_WYG_363-2a
370.md	27	KR4h0117_WYG_363-2b
370.md	35	KR4h0117_WYG_363-3a
370.md	43	KR4h0117_WYG_363-3b
370.md	51	KR4h0117_WYG_363-4a
370.md	59	KR4h0117_WYG_363-4b
370.md	67	KR4h0117_WYG_363-5a
370.md	75	KR4h0117_WYG_363-5b
370.md	83	KR4h0117_WYG_363-6a
370.md	91	KR4h0117_WYG_363-6b
370.md	99	KR4h0117_WYG_363-7a
370.md	107	KR4h0117_WYG_363-7b
370.md	115	KR4h0117_WYG_363-8a
370.md	123	KR4h0117_WYG_363-8b
370.md	131	KR4h0117_WYG_363-9a
370.md	139	KR4h0117_WYG_363-9b
370.md	147	KR4h0117_WYG_363-10a
370.md	155	KR4h0117_WYG_363-10b
370.md	163	KR4h0117_WYG_363-11a
370.md	171	KR4h0117_WYG_363-11b
370.md	179	KR4h0117_WYG_363-12a
370.md	187	KR4h0117_WYG_363-12b
370.md	195	KR4h0117_WYG_363-13a
370.md	203	KR4h0117_WYG_363-13b
370.md	211	KR4h0117_WYG_363-14a
370.md	219	KR4h0117_WYG_363-14b
370.md	227	KR4h0117_WYG_363-15a
370.md	235	KR4h0117_WYG_363-15b
370.md	243	KR4h0117_WYG_363-16a
370.md	251	KR4h0117_WYG_363-16b
370.md	259	KR4h0117_WYG_363-17a
370.md	267	KR4h0117_WYG_363-17b
370.md	275	KR4h0117_WYG_363-18a
370.md	283	KR4h0117_WYG_363-18b
371.md	3	KR4h0117_WYG_364-1a
371.md	11	KR4h0117_WYG_364-1b
371.md	19	KR4h0117_WYG_364-2a
371.md	27	KR4h0117_WYG_364-2b
371.md	35	KR4h0117_WYG_364-3a
371.md	43	KR4h0117_WYG_364-3b
371.md	51	KR4h0117_WYG_364-4a
371.md	59	KR4h0117_WYG_364-4b
371.md	67	KR4h0117_WYG_364-5a
371.md	75	KR4h0117_WYG_364-5b
371.md	83	KR4h0117_WYG_364-6a
371.md	91	KR4h0117_WYG_364-6b
371.md	99	KR4h0117_WYG_364-7a
371.md	107	KR4h0117_WYG_364-7b
372.md	3	KR4h0117_WYG_365-1a
372.md	11	KR4h0117_WYG_365-1b
372.md	19	KR4h0117_WYG_365-2a
372.md	27	KR4h0117_WYG_365-2b
372.md	35	KR4h0117_WYG_365-3a
372.md	43	KR4h0117_WYG_365-3b
372.md	51	KR4h0117_WYG_365-4a
372.md	59	KR4h0117_WYG_365-4b
372.md	67	KR4h0117_WYG_365-5a
372.md	75	KR4h0117_WYG_365-5b
372.md	83	KR4h0117_WYG_365-6a
372.md	91	KR4h0117_WYG_365-6b
372.md	99	KR4h0117_WYG_365-7a
372.md	107	KR4h0117_WYG_365-7b
372.md	115	KR4h0117_WYG_365-8a
372.md	123	KR4h0117_WYG_365-8b
372.md	131	KR4h0117_WYG_365-9a
372.md	139	KR4h0117_WYG_365-9b
372.md	147	KR4h0117_WYG_365-10a
372.md	155	KR4h0117_WYG_365-10b
373.md	3	KR4h0117_WYG_366-1a
373.md	11	KR4h0117_WYG_366-1b
373.md	19	KR4h0117_WYG_366-2a
373.md	27	KR4h0117_WYG_366-2b
373.md	35	KR4h0117_WYG_366-3a
373.md	43	KR4h0117_WYG_366-3b
373.md	51	KR4h0117_WYG_366-4a
373.md	59	KR4h0117_WYG_366-4b
373.md	67	KR4h0117_WYG_366-5a
373.md	75	KR4h0117_WYG_366-5b
373.md	83	KR4h0117_WYG_366-6a
373.md	91	KR4h0117_WYG_366-6b
373.md	99	KR4h0117_WYG_366-7a
373.md	107	KR4h0117_WYG_366-7b
373.md	115	KR4h0117_WYG_366-8a
373.md	123	KR4h0117_WYG_366-8b
373.md	131	KR4h0117_WYG_366-9a
373.md	139	KR4h0117_WYG_366-9b
373.md	147	KR4h0117_WYG_366-10a
373.md	155	KR4h0117_WYG_366-10b
373.md	163	KR4h0117_WYG_366-11a
373.md	171	KR4h0117_WYG_366-11b
373.md	179	KR4h0117_WYG_366-12a
373.md	187	KR4h0117_WYG_366-12b
373.md	195	KR4h0117_WYG_366-13a
373.md	203	KR4h0117_WYG_366-13b
373.md	211	KR4h0117_WYG_366-14a
373.md	219	KR4h0117_WYG_366-14b
373.md	227	KR4h0117_WYG_366-15a
373.md	235	KR4h0117_WYG_366-15b
373.md	243	KR4h0117_WYG_366-16a
373.md	251	KR4h0117_WYG_366-16b
373.md	259	KR4h0117_WYG_366-17a
373.md	267	KR4h0117_WYG_366-17b
373.md	275	KR4h0117_WYG_366-18a
373.md	283	KR4h0117_WYG_366-18b
373.md	291	KR4h0117_WYG_366-19a
373.md	299	KR4h0117_WYG_366-19b
373.md	307	KR4h0117_WYG_366-20a
373.md	315	KR4h0117_WYG_366-20b
373.md	323	KR4h0117_WYG_366-21a
373.md	331	KR4h0117_WYG_366-21b
373.md	339	KR4h0117_WYG_366-22a
373.md	347	KR4h0117_WYG_366-22b
373.md	355	KR4h0117_WYG_366-23a
373.md	363	KR4h0117_WYG_366-23b
373.md	371	KR4h0117_WYG_366-24a
373.md	379	KR4h0117_WYG_366-24b
373.md	387	KR4h0117_WYG_366-25a
373.md	395	KR4h0117_WYG_366-25b
373.md	403	KR4h0117_WYG_366-26a
373.md	411	KR4h0117_WYG_366-26b
373.md	419	KR4h0117_WYG_366-27a
373.md	427	KR4h0117_WYG_366-27b
373.md	435	KR4h0117_WYG_366-28a
373.md	443	KR4h0117_WYG_366-28b
373.md	451	KR4h0117_WYG_366-29a
373.md	459	KR4h0117_WYG_366-29b
373.md	467	KR4h0117_WYG_366-30a
373.md	475	KR4h0117_WYG_366-30b
373.md	483	KR4h0117_WYG_366-31a
373.md	491	KR4h0117_WYG_366-31b
373.md	499	KR4h0117_WYG_366-32a
373.md	507	KR4h0117_WYG_366-32b
373.md	515	KR4h0117_WYG_366-33a
373.md	523	KR4h0117_WYG_366-33b
373.md	531	KR4h0117_WYG_366-34a
373.md	539	KR4h0117_WYG_366-34b
373.md	547	KR4h0117_WYG_366-35a
373.md	555	KR4h0117_WYG_366-35b
373.md	563	KR4h0117_WYG_366-36a
373.md	571	KR4h0117_WYG_366-36b
373.md	579	KR4h0117_WYG_366-37a
373.md	587	KR4h0117_WYG_366-37b
373.md	595	KR4h0117_WYG_366-38a
373.md	603	KR4h0117_WYG_366-38b
373.md	611	KR4h0117_WYG_366-39a
373.md	619	KR4h0117_WYG_366-39b
373.md	627	KR4h0117_WYG_366-40a
373.md	635	KR4h0117_WYG_366-40b
373.md	643	KR4h0117_WYG_366-41a
373.md	651	KR4h0117_WYG_366-41b
373.md	659	KR4h0117_WYG_366-42a
373.md	667	KR4h0117_WYG_366-42b
373.md	675	KR4h0117_WYG_366-43a
373.md	683	KR4h0117_WYG_366-43b
373.md	691	KR4h0117_WYG_366-44a
373.md	699	KR4h0117_WYG_366-44b
373.md	707	KR4h0117_WYG_366-45a
373.md	715	KR4h0117_WYG_366-45b
373.md	723	KR4h0117_WYG_366-46a
373.md	731	KR4h0117_WYG_366-46b
373.md	739	KR4h0117_WYG_366-47a
373.md	747	KR4h0117_WYG_366-47b
373.md	755	KR4h0117_WYG_366-48a
373.md	763	KR4h0117_WYG_366-48b
373.md	771	KR4h0117_WYG_366-49a
373.md	779	KR4h0117_WYG_366-49b
373.md	787	KR4h0117_WYG_366-50a
373.md	795	KR4h0117_WYG_366-50b
373.md	803	KR4h0117_WYG_366-51a
373.md	811	KR4h0117_WYG_366-51b
373.md	819	KR4h0117_WYG_366-52a
373.md	827	KR4h0117_WYG_366-52b
373.md	835	KR4h0117_WYG_366-53a
373.md	843	KR4h0117_WYG_366-53b
373.md	851	KR4h0117_WYG_366-54a
373.md	859	KR4h0117_WYG_366-54b
373.md	867	KR4h0117_WYG_366-55a
373.md	875	KR4h0117_WYG_366-55b
373.md	883	KR4h0117_WYG_366-56a
373.md	891	KR4h0117_WYG_366-56b
373.md	899	KR4h0117_WYG_366-57a
373.md	907	KR4h0117_WYG_366-57b
373.md	915	KR4h0117_WYG_366-58a
373.md	923	KR4h0117_WYG_366-58b
373.md	931	KR4h0117_WYG_366-59a
373.md	939	KR4h0117_WYG_366-59b
373.md	947	KR4h0117_WYG_366-60a
373.md	955	KR4h0117_WYG_366-60b
373.md	963	KR4h0117_WYG_366-61a
373.md	971	KR4h0117_WYG_366-61b
373.md	979	KR4h0117_WYG_366-62a
373.md	987	KR4h0117_WYG_366-62b
373.md	995	KR4h0117_WYG_366-63a
373.md	1003	KR4h0117_WYG_366-63b
373.md	1011	KR4h0117_WYG_366-64a
373.md	1019	KR4h0117_WYG_366-64b
373.md	1027	KR4h0117_WYG_366-65a
373.md	1035	KR4h0117_WYG_366-65b
373.md	1043	KR4h0117_WYG_366-66a
373.md	1051	KR4h0117_WYG_366-66b
373.md	1059	KR4h0117_WYG_366-67a
373.md	1067	KR4h0117_WYG_366-67b
373.md	1075	KR4h0117_WYG_366-68a
373.md	1083	KR4h0117_WYG_366-68b
373.md	1091	KR4h0117_WYG_366-69a
373.md	1099	KR4h0117_WYG_366-69b
373.md	1107	KR4h0117_WYG_366-70a
373.md	1115	KR4h0117_WYG_366-70b
373.md	1123	KR4h0117_WYG_366-71a
373.md	1131	KR4h0117_WYG_366-71b
373.md	1139	KR4h0117_WYG_366-72a
373.md	1147	KR4h0117_WYG_366-72b
373.md	1155	KR4h0117_WYG_366-73a
373.md	1163	KR4h0117_WYG_366-73b
373.md	1171	KR4h0117_WYG_366-74a
373.md	1179	KR4h0117_WYG_366-74b
373.md	1187	KR4h0117_WYG_366-75a
373.md	1195	KR4h0117_WYG_366-75b
373.md	1203	KR4h0117_WYG_366-76a
373.md	1211	KR4h0117_WYG_366-76b
373.md	1219	KR4h0117_WYG_366-77a
373.md	1227	KR4h0117_WYG_366-77b
374.md	3	KR4h0117_WYG_367-1a
374.md	11	KR4h0117_WYG_367-1b
374.md	19	KR4h0117_WYG_367-2a
374.md	27	KR4h0117_WYG_367-2b
374.md	35	KR4h0117_WYG_367-3a
374.md	43	KR4h0117_WYG_367-3b
374.md	51	KR4h0117_WYG_367-4a
374.md	59	KR4h0117_WYG_367-4b
374.md	67	KR4h0117_WYG_367-5a
374.md	75	KR4h0117_WYG_367-5b
374.md	83	KR4h0117_WYG_367-6a
374.md	91	KR4h0117_WYG_367-6b
374.md	99	KR4h0117_WYG_367-7a
374.md	107	KR4h0117_WYG_367-7b
374.md	115	KR4h0117_WYG_367-8a
374.md	123	KR4h0117_WYG_367-8b
374.md	131	KR4h0117_WYG_367-9a
374.md	139	KR4h0117_WYG_367-9b
374.md	147	KR4h0117_WYG_367-10a
374.md	155	KR4h0117_WYG_367-10b
374.md	163	KR4h0117_WYG_367-11a
374.md	171	KR4h0117_WYG_367-11b
374.md	179	KR4h0117_WYG_367-12a
374.md	187	KR4h0117_WYG_367-12b
374.md	195	KR4h0117_WYG_367-13a
374.md	203	KR4h0117_WYG_367-13b
374.md	211	KR4h0117_WYG_367-14a
374.md	219	KR4h0117_WYG_367-14b
374.md	227	KR4h0117_WYG_367-15a
374.md	235	KR4h0117_WYG_367-15b
374.md	243	KR4h0117_WYG_367-16a
374.md	251	KR4h0117_WYG_367-16b
374.md	259	KR4h0117_WYG_367-17a
374.md	267	KR4h0117_WYG_367-17b
374.md	275	KR4h0117_WYG_367-18a
374.md	283	KR4h0117_WYG_367-18b
374.md	291	KR4h0117_WYG_367-19a
374.md	299	KR4h0117_WYG_367-19b
374.md	307	KR4h0117_WYG_367-20a
374.md	315	KR4h0117_WYG_367-20b
374.md	323	KR4h0117_WYG_367-21a
374.md	331	KR4h0117_WYG_367-21b
374.md	339	KR4h0117_WYG_367-22a
374.md	347	KR4h0117_WYG_367-22b
374.md	355	KR4h0117_WYG_367-23a
374.md	363	KR4h0117_WYG_367-23b
374.md	371	KR4h0117_WYG_367-24a
374.md	379	KR4h0117_WYG_367-24b
374.md	387	KR4h0117_WYG_367-25a
374.md	395	KR4h0117_WYG_367-25b
374.md	403	KR4h0117_WYG_367-26a
374.md	411	KR4h0117_WYG_367-26b
374.md	419	KR4h0117_WYG_367-27a
374.md	427	KR4h0117_WYG_367-27b
374.md	435	KR4h0117_WYG_367-28a
374.md	443	KR4h0117_WYG_367-28b
374.md	451	KR4h0117_WYG_367-29a
374.md	459	KR4h0117_WYG_367-29b
374.md	467	KR4h0117_WYG_367-30a
374.md	475	KR4h0117_WYG_367-30b
374.md	483	KR4h0117_WYG_367-31a
374.md	491	KR4h0117_WYG_367-31b
374.md	499	KR4h0117_WYG_367-32a
374.md	507	KR4h0117_WYG_367-32b
374.md	515	KR4h0117_WYG_367-33a
374.md	523	KR4h0117_WYG_367-33b
374.md	531	KR4h0117_WYG_367-34a
374.md	539	KR4h0117_WYG_367-34b
374.md	547	KR4h0117_WYG_367-35a
374.md	555	KR4h0117_WYG_367-35b
374.md	563	KR4h0117_WYG_367-36a
374.md	571	KR4h0117_WYG_367-36b
374.md	579	KR4h0117_WYG_367-37a
374.md	587	KR4h0117_WYG_367-37b
374.md	595	KR4h0117_WYG_367-38a
374.md	603	KR4h0117_WYG_367-38b
374.md	611	KR4h0117_WYG_367-39a
374.md	619	KR4h0117_WYG_367-39b
374.md	627	KR4h0117_WYG_367-40a
374.md	635	KR4h0117_WYG_367-40b
374.md	643	KR4h0117_WYG_367-41a
374.md	651	KR4h0117_WYG_367-41b
375.md	3	KR4h0117_WYG_368-1a
375.md	11	KR4h0117_WYG_368-1b
375.md	19	KR4h0117_WYG_368-2a
375.md	27	KR4h0117_WYG_368-2b
375.md	35	KR4h0117_WYG_368-3a
375.md	43	KR4h0117_WYG_368-3b
375.md	51	KR4h0117_WYG_368-4a
375.md	59	KR4h0117_WYG_368-4b
375.md	67	KR4h0117_WYG_368-5a
375.md	75	KR4h0117_WYG_368-5b
375.md	83	KR4h0117_WYG_368-6a
375.md	91	KR4h0117_WYG_368-6b
375.md	99	KR4h0117_WYG_368-7a
375.md	107	KR4h0117_WYG_368-7b
375.md	115	KR4h0117_WYG_368-8a
375.md	123	KR4h0117_WYG_368-8b
375.md	131	KR4h0117_WYG_368-9a
375.md	139	KR4h0117_WYG_368-9b
375.md	147	KR4h0117_WYG_368-10a
375.md	155	KR4h0117_WYG_368-10b
375.md	163	KR4h0117_WYG_368-11a
375.md	171	KR4h0117_WYG_368-11b
375.md	179	KR4h0117_WYG_368-12a
375.md	187	KR4h0117_WYG_368-12b
375.md	195	KR4h0117_WYG_368-13a
375.md	203	KR4h0117_WYG_368-13b
375.md	211	KR4h0117_WYG_368-14a
375.md	219	KR4h0117_WYG_368-14b
375.md	227	KR4h0117_WYG_368-15a
375.md	235	KR4h0117_WYG_368-15b
375.md	243	KR4h0117_WYG_368-16a
375.md	251	KR4h0117_WYG_368-16b
375.md	259	KR4h0117_WYG_368-17a
375.md	267	KR4h0117_WYG_368-17b
375.md	275	KR4h0117_WYG_368-18a
375.md	283	KR4h0117_WYG_368-18b
375.md	291	KR4h0117_WYG_368-19a
375.md	299	KR4h0117_WYG_368-19b
375.md	307	KR4h0117_WYG_368-20a
375.md	315	KR4h0117_WYG_368-20b
375.md	323	KR4h0117_WYG_368-21a
375.md	331	KR4h0117_WYG_368-21b
375.md	339	KR4h0117_WYG_368-22a
375.md	347	KR4h0117_WYG_368-22b
376.md	3	KR4h0117_WYG_369-1a
376.md	11	KR4h0117_WYG_369-1b
376.md	19	KR4h0117_WYG_369-2a
376.md	27	KR4h0117_WYG_369-2b
376.md	35	KR4h0117_WYG_369-3a
376.md	43	KR4h0117_WYG_369-3b
376.md	51	KR4h0117_WYG_369-4a
376.md	59	KR4h0117_WYG_369-4b
376.md	67	KR4h0117_WYG_369-5a
376.md	75	KR4h0117_WYG_369-5b
376.md	83	KR4h0117_WYG_369-6a
376.md	91	KR4h0117_WYG_369-6b
376.md	99	KR4h0117_WYG_369-7a
376.md	107	KR4h0117_WYG_369-7b
376.md	115	KR4h0117_WYG_369-8a
376.md	123	KR4h0117_WYG_369-8b
376.md	131	KR4h0117_WYG_369-9a
376.md	139	KR4h0117_WYG_369-9b
376.md	147	KR4h0117_WYG_369-10a
376.md	155	KR4h0117_WYG_369-10b
376.md	163	KR4h0117_WYG_369-11a
376.md	171	KR4h0117_WYG_369-11b
376.md	179	KR4h0117_WYG_369-12a
376.md	187	KR4h0117_WYG_369-12b
376.md	195	KR4h0117_WYG_369-13a
376.md	203	KR4h0117_WYG_369-13b
376.md	211	KR4h0117_WYG_369-14a
376.md	219	KR4h0117_WYG_369-14b
376.md	227	KR4h0117_WYG_369-15a
376.md	235	KR4h0117_WYG_369-15b
376.md	243	KR4h0117_WYG_369-16a
376.md	251	KR4h0117_WYG_369-16b
376.md	259	KR4h0117_WYG_369-17a
376.md	267	KR4h0117_WYG_369-17b
376.md	275	KR4h0117_WYG_369-18a
376.md	283	KR4h0117_WYG_369-18b
376.md	291	KR4h0117_WYG_369-19a
376.md	299	KR4h0117_WYG_369-19b
376.md	307	KR4h0117_WYG_369-20a
376.md	315	KR4h0117_WYG_369-20b
376.md	323	KR4h0117_WYG_369-21a
376.md	331	KR4h0117_WYG_369-21b
376.md	339	KR4h0117_WYG_369-22a
376.md	347	KR4h0117_WYG_369-22b
376.md	355	KR4h0117_WYG_369-23a
376.md	363	KR4h0117_WYG_369-23b
376.md	371	KR4h0117_WYG_369-24a
376.md	379	KR4h0117_WYG_369-24b
376.md	387	KR4h0117_WYG_369-25a
376.md	395	KR4h0117_WYG_369-25b
377.md	3	KR4h0117_WYG_370-1a
377.md	11	KR4h0117_WYG_370-1b
377.md	19	KR4h0117_WYG_370-2a
377.md	27	KR4h0117_WYG_370-2b
377.md	35	KR4h0117_WYG_370-3a
377.md	43	KR4h0117_WYG_370-3b
377.md	51	KR4h0117_WYG_370-4a
377.md	59	KR4h0117_WYG_370-4b
377.md	67	KR4h0117_WYG_370-5a
377.md	75	KR4h0117_WYG_370-5b
377.md	83	KR4h0117_WYG_370-6a
377.md	91	KR4h0117_WYG_370-6b
377.md	99	KR4h0117_WYG_370-7a
377.md	107	KR4h0117_WYG_370-7b
377.md	115	KR4h0117_WYG_370-8a
377.md	123	KR4h0117_WYG_370-8b
377.md	131	KR4h0117_WYG_370-9a
377.md	139	KR4h0117_WYG_370-9b
377.md	147	KR4h0117_WYG_370-10a
377.md	155	KR4h0117_WYG_370-10b
377.md	163	KR4h0117_WYG_370-11a
377.md	171	KR4h0117_WYG_370-11b
377.md	179	KR4h0117_WYG_370-12a
377.md	187	KR4h0117_WYG_370-12b
377.md	195	KR4h0117_WYG_370-13a
377.md	203	KR4h0117_WYG_370-13b
377.md	211	KR4h0117_WYG_370-14a
377.md	219	KR4h0117_WYG_370-14b
377.md	227	KR4h0117_WYG_370-15a
377.md	235	KR4h0117_WYG_370-15b
377.md	243	KR4h0117_WYG_370-16a
377.md	251	KR4h0117_WYG_370-16b
378.md	3	KR4h0117_WYG_371-1a
378.md	11	KR4h0117_WYG_371-1b
378.md	19	KR4h0117_WYG_371-2a
378.md	27	KR4h0117_WYG_371-2b
378.md	35	KR4h0117_WYG_371-3a
378.md	43	KR4h0117_WYG_371-3b
378.md	51	KR4h0117_WYG_371-4a
378.md	59	KR4h0117_WYG_371-4b
378.md	67	KR4h0117_WYG_371-5a
378.md	75	KR4h0117_WYG_371-5b
378.md	83	KR4h0117_WYG_371-6a
378.md	91	KR4h0117_WYG_371-6b
378.md	99	KR4h0117_WYG_371-7a
378.md	107	KR4h0117_WYG_371-7b
378.md	115	KR4h0117_WYG_371-8a
378.md	123	KR4h0117_WYG_371-8b
378.md	131	KR4h0117_WYG_371-9a
378.md	139	KR4h0117_WYG_371-9b
378.md	147	KR4h0117_WYG_371-10a
378.md	155	KR4h0117_WYG_371-10b
378.md	163	KR4h0117_WYG_371-11a
378.md	171	KR4h0117_WYG_371-11b
378.md	179	KR4h0117_WYG_371-12a
378.md	187	KR4h0117_WYG_371-12b
378.md	195	KR4h0117_WYG_371-13a
378.md	203	KR4h0117_WYG_371-13b
378.md	211	KR4h0117_WYG_371-14a
378.md	219	KR4h0117_WYG_371-14b
378.md	227	KR4h0117_WYG_371-15a
378.md	235	KR4h0117_WYG_371-15b
378.md	243	KR4h0117_WYG_371-16a
378.md	251	KR4h0117_WYG_371-16b
378.md	259	KR4h0117_WYG_371-17a
378.md	267	KR4h0117_WYG_371-17b
379.md	3	KR4h0117_WYG_372-1a
379.md	11	KR4h0117_WYG_372-1b
379.md	19	KR4h0117_WYG_372-2a
379.md	27	KR4h0117_WYG_372-2b
379.md	35	KR4h0117_WYG_372-3a
379.md	43	KR4h0117_WYG_372-3b
379.md	51	KR4h0117_WYG_372-4a
379.md	59	KR4h0117_WYG_372-4b
379.md	67	KR4h0117_WYG_372-5a
379.md	75	KR4h0117_WYG_372-5b
379.md	83	KR4h0117_WYG_372-6a
379.md	91	KR4h0117_WYG_372-6b
379.md	99	KR4h0117_WYG_372-7a
379.md	107	KR4h0117_WYG_372-7b
379.md	115	KR4h0117_WYG_372-8a
379.md	123	KR4h0117_WYG_372-8b
380.md	3	KR4h0117_WYG_373-1a
380.md	11	KR4h0117_WYG_373-1b
380.md	19	KR4h0117_WYG_373-2a
380.md	27	KR4h0117_WYG_373-2b
380.md	35	KR4h0117_WYG_373-3a
380.md	43	KR4h0117_WYG_373-3b
380.md	51	KR4h0117_WYG_373-4a
380.md	59	KR4h0117_WYG_373-4b
380.md	67	KR4h0117_WYG_373-5a
380.md	75	KR4h0117_WYG_373-5b
380.md	83	KR4h0117_WYG_373-6a
380.md	91	KR4h0117_WYG_373-6b
380.md	99	KR4h0117_WYG_373-7a
380.md	107	KR4h0117_WYG_373-7b
380.md	115	KR4h0117_WYG_373-8a
380.md	123	KR4h0117_WYG_373-8b
380.md	131	KR4h0117_WYG_373-9a
380.md	139	KR4h0117_WYG_373-9b
380.md	147	KR4h0117_WYG_373-10a
380.md	155	KR4h0117_WYG_373-10b
380.md	163	KR4h0117_WYG_373-11a
380.md	171	KR4h0117_WYG_373-11b
380.md	179	KR4h0117_WYG_373-12a
380.md	187	KR4h0117_WYG_373-12b
380.md	195	KR4h0117_WYG_373-13a
380.md	203	KR4h0117_WYG_373-13b
381.md	3	KR4h0117_WYG_374-1a
381.md	11	KR4h0117_WYG_374-1b
381.md	19	KR4h0117_WYG_374-2a
381.md	27	KR4h0117_WYG_374-2b
381.md	35	KR4h0117_WYG_374-3a
381.md	43	KR4h0117_WYG_374-3b
381.md	51	KR4h0117_WYG_374-4a
381.md	59	KR4h0117_WYG_374-4b
381.md	67	KR4h0117_WYG_374-5a
381.md	75	KR4h0117_WYG_374-5b
381.md	83	KR4h0117_WYG_374-6a
381.md	91	KR4h0117_WYG_374-6b
381.md	99	KR4h0117_WYG_374-7a
381.md	107	KR4h0117_WYG_374-7b
381.md	115	KR4h0117_WYG_374-8a
381.md	123	KR4h0117_WYG_374-8b
381.md	131	KR4h0117_WYG_374-9a
381.md	139	KR4h0117_WYG_374-9b
381.md	147	KR4h0117_WYG_374-10a
381.md	155	KR4h0117_WYG_374-10b
381.md	163	KR4h0117_WYG_374-11a
381.md	171	KR4h0117_WYG_374-11b
381.md	179	KR4h0117_WYG_374-12a
381.md	187	KR4h0117_WYG_374-12b
381.md	195	KR4h0117_WYG_374-13a
381.md	203	KR4h0117_WYG_374-13b
382.md	3	KR4h0117_WYG_375-1a
382.md	11	KR4h0117_WYG_375-1b
382.md	19	KR4h0117_WYG_375-2a
382.md	27	KR4h0117_WYG_375-2b
382.md	35	KR4h0117_WYG_375-3a
382.md	43	KR4h0117_WYG_375-3b
382.md	51	KR4h0117_WYG_375-4a
382.md	59	KR4h0117_WYG_375-4b
382.md	67	KR4h0117_WYG_375-5a
382.md	75	KR4h0117_WYG_375-5b
382.md	83	KR4h0117_WYG_375-6a
382.md	91	KR4h0117_WYG_375-6b
382.md	99	KR4h0117_WYG_375-7a
382.md	107	KR4h0117_WYG_375-7b
382.md	115	KR4h0117_WYG_375-8a
382.md	123	KR4h0117_WYG_375-8b
383.md	3	KR4h0117_WYG_376-1a
383.md	11	KR4h0117_WYG_376-1b
383.md	19	KR4h0117_WYG_376-2a
383.md	27	KR4h0117_WYG_376-2b
383.md	35	KR4h0117_WYG_376-3a
383.md	43	KR4h0117_WYG_376-3b
383.md	51	KR4h0117_WYG_376-4a
383.md	59	KR4h0117_WYG_376-4b
383.md	67	KR4h0117_WYG_376-5a
383.md	75	KR4h0117_WYG_376-5b
383.md	83	KR4h0117_WYG_376-6a
383.md	91	KR4h0117_WYG_376-6b
383.md	99	KR4h0117_WYG_376-7a
383.md	107	KR4h0117_WYG_376-7b
383.md	115	KR4h0117_WYG_376-8a
383.md	123	KR4h0117_WYG_376-8b
383.md	131	KR4h0117_WYG_376-9a
383.md	139	KR4h0117_WYG_376-9b
383.md	147	KR4h0117_WYG_376-10a
383.md	155	KR4h0117_WYG_376-10b
383.md	163	KR4h0117_WYG_376-11a
383.md	171	KR4h0117_WYG_376-11b
383.md	179	KR4h0117_WYG_376-12a
383.md	187	KR4h0117_WYG_376-12b
384.md	3	KR4h0117_WYG_377-1a
384.md	11	KR4h0117_WYG_377-1b
384.md	19	KR4h0117_WYG_377-2a
384.md	27	KR4h0117_WYG_377-2b
384.md	35	KR4h0117_WYG_377-3a
384.md	43	KR4h0117_WYG_377-3b
384.md	51	KR4h0117_WYG_377-4a
384.md	59	KR4h0117_WYG_377-4b
384.md	67	KR4h0117_WYG_377-5a
384.md	75	KR4h0117_WYG_377-5b
384.md	83	KR4h0117_WYG_377-6a
384.md	91	KR4h0117_WYG_377-6b
384.md	99	KR4h0117_WYG_377-7a
384.md	107	KR4h0117_WYG_377-7b
384.md	115	KR4h0117_WYG_377-8a
384.md	123	KR4h0117_WYG_377-8b
384.md	131	KR4h0117_WYG_377-9a
384.md	139	KR4h0117_WYG_377-9b
384.md	147	KR4h0117_WYG_377-10a
384.md	155	KR4h0117_WYG_377-10b
384.md	163	KR4h0117_WYG_377-11a
384.md	171	KR4h0117_WYG_377-11b
384.md	179	KR4h0117_WYG_377-12a
384.md	187	KR4h0117_WYG_377-12b
384.md	195	KR4h0117_WYG_377-13a
384.md	203	KR4h0117_WYG_377-13b
384.md	211	KR4h0117_WYG_377-14a
384.md	219	KR4h0117_WYG_377-14b
384.md	227	KR4h0117_WYG_377-15a
384.md	235	KR4h0117_WYG_377-15b
384.md	243	KR4h0117_WYG_377-16a
384.md	251	KR4h0117_WYG_377-16b
384.md	259	KR4h0117_WYG_377-17a
384.md	267	KR4h0117_WYG_377-17b
384.md	275	KR4h0117_WYG_377-18a
384.md	283	KR4h0117_WYG_377-18b
384.md	291	KR4h0117_WYG_377-19a
384.md	299	KR4h0117_WYG_377-19b
384.md	307	KR4h0117_WYG_377-20a
384.md	315	KR4h0117_WYG_377-20b
384.md	323	KR4h0117_WYG_377-21a
384.md	331	KR4h0117_WYG_377-21b
385.md	3	KR4h0117_WYG_378-1a
385.md	11	KR4h0117_WYG_378-1b
385.md	19	KR4h0117_WYG_378-2a
385.md	27	KR4h0117_WYG_378-2b
385.md	35	KR4h0117_WYG_378-3a
385.md	43	KR4h0117_WYG_378-3b
385.md	51	KR4h0117_WYG_378-4a
385.md	59	KR4h0117_WYG_378-4b
385.md	67	KR4h0117_WYG_378-5a
385.md	75	KR4h0117_WYG_378-5b
385.md	83	KR4h0117_WYG_378-6a
385.md	91	KR4h0117_WYG_378-6b
385.md	99	KR4h0117_WYG_378-7a
385.md	107	KR4h0117_WYG_378-7b
385.md	115	KR4h0117_WYG_378-8a
385.md	123	KR4h0117_WYG_378-8b
385.md	131	KR4h0117_WYG_378-9a
385.md	139	KR4h0117_WYG_378-9b
385.md	147	KR4h0117_WYG_378-10a
385.md	155	KR4h0117_WYG_378-10b
385.md	163	KR4h0117_WYG_378-11a
385.md	171	KR4h0117_WYG_378-11b
385.md	179	KR4h0117_WYG_378-12a
385.md	187	KR4h0117_WYG_378-12b
385.md	195	KR4h0117_WYG_378-13a
385.md	203	KR4h0117_WYG_378-13b
385.md	211	KR4h0117_WYG_378-14a
385.md	219	KR4h0117_WYG_378-14b
385.md	227	KR4h0117_WYG_378-15a
385.md	235	KR4h0117_WYG_378-15b
385.md	243	KR4h0117_WYG_378-16a
385.md	251	KR4h0117_WYG_378-16b
385.md	259	KR4h0117_WYG_378-17a
385.md	267	KR4h0117_WYG_378-17b
386.md	3	KR4h0117_WYG_379-1a
386.md	11	KR4h0117_WYG_379-1b
386.md	19	KR4h0117_WYG_379-2a
386.md	27	KR4h0117_WYG_379-2b
386.md	35	KR4h0117_WYG_379-3a
386.md	43	KR4h0117_WYG_379-3b
386.md	51	KR4h0117_WYG_379-4a
386.md	59	KR4h0117_WYG_379-4b
386.md	67	KR4h0117_WYG_379-5a
386.md	75	KR4h0117_WYG_379-5b
386.md	83	KR4h0117_WYG_379-6a
386.md	91	KR4h0117_WYG_379-6b
386.md	99	KR4h0117_WYG_379-7a
386.md	107	KR4h0117_WYG_379-7b
386.md	115	KR4h0117_WYG_379-8a
386.md	123	KR4h0117_WYG_379-8b
386.md	131	KR4h0117_WYG_379-9a
386.md	139	KR4h0117_WYG_379-9b
386.md	147	KR4h0117_WYG_379-10a
386.md	155	KR4h0117_WYG_379-10b
386.md	163	KR4h0117_WYG_379-11a
386.md	171	KR4h0117_WYG_379-11b
386.md	179	KR4h0117_WYG_379-12a
386.md	187	KR4h0117_WYG_379-12b
387.md	3	KR4h0117_WYG_380-1a
387.md	11	KR4h0117_WYG_380-1b
387.md	19	KR4h0117_WYG_380-2a
387.md	27	KR4h0117_WYG_380-2b
387.md	35	KR4h0117_WYG_380-3a
387.md	43	KR4h0117_WYG_380-3b
387.md	51	KR4h0117_WYG_380-4a
387.md	59	KR4h0117_WYG_380-4b
387.md	67	KR4h0117_WYG_380-5a
387.md	75	KR4h0117_WYG_380-5b
387.md	83	KR4h0117_WYG_380-6a
387.md	91	KR4h0117_WYG_380-6b
387.md	99	KR4h0117_WYG_380-7a
387.md	107	KR4h0117_WYG_380-7b
387.md	115	KR4h0117_WYG_380-8a
387.md	123	KR4h0117_WYG_380-8b
387.md	131	KR4h0117_WYG_380-9a
387.md	139	KR4h0117_WYG_380-9b
387.md	147	KR4h0117_WYG_380-10a
387.md	155	KR4h0117_WYG_380-10b
387.md	163	KR4h0117_WYG_380-11a
387.md	171	KR4h0117_WYG_380-11b
387.md	179	KR4h0117_WYG_380-12a
387.md	187	KR4h0117_WYG_380-12b
387.md	195	KR4h0117_WYG_380-13a
387.md	203	KR4h0117_WYG_380-13b
387.md	211	KR4h0117_WYG_380-14a
387.md	219	KR4h0117_WYG_380-14b
387.md	227	KR4h0117_WYG_380-15a
387.md	235	KR4h0117_WYG_380-15b
387.md	243	KR4h0117_WYG_380-16a
387.md	251	KR4h0117_WYG_380-16b
388.md	3	KR4h0117_WYG_381-1a
388.md	11	KR4h0117_WYG_381-1b
388.md	19	KR4h0117_WYG_381-2a
388.md	27	KR4h0117_WYG_381-2b
388.md	35	KR4h0117_WYG_381-3a
388.md	43	KR4h0117_WYG_381-3b
388.md	51	KR4h0117_WYG_381-4a
388.md	59	KR4h0117_WYG_381-4b
388.md	67	KR4h0117_WYG_381-5a
388.md	75	KR4h0117_WYG_381-5b
388.md	83	KR4h0117_WYG_381-6a
388.md	91	KR4h0117_WYG_381-6b
388.md	99	KR4h0117_WYG_381-7a
388.md	107	KR4h0117_WYG_381-7b
388.md	115	KR4h0117_WYG_381-8a
388.md	123	KR4h0117_WYG_381-8b
388.md	131	KR4h0117_WYG_381-9a
388.md	139	KR4h0117_WYG_381-9b
388.md	147	KR4h0117_WYG_381-10a
388.md	155	KR4h0117_WYG_381-10b
388.md	163	KR4h0117_WYG_381-11a
388.md	171	KR4h0117_WYG_381-11b
388.md	179	KR4h0117_WYG_381-12a
388.md	187	KR4h0117_WYG_381-12b
388.md	195	KR4h0117_WYG_381-13a
388.md	203	KR4h0117_WYG_381-13b
388.md	211	KR4h0117_WYG_381-14a
388.md	219	KR4h0117_WYG_381-14b
388.md	227	KR4h0117_WYG_381-15a
388.md	235	KR4h0117_WYG_381-15b
388.md	243	KR4h0117_WYG_381-16a
388.md	251	KR4h0117_WYG_381-16b
388.md	259	KR4h0117_WYG_381-17a
388.md	267	KR4h0117_WYG_381-17b
389.md	3	KR4h0117_WYG_382-1a
389.md	11	KR4h0117_WYG_382-1b
389.md	19	KR4h0117_WYG_382-2a
389.md	27	KR4h0117_WYG_382-2b
389.md	35	KR4h0117_WYG_382-3a
389.md	43	KR4h0117_WYG_382-3b
389.md	51	KR4h0117_WYG_382-4a
389.md	59	KR4h0117_WYG_382-4b
389.md	67	KR4h0117_WYG_382-5a
389.md	75	KR4h0117_WYG_382-5b
389.md	83	KR4h0117_WYG_382-6a
389.md	91	KR4h0117_WYG_382-6b
389.md	99	KR4h0117_WYG_382-7a
389.md	107	KR4h0117_WYG_382-7b
389.md	115	KR4h0117_WYG_382-8a
389.md	123	KR4h0117_WYG_382-8b
389.md	131	KR4h0117_WYG_382-9a
389.md	139	KR4h0117_WYG_382-9b
389.md	147	KR4h0117_WYG_382-10a
389.md	155	KR4h0117_WYG_382-10b
389.md	163	KR4h0117_WYG_382-11a
389.md	171	KR4h0117_WYG_382-11b
389.md	179	KR4h0117_WYG_382-12a
389.md	187	KR4h0117_WYG_382-12b
389.md	195	KR4h0117_WYG_382-13a
389.md	203	KR4h0117_WYG_382-13b
389.md	211	KR4h0117_WYG_382-14a
389.md	219	KR4h0117_WYG_382-14b
389.md	227	KR4h0117_WYG_382-15a
389.md	235	KR4h0117_WYG_382-15b
389.md	243	KR4h0117_WYG_382-16a
389.md	251	KR4h0117_WYG_382-16b
389.md	259	KR4h0117_WYG_382-17a
389.md	267	KR4h0117_WYG_382-17b
389.md	275	KR4h0117_WYG_382-18a
389.md	283	KR4h0117_WYG_382-18b
389.md	291	KR4h0117_WYG_382-19a
389.md	299	KR4h0117_WYG_382-19b
389.md	307	KR4h0117_WYG_382-20a
389.md	315	KR4h0117_WYG_382-20b
389.md	323	KR4h0117_WYG_382-21a
389.md	331	KR4h0117_WYG_382-21b
389.md	339	KR4h0117_WYG_382-22a
389.md	347	KR4h0117_WYG_382-22b
389.md	355	KR4h0117_WYG_382-23a
389.md	363	KR4h0117_WYG_382-23b
389.md	371	KR4h0117_WYG_382-24a
389.md	379	KR4h0117_WYG_382-24b
389.md	387	KR4h0117_WYG_382-25a
389.md	395	KR4h0117_WYG_382-25b
389.md	403	KR4h0117_WYG_382-26a
389.md	411	KR4h0117_WYG_382-26b
389.md	419	KR4h0117_WYG_382-27a
389.md	427	KR4h0117_WYG_382-27b
389.md	435	KR4h0117_WYG_382-28a
389.md	443	KR4h0117_WYG_382-28b
389.md	451	KR4h0117_WYG_382-29a
389.md	459	KR4h0117_WYG_382-29b
389.md	467	KR4h0117_WYG_382-30a
389.md	475	KR4h0117_WYG_382-30b
389.md	483	KR4h0117_WYG_382-31a
389.md	491	KR4h0117_WYG_382-31b
389.md	499	KR4h0117_WYG_382-32a
389.md	507	KR4h0117_WYG_382-32b
390.md	3	KR4h0117_WYG_383-1a
390.md	11	KR4h0117_WYG_383-1b
390.md	19	KR4h0117_WYG_383-2a
390.md	27	KR4h0117_WYG_383-2b
390.md	35	KR4h0117_WYG_383-3a
390.md	43	KR4h0117_WYG_383-3b
390.md	51	KR4h0117_WYG_383-4a
390.md	59	KR4h0117_WYG_383-4b
390.md	67	KR4h0117_WYG_383-5a
390.md	75	KR4h0117_WYG_383-5b
390.md	83	KR4h0117_WYG_383-6a
390.md	91	KR4h0117_WYG_383-6b
390.md	99	KR4h0117_WYG_383-7a
390.md	107	KR4h0117_WYG_383-7b
390.md	115	KR4h0117_WYG_383-8a
390.md	123	KR4h0117_WYG_383-8b
390.md	131	KR4h0117_WYG_383-9a
390.md	139	KR4h0117_WYG_383-9b
390.md	147	KR4h0117_WYG_383-10a
390.md	155	KR4h0117_WYG_383-10b
390.md	163	KR4h0117_WYG_383-11a
390.md	171	KR4h0117_WYG_383-11b
390.md	179	KR4h0117_WYG_383-12a
390.md	187	KR4h0117_WYG_383-12b
390.md	195	KR4h0117_WYG_383-13a
390.md	203	KR4h0117_WYG_383-13b
390.md	211	KR4h0117_WYG_383-14a
390.md	219	KR4h0117_WYG_383-14b
391.md	3	KR4h0117_WYG_384-1a
391.md	11	KR4h0117_WYG_384-1b
391.md	19	KR4h0117_WYG_384-2a
391.md	27	KR4h0117_WYG_384-2b
391.md	35	KR4h0117_WYG_384-3a
391.md	43	KR4h0117_WYG_384-3b
391.md	51	KR4h0117_WYG_384-4a
391.md	59	KR4h0117_WYG_384-4b
391.md	67	KR4h0117_WYG_384-5a
391.md	75	KR4h0117_WYG_384-5b
391.md	83	KR4h0117_WYG_384-6a
391.md	91	KR4h0117_WYG_384-6b
391.md	99	KR4h0117_WYG_384-7a
391.md	107	KR4h0117_WYG_384-7b
391.md	115	KR4h0117_WYG_384-8a
391.md	123	KR4h0117_WYG_384-8b
391.md	131	KR4h0117_WYG_384-9a
391.md	139	KR4h0117_WYG_384-9b
391.md	147	KR4h0117_WYG_384-10a
391.md	155	KR4h0117_WYG_384-10b
391.md	163	KR4h0117_WYG_384-11a
391.md	171	KR4h0117_WYG_384-11b
391.md	179	KR4h0117_WYG_384-12a
391.md	187	KR4h0117_WYG_384-12b
391.md	195	KR4h0117_WYG_384-13a
391.md	203	KR4h0117_WYG_384-13b
391.md	211	KR4h0117_WYG_384-14a
391.md	219	KR4h0117_WYG_384-14b
391.md	227	KR4h0117_WYG_384-15a
391.md	235	KR4h0117_WYG_384-15b
391.md	243	KR4h0117_WYG_384-16a
391.md	251	KR4h0117_WYG_384-16b
391.md	259	KR4h0117_WYG_384-17a
391.md	267	KR4h0117_WYG_384-17b
391.md	275	KR4h0117_WYG_384-18a
391.md	283	KR4h0117_WYG_384-18b
391.md	291	KR4h0117_WYG_384-19a
391.md	299	KR4h0117_WYG_384-19b
391.md	307	KR4h0117_WYG_384-20a
391.md	315	KR4h0117_WYG_384-20b
391.md	323	KR4h0117_WYG_384-21a
391.md	331	KR4h0117_WYG_384-21b
391.md	339	KR4h0117_WYG_384-22a
391.md	347	KR4h0117_WYG_384-22b
391.md	355	KR4h0117_WYG_384-23a
391.md	363	KR4h0117_WYG_384-23b
391.md	371	KR4h0117_WYG_384-24a
391.md	379	KR4h0117_WYG_384-24b
391.md	387	KR4h0117_WYG_384-25a
391.md	395	KR4h0117_WYG_384-25b
391.md	403	KR4h0117_WYG_384-26a
391.md	411	KR4h0117_WYG_384-26b
391.md	419	KR4h0117_WYG_384-27a
391.md	427	KR4h0117_WYG_384-27b
391.md	435	KR4h0117_WYG_384-28a
391.md	443	KR4h0117_WYG_384-28b
391.md	451	KR4h0117_WYG_384-29a
391.md	459	KR4h0117_WYG_384-29b
391.md	467	KR4h0117_WYG_384-30a
391.md	475	KR4h0117_WYG_384-30b
391.md	483	KR4h0117_WYG_384-31a
391.md	491	KR4h0117_WYG_384-31b
391.md	499	KR4h0117_WYG_384-32a
391.md	507	KR4h0117_WYG_384-32b
391.md	515	KR4h0117_WYG_384-33a
391.md	523	KR4h0117_WYG_384-33b
391.md	531	KR4h0117_WYG_384-34a
391.md	539	KR4h0117_WYG_384-34b
391.md	547	KR4h0117_WYG_384-35a
391.md	555	KR4h0117_WYG_384-35b
391.md	563	KR4h0117_WYG_384-36a
391.md	571	KR4h0117_WYG_384-36b
391.md	579	KR4h0117_WYG_384-37a
391.md	587	KR4h0117_WYG_384-37b
391.md	595	KR4h0117_WYG_384-38a
391.md	603	KR4h0117_WYG_384-38b
391.md	611	KR4h0117_WYG_384-39a
391.md	619	KR4h0117_WYG_384-39b
392.md	3	KR4h0117_WYG_385-1a
392.md	11	KR4h0117_WYG_385-1b
392.md	19	KR4h0117_WYG_385-2a
392.md	27	KR4h0117_WYG_385-2b
392.md	35	KR4h0117_WYG_385-3a
392.md	43	KR4h0117_WYG_385-3b
392.md	51	KR4h0117_WYG_385-4a
392.md	59	KR4h0117_WYG_385-4b
392.md	67	KR4h0117_WYG_385-5a
392.md	75	KR4h0117_WYG_385-5b
392.md	83	KR4h0117_WYG_385-6a
392.md	91	KR4h0117_WYG_385-6b
392.md	99	KR4h0117_WYG_385-7a
392.md	107	KR4h0117_WYG_385-7b
392.md	115	KR4h0117_WYG_385-8a
392.md	123	KR4h0117_WYG_385-8b
392.md	131	KR4h0117_WYG_385-9a
392.md	139	KR4h0117_WYG_385-9b
392.md	147	KR4h0117_WYG_385-10a
392.md	155	KR4h0117_WYG_385-10b
392.md	163	KR4h0117_WYG_385-11a
392.md	171	KR4h0117_WYG_385-11b
392.md	179	KR4h0117_WYG_385-12a
392.md	187	KR4h0117_WYG_385-12b
392.md	195	KR4h0117_WYG_385-13a
392.md	203	KR4h0117_WYG_385-13b
392.md	211	KR4h0117_WYG_385-14a
392.md	219	KR4h0117_WYG_385-14b
392.md	227	KR4h0117_WYG_385-15a
392.md	235	KR4h0117_WYG_385-15b
392.md	243	KR4h0117_WYG_385-16a
392.md	251	KR4h0117_WYG_385-16b
392.md	259	KR4h0117_WYG_385-17a
392.md	267	KR4h0117_WYG_385-17b
392.md	275	KR4h0117_WYG_385-18a
392.md	283	KR4h0117_WYG_385-18b
392.md	291	KR4h0117_WYG_385-19a
392.md	299	KR4h0117_WYG_385-19b
392.md	307	KR4h0117_WYG_385-20a
392.md	315	KR4h0117_WYG_385-20b
392.md	323	KR4h0117_WYG_385-21a
392.md	331	KR4h0117_WYG_385-21b
392.md	339	KR4h0117_WYG_385-22a
392.md	347	KR4h0117_WYG_385-22b
392.md	355	KR4h0117_WYG_385-23a
392.md	363	KR4h0117_WYG_385-23b
392.md	371	KR4h0117_WYG_385-24a
392.md	379	KR4h0117_WYG_385-24b
392.md	387	KR4h0117_WYG_385-25a
392.md	395	KR4h0117_WYG_385-25b
392.md	403	KR4h0117_WYG_385-26a
392.md	411	KR4h0117_WYG_385-26b
392.md	419	KR4h0117_WYG_385-27a
392.md	427	KR4h0117_WYG_385-27b
393.md	3	KR4h0117_WYG_386-1a
393.md	11	KR4h0117_WYG_386-1b
393.md	19	KR4h0117_WYG_386-2a
393.md	27	KR4h0117_WYG_386-2b
393.md	35	KR4h0117_WYG_386-3a
393.md	43	KR4h0117_WYG_386-3b
393.md	51	KR4h0117_WYG_386-4a
393.md	59	KR4h0117_WYG_386-4b
393.md	67	KR4h0117_WYG_386-5a
393.md	75	KR4h0117_WYG_386-5b
393.md	83	KR4h0117_WYG_386-6a
393.md	91	KR4h0117_WYG_386-6b
393.md	99	KR4h0117_WYG_386-7a
393.md	107	KR4h0117_WYG_386-7b
393.md	115	KR4h0117_WYG_386-8a
393.md	123	KR4h0117_WYG_386-8b
393.md	131	KR4h0117_WYG_386-9a
393.md	139	KR4h0117_WYG_386-9b
393.md	147	KR4h0117_WYG_386-10a
393.md	155	KR4h0117_WYG_386-10b
393.md	163	KR4h0117_WYG_386-11a
393.md	171	KR4h0117_WYG_386-11b
393.md	179	KR4h0117_WYG_386-12a
393.md	187	KR4h0117_WYG_386-12b
393.md	195	KR4h0117_WYG_386-13a
393.md	203	KR4h0117_WYG_386-13b
393.md	211	KR4h0117_WYG_386-14a
393.md	219	KR4h0117_WYG_386-14b
393.md	227	KR4h0117_WYG_386-15a
393.md	235	KR4h0117_WYG_386-15b
393.md	243	KR4h0117_WYG_386-16a
393.md	251	KR4h0117_WYG_386-16b
393.md	259	KR4h0117_WYG_386-17a
393.md	267	KR4h0117_WYG_386-17b
393.md	275	KR4h0117_WYG_386-18a
393.md	283	KR4h0117_WYG_386-18b
393.md	291	KR4h0117_WYG_386-19a
393.md	299	KR4h0117_WYG_386-19b
393.md	307	KR4h0117_WYG_386-20a
393.md	315	KR4h0117_WYG_386-20b
393.md	323	KR4h0117_WYG_386-21a
393.md	331	KR4h0117_WYG_386-21b
393.md	339	KR4h0117_WYG_386-22a
393.md	347	KR4h0117_WYG_386-22b
393.md	355	KR4h0117_WYG_386-23a
393.md	363	KR4h0117_WYG_386-23b
393.md	371	KR4h0117_WYG_386-24a
393.md	379	KR4h0117_WYG_386-24b
393.md	387	KR4h0117_WYG_386-25a
393.md	395	KR4h0117_WYG_386-25b
393.md	403	KR4h0117_WYG_386-26a
393.md	411	KR4h0117_WYG_386-26b
394.md	3	KR4h0117_WYG_387-1a
394.md	11	KR4h0117_WYG_387-1b
394.md	19	KR4h0117_WYG_387-2a
394.md	27	KR4h0117_WYG_387-2b
394.md	35	KR4h0117_WYG_387-3a
394.md	43	KR4h0117_WYG_387-3b
394.md	51	KR4h0117_WYG_387-4a
394.md	59	KR4h0117_WYG_387-4b
394.md	67	KR4h0117_WYG_387-5a
394.md	75	KR4h0117_WYG_387-5b
394.md	83	KR4h0117_WYG_387-6a
394.md	91	KR4h0117_WYG_387-6b
394.md	99	KR4h0117_WYG_387-7a
394.md	107	KR4h0117_WYG_387-7b
394.md	115	KR4h0117_WYG_387-8a
394.md	123	KR4h0117_WYG_387-8b
394.md	131	KR4h0117_WYG_387-9a
394.md	139	KR4h0117_WYG_387-9b
394.md	147	KR4h0117_WYG_387-10a
394.md	155	KR4h0117_WYG_387-10b
394.md	163	KR4h0117_WYG_387-11a
394.md	171	KR4h0117_WYG_387-11b
394.md	179	KR4h0117_WYG_387-12a
394.md	187	KR4h0117_WYG_387-12b
394.md	195	KR4h0117_WYG_387-13a
394.md	203	KR4h0117_WYG_387-13b
394.md	211	KR4h0117_WYG_387-14a
394.md	219	KR4h0117_WYG_387-14b
394.md	227	KR4h0117_WYG_387-15a
394.md	235	KR4h0117_WYG_387-15b
394.md	243	KR4h0117_WYG_387-16a
394.md	251	KR4h0117_WYG_387-16b
394.md	259	KR4h0117_WYG_387-17a
394.md	267	KR4h0117_WYG_387-17b
394.md	275	KR4h0117_WYG_387-18a
394.md	283	KR4h0117_WYG_387-18b
394.md	291	KR4h0117_WYG_387-19a
394.md	299	KR4h0117_WYG_387-19b
394.md	307	KR4h0117_WYG_387-20a
394.md	315	KR4h0117_WYG_387-20b
394.md	323	KR4h0117_WYG_387-21a
394.md	331	KR4h0117_WYG_387-21b
394.md	339	KR4h0117_WYG_387-22a
394.md	347	KR4h0117_WYG_387-22b
394.md	355	KR4h0117_WYG_387-23a
394.md	363	KR4h0117_WYG_387-23b
394.md	371	KR4h0117_WYG_387-24a
394.md	379	KR4h0117_WYG_387-24b
394.md	387	KR4h0117_WYG_387-25a
394.md	395	KR4h0117_WYG_387-25b
395.md	3	KR4h0117_WYG_388-1a
395.md	11	KR4h0117_WYG_388-1b
395.md	19	KR4h0117_WYG_388-2a
395.md	27	KR4h0117_WYG_388-2b
395.md	35	KR4h0117_WYG_388-3a
395.md	43	KR4h0117_WYG_388-3b
395.md	51	KR4h0117_WYG_388-4a
395.md	59	KR4h0117_WYG_388-4b
395.md	67	KR4h0117_WYG_388-5a
395.md	75	KR4h0117_WYG_388-5b
395.md	83	KR4h0117_WYG_388-6a
395.md	91	KR4h0117_WYG_388-6b
395.md	99	KR4h0117_WYG_388-7a
395.md	107	KR4h0117_WYG_388-7b
395.md	115	KR4h0117_WYG_388-8a
395.md	123	KR4h0117_WYG_388-8b
395.md	131	KR4h0117_WYG_388-9a
395.md	139	KR4h0117_WYG_388-9b
395.md	147	KR4h0117_WYG_388-10a
395.md	155	KR4h0117_WYG_388-10b
395.md	163	KR4h0117_WYG_388-11a
395.md	171	KR4h0117_WYG_388-11b
395.md	179	KR4h0117_WYG_388-12a
395.md	187	KR4h0117_WYG_388-12b
395.md	195	KR4h0117_WYG_388-13a
395.md	203	KR4h0117_WYG_388-13b
395.md	211	KR4h0117_WYG_388-14a
395.md	219	KR4h0117_WYG_388-14b
395.md	227	KR4h0117_WYG_388-15a
395.md	235	KR4h0117_WYG_388-15b
395.md	243	KR4h0117_WYG_388-16a
395.md	251	KR4h0117_WYG_388-16b
395.md	259	KR4h0117_WYG_388-17a
395.md	267	KR4h0117_WYG_388-17b
395.md	275	KR4h0117_WYG_388-18a
395.md	283	KR4h0117_WYG_388-18b
395.md	291	KR4h0117_WYG_388-19a
395.md	299	KR4h0117_WYG_388-19b
395.md	307	KR4h0117_WYG_388-20a
395.md	315	KR4h0117_WYG_388-20b
395.md	323	KR4h0117_WYG_388-21a
395.md	331	KR4h0117_WYG_388-21b
395.md	339	KR4h0117_WYG_388-22a
395.md	347	KR4h0117_WYG_388-22b
395.md	355	KR4h0117_WYG_388-23a
395.md	363	KR4h0117_WYG_388-23b
395.md	371	KR4h0117_WYG_388-24a
395.md	379	KR4h0117_WYG_388-24b
395.md	387	KR4h0117_WYG_388-25a
395.md	395	KR4h0117_WYG_388-25b
395.md	403	KR4h0117_WYG_388-26a
395.md	411	KR4h0117_WYG_388-26b
395.md	419	KR4h0117_WYG_388-27a
395.md	427	KR4h0117_WYG_388-27b
395.md	435	KR4h0117_WYG_388-28a
395.md	443	KR4h0117_WYG_388-28b
395.md	451	KR4h0117_WYG_388-29a
395.md	459	KR4h0117_WYG_388-29b
395.md	467	KR4h0117_WYG_388-30a
395.md	475	KR4h0117_WYG_388-30b
395.md	483	KR4h0117_WYG_388-31a
395.md	491	KR4h0117_WYG_388-31b
395.md	499	KR4h0117_WYG_388-32a
395.md	507	KR4h0117_WYG_388-32b
395.md	515	KR4h0117_WYG_388-33a
395.md	523	KR4h0117_WYG_388-33b
395.md	531	KR4h0117_WYG_388-34a
395.md	539	KR4h0117_WYG_388-34b
395.md	547	KR4h0117_WYG_388-35a
395.md	555	KR4h0117_WYG_388-35b
395.md	563	KR4h0117_WYG_388-36a
395.md	571	KR4h0117_WYG_388-36b
395.md	579	KR4h0117_WYG_388-37a
395.md	587	KR4h0117_WYG_388-37b
395.md	595	KR4h0117_WYG_388-38a
395.md	603	KR4h0117_WYG_388-38b
395.md	611	KR4h0117_WYG_388-39a
395.md	619	KR4h0117_WYG_388-39b
395.md	627	KR4h0117_WYG_388-40a
395.md	635	KR4h0117_WYG_388-40b
395.md	643	KR4h0117_WYG_388-41a
395.md	651	KR4h0117_WYG_388-41b
395.md	659	KR4h0117_WYG_388-42a
395.md	667	KR4h0117_WYG_388-42b
395.md	675	KR4h0117_WYG_388-43a
395.md	683	KR4h0117_WYG_388-43b
395.md	691	KR4h0117_WYG_388-44a
395.md	699	KR4h0117_WYG_388-44b
395.md	707	KR4h0117_WYG_388-45a
395.md	715	KR4h0117_WYG_388-45b
395.md	723	KR4h0117_WYG_388-46a
395.md	731	KR4h0117_WYG_388-46b
395.md	739	KR4h0117_WYG_388-47a
395.md	747	KR4h0117_WYG_388-47b
395.md	755	KR4h0117_WYG_388-48a
395.md	763	KR4h0117_WYG_388-48b
395.md	771	KR4h0117_WYG_388-49a
395.md	779	KR4h0117_WYG_388-49b
395.md	787	KR4h0117_WYG_388-50a
395.md	795	KR4h0117_WYG_388-50b
396.md	3	KR4h0117_WYG_389-1a
396.md	11	KR4h0117_WYG_389-1b
396.md	19	KR4h0117_WYG_389-2a
396.md	27	KR4h0117_WYG_389-2b
396.md	35	KR4h0117_WYG_389-3a
396.md	43	KR4h0117_WYG_389-3b
396.md	51	KR4h0117_WYG_389-4a
396.md	59	KR4h0117_WYG_389-4b
396.md	67	KR4h0117_WYG_389-5a
396.md	75	KR4h0117_WYG_389-5b
396.md	83	KR4h0117_WYG_389-6a
396.md	91	KR4h0117_WYG_389-6b
396.md	99	KR4h0117_WYG_389-7a
396.md	107	KR4h0117_WYG_389-7b
396.md	115	KR4h0117_WYG_389-8a
396.md	123	KR4h0117_WYG_389-8b
396.md	131	KR4h0117_WYG_389-9a
396.md	139	KR4h0117_WYG_389-9b
396.md	147	KR4h0117_WYG_389-10a
396.md	155	KR4h0117_WYG_389-10b
396.md	163	KR4h0117_WYG_389-11a
396.md	171	KR4h0117_WYG_389-11b
396.md	179	KR4h0117_WYG_389-12a
396.md	187	KR4h0117_WYG_389-12b
396.md	195	KR4h0117_WYG_389-13a
396.md	203	KR4h0117_WYG_389-13b
396.md	211	KR4h0117_WYG_389-14a
396.md	219	KR4h0117_WYG_389-14b
396.md	227	KR4h0117_WYG_389-15a
396.md	235	KR4h0117_WYG_389-15b
397.md	3	KR4h0117_WYG_390-1a
397.md	11	KR4h0117_WYG_390-1b
397.md	19	KR4h0117_WYG_390-2a
397.md	27	KR4h0117_WYG_390-2b
397.md	35	KR4h0117_WYG_390-3a
397.md	43	KR4h0117_WYG_390-3b
397.md	51	KR4h0117_WYG_390-4a
397.md	59	KR4h0117_WYG_390-4b
397.md	67	KR4h0117_WYG_390-5a
397.md	75	KR4h0117_WYG_390-5b
397.md	83	KR4h0117_WYG_390-6a
397.md	91	KR4h0117_WYG_390-6b
397.md	99	KR4h0117_WYG_390-7a
397.md	107	KR4h0117_WYG_390-7b
397.md	115	KR4h0117_WYG_390-8a
397.md	123	KR4h0117_WYG_390-8b
397.md	131	KR4h0117_WYG_390-9a
397.md	139	KR4h0117_WYG_390-9b
397.md	147	KR4h0117_WYG_390-10a
397.md	155	KR4h0117_WYG_390-10b
397.md	163	KR4h0117_WYG_390-11a
397.md	171	KR4h0117_WYG_390-11b
397.md	179	KR4h0117_WYG_390-12a
397.md	187	KR4h0117_WYG_390-12b
397.md	195	KR4h0117_WYG_390-13a
397.md	203	KR4h0117_WYG_390-13b
397.md	211	KR4h0117_WYG_390-14a
397.md	219	KR4h0117_WYG_390-14b
397.md	227	KR4h0117_WYG_390-15a
397.md	235	KR4h0117_WYG_390-15b
397.md	243	KR4h0117_WYG_390-16a
397.md	251	KR4h0117_WYG_390-16b
397.md	259	KR4h0117_WYG_390-17a
397.md	267	KR4h0117_WYG_390-17b
397.md	275	KR4h0117_WYG_390-18a
397.md	283	KR4h0117_WYG_390-18b
397.md	291	KR4h0117_WYG_390-19a
397.md	299	KR4h0117_WYG_390-19b
397.md	307	KR4h0117_WYG_390-20a
397.md	315	KR4h0117_WYG_390-20b
397.md	323	KR4h0117_WYG_390-21a
397.md	331	KR4h0117_WYG_390-21b
397.md	339	KR4h0117_WYG_390-22a
397.md	347	KR4h0117_WYG_390-22b
397.md	355	KR4h0117_WYG_390-23a
397.md	363	KR4h0117_WYG_390-23b
397.md	371	KR4h0117_WYG_390-24a
397.md	379	KR4h0117_WYG_390-24b
397.md	387	KR4h0117_WYG_390-25a
397.md	395	KR4h0117_WYG_390-25b
397.md	403	KR4h0117_WYG_390-26a
397.md	411	KR4h0117_WYG_390-26b
397.md	419	KR4h0117_WYG_390-27a
397.md	427	KR4h0117_WYG_390-27b
397.md	435	KR4h0117_WYG_390-28a
397.md	443	KR4h0117_WYG_390-28b
397.md	451	KR4h0117_WYG_390-29a
397.md	459	KR4h0117_WYG_390-29b
397.md	467	KR4h0117_WYG_390-30a
397.md	475	KR4h0117_WYG_390-30b
398.md	3	KR4h0117_WYG_391-1a
398.md	11	KR4h0117_WYG_391-1b
398.md	19	KR4h0117_WYG_391-2a
398.md	27	KR4h0117_WYG_391-2b
398.md	35	KR4h0117_WYG_391-3a
398.md	43	KR4h0117_WYG_391-3b
398.md	51	KR4h0117_WYG_391-4a
398.md	59	KR4h0117_WYG_391-4b
398.md	67	KR4h0117_WYG_391-5a
398.md	75	KR4h0117_WYG_391-5b
398.md	83	KR4h0117_WYG_391-6a
398.md	91	KR4h0117_WYG_391-6b
398.md	99	KR4h0117_WYG_391-7a
398.md	107	KR4h0117_WYG_391-7b
398.md	115	KR4h0117_WYG_391-8a
398.md	123	KR4h0117_WYG_391-8b
398.md	131	KR4h0117_WYG_391-9a
398.md	139	KR4h0117_WYG_391-9b
398.md	147	KR4h0117_WYG_391-10a
398.md	155	KR4h0117_WYG_391-10b
398.md	163	KR4h0117_WYG_391-11a
398.md	171	KR4h0117_WYG_391-11b
398.md	179	KR4h0117_WYG_391-12a
398.md	187	KR4h0117_WYG_391-12b
398.md	195	KR4h0117_WYG_391-13a
398.md	203	KR4h0117_WYG_391-13b
398.md	211	KR4h0117_WYG_391-14a
398.md	219	KR4h0117_WYG_391-14b
398.md	227	KR4h0117_WYG_391-15a
398.md	235	KR4h0117_WYG_391-15b
398.md	243	KR4h0117_WYG_391-16a
398.md	251	KR4h0117_WYG_391-16b
398.md	259	KR4h0117_WYG_391-17a
398.md	267	KR4h0117_WYG_391-17b
398.md	275	KR4h0117_WYG_391-18a
398.md	283	KR4h0117_WYG_391-18b
398.md	291	KR4h0117_WYG_391-19a
398.md	299	KR4h0117_WYG_391-19b
398.md	307	KR4h0117_WYG_391-20a
398.md	315	KR4h0117_WYG_391-20b
399.md	3	KR4h0117_WYG_392-1a
399.md	11	KR4h0117_WYG_392-1b
399.md	19	KR4h0117_WYG_392-2a
399.md	27	KR4h0117_WYG_392-2b
399.md	35	KR4h0117_WYG_392-3a
399.md	43	KR4h0117_WYG_392-3b
399.md	51	KR4h0117_WYG_392-4a
399.md	59	KR4h0117_WYG_392-4b
399.md	67	KR4h0117_WYG_392-5a
399.md	75	KR4h0117_WYG_392-5b
399.md	83	KR4h0117_WYG_392-6a
399.md	91	KR4h0117_WYG_392-6b
399.md	99	KR4h0117_WYG_392-7a
399.md	107	KR4h0117_WYG_392-7b
399.md	115	KR4h0117_WYG_392-8a
399.md	123	KR4h0117_WYG_392-8b
399.md	131	KR4h0117_WYG_392-9a
399.md	139	KR4h0117_WYG_392-9b
399.md	147	KR4h0117_WYG_392-10a
399.md	155	KR4h0117_WYG_392-10b
399.md	163	KR4h0117_WYG_392-11a
399.md	171	KR4h0117_WYG_392-11b
399.md	179	KR4h0117_WYG_392-12a
399.md	187	KR4h0117_WYG_392-12b
399.md	195	KR4h0117_WYG_392-13a
399.md	203	KR4h0117_WYG_392-13b
399.md	211	KR4h0117_WYG_392-14a
399.md	219	KR4h0117_WYG_392-14b
399.md	227	KR4h0117_WYG_392-15a
399.md	235	KR4h0117_WYG_392-15b
399.md	243	KR4h0117_WYG_392-16a
399.md	251	KR4h0117_WYG_392-16b
399.md	259	KR4h0117_WYG_392-17a
399.md	267	KR4h0117_WYG_392-17b
399.md	275	KR4h0117_WYG_392-18a
399.md	283	KR4h0117_WYG_392-18b
399.md	291	KR4h0117_WYG_392-19a
399.md	299	KR4h0117_WYG_392-19b
399.md	307	KR4h0117_WYG_392-20a
399.md	315	KR4h0117_WYG_392-20b
399.md	323	KR4h0117_WYG_392-21a
399.md	331	KR4h0117_WYG_392-21b
399.md	339	KR4h0117_WYG_392-22a
399.md	347	KR4h0117_WYG_392-22b
399.md	355	KR4h0117_WYG_392-23a
399.md	363	KR4h0117_WYG_392-23b
399.md	371	KR4h0117_WYG_392-24a
399.md	379	KR4h0117_WYG_392-24b
400.md	3	KR4h0117_WYG_393-1a
400.md	11	KR4h0117_WYG_393-1b
400.md	19	KR4h0117_WYG_393-2a
400.md	27	KR4h0117_WYG_393-2b
400.md	35	KR4h0117_WYG_393-3a
400.md	43	KR4h0117_WYG_393-3b
400.md	51	KR4h0117_WYG_393-4a
400.md	59	KR4h0117_WYG_393-4b
400.md	67	KR4h0117_WYG_393-5a
400.md	75	KR4h0117_WYG_393-5b
400.md	83	KR4h0117_WYG_393-6a
400.md	91	KR4h0117_WYG_393-6b
400.md	99	KR4h0117_WYG_393-7a
400.md	107	KR4h0117_WYG_393-7b
400.md	115	KR4h0117_WYG_393-8a
400.md	123	KR4h0117_WYG_393-8b
400.md	131	KR4h0117_WYG_393-9a
400.md	139	KR4h0117_WYG_393-9b
400.md	147	KR4h0117_WYG_393-10a
400.md	155	KR4h0117_WYG_393-10b
400.md	163	KR4h0117_WYG_393-11a
400.md	171	KR4h0117_WYG_393-11b
400.md	179	KR4h0117_WYG_393-12a
400.md	187	KR4h0117_WYG_393-12b
400.md	195	KR4h0117_WYG_393-13a
400.md	203	KR4h0117_WYG_393-13b
400.md	211	KR4h0117_WYG_393-14a
400.md	219	KR4h0117_WYG_393-14b
400.md	227	KR4h0117_WYG_393-15a
400.md	235	KR4h0117_WYG_393-15b
401.md	3	KR4h0117_WYG_394-1a
401.md	11	KR4h0117_WYG_394-1b
401.md	19	KR4h0117_WYG_394-2a
401.md	27	KR4h0117_WYG_394-2b
401.md	35	KR4h0117_WYG_394-3a
401.md	43	KR4h0117_WYG_394-3b
401.md	51	KR4h0117_WYG_394-4a
401.md	59	KR4h0117_WYG_394-4b
401.md	67	KR4h0117_WYG_394-5a
401.md	75	KR4h0117_WYG_394-5b
401.md	83	KR4h0117_WYG_394-6a
401.md	91	KR4h0117_WYG_394-6b
401.md	99	KR4h0117_WYG_394-7a
401.md	107	KR4h0117_WYG_394-7b
401.md	115	KR4h0117_WYG_394-8a
401.md	123	KR4h0117_WYG_394-8b
401.md	131	KR4h0117_WYG_394-9a
401.md	139	KR4h0117_WYG_394-9b
401.md	147	KR4h0117_WYG_394-10a
401.md	155	KR4h0117_WYG_394-10b
401.md	163	KR4h0117_WYG_394-11a
401.md	171	KR4h0117_WYG_394-11b
401.md	179	KR4h0117_WYG_394-12a
401.md	187	KR4h0117_WYG_394-12b
401.md	195	KR4h0117_WYG_394-13a
401.md	203	KR4h0117_WYG_394-13b
402.md	3	KR4h0117_WYG_395-1a
402.md	11	KR4h0117_WYG_395-1b
402.md	19	KR4h0117_WYG_395-2a
402.md	27	KR4h0117_WYG_395-2b
402.md	35	KR4h0117_WYG_395-3a
402.md	43	KR4h0117_WYG_395-3b
402.md	51	KR4h0117_WYG_395-4a
402.md	59	KR4h0117_WYG_395-4b
402.md	67	KR4h0117_WYG_395-5a
402.md	75	KR4h0117_WYG_395-5b
402.md	83	KR4h0117_WYG_395-6a
402.md	91	KR4h0117_WYG_395-6b
402.md	99	KR4h0117_WYG_395-7a
402.md	107	KR4h0117_WYG_395-7b
402.md	115	KR4h0117_WYG_395-8a
402.md	123	KR4h0117_WYG_395-8b
402.md	131	KR4h0117_WYG_395-9a
402.md	139	KR4h0117_WYG_395-9b
402.md	147	KR4h0117_WYG_395-10a
402.md	155	KR4h0117_WYG_395-10b
402.md	163	KR4h0117_WYG_395-11a
402.md	171	KR4h0117_WYG_395-11b
402.md	179	KR4h0117_WYG_395-12a
402.md	187	KR4h0117_WYG_395-12b
402.md	195	KR4h0117_WYG_395-13a
402.md	203	KR4h0117_WYG_395-13b
402.md	211	KR4h0117_WYG_395-14a
402.md	219	KR4h0117_WYG_395-14b
402.md	227	KR4h0117_WYG_395-15a
402.md	235	KR4h0117_WYG_395-15b
402.md	243	KR4h0117_WYG_395-16a
402.md	251	KR4h0117_WYG_395-16b
402.md	259	KR4h0117_WYG_395-17a
402.md	267	KR4h0117_WYG_395-17b
402.md	275	KR4h0117_WYG_395-18a
402.md	283	KR4h0117_WYG_395-18b
402.md	291	KR4h0117_WYG_395-19a
402.md	299	KR4h0117_WYG_395-19b
402.md	307	KR4h0117_WYG_395-20a
402.md	315	KR4h0117_WYG_395-20b
403.md	3	KR4h0117_WYG_396-1a
403.md	11	KR4h0117_WYG_396-1b
403.md	19	KR4h0117_WYG_396-2a
403.md	27	KR4h0117_WYG_396-2b
403.md	35	KR4h0117_WYG_396-3a
403.md	43	KR4h0117_WYG_396-3b
403.md	51	KR4h0117_WYG_396-4a
403.md	59	KR4h0117_WYG_396-4b
403.md	67	KR4h0117_WYG_396-5a
403.md	75	KR4h0117_WYG_396-5b
403.md	83	KR4h0117_WYG_396-6a
403.md	91	KR4h0117_WYG_396-6b
403.md	99	KR4h0117_WYG_396-7a
403.md	107	KR4h0117_WYG_396-7b
403.md	115	KR4h0117_WYG_396-8a
403.md	123	KR4h0117_WYG_396-8b
403.md	131	KR4h0117_WYG_396-9a
403.md	139	KR4h0117_WYG_396-9b
403.md	147	KR4h0117_WYG_396-10a
403.md	155	KR4h0117_WYG_396-10b
403.md	163	KR4h0117_WYG_396-11a
403.md	171	KR4h0117_WYG_396-11b
403.md	179	KR4h0117_WYG_396-12a
403.md	187	KR4h0117_WYG_396-12b
403.md	195	KR4h0117_WYG_396-13a
403.md	203	KR4h0117_WYG_396-13b
403.md	211	KR4h0117_WYG_396-14a
403.md	219	KR4h0117_WYG_396-14b
403.md	227	KR4h0117_WYG_396-15a
403.md	235	KR4h0117_WYG_396-15b
403.md	243	KR4h0117_WYG_396-16a
403.md	251	KR4h0117_WYG_396-16b
403.md	259	KR4h0117_WYG_396-17a
403.md	267	KR4h0117_WYG_396-17b
403.md	275	KR4h0117_WYG_396-18a
403.md	283	KR4h0117_WYG_396-18b
403.md	291	KR4h0117_WYG_396-19a
403.md	299	KR4h0117_WYG_396-19b
403.md	307	KR4h0117_WYG_396-20a
403.md	315	KR4h0117_WYG_396-20b
403.md	323	KR4h0117_WYG_396-21a
403.md	331	KR4h0117_WYG_396-21b
403.md	339	KR4h0117_WYG_396-22a
403.md	347	KR4h0117_WYG_396-22b
403.md	355	KR4h0117_WYG_396-23a
403.md	363	KR4h0117_WYG_396-23b
403.md	371	KR4h0117_WYG_396-24a
403.md	379	KR4h0117_WYG_396-24b
403.md	387	KR4h0117_WYG_396-25a
403.md	395	KR4h0117_WYG_396-25b
403.md	403	KR4h0117_WYG_396-26a
403.md	411	KR4h0117_WYG_396-26b
403.md	419	KR4h0117_WYG_396-27a
403.md	427	KR4h0117_WYG_396-27b
403.md	435	KR4h0117_WYG_396-28a
403.md	443	KR4h0117_WYG_396-28b
403.md	451	KR4h0117_WYG_396-29a
403.md	459	KR4h0117_WYG_396-29b
403.md	467	KR4h0117_WYG_396-30a
403.md	475	KR4h0117_WYG_396-30b
403.md	483	KR4h0117_WYG_396-31a
403.md	491	KR4h0117_WYG_396-31b
403.md	499	KR4h0117_WYG_396-32a
403.md	507	KR4h0117_WYG_396-32b
403.md	515	KR4h0117_WYG_396-33a
403.md	523	KR4h0117_WYG_396-33b
403.md	531	KR4h0117_WYG_396-34a
403.md	539	KR4h0117_WYG_396-34b
403.md	547	KR4h0117_WYG_396-35a
403.md	555	KR4h0117_WYG_396-35b
403.md	563	KR4h0117_WYG_396-36a
403.md	571	KR4h0117_WYG_396-36b
403.md	579	KR4h0117_WYG_396-37a
403.md	587	KR4h0117_WYG_396-37b
403.md	595	KR4h0117_WYG_396-38a
403.md	603	KR4h0117_WYG_396-38b
403.md	611	KR4h0117_WYG_396-39a
403.md	619	KR4h0117_WYG_396-39b
403.md	627	KR4h0117_WYG_396-40a
403.md	635	KR4h0117_WYG_396-40b
403.md	643	KR4h0117_WYG_396-41a
403.md	651	KR4h0117_WYG_396-41b
403.md	659	KR4h0117_WYG_396-42a
403.md	667	KR4h0117_WYG_396-42b
403.md	675	KR4h0117_WYG_396-43a
403.md	683	KR4h0117_WYG_396-43b
403.md	691	KR4h0117_WYG_396-44a
403.md	699	KR4h0117_WYG_396-44b
403.md	707	KR4h0117_WYG_396-45a
403.md	715	KR4h0117_WYG_396-45b
403.md	723	KR4h0117_WYG_396-46a
403.md	731	KR4h0117_WYG_396-46b
403.md	739	KR4h0117_WYG_396-47a
403.md	747	KR4h0117_WYG_396-47b
403.md	755	KR4h0117_WYG_396-48a
403.md	763	KR4h0117_WYG_396-48b
403.md	771	KR4h0117_WYG_396-49a
403.md	779	KR4h0117_WYG_396-49b
403.md	787	KR4h0117_WYG_396-50a
403.md	795	KR4h0117_WYG_396-50b
403.md	803	KR4h0117_WYG_396-51a
403.md	811	KR4h0117_WYG_396-51b
404.md	3	KR4h0117_WYG_397-1a
404.md	11	KR4h0117_WYG_397-1b
404.md	19	KR4h0117_WYG_397-2a
404.md	27	KR4h0117_WYG_397-2b
404.md	35	KR4h0117_WYG_397-3a
404.md	43	KR4h0117_WYG_397-3b
404.md	51	KR4h0117_WYG_397-4a
404.md	59	KR4h0117_WYG_397-4b
404.md	67	KR4h0117_WYG_397-5a
404.md	75	KR4h0117_WYG_397-5b
404.md	83	KR4h0117_WYG_397-6a
404.md	91	KR4h0117_WYG_397-6b
404.md	99	KR4h0117_WYG_397-7a
404.md	107	KR4h0117_WYG_397-7b
404.md	115	KR4h0117_WYG_397-8a
404.md	123	KR4h0117_WYG_397-8b
404.md	131	KR4h0117_WYG_397-9a
404.md	139	KR4h0117_WYG_397-9b
404.md	147	KR4h0117_WYG_397-10a
404.md	155	KR4h0117_WYG_397-10b
404.md	163	KR4h0117_WYG_397-11a
404.md	171	KR4h0117_WYG_397-11b
404.md	179	KR4h0117_WYG_397-12a
404.md	187	KR4h0117_WYG_397-12b
404.md	195	KR4h0117_WYG_397-13a
404.md	203	KR4h0117_WYG_397-13b
404.md	211	KR4h0117_WYG_397-14a
404.md	219	KR4h0117_WYG_397-14b
404.md	227	KR4h0117_WYG_397-15a
404.md	235	KR4h0117_WYG_397-15b
404.md	243	KR4h0117_WYG_397-16a
404.md	251	KR4h0117_WYG_397-16b
404.md	259	KR4h0117_WYG_397-17a
404.md	267	KR4h0117_WYG_397-17b
404.md	275	KR4h0117_WYG_397-18a
404.md	283	KR4h0117_WYG_397-18b
404.md	291	KR4h0117_WYG_397-19a
404.md	299	KR4h0117_WYG_397-19b
405.md	3	KR4h0117_WYG_398-1a
405.md	11	KR4h0117_WYG_398-1b
405.md	19	KR4h0117_WYG_398-2a
405.md	27	KR4h0117_WYG_398-2b
405.md	35	KR4h0117_WYG_398-3a
405.md	43	KR4h0117_WYG_398-3b
405.md	51	KR4h0117_WYG_398-4a
405.md	59	KR4h0117_WYG_398-4b
405.md	67	KR4h0117_WYG_398-5a
405.md	75	KR4h0117_WYG_398-5b
405.md	83	KR4h0117_WYG_398-6a
405.md	91	KR4h0117_WYG_398-6b
405.md	99	KR4h0117_WYG_398-7a
405.md	107	KR4h0117_WYG_398-7b
405.md	115	KR4h0117_WYG_398-8a
405.md	123	KR4h0117_WYG_398-8b
405.md	131	KR4h0117_WYG_398-9a
405.md	139	KR4h0117_WYG_398-9b
405.md	147	KR4h0117_WYG_398-10a
405.md	155	KR4h0117_WYG_398-10b
405.md	163	KR4h0117_WYG_398-11a
405.md	171	KR4h0117_WYG_398-11b
405.md	179	KR4h0117_WYG_398-12a
405.md	187	KR4h0117_WYG_398-12b
405.md	195	KR4h0117_WYG_398-13a
405.md	203	KR4h0117_WYG_398-13b
405.md	211	KR4h0117_WYG_398-14a
405.md	219	KR4h0117_WYG_398-14b
405.md	227	KR4h0117_WYG_398-15a
405.md	235	KR4h0117_WYG_398-15b
405.md	243	KR4h0117_WYG_398-16a
405.md	251	KR4h0117_WYG_398-16b
405.md	259	KR4h0117_WYG_398-17a
405.md	267	KR4h0117_WYG_398-17b
405.md	275	KR4h0117_WYG_398-18a
405.md	283	KR4h0117_WYG_398-18b
405.md	291	KR4h0117_WYG_398-19a
405.md	299	KR4h0117_WYG_398-19b
405.md	307	KR4h0117_WYG_398-20a
405.md	315	KR4h0117_WYG_398-20b
405.md	323	KR4h0117_WYG_398-21a
405.md	331	KR4h0117_WYG_398-21b
405.md	339	KR4h0117_WYG_398-22a
405.md	347	KR4h0117_WYG_398-22b
405.md	355	KR4h0117_WYG_398-23a
405.md	363	KR4h0117_WYG_398-23b
405.md	371	KR4h0117_WYG_398-24a
405.md	379	KR4h0117_WYG_398-24b
405.md	387	KR4h0117_WYG_398-25a
405.md	395	KR4h0117_WYG_398-25b
405.md	403	KR4h0117_WYG_398-26a
405.md	411	KR4h0117_WYG_398-26b
406.md	3	KR4h0117_WYG_399-1a
406.md	11	KR4h0117_WYG_399-1b
406.md	19	KR4h0117_WYG_399-2a
406.md	27	KR4h0117_WYG_399-2b
406.md	35	KR4h0117_WYG_399-3a
406.md	43	KR4h0117_WYG_399-3b
406.md	51	KR4h0117_WYG_399-4a
406.md	59	KR4h0117_WYG_399-4b
406.md	67	KR4h0117_WYG_399-5a
406.md	75	KR4h0117_WYG_399-5b
406.md	83	KR4h0117_WYG_399-6a
406.md	91	KR4h0117_WYG_399-6b
406.md	99	KR4h0117_WYG_399-7a
406.md	107	KR4h0117_WYG_399-7b
406.md	115	KR4h0117_WYG_399-8a
406.md	123	KR4h0117_WYG_399-8b
406.md	131	KR4h0117_WYG_399-9a
406.md	139	KR4h0117_WYG_399-9b
406.md	147	KR4h0117_WYG_399-10a
406.md	155	KR4h0117_WYG_399-10b
406.md	163	KR4h0117_WYG_399-11a
406.md	171	KR4h0117_WYG_399-11b
406.md	179	KR4h0117_WYG_399-12a
406.md	187	KR4h0117_WYG_399-12b
406.md	195	KR4h0117_WYG_399-13a
406.md	203	KR4h0117_WYG_399-13b
406.md	211	KR4h0117_WYG_399-14a
406.md	219	KR4h0117_WYG_399-14b
406.md	227	KR4h0117_WYG_399-15a
406.md	235	KR4h0117_WYG_399-15b
406.md	243	KR4h0117_WYG_399-16a
406.md	251	KR4h0117_WYG_399-16b
406.md	259	KR4h0117_WYG_399-17a
406.md	267	KR4h0117_WYG_399-17b
407.md	3	KR4h0117_WYG_400-1a
407.md	11	KR4h0117_WYG_400-1b
407.md	19	KR4h0117_WYG_400-2a
407.md	27	KR4h0117_WYG_400-2b
407.md	35	KR4h0117_WYG_400-3a
407.md	43	KR4h0117_WYG_400-3b
407.md	51	KR4h0117_WYG_400-4a
407.md	59	KR4h0117_WYG_400-4b
407.md	67	KR4h0117_WYG_400-5a
407.md	75	KR4h0117_WYG_400-5b
407.md	83	KR4h0117_WYG_400-6a
407.md	91	KR4h0117_WYG_400-6b
407.md	99	KR4h0117_WYG_400-7a
407.md	107	KR4h0117_WYG_400-7b
407.md	115	KR4h0117_WYG_400-8a
407.md	123	KR4h0117_WYG_400-8b
407.md	131	KR4h0117_WYG_400-9a
407.md	139	KR4h0117_WYG_400-9b
407.md	147	KR4h0117_WYG_400-10a
407.md	155	KR4h0117_WYG_400-10b
407.md	163	KR4h0117_WYG_400-11a
407.md	171	KR4h0117_WYG_400-11b
407.md	179	KR4h0117_WYG_400-12a
407.md	187	KR4h0117_WYG_400-12b
407.md	195	KR4h0117_WYG_400-13a
407.md	203	KR4h0117_WYG_400-13b
407.md	211	KR4h0117_WYG_400-14a
407.md	219	KR4h0117_WYG_400-14b
407.md	227	KR4h0117_WYG_400-15a
407.md	235	KR4h0117_WYG_400-15b
407.md	243	KR4h0117_WYG_400-16a
407.md	251	KR4h0117_WYG_400-16b
407.md	259	KR4h0117_WYG_400-17a
407.md	267	KR4h0117_WYG_400-17b
407.md	275	KR4h0117_WYG_400-18a
407.md	283	KR4h0117_WYG_400-18b
407.md	291	KR4h0117_WYG_400-19a
407.md	299	KR4h0117_WYG_400-19b
407.md	307	KR4h0117_WYG_400-20a
407.md	315	KR4h0117_WYG_400-20b
408.md	3	KR4h0117_WYG_401-1a
408.md	11	KR4h0117_WYG_401-1b
408.md	19	KR4h0117_WYG_401-2a
408.md	27	KR4h0117_WYG_401-2b
408.md	35	KR4h0117_WYG_401-3a
408.md	43	KR4h0117_WYG_401-3b
408.md	51	KR4h0117_WYG_401-4a
408.md	59	KR4h0117_WYG_401-4b
408.md	67	KR4h0117_WYG_401-5a
408.md	75	KR4h0117_WYG_401-5b
408.md	83	KR4h0117_WYG_401-6a
408.md	91	KR4h0117_WYG_401-6b
408.md	99	KR4h0117_WYG_401-7a
408.md	107	KR4h0117_WYG_401-7b
408.md	115	KR4h0117_WYG_401-8a
408.md	123	KR4h0117_WYG_401-8b
408.md	131	KR4h0117_WYG_401-9a
408.md	139	KR4h0117_WYG_401-9b
408.md	147	KR4h0117_WYG_401-10a
408.md	155	KR4h0117_WYG_401-10b
408.md	163	KR4h0117_WYG_401-11a
408.md	171	KR4h0117_WYG_401-11b
408.md	179	KR4h0117_WYG_401-12a
408.md	187	KR4h0117_WYG_401-12b
408.md	195	KR4h0117_WYG_401-13a
408.md	203	KR4h0117_WYG_401-13b
408.md	211	KR4h0117_WYG_401-14a
408.md	219	KR4h0117_WYG_401-14b
408.md	227	KR4h0117_WYG_401-15a
408.md	235	KR4h0117_WYG_401-15b
408.md	243	KR4h0117_WYG_401-16a
408.md	251	KR4h0117_WYG_401-16b
409.md	3	KR4h0117_WYG_402-1a
409.md	11	KR4h0117_WYG_402-1b
409.md	19	KR4h0117_WYG_402-2a
409.md	27	KR4h0117_WYG_402-2b
409.md	35	KR4h0117_WYG_402-3a
409.md	43	KR4h0117_WYG_402-3b
409.md	51	KR4h0117_WYG_402-4a
409.md	59	KR4h0117_WYG_402-4b
409.md	67	KR4h0117_WYG_402-5a
409.md	75	KR4h0117_WYG_402-5b
409.md	83	KR4h0117_WYG_402-6a
409.md	91	KR4h0117_WYG_402-6b
409.md	99	KR4h0117_WYG_402-7a
409.md	107	KR4h0117_WYG_402-7b
409.md	115	KR4h0117_WYG_402-8a
409.md	123	KR4h0117_WYG_402-8b
409.md	131	KR4h0117_WYG_402-9a
409.md	139	KR4h0117_WYG_402-9b
410.md	3	KR4h0117_WYG_403-1a
410.md	11	KR4h0117_WYG_403-1b
410.md	19	KR4h0117_WYG_403-2a
410.md	27	KR4h0117_WYG_403-2b
410.md	35	KR4h0117_WYG_403-3a
410.md	43	KR4h0117_WYG_403-3b
410.md	51	KR4h0117_WYG_403-4a
410.md	59	KR4h0117_WYG_403-4b
410.md	67	KR4h0117_WYG_403-5a
410.md	75	KR4h0117_WYG_403-5b
410.md	83	KR4h0117_WYG_403-6a
410.md	91	KR4h0117_WYG_403-6b
410.md	99	KR4h0117_WYG_403-7a
410.md	107	KR4h0117_WYG_403-7b
410.md	115	KR4h0117_WYG_403-8a
410.md	123	KR4h0117_WYG_403-8b
410.md	131	KR4h0117_WYG_403-9a
410.md	139	KR4h0117_WYG_403-9b
410.md	147	KR4h0117_WYG_403-10a
410.md	155	KR4h0117_WYG_403-10b
410.md	163	KR4h0117_WYG_403-11a
410.md	171	KR4h0117_WYG_403-11b
410.md	179	KR4h0117_WYG_403-12a
410.md	187	KR4h0117_WYG_403-12b
410.md	195	KR4h0117_WYG_403-13a
410.md	203	KR4h0117_WYG_403-13b
410.md	211	KR4h0117_WYG_403-14a
410.md	219	KR4h0117_WYG_403-14b
410.md	227	KR4h0117_WYG_403-15a
410.md	235	KR4h0117_WYG_403-15b
410.md	243	KR4h0117_WYG_403-16a
410.md	251	KR4h0117_WYG_403-16b
410.md	259	KR4h0117_WYG_403-17a
410.md	267	KR4h0117_WYG_403-17b
410.md	275	KR4h0117_WYG_403-18a
410.md	283	KR4h0117_WYG_403-18b
410.md	291	KR4h0117_WYG_403-19a
410.md	299	KR4h0117_WYG_403-19b
410.md	307	KR4h0117_WYG_403-20a
410.md	315	KR4h0117_WYG_403-20b
410.md	323	KR4h0117_WYG_403-21a
410.md	331	KR4h0117_WYG_403-21b
411.md	3	KR4h0117_WYG_404-1a
411.md	11	KR4h0117_WYG_404-1b
411.md	19	KR4h0117_WYG_404-2a
411.md	27	KR4h0117_WYG_404-2b
411.md	35	KR4h0117_WYG_404-3a
411.md	43	KR4h0117_WYG_404-3b
411.md	51	KR4h0117_WYG_404-4a
411.md	59	KR4h0117_WYG_404-4b
411.md	67	KR4h0117_WYG_404-5a
411.md	75	KR4h0117_WYG_404-5b
411.md	83	KR4h0117_WYG_404-6a
411.md	91	KR4h0117_WYG_404-6b
411.md	99	KR4h0117_WYG_404-7a
411.md	107	KR4h0117_WYG_404-7b
412.md	3	KR4h0117_WYG_405-1a
412.md	11	KR4h0117_WYG_405-1b
412.md	19	KR4h0117_WYG_405-2a
412.md	27	KR4h0117_WYG_405-2b
412.md	35	KR4h0117_WYG_405-3a
412.md	43	KR4h0117_WYG_405-3b
412.md	51	KR4h0117_WYG_405-4a
412.md	59	KR4h0117_WYG_405-4b
412.md	67	KR4h0117_WYG_405-5a
412.md	75	KR4h0117_WYG_405-5b
412.md	83	KR4h0117_WYG_405-6a
412.md	91	KR4h0117_WYG_405-6b
412.md	99	KR4h0117_WYG_405-7a
412.md	107	KR4h0117_WYG_405-7b
412.md	115	KR4h0117_WYG_405-8a
412.md	123	KR4h0117_WYG_405-8b
412.md	131	KR4h0117_WYG_405-9a
412.md	139	KR4h0117_WYG_405-9b
412.md	147	KR4h0117_WYG_405-10a
412.md	155	KR4h0117_WYG_405-10b
412.md	163	KR4h0117_WYG_405-11a
412.md	171	KR4h0117_WYG_405-11b
412.md	179	KR4h0117_WYG_405-12a
412.md	187	KR4h0117_WYG_405-12b
412.md	195	KR4h0117_WYG_405-13a
412.md	203	KR4h0117_WYG_405-13b
412.md	211	KR4h0117_WYG_405-14a
412.md	219	KR4h0117_WYG_405-14b
412.md	227	KR4h0117_WYG_405-15a
412.md	235	KR4h0117_WYG_405-15b
412.md	243	KR4h0117_WYG_405-16a
412.md	251	KR4h0117_WYG_405-16b
412.md	259	KR4h0117_WYG_405-17a
412.md	267	KR4h0117_WYG_405-17b
412.md	275	KR4h0117_WYG_405-18a
412.md	283	KR4h0117_WYG_405-18b
412.md	291	KR4h0117_WYG_405-19a
412.md	299	KR4h0117_WYG_405-19b
412.md	307	KR4h0117_WYG_405-20a
412.md	315	KR4h0117_WYG_405-20b
412.md	323	KR4h0117_WYG_405-21a
412.md	331	KR4h0117_WYG_405-21b
412.md	339	KR4h0117_WYG_405-22a
412.md	347	KR4h0117_WYG_405-22b
412.md	355	KR4h0117_WYG_405-23a
412.md	363	KR4h0117_WYG_405-23b
412.md	371	KR4h0117_WYG_405-24a
412.md	379	KR4h0117_WYG_405-24b
412.md	387	KR4h0117_WYG_405-25a
412.md	395	KR4h0117_WYG_405-25b
412.md	403	KR4h0117_WYG_405-26a
412.md	411	KR4h0117_WYG_405-26b
413.md	3	KR4h0117_WYG_406-1a
413.md	11	KR4h0117_WYG_406-1b
413.md	19	KR4h0117_WYG_406-2a
413.md	27	KR4h0117_WYG_406-2b
413.md	35	KR4h0117_WYG_406-3a
413.md	43	KR4h0117_WYG_406-3b
413.md	51	KR4h0117_WYG_406-4a
413.md	59	KR4h0117_WYG_406-4b
413.md	67	KR4h0117_WYG_406-5a
413.md	75	KR4h0117_WYG_406-5b
413.md	83	KR4h0117_WYG_406-6a
413.md	91	KR4h0117_WYG_406-6b
413.md	99	KR4h0117_WYG_406-7a
413.md	107	KR4h0117_WYG_406-7b
413.md	115	KR4h0117_WYG_406-8a
413.md	123	KR4h0117_WYG_406-8b
413.md	131	KR4h0117_WYG_406-9a
413.md	139	KR4h0117_WYG_406-9b
413.md	147	KR4h0117_WYG_406-10a
413.md	155	KR4h0117_WYG_406-10b
413.md	163	KR4h0117_WYG_406-11a
413.md	171	KR4h0117_WYG_406-11b
413.md	179	KR4h0117_WYG_406-12a
413.md	187	KR4h0117_WYG_406-12b
413.md	195	KR4h0117_WYG_406-13a
413.md	203	KR4h0117_WYG_406-13b
414.md	3	KR4h0117_WYG_407-1a
414.md	11	KR4h0117_WYG_407-1b
414.md	19	KR4h0117_WYG_407-2a
414.md	27	KR4h0117_WYG_407-2b
414.md	35	KR4h0117_WYG_407-3a
414.md	43	KR4h0117_WYG_407-3b
414.md	51	KR4h0117_WYG_407-4a
414.md	59	KR4h0117_WYG_407-4b
414.md	67	KR4h0117_WYG_407-5a
414.md	75	KR4h0117_WYG_407-5b
414.md	83	KR4h0117_WYG_407-6a
414.md	91	KR4h0117_WYG_407-6b
414.md	99	KR4h0117_WYG_407-7a
414.md	107	KR4h0117_WYG_407-7b
414.md	115	KR4h0117_WYG_407-8a
414.md	123	KR4h0117_WYG_407-8b
414.md	131	KR4h0117_WYG_407-9a
414.md	139	KR4h0117_WYG_407-9b
414.md	147	KR4h0117_WYG_407-10a
414.md	155	KR4h0117_WYG_407-10b
414.md	163	KR4h0117_WYG_407-11a
414.md	171	KR4h0117_WYG_407-11b
414.md	179	KR4h0117_WYG_407-12a
414.md	187	KR4h0117_WYG_407-12b
414.md	195	KR4h0117_WYG_407-13a
414.md	203	KR4h0117_WYG_407-13b
414.md	211	KR4h0117_WYG_407-14a
414.md	219	KR4h0117_WYG_407-14b
415.md	3	KR4h0117_WYG_408-1a
415.md	11	KR4h0117_WYG_408-1b
415.md	19	KR4h0117_WYG_408-2a
415.md	27	KR4h0117_WYG_408-2b
415.md	35	KR4h0117_WYG_408-3a
415.md	43	KR4h0117_WYG_408-3b
415.md	51	KR4h0117_WYG_408-4a
415.md	59	KR4h0117_WYG_408-4b
415.md	67	KR4h0117_WYG_408-5a
415.md	75	KR4h0117_WYG_408-5b
415.md	83	KR4h0117_WYG_408-6a
415.md	91	KR4h0117_WYG_408-6b
415.md	99	KR4h0117_WYG_408-7a
415.md	107	KR4h0117_WYG_408-7b
415.md	115	KR4h0117_WYG_408-8a
415.md	123	KR4h0117_WYG_408-8b
415.md	131	KR4h0117_WYG_408-9a
415.md	139	KR4h0117_WYG_408-9b
415.md	147	KR4h0117_WYG_408-10a
415.md	155	KR4h0117_WYG_408-10b
415.md	163	KR4h0117_WYG_408-11a
415.md	171	KR4h0117_WYG_408-11b
415.md	179	KR4h0117_WYG_408-12a
415.md	187	KR4h0117_WYG_408-12b
415.md	195	KR4h0117_WYG_408-13a
415.md	203	KR4h0117_WYG_408-13b
415.md	211	KR4h0117_WYG_408-14a
415.md	219	KR4h0117_WYG_408-14b
415.md	227	KR4h0117_WYG_408-15a
415.md	235	KR4h0117_WYG_408-15b
415.md	243	KR4h0117_WYG_408-16a
415.md	251	KR4h0117_WYG_408-16b
415.md	259	KR4h0117_WYG_408-17a
415.md	267	KR4h0117_WYG_408-17b
415.md	275	KR4h0117_WYG_408-18a
415.md	283	KR4h0117_WYG_408-18b
415.md	291	KR4h0117_WYG_408-19a
415.md	299	KR4h0117_WYG_408-19b
415.md	307	KR4h0117_WYG_408-20a
415.md	315	KR4h0117_WYG_408-20b
415.md	323	KR4h0117_WYG_408-21a
415.md	331	KR4h0117_WYG_408-21b
415.md	339	KR4h0117_WYG_408-22a
415.md	347	KR4h0117_WYG_408-22b
416.md	3	KR4h0117_WYG_409-1a
416.md	11	KR4h0117_WYG_409-1b
416.md	19	KR4h0117_WYG_409-2a
416.md	27	KR4h0117_WYG_409-2b
416.md	35	KR4h0117_WYG_409-3a
416.md	43	KR4h0117_WYG_409-3b
416.md	51	KR4h0117_WYG_409-4a
416.md	59	KR4h0117_WYG_409-4b
416.md	67	KR4h0117_WYG_409-5a
416.md	75	KR4h0117_WYG_409-5b
416.md	83	KR4h0117_WYG_409-6a
416.md	91	KR4h0117_WYG_409-6b
416.md	99	KR4h0117_WYG_409-7a
416.md	107	KR4h0117_WYG_409-7b
416.md	115	KR4h0117_WYG_409-8a
416.md	123	KR4h0117_WYG_409-8b
416.md	131	KR4h0117_WYG_409-9a
416.md	139	KR4h0117_WYG_409-9b
416.md	147	KR4h0117_WYG_409-10a
416.md	155	KR4h0117_WYG_409-10b
416.md	163	KR4h0117_WYG_409-11a
416.md	171	KR4h0117_WYG_409-11b
416.md	179	KR4h0117_WYG_409-12a
416.md	187	KR4h0117_WYG_409-12b
416.md	195	KR4h0117_WYG_409-13a
416.md	203	KR4h0117_WYG_409-13b
416.md	211	KR4h0117_WYG_409-14a
416.md	219	KR4h0117_WYG_409-14b
416.md	227	KR4h0117_WYG_409-15a
416.md	235	KR4h0117_WYG_409-15b
416.md	243	KR4h0117_WYG_409-16a
416.md	251	KR4h0117_WYG_409-16b
416.md	259	KR4h0117_WYG_409-17a
416.md	267	KR4h0117_WYG_409-17b
417.md	3	KR4h0117_WYG_410-1a
417.md	11	KR4h0117_WYG_410-1b
417.md	19	KR4h0117_WYG_410-2a
417.md	27	KR4h0117_WYG_410-2b
417.md	35	KR4h0117_WYG_410-3a
417.md	43	KR4h0117_WYG_410-3b
417.md	51	KR4h0117_WYG_410-4a
417.md	59	KR4h0117_WYG_410-4b
417.md	67	KR4h0117_WYG_410-5a
417.md	75	KR4h0117_WYG_410-5b
417.md	83	KR4h0117_WYG_410-6a
417.md	91	KR4h0117_WYG_410-6b
417.md	99	KR4h0117_WYG_410-7a
417.md	107	KR4h0117_WYG_410-7b
417.md	115	KR4h0117_WYG_410-8a
417.md	123	KR4h0117_WYG_410-8b
417.md	131	KR4h0117_WYG_410-9a
417.md	139	KR4h0117_WYG_410-9b
417.md	147	KR4h0117_WYG_410-10a
417.md	155	KR4h0117_WYG_410-10b
417.md	163	KR4h0117_WYG_410-11a
417.md	171	KR4h0117_WYG_410-11b
417.md	179	KR4h0117_WYG_410-12a
417.md	187	KR4h0117_WYG_410-12b
417.md	195	KR4h0117_WYG_410-13a
417.md	203	KR4h0117_WYG_410-13b
417.md	211	KR4h0117_WYG_410-14a
417.md	219	KR4h0117_WYG_410-14b
417.md	227	KR4h0117_WYG_410-15a
417.md	235	KR4h0117_WYG_410-15b
417.md	243	KR4h0117_WYG_410-16a
417.md	251	KR4h0117_WYG_410-16b
417.md	259	KR4h0117_WYG_410-17a
417.md	267	KR4h0117_WYG_410-17b
417.md	275	KR4h0117_WYG_410-18a
417.md	283	KR4h0117_WYG_410-18b
418.md	3	KR4h0117_WYG_411-1a
418.md	11	KR4h0117_WYG_411-1b
418.md	19	KR4h0117_WYG_411-2a
418.md	27	KR4h0117_WYG_411-2b
418.md	35	KR4h0117_WYG_411-3a
418.md	43	KR4h0117_WYG_411-3b
418.md	51	KR4h0117_WYG_411-4a
418.md	59	KR4h0117_WYG_411-4b
418.md	67	KR4h0117_WYG_411-5a
418.md	75	KR4h0117_WYG_411-5b
418.md	83	KR4h0117_WYG_411-6a
418.md	91	KR4h0117_WYG_411-6b
418.md	99	KR4h0117_WYG_411-7a
418.md	107	KR4h0117_WYG_411-7b
418.md	115	KR4h0117_WYG_411-8a
418.md	123	KR4h0117_WYG_411-8b
418.md	131	KR4h0117_WYG_411-9a
418.md	139	KR4h0117_WYG_411-9b
418.md	147	KR4h0117_WYG_411-10a
418.md	155	KR4h0117_WYG_411-10b
418.md	163	KR4h0117_WYG_411-11a
418.md	171	KR4h0117_WYG_411-11b
418.md	179	KR4h0117_WYG_411-12a
418.md	187	KR4h0117_WYG_411-12b
418.md	195	KR4h0117_WYG_411-13a
418.md	203	KR4h0117_WYG_411-13b
418.md	211	KR4h0117_WYG_411-14a
418.md	219	KR4h0117_WYG_411-14b
418.md	227	KR4h0117_WYG_411-15a
418.md	235	KR4h0117_WYG_411-15b
419.md	3	KR4h0117_WYG_412-1a
419.md	11	KR4h0117_WYG_412-1b
419.md	19	KR4h0117_WYG_412-2a
419.md	27	KR4h0117_WYG_412-2b
419.md	35	KR4h0117_WYG_412-3a
419.md	43	KR4h0117_WYG_412-3b
419.md	51	KR4h0117_WYG_412-4a
419.md	59	KR4h0117_WYG_412-4b
419.md	67	KR4h0117_WYG_412-5a
419.md	75	KR4h0117_WYG_412-5b
419.md	83	KR4h0117_WYG_412-6a
419.md	91	KR4h0117_WYG_412-6b
419.md	99	KR4h0117_WYG_412-7a
419.md	107	KR4h0117_WYG_412-7b
419.md	115	KR4h0117_WYG_412-8a
419.md	123	KR4h0117_WYG_412-8b
419.md	131	KR4h0117_WYG_412-9a
419.md	139	KR4h0117_WYG_412-9b
419.md	147	KR4h0117_WYG_412-10a
419.md	155	KR4h0117_WYG_412-10b
419.md	163	KR4h0117_WYG_412-11a
419.md	171	KR4h0117_WYG_412-11b
419.md	179	KR4h0117_WYG_412-12a
419.md	187	KR4h0117_WYG_412-12b
419.md	195	KR4h0117_WYG_412-13a
419.md	203	KR4h0117_WYG_412-13b
419.md	211	KR4h0117_WYG_412-14a
419.md	219	KR4h0117_WYG_412-14b
419.md	227	KR4h0117_WYG_412-15a
419.md	235	KR4h0117_WYG_412-15b
419.md	243	KR4h0117_WYG_412-16a
419.md	251	KR4h0117_WYG_412-16b
419.md	259	KR4h0117_WYG_412-17a
419.md	267	KR4h0117_WYG_412-17b
419.md	275	KR4h0117_WYG_412-18a
419.md	283	KR4h0117_WYG_412-18b
419.md	291	KR4h0117_WYG_412-19a
419.md	299	KR4h0117_WYG_412-19b
419.md	307	KR4h0117_WYG_412-20a
419.md	315	KR4h0117_WYG_412-20b
419.md	323	KR4h0117_WYG_412-21a
419.md	331	KR4h0117_WYG_412-21b
419.md	339	KR4h0117_WYG_412-22a
419.md	347	KR4h0117_WYG_412-22b
419.md	355	KR4h0117_WYG_412-23a
419.md	363	KR4h0117_WYG_412-23b
420.md	3	KR4h0117_WYG_413-1a
420.md	11	KR4h0117_WYG_413-1b
420.md	19	KR4h0117_WYG_413-2a
420.md	27	KR4h0117_WYG_413-2b
420.md	35	KR4h0117_WYG_413-3a
420.md	43	KR4h0117_WYG_413-3b
420.md	51	KR4h0117_WYG_413-4a
420.md	59	KR4h0117_WYG_413-4b
420.md	67	KR4h0117_WYG_413-5a
420.md	75	KR4h0117_WYG_413-5b
420.md	83	KR4h0117_WYG_413-6a
420.md	91	KR4h0117_WYG_413-6b
420.md	99	KR4h0117_WYG_413-7a
420.md	107	KR4h0117_WYG_413-7b
420.md	115	KR4h0117_WYG_413-8a
420.md	123	KR4h0117_WYG_413-8b
420.md	131	KR4h0117_WYG_413-9a
420.md	139	KR4h0117_WYG_413-9b
420.md	147	KR4h0117_WYG_413-10a
420.md	155	KR4h0117_WYG_413-10b
420.md	163	KR4h0117_WYG_413-11a
420.md	171	KR4h0117_WYG_413-11b
420.md	179	KR4h0117_WYG_413-12a
420.md	187	KR4h0117_WYG_413-12b
420.md	195	KR4h0117_WYG_413-13a
420.md	203	KR4h0117_WYG_413-13b
420.md	211	KR4h0117_WYG_413-14a
420.md	219	KR4h0117_WYG_413-14b
420.md	227	KR4h0117_WYG_413-15a
420.md	235	KR4h0117_WYG_413-15b
420.md	243	KR4h0117_WYG_413-16a
420.md	251	KR4h0117_WYG_413-16b
420.md	259	KR4h0117_WYG_413-17a
420.md	267	KR4h0117_WYG_413-17b
421.md	3	KR4h0117_WYG_414-1a
421.md	11	KR4h0117_WYG_414-1b
421.md	19	KR4h0117_WYG_414-2a
421.md	27	KR4h0117_WYG_414-2b
421.md	35	KR4h0117_WYG_414-3a
421.md	43	KR4h0117_WYG_414-3b
421.md	51	KR4h0117_WYG_414-4a
421.md	59	KR4h0117_WYG_414-4b
421.md	67	KR4h0117_WYG_414-5a
421.md	75	KR4h0117_WYG_414-5b
421.md	83	KR4h0117_WYG_414-6a
421.md	91	KR4h0117_WYG_414-6b
421.md	99	KR4h0117_WYG_414-7a
421.md	107	KR4h0117_WYG_414-7b
421.md	115	KR4h0117_WYG_414-8a
421.md	123	KR4h0117_WYG_414-8b
421.md	131	KR4h0117_WYG_414-9a
421.md	139	KR4h0117_WYG_414-9b
421.md	147	KR4h0117_WYG_414-10a
421.md	155	KR4h0117_WYG_414-10b
421.md	163	KR4h0117_WYG_414-11a
421.md	171	KR4h0117_WYG_414-11b
421.md	179	KR4h0117_WYG_414-12a
421.md	187	KR4h0117_WYG_414-12b
421.md	195	KR4h0117_WYG_414-13a
421.md	203	KR4h0117_WYG_414-13b
421.md	211	KR4h0117_WYG_414-14a
421.md	219	KR4h0117_WYG_414-14b
421.md	227	KR4h0117_WYG_414-15a
421.md	235	KR4h0117_WYG_414-15b
421.md	243	KR4h0117_WYG_414-16a
421.md	251	KR4h0117_WYG_414-16b
421.md	259	KR4h0117_WYG_414-17a
421.md	267	KR4h0117_WYG_414-17b
421.md	275	KR4h0117_WYG_414-18a
421.md	283	KR4h0117_WYG_414-18b
421.md	291	KR4h0117_WYG_414-19a
421.md	299	KR4h0117_WYG_414-19b
421.md	307	KR4h0117_WYG_414-20a
421.md	315	KR4h0117_WYG_414-20b
421.md	323	KR4h0117_WYG_414-21a
421.md	331	KR4h0117_WYG_414-21b
421.md	339	KR4h0117_WYG_414-22a
421.md	347	KR4h0117_WYG_414-22b
421.md	355	KR4h0117_WYG_414-23a
421.md	363	KR4h0117_WYG_414-23b
421.md	371	KR4h0117_WYG_414-24a
421.md	379	KR4h0117_WYG_414-24b
421.md	387	KR4h0117_WYG_414-25a
421.md	395	KR4h0117_WYG_414-25b
421.md	403	KR4h0117_WYG_414-26a
421.md	411	KR4h0117_WYG_414-26b
421.md	419	KR4h0117_WYG_414-27a
421.md	427	KR4h0117_WYG_414-27b
421.md	435	KR4h0117_WYG_414-28a
421.md	443	KR4h0117_WYG_414-28b
421.md	451	KR4h0117_WYG_414-29a
421.md	459	KR4h0117_WYG_414-29b
421.md	467	KR4h0117_WYG_414-30a
421.md	475	KR4h0117_WYG_414-30b
421.md	483	KR4h0117_WYG_414-31a
421.md	491	KR4h0117_WYG_414-31b
421.md	499	KR4h0117_WYG_414-32a
421.md	507	KR4h0117_WYG_414-32b
421.md	515	KR4h0117_WYG_414-33a
421.md	523	KR4h0117_WYG_414-33b
421.md	531	KR4h0117_WYG_414-34a
421.md	539	KR4h0117_WYG_414-34b
421.md	547	KR4h0117_WYG_414-35a
421.md	555	KR4h0117_WYG_414-35b
421.md	563	KR4h0117_WYG_414-36a
421.md	571	KR4h0117_WYG_414-36b
421.md	579	KR4h0117_WYG_414-37a
421.md	587	KR4h0117_WYG_414-37b
421.md	595	KR4h0117_WYG_414-38a
421.md	603	KR4h0117_WYG_414-38b
421.md	611	KR4h0117_WYG_414-39a
421.md	619	KR4h0117_WYG_414-39b
421.md	627	KR4h0117_WYG_414-40a
421.md	635	KR4h0117_WYG_414-40b
421.md	643	KR4h0117_WYG_414-41a
421.md	651	KR4h0117_WYG_414-41b
421.md	659	KR4h0117_WYG_414-42a
421.md	667	KR4h0117_WYG_414-42b
421.md	675	KR4h0117_WYG_414-43a
421.md	683	KR4h0117_WYG_414-43b
421.md	691	KR4h0117_WYG_414-44a
421.md	699	KR4h0117_WYG_414-44b
421.md	707	KR4h0117_WYG_414-45a
421.md	715	KR4h0117_WYG_414-45b
421.md	723	KR4h0117_WYG_414-46a
421.md	731	KR4h0117_WYG_414-46b
421.md	739	KR4h0117_WYG_414-47a
421.md	747	KR4h0117_WYG_414-47b
421.md	755	KR4h0117_WYG_414-48a
421.md	763	KR4h0117_WYG_414-48b
421.md	771	KR4h0117_WYG_414-49a
421.md	779	KR4h0117_WYG_414-49b
421.md	787	KR4h0117_WYG_414-50a
421.md	795	KR4h0117_WYG_414-50b
421.md	803	KR4h0117_WYG_414-51a
421.md	811	KR4h0117_WYG_414-51b
421.md	819	KR4h0117_WYG_414-52a
421.md	827	KR4h0117_WYG_414-52b
421.md	835	KR4h0117_WYG_414-53a
421.md	843	KR4h0117_WYG_414-53b
421.md	851	KR4h0117_WYG_414-54a
421.md	859	KR4h0117_WYG_414-54b
421.md	867	KR4h0117_WYG_414-55a
421.md	875	KR4h0117_WYG_414-55b
422.md	3	KR4h0117_WYG_415-1a
422.md	11	KR4h0117_WYG_415-1b
422.md	19	KR4h0117_WYG_415-2a
422.md	27	KR4h0117_WYG_415-2b
422.md	35	KR4h0117_WYG_415-3a
422.md	43	KR4h0117_WYG_415-3b
422.md	51	KR4h0117_WYG_415-4a
422.md	59	KR4h0117_WYG_415-4b
422.md	67	KR4h0117_WYG_415-5a
422.md	75	KR4h0117_WYG_415-5b
422.md	83	KR4h0117_WYG_415-6a
422.md	91	KR4h0117_WYG_415-6b
422.md	99	KR4h0117_WYG_415-7a
422.md	107	KR4h0117_WYG_415-7b
422.md	115	KR4h0117_WYG_415-8a
422.md	123	KR4h0117_WYG_415-8b
422.md	131	KR4h0117_WYG_415-9a
422.md	139	KR4h0117_WYG_415-9b
422.md	147	KR4h0117_WYG_415-10a
422.md	155	KR4h0117_WYG_415-10b
422.md	163	KR4h0117_WYG_415-11a
422.md	171	KR4h0117_WYG_415-11b
422.md	179	KR4h0117_WYG_415-12a
422.md	187	KR4h0117_WYG_415-12b
422.md	195	KR4h0117_WYG_415-13a
422.md	203	KR4h0117_WYG_415-13b
422.md	211	KR4h0117_WYG_415-14a
422.md	219	KR4h0117_WYG_415-14b
422.md	227	KR4h0117_WYG_415-15a
422.md	235	KR4h0117_WYG_415-15b
422.md	243	KR4h0117_WYG_415-16a
422.md	251	KR4h0117_WYG_415-16b
422.md	259	KR4h0117_WYG_415-17a
422.md	267	KR4h0117_WYG_415-17b
422.md	275	KR4h0117_WYG_415-18a
422.md	283	KR4h0117_WYG_415-18b
422.md	291	KR4h0117_WYG_415-19a
422.md	299	KR4h0117_WYG_415-19b
422.md	307	KR4h0117_WYG_415-20a
422.md	315	KR4h0117_WYG_415-20b
422.md	323	KR4h0117_WYG_415-21a
422.md	331	KR4h0117_WYG_415-21b
422.md	339	KR4h0117_WYG_415-22a
422.md	347	KR4h0117_WYG_415-22b
422.md	355	KR4h0117_WYG_415-23a
422.md	363	KR4h0117_WYG_415-23b
422.md	371	KR4h0117_WYG_415-24a
422.md	379	KR4h0117_WYG_415-24b
422.md	387	KR4h0117_WYG_415-25a
422.md	395	KR4h0117_WYG_415-25b
422.md	403	KR4h0117_WYG_415-26a
422.md	411	KR4h0117_WYG_415-26b
422.md	419	KR4h0117_WYG_415-27a
422.md	427	KR4h0117_WYG_415-27b
422.md	435	KR4h0117_WYG_415-28a
422.md	443	KR4h0117_WYG_415-28b
422.md	451	KR4h0117_WYG_415-29a
422.md	459	KR4h0117_WYG_415-29b
422.md	467	KR4h0117_WYG_415-30a
422.md	475	KR4h0117_WYG_415-30b
422.md	483	KR4h0117_WYG_415-31a
422.md	491	KR4h0117_WYG_415-31b
422.md	499	KR4h0117_WYG_415-32a
422.md	507	KR4h0117_WYG_415-32b
422.md	515	KR4h0117_WYG_415-33a
422.md	523	KR4h0117_WYG_415-33b
422.md	531	KR4h0117_WYG_415-34a
422.md	539	KR4h0117_WYG_415-34b
422.md	547	KR4h0117_WYG_415-35a
422.md	555	KR4h0117_WYG_415-35b
423.md	3	KR4h0117_WYG_416-1a
423.md	11	KR4h0117_WYG_416-1b
423.md	19	KR4h0117_WYG_416-2a
423.md	27	KR4h0117_WYG_416-2b
423.md	35	KR4h0117_WYG_416-3a
423.md	43	KR4h0117_WYG_416-3b
423.md	51	KR4h0117_WYG_416-4a
423.md	59	KR4h0117_WYG_416-4b
423.md	67	KR4h0117_WYG_416-5a
423.md	75	KR4h0117_WYG_416-5b
423.md	83	KR4h0117_WYG_416-6a
423.md	91	KR4h0117_WYG_416-6b
423.md	99	KR4h0117_WYG_416-7a
423.md	107	KR4h0117_WYG_416-7b
423.md	115	KR4h0117_WYG_416-8a
423.md	123	KR4h0117_WYG_416-8b
423.md	131	KR4h0117_WYG_416-9a
423.md	139	KR4h0117_WYG_416-9b
423.md	147	KR4h0117_WYG_416-10a
423.md	155	KR4h0117_WYG_416-10b
423.md	163	KR4h0117_WYG_416-11a
423.md	171	KR4h0117_WYG_416-11b
423.md	179	KR4h0117_WYG_416-12a
423.md	187	KR4h0117_WYG_416-12b
423.md	195	KR4h0117_WYG_416-13a
423.md	203	KR4h0117_WYG_416-13b
423.md	211	KR4h0117_WYG_416-14a
423.md	219	KR4h0117_WYG_416-14b
423.md	227	KR4h0117_WYG_416-15a
423.md	235	KR4h0117_WYG_416-15b
423.md	243	KR4h0117_WYG_416-16a
423.md	251	KR4h0117_WYG_416-16b
423.md	259	KR4h0117_WYG_416-17a
423.md	267	KR4h0117_WYG_416-17b
423.md	275	KR4h0117_WYG_416-18a
423.md	283	KR4h0117_WYG_416-18b
423.md	291	KR4h0117_WYG_416-19a
423.md	299	KR4h0117_WYG_416-19b
423.md	307	KR4h0117_WYG_416-20a
423.md	315	KR4h0117_WYG_416-20b
423.md	323	KR4h0117_WYG_416-21a
423.md	331	KR4h0117_WYG_416-21b
423.md	339	KR4h0117_WYG_416-22a
423.md	347	KR4h0117_WYG_416-22b
423.md	355	KR4h0117_WYG_416-23a
423.md	363	KR4h0117_WYG_416-23b
423.md	371	KR4h0117_WYG_416-24a
423.md	379	KR4h0117_WYG_416-24b
423.md	387	KR4h0117_WYG_416-25a
423.md	395	KR4h0117_WYG_416-25b
424.md	3	KR4h0117_WYG_417-1a
424.md	11	KR4h0117_WYG_417-1b
424.md	19	KR4h0117_WYG_417-2a
424.md	27	KR4h0117_WYG_417-2b
424.md	35	KR4h0117_WYG_417-3a
424.md	43	KR4h0117_WYG_417-3b
424.md	51	KR4h0117_WYG_417-4a
424.md	59	KR4h0117_WYG_417-4b
424.md	67	KR4h0117_WYG_417-5a
424.md	75	KR4h0117_WYG_417-5b
424.md	83	KR4h0117_WYG_417-6a
424.md	91	KR4h0117_WYG_417-6b
424.md	99	KR4h0117_WYG_417-7a
424.md	107	KR4h0117_WYG_417-7b
424.md	115	KR4h0117_WYG_417-8a
424.md	123	KR4h0117_WYG_417-8b
424.md	131	KR4h0117_WYG_417-9a
424.md	139	KR4h0117_WYG_417-9b
424.md	147	KR4h0117_WYG_417-10a
424.md	155	KR4h0117_WYG_417-10b
424.md	163	KR4h0117_WYG_417-11a
424.md	171	KR4h0117_WYG_417-11b
424.md	179	KR4h0117_WYG_417-12a
424.md	187	KR4h0117_WYG_417-12b
424.md	195	KR4h0117_WYG_417-13a
424.md	203	KR4h0117_WYG_417-13b
424.md	211	KR4h0117_WYG_417-14a
424.md	219	KR4h0117_WYG_417-14b
424.md	227	KR4h0117_WYG_417-15a
424.md	235	KR4h0117_WYG_417-15b
424.md	243	KR4h0117_WYG_417-16a
424.md	251	KR4h0117_WYG_417-16b
424.md	259	KR4h0117_WYG_417-17a
424.md	267	KR4h0117_WYG_417-17b
424.md	275	KR4h0117_WYG_417-18a
424.md	283	KR4h0117_WYG_417-18b
424.md	291	KR4h0117_WYG_417-19a
424.md	299	KR4h0117_WYG_417-19b
424.md	307	KR4h0117_WYG_417-20a
424.md	315	KR4h0117_WYG_417-20b
424.md	323	KR4h0117_WYG_417-21a
424.md	331	KR4h0117_WYG_417-21b
425.md	3	KR4h0117_WYG_418-1a
425.md	11	KR4h0117_WYG_418-1b
425.md	19	KR4h0117_WYG_418-2a
425.md	27	KR4h0117_WYG_418-2b
425.md	35	KR4h0117_WYG_418-3a
425.md	43	KR4h0117_WYG_418-3b
425.md	51	KR4h0117_WYG_418-4a
425.md	59	KR4h0117_WYG_418-4b
425.md	67	KR4h0117_WYG_418-5a
425.md	75	KR4h0117_WYG_418-5b
425.md	83	KR4h0117_WYG_418-6a
425.md	91	KR4h0117_WYG_418-6b
425.md	99	KR4h0117_WYG_418-7a
425.md	107	KR4h0117_WYG_418-7b
425.md	115	KR4h0117_WYG_418-8a
425.md	123	KR4h0117_WYG_418-8b
425.md	131	KR4h0117_WYG_418-9a
425.md	139	KR4h0117_WYG_418-9b
425.md	147	KR4h0117_WYG_418-10a
425.md	155	KR4h0117_WYG_418-10b
425.md	163	KR4h0117_WYG_418-11a
425.md	171	KR4h0117_WYG_418-11b
425.md	179	KR4h0117_WYG_418-12a
425.md	187	KR4h0117_WYG_418-12b
425.md	195	KR4h0117_WYG_418-13a
425.md	203	KR4h0117_WYG_418-13b
425.md	211	KR4h0117_WYG_418-14a
425.md	219	KR4h0117_WYG_418-14b
425.md	227	KR4h0117_WYG_418-15a
425.md	235	KR4h0117_WYG_418-15b
425.md	243	KR4h0117_WYG_418-16a
425.md	251	KR4h0117_WYG_418-16b
425.md	259	KR4h0117_WYG_418-17a
425.md	267	KR4h0117_WYG_418-17b
425.md	275	KR4h0117_WYG_418-18a
425.md	283	KR4h0117_WYG_418-18b
425.md	291	KR4h0117_WYG_418-19a
425.md	299	KR4h0117_WYG_418-19b
425.md	307	KR4h0117_WYG_418-20a
425.md	315	KR4h0117_WYG_418-20b
425.md	323	KR4h0117_WYG_418-21a
425.md	331	KR4h0117_WYG_418-21b
425.md	339	KR4h0117_WYG_418-22a
425.md	347	KR4h0117_WYG_418-22b
425.md	355	KR4h0117_WYG_418-23a
425.md	363	KR4h0117_WYG_418-23b
425.md	371	KR4h0117_WYG_418-24a
425.md	379	KR4h0117_WYG_418-24b
425.md	387	KR4h0117_WYG_418-25a
425.md	395	KR4h0117_WYG_418-25b
425.md	403	KR4h0117_WYG_418-26a
425.md	411	KR4h0117_WYG_418-26b
425.md	419	KR4h0117_WYG_418-27a
425.md	427	KR4h0117_WYG_418-27b
425.md	435	KR4h0117_WYG_418-28a
425.md	443	KR4h0117_WYG_418-28b
425.md	451	KR4h0117_WYG_418-29a
425.md	459	KR4h0117_WYG_418-29b
425.md	467	KR4h0117_WYG_418-30a
425.md	475	KR4h0117_WYG_418-30b
425.md	483	KR4h0117_WYG_418-31a
425.md	491	KR4h0117_WYG_418-31b
425.md	499	KR4h0117_WYG_418-32a
425.md	507	KR4h0117_WYG_418-32b
426.md	3	KR4h0117_WYG_419-1a
426.md	11	KR4h0117_WYG_419-1b
426.md	19	KR4h0117_WYG_419-2a
426.md	27	KR4h0117_WYG_419-2b
426.md	35	KR4h0117_WYG_419-3a
426.md	43	KR4h0117_WYG_419-3b
426.md	51	KR4h0117_WYG_419-4a
426.md	59	KR4h0117_WYG_419-4b
426.md	67	KR4h0117_WYG_419-5a
426.md	75	KR4h0117_WYG_419-5b
426.md	83	KR4h0117_WYG_419-6a
426.md	91	KR4h0117_WYG_419-6b
426.md	99	KR4h0117_WYG_419-7a
426.md	107	KR4h0117_WYG_419-7b
426.md	115	KR4h0117_WYG_419-8a
426.md	123	KR4h0117_WYG_419-8b
426.md	131	KR4h0117_WYG_419-9a
426.md	139	KR4h0117_WYG_419-9b
426.md	147	KR4h0117_WYG_419-10a
426.md	155	KR4h0117_WYG_419-10b
426.md	163	KR4h0117_WYG_419-11a
426.md	171	KR4h0117_WYG_419-11b
426.md	179	KR4h0117_WYG_419-12a
426.md	187	KR4h0117_WYG_419-12b
426.md	195	KR4h0117_WYG_419-13a
426.md	203	KR4h0117_WYG_419-13b
426.md	211	KR4h0117_WYG_419-14a
426.md	219	KR4h0117_WYG_419-14b
426.md	227	KR4h0117_WYG_419-15a
426.md	235	KR4h0117_WYG_419-15b
427.md	3	KR4h0117_WYG_420-1a
427.md	11	KR4h0117_WYG_420-1b
427.md	19	KR4h0117_WYG_420-2a
427.md	27	KR4h0117_WYG_420-2b
427.md	35	KR4h0117_WYG_420-3a
427.md	43	KR4h0117_WYG_420-3b
427.md	51	KR4h0117_WYG_420-4a
427.md	59	KR4h0117_WYG_420-4b
427.md	67	KR4h0117_WYG_420-5a
427.md	75	KR4h0117_WYG_420-5b
427.md	83	KR4h0117_WYG_420-6a
427.md	91	KR4h0117_WYG_420-6b
427.md	99	KR4h0117_WYG_420-7a
427.md	107	KR4h0117_WYG_420-7b
427.md	115	KR4h0117_WYG_420-8a
427.md	123	KR4h0117_WYG_420-8b
427.md	131	KR4h0117_WYG_420-9a
427.md	139	KR4h0117_WYG_420-9b
427.md	147	KR4h0117_WYG_420-10a
427.md	155	KR4h0117_WYG_420-10b
427.md	163	KR4h0117_WYG_420-11a
427.md	171	KR4h0117_WYG_420-11b
427.md	179	KR4h0117_WYG_420-12a
427.md	187	KR4h0117_WYG_420-12b
427.md	195	KR4h0117_WYG_420-13a
427.md	203	KR4h0117_WYG_420-13b
427.md	211	KR4h0117_WYG_420-14a
427.md	219	KR4h0117_WYG_420-14b
427.md	227	KR4h0117_WYG_420-15a
427.md	235	KR4h0117_WYG_420-15b
427.md	243	KR4h0117_WYG_420-16a
427.md	251	KR4h0117_WYG_420-16b
427.md	259	KR4h0117_WYG_420-17a
427.md	267	KR4h0117_WYG_420-17b
427.md	275	KR4h0117_WYG_420-18a
427.md	283	KR4h0117_WYG_420-18b
428.md	3	KR4h0117_WYG_421-1a
428.md	11	KR4h0117_WYG_421-1b
428.md	19	KR4h0117_WYG_421-2a
428.md	27	KR4h0117_WYG_421-2b
428.md	35	KR4h0117_WYG_421-3a
428.md	43	KR4h0117_WYG_421-3b
428.md	51	KR4h0117_WYG_421-4a
428.md	59	KR4h0117_WYG_421-4b
428.md	67	KR4h0117_WYG_421-5a
428.md	75	KR4h0117_WYG_421-5b
428.md	83	KR4h0117_WYG_421-6a
428.md	91	KR4h0117_WYG_421-6b
428.md	99	KR4h0117_WYG_421-7a
428.md	107	KR4h0117_WYG_421-7b
428.md	115	KR4h0117_WYG_421-8a
428.md	123	KR4h0117_WYG_421-8b
428.md	131	KR4h0117_WYG_421-9a
428.md	139	KR4h0117_WYG_421-9b
428.md	147	KR4h0117_WYG_421-10a
428.md	155	KR4h0117_WYG_421-10b
428.md	163	KR4h0117_WYG_421-11a
428.md	171	KR4h0117_WYG_421-11b
428.md	179	KR4h0117_WYG_421-12a
428.md	187	KR4h0117_WYG_421-12b
428.md	195	KR4h0117_WYG_421-13a
428.md	203	KR4h0117_WYG_421-13b
428.md	211	KR4h0117_WYG_421-14a
428.md	219	KR4h0117_WYG_421-14b
428.md	227	KR4h0117_WYG_421-15a
428.md	235	KR4h0117_WYG_421-15b
428.md	243	KR4h0117_WYG_421-16a
428.md	251	KR4h0117_WYG_421-16b
429.md	3	KR4h0117_WYG_422-1a
429.md	11	KR4h0117_WYG_422-1b
429.md	19	KR4h0117_WYG_422-2a
429.md	27	KR4h0117_WYG_422-2b
429.md	35	KR4h0117_WYG_422-3a
429.md	43	KR4h0117_WYG_422-3b
429.md	51	KR4h0117_WYG_422-4a
429.md	59	KR4h0117_WYG_422-4b
429.md	67	KR4h0117_WYG_422-5a
429.md	75	KR4h0117_WYG_422-5b
429.md	83	KR4h0117_WYG_422-6a
429.md	91	KR4h0117_WYG_422-6b
429.md	99	KR4h0117_WYG_422-7a
429.md	107	KR4h0117_WYG_422-7b
429.md	115	KR4h0117_WYG_422-8a
429.md	123	KR4h0117_WYG_422-8b
429.md	131	KR4h0117_WYG_422-9a
429.md	139	KR4h0117_WYG_422-9b
429.md	147	KR4h0117_WYG_422-10a
429.md	155	KR4h0117_WYG_422-10b
429.md	163	KR4h0117_WYG_422-11a
429.md	171	KR4h0117_WYG_422-11b
429.md	179	KR4h0117_WYG_422-12a
429.md	187	KR4h0117_WYG_422-12b
429.md	195	KR4h0117_WYG_422-13a
429.md	203	KR4h0117_WYG_422-13b
429.md	211	KR4h0117_WYG_422-14a
429.md	219	KR4h0117_WYG_422-14b
429.md	227	KR4h0117_WYG_422-15a
429.md	235	KR4h0117_WYG_422-15b
429.md	243	KR4h0117_WYG_422-16a
429.md	251	KR4h0117_WYG_422-16b
429.md	259	KR4h0117_WYG_422-17a
429.md	267	KR4h0117_WYG_422-17b
429.md	275	KR4h0117_WYG_422-18a
429.md	283	KR4h0117_WYG_422-18b
429.md	291	KR4h0117_WYG_422-19a
429.md	299	KR4h0117_WYG_422-19b
429.md	307	KR4h0117_WYG_422-20a
429.md	315	KR4h0117_WYG_422-20b
429.md	323	KR4h0117_WYG_422-21a
429.md	331	KR4h0117_WYG_422-21b
429.md	339	KR4h0117_WYG_422-22a
429.md	347	KR4h0117_WYG_422-22b
429.md	355	KR4h0117_WYG_422-23a
429.md	363	KR4h0117_WYG_422-23b
429.md	371	KR4h0117_WYG_422-24a
429.md	379	KR4h0117_WYG_422-24b
430.md	3	KR4h0117_WYG_423-1a
430.md	11	KR4h0117_WYG_423-1b
430.md	19	KR4h0117_WYG_423-2a
430.md	27	KR4h0117_WYG_423-2b
430.md	35	KR4h0117_WYG_423-3a
430.md	43	KR4h0117_WYG_423-3b
430.md	51	KR4h0117_WYG_423-4a
430.md	59	KR4h0117_WYG_423-4b
430.md	67	KR4h0117_WYG_423-5a
430.md	75	KR4h0117_WYG_423-5b
430.md	83	KR4h0117_WYG_423-6a
430.md	91	KR4h0117_WYG_423-6b
430.md	99	KR4h0117_WYG_423-7a
430.md	107	KR4h0117_WYG_423-7b
430.md	115	KR4h0117_WYG_423-8a
430.md	123	KR4h0117_WYG_423-8b
430.md	131	KR4h0117_WYG_423-9a
430.md	139	KR4h0117_WYG_423-9b
430.md	147	KR4h0117_WYG_423-10a
430.md	155	KR4h0117_WYG_423-10b
430.md	163	KR4h0117_WYG_423-11a
430.md	171	KR4h0117_WYG_423-11b
430.md	179	KR4h0117_WYG_423-12a
430.md	187	KR4h0117_WYG_423-12b
430.md	195	KR4h0117_WYG_423-13a
430.md	203	KR4h0117_WYG_423-13b
430.md	211	KR4h0117_WYG_423-14a
430.md	219	KR4h0117_WYG_423-14b
430.md	227	KR4h0117_WYG_423-15a
430.md	235	KR4h0117_WYG_423-15b
430.md	243	KR4h0117_WYG_423-16a
430.md	251	KR4h0117_WYG_423-16b
430.md	259	KR4h0117_WYG_423-17a
430.md	267	KR4h0117_WYG_423-17b
430.md	275	KR4h0117_WYG_423-18a
430.md	283	KR4h0117_WYG_423-18b
430.md	291	KR4h0117_WYG_423-19a
430.md	299	KR4h0117_WYG_423-19b
430.md	307	KR4h0117_WYG_423-20a
430.md	315	KR4h0117_WYG_423-20b
430.md	323	KR4h0117_WYG_423-21a
430.md	331	KR4h0117_WYG_423-21b
431.md	3	KR4h0117_WYG_424-1a
431.md	11	KR4h0117_WYG_424-1b
431.md	19	KR4h0117_WYG_424-2a
431.md	27	KR4h0117_WYG_424-2b
431.md	35	KR4h0117_WYG_424-3a
431.md	43	KR4h0117_WYG_424-3b
431.md	51	KR4h0117_WYG_424-4a
431.md	59	KR4h0117_WYG_424-4b
431.md	67	KR4h0117_WYG_424-5a
431.md	75	KR4h0117_WYG_424-5b
431.md	83	KR4h0117_WYG_424-6a
431.md	91	KR4h0117_WYG_424-6b
431.md	99	KR4h0117_WYG_424-7a
431.md	107	KR4h0117_WYG_424-7b
431.md	115	KR4h0117_WYG_424-8a
431.md	123	KR4h0117_WYG_424-8b
431.md	131	KR4h0117_WYG_424-9a
431.md	139	KR4h0117_WYG_424-9b
431.md	147	KR4h0117_WYG_424-10a
431.md	155	KR4h0117_WYG_424-10b
431.md	163	KR4h0117_WYG_424-11a
431.md	171	KR4h0117_WYG_424-11b
431.md	179	KR4h0117_WYG_424-12a
431.md	187	KR4h0117_WYG_424-12b
431.md	195	KR4h0117_WYG_424-13a
431.md	203	KR4h0117_WYG_424-13b
431.md	211	KR4h0117_WYG_424-14a
431.md	219	KR4h0117_WYG_424-14b
431.md	227	KR4h0117_WYG_424-15a
431.md	235	KR4h0117_WYG_424-15b
431.md	243	KR4h0117_WYG_424-16a
431.md	251	KR4h0117_WYG_424-16b
431.md	259	KR4h0117_WYG_424-17a
431.md	267	KR4h0117_WYG_424-17b
431.md	275	KR4h0117_WYG_424-18a
431.md	283	KR4h0117_WYG_424-18b
431.md	291	KR4h0117_WYG_424-19a
431.md	299	KR4h0117_WYG_424-19b
431.md	307	KR4h0117_WYG_424-20a
431.md	315	KR4h0117_WYG_424-20b
431.md	323	KR4h0117_WYG_424-21a
431.md	331	KR4h0117_WYG_424-21b
431.md	339	KR4h0117_WYG_424-22a
431.md	347	KR4h0117_WYG_424-22b
432.md	3	KR4h0117_WYG_425-1a
432.md	11	KR4h0117_WYG_425-1b
432.md	19	KR4h0117_WYG_425-2a
432.md	27	KR4h0117_WYG_425-2b
432.md	35	KR4h0117_WYG_425-3a
432.md	43	KR4h0117_WYG_425-3b
432.md	51	KR4h0117_WYG_425-4a
432.md	59	KR4h0117_WYG_425-4b
432.md	67	KR4h0117_WYG_425-5a
432.md	75	KR4h0117_WYG_425-5b
432.md	83	KR4h0117_WYG_425-6a
432.md	91	KR4h0117_WYG_425-6b
432.md	99	KR4h0117_WYG_425-7a
432.md	107	KR4h0117_WYG_425-7b
432.md	115	KR4h0117_WYG_425-8a
432.md	123	KR4h0117_WYG_425-8b
432.md	131	KR4h0117_WYG_425-9a
432.md	139	KR4h0117_WYG_425-9b
432.md	147	KR4h0117_WYG_425-10a
432.md	155	KR4h0117_WYG_425-10b
432.md	163	KR4h0117_WYG_425-11a
432.md	171	KR4h0117_WYG_425-11b
432.md	179	KR4h0117_WYG_425-12a
432.md	187	KR4h0117_WYG_425-12b
432.md	195	KR4h0117_WYG_425-13a
432.md	203	KR4h0117_WYG_425-13b
432.md	211	KR4h0117_WYG_425-14a
432.md	219	KR4h0117_WYG_425-14b
432.md	227	KR4h0117_WYG_425-15a
432.md	235	KR4h0117_WYG_425-15b
432.md	243	KR4h0117_WYG_425-16a
432.md	251	KR4h0117_WYG_425-16b
432.md	259	KR4h0117_WYG_425-17a
432.md	267	KR4h0117_WYG_425-17b
432.md	275	KR4h0117_WYG_425-18a
432.md	283	KR4h0117_WYG_425-18b
432.md	291	KR4h0117_WYG_425-19a
432.md	299	KR4h0117_WYG_425-19b
432.md	307	KR4h0117_WYG_425-20a
432.md	315	KR4h0117_WYG_425-20b
432.md	323	KR4h0117_WYG_425-21a
432.md	331	KR4h0117_WYG_425-21b
432.md	339	KR4h0117_WYG_425-22a
432.md	347	KR4h0117_WYG_425-22b
432.md	355	KR4h0117_WYG_425-23a
432.md	363	KR4h0117_WYG_425-23b
432.md	371	KR4h0117_WYG_425-24a
432.md	379	KR4h0117_WYG_425-24b
433.md	3	KR4h0117_WYG_426-1a
433.md	11	KR4h0117_WYG_426-1b
433.md	19	KR4h0117_WYG_426-2a
433.md	27	KR4h0117_WYG_426-2b
433.md	35	KR4h0117_WYG_426-3a
433.md	43	KR4h0117_WYG_426-3b
433.md	51	KR4h0117_WYG_426-4a
433.md	59	KR4h0117_WYG_426-4b
433.md	67	KR4h0117_WYG_426-5a
433.md	75	KR4h0117_WYG_426-5b
433.md	83	KR4h0117_WYG_426-6a
433.md	91	KR4h0117_WYG_426-6b
433.md	99	KR4h0117_WYG_426-7a
433.md	107	KR4h0117_WYG_426-7b
433.md	115	KR4h0117_WYG_426-8a
433.md	123	KR4h0117_WYG_426-8b
433.md	131	KR4h0117_WYG_426-9a
433.md	139	KR4h0117_WYG_426-9b
433.md	147	KR4h0117_WYG_426-10a
433.md	155	KR4h0117_WYG_426-10b
433.md	163	KR4h0117_WYG_426-11a
433.md	171	KR4h0117_WYG_426-11b
433.md	179	KR4h0117_WYG_426-12a
433.md	187	KR4h0117_WYG_426-12b
433.md	195	KR4h0117_WYG_426-13a
433.md	203	KR4h0117_WYG_426-13b
433.md	211	KR4h0117_WYG_426-14a
433.md	219	KR4h0117_WYG_426-14b
433.md	227	KR4h0117_WYG_426-15a
433.md	235	KR4h0117_WYG_426-15b
433.md	243	KR4h0117_WYG_426-16a
433.md	251	KR4h0117_WYG_426-16b
433.md	259	KR4h0117_WYG_426-17a
433.md	267	KR4h0117_WYG_426-17b
433.md	275	KR4h0117_WYG_426-18a
433.md	283	KR4h0117_WYG_426-18b
433.md	291	KR4h0117_WYG_426-19a
433.md	299	KR4h0117_WYG_426-19b
433.md	307	KR4h0117_WYG_426-20a
433.md	315	KR4h0117_WYG_426-20b
433.md	323	KR4h0117_WYG_426-21a
433.md	331	KR4h0117_WYG_426-21b
433.md	339	KR4h0117_WYG_426-22a
433.md	347	KR4h0117_WYG_426-22b
433.md	355	KR4h0117_WYG_426-23a
433.md	363	KR4h0117_WYG_426-23b
433.md	371	KR4h0117_WYG_426-24a
433.md	379	KR4h0117_WYG_426-24b
433.md	387	KR4h0117_WYG_426-25a
433.md	395	KR4h0117_WYG_426-25b
433.md	403	KR4h0117_WYG_426-26a
433.md	411	KR4h0117_WYG_426-26b
434.md	3	KR4h0117_WYG_427-1a
434.md	11	KR4h0117_WYG_427-1b
434.md	19	KR4h0117_WYG_427-2a
434.md	27	KR4h0117_WYG_427-2b
434.md	35	KR4h0117_WYG_427-3a
434.md	43	KR4h0117_WYG_427-3b
434.md	51	KR4h0117_WYG_427-4a
434.md	59	KR4h0117_WYG_427-4b
434.md	67	KR4h0117_WYG_427-5a
434.md	75	KR4h0117_WYG_427-5b
434.md	83	KR4h0117_WYG_427-6a
434.md	91	KR4h0117_WYG_427-6b
434.md	99	KR4h0117_WYG_427-7a
434.md	107	KR4h0117_WYG_427-7b
434.md	115	KR4h0117_WYG_427-8a
434.md	123	KR4h0117_WYG_427-8b
434.md	131	KR4h0117_WYG_427-9a
434.md	139	KR4h0117_WYG_427-9b
434.md	147	KR4h0117_WYG_427-10a
434.md	155	KR4h0117_WYG_427-10b
434.md	163	KR4h0117_WYG_427-11a
434.md	171	KR4h0117_WYG_427-11b
434.md	179	KR4h0117_WYG_427-12a
434.md	187	KR4h0117_WYG_427-12b
434.md	195	KR4h0117_WYG_427-13a
434.md	203	KR4h0117_WYG_427-13b
434.md	211	KR4h0117_WYG_427-14a
434.md	219	KR4h0117_WYG_427-14b
434.md	227	KR4h0117_WYG_427-15a
434.md	235	KR4h0117_WYG_427-15b
434.md	243	KR4h0117_WYG_427-16a
434.md	251	KR4h0117_WYG_427-16b
434.md	259	KR4h0117_WYG_427-17a
434.md	267	KR4h0117_WYG_427-17b
434.md	275	KR4h0117_WYG_427-18a
434.md	283	KR4h0117_WYG_427-18b
434.md	291	KR4h0117_WYG_427-19a
434.md	299	KR4h0117_WYG_427-19b
434.md	307	KR4h0117_WYG_427-20a
434.md	315	KR4h0117_WYG_427-20b
434.md	323	KR4h0117_WYG_427-21a
434.md	331	KR4h0117_WYG_427-21b
434.md	339	KR4h0117_WYG_427-22a
434.md	347	KR4h0117_WYG_427-22b
434.md	355	KR4h0117_WYG_427-23a
434.md	363	KR4h0117_WYG_427-23b
434.md	371	KR4h0117_WYG_427-24a
434.md	379	KR4h0117_WYG_427-24b
434.md	387	KR4h0117_WYG_427-25a
434.md	395	KR4h0117_WYG_427-25b
434.md	403	KR4h0117_WYG_427-26a
434.md	411	KR4h0117_WYG_427-26b
434.md	419	KR4h0117_WYG_427-27a
434.md	427	KR4h0117_WYG_427-27b
434.md	435	KR4h0117_WYG_427-28a
434.md	443	KR4h0117_WYG_427-28b
434.md	451	KR4h0117_WYG_427-29a
434.md	459	KR4h0117_WYG_427-29b
434.md	467	KR4h0117_WYG_427-30a
434.md	475	KR4h0117_WYG_427-30b
434.md	483	KR4h0117_WYG_427-31a
434.md	491	KR4h0117_WYG_427-31b
434.md	499	KR4h0117_WYG_427-32a
434.md	507	KR4h0117_WYG_427-32b
435.md	3	KR4h0117_WYG_428-1a
435.md	11	KR4h0117_WYG_428-1b
435.md	19	KR4h0117_WYG_428-2a
435.md	27	KR4h0117_WYG_428-2b
435.md	35	KR4h0117_WYG_428-3a
435.md	43	KR4h0117_WYG_428-3b
435.md	51	KR4h0117_WYG_428-4a
435.md	59	KR4h0117_WYG_428-4b
435.md	67	KR4h0117_WYG_428-5a
435.md	75	KR4h0117_WYG_428-5b
435.md	83	KR4h0117_WYG_428-6a
435.md	91	KR4h0117_WYG_428-6b
435.md	99	KR4h0117_WYG_428-7a
435.md	107	KR4h0117_WYG_428-7b
435.md	115	KR4h0117_WYG_428-8a
435.md	123	KR4h0117_WYG_428-8b
435.md	131	KR4h0117_WYG_428-9a
435.md	139	KR4h0117_WYG_428-9b
435.md	147	KR4h0117_WYG_428-10a
435.md	155	KR4h0117_WYG_428-10b
435.md	163	KR4h0117_WYG_428-11a
435.md	171	KR4h0117_WYG_428-11b
435.md	179	KR4h0117_WYG_428-12a
435.md	187	KR4h0117_WYG_428-12b
435.md	195	KR4h0117_WYG_428-13a
435.md	203	KR4h0117_WYG_428-13b
435.md	211	KR4h0117_WYG_428-14a
435.md	219	KR4h0117_WYG_428-14b
435.md	227	KR4h0117_WYG_428-15a
435.md	235	KR4h0117_WYG_428-15b
435.md	243	KR4h0117_WYG_428-16a
435.md	251	KR4h0117_WYG_428-16b
435.md	259	KR4h0117_WYG_428-17a
435.md	267	KR4h0117_WYG_428-17b
435.md	275	KR4h0117_WYG_428-18a
435.md	283	KR4h0117_WYG_428-18b
435.md	291	KR4h0117_WYG_428-19a
435.md	299	KR4h0117_WYG_428-19b
435.md	307	KR4h0117_WYG_428-20a
435.md	315	KR4h0117_WYG_428-20b
436.md	3	KR4h0117_WYG_429-1a
436.md	11	KR4h0117_WYG_429-1b
436.md	19	KR4h0117_WYG_429-2a
436.md	27	KR4h0117_WYG_429-2b
436.md	35	KR4h0117_WYG_429-3a
436.md	43	KR4h0117_WYG_429-3b
436.md	51	KR4h0117_WYG_429-4a
436.md	59	KR4h0117_WYG_429-4b
436.md	67	KR4h0117_WYG_429-5a
436.md	75	KR4h0117_WYG_429-5b
436.md	83	KR4h0117_WYG_429-6a
436.md	91	KR4h0117_WYG_429-6b
436.md	99	KR4h0117_WYG_429-7a
436.md	107	KR4h0117_WYG_429-7b
436.md	115	KR4h0117_WYG_429-8a
436.md	123	KR4h0117_WYG_429-8b
436.md	131	KR4h0117_WYG_429-9a
436.md	139	KR4h0117_WYG_429-9b
436.md	147	KR4h0117_WYG_429-10a
436.md	155	KR4h0117_WYG_429-10b
436.md	163	KR4h0117_WYG_429-11a
436.md	171	KR4h0117_WYG_429-11b
436.md	179	KR4h0117_WYG_429-12a
436.md	187	KR4h0117_WYG_429-12b
436.md	195	KR4h0117_WYG_429-13a
436.md	203	KR4h0117_WYG_429-13b
436.md	211	KR4h0117_WYG_429-14a
436.md	219	KR4h0117_WYG_429-14b
436.md	227	KR4h0117_WYG_429-15a
436.md	235	KR4h0117_WYG_429-15b
436.md	243	KR4h0117_WYG_429-16a
436.md	251	KR4h0117_WYG_429-16b
436.md	259	KR4h0117_WYG_429-17a
436.md	267	KR4h0117_WYG_429-17b
436.md	275	KR4h0117_WYG_429-18a
436.md	283	KR4h0117_WYG_429-18b
436.md	291	KR4h0117_WYG_429-19a
436.md	299	KR4h0117_WYG_429-19b
436.md	307	KR4h0117_WYG_429-20a
436.md	315	KR4h0117_WYG_429-20b
436.md	323	KR4h0117_WYG_429-21a
436.md	331	KR4h0117_WYG_429-21b
436.md	339	KR4h0117_WYG_429-22a
436.md	347	KR4h0117_WYG_429-22b
436.md	355	KR4h0117_WYG_429-23a
436.md	363	KR4h0117_WYG_429-23b
436.md	371	KR4h0117_WYG_429-24a
436.md	379	KR4h0117_WYG_429-24b
436.md	387	KR4h0117_WYG_429-25a
436.md	395	KR4h0117_WYG_429-25b
436.md	403	KR4h0117_WYG_429-26a
436.md	411	KR4h0117_WYG_429-26b
436.md	419	KR4h0117_WYG_429-27a
436.md	427	KR4h0117_WYG_429-27b
436.md	435	KR4h0117_WYG_429-28a
436.md	443	KR4h0117_WYG_429-28b
436.md	451	KR4h0117_WYG_429-29a
436.md	459	KR4h0117_WYG_429-29b
436.md	467	KR4h0117_WYG_429-30a
436.md	475	KR4h0117_WYG_429-30b
436.md	483	KR4h0117_WYG_429-31a
436.md	491	KR4h0117_WYG_429-31b
437.md	3	KR4h0117_WYG_430-1a
437.md	11	KR4h0117_WYG_430-1b
437.md	19	KR4h0117_WYG_430-2a
437.md	27	KR4h0117_WYG_430-2b
437.md	35	KR4h0117_WYG_430-3a
437.md	43	KR4h0117_WYG_430-3b
437.md	51	KR4h0117_WYG_430-4a
437.md	59	KR4h0117_WYG_430-4b
437.md	67	KR4h0117_WYG_430-5a
437.md	75	KR4h0117_WYG_430-5b
437.md	83	KR4h0117_WYG_430-6a
437.md	91	KR4h0117_WYG_430-6b
437.md	99	KR4h0117_WYG_430-7a
437.md	107	KR4h0117_WYG_430-7b
437.md	115	KR4h0117_WYG_430-8a
437.md	123	KR4h0117_WYG_430-8b
437.md	131	KR4h0117_WYG_430-9a
437.md	139	KR4h0117_WYG_430-9b
437.md	147	KR4h0117_WYG_430-10a
437.md	155	KR4h0117_WYG_430-10b
437.md	163	KR4h0117_WYG_430-11a
437.md	171	KR4h0117_WYG_430-11b
437.md	179	KR4h0117_WYG_430-12a
437.md	187	KR4h0117_WYG_430-12b
437.md	195	KR4h0117_WYG_430-13a
437.md	203	KR4h0117_WYG_430-13b
437.md	211	KR4h0117_WYG_430-14a
437.md	219	KR4h0117_WYG_430-14b
437.md	227	KR4h0117_WYG_430-15a
437.md	235	KR4h0117_WYG_430-15b
437.md	243	KR4h0117_WYG_430-16a
437.md	251	KR4h0117_WYG_430-16b
437.md	259	KR4h0117_WYG_430-17a
437.md	267	KR4h0117_WYG_430-17b
437.md	275	KR4h0117_WYG_430-18a
437.md	283	KR4h0117_WYG_430-18b
437.md	291	KR4h0117_WYG_430-19a
437.md	299	KR4h0117_WYG_430-19b
437.md	307	KR4h0117_WYG_430-20a
437.md	315	KR4h0117_WYG_430-20b
437.md	323	KR4h0117_WYG_430-21a
437.md	331	KR4h0117_WYG_430-21b
437.md	339	KR4h0117_WYG_430-22a
437.md	347	KR4h0117_WYG_430-22b
437.md	355	KR4h0117_WYG_430-23a
437.md	363	KR4h0117_WYG_430-23b
437.md	371	KR4h0117_WYG_430-24a
437.md	379	KR4h0117_WYG_430-24b
437.md	387	KR4h0117_WYG_430-25a
437.md	395	KR4h0117_WYG_430-25b
438.md	3	KR4h0117_WYG_431-1a
438.md	11	KR4h0117_WYG_431-1b
438.md	19	KR4h0117_WYG_431-2a
438.md	27	KR4h0117_WYG_431-2b
438.md	35	KR4h0117_WYG_431-3a
438.md	43	KR4h0117_WYG_431-3b
438.md	51	KR4h0117_WYG_431-4a
438.md	59	KR4h0117_WYG_431-4b
438.md	67	KR4h0117_WYG_431-5a
438.md	75	KR4h0117_WYG_431-5b
438.md	83	KR4h0117_WYG_431-6a
438.md	91	KR4h0117_WYG_431-6b
438.md	99	KR4h0117_WYG_431-7a
438.md	107	KR4h0117_WYG_431-7b
438.md	115	KR4h0117_WYG_431-8a
438.md	123	KR4h0117_WYG_431-8b
438.md	131	KR4h0117_WYG_431-9a
438.md	139	KR4h0117_WYG_431-9b
438.md	147	KR4h0117_WYG_431-10a
438.md	155	KR4h0117_WYG_431-10b
438.md	163	KR4h0117_WYG_431-11a
438.md	171	KR4h0117_WYG_431-11b
438.md	179	KR4h0117_WYG_431-12a
438.md	187	KR4h0117_WYG_431-12b
438.md	195	KR4h0117_WYG_431-13a
438.md	203	KR4h0117_WYG_431-13b
438.md	211	KR4h0117_WYG_431-14a
438.md	219	KR4h0117_WYG_431-14b
438.md	227	KR4h0117_WYG_431-15a
438.md	235	KR4h0117_WYG_431-15b
438.md	243	KR4h0117_WYG_431-16a
438.md	251	KR4h0117_WYG_431-16b
439.md	3	KR4h0117_WYG_432-1a
439.md	11	KR4h0117_WYG_432-1b
439.md	19	KR4h0117_WYG_432-2a
439.md	27	KR4h0117_WYG_432-2b
439.md	35	KR4h0117_WYG_432-3a
439.md	43	KR4h0117_WYG_432-3b
439.md	51	KR4h0117_WYG_432-4a
439.md	59	KR4h0117_WYG_432-4b
439.md	67	KR4h0117_WYG_432-5a
439.md	75	KR4h0117_WYG_432-5b
439.md	83	KR4h0117_WYG_432-6a
439.md	91	KR4h0117_WYG_432-6b
439.md	99	KR4h0117_WYG_432-7a
439.md	107	KR4h0117_WYG_432-7b
439.md	115	KR4h0117_WYG_432-8a
439.md	123	KR4h0117_WYG_432-8b
439.md	131	KR4h0117_WYG_432-9a
439.md	139	KR4h0117_WYG_432-9b
439.md	147	KR4h0117_WYG_432-10a
439.md	155	KR4h0117_WYG_432-10b
439.md	163	KR4h0117_WYG_432-11a
439.md	171	KR4h0117_WYG_432-11b
439.md	179	KR4h0117_WYG_432-12a
439.md	187	KR4h0117_WYG_432-12b
439.md	195	KR4h0117_WYG_432-13a
439.md	203	KR4h0117_WYG_432-13b
439.md	211	KR4h0117_WYG_432-14a
439.md	219	KR4h0117_WYG_432-14b
439.md	227	KR4h0117_WYG_432-15a
439.md	235	KR4h0117_WYG_432-15b
439.md	243	KR4h0117_WYG_432-16a
439.md	251	KR4h0117_WYG_432-16b
439.md	259	KR4h0117_WYG_432-17a
439.md	267	KR4h0117_WYG_432-17b
439.md	275	KR4h0117_WYG_432-18a
439.md	283	KR4h0117_WYG_432-18b
439.md	291	KR4h0117_WYG_432-19a
439.md	299	KR4h0117_WYG_432-19b
439.md	307	KR4h0117_WYG_432-20a
439.md	315	KR4h0117_WYG_432-20b
439.md	323	KR4h0117_WYG_432-21a
439.md	331	KR4h0117_WYG_432-21b
439.md	339	KR4h0117_WYG_432-22a
439.md	347	KR4h0117_WYG_432-22b
440.md	3	KR4h0117_WYG_433-1a
440.md	11	KR4h0117_WYG_433-1b
440.md	19	KR4h0117_WYG_433-2a
440.md	27	KR4h0117_WYG_433-2b
440.md	35	KR4h0117_WYG_433-3a
440.md	43	KR4h0117_WYG_433-3b
440.md	51	KR4h0117_WYG_433-4a
440.md	59	KR4h0117_WYG_433-4b
440.md	67	KR4h0117_WYG_433-5a
440.md	75	KR4h0117_WYG_433-5b
440.md	83	KR4h0117_WYG_433-6a
440.md	91	KR4h0117_WYG_433-6b
440.md	99	KR4h0117_WYG_433-7a
440.md	107	KR4h0117_WYG_433-7b
440.md	115	KR4h0117_WYG_433-8a
440.md	123	KR4h0117_WYG_433-8b
440.md	131	KR4h0117_WYG_433-9a
440.md	139	KR4h0117_WYG_433-9b
440.md	147	KR4h0117_WYG_433-10a
440.md	155	KR4h0117_WYG_433-10b
440.md	163	KR4h0117_WYG_433-11a
440.md	171	KR4h0117_WYG_433-11b
440.md	179	KR4h0117_WYG_433-12a
440.md	187	KR4h0117_WYG_433-12b
440.md	195	KR4h0117_WYG_433-13a
440.md	203	KR4h0117_WYG_433-13b
440.md	211	KR4h0117_WYG_433-14a
440.md	219	KR4h0117_WYG_433-14b
440.md	227	KR4h0117_WYG_433-15a
440.md	235	KR4h0117_WYG_433-15b
440.md	243	KR4h0117_WYG_433-16a
440.md	251	KR4h0117_WYG_433-16b
440.md	259	KR4h0117_WYG_433-17a
440.md	267	KR4h0117_WYG_433-17b
440.md	275	KR4h0117_WYG_433-18a
440.md	283	KR4h0117_WYG_433-18b
440.md	291	KR4h0117_WYG_433-19a
440.md	299	KR4h0117_WYG_433-19b
441.md	3	KR4h0117_WYG_434-1a
441.md	11	KR4h0117_WYG_434-1b
441.md	19	KR4h0117_WYG_434-2a
441.md	27	KR4h0117_WYG_434-2b
441.md	35	KR4h0117_WYG_434-3a
441.md	43	KR4h0117_WYG_434-3b
441.md	51	KR4h0117_WYG_434-4a
441.md	59	KR4h0117_WYG_434-4b
441.md	67	KR4h0117_WYG_434-5a
441.md	75	KR4h0117_WYG_434-5b
441.md	83	KR4h0117_WYG_434-6a
441.md	91	KR4h0117_WYG_434-6b
441.md	99	KR4h0117_WYG_434-7a
441.md	107	KR4h0117_WYG_434-7b
441.md	115	KR4h0117_WYG_434-8a
441.md	123	KR4h0117_WYG_434-8b
441.md	131	KR4h0117_WYG_434-9a
441.md	139	KR4h0117_WYG_434-9b
441.md	147	KR4h0117_WYG_434-10a
441.md	155	KR4h0117_WYG_434-10b
441.md	163	KR4h0117_WYG_434-11a
441.md	171	KR4h0117_WYG_434-11b
441.md	179	KR4h0117_WYG_434-12a
441.md	187	KR4h0117_WYG_434-12b
441.md	195	KR4h0117_WYG_434-13a
441.md	203	KR4h0117_WYG_434-13b
441.md	211	KR4h0117_WYG_434-14a
441.md	219	KR4h0117_WYG_434-14b
441.md	227	KR4h0117_WYG_434-15a
441.md	235	KR4h0117_WYG_434-15b
441.md	243	KR4h0117_WYG_434-16a
441.md	251	KR4h0117_WYG_434-16b
442.md	3	KR4h0117_WYG_435-1a
442.md	11	KR4h0117_WYG_435-1b
442.md	19	KR4h0117_WYG_435-2a
442.md	27	KR4h0117_WYG_435-2b
442.md	35	KR4h0117_WYG_435-3a
442.md	43	KR4h0117_WYG_435-3b
442.md	51	KR4h0117_WYG_435-4a
442.md	59	KR4h0117_WYG_435-4b
442.md	67	KR4h0117_WYG_435-5a
442.md	75	KR4h0117_WYG_435-5b
442.md	83	KR4h0117_WYG_435-6a
442.md	91	KR4h0117_WYG_435-6b
442.md	99	KR4h0117_WYG_435-7a
442.md	107	KR4h0117_WYG_435-7b
442.md	115	KR4h0117_WYG_435-8a
442.md	123	KR4h0117_WYG_435-8b
442.md	131	KR4h0117_WYG_435-9a
442.md	139	KR4h0117_WYG_435-9b
442.md	147	KR4h0117_WYG_435-10a
442.md	155	KR4h0117_WYG_435-10b
442.md	163	KR4h0117_WYG_435-11a
442.md	171	KR4h0117_WYG_435-11b
442.md	179	KR4h0117_WYG_435-12a
442.md	187	KR4h0117_WYG_435-12b
442.md	195	KR4h0117_WYG_435-13a
442.md	203	KR4h0117_WYG_435-13b
442.md	211	KR4h0117_WYG_435-14a
442.md	219	KR4h0117_WYG_435-14b
442.md	227	KR4h0117_WYG_435-15a
442.md	235	KR4h0117_WYG_435-15b
442.md	243	KR4h0117_WYG_435-16a
442.md	251	KR4h0117_WYG_435-16b
442.md	259	KR4h0117_WYG_435-17a
442.md	267	KR4h0117_WYG_435-17b
442.md	275	KR4h0117_WYG_435-18a
442.md	283	KR4h0117_WYG_435-18b
442.md	291	KR4h0117_WYG_435-19a
442.md	299	KR4h0117_WYG_435-19b
442.md	307	KR4h0117_WYG_435-20a
442.md	315	KR4h0117_WYG_435-20b
442.md	323	KR4h0117_WYG_435-21a
442.md	331	KR4h0117_WYG_435-21b
442.md	339	KR4h0117_WYG_435-22a
442.md	347	KR4h0117_WYG_435-22b
442.md	355	KR4h0117_WYG_435-23a
442.md	363	KR4h0117_WYG_435-23b
442.md	371	KR4h0117_WYG_435-24a
442.md	379	KR4h0117_WYG_435-24b
442.md	387	KR4h0117_WYG_435-25a
442.md	395	KR4h0117_WYG_435-25b
442.md	403	KR4h0117_WYG_435-26a
442.md	411	KR4h0117_WYG_435-26b
442.md	419	KR4h0117_WYG_435-27a
442.md	427	KR4h0117_WYG_435-27b
443.md	3	KR4h0117_WYG_436-1a
443.md	11	KR4h0117_WYG_436-1b
443.md	19	KR4h0117_WYG_436-2a
443.md	27	KR4h0117_WYG_436-2b
443.md	35	KR4h0117_WYG_436-3a
443.md	43	KR4h0117_WYG_436-3b
443.md	51	KR4h0117_WYG_436-4a
443.md	59	KR4h0117_WYG_436-4b
443.md	67	KR4h0117_WYG_436-5a
443.md	75	KR4h0117_WYG_436-5b
443.md	83	KR4h0117_WYG_436-6a
443.md	91	KR4h0117_WYG_436-6b
443.md	99	KR4h0117_WYG_436-7a
443.md	107	KR4h0117_WYG_436-7b
443.md	115	KR4h0117_WYG_436-8a
443.md	123	KR4h0117_WYG_436-8b
443.md	131	KR4h0117_WYG_436-9a
443.md	139	KR4h0117_WYG_436-9b
443.md	147	KR4h0117_WYG_436-10a
443.md	155	KR4h0117_WYG_436-10b
443.md	163	KR4h0117_WYG_436-11a
443.md	171	KR4h0117_WYG_436-11b
443.md	179	KR4h0117_WYG_436-12a
443.md	187	KR4h0117_WYG_436-12b
443.md	195	KR4h0117_WYG_436-13a
443.md	203	KR4h0117_WYG_436-13b
443.md	211	KR4h0117_WYG_436-14a
443.md	219	KR4h0117_WYG_436-14b
443.md	227	KR4h0117_WYG_436-15a
443.md	235	KR4h0117_WYG_436-15b
443.md	243	KR4h0117_WYG_436-16a
443.md	251	KR4h0117_WYG_436-16b
443.md	259	KR4h0117_WYG_436-17a
443.md	267	KR4h0117_WYG_436-17b
443.md	275	KR4h0117_WYG_436-18a
443.md	283	KR4h0117_WYG_436-18b
443.md	291	KR4h0117_WYG_436-19a
443.md	299	KR4h0117_WYG_436-19b
443.md	307	KR4h0117_WYG_436-20a
443.md	315	KR4h0117_WYG_436-20b
444.md	3	KR4h0117_WYG_437-1a
444.md	11	KR4h0117_WYG_437-1b
444.md	19	KR4h0117_WYG_437-2a
444.md	27	KR4h0117_WYG_437-2b
444.md	35	KR4h0117_WYG_437-3a
444.md	43	KR4h0117_WYG_437-3b
444.md	51	KR4h0117_WYG_437-4a
444.md	59	KR4h0117_WYG_437-4b
444.md	67	KR4h0117_WYG_437-5a
444.md	75	KR4h0117_WYG_437-5b
444.md	83	KR4h0117_WYG_437-6a
444.md	91	KR4h0117_WYG_437-6b
444.md	99	KR4h0117_WYG_437-7a
444.md	107	KR4h0117_WYG_437-7b
444.md	115	KR4h0117_WYG_437-8a
444.md	123	KR4h0117_WYG_437-8b
444.md	131	KR4h0117_WYG_437-9a
444.md	139	KR4h0117_WYG_437-9b
444.md	147	KR4h0117_WYG_437-10a
444.md	155	KR4h0117_WYG_437-10b
444.md	163	KR4h0117_WYG_437-11a
444.md	171	KR4h0117_WYG_437-11b
444.md	179	KR4h0117_WYG_437-12a
444.md	187	KR4h0117_WYG_437-12b
444.md	195	KR4h0117_WYG_437-13a
444.md	203	KR4h0117_WYG_437-13b
444.md	211	KR4h0117_WYG_437-14a
444.md	219	KR4h0117_WYG_437-14b
444.md	227	KR4h0117_WYG_437-15a
444.md	235	KR4h0117_WYG_437-15b
444.md	243	KR4h0117_WYG_437-16a
444.md	251	KR4h0117_WYG_437-16b
444.md	259	KR4h0117_WYG_437-17a
444.md	267	KR4h0117_WYG_437-17b
444.md	275	KR4h0117_WYG_437-18a
444.md	283	KR4h0117_WYG_437-18b
444.md	291	KR4h0117_WYG_437-19a
444.md	299	KR4h0117_WYG_437-19b
444.md	307	KR4h0117_WYG_437-20a
444.md	315	KR4h0117_WYG_437-20b
444.md	323	KR4h0117_WYG_437-21a
444.md	331	KR4h0117_WYG_437-21b
444.md	339	KR4h0117_WYG_437-22a
444.md	347	KR4h0117_WYG_437-22b
444.md	355	KR4h0117_WYG_437-23a
444.md	363	KR4h0117_WYG_437-23b
444.md	371	KR4h0117_WYG_437-24a
444.md	379	KR4h0117_WYG_437-24b
444.md	387	KR4h0117_WYG_437-25a
444.md	395	KR4h0117_WYG_437-25b
444.md	403	KR4h0117_WYG_437-26a
444.md	411	KR4h0117_WYG_437-26b
444.md	419	KR4h0117_WYG_437-27a
444.md	427	KR4h0117_WYG_437-27b
445.md	3	KR4h0117_WYG_438-1a
445.md	11	KR4h0117_WYG_438-1b
445.md	19	KR4h0117_WYG_438-2a
445.md	27	KR4h0117_WYG_438-2b
445.md	35	KR4h0117_WYG_438-3a
445.md	43	KR4h0117_WYG_438-3b
445.md	51	KR4h0117_WYG_438-4a
445.md	59	KR4h0117_WYG_438-4b
445.md	67	KR4h0117_WYG_438-5a
445.md	75	KR4h0117_WYG_438-5b
445.md	83	KR4h0117_WYG_438-6a
445.md	91	KR4h0117_WYG_438-6b
445.md	99	KR4h0117_WYG_438-7a
445.md	107	KR4h0117_WYG_438-7b
445.md	115	KR4h0117_WYG_438-8a
445.md	123	KR4h0117_WYG_438-8b
445.md	131	KR4h0117_WYG_438-9a
445.md	139	KR4h0117_WYG_438-9b
445.md	147	KR4h0117_WYG_438-10a
445.md	155	KR4h0117_WYG_438-10b
445.md	163	KR4h0117_WYG_438-11a
445.md	171	KR4h0117_WYG_438-11b
445.md	179	KR4h0117_WYG_438-12a
445.md	187	KR4h0117_WYG_438-12b
445.md	195	KR4h0117_WYG_438-13a
445.md	203	KR4h0117_WYG_438-13b
445.md	211	KR4h0117_WYG_438-14a
445.md	219	KR4h0117_WYG_438-14b
445.md	227	KR4h0117_WYG_438-15a
445.md	235	KR4h0117_WYG_438-15b
445.md	243	KR4h0117_WYG_438-16a
445.md	251	KR4h0117_WYG_438-16b
445.md	259	KR4h0117_WYG_438-17a
445.md	267	KR4h0117_WYG_438-17b
445.md	275	KR4h0117_WYG_438-18a
445.md	283	KR4h0117_WYG_438-18b
445.md	291	KR4h0117_WYG_438-19a
445.md	299	KR4h0117_WYG_438-19b
445.md	307	KR4h0117_WYG_438-20a
445.md	315	KR4h0117_WYG_438-20b
445.md	323	KR4h0117_WYG_438-21a
445.md	331	KR4h0117_WYG_438-21b
445.md	339	KR4h0117_WYG_438-22a
445.md	347	KR4h0117_WYG_438-22b
446.md	3	KR4h0117_WYG_439-1a
446.md	11	KR4h0117_WYG_439-1b
446.md	19	KR4h0117_WYG_439-2a
446.md	27	KR4h0117_WYG_439-2b
446.md	35	KR4h0117_WYG_439-3a
446.md	43	KR4h0117_WYG_439-3b
446.md	51	KR4h0117_WYG_439-4a
446.md	59	KR4h0117_WYG_439-4b
446.md	67	KR4h0117_WYG_439-5a
446.md	75	KR4h0117_WYG_439-5b
446.md	83	KR4h0117_WYG_439-6a
446.md	91	KR4h0117_WYG_439-6b
446.md	99	KR4h0117_WYG_439-7a
446.md	107	KR4h0117_WYG_439-7b
446.md	115	KR4h0117_WYG_439-8a
446.md	123	KR4h0117_WYG_439-8b
446.md	131	KR4h0117_WYG_439-9a
446.md	139	KR4h0117_WYG_439-9b
446.md	147	KR4h0117_WYG_439-10a
446.md	155	KR4h0117_WYG_439-10b
446.md	163	KR4h0117_WYG_439-11a
446.md	171	KR4h0117_WYG_439-11b
446.md	179	KR4h0117_WYG_439-12a
446.md	187	KR4h0117_WYG_439-12b
446.md	195	KR4h0117_WYG_439-13a
446.md	203	KR4h0117_WYG_439-13b
446.md	211	KR4h0117_WYG_439-14a
446.md	219	KR4h0117_WYG_439-14b
447.md	3	KR4h0117_WYG_440-1a
447.md	11	KR4h0117_WYG_440-1b
447.md	19	KR4h0117_WYG_440-2a
447.md	27	KR4h0117_WYG_440-2b
447.md	35	KR4h0117_WYG_440-3a
447.md	43	KR4h0117_WYG_440-3b
447.md	51	KR4h0117_WYG_440-4a
447.md	59	KR4h0117_WYG_440-4b
447.md	67	KR4h0117_WYG_440-5a
447.md	75	KR4h0117_WYG_440-5b
447.md	83	KR4h0117_WYG_440-6a
447.md	91	KR4h0117_WYG_440-6b
447.md	99	KR4h0117_WYG_440-7a
447.md	107	KR4h0117_WYG_440-7b
447.md	115	KR4h0117_WYG_440-8a
447.md	123	KR4h0117_WYG_440-8b
447.md	131	KR4h0117_WYG_440-9a
447.md	139	KR4h0117_WYG_440-9b
447.md	147	KR4h0117_WYG_440-10a
447.md	155	KR4h0117_WYG_440-10b
447.md	163	KR4h0117_WYG_440-11a
447.md	171	KR4h0117_WYG_440-11b
447.md	179	KR4h0117_WYG_440-12a
447.md	187	KR4h0117_WYG_440-12b
447.md	195	KR4h0117_WYG_440-13a
447.md	203	KR4h0117_WYG_440-13b
447.md	211	KR4h0117_WYG_440-14a
447.md	219	KR4h0117_WYG_440-14b
447.md	227	KR4h0117_WYG_440-15a
447.md	235	KR4h0117_WYG_440-15b
447.md	243	KR4h0117_WYG_440-16a
447.md	251	KR4h0117_WYG_440-16b
447.md	259	KR4h0117_WYG_440-17a
447.md	267	KR4h0117_WYG_440-17b
447.md	275	KR4h0117_WYG_440-18a
447.md	283	KR4h0117_WYG_440-18b
447.md	291	KR4h0117_WYG_440-19a
447.md	299	KR4h0117_WYG_440-19b
448.md	3	KR4h0117_WYG_441-1a
448.md	11	KR4h0117_WYG_441-1b
448.md	19	KR4h0117_WYG_441-2a
448.md	27	KR4h0117_WYG_441-2b
448.md	35	KR4h0117_WYG_441-3a
448.md	43	KR4h0117_WYG_441-3b
448.md	51	KR4h0117_WYG_441-4a
448.md	59	KR4h0117_WYG_441-4b
448.md	67	KR4h0117_WYG_441-5a
448.md	75	KR4h0117_WYG_441-5b
448.md	83	KR4h0117_WYG_441-6a
448.md	91	KR4h0117_WYG_441-6b
448.md	99	KR4h0117_WYG_441-7a
448.md	107	KR4h0117_WYG_441-7b
448.md	115	KR4h0117_WYG_441-8a
448.md	123	KR4h0117_WYG_441-8b
448.md	131	KR4h0117_WYG_441-9a
448.md	139	KR4h0117_WYG_441-9b
448.md	147	KR4h0117_WYG_441-10a
448.md	155	KR4h0117_WYG_441-10b
448.md	163	KR4h0117_WYG_441-11a
448.md	171	KR4h0117_WYG_441-11b
448.md	179	KR4h0117_WYG_441-12a
448.md	187	KR4h0117_WYG_441-12b
448.md	195	KR4h0117_WYG_441-13a
448.md	203	KR4h0117_WYG_441-13b
448.md	211	KR4h0117_WYG_441-14a
448.md	219	KR4h0117_WYG_441-14b
448.md	227	KR4h0117_WYG_441-15a
448.md	235	KR4h0117_WYG_441-15b
448.md	243	KR4h0117_WYG_441-16a
448.md	251	KR4h0117_WYG_441-16b
448.md	259	KR4h0117_WYG_441-17a
448.md	267	KR4h0117_WYG_441-17b
448.md	275	KR4h0117_WYG_441-18a
448.md	283	KR4h0117_WYG_441-18b
448.md	291	KR4h0117_WYG_441-19a
448.md	299	KR4h0117_WYG_441-19b
448.md	307	KR4h0117_WYG_441-20a
448.md	315	KR4h0117_WYG_441-20b
448.md	323	KR4h0117_WYG_441-21a
448.md	331	KR4h0117_WYG_441-21b
448.md	339	KR4h0117_WYG_441-22a
448.md	347	KR4h0117_WYG_441-22b
448.md	355	KR4h0117_WYG_441-23a
448.md	363	KR4h0117_WYG_441-23b
448.md	371	KR4h0117_WYG_441-24a
448.md	379	KR4h0117_WYG_441-24b
448.md	387	KR4h0117_WYG_441-25a
448.md	395	KR4h0117_WYG_441-25b
448.md	403	KR4h0117_WYG_441-26a
448.md	411	KR4h0117_WYG_441-26b
448.md	419	KR4h0117_WYG_441-27a
448.md	427	KR4h0117_WYG_441-27b
448.md	435	KR4h0117_WYG_441-28a
448.md	443	KR4h0117_WYG_441-28b
448.md	451	KR4h0117_WYG_441-29a
448.md	459	KR4h0117_WYG_441-29b
448.md	467	KR4h0117_WYG_441-30a
448.md	475	KR4h0117_WYG_441-30b
448.md	483	KR4h0117_WYG_441-31a
448.md	491	KR4h0117_WYG_441-31b
448.md	499	KR4h0117_WYG_441-32a
448.md	507	KR4h0117_WYG_441-32b
448.md	515	KR4h0117_WYG_441-33a
448.md	523	KR4h0117_WYG_441-33b
448.md	531	KR4h0117_WYG_441-34a
448.md	539	KR4h0117_WYG_441-34b
448.md	547	KR4h0117_WYG_441-35a
448.md	555	KR4h0117_WYG_441-35b
448.md	563	KR4h0117_WYG_441-36a
448.md	571	KR4h0117_WYG_441-36b
448.md	579	KR4h0117_WYG_441-37a
448.md	587	KR4h0117_WYG_441-37b
448.md	595	KR4h0117_WYG_441-38a
448.md	603	KR4h0117_WYG_441-38b
448.md	611	KR4h0117_WYG_441-39a
448.md	619	KR4h0117_WYG_441-39b
448.md	627	KR4h0117_WYG_441-40a
448.md	635	KR4h0117_WYG_441-40b
448.md	643	KR4h0117_WYG_441-41a
448.md	651	KR4h0117_WYG_441-41b
448.md	659	KR4h0117_WYG_441-42a
448.md	667	KR4h0117_WYG_441-42b
448.md	675	KR4h0117_WYG_441-43a
448.md	683	KR4h0117_WYG_441-43b
448.md	691	KR4h0117_WYG_441-44a
448.md	699	KR4h0117_WYG_441-44b
448.md	707	KR4h0117_WYG_441-45a
448.md	715	KR4h0117_WYG_441-45b
449.md	3	KR4h0117_WYG_442-1a
449.md	11	KR4h0117_WYG_442-1b
449.md	19	KR4h0117_WYG_442-2a
449.md	27	KR4h0117_WYG_442-2b
449.md	35	KR4h0117_WYG_442-3a
449.md	43	KR4h0117_WYG_442-3b
449.md	51	KR4h0117_WYG_442-4a
449.md	59	KR4h0117_WYG_442-4b
449.md	67	KR4h0117_WYG_442-5a
449.md	75	KR4h0117_WYG_442-5b
449.md	83	KR4h0117_WYG_442-6a
449.md	91	KR4h0117_WYG_442-6b
449.md	99	KR4h0117_WYG_442-7a
449.md	107	KR4h0117_WYG_442-7b
449.md	115	KR4h0117_WYG_442-8a
449.md	123	KR4h0117_WYG_442-8b
449.md	131	KR4h0117_WYG_442-9a
449.md	139	KR4h0117_WYG_442-9b
449.md	147	KR4h0117_WYG_442-10a
449.md	155	KR4h0117_WYG_442-10b
449.md	163	KR4h0117_WYG_442-11a
449.md	171	KR4h0117_WYG_442-11b
449.md	179	KR4h0117_WYG_442-12a
449.md	187	KR4h0117_WYG_442-12b
449.md	195	KR4h0117_WYG_442-13a
449.md	203	KR4h0117_WYG_442-13b
449.md	211	KR4h0117_WYG_442-14a
449.md	219	KR4h0117_WYG_442-14b
449.md	227	KR4h0117_WYG_442-15a
449.md	235	KR4h0117_WYG_442-15b
449.md	243	KR4h0117_WYG_442-16a
449.md	251	KR4h0117_WYG_442-16b
449.md	259	KR4h0117_WYG_442-17a
449.md	267	KR4h0117_WYG_442-17b
449.md	275	KR4h0117_WYG_442-18a
449.md	283	KR4h0117_WYG_442-18b
449.md	291	KR4h0117_WYG_442-19a
449.md	299	KR4h0117_WYG_442-19b
449.md	307	KR4h0117_WYG_442-20a
449.md	315	KR4h0117_WYG_442-20b
450.md	3	KR4h0117_WYG_443-1a
450.md	11	KR4h0117_WYG_443-1b
450.md	19	KR4h0117_WYG_443-2a
450.md	27	KR4h0117_WYG_443-2b
450.md	35	KR4h0117_WYG_443-3a
450.md	43	KR4h0117_WYG_443-3b
450.md	51	KR4h0117_WYG_443-4a
450.md	59	KR4h0117_WYG_443-4b
450.md	67	KR4h0117_WYG_443-5a
450.md	75	KR4h0117_WYG_443-5b
450.md	83	KR4h0117_WYG_443-6a
450.md	91	KR4h0117_WYG_443-6b
450.md	99	KR4h0117_WYG_443-7a
450.md	107	KR4h0117_WYG_443-7b
450.md	115	KR4h0117_WYG_443-8a
450.md	123	KR4h0117_WYG_443-8b
450.md	131	KR4h0117_WYG_443-9a
450.md	139	KR4h0117_WYG_443-9b
450.md	147	KR4h0117_WYG_443-10a
450.md	155	KR4h0117_WYG_443-10b
450.md	163	KR4h0117_WYG_443-11a
450.md	171	KR4h0117_WYG_443-11b
450.md	179	KR4h0117_WYG_443-12a
450.md	187	KR4h0117_WYG_443-12b
450.md	195	KR4h0117_WYG_443-13a
450.md	203	KR4h0117_WYG_443-13b
450.md	211	KR4h0117_WYG_443-14a
450.md	219	KR4h0117_WYG_443-14b
450.md	227	KR4h0117_WYG_443-15a
450.md	235	KR4h0117_WYG_443-15b
450.md	243	KR4h0117_WYG_443-16a
450.md	251	KR4h0117_WYG_443-16b
450.md	259	KR4h0117_WYG_443-17a
450.md	267	KR4h0117_WYG_443-17b
450.md	275	KR4h0117_WYG_443-18a
450.md	283	KR4h0117_WYG_443-18b
450.md	291	KR4h0117_WYG_443-19a
450.md	299	KR4h0117_WYG_443-19b
450.md	307	KR4h0117_WYG_443-20a
450.md	315	KR4h0117_WYG_443-20b
450.md	323	KR4h0117_WYG_443-21a
450.md	331	KR4h0117_WYG_443-21b
450.md	339	KR4h0117_WYG_443-22a
450.md	347	KR4h0117_WYG_443-22b
450.md	355	KR4h0117_WYG_443-23a
450.md	363	KR4h0117_WYG_443-23b
450.md	371	KR4h0117_WYG_443-24a
450.md	379	KR4h0117_WYG_443-24b
450.md	387	KR4h0117_WYG_443-25a
450.md	395	KR4h0117_WYG_443-25b
450.md	403	KR4h0117_WYG_443-26a
450.md	411	KR4h0117_WYG_443-26b
450.md	419	KR4h0117_WYG_443-27a
450.md	427	KR4h0117_WYG_443-27b
451.md	3	KR4h0117_WYG_444-1a
451.md	11	KR4h0117_WYG_444-1b
451.md	19	KR4h0117_WYG_444-2a
451.md	27	KR4h0117_WYG_444-2b
451.md	35	KR4h0117_WYG_444-3a
451.md	43	KR4h0117_WYG_444-3b
451.md	51	KR4h0117_WYG_444-4a
451.md	59	KR4h0117_WYG_444-4b
451.md	67	KR4h0117_WYG_444-5a
451.md	75	KR4h0117_WYG_444-5b
451.md	83	KR4h0117_WYG_444-6a
451.md	91	KR4h0117_WYG_444-6b
451.md	99	KR4h0117_WYG_444-7a
451.md	107	KR4h0117_WYG_444-7b
451.md	115	KR4h0117_WYG_444-8a
451.md	123	KR4h0117_WYG_444-8b
451.md	131	KR4h0117_WYG_444-9a
451.md	139	KR4h0117_WYG_444-9b
451.md	147	KR4h0117_WYG_444-10a
451.md	155	KR4h0117_WYG_444-10b
451.md	163	KR4h0117_WYG_444-11a
451.md	171	KR4h0117_WYG_444-11b
451.md	179	KR4h0117_WYG_444-12a
451.md	187	KR4h0117_WYG_444-12b
451.md	195	KR4h0117_WYG_444-13a
451.md	203	KR4h0117_WYG_444-13b
451.md	211	KR4h0117_WYG_444-14a
451.md	219	KR4h0117_WYG_444-14b
451.md	227	KR4h0117_WYG_444-15a
451.md	235	KR4h0117_WYG_444-15b
451.md	243	KR4h0117_WYG_444-16a
451.md	251	KR4h0117_WYG_444-16b
451.md	259	KR4h0117_WYG_444-17a
451.md	267	KR4h0117_WYG_444-17b
451.md	275	KR4h0117_WYG_444-18a
451.md	283	KR4h0117_WYG_444-18b
451.md	291	KR4h0117_WYG_444-19a
451.md	299	KR4h0117_WYG_444-19b
451.md	307	KR4h0117_WYG_444-20a
451.md	315	KR4h0117_WYG_444-20b
451.md	323	KR4h0117_WYG_444-21a
451.md	331	KR4h0117_WYG_444-21b
451.md	339	KR4h0117_WYG_444-22a
451.md	347	KR4h0117_WYG_444-22b
451.md	355	KR4h0117_WYG_444-23a
451.md	363	KR4h0117_WYG_444-23b
451.md	371	KR4h0117_WYG_444-24a
451.md	379	KR4h0117_WYG_444-24b
451.md	387	KR4h0117_WYG_444-25a
451.md	395	KR4h0117_WYG_444-25b
451.md	403	KR4h0117_WYG_444-26a
451.md	411	KR4h0117_WYG_444-26b
452.md	3	KR4h0117_WYG_445-1a
452.md	11	KR4h0117_WYG_445-1b
452.md	19	KR4h0117_WYG_445-2a
452.md	27	KR4h0117_WYG_445-2b
452.md	35	KR4h0117_WYG_445-3a
452.md	43	KR4h0117_WYG_445-3b
452.md	51	KR4h0117_WYG_445-4a
452.md	59	KR4h0117_WYG_445-4b
452.md	67	KR4h0117_WYG_445-5a
452.md	75	KR4h0117_WYG_445-5b
452.md	83	KR4h0117_WYG_445-6a
452.md	91	KR4h0117_WYG_445-6b
452.md	99	KR4h0117_WYG_445-7a
452.md	107	KR4h0117_WYG_445-7b
452.md	115	KR4h0117_WYG_445-8a
452.md	123	KR4h0117_WYG_445-8b
452.md	131	KR4h0117_WYG_445-9a
452.md	139	KR4h0117_WYG_445-9b
452.md	147	KR4h0117_WYG_445-10a
452.md	155	KR4h0117_WYG_445-10b
452.md	163	KR4h0117_WYG_445-11a
452.md	171	KR4h0117_WYG_445-11b
452.md	179	KR4h0117_WYG_445-12a
452.md	187	KR4h0117_WYG_445-12b
452.md	195	KR4h0117_WYG_445-13a
452.md	203	KR4h0117_WYG_445-13b
452.md	211	KR4h0117_WYG_445-14a
452.md	219	KR4h0117_WYG_445-14b
452.md	227	KR4h0117_WYG_445-15a
452.md	235	KR4h0117_WYG_445-15b
452.md	243	KR4h0117_WYG_445-16a
452.md	251	KR4h0117_WYG_445-16b
452.md	259	KR4h0117_WYG_445-17a
452.md	267	KR4h0117_WYG_445-17b
452.md	275	KR4h0117_WYG_445-18a
452.md	283	KR4h0117_WYG_445-18b
453.md	3	KR4h0117_WYG_446-1a
453.md	11	KR4h0117_WYG_446-1b
453.md	19	KR4h0117_WYG_446-2a
453.md	27	KR4h0117_WYG_446-2b
453.md	35	KR4h0117_WYG_446-3a
453.md	43	KR4h0117_WYG_446-3b
453.md	51	KR4h0117_WYG_446-4a
453.md	59	KR4h0117_WYG_446-4b
453.md	67	KR4h0117_WYG_446-5a
453.md	75	KR4h0117_WYG_446-5b
453.md	83	KR4h0117_WYG_446-6a
453.md	91	KR4h0117_WYG_446-6b
453.md	99	KR4h0117_WYG_446-7a
453.md	107	KR4h0117_WYG_446-7b
453.md	115	KR4h0117_WYG_446-8a
453.md	123	KR4h0117_WYG_446-8b
453.md	131	KR4h0117_WYG_446-9a
453.md	139	KR4h0117_WYG_446-9b
453.md	147	KR4h0117_WYG_446-10a
453.md	155	KR4h0117_WYG_446-10b
453.md	163	KR4h0117_WYG_446-11a
453.md	171	KR4h0117_WYG_446-11b
453.md	179	KR4h0117_WYG_446-12a
453.md	187	KR4h0117_WYG_446-12b
453.md	195	KR4h0117_WYG_446-13a
453.md	203	KR4h0117_WYG_446-13b
453.md	211	KR4h0117_WYG_446-14a
453.md	219	KR4h0117_WYG_446-14b
453.md	227	KR4h0117_WYG_446-15a
453.md	235	KR4h0117_WYG_446-15b
453.md	243	KR4h0117_WYG_446-16a
453.md	251	KR4h0117_WYG_446-16b
453.md	259	KR4h0117_WYG_446-17a
453.md	267	KR4h0117_WYG_446-17b
453.md	275	KR4h0117_WYG_446-18a
453.md	283	KR4h0117_WYG_446-18b
453.md	291	KR4h0117_WYG_446-19a
453.md	299	KR4h0117_WYG_446-19b
453.md	307	KR4h0117_WYG_446-20a
453.md	315	KR4h0117_WYG_446-20b
453.md	323	KR4h0117_WYG_446-21a
453.md	331	KR4h0117_WYG_446-21b
453.md	339	KR4h0117_WYG_446-22a
453.md	347	KR4h0117_WYG_446-22b
454.md	3	KR4h0117_WYG_447-1a
454.md	11	KR4h0117_WYG_447-1b
454.md	19	KR4h0117_WYG_447-2a
454.md	27	KR4h0117_WYG_447-2b
454.md	35	KR4h0117_WYG_447-3a
454.md	43	KR4h0117_WYG_447-3b
454.md	51	KR4h0117_WYG_447-4a
454.md	59	KR4h0117_WYG_447-4b
454.md	67	KR4h0117_WYG_447-5a
454.md	75	KR4h0117_WYG_447-5b
454.md	83	KR4h0117_WYG_447-6a
454.md	91	KR4h0117_WYG_447-6b
454.md	99	KR4h0117_WYG_447-7a
454.md	107	KR4h0117_WYG_447-7b
454.md	115	KR4h0117_WYG_447-8a
454.md	123	KR4h0117_WYG_447-8b
454.md	131	KR4h0117_WYG_447-9a
454.md	139	KR4h0117_WYG_447-9b
454.md	147	KR4h0117_WYG_447-10a
454.md	155	KR4h0117_WYG_447-10b
454.md	163	KR4h0117_WYG_447-11a
454.md	171	KR4h0117_WYG_447-11b
454.md	179	KR4h0117_WYG_447-12a
454.md	187	KR4h0117_WYG_447-12b
454.md	195	KR4h0117_WYG_447-13a
454.md	203	KR4h0117_WYG_447-13b
454.md	211	KR4h0117_WYG_447-14a
454.md	219	KR4h0117_WYG_447-14b
454.md	227	KR4h0117_WYG_447-15a
454.md	235	KR4h0117_WYG_447-15b
454.md	243	KR4h0117_WYG_447-16a
454.md	251	KR4h0117_WYG_447-16b
454.md	259	KR4h0117_WYG_447-17a
454.md	267	KR4h0117_WYG_447-17b
454.md	275	KR4h0117_WYG_447-18a
454.md	283	KR4h0117_WYG_447-18b
454.md	291	KR4h0117_WYG_447-19a
454.md	299	KR4h0117_WYG_447-19b
454.md	307	KR4h0117_WYG_447-20a
454.md	315	KR4h0117_WYG_447-20b
454.md	323	KR4h0117_WYG_447-21a
454.md	331	KR4h0117_WYG_447-21b
454.md	339	KR4h0117_WYG_447-22a
454.md	347	KR4h0117_WYG_447-22b
454.md	355	KR4h0117_WYG_447-23a
454.md	363	KR4h0117_WYG_447-23b
454.md	371	KR4h0117_WYG_447-24a
454.md	379	KR4h0117_WYG_447-24b
454.md	387	KR4h0117_WYG_447-25a
454.md	395	KR4h0117_WYG_447-25b
454.md	403	KR4h0117_WYG_447-26a
454.md	411	KR4h0117_WYG_447-26b
454.md	419	KR4h0117_WYG_447-27a
454.md	427	KR4h0117_WYG_447-27b
454.md	435	KR4h0117_WYG_447-28a
454.md	443	KR4h0117_WYG_447-28b
454.md	451	KR4h0117_WYG_447-29a
454.md	459	KR4h0117_WYG_447-29b
454.md	467	KR4h0117_WYG_447-30a
454.md	475	KR4h0117_WYG_447-30b
454.md	483	KR4h0117_WYG_447-31a
454.md	491	KR4h0117_WYG_447-31b
454.md	499	KR4h0117_WYG_447-32a
454.md	507	KR4h0117_WYG_447-32b
454.md	515	KR4h0117_WYG_447-33a
454.md	523	KR4h0117_WYG_447-33b
454.md	531	KR4h0117_WYG_447-34a
454.md	539	KR4h0117_WYG_447-34b
454.md	547	KR4h0117_WYG_447-35a
454.md	555	KR4h0117_WYG_447-35b
454.md	563	KR4h0117_WYG_447-36a
454.md	571	KR4h0117_WYG_447-36b
454.md	579	KR4h0117_WYG_447-37a
454.md	587	KR4h0117_WYG_447-37b
454.md	595	KR4h0117_WYG_447-38a
454.md	603	KR4h0117_WYG_447-38b
454.md	611	KR4h0117_WYG_447-39a
454.md	619	KR4h0117_WYG_447-39b
454.md	627	KR4h0117_WYG_447-40a
454.md	635	KR4h0117_WYG_447-40b
454.md	643	KR4h0117_WYG_447-41a
454.md	651	KR4h0117_WYG_447-41b
454.md	659	KR4h0117_WYG_447-42a
454.md	667	KR4h0117_WYG_447-42b
454.md	675	KR4h0117_WYG_447-43a
454.md	683	KR4h0117_WYG_447-43b
454.md	691	KR4h0117_WYG_447-44a
454.md	699	KR4h0117_WYG_447-44b
454.md	707	KR4h0117_WYG_447-45a
454.md	715	KR4h0117_WYG_447-45b
454.md	723	KR4h0117_WYG_447-46a
454.md	731	KR4h0117_WYG_447-46b
454.md	739	KR4h0117_WYG_447-47a
454.md	747	KR4h0117_WYG_447-47b
454.md	755	KR4h0117_WYG_447-48a
454.md	763	KR4h0117_WYG_447-48b
454.md	771	KR4h0117_WYG_447-49a
454.md	779	KR4h0117_WYG_447-49b
454.md	787	KR4h0117_WYG_447-50a
454.md	795	KR4h0117_WYG_447-50b
454.md	803	KR4h0117_WYG_447-51a
454.md	811	KR4h0117_WYG_447-51b
454.md	819	KR4h0117_WYG_447-52a
454.md	827	KR4h0117_WYG_447-52b
454.md	835	KR4h0117_WYG_447-53a
454.md	843	KR4h0117_WYG_447-53b
454.md	851	KR4h0117_WYG_447-54a
454.md	859	KR4h0117_WYG_447-54b
454.md	867	KR4h0117_WYG_447-55a
454.md	875	KR4h0117_WYG_447-55b
454.md	883	KR4h0117_WYG_447-56a
454.md	891	KR4h0117_WYG_447-56b
454.md	899	KR4h0117_WYG_447-57a
454.md	907	KR4h0117_WYG_447-57b
454.md	915	KR4h0117_WYG_447-58a
454.md	923	KR4h0117_WYG_447-58b
454.md	931	KR4h0117_WYG_447-59a
454.md	939	KR4h0117_WYG_447-59b
454.md	947	KR4h0117_WYG_447-60a
454.md	955	KR4h0117_WYG_447-60b
454.md	963	KR4h0117_WYG_447-61a
454.md	971	KR4h0117_WYG_447-61b
454.md	979	KR4h0117_WYG_447-62a
454.md	987	KR4h0117_WYG_447-62b
454.md	995	KR4h0117_WYG_447-63a
454.md	1003	KR4h0117_WYG_447-63b
454.md	1011	KR4h0117_WYG_447-64a
454.md	1019	KR4h0117_WYG_447-64b
454.md	1027	KR4h0117_WYG_447-65a
454.md	1035	KR4h0117_WYG_447-65b
454.md	1043	KR4h0117_WYG_447-66a
454.md	1051	KR4h0117_WYG_447-66b
455.md	3	KR4h0117_WYG_448-1a
455.md	11	KR4h0117_WYG_448-1b
455.md	19	KR4h0117_WYG_448-2a
455.md	27	KR4h0117_WYG_448-2b
455.md	35	KR4h0117_WYG_448-3a
455.md	43	KR4h0117_WYG_448-3b
455.md	51	KR4h0117_WYG_448-4a
455.md	59	KR4h0117_WYG_448-4b
455.md	67	KR4h0117_WYG_448-5a
455.md	75	KR4h0117_WYG_448-5b
455.md	83	KR4h0117_WYG_448-6a
455.md	91	KR4h0117_WYG_448-6b
455.md	99	KR4h0117_WYG_448-7a
455.md	107	KR4h0117_WYG_448-7b
455.md	115	KR4h0117_WYG_448-8a
455.md	123	KR4h0117_WYG_448-8b
455.md	131	KR4h0117_WYG_448-9a
455.md	139	KR4h0117_WYG_448-9b
455.md	147	KR4h0117_WYG_448-10a
455.md	155	KR4h0117_WYG_448-10b
455.md	163	KR4h0117_WYG_448-11a
455.md	171	KR4h0117_WYG_448-11b
455.md	179	KR4h0117_WYG_448-12a
455.md	187	KR4h0117_WYG_448-12b
455.md	195	KR4h0117_WYG_448-13a
455.md	203	KR4h0117_WYG_448-13b
455.md	211	KR4h0117_WYG_448-14a
455.md	219	KR4h0117_WYG_448-14b
455.md	227	KR4h0117_WYG_448-15a
455.md	235	KR4h0117_WYG_448-15b
455.md	243	KR4h0117_WYG_448-16a
455.md	251	KR4h0117_WYG_448-16b
455.md	259	KR4h0117_WYG_448-17a
455.md	267	KR4h0117_WYG_448-17b
455.md	275	KR4h0117_WYG_448-18a
455.md	283	KR4h0117_WYG_448-18b
455.md	291	KR4h0117_WYG_448-19a
455.md	299	KR4h0117_WYG_448-19b
455.md	307	KR4h0117_WYG_448-20a
455.md	315	KR4h0117_WYG_448-20b
455.md	323	KR4h0117_WYG_448-21a
455.md	331	KR4h0117_WYG_448-21b
455.md	339	KR4h0117_WYG_448-22a
455.md	347	KR4h0117_WYG_448-22b
455.md	355	KR4h0117_WYG_448-23a
455.md	363	KR4h0117_WYG_448-23b
455.md	371	KR4h0117_WYG_448-24a
455.md	379	KR4h0117_WYG_448-24b
455.md	387	KR4h0117_WYG_448-25a
455.md	395	KR4h0117_WYG_448-25b
455.md	403	KR4h0117_WYG_448-26a
455.md	411	KR4h0117_WYG_448-26b
455.md	419	KR4h0117_WYG_448-27a
455.md	427	KR4h0117_WYG_448-27b
455.md	435	KR4h0117_WYG_448-28a
455.md	443	KR4h0117_WYG_448-28b
455.md	451	KR4h0117_WYG_448-29a
455.md	459	KR4h0117_WYG_448-29b
455.md	467	KR4h0117_WYG_448-30a
455.md	475	KR4h0117_WYG_448-30b
455.md	483	KR4h0117_WYG_448-31a
455.md	491	KR4h0117_WYG_448-31b
455.md	499	KR4h0117_WYG_448-32a
455.md	507	KR4h0117_WYG_448-32b
455.md	515	KR4h0117_WYG_448-33a
455.md	523	KR4h0117_WYG_448-33b
455.md	531	KR4h0117_WYG_448-34a
455.md	539	KR4h0117_WYG_448-34b
455.md	547	KR4h0117_WYG_448-35a
455.md	555	KR4h0117_WYG_448-35b
455.md	563	KR4h0117_WYG_448-36a
455.md	571	KR4h0117_WYG_448-36b
455.md	579	KR4h0117_WYG_448-37a
455.md	587	KR4h0117_WYG_448-37b
455.md	595	KR4h0117_WYG_448-38a
455.md	603	KR4h0117_WYG_448-38b
455.md	611	KR4h0117_WYG_448-39a
455.md	619	KR4h0117_WYG_448-39b
455.md	627	KR4h0117_WYG_448-40a
455.md	635	KR4h0117_WYG_448-40b
455.md	643	KR4h0117_WYG_448-41a
455.md	651	KR4h0117_WYG_448-41b
455.md	659	KR4h0117_WYG_448-42a
455.md	667	KR4h0117_WYG_448-42b
455.md	675	KR4h0117_WYG_448-43a
455.md	683	KR4h0117_WYG_448-43b
455.md	691	KR4h0117_WYG_448-44a
455.md	699	KR4h0117_WYG_448-44b
455.md	707	KR4h0117_WYG_448-45a
455.md	715	KR4h0117_WYG_448-45b
455.md	723	KR4h0117_WYG_448-46a
455.md	731	KR4h0117_WYG_448-46b
456.md	3	KR4h0117_WYG_449-1a
456.md	11	KR4h0117_WYG_449-1b
456.md	19	KR4h0117_WYG_449-2a
456.md	27	KR4h0117_WYG_449-2b
456.md	35	KR4h0117_WYG_449-3a
456.md	43	KR4h0117_WYG_449-3b
456.md	51	KR4h0117_WYG_449-4a
456.md	59	KR4h0117_WYG_449-4b
456.md	67	KR4h0117_WYG_449-5a
456.md	75	KR4h0117_WYG_449-5b
456.md	83	KR4h0117_WYG_449-6a
456.md	91	KR4h0117_WYG_449-6b
456.md	99	KR4h0117_WYG_449-7a
456.md	107	KR4h0117_WYG_449-7b
456.md	115	KR4h0117_WYG_449-8a
456.md	123	KR4h0117_WYG_449-8b
456.md	131	KR4h0117_WYG_449-9a
456.md	139	KR4h0117_WYG_449-9b
456.md	147	KR4h0117_WYG_449-10a
456.md	155	KR4h0117_WYG_449-10b
456.md	163	KR4h0117_WYG_449-11a
456.md	171	KR4h0117_WYG_449-11b
456.md	179	KR4h0117_WYG_449-12a
456.md	187	KR4h0117_WYG_449-12b
456.md	195	KR4h0117_WYG_449-13a
456.md	203	KR4h0117_WYG_449-13b
456.md	211	KR4h0117_WYG_449-14a
456.md	219	KR4h0117_WYG_449-14b
456.md	227	KR4h0117_WYG_449-15a
456.md	235	KR4h0117_WYG_449-15b
456.md	243	KR4h0117_WYG_449-16a
456.md	251	KR4h0117_WYG_449-16b
456.md	259	KR4h0117_WYG_449-17a
456.md	267	KR4h0117_WYG_449-17b
456.md	275	KR4h0117_WYG_449-18a
456.md	283	KR4h0117_WYG_449-18b
456.md	291	KR4h0117_WYG_449-19a
456.md	299	KR4h0117_WYG_449-19b
456.md	307	KR4h0117_WYG_449-20a
456.md	315	KR4h0117_WYG_449-20b
456.md	323	KR4h0117_WYG_449-21a
456.md	331	KR4h0117_WYG_449-21b
456.md	339	KR4h0117_WYG_449-22a
456.md	347	KR4h0117_WYG_449-22b
457.md	3	KR4h0117_WYG_450-1a
457.md	11	KR4h0117_WYG_450-1b
457.md	19	KR4h0117_WYG_450-2a
457.md	27	KR4h0117_WYG_450-2b
457.md	35	KR4h0117_WYG_450-3a
457.md	43	KR4h0117_WYG_450-3b
457.md	51	KR4h0117_WYG_450-4a
457.md	59	KR4h0117_WYG_450-4b
457.md	67	KR4h0117_WYG_450-5a
457.md	75	KR4h0117_WYG_450-5b
457.md	83	KR4h0117_WYG_450-6a
457.md	91	KR4h0117_WYG_450-6b
457.md	99	KR4h0117_WYG_450-7a
457.md	107	KR4h0117_WYG_450-7b
457.md	115	KR4h0117_WYG_450-8a
457.md	123	KR4h0117_WYG_450-8b
457.md	131	KR4h0117_WYG_450-9a
457.md	139	KR4h0117_WYG_450-9b
457.md	147	KR4h0117_WYG_450-10a
457.md	155	KR4h0117_WYG_450-10b
457.md	163	KR4h0117_WYG_450-11a
457.md	171	KR4h0117_WYG_450-11b
457.md	179	KR4h0117_WYG_450-12a
457.md	187	KR4h0117_WYG_450-12b
457.md	195	KR4h0117_WYG_450-13a
457.md	203	KR4h0117_WYG_450-13b
457.md	211	KR4h0117_WYG_450-14a
457.md	219	KR4h0117_WYG_450-14b
457.md	227	KR4h0117_WYG_450-15a
457.md	235	KR4h0117_WYG_450-15b
457.md	243	KR4h0117_WYG_450-16a
457.md	251	KR4h0117_WYG_450-16b
457.md	259	KR4h0117_WYG_450-17a
457.md	267	KR4h0117_WYG_450-17b
457.md	275	KR4h0117_WYG_450-18a
457.md	283	KR4h0117_WYG_450-18b
457.md	291	KR4h0117_WYG_450-19a
457.md	299	KR4h0117_WYG_450-19b
457.md	307	KR4h0117_WYG_450-20a
457.md	315	KR4h0117_WYG_450-20b
457.md	323	KR4h0117_WYG_450-21a
457.md	331	KR4h0117_WYG_450-21b
457.md	339	KR4h0117_WYG_450-22a
457.md	347	KR4h0117_WYG_450-22b
457.md	355	KR4h0117_WYG_450-23a
457.md	363	KR4h0117_WYG_450-23b
457.md	371	KR4h0117_WYG_450-24a
457.md	379	KR4h0117_WYG_450-24b
457.md	387	KR4h0117_WYG_450-25a
457.md	395	KR4h0117_WYG_450-25b
457.md	403	KR4h0117_WYG_450-26a
457.md	411	KR4h0117_WYG_450-26b
457.md	419	KR4h0117_WYG_450-27a
457.md	427	KR4h0117_WYG_450-27b
457.md	435	KR4h0117_WYG_450-28a
457.md	443	KR4h0117_WYG_450-28b
457.md	451	KR4h0117_WYG_450-29a
457.md	459	KR4h0117_WYG_450-29b
457.md	467	KR4h0117_WYG_450-30a
457.md	475	KR4h0117_WYG_450-30b
457.md	483	KR4h0117_WYG_450-31a
457.md	491	KR4h0117_WYG_450-31b
457.md	499	KR4h0117_WYG_450-32a
457.md	507	KR4h0117_WYG_450-32b
457.md	515	KR4h0117_WYG_450-33a
457.md	523	KR4h0117_WYG_450-33b
457.md	531	KR4h0117_WYG_450-34a
457.md	539	KR4h0117_WYG_450-34b
457.md	547	KR4h0117_WYG_450-35a
457.md	555	KR4h0117_WYG_450-35b
457.md	563	KR4h0117_WYG_450-36a
457.md	571	KR4h0117_WYG_450-36b
457.md	579	KR4h0117_WYG_450-37a
457.md	587	KR4h0117_WYG_450-37b
457.md	595	KR4h0117_WYG_450-38a
457.md	603	KR4h0117_WYG_450-38b
457.md	611	KR4h0117_WYG_450-39a
457.md	619	KR4h0117_WYG_450-39b
457.md	627	KR4h0117_WYG_450-40a
457.md	635	KR4h0117_WYG_450-40b
457.md	643	KR4h0117_WYG_450-41a
457.md	651	KR4h0117_WYG_450-41b
457.md	659	KR4h0117_WYG_450-42a
457.md	667	KR4h0117_WYG_450-42b
457.md	675	KR4h0117_WYG_450-43a
457.md	683	KR4h0117_WYG_450-43b
457.md	691	KR4h0117_WYG_450-44a
457.md	699	KR4h0117_WYG_450-44b
457.md	707	KR4h0117_WYG_450-45a
457.md	715	KR4h0117_WYG_450-45b
458.md	3	KR4h0117_WYG_451-1a
458.md	11	KR4h0117_WYG_451-1b
458.md	19	KR4h0117_WYG_451-2a
458.md	27	KR4h0117_WYG_451-2b
458.md	35	KR4h0117_WYG_451-3a
458.md	43	KR4h0117_WYG_451-3b
458.md	51	KR4h0117_WYG_451-4a
458.md	59	KR4h0117_WYG_451-4b
458.md	67	KR4h0117_WYG_451-5a
458.md	75	KR4h0117_WYG_451-5b
458.md	83	KR4h0117_WYG_451-6a
458.md	91	KR4h0117_WYG_451-6b
458.md	99	KR4h0117_WYG_451-7a
458.md	107	KR4h0117_WYG_451-7b
458.md	115	KR4h0117_WYG_451-8a
458.md	123	KR4h0117_WYG_451-8b
458.md	131	KR4h0117_WYG_451-9a
458.md	139	KR4h0117_WYG_451-9b
458.md	147	KR4h0117_WYG_451-10a
458.md	155	KR4h0117_WYG_451-10b
458.md	163	KR4h0117_WYG_451-11a
458.md	171	KR4h0117_WYG_451-11b
458.md	179	KR4h0117_WYG_451-12a
458.md	187	KR4h0117_WYG_451-12b
458.md	195	KR4h0117_WYG_451-13a
458.md	203	KR4h0117_WYG_451-13b
458.md	211	KR4h0117_WYG_451-14a
458.md	219	KR4h0117_WYG_451-14b
458.md	227	KR4h0117_WYG_451-15a
458.md	235	KR4h0117_WYG_451-15b
458.md	243	KR4h0117_WYG_451-16a
458.md	251	KR4h0117_WYG_451-16b
458.md	259	KR4h0117_WYG_451-17a
458.md	267	KR4h0117_WYG_451-17b
458.md	275	KR4h0117_WYG_451-18a
458.md	283	KR4h0117_WYG_451-18b
458.md	291	KR4h0117_WYG_451-19a
458.md	299	KR4h0117_WYG_451-19b
458.md	307	KR4h0117_WYG_451-20a
458.md	315	KR4h0117_WYG_451-20b
458.md	323	KR4h0117_WYG_451-21a
458.md	331	KR4h0117_WYG_451-21b
458.md	339	KR4h0117_WYG_451-22a
458.md	347	KR4h0117_WYG_451-22b
458.md	355	KR4h0117_WYG_451-23a
458.md	363	KR4h0117_WYG_451-23b
458.md	371	KR4h0117_WYG_451-24a
458.md	379	KR4h0117_WYG_451-24b
458.md	387	KR4h0117_WYG_451-25a
458.md	395	KR4h0117_WYG_451-25b
458.md	403	KR4h0117_WYG_451-26a
458.md	411	KR4h0117_WYG_451-26b
458.md	419	KR4h0117_WYG_451-27a
458.md	427	KR4h0117_WYG_451-27b
458.md	435	KR4h0117_WYG_451-28a
458.md	443	KR4h0117_WYG_451-28b
458.md	451	KR4h0117_WYG_451-29a
458.md	459	KR4h0117_WYG_451-29b
458.md	467	KR4h0117_WYG_451-30a
458.md	475	KR4h0117_WYG_451-30b
458.md	483	KR4h0117_WYG_451-31a
458.md	491	KR4h0117_WYG_451-31b
458.md	499	KR4h0117_WYG_451-32a
458.md	507	KR4h0117_WYG_451-32b
458.md	515	KR4h0117_WYG_451-33a
458.md	523	KR4h0117_WYG_451-33b
458.md	531	KR4h0117_WYG_451-34a
458.md	539	KR4h0117_WYG_451-34b
458.md	547	KR4h0117_WYG_451-35a
458.md	555	KR4h0117_WYG_451-35b
458.md	563	KR4h0117_WYG_451-36a
458.md	571	KR4h0117_WYG_451-36b
458.md	579	KR4h0117_WYG_451-37a
458.md	587	KR4h0117_WYG_451-37b
458.md	595	KR4h0117_WYG_451-38a
458.md	603	KR4h0117_WYG_451-38b
458.md	611	KR4h0117_WYG_451-39a
458.md	619	KR4h0117_WYG_451-39b
458.md	627	KR4h0117_WYG_451-40a
458.md	635	KR4h0117_WYG_451-40b
458.md	643	KR4h0117_WYG_451-41a
458.md	651	KR4h0117_WYG_451-41b
458.md	659	KR4h0117_WYG_451-42a
458.md	667	KR4h0117_WYG_451-42b
458.md	675	KR4h0117_WYG_451-43a
458.md	683	KR4h0117_WYG_451-43b
458.md	691	KR4h0117_WYG_451-44a
458.md	699	KR4h0117_WYG_451-44b
458.md	707	KR4h0117_WYG_451-45a
458.md	715	KR4h0117_WYG_451-45b
458.md	723	KR4h0117_WYG_451-46a
458.md	731	KR4h0117_WYG_451-46b
458.md	739	KR4h0117_WYG_451-47a
458.md	747	KR4h0117_WYG_451-47b
458.md	755	KR4h0117_WYG_451-48a
458.md	763	KR4h0117_WYG_451-48b
458.md	771	KR4h0117_WYG_451-49a
458.md	779	KR4h0117_WYG_451-49b
458.md	787	KR4h0117_WYG_451-50a
458.md	795	KR4h0117_WYG_451-50b
458.md	803	KR4h0117_WYG_451-51a
458.md	811	KR4h0117_WYG_451-51b
458.md	819	KR4h0117_WYG_451-52a
458.md	827	KR4h0117_WYG_451-52b
459.md	3	KR4h0117_WYG_452-1a
459.md	11	KR4h0117_WYG_452-1b
459.md	19	KR4h0117_WYG_452-2a
459.md	27	KR4h0117_WYG_452-2b
459.md	35	KR4h0117_WYG_452-3a
459.md	43	KR4h0117_WYG_452-3b
459.md	51	KR4h0117_WYG_452-4a
459.md	59	KR4h0117_WYG_452-4b
459.md	67	KR4h0117_WYG_452-5a
459.md	75	KR4h0117_WYG_452-5b
459.md	83	KR4h0117_WYG_452-6a
459.md	91	KR4h0117_WYG_452-6b
459.md	99	KR4h0117_WYG_452-7a
459.md	107	KR4h0117_WYG_452-7b
459.md	115	KR4h0117_WYG_452-8a
459.md	123	KR4h0117_WYG_452-8b
459.md	131	KR4h0117_WYG_452-9a
459.md	139	KR4h0117_WYG_452-9b
459.md	147	KR4h0117_WYG_452-10a
459.md	155	KR4h0117_WYG_452-10b
459.md	163	KR4h0117_WYG_452-11a
459.md	171	KR4h0117_WYG_452-11b
459.md	179	KR4h0117_WYG_452-12a
459.md	187	KR4h0117_WYG_452-12b
459.md	195	KR4h0117_WYG_452-13a
459.md	203	KR4h0117_WYG_452-13b
459.md	211	KR4h0117_WYG_452-14a
459.md	219	KR4h0117_WYG_452-14b
459.md	227	KR4h0117_WYG_452-15a
459.md	235	KR4h0117_WYG_452-15b
459.md	243	KR4h0117_WYG_452-16a
459.md	251	KR4h0117_WYG_452-16b
459.md	259	KR4h0117_WYG_452-17a
459.md	267	KR4h0117_WYG_452-17b
460.md	3	KR4h0117_WYG_453-1a
460.md	11	KR4h0117_WYG_453-1b
460.md	19	KR4h0117_WYG_453-2a
460.md	27	KR4h0117_WYG_453-2b
460.md	35	KR4h0117_WYG_453-3a
460.md	43	KR4h0117_WYG_453-3b
460.md	51	KR4h0117_WYG_453-4a
460.md	59	KR4h0117_WYG_453-4b
460.md	67	KR4h0117_WYG_453-5a
460.md	75	KR4h0117_WYG_453-5b
460.md	83	KR4h0117_WYG_453-6a
460.md	91	KR4h0117_WYG_453-6b
460.md	99	KR4h0117_WYG_453-7a
460.md	107	KR4h0117_WYG_453-7b
460.md	115	KR4h0117_WYG_453-8a
460.md	123	KR4h0117_WYG_453-8b
460.md	131	KR4h0117_WYG_453-9a
460.md	139	KR4h0117_WYG_453-9b
460.md	147	KR4h0117_WYG_453-10a
460.md	155	KR4h0117_WYG_453-10b
460.md	163	KR4h0117_WYG_453-11a
460.md	171	KR4h0117_WYG_453-11b
460.md	179	KR4h0117_WYG_453-12a
460.md	187	KR4h0117_WYG_453-12b
460.md	195	KR4h0117_WYG_453-13a
460.md	203	KR4h0117_WYG_453-13b
460.md	211	KR4h0117_WYG_453-14a
460.md	219	KR4h0117_WYG_453-14b
460.md	227	KR4h0117_WYG_453-15a
460.md	235	KR4h0117_WYG_453-15b
460.md	243	KR4h0117_WYG_453-16a
460.md	251	KR4h0117_WYG_453-16b
460.md	259	KR4h0117_WYG_453-17a
460.md	267	KR4h0117_WYG_453-17b
460.md	275	KR4h0117_WYG_453-18a
460.md	283	KR4h0117_WYG_453-18b
460.md	291	KR4h0117_WYG_453-19a
460.md	299	KR4h0117_WYG_453-19b
460.md	307	KR4h0117_WYG_453-20a
460.md	315	KR4h0117_WYG_453-20b
460.md	323	KR4h0117_WYG_453-21a
460.md	331	KR4h0117_WYG_453-21b
460.md	339	KR4h0117_WYG_453-22a
460.md	347	KR4h0117_WYG_453-22b
460.md	355	KR4h0117_WYG_453-23a
460.md	363	KR4h0117_WYG_453-23b
460.md	371	KR4h0117_WYG_453-24a
460.md	379	KR4h0117_WYG_453-24b
460.md	387	KR4h0117_WYG_453-25a
460.md	395	KR4h0117_WYG_453-25b
460.md	403	KR4h0117_WYG_453-26a
460.md	411	KR4h0117_WYG_453-26b
460.md	419	KR4h0117_WYG_453-27a
460.md	427	KR4h0117_WYG_453-27b
460.md	435	KR4h0117_WYG_453-28a
460.md	443	KR4h0117_WYG_453-28b
460.md	451	KR4h0117_WYG_453-29a
460.md	459	KR4h0117_WYG_453-29b
460.md	467	KR4h0117_WYG_453-30a
460.md	475	KR4h0117_WYG_453-30b
460.md	483	KR4h0117_WYG_453-31a
460.md	491	KR4h0117_WYG_453-31b
460.md	499	KR4h0117_WYG_453-32a
460.md	507	KR4h0117_WYG_453-32b
460.md	515	KR4h0117_WYG_453-33a
460.md	523	KR4h0117_WYG_453-33b
460.md	531	KR4h0117_WYG_453-34a
460.md	539	KR4h0117_WYG_453-34b
460.md	547	KR4h0117_WYG_453-35a
460.md	555	KR4h0117_WYG_453-35b
460.md	563	KR4h0117_WYG_453-36a
460.md	571	KR4h0117_WYG_453-36b
460.md	579	KR4h0117_WYG_453-37a
460.md	587	KR4h0117_WYG_453-37b
460.md	595	KR4h0117_WYG_453-38a
460.md	603	KR4h0117_WYG_453-38b
460.md	611	KR4h0117_WYG_453-39a
460.md	619	KR4h0117_WYG_453-39b
460.md	627	KR4h0117_WYG_453-40a
460.md	635	KR4h0117_WYG_453-40b
460.md	643	KR4h0117_WYG_453-41a
460.md	651	KR4h0117_WYG_453-41b
460.md	659	KR4h0117_WYG_453-42a
460.md	667	KR4h0117_WYG_453-42b
460.md	675	KR4h0117_WYG_453-43a
460.md	683	KR4h0117_WYG_453-43b
460.md	691	KR4h0117_WYG_453-44a
460.md	699	KR4h0117_WYG_453-44b
460.md	707	KR4h0117_WYG_453-45a
460.md	715	KR4h0117_WYG_453-45b
460.md	723	KR4h0117_WYG_453-46a
460.md	731	KR4h0117_WYG_453-46b
460.md	739	KR4h0117_WYG_453-47a
460.md	747	KR4h0117_WYG_453-47b
460.md	755	KR4h0117_WYG_453-48a
460.md	763	KR4h0117_WYG_453-48b
460.md	771	KR4h0117_WYG_453-49a
460.md	779	KR4h0117_WYG_453-49b
460.md	787	KR4h0117_WYG_453-50a
460.md	795	KR4h0117_WYG_453-50b
460.md	803	KR4h0117_WYG_453-51a
460.md	811	KR4h0117_WYG_453-51b
460.md	819	KR4h0117_WYG_453-52a
460.md	827	KR4h0117_WYG_453-52b
460.md	835	KR4h0117_WYG_453-53a
460.md	843	KR4h0117_WYG_453-53b
460.md	851	KR4h0117_WYG_453-54a
460.md	859	KR4h0117_WYG_453-54b
460.md	867	KR4h0117_WYG_453-55a
460.md	875	KR4h0117_WYG_453-55b
460.md	883	KR4h0117_WYG_453-56a
460.md	891	KR4h0117_WYG_453-56b
460.md	899	KR4h0117_WYG_453-57a
460.md	907	KR4h0117_WYG_453-57b
461.md	3	KR4h0117_WYG_454-1a
461.md	11	KR4h0117_WYG_454-1b
461.md	19	KR4h0117_WYG_454-2a
461.md	27	KR4h0117_WYG_454-2b
461.md	35	KR4h0117_WYG_454-3a
461.md	43	KR4h0117_WYG_454-3b
461.md	51	KR4h0117_WYG_454-4a
461.md	59	KR4h0117_WYG_454-4b
461.md	67	KR4h0117_WYG_454-5a
461.md	75	KR4h0117_WYG_454-5b
461.md	83	KR4h0117_WYG_454-6a
461.md	91	KR4h0117_WYG_454-6b
461.md	99	KR4h0117_WYG_454-7a
461.md	107	KR4h0117_WYG_454-7b
461.md	115	KR4h0117_WYG_454-8a
461.md	123	KR4h0117_WYG_454-8b
461.md	131	KR4h0117_WYG_454-9a
461.md	139	KR4h0117_WYG_454-9b
461.md	147	KR4h0117_WYG_454-10a
461.md	155	KR4h0117_WYG_454-10b
461.md	163	KR4h0117_WYG_454-11a
461.md	171	KR4h0117_WYG_454-11b
461.md	179	KR4h0117_WYG_454-12a
461.md	187	KR4h0117_WYG_454-12b
461.md	195	KR4h0117_WYG_454-13a
461.md	203	KR4h0117_WYG_454-13b
461.md	211	KR4h0117_WYG_454-14a
461.md	219	KR4h0117_WYG_454-14b
461.md	227	KR4h0117_WYG_454-15a
461.md	235	KR4h0117_WYG_454-15b
461.md	243	KR4h0117_WYG_454-16a
461.md	251	KR4h0117_WYG_454-16b
461.md	259	KR4h0117_WYG_454-17a
461.md	267	KR4h0117_WYG_454-17b
461.md	275	KR4h0117_WYG_454-18a
461.md	283	KR4h0117_WYG_454-18b
461.md	291	KR4h0117_WYG_454-19a
461.md	299	KR4h0117_WYG_454-19b
461.md	307	KR4h0117_WYG_454-20a
461.md	315	KR4h0117_WYG_454-20b
461.md	323	KR4h0117_WYG_454-21a
461.md	331	KR4h0117_WYG_454-21b
461.md	339	KR4h0117_WYG_454-22a
461.md	347	KR4h0117_WYG_454-22b
461.md	355	KR4h0117_WYG_454-23a
461.md	363	KR4h0117_WYG_454-23b
461.md	371	KR4h0117_WYG_454-24a
461.md	379	KR4h0117_WYG_454-24b
461.md	387	KR4h0117_WYG_454-25a
461.md	395	KR4h0117_WYG_454-25b
461.md	403	KR4h0117_WYG_454-26a
461.md	411	KR4h0117_WYG_454-26b
461.md	419	KR4h0117_WYG_454-27a
461.md	427	KR4h0117_WYG_454-27b
461.md	435	KR4h0117_WYG_454-28a
461.md	443	KR4h0117_WYG_454-28b
461.md	451	KR4h0117_WYG_454-29a
461.md	459	KR4h0117_WYG_454-29b
461.md	467	KR4h0117_WYG_454-30a
461.md	475	KR4h0117_WYG_454-30b
461.md	483	KR4h0117_WYG_454-31a
461.md	491	KR4h0117_WYG_454-31b
461.md	499	KR4h0117_WYG_454-32a
461.md	507	KR4h0117_WYG_454-32b
461.md	515	KR4h0117_WYG_454-33a
461.md	523	KR4h0117_WYG_454-33b
461.md	531	KR4h0117_WYG_454-34a
461.md	539	KR4h0117_WYG_454-34b
461.md	547	KR4h0117_WYG_454-35a
461.md	555	KR4h0117_WYG_454-35b
461.md	563	KR4h0117_WYG_454-36a
461.md	571	KR4h0117_WYG_454-36b
461.md	579	KR4h0117_WYG_454-37a
461.md	587	KR4h0117_WYG_454-37b
461.md	595	KR4h0117_WYG_454-38a
461.md	603	KR4h0117_WYG_454-38b
461.md	611	KR4h0117_WYG_454-39a
461.md	619	KR4h0117_WYG_454-39b
461.md	627	KR4h0117_WYG_454-40a
461.md	635	KR4h0117_WYG_454-40b
461.md	643	KR4h0117_WYG_454-41a
461.md	651	KR4h0117_WYG_454-41b
461.md	659	KR4h0117_WYG_454-42a
461.md	667	KR4h0117_WYG_454-42b
461.md	675	KR4h0117_WYG_454-43a
461.md	683	KR4h0117_WYG_454-43b
461.md	691	KR4h0117_WYG_454-44a
461.md	699	KR4h0117_WYG_454-44b
461.md	707	KR4h0117_WYG_454-45a
461.md	715	KR4h0117_WYG_454-45b
461.md	723	KR4h0117_WYG_454-46a
461.md	731	KR4h0117_WYG_454-46b
462.md	3	KR4h0117_WYG_455-1a
462.md	11	KR4h0117_WYG_455-1b
462.md	19	KR4h0117_WYG_455-2a
462.md	27	KR4h0117_WYG_455-2b
462.md	35	KR4h0117_WYG_455-3a
462.md	43	KR4h0117_WYG_455-3b
462.md	51	KR4h0117_WYG_455-4a
462.md	59	KR4h0117_WYG_455-4b
462.md	67	KR4h0117_WYG_455-5a
462.md	75	KR4h0117_WYG_455-5b
462.md	83	KR4h0117_WYG_455-6a
462.md	91	KR4h0117_WYG_455-6b
462.md	99	KR4h0117_WYG_455-7a
462.md	107	KR4h0117_WYG_455-7b
462.md	115	KR4h0117_WYG_455-8a
462.md	123	KR4h0117_WYG_455-8b
462.md	131	KR4h0117_WYG_455-9a
462.md	139	KR4h0117_WYG_455-9b
462.md	147	KR4h0117_WYG_455-10a
462.md	155	KR4h0117_WYG_455-10b
462.md	163	KR4h0117_WYG_455-11a
462.md	171	KR4h0117_WYG_455-11b
462.md	179	KR4h0117_WYG_455-12a
462.md	187	KR4h0117_WYG_455-12b
462.md	195	KR4h0117_WYG_455-13a
462.md	203	KR4h0117_WYG_455-13b
462.md	211	KR4h0117_WYG_455-14a
462.md	219	KR4h0117_WYG_455-14b
462.md	227	KR4h0117_WYG_455-15a
462.md	235	KR4h0117_WYG_455-15b
462.md	243	KR4h0117_WYG_455-16a
462.md	251	KR4h0117_WYG_455-16b
462.md	259	KR4h0117_WYG_455-17a
462.md	267	KR4h0117_WYG_455-17b
462.md	275	KR4h0117_WYG_455-18a
462.md	283	KR4h0117_WYG_455-18b
462.md	291	KR4h0117_WYG_455-19a
462.md	299	KR4h0117_WYG_455-19b
462.md	307	KR4h0117_WYG_455-20a
462.md	315	KR4h0117_WYG_455-20b
462.md	323	KR4h0117_WYG_455-21a
462.md	331	KR4h0117_WYG_455-21b
462.md	339	KR4h0117_WYG_455-22a
462.md	347	KR4h0117_WYG_455-22b
462.md	355	KR4h0117_WYG_455-23a
462.md	363	KR4h0117_WYG_455-23b
462.md	371	KR4h0117_WYG_455-24a
462.md	379	KR4h0117_WYG_455-24b
462.md	387	KR4h0117_WYG_455-25a
462.md	395	KR4h0117_WYG_455-25b
462.md	403	KR4h0117_WYG_455-26a
462.md	411	KR4h0117_WYG_455-26b
462.md	419	KR4h0117_WYG_455-27a
462.md	427	KR4h0117_WYG_455-27b
462.md	435	KR4h0117_WYG_455-28a
462.md	443	KR4h0117_WYG_455-28b
462.md	451	KR4h0117_WYG_455-29a
462.md	459	KR4h0117_WYG_455-29b
462.md	467	KR4h0117_WYG_455-30a
462.md	475	KR4h0117_WYG_455-30b
462.md	483	KR4h0117_WYG_455-31a
462.md	491	KR4h0117_WYG_455-31b
462.md	499	KR4h0117_WYG_455-32a
462.md	507	KR4h0117_WYG_455-32b
462.md	515	KR4h0117_WYG_455-33a
462.md	523	KR4h0117_WYG_455-33b
462.md	531	KR4h0117_WYG_455-34a
462.md	539	KR4h0117_WYG_455-34b
462.md	547	KR4h0117_WYG_455-35a
462.md	555	KR4h0117_WYG_455-35b
462.md	563	KR4h0117_WYG_455-36a
462.md	571	KR4h0117_WYG_455-36b
462.md	579	KR4h0117_WYG_455-37a
462.md	587	KR4h0117_WYG_455-37b
462.md	595	KR4h0117_WYG_455-38a
462.md	603	KR4h0117_WYG_455-38b
462.md	611	KR4h0117_WYG_455-39a
462.md	619	KR4h0117_WYG_455-39b
462.md	627	KR4h0117_WYG_455-40a
462.md	635	KR4h0117_WYG_455-40b
462.md	643	KR4h0117_WYG_455-41a
462.md	651	KR4h0117_WYG_455-41b
462.md	659	KR4h0117_WYG_455-42a
462.md	667	KR4h0117_WYG_455-42b
462.md	675	KR4h0117_WYG_455-43a
462.md	683	KR4h0117_WYG_455-43b
462.md	691	KR4h0117_WYG_455-44a
462.md	699	KR4h0117_WYG_455-44b
462.md	707	KR4h0117_WYG_455-45a
462.md	715	KR4h0117_WYG_455-45b
462.md	723	KR4h0117_WYG_455-46a
462.md	731	KR4h0117_WYG_455-46b
462.md	739	KR4h0117_WYG_455-47a
462.md	747	KR4h0117_WYG_455-47b
462.md	755	KR4h0117_WYG_455-48a
462.md	763	KR4h0117_WYG_455-48b
462.md	771	KR4h0117_WYG_455-49a
462.md	779	KR4h0117_WYG_455-49b
462.md	787	KR4h0117_WYG_455-50a
462.md	795	KR4h0117_WYG_455-50b
462.md	803	KR4h0117_WYG_455-51a
462.md	811	KR4h0117_WYG_455-51b
462.md	819	KR4h0117_WYG_455-52a
462.md	827	KR4h0117_WYG_455-52b
462.md	835	KR4h0117_WYG_455-53a
462.md	843	KR4h0117_WYG_455-53b
462.md	851	KR4h0117_WYG_455-54a
462.md	859	KR4h0117_WYG_455-54b
462.md	867	KR4h0117_WYG_455-55a
462.md	875	KR4h0117_WYG_455-55b
462.md	883	KR4h0117_WYG_455-56a
462.md	891	KR4h0117_WYG_455-56b
463.md	3	KR4h0117_WYG_456-1a
463.md	11	KR4h0117_WYG_456-1b
463.md	19	KR4h0117_WYG_456-2a
463.md	27	KR4h0117_WYG_456-2b
463.md	35	KR4h0117_WYG_456-3a
463.md	43	KR4h0117_WYG_456-3b
463.md	51	KR4h0117_WYG_456-4a
463.md	59	KR4h0117_WYG_456-4b
463.md	67	KR4h0117_WYG_456-5a
463.md	75	KR4h0117_WYG_456-5b
463.md	83	KR4h0117_WYG_456-6a
463.md	91	KR4h0117_WYG_456-6b
463.md	99	KR4h0117_WYG_456-7a
463.md	107	KR4h0117_WYG_456-7b
463.md	115	KR4h0117_WYG_456-8a
463.md	123	KR4h0117_WYG_456-8b
463.md	131	KR4h0117_WYG_456-9a
463.md	139	KR4h0117_WYG_456-9b
463.md	147	KR4h0117_WYG_456-10a
463.md	155	KR4h0117_WYG_456-10b
463.md	163	KR4h0117_WYG_456-11a
463.md	171	KR4h0117_WYG_456-11b
463.md	179	KR4h0117_WYG_456-12a
463.md	187	KR4h0117_WYG_456-12b
463.md	195	KR4h0117_WYG_456-13a
463.md	203	KR4h0117_WYG_456-13b
463.md	211	KR4h0117_WYG_456-14a
463.md	219	KR4h0117_WYG_456-14b
463.md	227	KR4h0117_WYG_456-15a
463.md	235	KR4h0117_WYG_456-15b
463.md	243	KR4h0117_WYG_456-16a
463.md	251	KR4h0117_WYG_456-16b
463.md	259	KR4h0117_WYG_456-17a
463.md	267	KR4h0117_WYG_456-17b
463.md	275	KR4h0117_WYG_456-18a
463.md	283	KR4h0117_WYG_456-18b
463.md	291	KR4h0117_WYG_456-19a
463.md	299	KR4h0117_WYG_456-19b
463.md	307	KR4h0117_WYG_456-20a
463.md	315	KR4h0117_WYG_456-20b
463.md	323	KR4h0117_WYG_456-21a
463.md	331	KR4h0117_WYG_456-21b
463.md	339	KR4h0117_WYG_456-22a
463.md	347	KR4h0117_WYG_456-22b
463.md	355	KR4h0117_WYG_456-23a
463.md	363	KR4h0117_WYG_456-23b
463.md	371	KR4h0117_WYG_456-24a
463.md	379	KR4h0117_WYG_456-24b
463.md	387	KR4h0117_WYG_456-25a
463.md	395	KR4h0117_WYG_456-25b
463.md	403	KR4h0117_WYG_456-26a
463.md	411	KR4h0117_WYG_456-26b
464.md	3	KR4h0117_WYG_457-1a
464.md	11	KR4h0117_WYG_457-1b
464.md	19	KR4h0117_WYG_457-2a
464.md	27	KR4h0117_WYG_457-2b
464.md	35	KR4h0117_WYG_457-3a
464.md	43	KR4h0117_WYG_457-3b
464.md	51	KR4h0117_WYG_457-4a
464.md	59	KR4h0117_WYG_457-4b
464.md	67	KR4h0117_WYG_457-5a
464.md	75	KR4h0117_WYG_457-5b
464.md	83	KR4h0117_WYG_457-6a
464.md	91	KR4h0117_WYG_457-6b
464.md	99	KR4h0117_WYG_457-7a
464.md	107	KR4h0117_WYG_457-7b
464.md	115	KR4h0117_WYG_457-8a
464.md	123	KR4h0117_WYG_457-8b
464.md	131	KR4h0117_WYG_457-9a
464.md	139	KR4h0117_WYG_457-9b
464.md	147	KR4h0117_WYG_457-10a
464.md	155	KR4h0117_WYG_457-10b
464.md	163	KR4h0117_WYG_457-11a
464.md	171	KR4h0117_WYG_457-11b
464.md	179	KR4h0117_WYG_457-12a
464.md	187	KR4h0117_WYG_457-12b
464.md	195	KR4h0117_WYG_457-13a
464.md	203	KR4h0117_WYG_457-13b
464.md	211	KR4h0117_WYG_457-14a
464.md	219	KR4h0117_WYG_457-14b
464.md	227	KR4h0117_WYG_457-15a
464.md	235	KR4h0117_WYG_457-15b
464.md	243	KR4h0117_WYG_457-16a
464.md	251	KR4h0117_WYG_457-16b
464.md	259	KR4h0117_WYG_457-17a
464.md	267	KR4h0117_WYG_457-17b
464.md	275	KR4h0117_WYG_457-18a
464.md	283	KR4h0117_WYG_457-18b
464.md	291	KR4h0117_WYG_457-19a
464.md	299	KR4h0117_WYG_457-19b
464.md	307	KR4h0117_WYG_457-20a
464.md	315	KR4h0117_WYG_457-20b
464.md	323	KR4h0117_WYG_457-21a
464.md	331	KR4h0117_WYG_457-21b
464.md	339	KR4h0117_WYG_457-22a
464.md	347	KR4h0117_WYG_457-22b
464.md	355	KR4h0117_WYG_457-23a
464.md	363	KR4h0117_WYG_457-23b
465.md	3	KR4h0117_WYG_458-1a
465.md	11	KR4h0117_WYG_458-1b
465.md	19	KR4h0117_WYG_458-2a
465.md	27	KR4h0117_WYG_458-2b
465.md	35	KR4h0117_WYG_458-3a
465.md	43	KR4h0117_WYG_458-3b
465.md	51	KR4h0117_WYG_458-4a
465.md	59	KR4h0117_WYG_458-4b
465.md	67	KR4h0117_WYG_458-5a
465.md	75	KR4h0117_WYG_458-5b
465.md	83	KR4h0117_WYG_458-6a
465.md	91	KR4h0117_WYG_458-6b
465.md	99	KR4h0117_WYG_458-7a
465.md	107	KR4h0117_WYG_458-7b
465.md	115	KR4h0117_WYG_458-8a
465.md	123	KR4h0117_WYG_458-8b
465.md	131	KR4h0117_WYG_458-9a
465.md	139	KR4h0117_WYG_458-9b
465.md	147	KR4h0117_WYG_458-10a
465.md	155	KR4h0117_WYG_458-10b
465.md	163	KR4h0117_WYG_458-11a
465.md	171	KR4h0117_WYG_458-11b
465.md	179	KR4h0117_WYG_458-12a
465.md	187	KR4h0117_WYG_458-12b
465.md	195	KR4h0117_WYG_458-13a
465.md	203	KR4h0117_WYG_458-13b
465.md	211	KR4h0117_WYG_458-14a
465.md	219	KR4h0117_WYG_458-14b
465.md	227	KR4h0117_WYG_458-15a
465.md	235	KR4h0117_WYG_458-15b
465.md	243	KR4h0117_WYG_458-16a
465.md	251	KR4h0117_WYG_458-16b
465.md	259	KR4h0117_WYG_458-17a
465.md	267	KR4h0117_WYG_458-17b
465.md	275	KR4h0117_WYG_458-18a
465.md	283	KR4h0117_WYG_458-18b
465.md	291	KR4h0117_WYG_458-19a
465.md	299	KR4h0117_WYG_458-19b
465.md	307	KR4h0117_WYG_458-20a
465.md	315	KR4h0117_WYG_458-20b
465.md	323	KR4h0117_WYG_458-21a
465.md	331	KR4h0117_WYG_458-21b
465.md	339	KR4h0117_WYG_458-22a
465.md	347	KR4h0117_WYG_458-22b
465.md	355	KR4h0117_WYG_458-23a
465.md	363	KR4h0117_WYG_458-23b
465.md	371	KR4h0117_WYG_458-24a
465.md	379	KR4h0117_WYG_458-24b
465.md	387	KR4h0117_WYG_458-25a
465.md	395	KR4h0117_WYG_458-25b
465.md	403	KR4h0117_WYG_458-26a
465.md	411	KR4h0117_WYG_458-26b
465.md	419	KR4h0117_WYG_458-27a
465.md	427	KR4h0117_WYG_458-27b
465.md	435	KR4h0117_WYG_458-28a
465.md	443	KR4h0117_WYG_458-28b
465.md	451	KR4h0117_WYG_458-29a
465.md	459	KR4h0117_WYG_458-29b
465.md	467	KR4h0117_WYG_458-30a
465.md	475	KR4h0117_WYG_458-30b
465.md	483	KR4h0117_WYG_458-31a
465.md	491	KR4h0117_WYG_458-31b
465.md	499	KR4h0117_WYG_458-32a
465.md	507	KR4h0117_WYG_458-32b
465.md	515	KR4h0117_WYG_458-33a
465.md	523	KR4h0117_WYG_458-33b
465.md	531	KR4h0117_WYG_458-34a
465.md	539	KR4h0117_WYG_458-34b
465.md	547	KR4h0117_WYG_458-35a
465.md	555	KR4h0117_WYG_458-35b
465.md	563	KR4h0117_WYG_458-36a
465.md	571	KR4h0117_WYG_458-36b
465.md	579	KR4h0117_WYG_458-37a
465.md	587	KR4h0117_WYG_458-37b
465.md	595	KR4h0117_WYG_458-38a
465.md	603	KR4h0117_WYG_458-38b
465.md	611	KR4h0117_WYG_458-39a
465.md	619	KR4h0117_WYG_458-39b
465.md	627	KR4h0117_WYG_458-40a
465.md	635	KR4h0117_WYG_458-40b
465.md	643	KR4h0117_WYG_458-41a
465.md	651	KR4h0117_WYG_458-41b
465.md	659	KR4h0117_WYG_458-42a
465.md	667	KR4h0117_WYG_458-42b
465.md	675	KR4h0117_WYG_458-43a
465.md	683	KR4h0117_WYG_458-43b
465.md	691	KR4h0117_WYG_458-44a
465.md	699	KR4h0117_WYG_458-44b
465.md	707	KR4h0117_WYG_458-45a
465.md	715	KR4h0117_WYG_458-45b
465.md	723	KR4h0117_WYG_458-46a
465.md	731	KR4h0117_WYG_458-46b
465.md	739	KR4h0117_WYG_458-47a
465.md	747	KR4h0117_WYG_458-47b
465.md	755	KR4h0117_WYG_458-48a
465.md	763	KR4h0117_WYG_458-48b
465.md	771	KR4h0117_WYG_458-49a
465.md	779	KR4h0117_WYG_458-49b
465.md	787	KR4h0117_WYG_458-50a
465.md	795	KR4h0117_WYG_458-50b
466.md	3	KR4h0117_WYG_459-1a
466.md	11	KR4h0117_WYG_459-1b
466.md	19	KR4h0117_WYG_459-2a
466.md	27	KR4h0117_WYG_459-2b
466.md	35	KR4h0117_WYG_459-3a
466.md	43	KR4h0117_WYG_459-3b
466.md	51	KR4h0117_WYG_459-4a
466.md	59	KR4h0117_WYG_459-4b
466.md	67	KR4h0117_WYG_459-5a
466.md	75	KR4h0117_WYG_459-5b
466.md	83	KR4h0117_WYG_459-6a
466.md	91	KR4h0117_WYG_459-6b
466.md	99	KR4h0117_WYG_459-7a
466.md	107	KR4h0117_WYG_459-7b
466.md	115	KR4h0117_WYG_459-8a
466.md	123	KR4h0117_WYG_459-8b
466.md	131	KR4h0117_WYG_459-9a
466.md	139	KR4h0117_WYG_459-9b
466.md	147	KR4h0117_WYG_459-10a
466.md	155	KR4h0117_WYG_459-10b
466.md	163	KR4h0117_WYG_459-11a
466.md	171	KR4h0117_WYG_459-11b
466.md	179	KR4h0117_WYG_459-12a
466.md	187	KR4h0117_WYG_459-12b
466.md	195	KR4h0117_WYG_459-13a
466.md	203	KR4h0117_WYG_459-13b
466.md	211	KR4h0117_WYG_459-14a
466.md	219	KR4h0117_WYG_459-14b
466.md	227	KR4h0117_WYG_459-15a
466.md	235	KR4h0117_WYG_459-15b
466.md	243	KR4h0117_WYG_459-16a
466.md	251	KR4h0117_WYG_459-16b
466.md	259	KR4h0117_WYG_459-17a
466.md	267	KR4h0117_WYG_459-17b
466.md	275	KR4h0117_WYG_459-18a
466.md	283	KR4h0117_WYG_459-18b
466.md	291	KR4h0117_WYG_459-19a
466.md	299	KR4h0117_WYG_459-19b
466.md	307	KR4h0117_WYG_459-20a
466.md	315	KR4h0117_WYG_459-20b
466.md	323	KR4h0117_WYG_459-21a
466.md	331	KR4h0117_WYG_459-21b
466.md	339	KR4h0117_WYG_459-22a
466.md	347	KR4h0117_WYG_459-22b
466.md	355	KR4h0117_WYG_459-23a
466.md	363	KR4h0117_WYG_459-23b
466.md	371	KR4h0117_WYG_459-24a
466.md	379	KR4h0117_WYG_459-24b
466.md	387	KR4h0117_WYG_459-25a
466.md	395	KR4h0117_WYG_459-25b
467.md	3	KR4h0117_WYG_460-1a
467.md	11	KR4h0117_WYG_460-1b
467.md	19	KR4h0117_WYG_460-2a
467.md	27	KR4h0117_WYG_460-2b
467.md	35	KR4h0117_WYG_460-3a
467.md	43	KR4h0117_WYG_460-3b
467.md	51	KR4h0117_WYG_460-4a
467.md	59	KR4h0117_WYG_460-4b
467.md	67	KR4h0117_WYG_460-5a
467.md	75	KR4h0117_WYG_460-5b
467.md	83	KR4h0117_WYG_460-6a
467.md	91	KR4h0117_WYG_460-6b
467.md	99	KR4h0117_WYG_460-7a
467.md	107	KR4h0117_WYG_460-7b
467.md	115	KR4h0117_WYG_460-8a
467.md	123	KR4h0117_WYG_460-8b
467.md	131	KR4h0117_WYG_460-9a
467.md	139	KR4h0117_WYG_460-9b
467.md	147	KR4h0117_WYG_460-10a
467.md	155	KR4h0117_WYG_460-10b
467.md	163	KR4h0117_WYG_460-11a
467.md	171	KR4h0117_WYG_460-11b
467.md	179	KR4h0117_WYG_460-12a
467.md	187	KR4h0117_WYG_460-12b
467.md	195	KR4h0117_WYG_460-13a
467.md	203	KR4h0117_WYG_460-13b
467.md	211	KR4h0117_WYG_460-14a
467.md	219	KR4h0117_WYG_460-14b
467.md	227	KR4h0117_WYG_460-15a
467.md	235	KR4h0117_WYG_460-15b
467.md	243	KR4h0117_WYG_460-16a
467.md	251	KR4h0117_WYG_460-16b
467.md	259	KR4h0117_WYG_460-17a
467.md	267	KR4h0117_WYG_460-17b
467.md	275	KR4h0117_WYG_460-18a
467.md	283	KR4h0117_WYG_460-18b
467.md	291	KR4h0117_WYG_460-19a
467.md	299	KR4h0117_WYG_460-19b
467.md	307	KR4h0117_WYG_460-20a
467.md	315	KR4h0117_WYG_460-20b
467.md	323	KR4h0117_WYG_460-21a
467.md	331	KR4h0117_WYG_460-21b
467.md	339	KR4h0117_WYG_460-22a
467.md	347	KR4h0117_WYG_460-22b
467.md	355	KR4h0117_WYG_460-23a
467.md	363	KR4h0117_WYG_460-23b
467.md	371	KR4h0117_WYG_460-24a
467.md	379	KR4h0117_WYG_460-24b
467.md	387	KR4h0117_WYG_460-25a
467.md	395	KR4h0117_WYG_460-25b
467.md	403	KR4h0117_WYG_460-26a
467.md	411	KR4h0117_WYG_460-26b
467.md	419	KR4h0117_WYG_460-27a
467.md	427	KR4h0117_WYG_460-27b
467.md	435	KR4h0117_WYG_460-28a
467.md	443	KR4h0117_WYG_460-28b
468.md	3	KR4h0117_WYG_461-1a
468.md	11	KR4h0117_WYG_461-1b
468.md	19	KR4h0117_WYG_461-2a
468.md	27	KR4h0117_WYG_461-2b
468.md	35	KR4h0117_WYG_461-3a
468.md	43	KR4h0117_WYG_461-3b
468.md	51	KR4h0117_WYG_461-4a
468.md	59	KR4h0117_WYG_461-4b
468.md	67	KR4h0117_WYG_461-5a
468.md	75	KR4h0117_WYG_461-5b
468.md	83	KR4h0117_WYG_461-6a
468.md	91	KR4h0117_WYG_461-6b
468.md	99	KR4h0117_WYG_461-7a
468.md	107	KR4h0117_WYG_461-7b
468.md	115	KR4h0117_WYG_461-8a
468.md	123	KR4h0117_WYG_461-8b
468.md	131	KR4h0117_WYG_461-9a
468.md	139	KR4h0117_WYG_461-9b
468.md	147	KR4h0117_WYG_461-10a
468.md	155	KR4h0117_WYG_461-10b
468.md	163	KR4h0117_WYG_461-11a
468.md	171	KR4h0117_WYG_461-11b
468.md	179	KR4h0117_WYG_461-12a
468.md	187	KR4h0117_WYG_461-12b
468.md	195	KR4h0117_WYG_461-13a
468.md	203	KR4h0117_WYG_461-13b
468.md	211	KR4h0117_WYG_461-14a
468.md	219	KR4h0117_WYG_461-14b
468.md	227	KR4h0117_WYG_461-15a
468.md	235	KR4h0117_WYG_461-15b
469.md	3	KR4h0117_WYG_462-1a
469.md	11	KR4h0117_WYG_462-1b
469.md	19	KR4h0117_WYG_462-2a
469.md	27	KR4h0117_WYG_462-2b
469.md	35	KR4h0117_WYG_462-3a
469.md	43	KR4h0117_WYG_462-3b
469.md	51	KR4h0117_WYG_462-4a
469.md	59	KR4h0117_WYG_462-4b
469.md	67	KR4h0117_WYG_462-5a
469.md	75	KR4h0117_WYG_462-5b
469.md	83	KR4h0117_WYG_462-6a
469.md	91	KR4h0117_WYG_462-6b
469.md	99	KR4h0117_WYG_462-7a
469.md	107	KR4h0117_WYG_462-7b
469.md	115	KR4h0117_WYG_462-8a
469.md	123	KR4h0117_WYG_462-8b
469.md	131	KR4h0117_WYG_462-9a
469.md	139	KR4h0117_WYG_462-9b
469.md	147	KR4h0117_WYG_462-10a
469.md	155	KR4h0117_WYG_462-10b
469.md	163	KR4h0117_WYG_462-11a
469.md	171	KR4h0117_WYG_462-11b
469.md	179	KR4h0117_WYG_462-12a
469.md	187	KR4h0117_WYG_462-12b
469.md	195	KR4h0117_WYG_462-13a
469.md	203	KR4h0117_WYG_462-13b
469.md	211	KR4h0117_WYG_462-14a
469.md	219	KR4h0117_WYG_462-14b
469.md	227	KR4h0117_WYG_462-15a
469.md	235	KR4h0117_WYG_462-15b
469.md	243	KR4h0117_WYG_462-16a
469.md	251	KR4h0117_WYG_462-16b
469.md	259	KR4h0117_WYG_462-17a
469.md	267	KR4h0117_WYG_462-17b
469.md	275	KR4h0117_WYG_462-18a
469.md	283	KR4h0117_WYG_462-18b
469.md	291	KR4h0117_WYG_462-19a
469.md	299	KR4h0117_WYG_462-19b
469.md	307	KR4h0117_WYG_462-20a
469.md	315	KR4h0117_WYG_462-20b
469.md	323	KR4h0117_WYG_462-21a
469.md	331	KR4h0117_WYG_462-21b
469.md	339	KR4h0117_WYG_462-22a
469.md	347	KR4h0117_WYG_462-22b
469.md	355	KR4h0117_WYG_462-23a
469.md	363	KR4h0117_WYG_462-23b
469.md	371	KR4h0117_WYG_462-24a
469.md	379	KR4h0117_WYG_462-24b
469.md	387	KR4h0117_WYG_462-25a
469.md	395	KR4h0117_WYG_462-25b
469.md	403	KR4h0117_WYG_462-26a
469.md	411	KR4h0117_WYG_462-26b
469.md	419	KR4h0117_WYG_462-27a
469.md	427	KR4h0117_WYG_462-27b
469.md	435	KR4h0117_WYG_462-28a
469.md	443	KR4h0117_WYG_462-28b
469.md	451	KR4h0117_WYG_462-29a
469.md	459	KR4h0117_WYG_462-29b
469.md	467	KR4h0117_WYG_462-30a
469.md	475	KR4h0117_WYG_462-30b
469.md	483	KR4h0117_WYG_462-31a
469.md	491	KR4h0117_WYG_462-31b
469.md	499	KR4h0117_WYG_462-32a
469.md	507	KR4h0117_WYG_462-32b
469.md	515	KR4h0117_WYG_462-33a
469.md	523	KR4h0117_WYG_462-33b
469.md	531	KR4h0117_WYG_462-34a
469.md	539	KR4h0117_WYG_462-34b
469.md	547	KR4h0117_WYG_462-35a
469.md	555	KR4h0117_WYG_462-35b
469.md	563	KR4h0117_WYG_462-36a
469.md	571	KR4h0117_WYG_462-36b
469.md	579	KR4h0117_WYG_462-37a
469.md	587	KR4h0117_WYG_462-37b
469.md	595	KR4h0117_WYG_462-38a
469.md	603	KR4h0117_WYG_462-38b
469.md	611	KR4h0117_WYG_462-39a
469.md	619	KR4h0117_WYG_462-39b
470.md	3	KR4h0117_WYG_463-1a
470.md	11	KR4h0117_WYG_463-1b
470.md	19	KR4h0117_WYG_463-2a
470.md	27	KR4h0117_WYG_463-2b
470.md	35	KR4h0117_WYG_463-3a
470.md	43	KR4h0117_WYG_463-3b
470.md	51	KR4h0117_WYG_463-4a
470.md	59	KR4h0117_WYG_463-4b
470.md	67	KR4h0117_WYG_463-5a
470.md	75	KR4h0117_WYG_463-5b
470.md	83	KR4h0117_WYG_463-6a
470.md	91	KR4h0117_WYG_463-6b
470.md	99	KR4h0117_WYG_463-7a
470.md	107	KR4h0117_WYG_463-7b
470.md	115	KR4h0117_WYG_463-8a
470.md	123	KR4h0117_WYG_463-8b
470.md	131	KR4h0117_WYG_463-9a
470.md	139	KR4h0117_WYG_463-9b
470.md	147	KR4h0117_WYG_463-10a
470.md	155	KR4h0117_WYG_463-10b
470.md	163	KR4h0117_WYG_463-11a
470.md	171	KR4h0117_WYG_463-11b
470.md	179	KR4h0117_WYG_463-12a
470.md	187	KR4h0117_WYG_463-12b
470.md	195	KR4h0117_WYG_463-13a
470.md	203	KR4h0117_WYG_463-13b
470.md	211	KR4h0117_WYG_463-14a
470.md	219	KR4h0117_WYG_463-14b
470.md	227	KR4h0117_WYG_463-15a
470.md	235	KR4h0117_WYG_463-15b
470.md	243	KR4h0117_WYG_463-16a
470.md	251	KR4h0117_WYG_463-16b
470.md	259	KR4h0117_WYG_463-17a
470.md	267	KR4h0117_WYG_463-17b
470.md	275	KR4h0117_WYG_463-18a
470.md	283	KR4h0117_WYG_463-18b
470.md	291	KR4h0117_WYG_463-19a
470.md	299	KR4h0117_WYG_463-19b
470.md	307	KR4h0117_WYG_463-20a
470.md	315	KR4h0117_WYG_463-20b
470.md	323	KR4h0117_WYG_463-21a
470.md	331	KR4h0117_WYG_463-21b
470.md	339	KR4h0117_WYG_463-22a
470.md	347	KR4h0117_WYG_463-22b
471.md	3	KR4h0117_WYG_464-1a
471.md	11	KR4h0117_WYG_464-1b
471.md	19	KR4h0117_WYG_464-2a
471.md	27	KR4h0117_WYG_464-2b
471.md	35	KR4h0117_WYG_464-3a
471.md	43	KR4h0117_WYG_464-3b
471.md	51	KR4h0117_WYG_464-4a
471.md	59	KR4h0117_WYG_464-4b
471.md	67	KR4h0117_WYG_464-5a
471.md	75	KR4h0117_WYG_464-5b
471.md	83	KR4h0117_WYG_464-6a
471.md	91	KR4h0117_WYG_464-6b
471.md	99	KR4h0117_WYG_464-7a
471.md	107	KR4h0117_WYG_464-7b
471.md	115	KR4h0117_WYG_464-8a
471.md	123	KR4h0117_WYG_464-8b
471.md	131	KR4h0117_WYG_464-9a
471.md	139	KR4h0117_WYG_464-9b
471.md	147	KR4h0117_WYG_464-10a
471.md	155	KR4h0117_WYG_464-10b
471.md	163	KR4h0117_WYG_464-11a
471.md	171	KR4h0117_WYG_464-11b
471.md	179	KR4h0117_WYG_464-12a
471.md	187	KR4h0117_WYG_464-12b
471.md	195	KR4h0117_WYG_464-13a
471.md	203	KR4h0117_WYG_464-13b
471.md	211	KR4h0117_WYG_464-14a
471.md	219	KR4h0117_WYG_464-14b
471.md	227	KR4h0117_WYG_464-15a
471.md	235	KR4h0117_WYG_464-15b
471.md	243	KR4h0117_WYG_464-16a
471.md	251	KR4h0117_WYG_464-16b
471.md	259	KR4h0117_WYG_464-17a
471.md	267	KR4h0117_WYG_464-17b
471.md	275	KR4h0117_WYG_464-18a
471.md	283	KR4h0117_WYG_464-18b
471.md	291	KR4h0117_WYG_464-19a
471.md	299	KR4h0117_WYG_464-19b
471.md	307	KR4h0117_WYG_464-20a
471.md	315	KR4h0117_WYG_464-20b
471.md	323	KR4h0117_WYG_464-21a
471.md	331	KR4h0117_WYG_464-21b
471.md	339	KR4h0117_WYG_464-22a
471.md	347	KR4h0117_WYG_464-22b
471.md	355	KR4h0117_WYG_464-23a
471.md	363	KR4h0117_WYG_464-23b
471.md	371	KR4h0117_WYG_464-24a
471.md	379	KR4h0117_WYG_464-24b
471.md	387	KR4h0117_WYG_464-25a
471.md	395	KR4h0117_WYG_464-25b
471.md	403	KR4h0117_WYG_464-26a
471.md	411	KR4h0117_WYG_464-26b
471.md	419	KR4h0117_WYG_464-27a
471.md	427	KR4h0117_WYG_464-27b
471.md	435	KR4h0117_WYG_464-28a
471.md	443	KR4h0117_WYG_464-28b
471.md	451	KR4h0117_WYG_464-29a
471.md	459	KR4h0117_WYG_464-29b
471.md	467	KR4h0117_WYG_464-30a
471.md	475	KR4h0117_WYG_464-30b
471.md	483	KR4h0117_WYG_464-31a
471.md	491	KR4h0117_WYG_464-31b
471.md	499	KR4h0117_WYG_464-32a
471.md	507	KR4h0117_WYG_464-32b
471.md	515	KR4h0117_WYG_464-33a
471.md	523	KR4h0117_WYG_464-33b
471.md	531	KR4h0117_WYG_464-34a
471.md	539	KR4h0117_WYG_464-34b
471.md	547	KR4h0117_WYG_464-35a
471.md	555	KR4h0117_WYG_464-35b
471.md	563	KR4h0117_WYG_464-36a
471.md	571	KR4h0117_WYG_464-36b
471.md	579	KR4h0117_WYG_464-37a
471.md	587	KR4h0117_WYG_464-37b
471.md	595	KR4h0117_WYG_464-38a
471.md	603	KR4h0117_WYG_464-38b
471.md	611	KR4h0117_WYG_464-39a
471.md	619	KR4h0117_WYG_464-39b
471.md	627	KR4h0117_WYG_464-40a
471.md	635	KR4h0117_WYG_464-40b
471.md	643	KR4h0117_WYG_464-41a
471.md	651	KR4h0117_WYG_464-41b
471.md	659	KR4h0117_WYG_464-42a
471.md	667	KR4h0117_WYG_464-42b
472.md	3	KR4h0117_WYG_465-1a
472.md	11	KR4h0117_WYG_465-1b
472.md	19	KR4h0117_WYG_465-2a
472.md	27	KR4h0117_WYG_465-2b
472.md	35	KR4h0117_WYG_465-3a
472.md	43	KR4h0117_WYG_465-3b
472.md	51	KR4h0117_WYG_465-4a
472.md	59	KR4h0117_WYG_465-4b
472.md	67	KR4h0117_WYG_465-5a
472.md	75	KR4h0117_WYG_465-5b
472.md	83	KR4h0117_WYG_465-6a
472.md	91	KR4h0117_WYG_465-6b
472.md	99	KR4h0117_WYG_465-7a
472.md	107	KR4h0117_WYG_465-7b
472.md	115	KR4h0117_WYG_465-8a
472.md	123	KR4h0117_WYG_465-8b
472.md	131	KR4h0117_WYG_465-9a
472.md	139	KR4h0117_WYG_465-9b
472.md	147	KR4h0117_WYG_465-10a
472.md	155	KR4h0117_WYG_465-10b
472.md	163	KR4h0117_WYG_465-11a
472.md	171	KR4h0117_WYG_465-11b
472.md	179	KR4h0117_WYG_465-12a
472.md	187	KR4h0117_WYG_465-12b
472.md	195	KR4h0117_WYG_465-13a
472.md	203	KR4h0117_WYG_465-13b
472.md	211	KR4h0117_WYG_465-14a
472.md	219	KR4h0117_WYG_465-14b
472.md	227	KR4h0117_WYG_465-15a
472.md	235	KR4h0117_WYG_465-15b
472.md	243	KR4h0117_WYG_465-16a
472.md	251	KR4h0117_WYG_465-16b
472.md	259	KR4h0117_WYG_465-17a
472.md	267	KR4h0117_WYG_465-17b
472.md	275	KR4h0117_WYG_465-18a
472.md	283	KR4h0117_WYG_465-18b
473.md	3	KR4h0117_WYG_466-1a
473.md	11	KR4h0117_WYG_466-1b
473.md	19	KR4h0117_WYG_466-2a
473.md	27	KR4h0117_WYG_466-2b
473.md	35	KR4h0117_WYG_466-3a
473.md	43	KR4h0117_WYG_466-3b
473.md	51	KR4h0117_WYG_466-4a
473.md	59	KR4h0117_WYG_466-4b
473.md	67	KR4h0117_WYG_466-5a
473.md	75	KR4h0117_WYG_466-5b
473.md	83	KR4h0117_WYG_466-6a
473.md	91	KR4h0117_WYG_466-6b
473.md	99	KR4h0117_WYG_466-7a
473.md	107	KR4h0117_WYG_466-7b
473.md	115	KR4h0117_WYG_466-8a
473.md	123	KR4h0117_WYG_466-8b
473.md	131	KR4h0117_WYG_466-9a
473.md	139	KR4h0117_WYG_466-9b
473.md	147	KR4h0117_WYG_466-10a
473.md	155	KR4h0117_WYG_466-10b
473.md	163	KR4h0117_WYG_466-11a
473.md	171	KR4h0117_WYG_466-11b
473.md	179	KR4h0117_WYG_466-12a
473.md	187	KR4h0117_WYG_466-12b
473.md	195	KR4h0117_WYG_466-13a
473.md	203	KR4h0117_WYG_466-13b
473.md	211	KR4h0117_WYG_466-14a
473.md	219	KR4h0117_WYG_466-14b
473.md	227	KR4h0117_WYG_466-15a
473.md	235	KR4h0117_WYG_466-15b
473.md	243	KR4h0117_WYG_466-16a
473.md	251	KR4h0117_WYG_466-16b
473.md	259	KR4h0117_WYG_466-17a
473.md	267	KR4h0117_WYG_466-17b
473.md	275	KR4h0117_WYG_466-18a
473.md	283	KR4h0117_WYG_466-18b
473.md	291	KR4h0117_WYG_466-19a
473.md	299	KR4h0117_WYG_466-19b
473.md	307	KR4h0117_WYG_466-20a
473.md	315	KR4h0117_WYG_466-20b
473.md	323	KR4h0117_WYG_466-21a
473.md	331	KR4h0117_WYG_466-21b
473.md	339	KR4h0117_WYG_466-22a
473.md	347	KR4h0117_WYG_466-22b
473.md	355	KR4h0117_WYG_466-23a
473.md	363	KR4h0117_WYG_466-23b
473.md	371	KR4h0117_WYG_466-24a
473.md	379	KR4h0117_WYG_466-24b
473.md	387	KR4h0117_WYG_466-25a
473.md	395	KR4h0117_WYG_466-25b
473.md	403	KR4h0117_WYG_466-26a
473.md	411	KR4h0117_WYG_466-26b
473.md	419	KR4h0117_WYG_466-27a
473.md	427	KR4h0117_WYG_466-27b
473.md	435	KR4h0117_WYG_466-28a
473.md	443	KR4h0117_WYG_466-28b
473.md	451	KR4h0117_WYG_466-29a
473.md	459	KR4h0117_WYG_466-29b
473.md	467	KR4h0117_WYG_466-30a
473.md	475	KR4h0117_WYG_466-30b
473.md	483	KR4h0117_WYG_466-31a
473.md	491	KR4h0117_WYG_466-31b
473.md	499	KR4h0117_WYG_466-32a
473.md	507	KR4h0117_WYG_466-32b
473.md	515	KR4h0117_WYG_466-33a
473.md	523	KR4h0117_WYG_466-33b
473.md	531	KR4h0117_WYG_466-34a
473.md	539	KR4h0117_WYG_466-34b
473.md	547	KR4h0117_WYG_466-35a
473.md	555	KR4h0117_WYG_466-35b
474.md	3	KR4h0117_WYG_467-1a
474.md	11	KR4h0117_WYG_467-1b
474.md	19	KR4h0117_WYG_467-2a
474.md	27	KR4h0117_WYG_467-2b
474.md	35	KR4h0117_WYG_467-3a
474.md	43	KR4h0117_WYG_467-3b
474.md	51	KR4h0117_WYG_467-4a
474.md	59	KR4h0117_WYG_467-4b
474.md	67	KR4h0117_WYG_467-5a
474.md	75	KR4h0117_WYG_467-5b
474.md	83	KR4h0117_WYG_467-6a
474.md	91	KR4h0117_WYG_467-6b
474.md	99	KR4h0117_WYG_467-7a
474.md	107	KR4h0117_WYG_467-7b
474.md	115	KR4h0117_WYG_467-8a
474.md	123	KR4h0117_WYG_467-8b
474.md	131	KR4h0117_WYG_467-9a
474.md	139	KR4h0117_WYG_467-9b
474.md	147	KR4h0117_WYG_467-10a
474.md	155	KR4h0117_WYG_467-10b
474.md	163	KR4h0117_WYG_467-11a
474.md	171	KR4h0117_WYG_467-11b
474.md	179	KR4h0117_WYG_467-12a
474.md	187	KR4h0117_WYG_467-12b
474.md	195	KR4h0117_WYG_467-13a
474.md	203	KR4h0117_WYG_467-13b
474.md	211	KR4h0117_WYG_467-14a
474.md	219	KR4h0117_WYG_467-14b
474.md	227	KR4h0117_WYG_467-15a
474.md	235	KR4h0117_WYG_467-15b
474.md	243	KR4h0117_WYG_467-16a
474.md	251	KR4h0117_WYG_467-16b
474.md	259	KR4h0117_WYG_467-17a
474.md	267	KR4h0117_WYG_467-17b
474.md	275	KR4h0117_WYG_467-18a
474.md	283	KR4h0117_WYG_467-18b
474.md	291	KR4h0117_WYG_467-19a
474.md	299	KR4h0117_WYG_467-19b
474.md	307	KR4h0117_WYG_467-20a
474.md	315	KR4h0117_WYG_467-20b
474.md	323	KR4h0117_WYG_467-21a
474.md	331	KR4h0117_WYG_467-21b
474.md	339	KR4h0117_WYG_467-22a
474.md	347	KR4h0117_WYG_467-22b
475.md	3	KR4h0117_WYG_468-1a
475.md	11	KR4h0117_WYG_468-1b
475.md	19	KR4h0117_WYG_468-2a
475.md	27	KR4h0117_WYG_468-2b
475.md	35	KR4h0117_WYG_468-3a
475.md	43	KR4h0117_WYG_468-3b
475.md	51	KR4h0117_WYG_468-4a
475.md	59	KR4h0117_WYG_468-4b
475.md	67	KR4h0117_WYG_468-5a
475.md	75	KR4h0117_WYG_468-5b
475.md	83	KR4h0117_WYG_468-6a
475.md	91	KR4h0117_WYG_468-6b
475.md	99	KR4h0117_WYG_468-7a
475.md	107	KR4h0117_WYG_468-7b
475.md	115	KR4h0117_WYG_468-8a
475.md	123	KR4h0117_WYG_468-8b
475.md	131	KR4h0117_WYG_468-9a
475.md	139	KR4h0117_WYG_468-9b
475.md	147	KR4h0117_WYG_468-10a
475.md	155	KR4h0117_WYG_468-10b
475.md	163	KR4h0117_WYG_468-11a
475.md	171	KR4h0117_WYG_468-11b
475.md	179	KR4h0117_WYG_468-12a
475.md	187	KR4h0117_WYG_468-12b
475.md	195	KR4h0117_WYG_468-13a
475.md	203	KR4h0117_WYG_468-13b
475.md	211	KR4h0117_WYG_468-14a
475.md	219	KR4h0117_WYG_468-14b
475.md	227	KR4h0117_WYG_468-15a
475.md	235	KR4h0117_WYG_468-15b
475.md	243	KR4h0117_WYG_468-16a
475.md	251	KR4h0117_WYG_468-16b
475.md	259	KR4h0117_WYG_468-17a
475.md	267	KR4h0117_WYG_468-17b
475.md	275	KR4h0117_WYG_468-18a
475.md	283	KR4h0117_WYG_468-18b
475.md	291	KR4h0117_WYG_468-19a
475.md	299	KR4h0117_WYG_468-19b
475.md	307	KR4h0117_WYG_468-20a
475.md	315	KR4h0117_WYG_468-20b
475.md	323	KR4h0117_WYG_468-21a
475.md	331	KR4h0117_WYG_468-21b
475.md	339	KR4h0117_WYG_468-22a
475.md	347	KR4h0117_WYG_468-22b
475.md	355	KR4h0117_WYG_468-23a
475.md	363	KR4h0117_WYG_468-23b
475.md	371	KR4h0117_WYG_468-24a
475.md	379	KR4h0117_WYG_468-24b
476.md	3	KR4h0117_WYG_469-1a
476.md	11	KR4h0117_WYG_469-1b
476.md	19	KR4h0117_WYG_469-2a
476.md	27	KR4h0117_WYG_469-2b
476.md	35	KR4h0117_WYG_469-3a
476.md	43	KR4h0117_WYG_469-3b
476.md	51	KR4h0117_WYG_469-4a
476.md	59	KR4h0117_WYG_469-4b
476.md	67	KR4h0117_WYG_469-5a
476.md	75	KR4h0117_WYG_469-5b
476.md	83	KR4h0117_WYG_469-6a
476.md	91	KR4h0117_WYG_469-6b
476.md	99	KR4h0117_WYG_469-7a
476.md	107	KR4h0117_WYG_469-7b
476.md	115	KR4h0117_WYG_469-8a
476.md	123	KR4h0117_WYG_469-8b
476.md	131	KR4h0117_WYG_469-9a
476.md	139	KR4h0117_WYG_469-9b
476.md	147	KR4h0117_WYG_469-10a
476.md	155	KR4h0117_WYG_469-10b
476.md	163	KR4h0117_WYG_469-11a
476.md	171	KR4h0117_WYG_469-11b
476.md	179	KR4h0117_WYG_469-12a
476.md	187	KR4h0117_WYG_469-12b
476.md	195	KR4h0117_WYG_469-13a
476.md	203	KR4h0117_WYG_469-13b
476.md	211	KR4h0117_WYG_469-14a
476.md	219	KR4h0117_WYG_469-14b
476.md	227	KR4h0117_WYG_469-15a
476.md	235	KR4h0117_WYG_469-15b
476.md	243	KR4h0117_WYG_469-16a
476.md	251	KR4h0117_WYG_469-16b
476.md	259	KR4h0117_WYG_469-17a
476.md	267	KR4h0117_WYG_469-17b
477.md	3	KR4h0117_WYG_470-1a
477.md	11	KR4h0117_WYG_470-1b
477.md	19	KR4h0117_WYG_470-2a
477.md	27	KR4h0117_WYG_470-2b
477.md	35	KR4h0117_WYG_470-3a
477.md	43	KR4h0117_WYG_470-3b
477.md	51	KR4h0117_WYG_470-4a
477.md	59	KR4h0117_WYG_470-4b
477.md	67	KR4h0117_WYG_470-5a
477.md	75	KR4h0117_WYG_470-5b
477.md	83	KR4h0117_WYG_470-6a
477.md	91	KR4h0117_WYG_470-6b
477.md	99	KR4h0117_WYG_470-7a
477.md	107	KR4h0117_WYG_470-7b
477.md	115	KR4h0117_WYG_470-8a
477.md	123	KR4h0117_WYG_470-8b
477.md	131	KR4h0117_WYG_470-9a
477.md	139	KR4h0117_WYG_470-9b
477.md	147	KR4h0117_WYG_470-10a
477.md	155	KR4h0117_WYG_470-10b
477.md	163	KR4h0117_WYG_470-11a
477.md	171	KR4h0117_WYG_470-11b
477.md	179	KR4h0117_WYG_470-12a
477.md	186	KR4h0117_WYG_470-13a
477.md	194	KR4h0117_WYG_470-13b
477.md	202	KR4h0117_WYG_470-14a
477.md	210	KR4h0117_WYG_470-14b
478.md	3	KR4h0117_WYG_471-1a
478.md	11	KR4h0117_WYG_471-1b
478.md	19	KR4h0117_WYG_471-2a
478.md	27	KR4h0117_WYG_471-2b
478.md	35	KR4h0117_WYG_471-3a
478.md	43	KR4h0117_WYG_471-3b
478.md	51	KR4h0117_WYG_471-4a
478.md	59	KR4h0117_WYG_471-4b
478.md	67	KR4h0117_WYG_471-5a
478.md	75	KR4h0117_WYG_471-5b
478.md	83	KR4h0117_WYG_471-6a
478.md	91	KR4h0117_WYG_471-6b
478.md	99	KR4h0117_WYG_471-7a
478.md	107	KR4h0117_WYG_471-7b
478.md	115	KR4h0117_WYG_471-8a
478.md	123	KR4h0117_WYG_471-8b
478.md	131	KR4h0117_WYG_471-9a
478.md	139	KR4h0117_WYG_471-9b
478.md	147	KR4h0117_WYG_471-10a
478.md	155	KR4h0117_WYG_471-10b
478.md	163	KR4h0117_WYG_471-11a
478.md	171	KR4h0117_WYG_471-11b
478.md	179	KR4h0117_WYG_471-12a
478.md	187	KR4h0117_WYG_471-12b
478.md	195	KR4h0117_WYG_471-13a
478.md	203	KR4h0117_WYG_471-13b
478.md	211	KR4h0117_WYG_471-14a
478.md	219	KR4h0117_WYG_471-14b
478.md	227	KR4h0117_WYG_471-15a
478.md	235	KR4h0117_WYG_471-15b
478.md	243	KR4h0117_WYG_471-16a
478.md	251	KR4h0117_WYG_471-16b
478.md	259	KR4h0117_WYG_471-17a
478.md	267	KR4h0117_WYG_471-17b
478.md	275	KR4h0117_WYG_471-18a
478.md	283	KR4h0117_WYG_471-18b
478.md	291	KR4h0117_WYG_471-19a
478.md	299	KR4h0117_WYG_471-19b
479.md	3	KR4h0117_WYG_472-1a
479.md	11	KR4h0117_WYG_472-1b
479.md	19	KR4h0117_WYG_472-2a
479.md	27	KR4h0117_WYG_472-2b
479.md	35	KR4h0117_WYG_472-3a
479.md	43	KR4h0117_WYG_472-3b
479.md	51	KR4h0117_WYG_472-4a
479.md	59	KR4h0117_WYG_472-4b
479.md	67	KR4h0117_WYG_472-5a
479.md	75	KR4h0117_WYG_472-5b
479.md	83	KR4h0117_WYG_472-6a
479.md	91	KR4h0117_WYG_472-6b
479.md	99	KR4h0117_WYG_472-7a
479.md	107	KR4h0117_WYG_472-7b
479.md	115	KR4h0117_WYG_472-8a
479.md	123	KR4h0117_WYG_472-8b
479.md	131	KR4h0117_WYG_472-9a
479.md	139	KR4h0117_WYG_472-9b
479.md	147	KR4h0117_WYG_472-10a
479.md	155	KR4h0117_WYG_472-10b
479.md	163	KR4h0117_WYG_472-11a
479.md	171	KR4h0117_WYG_472-11b
479.md	179	KR4h0117_WYG_472-12a
479.md	187	KR4h0117_WYG_472-12b
479.md	195	KR4h0117_WYG_472-13a
479.md	203	KR4h0117_WYG_472-13b
479.md	211	KR4h0117_WYG_472-14a
479.md	219	KR4h0117_WYG_472-14b
479.md	227	KR4h0117_WYG_472-15a
479.md	235	KR4h0117_WYG_472-15b
479.md	243	KR4h0117_WYG_472-16a
479.md	251	KR4h0117_WYG_472-16b
479.md	259	KR4h0117_WYG_472-17a
479.md	267	KR4h0117_WYG_472-17b
479.md	275	KR4h0117_WYG_472-18a
479.md	283	KR4h0117_WYG_472-18b
479.md	291	KR4h0117_WYG_472-19a
479.md	299	KR4h0117_WYG_472-19b
479.md	307	KR4h0117_WYG_472-20a
479.md	315	KR4h0117_WYG_472-20b
479.md	323	KR4h0117_WYG_472-21a
479.md	331	KR4h0117_WYG_472-21b
479.md	339	KR4h0117_WYG_472-22a
479.md	347	KR4h0117_WYG_472-22b
479.md	355	KR4h0117_WYG_472-23a
479.md	363	KR4h0117_WYG_472-23b
479.md	371	KR4h0117_WYG_472-24a
479.md	379	KR4h0117_WYG_472-24b
479.md	387	KR4h0117_WYG_472-25a
479.md	395	KR4h0117_WYG_472-25b
479.md	403	KR4h0117_WYG_472-26a
479.md	411	KR4h0117_WYG_472-26b
479.md	419	KR4h0117_WYG_472-27a
479.md	427	KR4h0117_WYG_472-27b
479.md	435	KR4h0117_WYG_472-28a
479.md	443	KR4h0117_WYG_472-28b
479.md	451	KR4h0117_WYG_472-29a
479.md	459	KR4h0117_WYG_472-29b
479.md	467	KR4h0117_WYG_472-30a
479.md	475	KR4h0117_WYG_472-30b
479.md	483	KR4h0117_WYG_472-31a
479.md	491	KR4h0117_WYG_472-31b
479.md	499	KR4h0117_WYG_472-32a
479.md	507	KR4h0117_WYG_472-32b
479.md	515	KR4h0117_WYG_472-33a
479.md	523	KR4h0117_WYG_472-33b
480.md	3	KR4h0117_WYG_473-1a
480.md	11	KR4h0117_WYG_473-1b
480.md	19	KR4h0117_WYG_473-2a
480.md	27	KR4h0117_WYG_473-2b
480.md	35	KR4h0117_WYG_473-3a
480.md	43	KR4h0117_WYG_473-3b
480.md	51	KR4h0117_WYG_473-4a
480.md	59	KR4h0117_WYG_473-4b
480.md	67	KR4h0117_WYG_473-5a
480.md	75	KR4h0117_WYG_473-5b
480.md	83	KR4h0117_WYG_473-6a
480.md	91	KR4h0117_WYG_473-6b
480.md	99	KR4h0117_WYG_473-7a
480.md	107	KR4h0117_WYG_473-7b
480.md	115	KR4h0117_WYG_473-8a
480.md	123	KR4h0117_WYG_473-8b
480.md	131	KR4h0117_WYG_473-9a
480.md	139	KR4h0117_WYG_473-9b
480.md	147	KR4h0117_WYG_473-10a
480.md	155	KR4h0117_WYG_473-10b
480.md	163	KR4h0117_WYG_473-11a
480.md	171	KR4h0117_WYG_473-11b
480.md	179	KR4h0117_WYG_473-12a
480.md	187	KR4h0117_WYG_473-12b
480.md	195	KR4h0117_WYG_473-13a
480.md	203	KR4h0117_WYG_473-13b
480.md	211	KR4h0117_WYG_473-14a
480.md	219	KR4h0117_WYG_473-14b
480.md	227	KR4h0117_WYG_473-15a
480.md	235	KR4h0117_WYG_473-15b
480.md	243	KR4h0117_WYG_473-16a
480.md	251	KR4h0117_WYG_473-16b
480.md	259	KR4h0117_WYG_473-17a
480.md	267	KR4h0117_WYG_473-17b
480.md	275	KR4h0117_WYG_473-18a
480.md	283	KR4h0117_WYG_473-18b
480.md	291	KR4h0117_WYG_473-19a
480.md	299	KR4h0117_WYG_473-19b
480.md	307	KR4h0117_WYG_473-20a
480.md	315	KR4h0117_WYG_473-20b
480.md	323	KR4h0117_WYG_473-21a
480.md	331	KR4h0117_WYG_473-21b
480.md	339	KR4h0117_WYG_473-22a
480.md	347	KR4h0117_WYG_473-22b
480.md	355	KR4h0117_WYG_473-23a
480.md	363	KR4h0117_WYG_473-23b
480.md	371	KR4h0117_WYG_473-24a
480.md	379	KR4h0117_WYG_473-24b
480.md	387	KR4h0117_WYG_473-25a
480.md	395	KR4h0117_WYG_473-25b
480.md	403	KR4h0117_WYG_473-26a
480.md	411	KR4h0117_WYG_473-26b
480.md	419	KR4h0117_WYG_473-27a
480.md	427	KR4h0117_WYG_473-27b
480.md	435	KR4h0117_WYG_473-28a
480.md	443	KR4h0117_WYG_473-28b
480.md	451	KR4h0117_WYG_473-29a
480.md	459	KR4h0117_WYG_473-29b
480.md	467	KR4h0117_WYG_473-30a
480.md	475	KR4h0117_WYG_473-30b
480.md	483	KR4h0117_WYG_473-31a
480.md	491	KR4h0117_WYG_473-31b
480.md	499	KR4h0117_WYG_473-32a
480.md	507	KR4h0117_WYG_473-32b
480.md	515	KR4h0117_WYG_473-33a
480.md	523	KR4h0117_WYG_473-33b
480.md	531	KR4h0117_WYG_473-34a
480.md	539	KR4h0117_WYG_473-34b
480.md	547	KR4h0117_WYG_473-35a
480.md	555	KR4h0117_WYG_473-35b
480.md	563	KR4h0117_WYG_473-36a
480.md	571	KR4h0117_WYG_473-36b
480.md	579	KR4h0117_WYG_473-37a
480.md	587	KR4h0117_WYG_473-37b
480.md	595	KR4h0117_WYG_473-38a
480.md	603	KR4h0117_WYG_473-38b
480.md	611	KR4h0117_WYG_473-39a
480.md	619	KR4h0117_WYG_473-39b
480.md	627	KR4h0117_WYG_473-40a
480.md	635	KR4h0117_WYG_473-40b
480.md	643	KR4h0117_WYG_473-41a
480.md	651	KR4h0117_WYG_473-41b
480.md	659	KR4h0117_WYG_473-42a
480.md	667	KR4h0117_WYG_473-42b
480.md	675	KR4h0117_WYG_473-43a
480.md	683	KR4h0117_WYG_473-43b
480.md	691	KR4h0117_WYG_473-44a
480.md	699	KR4h0117_WYG_473-44b
480.md	707	KR4h0117_WYG_473-45a
480.md	715	KR4h0117_WYG_473-45b
480.md	723	KR4h0117_WYG_473-46a
480.md	731	KR4h0117_WYG_473-46b
480.md	739	KR4h0117_WYG_473-47a
480.md	747	KR4h0117_WYG_473-47b
480.md	755	KR4h0117_WYG_473-48a
480.md	763	KR4h0117_WYG_473-48b
480.md	771	KR4h0117_WYG_473-49a
480.md	779	KR4h0117_WYG_473-49b
480.md	787	KR4h0117_WYG_473-50a
480.md	795	KR4h0117_WYG_473-50b
481.md	3	KR4h0117_WYG_474-1a
481.md	11	KR4h0117_WYG_474-1b
481.md	19	KR4h0117_WYG_474-2a
481.md	27	KR4h0117_WYG_474-2b
481.md	35	KR4h0117_WYG_474-3a
481.md	43	KR4h0117_WYG_474-3b
481.md	51	KR4h0117_WYG_474-4a
481.md	59	KR4h0117_WYG_474-4b
481.md	67	KR4h0117_WYG_474-5a
481.md	75	KR4h0117_WYG_474-5b
481.md	83	KR4h0117_WYG_474-6a
481.md	91	KR4h0117_WYG_474-6b
481.md	99	KR4h0117_WYG_474-7a
481.md	107	KR4h0117_WYG_474-7b
481.md	115	KR4h0117_WYG_474-8a
481.md	123	KR4h0117_WYG_474-8b
481.md	131	KR4h0117_WYG_474-9a
481.md	139	KR4h0117_WYG_474-9b
481.md	147	KR4h0117_WYG_474-10a
481.md	155	KR4h0117_WYG_474-10b
481.md	163	KR4h0117_WYG_474-11a
481.md	171	KR4h0117_WYG_474-11b
481.md	179	KR4h0117_WYG_474-12a
481.md	187	KR4h0117_WYG_474-12b
481.md	195	KR4h0117_WYG_474-13a
481.md	203	KR4h0117_WYG_474-13b
481.md	211	KR4h0117_WYG_474-14a
481.md	219	KR4h0117_WYG_474-14b
481.md	227	KR4h0117_WYG_474-15a
481.md	235	KR4h0117_WYG_474-15b
481.md	243	KR4h0117_WYG_474-16a
481.md	251	KR4h0117_WYG_474-16b
481.md	259	KR4h0117_WYG_474-17a
481.md	267	KR4h0117_WYG_474-17b
481.md	275	KR4h0117_WYG_474-18a
481.md	283	KR4h0117_WYG_474-18b
481.md	291	KR4h0117_WYG_474-19a
481.md	299	KR4h0117_WYG_474-19b
481.md	307	KR4h0117_WYG_474-20a
481.md	315	KR4h0117_WYG_474-20b
481.md	323	KR4h0117_WYG_474-21a
481.md	331	KR4h0117_WYG_474-21b
481.md	339	KR4h0117_WYG_474-22a
481.md	347	KR4h0117_WYG_474-22b
481.md	355	KR4h0117_WYG_474-23a
481.md	363	KR4h0117_WYG_474-23b
481.md	371	KR4h0117_WYG_474-24a
481.md	379	KR4h0117_WYG_474-24b
481.md	387	KR4h0117_WYG_474-25a
481.md	395	KR4h0117_WYG_474-25b
481.md	403	KR4h0117_WYG_474-26a
481.md	411	KR4h0117_WYG_474-26b
481.md	419	KR4h0117_WYG_474-27a
481.md	427	KR4h0117_WYG_474-27b
481.md	435	KR4h0117_WYG_474-28a
481.md	443	KR4h0117_WYG_474-28b
481.md	451	KR4h0117_WYG_474-29a
481.md	459	KR4h0117_WYG_474-29b
481.md	467	KR4h0117_WYG_474-30a
481.md	475	KR4h0117_WYG_474-30b
481.md	483	KR4h0117_WYG_474-31a
481.md	491	KR4h0117_WYG_474-31b
481.md	499	KR4h0117_WYG_474-32a
481.md	507	KR4h0117_WYG_474-32b
482.md	3	KR4h0117_WYG_475-1a
482.md	11	KR4h0117_WYG_475-1b
482.md	19	KR4h0117_WYG_475-2a
482.md	27	KR4h0117_WYG_475-2b
482.md	35	KR4h0117_WYG_475-3a
482.md	43	KR4h0117_WYG_475-3b
482.md	51	KR4h0117_WYG_475-4a
482.md	59	KR4h0117_WYG_475-4b
482.md	67	KR4h0117_WYG_475-5a
482.md	75	KR4h0117_WYG_475-5b
482.md	83	KR4h0117_WYG_475-6a
482.md	91	KR4h0117_WYG_475-6b
482.md	99	KR4h0117_WYG_475-7a
482.md	107	KR4h0117_WYG_475-7b
482.md	115	KR4h0117_WYG_475-8a
482.md	123	KR4h0117_WYG_475-8b
482.md	131	KR4h0117_WYG_475-9a
482.md	139	KR4h0117_WYG_475-9b
482.md	147	KR4h0117_WYG_475-10a
482.md	155	KR4h0117_WYG_475-10b
482.md	163	KR4h0117_WYG_475-11a
482.md	171	KR4h0117_WYG_475-11b
482.md	179	KR4h0117_WYG_475-12a
482.md	187	KR4h0117_WYG_475-12b
482.md	195	KR4h0117_WYG_475-13a
482.md	203	KR4h0117_WYG_475-13b
482.md	211	KR4h0117_WYG_475-14a
482.md	219	KR4h0117_WYG_475-14b
482.md	227	KR4h0117_WYG_475-15a
482.md	235	KR4h0117_WYG_475-15b
482.md	243	KR4h0117_WYG_475-16a
482.md	251	KR4h0117_WYG_475-16b
482.md	259	KR4h0117_WYG_475-17a
482.md	267	KR4h0117_WYG_475-17b
482.md	275	KR4h0117_WYG_475-18a
482.md	283	KR4h0117_WYG_475-18b
482.md	291	KR4h0117_WYG_475-19a
482.md	299	KR4h0117_WYG_475-19b
482.md	307	KR4h0117_WYG_475-20a
482.md	315	KR4h0117_WYG_475-20b
482.md	323	KR4h0117_WYG_475-21a
482.md	331	KR4h0117_WYG_475-21b
482.md	339	KR4h0117_WYG_475-22a
482.md	347	KR4h0117_WYG_475-22b
482.md	355	KR4h0117_WYG_475-23a
482.md	363	KR4h0117_WYG_475-23b
482.md	371	KR4h0117_WYG_475-24a
482.md	379	KR4h0117_WYG_475-24b
482.md	387	KR4h0117_WYG_475-25a
482.md	395	KR4h0117_WYG_475-25b
482.md	403	KR4h0117_WYG_475-26a
482.md	411	KR4h0117_WYG_475-26b
482.md	419	KR4h0117_WYG_475-27a
482.md	427	KR4h0117_WYG_475-27b
482.md	435	KR4h0117_WYG_475-28a
482.md	443	KR4h0117_WYG_475-28b
482.md	451	KR4h0117_WYG_475-29a
482.md	459	KR4h0117_WYG_475-29b
482.md	467	KR4h0117_WYG_475-30a
482.md	475	KR4h0117_WYG_475-30b
483.md	3	KR4h0117_WYG_476-1a
483.md	11	KR4h0117_WYG_476-1b
483.md	19	KR4h0117_WYG_476-2a
483.md	27	KR4h0117_WYG_476-2b
483.md	35	KR4h0117_WYG_476-3a
483.md	43	KR4h0117_WYG_476-3b
483.md	51	KR4h0117_WYG_476-4a
483.md	59	KR4h0117_WYG_476-4b
483.md	67	KR4h0117_WYG_476-5a
483.md	75	KR4h0117_WYG_476-5b
483.md	83	KR4h0117_WYG_476-6a
483.md	91	KR4h0117_WYG_476-6b
483.md	99	KR4h0117_WYG_476-7a
483.md	107	KR4h0117_WYG_476-7b
483.md	115	KR4h0117_WYG_476-8a
483.md	123	KR4h0117_WYG_476-8b
483.md	131	KR4h0117_WYG_476-9a
483.md	139	KR4h0117_WYG_476-9b
483.md	147	KR4h0117_WYG_476-10a
483.md	155	KR4h0117_WYG_476-10b
483.md	163	KR4h0117_WYG_476-11a
483.md	171	KR4h0117_WYG_476-11b
483.md	179	KR4h0117_WYG_476-12a
483.md	187	KR4h0117_WYG_476-12b
483.md	195	KR4h0117_WYG_476-13a
483.md	203	KR4h0117_WYG_476-13b
483.md	211	KR4h0117_WYG_476-14a
483.md	219	KR4h0117_WYG_476-14b
483.md	227	KR4h0117_WYG_476-15a
483.md	235	KR4h0117_WYG_476-15b
483.md	243	KR4h0117_WYG_476-16a
483.md	251	KR4h0117_WYG_476-16b
483.md	259	KR4h0117_WYG_476-17a
483.md	267	KR4h0117_WYG_476-17b
483.md	275	KR4h0117_WYG_476-18a
483.md	283	KR4h0117_WYG_476-18b
483.md	291	KR4h0117_WYG_476-19a
483.md	299	KR4h0117_WYG_476-19b
483.md	307	KR4h0117_WYG_476-20a
483.md	315	KR4h0117_WYG_476-20b
483.md	323	KR4h0117_WYG_476-21a
483.md	331	KR4h0117_WYG_476-21b
483.md	339	KR4h0117_WYG_476-22a
483.md	347	KR4h0117_WYG_476-22b
483.md	355	KR4h0117_WYG_476-23a
483.md	363	KR4h0117_WYG_476-23b
483.md	371	KR4h0117_WYG_476-24a
483.md	379	KR4h0117_WYG_476-24b
483.md	387	KR4h0117_WYG_476-25a
483.md	395	KR4h0117_WYG_476-25b
483.md	403	KR4h0117_WYG_476-26a
483.md	411	KR4h0117_WYG_476-26b
483.md	419	KR4h0117_WYG_476-27a
483.md	427	KR4h0117_WYG_476-27b
483.md	435	KR4h0117_WYG_476-28a
483.md	443	KR4h0117_WYG_476-28b
483.md	451	KR4h0117_WYG_476-29a
483.md	459	KR4h0117_WYG_476-29b
483.md	467	KR4h0117_WYG_476-30a
483.md	475	KR4h0117_WYG_476-30b
483.md	483	KR4h0117_WYG_476-31a
483.md	491	KR4h0117_WYG_476-31b
483.md	499	KR4h0117_WYG_476-32a
483.md	507	KR4h0117_WYG_476-32b
483.md	515	KR4h0117_WYG_476-33a
483.md	523	KR4h0117_WYG_476-33b
483.md	531	KR4h0117_WYG_476-34a
483.md	539	KR4h0117_WYG_476-34b
483.md	547	KR4h0117_WYG_476-35a
483.md	555	KR4h0117_WYG_476-35b
483.md	563	KR4h0117_WYG_476-36a
483.md	571	KR4h0117_WYG_476-36b
483.md	579	KR4h0117_WYG_476-37a
483.md	587	KR4h0117_WYG_476-37b
483.md	595	KR4h0117_WYG_476-38a
483.md	603	KR4h0117_WYG_476-38b
483.md	611	KR4h0117_WYG_476-39a
483.md	619	KR4h0117_WYG_476-39b
483.md	627	KR4h0117_WYG_476-40a
483.md	635	KR4h0117_WYG_476-40b
483.md	643	KR4h0117_WYG_476-41a
483.md	651	KR4h0117_WYG_476-41b
483.md	659	KR4h0117_WYG_476-42a
483.md	667	KR4h0117_WYG_476-42b
484.md	3	KR4h0117_WYG_477-1a
484.md	11	KR4h0117_WYG_477-1b
484.md	19	KR4h0117_WYG_477-2a
484.md	27	KR4h0117_WYG_477-2b
484.md	35	KR4h0117_WYG_477-3a
484.md	43	KR4h0117_WYG_477-3b
484.md	51	KR4h0117_WYG_477-4a
484.md	59	KR4h0117_WYG_477-4b
484.md	67	KR4h0117_WYG_477-5a
484.md	75	KR4h0117_WYG_477-5b
484.md	83	KR4h0117_WYG_477-6a
484.md	91	KR4h0117_WYG_477-6b
484.md	99	KR4h0117_WYG_477-7a
484.md	107	KR4h0117_WYG_477-7b
484.md	115	KR4h0117_WYG_477-8a
484.md	123	KR4h0117_WYG_477-8b
484.md	131	KR4h0117_WYG_477-9a
484.md	139	KR4h0117_WYG_477-9b
484.md	147	KR4h0117_WYG_477-10a
484.md	155	KR4h0117_WYG_477-10b
484.md	163	KR4h0117_WYG_477-11a
484.md	171	KR4h0117_WYG_477-11b
484.md	179	KR4h0117_WYG_477-12a
484.md	187	KR4h0117_WYG_477-12b
484.md	195	KR4h0117_WYG_477-13a
484.md	203	KR4h0117_WYG_477-13b
484.md	211	KR4h0117_WYG_477-14a
484.md	219	KR4h0117_WYG_477-14b
484.md	227	KR4h0117_WYG_477-15a
484.md	235	KR4h0117_WYG_477-15b
484.md	243	KR4h0117_WYG_477-16a
484.md	251	KR4h0117_WYG_477-16b
484.md	259	KR4h0117_WYG_477-17a
484.md	267	KR4h0117_WYG_477-17b
484.md	275	KR4h0117_WYG_477-18a
484.md	283	KR4h0117_WYG_477-18b
484.md	291	KR4h0117_WYG_477-19a
484.md	299	KR4h0117_WYG_477-19b
484.md	307	KR4h0117_WYG_477-20a
484.md	315	KR4h0117_WYG_477-20b
484.md	323	KR4h0117_WYG_477-21a
484.md	331	KR4h0117_WYG_477-21b
484.md	339	KR4h0117_WYG_477-22a
484.md	347	KR4h0117_WYG_477-22b
484.md	355	KR4h0117_WYG_477-23a
484.md	363	KR4h0117_WYG_477-23b
485.md	3	KR4h0117_WYG_478-1a
485.md	11	KR4h0117_WYG_478-1b
485.md	19	KR4h0117_WYG_478-2a
485.md	27	KR4h0117_WYG_478-2b
485.md	35	KR4h0117_WYG_478-3a
485.md	43	KR4h0117_WYG_478-3b
485.md	51	KR4h0117_WYG_478-4a
485.md	59	KR4h0117_WYG_478-4b
485.md	67	KR4h0117_WYG_478-5a
485.md	75	KR4h0117_WYG_478-5b
485.md	83	KR4h0117_WYG_478-6a
485.md	91	KR4h0117_WYG_478-6b
485.md	99	KR4h0117_WYG_478-7a
485.md	107	KR4h0117_WYG_478-7b
485.md	115	KR4h0117_WYG_478-8a
485.md	123	KR4h0117_WYG_478-8b
485.md	131	KR4h0117_WYG_478-9a
485.md	139	KR4h0117_WYG_478-9b
485.md	147	KR4h0117_WYG_478-10a
485.md	155	KR4h0117_WYG_478-10b
485.md	163	KR4h0117_WYG_478-11a
485.md	171	KR4h0117_WYG_478-11b
485.md	179	KR4h0117_WYG_478-12a
485.md	187	KR4h0117_WYG_478-12b
485.md	195	KR4h0117_WYG_478-13a
485.md	203	KR4h0117_WYG_478-13b
485.md	211	KR4h0117_WYG_478-14a
485.md	219	KR4h0117_WYG_478-14b
485.md	227	KR4h0117_WYG_478-15a
485.md	235	KR4h0117_WYG_478-15b
485.md	243	KR4h0117_WYG_478-16a
485.md	251	KR4h0117_WYG_478-16b
485.md	259	KR4h0117_WYG_478-17a
485.md	267	KR4h0117_WYG_478-17b
485.md	275	KR4h0117_WYG_478-18a
485.md	283	KR4h0117_WYG_478-18b
485.md	291	KR4h0117_WYG_478-19a
485.md	299	KR4h0117_WYG_478-19b
485.md	307	KR4h0117_WYG_478-20a
485.md	315	KR4h0117_WYG_478-20b
485.md	323	KR4h0117_WYG_478-21a
485.md	331	KR4h0117_WYG_478-21b
486.md	3	KR4h0117_WYG_479-1a
486.md	11	KR4h0117_WYG_479-1b
486.md	19	KR4h0117_WYG_479-2a
486.md	27	KR4h0117_WYG_479-2b
486.md	35	KR4h0117_WYG_479-3a
486.md	43	KR4h0117_WYG_479-3b
486.md	51	KR4h0117_WYG_479-4a
486.md	59	KR4h0117_WYG_479-4b
486.md	67	KR4h0117_WYG_479-5a
486.md	75	KR4h0117_WYG_479-5b
486.md	83	KR4h0117_WYG_479-6a
486.md	91	KR4h0117_WYG_479-6b
486.md	99	KR4h0117_WYG_479-7a
486.md	107	KR4h0117_WYG_479-7b
486.md	115	KR4h0117_WYG_479-8a
486.md	123	KR4h0117_WYG_479-8b
486.md	131	KR4h0117_WYG_479-9a
486.md	139	KR4h0117_WYG_479-9b
486.md	147	KR4h0117_WYG_479-10a
486.md	155	KR4h0117_WYG_479-10b
486.md	163	KR4h0117_WYG_479-11a
486.md	171	KR4h0117_WYG_479-11b
486.md	179	KR4h0117_WYG_479-12a
486.md	187	KR4h0117_WYG_479-12b
486.md	195	KR4h0117_WYG_479-13a
486.md	203	KR4h0117_WYG_479-13b
486.md	211	KR4h0117_WYG_479-14a
486.md	219	KR4h0117_WYG_479-14b
486.md	227	KR4h0117_WYG_479-15a
486.md	235	KR4h0117_WYG_479-15b
486.md	243	KR4h0117_WYG_479-16a
486.md	251	KR4h0117_WYG_479-16b
486.md	259	KR4h0117_WYG_479-17a
486.md	267	KR4h0117_WYG_479-17b
486.md	275	KR4h0117_WYG_479-18a
486.md	283	KR4h0117_WYG_479-18b
486.md	291	KR4h0117_WYG_479-19a
486.md	299	KR4h0117_WYG_479-19b
486.md	307	KR4h0117_WYG_479-20a
486.md	315	KR4h0117_WYG_479-20b
486.md	323	KR4h0117_WYG_479-21a
486.md	331	KR4h0117_WYG_479-21b
486.md	339	KR4h0117_WYG_479-22a
486.md	347	KR4h0117_WYG_479-22b
486.md	355	KR4h0117_WYG_479-23a
486.md	363	KR4h0117_WYG_479-23b
486.md	371	KR4h0117_WYG_479-24a
486.md	379	KR4h0117_WYG_479-24b
486.md	387	KR4h0117_WYG_479-25a
486.md	395	KR4h0117_WYG_479-25b
486.md	403	KR4h0117_WYG_479-26a
486.md	411	KR4h0117_WYG_479-26b
486.md	419	KR4h0117_WYG_479-27a
486.md	427	KR4h0117_WYG_479-27b
486.md	435	KR4h0117_WYG_479-28a
486.md	443	KR4h0117_WYG_479-28b
486.md	451	KR4h0117_WYG_479-29a
486.md	459	KR4h0117_WYG_479-29b
486.md	467	KR4h0117_WYG_479-30a
486.md	475	KR4h0117_WYG_479-30b
486.md	483	KR4h0117_WYG_479-31a
486.md	491	KR4h0117_WYG_479-31b
486.md	499	KR4h0117_WYG_479-32a
486.md	507	KR4h0117_WYG_479-32b
486.md	515	KR4h0117_WYG_479-33a
486.md	523	KR4h0117_WYG_479-33b
486.md	531	KR4h0117_WYG_479-34a
486.md	539	KR4h0117_WYG_479-34b
486.md	547	KR4h0117_WYG_479-35a
486.md	555	KR4h0117_WYG_479-35b
486.md	563	KR4h0117_WYG_479-36a
486.md	571	KR4h0117_WYG_479-36b
486.md	579	KR4h0117_WYG_479-37a
486.md	587	KR4h0117_WYG_479-37b
487.md	3	KR4h0117_WYG_480-1a
487.md	11	KR4h0117_WYG_480-1b
487.md	19	KR4h0117_WYG_480-2a
487.md	27	KR4h0117_WYG_480-2b
487.md	35	KR4h0117_WYG_480-3a
487.md	43	KR4h0117_WYG_480-3b
487.md	51	KR4h0117_WYG_480-4a
487.md	59	KR4h0117_WYG_480-4b
487.md	67	KR4h0117_WYG_480-5a
487.md	75	KR4h0117_WYG_480-5b
487.md	83	KR4h0117_WYG_480-6a
487.md	91	KR4h0117_WYG_480-6b
487.md	99	KR4h0117_WYG_480-7a
487.md	107	KR4h0117_WYG_480-7b
487.md	115	KR4h0117_WYG_480-8a
487.md	123	KR4h0117_WYG_480-8b
487.md	131	KR4h0117_WYG_480-9a
487.md	139	KR4h0117_WYG_480-9b
487.md	147	KR4h0117_WYG_480-10a
487.md	155	KR4h0117_WYG_480-10b
487.md	163	KR4h0117_WYG_480-11a
487.md	171	KR4h0117_WYG_480-11b
487.md	179	KR4h0117_WYG_480-12a
487.md	187	KR4h0117_WYG_480-12b
487.md	195	KR4h0117_WYG_480-13a
487.md	203	KR4h0117_WYG_480-13b
487.md	211	KR4h0117_WYG_480-14a
487.md	219	KR4h0117_WYG_480-14b
487.md	227	KR4h0117_WYG_480-15a
487.md	235	KR4h0117_WYG_480-15b
487.md	243	KR4h0117_WYG_480-16a
487.md	251	KR4h0117_WYG_480-16b
487.md	259	KR4h0117_WYG_480-17a
487.md	267	KR4h0117_WYG_480-17b
487.md	275	KR4h0117_WYG_480-18a
487.md	283	KR4h0117_WYG_480-18b
487.md	291	KR4h0117_WYG_480-19a
487.md	299	KR4h0117_WYG_480-19b
487.md	307	KR4h0117_WYG_480-20a
487.md	315	KR4h0117_WYG_480-20b
487.md	323	KR4h0117_WYG_480-21a
487.md	331	KR4h0117_WYG_480-21b
487.md	339	KR4h0117_WYG_480-22a
487.md	347	KR4h0117_WYG_480-22b
487.md	355	KR4h0117_WYG_480-23a
487.md	363	KR4h0117_WYG_480-23b
487.md	371	KR4h0117_WYG_480-24a
487.md	379	KR4h0117_WYG_480-24b
487.md	387	KR4h0117_WYG_480-25a
487.md	395	KR4h0117_WYG_480-25b
487.md	403	KR4h0117_WYG_480-26a
487.md	411	KR4h0117_WYG_480-26b
487.md	419	KR4h0117_WYG_480-27a
487.md	427	KR4h0117_WYG_480-27b
487.md	435	KR4h0117_WYG_480-28a
487.md	443	KR4h0117_WYG_480-28b
487.md	451	KR4h0117_WYG_480-29a
487.md	459	KR4h0117_WYG_480-29b
488.md	3	KR4h0117_WYG_481-1a
488.md	11	KR4h0117_WYG_481-1b
488.md	19	KR4h0117_WYG_481-2a
488.md	27	KR4h0117_WYG_481-2b
488.md	35	KR4h0117_WYG_481-3a
488.md	43	KR4h0117_WYG_481-3b
488.md	51	KR4h0117_WYG_481-4a
488.md	59	KR4h0117_WYG_481-4b
488.md	67	KR4h0117_WYG_481-5a
488.md	75	KR4h0117_WYG_481-5b
488.md	83	KR4h0117_WYG_481-6a
488.md	91	KR4h0117_WYG_481-6b
488.md	99	KR4h0117_WYG_481-7a
488.md	107	KR4h0117_WYG_481-7b
488.md	115	KR4h0117_WYG_481-8a
488.md	123	KR4h0117_WYG_481-8b
488.md	131	KR4h0117_WYG_481-9a
488.md	139	KR4h0117_WYG_481-9b
488.md	147	KR4h0117_WYG_481-10a
488.md	155	KR4h0117_WYG_481-10b
488.md	163	KR4h0117_WYG_481-11a
488.md	171	KR4h0117_WYG_481-11b
488.md	179	KR4h0117_WYG_481-12a
488.md	187	KR4h0117_WYG_481-12b
488.md	195	KR4h0117_WYG_481-13a
488.md	203	KR4h0117_WYG_481-13b
488.md	211	KR4h0117_WYG_481-14a
488.md	219	KR4h0117_WYG_481-14b
488.md	227	KR4h0117_WYG_481-15a
488.md	235	KR4h0117_WYG_481-15b
488.md	243	KR4h0117_WYG_481-16a
488.md	251	KR4h0117_WYG_481-16b
488.md	259	KR4h0117_WYG_481-17a
488.md	267	KR4h0117_WYG_481-17b
488.md	275	KR4h0117_WYG_481-18a
488.md	283	KR4h0117_WYG_481-18b
488.md	291	KR4h0117_WYG_481-19a
488.md	299	KR4h0117_WYG_481-19b
488.md	307	KR4h0117_WYG_481-20a
488.md	315	KR4h0117_WYG_481-20b
488.md	323	KR4h0117_WYG_481-21a
488.md	331	KR4h0117_WYG_481-21b
488.md	339	KR4h0117_WYG_481-22a
488.md	347	KR4h0117_WYG_481-22b
488.md	355	KR4h0117_WYG_481-23a
488.md	363	KR4h0117_WYG_481-23b
488.md	371	KR4h0117_WYG_481-24a
488.md	379	KR4h0117_WYG_481-24b
488.md	387	KR4h0117_WYG_481-25a
488.md	395	KR4h0117_WYG_481-25b
488.md	403	KR4h0117_WYG_481-26a
488.md	411	KR4h0117_WYG_481-26b
488.md	419	KR4h0117_WYG_481-27a
488.md	427	KR4h0117_WYG_481-27b
488.md	435	KR4h0117_WYG_481-28a
488.md	443	KR4h0117_WYG_481-28b
488.md	451	KR4h0117_WYG_481-29a
488.md	459	KR4h0117_WYG_481-29b
488.md	467	KR4h0117_WYG_481-30a
488.md	475	KR4h0117_WYG_481-30b
488.md	483	KR4h0117_WYG_481-31a
488.md	491	KR4h0117_WYG_481-31b
488.md	499	KR4h0117_WYG_481-32a
488.md	507	KR4h0117_WYG_481-32b
488.md	515	KR4h0117_WYG_481-33a
488.md	523	KR4h0117_WYG_481-33b
488.md	531	KR4h0117_WYG_481-34a
488.md	539	KR4h0117_WYG_481-34b
489.md	3	KR4h0117_WYG_482-1a
489.md	11	KR4h0117_WYG_482-1b
489.md	19	KR4h0117_WYG_482-2a
489.md	27	KR4h0117_WYG_482-2b
489.md	35	KR4h0117_WYG_482-3a
489.md	43	KR4h0117_WYG_482-3b
489.md	51	KR4h0117_WYG_482-4a
489.md	59	KR4h0117_WYG_482-4b
489.md	67	KR4h0117_WYG_482-5a
489.md	75	KR4h0117_WYG_482-5b
489.md	83	KR4h0117_WYG_482-6a
489.md	91	KR4h0117_WYG_482-6b
489.md	99	KR4h0117_WYG_482-7a
489.md	107	KR4h0117_WYG_482-7b
489.md	115	KR4h0117_WYG_482-8a
489.md	123	KR4h0117_WYG_482-8b
489.md	131	KR4h0117_WYG_482-9a
489.md	139	KR4h0117_WYG_482-9b
489.md	147	KR4h0117_WYG_482-10a
489.md	155	KR4h0117_WYG_482-10b
489.md	163	KR4h0117_WYG_482-11a
489.md	171	KR4h0117_WYG_482-11b
489.md	179	KR4h0117_WYG_482-12a
489.md	187	KR4h0117_WYG_482-12b
489.md	195	KR4h0117_WYG_482-13a
489.md	203	KR4h0117_WYG_482-13b
489.md	211	KR4h0117_WYG_482-14a
489.md	219	KR4h0117_WYG_482-14b
489.md	227	KR4h0117_WYG_482-15a
489.md	235	KR4h0117_WYG_482-15b
490.md	3	KR4h0117_WYG_483-1a
490.md	11	KR4h0117_WYG_483-1b
490.md	19	KR4h0117_WYG_483-2a
490.md	27	KR4h0117_WYG_483-2b
490.md	35	KR4h0117_WYG_483-3a
490.md	43	KR4h0117_WYG_483-3b
490.md	51	KR4h0117_WYG_483-4a
490.md	59	KR4h0117_WYG_483-4b
490.md	67	KR4h0117_WYG_483-5a
490.md	75	KR4h0117_WYG_483-5b
490.md	83	KR4h0117_WYG_483-6a
490.md	91	KR4h0117_WYG_483-6b
490.md	99	KR4h0117_WYG_483-7a
490.md	107	KR4h0117_WYG_483-7b
490.md	115	KR4h0117_WYG_483-8a
490.md	123	KR4h0117_WYG_483-8b
490.md	131	KR4h0117_WYG_483-9a
490.md	139	KR4h0117_WYG_483-9b
490.md	147	KR4h0117_WYG_483-10a
490.md	155	KR4h0117_WYG_483-10b
490.md	163	KR4h0117_WYG_483-11a
490.md	171	KR4h0117_WYG_483-11b
490.md	179	KR4h0117_WYG_483-12a
490.md	187	KR4h0117_WYG_483-12b
490.md	195	KR4h0117_WYG_483-13a
490.md	203	KR4h0117_WYG_483-13b
490.md	211	KR4h0117_WYG_483-14a
490.md	219	KR4h0117_WYG_483-14b
490.md	227	KR4h0117_WYG_483-15a
490.md	235	KR4h0117_WYG_483-15b
490.md	243	KR4h0117_WYG_483-16a
490.md	251	KR4h0117_WYG_483-16b
490.md	259	KR4h0117_WYG_483-17a
490.md	267	KR4h0117_WYG_483-17b
490.md	275	KR4h0117_WYG_483-18a
490.md	283	KR4h0117_WYG_483-18b
490.md	291	KR4h0117_WYG_483-19a
490.md	299	KR4h0117_WYG_483-19b
490.md	307	KR4h0117_WYG_483-20a
490.md	315	KR4h0117_WYG_483-20b
490.md	323	KR4h0117_WYG_483-21a
490.md	331	KR4h0117_WYG_483-21b
490.md	339	KR4h0117_WYG_483-22a
490.md	347	KR4h0117_WYG_483-22b
490.md	355	KR4h0117_WYG_483-23a
490.md	363	KR4h0117_WYG_483-23b
490.md	371	KR4h0117_WYG_483-24a
490.md	379	KR4h0117_WYG_483-24b
490.md	387	KR4h0117_WYG_483-25a
490.md	395	KR4h0117_WYG_483-25b
491.md	3	KR4h0117_WYG_484-1a
491.md	11	KR4h0117_WYG_484-1b
491.md	19	KR4h0117_WYG_484-2a
491.md	27	KR4h0117_WYG_484-2b
491.md	35	KR4h0117_WYG_484-3a
491.md	43	KR4h0117_WYG_484-3b
491.md	51	KR4h0117_WYG_484-4a
491.md	59	KR4h0117_WYG_484-4b
491.md	67	KR4h0117_WYG_484-5a
491.md	75	KR4h0117_WYG_484-5b
491.md	83	KR4h0117_WYG_484-6a
491.md	91	KR4h0117_WYG_484-6b
491.md	99	KR4h0117_WYG_484-7a
491.md	107	KR4h0117_WYG_484-7b
491.md	115	KR4h0117_WYG_484-8a
491.md	123	KR4h0117_WYG_484-8b
491.md	131	KR4h0117_WYG_484-9a
491.md	139	KR4h0117_WYG_484-9b
491.md	147	KR4h0117_WYG_484-10a
491.md	155	KR4h0117_WYG_484-10b
491.md	163	KR4h0117_WYG_484-11a
491.md	171	KR4h0117_WYG_484-11b
491.md	179	KR4h0117_WYG_484-12a
491.md	187	KR4h0117_WYG_484-12b
491.md	195	KR4h0117_WYG_484-13a
491.md	203	KR4h0117_WYG_484-13b
491.md	211	KR4h0117_WYG_484-14a
491.md	219	KR4h0117_WYG_484-14b
491.md	227	KR4h0117_WYG_484-15a
491.md	235	KR4h0117_WYG_484-15b
491.md	243	KR4h0117_WYG_484-16a
491.md	251	KR4h0117_WYG_484-16b
491.md	259	KR4h0117_WYG_484-17a
491.md	267	KR4h0117_WYG_484-17b
491.md	275	KR4h0117_WYG_484-18a
491.md	283	KR4h0117_WYG_484-18b
491.md	291	KR4h0117_WYG_484-19a
491.md	299	KR4h0117_WYG_484-19b
492.md	3	KR4h0117_WYG_485-1a
492.md	11	KR4h0117_WYG_485-1b
492.md	19	KR4h0117_WYG_485-2a
492.md	27	KR4h0117_WYG_485-2b
492.md	35	KR4h0117_WYG_485-3a
492.md	43	KR4h0117_WYG_485-3b
492.md	51	KR4h0117_WYG_485-4a
492.md	59	KR4h0117_WYG_485-4b
492.md	67	KR4h0117_WYG_485-5a
492.md	75	KR4h0117_WYG_485-5b
492.md	83	KR4h0117_WYG_485-6a
492.md	91	KR4h0117_WYG_485-6b
492.md	99	KR4h0117_WYG_485-7a
492.md	107	KR4h0117_WYG_485-7b
492.md	115	KR4h0117_WYG_485-8a
492.md	123	KR4h0117_WYG_485-8b
492.md	131	KR4h0117_WYG_485-9a
492.md	139	KR4h0117_WYG_485-9b
492.md	147	KR4h0117_WYG_485-10a
492.md	155	KR4h0117_WYG_485-10b
492.md	163	KR4h0117_WYG_485-11a
492.md	171	KR4h0117_WYG_485-11b
492.md	179	KR4h0117_WYG_485-12a
492.md	187	KR4h0117_WYG_485-12b
492.md	195	KR4h0117_WYG_485-13a
492.md	203	KR4h0117_WYG_485-13b
492.md	211	KR4h0117_WYG_485-14a
492.md	219	KR4h0117_WYG_485-14b
492.md	227	KR4h0117_WYG_485-15a
492.md	235	KR4h0117_WYG_485-15b
492.md	243	KR4h0117_WYG_485-16a
492.md	251	KR4h0117_WYG_485-16b
492.md	259	KR4h0117_WYG_485-17a
492.md	267	KR4h0117_WYG_485-17b
492.md	275	KR4h0117_WYG_485-18a
492.md	283	KR4h0117_WYG_485-18b
492.md	291	KR4h0117_WYG_485-19a
492.md	299	KR4h0117_WYG_485-19b
492.md	307	KR4h0117_WYG_485-20a
492.md	315	KR4h0117_WYG_485-20b
492.md	323	KR4h0117_WYG_485-21a
492.md	331	KR4h0117_WYG_485-21b
493.md	3	KR4h0117_WYG_486-1a
493.md	11	KR4h0117_WYG_486-1b
493.md	19	KR4h0117_WYG_486-2a
493.md	27	KR4h0117_WYG_486-2b
493.md	35	KR4h0117_WYG_486-3a
493.md	43	KR4h0117_WYG_486-3b
493.md	51	KR4h0117_WYG_486-4a
493.md	59	KR4h0117_WYG_486-4b
493.md	67	KR4h0117_WYG_486-5a
493.md	75	KR4h0117_WYG_486-5b
493.md	83	KR4h0117_WYG_486-6a
493.md	91	KR4h0117_WYG_486-6b
493.md	99	KR4h0117_WYG_486-7a
493.md	107	KR4h0117_WYG_486-7b
493.md	115	KR4h0117_WYG_486-8a
493.md	123	KR4h0117_WYG_486-8b
493.md	131	KR4h0117_WYG_486-9a
493.md	139	KR4h0117_WYG_486-9b
493.md	147	KR4h0117_WYG_486-10a
493.md	155	KR4h0117_WYG_486-10b
493.md	163	KR4h0117_WYG_486-11a
493.md	171	KR4h0117_WYG_486-11b
493.md	179	KR4h0117_WYG_486-12a
493.md	187	KR4h0117_WYG_486-12b
493.md	195	KR4h0117_WYG_486-13a
493.md	203	KR4h0117_WYG_486-13b
493.md	211	KR4h0117_WYG_486-14a
493.md	219	KR4h0117_WYG_486-14b
493.md	227	KR4h0117_WYG_486-15a
493.md	235	KR4h0117_WYG_486-15b
493.md	243	KR4h0117_WYG_486-16a
493.md	251	KR4h0117_WYG_486-16b
493.md	259	KR4h0117_WYG_486-17a
493.md	267	KR4h0117_WYG_486-17b
493.md	275	KR4h0117_WYG_486-18a
493.md	283	KR4h0117_WYG_486-18b
493.md	291	KR4h0117_WYG_486-19a
493.md	299	KR4h0117_WYG_486-19b
493.md	307	KR4h0117_WYG_486-20a
493.md	315	KR4h0117_WYG_486-20b
493.md	323	KR4h0117_WYG_486-21a
493.md	331	KR4h0117_WYG_486-21b
493.md	339	KR4h0117_WYG_486-22a
493.md	347	KR4h0117_WYG_486-22b
493.md	355	KR4h0117_WYG_486-23a
493.md	363	KR4h0117_WYG_486-23b
494.md	3	KR4h0117_WYG_487-1a
494.md	11	KR4h0117_WYG_487-1b
494.md	19	KR4h0117_WYG_487-2a
494.md	27	KR4h0117_WYG_487-2b
494.md	35	KR4h0117_WYG_487-3a
494.md	43	KR4h0117_WYG_487-3b
494.md	51	KR4h0117_WYG_487-4a
494.md	59	KR4h0117_WYG_487-4b
494.md	67	KR4h0117_WYG_487-5a
494.md	75	KR4h0117_WYG_487-5b
494.md	83	KR4h0117_WYG_487-6a
494.md	91	KR4h0117_WYG_487-6b
494.md	99	KR4h0117_WYG_487-7a
494.md	107	KR4h0117_WYG_487-7b
494.md	115	KR4h0117_WYG_487-8a
494.md	123	KR4h0117_WYG_487-8b
494.md	131	KR4h0117_WYG_487-9a
494.md	139	KR4h0117_WYG_487-9b
494.md	147	KR4h0117_WYG_487-10a
494.md	155	KR4h0117_WYG_487-10b
494.md	163	KR4h0117_WYG_487-11a
494.md	171	KR4h0117_WYG_487-11b
494.md	179	KR4h0117_WYG_487-12a
494.md	187	KR4h0117_WYG_487-12b
494.md	195	KR4h0117_WYG_487-13a
494.md	203	KR4h0117_WYG_487-13b
494.md	211	KR4h0117_WYG_487-14a
494.md	219	KR4h0117_WYG_487-14b
494.md	227	KR4h0117_WYG_487-15a
494.md	235	KR4h0117_WYG_487-15b
494.md	243	KR4h0117_WYG_487-16a
494.md	251	KR4h0117_WYG_487-16b
494.md	259	KR4h0117_WYG_487-17a
494.md	267	KR4h0117_WYG_487-17b
494.md	275	KR4h0117_WYG_487-18a
494.md	283	KR4h0117_WYG_487-18b
494.md	291	KR4h0117_WYG_487-19a
494.md	299	KR4h0117_WYG_487-19b
494.md	307	KR4h0117_WYG_487-20a
494.md	315	KR4h0117_WYG_487-20b
494.md	323	KR4h0117_WYG_487-21a
494.md	331	KR4h0117_WYG_487-21b
494.md	339	KR4h0117_WYG_487-22a
494.md	347	KR4h0117_WYG_487-22b
494.md	355	KR4h0117_WYG_487-23a
494.md	363	KR4h0117_WYG_487-23b
494.md	371	KR4h0117_WYG_487-24a
494.md	379	KR4h0117_WYG_487-24b
494.md	387	KR4h0117_WYG_487-25a
494.md	395	KR4h0117_WYG_487-25b
494.md	403	KR4h0117_WYG_487-26a
494.md	411	KR4h0117_WYG_487-26b
494.md	419	KR4h0117_WYG_487-27a
494.md	427	KR4h0117_WYG_487-27b
495.md	3	KR4h0117_WYG_488-1a
495.md	11	KR4h0117_WYG_488-1b
495.md	19	KR4h0117_WYG_488-2a
495.md	27	KR4h0117_WYG_488-2b
495.md	35	KR4h0117_WYG_488-3a
495.md	43	KR4h0117_WYG_488-3b
495.md	51	KR4h0117_WYG_488-4a
495.md	59	KR4h0117_WYG_488-4b
495.md	67	KR4h0117_WYG_488-5a
495.md	75	KR4h0117_WYG_488-5b
495.md	83	KR4h0117_WYG_488-6a
495.md	91	KR4h0117_WYG_488-6b
495.md	99	KR4h0117_WYG_488-7a
495.md	107	KR4h0117_WYG_488-7b
495.md	115	KR4h0117_WYG_488-8a
495.md	123	KR4h0117_WYG_488-8b
495.md	131	KR4h0117_WYG_488-9a
495.md	139	KR4h0117_WYG_488-9b
495.md	147	KR4h0117_WYG_488-10a
495.md	155	KR4h0117_WYG_488-10b
495.md	163	KR4h0117_WYG_488-11a
495.md	171	KR4h0117_WYG_488-11b
495.md	179	KR4h0117_WYG_488-12a
495.md	187	KR4h0117_WYG_488-12b
495.md	195	KR4h0117_WYG_488-13a
495.md	203	KR4h0117_WYG_488-13b
495.md	211	KR4h0117_WYG_488-14a
495.md	219	KR4h0117_WYG_488-14b
495.md	227	KR4h0117_WYG_488-15a
495.md	235	KR4h0117_WYG_488-15b
495.md	243	KR4h0117_WYG_488-16a
495.md	251	KR4h0117_WYG_488-16b
495.md	259	KR4h0117_WYG_488-17a
495.md	267	KR4h0117_WYG_488-17b
496.md	3	KR4h0117_WYG_489-1a
496.md	11	KR4h0117_WYG_489-1b
496.md	19	KR4h0117_WYG_489-2a
496.md	27	KR4h0117_WYG_489-2b
496.md	35	KR4h0117_WYG_489-3a
496.md	43	KR4h0117_WYG_489-3b
496.md	51	KR4h0117_WYG_489-4a
496.md	59	KR4h0117_WYG_489-4b
496.md	67	KR4h0117_WYG_489-5a
496.md	75	KR4h0117_WYG_489-5b
496.md	83	KR4h0117_WYG_489-6a
496.md	91	KR4h0117_WYG_489-6b
496.md	99	KR4h0117_WYG_489-7a
496.md	107	KR4h0117_WYG_489-7b
496.md	115	KR4h0117_WYG_489-8a
496.md	123	KR4h0117_WYG_489-8b
496.md	131	KR4h0117_WYG_489-9a
496.md	139	KR4h0117_WYG_489-9b
496.md	147	KR4h0117_WYG_489-10a
496.md	155	KR4h0117_WYG_489-10b
496.md	163	KR4h0117_WYG_489-11a
496.md	171	KR4h0117_WYG_489-11b
496.md	179	KR4h0117_WYG_489-12a
496.md	187	KR4h0117_WYG_489-12b
496.md	195	KR4h0117_WYG_489-13a
496.md	203	KR4h0117_WYG_489-13b
496.md	211	KR4h0117_WYG_489-14a
496.md	219	KR4h0117_WYG_489-14b
496.md	227	KR4h0117_WYG_489-15a
496.md	235	KR4h0117_WYG_489-15b
496.md	243	KR4h0117_WYG_489-16a
496.md	251	KR4h0117_WYG_489-16b
496.md	259	KR4h0117_WYG_489-17a
496.md	267	KR4h0117_WYG_489-17b
496.md	275	KR4h0117_WYG_489-18a
496.md	283	KR4h0117_WYG_489-18b
496.md	291	KR4h0117_WYG_489-19a
496.md	299	KR4h0117_WYG_489-19b
496.md	307	KR4h0117_WYG_489-20a
496.md	315	KR4h0117_WYG_489-20b
496.md	323	KR4h0117_WYG_489-21a
496.md	331	KR4h0117_WYG_489-21b
496.md	339	KR4h0117_WYG_489-22a
496.md	347	KR4h0117_WYG_489-22b
497.md	3	KR4h0117_WYG_490-1a
497.md	11	KR4h0117_WYG_490-1b
497.md	19	KR4h0117_WYG_490-2a
497.md	27	KR4h0117_WYG_490-2b
497.md	35	KR4h0117_WYG_490-3a
497.md	43	KR4h0117_WYG_490-3b
497.md	51	KR4h0117_WYG_490-4a
497.md	59	KR4h0117_WYG_490-4b
497.md	67	KR4h0117_WYG_490-5a
497.md	75	KR4h0117_WYG_490-5b
497.md	83	KR4h0117_WYG_490-6a
497.md	91	KR4h0117_WYG_490-6b
497.md	99	KR4h0117_WYG_490-7a
497.md	107	KR4h0117_WYG_490-7b
497.md	115	KR4h0117_WYG_490-8a
497.md	123	KR4h0117_WYG_490-8b
497.md	131	KR4h0117_WYG_490-9a
497.md	139	KR4h0117_WYG_490-9b
497.md	147	KR4h0117_WYG_490-10a
497.md	155	KR4h0117_WYG_490-10b
497.md	163	KR4h0117_WYG_490-11a
497.md	171	KR4h0117_WYG_490-11b
497.md	179	KR4h0117_WYG_490-12a
497.md	187	KR4h0117_WYG_490-12b
497.md	195	KR4h0117_WYG_490-13a
497.md	203	KR4h0117_WYG_490-13b
497.md	211	KR4h0117_WYG_490-14a
497.md	219	KR4h0117_WYG_490-14b
497.md	227	KR4h0117_WYG_490-15a
497.md	235	KR4h0117_WYG_490-15b
497.md	243	KR4h0117_WYG_490-16a
497.md	251	KR4h0117_WYG_490-16b
498.md	3	KR4h0117_WYG_491-1a
498.md	11	KR4h0117_WYG_491-1b
498.md	19	KR4h0117_WYG_491-2a
498.md	27	KR4h0117_WYG_491-2b
498.md	35	KR4h0117_WYG_491-3a
498.md	43	KR4h0117_WYG_491-3b
498.md	51	KR4h0117_WYG_491-4a
498.md	59	KR4h0117_WYG_491-4b
498.md	67	KR4h0117_WYG_491-5a
498.md	75	KR4h0117_WYG_491-5b
498.md	83	KR4h0117_WYG_491-6a
498.md	91	KR4h0117_WYG_491-6b
498.md	99	KR4h0117_WYG_491-7a
498.md	107	KR4h0117_WYG_491-7b
498.md	115	KR4h0117_WYG_491-8a
498.md	123	KR4h0117_WYG_491-8b
498.md	131	KR4h0117_WYG_491-9a
498.md	139	KR4h0117_WYG_491-9b
498.md	147	KR4h0117_WYG_491-10a
498.md	155	KR4h0117_WYG_491-10b
498.md	163	KR4h0117_WYG_491-11a
498.md	171	KR4h0117_WYG_491-11b
498.md	179	KR4h0117_WYG_491-12a
498.md	187	KR4h0117_WYG_491-12b
498.md	195	KR4h0117_WYG_491-13a
498.md	203	KR4h0117_WYG_491-13b
498.md	211	KR4h0117_WYG_491-14a
498.md	219	KR4h0117_WYG_491-14b
498.md	227	KR4h0117_WYG_491-15a
498.md	235	KR4h0117_WYG_491-15b
498.md	243	KR4h0117_WYG_491-16a
498.md	251	KR4h0117_WYG_491-16b
498.md	259	KR4h0117_WYG_491-17a
498.md	267	KR4h0117_WYG_491-17b
498.md	275	KR4h0117_WYG_491-18a
498.md	283	KR4h0117_WYG_491-18b
498.md	291	KR4h0117_WYG_491-19a
498.md	299	KR4h0117_WYG_491-19b
498.md	307	KR4h0117_WYG_491-20a
498.md	315	KR4h0117_WYG_491-20b
498.md	323	KR4h0117_WYG_491-21a
498.md	331	KR4h0117_WYG_491-21b
498.md	339	KR4h0117_WYG_491-22a
498.md	347	KR4h0117_WYG_491-22b
498.md	355	KR4h0117_WYG_491-23a
498.md	363	KR4h0117_WYG_491-23b
498.md	371	KR4h0117_WYG_491-24a
498.md	379	KR4h0117_WYG_491-24b
498.md	387	KR4h0117_WYG_491-25a
498.md	395	KR4h0117_WYG_491-25b
498.md	403	KR4h0117_WYG_491-26a
498.md	411	KR4h0117_WYG_491-26b
498.md	419	KR4h0117_WYG_491-27a
498.md	427	KR4h0117_WYG_491-27b
498.md	435	KR4h0117_WYG_491-28a
498.md	443	KR4h0117_WYG_491-28b
498.md	451	KR4h0117_WYG_491-29a
498.md	459	KR4h0117_WYG_491-29b
498.md	467	KR4h0117_WYG_491-30a
498.md	475	KR4h0117_WYG_491-30b
498.md	483	KR4h0117_WYG_491-31a
498.md	491	KR4h0117_WYG_491-31b
498.md	499	KR4h0117_WYG_491-32a
498.md	507	KR4h0117_WYG_491-32b
498.md	515	KR4h0117_WYG_491-33a
498.md	523	KR4h0117_WYG_491-33b
498.md	531	KR4h0117_WYG_491-34a
498.md	539	KR4h0117_WYG_491-34b
498.md	547	KR4h0117_WYG_491-35a
498.md	555	KR4h0117_WYG_491-35b
498.md	563	KR4h0117_WYG_491-36a
498.md	571	KR4h0117_WYG_491-36b
498.md	579	KR4h0117_WYG_491-37a
498.md	587	KR4h0117_WYG_491-37b
498.md	595	KR4h0117_WYG_491-38a
498.md	603	KR4h0117_WYG_491-38b
498.md	611	KR4h0117_WYG_491-39a
498.md	619	KR4h0117_WYG_491-39b
498.md	627	KR4h0117_WYG_491-40a
498.md	635	KR4h0117_WYG_491-40b
498.md	643	KR4h0117_WYG_491-41a
498.md	651	KR4h0117_WYG_491-41b
498.md	659	KR4h0117_WYG_491-42a
498.md	667	KR4h0117_WYG_491-42b
498.md	675	KR4h0117_WYG_491-43a
498.md	683	KR4h0117_WYG_491-43b
498.md	691	KR4h0117_WYG_491-44a
498.md	699	KR4h0117_WYG_491-44b
498.md	707	KR4h0117_WYG_491-45a
498.md	715	KR4h0117_WYG_491-45b
498.md	723	KR4h0117_WYG_491-46a
498.md	731	KR4h0117_WYG_491-46b
499.md	3	KR4h0117_WYG_492-1a
499.md	11	KR4h0117_WYG_492-1b
499.md	19	KR4h0117_WYG_492-2a
499.md	27	KR4h0117_WYG_492-2b
499.md	35	KR4h0117_WYG_492-3a
499.md	43	KR4h0117_WYG_492-3b
499.md	51	KR4h0117_WYG_492-4a
499.md	59	KR4h0117_WYG_492-4b
499.md	67	KR4h0117_WYG_492-5a
499.md	75	KR4h0117_WYG_492-5b
499.md	83	KR4h0117_WYG_492-6a
499.md	91	KR4h0117_WYG_492-6b
499.md	99	KR4h0117_WYG_492-7a
499.md	107	KR4h0117_WYG_492-7b
499.md	115	KR4h0117_WYG_492-8a
499.md	123	KR4h0117_WYG_492-8b
499.md	131	KR4h0117_WYG_492-9a
499.md	139	KR4h0117_WYG_492-9b
499.md	147	KR4h0117_WYG_492-10a
499.md	155	KR4h0117_WYG_492-10b
499.md	163	KR4h0117_WYG_492-11a
499.md	171	KR4h0117_WYG_492-11b
499.md	179	KR4h0117_WYG_492-12a
499.md	187	KR4h0117_WYG_492-12b
499.md	195	KR4h0117_WYG_492-13a
499.md	203	KR4h0117_WYG_492-13b
499.md	211	KR4h0117_WYG_492-14a
499.md	219	KR4h0117_WYG_492-14b
499.md	227	KR4h0117_WYG_492-15a
499.md	235	KR4h0117_WYG_492-15b
499.md	243	KR4h0117_WYG_492-16a
499.md	251	KR4h0117_WYG_492-16b
499.md	259	KR4h0117_WYG_492-17a
499.md	267	KR4h0117_WYG_492-17b
499.md	275	KR4h0117_WYG_492-18a
499.md	283	KR4h0117_WYG_492-18b
499.md	291	KR4h0117_WYG_492-19a
499.md	299	KR4h0117_WYG_492-19b
499.md	307	KR4h0117_WYG_492-20a
499.md	315	KR4h0117_WYG_492-20b
499.md	323	KR4h0117_WYG_492-21a
499.md	331	KR4h0117_WYG_492-21b
499.md	339	KR4h0117_WYG_492-22a
499.md	347	KR4h0117_WYG_492-22b
499.md	355	KR4h0117_WYG_492-23a
499.md	363	KR4h0117_WYG_492-23b
499.md	371	KR4h0117_WYG_492-24a
499.md	379	KR4h0117_WYG_492-24b
499.md	387	KR4h0117_WYG_492-25a
499.md	395	KR4h0117_WYG_492-25b
499.md	403	KR4h0117_WYG_492-26a
499.md	411	KR4h0117_WYG_492-26b
499.md	419	KR4h0117_WYG_492-27a
499.md	427	KR4h0117_WYG_492-27b
499.md	435	KR4h0117_WYG_492-28a
499.md	443	KR4h0117_WYG_492-28b
499.md	451	KR4h0117_WYG_492-29a
499.md	459	KR4h0117_WYG_492-29b
499.md	467	KR4h0117_WYG_492-30a
499.md	475	KR4h0117_WYG_492-30b
499.md	483	KR4h0117_WYG_492-31a
499.md	491	KR4h0117_WYG_492-31b
499.md	499	KR4h0117_WYG_492-32a
499.md	507	KR4h0117_WYG_492-32b
499.md	515	KR4h0117_WYG_492-33a
499.md	523	KR4h0117_WYG_492-33b
499.md	531	KR4h0117_WYG_492-34a
499.md	539	KR4h0117_WYG_492-34b
499.md	547	KR4h0117_WYG_492-35a
499.md	555	KR4h0117_WYG_492-35b
499.md	563	KR4h0117_WYG_492-36a
499.md	571	KR4h0117_WYG_492-36b
499.md	579	KR4h0117_WYG_492-37a
499.md	587	KR4h0117_WYG_492-37b
499.md	595	KR4h0117_WYG_492-38a
499.md	603	KR4h0117_WYG_492-38b
499.md	611	KR4h0117_WYG_492-39a
499.md	619	KR4h0117_WYG_492-39b
499.md	627	KR4h0117_WYG_492-40a
499.md	635	KR4h0117_WYG_492-40b
500.md	3	KR4h0117_WYG_493-1a
500.md	11	KR4h0117_WYG_493-1b
500.md	19	KR4h0117_WYG_493-2a
500.md	27	KR4h0117_WYG_493-2b
500.md	35	KR4h0117_WYG_493-3a
500.md	43	KR4h0117_WYG_493-3b
500.md	51	KR4h0117_WYG_493-4a
500.md	59	KR4h0117_WYG_493-4b
500.md	67	KR4h0117_WYG_493-5a
500.md	75	KR4h0117_WYG_493-5b
500.md	83	KR4h0117_WYG_493-6a
500.md	91	KR4h0117_WYG_493-6b
500.md	99	KR4h0117_WYG_493-7a
500.md	107	KR4h0117_WYG_493-7b
500.md	115	KR4h0117_WYG_493-8a
500.md	123	KR4h0117_WYG_493-8b
500.md	131	KR4h0117_WYG_493-9a
500.md	139	KR4h0117_WYG_493-9b
500.md	147	KR4h0117_WYG_493-10a
500.md	155	KR4h0117_WYG_493-10b
500.md	163	KR4h0117_WYG_493-11a
500.md	171	KR4h0117_WYG_493-11b
500.md	179	KR4h0117_WYG_493-12a
500.md	187	KR4h0117_WYG_493-12b
500.md	195	KR4h0117_WYG_493-13a
500.md	203	KR4h0117_WYG_493-13b
500.md	211	KR4h0117_WYG_493-14a
500.md	219	KR4h0117_WYG_493-14b
500.md	227	KR4h0117_WYG_493-15a
500.md	235	KR4h0117_WYG_493-15b
500.md	243	KR4h0117_WYG_493-16a
500.md	251	KR4h0117_WYG_493-16b
500.md	259	KR4h0117_WYG_493-17a
500.md	267	KR4h0117_WYG_493-17b
500.md	275	KR4h0117_WYG_493-18a
500.md	283	KR4h0117_WYG_493-18b
500.md	291	KR4h0117_WYG_493-19a
500.md	299	KR4h0117_WYG_493-19b
500.md	307	KR4h0117_WYG_493-20a
500.md	315	KR4h0117_WYG_493-20b
500.md	323	KR4h0117_WYG_493-21a
500.md	331	KR4h0117_WYG_493-21b
500.md	339	KR4h0117_WYG_493-22a
500.md	347	KR4h0117_WYG_493-22b
500.md	355	KR4h0117_WYG_493-23a
500.md	363	KR4h0117_WYG_493-23b
500.md	371	KR4h0117_WYG_493-24a
500.md	379	KR4h0117_WYG_493-24b
500.md	387	KR4h0117_WYG_493-25a
500.md	395	KR4h0117_WYG_493-25b
500.md	403	KR4h0117_WYG_493-26a
500.md	411	KR4h0117_WYG_493-26b
501.md	3	KR4h0117_WYG_494-1a
501.md	11	KR4h0117_WYG_494-1b
501.md	19	KR4h0117_WYG_494-2a
501.md	27	KR4h0117_WYG_494-2b
501.md	35	KR4h0117_WYG_494-3a
501.md	43	KR4h0117_WYG_494-3b
501.md	51	KR4h0117_WYG_494-4a
501.md	59	KR4h0117_WYG_494-4b
501.md	67	KR4h0117_WYG_494-5a
501.md	75	KR4h0117_WYG_494-5b
501.md	83	KR4h0117_WYG_494-6a
501.md	91	KR4h0117_WYG_494-6b
501.md	99	KR4h0117_WYG_494-7a
501.md	107	KR4h0117_WYG_494-7b
501.md	115	KR4h0117_WYG_494-8a
501.md	123	KR4h0117_WYG_494-8b
501.md	131	KR4h0117_WYG_494-9a
501.md	139	KR4h0117_WYG_494-9b
501.md	147	KR4h0117_WYG_494-10a
501.md	155	KR4h0117_WYG_494-10b
501.md	163	KR4h0117_WYG_494-11a
501.md	171	KR4h0117_WYG_494-11b
501.md	179	KR4h0117_WYG_494-12a
501.md	187	KR4h0117_WYG_494-12b
501.md	195	KR4h0117_WYG_494-13a
501.md	203	KR4h0117_WYG_494-13b
501.md	211	KR4h0117_WYG_494-14a
501.md	219	KR4h0117_WYG_494-14b
501.md	227	KR4h0117_WYG_494-15a
501.md	235	KR4h0117_WYG_494-15b
501.md	243	KR4h0117_WYG_494-16a
501.md	251	KR4h0117_WYG_494-16b
501.md	259	KR4h0117_WYG_494-17a
501.md	267	KR4h0117_WYG_494-17b
501.md	275	KR4h0117_WYG_494-18a
501.md	283	KR4h0117_WYG_494-18b
501.md	291	KR4h0117_WYG_494-19a
501.md	299	KR4h0117_WYG_494-19b
501.md	307	KR4h0117_WYG_494-20a
501.md	315	KR4h0117_WYG_494-20b
501.md	323	KR4h0117_WYG_494-21a
501.md	331	KR4h0117_WYG_494-21b
501.md	339	KR4h0117_WYG_494-22a
501.md	347	KR4h0117_WYG_494-22b
501.md	355	KR4h0117_WYG_494-23a
501.md	363	KR4h0117_WYG_494-23b
501.md	371	KR4h0117_WYG_494-24a
501.md	379	KR4h0117_WYG_494-24b
501.md	387	KR4h0117_WYG_494-25a
501.md	395	KR4h0117_WYG_494-25b
501.md	403	KR4h0117_WYG_494-26a
501.md	411	KR4h0117_WYG_494-26b
501.md	419	KR4h0117_WYG_494-27a
501.md	427	KR4h0117_WYG_494-27b
501.md	435	KR4h0117_WYG_494-28a
501.md	443	KR4h0117_WYG_494-28b
501.md	451	KR4h0117_WYG_494-29a
501.md	459	KR4h0117_WYG_494-29b
501.md	467	KR4h0117_WYG_494-30a
501.md	475	KR4h0117_WYG_494-30b
501.md	483	KR4h0117_WYG_494-31a
501.md	491	KR4h0117_WYG_494-31b
501.md	499	KR4h0117_WYG_494-32a
501.md	507	KR4h0117_WYG_494-32b
501.md	515	KR4h0117_WYG_494-33a
501.md	523	KR4h0117_WYG_494-33b
501.md	531	KR4h0117_WYG_494-34a
501.md	539	KR4h0117_WYG_494-34b
501.md	547	KR4h0117_WYG_494-35a
501.md	555	KR4h0117_WYG_494-35b
501.md	563	KR4h0117_WYG_494-36a
501.md	571	KR4h0117_WYG_494-36b
501.md	579	KR4h0117_WYG_494-37a
501.md	587	KR4h0117_WYG_494-37b
501.md	595	KR4h0117_WYG_494-38a
501.md	603	KR4h0117_WYG_494-38b
501.md	611	KR4h0117_WYG_494-39a
501.md	619	KR4h0117_WYG_494-39b
501.md	627	KR4h0117_WYG_494-40a
501.md	635	KR4h0117_WYG_494-40b
501.md	643	KR4h0117_WYG_494-41a
501.md	651	KR4h0117_WYG_494-41b
501.md	659	KR4h0117_WYG_494-42a
501.md	667	KR4h0117_WYG_494-42b
501.md	675	KR4h0117_WYG_494-43a
501.md	683	KR4h0117_WYG_494-43b
501.md	691	KR4h0117_WYG_494-44a
501.md	699	KR4h0117_WYG_494-44b
501.md	707	KR4h0117_WYG_494-45a
501.md	715	KR4h0117_WYG_494-45b
501.md	723	KR4h0117_WYG_494-46a
501.md	731	KR4h0117_WYG_494-46b
501.md	739	KR4h0117_WYG_494-47a
501.md	747	KR4h0117_WYG_494-47b
501.md	755	KR4h0117_WYG_494-48a
501.md	763	KR4h0117_WYG_494-48b
501.md	771	KR4h0117_WYG_494-49a
501.md	779	KR4h0117_WYG_494-49b
501.md	787	KR4h0117_WYG_494-50a
501.md	795	KR4h0117_WYG_494-50b
501.md	803	KR4h0117_WYG_494-51a
501.md	811	KR4h0117_WYG_494-51b
501.md	819	KR4h0117_WYG_494-52a
501.md	827	KR4h0117_WYG_494-52b
501.md	835	KR4h0117_WYG_494-53a
501.md	843	KR4h0117_WYG_494-53b
501.md	851	KR4h0117_WYG_494-54a
501.md	859	KR4h0117_WYG_494-54b
501.md	867	KR4h0117_WYG_494-55a
501.md	875	KR4h0117_WYG_494-55b
501.md	883	KR4h0117_WYG_494-56a
501.md	891	KR4h0117_WYG_494-56b
501.md	899	KR4h0117_WYG_494-57a
501.md	907	KR4h0117_WYG_494-57b
501.md	915	KR4h0117_WYG_494-58a
501.md	923	KR4h0117_WYG_494-58b
501.md	931	KR4h0117_WYG_494-59a
501.md	939	KR4h0117_WYG_494-59b
501.md	947	KR4h0117_WYG_494-60a
501.md	955	KR4h0117_WYG_494-60b
501.md	963	KR4h0117_WYG_494-61a
501.md	971	KR4h0117_WYG_494-61b
501.md	979	KR4h0117_WYG_494-62a
501.md	987	KR4h0117_WYG_494-62b
501.md	995	KR4h0117_WYG_494-63a
501.md	1003	KR4h0117_WYG_494-63b
501.md	1011	KR4h0117_WYG_494-64a
501.md	1019	KR4h0117_WYG_494-64b
501.md	1027	KR4h0117_WYG_494-65a
501.md	1035	KR4h0117_WYG_494-65b
501.md	1043	KR4h0117_WYG_494-66a
501.md	1051	KR4h0117_WYG_494-66b
501.md	1059	KR4h0117_WYG_494-67a
501.md	1067	KR4h0117_WYG_494-67b
501.md	1075	KR4h0117_WYG_494-68a
501.md	1083	KR4h0117_WYG_494-68b
501.md	1091	KR4h0117_WYG_494-69a
501.md	1099	KR4h0117_WYG_494-69b
501.md	1107	KR4h0117_WYG_494-70a
501.md	1115	KR4h0117_WYG_494-70b
502.md	3	KR4h0117_WYG_495-1a
502.md	11	KR4h0117_WYG_495-1b
502.md	19	KR4h0117_WYG_495-2a
502.md	27	KR4h0117_WYG_495-2b
502.md	35	KR4h0117_WYG_495-3a
502.md	43	KR4h0117_WYG_495-3b
502.md	51	KR4h0117_WYG_495-4a
502.md	59	KR4h0117_WYG_495-4b
502.md	67	KR4h0117_WYG_495-5a
502.md	75	KR4h0117_WYG_495-5b
502.md	83	KR4h0117_WYG_495-6a
502.md	91	KR4h0117_WYG_495-6b
502.md	99	KR4h0117_WYG_495-7a
502.md	107	KR4h0117_WYG_495-7b
502.md	115	KR4h0117_WYG_495-8a
502.md	123	KR4h0117_WYG_495-8b
502.md	131	KR4h0117_WYG_495-9a
502.md	139	KR4h0117_WYG_495-9b
502.md	147	KR4h0117_WYG_495-10a
502.md	155	KR4h0117_WYG_495-10b
502.md	163	KR4h0117_WYG_495-11a
502.md	171	KR4h0117_WYG_495-11b
502.md	179	KR4h0117_WYG_495-12a
502.md	187	KR4h0117_WYG_495-12b
502.md	195	KR4h0117_WYG_495-13a
502.md	203	KR4h0117_WYG_495-13b
502.md	211	KR4h0117_WYG_495-14a
502.md	219	KR4h0117_WYG_495-14b
502.md	227	KR4h0117_WYG_495-15a
502.md	235	KR4h0117_WYG_495-15b
502.md	243	KR4h0117_WYG_495-16a
502.md	251	KR4h0117_WYG_495-16b
502.md	259	KR4h0117_WYG_495-17a
502.md	267	KR4h0117_WYG_495-17b
502.md	275	KR4h0117_WYG_495-18a
502.md	283	KR4h0117_WYG_495-18b
502.md	291	KR4h0117_WYG_495-19a
502.md	299	KR4h0117_WYG_495-19b
502.md	307	KR4h0117_WYG_495-20a
502.md	315	KR4h0117_WYG_495-20b
502.md	323	KR4h0117_WYG_495-21a
502.md	331	KR4h0117_WYG_495-21b
502.md	339	KR4h0117_WYG_495-22a
502.md	347	KR4h0117_WYG_495-22b
502.md	355	KR4h0117_WYG_495-23a
502.md	363	KR4h0117_WYG_495-23b
502.md	371	KR4h0117_WYG_495-24a
502.md	379	KR4h0117_WYG_495-24b
502.md	387	KR4h0117_WYG_495-25a
502.md	395	KR4h0117_WYG_495-25b
502.md	403	KR4h0117_WYG_495-26a
502.md	411	KR4h0117_WYG_495-26b
502.md	419	KR4h0117_WYG_495-27a
502.md	427	KR4h0117_WYG_495-27b
502.md	435	KR4h0117_WYG_495-28a
502.md	443	KR4h0117_WYG_495-28b
502.md	451	KR4h0117_WYG_495-29a
502.md	459	KR4h0117_WYG_495-29b
502.md	467	KR4h0117_WYG_495-30a
502.md	475	KR4h0117_WYG_495-30b
502.md	483	KR4h0117_WYG_495-31a
502.md	491	KR4h0117_WYG_495-31b
503.md	3	KR4h0117_WYG_496-1a
503.md	11	KR4h0117_WYG_496-1b
503.md	19	KR4h0117_WYG_496-2a
503.md	27	KR4h0117_WYG_496-2b
503.md	35	KR4h0117_WYG_496-3a
503.md	43	KR4h0117_WYG_496-3b
503.md	51	KR4h0117_WYG_496-4a
503.md	59	KR4h0117_WYG_496-4b
503.md	67	KR4h0117_WYG_496-5a
503.md	75	KR4h0117_WYG_496-5b
503.md	83	KR4h0117_WYG_496-6a
503.md	91	KR4h0117_WYG_496-6b
503.md	99	KR4h0117_WYG_496-7a
503.md	107	KR4h0117_WYG_496-7b
503.md	115	KR4h0117_WYG_496-8a
503.md	123	KR4h0117_WYG_496-8b
503.md	131	KR4h0117_WYG_496-9a
503.md	139	KR4h0117_WYG_496-9b
503.md	147	KR4h0117_WYG_496-10a
503.md	155	KR4h0117_WYG_496-10b
503.md	163	KR4h0117_WYG_496-11a
503.md	171	KR4h0117_WYG_496-11b
503.md	179	KR4h0117_WYG_496-12a
503.md	187	KR4h0117_WYG_496-12b
503.md	195	KR4h0117_WYG_496-13a
503.md	203	KR4h0117_WYG_496-13b
503.md	211	KR4h0117_WYG_496-14a
503.md	219	KR4h0117_WYG_496-14b
503.md	227	KR4h0117_WYG_496-15a
503.md	235	KR4h0117_WYG_496-15b
503.md	243	KR4h0117_WYG_496-16a
503.md	251	KR4h0117_WYG_496-16b
503.md	259	KR4h0117_WYG_496-17a
503.md	267	KR4h0117_WYG_496-17b
503.md	275	KR4h0117_WYG_496-18a
503.md	283	KR4h0117_WYG_496-18b
503.md	291	KR4h0117_WYG_496-19a
503.md	299	KR4h0117_WYG_496-19b
504.md	3	KR4h0117_WYG_497-1a
504.md	11	KR4h0117_WYG_497-1b
504.md	19	KR4h0117_WYG_497-2a
504.md	27	KR4h0117_WYG_497-2b
504.md	35	KR4h0117_WYG_497-3a
504.md	43	KR4h0117_WYG_497-3b
504.md	51	KR4h0117_WYG_497-4a
504.md	59	KR4h0117_WYG_497-4b
504.md	67	KR4h0117_WYG_497-5a
504.md	75	KR4h0117_WYG_497-5b
504.md	83	KR4h0117_WYG_497-6a
504.md	91	KR4h0117_WYG_497-6b
504.md	99	KR4h0117_WYG_497-7a
504.md	107	KR4h0117_WYG_497-7b
504.md	115	KR4h0117_WYG_497-8a
504.md	123	KR4h0117_WYG_497-8b
504.md	131	KR4h0117_WYG_497-9a
504.md	139	KR4h0117_WYG_497-9b
504.md	147	KR4h0117_WYG_497-10a
504.md	155	KR4h0117_WYG_497-10b
504.md	163	KR4h0117_WYG_497-11a
504.md	171	KR4h0117_WYG_497-11b
504.md	179	KR4h0117_WYG_497-12a
504.md	187	KR4h0117_WYG_497-12b
504.md	195	KR4h0117_WYG_497-13a
504.md	203	KR4h0117_WYG_497-13b
504.md	211	KR4h0117_WYG_497-14a
504.md	219	KR4h0117_WYG_497-14b
504.md	227	KR4h0117_WYG_497-15a
504.md	235	KR4h0117_WYG_497-15b
504.md	243	KR4h0117_WYG_497-16a
504.md	251	KR4h0117_WYG_497-16b
504.md	259	KR4h0117_WYG_497-17a
504.md	267	KR4h0117_WYG_497-17b
504.md	275	KR4h0117_WYG_497-18a
504.md	283	KR4h0117_WYG_497-18b
504.md	291	KR4h0117_WYG_497-19a
504.md	299	KR4h0117_WYG_497-19b
504.md	307	KR4h0117_WYG_497-20a
504.md	315	KR4h0117_WYG_497-20b
504.md	323	KR4h0117_WYG_497-21a
504.md	328	KR4h0117_WYG_497-22a
504.md	336	KR4h0117_WYG_497-22b
504.md	344	KR4h0117_WYG_497-23a
504.md	352	KR4h0117_WYG_497-23b
504.md	360	KR4h0117_WYG_497-24a
504.md	368	KR4h0117_WYG_497-24b
504.md	376	KR4h0117_WYG_497-25a
504.md	384	KR4h0117_WYG_497-25b
504.md	392	KR4h0117_WYG_497-26a
504.md	400	KR4h0117_WYG_497-26b
504.md	408	KR4h0117_WYG_497-27a
504.md	416	KR4h0117_WYG_497-27b
504.md	424	KR4h0117_WYG_497-28a
504.md	432	KR4h0117_WYG_497-28b
504.md	440	KR4h0117_WYG_497-29a
504.md	448	KR4h0117_WYG_497-29b
504.md	456	KR4h0117_WYG_497-30a
504.md	464	KR4h0117_WYG_497-30b
504.md	472	KR4h0117_WYG_497-31a
504.md	480	KR4h0117_WYG_497-31b
504.md	488	KR4h0117_WYG_497-32a
504.md	496	KR4h0117_WYG_497-32b
505.md	3	KR4h0117_WYG_498-1a
505.md	11	KR4h0117_WYG_498-1b
505.md	19	KR4h0117_WYG_498-2a
505.md	27	KR4h0117_WYG_498-2b
505.md	35	KR4h0117_WYG_498-3a
505.md	43	KR4h0117_WYG_498-3b
505.md	51	KR4h0117_WYG_498-4a
505.md	59	KR4h0117_WYG_498-4b
505.md	67	KR4h0117_WYG_498-5a
505.md	75	KR4h0117_WYG_498-5b
505.md	83	KR4h0117_WYG_498-6a
505.md	91	KR4h0117_WYG_498-6b
505.md	99	KR4h0117_WYG_498-7a
505.md	107	KR4h0117_WYG_498-7b
505.md	115	KR4h0117_WYG_498-8a
505.md	123	KR4h0117_WYG_498-8b
505.md	131	KR4h0117_WYG_498-9a
505.md	139	KR4h0117_WYG_498-9b
505.md	147	KR4h0117_WYG_498-10a
505.md	155	KR4h0117_WYG_498-10b
505.md	163	KR4h0117_WYG_498-11a
505.md	171	KR4h0117_WYG_498-11b
505.md	179	KR4h0117_WYG_498-12a
505.md	187	KR4h0117_WYG_498-12b
505.md	195	KR4h0117_WYG_498-13a
505.md	203	KR4h0117_WYG_498-13b
505.md	211	KR4h0117_WYG_498-14a
505.md	219	KR4h0117_WYG_498-14b
505.md	227	KR4h0117_WYG_498-15a
505.md	235	KR4h0117_WYG_498-15b
505.md	243	KR4h0117_WYG_498-16a
505.md	251	KR4h0117_WYG_498-16b
505.md	259	KR4h0117_WYG_498-17a
505.md	267	KR4h0117_WYG_498-17b
505.md	275	KR4h0117_WYG_498-18a
505.md	283	KR4h0117_WYG_498-18b
505.md	291	KR4h0117_WYG_498-19a
505.md	299	KR4h0117_WYG_498-19b
505.md	307	KR4h0117_WYG_498-20a
505.md	315	KR4h0117_WYG_498-20b
505.md	323	KR4h0117_WYG_498-21a
505.md	331	KR4h0117_WYG_498-21b
505.md	339	KR4h0117_WYG_498-22a
505.md	347	KR4h0117_WYG_498-22b
505.md	355	KR4h0117_WYG_498-23a
505.md	363	KR4h0117_WYG_498-23b
505.md	371	KR4h0117_WYG_498-24a
505.md	379	KR4h0117_WYG_498-24b
505.md	387	KR4h0117_WYG_498-25a
505.md	395	KR4h0117_WYG_498-25b
506.md	3	KR4h0117_WYG_499-1a
506.md	11	KR4h0117_WYG_499-1b
506.md	19	KR4h0117_WYG_499-2a
506.md	27	KR4h0117_WYG_499-2b
506.md	35	KR4h0117_WYG_499-3a
506.md	43	KR4h0117_WYG_499-3b
506.md	51	KR4h0117_WYG_499-4a
506.md	59	KR4h0117_WYG_499-4b
506.md	67	KR4h0117_WYG_499-5a
506.md	75	KR4h0117_WYG_499-5b
506.md	83	KR4h0117_WYG_499-6a
506.md	91	KR4h0117_WYG_499-6b
506.md	99	KR4h0117_WYG_499-7a
506.md	107	KR4h0117_WYG_499-7b
506.md	115	KR4h0117_WYG_499-8a
506.md	123	KR4h0117_WYG_499-8b
506.md	131	KR4h0117_WYG_499-9a
506.md	139	KR4h0117_WYG_499-9b
506.md	147	KR4h0117_WYG_499-10a
506.md	155	KR4h0117_WYG_499-10b
506.md	163	KR4h0117_WYG_499-11a
506.md	171	KR4h0117_WYG_499-11b
506.md	179	KR4h0117_WYG_499-12a
506.md	187	KR4h0117_WYG_499-12b
506.md	195	KR4h0117_WYG_499-13a
506.md	203	KR4h0117_WYG_499-13b
506.md	211	KR4h0117_WYG_499-14a
506.md	219	KR4h0117_WYG_499-14b
506.md	227	KR4h0117_WYG_499-15a
506.md	235	KR4h0117_WYG_499-15b
506.md	243	KR4h0117_WYG_499-16a
506.md	251	KR4h0117_WYG_499-16b
506.md	259	KR4h0117_WYG_499-17a
506.md	267	KR4h0117_WYG_499-17b
506.md	275	KR4h0117_WYG_499-18a
506.md	283	KR4h0117_WYG_499-18b
506.md	291	KR4h0117_WYG_499-19a
506.md	299	KR4h0117_WYG_499-19b
506.md	307	KR4h0117_WYG_499-20a
506.md	315	KR4h0117_WYG_499-20b
506.md	323	KR4h0117_WYG_499-21a
506.md	331	KR4h0117_WYG_499-21b
506.md	339	KR4h0117_WYG_499-22a
506.md	347	KR4h0117_WYG_499-22b
506.md	355	KR4h0117_WYG_499-23a
506.md	363	KR4h0117_WYG_499-23b
506.md	371	KR4h0117_WYG_499-24a
506.md	379	KR4h0117_WYG_499-24b
506.md	387	KR4h0117_WYG_499-25a
506.md	395	KR4h0117_WYG_499-25b
506.md	403	KR4h0117_WYG_499-26a
506.md	411	KR4h0117_WYG_499-26b
506.md	419	KR4h0117_WYG_499-27a
506.md	427	KR4h0117_WYG_499-27b
506.md	435	KR4h0117_WYG_499-28a
506.md	443	KR4h0117_WYG_499-28b
506.md	451	KR4h0117_WYG_499-29a
506.md	459	KR4h0117_WYG_499-29b
506.md	467	KR4h0117_WYG_499-30a
506.md	475	KR4h0117_WYG_499-30b
506.md	483	KR4h0117_WYG_499-31a
506.md	491	KR4h0117_WYG_499-31b
506.md	499	KR4h0117_WYG_499-32a
506.md	507	KR4h0117_WYG_499-32b
506.md	515	KR4h0117_WYG_499-33a
506.md	523	KR4h0117_WYG_499-33b
506.md	531	KR4h0117_WYG_499-34a
506.md	539	KR4h0117_WYG_499-34b
506.md	547	KR4h0117_WYG_499-35a
506.md	555	KR4h0117_WYG_499-35b
506.md	563	KR4h0117_WYG_499-36a
506.md	571	KR4h0117_WYG_499-36b
506.md	579	KR4h0117_WYG_499-37a
506.md	587	KR4h0117_WYG_499-37b
506.md	595	KR4h0117_WYG_499-38a
506.md	603	KR4h0117_WYG_499-38b
506.md	611	KR4h0117_WYG_499-39a
506.md	619	KR4h0117_WYG_499-39b
506.md	627	KR4h0117_WYG_499-40a
506.md	635	KR4h0117_WYG_499-40b
506.md	643	KR4h0117_WYG_499-41a
506.md	651	KR4h0117_WYG_499-41b
506.md	659	KR4h0117_WYG_499-42a
506.md	667	KR4h0117_WYG_499-42b
507.md	3	KR4h0117_WYG_500-1a
507.md	11	KR4h0117_WYG_500-1b
507.md	19	KR4h0117_WYG_500-2a
507.md	27	KR4h0117_WYG_500-2b
507.md	35	KR4h0117_WYG_500-3a
507.md	43	KR4h0117_WYG_500-3b
507.md	51	KR4h0117_WYG_500-4a
507.md	59	KR4h0117_WYG_500-4b
507.md	67	KR4h0117_WYG_500-5a
507.md	75	KR4h0117_WYG_500-5b
507.md	83	KR4h0117_WYG_500-6a
507.md	91	KR4h0117_WYG_500-6b
507.md	99	KR4h0117_WYG_500-7a
507.md	107	KR4h0117_WYG_500-7b
507.md	115	KR4h0117_WYG_500-8a
507.md	123	KR4h0117_WYG_500-8b
507.md	131	KR4h0117_WYG_500-9a
507.md	139	KR4h0117_WYG_500-9b
507.md	147	KR4h0117_WYG_500-10a
507.md	155	KR4h0117_WYG_500-10b
507.md	163	KR4h0117_WYG_500-11a
507.md	171	KR4h0117_WYG_500-11b
507.md	179	KR4h0117_WYG_500-12a
507.md	187	KR4h0117_WYG_500-12b
507.md	195	KR4h0117_WYG_500-13a
507.md	203	KR4h0117_WYG_500-13b
507.md	211	KR4h0117_WYG_500-14a
507.md	219	KR4h0117_WYG_500-14b
507.md	227	KR4h0117_WYG_500-15a
507.md	235	KR4h0117_WYG_500-15b
507.md	243	KR4h0117_WYG_500-16a
507.md	251	KR4h0117_WYG_500-16b
507.md	259	KR4h0117_WYG_500-17a
507.md	267	KR4h0117_WYG_500-17b
507.md	275	KR4h0117_WYG_500-18a
507.md	283	KR4h0117_WYG_500-18b
507.md	291	KR4h0117_WYG_500-19a
507.md	299	KR4h0117_WYG_500-19b
507.md	307	KR4h0117_WYG_500-20a
507.md	315	KR4h0117_WYG_500-20b
507.md	323	KR4h0117_WYG_500-21a
507.md	331	KR4h0117_WYG_500-21b
507.md	339	KR4h0117_WYG_500-22a
507.md	347	KR4h0117_WYG_500-22b
507.md	355	KR4h0117_WYG_500-23a
507.md	363	KR4h0117_WYG_500-23b
507.md	371	KR4h0117_WYG_500-24a
507.md	379	KR4h0117_WYG_500-24b
507.md	387	KR4h0117_WYG_500-25a
507.md	395	KR4h0117_WYG_500-25b
507.md	403	KR4h0117_WYG_500-26a
507.md	411	KR4h0117_WYG_500-26b
507.md	419	KR4h0117_WYG_500-27a
507.md	427	KR4h0117_WYG_500-27b
507.md	435	KR4h0117_WYG_500-28a
507.md	443	KR4h0117_WYG_500-28b
507.md	451	KR4h0117_WYG_500-29a
507.md	459	KR4h0117_WYG_500-29b
507.md	467	KR4h0117_WYG_500-30a
507.md	475	KR4h0117_WYG_500-30b
507.md	483	KR4h0117_WYG_500-31a
507.md	491	KR4h0117_WYG_500-31b
507.md	499	KR4h0117_WYG_500-32a
507.md	507	KR4h0117_WYG_500-32b
507.md	515	KR4h0117_WYG_500-33a
507.md	523	KR4h0117_WYG_500-33b
507.md	531	KR4h0117_WYG_500-34a
507.md	539	KR4h0117_WYG_500-34b
507.md	547	KR4h0117_WYG_500-35a
507.md	555	KR4h0117_WYG_500-35b
507.md	563	KR4h0117_WYG_500-36a
507.md	571	KR4h0117_WYG_500-36b
507.md	579	KR4h0117_WYG_500-37a
507.md	587	KR4h0117_WYG_500-37b
507.md	595	KR4h0117_WYG_500-38a
507.md	603	KR4h0117_WYG_500-38b
507.md	611	KR4h0117_WYG_500-39a
507.md	619	KR4h0117_WYG_500-39b
507.md	627	KR4h0117_WYG_500-40a
507.md	635	KR4h0117_WYG_500-40b
507.md	643	KR4h0117_WYG_500-41a
507.md	651	KR4h0117_WYG_500-41b
507.md	659	KR4h0117_WYG_500-42a
507.md	667	KR4h0117_WYG_500-42b
507.md	675	KR4h0117_WYG_500-43a
507.md	683	KR4h0117_WYG_500-43b
507.md	691	KR4h0117_WYG_500-44a
507.md	699	KR4h0117_WYG_500-44b
507.md	707	KR4h0117_WYG_500-45a
507.md	715	KR4h0117_WYG_500-45b
508.md	3	KR4h0117_WYG_501-1a
508.md	11	KR4h0117_WYG_501-1b
508.md	19	KR4h0117_WYG_501-2a
508.md	27	KR4h0117_WYG_501-2b
508.md	35	KR4h0117_WYG_501-3a
508.md	43	KR4h0117_WYG_501-3b
508.md	51	KR4h0117_WYG_501-4a
508.md	59	KR4h0117_WYG_501-4b
508.md	67	KR4h0117_WYG_501-5a
508.md	75	KR4h0117_WYG_501-5b
508.md	83	KR4h0117_WYG_501-6a
508.md	91	KR4h0117_WYG_501-6b
508.md	99	KR4h0117_WYG_501-7a
508.md	107	KR4h0117_WYG_501-7b
508.md	115	KR4h0117_WYG_501-8a
508.md	123	KR4h0117_WYG_501-8b
508.md	131	KR4h0117_WYG_501-9a
508.md	139	KR4h0117_WYG_501-9b
508.md	147	KR4h0117_WYG_501-10a
508.md	155	KR4h0117_WYG_501-10b
508.md	163	KR4h0117_WYG_501-11a
508.md	171	KR4h0117_WYG_501-11b
508.md	179	KR4h0117_WYG_501-12a
508.md	187	KR4h0117_WYG_501-12b
508.md	195	KR4h0117_WYG_501-13a
508.md	203	KR4h0117_WYG_501-13b
508.md	211	KR4h0117_WYG_501-14a
508.md	219	KR4h0117_WYG_501-14b
508.md	227	KR4h0117_WYG_501-15a
508.md	235	KR4h0117_WYG_501-15b
508.md	243	KR4h0117_WYG_501-16a
508.md	251	KR4h0117_WYG_501-16b
508.md	259	KR4h0117_WYG_501-17a
508.md	267	KR4h0117_WYG_501-17b
508.md	275	KR4h0117_WYG_501-18a
508.md	283	KR4h0117_WYG_501-18b
508.md	291	KR4h0117_WYG_501-19a
508.md	299	KR4h0117_WYG_501-19b
508.md	307	KR4h0117_WYG_501-20a
508.md	315	KR4h0117_WYG_501-20b
508.md	323	KR4h0117_WYG_501-21a
508.md	331	KR4h0117_WYG_501-21b
508.md	339	KR4h0117_WYG_501-22a
508.md	347	KR4h0117_WYG_501-22b
508.md	355	KR4h0117_WYG_501-23a
508.md	363	KR4h0117_WYG_501-23b
508.md	371	KR4h0117_WYG_501-24a
508.md	379	KR4h0117_WYG_501-24b
508.md	387	KR4h0117_WYG_501-25a
508.md	395	KR4h0117_WYG_501-25b
508.md	403	KR4h0117_WYG_501-26a
508.md	411	KR4h0117_WYG_501-26b
508.md	419	KR4h0117_WYG_501-27a
508.md	427	KR4h0117_WYG_501-27b
508.md	435	KR4h0117_WYG_501-28a
508.md	443	KR4h0117_WYG_501-28b
508.md	451	KR4h0117_WYG_501-29a
508.md	459	KR4h0117_WYG_501-29b
508.md	467	KR4h0117_WYG_501-30a
508.md	475	KR4h0117_WYG_501-30b
508.md	483	KR4h0117_WYG_501-31a
508.md	491	KR4h0117_WYG_501-31b
508.md	499	KR4h0117_WYG_501-32a
508.md	507	KR4h0117_WYG_501-32b
508.md	515	KR4h0117_WYG_501-33a
508.md	523	KR4h0117_WYG_501-33b
508.md	531	KR4h0117_WYG_501-34a
508.md	539	KR4h0117_WYG_501-34b
508.md	547	KR4h0117_WYG_501-35a
508.md	555	KR4h0117_WYG_501-35b
508.md	563	KR4h0117_WYG_501-36a
508.md	571	KR4h0117_WYG_501-36b
508.md	579	KR4h0117_WYG_501-37a
508.md	587	KR4h0117_WYG_501-37b
508.md	595	KR4h0117_WYG_501-38a
508.md	603	KR4h0117_WYG_501-38b
508.md	611	KR4h0117_WYG_501-39a
508.md	619	KR4h0117_WYG_501-39b
508.md	627	KR4h0117_WYG_501-40a
508.md	635	KR4h0117_WYG_501-40b
508.md	643	KR4h0117_WYG_501-41a
508.md	651	KR4h0117_WYG_501-41b
508.md	659	KR4h0117_WYG_501-42a
508.md	667	KR4h0117_WYG_501-42b
508.md	675	KR4h0117_WYG_501-43a
508.md	683	KR4h0117_WYG_501-43b
508.md	691	KR4h0117_WYG_501-44a
508.md	699	KR4h0117_WYG_501-44b
508.md	707	KR4h0117_WYG_501-45a
508.md	715	KR4h0117_WYG_501-45b
508.md	723	KR4h0117_WYG_501-46a
508.md	731	KR4h0117_WYG_501-46b
508.md	739	KR4h0117_WYG_501-47a
508.md	747	KR4h0117_WYG_501-47b
508.md	755	KR4h0117_WYG_501-48a
508.md	763	KR4h0117_WYG_501-48b
508.md	771	KR4h0117_WYG_501-49a
508.md	779	KR4h0117_WYG_501-49b
508.md	787	KR4h0117_WYG_501-50a
508.md	795	KR4h0117_WYG_501-50b
508.md	803	KR4h0117_WYG_501-51a
508.md	811	KR4h0117_WYG_501-51b
508.md	819	KR4h0117_WYG_501-52a
508.md	827	KR4h0117_WYG_501-52b
508.md	835	KR4h0117_WYG_501-53a
508.md	843	KR4h0117_WYG_501-53b
508.md	851	KR4h0117_WYG_501-54a
508.md	859	KR4h0117_WYG_501-54b
508.md	867	KR4h0117_WYG_501-55a
508.md	875	KR4h0117_WYG_501-55b
508.md	883	KR4h0117_WYG_501-56a
508.md	891	KR4h0117_WYG_501-56b
508.md	899	KR4h0117_WYG_501-57a
508.md	907	KR4h0117_WYG_501-57b
508.md	915	KR4h0117_WYG_501-58a
508.md	923	KR4h0117_WYG_501-58b
508.md	931	KR4h0117_WYG_501-59a
508.md	939	KR4h0117_WYG_501-59b
508.md	947	KR4h0117_WYG_501-60a
508.md	955	KR4h0117_WYG_501-60b
508.md	963	KR4h0117_WYG_501-61a
508.md	971	KR4h0117_WYG_501-61b
508.md	979	KR4h0117_WYG_501-62a
508.md	987	KR4h0117_WYG_501-62b
508.md	995	KR4h0117_WYG_501-63a
508.md	1003	KR4h0117_WYG_501-63b
508.md	1011	KR4h0117_WYG_501-64a
508.md	1019	KR4h0117_WYG_501-64b
508.md	1027	KR4h0117_WYG_501-65a
508.md	1035	KR4h0117_WYG_501-65b
508.md	1043	KR4h0117_WYG_501-66a
508.md	1051	KR4h0117_WYG_501-66b
508.md	1059	KR4h0117_WYG_501-67a
508.md	1067	KR4h0117_WYG_501-67b
508.md	1075	KR4h0117_WYG_501-68a
508.md	1083	KR4h0117_WYG_501-68b
508.md	1091	KR4h0117_WYG_501-69a
508.md	1099	KR4h0117_WYG_501-69b
508.md	1107	KR4h0117_WYG_501-70a
508.md	1115	KR4h0117_WYG_501-70b
508.md	1123	KR4h0117_WYG_501-71a
508.md	1131	KR4h0117_WYG_501-71b
508.md	1139	KR4h0117_WYG_501-72a
508.md	1147	KR4h0117_WYG_501-72b
508.md	1155	KR4h0117_WYG_501-73a
508.md	1163	KR4h0117_WYG_501-73b
508.md	1171	KR4h0117_WYG_501-74a
508.md	1179	KR4h0117_WYG_501-74b
509.md	3	KR4h0117_WYG_502-1a
509.md	11	KR4h0117_WYG_502-1b
509.md	19	KR4h0117_WYG_502-2a
509.md	27	KR4h0117_WYG_502-2b
509.md	35	KR4h0117_WYG_502-3a
509.md	43	KR4h0117_WYG_502-3b
509.md	51	KR4h0117_WYG_502-4a
509.md	59	KR4h0117_WYG_502-4b
509.md	67	KR4h0117_WYG_502-5a
509.md	75	KR4h0117_WYG_502-5b
509.md	83	KR4h0117_WYG_502-6a
509.md	91	KR4h0117_WYG_502-6b
509.md	99	KR4h0117_WYG_502-7a
509.md	107	KR4h0117_WYG_502-7b
509.md	115	KR4h0117_WYG_502-8a
509.md	123	KR4h0117_WYG_502-8b
509.md	131	KR4h0117_WYG_502-9a
509.md	139	KR4h0117_WYG_502-9b
509.md	147	KR4h0117_WYG_502-10a
509.md	155	KR4h0117_WYG_502-10b
509.md	163	KR4h0117_WYG_502-11a
509.md	171	KR4h0117_WYG_502-11b
509.md	179	KR4h0117_WYG_502-12a
509.md	187	KR4h0117_WYG_502-12b
509.md	195	KR4h0117_WYG_502-13a
509.md	203	KR4h0117_WYG_502-13b
509.md	211	KR4h0117_WYG_502-14a
509.md	219	KR4h0117_WYG_502-14b
509.md	227	KR4h0117_WYG_502-15a
509.md	235	KR4h0117_WYG_502-15b
509.md	243	KR4h0117_WYG_502-16a
509.md	251	KR4h0117_WYG_502-16b
509.md	259	KR4h0117_WYG_502-17a
509.md	267	KR4h0117_WYG_502-17b
509.md	275	KR4h0117_WYG_502-18a
509.md	283	KR4h0117_WYG_502-18b
510.md	3	KR4h0117_WYG_503-1a
510.md	11	KR4h0117_WYG_503-1b
510.md	19	KR4h0117_WYG_503-2a
510.md	27	KR4h0117_WYG_503-2b
510.md	35	KR4h0117_WYG_503-3a
510.md	43	KR4h0117_WYG_503-3b
510.md	51	KR4h0117_WYG_503-4a
510.md	59	KR4h0117_WYG_503-4b
510.md	67	KR4h0117_WYG_503-5a
510.md	75	KR4h0117_WYG_503-5b
510.md	83	KR4h0117_WYG_503-6a
510.md	91	KR4h0117_WYG_503-6b
510.md	99	KR4h0117_WYG_503-7a
510.md	107	KR4h0117_WYG_503-7b
510.md	115	KR4h0117_WYG_503-8a
510.md	123	KR4h0117_WYG_503-8b
510.md	131	KR4h0117_WYG_503-9a
510.md	139	KR4h0117_WYG_503-9b
510.md	147	KR4h0117_WYG_503-10a
510.md	155	KR4h0117_WYG_503-10b
510.md	163	KR4h0117_WYG_503-11a
510.md	171	KR4h0117_WYG_503-11b
510.md	179	KR4h0117_WYG_503-12a
510.md	187	KR4h0117_WYG_503-12b
510.md	195	KR4h0117_WYG_503-13a
510.md	203	KR4h0117_WYG_503-13b
510.md	211	KR4h0117_WYG_503-14a
510.md	219	KR4h0117_WYG_503-14b
510.md	227	KR4h0117_WYG_503-15a
510.md	235	KR4h0117_WYG_503-15b
510.md	243	KR4h0117_WYG_503-16a
510.md	251	KR4h0117_WYG_503-16b
510.md	259	KR4h0117_WYG_503-17a
510.md	267	KR4h0117_WYG_503-17b
510.md	275	KR4h0117_WYG_503-18a
510.md	283	KR4h0117_WYG_503-18b
510.md	291	KR4h0117_WYG_503-19a
510.md	299	KR4h0117_WYG_503-19b
510.md	307	KR4h0117_WYG_503-20a
510.md	315	KR4h0117_WYG_503-20b
510.md	323	KR4h0117_WYG_503-21a
510.md	331	KR4h0117_WYG_503-21b
511.md	3	KR4h0117_WYG_504-1a
511.md	11	KR4h0117_WYG_504-1b
511.md	19	KR4h0117_WYG_504-2a
511.md	27	KR4h0117_WYG_504-2b
511.md	35	KR4h0117_WYG_504-3a
511.md	43	KR4h0117_WYG_504-3b
511.md	51	KR4h0117_WYG_504-4a
511.md	59	KR4h0117_WYG_504-4b
511.md	67	KR4h0117_WYG_504-5a
511.md	75	KR4h0117_WYG_504-5b
511.md	83	KR4h0117_WYG_504-6a
511.md	91	KR4h0117_WYG_504-6b
511.md	99	KR4h0117_WYG_504-7a
511.md	107	KR4h0117_WYG_504-7b
511.md	115	KR4h0117_WYG_504-8a
511.md	123	KR4h0117_WYG_504-8b
511.md	131	KR4h0117_WYG_504-9a
511.md	139	KR4h0117_WYG_504-9b
511.md	147	KR4h0117_WYG_504-10a
511.md	155	KR4h0117_WYG_504-10b
511.md	163	KR4h0117_WYG_504-11a
511.md	171	KR4h0117_WYG_504-11b
511.md	179	KR4h0117_WYG_504-12a
511.md	187	KR4h0117_WYG_504-12b
511.md	195	KR4h0117_WYG_504-13a
511.md	203	KR4h0117_WYG_504-13b
511.md	211	KR4h0117_WYG_504-14a
511.md	219	KR4h0117_WYG_504-14b
511.md	227	KR4h0117_WYG_504-15a
511.md	235	KR4h0117_WYG_504-15b
511.md	243	KR4h0117_WYG_504-16a
511.md	251	KR4h0117_WYG_504-16b
511.md	259	KR4h0117_WYG_504-17a
511.md	267	KR4h0117_WYG_504-17b
511.md	275	KR4h0117_WYG_504-18a
511.md	283	KR4h0117_WYG_504-18b
511.md	291	KR4h0117_WYG_504-19a
511.md	299	KR4h0117_WYG_504-19b
511.md	307	KR4h0117_WYG_504-20a
511.md	315	KR4h0117_WYG_504-20b
511.md	323	KR4h0117_WYG_504-21a
511.md	331	KR4h0117_WYG_504-21b
511.md	339	KR4h0117_WYG_504-22a
511.md	347	KR4h0117_WYG_504-22b
511.md	355	KR4h0117_WYG_504-23a
511.md	363	KR4h0117_WYG_504-23b
511.md	371	KR4h0117_WYG_504-24a
511.md	379	KR4h0117_WYG_504-24b
511.md	387	KR4h0117_WYG_504-25a
511.md	395	KR4h0117_WYG_504-25b
511.md	403	KR4h0117_WYG_504-26a
511.md	411	KR4h0117_WYG_504-26b
511.md	419	KR4h0117_WYG_504-27a
511.md	427	KR4h0117_WYG_504-27b
511.md	435	KR4h0117_WYG_504-28a
511.md	443	KR4h0117_WYG_504-28b
511.md	451	KR4h0117_WYG_504-29a
511.md	459	KR4h0117_WYG_504-29b
511.md	467	KR4h0117_WYG_504-30a
511.md	475	KR4h0117_WYG_504-30b
512.md	3	KR4h0117_WYG_505-1a
512.md	11	KR4h0117_WYG_505-1b
512.md	19	KR4h0117_WYG_505-2a
512.md	27	KR4h0117_WYG_505-2b
512.md	35	KR4h0117_WYG_505-3a
512.md	43	KR4h0117_WYG_505-3b
512.md	51	KR4h0117_WYG_505-4a
512.md	59	KR4h0117_WYG_505-4b
512.md	67	KR4h0117_WYG_505-5a
512.md	75	KR4h0117_WYG_505-5b
512.md	83	KR4h0117_WYG_505-6a
512.md	91	KR4h0117_WYG_505-6b
512.md	99	KR4h0117_WYG_505-7a
512.md	107	KR4h0117_WYG_505-7b
512.md	115	KR4h0117_WYG_505-8a
512.md	123	KR4h0117_WYG_505-8b
512.md	131	KR4h0117_WYG_505-9a
512.md	139	KR4h0117_WYG_505-9b
512.md	147	KR4h0117_WYG_505-10a
512.md	155	KR4h0117_WYG_505-10b
512.md	163	KR4h0117_WYG_505-11a
512.md	171	KR4h0117_WYG_505-11b
512.md	179	KR4h0117_WYG_505-12a
512.md	187	KR4h0117_WYG_505-12b
512.md	195	KR4h0117_WYG_505-13a
512.md	203	KR4h0117_WYG_505-13b
512.md	211	KR4h0117_WYG_505-14a
512.md	219	KR4h0117_WYG_505-14b
512.md	227	KR4h0117_WYG_505-15a
512.md	235	KR4h0117_WYG_505-15b
513.md	3	KR4h0117_WYG_506-1a
513.md	11	KR4h0117_WYG_506-1b
513.md	19	KR4h0117_WYG_506-2a
513.md	27	KR4h0117_WYG_506-2b
513.md	35	KR4h0117_WYG_506-3a
513.md	43	KR4h0117_WYG_506-3b
513.md	51	KR4h0117_WYG_506-4a
513.md	59	KR4h0117_WYG_506-4b
513.md	67	KR4h0117_WYG_506-5a
513.md	75	KR4h0117_WYG_506-5b
513.md	83	KR4h0117_WYG_506-6a
513.md	91	KR4h0117_WYG_506-6b
513.md	99	KR4h0117_WYG_506-7a
513.md	107	KR4h0117_WYG_506-7b
513.md	115	KR4h0117_WYG_506-8a
513.md	123	KR4h0117_WYG_506-8b
513.md	131	KR4h0117_WYG_506-9a
513.md	139	KR4h0117_WYG_506-9b
513.md	147	KR4h0117_WYG_506-10a
513.md	155	KR4h0117_WYG_506-10b
513.md	163	KR4h0117_WYG_506-11a
513.md	171	KR4h0117_WYG_506-11b
513.md	179	KR4h0117_WYG_506-12a
513.md	187	KR4h0117_WYG_506-12b
513.md	195	KR4h0117_WYG_506-13a
513.md	203	KR4h0117_WYG_506-13b
513.md	211	KR4h0117_WYG_506-14a
513.md	219	KR4h0117_WYG_506-14b
513.md	227	KR4h0117_WYG_506-15a
513.md	235	KR4h0117_WYG_506-15b
513.md	243	KR4h0117_WYG_506-16a
513.md	251	KR4h0117_WYG_506-16b
513.md	259	KR4h0117_WYG_506-17a
513.md	267	KR4h0117_WYG_506-17b
513.md	275	KR4h0117_WYG_506-18a
513.md	283	KR4h0117_WYG_506-18b
513.md	291	KR4h0117_WYG_506-19a
513.md	299	KR4h0117_WYG_506-19b
513.md	307	KR4h0117_WYG_506-20a
513.md	315	KR4h0117_WYG_506-20b
513.md	323	KR4h0117_WYG_506-21a
513.md	331	KR4h0117_WYG_506-21b
513.md	339	KR4h0117_WYG_506-22a
513.md	347	KR4h0117_WYG_506-22b
513.md	355	KR4h0117_WYG_506-23a
513.md	363	KR4h0117_WYG_506-23b
513.md	371	KR4h0117_WYG_506-24a
513.md	379	KR4h0117_WYG_506-24b
513.md	387	KR4h0117_WYG_506-25a
513.md	395	KR4h0117_WYG_506-25b
513.md	403	KR4h0117_WYG_506-26a
513.md	411	KR4h0117_WYG_506-26b
513.md	419	KR4h0117_WYG_506-27a
513.md	427	KR4h0117_WYG_506-27b
513.md	435	KR4h0117_WYG_506-28a
513.md	443	KR4h0117_WYG_506-28b
513.md	451	KR4h0117_WYG_506-29a
513.md	459	KR4h0117_WYG_506-29b
513.md	467	KR4h0117_WYG_506-30a
513.md	475	KR4h0117_WYG_506-30b
513.md	483	KR4h0117_WYG_506-31a
513.md	491	KR4h0117_WYG_506-31b
513.md	499	KR4h0117_WYG_506-32a
513.md	507	KR4h0117_WYG_506-32b
513.md	515	KR4h0117_WYG_506-33a
513.md	523	KR4h0117_WYG_506-33b
513.md	531	KR4h0117_WYG_506-34a
513.md	539	KR4h0117_WYG_506-34b
513.md	547	KR4h0117_WYG_506-35a
513.md	555	KR4h0117_WYG_506-35b
513.md	563	KR4h0117_WYG_506-36a
513.md	571	KR4h0117_WYG_506-36b
