file	line_no	pb
001.md	3	KR1e0114_WYG_000-1a
001.md	11	KR1e0114_WYG_000-1b
001.md	19	KR1e0114_WYG_000-2a
001.md	27	KR1e0114_WYG_000-2b
001.md	35	KR1e0114_WYG_000-3a
001.md	43	KR1e0114_WYG_000-3b
001.md	51	KR1e0114_WYG_000-4a
001.md	59	KR1e0114_WYG_000-4b
001.md	67	KR1e0114_WYG_000-5a
001.md	75	KR1e0114_WYG_000-5b
001.md	83	KR1e0114_WYG_000-6a
001.md	91	KR1e0114_WYG_000-6b
001.md	99	KR1e0114_WYG_000-7a
001.md	107	KR1e0114_WYG_000-7b
001.md	115	KR1e0114_WYG_000-8a
001.md	123	KR1e0114_WYG_000-8b
001.md	131	KR1e0114_WYG_000-9a
001.md	139	KR1e0114_WYG_000-9b
001.md	147	KR1e0114_WYG_000-10a
001.md	155	KR1e0114_WYG_000-10b
001.md	163	KR1e0114_WYG_000-11a
001.md	171	KR1e0114_WYG_000-11b
002.md	3	KR1e0114_WYG_001-1a
002.md	11	KR1e0114_WYG_001-1b
002.md	19	KR1e0114_WYG_001-2a
002.md	27	KR1e0114_WYG_001-2b
002.md	35	KR1e0114_WYG_001-3a
002.md	41	KR1e0114_WYG_001-4a
002.md	42	KR1e0114_WYG_001-5a
002.md	43	KR1e0114_WYG_001-6a
002.md	44	KR1e0114_WYG_001-7a
002.md	45	KR1e0114_WYG_001-8a
002.md	46	KR1e0114_WYG_001-9a
002.md	47	KR1e0114_WYG_001-10a
002.md	55	KR1e0114_WYG_001-10b
002.md	57	KR1e0114_WYG_001-11a
002.md	58	KR1e0114_WYG_001-12a
002.md	59	KR1e0114_WYG_001-13a
002.md	60	KR1e0114_WYG_001-14a
002.md	61	KR1e0114_WYG_001-15a
002.md	62	KR1e0114_WYG_001-16a
002.md	63	KR1e0114_WYG_001-17a
002.md	64	KR1e0114_WYG_001-18a
002.md	65	KR1e0114_WYG_001-19a
002.md	66	KR1e0114_WYG_001-20a
002.md	67	KR1e0114_WYG_001-21a
002.md	68	KR1e0114_WYG_001-22a
002.md	69	KR1e0114_WYG_001-23a
002.md	70	KR1e0114_WYG_001-24a
002.md	71	KR1e0114_WYG_001-25a
002.md	72	KR1e0114_WYG_001-26a
002.md	73	KR1e0114_WYG_001-27a
002.md	74	KR1e0114_WYG_001-28a
002.md	75	KR1e0114_WYG_001-29a
002.md	76	KR1e0114_WYG_001-30a
002.md	77	KR1e0114_WYG_001-31a
002.md	78	KR1e0114_WYG_001-32a
002.md	79	KR1e0114_WYG_001-33a
002.md	80	KR1e0114_WYG_001-34a
002.md	81	KR1e0114_WYG_001-35a
002.md	82	KR1e0114_WYG_001-36a
002.md	83	KR1e0114_WYG_001-37a
002.md	84	KR1e0114_WYG_001-38a
002.md	85	KR1e0114_WYG_001-39a
002.md	86	KR1e0114_WYG_001-40a
002.md	87	KR1e0114_WYG_001-41a
002.md	88	KR1e0114_WYG_001-42a
002.md	96	KR1e0114_WYG_001-42b
002.md	104	KR1e0114_WYG_001-43a
002.md	112	KR1e0114_WYG_001-43b
002.md	118	KR1e0114_WYG_001-44a
002.md	126	KR1e0114_WYG_001-44b
002.md	134	KR1e0114_WYG_001-45a
002.md	142	KR1e0114_WYG_001-45b
002.md	150	KR1e0114_WYG_001-46a
002.md	158	KR1e0114_WYG_001-46b
002.md	166	KR1e0114_WYG_001-47a
002.md	174	KR1e0114_WYG_001-47b
002.md	182	KR1e0114_WYG_001-48a
002.md	190	KR1e0114_WYG_001-48b
002.md	198	KR1e0114_WYG_001-49a
002.md	206	KR1e0114_WYG_001-49b
002.md	214	KR1e0114_WYG_001-50a
002.md	222	KR1e0114_WYG_001-50b
002.md	230	KR1e0114_WYG_001-51a
002.md	238	KR1e0114_WYG_001-51b
002.md	246	KR1e0114_WYG_001-52a
002.md	254	KR1e0114_WYG_001-52b
002.md	262	KR1e0114_WYG_001-53a
002.md	270	KR1e0114_WYG_001-53b
002.md	278	KR1e0114_WYG_001-54a
002.md	286	KR1e0114_WYG_001-54b
002.md	294	KR1e0114_WYG_001-55a
002.md	302	KR1e0114_WYG_001-55b
002.md	310	KR1e0114_WYG_001-56a
002.md	318	KR1e0114_WYG_001-56b
002.md	326	KR1e0114_WYG_001-57a
002.md	334	KR1e0114_WYG_001-57b
002.md	342	KR1e0114_WYG_001-58a
002.md	350	KR1e0114_WYG_001-58b
002.md	358	KR1e0114_WYG_001-59a
002.md	366	KR1e0114_WYG_001-59b
003.md	3	KR1e0114_WYG_002-1a
003.md	11	KR1e0114_WYG_002-1b
003.md	19	KR1e0114_WYG_002-2a
003.md	27	KR1e0114_WYG_002-2b
003.md	35	KR1e0114_WYG_002-3a
003.md	43	KR1e0114_WYG_002-3b
003.md	51	KR1e0114_WYG_002-4a
003.md	59	KR1e0114_WYG_002-4b
003.md	67	KR1e0114_WYG_002-5a
003.md	75	KR1e0114_WYG_002-5b
003.md	78	KR1e0114_WYG_002-6a
003.md	79	KR1e0114_WYG_002-7a
003.md	80	KR1e0114_WYG_002-8a
003.md	81	KR1e0114_WYG_002-9a
003.md	82	KR1e0114_WYG_002-10a
003.md	83	KR1e0114_WYG_002-11a
003.md	84	KR1e0114_WYG_002-12a
003.md	85	KR1e0114_WYG_002-13a
003.md	86	KR1e0114_WYG_002-14a
003.md	87	KR1e0114_WYG_002-15a
003.md	88	KR1e0114_WYG_002-16a
003.md	89	KR1e0114_WYG_002-17a
003.md	90	KR1e0114_WYG_002-18a
003.md	91	KR1e0114_WYG_002-19a
003.md	92	KR1e0114_WYG_002-20a
003.md	93	KR1e0114_WYG_002-21a
003.md	94	KR1e0114_WYG_002-22a
003.md	95	KR1e0114_WYG_002-23a
003.md	96	KR1e0114_WYG_002-24a
003.md	97	KR1e0114_WYG_002-25a
003.md	98	KR1e0114_WYG_002-26a
003.md	99	KR1e0114_WYG_002-27a
003.md	100	KR1e0114_WYG_002-28a
003.md	101	KR1e0114_WYG_002-29a
003.md	102	KR1e0114_WYG_002-30a
003.md	103	KR1e0114_WYG_002-31a
003.md	104	KR1e0114_WYG_002-32a
003.md	105	KR1e0114_WYG_002-33a
003.md	106	KR1e0114_WYG_002-34a
003.md	107	KR1e0114_WYG_002-35a
003.md	108	KR1e0114_WYG_002-36a
003.md	109	KR1e0114_WYG_002-37a
003.md	110	KR1e0114_WYG_002-38a
003.md	111	KR1e0114_WYG_002-39a
003.md	112	KR1e0114_WYG_002-40a
003.md	113	KR1e0114_WYG_002-41a
003.md	114	KR1e0114_WYG_002-42a
003.md	115	KR1e0114_WYG_002-43a
003.md	116	KR1e0114_WYG_002-44a
003.md	117	KR1e0114_WYG_002-45a
003.md	118	KR1e0114_WYG_002-46a
003.md	119	KR1e0114_WYG_002-47a
003.md	120	KR1e0114_WYG_002-48a
003.md	121	KR1e0114_WYG_002-49a
003.md	122	KR1e0114_WYG_002-50a
003.md	123	KR1e0114_WYG_002-51a
003.md	124	KR1e0114_WYG_002-52a
003.md	125	KR1e0114_WYG_002-53a
003.md	126	KR1e0114_WYG_002-54a
003.md	127	KR1e0114_WYG_002-55a
003.md	128	KR1e0114_WYG_002-56a
003.md	129	KR1e0114_WYG_002-57a
003.md	130	KR1e0114_WYG_002-58a
003.md	131	KR1e0114_WYG_002-59a
003.md	132	KR1e0114_WYG_002-60a
003.md	133	KR1e0114_WYG_002-61a
003.md	134	KR1e0114_WYG_002-62a
003.md	135	KR1e0114_WYG_002-63a
003.md	136	KR1e0114_WYG_002-64a
003.md	137	KR1e0114_WYG_002-65a
003.md	138	KR1e0114_WYG_002-66a
003.md	139	KR1e0114_WYG_002-67a
003.md	140	KR1e0114_WYG_002-68a
003.md	141	KR1e0114_WYG_002-69a
003.md	142	KR1e0114_WYG_002-70a
003.md	143	KR1e0114_WYG_002-71a
003.md	144	KR1e0114_WYG_002-72a
003.md	145	KR1e0114_WYG_002-73a
003.md	146	KR1e0114_WYG_002-74a
003.md	147	KR1e0114_WYG_002-75a
003.md	148	KR1e0114_WYG_002-76a
003.md	149	KR1e0114_WYG_002-77a
003.md	150	KR1e0114_WYG_002-78a
003.md	151	KR1e0114_WYG_002-79a
003.md	152	KR1e0114_WYG_002-80a
003.md	153	KR1e0114_WYG_002-81a
003.md	154	KR1e0114_WYG_002-82a
003.md	155	KR1e0114_WYG_002-83a
003.md	156	KR1e0114_WYG_002-84a
003.md	157	KR1e0114_WYG_002-85a
003.md	158	KR1e0114_WYG_002-86a
003.md	159	KR1e0114_WYG_002-87a
003.md	160	KR1e0114_WYG_002-88a
003.md	161	KR1e0114_WYG_002-89a
003.md	162	KR1e0114_WYG_002-90a
003.md	163	KR1e0114_WYG_002-91a
003.md	164	KR1e0114_WYG_002-92a
003.md	165	KR1e0114_WYG_002-93a
003.md	166	KR1e0114_WYG_002-94a
003.md	174	KR1e0114_WYG_002-94b
004.md	3	KR1e0114_WYG_003-1a
004.md	7	KR1e0114_WYG_003-2a
004.md	8	KR1e0114_WYG_003-3a
004.md	9	KR1e0114_WYG_003-4a
004.md	10	KR1e0114_WYG_003-5a
004.md	11	KR1e0114_WYG_003-6a
004.md	12	KR1e0114_WYG_003-7a
004.md	13	KR1e0114_WYG_003-8a
004.md	14	KR1e0114_WYG_003-9a
004.md	15	KR1e0114_WYG_003-10a
004.md	16	KR1e0114_WYG_003-11a
004.md	17	KR1e0114_WYG_003-12a
004.md	18	KR1e0114_WYG_003-13a
004.md	19	KR1e0114_WYG_003-14a
004.md	20	KR1e0114_WYG_003-15a
004.md	21	KR1e0114_WYG_003-16a
004.md	22	KR1e0114_WYG_003-17a
004.md	23	KR1e0114_WYG_003-18a
004.md	24	KR1e0114_WYG_003-19a
004.md	25	KR1e0114_WYG_003-20a
004.md	26	KR1e0114_WYG_003-21a
004.md	27	KR1e0114_WYG_003-22a
004.md	28	KR1e0114_WYG_003-23a
004.md	29	KR1e0114_WYG_003-24a
004.md	30	KR1e0114_WYG_003-25a
004.md	31	KR1e0114_WYG_003-26a
004.md	32	KR1e0114_WYG_003-27a
004.md	33	KR1e0114_WYG_003-28a
004.md	34	KR1e0114_WYG_003-29a
004.md	35	KR1e0114_WYG_003-30a
004.md	36	KR1e0114_WYG_003-31a
004.md	37	KR1e0114_WYG_003-32a
004.md	38	KR1e0114_WYG_003-33a
004.md	39	KR1e0114_WYG_003-34a
004.md	40	KR1e0114_WYG_003-35a
004.md	41	KR1e0114_WYG_003-36a
004.md	42	KR1e0114_WYG_003-37a
004.md	43	KR1e0114_WYG_003-38a
004.md	44	KR1e0114_WYG_003-39a
004.md	45	KR1e0114_WYG_003-40a
004.md	46	KR1e0114_WYG_003-41a
004.md	47	KR1e0114_WYG_003-42a
004.md	48	KR1e0114_WYG_003-43a
004.md	49	KR1e0114_WYG_003-44a
004.md	50	KR1e0114_WYG_003-45a
004.md	51	KR1e0114_WYG_003-46a
004.md	52	KR1e0114_WYG_003-47a
004.md	53	KR1e0114_WYG_003-48a
004.md	54	KR1e0114_WYG_003-49a
004.md	55	KR1e0114_WYG_003-50a
004.md	56	KR1e0114_WYG_003-51a
004.md	57	KR1e0114_WYG_003-52a
004.md	58	KR1e0114_WYG_003-53a
004.md	59	KR1e0114_WYG_003-54a
004.md	60	KR1e0114_WYG_003-55a
004.md	61	KR1e0114_WYG_003-56a
004.md	62	KR1e0114_WYG_003-57a
004.md	63	KR1e0114_WYG_003-58a
004.md	64	KR1e0114_WYG_003-59a
004.md	65	KR1e0114_WYG_003-60a
004.md	66	KR1e0114_WYG_003-61a
004.md	67	KR1e0114_WYG_003-62a
004.md	68	KR1e0114_WYG_003-63a
004.md	69	KR1e0114_WYG_003-64a
004.md	70	KR1e0114_WYG_003-65a
004.md	71	KR1e0114_WYG_003-66a
004.md	72	KR1e0114_WYG_003-67a
004.md	73	KR1e0114_WYG_003-68a
004.md	74	KR1e0114_WYG_003-69a
004.md	75	KR1e0114_WYG_003-70a
004.md	76	KR1e0114_WYG_003-71a
004.md	77	KR1e0114_WYG_003-72a
004.md	78	KR1e0114_WYG_003-73a
004.md	79	KR1e0114_WYG_003-74a
004.md	80	KR1e0114_WYG_003-75a
004.md	81	KR1e0114_WYG_003-76a
004.md	82	KR1e0114_WYG_003-77a
004.md	83	KR1e0114_WYG_003-78a
004.md	84	KR1e0114_WYG_003-79a
004.md	85	KR1e0114_WYG_003-80a
004.md	86	KR1e0114_WYG_003-81a
004.md	87	KR1e0114_WYG_003-82a
004.md	88	KR1e0114_WYG_003-83a
004.md	89	KR1e0114_WYG_003-84a
004.md	90	KR1e0114_WYG_003-85a
004.md	91	KR1e0114_WYG_003-86a
004.md	92	KR1e0114_WYG_003-87a
004.md	93	KR1e0114_WYG_003-88a
004.md	94	KR1e0114_WYG_003-89a
004.md	95	KR1e0114_WYG_003-90a
004.md	96	KR1e0114_WYG_003-91a
004.md	97	KR1e0114_WYG_003-92a
004.md	98	KR1e0114_WYG_003-93a
004.md	99	KR1e0114_WYG_003-94a
004.md	100	KR1e0114_WYG_003-95a
004.md	101	KR1e0114_WYG_003-96a
004.md	102	KR1e0114_WYG_003-97a
004.md	103	KR1e0114_WYG_003-98a
004.md	111	KR1e0114_WYG_003-98b
004.md	119	KR1e0114_WYG_003-99a
004.md	127	KR1e0114_WYG_003-99b
004.md	135	KR1e0114_WYG_003-100a
004.md	143	KR1e0114_WYG_003-100b
004.md	151	KR1e0114_WYG_003-101a
004.md	159	KR1e0114_WYG_003-101b
004.md	167	KR1e0114_WYG_003-102a
004.md	175	KR1e0114_WYG_003-102b
004.md	183	KR1e0114_WYG_003-103a
004.md	191	KR1e0114_WYG_003-103b
004.md	199	KR1e0114_WYG_003-104a
004.md	207	KR1e0114_WYG_003-104b
004.md	215	KR1e0114_WYG_003-105a
004.md	223	KR1e0114_WYG_003-105b
004.md	231	KR1e0114_WYG_003-106a
004.md	239	KR1e0114_WYG_003-106b
004.md	247	KR1e0114_WYG_003-107a
004.md	255	KR1e0114_WYG_003-107b
004.md	263	KR1e0114_WYG_003-108a
004.md	271	KR1e0114_WYG_003-108b
004.md	279	KR1e0114_WYG_003-109a
004.md	287	KR1e0114_WYG_003-109b
004.md	295	KR1e0114_WYG_003-110a
004.md	303	KR1e0114_WYG_003-110b
004.md	311	KR1e0114_WYG_003-111a
004.md	319	KR1e0114_WYG_003-111b
004.md	327	KR1e0114_WYG_003-112a
004.md	335	KR1e0114_WYG_003-112b
004.md	343	KR1e0114_WYG_003-113a
004.md	351	KR1e0114_WYG_003-113b
004.md	359	KR1e0114_WYG_003-114a
004.md	367	KR1e0114_WYG_003-114b
004.md	375	KR1e0114_WYG_003-115a
004.md	383	KR1e0114_WYG_003-115b
005.md	3	KR1e0114_WYG_003-116a
005.md	11	KR1e0114_WYG_003-116b
005.md	19	KR1e0114_WYG_003-117a
005.md	27	KR1e0114_WYG_003-117b
005.md	35	KR1e0114_WYG_003-118a
005.md	43	KR1e0114_WYG_003-118b
005.md	51	KR1e0114_WYG_003-119a
005.md	52	KR1e0114_WYG_003-120a
005.md	53	KR1e0114_WYG_003-121a
005.md	54	KR1e0114_WYG_003-122a
005.md	55	KR1e0114_WYG_003-123a
005.md	56	KR1e0114_WYG_003-124a
005.md	57	KR1e0114_WYG_003-125a
005.md	58	KR1e0114_WYG_003-126a
005.md	59	KR1e0114_WYG_003-127a
005.md	60	KR1e0114_WYG_003-128a
005.md	61	KR1e0114_WYG_003-129a
005.md	62	KR1e0114_WYG_003-130a
005.md	63	KR1e0114_WYG_003-131a
005.md	64	KR1e0114_WYG_003-132a
005.md	65	KR1e0114_WYG_003-133a
005.md	66	KR1e0114_WYG_003-134a
005.md	67	KR1e0114_WYG_003-135a
005.md	68	KR1e0114_WYG_003-136a
005.md	69	KR1e0114_WYG_003-137a
005.md	70	KR1e0114_WYG_003-138a
005.md	71	KR1e0114_WYG_003-139a
005.md	72	KR1e0114_WYG_003-140a
005.md	73	KR1e0114_WYG_003-141a
005.md	74	KR1e0114_WYG_003-142a
005.md	75	KR1e0114_WYG_003-143a
005.md	76	KR1e0114_WYG_003-144a
005.md	77	KR1e0114_WYG_003-145a
005.md	78	KR1e0114_WYG_003-146a
005.md	79	KR1e0114_WYG_003-147a
005.md	80	KR1e0114_WYG_003-148a
005.md	81	KR1e0114_WYG_003-149a
005.md	82	KR1e0114_WYG_003-150a
005.md	83	KR1e0114_WYG_003-151a
005.md	84	KR1e0114_WYG_003-152a
005.md	92	KR1e0114_WYG_003-152b
005.md	93	KR1e0114_WYG_003-153a
005.md	94	KR1e0114_WYG_003-154a
005.md	95	KR1e0114_WYG_003-155a
005.md	96	KR1e0114_WYG_003-156a
005.md	97	KR1e0114_WYG_003-157a
005.md	98	KR1e0114_WYG_003-158a
005.md	99	KR1e0114_WYG_003-159a
005.md	100	KR1e0114_WYG_003-160a
005.md	101	KR1e0114_WYG_003-161a
005.md	102	KR1e0114_WYG_003-162a
005.md	103	KR1e0114_WYG_003-163a
005.md	104	KR1e0114_WYG_003-164a
005.md	105	KR1e0114_WYG_003-165a
005.md	106	KR1e0114_WYG_003-166a
005.md	107	KR1e0114_WYG_003-167a
005.md	108	KR1e0114_WYG_003-168a
005.md	109	KR1e0114_WYG_003-169a
005.md	110	KR1e0114_WYG_003-170a
005.md	111	KR1e0114_WYG_003-171a
005.md	112	KR1e0114_WYG_003-172a
005.md	113	KR1e0114_WYG_003-173a
005.md	114	KR1e0114_WYG_003-174a
005.md	115	KR1e0114_WYG_003-175a
005.md	116	KR1e0114_WYG_003-176a
005.md	117	KR1e0114_WYG_003-177a
005.md	118	KR1e0114_WYG_003-178a
005.md	119	KR1e0114_WYG_003-179a
005.md	120	KR1e0114_WYG_003-180a
005.md	121	KR1e0114_WYG_003-181a
005.md	122	KR1e0114_WYG_003-182a
005.md	130	KR1e0114_WYG_003-182b
005.md	138	KR1e0114_WYG_003-183a
005.md	146	KR1e0114_WYG_003-183b
005.md	154	KR1e0114_WYG_003-184a
005.md	162	KR1e0114_WYG_003-184b
005.md	170	KR1e0114_WYG_003-185a
005.md	178	KR1e0114_WYG_003-185b
005.md	186	KR1e0114_WYG_003-186a
005.md	194	KR1e0114_WYG_003-186b
005.md	202	KR1e0114_WYG_003-187a
005.md	210	KR1e0114_WYG_003-187b
005.md	218	KR1e0114_WYG_003-188a
005.md	226	KR1e0114_WYG_003-188b
005.md	234	KR1e0114_WYG_003-189a
005.md	242	KR1e0114_WYG_003-189b
005.md	250	KR1e0114_WYG_003-190a
005.md	258	KR1e0114_WYG_003-190b
005.md	266	KR1e0114_WYG_003-191a
005.md	274	KR1e0114_WYG_003-191b
005.md	282	KR1e0114_WYG_003-192a
005.md	290	KR1e0114_WYG_003-192b
005.md	298	KR1e0114_WYG_003-193a
005.md	306	KR1e0114_WYG_003-193b
005.md	314	KR1e0114_WYG_003-194a
005.md	322	KR1e0114_WYG_003-194b
005.md	330	KR1e0114_WYG_003-195a
005.md	338	KR1e0114_WYG_003-195b
005.md	346	KR1e0114_WYG_003-196a
005.md	354	KR1e0114_WYG_003-196b
006.md	3	KR1e0114_WYG_004-1a
006.md	11	KR1e0114_WYG_004-1b
006.md	19	KR1e0114_WYG_004-2a
006.md	27	KR1e0114_WYG_004-2b
006.md	35	KR1e0114_WYG_004-3a
006.md	36	KR1e0114_WYG_004-4a
006.md	37	KR1e0114_WYG_004-5a
006.md	38	KR1e0114_WYG_004-6a
006.md	46	KR1e0114_WYG_004-6b
006.md	54	KR1e0114_WYG_004-7a
006.md	62	KR1e0114_WYG_004-7b
006.md	70	KR1e0114_WYG_004-8a
006.md	78	KR1e0114_WYG_004-8b
006.md	83	KR1e0114_WYG_004-9a
006.md	84	KR1e0114_WYG_004-10a
006.md	85	KR1e0114_WYG_004-11a
006.md	86	KR1e0114_WYG_004-12a
006.md	94	KR1e0114_WYG_004-12b
006.md	102	KR1e0114_WYG_004-13a
006.md	110	KR1e0114_WYG_004-13b
006.md	118	KR1e0114_WYG_004-14a
006.md	121	KR1e0114_WYG_004-15a
006.md	122	KR1e0114_WYG_004-16a
006.md	130	KR1e0114_WYG_004-16b
006.md	138	KR1e0114_WYG_004-17a
006.md	146	KR1e0114_WYG_004-17b
006.md	150	KR1e0114_WYG_004-18a
006.md	151	KR1e0114_WYG_004-19a
006.md	152	KR1e0114_WYG_004-20a
006.md	153	KR1e0114_WYG_004-21a
006.md	154	KR1e0114_WYG_004-22a
006.md	162	KR1e0114_WYG_004-22b
006.md	170	KR1e0114_WYG_004-23a
006.md	178	KR1e0114_WYG_004-23b
006.md	186	KR1e0114_WYG_004-24a
006.md	194	KR1e0114_WYG_004-24b
006.md	199	KR1e0114_WYG_004-25a
006.md	200	KR1e0114_WYG_004-26a
006.md	201	KR1e0114_WYG_004-27a
006.md	202	KR1e0114_WYG_004-28a
006.md	203	KR1e0114_WYG_004-29a
006.md	211	KR1e0114_WYG_004-29b
006.md	219	KR1e0114_WYG_004-30a
006.md	227	KR1e0114_WYG_004-30b
006.md	235	KR1e0114_WYG_004-31a
006.md	243	KR1e0114_WYG_004-31b
006.md	251	KR1e0114_WYG_004-32a
006.md	259	KR1e0114_WYG_004-32b
006.md	267	KR1e0114_WYG_004-33a
006.md	272	KR1e0114_WYG_004-34a
006.md	273	KR1e0114_WYG_004-35a
006.md	281	KR1e0114_WYG_004-35b
006.md	289	KR1e0114_WYG_004-36a
006.md	297	KR1e0114_WYG_004-36b
006.md	305	KR1e0114_WYG_004-37a
006.md	309	KR1e0114_WYG_004-38a
006.md	317	KR1e0114_WYG_004-38b
006.md	325	KR1e0114_WYG_004-39a
006.md	333	KR1e0114_WYG_004-39b
006.md	341	KR1e0114_WYG_004-40a
006.md	349	KR1e0114_WYG_004-40b
006.md	354	KR1e0114_WYG_004-41a
006.md	355	KR1e0114_WYG_004-42a
006.md	363	KR1e0114_WYG_004-42b
006.md	371	KR1e0114_WYG_004-43a
006.md	379	KR1e0114_WYG_004-43b
006.md	387	KR1e0114_WYG_004-44a
006.md	395	KR1e0114_WYG_004-44b
006.md	400	KR1e0114_WYG_004-45a
006.md	401	KR1e0114_WYG_004-46a
006.md	402	KR1e0114_WYG_004-47a
006.md	403	KR1e0114_WYG_004-48a
006.md	411	KR1e0114_WYG_004-48b
006.md	419	KR1e0114_WYG_004-49a
006.md	427	KR1e0114_WYG_004-49b
006.md	435	KR1e0114_WYG_004-50a
006.md	440	KR1e0114_WYG_004-51a
006.md	448	KR1e0114_WYG_004-51b
006.md	456	KR1e0114_WYG_004-52a
006.md	464	KR1e0114_WYG_004-52b
006.md	472	KR1e0114_WYG_004-53a
006.md	480	KR1e0114_WYG_004-53b
006.md	488	KR1e0114_WYG_004-54a
006.md	496	KR1e0114_WYG_004-55a
006.md	504	KR1e0114_WYG_004-55b
006.md	512	KR1e0114_WYG_004-56a
006.md	520	KR1e0114_WYG_004-56b
006.md	528	KR1e0114_WYG_004-57a
006.md	536	KR1e0114_WYG_004-57b
006.md	544	KR1e0114_WYG_004-58a
006.md	552	KR1e0114_WYG_004-58b
006.md	560	KR1e0114_WYG_004-59a
006.md	568	KR1e0114_WYG_004-59b
006.md	576	KR1e0114_WYG_004-60a
006.md	584	KR1e0114_WYG_004-60b
006.md	592	KR1e0114_WYG_004-61a
006.md	600	KR1e0114_WYG_004-61b
006.md	608	KR1e0114_WYG_004-62a
006.md	616	KR1e0114_WYG_004-62b
006.md	624	KR1e0114_WYG_004-63a
006.md	632	KR1e0114_WYG_004-63b
006.md	640	KR1e0114_WYG_004-64a
006.md	648	KR1e0114_WYG_004-64b
006.md	656	KR1e0114_WYG_004-65a
006.md	664	KR1e0114_WYG_004-65b
006.md	672	KR1e0114_WYG_004-66a
006.md	680	KR1e0114_WYG_004-66b
006.md	688	KR1e0114_WYG_004-67a
006.md	696	KR1e0114_WYG_004-67b
006.md	704	KR1e0114_WYG_004-68a
006.md	712	KR1e0114_WYG_004-68b
006.md	720	KR1e0114_WYG_004-69a
006.md	728	KR1e0114_WYG_004-69b
006.md	736	KR1e0114_WYG_004-70a
006.md	744	KR1e0114_WYG_004-70b
006.md	752	KR1e0114_WYG_004-71a
006.md	760	KR1e0114_WYG_004-71b
006.md	768	KR1e0114_WYG_004-72a
006.md	776	KR1e0114_WYG_004-72b
006.md	784	KR1e0114_WYG_004-73a
006.md	792	KR1e0114_WYG_004-73b
006.md	800	KR1e0114_WYG_004-74a
006.md	808	KR1e0114_WYG_004-74b
006.md	816	KR1e0114_WYG_004-75a
006.md	824	KR1e0114_WYG_004-75b
006.md	832	KR1e0114_WYG_004-76a
006.md	840	KR1e0114_WYG_004-76b
007.md	3	KR1e0114_WYG_005-1a
007.md	11	KR1e0114_WYG_005-1b
007.md	19	KR1e0114_WYG_005-2a
007.md	27	KR1e0114_WYG_005-2b
007.md	35	KR1e0114_WYG_005-3a
007.md	40	KR1e0114_WYG_005-4a
007.md	41	KR1e0114_WYG_005-5a
007.md	42	KR1e0114_WYG_005-6a
007.md	43	KR1e0114_WYG_005-7a
007.md	44	KR1e0114_WYG_005-8a
007.md	45	KR1e0114_WYG_005-9a
007.md	46	KR1e0114_WYG_005-10a
007.md	47	KR1e0114_WYG_005-11a
007.md	48	KR1e0114_WYG_005-12a
007.md	49	KR1e0114_WYG_005-13a
007.md	50	KR1e0114_WYG_005-14a
007.md	51	KR1e0114_WYG_005-15a
007.md	52	KR1e0114_WYG_005-16a
007.md	53	KR1e0114_WYG_005-17a
007.md	54	KR1e0114_WYG_005-18a
007.md	55	KR1e0114_WYG_005-19a
007.md	56	KR1e0114_WYG_005-20a
007.md	57	KR1e0114_WYG_005-21a
007.md	58	KR1e0114_WYG_005-22a
007.md	59	KR1e0114_WYG_005-23a
007.md	60	KR1e0114_WYG_005-24a
007.md	61	KR1e0114_WYG_005-25a
007.md	62	KR1e0114_WYG_005-26a
007.md	63	KR1e0114_WYG_005-27a
007.md	64	KR1e0114_WYG_005-28a
007.md	65	KR1e0114_WYG_005-29a
007.md	66	KR1e0114_WYG_005-30a
007.md	74	KR1e0114_WYG_005-30b
008.md	3	KR1e0114_WYG_006-1a
008.md	11	KR1e0114_WYG_006-1b
008.md	19	KR1e0114_WYG_006-2a
008.md	27	KR1e0114_WYG_006-2b
008.md	35	KR1e0114_WYG_006-3a
008.md	38	KR1e0114_WYG_006-4a
008.md	46	KR1e0114_WYG_006-4b
008.md	54	KR1e0114_WYG_006-5a
008.md	62	KR1e0114_WYG_006-5b
008.md	70	KR1e0114_WYG_006-6a
008.md	78	KR1e0114_WYG_006-6b
008.md	86	KR1e0114_WYG_006-7a
008.md	94	KR1e0114_WYG_006-7b
008.md	102	KR1e0114_WYG_006-8a
008.md	110	KR1e0114_WYG_006-8b
008.md	118	KR1e0114_WYG_006-9a
008.md	126	KR1e0114_WYG_006-9b
008.md	134	KR1e0114_WYG_006-10a
008.md	142	KR1e0114_WYG_006-10b
008.md	150	KR1e0114_WYG_006-11a
008.md	158	KR1e0114_WYG_006-11b
008.md	166	KR1e0114_WYG_006-12a
008.md	174	KR1e0114_WYG_006-12b
008.md	182	KR1e0114_WYG_006-13a
008.md	190	KR1e0114_WYG_006-13b
008.md	198	KR1e0114_WYG_006-14a
008.md	206	KR1e0114_WYG_006-14b
008.md	214	KR1e0114_WYG_006-15a
008.md	222	KR1e0114_WYG_006-15b
008.md	230	KR1e0114_WYG_006-16a
008.md	238	KR1e0114_WYG_006-16b
008.md	246	KR1e0114_WYG_006-17a
008.md	254	KR1e0114_WYG_006-17b
008.md	262	KR1e0114_WYG_006-18a
008.md	270	KR1e0114_WYG_006-18b
008.md	278	KR1e0114_WYG_006-19a
008.md	286	KR1e0114_WYG_006-19b
008.md	294	KR1e0114_WYG_006-20a
008.md	301	KR1e0114_WYG_006-21a
008.md	309	KR1e0114_WYG_006-21b
008.md	317	KR1e0114_WYG_006-22a
008.md	325	KR1e0114_WYG_006-22b
008.md	333	KR1e0114_WYG_006-23a
008.md	341	KR1e0114_WYG_006-23b
008.md	349	KR1e0114_WYG_006-24a
008.md	357	KR1e0114_WYG_006-24b
008.md	365	KR1e0114_WYG_006-25a
008.md	373	KR1e0114_WYG_006-25b
008.md	381	KR1e0114_WYG_006-26a
008.md	389	KR1e0114_WYG_006-26b
008.md	397	KR1e0114_WYG_006-27a
008.md	405	KR1e0114_WYG_006-27b
008.md	413	KR1e0114_WYG_006-28a
008.md	421	KR1e0114_WYG_006-28b
008.md	429	KR1e0114_WYG_006-29a
008.md	437	KR1e0114_WYG_006-29b
008.md	445	KR1e0114_WYG_006-30a
008.md	453	KR1e0114_WYG_006-30b
008.md	461	KR1e0114_WYG_006-31a
008.md	469	KR1e0114_WYG_006-31b
008.md	477	KR1e0114_WYG_006-32a
008.md	485	KR1e0114_WYG_006-32b
008.md	493	KR1e0114_WYG_006-33a
008.md	501	KR1e0114_WYG_006-33b
008.md	509	KR1e0114_WYG_006-34a
008.md	517	KR1e0114_WYG_006-34b
008.md	525	KR1e0114_WYG_006-35a
008.md	533	KR1e0114_WYG_006-35b
008.md	541	KR1e0114_WYG_006-36a
008.md	549	KR1e0114_WYG_006-36b
008.md	557	KR1e0114_WYG_006-37a
008.md	565	KR1e0114_WYG_006-37b
008.md	573	KR1e0114_WYG_006-38a
008.md	581	KR1e0114_WYG_006-38b
009.md	3	KR1e0114_WYG_006-39a
009.md	7	KR1e0114_WYG_006-40a
009.md	15	KR1e0114_WYG_006-40b
009.md	23	KR1e0114_WYG_006-41a
009.md	31	KR1e0114_WYG_006-41b
009.md	39	KR1e0114_WYG_006-42a
009.md	47	KR1e0114_WYG_006-42b
009.md	55	KR1e0114_WYG_006-43a
009.md	63	KR1e0114_WYG_006-43b
009.md	71	KR1e0114_WYG_006-44a
009.md	79	KR1e0114_WYG_006-44b
009.md	87	KR1e0114_WYG_006-45a
009.md	95	KR1e0114_WYG_006-45b
009.md	103	KR1e0114_WYG_006-46a
009.md	111	KR1e0114_WYG_006-46b
009.md	119	KR1e0114_WYG_006-47a
009.md	127	KR1e0114_WYG_006-47b
009.md	135	KR1e0114_WYG_006-48a
009.md	143	KR1e0114_WYG_006-48b
009.md	151	KR1e0114_WYG_006-49a
009.md	159	KR1e0114_WYG_006-49b
009.md	167	KR1e0114_WYG_006-50a
009.md	175	KR1e0114_WYG_006-50b
009.md	183	KR1e0114_WYG_006-51a
009.md	191	KR1e0114_WYG_006-51b
009.md	199	KR1e0114_WYG_006-52a
009.md	207	KR1e0114_WYG_006-52b
009.md	215	KR1e0114_WYG_006-53a
009.md	223	KR1e0114_WYG_006-53b
009.md	231	KR1e0114_WYG_006-54a
009.md	239	KR1e0114_WYG_006-54b
009.md	247	KR1e0114_WYG_006-55a
009.md	255	KR1e0114_WYG_006-55b
009.md	263	KR1e0114_WYG_006-56a
009.md	271	KR1e0114_WYG_006-56b
009.md	279	KR1e0114_WYG_006-57a
009.md	287	KR1e0114_WYG_006-57b
009.md	295	KR1e0114_WYG_006-58a
009.md	303	KR1e0114_WYG_006-59a
009.md	311	KR1e0114_WYG_006-59b
009.md	320	KR1e0114_WYG_006-60a
009.md	328	KR1e0114_WYG_006-60b
009.md	336	KR1e0114_WYG_006-61a
009.md	344	KR1e0114_WYG_006-61b
009.md	352	KR1e0114_WYG_006-62a
009.md	360	KR1e0114_WYG_006-62b
009.md	368	KR1e0114_WYG_006-63a
009.md	376	KR1e0114_WYG_006-63b
009.md	384	KR1e0114_WYG_006-64a
009.md	392	KR1e0114_WYG_006-64b
009.md	400	KR1e0114_WYG_006-65a
009.md	408	KR1e0114_WYG_006-65b
009.md	416	KR1e0114_WYG_006-66a
009.md	424	KR1e0114_WYG_006-66b
009.md	432	KR1e0114_WYG_006-67a
009.md	440	KR1e0114_WYG_006-67b
009.md	448	KR1e0114_WYG_006-68a
009.md	456	KR1e0114_WYG_006-68b
009.md	464	KR1e0114_WYG_006-69a
009.md	472	KR1e0114_WYG_006-69b
009.md	480	KR1e0114_WYG_006-70a
009.md	488	KR1e0114_WYG_006-70b
009.md	496	KR1e0114_WYG_006-71a
009.md	504	KR1e0114_WYG_006-71b
009.md	512	KR1e0114_WYG_006-72a
009.md	520	KR1e0114_WYG_006-72b
009.md	528	KR1e0114_WYG_006-73a
009.md	536	KR1e0114_WYG_006-73b
009.md	544	KR1e0114_WYG_006-74a
009.md	548	KR1e0114_WYG_006-75a
009.md	556	KR1e0114_WYG_006-75b
009.md	564	KR1e0114_WYG_006-76a
009.md	572	KR1e0114_WYG_006-76b
009.md	580	KR1e0114_WYG_006-77a
009.md	588	KR1e0114_WYG_006-77b
009.md	596	KR1e0114_WYG_006-78a
009.md	604	KR1e0114_WYG_006-78b
009.md	612	KR1e0114_WYG_006-79a
009.md	620	KR1e0114_WYG_006-79b
009.md	628	KR1e0114_WYG_006-80a
009.md	636	KR1e0114_WYG_006-80b
009.md	644	KR1e0114_WYG_006-81a
009.md	652	KR1e0114_WYG_006-81b
010.md	3	KR1e0114_WYG_006-82a
010.md	11	KR1e0114_WYG_006-82b
010.md	19	KR1e0114_WYG_006-83a
010.md	27	KR1e0114_WYG_006-83b
010.md	35	KR1e0114_WYG_006-84a
010.md	43	KR1e0114_WYG_006-84b
010.md	51	KR1e0114_WYG_006-85a
010.md	56	KR1e0114_WYG_006-86a
010.md	64	KR1e0114_WYG_006-86b
010.md	72	KR1e0114_WYG_006-87a
010.md	80	KR1e0114_WYG_006-87b
010.md	81	KR1e0114_WYG_006-88a
010.md	82	KR1e0114_WYG_006-89a
010.md	83	KR1e0114_WYG_006-90a
010.md	91	KR1e0114_WYG_006-90b
010.md	99	KR1e0114_WYG_006-91a
010.md	107	KR1e0114_WYG_006-91b
010.md	115	KR1e0114_WYG_006-92a
010.md	123	KR1e0114_WYG_006-92b
010.md	131	KR1e0114_WYG_006-93a
010.md	139	KR1e0114_WYG_006-93b
010.md	147	KR1e0114_WYG_006-94a
010.md	155	KR1e0114_WYG_006-94b
010.md	163	KR1e0114_WYG_006-95a
010.md	171	KR1e0114_WYG_006-95b
010.md	179	KR1e0114_WYG_006-96a
010.md	187	KR1e0114_WYG_006-96b
010.md	195	KR1e0114_WYG_006-97a
010.md	203	KR1e0114_WYG_006-97b
010.md	211	KR1e0114_WYG_006-98a
010.md	219	KR1e0114_WYG_006-98b
010.md	227	KR1e0114_WYG_006-99a
010.md	235	KR1e0114_WYG_006-99b
010.md	243	KR1e0114_WYG_006-100a
010.md	251	KR1e0114_WYG_006-100b
010.md	259	KR1e0114_WYG_006-101a
010.md	267	KR1e0114_WYG_006-101b
010.md	275	KR1e0114_WYG_006-102a
010.md	283	KR1e0114_WYG_006-102b
010.md	291	KR1e0114_WYG_006-103a
010.md	299	KR1e0114_WYG_006-103b
010.md	307	KR1e0114_WYG_006-104a
010.md	310	KR1e0114_WYG_006-105a
010.md	318	KR1e0114_WYG_006-105b
010.md	326	KR1e0114_WYG_006-106a
010.md	334	KR1e0114_WYG_006-106b
010.md	342	KR1e0114_WYG_006-107a
010.md	350	KR1e0114_WYG_006-107b
010.md	358	KR1e0114_WYG_006-108a
010.md	366	KR1e0114_WYG_006-108b
010.md	374	KR1e0114_WYG_006-109a
010.md	382	KR1e0114_WYG_006-109b
010.md	390	KR1e0114_WYG_006-110a
010.md	398	KR1e0114_WYG_006-110b
010.md	406	KR1e0114_WYG_006-111a
010.md	414	KR1e0114_WYG_006-111b
010.md	422	KR1e0114_WYG_006-112a
010.md	430	KR1e0114_WYG_006-112b
010.md	438	KR1e0114_WYG_006-113a
010.md	446	KR1e0114_WYG_006-113b
010.md	454	KR1e0114_WYG_006-114a
010.md	462	KR1e0114_WYG_006-114b
010.md	470	KR1e0114_WYG_006-115a
010.md	478	KR1e0114_WYG_006-115b
010.md	486	KR1e0114_WYG_006-116a
010.md	494	KR1e0114_WYG_006-116b
010.md	502	KR1e0114_WYG_006-117a
010.md	510	KR1e0114_WYG_006-117b
010.md	518	KR1e0114_WYG_006-118a
010.md	526	KR1e0114_WYG_006-118b
010.md	534	KR1e0114_WYG_006-119a
010.md	542	KR1e0114_WYG_006-119b
010.md	550	KR1e0114_WYG_006-120a
010.md	558	KR1e0114_WYG_006-120b
010.md	566	KR1e0114_WYG_006-121a
010.md	574	KR1e0114_WYG_006-121b
010.md	582	KR1e0114_WYG_006-122a
010.md	590	KR1e0114_WYG_006-122b
010.md	598	KR1e0114_WYG_006-123a
010.md	606	KR1e0114_WYG_006-123b
010.md	614	KR1e0114_WYG_006-124a
010.md	622	KR1e0114_WYG_006-124b
010.md	630	KR1e0114_WYG_006-125a
010.md	638	KR1e0114_WYG_006-125b
010.md	646	KR1e0114_WYG_006-126a
010.md	654	KR1e0114_WYG_006-126b
010.md	662	KR1e0114_WYG_006-127a
010.md	670	KR1e0114_WYG_006-127b
010.md	678	KR1e0114_WYG_006-128a
010.md	686	KR1e0114_WYG_006-128b
010.md	694	KR1e0114_WYG_006-129a
010.md	702	KR1e0114_WYG_006-129b
010.md	710	KR1e0114_WYG_006-130a
010.md	718	KR1e0114_WYG_006-130b
010.md	726	KR1e0114_WYG_006-131a
010.md	734	KR1e0114_WYG_006-131b
010.md	742	KR1e0114_WYG_006-132a
010.md	750	KR1e0114_WYG_006-132b
010.md	758	KR1e0114_WYG_006-133a
010.md	766	KR1e0114_WYG_006-133b
010.md	774	KR1e0114_WYG_006-134a
010.md	782	KR1e0114_WYG_006-134b
010.md	790	KR1e0114_WYG_006-135a
010.md	798	KR1e0114_WYG_006-135b
010.md	806	KR1e0114_WYG_006-136a
010.md	814	KR1e0114_WYG_006-136b
010.md	822	KR1e0114_WYG_006-137a
010.md	830	KR1e0114_WYG_006-137b
010.md	838	KR1e0114_WYG_006-138a
010.md	846	KR1e0114_WYG_006-138b
011.md	3	KR1e0114_WYG_007-1a
011.md	11	KR1e0114_WYG_007-1b
011.md	19	KR1e0114_WYG_007-2a
011.md	27	KR1e0114_WYG_007-2b
011.md	35	KR1e0114_WYG_007-3a
011.md	43	KR1e0114_WYG_007-3b
011.md	48	KR1e0114_WYG_007-4a
011.md	49	KR1e0114_WYG_007-5a
011.md	50	KR1e0114_WYG_007-6a
011.md	51	KR1e0114_WYG_007-7a
011.md	52	KR1e0114_WYG_007-8a
011.md	53	KR1e0114_WYG_007-9a
011.md	54	KR1e0114_WYG_007-10a
011.md	55	KR1e0114_WYG_007-11a
011.md	56	KR1e0114_WYG_007-12a
011.md	57	KR1e0114_WYG_007-13a
011.md	58	KR1e0114_WYG_007-14a
011.md	59	KR1e0114_WYG_007-15a
011.md	60	KR1e0114_WYG_007-16a
011.md	61	KR1e0114_WYG_007-17a
011.md	62	KR1e0114_WYG_007-18a
011.md	63	KR1e0114_WYG_007-19a
011.md	66	KR1e0114_WYG_007-20a
011.md	67	KR1e0114_WYG_007-21a
011.md	68	KR1e0114_WYG_007-22a
011.md	69	KR1e0114_WYG_007-23a
011.md	70	KR1e0114_WYG_007-24a
011.md	71	KR1e0114_WYG_007-25a
011.md	72	KR1e0114_WYG_007-26a
011.md	73	KR1e0114_WYG_007-27a
011.md	74	KR1e0114_WYG_007-28a
011.md	75	KR1e0114_WYG_007-29a
011.md	76	KR1e0114_WYG_007-30a
011.md	77	KR1e0114_WYG_007-31a
011.md	78	KR1e0114_WYG_007-32a
011.md	79	KR1e0114_WYG_007-33a
011.md	80	KR1e0114_WYG_007-34a
011.md	81	KR1e0114_WYG_007-35a
011.md	82	KR1e0114_WYG_007-36a
011.md	83	KR1e0114_WYG_007-37a
011.md	84	KR1e0114_WYG_007-38a
011.md	85	KR1e0114_WYG_007-39a
011.md	86	KR1e0114_WYG_007-40a
011.md	87	KR1e0114_WYG_007-41a
011.md	88	KR1e0114_WYG_007-42a
011.md	89	KR1e0114_WYG_007-43a
011.md	90	KR1e0114_WYG_007-44a
011.md	91	KR1e0114_WYG_007-45a
011.md	92	KR1e0114_WYG_007-46a
011.md	93	KR1e0114_WYG_007-47a
011.md	94	KR1e0114_WYG_007-48a
011.md	95	KR1e0114_WYG_007-49a
011.md	96	KR1e0114_WYG_007-50a
011.md	97	KR1e0114_WYG_007-51a
011.md	98	KR1e0114_WYG_007-52a
011.md	99	KR1e0114_WYG_007-53a
011.md	100	KR1e0114_WYG_007-54a
011.md	108	KR1e0114_WYG_007-54b
012.md	3	KR1e0114_WYG_007-55a
012.md	7	KR1e0114_WYG_007-56a
012.md	8	KR1e0114_WYG_007-57a
012.md	9	KR1e0114_WYG_007-58a
012.md	10	KR1e0114_WYG_007-59a
012.md	11	KR1e0114_WYG_007-60a
012.md	12	KR1e0114_WYG_007-61a
012.md	13	KR1e0114_WYG_007-62a
012.md	14	KR1e0114_WYG_007-63a
012.md	15	KR1e0114_WYG_007-64a
012.md	16	KR1e0114_WYG_007-65a
012.md	17	KR1e0114_WYG_007-66a
012.md	18	KR1e0114_WYG_007-67a
012.md	19	KR1e0114_WYG_007-68a
012.md	20	KR1e0114_WYG_007-69a
012.md	21	KR1e0114_WYG_007-70a
012.md	22	KR1e0114_WYG_007-71a
012.md	23	KR1e0114_WYG_007-72a
012.md	24	KR1e0114_WYG_007-73a
012.md	25	KR1e0114_WYG_007-74a
012.md	26	KR1e0114_WYG_007-75a
012.md	27	KR1e0114_WYG_007-76a
012.md	28	KR1e0114_WYG_007-77a
012.md	29	KR1e0114_WYG_007-78a
012.md	30	KR1e0114_WYG_007-79a
012.md	31	KR1e0114_WYG_007-80a
012.md	32	KR1e0114_WYG_007-81a
012.md	33	KR1e0114_WYG_007-82a
012.md	34	KR1e0114_WYG_007-83a
012.md	35	KR1e0114_WYG_007-84a
012.md	36	KR1e0114_WYG_007-85a
012.md	37	KR1e0114_WYG_007-86a
012.md	38	KR1e0114_WYG_007-87a
012.md	39	KR1e0114_WYG_007-88a
012.md	40	KR1e0114_WYG_007-89a
012.md	41	KR1e0114_WYG_007-90a
012.md	42	KR1e0114_WYG_007-91a
012.md	43	KR1e0114_WYG_007-92a
012.md	44	KR1e0114_WYG_007-93a
012.md	45	KR1e0114_WYG_007-94a
012.md	46	KR1e0114_WYG_007-95a
012.md	47	KR1e0114_WYG_007-96a
012.md	48	KR1e0114_WYG_007-97a
012.md	49	KR1e0114_WYG_007-98a
012.md	57	KR1e0114_WYG_007-98b
013.md	3	KR1e0114_WYG_007-99a
013.md	7	KR1e0114_WYG_007-100a
013.md	8	KR1e0114_WYG_007-101a
013.md	9	KR1e0114_WYG_007-102a
013.md	10	KR1e0114_WYG_007-103a
013.md	11	KR1e0114_WYG_007-104a
013.md	12	KR1e0114_WYG_007-105a
013.md	13	KR1e0114_WYG_007-106a
013.md	14	KR1e0114_WYG_007-107a
013.md	15	KR1e0114_WYG_007-108a
013.md	16	KR1e0114_WYG_007-109a
013.md	17	KR1e0114_WYG_007-110a
013.md	18	KR1e0114_WYG_007-111a
013.md	19	KR1e0114_WYG_007-112a
013.md	20	KR1e0114_WYG_007-113a
013.md	21	KR1e0114_WYG_007-114a
013.md	22	KR1e0114_WYG_007-115a
013.md	23	KR1e0114_WYG_007-116a
013.md	24	KR1e0114_WYG_007-117a
013.md	25	KR1e0114_WYG_007-118a
013.md	26	KR1e0114_WYG_007-119a
013.md	27	KR1e0114_WYG_007-120a
013.md	28	KR1e0114_WYG_007-121a
013.md	29	KR1e0114_WYG_007-122a
013.md	30	KR1e0114_WYG_007-123a
013.md	31	KR1e0114_WYG_007-124a
013.md	32	KR1e0114_WYG_007-125a
013.md	33	KR1e0114_WYG_007-126a
013.md	34	KR1e0114_WYG_007-127a
013.md	35	KR1e0114_WYG_007-128a
013.md	36	KR1e0114_WYG_007-129a
013.md	37	KR1e0114_WYG_007-130a
013.md	38	KR1e0114_WYG_007-131a
013.md	39	KR1e0114_WYG_007-132a
013.md	40	KR1e0114_WYG_007-133a
013.md	41	KR1e0114_WYG_007-134a
013.md	42	KR1e0114_WYG_007-135a
013.md	43	KR1e0114_WYG_007-136a
013.md	44	KR1e0114_WYG_007-137a
013.md	45	KR1e0114_WYG_007-138a
013.md	46	KR1e0114_WYG_007-139a
013.md	47	KR1e0114_WYG_007-140a
013.md	48	KR1e0114_WYG_007-141a
013.md	49	KR1e0114_WYG_007-142a
013.md	50	KR1e0114_WYG_007-143a
013.md	51	KR1e0114_WYG_007-144a
013.md	52	KR1e0114_WYG_007-145a
013.md	53	KR1e0114_WYG_007-146a
013.md	54	KR1e0114_WYG_007-147a
013.md	55	KR1e0114_WYG_007-148a
013.md	56	KR1e0114_WYG_007-149a
013.md	57	KR1e0114_WYG_007-150a
013.md	58	KR1e0114_WYG_007-151a
013.md	59	KR1e0114_WYG_007-152a
013.md	60	KR1e0114_WYG_007-153a
013.md	61	KR1e0114_WYG_007-154a
013.md	62	KR1e0114_WYG_007-155a
013.md	63	KR1e0114_WYG_007-156a
013.md	64	KR1e0114_WYG_007-157a
013.md	72	KR1e0114_WYG_007-157b
013.md	80	KR1e0114_WYG_007-158a
013.md	88	KR1e0114_WYG_007-158b
013.md	96	KR1e0114_WYG_007-159a
013.md	104	KR1e0114_WYG_007-159b
013.md	112	KR1e0114_WYG_007-160a
013.md	120	KR1e0114_WYG_007-160b
013.md	128	KR1e0114_WYG_007-161a
013.md	136	KR1e0114_WYG_007-161b
013.md	144	KR1e0114_WYG_007-162a
013.md	152	KR1e0114_WYG_007-162b
013.md	160	KR1e0114_WYG_007-163a
013.md	168	KR1e0114_WYG_007-163b
013.md	176	KR1e0114_WYG_007-164a
013.md	184	KR1e0114_WYG_007-164b
013.md	192	KR1e0114_WYG_007-165a
013.md	200	KR1e0114_WYG_007-165b
014.md	3	KR1e0114_WYG_008-1a
014.md	11	KR1e0114_WYG_008-1b
014.md	19	KR1e0114_WYG_008-2a
014.md	27	KR1e0114_WYG_008-2b
014.md	33	KR1e0114_WYG_008-3a
014.md	34	KR1e0114_WYG_008-4a
014.md	35	KR1e0114_WYG_008-5a
014.md	36	KR1e0114_WYG_008-6a
014.md	37	KR1e0114_WYG_008-7a
014.md	38	KR1e0114_WYG_008-8a
014.md	39	KR1e0114_WYG_008-9a
014.md	40	KR1e0114_WYG_008-10a
014.md	41	KR1e0114_WYG_008-11a
014.md	42	KR1e0114_WYG_008-12a
014.md	43	KR1e0114_WYG_008-13a
014.md	44	KR1e0114_WYG_008-14a
014.md	45	KR1e0114_WYG_008-15a
014.md	46	KR1e0114_WYG_008-16a
014.md	47	KR1e0114_WYG_008-17a
014.md	48	KR1e0114_WYG_008-18a
014.md	49	KR1e0114_WYG_008-19a
014.md	50	KR1e0114_WYG_008-20a
014.md	51	KR1e0114_WYG_008-21a
014.md	52	KR1e0114_WYG_008-22a
014.md	53	KR1e0114_WYG_008-23a
014.md	54	KR1e0114_WYG_008-24a
014.md	55	KR1e0114_WYG_008-25a
014.md	56	KR1e0114_WYG_008-26a
014.md	57	KR1e0114_WYG_008-27a
014.md	58	KR1e0114_WYG_008-28a
014.md	59	KR1e0114_WYG_008-29a
014.md	60	KR1e0114_WYG_008-30a
014.md	61	KR1e0114_WYG_008-31a
014.md	62	KR1e0114_WYG_008-32a
014.md	63	KR1e0114_WYG_008-33a
014.md	64	KR1e0114_WYG_008-34a
014.md	65	KR1e0114_WYG_008-35a
014.md	66	KR1e0114_WYG_008-36a
014.md	67	KR1e0114_WYG_008-37a
014.md	75	KR1e0114_WYG_008-37b
015.md	3	KR1e0114_WYG_008-38a
015.md	7	KR1e0114_WYG_008-39a
015.md	8	KR1e0114_WYG_008-40a
015.md	9	KR1e0114_WYG_008-41a
015.md	10	KR1e0114_WYG_008-42a
015.md	11	KR1e0114_WYG_008-43a
015.md	12	KR1e0114_WYG_008-44a
015.md	13	KR1e0114_WYG_008-45a
015.md	14	KR1e0114_WYG_008-46a
015.md	15	KR1e0114_WYG_008-47a
015.md	16	KR1e0114_WYG_008-48a
015.md	17	KR1e0114_WYG_008-49a
015.md	18	KR1e0114_WYG_008-50a
015.md	19	KR1e0114_WYG_008-51a
015.md	20	KR1e0114_WYG_008-52a
015.md	21	KR1e0114_WYG_008-53a
015.md	22	KR1e0114_WYG_008-54a
015.md	23	KR1e0114_WYG_008-55a
015.md	24	KR1e0114_WYG_008-56a
015.md	25	KR1e0114_WYG_008-57a
015.md	26	KR1e0114_WYG_008-58a
015.md	34	KR1e0114_WYG_008-59a
015.md	35	KR1e0114_WYG_008-60a
015.md	36	KR1e0114_WYG_008-61a
015.md	37	KR1e0114_WYG_008-62a
015.md	38	KR1e0114_WYG_008-63a
015.md	46	KR1e0114_WYG_008-63b
015.md	54	KR1e0114_WYG_008-64a
015.md	55	KR1e0114_WYG_008-65a
015.md	58	KR1e0114_WYG_008-66a
015.md	60	KR1e0114_WYG_008-67a
015.md	68	KR1e0114_WYG_008-67b
015.md	76	KR1e0114_WYG_008-68a
015.md	84	KR1e0114_WYG_008-68b
015.md	92	KR1e0114_WYG_008-69a
015.md	100	KR1e0114_WYG_008-69b
015.md	108	KR1e0114_WYG_008-70a
015.md	116	KR1e0114_WYG_008-70b
015.md	124	KR1e0114_WYG_008-71a
015.md	132	KR1e0114_WYG_008-71b
015.md	140	KR1e0114_WYG_008-72a
015.md	148	KR1e0114_WYG_008-72b
015.md	156	KR1e0114_WYG_008-73a
015.md	164	KR1e0114_WYG_008-73b
015.md	172	KR1e0114_WYG_008-74a
015.md	180	KR1e0114_WYG_008-74b
015.md	188	KR1e0114_WYG_008-75a
015.md	196	KR1e0114_WYG_008-75b
015.md	204	KR1e0114_WYG_008-76a
015.md	212	KR1e0114_WYG_008-76b
015.md	220	KR1e0114_WYG_008-77a
015.md	228	KR1e0114_WYG_008-77b
015.md	236	KR1e0114_WYG_008-78a
015.md	244	KR1e0114_WYG_008-78b
015.md	252	KR1e0114_WYG_008-79a
015.md	260	KR1e0114_WYG_008-79b
016.md	3	KR1e0114_WYG_009-1a
016.md	11	KR1e0114_WYG_009-1b
016.md	19	KR1e0114_WYG_009-2a
016.md	27	KR1e0114_WYG_009-2b
016.md	35	KR1e0114_WYG_009-3a
016.md	36	KR1e0114_WYG_009-4a
016.md	37	KR1e0114_WYG_009-5a
016.md	38	KR1e0114_WYG_009-6a
016.md	39	KR1e0114_WYG_009-7a
016.md	40	KR1e0114_WYG_009-8a
016.md	41	KR1e0114_WYG_009-9a
016.md	42	KR1e0114_WYG_009-10a
016.md	43	KR1e0114_WYG_009-11a
016.md	44	KR1e0114_WYG_009-12a
016.md	45	KR1e0114_WYG_009-13a
016.md	46	KR1e0114_WYG_009-14a
016.md	47	KR1e0114_WYG_009-15a
016.md	48	KR1e0114_WYG_009-16a
016.md	49	KR1e0114_WYG_009-17a
016.md	57	KR1e0114_WYG_009-17b
016.md	65	KR1e0114_WYG_009-18a
016.md	73	KR1e0114_WYG_009-18b
016.md	81	KR1e0114_WYG_009-19a
016.md	89	KR1e0114_WYG_009-19b
017.md	3	KR1e0114_WYG_009-20a
017.md	11	KR1e0114_WYG_009-20b
017.md	19	KR1e0114_WYG_009-21a
017.md	27	KR1e0114_WYG_009-21b
017.md	35	KR1e0114_WYG_009-22a
017.md	43	KR1e0114_WYG_009-22b
017.md	51	KR1e0114_WYG_009-23a
017.md	59	KR1e0114_WYG_009-23b
017.md	67	KR1e0114_WYG_009-24a
017.md	75	KR1e0114_WYG_009-24b
017.md	83	KR1e0114_WYG_009-25a
017.md	91	KR1e0114_WYG_009-25b
017.md	99	KR1e0114_WYG_009-26a
017.md	107	KR1e0114_WYG_009-26b
017.md	115	KR1e0114_WYG_009-27a
017.md	123	KR1e0114_WYG_009-27b
017.md	131	KR1e0114_WYG_009-28a
017.md	139	KR1e0114_WYG_009-28b
017.md	147	KR1e0114_WYG_009-29a
017.md	155	KR1e0114_WYG_009-29b
017.md	163	KR1e0114_WYG_009-30a
017.md	171	KR1e0114_WYG_009-30b
017.md	179	KR1e0114_WYG_009-31a
017.md	187	KR1e0114_WYG_009-31b
017.md	195	KR1e0114_WYG_009-32a
017.md	203	KR1e0114_WYG_009-32b
017.md	211	KR1e0114_WYG_009-33a
017.md	219	KR1e0114_WYG_009-33b
017.md	227	KR1e0114_WYG_009-34a
017.md	235	KR1e0114_WYG_009-34b
017.md	243	KR1e0114_WYG_009-35a
017.md	251	KR1e0114_WYG_009-35b
017.md	259	KR1e0114_WYG_009-36a
017.md	267	KR1e0114_WYG_009-36b
017.md	275	KR1e0114_WYG_009-37a
017.md	283	KR1e0114_WYG_009-37b
017.md	291	KR1e0114_WYG_009-38a
017.md	299	KR1e0114_WYG_009-38b
017.md	307	KR1e0114_WYG_009-39a
017.md	315	KR1e0114_WYG_009-39b
017.md	323	KR1e0114_WYG_009-40a
017.md	331	KR1e0114_WYG_009-40b
017.md	339	KR1e0114_WYG_009-41a
017.md	347	KR1e0114_WYG_009-41b
017.md	355	KR1e0114_WYG_009-42a
017.md	363	KR1e0114_WYG_009-42b
017.md	371	KR1e0114_WYG_009-43a
017.md	379	KR1e0114_WYG_009-43b
017.md	387	KR1e0114_WYG_009-44a
017.md	395	KR1e0114_WYG_009-44b
017.md	403	KR1e0114_WYG_009-45a
017.md	411	KR1e0114_WYG_009-45b
017.md	419	KR1e0114_WYG_009-46a
017.md	427	KR1e0114_WYG_009-46b
017.md	435	KR1e0114_WYG_009-47a
017.md	443	KR1e0114_WYG_009-47b
017.md	451	KR1e0114_WYG_009-48a
017.md	459	KR1e0114_WYG_009-48b
017.md	467	KR1e0114_WYG_009-49a
017.md	475	KR1e0114_WYG_009-49b
017.md	483	KR1e0114_WYG_009-50a
017.md	491	KR1e0114_WYG_009-50b
017.md	499	KR1e0114_WYG_009-51a
017.md	507	KR1e0114_WYG_009-51b
017.md	515	KR1e0114_WYG_009-52a
017.md	523	KR1e0114_WYG_009-52b
017.md	531	KR1e0114_WYG_009-53a
017.md	539	KR1e0114_WYG_009-53b
017.md	547	KR1e0114_WYG_009-54a
017.md	555	KR1e0114_WYG_009-54b
017.md	563	KR1e0114_WYG_009-55a
017.md	571	KR1e0114_WYG_009-55b
017.md	579	KR1e0114_WYG_009-56a
017.md	587	KR1e0114_WYG_009-56b
017.md	595	KR1e0114_WYG_009-57a
017.md	603	KR1e0114_WYG_009-57b
017.md	611	KR1e0114_WYG_009-58a
017.md	619	KR1e0114_WYG_009-58b
017.md	627	KR1e0114_WYG_009-59a
017.md	635	KR1e0114_WYG_009-59b
018.md	3	KR1e0114_WYG_010-1a
018.md	11	KR1e0114_WYG_010-1b
018.md	19	KR1e0114_WYG_010-2a
018.md	27	KR1e0114_WYG_010-2b
018.md	35	KR1e0114_WYG_010-3a
018.md	43	KR1e0114_WYG_010-3b
018.md	51	KR1e0114_WYG_010-4a
018.md	52	KR1e0114_WYG_010-5a
018.md	53	KR1e0114_WYG_010-6a
018.md	54	KR1e0114_WYG_010-7a
018.md	55	KR1e0114_WYG_010-8a
018.md	56	KR1e0114_WYG_010-9a
018.md	57	KR1e0114_WYG_010-10a
018.md	58	KR1e0114_WYG_010-11a
018.md	59	KR1e0114_WYG_010-12a
018.md	60	KR1e0114_WYG_010-13a
018.md	61	KR1e0114_WYG_010-14a
018.md	62	KR1e0114_WYG_010-15a
018.md	63	KR1e0114_WYG_010-16a
018.md	65	KR1e0114_WYG_010-17a
018.md	66	KR1e0114_WYG_010-18a
018.md	67	KR1e0114_WYG_010-19a
018.md	68	KR1e0114_WYG_010-20a
018.md	69	KR1e0114_WYG_010-21a
018.md	70	KR1e0114_WYG_010-22a
018.md	71	KR1e0114_WYG_010-23a
018.md	72	KR1e0114_WYG_010-24a
018.md	73	KR1e0114_WYG_010-25a
018.md	74	KR1e0114_WYG_010-26a
018.md	75	KR1e0114_WYG_010-27a
018.md	76	KR1e0114_WYG_010-28a
018.md	77	KR1e0114_WYG_010-29a
018.md	78	KR1e0114_WYG_010-30a
018.md	79	KR1e0114_WYG_010-31a
018.md	80	KR1e0114_WYG_010-32a
018.md	81	KR1e0114_WYG_010-33a
018.md	82	KR1e0114_WYG_010-34a
018.md	83	KR1e0114_WYG_010-35a
018.md	84	KR1e0114_WYG_010-36a
018.md	85	KR1e0114_WYG_010-37a
018.md	86	KR1e0114_WYG_010-38a
018.md	87	KR1e0114_WYG_010-39a
018.md	88	KR1e0114_WYG_010-40a
018.md	89	KR1e0114_WYG_010-41a
018.md	90	KR1e0114_WYG_010-42a
018.md	91	KR1e0114_WYG_010-43a
018.md	92	KR1e0114_WYG_010-44a
018.md	93	KR1e0114_WYG_010-45a
018.md	94	KR1e0114_WYG_010-46a
018.md	102	KR1e0114_WYG_010-46b
018.md	110	KR1e0114_WYG_010-47a
018.md	118	KR1e0114_WYG_010-47b
018.md	126	KR1e0114_WYG_010-48a
018.md	134	KR1e0114_WYG_010-48b
018.md	142	KR1e0114_WYG_010-49a
018.md	150	KR1e0114_WYG_010-49b
019.md	3	KR1e0114_WYG_011-1a
019.md	11	KR1e0114_WYG_011-1b
019.md	19	KR1e0114_WYG_011-2a
019.md	27	KR1e0114_WYG_011-2b
019.md	35	KR1e0114_WYG_011-3a
019.md	43	KR1e0114_WYG_011-4a
019.md	51	KR1e0114_WYG_011-4b
019.md	58	KR1e0114_WYG_011-5a
019.md	59	KR1e0114_WYG_011-6a
019.md	67	KR1e0114_WYG_011-6b
019.md	68	KR1e0114_WYG_011-7a
019.md	69	KR1e0114_WYG_011-8a
019.md	70	KR1e0114_WYG_011-9a
019.md	71	KR1e0114_WYG_011-10a
019.md	72	KR1e0114_WYG_011-11a
019.md	73	KR1e0114_WYG_011-12a
019.md	74	KR1e0114_WYG_011-13a
019.md	82	KR1e0114_WYG_011-13b
019.md	91	KR1e0114_WYG_011-14a
019.md	92	KR1e0114_WYG_011-15a
019.md	93	KR1e0114_WYG_011-16a
019.md	94	KR1e0114_WYG_011-17a
019.md	95	KR1e0114_WYG_011-18a
019.md	96	KR1e0114_WYG_011-19a
019.md	97	KR1e0114_WYG_011-20a
019.md	98	KR1e0114_WYG_011-21a
019.md	99	KR1e0114_WYG_011-22a
019.md	100	KR1e0114_WYG_011-23a
019.md	101	KR1e0114_WYG_011-24a
019.md	102	KR1e0114_WYG_011-25a
019.md	103	KR1e0114_WYG_011-26a
019.md	104	KR1e0114_WYG_011-27a
019.md	112	KR1e0114_WYG_011-27b
019.md	120	KR1e0114_WYG_011-28a
019.md	128	KR1e0114_WYG_011-28b
019.md	136	KR1e0114_WYG_011-29a
019.md	144	KR1e0114_WYG_011-29b
019.md	152	KR1e0114_WYG_011-30a
019.md	153	KR1e0114_WYG_011-31a
019.md	161	KR1e0114_WYG_011-31b
019.md	164	KR1e0114_WYG_011-32a
019.md	165	KR1e0114_WYG_011-33a
019.md	173	KR1e0114_WYG_011-33b
019.md	181	KR1e0114_WYG_011-34a
019.md	182	KR1e0114_WYG_011-35a
019.md	183	KR1e0114_WYG_011-36a
019.md	184	KR1e0114_WYG_011-37a
019.md	192	KR1e0114_WYG_011-38a
019.md	193	KR1e0114_WYG_011-39a
019.md	194	KR1e0114_WYG_011-40a
019.md	195	KR1e0114_WYG_011-41a
019.md	196	KR1e0114_WYG_011-42a
019.md	197	KR1e0114_WYG_011-43a
019.md	198	KR1e0114_WYG_011-44a
019.md	199	KR1e0114_WYG_011-45a
019.md	200	KR1e0114_WYG_011-46a
019.md	201	KR1e0114_WYG_011-47a
019.md	202	KR1e0114_WYG_011-48a
019.md	203	KR1e0114_WYG_011-49a
019.md	204	KR1e0114_WYG_011-50a
019.md	205	KR1e0114_WYG_011-51a
019.md	206	KR1e0114_WYG_011-52a
019.md	207	KR1e0114_WYG_011-53a
019.md	208	KR1e0114_WYG_011-54a
019.md	209	KR1e0114_WYG_011-55a
019.md	210	KR1e0114_WYG_011-56a
019.md	211	KR1e0114_WYG_011-57a
019.md	212	KR1e0114_WYG_011-58a
019.md	213	KR1e0114_WYG_011-59a
019.md	214	KR1e0114_WYG_011-60a
019.md	215	KR1e0114_WYG_011-61a
019.md	216	KR1e0114_WYG_011-62a
019.md	217	KR1e0114_WYG_011-63a
019.md	218	KR1e0114_WYG_011-64a
019.md	219	KR1e0114_WYG_011-65a
019.md	220	KR1e0114_WYG_011-66a
019.md	221	KR1e0114_WYG_011-67a
019.md	222	KR1e0114_WYG_011-68a
019.md	223	KR1e0114_WYG_011-69a
019.md	224	KR1e0114_WYG_011-70a
019.md	225	KR1e0114_WYG_011-71a
019.md	226	KR1e0114_WYG_011-72a
019.md	227	KR1e0114_WYG_011-73a
019.md	235	KR1e0114_WYG_011-73b
020.md	3	KR1e0114_WYG_012-1a
020.md	8	KR1e0114_WYG_012-2a
020.md	9	KR1e0114_WYG_012-3a
020.md	10	KR1e0114_WYG_012-4a
020.md	11	KR1e0114_WYG_012-5a
020.md	12	KR1e0114_WYG_012-6a
020.md	13	KR1e0114_WYG_012-7a
020.md	14	KR1e0114_WYG_012-8a
020.md	15	KR1e0114_WYG_012-9a
020.md	16	KR1e0114_WYG_012-10a
020.md	17	KR1e0114_WYG_012-11a
020.md	18	KR1e0114_WYG_012-12a
020.md	19	KR1e0114_WYG_012-13a
020.md	20	KR1e0114_WYG_012-14a
020.md	21	KR1e0114_WYG_012-15a
020.md	22	KR1e0114_WYG_012-16a
020.md	23	KR1e0114_WYG_012-17a
020.md	24	KR1e0114_WYG_012-18a
020.md	25	KR1e0114_WYG_012-19a
020.md	26	KR1e0114_WYG_012-20a
020.md	34	KR1e0114_WYG_012-20b
020.md	42	KR1e0114_WYG_012-21a
020.md	43	KR1e0114_WYG_012-22a
020.md	44	KR1e0114_WYG_012-23a
020.md	45	KR1e0114_WYG_012-24a
020.md	46	KR1e0114_WYG_012-25a
020.md	47	KR1e0114_WYG_012-26a
020.md	55	KR1e0114_WYG_012-26b
020.md	56	KR1e0114_WYG_012-27a
020.md	57	KR1e0114_WYG_012-28a
020.md	65	KR1e0114_WYG_012-28b
020.md	73	KR1e0114_WYG_012-29a
020.md	81	KR1e0114_WYG_012-29b
020.md	89	KR1e0114_WYG_012-30a
020.md	90	KR1e0114_WYG_012-31a
020.md	91	KR1e0114_WYG_012-32a
020.md	92	KR1e0114_WYG_012-33a
020.md	93	KR1e0114_WYG_012-34a
020.md	94	KR1e0114_WYG_012-35a
020.md	95	KR1e0114_WYG_012-36a
020.md	96	KR1e0114_WYG_012-37a
020.md	97	KR1e0114_WYG_012-38a
020.md	98	KR1e0114_WYG_012-39a
020.md	99	KR1e0114_WYG_012-40a
020.md	100	KR1e0114_WYG_012-41a
020.md	101	KR1e0114_WYG_012-42a
020.md	102	KR1e0114_WYG_012-43a
020.md	103	KR1e0114_WYG_012-44a
020.md	104	KR1e0114_WYG_012-45a
020.md	105	KR1e0114_WYG_012-46a
020.md	106	KR1e0114_WYG_012-47a
020.md	107	KR1e0114_WYG_012-48a
020.md	108	KR1e0114_WYG_012-49a
020.md	109	KR1e0114_WYG_012-50a
020.md	110	KR1e0114_WYG_012-51a
020.md	111	KR1e0114_WYG_012-52a
020.md	119	KR1e0114_WYG_012-52b
021.md	3	KR1e0114_WYG_013-1a
021.md	11	KR1e0114_WYG_013-1b
021.md	19	KR1e0114_WYG_013-2a
021.md	27	KR1e0114_WYG_013-2b
021.md	35	KR1e0114_WYG_013-3a
021.md	43	KR1e0114_WYG_013-3b
021.md	46	KR1e0114_WYG_013-4a
021.md	54	KR1e0114_WYG_013-4b
021.md	58	KR1e0114_WYG_013-5a
021.md	59	KR1e0114_WYG_013-6a
021.md	60	KR1e0114_WYG_013-7a
021.md	65	KR1e0114_WYG_013-8a
021.md	66	KR1e0114_WYG_013-9a
021.md	67	KR1e0114_WYG_013-10a
021.md	68	KR1e0114_WYG_013-11a
021.md	69	KR1e0114_WYG_013-12a
021.md	70	KR1e0114_WYG_013-13a
021.md	71	KR1e0114_WYG_013-14a
021.md	72	KR1e0114_WYG_013-15a
021.md	73	KR1e0114_WYG_013-16a
021.md	74	KR1e0114_WYG_013-17a
021.md	78	KR1e0114_WYG_013-18a
021.md	86	KR1e0114_WYG_013-18b
021.md	88	KR1e0114_WYG_013-19a
021.md	96	KR1e0114_WYG_013-19b
021.md	104	KR1e0114_WYG_013-20a
021.md	105	KR1e0114_WYG_013-21a
021.md	106	KR1e0114_WYG_013-22a
021.md	107	KR1e0114_WYG_013-23a
021.md	115	KR1e0114_WYG_013-23b
021.md	121	KR1e0114_WYG_013-24a
021.md	129	KR1e0114_WYG_013-25a
021.md	130	KR1e0114_WYG_013-26a
021.md	138	KR1e0114_WYG_013-26b
021.md	145	KR1e0114_WYG_013-27a
021.md	146	KR1e0114_WYG_013-28a
021.md	147	KR1e0114_WYG_013-29a
021.md	148	KR1e0114_WYG_013-30a
021.md	149	KR1e0114_WYG_013-31a
021.md	150	KR1e0114_WYG_013-32a
021.md	158	KR1e0114_WYG_013-32b
021.md	166	KR1e0114_WYG_013-33a
021.md	172	KR1e0114_WYG_013-34a
021.md	173	KR1e0114_WYG_013-35a
021.md	181	KR1e0114_WYG_013-35b
021.md	183	KR1e0114_WYG_013-36a
021.md	184	KR1e0114_WYG_013-37a
021.md	185	KR1e0114_WYG_013-38a
021.md	186	KR1e0114_WYG_013-39a
021.md	187	KR1e0114_WYG_013-40a
021.md	188	KR1e0114_WYG_013-41a
021.md	196	KR1e0114_WYG_013-41b
021.md	204	KR1e0114_WYG_013-42a
021.md	212	KR1e0114_WYG_013-42b
021.md	218	KR1e0114_WYG_013-43a
021.md	226	KR1e0114_WYG_013-43b
022.md	3	KR1e0114_WYG_014-1a
022.md	11	KR1e0114_WYG_014-1b
022.md	19	KR1e0114_WYG_014-2a
022.md	27	KR1e0114_WYG_014-2b
022.md	33	KR1e0114_WYG_014-3a
022.md	34	KR1e0114_WYG_014-4a
022.md	35	KR1e0114_WYG_014-5a
022.md	36	KR1e0114_WYG_014-6a
022.md	37	KR1e0114_WYG_014-7a
022.md	38	KR1e0114_WYG_014-8a
022.md	46	KR1e0114_WYG_014-8b
022.md	54	KR1e0114_WYG_014-9a
022.md	62	KR1e0114_WYG_014-9b
022.md	70	KR1e0114_WYG_014-10a
022.md	78	KR1e0114_WYG_014-10b
022.md	86	KR1e0114_WYG_014-11a
022.md	94	KR1e0114_WYG_014-11b
023.md	3	KR1e0114_WYG_015-1a
023.md	11	KR1e0114_WYG_015-1b
023.md	19	KR1e0114_WYG_015-2a
023.md	27	KR1e0114_WYG_015-2b
023.md	35	KR1e0114_WYG_015-3a
023.md	43	KR1e0114_WYG_015-3b
023.md	51	KR1e0114_WYG_015-4a
023.md	54	KR1e0114_WYG_015-5a
023.md	55	KR1e0114_WYG_015-6a
023.md	63	KR1e0114_WYG_015-6b
023.md	71	KR1e0114_WYG_015-7a
023.md	79	KR1e0114_WYG_015-7b
023.md	87	KR1e0114_WYG_015-8a
023.md	88	KR1e0114_WYG_015-9a
023.md	89	KR1e0114_WYG_015-10a
023.md	90	KR1e0114_WYG_015-11a
023.md	98	KR1e0114_WYG_015-11b
023.md	100	KR1e0114_WYG_015-12a
023.md	101	KR1e0114_WYG_015-13a
023.md	109	KR1e0114_WYG_015-13b
023.md	117	KR1e0114_WYG_015-14a
023.md	121	KR1e0114_WYG_015-15a
023.md	126	KR1e0114_WYG_015-16a
023.md	134	KR1e0114_WYG_015-17a
023.md	142	KR1e0114_WYG_015-17b
023.md	150	KR1e0114_WYG_015-18a
023.md	152	KR1e0114_WYG_015-19a
023.md	153	KR1e0114_WYG_015-20a
023.md	154	KR1e0114_WYG_015-21a
023.md	162	KR1e0114_WYG_015-21b
023.md	170	KR1e0114_WYG_015-22a
023.md	178	KR1e0114_WYG_015-22b
023.md	180	KR1e0114_WYG_015-23a
023.md	181	KR1e0114_WYG_015-24a
023.md	182	KR1e0114_WYG_015-25a
023.md	183	KR1e0114_WYG_015-26a
023.md	184	KR1e0114_WYG_015-27a
023.md	185	KR1e0114_WYG_015-28a
023.md	186	KR1e0114_WYG_015-29a
023.md	187	KR1e0114_WYG_015-30a
023.md	188	KR1e0114_WYG_015-31a
023.md	189	KR1e0114_WYG_015-32a
023.md	190	KR1e0114_WYG_015-33a
023.md	198	KR1e0114_WYG_015-33b
023.md	206	KR1e0114_WYG_015-34a
023.md	214	KR1e0114_WYG_015-34b
023.md	222	KR1e0114_WYG_015-35a
023.md	230	KR1e0114_WYG_015-35b
023.md	238	KR1e0114_WYG_015-36a
023.md	246	KR1e0114_WYG_015-36b
023.md	254	KR1e0114_WYG_015-37a
023.md	262	KR1e0114_WYG_015-37b
023.md	270	KR1e0114_WYG_015-38a
023.md	278	KR1e0114_WYG_015-38b
023.md	286	KR1e0114_WYG_015-39a
023.md	294	KR1e0114_WYG_015-39b
023.md	302	KR1e0114_WYG_015-40a
023.md	310	KR1e0114_WYG_015-40b
023.md	318	KR1e0114_WYG_015-41a
023.md	326	KR1e0114_WYG_015-41b
023.md	334	KR1e0114_WYG_015-42a
023.md	342	KR1e0114_WYG_015-42b
023.md	350	KR1e0114_WYG_015-43a
023.md	358	KR1e0114_WYG_015-43b
023.md	366	KR1e0114_WYG_015-44a
023.md	374	KR1e0114_WYG_015-44b
023.md	382	KR1e0114_WYG_015-45a
023.md	390	KR1e0114_WYG_015-45b
023.md	398	KR1e0114_WYG_015-46a
023.md	406	KR1e0114_WYG_015-46b
023.md	414	KR1e0114_WYG_015-47a
023.md	422	KR1e0114_WYG_015-47b
023.md	430	KR1e0114_WYG_015-48a
023.md	438	KR1e0114_WYG_015-48b
023.md	446	KR1e0114_WYG_015-49a
023.md	454	KR1e0114_WYG_015-49b
023.md	462	KR1e0114_WYG_015-50a
023.md	470	KR1e0114_WYG_015-50b
023.md	478	KR1e0114_WYG_015-51a
023.md	486	KR1e0114_WYG_015-51b
023.md	494	KR1e0114_WYG_015-52a
023.md	502	KR1e0114_WYG_015-52b
023.md	510	KR1e0114_WYG_015-53a
023.md	518	KR1e0114_WYG_015-53b
023.md	526	KR1e0114_WYG_015-54a
023.md	534	KR1e0114_WYG_015-54b
023.md	542	KR1e0114_WYG_015-55a
023.md	550	KR1e0114_WYG_015-55b
023.md	558	KR1e0114_WYG_015-56a
023.md	566	KR1e0114_WYG_015-56b
023.md	574	KR1e0114_WYG_015-57a
023.md	582	KR1e0114_WYG_015-57b
024.md	3	KR1e0114_WYG_016-1a
024.md	11	KR1e0114_WYG_016-1b
024.md	19	KR1e0114_WYG_016-2a
024.md	27	KR1e0114_WYG_016-2b
024.md	35	KR1e0114_WYG_016-3a
024.md	43	KR1e0114_WYG_016-3b
024.md	49	KR1e0114_WYG_016-4a
024.md	50	KR1e0114_WYG_016-5a
024.md	51	KR1e0114_WYG_016-6a
024.md	52	KR1e0114_WYG_016-7a
024.md	60	KR1e0114_WYG_016-7b
024.md	62	KR1e0114_WYG_016-8a
024.md	63	KR1e0114_WYG_016-9a
024.md	71	KR1e0114_WYG_016-9b
024.md	73	KR1e0114_WYG_016-10a
024.md	74	KR1e0114_WYG_016-11a
024.md	82	KR1e0114_WYG_016-11b
024.md	89	KR1e0114_WYG_016-12a
024.md	90	KR1e0114_WYG_016-13a
024.md	98	KR1e0114_WYG_016-13b
024.md	106	KR1e0114_WYG_016-14a
024.md	114	KR1e0114_WYG_016-14b
024.md	122	KR1e0114_WYG_016-15a
024.md	123	KR1e0114_WYG_016-16a
024.md	124	KR1e0114_WYG_016-17a
024.md	125	KR1e0114_WYG_016-18a
024.md	126	KR1e0114_WYG_016-19a
024.md	127	KR1e0114_WYG_016-20a
024.md	128	KR1e0114_WYG_016-21a
024.md	136	KR1e0114_WYG_016-21b
024.md	142	KR1e0114_WYG_016-22a
024.md	143	KR1e0114_WYG_016-23a
024.md	144	KR1e0114_WYG_016-24a
024.md	152	KR1e0114_WYG_016-24b
024.md	158	KR1e0114_WYG_016-25a
024.md	159	KR1e0114_WYG_016-26a
024.md	160	KR1e0114_WYG_016-27a
024.md	161	KR1e0114_WYG_016-28a
024.md	162	KR1e0114_WYG_016-29a
024.md	163	KR1e0114_WYG_016-30a
024.md	164	KR1e0114_WYG_016-31a
024.md	165	KR1e0114_WYG_016-32a
024.md	166	KR1e0114_WYG_016-33a
024.md	167	KR1e0114_WYG_016-34a
024.md	168	KR1e0114_WYG_016-35a
024.md	169	KR1e0114_WYG_016-36a
024.md	177	KR1e0114_WYG_016-36b
024.md	185	KR1e0114_WYG_016-37a
024.md	186	KR1e0114_WYG_016-38a
024.md	187	KR1e0114_WYG_016-39a
024.md	188	KR1e0114_WYG_016-40a
024.md	189	KR1e0114_WYG_016-41a
024.md	190	KR1e0114_WYG_016-42a
024.md	198	KR1e0114_WYG_016-42b
024.md	201	KR1e0114_WYG_016-43a
024.md	202	KR1e0114_WYG_016-44a
024.md	210	KR1e0114_WYG_016-44b
024.md	213	KR1e0114_WYG_016-45a
024.md	221	KR1e0114_WYG_016-45b
024.md	229	KR1e0114_WYG_016-46a
024.md	235	KR1e0114_WYG_016-47a
024.md	243	KR1e0114_WYG_016-47b
024.md	247	KR1e0114_WYG_016-48a
024.md	255	KR1e0114_WYG_016-49a
024.md	256	KR1e0114_WYG_016-50a
024.md	257	KR1e0114_WYG_016-51a
024.md	265	KR1e0114_WYG_016-51b
024.md	273	KR1e0114_WYG_016-52a
024.md	281	KR1e0114_WYG_016-52b
024.md	288	KR1e0114_WYG_016-53a
024.md	289	KR1e0114_WYG_016-54a
024.md	290	KR1e0114_WYG_016-55a
024.md	291	KR1e0114_WYG_016-56a
024.md	299	KR1e0114_WYG_016-56b
024.md	307	KR1e0114_WYG_016-57a
024.md	308	KR1e0114_WYG_016-58a
024.md	316	KR1e0114_WYG_016-58b
024.md	324	KR1e0114_WYG_016-59a
024.md	328	KR1e0114_WYG_016-60a
024.md	329	KR1e0114_WYG_016-61a
024.md	337	KR1e0114_WYG_016-61b
024.md	339	KR1e0114_WYG_016-62a
024.md	347	KR1e0114_WYG_016-62b
024.md	348	KR1e0114_WYG_016-63a
024.md	349	KR1e0114_WYG_016-64a
024.md	357	KR1e0114_WYG_016-64b
024.md	366	KR1e0114_WYG_016-65a
024.md	374	KR1e0114_WYG_016-65b
024.md	382	KR1e0114_WYG_016-66a
024.md	390	KR1e0114_WYG_016-66b
024.md	398	KR1e0114_WYG_016-67a
024.md	406	KR1e0114_WYG_016-67b
024.md	414	KR1e0114_WYG_016-68a
024.md	422	KR1e0114_WYG_016-68b
024.md	430	KR1e0114_WYG_016-69a
024.md	438	KR1e0114_WYG_016-69b
024.md	446	KR1e0114_WYG_016-70a
024.md	454	KR1e0114_WYG_016-70b
024.md	462	KR1e0114_WYG_016-71a
024.md	470	KR1e0114_WYG_016-71b
024.md	478	KR1e0114_WYG_016-72a
024.md	486	KR1e0114_WYG_016-72b
024.md	494	KR1e0114_WYG_016-73a
024.md	502	KR1e0114_WYG_016-73b
024.md	510	KR1e0114_WYG_016-74a
024.md	518	KR1e0114_WYG_016-74b
024.md	526	KR1e0114_WYG_016-75a
024.md	534	KR1e0114_WYG_016-75b
024.md	542	KR1e0114_WYG_016-76a
024.md	550	KR1e0114_WYG_016-76b
024.md	558	KR1e0114_WYG_016-77a
024.md	566	KR1e0114_WYG_016-77b
024.md	574	KR1e0114_WYG_016-78a
024.md	582	KR1e0114_WYG_016-78b
024.md	590	KR1e0114_WYG_016-79a
024.md	598	KR1e0114_WYG_016-79b
025.md	3	KR1e0114_WYG_017-1a
025.md	11	KR1e0114_WYG_017-1b
025.md	19	KR1e0114_WYG_017-2a
025.md	27	KR1e0114_WYG_017-2b
025.md	35	KR1e0114_WYG_017-3a
025.md	43	KR1e0114_WYG_017-3b
025.md	50	KR1e0114_WYG_017-4a
025.md	51	KR1e0114_WYG_017-5a
025.md	59	KR1e0114_WYG_017-5b
025.md	67	KR1e0114_WYG_017-6a
025.md	68	KR1e0114_WYG_017-7a
025.md	69	KR1e0114_WYG_017-8a
025.md	70	KR1e0114_WYG_017-9a
025.md	71	KR1e0114_WYG_017-10a
025.md	72	KR1e0114_WYG_017-11a
025.md	73	KR1e0114_WYG_017-12a
025.md	81	KR1e0114_WYG_017-12b
025.md	87	KR1e0114_WYG_017-13a
025.md	88	KR1e0114_WYG_017-14a
025.md	96	KR1e0114_WYG_017-14b
025.md	105	KR1e0114_WYG_017-15a
025.md	106	KR1e0114_WYG_017-16a
025.md	107	KR1e0114_WYG_017-17a
025.md	108	KR1e0114_WYG_017-18a
025.md	109	KR1e0114_WYG_017-19a
025.md	110	KR1e0114_WYG_017-20a
025.md	118	KR1e0114_WYG_017-20b
025.md	126	KR1e0114_WYG_017-21a
025.md	127	KR1e0114_WYG_017-22a
025.md	135	KR1e0114_WYG_017-22b
025.md	144	KR1e0114_WYG_017-23a
025.md	152	KR1e0114_WYG_017-23b
025.md	154	KR1e0114_WYG_017-24a
025.md	162	KR1e0114_WYG_017-24b
025.md	164	KR1e0114_WYG_017-25a
025.md	165	KR1e0114_WYG_017-26a
025.md	173	KR1e0114_WYG_017-26b
025.md	181	KR1e0114_WYG_017-27a
025.md	185	KR1e0114_WYG_017-28a
025.md	186	KR1e0114_WYG_017-29a
025.md	187	KR1e0114_WYG_017-30a
025.md	195	KR1e0114_WYG_017-30b
025.md	201	KR1e0114_WYG_017-31a
025.md	209	KR1e0114_WYG_017-31b
025.md	211	KR1e0114_WYG_017-32a
025.md	219	KR1e0114_WYG_017-33a
025.md	227	KR1e0114_WYG_017-33b
026.md	3	KR1e0114_WYG_017-34a
026.md	11	KR1e0114_WYG_017-35a
026.md	12	KR1e0114_WYG_017-36a
026.md	13	KR1e0114_WYG_017-37a
026.md	14	KR1e0114_WYG_017-38a
026.md	22	KR1e0114_WYG_017-39a
026.md	30	KR1e0114_WYG_017-39b
026.md	32	KR1e0114_WYG_017-40a
026.md	40	KR1e0114_WYG_017-40b
026.md	48	KR1e0114_WYG_017-41a
026.md	56	KR1e0114_WYG_017-41b
026.md	62	KR1e0114_WYG_017-42a
026.md	70	KR1e0114_WYG_017-42b
026.md	78	KR1e0114_WYG_017-43a
026.md	85	KR1e0114_WYG_017-44a
026.md	86	KR1e0114_WYG_017-45a
026.md	87	KR1e0114_WYG_017-46a
026.md	95	KR1e0114_WYG_017-46b
026.md	99	KR1e0114_WYG_017-47a
026.md	104	KR1e0114_WYG_017-48a
026.md	112	KR1e0114_WYG_017-48b
026.md	118	KR1e0114_WYG_017-49a
026.md	126	KR1e0114_WYG_017-49b
026.md	131	KR1e0114_WYG_017-50a
026.md	132	KR1e0114_WYG_017-51a
026.md	140	KR1e0114_WYG_017-51b
026.md	148	KR1e0114_WYG_017-52a
026.md	156	KR1e0114_WYG_017-52b
026.md	164	KR1e0114_WYG_017-53a
026.md	165	KR1e0114_WYG_017-54a
026.md	166	KR1e0114_WYG_017-55a
026.md	174	KR1e0114_WYG_017-55b
026.md	179	KR1e0114_WYG_017-56a
026.md	187	KR1e0114_WYG_017-56b
026.md	195	KR1e0114_WYG_017-57a
026.md	198	KR1e0114_WYG_017-58a
026.md	206	KR1e0114_WYG_017-58b
026.md	214	KR1e0114_WYG_017-59a
026.md	222	KR1e0114_WYG_017-60a
026.md	223	KR1e0114_WYG_017-61a
026.md	231	KR1e0114_WYG_017-61b
026.md	236	KR1e0114_WYG_017-62a
026.md	237	KR1e0114_WYG_017-63a
026.md	245	KR1e0114_WYG_017-63b
026.md	253	KR1e0114_WYG_017-64a
026.md	261	KR1e0114_WYG_017-64b
026.md	269	KR1e0114_WYG_017-65a
026.md	277	KR1e0114_WYG_017-65b
026.md	279	KR1e0114_WYG_017-66a
026.md	287	KR1e0114_WYG_017-66b
027.md	3	KR1e0114_WYG_018-1a
027.md	11	KR1e0114_WYG_018-1b
027.md	19	KR1e0114_WYG_018-2a
027.md	27	KR1e0114_WYG_018-2b
027.md	32	KR1e0114_WYG_018-3a
027.md	33	KR1e0114_WYG_018-4a
027.md	41	KR1e0114_WYG_018-4b
027.md	43	KR1e0114_WYG_018-5a
027.md	51	KR1e0114_WYG_018-5b
027.md	54	KR1e0114_WYG_018-6a
027.md	62	KR1e0114_WYG_018-6b
027.md	70	KR1e0114_WYG_018-7a
027.md	78	KR1e0114_WYG_018-7b
027.md	82	KR1e0114_WYG_018-8a
027.md	90	KR1e0114_WYG_018-8b
028.md	3	KR1e0114_WYG_019-1a
028.md	11	KR1e0114_WYG_019-1b
028.md	19	KR1e0114_WYG_019-2a
028.md	27	KR1e0114_WYG_019-2b
028.md	35	KR1e0114_WYG_019-3a
028.md	43	KR1e0114_WYG_019-3b
028.md	51	KR1e0114_WYG_019-4a
028.md	59	KR1e0114_WYG_019-4b
028.md	67	KR1e0114_WYG_019-5a
028.md	75	KR1e0114_WYG_019-6a
028.md	76	KR1e0114_WYG_019-7a
028.md	84	KR1e0114_WYG_019-7b
028.md	92	KR1e0114_WYG_019-8a
028.md	100	KR1e0114_WYG_019-8b
028.md	104	KR1e0114_WYG_019-9a
028.md	105	KR1e0114_WYG_019-10a
028.md	106	KR1e0114_WYG_019-11a
028.md	107	KR1e0114_WYG_019-12a
028.md	115	KR1e0114_WYG_019-12b
028.md	116	KR1e0114_WYG_019-13a
028.md	124	KR1e0114_WYG_019-13b
028.md	132	KR1e0114_WYG_019-14a
028.md	140	KR1e0114_WYG_019-14b
028.md	148	KR1e0114_WYG_019-15a
028.md	156	KR1e0114_WYG_019-15b
029.md	3	KR1e0114_WYG_019-16a
029.md	11	KR1e0114_WYG_019-16b
029.md	19	KR1e0114_WYG_019-17a
029.md	27	KR1e0114_WYG_019-17b
029.md	35	KR1e0114_WYG_019-18a
029.md	43	KR1e0114_WYG_019-18b
029.md	51	KR1e0114_WYG_019-19a
029.md	59	KR1e0114_WYG_019-19b
029.md	67	KR1e0114_WYG_019-20a
029.md	75	KR1e0114_WYG_019-20b
029.md	83	KR1e0114_WYG_019-21a
029.md	91	KR1e0114_WYG_019-21b
029.md	99	KR1e0114_WYG_019-22a
029.md	107	KR1e0114_WYG_019-22b
029.md	115	KR1e0114_WYG_019-23a
029.md	123	KR1e0114_WYG_019-23b
029.md	131	KR1e0114_WYG_019-24a
029.md	139	KR1e0114_WYG_019-24b
029.md	147	KR1e0114_WYG_019-25a
029.md	155	KR1e0114_WYG_019-25b
029.md	163	KR1e0114_WYG_019-26a
029.md	171	KR1e0114_WYG_019-26b
029.md	179	KR1e0114_WYG_019-27a
029.md	187	KR1e0114_WYG_019-27b
029.md	195	KR1e0114_WYG_019-28a
029.md	203	KR1e0114_WYG_019-28b
029.md	211	KR1e0114_WYG_019-29a
029.md	219	KR1e0114_WYG_019-29b
029.md	227	KR1e0114_WYG_019-30a
029.md	235	KR1e0114_WYG_019-30b
029.md	243	KR1e0114_WYG_019-31a
029.md	251	KR1e0114_WYG_019-31b
029.md	259	KR1e0114_WYG_019-32a
029.md	267	KR1e0114_WYG_019-32b
029.md	275	KR1e0114_WYG_019-33a
029.md	283	KR1e0114_WYG_019-33b
029.md	291	KR1e0114_WYG_019-34a
029.md	299	KR1e0114_WYG_019-34b
029.md	307	KR1e0114_WYG_019-35a
029.md	315	KR1e0114_WYG_019-35b
029.md	323	KR1e0114_WYG_019-36a
029.md	331	KR1e0114_WYG_019-36b
029.md	339	KR1e0114_WYG_019-37a
029.md	347	KR1e0114_WYG_019-37b
030.md	3	KR1e0114_WYG_020-1a
030.md	11	KR1e0114_WYG_020-1b
030.md	19	KR1e0114_WYG_020-2a
030.md	27	KR1e0114_WYG_020-2b
030.md	34	KR1e0114_WYG_020-3a
030.md	35	KR1e0114_WYG_020-4a
030.md	36	KR1e0114_WYG_020-5a
030.md	37	KR1e0114_WYG_020-6a
030.md	38	KR1e0114_WYG_020-7a
030.md	39	KR1e0114_WYG_020-8a
030.md	40	KR1e0114_WYG_020-9a
030.md	41	KR1e0114_WYG_020-10a
030.md	42	KR1e0114_WYG_020-11a
030.md	43	KR1e0114_WYG_020-12a
030.md	44	KR1e0114_WYG_020-13a
030.md	45	KR1e0114_WYG_020-14a
030.md	46	KR1e0114_WYG_020-15a
030.md	47	KR1e0114_WYG_020-16a
030.md	48	KR1e0114_WYG_020-17a
030.md	49	KR1e0114_WYG_020-18a
030.md	50	KR1e0114_WYG_020-19a
030.md	51	KR1e0114_WYG_020-20a
030.md	52	KR1e0114_WYG_020-21a
030.md	53	KR1e0114_WYG_020-22a
030.md	54	KR1e0114_WYG_020-23a
030.md	55	KR1e0114_WYG_020-24a
030.md	56	KR1e0114_WYG_020-25a
030.md	57	KR1e0114_WYG_020-26a
030.md	58	KR1e0114_WYG_020-27a
030.md	59	KR1e0114_WYG_020-28a
030.md	60	KR1e0114_WYG_020-29a
030.md	61	KR1e0114_WYG_020-30a
030.md	62	KR1e0114_WYG_020-31a
030.md	63	KR1e0114_WYG_020-32a
030.md	64	KR1e0114_WYG_020-33a
030.md	65	KR1e0114_WYG_020-34a
030.md	66	KR1e0114_WYG_020-35a
030.md	67	KR1e0114_WYG_020-36a
030.md	68	KR1e0114_WYG_020-37a
030.md	69	KR1e0114_WYG_020-38a
030.md	70	KR1e0114_WYG_020-39a
030.md	71	KR1e0114_WYG_020-40a
030.md	72	KR1e0114_WYG_020-41a
030.md	80	KR1e0114_WYG_020-41b
030.md	88	KR1e0114_WYG_020-42a
030.md	96	KR1e0114_WYG_020-42b
031.md	3	KR1e0114_WYG_021-1a
031.md	11	KR1e0114_WYG_021-1b
031.md	19	KR1e0114_WYG_021-2a
031.md	27	KR1e0114_WYG_021-2b
031.md	35	KR1e0114_WYG_021-3a
031.md	43	KR1e0114_WYG_021-3b
031.md	51	KR1e0114_WYG_021-4a
031.md	59	KR1e0114_WYG_021-4b
031.md	64	KR1e0114_WYG_021-5a
031.md	65	KR1e0114_WYG_021-6a
031.md	66	KR1e0114_WYG_021-7a
031.md	67	KR1e0114_WYG_021-8a
031.md	68	KR1e0114_WYG_021-9a
031.md	69	KR1e0114_WYG_021-10a
031.md	70	KR1e0114_WYG_021-11a
031.md	71	KR1e0114_WYG_021-12a
031.md	72	KR1e0114_WYG_021-13a
031.md	73	KR1e0114_WYG_021-14a
031.md	74	KR1e0114_WYG_021-15a
031.md	75	KR1e0114_WYG_021-16a
031.md	76	KR1e0114_WYG_021-17a
031.md	77	KR1e0114_WYG_021-18a
031.md	78	KR1e0114_WYG_021-19a
031.md	79	KR1e0114_WYG_021-20a
031.md	80	KR1e0114_WYG_021-21a
031.md	81	KR1e0114_WYG_021-22a
031.md	82	KR1e0114_WYG_021-23a
031.md	83	KR1e0114_WYG_021-24a
031.md	84	KR1e0114_WYG_021-25a
031.md	85	KR1e0114_WYG_021-26a
031.md	86	KR1e0114_WYG_021-27a
031.md	87	KR1e0114_WYG_021-28a
031.md	88	KR1e0114_WYG_021-29a
031.md	89	KR1e0114_WYG_021-30a
031.md	90	KR1e0114_WYG_021-31a
031.md	91	KR1e0114_WYG_021-32a
031.md	92	KR1e0114_WYG_021-33a
031.md	93	KR1e0114_WYG_021-34a
031.md	94	KR1e0114_WYG_021-35a
031.md	95	KR1e0114_WYG_021-36a
031.md	96	KR1e0114_WYG_021-37a
031.md	97	KR1e0114_WYG_021-38a
031.md	98	KR1e0114_WYG_021-39a
031.md	99	KR1e0114_WYG_021-40a
031.md	100	KR1e0114_WYG_021-41a
031.md	101	KR1e0114_WYG_021-42a
031.md	102	KR1e0114_WYG_021-43a
031.md	103	KR1e0114_WYG_021-44a
031.md	104	KR1e0114_WYG_021-45a
031.md	105	KR1e0114_WYG_021-46a
031.md	106	KR1e0114_WYG_021-47a
031.md	107	KR1e0114_WYG_021-48a
031.md	108	KR1e0114_WYG_021-49a
031.md	109	KR1e0114_WYG_021-50a
031.md	110	KR1e0114_WYG_021-51a
031.md	111	KR1e0114_WYG_021-52a
031.md	112	KR1e0114_WYG_021-53a
031.md	113	KR1e0114_WYG_021-54a
031.md	114	KR1e0114_WYG_021-55a
031.md	115	KR1e0114_WYG_021-56a
031.md	116	KR1e0114_WYG_021-57a
031.md	124	KR1e0114_WYG_021-57b
031.md	132	KR1e0114_WYG_021-58a
031.md	140	KR1e0114_WYG_021-58b
031.md	148	KR1e0114_WYG_021-59a
031.md	156	KR1e0114_WYG_021-59b
031.md	164	KR1e0114_WYG_021-60a
031.md	172	KR1e0114_WYG_021-60b
031.md	180	KR1e0114_WYG_021-61a
031.md	188	KR1e0114_WYG_021-61b
032.md	3	KR1e0114_WYG_022-1a
032.md	11	KR1e0114_WYG_022-1b
032.md	19	KR1e0114_WYG_022-2a
032.md	27	KR1e0114_WYG_022-2b
032.md	35	KR1e0114_WYG_022-3a
032.md	39	KR1e0114_WYG_022-4a
032.md	40	KR1e0114_WYG_022-5a
032.md	41	KR1e0114_WYG_022-6a
032.md	42	KR1e0114_WYG_022-7a
032.md	43	KR1e0114_WYG_022-8a
032.md	44	KR1e0114_WYG_022-9a
032.md	45	KR1e0114_WYG_022-10a
032.md	46	KR1e0114_WYG_022-11a
032.md	47	KR1e0114_WYG_022-12a
032.md	48	KR1e0114_WYG_022-13a
032.md	49	KR1e0114_WYG_022-14a
032.md	50	KR1e0114_WYG_022-15a
032.md	51	KR1e0114_WYG_022-16a
032.md	52	KR1e0114_WYG_022-17a
032.md	53	KR1e0114_WYG_022-18a
032.md	54	KR1e0114_WYG_022-19a
032.md	55	KR1e0114_WYG_022-20a
032.md	56	KR1e0114_WYG_022-21a
032.md	57	KR1e0114_WYG_022-22a
032.md	58	KR1e0114_WYG_022-23a
032.md	59	KR1e0114_WYG_022-24a
032.md	60	KR1e0114_WYG_022-25a
032.md	61	KR1e0114_WYG_022-26a
032.md	62	KR1e0114_WYG_022-27a
032.md	63	KR1e0114_WYG_022-28a
032.md	64	KR1e0114_WYG_022-29a
032.md	65	KR1e0114_WYG_022-30a
032.md	66	KR1e0114_WYG_022-31a
032.md	67	KR1e0114_WYG_022-32a
032.md	68	KR1e0114_WYG_022-33a
032.md	76	KR1e0114_WYG_022-33b
033.md	3	KR1e0114_WYG_023-1a
033.md	11	KR1e0114_WYG_023-1b
033.md	19	KR1e0114_WYG_023-2a
033.md	24	KR1e0114_WYG_023-3a
033.md	25	KR1e0114_WYG_023-4a
033.md	26	KR1e0114_WYG_023-5a
033.md	27	KR1e0114_WYG_023-6a
033.md	28	KR1e0114_WYG_023-7a
033.md	29	KR1e0114_WYG_023-8a
033.md	30	KR1e0114_WYG_023-9a
033.md	31	KR1e0114_WYG_023-10a
033.md	32	KR1e0114_WYG_023-11a
033.md	33	KR1e0114_WYG_023-12a
033.md	34	KR1e0114_WYG_023-13a
033.md	35	KR1e0114_WYG_023-14a
033.md	36	KR1e0114_WYG_023-15a
033.md	37	KR1e0114_WYG_023-16a
033.md	38	KR1e0114_WYG_023-17a
033.md	39	KR1e0114_WYG_023-18a
033.md	40	KR1e0114_WYG_023-19a
033.md	41	KR1e0114_WYG_023-20a
033.md	42	KR1e0114_WYG_023-21a
033.md	43	KR1e0114_WYG_023-22a
033.md	44	KR1e0114_WYG_023-23a
033.md	45	KR1e0114_WYG_023-24a
033.md	46	KR1e0114_WYG_023-25a
033.md	47	KR1e0114_WYG_023-26a
033.md	48	KR1e0114_WYG_023-27a
033.md	49	KR1e0114_WYG_023-28a
033.md	50	KR1e0114_WYG_023-29a
033.md	58	KR1e0114_WYG_023-29b
033.md	66	KR1e0114_WYG_023-30a
033.md	74	KR1e0114_WYG_023-30b
033.md	82	KR1e0114_WYG_023-31a
033.md	90	KR1e0114_WYG_023-31b
033.md	98	KR1e0114_WYG_023-32a
033.md	106	KR1e0114_WYG_023-32b
033.md	114	KR1e0114_WYG_023-33a
033.md	122	KR1e0114_WYG_023-33b
034.md	3	KR1e0114_WYG_024-1a
034.md	11	KR1e0114_WYG_024-1b
034.md	19	KR1e0114_WYG_024-2a
034.md	24	KR1e0114_WYG_024-3a
034.md	25	KR1e0114_WYG_024-4a
034.md	26	KR1e0114_WYG_024-5a
034.md	27	KR1e0114_WYG_024-6a
034.md	28	KR1e0114_WYG_024-7a
034.md	29	KR1e0114_WYG_024-8a
034.md	30	KR1e0114_WYG_024-9a
034.md	31	KR1e0114_WYG_024-10a
034.md	32	KR1e0114_WYG_024-11a
034.md	33	KR1e0114_WYG_024-12a
034.md	34	KR1e0114_WYG_024-13a
034.md	35	KR1e0114_WYG_024-14a
034.md	36	KR1e0114_WYG_024-15a
034.md	37	KR1e0114_WYG_024-16a
034.md	38	KR1e0114_WYG_024-17a
034.md	39	KR1e0114_WYG_024-18a
034.md	40	KR1e0114_WYG_024-19a
034.md	41	KR1e0114_WYG_024-20a
034.md	42	KR1e0114_WYG_024-21a
034.md	43	KR1e0114_WYG_024-22a
034.md	44	KR1e0114_WYG_024-23a
034.md	45	KR1e0114_WYG_024-24a
034.md	46	KR1e0114_WYG_024-25a
034.md	47	KR1e0114_WYG_024-26a
034.md	48	KR1e0114_WYG_024-27a
034.md	49	KR1e0114_WYG_024-28a
034.md	50	KR1e0114_WYG_024-29a
034.md	51	KR1e0114_WYG_024-30a
034.md	52	KR1e0114_WYG_024-31a
034.md	53	KR1e0114_WYG_024-32a
034.md	54	KR1e0114_WYG_024-33a
034.md	55	KR1e0114_WYG_024-34a
034.md	56	KR1e0114_WYG_024-35a
034.md	57	KR1e0114_WYG_024-36a
034.md	58	KR1e0114_WYG_024-37a
034.md	59	KR1e0114_WYG_024-38a
034.md	60	KR1e0114_WYG_024-39a
034.md	61	KR1e0114_WYG_024-40a
034.md	62	KR1e0114_WYG_024-41a
034.md	63	KR1e0114_WYG_024-42a
034.md	64	KR1e0114_WYG_024-43a
034.md	65	KR1e0114_WYG_024-44a
034.md	66	KR1e0114_WYG_024-45a
034.md	67	KR1e0114_WYG_024-46a
034.md	75	KR1e0114_WYG_024-46b
035.md	3	KR1e0114_WYG_025-1a
035.md	11	KR1e0114_WYG_025-1b
035.md	19	KR1e0114_WYG_025-2a
035.md	27	KR1e0114_WYG_025-2b
035.md	35	KR1e0114_WYG_025-3a
035.md	43	KR1e0114_WYG_025-3b
035.md	51	KR1e0114_WYG_025-4a
035.md	59	KR1e0114_WYG_025-5a
035.md	60	KR1e0114_WYG_025-6a
035.md	61	KR1e0114_WYG_025-7a
035.md	62	KR1e0114_WYG_025-8a
035.md	63	KR1e0114_WYG_025-9a
035.md	64	KR1e0114_WYG_025-10a
035.md	65	KR1e0114_WYG_025-11a
035.md	66	KR1e0114_WYG_025-12a
035.md	67	KR1e0114_WYG_025-13a
035.md	68	KR1e0114_WYG_025-14a
035.md	69	KR1e0114_WYG_025-15a
035.md	70	KR1e0114_WYG_025-16a
035.md	71	KR1e0114_WYG_025-17a
035.md	72	KR1e0114_WYG_025-18a
035.md	73	KR1e0114_WYG_025-19a
035.md	74	KR1e0114_WYG_025-20a
035.md	75	KR1e0114_WYG_025-21a
035.md	76	KR1e0114_WYG_025-22a
035.md	77	KR1e0114_WYG_025-23a
035.md	78	KR1e0114_WYG_025-24a
035.md	79	KR1e0114_WYG_025-25a
035.md	80	KR1e0114_WYG_025-26a
035.md	81	KR1e0114_WYG_025-27a
035.md	82	KR1e0114_WYG_025-28a
035.md	83	KR1e0114_WYG_025-29a
035.md	84	KR1e0114_WYG_025-30a
035.md	85	KR1e0114_WYG_025-31a
035.md	86	KR1e0114_WYG_025-32a
035.md	87	KR1e0114_WYG_025-33a
035.md	88	KR1e0114_WYG_025-34a
035.md	89	KR1e0114_WYG_025-35a
035.md	90	KR1e0114_WYG_025-36a
035.md	91	KR1e0114_WYG_025-37a
035.md	92	KR1e0114_WYG_025-38a
035.md	93	KR1e0114_WYG_025-39a
035.md	94	KR1e0114_WYG_025-40a
035.md	95	KR1e0114_WYG_025-41a
035.md	96	KR1e0114_WYG_025-42a
035.md	97	KR1e0114_WYG_025-43a
035.md	98	KR1e0114_WYG_025-44a
035.md	99	KR1e0114_WYG_025-45a
035.md	100	KR1e0114_WYG_025-46a
035.md	101	KR1e0114_WYG_025-47a
035.md	102	KR1e0114_WYG_025-48a
035.md	103	KR1e0114_WYG_025-49a
035.md	104	KR1e0114_WYG_025-50a
035.md	105	KR1e0114_WYG_025-51a
035.md	106	KR1e0114_WYG_025-52a
035.md	107	KR1e0114_WYG_025-53a
035.md	108	KR1e0114_WYG_025-54a
035.md	109	KR1e0114_WYG_025-55a
035.md	110	KR1e0114_WYG_025-56a
035.md	118	KR1e0114_WYG_025-56b
036.md	3	KR1e0114_WYG_026-1a
036.md	11	KR1e0114_WYG_026-1b
036.md	19	KR1e0114_WYG_026-2a
036.md	27	KR1e0114_WYG_026-2b
036.md	34	KR1e0114_WYG_026-3a
036.md	35	KR1e0114_WYG_026-4a
036.md	36	KR1e0114_WYG_026-5a
036.md	37	KR1e0114_WYG_026-6a
036.md	38	KR1e0114_WYG_026-7a
036.md	39	KR1e0114_WYG_026-8a
036.md	40	KR1e0114_WYG_026-9a
036.md	41	KR1e0114_WYG_026-10a
036.md	42	KR1e0114_WYG_026-11a
036.md	43	KR1e0114_WYG_026-12a
036.md	44	KR1e0114_WYG_026-13a
036.md	45	KR1e0114_WYG_026-14a
036.md	46	KR1e0114_WYG_026-15a
036.md	47	KR1e0114_WYG_026-16a
036.md	55	KR1e0114_WYG_026-16b
037.md	3	KR1e0114_WYG_027-1a
037.md	11	KR1e0114_WYG_027-1b
037.md	19	KR1e0114_WYG_027-2a
037.md	27	KR1e0114_WYG_027-2b
037.md	33	KR1e0114_WYG_027-3a
037.md	34	KR1e0114_WYG_027-4a
037.md	35	KR1e0114_WYG_027-5a
037.md	36	KR1e0114_WYG_027-6a
037.md	37	KR1e0114_WYG_027-7a
037.md	38	KR1e0114_WYG_027-8a
037.md	39	KR1e0114_WYG_027-9a
037.md	40	KR1e0114_WYG_027-10a
037.md	41	KR1e0114_WYG_027-11a
037.md	49	KR1e0114_WYG_027-11b
037.md	57	KR1e0114_WYG_027-12a
037.md	65	KR1e0114_WYG_027-12b
038.md	3	KR1e0114_WYG_028-1a
038.md	11	KR1e0114_WYG_028-1b
038.md	19	KR1e0114_WYG_028-2a
038.md	27	KR1e0114_WYG_028-2b
038.md	35	KR1e0114_WYG_028-3a
038.md	43	KR1e0114_WYG_028-3b
038.md	46	KR1e0114_WYG_028-4a
038.md	47	KR1e0114_WYG_028-5a
038.md	48	KR1e0114_WYG_028-6a
038.md	49	KR1e0114_WYG_028-7a
038.md	50	KR1e0114_WYG_028-8a
038.md	51	KR1e0114_WYG_028-9a
038.md	52	KR1e0114_WYG_028-10a
038.md	53	KR1e0114_WYG_028-11a
038.md	54	KR1e0114_WYG_028-12a
038.md	55	KR1e0114_WYG_028-13a
038.md	56	KR1e0114_WYG_028-14a
038.md	57	KR1e0114_WYG_028-15a
038.md	58	KR1e0114_WYG_028-16a
038.md	59	KR1e0114_WYG_028-17a
038.md	60	KR1e0114_WYG_028-18a
038.md	61	KR1e0114_WYG_028-19a
038.md	62	KR1e0114_WYG_028-20a
038.md	63	KR1e0114_WYG_028-21a
038.md	64	KR1e0114_WYG_028-22a
038.md	65	KR1e0114_WYG_028-23a
038.md	66	KR1e0114_WYG_028-24a
038.md	67	KR1e0114_WYG_028-25a
038.md	68	KR1e0114_WYG_028-26a
038.md	69	KR1e0114_WYG_028-27a
038.md	70	KR1e0114_WYG_028-28a
038.md	71	KR1e0114_WYG_028-29a
038.md	72	KR1e0114_WYG_028-30a
038.md	73	KR1e0114_WYG_028-31a
038.md	74	KR1e0114_WYG_028-32a
038.md	75	KR1e0114_WYG_028-33a
038.md	76	KR1e0114_WYG_028-34a
038.md	77	KR1e0114_WYG_028-35a
038.md	78	KR1e0114_WYG_028-36a
038.md	79	KR1e0114_WYG_028-37a
038.md	80	KR1e0114_WYG_028-38a
038.md	88	KR1e0114_WYG_028-38b
038.md	89	KR1e0114_WYG_028-39a
038.md	90	KR1e0114_WYG_028-40a
038.md	98	KR1e0114_WYG_028-40b
038.md	106	KR1e0114_WYG_028-41a
038.md	114	KR1e0114_WYG_028-41b
038.md	122	KR1e0114_WYG_028-42a
038.md	130	KR1e0114_WYG_028-42b
038.md	138	KR1e0114_WYG_028-43a
038.md	146	KR1e0114_WYG_028-43b
038.md	154	KR1e0114_WYG_028-44a
038.md	162	KR1e0114_WYG_028-44b
038.md	170	KR1e0114_WYG_028-45a
038.md	178	KR1e0114_WYG_028-45b
038.md	186	KR1e0114_WYG_028-46a
038.md	194	KR1e0114_WYG_028-46b
039.md	3	KR1e0114_WYG_029-1a
039.md	11	KR1e0114_WYG_029-1b
039.md	19	KR1e0114_WYG_029-2a
039.md	27	KR1e0114_WYG_029-2b
039.md	35	KR1e0114_WYG_029-3a
039.md	42	KR1e0114_WYG_029-4a
039.md	43	KR1e0114_WYG_029-5a
039.md	44	KR1e0114_WYG_029-6a
039.md	45	KR1e0114_WYG_029-7a
039.md	46	KR1e0114_WYG_029-8a
039.md	54	KR1e0114_WYG_029-8b
040.md	3	KR1e0114_WYG_030-1a
040.md	11	KR1e0114_WYG_030-1b
040.md	19	KR1e0114_WYG_030-2a
040.md	24	KR1e0114_WYG_030-3a
040.md	25	KR1e0114_WYG_030-4a
040.md	33	KR1e0114_WYG_030-4b
041.md	3	KR1e0114_WYG_031-1a
041.md	11	KR1e0114_WYG_031-1b
041.md	19	KR1e0114_WYG_031-2a
041.md	27	KR1e0114_WYG_031-2b
041.md	35	KR1e0114_WYG_031-3a
041.md	37	KR1e0114_WYG_031-4a
041.md	38	KR1e0114_WYG_031-5a
041.md	39	KR1e0114_WYG_031-6a
041.md	40	KR1e0114_WYG_031-7a
041.md	41	KR1e0114_WYG_031-8a
041.md	42	KR1e0114_WYG_031-9a
041.md	43	KR1e0114_WYG_031-10a
041.md	44	KR1e0114_WYG_031-11a
041.md	45	KR1e0114_WYG_031-12a
041.md	46	KR1e0114_WYG_031-13a
041.md	54	KR1e0114_WYG_031-13b
042.md	3	KR1e0114_WYG_032-1a
042.md	11	KR1e0114_WYG_032-1b
042.md	19	KR1e0114_WYG_032-2a
042.md	27	KR1e0114_WYG_032-2b
042.md	35	KR1e0114_WYG_032-3a
042.md	36	KR1e0114_WYG_032-4a
042.md	37	KR1e0114_WYG_032-5a
042.md	38	KR1e0114_WYG_032-6a
042.md	39	KR1e0114_WYG_032-7a
042.md	40	KR1e0114_WYG_032-8a
042.md	41	KR1e0114_WYG_032-9a
042.md	42	KR1e0114_WYG_032-10a
042.md	43	KR1e0114_WYG_032-11a
042.md	44	KR1e0114_WYG_032-12a
042.md	45	KR1e0114_WYG_032-13a
042.md	46	KR1e0114_WYG_032-14a
042.md	47	KR1e0114_WYG_032-15a
042.md	55	KR1e0114_WYG_032-15b
043.md	3	KR1e0114_WYG_033-1a
043.md	11	KR1e0114_WYG_033-1b
043.md	19	KR1e0114_WYG_033-2a
043.md	27	KR1e0114_WYG_033-2b
043.md	35	KR1e0114_WYG_033-3a
043.md	43	KR1e0114_WYG_033-3b
043.md	46	KR1e0114_WYG_033-4a
043.md	47	KR1e0114_WYG_033-5a
043.md	48	KR1e0114_WYG_033-6a
043.md	49	KR1e0114_WYG_033-7a
043.md	50	KR1e0114_WYG_033-8a
043.md	51	KR1e0114_WYG_033-9a
043.md	52	KR1e0114_WYG_033-10a
043.md	53	KR1e0114_WYG_033-11a
043.md	54	KR1e0114_WYG_033-12a
043.md	62	KR1e0114_WYG_033-12b
043.md	70	KR1e0114_WYG_033-13a
043.md	78	KR1e0114_WYG_033-13b
043.md	86	KR1e0114_WYG_033-14a
043.md	94	KR1e0114_WYG_033-14b
043.md	102	KR1e0114_WYG_033-15a
043.md	110	KR1e0114_WYG_033-15b
043.md	118	KR1e0114_WYG_033-16a
043.md	126	KR1e0114_WYG_033-16b
043.md	134	KR1e0114_WYG_033-17a
043.md	142	KR1e0114_WYG_033-17b
044.md	3	KR1e0114_WYG_034-1a
044.md	11	KR1e0114_WYG_034-1b
044.md	19	KR1e0114_WYG_034-2a
044.md	27	KR1e0114_WYG_034-2b
044.md	31	KR1e0114_WYG_034-3a
044.md	32	KR1e0114_WYG_034-4a
044.md	40	KR1e0114_WYG_034-4b
045.md	3	KR1e0114_WYG_035-1a
045.md	11	KR1e0114_WYG_035-1b
045.md	19	KR1e0114_WYG_035-2a
045.md	27	KR1e0114_WYG_035-2b
045.md	35	KR1e0114_WYG_035-3a
045.md	36	KR1e0114_WYG_035-4a
045.md	37	KR1e0114_WYG_035-5a
045.md	38	KR1e0114_WYG_035-6a
045.md	39	KR1e0114_WYG_035-7a
045.md	40	KR1e0114_WYG_035-8a
045.md	41	KR1e0114_WYG_035-9a
045.md	42	KR1e0114_WYG_035-10a
045.md	43	KR1e0114_WYG_035-11a
045.md	44	KR1e0114_WYG_035-12a
045.md	45	KR1e0114_WYG_035-13a
045.md	46	KR1e0114_WYG_035-14a
045.md	47	KR1e0114_WYG_035-15a
045.md	55	KR1e0114_WYG_035-15b
046.md	3	KR1e0114_WYG_036-1a
046.md	11	KR1e0114_WYG_036-1b
046.md	19	KR1e0114_WYG_036-2a
046.md	27	KR1e0114_WYG_036-2b
046.md	35	KR1e0114_WYG_036-3a
046.md	43	KR1e0114_WYG_036-3b
046.md	44	KR1e0114_WYG_036-4a
046.md	45	KR1e0114_WYG_036-5a
046.md	46	KR1e0114_WYG_036-6a
046.md	47	KR1e0114_WYG_036-7a
046.md	48	KR1e0114_WYG_036-8a
046.md	49	KR1e0114_WYG_036-9a
046.md	50	KR1e0114_WYG_036-10a
046.md	51	KR1e0114_WYG_036-11a
046.md	52	KR1e0114_WYG_036-12a
046.md	53	KR1e0114_WYG_036-13a
046.md	54	KR1e0114_WYG_036-14a
046.md	62	KR1e0114_WYG_036-14b
046.md	70	KR1e0114_WYG_036-15a
046.md	72	KR1e0114_WYG_036-16a
046.md	73	KR1e0114_WYG_036-17a
046.md	74	KR1e0114_WYG_036-18a
046.md	75	KR1e0114_WYG_036-19a
046.md	76	KR1e0114_WYG_036-20a
046.md	77	KR1e0114_WYG_036-21a
046.md	78	KR1e0114_WYG_036-22a
046.md	86	KR1e0114_WYG_036-22b
047.md	3	KR1e0114_WYG_037-1a
047.md	11	KR1e0114_WYG_037-1b
047.md	19	KR1e0114_WYG_037-2a
047.md	27	KR1e0114_WYG_037-2b
047.md	35	KR1e0114_WYG_037-3a
047.md	42	KR1e0114_WYG_037-4a
047.md	43	KR1e0114_WYG_037-5a
047.md	44	KR1e0114_WYG_037-6a
047.md	45	KR1e0114_WYG_037-7a
047.md	46	KR1e0114_WYG_037-8a
047.md	47	KR1e0114_WYG_037-9a
047.md	48	KR1e0114_WYG_037-10a
047.md	49	KR1e0114_WYG_037-11a
047.md	50	KR1e0114_WYG_037-12a
047.md	51	KR1e0114_WYG_037-13a
047.md	52	KR1e0114_WYG_037-14a
047.md	53	KR1e0114_WYG_037-15a
047.md	61	KR1e0114_WYG_037-15b
048.md	3	KR1e0114_WYG_038-1a
048.md	11	KR1e0114_WYG_038-1b
048.md	19	KR1e0114_WYG_038-2a
048.md	27	KR1e0114_WYG_038-2b
048.md	35	KR1e0114_WYG_038-3a
048.md	39	KR1e0114_WYG_038-4a
048.md	40	KR1e0114_WYG_038-5a
048.md	41	KR1e0114_WYG_038-6a
048.md	42	KR1e0114_WYG_038-7a
048.md	43	KR1e0114_WYG_038-8a
048.md	44	KR1e0114_WYG_038-9a
048.md	45	KR1e0114_WYG_038-10a
048.md	53	KR1e0114_WYG_038-10b
048.md	61	KR1e0114_WYG_038-11a
048.md	62	KR1e0114_WYG_038-12a
048.md	63	KR1e0114_WYG_038-13a
048.md	64	KR1e0114_WYG_038-14a
048.md	72	KR1e0114_WYG_038-14b
049.md	3	KR1e0114_WYG_039-1a
049.md	11	KR1e0114_WYG_039-1b
049.md	19	KR1e0114_WYG_039-2a
049.md	27	KR1e0114_WYG_039-2b
049.md	35	KR1e0114_WYG_039-3a
049.md	43	KR1e0114_WYG_039-3b
049.md	51	KR1e0114_WYG_039-4a
049.md	59	KR1e0114_WYG_039-4b
049.md	67	KR1e0114_WYG_039-5a
049.md	75	KR1e0114_WYG_039-5b
049.md	78	KR1e0114_WYG_039-6a
049.md	79	KR1e0114_WYG_039-7a
049.md	80	KR1e0114_WYG_039-8a
049.md	81	KR1e0114_WYG_039-9a
049.md	82	KR1e0114_WYG_039-10a
049.md	83	KR1e0114_WYG_039-11a
049.md	91	KR1e0114_WYG_039-11b
049.md	99	KR1e0114_WYG_039-12a
049.md	107	KR1e0114_WYG_039-13a
049.md	108	KR1e0114_WYG_039-14a
049.md	109	KR1e0114_WYG_039-15a
049.md	110	KR1e0114_WYG_039-16a
049.md	111	KR1e0114_WYG_039-17a
049.md	112	KR1e0114_WYG_039-18a
049.md	113	KR1e0114_WYG_039-19a
049.md	114	KR1e0114_WYG_039-20a
049.md	115	KR1e0114_WYG_039-21a
049.md	116	KR1e0114_WYG_039-22a
049.md	117	KR1e0114_WYG_039-23a
049.md	118	KR1e0114_WYG_039-24a
049.md	119	KR1e0114_WYG_039-25a
049.md	120	KR1e0114_WYG_039-26a
049.md	121	KR1e0114_WYG_039-27a
049.md	122	KR1e0114_WYG_039-28a
049.md	123	KR1e0114_WYG_039-29a
049.md	124	KR1e0114_WYG_039-30a
049.md	125	KR1e0114_WYG_039-31a
049.md	126	KR1e0114_WYG_039-32a
049.md	133	KR1e0114_WYG_039-33a
049.md	134	KR1e0114_WYG_039-34a
049.md	142	KR1e0114_WYG_039-34b
049.md	151	KR1e0114_WYG_039-35a
049.md	154	KR1e0114_WYG_039-36a
049.md	162	KR1e0114_WYG_039-36b
049.md	170	KR1e0114_WYG_039-37a
049.md	178	KR1e0114_WYG_039-37b
049.md	186	KR1e0114_WYG_039-38a
049.md	194	KR1e0114_WYG_039-38b
049.md	202	KR1e0114_WYG_039-39a
049.md	210	KR1e0114_WYG_039-39b
049.md	218	KR1e0114_WYG_039-40a
049.md	226	KR1e0114_WYG_039-40b
049.md	234	KR1e0114_WYG_039-41a
049.md	242	KR1e0114_WYG_039-41b
049.md	250	KR1e0114_WYG_039-42a
049.md	258	KR1e0114_WYG_039-42b
050.md	3	KR1e0114_WYG_040-1a
050.md	11	KR1e0114_WYG_040-1b
050.md	19	KR1e0114_WYG_040-2a
050.md	27	KR1e0114_WYG_040-2b
050.md	35	KR1e0114_WYG_040-3a
050.md	43	KR1e0114_WYG_040-3b
050.md	51	KR1e0114_WYG_040-4a
050.md	58	KR1e0114_WYG_040-5a
050.md	59	KR1e0114_WYG_040-6a
050.md	60	KR1e0114_WYG_040-7a
050.md	61	KR1e0114_WYG_040-8a
050.md	62	KR1e0114_WYG_040-9a
050.md	63	KR1e0114_WYG_040-10a
050.md	71	KR1e0114_WYG_040-10b
050.md	80	KR1e0114_WYG_040-11a
050.md	88	KR1e0114_WYG_040-11b
050.md	92	KR1e0114_WYG_040-12a
050.md	93	KR1e0114_WYG_040-13a
050.md	101	KR1e0114_WYG_040-13b
050.md	109	KR1e0114_WYG_040-14a
050.md	117	KR1e0114_WYG_040-14b
050.md	125	KR1e0114_WYG_040-15a
050.md	133	KR1e0114_WYG_040-15b
050.md	141	KR1e0114_WYG_040-16a
050.md	149	KR1e0114_WYG_040-16b
051.md	3	KR1e0114_WYG_041-1a
051.md	11	KR1e0114_WYG_041-1b
051.md	19	KR1e0114_WYG_041-2a
051.md	27	KR1e0114_WYG_041-2b
051.md	35	KR1e0114_WYG_041-3a
051.md	43	KR1e0114_WYG_041-3b
051.md	50	KR1e0114_WYG_041-4a
051.md	58	KR1e0114_WYG_041-4b
051.md	67	KR1e0114_WYG_041-5a
051.md	73	KR1e0114_WYG_041-6a
051.md	74	KR1e0114_WYG_041-7a
051.md	82	KR1e0114_WYG_041-7b
051.md	86	KR1e0114_WYG_041-8a
051.md	87	KR1e0114_WYG_041-9a
051.md	95	KR1e0114_WYG_041-9b
051.md	99	KR1e0114_WYG_041-10a
051.md	107	KR1e0114_WYG_041-10b
051.md	113	KR1e0114_WYG_041-11a
051.md	121	KR1e0114_WYG_041-11b
051.md	129	KR1e0114_WYG_041-12a
051.md	137	KR1e0114_WYG_041-12b
051.md	140	KR1e0114_WYG_041-13a
051.md	141	KR1e0114_WYG_041-14a
051.md	149	KR1e0114_WYG_041-15a
051.md	157	KR1e0114_WYG_041-15b
051.md	158	KR1e0114_WYG_041-16a
051.md	159	KR1e0114_WYG_041-17a
051.md	167	KR1e0114_WYG_041-17b
051.md	169	KR1e0114_WYG_041-18a
051.md	175	KR1e0114_WYG_041-19a
051.md	183	KR1e0114_WYG_041-19b
051.md	191	KR1e0114_WYG_041-20a
051.md	193	KR1e0114_WYG_041-21a
051.md	201	KR1e0114_WYG_041-21b
051.md	208	KR1e0114_WYG_041-22a
051.md	209	KR1e0114_WYG_041-23a
051.md	217	KR1e0114_WYG_041-23b
052.md	3	KR1e0114_WYG_042-1a
052.md	11	KR1e0114_WYG_042-1b
052.md	19	KR1e0114_WYG_042-2a
052.md	27	KR1e0114_WYG_042-2b
052.md	35	KR1e0114_WYG_042-3a
052.md	43	KR1e0114_WYG_042-3b
052.md	51	KR1e0114_WYG_042-4a
052.md	59	KR1e0114_WYG_042-4b
052.md	66	KR1e0114_WYG_042-5a
052.md	74	KR1e0114_WYG_042-5b
052.md	82	KR1e0114_WYG_042-6a
052.md	90	KR1e0114_WYG_042-6b
052.md	97	KR1e0114_WYG_042-7a
052.md	105	KR1e0114_WYG_042-7b
052.md	112	KR1e0114_WYG_042-8a
052.md	120	KR1e0114_WYG_042-8b
052.md	128	KR1e0114_WYG_042-9a
052.md	136	KR1e0114_WYG_042-9b
052.md	144	KR1e0114_WYG_042-10a
052.md	152	KR1e0114_WYG_042-10b
052.md	160	KR1e0114_WYG_042-11a
052.md	168	KR1e0114_WYG_042-11b
052.md	176	KR1e0114_WYG_042-12a
052.md	184	KR1e0114_WYG_042-12b
052.md	192	KR1e0114_WYG_042-13a
052.md	200	KR1e0114_WYG_042-13b
052.md	208	KR1e0114_WYG_042-14a
052.md	216	KR1e0114_WYG_042-14b
052.md	221	KR1e0114_WYG_042-15a
052.md	229	KR1e0114_WYG_042-15b
052.md	237	KR1e0114_WYG_042-16a
052.md	245	KR1e0114_WYG_042-16b
052.md	253	KR1e0114_WYG_042-17a
052.md	261	KR1e0114_WYG_042-17b
052.md	264	KR1e0114_WYG_042-18a
052.md	272	KR1e0114_WYG_042-18b
052.md	277	KR1e0114_WYG_042-19a
052.md	285	KR1e0114_WYG_042-19b
052.md	290	KR1e0114_WYG_042-20a
052.md	298	KR1e0114_WYG_042-20b
052.md	304	KR1e0114_WYG_042-21a
052.md	312	KR1e0114_WYG_042-21b
052.md	320	KR1e0114_WYG_042-22a
052.md	328	KR1e0114_WYG_042-22b
052.md	336	KR1e0114_WYG_042-23a
052.md	344	KR1e0114_WYG_042-23b
052.md	352	KR1e0114_WYG_042-24a
052.md	360	KR1e0114_WYG_042-24b
052.md	368	KR1e0114_WYG_042-25a
052.md	376	KR1e0114_WYG_042-25b
052.md	384	KR1e0114_WYG_042-26a
052.md	392	KR1e0114_WYG_042-26b
052.md	400	KR1e0114_WYG_042-27a
052.md	408	KR1e0114_WYG_042-27b
052.md	416	KR1e0114_WYG_042-28a
052.md	424	KR1e0114_WYG_042-28b
052.md	430	KR1e0114_WYG_042-29a
052.md	438	KR1e0114_WYG_042-29b
052.md	446	KR1e0114_WYG_042-30a
052.md	454	KR1e0114_WYG_042-30b
052.md	458	KR1e0114_WYG_042-31a
052.md	466	KR1e0114_WYG_042-31b
052.md	474	KR1e0114_WYG_042-32a
052.md	482	KR1e0114_WYG_042-32b
052.md	490	KR1e0114_WYG_042-33a
052.md	498	KR1e0114_WYG_042-33b
052.md	506	KR1e0114_WYG_042-34a
052.md	514	KR1e0114_WYG_042-34b
052.md	519	KR1e0114_WYG_042-35a
052.md	527	KR1e0114_WYG_042-35b
052.md	531	KR1e0114_WYG_042-36a
052.md	539	KR1e0114_WYG_042-36b
052.md	547	KR1e0114_WYG_042-37a
052.md	555	KR1e0114_WYG_042-37b
052.md	563	KR1e0114_WYG_042-38a
052.md	571	KR1e0114_WYG_042-38b
052.md	579	KR1e0114_WYG_042-39a
052.md	587	KR1e0114_WYG_042-39b
053.md	3	KR1e0114_WYG_042-40a
053.md	11	KR1e0114_WYG_042-40b
053.md	19	KR1e0114_WYG_042-41a
053.md	27	KR1e0114_WYG_042-41b
053.md	35	KR1e0114_WYG_042-42a
053.md	43	KR1e0114_WYG_042-42b
053.md	51	KR1e0114_WYG_042-43a
053.md	59	KR1e0114_WYG_042-43b
053.md	67	KR1e0114_WYG_042-44a
053.md	75	KR1e0114_WYG_042-44b
053.md	77	KR1e0114_WYG_042-45a
053.md	85	KR1e0114_WYG_042-45b
053.md	89	KR1e0114_WYG_042-46a
053.md	97	KR1e0114_WYG_042-46b
053.md	105	KR1e0114_WYG_042-47a
053.md	113	KR1e0114_WYG_042-47b
053.md	114	KR1e0114_WYG_042-48a
053.md	122	KR1e0114_WYG_042-48b
053.md	130	KR1e0114_WYG_042-49a
053.md	138	KR1e0114_WYG_042-49b
053.md	146	KR1e0114_WYG_042-50a
053.md	154	KR1e0114_WYG_042-50b
053.md	162	KR1e0114_WYG_042-51a
053.md	170	KR1e0114_WYG_042-51b
053.md	178	KR1e0114_WYG_042-52a
053.md	186	KR1e0114_WYG_042-52b
053.md	188	KR1e0114_WYG_042-53a
053.md	196	KR1e0114_WYG_042-53b
053.md	204	KR1e0114_WYG_042-54a
053.md	212	KR1e0114_WYG_042-54b
053.md	220	KR1e0114_WYG_042-55a
053.md	228	KR1e0114_WYG_042-55b
053.md	236	KR1e0114_WYG_042-56a
053.md	244	KR1e0114_WYG_042-56b
053.md	252	KR1e0114_WYG_042-57a
053.md	260	KR1e0114_WYG_042-57b
053.md	265	KR1e0114_WYG_042-58a
053.md	273	KR1e0114_WYG_042-58b
053.md	274	KR1e0114_WYG_042-59a
053.md	282	KR1e0114_WYG_042-59b
053.md	290	KR1e0114_WYG_042-60a
053.md	298	KR1e0114_WYG_042-60b
053.md	306	KR1e0114_WYG_042-61a
053.md	314	KR1e0114_WYG_042-61b
053.md	320	KR1e0114_WYG_042-62a
053.md	328	KR1e0114_WYG_042-62b
053.md	334	KR1e0114_WYG_042-63a
053.md	342	KR1e0114_WYG_042-63b
053.md	347	KR1e0114_WYG_042-64a
053.md	355	KR1e0114_WYG_042-64b
053.md	363	KR1e0114_WYG_042-65a
053.md	371	KR1e0114_WYG_042-65b
053.md	372	KR1e0114_WYG_042-66a
053.md	380	KR1e0114_WYG_042-66b
053.md	384	KR1e0114_WYG_042-67a
053.md	392	KR1e0114_WYG_042-67b
053.md	400	KR1e0114_WYG_042-68a
053.md	408	KR1e0114_WYG_042-68b
053.md	416	KR1e0114_WYG_042-69a
053.md	424	KR1e0114_WYG_042-69b
053.md	427	KR1e0114_WYG_042-70a
053.md	435	KR1e0114_WYG_042-70b
053.md	442	KR1e0114_WYG_042-71a
053.md	450	KR1e0114_WYG_042-71b
053.md	451	KR1e0114_WYG_042-72a
053.md	459	KR1e0114_WYG_042-72b
053.md	467	KR1e0114_WYG_042-73a
053.md	475	KR1e0114_WYG_042-73b
053.md	483	KR1e0114_WYG_042-74a
053.md	491	KR1e0114_WYG_042-74b
053.md	499	KR1e0114_WYG_042-75a
053.md	507	KR1e0114_WYG_042-75b
053.md	515	KR1e0114_WYG_042-76a
053.md	523	KR1e0114_WYG_042-76b
053.md	531	KR1e0114_WYG_042-77a
053.md	539	KR1e0114_WYG_042-77b
053.md	547	KR1e0114_WYG_042-78a
053.md	555	KR1e0114_WYG_042-78b
053.md	559	KR1e0114_WYG_042-79a
053.md	567	KR1e0114_WYG_042-79b
053.md	570	KR1e0114_WYG_042-80a
053.md	578	KR1e0114_WYG_042-80b
053.md	586	KR1e0114_WYG_042-81a
053.md	594	KR1e0114_WYG_042-81b
053.md	598	KR1e0114_WYG_042-82a
053.md	606	KR1e0114_WYG_042-82b
053.md	607	KR1e0114_WYG_042-83a
053.md	615	KR1e0114_WYG_042-83b
053.md	619	KR1e0114_WYG_042-84a
053.md	627	KR1e0114_WYG_042-84b
053.md	632	KR1e0114_WYG_042-85a
053.md	640	KR1e0114_WYG_042-85b
053.md	648	KR1e0114_WYG_042-86a
053.md	656	KR1e0114_WYG_042-86b
053.md	664	KR1e0114_WYG_042-87a
053.md	672	KR1e0114_WYG_042-87b
053.md	680	KR1e0114_WYG_042-88a
053.md	688	KR1e0114_WYG_042-89a
053.md	696	KR1e0114_WYG_042-89b
054.md	3	KR1e0114_WYG_042-90a
054.md	8	KR1e0114_WYG_042-91a
054.md	16	KR1e0114_WYG_042-91b
054.md	24	KR1e0114_WYG_042-92a
054.md	32	KR1e0114_WYG_042-92b
054.md	40	KR1e0114_WYG_042-93a
054.md	48	KR1e0114_WYG_042-93b
054.md	56	KR1e0114_WYG_042-94a
054.md	64	KR1e0114_WYG_042-94b
054.md	66	KR1e0114_WYG_042-95a
054.md	74	KR1e0114_WYG_042-95b
054.md	80	KR1e0114_WYG_042-96a
054.md	88	KR1e0114_WYG_042-96b
054.md	91	KR1e0114_WYG_042-97a
054.md	99	KR1e0114_WYG_042-97b
054.md	103	KR1e0114_WYG_042-98a
054.md	111	KR1e0114_WYG_042-98b
054.md	117	KR1e0114_WYG_042-99a
054.md	123	KR1e0114_WYG_042-100a
054.md	131	KR1e0114_WYG_042-100b
054.md	133	KR1e0114_WYG_042-101a
054.md	141	KR1e0114_WYG_042-101b
054.md	145	KR1e0114_WYG_042-102a
054.md	153	KR1e0114_WYG_042-102b
054.md	155	KR1e0114_WYG_042-103a
054.md	163	KR1e0114_WYG_042-103b
054.md	171	KR1e0114_WYG_042-104a
054.md	179	KR1e0114_WYG_042-104b
054.md	187	KR1e0114_WYG_042-105a
054.md	195	KR1e0114_WYG_042-105b
054.md	203	KR1e0114_WYG_042-106a
054.md	211	KR1e0114_WYG_042-106b
054.md	217	KR1e0114_WYG_042-107a
054.md	225	KR1e0114_WYG_042-107b
054.md	233	KR1e0114_WYG_042-108a
054.md	241	KR1e0114_WYG_042-108b
054.md	249	KR1e0114_WYG_042-109a
054.md	257	KR1e0114_WYG_042-109b
054.md	265	KR1e0114_WYG_042-110a
054.md	273	KR1e0114_WYG_042-110b
054.md	281	KR1e0114_WYG_042-111a
054.md	289	KR1e0114_WYG_042-111b
054.md	297	KR1e0114_WYG_042-112a
054.md	305	KR1e0114_WYG_042-112b
054.md	313	KR1e0114_WYG_042-113a
054.md	321	KR1e0114_WYG_042-113b
054.md	329	KR1e0114_WYG_042-114a
054.md	337	KR1e0114_WYG_042-114b
054.md	342	KR1e0114_WYG_042-115a
054.md	350	KR1e0114_WYG_042-115b
054.md	358	KR1e0114_WYG_042-116a
054.md	366	KR1e0114_WYG_042-116b
054.md	374	KR1e0114_WYG_042-117a
054.md	382	KR1e0114_WYG_042-117b
054.md	384	KR1e0114_WYG_042-118a
054.md	392	KR1e0114_WYG_042-118b
054.md	395	KR1e0114_WYG_042-119a
054.md	403	KR1e0114_WYG_042-119b
054.md	411	KR1e0114_WYG_042-120a
054.md	418	KR1e0114_WYG_042-121a
054.md	426	KR1e0114_WYG_042-121b
054.md	434	KR1e0114_WYG_042-122a
054.md	442	KR1e0114_WYG_042-122b
054.md	450	KR1e0114_WYG_042-123a
054.md	458	KR1e0114_WYG_042-123b
054.md	465	KR1e0114_WYG_042-124a
054.md	473	KR1e0114_WYG_042-124b
054.md	480	KR1e0114_WYG_042-125a
054.md	488	KR1e0114_WYG_042-125b
054.md	496	KR1e0114_WYG_042-126a
054.md	504	KR1e0114_WYG_042-126b
054.md	507	KR1e0114_WYG_042-127a
054.md	515	KR1e0114_WYG_042-127b
054.md	523	KR1e0114_WYG_042-128a
054.md	530	KR1e0114_WYG_042-129a
054.md	538	KR1e0114_WYG_042-129b
054.md	546	KR1e0114_WYG_042-130a
054.md	554	KR1e0114_WYG_042-130b
054.md	562	KR1e0114_WYG_042-131a
054.md	568	KR1e0114_WYG_042-132a
054.md	576	KR1e0114_WYG_042-132b
054.md	584	KR1e0114_WYG_042-133a
054.md	592	KR1e0114_WYG_042-133b
054.md	595	KR1e0114_WYG_042-134a
054.md	596	KR1e0114_WYG_042-135a
054.md	604	KR1e0114_WYG_042-135b
054.md	612	KR1e0114_WYG_042-136a
054.md	620	KR1e0114_WYG_042-136b
054.md	626	KR1e0114_WYG_042-137a
054.md	634	KR1e0114_WYG_042-137b
054.md	642	KR1e0114_WYG_042-138a
054.md	650	KR1e0114_WYG_042-138b
054.md	658	KR1e0114_WYG_042-139a
054.md	666	KR1e0114_WYG_042-139b
054.md	674	KR1e0114_WYG_042-140a
054.md	682	KR1e0114_WYG_042-140b
054.md	690	KR1e0114_WYG_042-141a
054.md	698	KR1e0114_WYG_042-141b
054.md	706	KR1e0114_WYG_042-142a
054.md	714	KR1e0114_WYG_042-142b
054.md	722	KR1e0114_WYG_042-143a
054.md	730	KR1e0114_WYG_042-143b
055.md	3	KR1e0114_WYG_042-144a
055.md	11	KR1e0114_WYG_042-144b
055.md	19	KR1e0114_WYG_042-145a
055.md	27	KR1e0114_WYG_042-145b
055.md	33	KR1e0114_WYG_042-146a
055.md	41	KR1e0114_WYG_042-146b
055.md	48	KR1e0114_WYG_042-147a
055.md	56	KR1e0114_WYG_042-147b
055.md	64	KR1e0114_WYG_042-148a
055.md	72	KR1e0114_WYG_042-148b
055.md	76	KR1e0114_WYG_042-149a
055.md	84	KR1e0114_WYG_042-149b
055.md	89	KR1e0114_WYG_042-150a
055.md	97	KR1e0114_WYG_042-150b
055.md	105	KR1e0114_WYG_042-151a
055.md	113	KR1e0114_WYG_042-151b
055.md	118	KR1e0114_WYG_042-152a
055.md	126	KR1e0114_WYG_042-152b
055.md	132	KR1e0114_WYG_042-153a
055.md	140	KR1e0114_WYG_042-153b
055.md	148	KR1e0114_WYG_042-154a
055.md	156	KR1e0114_WYG_042-154b
055.md	164	KR1e0114_WYG_042-155a
055.md	172	KR1e0114_WYG_042-155b
055.md	177	KR1e0114_WYG_042-156a
055.md	185	KR1e0114_WYG_042-156b
055.md	193	KR1e0114_WYG_042-157a
055.md	201	KR1e0114_WYG_042-157b
055.md	209	KR1e0114_WYG_042-158a
055.md	217	KR1e0114_WYG_042-158b
055.md	223	KR1e0114_WYG_042-159a
055.md	231	KR1e0114_WYG_042-159b
055.md	239	KR1e0114_WYG_042-160a
055.md	247	KR1e0114_WYG_042-160b
055.md	252	KR1e0114_WYG_042-161a
055.md	260	KR1e0114_WYG_042-161b
055.md	265	KR1e0114_WYG_042-162a
055.md	273	KR1e0114_WYG_042-162b
055.md	278	KR1e0114_WYG_042-163a
055.md	286	KR1e0114_WYG_042-163b
055.md	294	KR1e0114_WYG_042-164a
055.md	302	KR1e0114_WYG_042-164b
055.md	306	KR1e0114_WYG_042-165a
055.md	314	KR1e0114_WYG_042-165b
055.md	322	KR1e0114_WYG_042-166a
055.md	330	KR1e0114_WYG_042-166b
055.md	338	KR1e0114_WYG_042-167a
055.md	343	KR1e0114_WYG_042-168a
055.md	351	KR1e0114_WYG_042-168b
055.md	359	KR1e0114_WYG_042-169a
055.md	367	KR1e0114_WYG_042-169b
055.md	368	KR1e0114_WYG_042-170a
055.md	376	KR1e0114_WYG_042-170b
055.md	379	KR1e0114_WYG_042-171a
055.md	387	KR1e0114_WYG_042-171b
055.md	392	KR1e0114_WYG_042-172a
055.md	400	KR1e0114_WYG_042-172b
055.md	402	KR1e0114_WYG_042-173a
055.md	410	KR1e0114_WYG_042-173b
055.md	418	KR1e0114_WYG_042-174a
055.md	426	KR1e0114_WYG_042-174b
055.md	434	KR1e0114_WYG_042-175a
055.md	442	KR1e0114_WYG_042-175b
055.md	450	KR1e0114_WYG_042-176a
055.md	458	KR1e0114_WYG_042-176b
055.md	459	KR1e0114_WYG_042-177a
055.md	467	KR1e0114_WYG_042-177b
055.md	475	KR1e0114_WYG_042-178a
055.md	483	KR1e0114_WYG_042-178b
055.md	491	KR1e0114_WYG_042-179a
055.md	499	KR1e0114_WYG_042-179b
055.md	507	KR1e0114_WYG_042-180a
055.md	515	KR1e0114_WYG_042-180b
055.md	523	KR1e0114_WYG_042-181a
055.md	531	KR1e0114_WYG_042-181b
055.md	539	KR1e0114_WYG_042-182a
055.md	547	KR1e0114_WYG_042-182b
055.md	555	KR1e0114_WYG_042-183a
055.md	563	KR1e0114_WYG_042-183b
055.md	571	KR1e0114_WYG_042-184a
055.md	579	KR1e0114_WYG_042-184b
056.md	3	KR1e0114_WYG_043-1a
056.md	11	KR1e0114_WYG_043-1b
056.md	19	KR1e0114_WYG_043-2a
056.md	27	KR1e0114_WYG_043-2b
056.md	35	KR1e0114_WYG_043-3a
056.md	43	KR1e0114_WYG_043-3b
056.md	51	KR1e0114_WYG_043-4a
056.md	58	KR1e0114_WYG_043-5a
056.md	59	KR1e0114_WYG_043-6a
056.md	66	KR1e0114_WYG_043-7a
056.md	74	KR1e0114_WYG_043-7b
056.md	79	KR1e0114_WYG_043-8a
056.md	80	KR1e0114_WYG_043-9a
056.md	81	KR1e0114_WYG_043-10a
056.md	82	KR1e0114_WYG_043-11a
056.md	83	KR1e0114_WYG_043-12a
056.md	84	KR1e0114_WYG_043-13a
056.md	85	KR1e0114_WYG_043-14a
056.md	86	KR1e0114_WYG_043-15a
056.md	87	KR1e0114_WYG_043-16a
056.md	95	KR1e0114_WYG_043-16b
056.md	97	KR1e0114_WYG_043-17a
056.md	98	KR1e0114_WYG_043-18a
056.md	99	KR1e0114_WYG_043-19a
056.md	101	KR1e0114_WYG_043-20a
056.md	102	KR1e0114_WYG_043-21a
056.md	105	KR1e0114_WYG_043-22a
056.md	110	KR1e0114_WYG_043-23a
056.md	111	KR1e0114_WYG_043-24a
056.md	113	KR1e0114_WYG_043-25a
056.md	114	KR1e0114_WYG_043-26a
056.md	122	KR1e0114_WYG_043-26b
056.md	123	KR1e0114_WYG_043-27a
056.md	131	KR1e0114_WYG_043-27b
056.md	139	KR1e0114_WYG_043-28a
056.md	140	KR1e0114_WYG_043-29a
056.md	141	KR1e0114_WYG_043-30a
056.md	149	KR1e0114_WYG_043-30b
056.md	152	KR1e0114_WYG_043-31a
056.md	153	KR1e0114_WYG_043-32a
056.md	154	KR1e0114_WYG_043-33a
056.md	162	KR1e0114_WYG_043-33b
056.md	170	KR1e0114_WYG_043-34a
056.md	178	KR1e0114_WYG_043-34b
056.md	186	KR1e0114_WYG_043-35a
056.md	194	KR1e0114_WYG_043-35b
056.md	202	KR1e0114_WYG_043-36a
056.md	210	KR1e0114_WYG_043-36b
056.md	218	KR1e0114_WYG_043-37a
056.md	226	KR1e0114_WYG_043-37b
056.md	234	KR1e0114_WYG_043-38a
056.md	242	KR1e0114_WYG_043-38b
057.md	3	KR1e0114_WYG_044-1a
057.md	11	KR1e0114_WYG_044-1b
057.md	19	KR1e0114_WYG_044-2a
057.md	27	KR1e0114_WYG_044-2b
057.md	35	KR1e0114_WYG_044-3a
057.md	41	KR1e0114_WYG_044-4a
057.md	42	KR1e0114_WYG_044-5a
057.md	43	KR1e0114_WYG_044-6a
057.md	44	KR1e0114_WYG_044-7a
057.md	52	KR1e0114_WYG_044-7b
057.md	55	KR1e0114_WYG_044-8a
057.md	56	KR1e0114_WYG_044-9a
057.md	57	KR1e0114_WYG_044-10a
057.md	58	KR1e0114_WYG_044-11a
057.md	59	KR1e0114_WYG_044-12a
057.md	60	KR1e0114_WYG_044-13a
057.md	68	KR1e0114_WYG_044-13b
057.md	73	KR1e0114_WYG_044-14a
057.md	74	KR1e0114_WYG_044-15a
057.md	82	KR1e0114_WYG_044-15b
058.md	3	KR1e0114_WYG_045-1a
058.md	11	KR1e0114_WYG_045-1b
058.md	19	KR1e0114_WYG_045-2a
058.md	27	KR1e0114_WYG_045-2b
058.md	35	KR1e0114_WYG_045-3a
058.md	43	KR1e0114_WYG_045-3b
058.md	51	KR1e0114_WYG_045-4a
058.md	59	KR1e0114_WYG_045-4b
058.md	67	KR1e0114_WYG_045-5a
058.md	75	KR1e0114_WYG_045-5b
058.md	83	KR1e0114_WYG_045-6a
058.md	91	KR1e0114_WYG_045-6b
058.md	99	KR1e0114_WYG_045-7a
058.md	107	KR1e0114_WYG_045-7b
058.md	111	KR1e0114_WYG_045-8a
058.md	112	KR1e0114_WYG_045-9a
058.md	113	KR1e0114_WYG_045-10a
058.md	121	KR1e0114_WYG_045-10b
058.md	122	KR1e0114_WYG_045-11a
058.md	130	KR1e0114_WYG_045-11b
058.md	138	KR1e0114_WYG_045-12a
058.md	146	KR1e0114_WYG_045-12b
058.md	154	KR1e0114_WYG_045-13a
058.md	155	KR1e0114_WYG_045-14a
058.md	163	KR1e0114_WYG_045-14b
058.md	171	KR1e0114_WYG_045-15a
058.md	179	KR1e0114_WYG_045-15b
058.md	188	KR1e0114_WYG_045-16a
058.md	196	KR1e0114_WYG_045-16b
058.md	204	KR1e0114_WYG_045-17a
058.md	205	KR1e0114_WYG_045-18a
058.md	213	KR1e0114_WYG_045-18b
058.md	222	KR1e0114_WYG_045-19a
058.md	223	KR1e0114_WYG_045-20a
058.md	231	KR1e0114_WYG_045-20b
058.md	234	KR1e0114_WYG_045-21a
058.md	235	KR1e0114_WYG_045-22a
058.md	243	KR1e0114_WYG_045-22b
058.md	245	KR1e0114_WYG_045-23a
058.md	253	KR1e0114_WYG_045-23b
058.md	262	KR1e0114_WYG_045-24a
058.md	270	KR1e0114_WYG_045-24b
058.md	278	KR1e0114_WYG_045-25a
058.md	286	KR1e0114_WYG_045-25b
058.md	294	KR1e0114_WYG_045-26a
058.md	302	KR1e0114_WYG_045-26b
058.md	310	KR1e0114_WYG_045-27a
058.md	318	KR1e0114_WYG_045-27b
058.md	326	KR1e0114_WYG_045-28a
058.md	334	KR1e0114_WYG_045-28b
058.md	342	KR1e0114_WYG_045-29a
058.md	350	KR1e0114_WYG_045-29b
058.md	358	KR1e0114_WYG_045-30a
058.md	366	KR1e0114_WYG_045-30b
058.md	374	KR1e0114_WYG_045-31a
058.md	382	KR1e0114_WYG_045-31b
058.md	390	KR1e0114_WYG_045-32a
058.md	398	KR1e0114_WYG_045-32b
058.md	406	KR1e0114_WYG_045-33a
058.md	414	KR1e0114_WYG_045-33b
058.md	422	KR1e0114_WYG_045-34a
058.md	430	KR1e0114_WYG_045-34b
058.md	438	KR1e0114_WYG_045-35a
058.md	446	KR1e0114_WYG_045-35b
059.md	3	KR1e0114_WYG_046-1a
059.md	11	KR1e0114_WYG_046-1b
059.md	19	KR1e0114_WYG_046-2a
059.md	24	KR1e0114_WYG_046-3a
059.md	25	KR1e0114_WYG_046-4a
059.md	26	KR1e0114_WYG_046-5a
059.md	27	KR1e0114_WYG_046-6a
059.md	28	KR1e0114_WYG_046-7a
059.md	29	KR1e0114_WYG_046-8a
059.md	30	KR1e0114_WYG_046-9a
059.md	31	KR1e0114_WYG_046-10a
059.md	32	KR1e0114_WYG_046-11a
059.md	33	KR1e0114_WYG_046-12a
059.md	34	KR1e0114_WYG_046-13a
059.md	35	KR1e0114_WYG_046-14a
059.md	36	KR1e0114_WYG_046-15a
059.md	37	KR1e0114_WYG_046-16a
059.md	38	KR1e0114_WYG_046-17a
059.md	39	KR1e0114_WYG_046-18a
059.md	40	KR1e0114_WYG_046-19a
059.md	41	KR1e0114_WYG_046-20a
059.md	42	KR1e0114_WYG_046-21a
059.md	50	KR1e0114_WYG_046-21b
060.md	3	KR1e0114_WYG_047-1a
060.md	11	KR1e0114_WYG_047-1b
060.md	19	KR1e0114_WYG_047-2a
060.md	27	KR1e0114_WYG_047-2b
060.md	35	KR1e0114_WYG_047-3a
060.md	36	KR1e0114_WYG_047-4a
060.md	37	KR1e0114_WYG_047-5a
060.md	38	KR1e0114_WYG_047-6a
060.md	46	KR1e0114_WYG_047-6b
060.md	49	KR1e0114_WYG_047-7a
060.md	50	KR1e0114_WYG_047-8a
060.md	51	KR1e0114_WYG_047-9a
060.md	52	KR1e0114_WYG_047-10a
060.md	53	KR1e0114_WYG_047-11a
060.md	54	KR1e0114_WYG_047-12a
060.md	62	KR1e0114_WYG_047-12b
060.md	63	KR1e0114_WYG_047-13a
060.md	64	KR1e0114_WYG_047-14a
060.md	65	KR1e0114_WYG_047-15a
060.md	73	KR1e0114_WYG_047-15b
060.md	82	KR1e0114_WYG_047-16a
060.md	90	KR1e0114_WYG_047-16b
060.md	98	KR1e0114_WYG_047-17a
060.md	106	KR1e0114_WYG_047-17b
061.md	3	KR1e0114_WYG_048-1a
061.md	11	KR1e0114_WYG_048-1b
061.md	19	KR1e0114_WYG_048-2a
061.md	27	KR1e0114_WYG_048-2b
061.md	35	KR1e0114_WYG_048-3a
061.md	43	KR1e0114_WYG_048-3b
061.md	45	KR1e0114_WYG_048-4a
061.md	46	KR1e0114_WYG_048-5a
061.md	47	KR1e0114_WYG_048-6a
061.md	48	KR1e0114_WYG_048-7a
061.md	49	KR1e0114_WYG_048-8a
061.md	57	KR1e0114_WYG_048-8b
061.md	64	KR1e0114_WYG_048-9a
061.md	65	KR1e0114_WYG_048-10a
061.md	66	KR1e0114_WYG_048-11a
061.md	67	KR1e0114_WYG_048-12a
061.md	68	KR1e0114_WYG_048-13a
061.md	69	KR1e0114_WYG_048-14a
061.md	70	KR1e0114_WYG_048-15a
061.md	76	KR1e0114_WYG_048-16a
061.md	77	KR1e0114_WYG_048-17a
061.md	80	KR1e0114_WYG_048-18a
061.md	81	KR1e0114_WYG_048-19a
061.md	82	KR1e0114_WYG_048-20a
061.md	83	KR1e0114_WYG_048-21a
061.md	91	KR1e0114_WYG_048-21b
061.md	97	KR1e0114_WYG_048-22a
061.md	98	KR1e0114_WYG_048-23a
061.md	99	KR1e0114_WYG_048-24a
061.md	107	KR1e0114_WYG_048-24b
061.md	109	KR1e0114_WYG_048-25a
061.md	110	KR1e0114_WYG_048-26a
061.md	111	KR1e0114_WYG_048-27a
061.md	112	KR1e0114_WYG_048-28a
061.md	113	KR1e0114_WYG_048-29a
061.md	114	KR1e0114_WYG_048-30a
061.md	115	KR1e0114_WYG_048-31a
061.md	116	KR1e0114_WYG_048-32a
061.md	124	KR1e0114_WYG_048-32b
061.md	133	KR1e0114_WYG_048-33a
061.md	141	KR1e0114_WYG_048-33b
061.md	149	KR1e0114_WYG_048-34a
061.md	157	KR1e0114_WYG_048-34b
062.md	3	KR1e0114_WYG_049-1a
062.md	11	KR1e0114_WYG_049-1b
062.md	19	KR1e0114_WYG_049-2a
062.md	22	KR1e0114_WYG_049-3a
062.md	23	KR1e0114_WYG_049-4a
062.md	24	KR1e0114_WYG_049-5a
062.md	25	KR1e0114_WYG_049-6a
062.md	26	KR1e0114_WYG_049-7a
062.md	27	KR1e0114_WYG_049-8a
062.md	28	KR1e0114_WYG_049-9a
062.md	29	KR1e0114_WYG_049-10a
062.md	30	KR1e0114_WYG_049-11a
062.md	38	KR1e0114_WYG_049-11b
062.md	46	KR1e0114_WYG_049-12a
062.md	54	KR1e0114_WYG_049-12b
062.md	62	KR1e0114_WYG_049-13a
062.md	70	KR1e0114_WYG_049-13b
062.md	78	KR1e0114_WYG_049-14a
062.md	86	KR1e0114_WYG_049-14b
062.md	94	KR1e0114_WYG_049-15a
062.md	102	KR1e0114_WYG_049-15b
062.md	110	KR1e0114_WYG_049-16a
062.md	118	KR1e0114_WYG_049-16b
062.md	126	KR1e0114_WYG_049-17a
062.md	134	KR1e0114_WYG_049-17b
062.md	142	KR1e0114_WYG_049-18a
062.md	150	KR1e0114_WYG_049-18b
062.md	158	KR1e0114_WYG_049-19a
062.md	166	KR1e0114_WYG_049-19b
062.md	174	KR1e0114_WYG_049-20a
062.md	182	KR1e0114_WYG_049-20b
062.md	190	KR1e0114_WYG_049-21a
062.md	198	KR1e0114_WYG_049-21b
062.md	206	KR1e0114_WYG_049-22a
062.md	214	KR1e0114_WYG_049-22b
062.md	222	KR1e0114_WYG_049-23a
062.md	230	KR1e0114_WYG_049-23b
062.md	238	KR1e0114_WYG_049-24a
062.md	246	KR1e0114_WYG_049-24b
062.md	254	KR1e0114_WYG_049-25a
062.md	262	KR1e0114_WYG_049-25b
062.md	270	KR1e0114_WYG_049-26a
062.md	278	KR1e0114_WYG_049-26b
062.md	286	KR1e0114_WYG_049-27a
062.md	294	KR1e0114_WYG_049-27b
062.md	302	KR1e0114_WYG_049-28a
062.md	310	KR1e0114_WYG_049-28b
062.md	318	KR1e0114_WYG_049-29a
062.md	326	KR1e0114_WYG_049-29b
063.md	3	KR1e0114_WYG_050-1a
063.md	11	KR1e0114_WYG_050-1b
063.md	19	KR1e0114_WYG_050-2a
063.md	21	KR1e0114_WYG_050-3a
063.md	22	KR1e0114_WYG_050-4a
063.md	30	KR1e0114_WYG_050-4b
063.md	38	KR1e0114_WYG_050-5a
063.md	46	KR1e0114_WYG_050-5b
063.md	54	KR1e0114_WYG_050-6a
063.md	62	KR1e0114_WYG_050-6b
063.md	70	KR1e0114_WYG_050-7a
063.md	78	KR1e0114_WYG_050-7b
064.md	3	KR1e0114_WYG_051-1a
064.md	11	KR1e0114_WYG_051-1b
064.md	19	KR1e0114_WYG_051-2a
064.md	27	KR1e0114_WYG_051-2b
064.md	35	KR1e0114_WYG_051-3a
064.md	43	KR1e0114_WYG_051-3b
064.md	51	KR1e0114_WYG_051-4a
064.md	59	KR1e0114_WYG_051-4b
064.md	67	KR1e0114_WYG_051-5a
064.md	75	KR1e0114_WYG_051-5b
064.md	83	KR1e0114_WYG_051-6a
064.md	91	KR1e0114_WYG_051-6b
064.md	99	KR1e0114_WYG_051-7a
064.md	107	KR1e0114_WYG_051-7b
064.md	115	KR1e0114_WYG_051-8a
064.md	123	KR1e0114_WYG_051-8b
064.md	131	KR1e0114_WYG_051-9a
064.md	139	KR1e0114_WYG_051-9b
064.md	147	KR1e0114_WYG_051-10a
064.md	155	KR1e0114_WYG_051-10b
064.md	163	KR1e0114_WYG_051-11a
064.md	171	KR1e0114_WYG_051-11b
064.md	179	KR1e0114_WYG_051-12a
064.md	187	KR1e0114_WYG_051-12b
064.md	195	KR1e0114_WYG_051-13a
064.md	203	KR1e0114_WYG_051-13b
064.md	211	KR1e0114_WYG_051-14a
064.md	219	KR1e0114_WYG_051-14b
064.md	227	KR1e0114_WYG_051-15a
064.md	235	KR1e0114_WYG_051-15b
064.md	243	KR1e0114_WYG_051-16a
064.md	251	KR1e0114_WYG_051-16b
064.md	259	KR1e0114_WYG_051-17a
064.md	267	KR1e0114_WYG_051-17b
064.md	275	KR1e0114_WYG_051-18a
064.md	283	KR1e0114_WYG_051-18b
064.md	291	KR1e0114_WYG_051-19a
064.md	299	KR1e0114_WYG_051-19b
064.md	307	KR1e0114_WYG_051-20a
064.md	315	KR1e0114_WYG_051-20b
064.md	323	KR1e0114_WYG_051-21a
064.md	331	KR1e0114_WYG_051-21b
064.md	339	KR1e0114_WYG_051-22a
064.md	347	KR1e0114_WYG_051-22b
064.md	355	KR1e0114_WYG_051-23a
064.md	363	KR1e0114_WYG_051-23b
064.md	371	KR1e0114_WYG_051-24a
064.md	379	KR1e0114_WYG_051-24b
064.md	387	KR1e0114_WYG_051-25a
064.md	395	KR1e0114_WYG_051-25b
065.md	3	KR1e0114_WYG_052-1a
065.md	11	KR1e0114_WYG_052-1b
065.md	19	KR1e0114_WYG_052-2a
065.md	27	KR1e0114_WYG_052-2b
065.md	35	KR1e0114_WYG_052-3a
065.md	43	KR1e0114_WYG_052-3b
065.md	51	KR1e0114_WYG_052-4a
065.md	59	KR1e0114_WYG_052-4b
065.md	67	KR1e0114_WYG_052-5a
065.md	75	KR1e0114_WYG_052-5b
065.md	83	KR1e0114_WYG_052-6a
065.md	91	KR1e0114_WYG_052-6b
065.md	99	KR1e0114_WYG_052-7a
065.md	107	KR1e0114_WYG_052-7b
065.md	115	KR1e0114_WYG_052-8a
065.md	123	KR1e0114_WYG_052-8b
065.md	131	KR1e0114_WYG_052-9a
065.md	139	KR1e0114_WYG_052-9b
065.md	147	KR1e0114_WYG_052-10a
065.md	155	KR1e0114_WYG_052-10b
065.md	163	KR1e0114_WYG_052-11a
065.md	171	KR1e0114_WYG_052-11b
065.md	179	KR1e0114_WYG_052-12a
065.md	187	KR1e0114_WYG_052-12b
065.md	195	KR1e0114_WYG_052-13a
065.md	203	KR1e0114_WYG_052-13b
065.md	211	KR1e0114_WYG_052-14a
065.md	219	KR1e0114_WYG_052-14b
065.md	227	KR1e0114_WYG_052-15a
065.md	235	KR1e0114_WYG_052-15b
065.md	243	KR1e0114_WYG_052-16a
065.md	251	KR1e0114_WYG_052-16b
065.md	259	KR1e0114_WYG_052-17a
065.md	267	KR1e0114_WYG_052-17b
065.md	275	KR1e0114_WYG_052-18a
065.md	283	KR1e0114_WYG_052-18b
065.md	291	KR1e0114_WYG_052-19a
065.md	299	KR1e0114_WYG_052-19b
065.md	307	KR1e0114_WYG_052-20a
065.md	315	KR1e0114_WYG_052-20b
065.md	323	KR1e0114_WYG_052-21a
065.md	331	KR1e0114_WYG_052-21b
065.md	339	KR1e0114_WYG_052-22a
065.md	347	KR1e0114_WYG_052-22b
065.md	355	KR1e0114_WYG_052-23a
065.md	363	KR1e0114_WYG_052-23b
065.md	371	KR1e0114_WYG_052-24a
065.md	379	KR1e0114_WYG_052-24b
065.md	387	KR1e0114_WYG_052-25a
065.md	395	KR1e0114_WYG_052-25b
065.md	403	KR1e0114_WYG_052-26a
065.md	411	KR1e0114_WYG_052-26b
065.md	419	KR1e0114_WYG_052-27a
065.md	427	KR1e0114_WYG_052-27b
065.md	435	KR1e0114_WYG_052-28a
065.md	443	KR1e0114_WYG_052-28b
065.md	451	KR1e0114_WYG_052-29a
065.md	459	KR1e0114_WYG_052-29b
065.md	467	KR1e0114_WYG_052-30a
065.md	475	KR1e0114_WYG_052-30b
065.md	483	KR1e0114_WYG_052-31a
065.md	491	KR1e0114_WYG_052-31b
065.md	499	KR1e0114_WYG_052-32a
065.md	507	KR1e0114_WYG_052-32b
065.md	515	KR1e0114_WYG_052-33a
065.md	523	KR1e0114_WYG_052-33b
065.md	531	KR1e0114_WYG_052-34a
065.md	539	KR1e0114_WYG_052-34b
066.md	3	KR1e0114_WYG_053-1a
066.md	11	KR1e0114_WYG_053-1b
066.md	16	KR1e0114_WYG_053-2a
066.md	17	KR1e0114_WYG_053-3a
066.md	25	KR1e0114_WYG_053-3b
066.md	33	KR1e0114_WYG_053-4a
066.md	41	KR1e0114_WYG_053-4b
066.md	49	KR1e0114_WYG_053-5a
066.md	57	KR1e0114_WYG_053-5b
066.md	65	KR1e0114_WYG_053-6a
066.md	68	KR1e0114_WYG_053-7a
066.md	76	KR1e0114_WYG_053-7b
066.md	85	KR1e0114_WYG_053-8a
066.md	93	KR1e0114_WYG_053-8b
066.md	101	KR1e0114_WYG_053-9a
066.md	109	KR1e0114_WYG_053-9b
066.md	117	KR1e0114_WYG_053-10a
066.md	125	KR1e0114_WYG_053-10b
066.md	133	KR1e0114_WYG_053-11a
066.md	141	KR1e0114_WYG_053-11b
066.md	149	KR1e0114_WYG_053-12a
066.md	157	KR1e0114_WYG_053-12b
066.md	165	KR1e0114_WYG_053-13a
066.md	173	KR1e0114_WYG_053-13b
066.md	181	KR1e0114_WYG_053-14a
066.md	189	KR1e0114_WYG_053-14b
066.md	197	KR1e0114_WYG_053-15a
066.md	205	KR1e0114_WYG_053-15b
066.md	213	KR1e0114_WYG_053-16a
066.md	221	KR1e0114_WYG_053-16b
066.md	229	KR1e0114_WYG_053-17a
066.md	235	KR1e0114_WYG_053-18a
066.md	243	KR1e0114_WYG_053-18b
066.md	252	KR1e0114_WYG_053-19a
066.md	260	KR1e0114_WYG_053-19b
066.md	268	KR1e0114_WYG_053-20a
066.md	276	KR1e0114_WYG_053-20b
066.md	284	KR1e0114_WYG_053-21a
066.md	292	KR1e0114_WYG_053-21b
066.md	300	KR1e0114_WYG_053-22a
066.md	308	KR1e0114_WYG_053-22b
066.md	316	KR1e0114_WYG_053-23a
066.md	324	KR1e0114_WYG_053-23b
066.md	332	KR1e0114_WYG_053-24a
066.md	340	KR1e0114_WYG_053-24b
066.md	348	KR1e0114_WYG_053-25a
066.md	356	KR1e0114_WYG_053-25b
066.md	364	KR1e0114_WYG_053-26a
066.md	365	KR1e0114_WYG_053-27a
066.md	373	KR1e0114_WYG_053-27b
066.md	381	KR1e0114_WYG_053-28a
066.md	389	KR1e0114_WYG_053-28b
066.md	397	KR1e0114_WYG_053-29a
066.md	405	KR1e0114_WYG_053-29b
066.md	413	KR1e0114_WYG_053-30a
066.md	421	KR1e0114_WYG_053-30b
066.md	427	KR1e0114_WYG_053-31a
066.md	428	KR1e0114_WYG_053-32a
066.md	436	KR1e0114_WYG_053-32b
066.md	445	KR1e0114_WYG_053-33a
066.md	453	KR1e0114_WYG_053-33b
066.md	461	KR1e0114_WYG_053-34a
066.md	469	KR1e0114_WYG_053-34b
066.md	477	KR1e0114_WYG_053-35a
066.md	485	KR1e0114_WYG_053-35b
066.md	487	KR1e0114_WYG_053-36a
066.md	488	KR1e0114_WYG_053-37a
066.md	496	KR1e0114_WYG_053-37b
066.md	505	KR1e0114_WYG_053-38a
066.md	513	KR1e0114_WYG_053-38b
066.md	521	KR1e0114_WYG_053-39a
066.md	529	KR1e0114_WYG_053-39b
066.md	537	KR1e0114_WYG_053-40a
066.md	541	KR1e0114_WYG_053-41a
066.md	549	KR1e0114_WYG_053-41b
066.md	557	KR1e0114_WYG_053-42a
066.md	565	KR1e0114_WYG_053-42b
066.md	573	KR1e0114_WYG_053-43a
066.md	581	KR1e0114_WYG_053-43b
066.md	589	KR1e0114_WYG_053-44a
066.md	597	KR1e0114_WYG_053-44b
066.md	605	KR1e0114_WYG_053-45a
066.md	613	KR1e0114_WYG_053-45b
066.md	621	KR1e0114_WYG_053-46a
066.md	625	KR1e0114_WYG_053-47a
066.md	633	KR1e0114_WYG_053-47b
066.md	641	KR1e0114_WYG_053-48a
066.md	649	KR1e0114_WYG_053-48b
066.md	657	KR1e0114_WYG_053-49a
066.md	665	KR1e0114_WYG_053-49b
066.md	673	KR1e0114_WYG_053-50a
066.md	681	KR1e0114_WYG_053-50b
066.md	686	KR1e0114_WYG_053-51a
066.md	687	KR1e0114_WYG_053-52a
066.md	695	KR1e0114_WYG_053-52b
066.md	703	KR1e0114_WYG_053-53a
066.md	711	KR1e0114_WYG_053-53b
066.md	713	KR1e0114_WYG_053-54a
066.md	714	KR1e0114_WYG_053-55a
066.md	715	KR1e0114_WYG_053-56a
066.md	723	KR1e0114_WYG_053-56b
066.md	732	KR1e0114_WYG_053-57a
066.md	740	KR1e0114_WYG_053-57b
066.md	748	KR1e0114_WYG_053-58a
066.md	756	KR1e0114_WYG_053-58b
066.md	764	KR1e0114_WYG_053-59a
066.md	772	KR1e0114_WYG_053-59b
066.md	780	KR1e0114_WYG_053-60a
066.md	788	KR1e0114_WYG_053-60b
066.md	796	KR1e0114_WYG_053-61a
066.md	804	KR1e0114_WYG_053-61b
066.md	812	KR1e0114_WYG_053-62a
066.md	820	KR1e0114_WYG_053-62b
066.md	828	KR1e0114_WYG_053-63a
066.md	836	KR1e0114_WYG_053-63b
066.md	844	KR1e0114_WYG_053-64a
066.md	852	KR1e0114_WYG_053-64b
066.md	860	KR1e0114_WYG_053-65a
066.md	868	KR1e0114_WYG_053-65b
066.md	876	KR1e0114_WYG_053-66a
066.md	884	KR1e0114_WYG_053-66b
066.md	892	KR1e0114_WYG_053-67a
066.md	900	KR1e0114_WYG_053-67b
066.md	908	KR1e0114_WYG_053-68a
066.md	916	KR1e0114_WYG_053-68b
066.md	924	KR1e0114_WYG_053-69a
066.md	932	KR1e0114_WYG_053-69b
066.md	940	KR1e0114_WYG_053-70a
066.md	948	KR1e0114_WYG_053-70b
066.md	956	KR1e0114_WYG_053-71a
066.md	964	KR1e0114_WYG_053-71b
066.md	972	KR1e0114_WYG_053-72a
066.md	980	KR1e0114_WYG_053-72b
066.md	988	KR1e0114_WYG_053-73a
066.md	996	KR1e0114_WYG_053-73b
066.md	1004	KR1e0114_WYG_053-74a
066.md	1012	KR1e0114_WYG_053-74b
066.md	1020	KR1e0114_WYG_053-75a
066.md	1028	KR1e0114_WYG_053-75b
066.md	1036	KR1e0114_WYG_053-76a
066.md	1044	KR1e0114_WYG_053-76b
066.md	1052	KR1e0114_WYG_053-77a
066.md	1060	KR1e0114_WYG_053-77b
066.md	1068	KR1e0114_WYG_053-78a
066.md	1076	KR1e0114_WYG_053-78b
066.md	1084	KR1e0114_WYG_053-79a
066.md	1092	KR1e0114_WYG_053-79b
066.md	1100	KR1e0114_WYG_053-80a
066.md	1105	KR1e0114_WYG_053-81a
066.md	1113	KR1e0114_WYG_053-81b
066.md	1121	KR1e0114_WYG_053-82a
066.md	1129	KR1e0114_WYG_053-82b
066.md	1137	KR1e0114_WYG_053-83a
066.md	1139	KR1e0114_WYG_053-84a
066.md	1147	KR1e0114_WYG_053-84b
066.md	1155	KR1e0114_WYG_053-85a
066.md	1163	KR1e0114_WYG_053-85b
066.md	1171	KR1e0114_WYG_053-86a
066.md	1179	KR1e0114_WYG_053-86b
066.md	1187	KR1e0114_WYG_053-87a
066.md	1195	KR1e0114_WYG_053-87b
066.md	1203	KR1e0114_WYG_053-88a
066.md	1211	KR1e0114_WYG_053-88b
066.md	1219	KR1e0114_WYG_053-89a
066.md	1227	KR1e0114_WYG_053-89b
066.md	1235	KR1e0114_WYG_053-90a
066.md	1243	KR1e0114_WYG_053-90b
066.md	1251	KR1e0114_WYG_053-91a
066.md	1259	KR1e0114_WYG_053-91b
066.md	1267	KR1e0114_WYG_053-92a
066.md	1275	KR1e0114_WYG_053-92b
066.md	1283	KR1e0114_WYG_053-93a
066.md	1291	KR1e0114_WYG_053-93b
066.md	1299	KR1e0114_WYG_053-94a
066.md	1307	KR1e0114_WYG_053-94b
066.md	1315	KR1e0114_WYG_053-95a
066.md	1323	KR1e0114_WYG_053-95b
066.md	1331	KR1e0114_WYG_053-96a
066.md	1339	KR1e0114_WYG_053-96b
066.md	1347	KR1e0114_WYG_053-97a
066.md	1355	KR1e0114_WYG_053-97b
066.md	1363	KR1e0114_WYG_053-98a
066.md	1371	KR1e0114_WYG_053-98b
066.md	1374	KR1e0114_WYG_053-99a
066.md	1375	KR1e0114_WYG_053-100a
066.md	1376	KR1e0114_WYG_053-101a
066.md	1384	KR1e0114_WYG_053-101b
066.md	1392	KR1e0114_WYG_053-102a
066.md	1400	KR1e0114_WYG_053-102b
066.md	1408	KR1e0114_WYG_053-103a
066.md	1416	KR1e0114_WYG_053-103b
066.md	1424	KR1e0114_WYG_053-104a
066.md	1432	KR1e0114_WYG_053-104b
066.md	1440	KR1e0114_WYG_053-105a
066.md	1448	KR1e0114_WYG_053-105b
066.md	1456	KR1e0114_WYG_053-106a
066.md	1464	KR1e0114_WYG_053-106b
066.md	1472	KR1e0114_WYG_053-107a
066.md	1480	KR1e0114_WYG_053-107b
066.md	1488	KR1e0114_WYG_053-108a
066.md	1496	KR1e0114_WYG_053-108b
066.md	1504	KR1e0114_WYG_053-109a
066.md	1512	KR1e0114_WYG_053-109b
066.md	1520	KR1e0114_WYG_053-110a
066.md	1528	KR1e0114_WYG_053-110b
066.md	1536	KR1e0114_WYG_053-111a
066.md	1544	KR1e0114_WYG_053-111b
