file	line_no	pb
001.md	3	KR2a0036_WYG_000-1a
001.md	11	KR2a0036_WYG_000-1b
001.md	19	KR2a0036_WYG_000-2a
001.md	27	KR2a0036_WYG_000-2b
002.md	3	KR2a0036_WYG_000-3a
002.md	11	KR2a0036_WYG_000-3b
002.md	19	KR2a0036_WYG_000-4a
002.md	27	KR2a0036_WYG_000-4b
002.md	35	KR2a0036_WYG_000-5a
002.md	43	KR2a0036_WYG_000-5b
002.md	51	KR2a0036_WYG_000-6a
002.md	59	KR2a0036_WYG_000-6b
003.md	3	KR2a0036_WYG_001-1a
003.md	11	KR2a0036_WYG_001-1b
003.md	19	KR2a0036_WYG_001-2a
003.md	27	KR2a0036_WYG_001-2b
003.md	35	KR2a0036_WYG_001-3a
003.md	43	KR2a0036_WYG_001-3b
003.md	51	KR2a0036_WYG_001-4a
003.md	59	KR2a0036_WYG_001-4b
003.md	67	KR2a0036_WYG_001-5a
003.md	75	KR2a0036_WYG_001-5b
003.md	83	KR2a0036_WYG_001-6a
003.md	91	KR2a0036_WYG_001-6b
003.md	99	KR2a0036_WYG_001-7a
003.md	107	KR2a0036_WYG_001-7b
003.md	115	KR2a0036_WYG_001-8a
003.md	123	KR2a0036_WYG_001-8b
003.md	131	KR2a0036_WYG_001-9a
003.md	139	KR2a0036_WYG_001-9b
003.md	147	KR2a0036_WYG_001-10a
003.md	155	KR2a0036_WYG_001-10b
003.md	163	KR2a0036_WYG_001-11a
003.md	171	KR2a0036_WYG_001-11b
003.md	179	KR2a0036_WYG_001-12a
003.md	187	KR2a0036_WYG_001-12b
003.md	195	KR2a0036_WYG_001-13a
003.md	203	KR2a0036_WYG_001-13b
003.md	211	KR2a0036_WYG_001-14a
003.md	219	KR2a0036_WYG_001-14b
003.md	227	KR2a0036_WYG_001-15a
003.md	235	KR2a0036_WYG_001-15b
003.md	243	KR2a0036_WYG_001-16a
003.md	251	KR2a0036_WYG_001-16b
003.md	259	KR2a0036_WYG_001-17a
003.md	267	KR2a0036_WYG_001-17b
003.md	275	KR2a0036_WYG_001-18a
003.md	283	KR2a0036_WYG_001-18b
003.md	291	KR2a0036_WYG_001-19a
003.md	299	KR2a0036_WYG_001-19b
003.md	307	KR2a0036_WYG_001-20a
003.md	315	KR2a0036_WYG_001-20b
003.md	323	KR2a0036_WYG_001-21a
003.md	331	KR2a0036_WYG_001-21b
003.md	339	KR2a0036_WYG_001-22a
003.md	347	KR2a0036_WYG_001-22b
003.md	355	KR2a0036_WYG_001-23a
003.md	363	KR2a0036_WYG_001-23b
003.md	371	KR2a0036_WYG_001-24a
003.md	379	KR2a0036_WYG_001-24b
003.md	387	KR2a0036_WYG_001-25a
003.md	395	KR2a0036_WYG_001-25b
003.md	403	KR2a0036_WYG_001-26a
003.md	411	KR2a0036_WYG_001-26b
003.md	419	KR2a0036_WYG_001-27a
003.md	427	KR2a0036_WYG_001-27b
003.md	435	KR2a0036_WYG_001-28a
003.md	443	KR2a0036_WYG_001-28b
004.md	3	KR2a0036_WYG_001-29a
004.md	11	KR2a0036_WYG_001-29b
004.md	19	KR2a0036_WYG_001-30a
004.md	27	KR2a0036_WYG_001-30b
004.md	35	KR2a0036_WYG_001-31a
004.md	43	KR2a0036_WYG_001-31b
004.md	51	KR2a0036_WYG_001-32a
004.md	59	KR2a0036_WYG_001-32b
005.md	3	KR2a0036_WYG_002-1a
005.md	11	KR2a0036_WYG_002-1b
005.md	19	KR2a0036_WYG_002-2a
005.md	27	KR2a0036_WYG_002-2b
005.md	35	KR2a0036_WYG_002-3a
005.md	43	KR2a0036_WYG_002-3b
005.md	51	KR2a0036_WYG_002-4a
005.md	59	KR2a0036_WYG_002-4b
005.md	67	KR2a0036_WYG_002-5a
005.md	75	KR2a0036_WYG_002-5b
005.md	83	KR2a0036_WYG_002-6a
005.md	91	KR2a0036_WYG_002-6b
005.md	99	KR2a0036_WYG_002-7a
005.md	107	KR2a0036_WYG_002-7b
005.md	115	KR2a0036_WYG_002-8a
005.md	123	KR2a0036_WYG_002-8b
005.md	131	KR2a0036_WYG_002-9a
005.md	139	KR2a0036_WYG_002-9b
005.md	147	KR2a0036_WYG_002-10a
005.md	155	KR2a0036_WYG_002-10b
005.md	163	KR2a0036_WYG_002-11a
005.md	171	KR2a0036_WYG_002-11b
006.md	3	KR2a0036_WYG_002-12a
006.md	11	KR2a0036_WYG_002-12b
006.md	19	KR2a0036_WYG_002-13a
007.md	3	KR2a0036_WYG_003-1a
007.md	11	KR2a0036_WYG_003-1b
007.md	19	KR2a0036_WYG_003-2a
007.md	27	KR2a0036_WYG_003-2b
007.md	35	KR2a0036_WYG_003-3a
007.md	43	KR2a0036_WYG_003-3b
007.md	51	KR2a0036_WYG_003-4a
007.md	59	KR2a0036_WYG_003-4b
007.md	67	KR2a0036_WYG_003-5a
007.md	75	KR2a0036_WYG_003-5b
007.md	83	KR2a0036_WYG_003-6a
007.md	91	KR2a0036_WYG_003-6b
007.md	99	KR2a0036_WYG_003-7a
007.md	107	KR2a0036_WYG_003-7b
007.md	115	KR2a0036_WYG_003-8a
007.md	123	KR2a0036_WYG_003-8b
007.md	131	KR2a0036_WYG_003-9a
007.md	139	KR2a0036_WYG_003-9b
007.md	147	KR2a0036_WYG_003-10a
007.md	155	KR2a0036_WYG_003-10b
007.md	163	KR2a0036_WYG_003-11a
007.md	171	KR2a0036_WYG_003-11b
007.md	179	KR2a0036_WYG_003-12a
007.md	187	KR2a0036_WYG_003-12b
007.md	195	KR2a0036_WYG_003-13a
007.md	203	KR2a0036_WYG_003-13b
007.md	211	KR2a0036_WYG_003-14a
007.md	219	KR2a0036_WYG_003-14b
008.md	3	KR2a0036_WYG_003-15a
008.md	11	KR2a0036_WYG_003-15b
008.md	19	KR2a0036_WYG_003-16a
008.md	27	KR2a0036_WYG_003-16b
009.md	3	KR2a0036_WYG_004-1a
009.md	11	KR2a0036_WYG_004-1b
009.md	19	KR2a0036_WYG_004-2a
009.md	27	KR2a0036_WYG_004-2b
009.md	35	KR2a0036_WYG_004-3a
009.md	43	KR2a0036_WYG_004-3b
009.md	51	KR2a0036_WYG_004-4a
009.md	59	KR2a0036_WYG_004-4b
009.md	67	KR2a0036_WYG_004-5a
009.md	75	KR2a0036_WYG_004-5b
009.md	83	KR2a0036_WYG_004-6a
009.md	91	KR2a0036_WYG_004-6b
009.md	99	KR2a0036_WYG_004-7a
009.md	107	KR2a0036_WYG_004-7b
009.md	115	KR2a0036_WYG_004-8a
009.md	123	KR2a0036_WYG_004-8b
009.md	131	KR2a0036_WYG_004-9a
009.md	139	KR2a0036_WYG_004-9b
009.md	147	KR2a0036_WYG_004-10a
009.md	155	KR2a0036_WYG_004-10b
009.md	163	KR2a0036_WYG_004-11a
009.md	171	KR2a0036_WYG_004-11b
009.md	179	KR2a0036_WYG_004-12a
009.md	187	KR2a0036_WYG_004-12b
009.md	195	KR2a0036_WYG_004-13a
009.md	203	KR2a0036_WYG_004-13b
009.md	211	KR2a0036_WYG_004-14a
009.md	219	KR2a0036_WYG_004-14b
009.md	227	KR2a0036_WYG_004-15a
009.md	235	KR2a0036_WYG_004-15b
009.md	243	KR2a0036_WYG_004-16a
009.md	251	KR2a0036_WYG_004-16b
009.md	259	KR2a0036_WYG_004-17a
009.md	267	KR2a0036_WYG_004-17b
009.md	275	KR2a0036_WYG_004-18a
009.md	283	KR2a0036_WYG_004-18b
009.md	291	KR2a0036_WYG_004-19a
009.md	299	KR2a0036_WYG_004-19b
009.md	307	KR2a0036_WYG_004-20a
009.md	315	KR2a0036_WYG_004-20b
009.md	323	KR2a0036_WYG_004-21a
009.md	331	KR2a0036_WYG_004-21b
009.md	339	KR2a0036_WYG_004-22a
009.md	347	KR2a0036_WYG_004-22b
009.md	355	KR2a0036_WYG_004-23a
009.md	363	KR2a0036_WYG_004-23b
009.md	371	KR2a0036_WYG_004-24a
009.md	379	KR2a0036_WYG_004-24b
009.md	387	KR2a0036_WYG_004-25a
009.md	395	KR2a0036_WYG_004-25b
009.md	403	KR2a0036_WYG_004-26a
009.md	411	KR2a0036_WYG_004-26b
010.md	3	KR2a0036_WYG_004-27a
010.md	11	KR2a0036_WYG_004-27b
011.md	3	KR2a0036_WYG_005-1a
011.md	11	KR2a0036_WYG_005-1b
011.md	19	KR2a0036_WYG_005-2a
011.md	27	KR2a0036_WYG_005-2b
011.md	35	KR2a0036_WYG_005-3a
011.md	43	KR2a0036_WYG_005-3b
011.md	51	KR2a0036_WYG_005-4a
011.md	59	KR2a0036_WYG_005-4b
011.md	67	KR2a0036_WYG_005-5a
011.md	75	KR2a0036_WYG_005-5b
011.md	83	KR2a0036_WYG_005-6a
011.md	91	KR2a0036_WYG_005-6b
011.md	99	KR2a0036_WYG_005-7a
011.md	107	KR2a0036_WYG_005-7b
011.md	115	KR2a0036_WYG_005-8a
011.md	123	KR2a0036_WYG_005-8b
011.md	131	KR2a0036_WYG_005-9a
011.md	139	KR2a0036_WYG_005-9b
011.md	147	KR2a0036_WYG_005-10a
011.md	155	KR2a0036_WYG_005-10b
011.md	163	KR2a0036_WYG_005-11a
011.md	171	KR2a0036_WYG_005-11b
011.md	179	KR2a0036_WYG_005-12a
011.md	187	KR2a0036_WYG_005-12b
011.md	195	KR2a0036_WYG_005-13a
011.md	203	KR2a0036_WYG_005-13b
011.md	211	KR2a0036_WYG_005-14a
011.md	219	KR2a0036_WYG_005-14b
011.md	227	KR2a0036_WYG_005-15a
011.md	235	KR2a0036_WYG_005-15b
011.md	243	KR2a0036_WYG_005-16a
011.md	251	KR2a0036_WYG_005-16b
011.md	259	KR2a0036_WYG_005-17a
011.md	267	KR2a0036_WYG_005-17b
011.md	275	KR2a0036_WYG_005-18a
011.md	283	KR2a0036_WYG_005-18b
011.md	291	KR2a0036_WYG_005-19a
011.md	299	KR2a0036_WYG_005-19b
011.md	307	KR2a0036_WYG_005-20a
011.md	315	KR2a0036_WYG_005-20b
011.md	323	KR2a0036_WYG_005-21a
011.md	331	KR2a0036_WYG_005-21b
011.md	339	KR2a0036_WYG_005-22a
011.md	347	KR2a0036_WYG_005-22b
011.md	355	KR2a0036_WYG_005-23a
011.md	363	KR2a0036_WYG_005-23b
011.md	371	KR2a0036_WYG_005-24a
011.md	379	KR2a0036_WYG_005-24b
011.md	387	KR2a0036_WYG_005-25a
011.md	395	KR2a0036_WYG_005-25b
011.md	403	KR2a0036_WYG_005-26a
011.md	411	KR2a0036_WYG_005-26b
011.md	419	KR2a0036_WYG_005-27a
011.md	427	KR2a0036_WYG_005-27b
011.md	435	KR2a0036_WYG_005-28a
011.md	443	KR2a0036_WYG_005-28b
012.md	3	KR2a0036_WYG_005-29a
012.md	11	KR2a0036_WYG_005-29b
012.md	19	KR2a0036_WYG_005-30a
013.md	3	KR2a0036_WYG_006-1a
013.md	11	KR2a0036_WYG_006-1b
013.md	19	KR2a0036_WYG_006-2a
013.md	27	KR2a0036_WYG_006-2b
013.md	35	KR2a0036_WYG_006-3a
013.md	43	KR2a0036_WYG_006-3b
013.md	51	KR2a0036_WYG_006-4a
013.md	59	KR2a0036_WYG_006-4b
013.md	67	KR2a0036_WYG_006-5a
013.md	75	KR2a0036_WYG_006-5b
013.md	83	KR2a0036_WYG_006-6a
013.md	91	KR2a0036_WYG_006-6b
013.md	99	KR2a0036_WYG_006-7a
013.md	107	KR2a0036_WYG_006-7b
013.md	115	KR2a0036_WYG_006-8a
013.md	123	KR2a0036_WYG_006-8b
013.md	131	KR2a0036_WYG_006-9a
013.md	139	KR2a0036_WYG_006-9b
013.md	147	KR2a0036_WYG_006-10a
013.md	155	KR2a0036_WYG_006-10b
013.md	163	KR2a0036_WYG_006-11a
013.md	171	KR2a0036_WYG_006-11b
013.md	179	KR2a0036_WYG_006-12a
013.md	187	KR2a0036_WYG_006-12b
013.md	195	KR2a0036_WYG_006-13a
013.md	203	KR2a0036_WYG_006-13b
013.md	211	KR2a0036_WYG_006-14a
013.md	219	KR2a0036_WYG_006-14b
013.md	227	KR2a0036_WYG_006-15a
013.md	235	KR2a0036_WYG_006-15b
013.md	243	KR2a0036_WYG_006-16a
013.md	251	KR2a0036_WYG_006-16b
013.md	259	KR2a0036_WYG_006-17a
013.md	267	KR2a0036_WYG_006-17b
013.md	275	KR2a0036_WYG_006-18a
013.md	283	KR2a0036_WYG_006-18b
013.md	291	KR2a0036_WYG_006-19a
013.md	299	KR2a0036_WYG_006-19b
013.md	307	KR2a0036_WYG_006-20a
013.md	315	KR2a0036_WYG_006-20b
013.md	323	KR2a0036_WYG_006-21a
013.md	331	KR2a0036_WYG_006-21b
013.md	339	KR2a0036_WYG_006-22a
013.md	347	KR2a0036_WYG_006-22b
013.md	355	KR2a0036_WYG_006-23a
013.md	363	KR2a0036_WYG_006-23b
013.md	371	KR2a0036_WYG_006-24a
013.md	379	KR2a0036_WYG_006-24b
013.md	387	KR2a0036_WYG_006-25a
013.md	395	KR2a0036_WYG_006-25b
014.md	3	KR2a0036_WYG_006-26a
014.md	11	KR2a0036_WYG_006-26b
014.md	19	KR2a0036_WYG_006-27a
014.md	27	KR2a0036_WYG_006-27b
015.md	3	KR2a0036_WYG_007-1a
015.md	11	KR2a0036_WYG_007-1b
015.md	19	KR2a0036_WYG_007-2a
015.md	27	KR2a0036_WYG_007-2b
015.md	35	KR2a0036_WYG_007-3a
015.md	43	KR2a0036_WYG_007-3b
015.md	51	KR2a0036_WYG_007-4a
015.md	59	KR2a0036_WYG_007-4b
015.md	67	KR2a0036_WYG_007-5a
015.md	75	KR2a0036_WYG_007-5b
015.md	83	KR2a0036_WYG_007-6a
015.md	91	KR2a0036_WYG_007-6b
015.md	99	KR2a0036_WYG_007-7a
015.md	107	KR2a0036_WYG_007-7b
015.md	115	KR2a0036_WYG_007-8a
015.md	123	KR2a0036_WYG_007-8b
015.md	131	KR2a0036_WYG_007-9a
015.md	139	KR2a0036_WYG_007-9b
015.md	147	KR2a0036_WYG_007-10a
015.md	155	KR2a0036_WYG_007-10b
015.md	163	KR2a0036_WYG_007-11a
015.md	171	KR2a0036_WYG_007-11b
015.md	179	KR2a0036_WYG_007-12a
015.md	187	KR2a0036_WYG_007-12b
015.md	195	KR2a0036_WYG_007-13a
015.md	203	KR2a0036_WYG_007-13b
015.md	211	KR2a0036_WYG_007-14a
015.md	219	KR2a0036_WYG_007-14b
015.md	227	KR2a0036_WYG_007-15a
015.md	235	KR2a0036_WYG_007-15b
015.md	243	KR2a0036_WYG_007-16a
015.md	251	KR2a0036_WYG_007-16b
015.md	259	KR2a0036_WYG_007-17a
015.md	267	KR2a0036_WYG_007-17b
015.md	275	KR2a0036_WYG_007-18a
015.md	283	KR2a0036_WYG_007-18b
015.md	291	KR2a0036_WYG_007-19a
015.md	299	KR2a0036_WYG_007-19b
015.md	307	KR2a0036_WYG_007-20a
015.md	315	KR2a0036_WYG_007-20b
015.md	323	KR2a0036_WYG_007-21a
015.md	331	KR2a0036_WYG_007-21b
015.md	339	KR2a0036_WYG_007-22a
015.md	347	KR2a0036_WYG_007-22b
015.md	355	KR2a0036_WYG_007-23a
015.md	363	KR2a0036_WYG_007-23b
015.md	371	KR2a0036_WYG_007-24a
015.md	379	KR2a0036_WYG_007-24b
015.md	387	KR2a0036_WYG_007-25a
015.md	395	KR2a0036_WYG_007-25b
016.md	3	KR2a0036_WYG_007-26a
016.md	11	KR2a0036_WYG_007-26b
016.md	19	KR2a0036_WYG_007-27a
017.md	3	KR2a0036_WYG_008-1a
017.md	11	KR2a0036_WYG_008-1b
017.md	19	KR2a0036_WYG_008-2a
017.md	27	KR2a0036_WYG_008-2b
017.md	35	KR2a0036_WYG_008-3a
017.md	43	KR2a0036_WYG_008-3b
017.md	51	KR2a0036_WYG_008-4a
017.md	59	KR2a0036_WYG_008-4b
017.md	67	KR2a0036_WYG_008-5a
017.md	75	KR2a0036_WYG_008-5b
017.md	83	KR2a0036_WYG_008-6a
017.md	91	KR2a0036_WYG_008-6b
017.md	99	KR2a0036_WYG_008-7a
017.md	107	KR2a0036_WYG_008-7b
017.md	115	KR2a0036_WYG_008-8a
017.md	123	KR2a0036_WYG_008-8b
017.md	131	KR2a0036_WYG_008-9a
017.md	139	KR2a0036_WYG_008-9b
017.md	147	KR2a0036_WYG_008-10a
017.md	155	KR2a0036_WYG_008-10b
017.md	163	KR2a0036_WYG_008-11a
017.md	171	KR2a0036_WYG_008-11b
017.md	179	KR2a0036_WYG_008-12a
017.md	187	KR2a0036_WYG_008-12b
017.md	195	KR2a0036_WYG_008-13a
017.md	203	KR2a0036_WYG_008-13b
017.md	211	KR2a0036_WYG_008-14a
017.md	219	KR2a0036_WYG_008-14b
017.md	227	KR2a0036_WYG_008-15a
017.md	235	KR2a0036_WYG_008-15b
017.md	243	KR2a0036_WYG_008-16a
017.md	251	KR2a0036_WYG_008-16b
017.md	259	KR2a0036_WYG_008-17a
017.md	267	KR2a0036_WYG_008-17b
017.md	275	KR2a0036_WYG_008-18a
017.md	283	KR2a0036_WYG_008-18b
017.md	291	KR2a0036_WYG_008-19a
017.md	299	KR2a0036_WYG_008-19b
017.md	307	KR2a0036_WYG_008-20a
017.md	315	KR2a0036_WYG_008-20b
017.md	323	KR2a0036_WYG_008-21a
017.md	331	KR2a0036_WYG_008-21b
017.md	339	KR2a0036_WYG_008-22a
017.md	347	KR2a0036_WYG_008-22b
017.md	355	KR2a0036_WYG_008-23a
017.md	363	KR2a0036_WYG_008-23b
017.md	371	KR2a0036_WYG_008-24a
017.md	379	KR2a0036_WYG_008-24b
017.md	387	KR2a0036_WYG_008-25a
017.md	395	KR2a0036_WYG_008-25b
017.md	403	KR2a0036_WYG_008-26a
017.md	411	KR2a0036_WYG_008-26b
017.md	419	KR2a0036_WYG_008-27a
017.md	427	KR2a0036_WYG_008-27b
017.md	435	KR2a0036_WYG_008-28a
017.md	443	KR2a0036_WYG_008-28b
017.md	451	KR2a0036_WYG_008-29a
017.md	459	KR2a0036_WYG_008-29b
017.md	467	KR2a0036_WYG_008-30a
017.md	475	KR2a0036_WYG_008-30b
017.md	483	KR2a0036_WYG_008-31a
017.md	491	KR2a0036_WYG_008-31b
017.md	499	KR2a0036_WYG_008-32a
017.md	507	KR2a0036_WYG_008-32b
017.md	515	KR2a0036_WYG_008-33a
017.md	523	KR2a0036_WYG_008-33b
017.md	531	KR2a0036_WYG_008-34a
017.md	539	KR2a0036_WYG_008-34b
017.md	547	KR2a0036_WYG_008-35a
017.md	555	KR2a0036_WYG_008-35b
017.md	563	KR2a0036_WYG_008-36a
017.md	571	KR2a0036_WYG_008-36b
018.md	3	KR2a0036_WYG_008-37a
018.md	6	KR2a0036_WYG_008-38a
018.md	14	KR2a0036_WYG_008-38b
019.md	3	KR2a0036_WYG_009-1a
019.md	11	KR2a0036_WYG_009-1b
019.md	19	KR2a0036_WYG_009-2a
019.md	27	KR2a0036_WYG_009-2b
019.md	35	KR2a0036_WYG_009-3a
019.md	43	KR2a0036_WYG_009-3b
019.md	51	KR2a0036_WYG_009-4a
019.md	59	KR2a0036_WYG_009-4b
019.md	67	KR2a0036_WYG_009-5a
019.md	75	KR2a0036_WYG_009-5b
019.md	83	KR2a0036_WYG_009-6a
019.md	91	KR2a0036_WYG_009-6b
019.md	99	KR2a0036_WYG_009-7a
019.md	107	KR2a0036_WYG_009-7b
019.md	115	KR2a0036_WYG_009-8a
019.md	123	KR2a0036_WYG_009-8b
019.md	131	KR2a0036_WYG_009-9a
019.md	139	KR2a0036_WYG_009-9b
019.md	147	KR2a0036_WYG_009-10a
019.md	155	KR2a0036_WYG_009-10b
019.md	163	KR2a0036_WYG_009-11a
019.md	171	KR2a0036_WYG_009-11b
019.md	179	KR2a0036_WYG_009-12a
019.md	187	KR2a0036_WYG_009-12b
019.md	195	KR2a0036_WYG_009-13a
019.md	203	KR2a0036_WYG_009-13b
019.md	211	KR2a0036_WYG_009-14a
019.md	219	KR2a0036_WYG_009-14b
019.md	227	KR2a0036_WYG_009-15a
019.md	235	KR2a0036_WYG_009-15b
019.md	243	KR2a0036_WYG_009-16a
019.md	251	KR2a0036_WYG_009-16b
019.md	259	KR2a0036_WYG_009-17a
019.md	267	KR2a0036_WYG_009-17b
019.md	275	KR2a0036_WYG_009-18a
019.md	283	KR2a0036_WYG_009-18b
019.md	291	KR2a0036_WYG_009-19a
019.md	299	KR2a0036_WYG_009-19b
019.md	307	KR2a0036_WYG_009-20a
019.md	315	KR2a0036_WYG_009-20b
019.md	323	KR2a0036_WYG_009-21a
019.md	331	KR2a0036_WYG_009-21b
019.md	339	KR2a0036_WYG_009-22a
019.md	347	KR2a0036_WYG_009-22b
019.md	355	KR2a0036_WYG_009-23a
019.md	363	KR2a0036_WYG_009-23b
019.md	371	KR2a0036_WYG_009-24a
019.md	379	KR2a0036_WYG_009-24b
019.md	387	KR2a0036_WYG_009-25a
019.md	395	KR2a0036_WYG_009-25b
019.md	403	KR2a0036_WYG_009-26a
019.md	411	KR2a0036_WYG_009-26b
019.md	419	KR2a0036_WYG_009-27a
019.md	427	KR2a0036_WYG_009-27b
020.md	3	KR2a0036_WYG_009-28a
020.md	11	KR2a0036_WYG_009-28b
020.md	19	KR2a0036_WYG_009-29a
021.md	3	KR2a0036_WYG_010-1a
021.md	11	KR2a0036_WYG_010-1b
021.md	19	KR2a0036_WYG_010-2a
021.md	27	KR2a0036_WYG_010-2b
021.md	35	KR2a0036_WYG_010-3a
021.md	43	KR2a0036_WYG_010-3b
021.md	51	KR2a0036_WYG_010-4a
021.md	59	KR2a0036_WYG_010-4b
021.md	67	KR2a0036_WYG_010-5a
021.md	75	KR2a0036_WYG_010-5b
021.md	83	KR2a0036_WYG_010-6a
021.md	91	KR2a0036_WYG_010-6b
021.md	99	KR2a0036_WYG_010-7a
021.md	107	KR2a0036_WYG_010-7b
021.md	115	KR2a0036_WYG_010-8a
021.md	123	KR2a0036_WYG_010-8b
021.md	131	KR2a0036_WYG_010-9a
021.md	139	KR2a0036_WYG_010-9b
021.md	147	KR2a0036_WYG_010-10a
021.md	155	KR2a0036_WYG_010-10b
021.md	163	KR2a0036_WYG_010-11a
021.md	171	KR2a0036_WYG_010-11b
021.md	179	KR2a0036_WYG_010-12a
021.md	187	KR2a0036_WYG_010-12b
021.md	195	KR2a0036_WYG_010-13a
021.md	203	KR2a0036_WYG_010-13b
021.md	211	KR2a0036_WYG_010-14a
021.md	219	KR2a0036_WYG_010-14b
021.md	227	KR2a0036_WYG_010-15a
021.md	235	KR2a0036_WYG_010-15b
021.md	243	KR2a0036_WYG_010-16a
021.md	251	KR2a0036_WYG_010-16b
021.md	259	KR2a0036_WYG_010-17a
021.md	267	KR2a0036_WYG_010-17b
021.md	275	KR2a0036_WYG_010-18a
021.md	283	KR2a0036_WYG_010-18b
021.md	291	KR2a0036_WYG_010-19a
021.md	299	KR2a0036_WYG_010-19b
021.md	307	KR2a0036_WYG_010-20a
021.md	315	KR2a0036_WYG_010-20b
021.md	323	KR2a0036_WYG_010-21a
021.md	331	KR2a0036_WYG_010-21b
021.md	339	KR2a0036_WYG_010-22a
021.md	347	KR2a0036_WYG_010-22b
021.md	355	KR2a0036_WYG_010-23a
021.md	363	KR2a0036_WYG_010-23b
021.md	371	KR2a0036_WYG_010-24a
021.md	379	KR2a0036_WYG_010-24b
021.md	387	KR2a0036_WYG_010-25a
021.md	395	KR2a0036_WYG_010-25b
021.md	403	KR2a0036_WYG_010-26a
021.md	411	KR2a0036_WYG_010-26b
021.md	419	KR2a0036_WYG_010-27a
021.md	427	KR2a0036_WYG_010-27b
021.md	435	KR2a0036_WYG_010-28a
021.md	443	KR2a0036_WYG_010-28b
021.md	451	KR2a0036_WYG_010-29a
021.md	459	KR2a0036_WYG_010-29b
021.md	467	KR2a0036_WYG_010-30a
021.md	475	KR2a0036_WYG_010-30b
021.md	483	KR2a0036_WYG_010-31a
021.md	491	KR2a0036_WYG_010-31b
022.md	3	KR2a0036_WYG_010-32a
022.md	11	KR2a0036_WYG_010-32b
022.md	19	KR2a0036_WYG_010-33a
022.md	27	KR2a0036_WYG_010-33b
023.md	3	KR2a0036_WYG_011-1a
023.md	11	KR2a0036_WYG_011-1b
023.md	19	KR2a0036_WYG_011-2a
023.md	27	KR2a0036_WYG_011-2b
023.md	35	KR2a0036_WYG_011-3a
023.md	43	KR2a0036_WYG_011-3b
023.md	51	KR2a0036_WYG_011-4a
023.md	59	KR2a0036_WYG_011-4b
023.md	67	KR2a0036_WYG_011-5a
023.md	75	KR2a0036_WYG_011-5b
023.md	83	KR2a0036_WYG_011-6a
023.md	91	KR2a0036_WYG_011-6b
023.md	99	KR2a0036_WYG_011-7a
023.md	107	KR2a0036_WYG_011-7b
023.md	115	KR2a0036_WYG_011-8a
023.md	123	KR2a0036_WYG_011-8b
023.md	131	KR2a0036_WYG_011-9a
023.md	139	KR2a0036_WYG_011-9b
023.md	147	KR2a0036_WYG_011-10a
023.md	155	KR2a0036_WYG_011-10b
023.md	163	KR2a0036_WYG_011-11a
023.md	171	KR2a0036_WYG_011-11b
023.md	179	KR2a0036_WYG_011-12a
023.md	187	KR2a0036_WYG_011-12b
023.md	195	KR2a0036_WYG_011-13a
023.md	203	KR2a0036_WYG_011-13b
023.md	211	KR2a0036_WYG_011-14a
023.md	219	KR2a0036_WYG_011-14b
023.md	227	KR2a0036_WYG_011-15a
023.md	235	KR2a0036_WYG_011-15b
023.md	243	KR2a0036_WYG_011-16a
023.md	251	KR2a0036_WYG_011-16b
023.md	259	KR2a0036_WYG_011-17a
023.md	267	KR2a0036_WYG_011-17b
023.md	275	KR2a0036_WYG_011-18a
023.md	283	KR2a0036_WYG_011-18b
023.md	291	KR2a0036_WYG_011-19a
023.md	299	KR2a0036_WYG_011-19b
023.md	307	KR2a0036_WYG_011-20a
023.md	315	KR2a0036_WYG_011-20b
023.md	323	KR2a0036_WYG_011-21a
023.md	331	KR2a0036_WYG_011-21b
023.md	339	KR2a0036_WYG_011-22a
023.md	347	KR2a0036_WYG_011-22b
023.md	355	KR2a0036_WYG_011-23a
023.md	363	KR2a0036_WYG_011-23b
024.md	3	KR2a0036_WYG_011-24a
024.md	11	KR2a0036_WYG_011-24b
025.md	3	KR2a0036_WYG_012-1a
025.md	11	KR2a0036_WYG_012-1b
025.md	19	KR2a0036_WYG_012-2a
025.md	27	KR2a0036_WYG_012-2b
025.md	35	KR2a0036_WYG_012-3a
025.md	43	KR2a0036_WYG_012-3b
025.md	51	KR2a0036_WYG_012-4a
025.md	59	KR2a0036_WYG_012-4b
025.md	67	KR2a0036_WYG_012-5a
025.md	75	KR2a0036_WYG_012-5b
025.md	83	KR2a0036_WYG_012-6a
025.md	91	KR2a0036_WYG_012-6b
025.md	99	KR2a0036_WYG_012-7a
025.md	107	KR2a0036_WYG_012-7b
025.md	115	KR2a0036_WYG_012-8a
025.md	123	KR2a0036_WYG_012-8b
025.md	131	KR2a0036_WYG_012-9a
025.md	139	KR2a0036_WYG_012-9b
025.md	147	KR2a0036_WYG_012-10a
025.md	155	KR2a0036_WYG_012-10b
025.md	163	KR2a0036_WYG_012-11a
025.md	171	KR2a0036_WYG_012-11b
025.md	179	KR2a0036_WYG_012-12a
025.md	187	KR2a0036_WYG_012-12b
025.md	195	KR2a0036_WYG_012-13a
025.md	203	KR2a0036_WYG_012-13b
025.md	211	KR2a0036_WYG_012-14a
025.md	219	KR2a0036_WYG_012-14b
025.md	227	KR2a0036_WYG_012-15a
025.md	235	KR2a0036_WYG_012-15b
025.md	243	KR2a0036_WYG_012-16a
025.md	251	KR2a0036_WYG_012-16b
025.md	259	KR2a0036_WYG_012-17a
025.md	267	KR2a0036_WYG_012-17b
025.md	275	KR2a0036_WYG_012-18a
025.md	283	KR2a0036_WYG_012-18b
025.md	291	KR2a0036_WYG_012-19a
025.md	299	KR2a0036_WYG_012-19b
025.md	307	KR2a0036_WYG_012-20a
025.md	315	KR2a0036_WYG_012-20b
025.md	323	KR2a0036_WYG_012-21a
025.md	331	KR2a0036_WYG_012-21b
025.md	339	KR2a0036_WYG_012-22a
025.md	347	KR2a0036_WYG_012-22b
025.md	355	KR2a0036_WYG_012-23a
025.md	363	KR2a0036_WYG_012-23b
025.md	371	KR2a0036_WYG_012-24a
025.md	379	KR2a0036_WYG_012-24b
025.md	387	KR2a0036_WYG_012-25a
025.md	395	KR2a0036_WYG_012-25b
025.md	403	KR2a0036_WYG_012-26a
025.md	411	KR2a0036_WYG_012-26b
025.md	419	KR2a0036_WYG_012-27a
025.md	427	KR2a0036_WYG_012-27b
025.md	435	KR2a0036_WYG_012-28a
025.md	443	KR2a0036_WYG_012-28b
025.md	451	KR2a0036_WYG_012-29a
025.md	459	KR2a0036_WYG_012-29b
025.md	467	KR2a0036_WYG_012-30a
025.md	475	KR2a0036_WYG_012-30b
026.md	3	KR2a0036_WYG_012-31a
026.md	11	KR2a0036_WYG_012-31b
026.md	19	KR2a0036_WYG_012-32a
026.md	27	KR2a0036_WYG_012-32b
027.md	3	KR2a0036_WYG_013-1a
027.md	11	KR2a0036_WYG_013-1b
027.md	19	KR2a0036_WYG_013-2a
027.md	27	KR2a0036_WYG_013-2b
027.md	35	KR2a0036_WYG_013-3a
027.md	43	KR2a0036_WYG_013-3b
027.md	51	KR2a0036_WYG_013-4a
027.md	59	KR2a0036_WYG_013-4b
027.md	67	KR2a0036_WYG_013-5a
027.md	75	KR2a0036_WYG_013-5b
027.md	83	KR2a0036_WYG_013-6a
027.md	91	KR2a0036_WYG_013-6b
027.md	99	KR2a0036_WYG_013-7a
027.md	107	KR2a0036_WYG_013-7b
027.md	115	KR2a0036_WYG_013-8a
027.md	123	KR2a0036_WYG_013-8b
027.md	131	KR2a0036_WYG_013-9a
027.md	139	KR2a0036_WYG_013-9b
027.md	147	KR2a0036_WYG_013-10a
027.md	155	KR2a0036_WYG_013-10b
027.md	163	KR2a0036_WYG_013-11a
027.md	171	KR2a0036_WYG_013-11b
027.md	179	KR2a0036_WYG_013-12a
027.md	187	KR2a0036_WYG_013-12b
027.md	195	KR2a0036_WYG_013-13a
027.md	203	KR2a0036_WYG_013-13b
027.md	211	KR2a0036_WYG_013-14a
027.md	219	KR2a0036_WYG_013-14b
027.md	227	KR2a0036_WYG_013-15a
027.md	235	KR2a0036_WYG_013-15b
027.md	243	KR2a0036_WYG_013-16a
027.md	251	KR2a0036_WYG_013-16b
027.md	259	KR2a0036_WYG_013-17a
027.md	267	KR2a0036_WYG_013-17b
027.md	275	KR2a0036_WYG_013-18a
027.md	283	KR2a0036_WYG_013-18b
027.md	291	KR2a0036_WYG_013-19a
027.md	299	KR2a0036_WYG_013-19b
027.md	307	KR2a0036_WYG_013-20a
027.md	315	KR2a0036_WYG_013-20b
027.md	323	KR2a0036_WYG_013-21a
027.md	331	KR2a0036_WYG_013-21b
027.md	339	KR2a0036_WYG_013-22a
027.md	347	KR2a0036_WYG_013-22b
027.md	355	KR2a0036_WYG_013-23a
027.md	363	KR2a0036_WYG_013-23b
027.md	371	KR2a0036_WYG_013-24a
027.md	379	KR2a0036_WYG_013-24b
027.md	387	KR2a0036_WYG_013-25a
027.md	395	KR2a0036_WYG_013-25b
027.md	403	KR2a0036_WYG_013-26a
027.md	411	KR2a0036_WYG_013-26b
027.md	419	KR2a0036_WYG_013-27a
027.md	427	KR2a0036_WYG_013-27b
027.md	435	KR2a0036_WYG_013-28a
027.md	443	KR2a0036_WYG_013-28b
027.md	451	KR2a0036_WYG_013-29a
027.md	459	KR2a0036_WYG_013-29b
028.md	3	KR2a0036_WYG_013-30a
028.md	11	KR2a0036_WYG_013-30b
028.md	19	KR2a0036_WYG_013-31a
028.md	27	KR2a0036_WYG_013-31b
028.md	34	KR2a0036_WYG_013-32a
028.md	42	KR2a0036_WYG_013-32b
028.md	50	KR2a0036_WYG_013-33a
029.md	3	KR2a0036_WYG_014-1a
029.md	11	KR2a0036_WYG_014-1b
029.md	19	KR2a0036_WYG_014-2a
029.md	27	KR2a0036_WYG_014-2b
029.md	35	KR2a0036_WYG_014-3a
029.md	43	KR2a0036_WYG_014-3b
029.md	51	KR2a0036_WYG_014-4a
029.md	59	KR2a0036_WYG_014-4b
029.md	67	KR2a0036_WYG_014-5a
029.md	75	KR2a0036_WYG_014-5b
029.md	83	KR2a0036_WYG_014-6a
029.md	91	KR2a0036_WYG_014-6b
029.md	99	KR2a0036_WYG_014-7a
029.md	107	KR2a0036_WYG_014-7b
029.md	115	KR2a0036_WYG_014-8a
029.md	123	KR2a0036_WYG_014-8b
029.md	131	KR2a0036_WYG_014-9a
029.md	139	KR2a0036_WYG_014-9b
029.md	147	KR2a0036_WYG_014-10a
029.md	155	KR2a0036_WYG_014-10b
029.md	163	KR2a0036_WYG_014-11a
029.md	171	KR2a0036_WYG_014-11b
029.md	179	KR2a0036_WYG_014-12a
029.md	187	KR2a0036_WYG_014-12b
029.md	195	KR2a0036_WYG_014-13a
029.md	203	KR2a0036_WYG_014-13b
029.md	211	KR2a0036_WYG_014-14a
029.md	219	KR2a0036_WYG_014-14b
029.md	227	KR2a0036_WYG_014-15a
029.md	235	KR2a0036_WYG_014-15b
029.md	243	KR2a0036_WYG_014-16a
029.md	251	KR2a0036_WYG_014-16b
029.md	259	KR2a0036_WYG_014-17a
029.md	267	KR2a0036_WYG_014-17b
029.md	275	KR2a0036_WYG_014-18a
029.md	283	KR2a0036_WYG_014-18b
029.md	291	KR2a0036_WYG_014-19a
029.md	299	KR2a0036_WYG_014-19b
029.md	307	KR2a0036_WYG_014-20a
029.md	315	KR2a0036_WYG_014-20b
029.md	323	KR2a0036_WYG_014-21a
029.md	331	KR2a0036_WYG_014-21b
029.md	339	KR2a0036_WYG_014-22a
029.md	347	KR2a0036_WYG_014-22b
029.md	355	KR2a0036_WYG_014-23a
029.md	363	KR2a0036_WYG_014-23b
029.md	371	KR2a0036_WYG_014-24a
029.md	379	KR2a0036_WYG_014-24b
029.md	387	KR2a0036_WYG_014-25a
029.md	395	KR2a0036_WYG_014-25b
029.md	403	KR2a0036_WYG_014-26a
029.md	411	KR2a0036_WYG_014-26b
029.md	419	KR2a0036_WYG_014-27a
029.md	427	KR2a0036_WYG_014-27b
030.md	3	KR2a0036_WYG_014-28a
030.md	11	KR2a0036_WYG_014-28b
031.md	3	KR2a0036_WYG_015-1a
031.md	11	KR2a0036_WYG_015-1b
031.md	19	KR2a0036_WYG_015-2a
031.md	27	KR2a0036_WYG_015-2b
031.md	35	KR2a0036_WYG_015-3a
031.md	43	KR2a0036_WYG_015-3b
031.md	51	KR2a0036_WYG_015-4a
031.md	59	KR2a0036_WYG_015-4b
031.md	67	KR2a0036_WYG_015-5a
031.md	75	KR2a0036_WYG_015-5b
031.md	83	KR2a0036_WYG_015-6a
031.md	91	KR2a0036_WYG_015-6b
031.md	99	KR2a0036_WYG_015-7a
031.md	107	KR2a0036_WYG_015-7b
031.md	115	KR2a0036_WYG_015-8a
031.md	123	KR2a0036_WYG_015-8b
031.md	131	KR2a0036_WYG_015-9a
031.md	139	KR2a0036_WYG_015-9b
031.md	147	KR2a0036_WYG_015-10a
031.md	155	KR2a0036_WYG_015-10b
031.md	163	KR2a0036_WYG_015-11a
031.md	171	KR2a0036_WYG_015-11b
031.md	179	KR2a0036_WYG_015-12a
031.md	187	KR2a0036_WYG_015-12b
031.md	195	KR2a0036_WYG_015-13a
031.md	203	KR2a0036_WYG_015-13b
031.md	211	KR2a0036_WYG_015-14a
031.md	219	KR2a0036_WYG_015-14b
031.md	227	KR2a0036_WYG_015-15a
031.md	235	KR2a0036_WYG_015-15b
031.md	243	KR2a0036_WYG_015-16a
031.md	251	KR2a0036_WYG_015-16b
031.md	259	KR2a0036_WYG_015-17a
031.md	267	KR2a0036_WYG_015-17b
031.md	275	KR2a0036_WYG_015-18a
031.md	283	KR2a0036_WYG_015-18b
031.md	291	KR2a0036_WYG_015-19a
031.md	299	KR2a0036_WYG_015-19b
031.md	307	KR2a0036_WYG_015-20a
031.md	315	KR2a0036_WYG_015-20b
031.md	323	KR2a0036_WYG_015-21a
031.md	331	KR2a0036_WYG_015-21b
031.md	339	KR2a0036_WYG_015-22a
031.md	347	KR2a0036_WYG_015-22b
031.md	355	KR2a0036_WYG_015-23a
031.md	363	KR2a0036_WYG_015-23b
031.md	371	KR2a0036_WYG_015-24a
031.md	379	KR2a0036_WYG_015-24b
031.md	387	KR2a0036_WYG_015-25a
031.md	395	KR2a0036_WYG_015-25b
031.md	403	KR2a0036_WYG_015-26a
031.md	411	KR2a0036_WYG_015-26b
031.md	419	KR2a0036_WYG_015-27a
031.md	427	KR2a0036_WYG_015-27b
031.md	435	KR2a0036_WYG_015-28a
031.md	443	KR2a0036_WYG_015-28b
031.md	451	KR2a0036_WYG_015-29a
031.md	459	KR2a0036_WYG_015-29b
031.md	467	KR2a0036_WYG_015-30a
031.md	475	KR2a0036_WYG_015-30b
031.md	483	KR2a0036_WYG_015-31a
031.md	491	KR2a0036_WYG_015-31b
031.md	499	KR2a0036_WYG_015-32a
031.md	507	KR2a0036_WYG_015-32b
032.md	3	KR2a0036_WYG_015-33a
032.md	11	KR2a0036_WYG_015-33b
032.md	19	KR2a0036_WYG_015-34a
033.md	3	KR2a0036_WYG_016-1a
033.md	11	KR2a0036_WYG_016-1b
033.md	19	KR2a0036_WYG_016-2a
033.md	27	KR2a0036_WYG_016-2b
033.md	35	KR2a0036_WYG_016-3a
033.md	43	KR2a0036_WYG_016-3b
033.md	51	KR2a0036_WYG_016-4a
033.md	59	KR2a0036_WYG_016-4b
033.md	67	KR2a0036_WYG_016-5a
033.md	75	KR2a0036_WYG_016-5b
033.md	83	KR2a0036_WYG_016-6a
033.md	91	KR2a0036_WYG_016-6b
033.md	99	KR2a0036_WYG_016-7a
033.md	107	KR2a0036_WYG_016-7b
033.md	115	KR2a0036_WYG_016-8a
033.md	123	KR2a0036_WYG_016-8b
033.md	131	KR2a0036_WYG_016-9a
033.md	139	KR2a0036_WYG_016-9b
033.md	147	KR2a0036_WYG_016-10a
033.md	155	KR2a0036_WYG_016-10b
033.md	163	KR2a0036_WYG_016-11a
033.md	171	KR2a0036_WYG_016-11b
033.md	179	KR2a0036_WYG_016-12a
033.md	187	KR2a0036_WYG_016-12b
033.md	195	KR2a0036_WYG_016-13a
033.md	203	KR2a0036_WYG_016-13b
033.md	211	KR2a0036_WYG_016-14a
033.md	219	KR2a0036_WYG_016-14b
033.md	227	KR2a0036_WYG_016-15a
033.md	235	KR2a0036_WYG_016-15b
033.md	243	KR2a0036_WYG_016-16a
033.md	251	KR2a0036_WYG_016-16b
033.md	259	KR2a0036_WYG_016-17a
033.md	267	KR2a0036_WYG_016-17b
033.md	275	KR2a0036_WYG_016-18a
033.md	283	KR2a0036_WYG_016-18b
033.md	291	KR2a0036_WYG_016-19a
033.md	299	KR2a0036_WYG_016-19b
033.md	307	KR2a0036_WYG_016-20a
033.md	315	KR2a0036_WYG_016-20b
033.md	323	KR2a0036_WYG_016-21a
033.md	331	KR2a0036_WYG_016-21b
033.md	339	KR2a0036_WYG_016-22a
033.md	347	KR2a0036_WYG_016-22b
033.md	355	KR2a0036_WYG_016-23a
033.md	363	KR2a0036_WYG_016-23b
033.md	371	KR2a0036_WYG_016-24a
033.md	379	KR2a0036_WYG_016-24b
033.md	387	KR2a0036_WYG_016-25a
033.md	395	KR2a0036_WYG_016-25b
033.md	403	KR2a0036_WYG_016-26a
033.md	411	KR2a0036_WYG_016-26b
033.md	419	KR2a0036_WYG_016-27a
033.md	427	KR2a0036_WYG_016-27b
033.md	435	KR2a0036_WYG_016-28a
033.md	443	KR2a0036_WYG_016-28b
033.md	451	KR2a0036_WYG_016-29a
033.md	459	KR2a0036_WYG_016-29b
033.md	467	KR2a0036_WYG_016-30a
033.md	475	KR2a0036_WYG_016-30b
033.md	483	KR2a0036_WYG_016-31a
033.md	491	KR2a0036_WYG_016-31b
033.md	499	KR2a0036_WYG_016-32a
033.md	507	KR2a0036_WYG_016-32b
034.md	3	KR2a0036_WYG_016-33a
034.md	11	KR2a0036_WYG_016-33b
034.md	19	KR2a0036_WYG_016-34a
035.md	3	KR2a0036_WYG_017-1a
035.md	11	KR2a0036_WYG_017-1b
035.md	19	KR2a0036_WYG_017-2a
035.md	27	KR2a0036_WYG_017-2b
035.md	35	KR2a0036_WYG_017-3a
035.md	43	KR2a0036_WYG_017-3b
035.md	51	KR2a0036_WYG_017-4a
035.md	59	KR2a0036_WYG_017-4b
035.md	67	KR2a0036_WYG_017-5a
035.md	75	KR2a0036_WYG_017-5b
035.md	83	KR2a0036_WYG_017-6a
035.md	91	KR2a0036_WYG_017-6b
035.md	99	KR2a0036_WYG_017-7a
035.md	107	KR2a0036_WYG_017-7b
035.md	115	KR2a0036_WYG_017-8a
035.md	123	KR2a0036_WYG_017-8b
035.md	131	KR2a0036_WYG_017-9a
035.md	139	KR2a0036_WYG_017-9b
035.md	147	KR2a0036_WYG_017-10a
035.md	155	KR2a0036_WYG_017-10b
035.md	163	KR2a0036_WYG_017-11a
035.md	171	KR2a0036_WYG_017-11b
035.md	179	KR2a0036_WYG_017-12a
035.md	187	KR2a0036_WYG_017-12b
035.md	195	KR2a0036_WYG_017-13a
035.md	203	KR2a0036_WYG_017-13b
035.md	211	KR2a0036_WYG_017-14a
035.md	219	KR2a0036_WYG_017-14b
035.md	227	KR2a0036_WYG_017-15a
035.md	235	KR2a0036_WYG_017-15b
035.md	243	KR2a0036_WYG_017-16a
035.md	251	KR2a0036_WYG_017-16b
035.md	259	KR2a0036_WYG_017-17a
035.md	267	KR2a0036_WYG_017-17b
035.md	275	KR2a0036_WYG_017-18a
035.md	283	KR2a0036_WYG_017-18b
035.md	291	KR2a0036_WYG_017-19a
035.md	299	KR2a0036_WYG_017-19b
035.md	307	KR2a0036_WYG_017-20a
035.md	315	KR2a0036_WYG_017-20b
035.md	323	KR2a0036_WYG_017-21a
035.md	331	KR2a0036_WYG_017-21b
035.md	339	KR2a0036_WYG_017-22a
035.md	347	KR2a0036_WYG_017-22b
035.md	355	KR2a0036_WYG_017-23a
035.md	363	KR2a0036_WYG_017-23b
035.md	371	KR2a0036_WYG_017-24a
035.md	379	KR2a0036_WYG_017-24b
035.md	387	KR2a0036_WYG_017-25a
035.md	395	KR2a0036_WYG_017-25b
035.md	403	KR2a0036_WYG_017-26a
035.md	411	KR2a0036_WYG_017-26b
035.md	419	KR2a0036_WYG_017-27a
035.md	427	KR2a0036_WYG_017-27b
035.md	435	KR2a0036_WYG_017-28a
035.md	443	KR2a0036_WYG_017-28b
035.md	451	KR2a0036_WYG_017-29a
035.md	459	KR2a0036_WYG_017-29b
036.md	3	KR2a0036_WYG_017-30a
036.md	11	KR2a0036_WYG_017-30b
037.md	3	KR2a0036_WYG_018-1a
037.md	11	KR2a0036_WYG_018-1b
037.md	19	KR2a0036_WYG_018-2a
037.md	27	KR2a0036_WYG_018-2b
037.md	35	KR2a0036_WYG_018-3a
037.md	43	KR2a0036_WYG_018-3b
037.md	51	KR2a0036_WYG_018-4a
037.md	59	KR2a0036_WYG_018-4b
037.md	67	KR2a0036_WYG_018-5a
037.md	75	KR2a0036_WYG_018-5b
037.md	83	KR2a0036_WYG_018-6a
037.md	91	KR2a0036_WYG_018-6b
037.md	99	KR2a0036_WYG_018-7a
037.md	107	KR2a0036_WYG_018-7b
037.md	115	KR2a0036_WYG_018-8a
037.md	123	KR2a0036_WYG_018-8b
037.md	131	KR2a0036_WYG_018-9a
037.md	139	KR2a0036_WYG_018-9b
037.md	147	KR2a0036_WYG_018-10a
037.md	155	KR2a0036_WYG_018-10b
037.md	163	KR2a0036_WYG_018-11a
037.md	171	KR2a0036_WYG_018-11b
037.md	179	KR2a0036_WYG_018-12a
037.md	187	KR2a0036_WYG_018-12b
037.md	195	KR2a0036_WYG_018-13a
037.md	203	KR2a0036_WYG_018-13b
037.md	211	KR2a0036_WYG_018-14a
037.md	219	KR2a0036_WYG_018-14b
037.md	227	KR2a0036_WYG_018-15a
037.md	235	KR2a0036_WYG_018-15b
037.md	243	KR2a0036_WYG_018-16a
037.md	251	KR2a0036_WYG_018-16b
037.md	259	KR2a0036_WYG_018-17a
037.md	267	KR2a0036_WYG_018-17b
037.md	275	KR2a0036_WYG_018-18a
037.md	283	KR2a0036_WYG_018-18b
037.md	291	KR2a0036_WYG_018-19a
037.md	299	KR2a0036_WYG_018-19b
037.md	307	KR2a0036_WYG_018-20a
037.md	315	KR2a0036_WYG_018-20b
037.md	323	KR2a0036_WYG_018-21a
037.md	331	KR2a0036_WYG_018-21b
037.md	339	KR2a0036_WYG_018-22a
037.md	347	KR2a0036_WYG_018-22b
037.md	355	KR2a0036_WYG_018-23a
037.md	363	KR2a0036_WYG_018-23b
037.md	371	KR2a0036_WYG_018-24a
037.md	379	KR2a0036_WYG_018-24b
037.md	387	KR2a0036_WYG_018-25a
037.md	395	KR2a0036_WYG_018-25b
038.md	3	KR2a0036_WYG_018-26a
039.md	3	KR2a0036_WYG_019-1a
039.md	11	KR2a0036_WYG_019-1b
039.md	19	KR2a0036_WYG_019-2a
039.md	27	KR2a0036_WYG_019-2b
039.md	35	KR2a0036_WYG_019-3a
039.md	43	KR2a0036_WYG_019-3b
039.md	51	KR2a0036_WYG_019-4a
039.md	59	KR2a0036_WYG_019-4b
039.md	67	KR2a0036_WYG_019-5a
039.md	75	KR2a0036_WYG_019-5b
039.md	83	KR2a0036_WYG_019-6a
039.md	91	KR2a0036_WYG_019-6b
039.md	99	KR2a0036_WYG_019-7a
039.md	107	KR2a0036_WYG_019-7b
039.md	115	KR2a0036_WYG_019-8a
039.md	123	KR2a0036_WYG_019-8b
039.md	131	KR2a0036_WYG_019-9a
039.md	139	KR2a0036_WYG_019-9b
039.md	147	KR2a0036_WYG_019-10a
039.md	155	KR2a0036_WYG_019-10b
039.md	163	KR2a0036_WYG_019-11a
039.md	171	KR2a0036_WYG_019-11b
039.md	179	KR2a0036_WYG_019-12a
039.md	187	KR2a0036_WYG_019-12b
039.md	195	KR2a0036_WYG_019-13a
039.md	203	KR2a0036_WYG_019-13b
039.md	211	KR2a0036_WYG_019-14a
039.md	219	KR2a0036_WYG_019-14b
039.md	227	KR2a0036_WYG_019-15a
039.md	235	KR2a0036_WYG_019-15b
039.md	243	KR2a0036_WYG_019-16a
039.md	251	KR2a0036_WYG_019-16b
039.md	259	KR2a0036_WYG_019-17a
039.md	267	KR2a0036_WYG_019-17b
039.md	275	KR2a0036_WYG_019-18a
039.md	283	KR2a0036_WYG_019-18b
039.md	291	KR2a0036_WYG_019-19a
039.md	299	KR2a0036_WYG_019-19b
039.md	307	KR2a0036_WYG_019-20a
039.md	315	KR2a0036_WYG_019-20b
039.md	323	KR2a0036_WYG_019-21a
039.md	331	KR2a0036_WYG_019-21b
039.md	339	KR2a0036_WYG_019-22a
039.md	347	KR2a0036_WYG_019-22b
039.md	355	KR2a0036_WYG_019-23a
039.md	363	KR2a0036_WYG_019-23b
039.md	371	KR2a0036_WYG_019-24a
039.md	379	KR2a0036_WYG_019-24b
039.md	387	KR2a0036_WYG_019-25a
039.md	395	KR2a0036_WYG_019-25b
039.md	403	KR2a0036_WYG_019-26a
039.md	411	KR2a0036_WYG_019-26b
039.md	419	KR2a0036_WYG_019-27a
039.md	427	KR2a0036_WYG_019-27b
039.md	435	KR2a0036_WYG_019-28a
039.md	443	KR2a0036_WYG_019-28b
039.md	451	KR2a0036_WYG_019-29a
039.md	459	KR2a0036_WYG_019-29b
040.md	3	KR2a0036_WYG_019-30a
041.md	3	KR2a0036_WYG_020-1a
041.md	11	KR2a0036_WYG_020-1b
041.md	19	KR2a0036_WYG_020-2a
041.md	27	KR2a0036_WYG_020-2b
041.md	35	KR2a0036_WYG_020-3a
041.md	43	KR2a0036_WYG_020-3b
041.md	51	KR2a0036_WYG_020-4a
041.md	59	KR2a0036_WYG_020-4b
041.md	67	KR2a0036_WYG_020-5a
041.md	75	KR2a0036_WYG_020-5b
041.md	83	KR2a0036_WYG_020-6a
041.md	91	KR2a0036_WYG_020-6b
041.md	99	KR2a0036_WYG_020-7a
041.md	107	KR2a0036_WYG_020-7b
041.md	115	KR2a0036_WYG_020-8a
041.md	123	KR2a0036_WYG_020-8b
041.md	131	KR2a0036_WYG_020-9a
041.md	139	KR2a0036_WYG_020-9b
041.md	147	KR2a0036_WYG_020-10a
041.md	155	KR2a0036_WYG_020-10b
041.md	163	KR2a0036_WYG_020-11a
041.md	171	KR2a0036_WYG_020-11b
041.md	179	KR2a0036_WYG_020-12a
041.md	187	KR2a0036_WYG_020-12b
041.md	195	KR2a0036_WYG_020-13a
041.md	203	KR2a0036_WYG_020-13b
041.md	211	KR2a0036_WYG_020-14a
041.md	219	KR2a0036_WYG_020-14b
041.md	227	KR2a0036_WYG_020-15a
041.md	235	KR2a0036_WYG_020-15b
041.md	243	KR2a0036_WYG_020-16a
041.md	251	KR2a0036_WYG_020-16b
041.md	259	KR2a0036_WYG_020-17a
041.md	267	KR2a0036_WYG_020-17b
041.md	275	KR2a0036_WYG_020-18a
041.md	283	KR2a0036_WYG_020-18b
041.md	291	KR2a0036_WYG_020-19a
041.md	299	KR2a0036_WYG_020-19b
041.md	307	KR2a0036_WYG_020-20a
041.md	315	KR2a0036_WYG_020-20b
041.md	323	KR2a0036_WYG_020-21a
041.md	331	KR2a0036_WYG_020-21b
041.md	339	KR2a0036_WYG_020-22a
041.md	347	KR2a0036_WYG_020-22b
041.md	355	KR2a0036_WYG_020-23a
041.md	363	KR2a0036_WYG_020-23b
041.md	371	KR2a0036_WYG_020-24a
041.md	379	KR2a0036_WYG_020-24b
041.md	387	KR2a0036_WYG_020-25a
041.md	395	KR2a0036_WYG_020-25b
041.md	403	KR2a0036_WYG_020-26a
041.md	411	KR2a0036_WYG_020-26b
042.md	3	KR2a0036_WYG_021-1a
042.md	11	KR2a0036_WYG_021-1b
042.md	19	KR2a0036_WYG_021-2a
042.md	27	KR2a0036_WYG_021-2b
042.md	35	KR2a0036_WYG_021-3a
042.md	43	KR2a0036_WYG_021-3b
042.md	51	KR2a0036_WYG_021-4a
042.md	59	KR2a0036_WYG_021-4b
042.md	67	KR2a0036_WYG_021-5a
042.md	75	KR2a0036_WYG_021-5b
042.md	83	KR2a0036_WYG_021-6a
042.md	91	KR2a0036_WYG_021-6b
042.md	99	KR2a0036_WYG_021-7a
042.md	107	KR2a0036_WYG_021-7b
042.md	115	KR2a0036_WYG_021-8a
042.md	123	KR2a0036_WYG_021-8b
042.md	131	KR2a0036_WYG_021-9a
042.md	139	KR2a0036_WYG_021-9b
042.md	147	KR2a0036_WYG_021-10a
042.md	155	KR2a0036_WYG_021-10b
042.md	163	KR2a0036_WYG_021-11a
042.md	171	KR2a0036_WYG_021-11b
042.md	179	KR2a0036_WYG_021-12a
042.md	187	KR2a0036_WYG_021-12b
042.md	195	KR2a0036_WYG_021-13a
042.md	203	KR2a0036_WYG_021-13b
042.md	211	KR2a0036_WYG_021-14a
042.md	219	KR2a0036_WYG_021-14b
042.md	227	KR2a0036_WYG_021-15a
042.md	235	KR2a0036_WYG_021-15b
042.md	243	KR2a0036_WYG_021-16a
042.md	251	KR2a0036_WYG_021-16b
042.md	259	KR2a0036_WYG_021-17a
042.md	267	KR2a0036_WYG_021-17b
042.md	275	KR2a0036_WYG_021-18a
042.md	283	KR2a0036_WYG_021-18b
042.md	291	KR2a0036_WYG_021-19a
042.md	299	KR2a0036_WYG_021-19b
042.md	307	KR2a0036_WYG_021-20a
042.md	315	KR2a0036_WYG_021-20b
042.md	323	KR2a0036_WYG_021-21a
042.md	331	KR2a0036_WYG_021-21b
042.md	339	KR2a0036_WYG_021-22a
042.md	347	KR2a0036_WYG_021-22b
042.md	355	KR2a0036_WYG_021-23a
042.md	363	KR2a0036_WYG_021-23b
042.md	371	KR2a0036_WYG_021-24a
042.md	379	KR2a0036_WYG_021-24b
042.md	387	KR2a0036_WYG_021-25a
042.md	395	KR2a0036_WYG_021-25b
042.md	403	KR2a0036_WYG_021-26a
042.md	411	KR2a0036_WYG_021-26b
042.md	419	KR2a0036_WYG_021-27a
042.md	427	KR2a0036_WYG_021-27b
042.md	435	KR2a0036_WYG_021-28a
042.md	443	KR2a0036_WYG_021-28b
042.md	451	KR2a0036_WYG_021-29a
042.md	459	KR2a0036_WYG_021-29b
042.md	467	KR2a0036_WYG_021-30a
042.md	475	KR2a0036_WYG_021-30b
042.md	483	KR2a0036_WYG_021-31a
042.md	491	KR2a0036_WYG_021-31b
042.md	499	KR2a0036_WYG_021-32a
042.md	507	KR2a0036_WYG_021-32b
042.md	515	KR2a0036_WYG_021-33a
042.md	523	KR2a0036_WYG_021-33b
042.md	531	KR2a0036_WYG_021-34a
042.md	539	KR2a0036_WYG_021-34b
042.md	547	KR2a0036_WYG_021-35a
042.md	555	KR2a0036_WYG_021-35b
043.md	3	KR2a0036_WYG_021-36a
043.md	11	KR2a0036_WYG_021-36b
044.md	3	KR2a0036_WYG_022-1a
044.md	11	KR2a0036_WYG_022-1b
044.md	19	KR2a0036_WYG_022-2a
044.md	27	KR2a0036_WYG_022-2b
044.md	35	KR2a0036_WYG_022-3a
044.md	43	KR2a0036_WYG_022-3b
044.md	51	KR2a0036_WYG_022-4a
044.md	59	KR2a0036_WYG_022-4b
044.md	67	KR2a0036_WYG_022-5a
044.md	75	KR2a0036_WYG_022-5b
044.md	83	KR2a0036_WYG_022-6a
044.md	91	KR2a0036_WYG_022-6b
044.md	99	KR2a0036_WYG_022-7a
044.md	107	KR2a0036_WYG_022-7b
044.md	115	KR2a0036_WYG_022-8a
044.md	123	KR2a0036_WYG_022-8b
044.md	131	KR2a0036_WYG_022-9a
044.md	139	KR2a0036_WYG_022-9b
044.md	147	KR2a0036_WYG_022-10a
044.md	155	KR2a0036_WYG_022-10b
044.md	163	KR2a0036_WYG_022-11a
044.md	171	KR2a0036_WYG_022-11b
044.md	179	KR2a0036_WYG_022-12a
044.md	187	KR2a0036_WYG_022-12b
044.md	195	KR2a0036_WYG_022-13a
044.md	203	KR2a0036_WYG_022-13b
044.md	211	KR2a0036_WYG_022-14a
044.md	219	KR2a0036_WYG_022-14b
044.md	227	KR2a0036_WYG_022-15a
044.md	235	KR2a0036_WYG_022-15b
044.md	243	KR2a0036_WYG_022-16a
044.md	251	KR2a0036_WYG_022-16b
044.md	259	KR2a0036_WYG_022-17a
044.md	267	KR2a0036_WYG_022-17b
044.md	275	KR2a0036_WYG_022-18a
044.md	283	KR2a0036_WYG_022-18b
044.md	291	KR2a0036_WYG_022-19a
044.md	299	KR2a0036_WYG_022-19b
044.md	307	KR2a0036_WYG_022-20a
044.md	315	KR2a0036_WYG_022-20b
044.md	323	KR2a0036_WYG_022-21a
044.md	331	KR2a0036_WYG_022-21b
044.md	339	KR2a0036_WYG_022-22a
044.md	347	KR2a0036_WYG_022-22b
044.md	355	KR2a0036_WYG_022-23a
044.md	363	KR2a0036_WYG_022-23b
044.md	371	KR2a0036_WYG_022-24a
044.md	379	KR2a0036_WYG_022-24b
044.md	387	KR2a0036_WYG_022-25a
044.md	395	KR2a0036_WYG_022-25b
044.md	403	KR2a0036_WYG_022-26a
044.md	411	KR2a0036_WYG_022-26b
044.md	419	KR2a0036_WYG_022-27a
044.md	427	KR2a0036_WYG_022-27b
044.md	435	KR2a0036_WYG_022-28a
044.md	443	KR2a0036_WYG_022-28b
044.md	451	KR2a0036_WYG_022-29a
044.md	459	KR2a0036_WYG_022-29b
044.md	467	KR2a0036_WYG_022-30a
044.md	475	KR2a0036_WYG_022-30b
044.md	483	KR2a0036_WYG_022-31a
044.md	491	KR2a0036_WYG_022-31b
044.md	499	KR2a0036_WYG_022-32a
044.md	507	KR2a0036_WYG_022-32b
044.md	515	KR2a0036_WYG_022-33a
044.md	523	KR2a0036_WYG_022-33b
044.md	531	KR2a0036_WYG_022-34a
044.md	539	KR2a0036_WYG_022-34b
044.md	547	KR2a0036_WYG_022-35a
044.md	555	KR2a0036_WYG_022-35b
044.md	563	KR2a0036_WYG_022-36a
044.md	571	KR2a0036_WYG_022-36b
044.md	579	KR2a0036_WYG_022-37a
044.md	587	KR2a0036_WYG_022-37b
044.md	595	KR2a0036_WYG_022-38a
044.md	603	KR2a0036_WYG_022-38b
044.md	611	KR2a0036_WYG_022-39a
044.md	619	KR2a0036_WYG_022-39b
044.md	627	KR2a0036_WYG_022-40a
044.md	635	KR2a0036_WYG_022-40b
044.md	643	KR2a0036_WYG_022-41a
044.md	651	KR2a0036_WYG_022-41b
044.md	659	KR2a0036_WYG_022-42a
044.md	667	KR2a0036_WYG_022-42b
044.md	675	KR2a0036_WYG_022-43a
044.md	683	KR2a0036_WYG_022-43b
045.md	3	KR2a0036_WYG_022-44a
046.md	3	KR2a0036_WYG_023-1a
046.md	11	KR2a0036_WYG_023-1b
046.md	19	KR2a0036_WYG_023-2a
046.md	27	KR2a0036_WYG_023-2b
046.md	35	KR2a0036_WYG_023-3a
046.md	43	KR2a0036_WYG_023-3b
046.md	51	KR2a0036_WYG_023-4a
046.md	59	KR2a0036_WYG_023-4b
046.md	67	KR2a0036_WYG_023-5a
046.md	75	KR2a0036_WYG_023-5b
046.md	83	KR2a0036_WYG_023-6a
046.md	91	KR2a0036_WYG_023-6b
046.md	99	KR2a0036_WYG_023-7a
046.md	107	KR2a0036_WYG_023-7b
046.md	115	KR2a0036_WYG_023-8a
046.md	123	KR2a0036_WYG_023-8b
046.md	131	KR2a0036_WYG_023-9a
046.md	139	KR2a0036_WYG_023-9b
046.md	147	KR2a0036_WYG_023-10a
046.md	155	KR2a0036_WYG_023-10b
046.md	163	KR2a0036_WYG_023-11a
046.md	171	KR2a0036_WYG_023-11b
046.md	179	KR2a0036_WYG_023-12a
046.md	187	KR2a0036_WYG_023-12b
046.md	195	KR2a0036_WYG_023-13a
046.md	203	KR2a0036_WYG_023-13b
046.md	211	KR2a0036_WYG_023-14a
046.md	219	KR2a0036_WYG_023-14b
046.md	227	KR2a0036_WYG_023-15a
046.md	235	KR2a0036_WYG_023-15b
046.md	243	KR2a0036_WYG_023-16a
046.md	251	KR2a0036_WYG_023-16b
046.md	259	KR2a0036_WYG_023-17a
046.md	267	KR2a0036_WYG_023-17b
046.md	275	KR2a0036_WYG_023-18a
046.md	283	KR2a0036_WYG_023-18b
046.md	291	KR2a0036_WYG_023-19a
046.md	299	KR2a0036_WYG_023-19b
046.md	307	KR2a0036_WYG_023-20a
046.md	315	KR2a0036_WYG_023-20b
046.md	323	KR2a0036_WYG_023-21a
046.md	331	KR2a0036_WYG_023-21b
046.md	339	KR2a0036_WYG_023-22a
046.md	347	KR2a0036_WYG_023-22b
046.md	355	KR2a0036_WYG_023-23a
046.md	363	KR2a0036_WYG_023-23b
046.md	371	KR2a0036_WYG_023-24a
046.md	379	KR2a0036_WYG_023-24b
046.md	387	KR2a0036_WYG_023-25a
046.md	395	KR2a0036_WYG_023-25b
046.md	403	KR2a0036_WYG_023-26a
046.md	411	KR2a0036_WYG_023-26b
046.md	419	KR2a0036_WYG_023-27a
046.md	427	KR2a0036_WYG_023-27b
046.md	435	KR2a0036_WYG_023-28a
046.md	443	KR2a0036_WYG_023-28b
046.md	451	KR2a0036_WYG_023-29a
046.md	459	KR2a0036_WYG_023-29b
046.md	467	KR2a0036_WYG_023-30a
046.md	475	KR2a0036_WYG_023-30b
046.md	483	KR2a0036_WYG_023-31a
046.md	491	KR2a0036_WYG_023-31b
046.md	499	KR2a0036_WYG_023-32a
046.md	507	KR2a0036_WYG_023-32b
047.md	3	KR2a0036_WYG_023-33a
048.md	3	KR2a0036_WYG_024-1a
048.md	11	KR2a0036_WYG_024-1b
048.md	19	KR2a0036_WYG_024-2a
048.md	27	KR2a0036_WYG_024-2b
048.md	35	KR2a0036_WYG_024-3a
048.md	43	KR2a0036_WYG_024-3b
048.md	51	KR2a0036_WYG_024-4a
048.md	59	KR2a0036_WYG_024-4b
048.md	67	KR2a0036_WYG_024-5a
048.md	75	KR2a0036_WYG_024-5b
048.md	83	KR2a0036_WYG_024-6a
048.md	91	KR2a0036_WYG_024-6b
048.md	99	KR2a0036_WYG_024-7a
048.md	107	KR2a0036_WYG_024-7b
048.md	115	KR2a0036_WYG_024-8a
048.md	123	KR2a0036_WYG_024-8b
048.md	131	KR2a0036_WYG_024-9a
048.md	139	KR2a0036_WYG_024-9b
048.md	147	KR2a0036_WYG_024-10a
048.md	155	KR2a0036_WYG_024-10b
048.md	163	KR2a0036_WYG_024-11a
048.md	171	KR2a0036_WYG_024-11b
048.md	179	KR2a0036_WYG_024-12a
048.md	187	KR2a0036_WYG_024-12b
048.md	195	KR2a0036_WYG_024-13a
048.md	203	KR2a0036_WYG_024-13b
048.md	211	KR2a0036_WYG_024-14a
048.md	219	KR2a0036_WYG_024-14b
048.md	227	KR2a0036_WYG_024-15a
048.md	235	KR2a0036_WYG_024-15b
048.md	243	KR2a0036_WYG_024-16a
048.md	251	KR2a0036_WYG_024-16b
048.md	259	KR2a0036_WYG_024-17a
048.md	267	KR2a0036_WYG_024-17b
048.md	275	KR2a0036_WYG_024-18a
048.md	283	KR2a0036_WYG_024-18b
048.md	291	KR2a0036_WYG_024-19a
048.md	299	KR2a0036_WYG_024-19b
048.md	307	KR2a0036_WYG_024-20a
048.md	315	KR2a0036_WYG_024-20b
048.md	323	KR2a0036_WYG_024-21a
048.md	331	KR2a0036_WYG_024-21b
048.md	339	KR2a0036_WYG_024-22a
048.md	347	KR2a0036_WYG_024-22b
048.md	355	KR2a0036_WYG_024-23a
048.md	363	KR2a0036_WYG_024-23b
048.md	371	KR2a0036_WYG_024-24a
048.md	379	KR2a0036_WYG_024-24b
048.md	387	KR2a0036_WYG_024-25a
048.md	395	KR2a0036_WYG_024-25b
048.md	403	KR2a0036_WYG_024-26a
048.md	411	KR2a0036_WYG_024-26b
048.md	419	KR2a0036_WYG_024-27a
048.md	427	KR2a0036_WYG_024-27b
048.md	435	KR2a0036_WYG_024-28a
048.md	443	KR2a0036_WYG_024-28b
048.md	451	KR2a0036_WYG_024-29a
048.md	459	KR2a0036_WYG_024-29b
048.md	467	KR2a0036_WYG_024-30a
048.md	475	KR2a0036_WYG_024-30b
048.md	483	KR2a0036_WYG_024-31a
048.md	491	KR2a0036_WYG_024-31b
048.md	499	KR2a0036_WYG_024-32a
048.md	507	KR2a0036_WYG_024-32b
048.md	515	KR2a0036_WYG_024-33a
048.md	523	KR2a0036_WYG_024-33b
048.md	531	KR2a0036_WYG_024-34a
048.md	539	KR2a0036_WYG_024-34b
049.md	3	KR2a0036_WYG_024-35a
049.md	11	KR2a0036_WYG_024-35b
049.md	19	KR2a0036_WYG_024-36a
050.md	3	KR2a0036_WYG_025-1a
050.md	11	KR2a0036_WYG_025-1b
050.md	19	KR2a0036_WYG_025-2a
050.md	27	KR2a0036_WYG_025-2b
050.md	35	KR2a0036_WYG_025-3a
050.md	43	KR2a0036_WYG_025-3b
050.md	51	KR2a0036_WYG_025-4a
050.md	59	KR2a0036_WYG_025-4b
050.md	67	KR2a0036_WYG_025-5a
050.md	75	KR2a0036_WYG_025-5b
050.md	83	KR2a0036_WYG_025-6a
050.md	91	KR2a0036_WYG_025-6b
050.md	99	KR2a0036_WYG_025-7a
050.md	107	KR2a0036_WYG_025-7b
050.md	115	KR2a0036_WYG_025-8a
050.md	123	KR2a0036_WYG_025-8b
050.md	131	KR2a0036_WYG_025-9a
050.md	139	KR2a0036_WYG_025-9b
050.md	147	KR2a0036_WYG_025-10a
050.md	155	KR2a0036_WYG_025-10b
050.md	163	KR2a0036_WYG_025-11a
050.md	171	KR2a0036_WYG_025-11b
050.md	179	KR2a0036_WYG_025-12a
050.md	187	KR2a0036_WYG_025-12b
050.md	195	KR2a0036_WYG_025-13a
050.md	203	KR2a0036_WYG_025-13b
050.md	211	KR2a0036_WYG_025-14a
050.md	219	KR2a0036_WYG_025-14b
050.md	227	KR2a0036_WYG_025-15a
050.md	235	KR2a0036_WYG_025-15b
050.md	243	KR2a0036_WYG_025-16a
050.md	251	KR2a0036_WYG_025-16b
050.md	259	KR2a0036_WYG_025-17a
050.md	267	KR2a0036_WYG_025-17b
051.md	3	KR2a0036_WYG_025-18a
051.md	11	KR2a0036_WYG_025-18b
052.md	3	KR2a0036_WYG_026-1a
052.md	11	KR2a0036_WYG_026-1b
052.md	19	KR2a0036_WYG_026-2a
052.md	27	KR2a0036_WYG_026-2b
052.md	35	KR2a0036_WYG_026-3a
052.md	43	KR2a0036_WYG_026-3b
052.md	51	KR2a0036_WYG_026-4a
052.md	59	KR2a0036_WYG_026-4b
052.md	67	KR2a0036_WYG_026-5a
052.md	75	KR2a0036_WYG_026-5b
052.md	83	KR2a0036_WYG_026-6a
052.md	91	KR2a0036_WYG_026-6b
052.md	99	KR2a0036_WYG_026-7a
052.md	107	KR2a0036_WYG_026-7b
052.md	115	KR2a0036_WYG_026-8a
052.md	123	KR2a0036_WYG_026-8b
052.md	131	KR2a0036_WYG_026-9a
052.md	139	KR2a0036_WYG_026-9b
052.md	147	KR2a0036_WYG_026-10a
052.md	155	KR2a0036_WYG_026-10b
052.md	163	KR2a0036_WYG_026-11a
052.md	171	KR2a0036_WYG_026-11b
052.md	179	KR2a0036_WYG_026-12a
052.md	187	KR2a0036_WYG_026-12b
052.md	195	KR2a0036_WYG_026-13a
052.md	203	KR2a0036_WYG_026-13b
052.md	211	KR2a0036_WYG_026-14a
052.md	219	KR2a0036_WYG_026-14b
052.md	227	KR2a0036_WYG_026-15a
052.md	235	KR2a0036_WYG_026-15b
052.md	243	KR2a0036_WYG_026-16a
052.md	251	KR2a0036_WYG_026-16b
052.md	259	KR2a0036_WYG_026-17a
052.md	267	KR2a0036_WYG_026-17b
052.md	275	KR2a0036_WYG_026-18a
052.md	283	KR2a0036_WYG_026-18b
052.md	291	KR2a0036_WYG_026-19a
052.md	299	KR2a0036_WYG_026-19b
052.md	307	KR2a0036_WYG_026-20a
052.md	315	KR2a0036_WYG_026-20b
052.md	323	KR2a0036_WYG_026-21a
052.md	331	KR2a0036_WYG_026-21b
052.md	339	KR2a0036_WYG_026-22a
052.md	347	KR2a0036_WYG_026-22b
052.md	355	KR2a0036_WYG_026-23a
052.md	363	KR2a0036_WYG_026-23b
052.md	371	KR2a0036_WYG_026-24a
052.md	379	KR2a0036_WYG_026-24b
053.md	3	KR2a0036_WYG_026-25a
053.md	11	KR2a0036_WYG_026-25b
054.md	3	KR2a0036_WYG_027-1a
054.md	11	KR2a0036_WYG_027-1b
054.md	19	KR2a0036_WYG_027-2a
054.md	27	KR2a0036_WYG_027-2b
054.md	35	KR2a0036_WYG_027-3a
054.md	43	KR2a0036_WYG_027-3b
054.md	51	KR2a0036_WYG_027-4a
054.md	59	KR2a0036_WYG_027-4b
054.md	67	KR2a0036_WYG_027-5a
054.md	75	KR2a0036_WYG_027-5b
054.md	83	KR2a0036_WYG_027-6a
054.md	91	KR2a0036_WYG_027-6b
054.md	99	KR2a0036_WYG_027-7a
054.md	107	KR2a0036_WYG_027-7b
054.md	115	KR2a0036_WYG_027-8a
054.md	123	KR2a0036_WYG_027-8b
054.md	131	KR2a0036_WYG_027-9a
054.md	139	KR2a0036_WYG_027-9b
054.md	147	KR2a0036_WYG_027-10a
054.md	155	KR2a0036_WYG_027-10b
054.md	163	KR2a0036_WYG_027-11a
054.md	171	KR2a0036_WYG_027-11b
054.md	179	KR2a0036_WYG_027-12a
054.md	187	KR2a0036_WYG_027-12b
054.md	195	KR2a0036_WYG_027-13a
054.md	203	KR2a0036_WYG_027-13b
054.md	211	KR2a0036_WYG_027-14a
054.md	219	KR2a0036_WYG_027-14b
054.md	227	KR2a0036_WYG_027-15a
054.md	235	KR2a0036_WYG_027-15b
054.md	243	KR2a0036_WYG_027-16a
054.md	251	KR2a0036_WYG_027-16b
054.md	259	KR2a0036_WYG_027-17a
054.md	267	KR2a0036_WYG_027-17b
054.md	275	KR2a0036_WYG_027-18a
054.md	283	KR2a0036_WYG_027-18b
054.md	291	KR2a0036_WYG_027-19a
054.md	299	KR2a0036_WYG_027-19b
054.md	307	KR2a0036_WYG_027-20a
054.md	315	KR2a0036_WYG_027-20b
054.md	323	KR2a0036_WYG_027-21a
054.md	331	KR2a0036_WYG_027-21b
054.md	339	KR2a0036_WYG_027-22a
054.md	347	KR2a0036_WYG_027-22b
054.md	355	KR2a0036_WYG_027-23a
054.md	363	KR2a0036_WYG_027-23b
054.md	371	KR2a0036_WYG_027-24a
054.md	379	KR2a0036_WYG_027-24b
054.md	387	KR2a0036_WYG_027-25a
054.md	395	KR2a0036_WYG_027-25b
054.md	403	KR2a0036_WYG_027-26a
054.md	411	KR2a0036_WYG_027-26b
054.md	419	KR2a0036_WYG_027-27a
054.md	427	KR2a0036_WYG_027-27b
055.md	3	KR2a0036_WYG_027-28a
055.md	11	KR2a0036_WYG_027-28b
056.md	3	KR2a0036_WYG_028-1a
056.md	11	KR2a0036_WYG_028-1b
056.md	19	KR2a0036_WYG_028-2a
056.md	27	KR2a0036_WYG_028-2b
056.md	35	KR2a0036_WYG_028-3a
056.md	43	KR2a0036_WYG_028-3b
056.md	51	KR2a0036_WYG_028-4a
056.md	59	KR2a0036_WYG_028-4b
056.md	67	KR2a0036_WYG_028-5a
056.md	75	KR2a0036_WYG_028-5b
056.md	83	KR2a0036_WYG_028-6a
056.md	91	KR2a0036_WYG_028-6b
056.md	99	KR2a0036_WYG_028-7a
056.md	107	KR2a0036_WYG_028-7b
056.md	115	KR2a0036_WYG_028-8a
056.md	123	KR2a0036_WYG_028-8b
056.md	131	KR2a0036_WYG_028-9a
056.md	139	KR2a0036_WYG_028-9b
056.md	147	KR2a0036_WYG_028-10a
056.md	155	KR2a0036_WYG_028-10b
056.md	163	KR2a0036_WYG_028-11a
056.md	171	KR2a0036_WYG_028-11b
056.md	179	KR2a0036_WYG_028-12a
056.md	187	KR2a0036_WYG_028-12b
056.md	195	KR2a0036_WYG_028-13a
056.md	203	KR2a0036_WYG_028-13b
056.md	211	KR2a0036_WYG_028-14a
056.md	219	KR2a0036_WYG_028-14b
056.md	227	KR2a0036_WYG_028-15a
056.md	235	KR2a0036_WYG_028-15b
056.md	243	KR2a0036_WYG_028-16a
056.md	251	KR2a0036_WYG_028-16b
056.md	259	KR2a0036_WYG_028-17a
056.md	267	KR2a0036_WYG_028-17b
056.md	275	KR2a0036_WYG_028-18a
056.md	283	KR2a0036_WYG_028-18b
056.md	291	KR2a0036_WYG_028-19a
056.md	299	KR2a0036_WYG_028-19b
056.md	307	KR2a0036_WYG_028-20a
056.md	315	KR2a0036_WYG_028-20b
056.md	323	KR2a0036_WYG_028-21a
056.md	331	KR2a0036_WYG_028-21b
057.md	3	KR2a0036_WYG_028-22a
057.md	11	KR2a0036_WYG_028-22b
057.md	19	KR2a0036_WYG_028-23a
058.md	3	KR2a0036_WYG_029-1a
058.md	11	KR2a0036_WYG_029-1b
058.md	19	KR2a0036_WYG_029-2a
058.md	27	KR2a0036_WYG_029-2b
058.md	35	KR2a0036_WYG_029-3a
058.md	43	KR2a0036_WYG_029-3b
058.md	51	KR2a0036_WYG_029-4a
058.md	59	KR2a0036_WYG_029-4b
058.md	67	KR2a0036_WYG_029-5a
058.md	75	KR2a0036_WYG_029-5b
058.md	83	KR2a0036_WYG_029-6a
058.md	91	KR2a0036_WYG_029-6b
058.md	99	KR2a0036_WYG_029-7a
058.md	107	KR2a0036_WYG_029-7b
058.md	115	KR2a0036_WYG_029-8a
058.md	123	KR2a0036_WYG_029-8b
058.md	131	KR2a0036_WYG_029-9a
058.md	139	KR2a0036_WYG_029-9b
058.md	147	KR2a0036_WYG_029-10a
058.md	155	KR2a0036_WYG_029-10b
058.md	163	KR2a0036_WYG_029-11a
058.md	171	KR2a0036_WYG_029-11b
058.md	179	KR2a0036_WYG_029-12a
058.md	187	KR2a0036_WYG_029-12b
058.md	195	KR2a0036_WYG_029-13a
058.md	203	KR2a0036_WYG_029-13b
058.md	211	KR2a0036_WYG_029-14a
058.md	219	KR2a0036_WYG_029-14b
058.md	227	KR2a0036_WYG_029-15a
058.md	235	KR2a0036_WYG_029-15b
058.md	243	KR2a0036_WYG_029-16a
058.md	251	KR2a0036_WYG_029-16b
058.md	259	KR2a0036_WYG_029-17a
058.md	267	KR2a0036_WYG_029-17b
058.md	275	KR2a0036_WYG_029-18a
058.md	283	KR2a0036_WYG_029-18b
058.md	291	KR2a0036_WYG_029-19a
058.md	299	KR2a0036_WYG_029-19b
058.md	307	KR2a0036_WYG_029-20a
058.md	315	KR2a0036_WYG_029-20b
058.md	323	KR2a0036_WYG_029-21a
058.md	331	KR2a0036_WYG_029-21b
058.md	339	KR2a0036_WYG_029-22a
058.md	347	KR2a0036_WYG_029-22b
058.md	355	KR2a0036_WYG_029-23a
058.md	363	KR2a0036_WYG_029-23b
058.md	371	KR2a0036_WYG_029-24a
058.md	379	KR2a0036_WYG_029-24b
058.md	387	KR2a0036_WYG_029-25a
058.md	395	KR2a0036_WYG_029-25b
058.md	403	KR2a0036_WYG_029-26a
058.md	411	KR2a0036_WYG_029-26b
058.md	419	KR2a0036_WYG_029-27a
058.md	427	KR2a0036_WYG_029-27b
058.md	435	KR2a0036_WYG_029-28a
058.md	443	KR2a0036_WYG_029-28b
058.md	451	KR2a0036_WYG_029-29a
058.md	459	KR2a0036_WYG_029-29b
058.md	467	KR2a0036_WYG_029-30a
058.md	475	KR2a0036_WYG_029-30b
058.md	483	KR2a0036_WYG_029-31a
058.md	491	KR2a0036_WYG_029-31b
058.md	499	KR2a0036_WYG_029-32a
058.md	507	KR2a0036_WYG_029-32b
058.md	515	KR2a0036_WYG_029-33a
058.md	523	KR2a0036_WYG_029-33b
058.md	531	KR2a0036_WYG_029-34a
058.md	539	KR2a0036_WYG_029-34b
058.md	547	KR2a0036_WYG_029-35a
058.md	555	KR2a0036_WYG_029-35b
058.md	563	KR2a0036_WYG_029-36a
058.md	571	KR2a0036_WYG_029-36b
058.md	579	KR2a0036_WYG_029-37a
058.md	587	KR2a0036_WYG_029-37b
059.md	3	KR2a0036_WYG_029-38a
059.md	11	KR2a0036_WYG_029-38b
059.md	19	KR2a0036_WYG_029-39a
060.md	3	KR2a0036_WYG_030-1a
060.md	11	KR2a0036_WYG_030-1b
060.md	19	KR2a0036_WYG_030-2a
060.md	27	KR2a0036_WYG_030-2b
060.md	35	KR2a0036_WYG_030-3a
060.md	43	KR2a0036_WYG_030-3b
060.md	51	KR2a0036_WYG_030-4a
060.md	59	KR2a0036_WYG_030-4b
060.md	67	KR2a0036_WYG_030-5a
060.md	75	KR2a0036_WYG_030-5b
060.md	83	KR2a0036_WYG_030-6a
060.md	91	KR2a0036_WYG_030-6b
060.md	99	KR2a0036_WYG_030-7a
060.md	107	KR2a0036_WYG_030-7b
060.md	115	KR2a0036_WYG_030-8a
060.md	123	KR2a0036_WYG_030-8b
060.md	131	KR2a0036_WYG_030-9a
060.md	139	KR2a0036_WYG_030-9b
060.md	147	KR2a0036_WYG_030-10a
060.md	155	KR2a0036_WYG_030-10b
060.md	163	KR2a0036_WYG_030-11a
060.md	171	KR2a0036_WYG_030-11b
060.md	179	KR2a0036_WYG_030-12a
060.md	187	KR2a0036_WYG_030-12b
060.md	195	KR2a0036_WYG_030-13a
060.md	203	KR2a0036_WYG_030-13b
060.md	211	KR2a0036_WYG_030-14a
060.md	219	KR2a0036_WYG_030-14b
060.md	227	KR2a0036_WYG_030-15a
060.md	235	KR2a0036_WYG_030-15b
060.md	243	KR2a0036_WYG_030-16a
060.md	251	KR2a0036_WYG_030-16b
060.md	259	KR2a0036_WYG_030-17a
060.md	267	KR2a0036_WYG_030-17b
060.md	275	KR2a0036_WYG_030-18a
060.md	283	KR2a0036_WYG_030-18b
060.md	291	KR2a0036_WYG_030-19a
060.md	299	KR2a0036_WYG_030-19b
060.md	307	KR2a0036_WYG_030-20a
060.md	315	KR2a0036_WYG_030-20b
060.md	323	KR2a0036_WYG_030-21a
060.md	331	KR2a0036_WYG_030-21b
060.md	339	KR2a0036_WYG_030-22a
060.md	347	KR2a0036_WYG_030-22b
060.md	355	KR2a0036_WYG_030-23a
060.md	363	KR2a0036_WYG_030-23b
060.md	371	KR2a0036_WYG_030-24a
060.md	379	KR2a0036_WYG_030-24b
060.md	387	KR2a0036_WYG_030-25a
060.md	395	KR2a0036_WYG_030-25b
060.md	403	KR2a0036_WYG_030-26a
060.md	411	KR2a0036_WYG_030-26b
060.md	419	KR2a0036_WYG_030-27a
060.md	427	KR2a0036_WYG_030-27b
060.md	435	KR2a0036_WYG_030-28a
060.md	443	KR2a0036_WYG_030-28b
060.md	451	KR2a0036_WYG_030-29a
060.md	459	KR2a0036_WYG_030-29b
061.md	3	KR2a0036_WYG_030-30a
061.md	11	KR2a0036_WYG_030-30b
061.md	19	KR2a0036_WYG_030-31a
062.md	3	KR2a0036_WYG_031-1a
062.md	11	KR2a0036_WYG_031-1b
062.md	19	KR2a0036_WYG_031-2a
062.md	27	KR2a0036_WYG_031-2b
062.md	35	KR2a0036_WYG_031-3a
062.md	43	KR2a0036_WYG_031-3b
062.md	51	KR2a0036_WYG_031-4a
062.md	59	KR2a0036_WYG_031-4b
062.md	67	KR2a0036_WYG_031-5a
062.md	75	KR2a0036_WYG_031-5b
062.md	83	KR2a0036_WYG_031-6a
062.md	91	KR2a0036_WYG_031-6b
062.md	99	KR2a0036_WYG_031-7a
062.md	107	KR2a0036_WYG_031-7b
062.md	115	KR2a0036_WYG_031-8a
062.md	123	KR2a0036_WYG_031-8b
062.md	131	KR2a0036_WYG_031-9a
062.md	139	KR2a0036_WYG_031-9b
062.md	147	KR2a0036_WYG_031-10a
062.md	155	KR2a0036_WYG_031-10b
062.md	163	KR2a0036_WYG_031-11a
062.md	171	KR2a0036_WYG_031-11b
062.md	179	KR2a0036_WYG_031-12a
062.md	187	KR2a0036_WYG_031-12b
063.md	3	KR2a0036_WYG_031-13a
064.md	3	KR2a0036_WYG_032-1a
064.md	11	KR2a0036_WYG_032-1b
064.md	19	KR2a0036_WYG_032-2a
064.md	27	KR2a0036_WYG_032-2b
064.md	35	KR2a0036_WYG_032-3a
064.md	43	KR2a0036_WYG_032-3b
064.md	51	KR2a0036_WYG_032-4a
064.md	59	KR2a0036_WYG_032-4b
064.md	67	KR2a0036_WYG_032-5a
064.md	75	KR2a0036_WYG_032-5b
064.md	83	KR2a0036_WYG_032-6a
064.md	91	KR2a0036_WYG_032-6b
064.md	99	KR2a0036_WYG_032-7a
064.md	107	KR2a0036_WYG_032-7b
064.md	115	KR2a0036_WYG_032-8a
064.md	123	KR2a0036_WYG_032-8b
064.md	131	KR2a0036_WYG_032-9a
064.md	139	KR2a0036_WYG_032-9b
064.md	147	KR2a0036_WYG_032-10a
064.md	155	KR2a0036_WYG_032-10b
064.md	163	KR2a0036_WYG_032-11a
064.md	171	KR2a0036_WYG_032-11b
064.md	179	KR2a0036_WYG_032-12a
064.md	187	KR2a0036_WYG_032-12b
064.md	195	KR2a0036_WYG_032-13a
064.md	203	KR2a0036_WYG_032-13b
064.md	211	KR2a0036_WYG_032-14a
064.md	219	KR2a0036_WYG_032-14b
064.md	227	KR2a0036_WYG_032-15a
064.md	235	KR2a0036_WYG_032-15b
064.md	243	KR2a0036_WYG_032-16a
064.md	251	KR2a0036_WYG_032-16b
064.md	259	KR2a0036_WYG_032-17a
064.md	267	KR2a0036_WYG_032-17b
064.md	275	KR2a0036_WYG_032-18a
064.md	283	KR2a0036_WYG_032-18b
064.md	291	KR2a0036_WYG_032-19a
064.md	299	KR2a0036_WYG_032-19b
064.md	307	KR2a0036_WYG_032-20a
064.md	315	KR2a0036_WYG_032-20b
064.md	323	KR2a0036_WYG_032-21a
064.md	331	KR2a0036_WYG_032-21b
064.md	339	KR2a0036_WYG_032-22a
064.md	347	KR2a0036_WYG_032-22b
064.md	355	KR2a0036_WYG_032-23a
064.md	363	KR2a0036_WYG_032-23b
064.md	371	KR2a0036_WYG_032-24a
064.md	379	KR2a0036_WYG_032-24b
064.md	387	KR2a0036_WYG_032-25a
064.md	395	KR2a0036_WYG_032-25b
064.md	403	KR2a0036_WYG_032-26a
064.md	411	KR2a0036_WYG_032-26b
064.md	419	KR2a0036_WYG_032-27a
064.md	427	KR2a0036_WYG_032-27b
064.md	435	KR2a0036_WYG_032-28a
064.md	443	KR2a0036_WYG_032-28b
064.md	451	KR2a0036_WYG_032-29a
064.md	459	KR2a0036_WYG_032-29b
064.md	467	KR2a0036_WYG_032-30a
064.md	475	KR2a0036_WYG_032-30b
064.md	483	KR2a0036_WYG_032-31a
064.md	491	KR2a0036_WYG_032-31b
064.md	499	KR2a0036_WYG_032-32a
064.md	507	KR2a0036_WYG_032-32b
065.md	3	KR2a0036_WYG_032-33a
065.md	11	KR2a0036_WYG_032-33b
065.md	19	KR2a0036_WYG_032-34a
066.md	3	KR2a0036_WYG_033-1a
066.md	11	KR2a0036_WYG_033-1b
066.md	19	KR2a0036_WYG_033-2a
066.md	27	KR2a0036_WYG_033-2b
066.md	35	KR2a0036_WYG_033-3a
066.md	43	KR2a0036_WYG_033-3b
066.md	51	KR2a0036_WYG_033-4a
066.md	59	KR2a0036_WYG_033-4b
066.md	67	KR2a0036_WYG_033-5a
066.md	75	KR2a0036_WYG_033-5b
066.md	83	KR2a0036_WYG_033-6a
066.md	91	KR2a0036_WYG_033-6b
066.md	99	KR2a0036_WYG_033-7a
066.md	107	KR2a0036_WYG_033-7b
066.md	115	KR2a0036_WYG_033-8a
066.md	123	KR2a0036_WYG_033-8b
066.md	131	KR2a0036_WYG_033-9a
066.md	139	KR2a0036_WYG_033-9b
066.md	147	KR2a0036_WYG_033-10a
066.md	155	KR2a0036_WYG_033-10b
066.md	163	KR2a0036_WYG_033-11a
066.md	171	KR2a0036_WYG_033-11b
066.md	179	KR2a0036_WYG_033-12a
066.md	187	KR2a0036_WYG_033-12b
066.md	195	KR2a0036_WYG_033-13a
066.md	203	KR2a0036_WYG_033-13b
066.md	211	KR2a0036_WYG_033-14a
066.md	219	KR2a0036_WYG_033-14b
066.md	227	KR2a0036_WYG_033-15a
066.md	235	KR2a0036_WYG_033-15b
066.md	243	KR2a0036_WYG_033-16a
066.md	251	KR2a0036_WYG_033-16b
066.md	259	KR2a0036_WYG_033-17a
066.md	267	KR2a0036_WYG_033-17b
066.md	275	KR2a0036_WYG_033-18a
066.md	283	KR2a0036_WYG_033-18b
066.md	291	KR2a0036_WYG_033-19a
066.md	299	KR2a0036_WYG_033-19b
066.md	307	KR2a0036_WYG_033-20a
066.md	315	KR2a0036_WYG_033-20b
066.md	323	KR2a0036_WYG_033-21a
066.md	331	KR2a0036_WYG_033-21b
066.md	339	KR2a0036_WYG_033-22a
066.md	347	KR2a0036_WYG_033-22b
066.md	355	KR2a0036_WYG_033-23a
066.md	363	KR2a0036_WYG_033-23b
066.md	371	KR2a0036_WYG_033-24a
066.md	379	KR2a0036_WYG_033-24b
066.md	387	KR2a0036_WYG_033-25a
066.md	395	KR2a0036_WYG_033-25b
066.md	403	KR2a0036_WYG_033-26a
066.md	411	KR2a0036_WYG_033-26b
066.md	419	KR2a0036_WYG_033-27a
066.md	427	KR2a0036_WYG_033-27b
066.md	435	KR2a0036_WYG_033-28a
066.md	443	KR2a0036_WYG_033-28b
066.md	451	KR2a0036_WYG_033-29a
066.md	459	KR2a0036_WYG_033-29b
066.md	467	KR2a0036_WYG_033-30a
066.md	475	KR2a0036_WYG_033-30b
067.md	3	KR2a0036_WYG_033-31a
068.md	3	KR2a0036_WYG_034-1a
068.md	11	KR2a0036_WYG_034-1b
068.md	19	KR2a0036_WYG_034-2a
068.md	27	KR2a0036_WYG_034-2b
068.md	35	KR2a0036_WYG_034-3a
068.md	43	KR2a0036_WYG_034-3b
068.md	51	KR2a0036_WYG_034-4a
068.md	59	KR2a0036_WYG_034-4b
068.md	67	KR2a0036_WYG_034-5a
068.md	75	KR2a0036_WYG_034-5b
068.md	83	KR2a0036_WYG_034-6a
068.md	91	KR2a0036_WYG_034-6b
068.md	99	KR2a0036_WYG_034-7a
068.md	107	KR2a0036_WYG_034-7b
068.md	115	KR2a0036_WYG_034-8a
068.md	123	KR2a0036_WYG_034-8b
068.md	131	KR2a0036_WYG_034-9a
068.md	139	KR2a0036_WYG_034-9b
068.md	147	KR2a0036_WYG_034-10a
068.md	155	KR2a0036_WYG_034-10b
068.md	163	KR2a0036_WYG_034-11a
068.md	171	KR2a0036_WYG_034-11b
068.md	179	KR2a0036_WYG_034-12a
068.md	187	KR2a0036_WYG_034-12b
068.md	195	KR2a0036_WYG_034-13a
068.md	203	KR2a0036_WYG_034-13b
068.md	211	KR2a0036_WYG_034-14a
068.md	219	KR2a0036_WYG_034-14b
068.md	227	KR2a0036_WYG_034-15a
068.md	235	KR2a0036_WYG_034-15b
068.md	243	KR2a0036_WYG_034-16a
068.md	251	KR2a0036_WYG_034-16b
068.md	259	KR2a0036_WYG_034-17a
068.md	267	KR2a0036_WYG_034-17b
068.md	275	KR2a0036_WYG_034-18a
068.md	283	KR2a0036_WYG_034-18b
068.md	291	KR2a0036_WYG_034-19a
068.md	299	KR2a0036_WYG_034-19b
068.md	307	KR2a0036_WYG_034-20a
068.md	315	KR2a0036_WYG_034-20b
068.md	323	KR2a0036_WYG_034-21a
068.md	331	KR2a0036_WYG_034-21b
068.md	339	KR2a0036_WYG_034-22a
068.md	347	KR2a0036_WYG_034-22b
068.md	355	KR2a0036_WYG_034-23a
068.md	363	KR2a0036_WYG_034-23b
068.md	371	KR2a0036_WYG_034-24a
068.md	379	KR2a0036_WYG_034-24b
068.md	387	KR2a0036_WYG_034-25a
068.md	395	KR2a0036_WYG_034-25b
068.md	403	KR2a0036_WYG_034-26a
068.md	411	KR2a0036_WYG_034-26b
068.md	419	KR2a0036_WYG_034-27a
068.md	427	KR2a0036_WYG_034-27b
068.md	435	KR2a0036_WYG_034-28a
068.md	443	KR2a0036_WYG_034-28b
068.md	451	KR2a0036_WYG_034-29a
068.md	459	KR2a0036_WYG_034-29b
068.md	467	KR2a0036_WYG_034-30a
068.md	475	KR2a0036_WYG_034-30b
068.md	483	KR2a0036_WYG_034-31a
068.md	491	KR2a0036_WYG_034-31b
068.md	499	KR2a0036_WYG_034-32a
068.md	507	KR2a0036_WYG_034-32b
068.md	515	KR2a0036_WYG_034-33a
068.md	523	KR2a0036_WYG_034-33b
069.md	3	KR2a0036_WYG_034-34a
069.md	11	KR2a0036_WYG_034-34b
070.md	3	KR2a0036_WYG_035-1a
070.md	11	KR2a0036_WYG_035-1b
070.md	19	KR2a0036_WYG_035-2a
070.md	27	KR2a0036_WYG_035-2b
070.md	35	KR2a0036_WYG_035-3a
070.md	43	KR2a0036_WYG_035-3b
070.md	51	KR2a0036_WYG_035-4a
070.md	59	KR2a0036_WYG_035-4b
070.md	67	KR2a0036_WYG_035-5a
070.md	75	KR2a0036_WYG_035-5b
070.md	83	KR2a0036_WYG_035-6a
070.md	91	KR2a0036_WYG_035-6b
070.md	99	KR2a0036_WYG_035-7a
070.md	107	KR2a0036_WYG_035-7b
070.md	115	KR2a0036_WYG_035-8a
070.md	123	KR2a0036_WYG_035-8b
070.md	131	KR2a0036_WYG_035-9a
070.md	139	KR2a0036_WYG_035-9b
070.md	147	KR2a0036_WYG_035-10a
070.md	155	KR2a0036_WYG_035-10b
070.md	163	KR2a0036_WYG_035-11a
070.md	171	KR2a0036_WYG_035-11b
070.md	179	KR2a0036_WYG_035-12a
070.md	187	KR2a0036_WYG_035-12b
070.md	195	KR2a0036_WYG_035-13a
070.md	203	KR2a0036_WYG_035-13b
070.md	211	KR2a0036_WYG_035-14a
070.md	219	KR2a0036_WYG_035-14b
070.md	227	KR2a0036_WYG_035-15a
070.md	235	KR2a0036_WYG_035-15b
070.md	243	KR2a0036_WYG_035-16a
070.md	251	KR2a0036_WYG_035-16b
070.md	259	KR2a0036_WYG_035-17a
070.md	267	KR2a0036_WYG_035-17b
070.md	275	KR2a0036_WYG_035-18a
070.md	283	KR2a0036_WYG_035-18b
070.md	291	KR2a0036_WYG_035-19a
070.md	299	KR2a0036_WYG_035-19b
070.md	307	KR2a0036_WYG_035-20a
070.md	315	KR2a0036_WYG_035-20b
070.md	323	KR2a0036_WYG_035-21a
070.md	331	KR2a0036_WYG_035-21b
070.md	339	KR2a0036_WYG_035-22a
070.md	347	KR2a0036_WYG_035-22b
070.md	355	KR2a0036_WYG_035-23a
070.md	363	KR2a0036_WYG_035-23b
070.md	371	KR2a0036_WYG_035-24a
070.md	379	KR2a0036_WYG_035-24b
070.md	387	KR2a0036_WYG_035-25a
070.md	395	KR2a0036_WYG_035-25b
070.md	403	KR2a0036_WYG_035-26a
070.md	411	KR2a0036_WYG_035-26b
070.md	419	KR2a0036_WYG_035-27a
070.md	427	KR2a0036_WYG_035-27b
070.md	435	KR2a0036_WYG_035-28a
070.md	443	KR2a0036_WYG_035-28b
070.md	451	KR2a0036_WYG_035-29a
070.md	459	KR2a0036_WYG_035-29b
070.md	467	KR2a0036_WYG_035-30a
070.md	475	KR2a0036_WYG_035-30b
070.md	483	KR2a0036_WYG_035-31a
070.md	491	KR2a0036_WYG_035-31b
070.md	499	KR2a0036_WYG_035-32a
070.md	507	KR2a0036_WYG_035-32b
070.md	515	KR2a0036_WYG_035-33a
070.md	523	KR2a0036_WYG_035-33b
071.md	3	KR2a0036_WYG_035-34a
071.md	11	KR2a0036_WYG_035-34b
072.md	3	KR2a0036_WYG_036-1a
072.md	11	KR2a0036_WYG_036-1b
072.md	19	KR2a0036_WYG_036-2a
072.md	27	KR2a0036_WYG_036-2b
072.md	35	KR2a0036_WYG_036-3a
072.md	43	KR2a0036_WYG_036-3b
072.md	51	KR2a0036_WYG_036-4a
072.md	59	KR2a0036_WYG_036-4b
072.md	67	KR2a0036_WYG_036-5a
072.md	75	KR2a0036_WYG_036-5b
072.md	83	KR2a0036_WYG_036-6a
072.md	91	KR2a0036_WYG_036-6b
072.md	99	KR2a0036_WYG_036-7a
072.md	107	KR2a0036_WYG_036-7b
072.md	115	KR2a0036_WYG_036-8a
072.md	123	KR2a0036_WYG_036-8b
072.md	131	KR2a0036_WYG_036-9a
072.md	139	KR2a0036_WYG_036-9b
072.md	147	KR2a0036_WYG_036-10a
072.md	155	KR2a0036_WYG_036-10b
072.md	163	KR2a0036_WYG_036-11a
072.md	171	KR2a0036_WYG_036-11b
073.md	3	KR2a0036_WYG_036-12a
073.md	11	KR2a0036_WYG_036-12b
073.md	19	KR2a0036_WYG_036-13a
074.md	3	KR2a0036_WYG_037-1a
074.md	11	KR2a0036_WYG_037-1b
074.md	19	KR2a0036_WYG_037-2a
074.md	27	KR2a0036_WYG_037-2b
074.md	35	KR2a0036_WYG_037-3a
074.md	43	KR2a0036_WYG_037-3b
074.md	51	KR2a0036_WYG_037-4a
074.md	59	KR2a0036_WYG_037-4b
074.md	67	KR2a0036_WYG_037-5a
074.md	75	KR2a0036_WYG_037-5b
074.md	83	KR2a0036_WYG_037-6a
074.md	91	KR2a0036_WYG_037-6b
075.md	3	KR2a0036_WYG_037-7a
076.md	3	KR2a0036_WYG_038-1a
076.md	11	KR2a0036_WYG_038-1b
076.md	19	KR2a0036_WYG_038-2a
076.md	27	KR2a0036_WYG_038-2b
076.md	35	KR2a0036_WYG_038-3a
076.md	43	KR2a0036_WYG_038-3b
076.md	51	KR2a0036_WYG_038-4a
076.md	59	KR2a0036_WYG_038-4b
076.md	67	KR2a0036_WYG_038-5a
076.md	75	KR2a0036_WYG_038-5b
076.md	83	KR2a0036_WYG_038-6a
076.md	91	KR2a0036_WYG_038-6b
076.md	99	KR2a0036_WYG_038-7a
076.md	107	KR2a0036_WYG_038-7b
076.md	115	KR2a0036_WYG_038-8a
076.md	123	KR2a0036_WYG_038-8b
076.md	131	KR2a0036_WYG_038-9a
076.md	139	KR2a0036_WYG_038-9b
076.md	147	KR2a0036_WYG_038-10a
076.md	155	KR2a0036_WYG_038-10b
076.md	163	KR2a0036_WYG_038-11a
076.md	171	KR2a0036_WYG_038-11b
076.md	179	KR2a0036_WYG_038-12a
076.md	187	KR2a0036_WYG_038-12b
076.md	195	KR2a0036_WYG_038-13a
076.md	203	KR2a0036_WYG_038-13b
076.md	211	KR2a0036_WYG_038-14a
076.md	219	KR2a0036_WYG_038-14b
076.md	227	KR2a0036_WYG_038-15a
076.md	235	KR2a0036_WYG_038-15b
076.md	243	KR2a0036_WYG_038-16a
076.md	251	KR2a0036_WYG_038-16b
076.md	259	KR2a0036_WYG_038-17a
076.md	267	KR2a0036_WYG_038-17b
076.md	275	KR2a0036_WYG_038-18a
076.md	283	KR2a0036_WYG_038-18b
076.md	291	KR2a0036_WYG_038-19a
076.md	299	KR2a0036_WYG_038-19b
076.md	307	KR2a0036_WYG_038-20a
076.md	315	KR2a0036_WYG_038-20b
076.md	323	KR2a0036_WYG_038-21a
076.md	331	KR2a0036_WYG_038-21b
076.md	339	KR2a0036_WYG_038-22a
076.md	347	KR2a0036_WYG_038-22b
076.md	355	KR2a0036_WYG_038-23a
076.md	363	KR2a0036_WYG_038-23b
077.md	3	KR2a0036_WYG_038-24a
077.md	11	KR2a0036_WYG_038-24b
077.md	19	KR2a0036_WYG_038-25a
078.md	3	KR2a0036_WYG_039-1a
078.md	11	KR2a0036_WYG_039-1b
078.md	19	KR2a0036_WYG_039-2a
078.md	27	KR2a0036_WYG_039-2b
078.md	35	KR2a0036_WYG_039-3a
078.md	43	KR2a0036_WYG_039-3b
078.md	51	KR2a0036_WYG_039-4a
078.md	59	KR2a0036_WYG_039-4b
078.md	67	KR2a0036_WYG_039-5a
078.md	75	KR2a0036_WYG_039-5b
078.md	83	KR2a0036_WYG_039-6a
078.md	91	KR2a0036_WYG_039-6b
078.md	99	KR2a0036_WYG_039-7a
078.md	107	KR2a0036_WYG_039-7b
078.md	115	KR2a0036_WYG_039-8a
078.md	123	KR2a0036_WYG_039-8b
078.md	131	KR2a0036_WYG_039-9a
078.md	139	KR2a0036_WYG_039-9b
078.md	147	KR2a0036_WYG_039-10a
078.md	155	KR2a0036_WYG_039-10b
078.md	163	KR2a0036_WYG_039-11a
078.md	171	KR2a0036_WYG_039-11b
078.md	179	KR2a0036_WYG_039-12a
078.md	187	KR2a0036_WYG_039-12b
078.md	195	KR2a0036_WYG_039-13a
078.md	203	KR2a0036_WYG_039-13b
078.md	211	KR2a0036_WYG_039-14a
078.md	219	KR2a0036_WYG_039-14b
078.md	227	KR2a0036_WYG_039-15a
078.md	235	KR2a0036_WYG_039-15b
078.md	243	KR2a0036_WYG_039-16a
078.md	251	KR2a0036_WYG_039-16b
078.md	259	KR2a0036_WYG_039-17a
078.md	267	KR2a0036_WYG_039-17b
078.md	275	KR2a0036_WYG_039-18a
078.md	283	KR2a0036_WYG_039-18b
078.md	291	KR2a0036_WYG_039-19a
078.md	299	KR2a0036_WYG_039-19b
079.md	3	KR2a0036_WYG_039-20a
080.md	3	KR2a0036_WYG_040-1a
080.md	11	KR2a0036_WYG_040-1b
080.md	19	KR2a0036_WYG_040-2a
080.md	27	KR2a0036_WYG_040-2b
080.md	35	KR2a0036_WYG_040-3a
080.md	43	KR2a0036_WYG_040-3b
080.md	51	KR2a0036_WYG_040-4a
080.md	59	KR2a0036_WYG_040-4b
080.md	67	KR2a0036_WYG_040-5a
080.md	75	KR2a0036_WYG_040-5b
080.md	83	KR2a0036_WYG_040-6a
080.md	91	KR2a0036_WYG_040-6b
080.md	99	KR2a0036_WYG_040-7a
080.md	107	KR2a0036_WYG_040-7b
080.md	115	KR2a0036_WYG_040-8a
080.md	123	KR2a0036_WYG_040-8b
080.md	131	KR2a0036_WYG_040-9a
080.md	139	KR2a0036_WYG_040-9b
080.md	147	KR2a0036_WYG_040-10a
080.md	155	KR2a0036_WYG_040-10b
080.md	163	KR2a0036_WYG_040-11a
080.md	171	KR2a0036_WYG_040-11b
080.md	179	KR2a0036_WYG_040-12a
080.md	187	KR2a0036_WYG_040-12b
080.md	195	KR2a0036_WYG_040-13a
080.md	203	KR2a0036_WYG_040-13b
080.md	211	KR2a0036_WYG_040-14a
080.md	219	KR2a0036_WYG_040-14b
080.md	227	KR2a0036_WYG_040-15a
080.md	235	KR2a0036_WYG_040-15b
080.md	243	KR2a0036_WYG_040-16a
080.md	251	KR2a0036_WYG_040-16b
080.md	259	KR2a0036_WYG_040-17a
080.md	267	KR2a0036_WYG_040-17b
080.md	275	KR2a0036_WYG_040-18a
080.md	283	KR2a0036_WYG_040-18b
081.md	3	KR2a0036_WYG_040-19a
081.md	11	KR2a0036_WYG_040-19b
081.md	19	KR2a0036_WYG_040-20a
081.md	27	KR2a0036_WYG_040-20b
082.md	3	KR2a0036_WYG_041-1a
082.md	11	KR2a0036_WYG_041-1b
082.md	19	KR2a0036_WYG_041-2a
082.md	27	KR2a0036_WYG_041-2b
082.md	35	KR2a0036_WYG_041-3a
082.md	43	KR2a0036_WYG_041-3b
082.md	51	KR2a0036_WYG_041-4a
082.md	59	KR2a0036_WYG_041-4b
082.md	67	KR2a0036_WYG_041-5a
082.md	75	KR2a0036_WYG_041-5b
082.md	83	KR2a0036_WYG_041-6a
082.md	91	KR2a0036_WYG_041-6b
082.md	99	KR2a0036_WYG_041-7a
082.md	107	KR2a0036_WYG_041-7b
082.md	115	KR2a0036_WYG_041-8a
082.md	123	KR2a0036_WYG_041-8b
082.md	131	KR2a0036_WYG_041-9a
082.md	139	KR2a0036_WYG_041-9b
082.md	147	KR2a0036_WYG_041-10a
082.md	155	KR2a0036_WYG_041-10b
082.md	163	KR2a0036_WYG_041-11a
082.md	171	KR2a0036_WYG_041-11b
082.md	179	KR2a0036_WYG_041-12a
082.md	187	KR2a0036_WYG_041-12b
082.md	195	KR2a0036_WYG_041-13a
082.md	203	KR2a0036_WYG_041-13b
082.md	211	KR2a0036_WYG_041-14a
082.md	219	KR2a0036_WYG_041-14b
082.md	227	KR2a0036_WYG_041-15a
082.md	235	KR2a0036_WYG_041-15b
082.md	243	KR2a0036_WYG_041-16a
082.md	251	KR2a0036_WYG_041-16b
082.md	259	KR2a0036_WYG_041-17a
082.md	267	KR2a0036_WYG_041-17b
082.md	275	KR2a0036_WYG_041-18a
082.md	283	KR2a0036_WYG_041-18b
082.md	291	KR2a0036_WYG_041-19a
082.md	299	KR2a0036_WYG_041-19b
082.md	307	KR2a0036_WYG_041-20a
082.md	315	KR2a0036_WYG_041-20b
082.md	323	KR2a0036_WYG_041-21a
082.md	331	KR2a0036_WYG_041-21b
083.md	3	KR2a0036_WYG_041-22a
083.md	11	KR2a0036_WYG_041-22b
084.md	3	KR2a0036_WYG_042-1a
084.md	11	KR2a0036_WYG_042-1b
084.md	19	KR2a0036_WYG_042-2a
084.md	27	KR2a0036_WYG_042-2b
084.md	35	KR2a0036_WYG_042-3a
084.md	43	KR2a0036_WYG_042-3b
084.md	51	KR2a0036_WYG_042-4a
084.md	59	KR2a0036_WYG_042-4b
084.md	67	KR2a0036_WYG_042-5a
084.md	75	KR2a0036_WYG_042-5b
084.md	83	KR2a0036_WYG_042-6a
084.md	91	KR2a0036_WYG_042-6b
084.md	99	KR2a0036_WYG_042-7a
084.md	107	KR2a0036_WYG_042-7b
084.md	115	KR2a0036_WYG_042-8a
084.md	123	KR2a0036_WYG_042-8b
084.md	131	KR2a0036_WYG_042-9a
084.md	139	KR2a0036_WYG_042-9b
084.md	147	KR2a0036_WYG_042-10a
084.md	155	KR2a0036_WYG_042-10b
084.md	163	KR2a0036_WYG_042-11a
084.md	171	KR2a0036_WYG_042-11b
084.md	179	KR2a0036_WYG_042-12a
084.md	187	KR2a0036_WYG_042-12b
084.md	195	KR2a0036_WYG_042-13a
084.md	203	KR2a0036_WYG_042-13b
084.md	211	KR2a0036_WYG_042-14a
084.md	219	KR2a0036_WYG_042-14b
084.md	227	KR2a0036_WYG_042-15a
084.md	235	KR2a0036_WYG_042-15b
084.md	243	KR2a0036_WYG_042-16a
084.md	251	KR2a0036_WYG_042-16b
084.md	259	KR2a0036_WYG_042-17a
084.md	267	KR2a0036_WYG_042-17b
084.md	275	KR2a0036_WYG_042-18a
084.md	283	KR2a0036_WYG_042-18b
084.md	291	KR2a0036_WYG_042-19a
084.md	299	KR2a0036_WYG_042-19b
084.md	307	KR2a0036_WYG_042-20a
084.md	315	KR2a0036_WYG_042-20b
084.md	323	KR2a0036_WYG_042-21a
084.md	331	KR2a0036_WYG_042-21b
084.md	339	KR2a0036_WYG_042-22a
084.md	347	KR2a0036_WYG_042-22b
084.md	355	KR2a0036_WYG_042-23a
084.md	363	KR2a0036_WYG_042-23b
084.md	371	KR2a0036_WYG_042-24a
084.md	379	KR2a0036_WYG_042-24b
084.md	387	KR2a0036_WYG_042-25a
084.md	395	KR2a0036_WYG_042-25b
084.md	403	KR2a0036_WYG_042-26a
084.md	411	KR2a0036_WYG_042-26b
085.md	3	KR2a0036_WYG_042-27a
085.md	11	KR2a0036_WYG_042-27b
086.md	3	KR2a0036_WYG_043-1a
086.md	11	KR2a0036_WYG_043-1b
086.md	19	KR2a0036_WYG_043-2a
086.md	27	KR2a0036_WYG_043-2b
086.md	35	KR2a0036_WYG_043-3a
086.md	43	KR2a0036_WYG_043-3b
086.md	51	KR2a0036_WYG_043-4a
086.md	59	KR2a0036_WYG_043-4b
086.md	67	KR2a0036_WYG_043-5a
086.md	75	KR2a0036_WYG_043-5b
086.md	83	KR2a0036_WYG_043-6a
086.md	91	KR2a0036_WYG_043-6b
086.md	99	KR2a0036_WYG_043-7a
086.md	107	KR2a0036_WYG_043-7b
086.md	115	KR2a0036_WYG_043-8a
086.md	123	KR2a0036_WYG_043-8b
086.md	131	KR2a0036_WYG_043-9a
086.md	139	KR2a0036_WYG_043-9b
086.md	147	KR2a0036_WYG_043-10a
086.md	155	KR2a0036_WYG_043-10b
086.md	163	KR2a0036_WYG_043-11a
086.md	171	KR2a0036_WYG_043-11b
086.md	179	KR2a0036_WYG_043-12a
086.md	187	KR2a0036_WYG_043-12b
086.md	195	KR2a0036_WYG_043-13a
086.md	203	KR2a0036_WYG_043-13b
086.md	211	KR2a0036_WYG_043-14a
086.md	219	KR2a0036_WYG_043-14b
086.md	227	KR2a0036_WYG_043-15a
086.md	235	KR2a0036_WYG_043-15b
086.md	243	KR2a0036_WYG_043-16a
086.md	251	KR2a0036_WYG_043-16b
086.md	259	KR2a0036_WYG_043-17a
086.md	267	KR2a0036_WYG_043-17b
087.md	3	KR2a0036_WYG_043-18a
087.md	11	KR2a0036_WYG_043-18b
087.md	19	KR2a0036_WYG_043-19a
087.md	27	KR2a0036_WYG_043-19b
088.md	3	KR2a0036_WYG_044-1a
088.md	11	KR2a0036_WYG_044-1b
088.md	19	KR2a0036_WYG_044-2a
088.md	27	KR2a0036_WYG_044-2b
088.md	35	KR2a0036_WYG_044-3a
088.md	43	KR2a0036_WYG_044-3b
088.md	51	KR2a0036_WYG_044-4a
088.md	59	KR2a0036_WYG_044-4b
088.md	67	KR2a0036_WYG_044-5a
088.md	75	KR2a0036_WYG_044-5b
088.md	83	KR2a0036_WYG_044-6a
088.md	91	KR2a0036_WYG_044-6b
088.md	99	KR2a0036_WYG_044-7a
088.md	107	KR2a0036_WYG_044-7b
088.md	115	KR2a0036_WYG_044-8a
088.md	123	KR2a0036_WYG_044-8b
088.md	131	KR2a0036_WYG_044-9a
088.md	139	KR2a0036_WYG_044-9b
088.md	147	KR2a0036_WYG_044-10a
088.md	155	KR2a0036_WYG_044-10b
088.md	163	KR2a0036_WYG_044-11a
088.md	171	KR2a0036_WYG_044-11b
088.md	179	KR2a0036_WYG_044-12a
088.md	187	KR2a0036_WYG_044-12b
088.md	195	KR2a0036_WYG_044-13a
088.md	203	KR2a0036_WYG_044-13b
088.md	211	KR2a0036_WYG_044-14a
088.md	219	KR2a0036_WYG_044-14b
088.md	227	KR2a0036_WYG_044-15a
088.md	235	KR2a0036_WYG_044-15b
088.md	243	KR2a0036_WYG_044-16a
088.md	251	KR2a0036_WYG_044-16b
088.md	259	KR2a0036_WYG_044-17a
088.md	267	KR2a0036_WYG_044-17b
088.md	275	KR2a0036_WYG_044-18a
088.md	283	KR2a0036_WYG_044-18b
089.md	3	KR2a0036_WYG_044-19a
089.md	11	KR2a0036_WYG_044-19b
089.md	19	KR2a0036_WYG_044-20a
090.md	3	KR2a0036_WYG_045-1a
090.md	11	KR2a0036_WYG_045-1b
090.md	19	KR2a0036_WYG_045-2a
090.md	27	KR2a0036_WYG_045-2b
090.md	35	KR2a0036_WYG_045-3a
090.md	43	KR2a0036_WYG_045-3b
090.md	51	KR2a0036_WYG_045-4a
090.md	59	KR2a0036_WYG_045-4b
090.md	67	KR2a0036_WYG_045-5a
090.md	75	KR2a0036_WYG_045-5b
090.md	83	KR2a0036_WYG_045-6a
090.md	91	KR2a0036_WYG_045-6b
090.md	99	KR2a0036_WYG_045-7a
090.md	107	KR2a0036_WYG_045-7b
090.md	115	KR2a0036_WYG_045-8a
090.md	123	KR2a0036_WYG_045-8b
090.md	131	KR2a0036_WYG_045-9a
090.md	139	KR2a0036_WYG_045-9b
090.md	147	KR2a0036_WYG_045-10a
090.md	155	KR2a0036_WYG_045-10b
090.md	163	KR2a0036_WYG_045-11a
090.md	171	KR2a0036_WYG_045-11b
090.md	179	KR2a0036_WYG_045-12a
090.md	187	KR2a0036_WYG_045-12b
090.md	195	KR2a0036_WYG_045-13a
090.md	203	KR2a0036_WYG_045-13b
090.md	211	KR2a0036_WYG_045-14a
090.md	219	KR2a0036_WYG_045-14b
090.md	227	KR2a0036_WYG_045-15a
090.md	235	KR2a0036_WYG_045-15b
090.md	243	KR2a0036_WYG_045-16a
090.md	251	KR2a0036_WYG_045-16b
090.md	259	KR2a0036_WYG_045-17a
090.md	267	KR2a0036_WYG_045-17b
090.md	275	KR2a0036_WYG_045-18a
090.md	283	KR2a0036_WYG_045-18b
090.md	291	KR2a0036_WYG_045-19a
090.md	299	KR2a0036_WYG_045-19b
090.md	307	KR2a0036_WYG_045-20a
090.md	315	KR2a0036_WYG_045-20b
090.md	323	KR2a0036_WYG_045-21a
090.md	331	KR2a0036_WYG_045-21b
090.md	339	KR2a0036_WYG_045-22a
090.md	347	KR2a0036_WYG_045-22b
090.md	355	KR2a0036_WYG_045-23a
090.md	363	KR2a0036_WYG_045-23b
090.md	371	KR2a0036_WYG_045-24a
090.md	379	KR2a0036_WYG_045-24b
091.md	3	KR2a0036_WYG_045-25a
091.md	11	KR2a0036_WYG_045-25b
092.md	3	KR2a0036_WYG_046-1a
092.md	11	KR2a0036_WYG_046-1b
092.md	19	KR2a0036_WYG_046-2a
092.md	27	KR2a0036_WYG_046-2b
092.md	35	KR2a0036_WYG_046-3a
092.md	43	KR2a0036_WYG_046-3b
092.md	51	KR2a0036_WYG_046-4a
092.md	59	KR2a0036_WYG_046-4b
092.md	67	KR2a0036_WYG_046-5a
092.md	75	KR2a0036_WYG_046-5b
092.md	83	KR2a0036_WYG_046-6a
092.md	91	KR2a0036_WYG_046-6b
092.md	99	KR2a0036_WYG_046-7a
092.md	107	KR2a0036_WYG_046-7b
092.md	115	KR2a0036_WYG_046-8a
092.md	123	KR2a0036_WYG_046-8b
092.md	131	KR2a0036_WYG_046-9a
092.md	139	KR2a0036_WYG_046-9b
092.md	147	KR2a0036_WYG_046-10a
092.md	155	KR2a0036_WYG_046-10b
092.md	163	KR2a0036_WYG_046-11a
092.md	171	KR2a0036_WYG_046-11b
092.md	179	KR2a0036_WYG_046-12a
092.md	187	KR2a0036_WYG_046-12b
092.md	195	KR2a0036_WYG_046-13a
092.md	203	KR2a0036_WYG_046-13b
092.md	211	KR2a0036_WYG_046-14a
092.md	219	KR2a0036_WYG_046-14b
092.md	227	KR2a0036_WYG_046-15a
092.md	235	KR2a0036_WYG_046-15b
092.md	243	KR2a0036_WYG_046-16a
092.md	251	KR2a0036_WYG_046-16b
092.md	259	KR2a0036_WYG_046-17a
092.md	267	KR2a0036_WYG_046-17b
092.md	275	KR2a0036_WYG_046-18a
092.md	283	KR2a0036_WYG_046-18b
092.md	291	KR2a0036_WYG_046-19a
092.md	299	KR2a0036_WYG_046-19b
092.md	307	KR2a0036_WYG_046-20a
092.md	315	KR2a0036_WYG_046-20b
092.md	323	KR2a0036_WYG_046-21a
092.md	331	KR2a0036_WYG_046-21b
092.md	339	KR2a0036_WYG_046-22a
092.md	347	KR2a0036_WYG_046-22b
093.md	3	KR2a0036_WYG_046-23a
093.md	11	KR2a0036_WYG_046-23b
094.md	3	KR2a0036_WYG_047-1a
094.md	11	KR2a0036_WYG_047-1b
094.md	19	KR2a0036_WYG_047-2a
094.md	27	KR2a0036_WYG_047-2b
094.md	35	KR2a0036_WYG_047-3a
094.md	43	KR2a0036_WYG_047-3b
094.md	51	KR2a0036_WYG_047-4a
094.md	59	KR2a0036_WYG_047-4b
094.md	67	KR2a0036_WYG_047-5a
094.md	75	KR2a0036_WYG_047-5b
094.md	83	KR2a0036_WYG_047-6a
094.md	91	KR2a0036_WYG_047-6b
094.md	99	KR2a0036_WYG_047-7a
094.md	107	KR2a0036_WYG_047-7b
094.md	115	KR2a0036_WYG_047-8a
094.md	123	KR2a0036_WYG_047-8b
094.md	131	KR2a0036_WYG_047-9a
094.md	139	KR2a0036_WYG_047-9b
094.md	147	KR2a0036_WYG_047-10a
094.md	155	KR2a0036_WYG_047-10b
094.md	163	KR2a0036_WYG_047-11a
094.md	171	KR2a0036_WYG_047-11b
094.md	179	KR2a0036_WYG_047-12a
094.md	187	KR2a0036_WYG_047-12b
094.md	195	KR2a0036_WYG_047-13a
094.md	203	KR2a0036_WYG_047-13b
094.md	211	KR2a0036_WYG_047-14a
094.md	219	KR2a0036_WYG_047-14b
094.md	227	KR2a0036_WYG_047-15a
094.md	235	KR2a0036_WYG_047-15b
094.md	243	KR2a0036_WYG_047-16a
094.md	251	KR2a0036_WYG_047-16b
095.md	3	KR2a0036_WYG_047-17a
096.md	3	KR2a0036_WYG_048-1a
096.md	11	KR2a0036_WYG_048-1b
096.md	19	KR2a0036_WYG_048-2a
096.md	27	KR2a0036_WYG_048-2b
096.md	35	KR2a0036_WYG_048-3a
096.md	43	KR2a0036_WYG_048-3b
096.md	51	KR2a0036_WYG_048-4a
096.md	59	KR2a0036_WYG_048-4b
096.md	67	KR2a0036_WYG_048-5a
096.md	75	KR2a0036_WYG_048-5b
096.md	83	KR2a0036_WYG_048-6a
096.md	91	KR2a0036_WYG_048-6b
096.md	99	KR2a0036_WYG_048-7a
096.md	107	KR2a0036_WYG_048-7b
096.md	115	KR2a0036_WYG_048-8a
096.md	123	KR2a0036_WYG_048-8b
096.md	131	KR2a0036_WYG_048-9a
096.md	139	KR2a0036_WYG_048-9b
096.md	147	KR2a0036_WYG_048-10a
096.md	155	KR2a0036_WYG_048-10b
096.md	163	KR2a0036_WYG_048-11a
096.md	171	KR2a0036_WYG_048-11b
096.md	179	KR2a0036_WYG_048-12a
096.md	187	KR2a0036_WYG_048-12b
096.md	195	KR2a0036_WYG_048-13a
096.md	203	KR2a0036_WYG_048-13b
096.md	211	KR2a0036_WYG_048-14a
096.md	219	KR2a0036_WYG_048-14b
096.md	227	KR2a0036_WYG_048-15a
096.md	235	KR2a0036_WYG_048-15b
096.md	243	KR2a0036_WYG_048-16a
096.md	251	KR2a0036_WYG_048-16b
096.md	259	KR2a0036_WYG_048-17a
096.md	267	KR2a0036_WYG_048-17b
096.md	275	KR2a0036_WYG_048-18a
096.md	283	KR2a0036_WYG_048-18b
096.md	291	KR2a0036_WYG_048-19a
096.md	299	KR2a0036_WYG_048-19b
096.md	307	KR2a0036_WYG_048-20a
096.md	315	KR2a0036_WYG_048-20b
096.md	323	KR2a0036_WYG_048-21a
096.md	331	KR2a0036_WYG_048-21b
096.md	339	KR2a0036_WYG_048-22a
096.md	347	KR2a0036_WYG_048-22b
096.md	355	KR2a0036_WYG_048-23a
096.md	363	KR2a0036_WYG_048-23b
096.md	371	KR2a0036_WYG_048-24a
096.md	379	KR2a0036_WYG_048-24b
096.md	387	KR2a0036_WYG_048-25a
096.md	395	KR2a0036_WYG_048-25b
096.md	403	KR2a0036_WYG_048-26a
096.md	411	KR2a0036_WYG_048-26b
096.md	419	KR2a0036_WYG_048-27a
096.md	427	KR2a0036_WYG_048-27b
096.md	435	KR2a0036_WYG_048-28a
096.md	443	KR2a0036_WYG_048-28b
096.md	451	KR2a0036_WYG_048-29a
096.md	459	KR2a0036_WYG_048-29b
096.md	467	KR2a0036_WYG_048-30a
096.md	475	KR2a0036_WYG_048-30b
096.md	483	KR2a0036_WYG_048-31a
096.md	491	KR2a0036_WYG_048-31b
096.md	499	KR2a0036_WYG_048-32a
096.md	507	KR2a0036_WYG_048-32b
096.md	515	KR2a0036_WYG_048-33a
096.md	523	KR2a0036_WYG_048-33b
096.md	531	KR2a0036_WYG_048-34a
096.md	539	KR2a0036_WYG_048-34b
096.md	547	KR2a0036_WYG_048-35a
096.md	555	KR2a0036_WYG_048-35b
096.md	563	KR2a0036_WYG_048-36a
096.md	571	KR2a0036_WYG_048-36b
096.md	579	KR2a0036_WYG_048-37a
096.md	587	KR2a0036_WYG_048-37b
096.md	595	KR2a0036_WYG_048-38a
096.md	603	KR2a0036_WYG_048-38b
096.md	611	KR2a0036_WYG_048-39a
096.md	619	KR2a0036_WYG_048-39b
096.md	627	KR2a0036_WYG_048-40a
096.md	635	KR2a0036_WYG_048-40b
096.md	643	KR2a0036_WYG_048-41a
096.md	651	KR2a0036_WYG_048-41b
096.md	659	KR2a0036_WYG_048-42a
096.md	667	KR2a0036_WYG_048-42b
096.md	675	KR2a0036_WYG_048-43a
096.md	683	KR2a0036_WYG_048-43b
096.md	691	KR2a0036_WYG_048-44a
096.md	699	KR2a0036_WYG_048-44b
096.md	707	KR2a0036_WYG_048-45a
096.md	715	KR2a0036_WYG_048-45b
096.md	723	KR2a0036_WYG_048-46a
096.md	731	KR2a0036_WYG_048-46b
096.md	739	KR2a0036_WYG_048-47a
096.md	747	KR2a0036_WYG_048-47b
097.md	3	KR2a0036_WYG_049-1a
097.md	11	KR2a0036_WYG_049-1b
097.md	19	KR2a0036_WYG_049-2a
097.md	27	KR2a0036_WYG_049-2b
097.md	35	KR2a0036_WYG_049-3a
097.md	43	KR2a0036_WYG_049-3b
097.md	51	KR2a0036_WYG_049-4a
097.md	59	KR2a0036_WYG_049-4b
097.md	67	KR2a0036_WYG_049-5a
097.md	75	KR2a0036_WYG_049-5b
097.md	83	KR2a0036_WYG_049-6a
097.md	91	KR2a0036_WYG_049-6b
097.md	99	KR2a0036_WYG_049-7a
097.md	107	KR2a0036_WYG_049-7b
097.md	115	KR2a0036_WYG_049-8a
097.md	123	KR2a0036_WYG_049-8b
097.md	131	KR2a0036_WYG_049-9a
097.md	139	KR2a0036_WYG_049-9b
097.md	147	KR2a0036_WYG_049-10a
097.md	155	KR2a0036_WYG_049-10b
097.md	163	KR2a0036_WYG_049-11a
097.md	171	KR2a0036_WYG_049-11b
097.md	179	KR2a0036_WYG_049-12a
097.md	187	KR2a0036_WYG_049-12b
097.md	195	KR2a0036_WYG_049-13a
097.md	203	KR2a0036_WYG_049-13b
097.md	211	KR2a0036_WYG_049-14a
097.md	219	KR2a0036_WYG_049-14b
097.md	227	KR2a0036_WYG_049-15a
097.md	235	KR2a0036_WYG_049-15b
097.md	243	KR2a0036_WYG_049-16a
097.md	251	KR2a0036_WYG_049-16b
097.md	259	KR2a0036_WYG_049-17a
097.md	267	KR2a0036_WYG_049-17b
097.md	275	KR2a0036_WYG_049-18a
097.md	283	KR2a0036_WYG_049-18b
097.md	291	KR2a0036_WYG_049-19a
097.md	299	KR2a0036_WYG_049-19b
097.md	307	KR2a0036_WYG_049-20a
097.md	315	KR2a0036_WYG_049-20b
097.md	323	KR2a0036_WYG_049-21a
097.md	331	KR2a0036_WYG_049-21b
097.md	339	KR2a0036_WYG_049-22a
097.md	347	KR2a0036_WYG_049-22b
097.md	355	KR2a0036_WYG_049-23a
097.md	363	KR2a0036_WYG_049-23b
097.md	371	KR2a0036_WYG_049-24a
097.md	379	KR2a0036_WYG_049-24b
097.md	387	KR2a0036_WYG_049-25a
097.md	395	KR2a0036_WYG_049-25b
097.md	403	KR2a0036_WYG_049-26a
097.md	411	KR2a0036_WYG_049-26b
098.md	3	KR2a0036_WYG_050-1a
098.md	11	KR2a0036_WYG_050-1b
098.md	19	KR2a0036_WYG_050-2a
098.md	27	KR2a0036_WYG_050-2b
098.md	35	KR2a0036_WYG_050-3a
098.md	43	KR2a0036_WYG_050-3b
098.md	51	KR2a0036_WYG_050-4a
098.md	59	KR2a0036_WYG_050-4b
098.md	67	KR2a0036_WYG_050-5a
098.md	75	KR2a0036_WYG_050-5b
098.md	83	KR2a0036_WYG_050-6a
098.md	91	KR2a0036_WYG_050-6b
098.md	99	KR2a0036_WYG_050-7a
098.md	107	KR2a0036_WYG_050-7b
098.md	115	KR2a0036_WYG_050-8a
098.md	123	KR2a0036_WYG_050-8b
098.md	131	KR2a0036_WYG_050-9a
098.md	139	KR2a0036_WYG_050-9b
098.md	147	KR2a0036_WYG_050-10a
098.md	155	KR2a0036_WYG_050-10b
098.md	163	KR2a0036_WYG_050-11a
098.md	171	KR2a0036_WYG_050-11b
098.md	179	KR2a0036_WYG_050-12a
098.md	187	KR2a0036_WYG_050-12b
098.md	195	KR2a0036_WYG_050-13a
098.md	203	KR2a0036_WYG_050-13b
098.md	211	KR2a0036_WYG_050-14a
098.md	219	KR2a0036_WYG_050-14b
098.md	227	KR2a0036_WYG_050-15a
098.md	235	KR2a0036_WYG_050-15b
098.md	243	KR2a0036_WYG_050-16a
098.md	251	KR2a0036_WYG_050-16b
098.md	259	KR2a0036_WYG_050-17a
098.md	267	KR2a0036_WYG_050-17b
098.md	275	KR2a0036_WYG_050-18a
098.md	283	KR2a0036_WYG_050-18b
098.md	291	KR2a0036_WYG_050-19a
098.md	299	KR2a0036_WYG_050-19b
098.md	307	KR2a0036_WYG_050-20a
098.md	315	KR2a0036_WYG_050-20b
098.md	323	KR2a0036_WYG_050-21a
098.md	331	KR2a0036_WYG_050-21b
098.md	339	KR2a0036_WYG_050-22a
098.md	347	KR2a0036_WYG_050-22b
098.md	355	KR2a0036_WYG_050-23a
098.md	363	KR2a0036_WYG_050-23b
098.md	371	KR2a0036_WYG_050-24a
098.md	379	KR2a0036_WYG_050-24b
098.md	387	KR2a0036_WYG_050-25a
098.md	395	KR2a0036_WYG_050-25b
098.md	403	KR2a0036_WYG_050-26a
098.md	411	KR2a0036_WYG_050-26b
098.md	419	KR2a0036_WYG_050-27a
098.md	427	KR2a0036_WYG_050-27b
098.md	435	KR2a0036_WYG_050-28a
098.md	443	KR2a0036_WYG_050-28b
098.md	451	KR2a0036_WYG_050-29a
098.md	459	KR2a0036_WYG_050-29b
098.md	467	KR2a0036_WYG_050-30a
098.md	475	KR2a0036_WYG_050-30b
098.md	483	KR2a0036_WYG_050-31a
098.md	491	KR2a0036_WYG_050-31b
098.md	499	KR2a0036_WYG_050-32a
098.md	507	KR2a0036_WYG_050-32b
098.md	515	KR2a0036_WYG_050-33a
098.md	523	KR2a0036_WYG_050-33b
098.md	531	KR2a0036_WYG_050-34a
098.md	539	KR2a0036_WYG_050-34b
098.md	547	KR2a0036_WYG_050-35a
098.md	555	KR2a0036_WYG_050-35b
098.md	563	KR2a0036_WYG_050-36a
098.md	571	KR2a0036_WYG_050-36b
098.md	579	KR2a0036_WYG_050-37a
098.md	587	KR2a0036_WYG_050-37b
098.md	595	KR2a0036_WYG_050-38a
098.md	603	KR2a0036_WYG_050-38b
098.md	611	KR2a0036_WYG_050-39a
098.md	619	KR2a0036_WYG_050-39b
098.md	627	KR2a0036_WYG_050-40a
098.md	635	KR2a0036_WYG_050-40b
098.md	643	KR2a0036_WYG_050-41a
098.md	651	KR2a0036_WYG_050-41b
098.md	659	KR2a0036_WYG_050-42a
098.md	667	KR2a0036_WYG_050-42b
098.md	675	KR2a0036_WYG_050-43a
098.md	683	KR2a0036_WYG_050-43b
099.md	3	KR2a0036_WYG_051-1a
099.md	11	KR2a0036_WYG_051-1b
099.md	19	KR2a0036_WYG_051-2a
099.md	27	KR2a0036_WYG_051-2b
099.md	35	KR2a0036_WYG_051-3a
099.md	43	KR2a0036_WYG_051-3b
099.md	51	KR2a0036_WYG_051-4a
099.md	59	KR2a0036_WYG_051-4b
099.md	67	KR2a0036_WYG_051-5a
099.md	75	KR2a0036_WYG_051-5b
099.md	83	KR2a0036_WYG_051-6a
099.md	91	KR2a0036_WYG_051-6b
099.md	99	KR2a0036_WYG_051-7a
099.md	107	KR2a0036_WYG_051-7b
099.md	115	KR2a0036_WYG_051-8a
099.md	123	KR2a0036_WYG_051-8b
099.md	131	KR2a0036_WYG_051-9a
099.md	139	KR2a0036_WYG_051-9b
099.md	147	KR2a0036_WYG_051-10a
099.md	155	KR2a0036_WYG_051-10b
099.md	163	KR2a0036_WYG_051-11a
099.md	171	KR2a0036_WYG_051-11b
099.md	179	KR2a0036_WYG_051-12a
099.md	187	KR2a0036_WYG_051-12b
099.md	195	KR2a0036_WYG_051-13a
099.md	203	KR2a0036_WYG_051-13b
099.md	211	KR2a0036_WYG_051-14a
099.md	219	KR2a0036_WYG_051-14b
099.md	227	KR2a0036_WYG_051-15a
099.md	235	KR2a0036_WYG_051-15b
099.md	243	KR2a0036_WYG_051-16a
099.md	251	KR2a0036_WYG_051-16b
099.md	259	KR2a0036_WYG_051-17a
099.md	267	KR2a0036_WYG_051-17b
099.md	275	KR2a0036_WYG_051-18a
099.md	283	KR2a0036_WYG_051-18b
099.md	291	KR2a0036_WYG_051-19a
099.md	299	KR2a0036_WYG_051-19b
099.md	307	KR2a0036_WYG_051-20a
099.md	315	KR2a0036_WYG_051-20b
099.md	323	KR2a0036_WYG_051-21a
099.md	331	KR2a0036_WYG_051-21b
099.md	339	KR2a0036_WYG_051-22a
099.md	347	KR2a0036_WYG_051-22b
099.md	355	KR2a0036_WYG_051-23a
099.md	363	KR2a0036_WYG_051-23b
099.md	371	KR2a0036_WYG_051-24a
099.md	379	KR2a0036_WYG_051-24b
099.md	387	KR2a0036_WYG_051-25a
099.md	395	KR2a0036_WYG_051-25b
099.md	403	KR2a0036_WYG_051-26a
099.md	411	KR2a0036_WYG_051-26b
099.md	419	KR2a0036_WYG_051-27a
099.md	427	KR2a0036_WYG_051-27b
099.md	435	KR2a0036_WYG_051-28a
099.md	443	KR2a0036_WYG_051-28b
099.md	451	KR2a0036_WYG_051-29a
099.md	459	KR2a0036_WYG_051-29b
099.md	467	KR2a0036_WYG_051-30a
099.md	475	KR2a0036_WYG_051-30b
099.md	483	KR2a0036_WYG_051-31a
099.md	491	KR2a0036_WYG_051-31b
099.md	499	KR2a0036_WYG_051-32a
099.md	507	KR2a0036_WYG_051-32b
099.md	515	KR2a0036_WYG_051-33a
099.md	523	KR2a0036_WYG_051-33b
100.md	3	KR2a0036_WYG_052-1a
100.md	11	KR2a0036_WYG_052-1b
100.md	19	KR2a0036_WYG_052-2a
100.md	27	KR2a0036_WYG_052-2b
100.md	35	KR2a0036_WYG_052-3a
100.md	43	KR2a0036_WYG_052-3b
100.md	51	KR2a0036_WYG_052-4a
100.md	59	KR2a0036_WYG_052-4b
100.md	67	KR2a0036_WYG_052-5a
100.md	75	KR2a0036_WYG_052-5b
100.md	83	KR2a0036_WYG_052-6a
100.md	91	KR2a0036_WYG_052-6b
100.md	99	KR2a0036_WYG_052-7a
100.md	107	KR2a0036_WYG_052-7b
100.md	115	KR2a0036_WYG_052-8a
100.md	123	KR2a0036_WYG_052-8b
100.md	131	KR2a0036_WYG_052-9a
100.md	139	KR2a0036_WYG_052-9b
100.md	147	KR2a0036_WYG_052-10a
100.md	155	KR2a0036_WYG_052-10b
100.md	163	KR2a0036_WYG_052-11a
100.md	171	KR2a0036_WYG_052-11b
100.md	179	KR2a0036_WYG_052-12a
100.md	187	KR2a0036_WYG_052-12b
100.md	195	KR2a0036_WYG_052-13a
100.md	203	KR2a0036_WYG_052-13b
100.md	211	KR2a0036_WYG_052-14a
100.md	219	KR2a0036_WYG_052-14b
100.md	227	KR2a0036_WYG_052-15a
100.md	235	KR2a0036_WYG_052-15b
100.md	243	KR2a0036_WYG_052-16a
100.md	251	KR2a0036_WYG_052-16b
100.md	259	KR2a0036_WYG_052-17a
100.md	267	KR2a0036_WYG_052-17b
100.md	275	KR2a0036_WYG_052-18a
100.md	283	KR2a0036_WYG_052-18b
100.md	291	KR2a0036_WYG_052-19a
100.md	299	KR2a0036_WYG_052-19b
100.md	307	KR2a0036_WYG_052-20a
100.md	315	KR2a0036_WYG_052-20b
100.md	323	KR2a0036_WYG_052-21a
100.md	331	KR2a0036_WYG_052-21b
100.md	339	KR2a0036_WYG_052-22a
100.md	347	KR2a0036_WYG_052-22b
100.md	355	KR2a0036_WYG_052-23a
100.md	363	KR2a0036_WYG_052-23b
100.md	371	KR2a0036_WYG_052-24a
100.md	379	KR2a0036_WYG_052-24b
100.md	387	KR2a0036_WYG_052-25a
100.md	395	KR2a0036_WYG_052-25b
100.md	403	KR2a0036_WYG_052-26a
100.md	411	KR2a0036_WYG_052-26b
100.md	419	KR2a0036_WYG_052-27a
100.md	427	KR2a0036_WYG_052-27b
100.md	435	KR2a0036_WYG_052-28a
100.md	443	KR2a0036_WYG_052-28b
100.md	451	KR2a0036_WYG_052-29a
100.md	459	KR2a0036_WYG_052-29b
100.md	467	KR2a0036_WYG_052-30a
100.md	475	KR2a0036_WYG_052-30b
100.md	483	KR2a0036_WYG_052-31a
100.md	491	KR2a0036_WYG_052-31b
100.md	499	KR2a0036_WYG_052-32a
100.md	501	KR2a0036_WYG_052-33a
100.md	502	KR2a0036_WYG_052-34a
100.md	510	KR2a0036_WYG_052-34b
100.md	518	KR2a0036_WYG_052-35a
100.md	526	KR2a0036_WYG_052-35b
100.md	534	KR2a0036_WYG_052-36a
100.md	542	KR2a0036_WYG_052-36b
100.md	550	KR2a0036_WYG_052-37a
100.md	558	KR2a0036_WYG_052-37b
100.md	566	KR2a0036_WYG_052-38a
100.md	574	KR2a0036_WYG_052-38b
100.md	582	KR2a0036_WYG_052-39a
100.md	590	KR2a0036_WYG_052-39b
100.md	598	KR2a0036_WYG_052-40a
100.md	606	KR2a0036_WYG_052-40b
101.md	3	KR2a0036_WYG_052-41a
101.md	11	KR2a0036_WYG_052-41b
102.md	3	KR2a0036_WYG_053-1a
102.md	11	KR2a0036_WYG_053-1b
102.md	19	KR2a0036_WYG_053-2a
102.md	27	KR2a0036_WYG_053-2b
102.md	35	KR2a0036_WYG_053-3a
102.md	43	KR2a0036_WYG_053-3b
102.md	51	KR2a0036_WYG_053-4a
102.md	59	KR2a0036_WYG_053-4b
102.md	67	KR2a0036_WYG_053-5a
102.md	75	KR2a0036_WYG_053-5b
102.md	83	KR2a0036_WYG_053-6a
102.md	91	KR2a0036_WYG_053-6b
102.md	99	KR2a0036_WYG_053-7a
102.md	107	KR2a0036_WYG_053-7b
102.md	115	KR2a0036_WYG_053-8a
102.md	123	KR2a0036_WYG_053-8b
102.md	131	KR2a0036_WYG_053-9a
102.md	139	KR2a0036_WYG_053-9b
102.md	147	KR2a0036_WYG_053-10a
102.md	155	KR2a0036_WYG_053-10b
102.md	163	KR2a0036_WYG_053-11a
102.md	171	KR2a0036_WYG_053-11b
102.md	179	KR2a0036_WYG_053-12a
102.md	187	KR2a0036_WYG_053-12b
102.md	195	KR2a0036_WYG_053-13a
102.md	203	KR2a0036_WYG_053-13b
102.md	211	KR2a0036_WYG_053-14a
102.md	219	KR2a0036_WYG_053-14b
102.md	227	KR2a0036_WYG_053-15a
102.md	235	KR2a0036_WYG_053-15b
102.md	243	KR2a0036_WYG_053-16a
102.md	251	KR2a0036_WYG_053-16b
102.md	259	KR2a0036_WYG_053-17a
102.md	267	KR2a0036_WYG_053-17b
102.md	275	KR2a0036_WYG_053-18a
102.md	283	KR2a0036_WYG_053-18b
102.md	291	KR2a0036_WYG_053-19a
102.md	299	KR2a0036_WYG_053-19b
102.md	307	KR2a0036_WYG_053-20a
102.md	315	KR2a0036_WYG_053-20b
102.md	323	KR2a0036_WYG_053-21a
102.md	331	KR2a0036_WYG_053-21b
102.md	339	KR2a0036_WYG_053-22a
102.md	347	KR2a0036_WYG_053-22b
102.md	355	KR2a0036_WYG_053-23a
102.md	363	KR2a0036_WYG_053-23b
102.md	371	KR2a0036_WYG_053-24a
102.md	379	KR2a0036_WYG_053-24b
102.md	387	KR2a0036_WYG_053-25a
102.md	395	KR2a0036_WYG_053-25b
102.md	403	KR2a0036_WYG_053-26a
102.md	411	KR2a0036_WYG_053-26b
102.md	419	KR2a0036_WYG_053-27a
102.md	427	KR2a0036_WYG_053-27b
102.md	435	KR2a0036_WYG_053-28a
102.md	443	KR2a0036_WYG_053-28b
102.md	451	KR2a0036_WYG_053-29a
102.md	459	KR2a0036_WYG_053-29b
102.md	467	KR2a0036_WYG_053-30a
102.md	475	KR2a0036_WYG_053-30b
102.md	483	KR2a0036_WYG_053-31a
102.md	491	KR2a0036_WYG_053-31b
102.md	499	KR2a0036_WYG_053-32a
102.md	507	KR2a0036_WYG_053-32b
102.md	515	KR2a0036_WYG_053-33a
102.md	523	KR2a0036_WYG_053-33b
102.md	531	KR2a0036_WYG_053-34a
102.md	539	KR2a0036_WYG_053-34b
102.md	547	KR2a0036_WYG_053-35a
102.md	555	KR2a0036_WYG_053-35b
102.md	563	KR2a0036_WYG_053-36a
102.md	571	KR2a0036_WYG_053-36b
102.md	579	KR2a0036_WYG_053-37a
102.md	587	KR2a0036_WYG_053-37b
102.md	595	KR2a0036_WYG_053-38a
102.md	603	KR2a0036_WYG_053-38b
102.md	611	KR2a0036_WYG_053-39a
102.md	619	KR2a0036_WYG_053-39b
102.md	627	KR2a0036_WYG_053-40a
102.md	635	KR2a0036_WYG_053-40b
102.md	643	KR2a0036_WYG_053-41a
102.md	651	KR2a0036_WYG_053-41b
103.md	3	KR2a0036_WYG_053-42a
103.md	11	KR2a0036_WYG_053-42b
103.md	19	KR2a0036_WYG_053-43a
104.md	3	KR2a0036_WYG_054-1a
104.md	11	KR2a0036_WYG_054-1b
104.md	19	KR2a0036_WYG_054-2a
104.md	27	KR2a0036_WYG_054-2b
104.md	35	KR2a0036_WYG_054-3a
104.md	43	KR2a0036_WYG_054-3b
104.md	51	KR2a0036_WYG_054-4a
104.md	59	KR2a0036_WYG_054-4b
104.md	67	KR2a0036_WYG_054-5a
104.md	75	KR2a0036_WYG_054-5b
104.md	83	KR2a0036_WYG_054-6a
104.md	91	KR2a0036_WYG_054-6b
104.md	99	KR2a0036_WYG_054-7a
104.md	107	KR2a0036_WYG_054-7b
104.md	115	KR2a0036_WYG_054-8a
104.md	123	KR2a0036_WYG_054-8b
104.md	131	KR2a0036_WYG_054-9a
104.md	139	KR2a0036_WYG_054-9b
104.md	147	KR2a0036_WYG_054-10a
104.md	155	KR2a0036_WYG_054-10b
104.md	163	KR2a0036_WYG_054-11a
104.md	171	KR2a0036_WYG_054-11b
104.md	179	KR2a0036_WYG_054-12a
104.md	187	KR2a0036_WYG_054-12b
104.md	195	KR2a0036_WYG_054-13a
104.md	203	KR2a0036_WYG_054-13b
104.md	211	KR2a0036_WYG_054-14a
104.md	219	KR2a0036_WYG_054-14b
104.md	227	KR2a0036_WYG_054-15a
104.md	235	KR2a0036_WYG_054-15b
104.md	243	KR2a0036_WYG_054-16a
104.md	251	KR2a0036_WYG_054-16b
104.md	259	KR2a0036_WYG_054-17a
104.md	267	KR2a0036_WYG_054-17b
104.md	275	KR2a0036_WYG_054-18a
104.md	283	KR2a0036_WYG_054-18b
104.md	291	KR2a0036_WYG_054-19a
104.md	299	KR2a0036_WYG_054-19b
104.md	307	KR2a0036_WYG_054-20a
104.md	315	KR2a0036_WYG_054-20b
104.md	323	KR2a0036_WYG_054-21a
104.md	331	KR2a0036_WYG_054-21b
104.md	339	KR2a0036_WYG_054-22a
104.md	347	KR2a0036_WYG_054-22b
104.md	355	KR2a0036_WYG_054-23a
104.md	363	KR2a0036_WYG_054-23b
104.md	371	KR2a0036_WYG_054-24a
104.md	379	KR2a0036_WYG_054-24b
104.md	387	KR2a0036_WYG_054-25a
104.md	395	KR2a0036_WYG_054-25b
104.md	403	KR2a0036_WYG_054-26a
104.md	411	KR2a0036_WYG_054-26b
104.md	419	KR2a0036_WYG_054-27a
104.md	427	KR2a0036_WYG_054-27b
104.md	435	KR2a0036_WYG_054-28a
104.md	443	KR2a0036_WYG_054-28b
104.md	451	KR2a0036_WYG_054-29a
104.md	459	KR2a0036_WYG_054-29b
104.md	467	KR2a0036_WYG_054-30a
104.md	475	KR2a0036_WYG_054-30b
104.md	483	KR2a0036_WYG_054-31a
104.md	491	KR2a0036_WYG_054-31b
104.md	499	KR2a0036_WYG_054-32a
104.md	507	KR2a0036_WYG_054-32b
105.md	3	KR2a0036_WYG_054-33a
106.md	3	KR2a0036_WYG_055-1a
106.md	11	KR2a0036_WYG_055-1b
106.md	19	KR2a0036_WYG_055-2a
106.md	20	KR2a0036_WYG_055-3a
106.md	21	KR2a0036_WYG_055-4a
106.md	22	KR2a0036_WYG_055-5a
106.md	23	KR2a0036_WYG_055-6a
106.md	24	KR2a0036_WYG_055-7a
106.md	32	KR2a0036_WYG_055-7b
106.md	40	KR2a0036_WYG_055-8a
106.md	48	KR2a0036_WYG_055-8b
106.md	56	KR2a0036_WYG_055-9a
106.md	64	KR2a0036_WYG_055-9b
106.md	72	KR2a0036_WYG_055-10a
106.md	80	KR2a0036_WYG_055-10b
106.md	88	KR2a0036_WYG_055-11a
106.md	96	KR2a0036_WYG_055-11b
106.md	104	KR2a0036_WYG_055-12a
106.md	112	KR2a0036_WYG_055-12b
106.md	120	KR2a0036_WYG_055-13a
106.md	128	KR2a0036_WYG_055-13b
106.md	136	KR2a0036_WYG_055-14a
106.md	144	KR2a0036_WYG_055-14b
106.md	152	KR2a0036_WYG_055-15a
106.md	160	KR2a0036_WYG_055-15b
106.md	168	KR2a0036_WYG_055-16a
106.md	176	KR2a0036_WYG_055-16b
106.md	184	KR2a0036_WYG_055-17a
106.md	192	KR2a0036_WYG_055-17b
106.md	200	KR2a0036_WYG_055-18a
106.md	208	KR2a0036_WYG_055-18b
106.md	216	KR2a0036_WYG_055-19a
106.md	224	KR2a0036_WYG_055-19b
106.md	232	KR2a0036_WYG_055-20a
106.md	240	KR2a0036_WYG_055-20b
106.md	248	KR2a0036_WYG_055-21a
106.md	256	KR2a0036_WYG_055-21b
106.md	264	KR2a0036_WYG_055-22a
106.md	272	KR2a0036_WYG_055-22b
106.md	280	KR2a0036_WYG_055-23a
106.md	288	KR2a0036_WYG_055-23b
106.md	296	KR2a0036_WYG_055-24a
106.md	304	KR2a0036_WYG_055-24b
106.md	312	KR2a0036_WYG_055-25a
106.md	320	KR2a0036_WYG_055-25b
106.md	328	KR2a0036_WYG_055-26a
106.md	336	KR2a0036_WYG_055-26b
106.md	344	KR2a0036_WYG_055-27a
106.md	352	KR2a0036_WYG_055-27b
106.md	360	KR2a0036_WYG_055-28a
106.md	368	KR2a0036_WYG_055-28b
106.md	376	KR2a0036_WYG_055-29a
106.md	384	KR2a0036_WYG_055-29b
106.md	392	KR2a0036_WYG_055-30a
106.md	400	KR2a0036_WYG_055-30b
106.md	408	KR2a0036_WYG_055-31a
106.md	416	KR2a0036_WYG_055-31b
106.md	424	KR2a0036_WYG_055-32a
106.md	432	KR2a0036_WYG_055-32b
106.md	440	KR2a0036_WYG_055-33a
106.md	448	KR2a0036_WYG_055-33b
106.md	456	KR2a0036_WYG_055-34a
106.md	464	KR2a0036_WYG_055-34b
106.md	472	KR2a0036_WYG_055-35a
106.md	480	KR2a0036_WYG_055-35b
107.md	3	KR2a0036_WYG_055-36a
108.md	3	KR2a0036_WYG_056-1a
108.md	11	KR2a0036_WYG_056-1b
108.md	19	KR2a0036_WYG_056-2a
108.md	27	KR2a0036_WYG_056-2b
108.md	35	KR2a0036_WYG_056-3a
108.md	43	KR2a0036_WYG_056-3b
108.md	51	KR2a0036_WYG_056-4a
108.md	59	KR2a0036_WYG_056-4b
108.md	67	KR2a0036_WYG_056-5a
108.md	75	KR2a0036_WYG_056-5b
108.md	76	KR2a0036_WYG_056-6a
108.md	77	KR2a0036_WYG_056-7a
108.md	85	KR2a0036_WYG_056-7b
108.md	88	KR2a0036_WYG_056-8a
108.md	89	KR2a0036_WYG_056-9a
108.md	93	KR2a0036_WYG_056-10a
108.md	101	KR2a0036_WYG_056-10b
108.md	109	KR2a0036_WYG_056-11a
108.md	117	KR2a0036_WYG_056-11b
108.md	125	KR2a0036_WYG_056-12a
108.md	133	KR2a0036_WYG_056-12b
108.md	141	KR2a0036_WYG_056-13a
108.md	149	KR2a0036_WYG_056-13b
108.md	157	KR2a0036_WYG_056-14a
108.md	165	KR2a0036_WYG_056-14b
108.md	173	KR2a0036_WYG_056-15a
108.md	181	KR2a0036_WYG_056-15b
108.md	189	KR2a0036_WYG_056-16a
108.md	197	KR2a0036_WYG_056-16b
108.md	205	KR2a0036_WYG_056-17a
108.md	213	KR2a0036_WYG_056-17b
108.md	221	KR2a0036_WYG_056-18a
108.md	229	KR2a0036_WYG_056-18b
108.md	237	KR2a0036_WYG_056-19a
108.md	245	KR2a0036_WYG_056-19b
108.md	253	KR2a0036_WYG_056-20a
108.md	261	KR2a0036_WYG_056-20b
108.md	269	KR2a0036_WYG_056-21a
108.md	277	KR2a0036_WYG_056-21b
108.md	285	KR2a0036_WYG_056-22a
108.md	293	KR2a0036_WYG_056-22b
108.md	298	KR2a0036_WYG_056-23a
108.md	299	KR2a0036_WYG_056-24a
108.md	307	KR2a0036_WYG_056-24b
108.md	315	KR2a0036_WYG_056-25a
108.md	323	KR2a0036_WYG_056-25b
108.md	331	KR2a0036_WYG_056-26a
108.md	339	KR2a0036_WYG_056-26b
108.md	347	KR2a0036_WYG_056-27a
108.md	355	KR2a0036_WYG_056-27b
108.md	363	KR2a0036_WYG_056-28a
108.md	371	KR2a0036_WYG_056-28b
108.md	379	KR2a0036_WYG_056-29a
108.md	380	KR2a0036_WYG_056-30a
108.md	388	KR2a0036_WYG_056-30b
108.md	396	KR2a0036_WYG_056-31a
108.md	404	KR2a0036_WYG_056-31b
108.md	412	KR2a0036_WYG_056-32a
108.md	420	KR2a0036_WYG_056-32b
108.md	428	KR2a0036_WYG_056-33a
108.md	436	KR2a0036_WYG_056-33b
108.md	444	KR2a0036_WYG_056-34a
108.md	452	KR2a0036_WYG_056-34b
108.md	460	KR2a0036_WYG_056-35a
108.md	468	KR2a0036_WYG_056-35b
108.md	476	KR2a0036_WYG_056-36a
108.md	484	KR2a0036_WYG_056-36b
108.md	492	KR2a0036_WYG_056-37a
108.md	500	KR2a0036_WYG_056-37b
108.md	508	KR2a0036_WYG_056-38a
108.md	516	KR2a0036_WYG_056-38b
108.md	524	KR2a0036_WYG_056-39a
108.md	532	KR2a0036_WYG_056-39b
108.md	540	KR2a0036_WYG_056-40a
108.md	548	KR2a0036_WYG_056-40b
109.md	3	KR2a0036_WYG_056-41a
109.md	11	KR2a0036_WYG_056-41b
110.md	3	KR2a0036_WYG_057-1a
110.md	11	KR2a0036_WYG_057-1b
110.md	19	KR2a0036_WYG_057-2a
110.md	27	KR2a0036_WYG_057-2b
110.md	35	KR2a0036_WYG_057-3a
110.md	43	KR2a0036_WYG_057-3b
110.md	51	KR2a0036_WYG_057-4a
110.md	59	KR2a0036_WYG_057-4b
110.md	67	KR2a0036_WYG_057-5a
110.md	75	KR2a0036_WYG_057-5b
110.md	83	KR2a0036_WYG_057-6a
110.md	91	KR2a0036_WYG_057-6b
110.md	99	KR2a0036_WYG_057-7a
110.md	107	KR2a0036_WYG_057-7b
110.md	115	KR2a0036_WYG_057-8a
110.md	123	KR2a0036_WYG_057-8b
110.md	131	KR2a0036_WYG_057-9a
110.md	139	KR2a0036_WYG_057-9b
110.md	147	KR2a0036_WYG_057-10a
110.md	155	KR2a0036_WYG_057-10b
110.md	163	KR2a0036_WYG_057-11a
110.md	171	KR2a0036_WYG_057-11b
110.md	179	KR2a0036_WYG_057-12a
110.md	187	KR2a0036_WYG_057-12b
110.md	195	KR2a0036_WYG_057-13a
110.md	203	KR2a0036_WYG_057-13b
110.md	211	KR2a0036_WYG_057-14a
110.md	212	KR2a0036_WYG_057-15a
110.md	213	KR2a0036_WYG_057-16a
110.md	221	KR2a0036_WYG_057-16b
110.md	229	KR2a0036_WYG_057-17a
110.md	237	KR2a0036_WYG_057-17b
110.md	245	KR2a0036_WYG_057-18a
110.md	246	KR2a0036_WYG_057-19a
110.md	247	KR2a0036_WYG_057-20a
110.md	255	KR2a0036_WYG_057-20b
110.md	263	KR2a0036_WYG_057-21a
110.md	271	KR2a0036_WYG_057-21b
110.md	279	KR2a0036_WYG_057-22a
110.md	287	KR2a0036_WYG_057-22b
110.md	295	KR2a0036_WYG_057-23a
110.md	303	KR2a0036_WYG_057-23b
110.md	311	KR2a0036_WYG_057-24a
110.md	319	KR2a0036_WYG_057-24b
110.md	327	KR2a0036_WYG_057-25a
110.md	335	KR2a0036_WYG_057-25b
110.md	343	KR2a0036_WYG_057-26a
110.md	351	KR2a0036_WYG_057-26b
110.md	359	KR2a0036_WYG_057-27a
110.md	367	KR2a0036_WYG_057-27b
110.md	375	KR2a0036_WYG_057-28a
110.md	383	KR2a0036_WYG_057-28b
110.md	391	KR2a0036_WYG_057-29a
110.md	399	KR2a0036_WYG_057-29b
111.md	3	KR2a0036_WYG_057-30a
112.md	3	KR2a0036_WYG_058-1a
112.md	11	KR2a0036_WYG_058-1b
112.md	19	KR2a0036_WYG_058-2a
112.md	27	KR2a0036_WYG_058-2b
112.md	35	KR2a0036_WYG_058-3a
112.md	43	KR2a0036_WYG_058-3b
112.md	51	KR2a0036_WYG_058-4a
112.md	59	KR2a0036_WYG_058-4b
112.md	67	KR2a0036_WYG_058-5a
112.md	75	KR2a0036_WYG_058-5b
112.md	83	KR2a0036_WYG_058-6a
112.md	91	KR2a0036_WYG_058-6b
112.md	99	KR2a0036_WYG_058-7a
112.md	107	KR2a0036_WYG_058-7b
112.md	115	KR2a0036_WYG_058-8a
112.md	123	KR2a0036_WYG_058-8b
112.md	131	KR2a0036_WYG_058-9a
112.md	139	KR2a0036_WYG_058-9b
112.md	147	KR2a0036_WYG_058-10a
112.md	155	KR2a0036_WYG_058-10b
112.md	163	KR2a0036_WYG_058-11a
112.md	171	KR2a0036_WYG_058-11b
112.md	179	KR2a0036_WYG_058-12a
112.md	187	KR2a0036_WYG_058-12b
112.md	195	KR2a0036_WYG_058-13a
112.md	203	KR2a0036_WYG_058-13b
112.md	211	KR2a0036_WYG_058-14a
112.md	219	KR2a0036_WYG_058-14b
112.md	227	KR2a0036_WYG_058-15a
112.md	235	KR2a0036_WYG_058-15b
112.md	243	KR2a0036_WYG_058-16a
112.md	251	KR2a0036_WYG_058-16b
112.md	259	KR2a0036_WYG_058-17a
112.md	267	KR2a0036_WYG_058-17b
112.md	275	KR2a0036_WYG_058-18a
112.md	283	KR2a0036_WYG_058-18b
112.md	291	KR2a0036_WYG_058-19a
112.md	299	KR2a0036_WYG_058-19b
112.md	307	KR2a0036_WYG_058-20a
112.md	315	KR2a0036_WYG_058-20b
112.md	323	KR2a0036_WYG_058-21a
112.md	331	KR2a0036_WYG_058-21b
112.md	339	KR2a0036_WYG_058-22a
112.md	347	KR2a0036_WYG_058-22b
112.md	355	KR2a0036_WYG_058-23a
112.md	363	KR2a0036_WYG_058-23b
112.md	371	KR2a0036_WYG_058-24a
112.md	379	KR2a0036_WYG_058-24b
112.md	387	KR2a0036_WYG_058-25a
112.md	395	KR2a0036_WYG_058-25b
112.md	403	KR2a0036_WYG_058-26a
112.md	411	KR2a0036_WYG_058-26b
112.md	419	KR2a0036_WYG_058-27a
112.md	427	KR2a0036_WYG_058-27b
112.md	435	KR2a0036_WYG_058-28a
112.md	443	KR2a0036_WYG_058-28b
112.md	451	KR2a0036_WYG_058-29a
112.md	459	KR2a0036_WYG_058-29b
112.md	467	KR2a0036_WYG_058-30a
112.md	475	KR2a0036_WYG_058-30b
112.md	483	KR2a0036_WYG_058-31a
112.md	491	KR2a0036_WYG_058-31b
112.md	499	KR2a0036_WYG_058-32a
112.md	507	KR2a0036_WYG_058-32b
112.md	515	KR2a0036_WYG_058-33a
112.md	523	KR2a0036_WYG_058-33b
112.md	531	KR2a0036_WYG_058-34a
112.md	539	KR2a0036_WYG_058-34b
112.md	547	KR2a0036_WYG_058-35a
112.md	555	KR2a0036_WYG_058-35b
112.md	563	KR2a0036_WYG_058-36a
112.md	571	KR2a0036_WYG_058-36b
112.md	579	KR2a0036_WYG_058-37a
112.md	587	KR2a0036_WYG_058-37b
112.md	595	KR2a0036_WYG_058-38a
112.md	603	KR2a0036_WYG_058-38b
112.md	611	KR2a0036_WYG_058-39a
112.md	619	KR2a0036_WYG_058-39b
112.md	627	KR2a0036_WYG_058-40a
112.md	635	KR2a0036_WYG_058-40b
112.md	643	KR2a0036_WYG_058-41a
112.md	651	KR2a0036_WYG_058-41b
112.md	659	KR2a0036_WYG_058-42a
112.md	667	KR2a0036_WYG_058-42b
112.md	675	KR2a0036_WYG_058-43a
112.md	683	KR2a0036_WYG_058-43b
112.md	691	KR2a0036_WYG_058-44a
112.md	699	KR2a0036_WYG_058-44b
112.md	707	KR2a0036_WYG_058-45a
112.md	715	KR2a0036_WYG_058-45b
112.md	723	KR2a0036_WYG_058-46a
112.md	731	KR2a0036_WYG_058-46b
113.md	3	KR2a0036_WYG_058-47a
113.md	11	KR2a0036_WYG_058-47b
113.md	19	KR2a0036_WYG_058-48a
113.md	27	KR2a0036_WYG_058-48b
113.md	35	KR2a0036_WYG_058-49a
113.md	43	KR2a0036_WYG_058-49b
113.md	51	KR2a0036_WYG_058-50a
114.md	3	KR2a0036_WYG_059-1a
114.md	11	KR2a0036_WYG_059-1b
114.md	19	KR2a0036_WYG_059-2a
114.md	27	KR2a0036_WYG_059-2b
114.md	35	KR2a0036_WYG_059-3a
114.md	43	KR2a0036_WYG_059-3b
114.md	51	KR2a0036_WYG_059-4a
114.md	59	KR2a0036_WYG_059-4b
114.md	67	KR2a0036_WYG_059-5a
114.md	75	KR2a0036_WYG_059-5b
114.md	83	KR2a0036_WYG_059-6a
114.md	91	KR2a0036_WYG_059-6b
114.md	99	KR2a0036_WYG_059-7a
114.md	107	KR2a0036_WYG_059-7b
114.md	115	KR2a0036_WYG_059-8a
114.md	123	KR2a0036_WYG_059-8b
114.md	131	KR2a0036_WYG_059-9a
114.md	139	KR2a0036_WYG_059-9b
114.md	147	KR2a0036_WYG_059-10a
114.md	155	KR2a0036_WYG_059-10b
114.md	163	KR2a0036_WYG_059-11a
114.md	171	KR2a0036_WYG_059-11b
114.md	179	KR2a0036_WYG_059-12a
114.md	187	KR2a0036_WYG_059-12b
114.md	195	KR2a0036_WYG_059-13a
114.md	203	KR2a0036_WYG_059-13b
114.md	211	KR2a0036_WYG_059-14a
114.md	219	KR2a0036_WYG_059-14b
114.md	227	KR2a0036_WYG_059-15a
114.md	235	KR2a0036_WYG_059-15b
114.md	243	KR2a0036_WYG_059-16a
114.md	251	KR2a0036_WYG_059-16b
114.md	259	KR2a0036_WYG_059-17a
114.md	267	KR2a0036_WYG_059-17b
114.md	275	KR2a0036_WYG_059-18a
114.md	283	KR2a0036_WYG_059-18b
114.md	291	KR2a0036_WYG_059-19a
114.md	299	KR2a0036_WYG_059-19b
114.md	307	KR2a0036_WYG_059-20a
114.md	315	KR2a0036_WYG_059-20b
114.md	323	KR2a0036_WYG_059-21a
114.md	331	KR2a0036_WYG_059-21b
114.md	339	KR2a0036_WYG_059-22a
114.md	347	KR2a0036_WYG_059-22b
114.md	355	KR2a0036_WYG_059-23a
114.md	363	KR2a0036_WYG_059-23b
114.md	371	KR2a0036_WYG_059-24a
114.md	379	KR2a0036_WYG_059-24b
114.md	387	KR2a0036_WYG_059-25a
114.md	395	KR2a0036_WYG_059-25b
114.md	403	KR2a0036_WYG_059-26a
114.md	411	KR2a0036_WYG_059-26b
114.md	419	KR2a0036_WYG_059-27a
114.md	427	KR2a0036_WYG_059-27b
114.md	435	KR2a0036_WYG_059-28a
114.md	443	KR2a0036_WYG_059-28b
114.md	451	KR2a0036_WYG_059-29a
114.md	459	KR2a0036_WYG_059-29b
114.md	467	KR2a0036_WYG_059-30a
114.md	475	KR2a0036_WYG_059-30b
115.md	3	KR2a0036_WYG_059-31a
115.md	11	KR2a0036_WYG_059-31b
116.md	3	KR2a0036_WYG_060-1a
116.md	11	KR2a0036_WYG_060-1b
116.md	19	KR2a0036_WYG_060-2a
116.md	27	KR2a0036_WYG_060-2b
116.md	35	KR2a0036_WYG_060-3a
116.md	43	KR2a0036_WYG_060-3b
116.md	51	KR2a0036_WYG_060-4a
116.md	59	KR2a0036_WYG_060-4b
116.md	67	KR2a0036_WYG_060-5a
116.md	75	KR2a0036_WYG_060-5b
116.md	83	KR2a0036_WYG_060-6a
116.md	91	KR2a0036_WYG_060-6b
116.md	99	KR2a0036_WYG_060-7a
116.md	107	KR2a0036_WYG_060-7b
116.md	115	KR2a0036_WYG_060-8a
116.md	123	KR2a0036_WYG_060-8b
116.md	131	KR2a0036_WYG_060-9a
116.md	139	KR2a0036_WYG_060-9b
116.md	147	KR2a0036_WYG_060-10a
116.md	155	KR2a0036_WYG_060-10b
116.md	163	KR2a0036_WYG_060-11a
116.md	171	KR2a0036_WYG_060-11b
116.md	179	KR2a0036_WYG_060-12a
116.md	187	KR2a0036_WYG_060-12b
116.md	195	KR2a0036_WYG_060-13a
116.md	203	KR2a0036_WYG_060-13b
116.md	211	KR2a0036_WYG_060-14a
116.md	219	KR2a0036_WYG_060-14b
116.md	227	KR2a0036_WYG_060-15a
116.md	235	KR2a0036_WYG_060-15b
116.md	243	KR2a0036_WYG_060-16a
116.md	251	KR2a0036_WYG_060-16b
116.md	259	KR2a0036_WYG_060-17a
116.md	267	KR2a0036_WYG_060-17b
116.md	275	KR2a0036_WYG_060-18a
116.md	283	KR2a0036_WYG_060-18b
116.md	291	KR2a0036_WYG_060-19a
116.md	299	KR2a0036_WYG_060-19b
116.md	307	KR2a0036_WYG_060-20a
116.md	315	KR2a0036_WYG_060-20b
116.md	323	KR2a0036_WYG_060-21a
116.md	331	KR2a0036_WYG_060-21b
116.md	339	KR2a0036_WYG_060-22a
116.md	347	KR2a0036_WYG_060-22b
116.md	355	KR2a0036_WYG_060-23a
116.md	363	KR2a0036_WYG_060-23b
116.md	371	KR2a0036_WYG_060-24a
116.md	379	KR2a0036_WYG_060-24b
116.md	387	KR2a0036_WYG_060-25a
116.md	395	KR2a0036_WYG_060-25b
116.md	403	KR2a0036_WYG_060-26a
116.md	411	KR2a0036_WYG_060-26b
116.md	419	KR2a0036_WYG_060-27a
116.md	427	KR2a0036_WYG_060-27b
116.md	435	KR2a0036_WYG_060-28a
116.md	443	KR2a0036_WYG_060-28b
116.md	451	KR2a0036_WYG_060-29a
116.md	459	KR2a0036_WYG_060-29b
116.md	467	KR2a0036_WYG_060-30a
116.md	475	KR2a0036_WYG_060-30b
116.md	483	KR2a0036_WYG_060-31a
116.md	491	KR2a0036_WYG_060-31b
116.md	499	KR2a0036_WYG_060-32a
116.md	507	KR2a0036_WYG_060-32b
116.md	515	KR2a0036_WYG_060-33a
116.md	523	KR2a0036_WYG_060-33b
117.md	3	KR2a0036_WYG_060-34a
117.md	11	KR2a0036_WYG_060-34b
117.md	19	KR2a0036_WYG_060-35a
117.md	27	KR2a0036_WYG_060-35b
117.md	35	KR2a0036_WYG_060-36a
118.md	3	KR2a0036_WYG_061-1a
118.md	11	KR2a0036_WYG_061-1b
118.md	19	KR2a0036_WYG_061-2a
118.md	27	KR2a0036_WYG_061-2b
118.md	35	KR2a0036_WYG_061-3a
118.md	43	KR2a0036_WYG_061-3b
118.md	51	KR2a0036_WYG_061-4a
118.md	59	KR2a0036_WYG_061-4b
118.md	67	KR2a0036_WYG_061-5a
118.md	75	KR2a0036_WYG_061-5b
118.md	83	KR2a0036_WYG_061-6a
118.md	91	KR2a0036_WYG_061-6b
118.md	99	KR2a0036_WYG_061-7a
118.md	107	KR2a0036_WYG_061-7b
118.md	115	KR2a0036_WYG_061-8a
118.md	123	KR2a0036_WYG_061-8b
118.md	131	KR2a0036_WYG_061-9a
118.md	139	KR2a0036_WYG_061-9b
118.md	147	KR2a0036_WYG_061-10a
118.md	155	KR2a0036_WYG_061-10b
118.md	163	KR2a0036_WYG_061-11a
118.md	171	KR2a0036_WYG_061-11b
118.md	179	KR2a0036_WYG_061-12a
118.md	187	KR2a0036_WYG_061-12b
118.md	195	KR2a0036_WYG_061-13a
118.md	203	KR2a0036_WYG_061-13b
118.md	211	KR2a0036_WYG_061-14a
118.md	219	KR2a0036_WYG_061-14b
118.md	227	KR2a0036_WYG_061-15a
118.md	235	KR2a0036_WYG_061-15b
118.md	243	KR2a0036_WYG_061-16a
118.md	251	KR2a0036_WYG_061-16b
118.md	259	KR2a0036_WYG_061-17a
118.md	267	KR2a0036_WYG_061-17b
118.md	275	KR2a0036_WYG_061-18a
118.md	283	KR2a0036_WYG_061-18b
118.md	291	KR2a0036_WYG_061-19a
118.md	299	KR2a0036_WYG_061-19b
118.md	307	KR2a0036_WYG_061-20a
118.md	315	KR2a0036_WYG_061-20b
118.md	323	KR2a0036_WYG_061-21a
118.md	331	KR2a0036_WYG_061-21b
118.md	339	KR2a0036_WYG_061-22a
118.md	347	KR2a0036_WYG_061-22b
118.md	355	KR2a0036_WYG_061-23a
118.md	363	KR2a0036_WYG_061-23b
118.md	371	KR2a0036_WYG_061-24a
118.md	379	KR2a0036_WYG_061-24b
118.md	387	KR2a0036_WYG_061-25a
118.md	395	KR2a0036_WYG_061-25b
118.md	403	KR2a0036_WYG_061-26a
118.md	411	KR2a0036_WYG_061-26b
118.md	419	KR2a0036_WYG_061-27a
118.md	427	KR2a0036_WYG_061-27b
118.md	435	KR2a0036_WYG_061-28a
118.md	443	KR2a0036_WYG_061-28b
118.md	451	KR2a0036_WYG_061-29a
118.md	459	KR2a0036_WYG_061-29b
118.md	467	KR2a0036_WYG_061-30a
118.md	475	KR2a0036_WYG_061-30b
118.md	483	KR2a0036_WYG_061-31a
118.md	491	KR2a0036_WYG_061-31b
118.md	499	KR2a0036_WYG_061-32a
118.md	507	KR2a0036_WYG_061-32b
118.md	515	KR2a0036_WYG_061-33a
118.md	523	KR2a0036_WYG_061-33b
118.md	531	KR2a0036_WYG_061-34a
118.md	539	KR2a0036_WYG_061-34b
118.md	547	KR2a0036_WYG_061-35a
118.md	555	KR2a0036_WYG_061-35b
118.md	563	KR2a0036_WYG_061-36a
118.md	571	KR2a0036_WYG_061-36b
118.md	579	KR2a0036_WYG_061-37a
118.md	587	KR2a0036_WYG_061-37b
119.md	3	KR2a0036_WYG_061-38a
119.md	11	KR2a0036_WYG_061-38b
119.md	19	KR2a0036_WYG_061-39a
119.md	27	KR2a0036_WYG_061-39b
119.md	35	KR2a0036_WYG_061-40a
120.md	3	KR2a0036_WYG_062-1a
120.md	11	KR2a0036_WYG_062-1b
120.md	19	KR2a0036_WYG_062-2a
120.md	27	KR2a0036_WYG_062-2b
120.md	35	KR2a0036_WYG_062-3a
120.md	43	KR2a0036_WYG_062-3b
120.md	51	KR2a0036_WYG_062-4a
120.md	59	KR2a0036_WYG_062-4b
120.md	67	KR2a0036_WYG_062-5a
120.md	75	KR2a0036_WYG_062-5b
120.md	83	KR2a0036_WYG_062-6a
120.md	91	KR2a0036_WYG_062-6b
120.md	99	KR2a0036_WYG_062-7a
120.md	107	KR2a0036_WYG_062-7b
120.md	115	KR2a0036_WYG_062-8a
120.md	123	KR2a0036_WYG_062-8b
120.md	131	KR2a0036_WYG_062-9a
120.md	139	KR2a0036_WYG_062-9b
120.md	147	KR2a0036_WYG_062-10a
120.md	155	KR2a0036_WYG_062-10b
120.md	163	KR2a0036_WYG_062-11a
120.md	171	KR2a0036_WYG_062-11b
120.md	179	KR2a0036_WYG_062-12a
120.md	187	KR2a0036_WYG_062-12b
120.md	195	KR2a0036_WYG_062-13a
120.md	203	KR2a0036_WYG_062-13b
120.md	211	KR2a0036_WYG_062-14a
120.md	219	KR2a0036_WYG_062-14b
120.md	227	KR2a0036_WYG_062-15a
120.md	235	KR2a0036_WYG_062-15b
120.md	243	KR2a0036_WYG_062-16a
120.md	251	KR2a0036_WYG_062-16b
120.md	259	KR2a0036_WYG_062-17a
120.md	267	KR2a0036_WYG_062-17b
120.md	275	KR2a0036_WYG_062-18a
120.md	283	KR2a0036_WYG_062-18b
120.md	291	KR2a0036_WYG_062-19a
120.md	299	KR2a0036_WYG_062-19b
120.md	307	KR2a0036_WYG_062-20a
120.md	315	KR2a0036_WYG_062-20b
120.md	323	KR2a0036_WYG_062-21a
120.md	331	KR2a0036_WYG_062-21b
120.md	339	KR2a0036_WYG_062-22a
120.md	347	KR2a0036_WYG_062-22b
120.md	355	KR2a0036_WYG_062-23a
120.md	363	KR2a0036_WYG_062-23b
120.md	371	KR2a0036_WYG_062-24a
120.md	379	KR2a0036_WYG_062-24b
120.md	387	KR2a0036_WYG_062-25a
120.md	395	KR2a0036_WYG_062-25b
120.md	403	KR2a0036_WYG_062-26a
120.md	411	KR2a0036_WYG_062-26b
120.md	419	KR2a0036_WYG_062-27a
120.md	427	KR2a0036_WYG_062-27b
120.md	435	KR2a0036_WYG_062-28a
120.md	443	KR2a0036_WYG_062-28b
120.md	451	KR2a0036_WYG_062-29a
120.md	459	KR2a0036_WYG_062-29b
120.md	467	KR2a0036_WYG_062-30a
120.md	475	KR2a0036_WYG_062-30b
120.md	483	KR2a0036_WYG_062-31a
120.md	491	KR2a0036_WYG_062-31b
120.md	499	KR2a0036_WYG_062-32a
120.md	507	KR2a0036_WYG_062-32b
120.md	515	KR2a0036_WYG_062-33a
120.md	523	KR2a0036_WYG_062-33b
120.md	531	KR2a0036_WYG_062-34a
120.md	539	KR2a0036_WYG_062-34b
121.md	3	KR2a0036_WYG_062-35a
121.md	11	KR2a0036_WYG_062-35b
121.md	19	KR2a0036_WYG_062-36a
121.md	27	KR2a0036_WYG_062-36b
122.md	3	KR2a0036_WYG_063-1a
122.md	11	KR2a0036_WYG_063-1b
122.md	19	KR2a0036_WYG_063-2a
122.md	27	KR2a0036_WYG_063-2b
122.md	35	KR2a0036_WYG_063-3a
122.md	43	KR2a0036_WYG_063-3b
122.md	51	KR2a0036_WYG_063-4a
122.md	59	KR2a0036_WYG_063-4b
122.md	67	KR2a0036_WYG_063-5a
122.md	75	KR2a0036_WYG_063-5b
122.md	83	KR2a0036_WYG_063-6a
122.md	91	KR2a0036_WYG_063-6b
122.md	99	KR2a0036_WYG_063-7a
122.md	107	KR2a0036_WYG_063-7b
122.md	115	KR2a0036_WYG_063-8a
122.md	123	KR2a0036_WYG_063-8b
122.md	131	KR2a0036_WYG_063-9a
122.md	139	KR2a0036_WYG_063-9b
122.md	147	KR2a0036_WYG_063-10a
122.md	155	KR2a0036_WYG_063-10b
122.md	163	KR2a0036_WYG_063-11a
122.md	171	KR2a0036_WYG_063-11b
122.md	179	KR2a0036_WYG_063-12a
122.md	187	KR2a0036_WYG_063-12b
122.md	195	KR2a0036_WYG_063-13a
122.md	203	KR2a0036_WYG_063-13b
122.md	211	KR2a0036_WYG_063-14a
122.md	219	KR2a0036_WYG_063-14b
122.md	227	KR2a0036_WYG_063-15a
122.md	235	KR2a0036_WYG_063-15b
122.md	243	KR2a0036_WYG_063-16a
122.md	251	KR2a0036_WYG_063-16b
122.md	259	KR2a0036_WYG_063-17a
122.md	267	KR2a0036_WYG_063-17b
122.md	275	KR2a0036_WYG_063-18a
122.md	283	KR2a0036_WYG_063-18b
122.md	291	KR2a0036_WYG_063-19a
122.md	299	KR2a0036_WYG_063-19b
122.md	307	KR2a0036_WYG_063-20a
122.md	315	KR2a0036_WYG_063-20b
122.md	323	KR2a0036_WYG_063-21a
122.md	331	KR2a0036_WYG_063-21b
122.md	339	KR2a0036_WYG_063-22a
122.md	347	KR2a0036_WYG_063-22b
122.md	355	KR2a0036_WYG_063-23a
122.md	363	KR2a0036_WYG_063-23b
122.md	371	KR2a0036_WYG_063-24a
122.md	379	KR2a0036_WYG_063-24b
122.md	387	KR2a0036_WYG_063-25a
122.md	395	KR2a0036_WYG_063-25b
122.md	403	KR2a0036_WYG_063-26a
122.md	411	KR2a0036_WYG_063-26b
122.md	419	KR2a0036_WYG_063-27a
122.md	427	KR2a0036_WYG_063-27b
122.md	435	KR2a0036_WYG_063-28a
122.md	443	KR2a0036_WYG_063-28b
122.md	451	KR2a0036_WYG_063-29a
122.md	459	KR2a0036_WYG_063-29b
122.md	467	KR2a0036_WYG_063-30a
122.md	475	KR2a0036_WYG_063-30b
122.md	483	KR2a0036_WYG_063-31a
122.md	491	KR2a0036_WYG_063-31b
122.md	499	KR2a0036_WYG_063-32a
122.md	507	KR2a0036_WYG_063-32b
122.md	515	KR2a0036_WYG_063-33a
123.md	3	KR2a0036_WYG_063-34a
123.md	11	KR2a0036_WYG_063-34b
123.md	19	KR2a0036_WYG_063-35a
123.md	27	KR2a0036_WYG_063-35b
124.md	3	KR2a0036_WYG_063-36a
124.md	11	KR2a0036_WYG_063-36b
124.md	19	KR2a0036_WYG_063-37a
124.md	27	KR2a0036_WYG_063-37b
124.md	35	KR2a0036_WYG_063-38a
124.md	43	KR2a0036_WYG_063-38b
124.md	51	KR2a0036_WYG_063-39a
124.md	59	KR2a0036_WYG_063-39b
124.md	67	KR2a0036_WYG_063-40a
124.md	75	KR2a0036_WYG_063-40b
124.md	83	KR2a0036_WYG_063-41a
124.md	91	KR2a0036_WYG_063-41b
124.md	99	KR2a0036_WYG_063-42a
124.md	107	KR2a0036_WYG_063-42b
124.md	115	KR2a0036_WYG_063-43a
124.md	123	KR2a0036_WYG_063-43b
124.md	131	KR2a0036_WYG_063-44a
124.md	139	KR2a0036_WYG_063-44b
124.md	147	KR2a0036_WYG_063-45a
124.md	149	KR2a0036_WYG_063-46a
124.md	157	KR2a0036_WYG_063-46b
124.md	165	KR2a0036_WYG_063-47a
124.md	173	KR2a0036_WYG_063-47b
124.md	181	KR2a0036_WYG_063-48a
124.md	189	KR2a0036_WYG_063-48b
124.md	197	KR2a0036_WYG_063-49a
124.md	205	KR2a0036_WYG_063-49b
125.md	3	KR2a0036_WYG_063-50a
125.md	11	KR2a0036_WYG_063-50b
125.md	19	KR2a0036_WYG_063-51a
125.md	24	KR2a0036_WYG_063-51b
126.md	3	KR2a0036_WYG_064-1a
126.md	11	KR2a0036_WYG_064-1b
126.md	19	KR2a0036_WYG_064-2a
126.md	27	KR2a0036_WYG_064-2b
126.md	35	KR2a0036_WYG_064-3a
126.md	43	KR2a0036_WYG_064-3b
126.md	51	KR2a0036_WYG_064-4a
126.md	59	KR2a0036_WYG_064-4b
126.md	67	KR2a0036_WYG_064-5a
126.md	75	KR2a0036_WYG_064-5b
126.md	83	KR2a0036_WYG_064-6a
126.md	91	KR2a0036_WYG_064-6b
126.md	99	KR2a0036_WYG_064-7a
126.md	107	KR2a0036_WYG_064-7b
126.md	115	KR2a0036_WYG_064-8a
126.md	123	KR2a0036_WYG_064-8b
126.md	131	KR2a0036_WYG_064-9a
126.md	139	KR2a0036_WYG_064-9b
126.md	147	KR2a0036_WYG_064-10a
126.md	155	KR2a0036_WYG_064-10b
126.md	163	KR2a0036_WYG_064-11a
126.md	171	KR2a0036_WYG_064-11b
126.md	179	KR2a0036_WYG_064-12a
126.md	187	KR2a0036_WYG_064-12b
126.md	195	KR2a0036_WYG_064-13a
126.md	203	KR2a0036_WYG_064-13b
126.md	211	KR2a0036_WYG_064-14a
126.md	219	KR2a0036_WYG_064-14b
126.md	227	KR2a0036_WYG_064-15a
126.md	235	KR2a0036_WYG_064-15b
126.md	243	KR2a0036_WYG_064-16a
126.md	251	KR2a0036_WYG_064-16b
126.md	259	KR2a0036_WYG_064-17a
126.md	267	KR2a0036_WYG_064-17b
126.md	275	KR2a0036_WYG_064-18a
126.md	283	KR2a0036_WYG_064-18b
126.md	291	KR2a0036_WYG_064-19a
126.md	299	KR2a0036_WYG_064-19b
126.md	307	KR2a0036_WYG_064-20a
126.md	315	KR2a0036_WYG_064-20b
126.md	323	KR2a0036_WYG_064-21a
126.md	331	KR2a0036_WYG_064-21b
126.md	339	KR2a0036_WYG_064-22a
126.md	347	KR2a0036_WYG_064-22b
126.md	355	KR2a0036_WYG_064-23a
126.md	363	KR2a0036_WYG_064-23b
126.md	371	KR2a0036_WYG_064-24a
126.md	379	KR2a0036_WYG_064-24b
126.md	387	KR2a0036_WYG_064-25a
126.md	395	KR2a0036_WYG_064-25b
126.md	403	KR2a0036_WYG_064-26a
126.md	411	KR2a0036_WYG_064-26b
126.md	419	KR2a0036_WYG_064-27a
126.md	427	KR2a0036_WYG_064-27b
126.md	435	KR2a0036_WYG_064-28a
126.md	443	KR2a0036_WYG_064-28b
126.md	451	KR2a0036_WYG_064-29a
126.md	459	KR2a0036_WYG_064-29b
126.md	467	KR2a0036_WYG_064-30a
126.md	475	KR2a0036_WYG_064-30b
126.md	483	KR2a0036_WYG_064-31a
126.md	491	KR2a0036_WYG_064-31b
126.md	499	KR2a0036_WYG_064-32a
126.md	507	KR2a0036_WYG_064-32b
126.md	515	KR2a0036_WYG_064-33a
126.md	523	KR2a0036_WYG_064-33b
126.md	531	KR2a0036_WYG_064-34a
126.md	539	KR2a0036_WYG_064-34b
126.md	547	KR2a0036_WYG_064-35a
126.md	555	KR2a0036_WYG_064-35b
126.md	563	KR2a0036_WYG_064-36a
126.md	571	KR2a0036_WYG_064-36b
126.md	579	KR2a0036_WYG_064-37a
126.md	587	KR2a0036_WYG_064-37b
126.md	595	KR2a0036_WYG_064-38a
126.md	603	KR2a0036_WYG_064-38b
127.md	3	KR2a0036_WYG_064-39a
127.md	11	KR2a0036_WYG_064-39b
128.md	3	KR2a0036_WYG_065-1a
128.md	11	KR2a0036_WYG_065-1b
128.md	19	KR2a0036_WYG_065-2a
128.md	27	KR2a0036_WYG_065-2b
128.md	35	KR2a0036_WYG_065-3a
128.md	43	KR2a0036_WYG_065-3b
128.md	51	KR2a0036_WYG_065-4a
128.md	59	KR2a0036_WYG_065-4b
128.md	67	KR2a0036_WYG_065-5a
128.md	75	KR2a0036_WYG_065-5b
128.md	83	KR2a0036_WYG_065-6a
128.md	91	KR2a0036_WYG_065-6b
128.md	99	KR2a0036_WYG_065-7a
128.md	107	KR2a0036_WYG_065-7b
128.md	115	KR2a0036_WYG_065-8a
128.md	123	KR2a0036_WYG_065-8b
128.md	131	KR2a0036_WYG_065-9a
128.md	139	KR2a0036_WYG_065-9b
128.md	147	KR2a0036_WYG_065-10a
128.md	155	KR2a0036_WYG_065-10b
128.md	163	KR2a0036_WYG_065-11a
128.md	171	KR2a0036_WYG_065-11b
128.md	179	KR2a0036_WYG_065-12a
128.md	187	KR2a0036_WYG_065-12b
128.md	195	KR2a0036_WYG_065-13a
128.md	203	KR2a0036_WYG_065-13b
128.md	211	KR2a0036_WYG_065-14a
128.md	219	KR2a0036_WYG_065-14b
128.md	227	KR2a0036_WYG_065-15a
128.md	235	KR2a0036_WYG_065-15b
128.md	243	KR2a0036_WYG_065-16a
128.md	251	KR2a0036_WYG_065-16b
128.md	259	KR2a0036_WYG_065-17a
128.md	267	KR2a0036_WYG_065-17b
128.md	275	KR2a0036_WYG_065-18a
128.md	283	KR2a0036_WYG_065-18b
128.md	291	KR2a0036_WYG_065-19a
128.md	299	KR2a0036_WYG_065-19b
128.md	307	KR2a0036_WYG_065-20a
128.md	315	KR2a0036_WYG_065-20b
128.md	323	KR2a0036_WYG_065-21a
128.md	331	KR2a0036_WYG_065-21b
128.md	339	KR2a0036_WYG_065-22a
128.md	347	KR2a0036_WYG_065-22b
128.md	355	KR2a0036_WYG_065-23a
128.md	363	KR2a0036_WYG_065-23b
128.md	371	KR2a0036_WYG_065-24a
128.md	379	KR2a0036_WYG_065-24b
128.md	387	KR2a0036_WYG_065-25a
128.md	395	KR2a0036_WYG_065-25b
128.md	403	KR2a0036_WYG_065-26a
128.md	411	KR2a0036_WYG_065-26b
128.md	419	KR2a0036_WYG_065-27a
128.md	427	KR2a0036_WYG_065-27b
128.md	435	KR2a0036_WYG_065-28a
128.md	443	KR2a0036_WYG_065-28b
128.md	451	KR2a0036_WYG_065-29a
128.md	459	KR2a0036_WYG_065-29b
128.md	467	KR2a0036_WYG_065-30a
128.md	475	KR2a0036_WYG_065-30b
128.md	483	KR2a0036_WYG_065-31a
128.md	491	KR2a0036_WYG_065-31b
128.md	499	KR2a0036_WYG_065-32a
128.md	507	KR2a0036_WYG_065-32b
129.md	3	KR2a0036_WYG_065-33a
129.md	11	KR2a0036_WYG_065-33b
130.md	3	KR2a0036_WYG_066-1a
130.md	11	KR2a0036_WYG_066-1b
130.md	19	KR2a0036_WYG_066-2a
130.md	27	KR2a0036_WYG_066-2b
130.md	35	KR2a0036_WYG_066-3a
130.md	43	KR2a0036_WYG_066-3b
130.md	51	KR2a0036_WYG_066-4a
130.md	59	KR2a0036_WYG_066-4b
130.md	67	KR2a0036_WYG_066-5a
130.md	75	KR2a0036_WYG_066-5b
130.md	83	KR2a0036_WYG_066-6a
130.md	91	KR2a0036_WYG_066-6b
130.md	99	KR2a0036_WYG_066-7a
130.md	107	KR2a0036_WYG_066-7b
130.md	115	KR2a0036_WYG_066-8a
130.md	123	KR2a0036_WYG_066-8b
130.md	131	KR2a0036_WYG_066-9a
130.md	139	KR2a0036_WYG_066-9b
130.md	147	KR2a0036_WYG_066-10a
130.md	155	KR2a0036_WYG_066-10b
130.md	163	KR2a0036_WYG_066-11a
130.md	171	KR2a0036_WYG_066-11b
130.md	179	KR2a0036_WYG_066-12a
130.md	187	KR2a0036_WYG_066-12b
130.md	195	KR2a0036_WYG_066-13a
130.md	203	KR2a0036_WYG_066-13b
130.md	211	KR2a0036_WYG_066-14a
130.md	219	KR2a0036_WYG_066-14b
130.md	227	KR2a0036_WYG_066-15a
130.md	235	KR2a0036_WYG_066-15b
130.md	243	KR2a0036_WYG_066-16a
130.md	251	KR2a0036_WYG_066-16b
130.md	259	KR2a0036_WYG_066-17a
130.md	267	KR2a0036_WYG_066-17b
130.md	275	KR2a0036_WYG_066-18a
130.md	283	KR2a0036_WYG_066-18b
130.md	291	KR2a0036_WYG_066-19a
130.md	299	KR2a0036_WYG_066-19b
130.md	307	KR2a0036_WYG_066-20a
130.md	315	KR2a0036_WYG_066-20b
130.md	323	KR2a0036_WYG_066-21a
130.md	331	KR2a0036_WYG_066-21b
130.md	339	KR2a0036_WYG_066-22a
130.md	347	KR2a0036_WYG_066-22b
131.md	3	KR2a0036_WYG_066-23a
131.md	11	KR2a0036_WYG_066-23b
131.md	19	KR2a0036_WYG_066-24a
132.md	3	KR2a0036_WYG_067-1a
132.md	11	KR2a0036_WYG_067-1b
132.md	19	KR2a0036_WYG_067-2a
132.md	27	KR2a0036_WYG_067-2b
132.md	35	KR2a0036_WYG_067-3a
132.md	43	KR2a0036_WYG_067-3b
132.md	51	KR2a0036_WYG_067-4a
132.md	59	KR2a0036_WYG_067-4b
132.md	67	KR2a0036_WYG_067-5a
132.md	75	KR2a0036_WYG_067-5b
132.md	83	KR2a0036_WYG_067-6a
132.md	91	KR2a0036_WYG_067-6b
132.md	99	KR2a0036_WYG_067-7a
132.md	107	KR2a0036_WYG_067-7b
132.md	115	KR2a0036_WYG_067-8a
132.md	123	KR2a0036_WYG_067-8b
132.md	131	KR2a0036_WYG_067-9a
132.md	139	KR2a0036_WYG_067-9b
132.md	147	KR2a0036_WYG_067-10a
132.md	155	KR2a0036_WYG_067-10b
132.md	163	KR2a0036_WYG_067-11a
132.md	171	KR2a0036_WYG_067-11b
132.md	179	KR2a0036_WYG_067-12a
132.md	187	KR2a0036_WYG_067-12b
132.md	195	KR2a0036_WYG_067-13a
132.md	203	KR2a0036_WYG_067-13b
132.md	211	KR2a0036_WYG_067-14a
132.md	219	KR2a0036_WYG_067-14b
132.md	227	KR2a0036_WYG_067-15a
132.md	235	KR2a0036_WYG_067-15b
132.md	243	KR2a0036_WYG_067-16a
132.md	251	KR2a0036_WYG_067-16b
132.md	259	KR2a0036_WYG_067-17a
132.md	267	KR2a0036_WYG_067-17b
132.md	275	KR2a0036_WYG_067-18a
132.md	283	KR2a0036_WYG_067-18b
132.md	291	KR2a0036_WYG_067-19a
132.md	299	KR2a0036_WYG_067-19b
132.md	307	KR2a0036_WYG_067-20a
132.md	315	KR2a0036_WYG_067-20b
132.md	323	KR2a0036_WYG_067-21a
132.md	331	KR2a0036_WYG_067-21b
132.md	339	KR2a0036_WYG_067-22a
132.md	347	KR2a0036_WYG_067-22b
132.md	355	KR2a0036_WYG_067-23a
132.md	363	KR2a0036_WYG_067-23b
132.md	371	KR2a0036_WYG_067-24a
132.md	379	KR2a0036_WYG_067-24b
132.md	387	KR2a0036_WYG_067-25a
132.md	395	KR2a0036_WYG_067-25b
132.md	403	KR2a0036_WYG_067-26a
132.md	411	KR2a0036_WYG_067-26b
132.md	419	KR2a0036_WYG_067-27a
132.md	427	KR2a0036_WYG_067-27b
132.md	435	KR2a0036_WYG_067-28a
132.md	443	KR2a0036_WYG_067-28b
132.md	451	KR2a0036_WYG_067-29a
132.md	459	KR2a0036_WYG_067-29b
132.md	467	KR2a0036_WYG_067-30a
132.md	475	KR2a0036_WYG_067-30b
132.md	483	KR2a0036_WYG_067-31a
132.md	491	KR2a0036_WYG_067-31b
132.md	499	KR2a0036_WYG_067-32a
132.md	507	KR2a0036_WYG_067-32b
132.md	515	KR2a0036_WYG_067-33a
132.md	523	KR2a0036_WYG_067-33b
132.md	531	KR2a0036_WYG_067-34a
132.md	539	KR2a0036_WYG_067-34b
133.md	3	KR2a0036_WYG_067-35a
133.md	11	KR2a0036_WYG_067-35b
133.md	19	KR2a0036_WYG_067-36a
134.md	3	KR2a0036_WYG_068-1a
134.md	11	KR2a0036_WYG_068-1b
134.md	19	KR2a0036_WYG_068-2a
134.md	27	KR2a0036_WYG_068-2b
134.md	35	KR2a0036_WYG_068-3a
134.md	43	KR2a0036_WYG_068-3b
134.md	51	KR2a0036_WYG_068-4a
134.md	59	KR2a0036_WYG_068-4b
134.md	67	KR2a0036_WYG_068-5a
134.md	75	KR2a0036_WYG_068-5b
134.md	83	KR2a0036_WYG_068-6a
134.md	91	KR2a0036_WYG_068-6b
134.md	99	KR2a0036_WYG_068-7a
134.md	107	KR2a0036_WYG_068-7b
134.md	115	KR2a0036_WYG_068-8a
134.md	123	KR2a0036_WYG_068-8b
134.md	131	KR2a0036_WYG_068-9a
134.md	139	KR2a0036_WYG_068-9b
134.md	147	KR2a0036_WYG_068-10a
134.md	155	KR2a0036_WYG_068-10b
134.md	163	KR2a0036_WYG_068-11a
134.md	171	KR2a0036_WYG_068-11b
134.md	179	KR2a0036_WYG_068-12a
134.md	187	KR2a0036_WYG_068-12b
134.md	195	KR2a0036_WYG_068-13a
134.md	203	KR2a0036_WYG_068-13b
134.md	211	KR2a0036_WYG_068-14a
134.md	219	KR2a0036_WYG_068-14b
134.md	227	KR2a0036_WYG_068-15a
134.md	235	KR2a0036_WYG_068-15b
134.md	243	KR2a0036_WYG_068-16a
134.md	251	KR2a0036_WYG_068-16b
134.md	259	KR2a0036_WYG_068-17a
134.md	267	KR2a0036_WYG_068-17b
134.md	275	KR2a0036_WYG_068-18a
134.md	283	KR2a0036_WYG_068-18b
134.md	291	KR2a0036_WYG_068-19a
134.md	299	KR2a0036_WYG_068-19b
134.md	307	KR2a0036_WYG_068-20a
134.md	315	KR2a0036_WYG_068-20b
135.md	3	KR2a0036_WYG_068-21a
136.md	3	KR2a0036_WYG_069-1a
136.md	11	KR2a0036_WYG_069-1b
136.md	19	KR2a0036_WYG_069-2a
136.md	27	KR2a0036_WYG_069-2b
136.md	35	KR2a0036_WYG_069-3a
136.md	43	KR2a0036_WYG_069-3b
136.md	51	KR2a0036_WYG_069-4a
136.md	59	KR2a0036_WYG_069-4b
136.md	67	KR2a0036_WYG_069-5a
136.md	75	KR2a0036_WYG_069-5b
136.md	83	KR2a0036_WYG_069-6a
136.md	91	KR2a0036_WYG_069-6b
136.md	99	KR2a0036_WYG_069-7a
136.md	107	KR2a0036_WYG_069-7b
136.md	115	KR2a0036_WYG_069-8a
136.md	123	KR2a0036_WYG_069-8b
136.md	131	KR2a0036_WYG_069-9a
136.md	139	KR2a0036_WYG_069-9b
136.md	147	KR2a0036_WYG_069-10a
136.md	155	KR2a0036_WYG_069-10b
136.md	163	KR2a0036_WYG_069-11a
136.md	171	KR2a0036_WYG_069-11b
136.md	179	KR2a0036_WYG_069-12a
136.md	187	KR2a0036_WYG_069-12b
136.md	195	KR2a0036_WYG_069-13a
136.md	203	KR2a0036_WYG_069-13b
136.md	211	KR2a0036_WYG_069-14a
136.md	219	KR2a0036_WYG_069-14b
136.md	227	KR2a0036_WYG_069-15a
136.md	235	KR2a0036_WYG_069-15b
136.md	243	KR2a0036_WYG_069-16a
136.md	251	KR2a0036_WYG_069-16b
136.md	259	KR2a0036_WYG_069-17a
136.md	267	KR2a0036_WYG_069-17b
136.md	275	KR2a0036_WYG_069-18a
136.md	283	KR2a0036_WYG_069-18b
136.md	291	KR2a0036_WYG_069-19a
136.md	299	KR2a0036_WYG_069-19b
136.md	307	KR2a0036_WYG_069-20a
136.md	315	KR2a0036_WYG_069-20b
136.md	323	KR2a0036_WYG_069-21a
136.md	331	KR2a0036_WYG_069-21b
136.md	339	KR2a0036_WYG_069-22a
136.md	347	KR2a0036_WYG_069-22b
136.md	355	KR2a0036_WYG_069-23a
136.md	363	KR2a0036_WYG_069-23b
136.md	371	KR2a0036_WYG_069-24a
136.md	379	KR2a0036_WYG_069-24b
136.md	387	KR2a0036_WYG_069-25a
136.md	395	KR2a0036_WYG_069-25b
136.md	403	KR2a0036_WYG_069-26a
136.md	411	KR2a0036_WYG_069-26b
136.md	419	KR2a0036_WYG_069-27a
136.md	427	KR2a0036_WYG_069-27b
136.md	435	KR2a0036_WYG_069-28a
136.md	443	KR2a0036_WYG_069-28b
136.md	451	KR2a0036_WYG_069-29a
136.md	459	KR2a0036_WYG_069-29b
136.md	467	KR2a0036_WYG_069-30a
136.md	475	KR2a0036_WYG_069-30b
136.md	483	KR2a0036_WYG_069-31a
136.md	491	KR2a0036_WYG_069-31b
136.md	499	KR2a0036_WYG_069-32a
136.md	507	KR2a0036_WYG_069-32b
136.md	515	KR2a0036_WYG_069-33a
136.md	523	KR2a0036_WYG_069-33b
136.md	531	KR2a0036_WYG_069-34a
136.md	539	KR2a0036_WYG_069-34b
137.md	3	KR2a0036_WYG_069-35a
137.md	11	KR2a0036_WYG_069-35b
137.md	19	KR2a0036_WYG_069-36a
137.md	27	KR2a0036_WYG_069-36b
137.md	35	KR2a0036_WYG_069-37a
137.md	43	KR2a0036_WYG_069-37b
137.md	51	KR2a0036_WYG_069-38a
137.md	59	KR2a0036_WYG_069-38b
138.md	3	KR2a0036_WYG_070-1a
138.md	11	KR2a0036_WYG_070-1b
138.md	19	KR2a0036_WYG_070-2a
138.md	27	KR2a0036_WYG_070-2b
138.md	35	KR2a0036_WYG_070-3a
138.md	43	KR2a0036_WYG_070-3b
138.md	51	KR2a0036_WYG_070-4a
138.md	59	KR2a0036_WYG_070-4b
138.md	67	KR2a0036_WYG_070-5a
138.md	75	KR2a0036_WYG_070-5b
138.md	83	KR2a0036_WYG_070-6a
138.md	91	KR2a0036_WYG_070-6b
138.md	99	KR2a0036_WYG_070-7a
138.md	107	KR2a0036_WYG_070-7b
138.md	115	KR2a0036_WYG_070-8a
138.md	123	KR2a0036_WYG_070-8b
138.md	131	KR2a0036_WYG_070-9a
138.md	139	KR2a0036_WYG_070-9b
138.md	147	KR2a0036_WYG_070-10a
138.md	155	KR2a0036_WYG_070-10b
138.md	163	KR2a0036_WYG_070-11a
138.md	171	KR2a0036_WYG_070-11b
138.md	179	KR2a0036_WYG_070-12a
138.md	187	KR2a0036_WYG_070-12b
138.md	195	KR2a0036_WYG_070-13a
138.md	203	KR2a0036_WYG_070-13b
138.md	211	KR2a0036_WYG_070-14a
138.md	219	KR2a0036_WYG_070-14b
138.md	227	KR2a0036_WYG_070-15a
138.md	235	KR2a0036_WYG_070-15b
138.md	243	KR2a0036_WYG_070-16a
138.md	251	KR2a0036_WYG_070-16b
138.md	259	KR2a0036_WYG_070-17a
138.md	267	KR2a0036_WYG_070-17b
138.md	275	KR2a0036_WYG_070-18a
138.md	283	KR2a0036_WYG_070-18b
138.md	291	KR2a0036_WYG_070-19a
138.md	299	KR2a0036_WYG_070-19b
138.md	307	KR2a0036_WYG_070-20a
138.md	315	KR2a0036_WYG_070-20b
138.md	323	KR2a0036_WYG_070-21a
138.md	331	KR2a0036_WYG_070-21b
139.md	3	KR2a0036_WYG_070-22a
139.md	11	KR2a0036_WYG_070-22b
140.md	3	KR2a0036_WYG_071-1a
140.md	11	KR2a0036_WYG_071-1b
140.md	19	KR2a0036_WYG_071-2a
140.md	27	KR2a0036_WYG_071-2b
140.md	35	KR2a0036_WYG_071-3a
140.md	43	KR2a0036_WYG_071-3b
140.md	51	KR2a0036_WYG_071-4a
140.md	59	KR2a0036_WYG_071-4b
140.md	67	KR2a0036_WYG_071-5a
140.md	75	KR2a0036_WYG_071-5b
140.md	83	KR2a0036_WYG_071-6a
140.md	91	KR2a0036_WYG_071-6b
140.md	99	KR2a0036_WYG_071-7a
140.md	107	KR2a0036_WYG_071-7b
140.md	115	KR2a0036_WYG_071-8a
140.md	123	KR2a0036_WYG_071-8b
140.md	131	KR2a0036_WYG_071-9a
140.md	139	KR2a0036_WYG_071-9b
140.md	147	KR2a0036_WYG_071-10a
140.md	155	KR2a0036_WYG_071-10b
140.md	163	KR2a0036_WYG_071-11a
140.md	171	KR2a0036_WYG_071-11b
140.md	179	KR2a0036_WYG_071-12a
140.md	187	KR2a0036_WYG_071-12b
140.md	195	KR2a0036_WYG_071-13a
140.md	203	KR2a0036_WYG_071-13b
140.md	211	KR2a0036_WYG_071-14a
140.md	219	KR2a0036_WYG_071-14b
140.md	227	KR2a0036_WYG_071-15a
140.md	235	KR2a0036_WYG_071-15b
140.md	243	KR2a0036_WYG_071-16a
140.md	251	KR2a0036_WYG_071-16b
140.md	259	KR2a0036_WYG_071-17a
140.md	267	KR2a0036_WYG_071-17b
141.md	3	KR2a0036_WYG_071-18a
141.md	11	KR2a0036_WYG_071-18b
141.md	19	KR2a0036_WYG_071-19a
142.md	3	KR2a0036_WYG_072-1a
142.md	11	KR2a0036_WYG_072-1b
142.md	19	KR2a0036_WYG_072-2a
142.md	27	KR2a0036_WYG_072-2b
142.md	35	KR2a0036_WYG_072-3a
142.md	43	KR2a0036_WYG_072-3b
142.md	51	KR2a0036_WYG_072-4a
142.md	59	KR2a0036_WYG_072-4b
142.md	67	KR2a0036_WYG_072-5a
142.md	75	KR2a0036_WYG_072-5b
142.md	83	KR2a0036_WYG_072-6a
142.md	91	KR2a0036_WYG_072-6b
142.md	99	KR2a0036_WYG_072-7a
142.md	107	KR2a0036_WYG_072-7b
142.md	115	KR2a0036_WYG_072-8a
142.md	123	KR2a0036_WYG_072-8b
142.md	131	KR2a0036_WYG_072-9a
142.md	139	KR2a0036_WYG_072-9b
142.md	147	KR2a0036_WYG_072-10a
142.md	155	KR2a0036_WYG_072-10b
142.md	163	KR2a0036_WYG_072-11a
142.md	171	KR2a0036_WYG_072-11b
142.md	179	KR2a0036_WYG_072-12a
142.md	187	KR2a0036_WYG_072-12b
142.md	195	KR2a0036_WYG_072-13a
142.md	203	KR2a0036_WYG_072-13b
142.md	211	KR2a0036_WYG_072-14a
142.md	219	KR2a0036_WYG_072-14b
142.md	227	KR2a0036_WYG_072-15a
142.md	235	KR2a0036_WYG_072-15b
142.md	243	KR2a0036_WYG_072-16a
142.md	251	KR2a0036_WYG_072-16b
142.md	259	KR2a0036_WYG_072-17a
142.md	267	KR2a0036_WYG_072-17b
142.md	275	KR2a0036_WYG_072-18a
142.md	283	KR2a0036_WYG_072-18b
142.md	291	KR2a0036_WYG_072-19a
142.md	299	KR2a0036_WYG_072-19b
142.md	307	KR2a0036_WYG_072-20a
142.md	315	KR2a0036_WYG_072-20b
142.md	323	KR2a0036_WYG_072-21a
142.md	331	KR2a0036_WYG_072-21b
142.md	339	KR2a0036_WYG_072-22a
142.md	347	KR2a0036_WYG_072-22b
142.md	355	KR2a0036_WYG_072-23a
142.md	363	KR2a0036_WYG_072-23b
142.md	371	KR2a0036_WYG_072-24a
142.md	379	KR2a0036_WYG_072-24b
142.md	387	KR2a0036_WYG_072-25a
142.md	395	KR2a0036_WYG_072-25b
142.md	403	KR2a0036_WYG_072-26a
142.md	411	KR2a0036_WYG_072-26b
142.md	419	KR2a0036_WYG_072-27a
142.md	427	KR2a0036_WYG_072-27b
142.md	435	KR2a0036_WYG_072-28a
142.md	443	KR2a0036_WYG_072-28b
142.md	451	KR2a0036_WYG_072-29a
142.md	459	KR2a0036_WYG_072-29b
143.md	3	KR2a0036_WYG_073-1a
143.md	11	KR2a0036_WYG_073-1b
143.md	19	KR2a0036_WYG_073-2a
143.md	27	KR2a0036_WYG_073-2b
143.md	35	KR2a0036_WYG_073-3a
143.md	43	KR2a0036_WYG_073-3b
143.md	51	KR2a0036_WYG_073-4a
143.md	59	KR2a0036_WYG_073-4b
143.md	67	KR2a0036_WYG_073-5a
143.md	75	KR2a0036_WYG_073-5b
143.md	83	KR2a0036_WYG_073-6a
143.md	91	KR2a0036_WYG_073-6b
143.md	99	KR2a0036_WYG_073-7a
143.md	107	KR2a0036_WYG_073-7b
143.md	115	KR2a0036_WYG_073-8a
143.md	123	KR2a0036_WYG_073-8b
143.md	131	KR2a0036_WYG_073-9a
143.md	139	KR2a0036_WYG_073-9b
143.md	147	KR2a0036_WYG_073-10a
143.md	155	KR2a0036_WYG_073-10b
143.md	163	KR2a0036_WYG_073-11a
143.md	171	KR2a0036_WYG_073-11b
143.md	179	KR2a0036_WYG_073-12a
143.md	187	KR2a0036_WYG_073-12b
143.md	195	KR2a0036_WYG_073-13a
143.md	203	KR2a0036_WYG_073-13b
143.md	211	KR2a0036_WYG_073-14a
143.md	219	KR2a0036_WYG_073-14b
143.md	227	KR2a0036_WYG_073-15a
143.md	235	KR2a0036_WYG_073-15b
143.md	243	KR2a0036_WYG_073-16a
143.md	251	KR2a0036_WYG_073-16b
143.md	259	KR2a0036_WYG_073-17a
143.md	267	KR2a0036_WYG_073-17b
143.md	275	KR2a0036_WYG_073-18a
143.md	283	KR2a0036_WYG_073-18b
143.md	291	KR2a0036_WYG_073-19a
143.md	299	KR2a0036_WYG_073-19b
143.md	307	KR2a0036_WYG_073-20a
143.md	315	KR2a0036_WYG_073-20b
143.md	323	KR2a0036_WYG_073-21a
143.md	331	KR2a0036_WYG_073-21b
143.md	339	KR2a0036_WYG_073-22a
143.md	347	KR2a0036_WYG_073-22b
143.md	355	KR2a0036_WYG_073-23a
143.md	363	KR2a0036_WYG_073-23b
143.md	371	KR2a0036_WYG_073-24a
143.md	379	KR2a0036_WYG_073-24b
143.md	387	KR2a0036_WYG_073-25a
143.md	395	KR2a0036_WYG_073-25b
143.md	403	KR2a0036_WYG_073-26a
143.md	411	KR2a0036_WYG_073-26b
143.md	419	KR2a0036_WYG_073-27a
143.md	427	KR2a0036_WYG_073-27b
143.md	435	KR2a0036_WYG_073-28a
143.md	443	KR2a0036_WYG_073-28b
143.md	451	KR2a0036_WYG_073-29a
143.md	459	KR2a0036_WYG_073-29b
143.md	467	KR2a0036_WYG_073-30a
143.md	475	KR2a0036_WYG_073-30b
143.md	483	KR2a0036_WYG_073-31a
143.md	491	KR2a0036_WYG_073-31b
143.md	499	KR2a0036_WYG_073-32a
143.md	507	KR2a0036_WYG_073-32b
143.md	515	KR2a0036_WYG_073-33a
143.md	523	KR2a0036_WYG_073-33b
143.md	531	KR2a0036_WYG_073-34a
143.md	539	KR2a0036_WYG_073-34b
144.md	3	KR2a0036_WYG_073-35a
145.md	3	KR2a0036_WYG_074-1a
145.md	11	KR2a0036_WYG_074-1b
145.md	19	KR2a0036_WYG_074-2a
145.md	27	KR2a0036_WYG_074-2b
145.md	35	KR2a0036_WYG_074-3a
145.md	43	KR2a0036_WYG_074-3b
145.md	51	KR2a0036_WYG_074-4a
145.md	59	KR2a0036_WYG_074-4b
145.md	67	KR2a0036_WYG_074-5a
145.md	75	KR2a0036_WYG_074-5b
145.md	83	KR2a0036_WYG_074-6a
145.md	91	KR2a0036_WYG_074-6b
145.md	99	KR2a0036_WYG_074-7a
145.md	107	KR2a0036_WYG_074-7b
145.md	115	KR2a0036_WYG_074-8a
145.md	123	KR2a0036_WYG_074-8b
145.md	131	KR2a0036_WYG_074-9a
145.md	139	KR2a0036_WYG_074-9b
145.md	147	KR2a0036_WYG_074-10a
145.md	155	KR2a0036_WYG_074-10b
145.md	163	KR2a0036_WYG_074-11a
145.md	171	KR2a0036_WYG_074-11b
145.md	179	KR2a0036_WYG_074-12a
145.md	187	KR2a0036_WYG_074-12b
145.md	195	KR2a0036_WYG_074-13a
145.md	203	KR2a0036_WYG_074-13b
145.md	211	KR2a0036_WYG_074-14a
145.md	219	KR2a0036_WYG_074-14b
145.md	227	KR2a0036_WYG_074-15a
145.md	235	KR2a0036_WYG_074-15b
145.md	243	KR2a0036_WYG_074-16a
145.md	251	KR2a0036_WYG_074-16b
145.md	259	KR2a0036_WYG_074-17a
145.md	267	KR2a0036_WYG_074-17b
145.md	275	KR2a0036_WYG_074-18a
145.md	283	KR2a0036_WYG_074-18b
145.md	291	KR2a0036_WYG_074-19a
145.md	299	KR2a0036_WYG_074-19b
145.md	307	KR2a0036_WYG_074-20a
145.md	315	KR2a0036_WYG_074-20b
145.md	323	KR2a0036_WYG_074-21a
145.md	331	KR2a0036_WYG_074-21b
145.md	339	KR2a0036_WYG_074-22a
145.md	347	KR2a0036_WYG_074-22b
145.md	355	KR2a0036_WYG_074-23a
145.md	363	KR2a0036_WYG_074-23b
145.md	371	KR2a0036_WYG_074-24a
145.md	379	KR2a0036_WYG_074-24b
145.md	387	KR2a0036_WYG_074-25a
145.md	395	KR2a0036_WYG_074-25b
145.md	403	KR2a0036_WYG_074-26a
145.md	411	KR2a0036_WYG_074-26b
145.md	419	KR2a0036_WYG_074-27a
145.md	427	KR2a0036_WYG_074-27b
145.md	435	KR2a0036_WYG_074-28a
145.md	443	KR2a0036_WYG_074-28b
145.md	451	KR2a0036_WYG_074-29a
145.md	459	KR2a0036_WYG_074-29b
145.md	467	KR2a0036_WYG_074-30a
145.md	475	KR2a0036_WYG_074-30b
145.md	483	KR2a0036_WYG_074-31a
145.md	491	KR2a0036_WYG_074-31b
145.md	499	KR2a0036_WYG_074-32a
145.md	507	KR2a0036_WYG_074-32b
145.md	515	KR2a0036_WYG_074-33a
145.md	523	KR2a0036_WYG_074-33b
146.md	3	KR2a0036_WYG_074-34a
147.md	3	KR2a0036_WYG_075-1a
147.md	11	KR2a0036_WYG_075-1b
147.md	19	KR2a0036_WYG_075-2a
147.md	27	KR2a0036_WYG_075-2b
147.md	35	KR2a0036_WYG_075-3a
147.md	43	KR2a0036_WYG_075-3b
147.md	51	KR2a0036_WYG_075-4a
147.md	59	KR2a0036_WYG_075-4b
147.md	67	KR2a0036_WYG_075-5a
147.md	75	KR2a0036_WYG_075-5b
147.md	83	KR2a0036_WYG_075-6a
147.md	91	KR2a0036_WYG_075-6b
147.md	99	KR2a0036_WYG_075-7a
147.md	107	KR2a0036_WYG_075-7b
147.md	115	KR2a0036_WYG_075-8a
147.md	123	KR2a0036_WYG_075-8b
147.md	131	KR2a0036_WYG_075-9a
147.md	139	KR2a0036_WYG_075-9b
147.md	147	KR2a0036_WYG_075-10a
147.md	155	KR2a0036_WYG_075-10b
147.md	163	KR2a0036_WYG_075-11a
147.md	171	KR2a0036_WYG_075-11b
147.md	179	KR2a0036_WYG_075-12a
147.md	187	KR2a0036_WYG_075-12b
147.md	195	KR2a0036_WYG_075-13a
147.md	203	KR2a0036_WYG_075-13b
147.md	211	KR2a0036_WYG_075-14a
147.md	219	KR2a0036_WYG_075-14b
147.md	227	KR2a0036_WYG_075-15a
147.md	235	KR2a0036_WYG_075-15b
147.md	243	KR2a0036_WYG_075-16a
147.md	251	KR2a0036_WYG_075-16b
147.md	259	KR2a0036_WYG_075-17a
147.md	267	KR2a0036_WYG_075-17b
147.md	275	KR2a0036_WYG_075-18a
147.md	283	KR2a0036_WYG_075-18b
147.md	291	KR2a0036_WYG_075-19a
147.md	299	KR2a0036_WYG_075-19b
147.md	307	KR2a0036_WYG_075-20a
147.md	315	KR2a0036_WYG_075-20b
147.md	323	KR2a0036_WYG_075-21a
147.md	331	KR2a0036_WYG_075-21b
147.md	339	KR2a0036_WYG_075-22a
147.md	347	KR2a0036_WYG_075-22b
147.md	355	KR2a0036_WYG_075-23a
147.md	363	KR2a0036_WYG_075-23b
147.md	371	KR2a0036_WYG_075-24a
147.md	379	KR2a0036_WYG_075-24b
147.md	387	KR2a0036_WYG_075-25a
147.md	395	KR2a0036_WYG_075-25b
147.md	403	KR2a0036_WYG_075-26a
147.md	411	KR2a0036_WYG_075-26b
148.md	3	KR2a0036_WYG_075-27a
149.md	3	KR2a0036_WYG_076-1a
149.md	11	KR2a0036_WYG_076-1b
149.md	19	KR2a0036_WYG_076-2a
149.md	27	KR2a0036_WYG_076-2b
149.md	35	KR2a0036_WYG_076-3a
149.md	43	KR2a0036_WYG_076-3b
149.md	51	KR2a0036_WYG_076-4a
149.md	59	KR2a0036_WYG_076-4b
149.md	67	KR2a0036_WYG_076-5a
149.md	75	KR2a0036_WYG_076-5b
149.md	83	KR2a0036_WYG_076-6a
149.md	91	KR2a0036_WYG_076-6b
149.md	99	KR2a0036_WYG_076-7a
149.md	107	KR2a0036_WYG_076-7b
149.md	115	KR2a0036_WYG_076-8a
149.md	123	KR2a0036_WYG_076-8b
149.md	131	KR2a0036_WYG_076-9a
149.md	139	KR2a0036_WYG_076-9b
149.md	147	KR2a0036_WYG_076-10a
149.md	155	KR2a0036_WYG_076-10b
149.md	163	KR2a0036_WYG_076-11a
149.md	171	KR2a0036_WYG_076-11b
149.md	179	KR2a0036_WYG_076-12a
149.md	187	KR2a0036_WYG_076-12b
149.md	195	KR2a0036_WYG_076-13a
149.md	203	KR2a0036_WYG_076-13b
149.md	211	KR2a0036_WYG_076-14a
149.md	219	KR2a0036_WYG_076-14b
149.md	227	KR2a0036_WYG_076-15a
149.md	235	KR2a0036_WYG_076-15b
149.md	243	KR2a0036_WYG_076-16a
149.md	251	KR2a0036_WYG_076-16b
149.md	259	KR2a0036_WYG_076-17a
149.md	267	KR2a0036_WYG_076-17b
149.md	275	KR2a0036_WYG_076-18a
149.md	283	KR2a0036_WYG_076-18b
149.md	291	KR2a0036_WYG_076-19a
149.md	299	KR2a0036_WYG_076-19b
149.md	307	KR2a0036_WYG_076-20a
149.md	315	KR2a0036_WYG_076-20b
149.md	323	KR2a0036_WYG_076-21a
149.md	331	KR2a0036_WYG_076-21b
149.md	339	KR2a0036_WYG_076-22a
149.md	347	KR2a0036_WYG_076-22b
149.md	355	KR2a0036_WYG_076-23a
149.md	363	KR2a0036_WYG_076-23b
149.md	371	KR2a0036_WYG_076-24a
149.md	379	KR2a0036_WYG_076-24b
149.md	387	KR2a0036_WYG_076-25a
149.md	395	KR2a0036_WYG_076-25b
149.md	403	KR2a0036_WYG_076-26a
149.md	411	KR2a0036_WYG_076-26b
149.md	419	KR2a0036_WYG_076-27a
149.md	427	KR2a0036_WYG_076-27b
149.md	435	KR2a0036_WYG_076-28a
149.md	443	KR2a0036_WYG_076-28b
149.md	451	KR2a0036_WYG_076-29a
149.md	459	KR2a0036_WYG_076-29b
149.md	467	KR2a0036_WYG_076-30a
149.md	475	KR2a0036_WYG_076-30b
149.md	483	KR2a0036_WYG_076-31a
149.md	491	KR2a0036_WYG_076-31b
149.md	499	KR2a0036_WYG_076-32a
149.md	507	KR2a0036_WYG_076-32b
149.md	515	KR2a0036_WYG_076-33a
149.md	523	KR2a0036_WYG_076-33b
149.md	531	KR2a0036_WYG_076-34a
149.md	539	KR2a0036_WYG_076-34b
149.md	547	KR2a0036_WYG_076-35a
149.md	555	KR2a0036_WYG_076-35b
150.md	3	KR2a0036_WYG_076-36a
151.md	3	KR2a0036_WYG_077-1a
151.md	11	KR2a0036_WYG_077-1b
151.md	19	KR2a0036_WYG_077-2a
151.md	27	KR2a0036_WYG_077-2b
151.md	35	KR2a0036_WYG_077-3a
151.md	43	KR2a0036_WYG_077-3b
151.md	51	KR2a0036_WYG_077-4a
151.md	59	KR2a0036_WYG_077-4b
151.md	67	KR2a0036_WYG_077-5a
151.md	75	KR2a0036_WYG_077-5b
151.md	83	KR2a0036_WYG_077-6a
151.md	91	KR2a0036_WYG_077-6b
151.md	99	KR2a0036_WYG_077-7a
151.md	107	KR2a0036_WYG_077-7b
151.md	115	KR2a0036_WYG_077-8a
151.md	123	KR2a0036_WYG_077-8b
151.md	131	KR2a0036_WYG_077-9a
151.md	139	KR2a0036_WYG_077-9b
151.md	147	KR2a0036_WYG_077-10a
151.md	155	KR2a0036_WYG_077-10b
151.md	163	KR2a0036_WYG_077-11a
151.md	171	KR2a0036_WYG_077-11b
151.md	179	KR2a0036_WYG_077-12a
151.md	187	KR2a0036_WYG_077-12b
151.md	195	KR2a0036_WYG_077-13a
151.md	203	KR2a0036_WYG_077-13b
151.md	211	KR2a0036_WYG_077-14a
151.md	219	KR2a0036_WYG_077-14b
151.md	227	KR2a0036_WYG_077-15a
151.md	235	KR2a0036_WYG_077-15b
151.md	243	KR2a0036_WYG_077-16a
151.md	251	KR2a0036_WYG_077-16b
151.md	259	KR2a0036_WYG_077-17a
151.md	267	KR2a0036_WYG_077-17b
151.md	275	KR2a0036_WYG_077-18a
151.md	283	KR2a0036_WYG_077-18b
151.md	291	KR2a0036_WYG_077-19a
151.md	299	KR2a0036_WYG_077-19b
151.md	307	KR2a0036_WYG_077-20a
151.md	315	KR2a0036_WYG_077-20b
151.md	323	KR2a0036_WYG_077-21a
151.md	331	KR2a0036_WYG_077-21b
151.md	339	KR2a0036_WYG_077-22a
151.md	347	KR2a0036_WYG_077-22b
151.md	355	KR2a0036_WYG_077-23a
151.md	363	KR2a0036_WYG_077-23b
152.md	3	KR2a0036_WYG_077-24a
153.md	3	KR2a0036_WYG_078-1a
153.md	11	KR2a0036_WYG_078-1b
153.md	19	KR2a0036_WYG_078-2a
153.md	27	KR2a0036_WYG_078-2b
153.md	35	KR2a0036_WYG_078-3a
153.md	43	KR2a0036_WYG_078-3b
153.md	51	KR2a0036_WYG_078-4a
153.md	59	KR2a0036_WYG_078-4b
153.md	67	KR2a0036_WYG_078-5a
153.md	75	KR2a0036_WYG_078-5b
153.md	83	KR2a0036_WYG_078-6a
153.md	91	KR2a0036_WYG_078-6b
153.md	99	KR2a0036_WYG_078-7a
153.md	107	KR2a0036_WYG_078-7b
153.md	115	KR2a0036_WYG_078-8a
153.md	123	KR2a0036_WYG_078-8b
153.md	131	KR2a0036_WYG_078-9a
153.md	139	KR2a0036_WYG_078-9b
153.md	147	KR2a0036_WYG_078-10a
153.md	155	KR2a0036_WYG_078-10b
153.md	163	KR2a0036_WYG_078-11a
153.md	171	KR2a0036_WYG_078-11b
153.md	179	KR2a0036_WYG_078-12a
153.md	187	KR2a0036_WYG_078-12b
153.md	195	KR2a0036_WYG_078-13a
153.md	203	KR2a0036_WYG_078-13b
153.md	211	KR2a0036_WYG_078-14a
153.md	219	KR2a0036_WYG_078-14b
153.md	227	KR2a0036_WYG_078-15a
153.md	235	KR2a0036_WYG_078-15b
153.md	243	KR2a0036_WYG_078-16a
153.md	251	KR2a0036_WYG_078-16b
153.md	259	KR2a0036_WYG_078-17a
153.md	267	KR2a0036_WYG_078-17b
153.md	275	KR2a0036_WYG_078-18a
153.md	283	KR2a0036_WYG_078-18b
153.md	291	KR2a0036_WYG_078-19a
153.md	299	KR2a0036_WYG_078-19b
153.md	307	KR2a0036_WYG_078-20a
153.md	315	KR2a0036_WYG_078-20b
153.md	323	KR2a0036_WYG_078-21a
153.md	331	KR2a0036_WYG_078-21b
153.md	339	KR2a0036_WYG_078-22a
153.md	347	KR2a0036_WYG_078-22b
153.md	355	KR2a0036_WYG_078-23a
153.md	363	KR2a0036_WYG_078-23b
153.md	371	KR2a0036_WYG_078-24a
153.md	379	KR2a0036_WYG_078-24b
153.md	387	KR2a0036_WYG_078-25a
153.md	395	KR2a0036_WYG_078-25b
153.md	403	KR2a0036_WYG_078-26a
153.md	411	KR2a0036_WYG_078-26b
153.md	419	KR2a0036_WYG_078-27a
153.md	427	KR2a0036_WYG_078-27b
153.md	435	KR2a0036_WYG_078-28a
153.md	443	KR2a0036_WYG_078-28b
153.md	451	KR2a0036_WYG_078-29a
153.md	459	KR2a0036_WYG_078-29b
153.md	467	KR2a0036_WYG_078-30a
153.md	475	KR2a0036_WYG_078-30b
153.md	483	KR2a0036_WYG_078-31a
153.md	491	KR2a0036_WYG_078-31b
154.md	3	KR2a0036_WYG_078-32a
155.md	3	KR2a0036_WYG_079-1a
155.md	11	KR2a0036_WYG_079-1b
155.md	19	KR2a0036_WYG_079-2a
155.md	27	KR2a0036_WYG_079-2b
155.md	35	KR2a0036_WYG_079-3a
155.md	43	KR2a0036_WYG_079-3b
155.md	51	KR2a0036_WYG_079-4a
155.md	59	KR2a0036_WYG_079-4b
155.md	67	KR2a0036_WYG_079-5a
155.md	75	KR2a0036_WYG_079-5b
155.md	83	KR2a0036_WYG_079-6a
155.md	91	KR2a0036_WYG_079-6b
155.md	99	KR2a0036_WYG_079-7a
155.md	107	KR2a0036_WYG_079-7b
155.md	115	KR2a0036_WYG_079-8a
155.md	123	KR2a0036_WYG_079-8b
155.md	131	KR2a0036_WYG_079-9a
155.md	139	KR2a0036_WYG_079-9b
155.md	147	KR2a0036_WYG_079-10a
155.md	155	KR2a0036_WYG_079-10b
155.md	163	KR2a0036_WYG_079-11a
155.md	171	KR2a0036_WYG_079-11b
155.md	179	KR2a0036_WYG_079-12a
155.md	187	KR2a0036_WYG_079-12b
155.md	195	KR2a0036_WYG_079-13a
155.md	203	KR2a0036_WYG_079-13b
155.md	211	KR2a0036_WYG_079-14a
155.md	219	KR2a0036_WYG_079-14b
155.md	227	KR2a0036_WYG_079-15a
155.md	235	KR2a0036_WYG_079-15b
155.md	243	KR2a0036_WYG_079-16a
155.md	251	KR2a0036_WYG_079-16b
155.md	259	KR2a0036_WYG_079-17a
155.md	267	KR2a0036_WYG_079-17b
155.md	275	KR2a0036_WYG_079-18a
155.md	283	KR2a0036_WYG_079-18b
155.md	291	KR2a0036_WYG_079-19a
155.md	299	KR2a0036_WYG_079-19b
155.md	307	KR2a0036_WYG_079-20a
155.md	315	KR2a0036_WYG_079-20b
155.md	323	KR2a0036_WYG_079-21a
155.md	331	KR2a0036_WYG_079-21b
155.md	339	KR2a0036_WYG_079-22a
155.md	347	KR2a0036_WYG_079-22b
155.md	355	KR2a0036_WYG_079-23a
155.md	363	KR2a0036_WYG_079-23b
155.md	371	KR2a0036_WYG_079-24a
155.md	379	KR2a0036_WYG_079-24b
155.md	387	KR2a0036_WYG_079-25a
155.md	395	KR2a0036_WYG_079-25b
155.md	403	KR2a0036_WYG_079-26a
155.md	411	KR2a0036_WYG_079-26b
155.md	419	KR2a0036_WYG_079-27a
155.md	427	KR2a0036_WYG_079-27b
155.md	435	KR2a0036_WYG_079-28a
155.md	443	KR2a0036_WYG_079-28b
155.md	451	KR2a0036_WYG_079-29a
155.md	459	KR2a0036_WYG_079-29b
155.md	467	KR2a0036_WYG_079-30a
155.md	475	KR2a0036_WYG_079-30b
155.md	483	KR2a0036_WYG_079-31a
155.md	491	KR2a0036_WYG_079-31b
155.md	499	KR2a0036_WYG_079-32a
155.md	507	KR2a0036_WYG_079-32b
155.md	515	KR2a0036_WYG_079-33a
155.md	523	KR2a0036_WYG_079-33b
155.md	531	KR2a0036_WYG_079-34a
155.md	539	KR2a0036_WYG_079-34b
155.md	547	KR2a0036_WYG_079-35a
155.md	555	KR2a0036_WYG_079-35b
155.md	563	KR2a0036_WYG_079-36a
155.md	571	KR2a0036_WYG_079-36b
155.md	579	KR2a0036_WYG_079-37a
155.md	587	KR2a0036_WYG_079-37b
155.md	595	KR2a0036_WYG_079-38a
155.md	603	KR2a0036_WYG_079-38b
155.md	611	KR2a0036_WYG_079-39a
155.md	619	KR2a0036_WYG_079-39b
155.md	627	KR2a0036_WYG_079-40a
155.md	635	KR2a0036_WYG_079-40b
155.md	643	KR2a0036_WYG_079-41a
155.md	651	KR2a0036_WYG_079-41b
156.md	3	KR2a0036_WYG_079-42a
156.md	11	KR2a0036_WYG_079-42b
157.md	3	KR2a0036_WYG_080-1a
157.md	11	KR2a0036_WYG_080-1b
157.md	19	KR2a0036_WYG_080-2a
157.md	27	KR2a0036_WYG_080-2b
157.md	35	KR2a0036_WYG_080-3a
157.md	43	KR2a0036_WYG_080-3b
157.md	51	KR2a0036_WYG_080-4a
157.md	59	KR2a0036_WYG_080-4b
157.md	67	KR2a0036_WYG_080-5a
157.md	75	KR2a0036_WYG_080-5b
157.md	83	KR2a0036_WYG_080-6a
157.md	91	KR2a0036_WYG_080-6b
157.md	99	KR2a0036_WYG_080-7a
157.md	107	KR2a0036_WYG_080-7b
157.md	115	KR2a0036_WYG_080-8a
157.md	123	KR2a0036_WYG_080-8b
157.md	131	KR2a0036_WYG_080-9a
157.md	139	KR2a0036_WYG_080-9b
157.md	147	KR2a0036_WYG_080-10a
157.md	155	KR2a0036_WYG_080-10b
157.md	163	KR2a0036_WYG_080-11a
157.md	171	KR2a0036_WYG_080-11b
157.md	179	KR2a0036_WYG_080-12a
157.md	187	KR2a0036_WYG_080-12b
157.md	195	KR2a0036_WYG_080-13a
157.md	203	KR2a0036_WYG_080-13b
157.md	211	KR2a0036_WYG_080-14a
157.md	219	KR2a0036_WYG_080-14b
157.md	227	KR2a0036_WYG_080-15a
157.md	235	KR2a0036_WYG_080-15b
157.md	243	KR2a0036_WYG_080-16a
157.md	251	KR2a0036_WYG_080-16b
157.md	259	KR2a0036_WYG_080-17a
157.md	267	KR2a0036_WYG_080-17b
157.md	275	KR2a0036_WYG_080-18a
157.md	283	KR2a0036_WYG_080-18b
157.md	291	KR2a0036_WYG_080-19a
157.md	299	KR2a0036_WYG_080-19b
158.md	3	KR2a0036_WYG_080-20a
159.md	3	KR2a0036_WYG_081-1a
159.md	11	KR2a0036_WYG_081-1b
159.md	19	KR2a0036_WYG_081-2a
159.md	27	KR2a0036_WYG_081-2b
159.md	35	KR2a0036_WYG_081-3a
159.md	43	KR2a0036_WYG_081-3b
159.md	51	KR2a0036_WYG_081-4a
159.md	59	KR2a0036_WYG_081-4b
159.md	67	KR2a0036_WYG_081-5a
159.md	75	KR2a0036_WYG_081-5b
159.md	83	KR2a0036_WYG_081-6a
159.md	91	KR2a0036_WYG_081-6b
159.md	99	KR2a0036_WYG_081-7a
159.md	107	KR2a0036_WYG_081-7b
159.md	115	KR2a0036_WYG_081-8a
159.md	123	KR2a0036_WYG_081-8b
159.md	131	KR2a0036_WYG_081-9a
159.md	139	KR2a0036_WYG_081-9b
159.md	147	KR2a0036_WYG_081-10a
159.md	155	KR2a0036_WYG_081-10b
159.md	163	KR2a0036_WYG_081-11a
159.md	171	KR2a0036_WYG_081-11b
159.md	179	KR2a0036_WYG_081-12a
159.md	187	KR2a0036_WYG_081-12b
159.md	195	KR2a0036_WYG_081-13a
159.md	203	KR2a0036_WYG_081-13b
159.md	211	KR2a0036_WYG_081-14a
159.md	219	KR2a0036_WYG_081-14b
159.md	227	KR2a0036_WYG_081-15a
159.md	235	KR2a0036_WYG_081-15b
159.md	243	KR2a0036_WYG_081-16a
159.md	251	KR2a0036_WYG_081-16b
159.md	259	KR2a0036_WYG_081-17a
159.md	267	KR2a0036_WYG_081-17b
159.md	275	KR2a0036_WYG_081-18a
159.md	283	KR2a0036_WYG_081-18b
159.md	291	KR2a0036_WYG_081-19a
159.md	299	KR2a0036_WYG_081-19b
159.md	307	KR2a0036_WYG_081-20a
159.md	315	KR2a0036_WYG_081-20b
159.md	323	KR2a0036_WYG_081-21a
159.md	331	KR2a0036_WYG_081-21b
159.md	339	KR2a0036_WYG_081-22a
159.md	347	KR2a0036_WYG_081-22b
159.md	355	KR2a0036_WYG_081-23a
159.md	363	KR2a0036_WYG_081-23b
159.md	371	KR2a0036_WYG_081-24a
159.md	379	KR2a0036_WYG_081-24b
159.md	387	KR2a0036_WYG_081-25a
159.md	395	KR2a0036_WYG_081-25b
159.md	403	KR2a0036_WYG_081-26a
159.md	411	KR2a0036_WYG_081-26b
159.md	419	KR2a0036_WYG_081-27a
159.md	427	KR2a0036_WYG_081-27b
159.md	435	KR2a0036_WYG_081-28a
159.md	443	KR2a0036_WYG_081-28b
159.md	451	KR2a0036_WYG_081-29a
159.md	459	KR2a0036_WYG_081-29b
160.md	3	KR2a0036_WYG_081-30a
160.md	11	KR2a0036_WYG_081-30b
161.md	3	KR2a0036_WYG_082-1a
161.md	11	KR2a0036_WYG_082-1b
161.md	19	KR2a0036_WYG_082-2a
161.md	27	KR2a0036_WYG_082-2b
161.md	35	KR2a0036_WYG_082-3a
161.md	43	KR2a0036_WYG_082-3b
161.md	51	KR2a0036_WYG_082-4a
161.md	59	KR2a0036_WYG_082-4b
161.md	67	KR2a0036_WYG_082-5a
161.md	75	KR2a0036_WYG_082-5b
161.md	83	KR2a0036_WYG_082-6a
161.md	91	KR2a0036_WYG_082-6b
161.md	99	KR2a0036_WYG_082-7a
161.md	107	KR2a0036_WYG_082-7b
161.md	115	KR2a0036_WYG_082-8a
161.md	123	KR2a0036_WYG_082-8b
161.md	131	KR2a0036_WYG_082-9a
161.md	139	KR2a0036_WYG_082-9b
161.md	147	KR2a0036_WYG_082-10a
161.md	155	KR2a0036_WYG_082-10b
161.md	163	KR2a0036_WYG_082-11a
161.md	171	KR2a0036_WYG_082-11b
161.md	179	KR2a0036_WYG_082-12a
161.md	187	KR2a0036_WYG_082-12b
161.md	195	KR2a0036_WYG_082-13a
161.md	203	KR2a0036_WYG_082-13b
161.md	211	KR2a0036_WYG_082-14a
161.md	219	KR2a0036_WYG_082-14b
161.md	227	KR2a0036_WYG_082-15a
161.md	235	KR2a0036_WYG_082-15b
161.md	243	KR2a0036_WYG_082-16a
161.md	251	KR2a0036_WYG_082-16b
161.md	259	KR2a0036_WYG_082-17a
161.md	267	KR2a0036_WYG_082-17b
161.md	275	KR2a0036_WYG_082-18a
161.md	283	KR2a0036_WYG_082-18b
161.md	291	KR2a0036_WYG_082-19a
161.md	299	KR2a0036_WYG_082-19b
161.md	307	KR2a0036_WYG_082-20a
161.md	315	KR2a0036_WYG_082-20b
161.md	323	KR2a0036_WYG_082-21a
161.md	331	KR2a0036_WYG_082-21b
161.md	339	KR2a0036_WYG_082-22a
161.md	347	KR2a0036_WYG_082-22b
161.md	355	KR2a0036_WYG_082-23a
161.md	363	KR2a0036_WYG_082-23b
161.md	371	KR2a0036_WYG_082-24a
161.md	379	KR2a0036_WYG_082-24b
161.md	387	KR2a0036_WYG_082-25a
161.md	395	KR2a0036_WYG_082-25b
161.md	403	KR2a0036_WYG_082-26a
161.md	411	KR2a0036_WYG_082-26b
161.md	419	KR2a0036_WYG_082-27a
161.md	427	KR2a0036_WYG_082-27b
161.md	435	KR2a0036_WYG_082-28a
161.md	443	KR2a0036_WYG_082-28b
162.md	3	KR2a0036_WYG_082-29a
162.md	11	KR2a0036_WYG_082-29b
163.md	3	KR2a0036_WYG_083-1a
163.md	11	KR2a0036_WYG_083-1b
163.md	19	KR2a0036_WYG_083-2a
163.md	27	KR2a0036_WYG_083-2b
163.md	35	KR2a0036_WYG_083-3a
163.md	43	KR2a0036_WYG_083-3b
163.md	51	KR2a0036_WYG_083-4a
163.md	59	KR2a0036_WYG_083-4b
163.md	67	KR2a0036_WYG_083-5a
163.md	75	KR2a0036_WYG_083-5b
163.md	83	KR2a0036_WYG_083-6a
163.md	91	KR2a0036_WYG_083-6b
163.md	99	KR2a0036_WYG_083-7a
163.md	107	KR2a0036_WYG_083-7b
163.md	115	KR2a0036_WYG_083-8a
163.md	123	KR2a0036_WYG_083-8b
163.md	131	KR2a0036_WYG_083-9a
163.md	139	KR2a0036_WYG_083-9b
163.md	147	KR2a0036_WYG_083-10a
163.md	155	KR2a0036_WYG_083-10b
163.md	163	KR2a0036_WYG_083-11a
163.md	171	KR2a0036_WYG_083-11b
163.md	179	KR2a0036_WYG_083-12a
163.md	187	KR2a0036_WYG_083-12b
163.md	195	KR2a0036_WYG_083-13a
163.md	203	KR2a0036_WYG_083-13b
163.md	211	KR2a0036_WYG_083-14a
163.md	219	KR2a0036_WYG_083-14b
163.md	227	KR2a0036_WYG_083-15a
163.md	235	KR2a0036_WYG_083-15b
163.md	243	KR2a0036_WYG_083-16a
163.md	251	KR2a0036_WYG_083-16b
163.md	259	KR2a0036_WYG_083-17a
163.md	267	KR2a0036_WYG_083-17b
163.md	275	KR2a0036_WYG_083-18a
163.md	283	KR2a0036_WYG_083-18b
163.md	291	KR2a0036_WYG_083-19a
163.md	299	KR2a0036_WYG_083-19b
163.md	307	KR2a0036_WYG_083-20a
163.md	315	KR2a0036_WYG_083-20b
163.md	323	KR2a0036_WYG_083-21a
163.md	331	KR2a0036_WYG_083-21b
163.md	339	KR2a0036_WYG_083-22a
163.md	347	KR2a0036_WYG_083-22b
163.md	355	KR2a0036_WYG_083-23a
163.md	363	KR2a0036_WYG_083-23b
163.md	371	KR2a0036_WYG_083-24a
163.md	379	KR2a0036_WYG_083-24b
163.md	387	KR2a0036_WYG_083-25a
163.md	395	KR2a0036_WYG_083-25b
163.md	403	KR2a0036_WYG_083-26a
163.md	411	KR2a0036_WYG_083-26b
163.md	419	KR2a0036_WYG_083-27a
163.md	427	KR2a0036_WYG_083-27b
163.md	435	KR2a0036_WYG_083-28a
163.md	443	KR2a0036_WYG_083-28b
163.md	451	KR2a0036_WYG_083-29a
163.md	459	KR2a0036_WYG_083-29b
163.md	467	KR2a0036_WYG_083-30a
163.md	475	KR2a0036_WYG_083-30b
163.md	483	KR2a0036_WYG_083-31a
163.md	491	KR2a0036_WYG_083-31b
163.md	499	KR2a0036_WYG_083-32a
163.md	507	KR2a0036_WYG_083-32b
163.md	515	KR2a0036_WYG_083-33a
163.md	523	KR2a0036_WYG_083-33b
163.md	531	KR2a0036_WYG_083-34a
163.md	539	KR2a0036_WYG_083-34b
163.md	547	KR2a0036_WYG_083-35a
163.md	555	KR2a0036_WYG_083-35b
163.md	563	KR2a0036_WYG_083-36a
163.md	571	KR2a0036_WYG_083-36b
163.md	579	KR2a0036_WYG_083-37a
163.md	587	KR2a0036_WYG_083-37b
163.md	595	KR2a0036_WYG_083-38a
163.md	603	KR2a0036_WYG_083-38b
163.md	611	KR2a0036_WYG_083-39a
163.md	619	KR2a0036_WYG_083-39b
163.md	627	KR2a0036_WYG_083-40a
163.md	635	KR2a0036_WYG_083-40b
163.md	643	KR2a0036_WYG_083-41a
163.md	651	KR2a0036_WYG_083-41b
163.md	659	KR2a0036_WYG_083-42a
163.md	667	KR2a0036_WYG_083-42b
163.md	675	KR2a0036_WYG_083-43a
163.md	683	KR2a0036_WYG_083-43b
163.md	691	KR2a0036_WYG_083-44a
163.md	699	KR2a0036_WYG_083-44b
163.md	707	KR2a0036_WYG_083-45a
163.md	715	KR2a0036_WYG_083-45b
163.md	723	KR2a0036_WYG_083-46a
163.md	731	KR2a0036_WYG_083-46b
163.md	739	KR2a0036_WYG_083-47a
163.md	747	KR2a0036_WYG_083-47b
164.md	3	KR2a0036_WYG_083-48a
165.md	3	KR2a0036_WYG_084-1a
165.md	11	KR2a0036_WYG_084-1b
165.md	19	KR2a0036_WYG_084-2a
165.md	27	KR2a0036_WYG_084-2b
165.md	35	KR2a0036_WYG_084-3a
165.md	43	KR2a0036_WYG_084-3b
165.md	51	KR2a0036_WYG_084-4a
165.md	59	KR2a0036_WYG_084-4b
165.md	67	KR2a0036_WYG_084-5a
165.md	75	KR2a0036_WYG_084-5b
165.md	83	KR2a0036_WYG_084-6a
165.md	91	KR2a0036_WYG_084-6b
165.md	99	KR2a0036_WYG_084-7a
165.md	107	KR2a0036_WYG_084-7b
165.md	115	KR2a0036_WYG_084-8a
165.md	123	KR2a0036_WYG_084-8b
165.md	131	KR2a0036_WYG_084-9a
165.md	139	KR2a0036_WYG_084-9b
165.md	147	KR2a0036_WYG_084-10a
165.md	155	KR2a0036_WYG_084-10b
165.md	163	KR2a0036_WYG_084-11a
165.md	171	KR2a0036_WYG_084-11b
165.md	179	KR2a0036_WYG_084-12a
165.md	187	KR2a0036_WYG_084-12b
165.md	195	KR2a0036_WYG_084-13a
165.md	203	KR2a0036_WYG_084-13b
165.md	211	KR2a0036_WYG_084-14a
165.md	219	KR2a0036_WYG_084-14b
165.md	227	KR2a0036_WYG_084-15a
165.md	235	KR2a0036_WYG_084-15b
165.md	243	KR2a0036_WYG_084-16a
165.md	251	KR2a0036_WYG_084-16b
165.md	259	KR2a0036_WYG_084-17a
165.md	267	KR2a0036_WYG_084-17b
165.md	275	KR2a0036_WYG_084-18a
165.md	283	KR2a0036_WYG_084-18b
165.md	291	KR2a0036_WYG_084-19a
165.md	299	KR2a0036_WYG_084-19b
165.md	307	KR2a0036_WYG_084-20a
165.md	315	KR2a0036_WYG_084-20b
165.md	323	KR2a0036_WYG_084-21a
165.md	331	KR2a0036_WYG_084-21b
165.md	339	KR2a0036_WYG_084-22a
165.md	347	KR2a0036_WYG_084-22b
165.md	355	KR2a0036_WYG_084-23a
165.md	363	KR2a0036_WYG_084-23b
165.md	371	KR2a0036_WYG_084-24a
165.md	379	KR2a0036_WYG_084-24b
165.md	387	KR2a0036_WYG_084-25a
165.md	395	KR2a0036_WYG_084-25b
165.md	403	KR2a0036_WYG_084-26a
165.md	411	KR2a0036_WYG_084-26b
165.md	419	KR2a0036_WYG_084-27a
165.md	427	KR2a0036_WYG_084-27b
165.md	435	KR2a0036_WYG_084-28a
165.md	443	KR2a0036_WYG_084-28b
165.md	451	KR2a0036_WYG_084-29a
165.md	459	KR2a0036_WYG_084-29b
165.md	467	KR2a0036_WYG_084-30a
165.md	475	KR2a0036_WYG_084-30b
165.md	483	KR2a0036_WYG_084-31a
165.md	491	KR2a0036_WYG_084-31b
165.md	499	KR2a0036_WYG_084-32a
165.md	507	KR2a0036_WYG_084-32b
165.md	515	KR2a0036_WYG_084-33a
165.md	523	KR2a0036_WYG_084-33b
165.md	531	KR2a0036_WYG_084-34a
165.md	539	KR2a0036_WYG_084-34b
165.md	547	KR2a0036_WYG_084-35a
165.md	555	KR2a0036_WYG_084-35b
165.md	563	KR2a0036_WYG_084-36a
165.md	571	KR2a0036_WYG_084-36b
166.md	3	KR2a0036_WYG_084-37a
166.md	11	KR2a0036_WYG_084-37b
167.md	3	KR2a0036_WYG_085-1a
167.md	11	KR2a0036_WYG_085-1b
167.md	19	KR2a0036_WYG_085-2a
167.md	27	KR2a0036_WYG_085-2b
167.md	35	KR2a0036_WYG_085-3a
167.md	43	KR2a0036_WYG_085-3b
167.md	51	KR2a0036_WYG_085-4a
167.md	59	KR2a0036_WYG_085-4b
167.md	67	KR2a0036_WYG_085-5a
167.md	75	KR2a0036_WYG_085-5b
167.md	83	KR2a0036_WYG_085-6a
167.md	91	KR2a0036_WYG_085-6b
167.md	99	KR2a0036_WYG_085-7a
167.md	107	KR2a0036_WYG_085-7b
167.md	115	KR2a0036_WYG_085-8a
167.md	123	KR2a0036_WYG_085-8b
167.md	131	KR2a0036_WYG_085-9a
167.md	139	KR2a0036_WYG_085-9b
167.md	147	KR2a0036_WYG_085-10a
167.md	155	KR2a0036_WYG_085-10b
167.md	163	KR2a0036_WYG_085-11a
167.md	171	KR2a0036_WYG_085-11b
167.md	179	KR2a0036_WYG_085-12a
167.md	187	KR2a0036_WYG_085-12b
167.md	195	KR2a0036_WYG_085-13a
167.md	203	KR2a0036_WYG_085-13b
167.md	211	KR2a0036_WYG_085-14a
167.md	219	KR2a0036_WYG_085-14b
167.md	227	KR2a0036_WYG_085-15a
167.md	235	KR2a0036_WYG_085-15b
167.md	243	KR2a0036_WYG_085-16a
167.md	251	KR2a0036_WYG_085-16b
167.md	259	KR2a0036_WYG_085-17a
167.md	267	KR2a0036_WYG_085-17b
167.md	275	KR2a0036_WYG_085-18a
167.md	283	KR2a0036_WYG_085-18b
167.md	291	KR2a0036_WYG_085-19a
167.md	299	KR2a0036_WYG_085-19b
167.md	307	KR2a0036_WYG_085-20a
167.md	315	KR2a0036_WYG_085-20b
167.md	323	KR2a0036_WYG_085-21a
167.md	331	KR2a0036_WYG_085-21b
167.md	339	KR2a0036_WYG_085-22a
167.md	347	KR2a0036_WYG_085-22b
167.md	355	KR2a0036_WYG_085-23a
167.md	363	KR2a0036_WYG_085-23b
167.md	371	KR2a0036_WYG_085-24a
167.md	379	KR2a0036_WYG_085-24b
167.md	387	KR2a0036_WYG_085-25a
167.md	395	KR2a0036_WYG_085-25b
167.md	403	KR2a0036_WYG_085-26a
167.md	411	KR2a0036_WYG_085-26b
167.md	419	KR2a0036_WYG_085-27a
167.md	427	KR2a0036_WYG_085-27b
167.md	435	KR2a0036_WYG_085-28a
167.md	443	KR2a0036_WYG_085-28b
167.md	451	KR2a0036_WYG_085-29a
167.md	459	KR2a0036_WYG_085-29b
167.md	467	KR2a0036_WYG_085-30a
167.md	475	KR2a0036_WYG_085-30b
167.md	483	KR2a0036_WYG_085-31a
167.md	491	KR2a0036_WYG_085-31b
167.md	499	KR2a0036_WYG_085-32a
167.md	507	KR2a0036_WYG_085-32b
167.md	515	KR2a0036_WYG_085-33a
167.md	523	KR2a0036_WYG_085-33b
167.md	531	KR2a0036_WYG_085-34a
167.md	539	KR2a0036_WYG_085-34b
167.md	547	KR2a0036_WYG_085-35a
167.md	555	KR2a0036_WYG_085-35b
167.md	563	KR2a0036_WYG_085-36a
167.md	571	KR2a0036_WYG_085-36b
167.md	579	KR2a0036_WYG_085-37a
167.md	587	KR2a0036_WYG_085-37b
167.md	595	KR2a0036_WYG_085-38a
167.md	603	KR2a0036_WYG_085-38b
167.md	611	KR2a0036_WYG_085-39a
167.md	619	KR2a0036_WYG_085-39b
167.md	627	KR2a0036_WYG_085-40a
167.md	635	KR2a0036_WYG_085-40b
167.md	643	KR2a0036_WYG_085-41a
167.md	651	KR2a0036_WYG_085-41b
167.md	659	KR2a0036_WYG_085-42a
167.md	667	KR2a0036_WYG_085-42b
167.md	675	KR2a0036_WYG_085-43a
167.md	683	KR2a0036_WYG_085-43b
167.md	691	KR2a0036_WYG_085-44a
167.md	699	KR2a0036_WYG_085-44b
167.md	707	KR2a0036_WYG_085-45a
167.md	715	KR2a0036_WYG_085-45b
167.md	723	KR2a0036_WYG_085-46a
167.md	731	KR2a0036_WYG_085-46b
167.md	739	KR2a0036_WYG_085-47a
167.md	747	KR2a0036_WYG_085-47b
168.md	3	KR2a0036_WYG_086-1a
168.md	11	KR2a0036_WYG_086-1b
168.md	19	KR2a0036_WYG_086-2a
168.md	27	KR2a0036_WYG_086-2b
168.md	35	KR2a0036_WYG_086-3a
168.md	43	KR2a0036_WYG_086-3b
168.md	51	KR2a0036_WYG_086-4a
168.md	59	KR2a0036_WYG_086-4b
168.md	67	KR2a0036_WYG_086-5a
168.md	75	KR2a0036_WYG_086-5b
168.md	83	KR2a0036_WYG_086-6a
168.md	91	KR2a0036_WYG_086-6b
168.md	99	KR2a0036_WYG_086-7a
168.md	107	KR2a0036_WYG_086-7b
168.md	115	KR2a0036_WYG_086-8a
168.md	123	KR2a0036_WYG_086-8b
168.md	131	KR2a0036_WYG_086-9a
168.md	139	KR2a0036_WYG_086-9b
168.md	147	KR2a0036_WYG_086-10a
168.md	155	KR2a0036_WYG_086-10b
168.md	163	KR2a0036_WYG_086-11a
168.md	171	KR2a0036_WYG_086-11b
168.md	179	KR2a0036_WYG_086-12a
168.md	187	KR2a0036_WYG_086-12b
168.md	195	KR2a0036_WYG_086-13a
168.md	203	KR2a0036_WYG_086-13b
168.md	211	KR2a0036_WYG_086-14a
168.md	219	KR2a0036_WYG_086-14b
168.md	227	KR2a0036_WYG_086-15a
168.md	235	KR2a0036_WYG_086-15b
168.md	243	KR2a0036_WYG_086-16a
168.md	251	KR2a0036_WYG_086-16b
168.md	259	KR2a0036_WYG_086-17a
168.md	267	KR2a0036_WYG_086-17b
168.md	275	KR2a0036_WYG_086-18a
168.md	283	KR2a0036_WYG_086-18b
168.md	291	KR2a0036_WYG_086-19a
168.md	299	KR2a0036_WYG_086-19b
168.md	307	KR2a0036_WYG_086-20a
168.md	315	KR2a0036_WYG_086-20b
168.md	323	KR2a0036_WYG_086-21a
168.md	331	KR2a0036_WYG_086-21b
168.md	339	KR2a0036_WYG_086-22a
168.md	347	KR2a0036_WYG_086-22b
168.md	355	KR2a0036_WYG_086-23a
168.md	363	KR2a0036_WYG_086-23b
168.md	371	KR2a0036_WYG_086-24a
168.md	379	KR2a0036_WYG_086-24b
168.md	387	KR2a0036_WYG_086-25a
168.md	395	KR2a0036_WYG_086-25b
168.md	403	KR2a0036_WYG_086-26a
168.md	411	KR2a0036_WYG_086-26b
168.md	419	KR2a0036_WYG_086-27a
168.md	427	KR2a0036_WYG_086-27b
168.md	435	KR2a0036_WYG_086-28a
168.md	443	KR2a0036_WYG_086-28b
168.md	451	KR2a0036_WYG_086-29a
168.md	459	KR2a0036_WYG_086-29b
168.md	467	KR2a0036_WYG_086-30a
168.md	475	KR2a0036_WYG_086-30b
168.md	483	KR2a0036_WYG_086-31a
168.md	491	KR2a0036_WYG_086-31b
168.md	499	KR2a0036_WYG_086-32a
168.md	507	KR2a0036_WYG_086-32b
168.md	515	KR2a0036_WYG_086-33a
168.md	523	KR2a0036_WYG_086-33b
168.md	531	KR2a0036_WYG_086-34a
168.md	539	KR2a0036_WYG_086-34b
168.md	547	KR2a0036_WYG_086-35a
168.md	555	KR2a0036_WYG_086-35b
168.md	563	KR2a0036_WYG_086-36a
168.md	571	KR2a0036_WYG_086-36b
168.md	579	KR2a0036_WYG_086-37a
168.md	587	KR2a0036_WYG_086-37b
168.md	595	KR2a0036_WYG_086-38a
168.md	603	KR2a0036_WYG_086-38b
169.md	3	KR2a0036_WYG_087-1a
169.md	11	KR2a0036_WYG_087-1b
169.md	19	KR2a0036_WYG_087-2a
169.md	27	KR2a0036_WYG_087-2b
169.md	35	KR2a0036_WYG_087-3a
169.md	43	KR2a0036_WYG_087-3b
169.md	51	KR2a0036_WYG_087-4a
169.md	59	KR2a0036_WYG_087-4b
169.md	67	KR2a0036_WYG_087-5a
169.md	75	KR2a0036_WYG_087-5b
169.md	83	KR2a0036_WYG_087-6a
169.md	91	KR2a0036_WYG_087-6b
169.md	99	KR2a0036_WYG_087-7a
169.md	107	KR2a0036_WYG_087-7b
169.md	115	KR2a0036_WYG_087-8a
169.md	123	KR2a0036_WYG_087-8b
169.md	131	KR2a0036_WYG_087-9a
169.md	139	KR2a0036_WYG_087-9b
169.md	147	KR2a0036_WYG_087-10a
169.md	155	KR2a0036_WYG_087-10b
169.md	163	KR2a0036_WYG_087-11a
169.md	171	KR2a0036_WYG_087-11b
169.md	179	KR2a0036_WYG_087-12a
169.md	187	KR2a0036_WYG_087-12b
169.md	195	KR2a0036_WYG_087-13a
169.md	203	KR2a0036_WYG_087-13b
169.md	211	KR2a0036_WYG_087-14a
169.md	219	KR2a0036_WYG_087-14b
169.md	227	KR2a0036_WYG_087-15a
169.md	235	KR2a0036_WYG_087-15b
169.md	243	KR2a0036_WYG_087-16a
169.md	251	KR2a0036_WYG_087-16b
169.md	259	KR2a0036_WYG_087-17a
169.md	267	KR2a0036_WYG_087-17b
169.md	275	KR2a0036_WYG_087-18a
169.md	283	KR2a0036_WYG_087-18b
169.md	291	KR2a0036_WYG_087-19a
169.md	299	KR2a0036_WYG_087-19b
169.md	307	KR2a0036_WYG_087-20a
169.md	315	KR2a0036_WYG_087-20b
169.md	323	KR2a0036_WYG_087-21a
169.md	331	KR2a0036_WYG_087-21b
169.md	339	KR2a0036_WYG_087-22a
169.md	347	KR2a0036_WYG_087-22b
169.md	355	KR2a0036_WYG_087-23a
169.md	363	KR2a0036_WYG_087-23b
169.md	371	KR2a0036_WYG_087-24a
169.md	379	KR2a0036_WYG_087-24b
169.md	387	KR2a0036_WYG_087-25a
169.md	395	KR2a0036_WYG_087-25b
169.md	403	KR2a0036_WYG_087-26a
169.md	411	KR2a0036_WYG_087-26b
169.md	419	KR2a0036_WYG_087-27a
169.md	427	KR2a0036_WYG_087-27b
169.md	435	KR2a0036_WYG_087-28a
169.md	443	KR2a0036_WYG_087-28b
169.md	451	KR2a0036_WYG_087-29a
169.md	459	KR2a0036_WYG_087-29b
169.md	467	KR2a0036_WYG_087-30a
169.md	475	KR2a0036_WYG_087-30b
169.md	483	KR2a0036_WYG_087-31a
169.md	491	KR2a0036_WYG_087-31b
169.md	499	KR2a0036_WYG_087-32a
169.md	507	KR2a0036_WYG_087-32b
169.md	515	KR2a0036_WYG_087-33a
169.md	523	KR2a0036_WYG_087-33b
169.md	531	KR2a0036_WYG_087-34a
169.md	539	KR2a0036_WYG_087-34b
169.md	547	KR2a0036_WYG_087-35a
169.md	555	KR2a0036_WYG_087-35b
169.md	563	KR2a0036_WYG_087-36a
169.md	571	KR2a0036_WYG_087-36b
169.md	579	KR2a0036_WYG_087-37a
169.md	587	KR2a0036_WYG_087-37b
169.md	595	KR2a0036_WYG_087-38a
169.md	603	KR2a0036_WYG_087-38b
170.md	3	KR2a0036_WYG_088-1a
170.md	11	KR2a0036_WYG_088-1b
170.md	19	KR2a0036_WYG_088-2a
170.md	27	KR2a0036_WYG_088-2b
170.md	35	KR2a0036_WYG_088-3a
170.md	43	KR2a0036_WYG_088-3b
170.md	51	KR2a0036_WYG_088-4a
170.md	59	KR2a0036_WYG_088-4b
170.md	67	KR2a0036_WYG_088-5a
170.md	75	KR2a0036_WYG_088-5b
170.md	83	KR2a0036_WYG_088-6a
170.md	91	KR2a0036_WYG_088-6b
170.md	99	KR2a0036_WYG_088-7a
170.md	107	KR2a0036_WYG_088-7b
170.md	115	KR2a0036_WYG_088-8a
170.md	123	KR2a0036_WYG_088-8b
170.md	131	KR2a0036_WYG_088-9a
170.md	139	KR2a0036_WYG_088-9b
170.md	147	KR2a0036_WYG_088-10a
170.md	155	KR2a0036_WYG_088-10b
170.md	163	KR2a0036_WYG_088-11a
170.md	171	KR2a0036_WYG_088-11b
170.md	179	KR2a0036_WYG_088-12a
170.md	187	KR2a0036_WYG_088-12b
170.md	195	KR2a0036_WYG_088-13a
170.md	203	KR2a0036_WYG_088-13b
170.md	211	KR2a0036_WYG_088-14a
170.md	219	KR2a0036_WYG_088-14b
170.md	227	KR2a0036_WYG_088-15a
170.md	235	KR2a0036_WYG_088-15b
170.md	243	KR2a0036_WYG_088-16a
170.md	251	KR2a0036_WYG_088-16b
170.md	259	KR2a0036_WYG_088-17a
170.md	267	KR2a0036_WYG_088-17b
170.md	275	KR2a0036_WYG_088-18a
170.md	283	KR2a0036_WYG_088-18b
170.md	291	KR2a0036_WYG_088-19a
170.md	299	KR2a0036_WYG_088-19b
170.md	307	KR2a0036_WYG_088-20a
170.md	315	KR2a0036_WYG_088-20b
170.md	323	KR2a0036_WYG_088-21a
170.md	331	KR2a0036_WYG_088-21b
170.md	339	KR2a0036_WYG_088-22a
170.md	347	KR2a0036_WYG_088-22b
170.md	355	KR2a0036_WYG_088-23a
170.md	363	KR2a0036_WYG_088-23b
170.md	371	KR2a0036_WYG_088-24a
170.md	379	KR2a0036_WYG_088-24b
170.md	387	KR2a0036_WYG_088-25a
170.md	395	KR2a0036_WYG_088-25b
170.md	403	KR2a0036_WYG_088-26a
170.md	411	KR2a0036_WYG_088-26b
170.md	419	KR2a0036_WYG_088-27a
170.md	427	KR2a0036_WYG_088-27b
170.md	435	KR2a0036_WYG_088-28a
170.md	443	KR2a0036_WYG_088-28b
170.md	451	KR2a0036_WYG_088-29a
170.md	459	KR2a0036_WYG_088-29b
170.md	467	KR2a0036_WYG_088-30a
170.md	475	KR2a0036_WYG_088-30b
170.md	483	KR2a0036_WYG_088-31a
170.md	491	KR2a0036_WYG_088-31b
170.md	499	KR2a0036_WYG_088-32a
170.md	507	KR2a0036_WYG_088-32b
171.md	3	KR2a0036_WYG_089-1a
171.md	11	KR2a0036_WYG_089-1b
171.md	19	KR2a0036_WYG_089-2a
171.md	27	KR2a0036_WYG_089-2b
171.md	35	KR2a0036_WYG_089-3a
171.md	43	KR2a0036_WYG_089-3b
171.md	51	KR2a0036_WYG_089-4a
171.md	59	KR2a0036_WYG_089-4b
171.md	67	KR2a0036_WYG_089-5a
171.md	75	KR2a0036_WYG_089-5b
171.md	83	KR2a0036_WYG_089-6a
171.md	91	KR2a0036_WYG_089-6b
171.md	99	KR2a0036_WYG_089-7a
171.md	107	KR2a0036_WYG_089-7b
171.md	115	KR2a0036_WYG_089-8a
171.md	123	KR2a0036_WYG_089-8b
171.md	131	KR2a0036_WYG_089-9a
171.md	139	KR2a0036_WYG_089-9b
171.md	147	KR2a0036_WYG_089-10a
171.md	155	KR2a0036_WYG_089-10b
171.md	163	KR2a0036_WYG_089-11a
171.md	171	KR2a0036_WYG_089-11b
171.md	179	KR2a0036_WYG_089-12a
171.md	187	KR2a0036_WYG_089-12b
171.md	195	KR2a0036_WYG_089-13a
171.md	203	KR2a0036_WYG_089-13b
171.md	211	KR2a0036_WYG_089-14a
171.md	219	KR2a0036_WYG_089-14b
171.md	227	KR2a0036_WYG_089-15a
171.md	235	KR2a0036_WYG_089-15b
171.md	243	KR2a0036_WYG_089-16a
171.md	251	KR2a0036_WYG_089-16b
171.md	259	KR2a0036_WYG_089-17a
171.md	267	KR2a0036_WYG_089-17b
171.md	275	KR2a0036_WYG_089-18a
171.md	283	KR2a0036_WYG_089-18b
171.md	291	KR2a0036_WYG_089-19a
171.md	299	KR2a0036_WYG_089-19b
171.md	307	KR2a0036_WYG_089-20a
171.md	315	KR2a0036_WYG_089-20b
171.md	323	KR2a0036_WYG_089-21a
171.md	331	KR2a0036_WYG_089-21b
171.md	339	KR2a0036_WYG_089-22a
171.md	347	KR2a0036_WYG_089-22b
171.md	355	KR2a0036_WYG_089-23a
171.md	363	KR2a0036_WYG_089-23b
171.md	371	KR2a0036_WYG_089-24a
171.md	379	KR2a0036_WYG_089-24b
171.md	387	KR2a0036_WYG_089-25a
171.md	395	KR2a0036_WYG_089-25b
171.md	403	KR2a0036_WYG_089-26a
171.md	411	KR2a0036_WYG_089-26b
171.md	419	KR2a0036_WYG_089-27a
171.md	427	KR2a0036_WYG_089-27b
171.md	435	KR2a0036_WYG_089-28a
171.md	443	KR2a0036_WYG_089-28b
171.md	451	KR2a0036_WYG_089-29a
171.md	459	KR2a0036_WYG_089-29b
171.md	467	KR2a0036_WYG_089-30a
171.md	475	KR2a0036_WYG_089-30b
171.md	483	KR2a0036_WYG_089-31a
171.md	491	KR2a0036_WYG_089-31b
171.md	499	KR2a0036_WYG_089-32a
171.md	507	KR2a0036_WYG_089-32b
171.md	515	KR2a0036_WYG_089-33a
171.md	523	KR2a0036_WYG_089-33b
171.md	531	KR2a0036_WYG_089-34a
171.md	539	KR2a0036_WYG_089-34b
171.md	547	KR2a0036_WYG_089-35a
171.md	555	KR2a0036_WYG_089-35b
171.md	563	KR2a0036_WYG_089-36a
171.md	571	KR2a0036_WYG_089-36b
171.md	579	KR2a0036_WYG_089-37a
171.md	587	KR2a0036_WYG_089-37b
171.md	595	KR2a0036_WYG_089-38a
171.md	603	KR2a0036_WYG_089-38b
171.md	611	KR2a0036_WYG_089-39a
171.md	619	KR2a0036_WYG_089-39b
171.md	627	KR2a0036_WYG_089-40a
171.md	635	KR2a0036_WYG_089-40b
171.md	643	KR2a0036_WYG_089-41a
171.md	651	KR2a0036_WYG_089-41b
172.md	3	KR2a0036_WYG_090-1a
172.md	11	KR2a0036_WYG_090-1b
172.md	19	KR2a0036_WYG_090-2a
172.md	27	KR2a0036_WYG_090-2b
172.md	35	KR2a0036_WYG_090-3a
172.md	43	KR2a0036_WYG_090-3b
172.md	51	KR2a0036_WYG_090-4a
172.md	59	KR2a0036_WYG_090-4b
172.md	67	KR2a0036_WYG_090-5a
172.md	75	KR2a0036_WYG_090-5b
172.md	83	KR2a0036_WYG_090-6a
172.md	91	KR2a0036_WYG_090-6b
172.md	99	KR2a0036_WYG_090-7a
172.md	107	KR2a0036_WYG_090-7b
172.md	115	KR2a0036_WYG_090-8a
172.md	123	KR2a0036_WYG_090-8b
172.md	131	KR2a0036_WYG_090-9a
172.md	139	KR2a0036_WYG_090-9b
172.md	147	KR2a0036_WYG_090-10a
172.md	155	KR2a0036_WYG_090-10b
172.md	163	KR2a0036_WYG_090-11a
172.md	171	KR2a0036_WYG_090-11b
172.md	179	KR2a0036_WYG_090-12a
172.md	187	KR2a0036_WYG_090-12b
172.md	195	KR2a0036_WYG_090-13a
172.md	203	KR2a0036_WYG_090-13b
172.md	211	KR2a0036_WYG_090-14a
172.md	219	KR2a0036_WYG_090-14b
172.md	227	KR2a0036_WYG_090-15a
172.md	235	KR2a0036_WYG_090-15b
172.md	243	KR2a0036_WYG_090-16a
172.md	251	KR2a0036_WYG_090-16b
172.md	259	KR2a0036_WYG_090-17a
172.md	267	KR2a0036_WYG_090-17b
172.md	275	KR2a0036_WYG_090-18a
172.md	283	KR2a0036_WYG_090-18b
172.md	291	KR2a0036_WYG_090-19a
172.md	299	KR2a0036_WYG_090-19b
172.md	307	KR2a0036_WYG_090-20a
172.md	315	KR2a0036_WYG_090-20b
172.md	323	KR2a0036_WYG_090-21a
172.md	331	KR2a0036_WYG_090-21b
172.md	339	KR2a0036_WYG_090-22a
172.md	347	KR2a0036_WYG_090-22b
172.md	355	KR2a0036_WYG_090-23a
172.md	363	KR2a0036_WYG_090-23b
172.md	371	KR2a0036_WYG_090-24a
172.md	379	KR2a0036_WYG_090-24b
172.md	387	KR2a0036_WYG_090-25a
172.md	395	KR2a0036_WYG_090-25b
172.md	403	KR2a0036_WYG_090-26a
172.md	411	KR2a0036_WYG_090-26b
172.md	419	KR2a0036_WYG_090-27a
172.md	427	KR2a0036_WYG_090-27b
172.md	435	KR2a0036_WYG_090-28a
172.md	443	KR2a0036_WYG_090-28b
172.md	451	KR2a0036_WYG_090-29a
172.md	459	KR2a0036_WYG_090-29b
172.md	467	KR2a0036_WYG_090-30a
172.md	475	KR2a0036_WYG_090-30b
172.md	483	KR2a0036_WYG_090-31a
172.md	491	KR2a0036_WYG_090-31b
172.md	499	KR2a0036_WYG_090-32a
172.md	507	KR2a0036_WYG_090-32b
172.md	515	KR2a0036_WYG_090-33a
172.md	523	KR2a0036_WYG_090-33b
173.md	3	KR2a0036_WYG_091-1a
173.md	11	KR2a0036_WYG_091-1b
173.md	19	KR2a0036_WYG_091-2a
173.md	27	KR2a0036_WYG_091-2b
173.md	35	KR2a0036_WYG_091-3a
173.md	43	KR2a0036_WYG_091-3b
173.md	51	KR2a0036_WYG_091-4a
173.md	59	KR2a0036_WYG_091-4b
173.md	67	KR2a0036_WYG_091-5a
173.md	75	KR2a0036_WYG_091-5b
173.md	83	KR2a0036_WYG_091-6a
173.md	91	KR2a0036_WYG_091-6b
173.md	99	KR2a0036_WYG_091-7a
173.md	107	KR2a0036_WYG_091-7b
173.md	115	KR2a0036_WYG_091-8a
173.md	123	KR2a0036_WYG_091-8b
173.md	131	KR2a0036_WYG_091-9a
173.md	139	KR2a0036_WYG_091-9b
173.md	147	KR2a0036_WYG_091-10a
173.md	155	KR2a0036_WYG_091-10b
173.md	163	KR2a0036_WYG_091-11a
173.md	171	KR2a0036_WYG_091-11b
173.md	179	KR2a0036_WYG_091-12a
173.md	187	KR2a0036_WYG_091-12b
173.md	195	KR2a0036_WYG_091-13a
173.md	203	KR2a0036_WYG_091-13b
173.md	211	KR2a0036_WYG_091-14a
173.md	219	KR2a0036_WYG_091-14b
173.md	227	KR2a0036_WYG_091-15a
173.md	235	KR2a0036_WYG_091-15b
173.md	243	KR2a0036_WYG_091-16a
173.md	251	KR2a0036_WYG_091-16b
173.md	259	KR2a0036_WYG_091-17a
173.md	267	KR2a0036_WYG_091-17b
173.md	275	KR2a0036_WYG_091-18a
173.md	283	KR2a0036_WYG_091-18b
173.md	291	KR2a0036_WYG_091-19a
173.md	299	KR2a0036_WYG_091-19b
173.md	307	KR2a0036_WYG_091-20a
173.md	315	KR2a0036_WYG_091-20b
173.md	323	KR2a0036_WYG_091-21a
173.md	331	KR2a0036_WYG_091-21b
173.md	339	KR2a0036_WYG_091-22a
173.md	347	KR2a0036_WYG_091-22b
173.md	355	KR2a0036_WYG_091-23a
173.md	363	KR2a0036_WYG_091-23b
173.md	371	KR2a0036_WYG_091-24a
173.md	379	KR2a0036_WYG_091-24b
173.md	387	KR2a0036_WYG_091-25a
173.md	395	KR2a0036_WYG_091-25b
173.md	403	KR2a0036_WYG_091-26a
173.md	411	KR2a0036_WYG_091-26b
174.md	3	KR2a0036_WYG_092-1a
174.md	11	KR2a0036_WYG_092-1b
174.md	19	KR2a0036_WYG_092-2a
174.md	27	KR2a0036_WYG_092-2b
174.md	35	KR2a0036_WYG_092-3a
174.md	43	KR2a0036_WYG_092-3b
174.md	51	KR2a0036_WYG_092-4a
174.md	59	KR2a0036_WYG_092-4b
174.md	67	KR2a0036_WYG_092-5a
174.md	75	KR2a0036_WYG_092-5b
174.md	83	KR2a0036_WYG_092-6a
174.md	91	KR2a0036_WYG_092-6b
174.md	99	KR2a0036_WYG_092-7a
174.md	107	KR2a0036_WYG_092-7b
174.md	115	KR2a0036_WYG_092-8a
174.md	123	KR2a0036_WYG_092-8b
174.md	131	KR2a0036_WYG_092-9a
174.md	139	KR2a0036_WYG_092-9b
174.md	147	KR2a0036_WYG_092-10a
174.md	155	KR2a0036_WYG_092-10b
174.md	163	KR2a0036_WYG_092-11a
174.md	171	KR2a0036_WYG_092-11b
174.md	179	KR2a0036_WYG_092-12a
174.md	187	KR2a0036_WYG_092-12b
174.md	195	KR2a0036_WYG_092-13a
174.md	203	KR2a0036_WYG_092-13b
174.md	211	KR2a0036_WYG_092-14a
174.md	219	KR2a0036_WYG_092-14b
174.md	227	KR2a0036_WYG_092-15a
174.md	235	KR2a0036_WYG_092-15b
174.md	243	KR2a0036_WYG_092-16a
174.md	251	KR2a0036_WYG_092-16b
174.md	259	KR2a0036_WYG_092-17a
174.md	267	KR2a0036_WYG_092-17b
174.md	275	KR2a0036_WYG_092-18a
174.md	283	KR2a0036_WYG_092-18b
174.md	291	KR2a0036_WYG_092-19a
174.md	299	KR2a0036_WYG_092-19b
174.md	307	KR2a0036_WYG_092-20a
174.md	315	KR2a0036_WYG_092-20b
174.md	323	KR2a0036_WYG_092-21a
174.md	331	KR2a0036_WYG_092-21b
174.md	339	KR2a0036_WYG_092-22a
174.md	347	KR2a0036_WYG_092-22b
174.md	355	KR2a0036_WYG_092-23a
174.md	363	KR2a0036_WYG_092-23b
174.md	371	KR2a0036_WYG_092-24a
174.md	379	KR2a0036_WYG_092-24b
175.md	3	KR2a0036_WYG_093-1a
175.md	11	KR2a0036_WYG_093-1b
175.md	19	KR2a0036_WYG_093-2a
175.md	27	KR2a0036_WYG_093-2b
175.md	35	KR2a0036_WYG_093-3a
175.md	43	KR2a0036_WYG_093-3b
175.md	51	KR2a0036_WYG_093-4a
175.md	59	KR2a0036_WYG_093-4b
175.md	67	KR2a0036_WYG_093-5a
175.md	75	KR2a0036_WYG_093-5b
175.md	83	KR2a0036_WYG_093-6a
175.md	91	KR2a0036_WYG_093-6b
175.md	99	KR2a0036_WYG_093-7a
175.md	107	KR2a0036_WYG_093-7b
175.md	115	KR2a0036_WYG_093-8a
175.md	123	KR2a0036_WYG_093-8b
175.md	131	KR2a0036_WYG_093-9a
175.md	139	KR2a0036_WYG_093-9b
175.md	147	KR2a0036_WYG_093-10a
175.md	155	KR2a0036_WYG_093-10b
175.md	163	KR2a0036_WYG_093-11a
175.md	171	KR2a0036_WYG_093-11b
175.md	179	KR2a0036_WYG_093-12a
175.md	187	KR2a0036_WYG_093-12b
175.md	195	KR2a0036_WYG_093-13a
175.md	203	KR2a0036_WYG_093-13b
175.md	211	KR2a0036_WYG_093-14a
175.md	219	KR2a0036_WYG_093-14b
175.md	227	KR2a0036_WYG_093-15a
175.md	235	KR2a0036_WYG_093-15b
175.md	243	KR2a0036_WYG_093-16a
175.md	251	KR2a0036_WYG_093-16b
175.md	259	KR2a0036_WYG_093-17a
175.md	267	KR2a0036_WYG_093-17b
175.md	275	KR2a0036_WYG_093-18a
175.md	283	KR2a0036_WYG_093-18b
175.md	291	KR2a0036_WYG_093-19a
175.md	299	KR2a0036_WYG_093-19b
175.md	307	KR2a0036_WYG_093-20a
175.md	315	KR2a0036_WYG_093-20b
175.md	323	KR2a0036_WYG_093-21a
175.md	331	KR2a0036_WYG_093-21b
175.md	339	KR2a0036_WYG_093-22a
175.md	347	KR2a0036_WYG_093-22b
175.md	355	KR2a0036_WYG_093-23a
175.md	363	KR2a0036_WYG_093-23b
175.md	371	KR2a0036_WYG_093-24a
175.md	379	KR2a0036_WYG_093-24b
175.md	387	KR2a0036_WYG_093-25a
175.md	395	KR2a0036_WYG_093-25b
175.md	403	KR2a0036_WYG_093-26a
175.md	411	KR2a0036_WYG_093-26b
175.md	419	KR2a0036_WYG_093-27a
175.md	427	KR2a0036_WYG_093-27b
175.md	435	KR2a0036_WYG_093-28a
175.md	443	KR2a0036_WYG_093-28b
175.md	451	KR2a0036_WYG_093-29a
175.md	459	KR2a0036_WYG_093-29b
175.md	467	KR2a0036_WYG_093-30a
175.md	475	KR2a0036_WYG_093-30b
175.md	483	KR2a0036_WYG_093-31a
175.md	491	KR2a0036_WYG_093-31b
176.md	3	KR2a0036_WYG_093-32a
177.md	3	KR2a0036_WYG_094-1a
177.md	11	KR2a0036_WYG_094-1b
177.md	19	KR2a0036_WYG_094-2a
177.md	27	KR2a0036_WYG_094-2b
177.md	35	KR2a0036_WYG_094-3a
177.md	43	KR2a0036_WYG_094-3b
177.md	51	KR2a0036_WYG_094-4a
177.md	59	KR2a0036_WYG_094-4b
177.md	67	KR2a0036_WYG_094-5a
177.md	75	KR2a0036_WYG_094-5b
177.md	83	KR2a0036_WYG_094-6a
177.md	91	KR2a0036_WYG_094-6b
177.md	99	KR2a0036_WYG_094-7a
177.md	107	KR2a0036_WYG_094-7b
177.md	115	KR2a0036_WYG_094-8a
177.md	123	KR2a0036_WYG_094-8b
177.md	131	KR2a0036_WYG_094-9a
177.md	139	KR2a0036_WYG_094-9b
177.md	147	KR2a0036_WYG_094-10a
177.md	155	KR2a0036_WYG_094-10b
177.md	163	KR2a0036_WYG_094-11a
177.md	171	KR2a0036_WYG_094-11b
177.md	179	KR2a0036_WYG_094-12a
177.md	187	KR2a0036_WYG_094-12b
177.md	195	KR2a0036_WYG_094-13a
177.md	203	KR2a0036_WYG_094-13b
177.md	211	KR2a0036_WYG_094-14a
177.md	219	KR2a0036_WYG_094-14b
177.md	227	KR2a0036_WYG_094-15a
177.md	235	KR2a0036_WYG_094-15b
177.md	243	KR2a0036_WYG_094-16a
177.md	251	KR2a0036_WYG_094-16b
177.md	259	KR2a0036_WYG_094-17a
177.md	267	KR2a0036_WYG_094-17b
177.md	275	KR2a0036_WYG_094-18a
177.md	283	KR2a0036_WYG_094-18b
177.md	291	KR2a0036_WYG_094-19a
177.md	299	KR2a0036_WYG_094-19b
177.md	307	KR2a0036_WYG_094-20a
177.md	315	KR2a0036_WYG_094-20b
177.md	323	KR2a0036_WYG_094-21a
177.md	331	KR2a0036_WYG_094-21b
177.md	339	KR2a0036_WYG_094-22a
177.md	347	KR2a0036_WYG_094-22b
177.md	355	KR2a0036_WYG_094-23a
177.md	363	KR2a0036_WYG_094-23b
177.md	371	KR2a0036_WYG_094-24a
177.md	379	KR2a0036_WYG_094-24b
177.md	387	KR2a0036_WYG_094-25a
177.md	395	KR2a0036_WYG_094-25b
177.md	403	KR2a0036_WYG_094-26a
177.md	411	KR2a0036_WYG_094-26b
177.md	419	KR2a0036_WYG_094-27a
177.md	427	KR2a0036_WYG_094-27b
177.md	435	KR2a0036_WYG_094-28a
177.md	443	KR2a0036_WYG_094-28b
177.md	451	KR2a0036_WYG_094-29a
177.md	459	KR2a0036_WYG_094-29b
177.md	467	KR2a0036_WYG_094-30a
177.md	475	KR2a0036_WYG_094-30b
177.md	483	KR2a0036_WYG_094-31a
177.md	491	KR2a0036_WYG_094-31b
177.md	499	KR2a0036_WYG_094-32a
177.md	507	KR2a0036_WYG_094-32b
177.md	515	KR2a0036_WYG_094-33a
177.md	523	KR2a0036_WYG_094-33b
177.md	531	KR2a0036_WYG_094-34a
177.md	539	KR2a0036_WYG_094-34b
177.md	547	KR2a0036_WYG_094-35a
177.md	555	KR2a0036_WYG_094-35b
177.md	563	KR2a0036_WYG_094-36a
177.md	571	KR2a0036_WYG_094-36b
177.md	579	KR2a0036_WYG_094-37a
177.md	587	KR2a0036_WYG_094-37b
178.md	3	KR2a0036_WYG_094-38a
179.md	3	KR2a0036_WYG_095-1a
179.md	11	KR2a0036_WYG_095-1b
179.md	19	KR2a0036_WYG_095-2a
179.md	27	KR2a0036_WYG_095-2b
179.md	35	KR2a0036_WYG_095-3a
179.md	43	KR2a0036_WYG_095-3b
179.md	51	KR2a0036_WYG_095-4a
179.md	59	KR2a0036_WYG_095-4b
179.md	67	KR2a0036_WYG_095-5a
179.md	75	KR2a0036_WYG_095-5b
179.md	83	KR2a0036_WYG_095-6a
179.md	91	KR2a0036_WYG_095-6b
179.md	99	KR2a0036_WYG_095-7a
179.md	107	KR2a0036_WYG_095-7b
179.md	115	KR2a0036_WYG_095-8a
179.md	123	KR2a0036_WYG_095-8b
179.md	131	KR2a0036_WYG_095-9a
179.md	139	KR2a0036_WYG_095-9b
179.md	147	KR2a0036_WYG_095-10a
179.md	155	KR2a0036_WYG_095-10b
179.md	163	KR2a0036_WYG_095-11a
179.md	171	KR2a0036_WYG_095-11b
179.md	179	KR2a0036_WYG_095-12a
179.md	187	KR2a0036_WYG_095-12b
179.md	195	KR2a0036_WYG_095-13a
179.md	203	KR2a0036_WYG_095-13b
179.md	211	KR2a0036_WYG_095-14a
179.md	219	KR2a0036_WYG_095-14b
179.md	227	KR2a0036_WYG_095-15a
179.md	235	KR2a0036_WYG_095-15b
179.md	243	KR2a0036_WYG_095-16a
179.md	251	KR2a0036_WYG_095-16b
179.md	259	KR2a0036_WYG_095-17a
179.md	267	KR2a0036_WYG_095-17b
179.md	275	KR2a0036_WYG_095-18a
179.md	283	KR2a0036_WYG_095-18b
179.md	291	KR2a0036_WYG_095-19a
179.md	299	KR2a0036_WYG_095-19b
179.md	307	KR2a0036_WYG_095-20a
179.md	315	KR2a0036_WYG_095-20b
179.md	323	KR2a0036_WYG_095-21a
179.md	331	KR2a0036_WYG_095-21b
179.md	339	KR2a0036_WYG_095-22a
179.md	347	KR2a0036_WYG_095-22b
179.md	355	KR2a0036_WYG_095-23a
179.md	363	KR2a0036_WYG_095-23b
179.md	371	KR2a0036_WYG_095-24a
179.md	379	KR2a0036_WYG_095-24b
179.md	387	KR2a0036_WYG_095-25a
179.md	395	KR2a0036_WYG_095-25b
179.md	403	KR2a0036_WYG_095-26a
179.md	411	KR2a0036_WYG_095-26b
179.md	419	KR2a0036_WYG_095-27a
179.md	427	KR2a0036_WYG_095-27b
179.md	435	KR2a0036_WYG_095-28a
179.md	443	KR2a0036_WYG_095-28b
179.md	451	KR2a0036_WYG_095-29a
179.md	459	KR2a0036_WYG_095-29b
179.md	467	KR2a0036_WYG_095-30a
179.md	475	KR2a0036_WYG_095-30b
179.md	483	KR2a0036_WYG_095-31a
179.md	491	KR2a0036_WYG_095-31b
179.md	499	KR2a0036_WYG_095-32a
179.md	507	KR2a0036_WYG_095-32b
179.md	515	KR2a0036_WYG_095-33a
179.md	523	KR2a0036_WYG_095-33b
179.md	531	KR2a0036_WYG_095-34a
179.md	539	KR2a0036_WYG_095-34b
179.md	547	KR2a0036_WYG_095-35a
179.md	555	KR2a0036_WYG_095-35b
179.md	563	KR2a0036_WYG_095-36a
179.md	571	KR2a0036_WYG_095-36b
179.md	579	KR2a0036_WYG_095-37a
179.md	587	KR2a0036_WYG_095-37b
179.md	595	KR2a0036_WYG_095-38a
179.md	603	KR2a0036_WYG_095-38b
179.md	611	KR2a0036_WYG_095-39a
179.md	619	KR2a0036_WYG_095-39b
179.md	627	KR2a0036_WYG_095-40a
179.md	635	KR2a0036_WYG_095-40b
179.md	643	KR2a0036_WYG_095-41a
179.md	651	KR2a0036_WYG_095-41b
179.md	659	KR2a0036_WYG_095-42a
179.md	667	KR2a0036_WYG_095-42b
180.md	3	KR2a0036_WYG_095-43a
181.md	3	KR2a0036_WYG_096-1a
181.md	11	KR2a0036_WYG_096-1b
181.md	19	KR2a0036_WYG_096-2a
181.md	27	KR2a0036_WYG_096-2b
181.md	35	KR2a0036_WYG_096-3a
181.md	43	KR2a0036_WYG_096-3b
181.md	51	KR2a0036_WYG_096-4a
181.md	59	KR2a0036_WYG_096-4b
181.md	67	KR2a0036_WYG_096-5a
181.md	75	KR2a0036_WYG_096-5b
181.md	83	KR2a0036_WYG_096-6a
181.md	91	KR2a0036_WYG_096-6b
181.md	99	KR2a0036_WYG_096-7a
181.md	107	KR2a0036_WYG_096-7b
181.md	115	KR2a0036_WYG_096-8a
181.md	123	KR2a0036_WYG_096-8b
181.md	131	KR2a0036_WYG_096-9a
181.md	139	KR2a0036_WYG_096-9b
181.md	147	KR2a0036_WYG_096-10a
181.md	155	KR2a0036_WYG_096-10b
181.md	163	KR2a0036_WYG_096-11a
181.md	171	KR2a0036_WYG_096-11b
181.md	179	KR2a0036_WYG_096-12a
181.md	187	KR2a0036_WYG_096-12b
181.md	195	KR2a0036_WYG_096-13a
181.md	203	KR2a0036_WYG_096-13b
181.md	211	KR2a0036_WYG_096-14a
181.md	219	KR2a0036_WYG_096-14b
181.md	227	KR2a0036_WYG_096-15a
181.md	235	KR2a0036_WYG_096-15b
181.md	243	KR2a0036_WYG_096-16a
181.md	251	KR2a0036_WYG_096-16b
181.md	259	KR2a0036_WYG_096-17a
181.md	267	KR2a0036_WYG_096-17b
181.md	275	KR2a0036_WYG_096-18a
181.md	283	KR2a0036_WYG_096-18b
181.md	291	KR2a0036_WYG_096-19a
181.md	299	KR2a0036_WYG_096-19b
181.md	307	KR2a0036_WYG_096-20a
181.md	315	KR2a0036_WYG_096-20b
181.md	323	KR2a0036_WYG_096-21a
181.md	331	KR2a0036_WYG_096-21b
181.md	339	KR2a0036_WYG_096-22a
181.md	347	KR2a0036_WYG_096-22b
181.md	355	KR2a0036_WYG_096-23a
181.md	363	KR2a0036_WYG_096-23b
181.md	371	KR2a0036_WYG_096-24a
181.md	379	KR2a0036_WYG_096-24b
181.md	387	KR2a0036_WYG_096-25a
181.md	395	KR2a0036_WYG_096-25b
181.md	403	KR2a0036_WYG_096-26a
181.md	411	KR2a0036_WYG_096-26b
181.md	419	KR2a0036_WYG_096-27a
181.md	427	KR2a0036_WYG_096-27b
181.md	435	KR2a0036_WYG_096-28a
181.md	443	KR2a0036_WYG_096-28b
181.md	451	KR2a0036_WYG_096-29a
181.md	459	KR2a0036_WYG_096-29b
181.md	467	KR2a0036_WYG_096-30a
181.md	475	KR2a0036_WYG_096-30b
181.md	483	KR2a0036_WYG_096-31a
181.md	491	KR2a0036_WYG_096-31b
181.md	499	KR2a0036_WYG_096-32a
181.md	507	KR2a0036_WYG_096-32b
181.md	515	KR2a0036_WYG_096-33a
181.md	523	KR2a0036_WYG_096-33b
181.md	531	KR2a0036_WYG_096-34a
181.md	539	KR2a0036_WYG_096-34b
181.md	547	KR2a0036_WYG_096-35a
181.md	555	KR2a0036_WYG_096-35b
181.md	563	KR2a0036_WYG_096-36a
181.md	571	KR2a0036_WYG_096-36b
181.md	579	KR2a0036_WYG_096-37a
181.md	587	KR2a0036_WYG_096-37b
181.md	595	KR2a0036_WYG_096-38a
181.md	603	KR2a0036_WYG_096-38b
181.md	611	KR2a0036_WYG_096-39a
181.md	619	KR2a0036_WYG_096-39b
181.md	627	KR2a0036_WYG_096-40a
181.md	635	KR2a0036_WYG_096-40b
181.md	643	KR2a0036_WYG_096-41a
181.md	651	KR2a0036_WYG_096-41b
182.md	3	KR2a0036_WYG_096-42a
182.md	11	KR2a0036_WYG_096-42b
183.md	3	KR2a0036_WYG_097-1a
183.md	11	KR2a0036_WYG_097-1b
183.md	19	KR2a0036_WYG_097-2a
183.md	27	KR2a0036_WYG_097-2b
183.md	35	KR2a0036_WYG_097-3a
183.md	43	KR2a0036_WYG_097-3b
183.md	51	KR2a0036_WYG_097-4a
183.md	59	KR2a0036_WYG_097-4b
183.md	67	KR2a0036_WYG_097-5a
183.md	75	KR2a0036_WYG_097-5b
183.md	83	KR2a0036_WYG_097-6a
183.md	91	KR2a0036_WYG_097-6b
183.md	99	KR2a0036_WYG_097-7a
183.md	107	KR2a0036_WYG_097-7b
183.md	115	KR2a0036_WYG_097-8a
183.md	123	KR2a0036_WYG_097-8b
183.md	131	KR2a0036_WYG_097-9a
183.md	139	KR2a0036_WYG_097-9b
183.md	147	KR2a0036_WYG_097-10a
183.md	155	KR2a0036_WYG_097-10b
183.md	163	KR2a0036_WYG_097-11a
183.md	171	KR2a0036_WYG_097-11b
183.md	179	KR2a0036_WYG_097-12a
183.md	187	KR2a0036_WYG_097-12b
183.md	195	KR2a0036_WYG_097-13a
183.md	203	KR2a0036_WYG_097-13b
183.md	211	KR2a0036_WYG_097-14a
183.md	219	KR2a0036_WYG_097-14b
183.md	227	KR2a0036_WYG_097-15a
183.md	235	KR2a0036_WYG_097-15b
183.md	243	KR2a0036_WYG_097-16a
183.md	251	KR2a0036_WYG_097-16b
183.md	259	KR2a0036_WYG_097-17a
183.md	267	KR2a0036_WYG_097-17b
183.md	275	KR2a0036_WYG_097-18a
183.md	283	KR2a0036_WYG_097-18b
183.md	291	KR2a0036_WYG_097-19a
183.md	299	KR2a0036_WYG_097-19b
183.md	307	KR2a0036_WYG_097-20a
183.md	315	KR2a0036_WYG_097-20b
183.md	323	KR2a0036_WYG_097-21a
183.md	331	KR2a0036_WYG_097-21b
183.md	339	KR2a0036_WYG_097-22a
183.md	347	KR2a0036_WYG_097-22b
183.md	355	KR2a0036_WYG_097-23a
183.md	363	KR2a0036_WYG_097-23b
183.md	371	KR2a0036_WYG_097-24a
183.md	379	KR2a0036_WYG_097-24b
183.md	387	KR2a0036_WYG_097-25a
183.md	395	KR2a0036_WYG_097-25b
183.md	403	KR2a0036_WYG_097-26a
183.md	411	KR2a0036_WYG_097-26b
183.md	419	KR2a0036_WYG_097-27a
183.md	427	KR2a0036_WYG_097-27b
183.md	435	KR2a0036_WYG_097-28a
183.md	443	KR2a0036_WYG_097-28b
183.md	451	KR2a0036_WYG_097-29a
183.md	459	KR2a0036_WYG_097-29b
183.md	467	KR2a0036_WYG_097-30a
183.md	475	KR2a0036_WYG_097-30b
183.md	483	KR2a0036_WYG_097-31a
183.md	491	KR2a0036_WYG_097-31b
183.md	499	KR2a0036_WYG_097-32a
183.md	507	KR2a0036_WYG_097-32b
183.md	515	KR2a0036_WYG_097-33a
183.md	523	KR2a0036_WYG_097-33b
183.md	531	KR2a0036_WYG_097-34a
183.md	539	KR2a0036_WYG_097-34b
184.md	3	KR2a0036_WYG_097-35a
185.md	3	KR2a0036_WYG_098-1a
185.md	11	KR2a0036_WYG_098-1b
185.md	19	KR2a0036_WYG_098-2a
185.md	27	KR2a0036_WYG_098-2b
185.md	35	KR2a0036_WYG_098-3a
185.md	43	KR2a0036_WYG_098-3b
185.md	51	KR2a0036_WYG_098-4a
185.md	59	KR2a0036_WYG_098-4b
185.md	67	KR2a0036_WYG_098-5a
185.md	75	KR2a0036_WYG_098-5b
185.md	83	KR2a0036_WYG_098-6a
185.md	91	KR2a0036_WYG_098-6b
185.md	99	KR2a0036_WYG_098-7a
185.md	107	KR2a0036_WYG_098-7b
185.md	115	KR2a0036_WYG_098-8a
185.md	123	KR2a0036_WYG_098-8b
185.md	131	KR2a0036_WYG_098-9a
185.md	139	KR2a0036_WYG_098-9b
185.md	147	KR2a0036_WYG_098-10a
185.md	155	KR2a0036_WYG_098-10b
185.md	163	KR2a0036_WYG_098-11a
185.md	171	KR2a0036_WYG_098-11b
185.md	179	KR2a0036_WYG_098-12a
185.md	187	KR2a0036_WYG_098-12b
185.md	195	KR2a0036_WYG_098-13a
185.md	203	KR2a0036_WYG_098-13b
185.md	211	KR2a0036_WYG_098-14a
185.md	219	KR2a0036_WYG_098-14b
185.md	227	KR2a0036_WYG_098-15a
185.md	235	KR2a0036_WYG_098-15b
185.md	243	KR2a0036_WYG_098-16a
185.md	251	KR2a0036_WYG_098-16b
185.md	259	KR2a0036_WYG_098-17a
185.md	267	KR2a0036_WYG_098-17b
185.md	275	KR2a0036_WYG_098-18a
185.md	283	KR2a0036_WYG_098-18b
185.md	291	KR2a0036_WYG_098-19a
185.md	299	KR2a0036_WYG_098-19b
185.md	307	KR2a0036_WYG_098-20a
185.md	315	KR2a0036_WYG_098-20b
185.md	323	KR2a0036_WYG_098-21a
185.md	331	KR2a0036_WYG_098-21b
186.md	3	KR2a0036_WYG_098-22a
186.md	11	KR2a0036_WYG_098-22b
187.md	3	KR2a0036_WYG_099-1a
187.md	11	KR2a0036_WYG_099-1b
187.md	19	KR2a0036_WYG_099-2a
187.md	27	KR2a0036_WYG_099-2b
187.md	35	KR2a0036_WYG_099-3a
187.md	43	KR2a0036_WYG_099-3b
187.md	51	KR2a0036_WYG_099-4a
187.md	59	KR2a0036_WYG_099-4b
187.md	67	KR2a0036_WYG_099-5a
187.md	75	KR2a0036_WYG_099-5b
187.md	83	KR2a0036_WYG_099-6a
187.md	91	KR2a0036_WYG_099-6b
187.md	99	KR2a0036_WYG_099-7a
187.md	107	KR2a0036_WYG_099-7b
187.md	115	KR2a0036_WYG_099-8a
187.md	123	KR2a0036_WYG_099-8b
187.md	131	KR2a0036_WYG_099-9a
187.md	139	KR2a0036_WYG_099-9b
187.md	147	KR2a0036_WYG_099-10a
187.md	155	KR2a0036_WYG_099-10b
187.md	163	KR2a0036_WYG_099-11a
187.md	171	KR2a0036_WYG_099-11b
187.md	179	KR2a0036_WYG_099-12a
187.md	187	KR2a0036_WYG_099-12b
187.md	195	KR2a0036_WYG_099-13a
187.md	203	KR2a0036_WYG_099-13b
187.md	211	KR2a0036_WYG_099-14a
187.md	219	KR2a0036_WYG_099-14b
187.md	227	KR2a0036_WYG_099-15a
187.md	235	KR2a0036_WYG_099-15b
187.md	243	KR2a0036_WYG_099-16a
187.md	251	KR2a0036_WYG_099-16b
187.md	259	KR2a0036_WYG_099-17a
187.md	267	KR2a0036_WYG_099-17b
187.md	275	KR2a0036_WYG_099-18a
187.md	283	KR2a0036_WYG_099-18b
187.md	291	KR2a0036_WYG_099-19a
187.md	299	KR2a0036_WYG_099-19b
187.md	307	KR2a0036_WYG_099-20a
187.md	315	KR2a0036_WYG_099-20b
187.md	323	KR2a0036_WYG_099-21a
187.md	331	KR2a0036_WYG_099-21b
187.md	339	KR2a0036_WYG_099-22a
187.md	347	KR2a0036_WYG_099-22b
187.md	355	KR2a0036_WYG_099-23a
187.md	363	KR2a0036_WYG_099-23b
187.md	371	KR2a0036_WYG_099-24a
187.md	379	KR2a0036_WYG_099-24b
187.md	387	KR2a0036_WYG_099-25a
187.md	395	KR2a0036_WYG_099-25b
187.md	403	KR2a0036_WYG_099-26a
187.md	411	KR2a0036_WYG_099-26b
187.md	419	KR2a0036_WYG_099-27a
187.md	427	KR2a0036_WYG_099-27b
187.md	435	KR2a0036_WYG_099-28a
187.md	443	KR2a0036_WYG_099-28b
187.md	451	KR2a0036_WYG_099-29a
187.md	459	KR2a0036_WYG_099-29b
187.md	467	KR2a0036_WYG_099-30a
187.md	475	KR2a0036_WYG_099-30b
187.md	483	KR2a0036_WYG_099-31a
187.md	491	KR2a0036_WYG_099-31b
187.md	499	KR2a0036_WYG_099-32a
187.md	507	KR2a0036_WYG_099-32b
187.md	515	KR2a0036_WYG_099-33a
187.md	523	KR2a0036_WYG_099-33b
187.md	531	KR2a0036_WYG_099-34a
187.md	539	KR2a0036_WYG_099-34b
187.md	547	KR2a0036_WYG_099-35a
187.md	555	KR2a0036_WYG_099-35b
187.md	563	KR2a0036_WYG_099-36a
187.md	571	KR2a0036_WYG_099-36b
188.md	3	KR2a0036_WYG_099-37a
188.md	11	KR2a0036_WYG_099-37b
188.md	19	KR2a0036_WYG_099-38a
189.md	3	KR2a0036_WYG_100-1a
189.md	11	KR2a0036_WYG_100-1b
189.md	19	KR2a0036_WYG_100-2a
189.md	27	KR2a0036_WYG_100-2b
189.md	35	KR2a0036_WYG_100-3a
189.md	43	KR2a0036_WYG_100-3b
189.md	51	KR2a0036_WYG_100-4a
189.md	59	KR2a0036_WYG_100-4b
189.md	67	KR2a0036_WYG_100-5a
189.md	75	KR2a0036_WYG_100-5b
189.md	83	KR2a0036_WYG_100-6a
189.md	91	KR2a0036_WYG_100-6b
189.md	99	KR2a0036_WYG_100-7a
189.md	107	KR2a0036_WYG_100-7b
189.md	115	KR2a0036_WYG_100-8a
189.md	123	KR2a0036_WYG_100-8b
189.md	131	KR2a0036_WYG_100-9a
189.md	139	KR2a0036_WYG_100-9b
189.md	147	KR2a0036_WYG_100-10a
189.md	155	KR2a0036_WYG_100-10b
189.md	163	KR2a0036_WYG_100-11a
189.md	171	KR2a0036_WYG_100-11b
189.md	179	KR2a0036_WYG_100-12a
189.md	187	KR2a0036_WYG_100-12b
189.md	195	KR2a0036_WYG_100-13a
189.md	203	KR2a0036_WYG_100-13b
189.md	211	KR2a0036_WYG_100-14a
189.md	219	KR2a0036_WYG_100-14b
189.md	227	KR2a0036_WYG_100-15a
189.md	235	KR2a0036_WYG_100-15b
189.md	243	KR2a0036_WYG_100-16a
189.md	251	KR2a0036_WYG_100-16b
189.md	259	KR2a0036_WYG_100-17a
189.md	267	KR2a0036_WYG_100-17b
189.md	275	KR2a0036_WYG_100-18a
189.md	283	KR2a0036_WYG_100-18b
189.md	291	KR2a0036_WYG_100-19a
189.md	299	KR2a0036_WYG_100-19b
189.md	307	KR2a0036_WYG_100-20a
189.md	315	KR2a0036_WYG_100-20b
189.md	323	KR2a0036_WYG_100-21a
189.md	331	KR2a0036_WYG_100-21b
189.md	339	KR2a0036_WYG_100-22a
189.md	347	KR2a0036_WYG_100-22b
189.md	355	KR2a0036_WYG_100-23a
189.md	363	KR2a0036_WYG_100-23b
189.md	371	KR2a0036_WYG_100-24a
189.md	379	KR2a0036_WYG_100-24b
189.md	387	KR2a0036_WYG_100-25a
189.md	395	KR2a0036_WYG_100-25b
189.md	403	KR2a0036_WYG_100-26a
189.md	411	KR2a0036_WYG_100-26b
189.md	419	KR2a0036_WYG_100-27a
189.md	427	KR2a0036_WYG_100-27b
189.md	435	KR2a0036_WYG_100-28a
189.md	443	KR2a0036_WYG_100-28b
189.md	451	KR2a0036_WYG_100-29a
189.md	459	KR2a0036_WYG_100-29b
189.md	467	KR2a0036_WYG_100-30a
189.md	475	KR2a0036_WYG_100-30b
189.md	483	KR2a0036_WYG_100-31a
189.md	491	KR2a0036_WYG_100-31b
189.md	499	KR2a0036_WYG_100-32a
189.md	507	KR2a0036_WYG_100-32b
189.md	515	KR2a0036_WYG_100-33a
189.md	523	KR2a0036_WYG_100-33b
189.md	531	KR2a0036_WYG_100-34a
189.md	539	KR2a0036_WYG_100-34b
189.md	547	KR2a0036_WYG_100-35a
189.md	555	KR2a0036_WYG_100-35b
190.md	3	KR2a0036_WYG_100-36a
190.md	11	KR2a0036_WYG_100-36b
190.md	19	KR2a0036_WYG_100-37a
191.md	3	KR2a0036_WYG_101-1a
191.md	11	KR2a0036_WYG_101-1b
191.md	19	KR2a0036_WYG_101-2a
191.md	27	KR2a0036_WYG_101-2b
191.md	35	KR2a0036_WYG_101-3a
191.md	43	KR2a0036_WYG_101-3b
191.md	51	KR2a0036_WYG_101-4a
191.md	59	KR2a0036_WYG_101-4b
191.md	67	KR2a0036_WYG_101-5a
191.md	75	KR2a0036_WYG_101-5b
191.md	83	KR2a0036_WYG_101-6a
191.md	91	KR2a0036_WYG_101-6b
191.md	99	KR2a0036_WYG_101-7a
191.md	107	KR2a0036_WYG_101-7b
191.md	115	KR2a0036_WYG_101-8a
191.md	123	KR2a0036_WYG_101-8b
191.md	131	KR2a0036_WYG_101-9a
191.md	139	KR2a0036_WYG_101-9b
191.md	147	KR2a0036_WYG_101-10a
191.md	155	KR2a0036_WYG_101-10b
191.md	163	KR2a0036_WYG_101-11a
191.md	171	KR2a0036_WYG_101-11b
191.md	179	KR2a0036_WYG_101-12a
191.md	187	KR2a0036_WYG_101-12b
191.md	195	KR2a0036_WYG_101-13a
191.md	203	KR2a0036_WYG_101-13b
191.md	211	KR2a0036_WYG_101-14a
191.md	219	KR2a0036_WYG_101-14b
191.md	227	KR2a0036_WYG_101-15a
191.md	235	KR2a0036_WYG_101-15b
191.md	243	KR2a0036_WYG_101-16a
191.md	251	KR2a0036_WYG_101-16b
191.md	259	KR2a0036_WYG_101-17a
191.md	267	KR2a0036_WYG_101-17b
191.md	275	KR2a0036_WYG_101-18a
191.md	283	KR2a0036_WYG_101-18b
191.md	291	KR2a0036_WYG_101-19a
191.md	299	KR2a0036_WYG_101-19b
191.md	307	KR2a0036_WYG_101-20a
191.md	315	KR2a0036_WYG_101-20b
191.md	323	KR2a0036_WYG_101-21a
191.md	331	KR2a0036_WYG_101-21b
191.md	339	KR2a0036_WYG_101-22a
191.md	347	KR2a0036_WYG_101-22b
191.md	355	KR2a0036_WYG_101-23a
191.md	363	KR2a0036_WYG_101-23b
191.md	371	KR2a0036_WYG_101-24a
191.md	379	KR2a0036_WYG_101-24b
192.md	3	KR2a0036_WYG_101-25a
193.md	3	KR2a0036_WYG_102-1a
193.md	11	KR2a0036_WYG_102-1b
193.md	19	KR2a0036_WYG_102-2a
193.md	27	KR2a0036_WYG_102-2b
193.md	35	KR2a0036_WYG_102-3a
193.md	43	KR2a0036_WYG_102-3b
193.md	51	KR2a0036_WYG_102-4a
193.md	59	KR2a0036_WYG_102-4b
193.md	67	KR2a0036_WYG_102-5a
193.md	75	KR2a0036_WYG_102-5b
193.md	83	KR2a0036_WYG_102-6a
193.md	91	KR2a0036_WYG_102-6b
193.md	99	KR2a0036_WYG_102-7a
193.md	107	KR2a0036_WYG_102-7b
193.md	115	KR2a0036_WYG_102-8a
193.md	123	KR2a0036_WYG_102-8b
193.md	131	KR2a0036_WYG_102-9a
193.md	139	KR2a0036_WYG_102-9b
193.md	147	KR2a0036_WYG_102-10a
193.md	155	KR2a0036_WYG_102-10b
193.md	163	KR2a0036_WYG_102-11a
193.md	171	KR2a0036_WYG_102-11b
193.md	179	KR2a0036_WYG_102-12a
193.md	187	KR2a0036_WYG_102-12b
193.md	195	KR2a0036_WYG_102-13a
193.md	203	KR2a0036_WYG_102-13b
193.md	211	KR2a0036_WYG_102-14a
193.md	219	KR2a0036_WYG_102-14b
193.md	227	KR2a0036_WYG_102-15a
193.md	235	KR2a0036_WYG_102-15b
193.md	243	KR2a0036_WYG_102-16a
193.md	251	KR2a0036_WYG_102-16b
193.md	259	KR2a0036_WYG_102-17a
193.md	267	KR2a0036_WYG_102-17b
193.md	275	KR2a0036_WYG_102-18a
193.md	283	KR2a0036_WYG_102-18b
193.md	291	KR2a0036_WYG_102-19a
193.md	299	KR2a0036_WYG_102-19b
193.md	307	KR2a0036_WYG_102-20a
193.md	315	KR2a0036_WYG_102-20b
193.md	323	KR2a0036_WYG_102-21a
193.md	331	KR2a0036_WYG_102-21b
193.md	339	KR2a0036_WYG_102-22a
193.md	347	KR2a0036_WYG_102-22b
193.md	355	KR2a0036_WYG_102-23a
193.md	363	KR2a0036_WYG_102-23b
193.md	371	KR2a0036_WYG_102-24a
193.md	379	KR2a0036_WYG_102-24b
193.md	387	KR2a0036_WYG_102-25a
193.md	395	KR2a0036_WYG_102-25b
193.md	403	KR2a0036_WYG_102-26a
193.md	411	KR2a0036_WYG_102-26b
194.md	3	KR2a0036_WYG_102-27a
195.md	3	KR2a0036_WYG_103-1a
195.md	11	KR2a0036_WYG_103-1b
195.md	19	KR2a0036_WYG_103-2a
195.md	27	KR2a0036_WYG_103-2b
195.md	35	KR2a0036_WYG_103-3a
195.md	43	KR2a0036_WYG_103-3b
195.md	51	KR2a0036_WYG_103-4a
195.md	59	KR2a0036_WYG_103-4b
195.md	67	KR2a0036_WYG_103-5a
195.md	75	KR2a0036_WYG_103-5b
195.md	83	KR2a0036_WYG_103-6a
195.md	91	KR2a0036_WYG_103-6b
195.md	99	KR2a0036_WYG_103-7a
195.md	107	KR2a0036_WYG_103-7b
195.md	115	KR2a0036_WYG_103-8a
195.md	123	KR2a0036_WYG_103-8b
195.md	131	KR2a0036_WYG_103-9a
195.md	139	KR2a0036_WYG_103-9b
195.md	147	KR2a0036_WYG_103-10a
195.md	155	KR2a0036_WYG_103-10b
195.md	163	KR2a0036_WYG_103-11a
195.md	171	KR2a0036_WYG_103-11b
195.md	179	KR2a0036_WYG_103-12a
195.md	187	KR2a0036_WYG_103-12b
195.md	195	KR2a0036_WYG_103-13a
195.md	203	KR2a0036_WYG_103-13b
195.md	211	KR2a0036_WYG_103-14a
195.md	219	KR2a0036_WYG_103-14b
195.md	227	KR2a0036_WYG_103-15a
195.md	235	KR2a0036_WYG_103-15b
195.md	243	KR2a0036_WYG_103-16a
195.md	251	KR2a0036_WYG_103-16b
195.md	259	KR2a0036_WYG_103-17a
195.md	267	KR2a0036_WYG_103-17b
195.md	275	KR2a0036_WYG_103-18a
195.md	283	KR2a0036_WYG_103-18b
195.md	291	KR2a0036_WYG_103-19a
195.md	299	KR2a0036_WYG_103-19b
195.md	307	KR2a0036_WYG_103-20a
195.md	315	KR2a0036_WYG_103-20b
195.md	323	KR2a0036_WYG_103-21a
195.md	331	KR2a0036_WYG_103-21b
195.md	339	KR2a0036_WYG_103-22a
195.md	347	KR2a0036_WYG_103-22b
195.md	355	KR2a0036_WYG_103-23a
195.md	363	KR2a0036_WYG_103-23b
195.md	371	KR2a0036_WYG_103-24a
195.md	379	KR2a0036_WYG_103-24b
195.md	387	KR2a0036_WYG_103-25a
195.md	395	KR2a0036_WYG_103-25b
195.md	403	KR2a0036_WYG_103-26a
195.md	411	KR2a0036_WYG_103-26b
195.md	419	KR2a0036_WYG_103-27a
195.md	427	KR2a0036_WYG_103-27b
195.md	435	KR2a0036_WYG_103-28a
195.md	443	KR2a0036_WYG_103-28b
195.md	451	KR2a0036_WYG_103-29a
195.md	459	KR2a0036_WYG_103-29b
196.md	3	KR2a0036_WYG_103-30a
196.md	11	KR2a0036_WYG_103-30b
197.md	3	KR2a0036_WYG_104-1a
197.md	11	KR2a0036_WYG_104-1b
197.md	19	KR2a0036_WYG_104-2a
197.md	27	KR2a0036_WYG_104-2b
197.md	35	KR2a0036_WYG_104-3a
197.md	43	KR2a0036_WYG_104-3b
197.md	51	KR2a0036_WYG_104-4a
197.md	59	KR2a0036_WYG_104-4b
197.md	67	KR2a0036_WYG_104-5a
197.md	75	KR2a0036_WYG_104-5b
197.md	83	KR2a0036_WYG_104-6a
197.md	91	KR2a0036_WYG_104-6b
197.md	99	KR2a0036_WYG_104-7a
197.md	107	KR2a0036_WYG_104-7b
197.md	115	KR2a0036_WYG_104-8a
197.md	123	KR2a0036_WYG_104-8b
197.md	131	KR2a0036_WYG_104-9a
197.md	139	KR2a0036_WYG_104-9b
197.md	147	KR2a0036_WYG_104-10a
197.md	155	KR2a0036_WYG_104-10b
197.md	163	KR2a0036_WYG_104-11a
197.md	171	KR2a0036_WYG_104-11b
197.md	179	KR2a0036_WYG_104-12a
197.md	187	KR2a0036_WYG_104-12b
197.md	195	KR2a0036_WYG_104-13a
197.md	203	KR2a0036_WYG_104-13b
197.md	211	KR2a0036_WYG_104-14a
197.md	219	KR2a0036_WYG_104-14b
197.md	227	KR2a0036_WYG_104-15a
197.md	235	KR2a0036_WYG_104-15b
197.md	243	KR2a0036_WYG_104-16a
197.md	251	KR2a0036_WYG_104-16b
197.md	259	KR2a0036_WYG_104-17a
197.md	267	KR2a0036_WYG_104-17b
197.md	275	KR2a0036_WYG_104-18a
197.md	283	KR2a0036_WYG_104-18b
197.md	291	KR2a0036_WYG_104-19a
197.md	299	KR2a0036_WYG_104-19b
197.md	307	KR2a0036_WYG_104-20a
197.md	315	KR2a0036_WYG_104-20b
197.md	323	KR2a0036_WYG_104-21a
197.md	331	KR2a0036_WYG_104-21b
197.md	339	KR2a0036_WYG_104-22a
197.md	347	KR2a0036_WYG_104-22b
197.md	355	KR2a0036_WYG_104-23a
197.md	363	KR2a0036_WYG_104-23b
197.md	371	KR2a0036_WYG_104-24a
197.md	379	KR2a0036_WYG_104-24b
197.md	387	KR2a0036_WYG_104-25a
197.md	395	KR2a0036_WYG_104-25b
197.md	403	KR2a0036_WYG_104-26a
197.md	411	KR2a0036_WYG_104-26b
197.md	419	KR2a0036_WYG_104-27a
197.md	427	KR2a0036_WYG_104-27b
198.md	3	KR2a0036_WYG_104-28a
198.md	11	KR2a0036_WYG_104-28b
199.md	3	KR2a0036_WYG_105-1a
199.md	11	KR2a0036_WYG_105-1b
199.md	19	KR2a0036_WYG_105-2a
199.md	27	KR2a0036_WYG_105-2b
199.md	35	KR2a0036_WYG_105-3a
199.md	43	KR2a0036_WYG_105-3b
199.md	51	KR2a0036_WYG_105-4a
199.md	59	KR2a0036_WYG_105-4b
199.md	67	KR2a0036_WYG_105-5a
199.md	75	KR2a0036_WYG_105-5b
199.md	83	KR2a0036_WYG_105-6a
199.md	91	KR2a0036_WYG_105-6b
199.md	99	KR2a0036_WYG_105-7a
199.md	107	KR2a0036_WYG_105-7b
199.md	115	KR2a0036_WYG_105-8a
199.md	123	KR2a0036_WYG_105-8b
199.md	131	KR2a0036_WYG_105-9a
199.md	139	KR2a0036_WYG_105-9b
199.md	147	KR2a0036_WYG_105-10a
199.md	155	KR2a0036_WYG_105-10b
199.md	163	KR2a0036_WYG_105-11a
199.md	171	KR2a0036_WYG_105-11b
199.md	179	KR2a0036_WYG_105-12a
199.md	187	KR2a0036_WYG_105-12b
199.md	195	KR2a0036_WYG_105-13a
199.md	203	KR2a0036_WYG_105-13b
199.md	211	KR2a0036_WYG_105-14a
199.md	219	KR2a0036_WYG_105-14b
199.md	227	KR2a0036_WYG_105-15a
199.md	235	KR2a0036_WYG_105-15b
199.md	243	KR2a0036_WYG_105-16a
199.md	251	KR2a0036_WYG_105-16b
199.md	259	KR2a0036_WYG_105-17a
199.md	267	KR2a0036_WYG_105-17b
199.md	275	KR2a0036_WYG_105-18a
199.md	283	KR2a0036_WYG_105-18b
199.md	291	KR2a0036_WYG_105-19a
199.md	299	KR2a0036_WYG_105-19b
199.md	307	KR2a0036_WYG_105-20a
199.md	315	KR2a0036_WYG_105-20b
199.md	323	KR2a0036_WYG_105-21a
199.md	331	KR2a0036_WYG_105-21b
199.md	339	KR2a0036_WYG_105-22a
199.md	347	KR2a0036_WYG_105-22b
199.md	355	KR2a0036_WYG_105-23a
199.md	363	KR2a0036_WYG_105-23b
199.md	371	KR2a0036_WYG_105-24a
199.md	379	KR2a0036_WYG_105-24b
199.md	387	KR2a0036_WYG_105-25a
199.md	395	KR2a0036_WYG_105-25b
199.md	403	KR2a0036_WYG_105-26a
199.md	411	KR2a0036_WYG_105-26b
199.md	419	KR2a0036_WYG_105-27a
199.md	427	KR2a0036_WYG_105-27b
199.md	435	KR2a0036_WYG_105-28a
199.md	443	KR2a0036_WYG_105-28b
199.md	451	KR2a0036_WYG_105-29a
199.md	459	KR2a0036_WYG_105-29b
199.md	467	KR2a0036_WYG_105-30a
199.md	475	KR2a0036_WYG_105-30b
199.md	483	KR2a0036_WYG_105-31a
199.md	491	KR2a0036_WYG_105-31b
199.md	499	KR2a0036_WYG_105-32a
199.md	507	KR2a0036_WYG_105-32b
199.md	515	KR2a0036_WYG_105-33a
199.md	523	KR2a0036_WYG_105-33b
199.md	531	KR2a0036_WYG_105-34a
199.md	539	KR2a0036_WYG_105-34b
199.md	547	KR2a0036_WYG_105-35a
199.md	555	KR2a0036_WYG_105-35b
200.md	3	KR2a0036_WYG_105-36a
201.md	3	KR2a0036_WYG_106-1a
201.md	11	KR2a0036_WYG_106-1b
201.md	16	KR2a0036_WYG_106-2a
201.md	17	KR2a0036_WYG_106-3a
201.md	18	KR2a0036_WYG_106-4a
201.md	19	KR2a0036_WYG_106-5a
201.md	20	KR2a0036_WYG_106-6a
201.md	28	KR2a0036_WYG_106-6b
202.md	3	KR2a0036_WYG_106-7a
202.md	11	KR2a0036_WYG_106-7b
203.md	3	KR2a0036_WYG_107-1a
203.md	11	KR2a0036_WYG_107-1b
203.md	15	KR2a0036_WYG_107-2a
203.md	16	KR2a0036_WYG_107-3a
203.md	24	KR2a0036_WYG_107-3b
203.md	32	KR2a0036_WYG_107-4a
203.md	34	KR2a0036_WYG_107-5a
203.md	35	KR2a0036_WYG_107-6a
203.md	36	KR2a0036_WYG_107-7a
203.md	44	KR2a0036_WYG_107-8a
203.md	52	KR2a0036_WYG_107-8b
203.md	61	KR2a0036_WYG_107-9a
203.md	62	KR2a0036_WYG_107-10a
203.md	70	KR2a0036_WYG_107-10b
203.md	74	KR2a0036_WYG_107-11a
203.md	82	KR2a0036_WYG_107-12a
203.md	90	KR2a0036_WYG_107-12b
203.md	98	KR2a0036_WYG_107-13a
203.md	106	KR2a0036_WYG_107-13b
203.md	114	KR2a0036_WYG_107-14a
203.md	117	KR2a0036_WYG_107-15a
203.md	118	KR2a0036_WYG_107-16a
203.md	126	KR2a0036_WYG_107-16b
203.md	129	KR2a0036_WYG_107-17a
203.md	137	KR2a0036_WYG_107-17b
203.md	145	KR2a0036_WYG_107-18a
203.md	153	KR2a0036_WYG_107-18b
204.md	3	KR2a0036_WYG_107-19a
204.md	11	KR2a0036_WYG_107-19b
204.md	19	KR2a0036_WYG_107-20a
204.md	23	KR2a0036_WYG_107-20b
205.md	3	KR2a0036_WYG_108-1a
205.md	11	KR2a0036_WYG_108-1b
205.md	14	KR2a0036_WYG_108-2a
205.md	15	KR2a0036_WYG_108-3a
205.md	16	KR2a0036_WYG_108-4a
205.md	17	KR2a0036_WYG_108-5a
205.md	18	KR2a0036_WYG_108-6a
205.md	19	KR2a0036_WYG_108-7a
205.md	20	KR2a0036_WYG_108-8a
205.md	21	KR2a0036_WYG_108-9a
205.md	22	KR2a0036_WYG_108-10a
205.md	30	KR2a0036_WYG_108-10b
206.md	3	KR2a0036_WYG_109-1a
206.md	11	KR2a0036_WYG_109-1b
206.md	14	KR2a0036_WYG_109-2a
206.md	15	KR2a0036_WYG_109-3a
206.md	16	KR2a0036_WYG_109-4a
206.md	24	KR2a0036_WYG_109-4b
207.md	3	KR2a0036_WYG_110-1a
207.md	11	KR2a0036_WYG_110-1b
207.md	19	KR2a0036_WYG_110-2a
207.md	27	KR2a0036_WYG_110-2b
207.md	35	KR2a0036_WYG_110-3a
207.md	43	KR2a0036_WYG_110-3b
207.md	51	KR2a0036_WYG_110-4a
207.md	59	KR2a0036_WYG_110-4b
207.md	67	KR2a0036_WYG_110-5a
207.md	75	KR2a0036_WYG_110-5b
207.md	83	KR2a0036_WYG_110-6a
207.md	91	KR2a0036_WYG_110-6b
207.md	99	KR2a0036_WYG_110-7a
207.md	107	KR2a0036_WYG_110-7b
207.md	115	KR2a0036_WYG_110-8a
207.md	123	KR2a0036_WYG_110-8b
207.md	131	KR2a0036_WYG_110-9a
207.md	139	KR2a0036_WYG_110-9b
207.md	147	KR2a0036_WYG_110-10a
207.md	155	KR2a0036_WYG_110-10b
208.md	3	KR2a0036_WYG_110-11a
208.md	11	KR2a0036_WYG_110-11b
208.md	19	KR2a0036_WYG_110-12a
209.md	3	KR2a0036_WYG_111-1a
209.md	11	KR2a0036_WYG_111-1b
209.md	19	KR2a0036_WYG_111-2a
209.md	27	KR2a0036_WYG_111-2b
209.md	35	KR2a0036_WYG_111-3a
209.md	43	KR2a0036_WYG_111-3b
209.md	51	KR2a0036_WYG_111-4a
209.md	59	KR2a0036_WYG_111-4b
210.md	3	KR2a0036_WYG_111-5a
210.md	6	KR2a0036_WYG_111-5b
211.md	3	KR2a0036_WYG_112-1a
211.md	11	KR2a0036_WYG_112-34b
212.md	3	KR2a0036_WYG_112-35a
212.md	6	KR2a0036_WYG_112-35b
213.md	3	KR2a0036_WYG_113-1a
213.md	9	KR2a0036_WYG_113-20b
214.md	3	KR2a0036_WYG_113-21a
214.md	7	KR2a0036_WYG_113-21b
215.md	3	KR2a0036_WYG_114-1a
215.md	11	KR2a0036_WYG_114-1b
215.md	19	KR2a0036_WYG_114-2a
215.md	27	KR2a0036_WYG_114-2b
215.md	35	KR2a0036_WYG_114-3a
215.md	43	KR2a0036_WYG_114-3b
215.md	51	KR2a0036_WYG_114-4a
215.md	59	KR2a0036_WYG_114-4b
215.md	67	KR2a0036_WYG_114-5a
215.md	75	KR2a0036_WYG_114-5b
215.md	83	KR2a0036_WYG_114-6a
215.md	91	KR2a0036_WYG_114-6b
215.md	99	KR2a0036_WYG_114-7a
215.md	107	KR2a0036_WYG_114-7b
215.md	115	KR2a0036_WYG_114-8a
215.md	123	KR2a0036_WYG_114-8b
215.md	131	KR2a0036_WYG_114-9a
215.md	139	KR2a0036_WYG_114-9b
215.md	147	KR2a0036_WYG_114-10a
215.md	155	KR2a0036_WYG_114-10b
215.md	163	KR2a0036_WYG_114-11a
215.md	171	KR2a0036_WYG_114-11b
215.md	179	KR2a0036_WYG_114-12a
215.md	187	KR2a0036_WYG_114-12b
215.md	195	KR2a0036_WYG_114-13a
215.md	203	KR2a0036_WYG_114-13b
215.md	211	KR2a0036_WYG_114-14a
215.md	219	KR2a0036_WYG_114-14b
215.md	227	KR2a0036_WYG_114-15a
215.md	235	KR2a0036_WYG_114-15b
216.md	3	KR2a0036_WYG_114-16a
216.md	11	KR2a0036_WYG_114-16b
216.md	19	KR2a0036_WYG_114-17a
216.md	27	KR2a0036_WYG_114-17b
216.md	35	KR2a0036_WYG_114-18a
216.md	43	KR2a0036_WYG_114-18b
217.md	3	KR2a0036_WYG_115-1a
217.md	11	KR2a0036_WYG_115-1b
217.md	19	KR2a0036_WYG_115-2a
217.md	27	KR2a0036_WYG_115-2b
217.md	35	KR2a0036_WYG_115-3a
217.md	43	KR2a0036_WYG_115-3b
217.md	51	KR2a0036_WYG_115-4a
217.md	59	KR2a0036_WYG_115-4b
217.md	67	KR2a0036_WYG_115-5a
217.md	75	KR2a0036_WYG_115-5b
217.md	83	KR2a0036_WYG_115-6a
217.md	91	KR2a0036_WYG_115-6b
217.md	99	KR2a0036_WYG_115-7a
217.md	107	KR2a0036_WYG_115-7b
217.md	115	KR2a0036_WYG_115-8a
217.md	123	KR2a0036_WYG_115-8b
217.md	131	KR2a0036_WYG_115-9a
217.md	139	KR2a0036_WYG_115-9b
217.md	147	KR2a0036_WYG_115-10a
217.md	155	KR2a0036_WYG_115-10b
217.md	163	KR2a0036_WYG_115-11a
217.md	171	KR2a0036_WYG_115-11b
217.md	179	KR2a0036_WYG_115-12a
217.md	187	KR2a0036_WYG_115-12b
217.md	195	KR2a0036_WYG_115-13a
217.md	203	KR2a0036_WYG_115-13b
217.md	211	KR2a0036_WYG_115-14a
217.md	219	KR2a0036_WYG_115-14b
217.md	227	KR2a0036_WYG_115-15a
217.md	235	KR2a0036_WYG_115-15b
218.md	3	KR2a0036_WYG_115-16a
218.md	7	KR2a0036_WYG_115-16b
219.md	3	KR2a0036_WYG_116-1a
219.md	11	KR2a0036_WYG_116-1b
219.md	19	KR2a0036_WYG_116-2a
219.md	27	KR2a0036_WYG_116-2b
219.md	35	KR2a0036_WYG_116-3a
219.md	43	KR2a0036_WYG_116-3b
219.md	51	KR2a0036_WYG_116-4a
219.md	59	KR2a0036_WYG_116-4b
219.md	67	KR2a0036_WYG_116-5a
219.md	75	KR2a0036_WYG_116-5b
219.md	83	KR2a0036_WYG_116-6a
219.md	91	KR2a0036_WYG_116-6b
219.md	99	KR2a0036_WYG_116-7a
219.md	107	KR2a0036_WYG_116-7b
219.md	115	KR2a0036_WYG_116-8a
219.md	123	KR2a0036_WYG_116-8b
220.md	3	KR2a0036_WYG_116-9a
220.md	8	KR2a0036_WYG_116-9b
221.md	3	KR2a0036_WYG_117-1a
221.md	11	KR2a0036_WYG_117-1b
221.md	19	KR2a0036_WYG_117-2a
221.md	27	KR2a0036_WYG_117-2b
221.md	35	KR2a0036_WYG_117-3a
221.md	43	KR2a0036_WYG_117-3b
221.md	51	KR2a0036_WYG_117-4a
221.md	59	KR2a0036_WYG_117-4b
221.md	67	KR2a0036_WYG_117-5a
221.md	75	KR2a0036_WYG_117-5b
221.md	83	KR2a0036_WYG_117-6a
221.md	91	KR2a0036_WYG_117-6b
221.md	99	KR2a0036_WYG_117-7a
221.md	107	KR2a0036_WYG_117-7b
221.md	115	KR2a0036_WYG_117-8a
221.md	123	KR2a0036_WYG_117-8b
221.md	131	KR2a0036_WYG_117-9a
221.md	139	KR2a0036_WYG_117-9b
221.md	147	KR2a0036_WYG_117-10a
221.md	155	KR2a0036_WYG_117-10b
221.md	163	KR2a0036_WYG_117-11a
221.md	171	KR2a0036_WYG_117-11b
222.md	3	KR2a0036_WYG_117-12a
222.md	11	KR2a0036_WYG_117-12b
223.md	3	KR2a0036_WYG_118-1a
223.md	11	KR2a0036_WYG_118-1b
223.md	19	KR2a0036_WYG_118-2a
223.md	27	KR2a0036_WYG_118-2b
223.md	35	KR2a0036_WYG_118-3a
223.md	43	KR2a0036_WYG_118-3b
223.md	51	KR2a0036_WYG_118-4a
223.md	59	KR2a0036_WYG_118-4b
223.md	67	KR2a0036_WYG_118-5a
223.md	75	KR2a0036_WYG_118-5b
223.md	83	KR2a0036_WYG_118-6a
223.md	91	KR2a0036_WYG_118-6b
223.md	99	KR2a0036_WYG_118-7a
223.md	107	KR2a0036_WYG_118-7b
223.md	115	KR2a0036_WYG_118-8a
223.md	123	KR2a0036_WYG_118-8b
223.md	131	KR2a0036_WYG_118-9a
223.md	139	KR2a0036_WYG_118-9b
223.md	147	KR2a0036_WYG_118-10a
223.md	155	KR2a0036_WYG_118-10b
223.md	163	KR2a0036_WYG_118-11a
223.md	171	KR2a0036_WYG_118-11b
223.md	179	KR2a0036_WYG_118-12a
223.md	187	KR2a0036_WYG_118-12b
223.md	195	KR2a0036_WYG_118-13a
223.md	203	KR2a0036_WYG_118-13b
223.md	211	KR2a0036_WYG_118-14a
223.md	219	KR2a0036_WYG_118-14b
223.md	227	KR2a0036_WYG_118-15a
223.md	235	KR2a0036_WYG_118-15b
223.md	243	KR2a0036_WYG_118-16a
223.md	251	KR2a0036_WYG_118-16b
224.md	3	KR2a0036_WYG_118-17a
224.md	11	KR2a0036_WYG_118-17b
224.md	19	KR2a0036_WYG_118-18a
224.md	27	KR2a0036_WYG_118-18b
224.md	35	KR2a0036_WYG_118-19a
224.md	42	KR2a0036_WYG_118-19b
225.md	3	KR2a0036_WYG_119-1a
225.md	11	KR2a0036_WYG_119-1b
225.md	19	KR2a0036_WYG_119-2a
225.md	27	KR2a0036_WYG_119-2b
225.md	35	KR2a0036_WYG_119-3a
225.md	43	KR2a0036_WYG_119-3b
225.md	51	KR2a0036_WYG_119-4a
225.md	59	KR2a0036_WYG_119-4b
225.md	67	KR2a0036_WYG_119-5a
225.md	75	KR2a0036_WYG_119-5b
225.md	83	KR2a0036_WYG_119-6a
225.md	91	KR2a0036_WYG_119-6b
225.md	99	KR2a0036_WYG_119-7a
225.md	107	KR2a0036_WYG_119-7b
225.md	115	KR2a0036_WYG_119-8a
225.md	123	KR2a0036_WYG_119-8b
225.md	131	KR2a0036_WYG_119-9a
225.md	139	KR2a0036_WYG_119-9b
225.md	147	KR2a0036_WYG_119-10a
225.md	155	KR2a0036_WYG_119-10b
225.md	163	KR2a0036_WYG_119-11a
225.md	171	KR2a0036_WYG_119-11b
225.md	179	KR2a0036_WYG_119-12a
225.md	187	KR2a0036_WYG_119-12b
225.md	195	KR2a0036_WYG_119-13a
225.md	203	KR2a0036_WYG_119-13b
225.md	211	KR2a0036_WYG_119-14a
225.md	219	KR2a0036_WYG_119-14b
225.md	227	KR2a0036_WYG_119-15a
225.md	235	KR2a0036_WYG_119-15b
225.md	243	KR2a0036_WYG_119-16a
225.md	251	KR2a0036_WYG_119-16b
225.md	259	KR2a0036_WYG_119-17a
225.md	267	KR2a0036_WYG_119-17b
225.md	275	KR2a0036_WYG_119-18a
225.md	283	KR2a0036_WYG_119-18b
225.md	291	KR2a0036_WYG_119-19a
225.md	299	KR2a0036_WYG_119-19b
225.md	307	KR2a0036_WYG_119-20a
225.md	315	KR2a0036_WYG_119-20b
225.md	323	KR2a0036_WYG_119-21a
225.md	331	KR2a0036_WYG_119-21b
225.md	339	KR2a0036_WYG_119-22a
225.md	347	KR2a0036_WYG_119-22b
225.md	355	KR2a0036_WYG_119-23a
225.md	363	KR2a0036_WYG_119-23b
225.md	371	KR2a0036_WYG_119-24a
225.md	379	KR2a0036_WYG_119-24b
225.md	387	KR2a0036_WYG_119-25a
225.md	395	KR2a0036_WYG_119-25b
225.md	403	KR2a0036_WYG_119-26a
225.md	411	KR2a0036_WYG_119-26b
225.md	419	KR2a0036_WYG_119-27a
225.md	427	KR2a0036_WYG_119-27b
225.md	435	KR2a0036_WYG_119-28a
225.md	443	KR2a0036_WYG_119-28b
225.md	451	KR2a0036_WYG_119-29a
225.md	459	KR2a0036_WYG_119-29b
225.md	467	KR2a0036_WYG_119-30a
225.md	475	KR2a0036_WYG_119-30b
225.md	483	KR2a0036_WYG_119-31a
225.md	491	KR2a0036_WYG_119-31b
225.md	499	KR2a0036_WYG_119-32a
225.md	507	KR2a0036_WYG_119-32b
226.md	3	KR2a0036_WYG_119-33a
226.md	11	KR2a0036_WYG_119-33b
227.md	3	KR2a0036_WYG_120-1a
227.md	11	KR2a0036_WYG_120-1b
227.md	19	KR2a0036_WYG_120-2a
227.md	27	KR2a0036_WYG_120-2b
227.md	35	KR2a0036_WYG_120-3a
227.md	43	KR2a0036_WYG_120-3b
227.md	51	KR2a0036_WYG_120-4a
227.md	59	KR2a0036_WYG_120-4b
227.md	67	KR2a0036_WYG_120-5a
227.md	75	KR2a0036_WYG_120-5b
227.md	83	KR2a0036_WYG_120-6a
227.md	91	KR2a0036_WYG_120-6b
227.md	99	KR2a0036_WYG_120-7a
227.md	107	KR2a0036_WYG_120-7b
227.md	115	KR2a0036_WYG_120-8a
227.md	123	KR2a0036_WYG_120-8b
227.md	131	KR2a0036_WYG_120-9a
227.md	139	KR2a0036_WYG_120-9b
227.md	147	KR2a0036_WYG_120-10a
227.md	155	KR2a0036_WYG_120-10b
227.md	163	KR2a0036_WYG_120-11a
227.md	171	KR2a0036_WYG_120-11b
227.md	179	KR2a0036_WYG_120-12a
227.md	187	KR2a0036_WYG_120-12b
227.md	195	KR2a0036_WYG_120-13a
227.md	203	KR2a0036_WYG_120-13b
227.md	211	KR2a0036_WYG_120-14a
227.md	219	KR2a0036_WYG_120-14b
227.md	227	KR2a0036_WYG_120-15a
227.md	235	KR2a0036_WYG_120-15b
227.md	243	KR2a0036_WYG_120-16a
227.md	251	KR2a0036_WYG_120-16b
227.md	259	KR2a0036_WYG_120-17a
227.md	267	KR2a0036_WYG_120-17b
227.md	275	KR2a0036_WYG_120-18a
227.md	283	KR2a0036_WYG_120-18b
227.md	291	KR2a0036_WYG_120-19a
227.md	299	KR2a0036_WYG_120-19b
227.md	307	KR2a0036_WYG_120-20a
227.md	315	KR2a0036_WYG_120-20b
228.md	3	KR2a0036_WYG_120-21a
228.md	11	KR2a0036_WYG_120-21b
228.md	19	KR2a0036_WYG_120-22a
228.md	27	KR2a0036_WYG_120-22b
229.md	3	KR2a0036_WYG_121-1a
229.md	11	KR2a0036_WYG_121-1b
229.md	19	KR2a0036_WYG_121-2a
229.md	27	KR2a0036_WYG_121-2b
229.md	35	KR2a0036_WYG_121-3a
229.md	43	KR2a0036_WYG_121-3b
229.md	51	KR2a0036_WYG_121-4a
229.md	59	KR2a0036_WYG_121-4b
229.md	67	KR2a0036_WYG_121-5a
229.md	75	KR2a0036_WYG_121-5b
229.md	83	KR2a0036_WYG_121-6a
229.md	91	KR2a0036_WYG_121-6b
229.md	99	KR2a0036_WYG_121-7a
229.md	107	KR2a0036_WYG_121-7b
229.md	115	KR2a0036_WYG_121-8a
229.md	123	KR2a0036_WYG_121-8b
229.md	131	KR2a0036_WYG_121-9a
229.md	139	KR2a0036_WYG_121-9b
229.md	147	KR2a0036_WYG_121-10a
229.md	155	KR2a0036_WYG_121-10b
229.md	163	KR2a0036_WYG_121-11a
229.md	171	KR2a0036_WYG_121-11b
229.md	179	KR2a0036_WYG_121-12a
229.md	187	KR2a0036_WYG_121-12b
229.md	195	KR2a0036_WYG_121-13a
229.md	203	KR2a0036_WYG_121-13b
229.md	211	KR2a0036_WYG_121-14a
229.md	219	KR2a0036_WYG_121-14b
229.md	227	KR2a0036_WYG_121-15a
229.md	235	KR2a0036_WYG_121-15b
229.md	243	KR2a0036_WYG_121-16a
229.md	251	KR2a0036_WYG_121-16b
229.md	259	KR2a0036_WYG_121-17a
229.md	267	KR2a0036_WYG_121-17b
229.md	275	KR2a0036_WYG_121-18a
229.md	283	KR2a0036_WYG_121-18b
229.md	291	KR2a0036_WYG_121-19a
229.md	299	KR2a0036_WYG_121-19b
229.md	307	KR2a0036_WYG_121-20a
229.md	315	KR2a0036_WYG_121-20b
229.md	323	KR2a0036_WYG_121-21a
229.md	331	KR2a0036_WYG_121-21b
229.md	339	KR2a0036_WYG_121-22a
229.md	347	KR2a0036_WYG_121-22b
229.md	355	KR2a0036_WYG_121-23a
229.md	363	KR2a0036_WYG_121-23b
229.md	371	KR2a0036_WYG_121-24a
229.md	379	KR2a0036_WYG_121-24b
229.md	387	KR2a0036_WYG_121-25a
229.md	395	KR2a0036_WYG_121-25b
229.md	403	KR2a0036_WYG_121-26a
229.md	411	KR2a0036_WYG_121-26b
229.md	419	KR2a0036_WYG_121-27a
229.md	427	KR2a0036_WYG_121-27b
230.md	3	KR2a0036_WYG_121-28a
230.md	11	KR2a0036_WYG_121-28b
230.md	19	KR2a0036_WYG_121-29a
230.md	27	KR2a0036_WYG_121-29b
230.md	35	KR2a0036_WYG_121-30a
230.md	41	KR2a0036_WYG_121-30b
231.md	3	KR2a0036_WYG_122-1a
231.md	11	KR2a0036_WYG_122-1b
231.md	19	KR2a0036_WYG_122-2a
231.md	27	KR2a0036_WYG_122-2b
231.md	35	KR2a0036_WYG_122-3a
231.md	43	KR2a0036_WYG_122-3b
231.md	51	KR2a0036_WYG_122-4a
231.md	59	KR2a0036_WYG_122-4b
231.md	67	KR2a0036_WYG_122-5a
231.md	75	KR2a0036_WYG_122-5b
231.md	83	KR2a0036_WYG_122-6a
231.md	91	KR2a0036_WYG_122-6b
231.md	99	KR2a0036_WYG_122-7a
231.md	107	KR2a0036_WYG_122-7b
231.md	115	KR2a0036_WYG_122-8a
231.md	123	KR2a0036_WYG_122-8b
231.md	131	KR2a0036_WYG_122-9a
231.md	139	KR2a0036_WYG_122-9b
231.md	147	KR2a0036_WYG_122-10a
231.md	155	KR2a0036_WYG_122-10b
231.md	163	KR2a0036_WYG_122-11a
231.md	171	KR2a0036_WYG_122-11b
231.md	179	KR2a0036_WYG_122-12a
231.md	187	KR2a0036_WYG_122-12b
231.md	195	KR2a0036_WYG_122-13a
231.md	203	KR2a0036_WYG_122-13b
231.md	211	KR2a0036_WYG_122-14a
231.md	219	KR2a0036_WYG_122-14b
231.md	227	KR2a0036_WYG_122-15a
231.md	235	KR2a0036_WYG_122-15b
231.md	243	KR2a0036_WYG_122-16a
231.md	251	KR2a0036_WYG_122-16b
231.md	259	KR2a0036_WYG_122-17a
231.md	267	KR2a0036_WYG_122-17b
231.md	275	KR2a0036_WYG_122-18a
231.md	283	KR2a0036_WYG_122-18b
231.md	291	KR2a0036_WYG_122-19a
231.md	299	KR2a0036_WYG_122-19b
231.md	307	KR2a0036_WYG_122-20a
231.md	315	KR2a0036_WYG_122-20b
232.md	3	KR2a0036_WYG_122-21a
232.md	11	KR2a0036_WYG_122-21b
232.md	19	KR2a0036_WYG_122-22a
232.md	27	KR2a0036_WYG_122-22b
232.md	35	KR2a0036_WYG_122-23a
232.md	38	KR2a0036_WYG_122-23b
233.md	3	KR2a0036_WYG_123-1a
233.md	11	KR2a0036_WYG_123-1b
233.md	19	KR2a0036_WYG_123-2a
233.md	27	KR2a0036_WYG_123-2b
233.md	35	KR2a0036_WYG_123-3a
233.md	43	KR2a0036_WYG_123-3b
233.md	51	KR2a0036_WYG_123-4a
233.md	59	KR2a0036_WYG_123-4b
233.md	67	KR2a0036_WYG_123-5a
233.md	75	KR2a0036_WYG_123-5b
233.md	83	KR2a0036_WYG_123-6a
233.md	91	KR2a0036_WYG_123-6b
233.md	99	KR2a0036_WYG_123-7a
233.md	107	KR2a0036_WYG_123-7b
233.md	115	KR2a0036_WYG_123-8a
233.md	123	KR2a0036_WYG_123-8b
233.md	131	KR2a0036_WYG_123-9a
233.md	139	KR2a0036_WYG_123-9b
233.md	147	KR2a0036_WYG_123-10a
233.md	155	KR2a0036_WYG_123-10b
233.md	163	KR2a0036_WYG_123-11a
233.md	171	KR2a0036_WYG_123-11b
233.md	179	KR2a0036_WYG_123-12a
233.md	187	KR2a0036_WYG_123-12b
233.md	195	KR2a0036_WYG_123-13a
233.md	203	KR2a0036_WYG_123-13b
233.md	211	KR2a0036_WYG_123-14a
233.md	219	KR2a0036_WYG_123-14b
233.md	227	KR2a0036_WYG_123-15a
233.md	235	KR2a0036_WYG_123-15b
233.md	243	KR2a0036_WYG_123-16a
233.md	251	KR2a0036_WYG_123-16b
233.md	259	KR2a0036_WYG_123-17a
233.md	267	KR2a0036_WYG_123-17b
233.md	275	KR2a0036_WYG_123-18a
233.md	283	KR2a0036_WYG_123-18b
233.md	291	KR2a0036_WYG_123-19a
233.md	299	KR2a0036_WYG_123-19b
233.md	307	KR2a0036_WYG_123-20a
233.md	315	KR2a0036_WYG_123-20b
233.md	323	KR2a0036_WYG_123-21a
233.md	331	KR2a0036_WYG_123-21b
233.md	339	KR2a0036_WYG_123-22a
233.md	347	KR2a0036_WYG_123-22b
233.md	355	KR2a0036_WYG_123-23a
233.md	363	KR2a0036_WYG_123-23b
233.md	371	KR2a0036_WYG_123-24a
233.md	379	KR2a0036_WYG_123-24b
234.md	3	KR2a0036_WYG_123-25a
234.md	11	KR2a0036_WYG_123-25b
235.md	3	KR2a0036_WYG_124-1a
235.md	11	KR2a0036_WYG_124-1b
235.md	19	KR2a0036_WYG_124-2a
235.md	27	KR2a0036_WYG_124-2b
235.md	35	KR2a0036_WYG_124-3a
235.md	43	KR2a0036_WYG_124-3b
235.md	51	KR2a0036_WYG_124-4a
235.md	59	KR2a0036_WYG_124-4b
235.md	67	KR2a0036_WYG_124-5a
235.md	75	KR2a0036_WYG_124-5b
235.md	83	KR2a0036_WYG_124-6a
235.md	91	KR2a0036_WYG_124-6b
235.md	99	KR2a0036_WYG_124-7a
235.md	107	KR2a0036_WYG_124-7b
235.md	115	KR2a0036_WYG_124-8a
235.md	123	KR2a0036_WYG_124-8b
235.md	131	KR2a0036_WYG_124-9a
235.md	139	KR2a0036_WYG_124-9b
235.md	147	KR2a0036_WYG_124-10a
235.md	155	KR2a0036_WYG_124-10b
235.md	163	KR2a0036_WYG_124-11a
235.md	171	KR2a0036_WYG_124-11b
235.md	179	KR2a0036_WYG_124-12a
235.md	187	KR2a0036_WYG_124-12b
235.md	195	KR2a0036_WYG_124-13a
235.md	203	KR2a0036_WYG_124-13b
235.md	211	KR2a0036_WYG_124-14a
235.md	219	KR2a0036_WYG_124-14b
235.md	227	KR2a0036_WYG_124-15a
235.md	235	KR2a0036_WYG_124-15b
235.md	243	KR2a0036_WYG_124-16a
235.md	251	KR2a0036_WYG_124-16b
235.md	259	KR2a0036_WYG_124-17a
235.md	267	KR2a0036_WYG_124-17b
235.md	275	KR2a0036_WYG_124-18a
235.md	283	KR2a0036_WYG_124-18b
235.md	291	KR2a0036_WYG_124-19a
235.md	299	KR2a0036_WYG_124-19b
235.md	307	KR2a0036_WYG_124-20a
235.md	315	KR2a0036_WYG_124-20b
236.md	3	KR2a0036_WYG_124-21a
236.md	11	KR2a0036_WYG_124-21b
236.md	19	KR2a0036_WYG_124-22a
236.md	27	KR2a0036_WYG_124-22b
236.md	35	KR2a0036_WYG_124-23a
236.md	36	KR2a0036_WYG_124-23b
237.md	3	KR2a0036_WYG_125-1a
237.md	11	KR2a0036_WYG_125-1b
237.md	19	KR2a0036_WYG_125-2a
237.md	27	KR2a0036_WYG_125-2b
237.md	35	KR2a0036_WYG_125-3a
237.md	43	KR2a0036_WYG_125-3b
237.md	51	KR2a0036_WYG_125-4a
237.md	59	KR2a0036_WYG_125-4b
237.md	67	KR2a0036_WYG_125-5a
237.md	75	KR2a0036_WYG_125-5b
237.md	83	KR2a0036_WYG_125-6a
237.md	91	KR2a0036_WYG_125-6b
237.md	99	KR2a0036_WYG_125-7a
237.md	107	KR2a0036_WYG_125-7b
237.md	115	KR2a0036_WYG_125-8a
237.md	123	KR2a0036_WYG_125-8b
237.md	131	KR2a0036_WYG_125-9a
237.md	139	KR2a0036_WYG_125-9b
237.md	147	KR2a0036_WYG_125-10a
237.md	155	KR2a0036_WYG_125-10b
237.md	163	KR2a0036_WYG_125-11a
237.md	171	KR2a0036_WYG_125-11b
237.md	179	KR2a0036_WYG_125-12a
237.md	187	KR2a0036_WYG_125-12b
237.md	195	KR2a0036_WYG_125-13a
237.md	203	KR2a0036_WYG_125-13b
237.md	211	KR2a0036_WYG_125-14a
237.md	219	KR2a0036_WYG_125-14b
237.md	227	KR2a0036_WYG_125-15a
237.md	235	KR2a0036_WYG_125-15b
237.md	243	KR2a0036_WYG_125-16a
237.md	251	KR2a0036_WYG_125-16b
237.md	259	KR2a0036_WYG_125-17a
237.md	267	KR2a0036_WYG_125-17b
237.md	275	KR2a0036_WYG_125-18a
237.md	283	KR2a0036_WYG_125-18b
237.md	291	KR2a0036_WYG_125-19a
237.md	299	KR2a0036_WYG_125-19b
237.md	307	KR2a0036_WYG_125-20a
237.md	315	KR2a0036_WYG_125-20b
237.md	323	KR2a0036_WYG_125-21a
237.md	331	KR2a0036_WYG_125-21b
238.md	3	KR2a0036_WYG_125-22a
238.md	10	KR2a0036_WYG_125-22b
239.md	3	KR2a0036_WYG_126-1a
239.md	11	KR2a0036_WYG_126-1b
239.md	19	KR2a0036_WYG_126-2a
239.md	27	KR2a0036_WYG_126-2b
239.md	35	KR2a0036_WYG_126-3a
239.md	43	KR2a0036_WYG_126-3b
239.md	51	KR2a0036_WYG_126-4a
239.md	59	KR2a0036_WYG_126-4b
239.md	67	KR2a0036_WYG_126-5a
239.md	75	KR2a0036_WYG_126-5b
239.md	83	KR2a0036_WYG_126-6a
239.md	91	KR2a0036_WYG_126-6b
239.md	99	KR2a0036_WYG_126-7a
239.md	107	KR2a0036_WYG_126-7b
239.md	115	KR2a0036_WYG_126-8a
239.md	123	KR2a0036_WYG_126-8b
239.md	131	KR2a0036_WYG_126-9a
239.md	139	KR2a0036_WYG_126-9b
239.md	147	KR2a0036_WYG_126-10a
239.md	155	KR2a0036_WYG_126-10b
239.md	163	KR2a0036_WYG_126-11a
239.md	171	KR2a0036_WYG_126-11b
239.md	179	KR2a0036_WYG_126-12a
239.md	187	KR2a0036_WYG_126-12b
239.md	195	KR2a0036_WYG_126-13a
239.md	203	KR2a0036_WYG_126-13b
239.md	211	KR2a0036_WYG_126-14a
239.md	219	KR2a0036_WYG_126-14b
239.md	227	KR2a0036_WYG_126-15a
239.md	235	KR2a0036_WYG_126-15b
239.md	243	KR2a0036_WYG_126-16a
239.md	251	KR2a0036_WYG_126-16b
239.md	259	KR2a0036_WYG_126-17a
239.md	267	KR2a0036_WYG_126-17b
239.md	275	KR2a0036_WYG_126-18a
239.md	283	KR2a0036_WYG_126-18b
239.md	291	KR2a0036_WYG_126-19a
239.md	299	KR2a0036_WYG_126-19b
239.md	307	KR2a0036_WYG_126-20a
239.md	315	KR2a0036_WYG_126-20b
239.md	323	KR2a0036_WYG_126-21a
239.md	331	KR2a0036_WYG_126-21b
239.md	339	KR2a0036_WYG_126-22a
239.md	347	KR2a0036_WYG_126-22b
240.md	3	KR2a0036_WYG_127-1a
240.md	11	KR2a0036_WYG_127-1b
240.md	19	KR2a0036_WYG_127-2a
240.md	27	KR2a0036_WYG_127-2b
240.md	35	KR2a0036_WYG_127-3a
240.md	43	KR2a0036_WYG_127-3b
240.md	51	KR2a0036_WYG_127-4a
240.md	59	KR2a0036_WYG_127-4b
240.md	67	KR2a0036_WYG_127-5a
240.md	75	KR2a0036_WYG_127-5b
240.md	83	KR2a0036_WYG_127-6a
240.md	91	KR2a0036_WYG_127-6b
240.md	99	KR2a0036_WYG_127-7a
240.md	107	KR2a0036_WYG_127-7b
240.md	115	KR2a0036_WYG_127-8a
240.md	123	KR2a0036_WYG_127-8b
240.md	131	KR2a0036_WYG_127-9a
240.md	139	KR2a0036_WYG_127-9b
240.md	147	KR2a0036_WYG_127-10a
240.md	155	KR2a0036_WYG_127-10b
240.md	163	KR2a0036_WYG_127-11a
240.md	171	KR2a0036_WYG_127-11b
240.md	179	KR2a0036_WYG_127-12a
240.md	187	KR2a0036_WYG_127-12b
240.md	195	KR2a0036_WYG_127-13a
240.md	203	KR2a0036_WYG_127-13b
240.md	211	KR2a0036_WYG_127-14a
240.md	219	KR2a0036_WYG_127-14b
240.md	227	KR2a0036_WYG_127-15a
240.md	235	KR2a0036_WYG_127-15b
240.md	243	KR2a0036_WYG_127-16a
240.md	251	KR2a0036_WYG_127-16b
240.md	259	KR2a0036_WYG_127-17a
240.md	267	KR2a0036_WYG_127-17b
240.md	275	KR2a0036_WYG_127-18a
240.md	283	KR2a0036_WYG_127-18b
240.md	291	KR2a0036_WYG_127-19a
240.md	299	KR2a0036_WYG_127-19b
240.md	307	KR2a0036_WYG_127-20a
240.md	315	KR2a0036_WYG_127-20b
240.md	323	KR2a0036_WYG_127-21a
240.md	331	KR2a0036_WYG_127-21b
240.md	339	KR2a0036_WYG_127-22a
240.md	347	KR2a0036_WYG_127-22b
240.md	355	KR2a0036_WYG_127-23a
240.md	363	KR2a0036_WYG_127-23b
240.md	371	KR2a0036_WYG_127-24a
240.md	379	KR2a0036_WYG_127-24b
241.md	3	KR2a0036_WYG_127-25a
241.md	11	KR2a0036_WYG_127-25b
241.md	19	KR2a0036_WYG_127-26a
241.md	20	KR2a0036_WYG_127-26b
242.md	3	KR2a0036_WYG_128-1a
242.md	11	KR2a0036_WYG_128-1b
242.md	19	KR2a0036_WYG_128-2a
242.md	27	KR2a0036_WYG_128-2b
242.md	35	KR2a0036_WYG_128-3a
242.md	43	KR2a0036_WYG_128-3b
242.md	51	KR2a0036_WYG_128-4a
242.md	59	KR2a0036_WYG_128-4b
242.md	67	KR2a0036_WYG_128-5a
242.md	75	KR2a0036_WYG_128-5b
242.md	83	KR2a0036_WYG_128-6a
242.md	91	KR2a0036_WYG_128-6b
242.md	99	KR2a0036_WYG_128-7a
242.md	107	KR2a0036_WYG_128-7b
242.md	115	KR2a0036_WYG_128-8a
242.md	123	KR2a0036_WYG_128-8b
242.md	131	KR2a0036_WYG_128-9a
242.md	139	KR2a0036_WYG_128-9b
242.md	147	KR2a0036_WYG_128-10a
242.md	155	KR2a0036_WYG_128-10b
242.md	163	KR2a0036_WYG_128-11a
242.md	171	KR2a0036_WYG_128-11b
242.md	179	KR2a0036_WYG_128-12a
242.md	187	KR2a0036_WYG_128-12b
242.md	195	KR2a0036_WYG_128-13a
242.md	203	KR2a0036_WYG_128-13b
242.md	211	KR2a0036_WYG_128-14a
242.md	219	KR2a0036_WYG_128-14b
242.md	227	KR2a0036_WYG_128-15a
242.md	235	KR2a0036_WYG_128-15b
242.md	243	KR2a0036_WYG_128-16a
242.md	251	KR2a0036_WYG_128-16b
242.md	259	KR2a0036_WYG_128-17a
242.md	267	KR2a0036_WYG_128-17b
242.md	275	KR2a0036_WYG_128-18a
242.md	283	KR2a0036_WYG_128-18b
242.md	291	KR2a0036_WYG_128-19a
242.md	299	KR2a0036_WYG_128-19b
242.md	307	KR2a0036_WYG_128-20a
242.md	315	KR2a0036_WYG_128-20b
242.md	323	KR2a0036_WYG_128-21a
242.md	331	KR2a0036_WYG_128-21b
242.md	339	KR2a0036_WYG_128-22a
242.md	347	KR2a0036_WYG_128-22b
242.md	355	KR2a0036_WYG_128-23a
242.md	363	KR2a0036_WYG_128-23b
242.md	371	KR2a0036_WYG_128-24a
242.md	379	KR2a0036_WYG_128-24b
242.md	387	KR2a0036_WYG_128-25a
242.md	395	KR2a0036_WYG_128-25b
242.md	403	KR2a0036_WYG_128-26a
242.md	411	KR2a0036_WYG_128-26b
243.md	3	KR2a0036_WYG_128-27a
243.md	11	KR2a0036_WYG_128-27b
243.md	19	KR2a0036_WYG_128-28a
243.md	27	KR2a0036_WYG_128-28b
244.md	3	KR2a0036_WYG_129-1a
244.md	11	KR2a0036_WYG_129-1b
244.md	19	KR2a0036_WYG_129-2a
244.md	27	KR2a0036_WYG_129-2b
244.md	35	KR2a0036_WYG_129-3a
244.md	43	KR2a0036_WYG_129-3b
244.md	51	KR2a0036_WYG_129-4a
244.md	59	KR2a0036_WYG_129-4b
244.md	67	KR2a0036_WYG_129-5a
244.md	75	KR2a0036_WYG_129-5b
244.md	83	KR2a0036_WYG_129-6a
244.md	91	KR2a0036_WYG_129-6b
244.md	99	KR2a0036_WYG_129-7a
244.md	107	KR2a0036_WYG_129-7b
244.md	115	KR2a0036_WYG_129-8a
244.md	123	KR2a0036_WYG_129-8b
244.md	131	KR2a0036_WYG_129-9a
244.md	139	KR2a0036_WYG_129-9b
244.md	147	KR2a0036_WYG_129-10a
244.md	155	KR2a0036_WYG_129-10b
244.md	163	KR2a0036_WYG_129-11a
244.md	171	KR2a0036_WYG_129-11b
244.md	179	KR2a0036_WYG_129-12a
244.md	187	KR2a0036_WYG_129-12b
244.md	195	KR2a0036_WYG_129-13a
244.md	203	KR2a0036_WYG_129-13b
244.md	211	KR2a0036_WYG_129-14a
244.md	219	KR2a0036_WYG_129-14b
244.md	227	KR2a0036_WYG_129-15a
244.md	235	KR2a0036_WYG_129-15b
244.md	243	KR2a0036_WYG_129-16a
244.md	251	KR2a0036_WYG_129-16b
244.md	259	KR2a0036_WYG_129-17a
244.md	267	KR2a0036_WYG_129-17b
244.md	275	KR2a0036_WYG_129-18a
244.md	283	KR2a0036_WYG_129-18b
244.md	291	KR2a0036_WYG_129-19a
244.md	299	KR2a0036_WYG_129-19b
244.md	307	KR2a0036_WYG_129-20a
244.md	315	KR2a0036_WYG_129-20b
244.md	323	KR2a0036_WYG_129-21a
244.md	331	KR2a0036_WYG_129-21b
244.md	339	KR2a0036_WYG_129-22a
244.md	347	KR2a0036_WYG_129-22b
244.md	355	KR2a0036_WYG_129-23a
244.md	363	KR2a0036_WYG_129-23b
244.md	371	KR2a0036_WYG_129-24a
244.md	379	KR2a0036_WYG_129-24b
244.md	387	KR2a0036_WYG_129-25a
244.md	395	KR2a0036_WYG_129-25b
245.md	3	KR2a0036_WYG_129-26a
245.md	11	KR2a0036_WYG_129-26b
246.md	3	KR2a0036_WYG_130-1a
246.md	11	KR2a0036_WYG_130-1b
246.md	19	KR2a0036_WYG_130-2a
246.md	27	KR2a0036_WYG_130-2b
246.md	35	KR2a0036_WYG_130-3a
246.md	43	KR2a0036_WYG_130-3b
246.md	51	KR2a0036_WYG_130-4a
246.md	59	KR2a0036_WYG_130-4b
246.md	67	KR2a0036_WYG_130-5a
246.md	75	KR2a0036_WYG_130-5b
246.md	83	KR2a0036_WYG_130-6a
246.md	91	KR2a0036_WYG_130-6b
246.md	99	KR2a0036_WYG_130-7a
246.md	107	KR2a0036_WYG_130-7b
246.md	115	KR2a0036_WYG_130-8a
246.md	123	KR2a0036_WYG_130-8b
246.md	131	KR2a0036_WYG_130-9a
246.md	139	KR2a0036_WYG_130-9b
246.md	147	KR2a0036_WYG_130-10a
246.md	155	KR2a0036_WYG_130-10b
246.md	163	KR2a0036_WYG_130-11a
246.md	171	KR2a0036_WYG_130-11b
246.md	179	KR2a0036_WYG_130-12a
246.md	187	KR2a0036_WYG_130-12b
246.md	195	KR2a0036_WYG_130-13a
246.md	203	KR2a0036_WYG_130-13b
246.md	211	KR2a0036_WYG_130-14a
246.md	219	KR2a0036_WYG_130-14b
246.md	227	KR2a0036_WYG_130-15a
246.md	235	KR2a0036_WYG_130-15b
246.md	243	KR2a0036_WYG_130-16a
246.md	251	KR2a0036_WYG_130-16b
246.md	259	KR2a0036_WYG_130-17a
246.md	267	KR2a0036_WYG_130-17b
246.md	275	KR2a0036_WYG_130-18a
246.md	283	KR2a0036_WYG_130-18b
246.md	291	KR2a0036_WYG_130-19a
246.md	299	KR2a0036_WYG_130-19b
246.md	307	KR2a0036_WYG_130-20a
246.md	315	KR2a0036_WYG_130-20b
246.md	323	KR2a0036_WYG_130-21a
246.md	331	KR2a0036_WYG_130-21b
246.md	339	KR2a0036_WYG_130-22a
246.md	347	KR2a0036_WYG_130-22b
246.md	355	KR2a0036_WYG_130-23a
246.md	363	KR2a0036_WYG_130-23b
246.md	371	KR2a0036_WYG_130-24a
246.md	379	KR2a0036_WYG_130-24b
246.md	387	KR2a0036_WYG_130-25a
246.md	395	KR2a0036_WYG_130-25b
246.md	403	KR2a0036_WYG_130-26a
246.md	411	KR2a0036_WYG_130-26b
247.md	3	KR2a0036_WYG_131-1a
247.md	11	KR2a0036_WYG_131-1b
247.md	19	KR2a0036_WYG_131-2a
247.md	27	KR2a0036_WYG_131-2b
247.md	35	KR2a0036_WYG_131-3a
247.md	43	KR2a0036_WYG_131-3b
247.md	51	KR2a0036_WYG_131-4a
247.md	59	KR2a0036_WYG_131-4b
247.md	67	KR2a0036_WYG_131-5a
247.md	75	KR2a0036_WYG_131-5b
247.md	83	KR2a0036_WYG_131-6a
247.md	91	KR2a0036_WYG_131-6b
247.md	99	KR2a0036_WYG_131-7a
247.md	107	KR2a0036_WYG_131-7b
247.md	115	KR2a0036_WYG_131-8a
247.md	123	KR2a0036_WYG_131-8b
247.md	131	KR2a0036_WYG_131-9a
247.md	139	KR2a0036_WYG_131-9b
247.md	147	KR2a0036_WYG_131-10a
247.md	155	KR2a0036_WYG_131-10b
247.md	163	KR2a0036_WYG_131-11a
247.md	171	KR2a0036_WYG_131-11b
247.md	179	KR2a0036_WYG_131-12a
247.md	187	KR2a0036_WYG_131-12b
247.md	195	KR2a0036_WYG_131-13a
247.md	203	KR2a0036_WYG_131-13b
247.md	211	KR2a0036_WYG_131-14a
247.md	219	KR2a0036_WYG_131-14b
247.md	227	KR2a0036_WYG_131-15a
247.md	235	KR2a0036_WYG_131-15b
247.md	243	KR2a0036_WYG_131-16a
247.md	251	KR2a0036_WYG_131-16b
247.md	259	KR2a0036_WYG_131-17a
247.md	267	KR2a0036_WYG_131-17b
247.md	275	KR2a0036_WYG_131-18a
247.md	283	KR2a0036_WYG_131-18b
247.md	291	KR2a0036_WYG_131-19a
247.md	299	KR2a0036_WYG_131-19b
247.md	307	KR2a0036_WYG_131-20a
247.md	315	KR2a0036_WYG_131-20b
247.md	323	KR2a0036_WYG_131-21a
247.md	331	KR2a0036_WYG_131-21b
247.md	339	KR2a0036_WYG_131-22a
247.md	347	KR2a0036_WYG_131-22b
247.md	355	KR2a0036_WYG_131-23a
247.md	363	KR2a0036_WYG_131-23b
247.md	371	KR2a0036_WYG_131-24a
247.md	379	KR2a0036_WYG_131-24b
247.md	387	KR2a0036_WYG_131-25a
247.md	395	KR2a0036_WYG_131-25b
247.md	403	KR2a0036_WYG_131-26a
247.md	411	KR2a0036_WYG_131-26b
247.md	419	KR2a0036_WYG_131-27a
247.md	427	KR2a0036_WYG_131-27b
248.md	3	KR2a0036_WYG_131-28a
248.md	11	KR2a0036_WYG_131-28b
249.md	3	KR2a0036_WYG_132-1a
249.md	11	KR2a0036_WYG_132-1b
249.md	19	KR2a0036_WYG_132-2a
249.md	27	KR2a0036_WYG_132-2b
249.md	35	KR2a0036_WYG_132-3a
249.md	43	KR2a0036_WYG_132-3b
249.md	51	KR2a0036_WYG_132-4a
249.md	59	KR2a0036_WYG_132-4b
249.md	67	KR2a0036_WYG_132-5a
249.md	75	KR2a0036_WYG_132-5b
249.md	83	KR2a0036_WYG_132-6a
249.md	91	KR2a0036_WYG_132-6b
249.md	99	KR2a0036_WYG_132-7a
249.md	107	KR2a0036_WYG_132-7b
249.md	115	KR2a0036_WYG_132-8a
249.md	123	KR2a0036_WYG_132-8b
249.md	131	KR2a0036_WYG_132-9a
249.md	139	KR2a0036_WYG_132-9b
249.md	147	KR2a0036_WYG_132-10a
249.md	155	KR2a0036_WYG_132-10b
249.md	163	KR2a0036_WYG_132-11a
249.md	171	KR2a0036_WYG_132-11b
249.md	179	KR2a0036_WYG_132-12a
249.md	187	KR2a0036_WYG_132-12b
249.md	195	KR2a0036_WYG_132-13a
249.md	203	KR2a0036_WYG_132-13b
249.md	211	KR2a0036_WYG_132-14a
249.md	219	KR2a0036_WYG_132-14b
249.md	227	KR2a0036_WYG_132-15a
249.md	235	KR2a0036_WYG_132-15b
249.md	243	KR2a0036_WYG_132-16a
249.md	251	KR2a0036_WYG_132-16b
249.md	259	KR2a0036_WYG_132-17a
249.md	267	KR2a0036_WYG_132-17b
249.md	275	KR2a0036_WYG_132-18a
249.md	283	KR2a0036_WYG_132-18b
249.md	291	KR2a0036_WYG_132-19a
249.md	299	KR2a0036_WYG_132-19b
249.md	307	KR2a0036_WYG_132-20a
249.md	315	KR2a0036_WYG_132-20b
250.md	3	KR2a0036_WYG_132-21a
250.md	11	KR2a0036_WYG_132-21b
250.md	19	KR2a0036_WYG_132-22a
250.md	27	KR2a0036_WYG_132-22b
250.md	35	KR2a0036_WYG_132-23a
250.md	43	KR2a0036_WYG_132-23b
250.md	51	KR2a0036_WYG_132-24a
250.md	59	KR2a0036_WYG_132-24b
251.md	3	KR2a0036_WYG_133-1a
251.md	11	KR2a0036_WYG_133-1b
251.md	19	KR2a0036_WYG_133-2a
251.md	27	KR2a0036_WYG_133-2b
251.md	35	KR2a0036_WYG_133-3a
251.md	43	KR2a0036_WYG_133-3b
251.md	51	KR2a0036_WYG_133-4a
251.md	59	KR2a0036_WYG_133-4b
251.md	67	KR2a0036_WYG_133-5a
251.md	75	KR2a0036_WYG_133-5b
251.md	83	KR2a0036_WYG_133-6a
251.md	91	KR2a0036_WYG_133-6b
251.md	99	KR2a0036_WYG_133-7a
251.md	107	KR2a0036_WYG_133-7b
251.md	115	KR2a0036_WYG_133-8a
251.md	123	KR2a0036_WYG_133-8b
251.md	131	KR2a0036_WYG_133-9a
251.md	139	KR2a0036_WYG_133-9b
251.md	147	KR2a0036_WYG_133-10a
251.md	155	KR2a0036_WYG_133-10b
251.md	163	KR2a0036_WYG_133-11a
251.md	171	KR2a0036_WYG_133-11b
251.md	179	KR2a0036_WYG_133-12a
251.md	187	KR2a0036_WYG_133-12b
251.md	195	KR2a0036_WYG_133-13a
251.md	203	KR2a0036_WYG_133-13b
251.md	211	KR2a0036_WYG_133-14a
251.md	219	KR2a0036_WYG_133-14b
251.md	227	KR2a0036_WYG_133-15a
251.md	235	KR2a0036_WYG_133-15b
251.md	243	KR2a0036_WYG_133-16a
251.md	251	KR2a0036_WYG_133-16b
251.md	259	KR2a0036_WYG_133-17a
251.md	267	KR2a0036_WYG_133-17b
251.md	275	KR2a0036_WYG_133-18a
251.md	283	KR2a0036_WYG_133-18b
252.md	3	KR2a0036_WYG_133-19a
252.md	11	KR2a0036_WYG_133-19b
252.md	19	KR2a0036_WYG_133-20a
252.md	27	KR2a0036_WYG_133-20b
253.md	3	KR2a0036_WYG_134-1a
253.md	11	KR2a0036_WYG_134-1b
253.md	19	KR2a0036_WYG_134-2a
253.md	27	KR2a0036_WYG_134-2b
253.md	35	KR2a0036_WYG_134-3a
253.md	43	KR2a0036_WYG_134-3b
253.md	51	KR2a0036_WYG_134-4a
253.md	59	KR2a0036_WYG_134-4b
253.md	67	KR2a0036_WYG_134-5a
253.md	75	KR2a0036_WYG_134-5b
253.md	83	KR2a0036_WYG_134-6a
253.md	91	KR2a0036_WYG_134-6b
253.md	99	KR2a0036_WYG_134-7a
253.md	107	KR2a0036_WYG_134-7b
253.md	115	KR2a0036_WYG_134-8a
253.md	123	KR2a0036_WYG_134-8b
253.md	131	KR2a0036_WYG_134-9a
253.md	139	KR2a0036_WYG_134-9b
253.md	147	KR2a0036_WYG_134-10a
253.md	155	KR2a0036_WYG_134-10b
253.md	163	KR2a0036_WYG_134-11a
253.md	171	KR2a0036_WYG_134-11b
253.md	179	KR2a0036_WYG_134-12a
253.md	187	KR2a0036_WYG_134-12b
253.md	195	KR2a0036_WYG_134-13a
253.md	203	KR2a0036_WYG_134-13b
253.md	211	KR2a0036_WYG_134-14a
253.md	219	KR2a0036_WYG_134-14b
253.md	227	KR2a0036_WYG_134-15a
253.md	235	KR2a0036_WYG_134-15b
253.md	243	KR2a0036_WYG_134-16a
253.md	251	KR2a0036_WYG_134-16b
253.md	259	KR2a0036_WYG_134-17a
253.md	267	KR2a0036_WYG_134-17b
253.md	275	KR2a0036_WYG_134-18a
253.md	283	KR2a0036_WYG_134-18b
253.md	291	KR2a0036_WYG_134-19a
253.md	299	KR2a0036_WYG_134-19b
253.md	307	KR2a0036_WYG_134-20a
253.md	315	KR2a0036_WYG_134-20b
253.md	323	KR2a0036_WYG_134-21a
253.md	331	KR2a0036_WYG_134-21b
253.md	339	KR2a0036_WYG_134-22a
253.md	347	KR2a0036_WYG_134-22b
253.md	355	KR2a0036_WYG_134-23a
253.md	363	KR2a0036_WYG_134-23b
253.md	371	KR2a0036_WYG_134-24a
253.md	379	KR2a0036_WYG_134-24b
253.md	387	KR2a0036_WYG_134-25a
253.md	395	KR2a0036_WYG_134-25b
253.md	403	KR2a0036_WYG_134-26a
253.md	411	KR2a0036_WYG_134-26b
253.md	419	KR2a0036_WYG_134-27a
253.md	427	KR2a0036_WYG_134-27b
253.md	435	KR2a0036_WYG_134-28a
253.md	443	KR2a0036_WYG_134-28b
253.md	451	KR2a0036_WYG_134-29a
253.md	459	KR2a0036_WYG_134-29b
253.md	467	KR2a0036_WYG_134-30a
253.md	475	KR2a0036_WYG_134-30b
253.md	483	KR2a0036_WYG_134-31a
253.md	491	KR2a0036_WYG_134-31b
253.md	499	KR2a0036_WYG_134-32a
253.md	507	KR2a0036_WYG_134-32b
254.md	3	KR2a0036_WYG_134-33a
254.md	8	KR2a0036_WYG_134-33b
255.md	3	KR2a0036_WYG_135-1a
255.md	11	KR2a0036_WYG_135-1b
255.md	19	KR2a0036_WYG_135-2a
255.md	27	KR2a0036_WYG_135-2b
255.md	35	KR2a0036_WYG_135-3a
255.md	43	KR2a0036_WYG_135-3b
255.md	51	KR2a0036_WYG_135-4a
255.md	59	KR2a0036_WYG_135-4b
255.md	67	KR2a0036_WYG_135-5a
255.md	75	KR2a0036_WYG_135-5b
255.md	83	KR2a0036_WYG_135-6a
255.md	91	KR2a0036_WYG_135-6b
255.md	99	KR2a0036_WYG_135-7a
255.md	107	KR2a0036_WYG_135-7b
255.md	115	KR2a0036_WYG_135-8a
255.md	123	KR2a0036_WYG_135-8b
255.md	131	KR2a0036_WYG_135-9a
255.md	139	KR2a0036_WYG_135-9b
255.md	147	KR2a0036_WYG_135-10a
255.md	155	KR2a0036_WYG_135-10b
255.md	163	KR2a0036_WYG_135-11a
255.md	171	KR2a0036_WYG_135-11b
255.md	179	KR2a0036_WYG_135-12a
255.md	187	KR2a0036_WYG_135-12b
255.md	195	KR2a0036_WYG_135-13a
255.md	203	KR2a0036_WYG_135-13b
255.md	211	KR2a0036_WYG_135-14a
255.md	219	KR2a0036_WYG_135-14b
255.md	227	KR2a0036_WYG_135-15a
255.md	235	KR2a0036_WYG_135-15b
255.md	243	KR2a0036_WYG_135-16a
255.md	251	KR2a0036_WYG_135-16b
255.md	259	KR2a0036_WYG_135-17a
255.md	267	KR2a0036_WYG_135-17b
255.md	275	KR2a0036_WYG_135-18a
255.md	283	KR2a0036_WYG_135-18b
255.md	291	KR2a0036_WYG_135-19a
255.md	299	KR2a0036_WYG_135-19b
255.md	307	KR2a0036_WYG_135-20a
255.md	315	KR2a0036_WYG_135-20b
255.md	323	KR2a0036_WYG_135-21a
255.md	331	KR2a0036_WYG_135-21b
256.md	3	KR2a0036_WYG_135-22a
256.md	11	KR2a0036_WYG_135-22b
256.md	19	KR2a0036_WYG_135-23a
256.md	26	KR2a0036_WYG_135-23b
257.md	3	KR2a0036_WYG_136-1a
257.md	11	KR2a0036_WYG_136-1b
257.md	19	KR2a0036_WYG_136-2a
257.md	27	KR2a0036_WYG_136-2b
257.md	35	KR2a0036_WYG_136-3a
257.md	43	KR2a0036_WYG_136-3b
257.md	51	KR2a0036_WYG_136-4a
257.md	59	KR2a0036_WYG_136-4b
257.md	67	KR2a0036_WYG_136-5a
257.md	75	KR2a0036_WYG_136-5b
257.md	83	KR2a0036_WYG_136-6a
257.md	91	KR2a0036_WYG_136-6b
257.md	99	KR2a0036_WYG_136-7a
257.md	107	KR2a0036_WYG_136-7b
257.md	115	KR2a0036_WYG_136-8a
257.md	123	KR2a0036_WYG_136-8b
257.md	131	KR2a0036_WYG_136-9a
257.md	139	KR2a0036_WYG_136-9b
257.md	147	KR2a0036_WYG_136-10a
257.md	155	KR2a0036_WYG_136-10b
257.md	163	KR2a0036_WYG_136-11a
257.md	171	KR2a0036_WYG_136-11b
257.md	179	KR2a0036_WYG_136-12a
257.md	187	KR2a0036_WYG_136-12b
257.md	195	KR2a0036_WYG_136-13a
257.md	203	KR2a0036_WYG_136-13b
257.md	211	KR2a0036_WYG_136-14a
257.md	219	KR2a0036_WYG_136-14b
257.md	227	KR2a0036_WYG_136-15a
257.md	235	KR2a0036_WYG_136-15b
257.md	243	KR2a0036_WYG_136-16a
257.md	251	KR2a0036_WYG_136-16b
257.md	259	KR2a0036_WYG_136-17a
257.md	267	KR2a0036_WYG_136-17b
257.md	275	KR2a0036_WYG_136-18a
257.md	283	KR2a0036_WYG_136-18b
257.md	291	KR2a0036_WYG_136-19a
257.md	299	KR2a0036_WYG_136-19b
257.md	307	KR2a0036_WYG_136-20a
257.md	315	KR2a0036_WYG_136-20b
257.md	323	KR2a0036_WYG_136-21a
257.md	331	KR2a0036_WYG_136-21b
258.md	3	KR2a0036_WYG_136-22a
258.md	11	KR2a0036_WYG_136-22b
259.md	3	KR2a0036_WYG_137-1a
259.md	11	KR2a0036_WYG_137-1b
259.md	19	KR2a0036_WYG_137-2a
259.md	27	KR2a0036_WYG_137-2b
259.md	35	KR2a0036_WYG_137-3a
259.md	43	KR2a0036_WYG_137-3b
259.md	51	KR2a0036_WYG_137-4a
259.md	59	KR2a0036_WYG_137-4b
259.md	67	KR2a0036_WYG_137-5a
259.md	75	KR2a0036_WYG_137-5b
259.md	83	KR2a0036_WYG_137-6a
259.md	91	KR2a0036_WYG_137-6b
259.md	99	KR2a0036_WYG_137-7a
259.md	107	KR2a0036_WYG_137-7b
259.md	115	KR2a0036_WYG_137-8a
259.md	123	KR2a0036_WYG_137-8b
259.md	131	KR2a0036_WYG_137-9a
259.md	139	KR2a0036_WYG_137-9b
259.md	147	KR2a0036_WYG_137-10a
259.md	155	KR2a0036_WYG_137-10b
259.md	163	KR2a0036_WYG_137-11a
259.md	171	KR2a0036_WYG_137-11b
259.md	179	KR2a0036_WYG_137-12a
259.md	187	KR2a0036_WYG_137-12b
259.md	195	KR2a0036_WYG_137-13a
259.md	203	KR2a0036_WYG_137-13b
259.md	211	KR2a0036_WYG_137-14a
259.md	219	KR2a0036_WYG_137-14b
259.md	227	KR2a0036_WYG_137-15a
259.md	235	KR2a0036_WYG_137-15b
259.md	243	KR2a0036_WYG_137-16a
259.md	251	KR2a0036_WYG_137-16b
260.md	3	KR2a0036_WYG_137-17a
260.md	10	KR2a0036_WYG_137-17b
261.md	3	KR2a0036_WYG_138-1a
261.md	11	KR2a0036_WYG_138-1b
261.md	19	KR2a0036_WYG_138-2a
261.md	27	KR2a0036_WYG_138-2b
261.md	35	KR2a0036_WYG_138-3a
261.md	43	KR2a0036_WYG_138-3b
261.md	51	KR2a0036_WYG_138-4a
261.md	59	KR2a0036_WYG_138-4b
261.md	67	KR2a0036_WYG_138-5a
261.md	75	KR2a0036_WYG_138-5b
261.md	83	KR2a0036_WYG_138-6a
261.md	91	KR2a0036_WYG_138-6b
261.md	99	KR2a0036_WYG_138-7a
261.md	107	KR2a0036_WYG_138-7b
261.md	115	KR2a0036_WYG_138-8a
261.md	123	KR2a0036_WYG_138-8b
261.md	131	KR2a0036_WYG_138-9a
261.md	139	KR2a0036_WYG_138-9b
261.md	147	KR2a0036_WYG_138-10a
261.md	155	KR2a0036_WYG_138-10b
261.md	163	KR2a0036_WYG_138-11a
261.md	171	KR2a0036_WYG_138-11b
261.md	179	KR2a0036_WYG_138-12a
261.md	187	KR2a0036_WYG_138-12b
261.md	195	KR2a0036_WYG_138-13a
261.md	203	KR2a0036_WYG_138-13b
261.md	211	KR2a0036_WYG_138-14a
261.md	219	KR2a0036_WYG_138-14b
261.md	227	KR2a0036_WYG_138-15a
261.md	235	KR2a0036_WYG_138-15b
261.md	243	KR2a0036_WYG_138-16a
261.md	251	KR2a0036_WYG_138-16b
261.md	259	KR2a0036_WYG_138-17a
261.md	267	KR2a0036_WYG_138-17b
261.md	275	KR2a0036_WYG_138-18a
261.md	283	KR2a0036_WYG_138-18b
261.md	291	KR2a0036_WYG_138-19a
261.md	299	KR2a0036_WYG_138-19b
261.md	307	KR2a0036_WYG_138-20a
261.md	315	KR2a0036_WYG_138-20b
261.md	323	KR2a0036_WYG_138-21a
261.md	331	KR2a0036_WYG_138-21b
261.md	339	KR2a0036_WYG_138-22a
261.md	347	KR2a0036_WYG_138-22b
261.md	355	KR2a0036_WYG_138-23a
261.md	363	KR2a0036_WYG_138-23b
261.md	371	KR2a0036_WYG_138-24a
261.md	379	KR2a0036_WYG_138-24b
261.md	387	KR2a0036_WYG_138-25a
261.md	395	KR2a0036_WYG_138-25b
261.md	403	KR2a0036_WYG_138-26a
261.md	411	KR2a0036_WYG_138-26b
261.md	419	KR2a0036_WYG_138-27a
261.md	427	KR2a0036_WYG_138-27b
261.md	435	KR2a0036_WYG_138-28a
261.md	443	KR2a0036_WYG_138-28b
261.md	451	KR2a0036_WYG_138-29a
261.md	459	KR2a0036_WYG_138-29b
261.md	467	KR2a0036_WYG_138-30a
261.md	475	KR2a0036_WYG_138-30b
261.md	483	KR2a0036_WYG_138-31a
261.md	491	KR2a0036_WYG_138-31b
261.md	499	KR2a0036_WYG_138-32a
261.md	507	KR2a0036_WYG_138-32b
261.md	515	KR2a0036_WYG_138-33a
261.md	523	KR2a0036_WYG_138-33b
261.md	531	KR2a0036_WYG_138-34a
261.md	539	KR2a0036_WYG_138-34b
261.md	547	KR2a0036_WYG_138-35a
261.md	555	KR2a0036_WYG_138-35b
261.md	563	KR2a0036_WYG_138-36a
261.md	571	KR2a0036_WYG_138-36b
261.md	579	KR2a0036_WYG_138-37a
261.md	587	KR2a0036_WYG_138-37b
261.md	595	KR2a0036_WYG_138-38a
261.md	603	KR2a0036_WYG_138-38b
261.md	611	KR2a0036_WYG_138-39a
261.md	619	KR2a0036_WYG_138-39b
262.md	3	KR2a0036_WYG_138-40a
262.md	11	KR2a0036_WYG_138-40b
263.md	3	KR2a0036_WYG_139-1a
263.md	11	KR2a0036_WYG_139-1b
263.md	19	KR2a0036_WYG_139-2a
263.md	27	KR2a0036_WYG_139-2b
263.md	35	KR2a0036_WYG_139-3a
263.md	43	KR2a0036_WYG_139-3b
263.md	51	KR2a0036_WYG_139-4a
263.md	59	KR2a0036_WYG_139-4b
263.md	67	KR2a0036_WYG_139-5a
263.md	75	KR2a0036_WYG_139-5b
263.md	83	KR2a0036_WYG_139-6a
263.md	91	KR2a0036_WYG_139-6b
263.md	99	KR2a0036_WYG_139-7a
263.md	107	KR2a0036_WYG_139-7b
263.md	115	KR2a0036_WYG_139-8a
263.md	123	KR2a0036_WYG_139-8b
263.md	131	KR2a0036_WYG_139-9a
263.md	139	KR2a0036_WYG_139-9b
263.md	147	KR2a0036_WYG_139-10a
263.md	155	KR2a0036_WYG_139-10b
263.md	163	KR2a0036_WYG_139-11a
263.md	171	KR2a0036_WYG_139-11b
263.md	179	KR2a0036_WYG_139-12a
263.md	187	KR2a0036_WYG_139-12b
263.md	195	KR2a0036_WYG_139-13a
263.md	203	KR2a0036_WYG_139-13b
263.md	211	KR2a0036_WYG_139-14a
263.md	219	KR2a0036_WYG_139-14b
263.md	227	KR2a0036_WYG_139-15a
263.md	235	KR2a0036_WYG_139-15b
263.md	243	KR2a0036_WYG_139-16a
263.md	251	KR2a0036_WYG_139-16b
263.md	259	KR2a0036_WYG_139-17a
263.md	267	KR2a0036_WYG_139-17b
263.md	275	KR2a0036_WYG_139-18a
263.md	283	KR2a0036_WYG_139-18b
264.md	3	KR2a0036_WYG_139-19a
264.md	11	KR2a0036_WYG_139-19b
264.md	19	KR2a0036_WYG_139-20a
264.md	22	KR2a0036_WYG_139-20b
265.md	3	KR2a0036_WYG_140-1a
265.md	11	KR2a0036_WYG_140-1b
265.md	19	KR2a0036_WYG_140-2a
265.md	27	KR2a0036_WYG_140-2b
265.md	35	KR2a0036_WYG_140-3a
265.md	43	KR2a0036_WYG_140-3b
265.md	51	KR2a0036_WYG_140-4a
265.md	59	KR2a0036_WYG_140-4b
265.md	67	KR2a0036_WYG_140-5a
265.md	75	KR2a0036_WYG_140-5b
265.md	83	KR2a0036_WYG_140-6a
265.md	91	KR2a0036_WYG_140-6b
265.md	99	KR2a0036_WYG_140-7a
265.md	107	KR2a0036_WYG_140-7b
265.md	115	KR2a0036_WYG_140-8a
265.md	123	KR2a0036_WYG_140-8b
265.md	131	KR2a0036_WYG_140-9a
265.md	139	KR2a0036_WYG_140-9b
265.md	147	KR2a0036_WYG_140-10a
265.md	155	KR2a0036_WYG_140-10b
265.md	163	KR2a0036_WYG_140-11a
265.md	171	KR2a0036_WYG_140-11b
265.md	179	KR2a0036_WYG_140-12a
265.md	187	KR2a0036_WYG_140-12b
265.md	195	KR2a0036_WYG_140-13a
265.md	203	KR2a0036_WYG_140-13b
265.md	211	KR2a0036_WYG_140-14a
265.md	219	KR2a0036_WYG_140-14b
265.md	227	KR2a0036_WYG_140-15a
265.md	235	KR2a0036_WYG_140-15b
265.md	243	KR2a0036_WYG_140-16a
265.md	251	KR2a0036_WYG_140-16b
265.md	259	KR2a0036_WYG_140-17a
265.md	267	KR2a0036_WYG_140-17b
265.md	275	KR2a0036_WYG_140-18a
265.md	283	KR2a0036_WYG_140-18b
266.md	3	KR2a0036_WYG_140-19a
266.md	11	KR2a0036_WYG_140-19b
266.md	19	KR2a0036_WYG_140-20a
266.md	27	KR2a0036_WYG_140-20b
266.md	35	KR2a0036_WYG_140-21a
266.md	40	KR2a0036_WYG_140-21b
267.md	3	KR2a0036_WYG_141-1a
267.md	11	KR2a0036_WYG_141-1b
267.md	19	KR2a0036_WYG_141-2a
267.md	27	KR2a0036_WYG_141-2b
267.md	35	KR2a0036_WYG_141-3a
267.md	43	KR2a0036_WYG_141-3b
267.md	51	KR2a0036_WYG_141-4a
267.md	59	KR2a0036_WYG_141-4b
267.md	67	KR2a0036_WYG_141-5a
267.md	75	KR2a0036_WYG_141-5b
267.md	83	KR2a0036_WYG_141-6a
267.md	91	KR2a0036_WYG_141-6b
267.md	99	KR2a0036_WYG_141-7a
267.md	107	KR2a0036_WYG_141-7b
267.md	115	KR2a0036_WYG_141-8a
267.md	123	KR2a0036_WYG_141-8b
267.md	131	KR2a0036_WYG_141-9a
267.md	139	KR2a0036_WYG_141-9b
267.md	147	KR2a0036_WYG_141-10a
267.md	155	KR2a0036_WYG_141-10b
267.md	163	KR2a0036_WYG_141-11a
267.md	171	KR2a0036_WYG_141-11b
267.md	179	KR2a0036_WYG_141-12a
267.md	187	KR2a0036_WYG_141-12b
267.md	195	KR2a0036_WYG_141-13a
267.md	203	KR2a0036_WYG_141-13b
267.md	211	KR2a0036_WYG_141-14a
267.md	219	KR2a0036_WYG_141-14b
267.md	227	KR2a0036_WYG_141-15a
267.md	235	KR2a0036_WYG_141-15b
267.md	243	KR2a0036_WYG_141-16a
267.md	251	KR2a0036_WYG_141-16b
267.md	259	KR2a0036_WYG_141-17a
267.md	267	KR2a0036_WYG_141-17b
267.md	275	KR2a0036_WYG_141-18a
267.md	283	KR2a0036_WYG_141-18b
268.md	3	KR2a0036_WYG_141-19a
268.md	8	KR2a0036_WYG_141-19b
269.md	3	KR2a0036_WYG_142-1a
269.md	11	KR2a0036_WYG_142-1b
269.md	19	KR2a0036_WYG_142-2a
269.md	27	KR2a0036_WYG_142-2b
269.md	35	KR2a0036_WYG_142-3a
269.md	43	KR2a0036_WYG_142-3b
269.md	51	KR2a0036_WYG_142-4a
269.md	59	KR2a0036_WYG_142-4b
269.md	67	KR2a0036_WYG_142-5a
269.md	75	KR2a0036_WYG_142-5b
269.md	83	KR2a0036_WYG_142-6a
269.md	91	KR2a0036_WYG_142-6b
269.md	99	KR2a0036_WYG_142-7a
269.md	107	KR2a0036_WYG_142-7b
269.md	115	KR2a0036_WYG_142-8a
269.md	123	KR2a0036_WYG_142-8b
269.md	131	KR2a0036_WYG_142-9a
269.md	139	KR2a0036_WYG_142-9b
269.md	147	KR2a0036_WYG_142-10a
269.md	155	KR2a0036_WYG_142-10b
269.md	163	KR2a0036_WYG_142-11a
269.md	171	KR2a0036_WYG_142-11b
269.md	179	KR2a0036_WYG_142-12a
269.md	187	KR2a0036_WYG_142-12b
269.md	195	KR2a0036_WYG_142-13a
269.md	203	KR2a0036_WYG_142-13b
269.md	211	KR2a0036_WYG_142-14a
269.md	219	KR2a0036_WYG_142-14b
269.md	227	KR2a0036_WYG_142-15a
269.md	235	KR2a0036_WYG_142-15b
269.md	243	KR2a0036_WYG_142-16a
269.md	251	KR2a0036_WYG_142-16b
269.md	259	KR2a0036_WYG_142-17a
269.md	267	KR2a0036_WYG_142-17b
269.md	275	KR2a0036_WYG_142-18a
269.md	283	KR2a0036_WYG_142-18b
270.md	3	KR2a0036_WYG_142-19a
270.md	11	KR2a0036_WYG_142-19b
271.md	3	KR2a0036_WYG_143-1a
271.md	11	KR2a0036_WYG_143-1b
271.md	19	KR2a0036_WYG_143-2a
271.md	27	KR2a0036_WYG_143-2b
271.md	35	KR2a0036_WYG_143-3a
271.md	43	KR2a0036_WYG_143-3b
271.md	51	KR2a0036_WYG_143-4a
271.md	59	KR2a0036_WYG_143-4b
271.md	67	KR2a0036_WYG_143-5a
271.md	75	KR2a0036_WYG_143-5b
271.md	83	KR2a0036_WYG_143-6a
271.md	91	KR2a0036_WYG_143-6b
271.md	99	KR2a0036_WYG_143-7a
271.md	107	KR2a0036_WYG_143-7b
271.md	115	KR2a0036_WYG_143-8a
271.md	123	KR2a0036_WYG_143-8b
271.md	131	KR2a0036_WYG_143-9a
271.md	139	KR2a0036_WYG_143-9b
271.md	147	KR2a0036_WYG_143-10a
271.md	155	KR2a0036_WYG_143-10b
271.md	163	KR2a0036_WYG_143-11a
271.md	171	KR2a0036_WYG_143-11b
271.md	179	KR2a0036_WYG_143-12a
271.md	187	KR2a0036_WYG_143-12b
271.md	195	KR2a0036_WYG_143-13a
271.md	203	KR2a0036_WYG_143-13b
271.md	211	KR2a0036_WYG_143-14a
271.md	219	KR2a0036_WYG_143-14b
271.md	227	KR2a0036_WYG_143-15a
271.md	235	KR2a0036_WYG_143-15b
271.md	243	KR2a0036_WYG_143-16a
271.md	251	KR2a0036_WYG_143-16b
271.md	259	KR2a0036_WYG_143-17a
271.md	267	KR2a0036_WYG_143-17b
271.md	275	KR2a0036_WYG_143-18a
271.md	283	KR2a0036_WYG_143-18b
271.md	291	KR2a0036_WYG_143-19a
271.md	299	KR2a0036_WYG_143-19b
271.md	307	KR2a0036_WYG_143-20a
271.md	315	KR2a0036_WYG_143-20b
271.md	323	KR2a0036_WYG_143-21a
271.md	331	KR2a0036_WYG_143-21b
271.md	339	KR2a0036_WYG_143-22a
271.md	347	KR2a0036_WYG_143-22b
271.md	355	KR2a0036_WYG_143-23a
271.md	363	KR2a0036_WYG_143-23b
271.md	371	KR2a0036_WYG_143-24a
271.md	379	KR2a0036_WYG_143-24b
271.md	387	KR2a0036_WYG_143-25a
271.md	395	KR2a0036_WYG_143-25b
272.md	3	KR2a0036_WYG_143-26a
272.md	11	KR2a0036_WYG_143-26b
273.md	3	KR2a0036_WYG_144-1a
273.md	11	KR2a0036_WYG_144-1b
273.md	19	KR2a0036_WYG_144-2a
273.md	27	KR2a0036_WYG_144-2b
273.md	35	KR2a0036_WYG_144-3a
273.md	43	KR2a0036_WYG_144-3b
273.md	51	KR2a0036_WYG_144-4a
273.md	59	KR2a0036_WYG_144-4b
273.md	67	KR2a0036_WYG_144-5a
273.md	75	KR2a0036_WYG_144-5b
273.md	83	KR2a0036_WYG_144-6a
273.md	91	KR2a0036_WYG_144-6b
273.md	99	KR2a0036_WYG_144-7a
273.md	107	KR2a0036_WYG_144-7b
273.md	115	KR2a0036_WYG_144-8a
273.md	123	KR2a0036_WYG_144-8b
273.md	131	KR2a0036_WYG_144-9a
273.md	139	KR2a0036_WYG_144-9b
273.md	147	KR2a0036_WYG_144-10a
273.md	155	KR2a0036_WYG_144-10b
273.md	163	KR2a0036_WYG_144-11a
273.md	171	KR2a0036_WYG_144-11b
273.md	179	KR2a0036_WYG_144-12a
273.md	187	KR2a0036_WYG_144-12b
273.md	195	KR2a0036_WYG_144-13a
273.md	203	KR2a0036_WYG_144-13b
273.md	211	KR2a0036_WYG_144-14a
273.md	219	KR2a0036_WYG_144-14b
273.md	227	KR2a0036_WYG_144-15a
273.md	235	KR2a0036_WYG_144-15b
273.md	243	KR2a0036_WYG_144-16a
273.md	251	KR2a0036_WYG_144-16b
273.md	259	KR2a0036_WYG_144-17a
273.md	267	KR2a0036_WYG_144-17b
274.md	3	KR2a0036_WYG_144-18a
274.md	11	KR2a0036_WYG_144-18b
275.md	3	KR2a0036_WYG_145-1a
275.md	11	KR2a0036_WYG_145-1b
275.md	19	KR2a0036_WYG_145-2a
275.md	27	KR2a0036_WYG_145-2b
275.md	35	KR2a0036_WYG_145-3a
275.md	43	KR2a0036_WYG_145-3b
275.md	51	KR2a0036_WYG_145-4a
275.md	59	KR2a0036_WYG_145-4b
275.md	67	KR2a0036_WYG_145-5a
275.md	75	KR2a0036_WYG_145-5b
275.md	83	KR2a0036_WYG_145-6a
275.md	91	KR2a0036_WYG_145-6b
275.md	99	KR2a0036_WYG_145-7a
275.md	107	KR2a0036_WYG_145-7b
275.md	115	KR2a0036_WYG_145-8a
275.md	123	KR2a0036_WYG_145-8b
275.md	131	KR2a0036_WYG_145-9a
275.md	139	KR2a0036_WYG_145-9b
275.md	147	KR2a0036_WYG_145-10a
275.md	155	KR2a0036_WYG_145-10b
275.md	163	KR2a0036_WYG_145-11a
275.md	171	KR2a0036_WYG_145-11b
275.md	179	KR2a0036_WYG_145-12a
275.md	187	KR2a0036_WYG_145-12b
275.md	195	KR2a0036_WYG_145-13a
275.md	203	KR2a0036_WYG_145-13b
276.md	3	KR2a0036_WYG_145-14a
276.md	11	KR2a0036_WYG_145-14b
277.md	3	KR2a0036_WYG_146-1a
277.md	11	KR2a0036_WYG_146-1b
277.md	19	KR2a0036_WYG_146-2a
277.md	27	KR2a0036_WYG_146-2b
277.md	35	KR2a0036_WYG_146-3a
277.md	43	KR2a0036_WYG_146-3b
277.md	51	KR2a0036_WYG_146-4a
277.md	59	KR2a0036_WYG_146-4b
277.md	67	KR2a0036_WYG_146-5a
277.md	75	KR2a0036_WYG_146-5b
277.md	83	KR2a0036_WYG_146-6a
277.md	91	KR2a0036_WYG_146-6b
277.md	99	KR2a0036_WYG_146-7a
277.md	107	KR2a0036_WYG_146-7b
277.md	115	KR2a0036_WYG_146-8a
277.md	123	KR2a0036_WYG_146-8b
277.md	131	KR2a0036_WYG_146-9a
277.md	139	KR2a0036_WYG_146-9b
277.md	147	KR2a0036_WYG_146-10a
277.md	155	KR2a0036_WYG_146-10b
277.md	163	KR2a0036_WYG_146-11a
277.md	171	KR2a0036_WYG_146-11b
277.md	179	KR2a0036_WYG_146-12a
277.md	187	KR2a0036_WYG_146-12b
277.md	195	KR2a0036_WYG_146-13a
277.md	203	KR2a0036_WYG_146-13b
277.md	211	KR2a0036_WYG_146-14a
277.md	219	KR2a0036_WYG_146-14b
277.md	227	KR2a0036_WYG_146-15a
277.md	235	KR2a0036_WYG_146-15b
277.md	243	KR2a0036_WYG_146-16a
277.md	251	KR2a0036_WYG_146-16b
277.md	259	KR2a0036_WYG_146-17a
277.md	267	KR2a0036_WYG_146-17b
278.md	3	KR2a0036_WYG_146-18a
278.md	11	KR2a0036_WYG_146-18b
279.md	3	KR2a0036_WYG_147-1a
279.md	11	KR2a0036_WYG_147-1b
279.md	19	KR2a0036_WYG_147-2a
279.md	27	KR2a0036_WYG_147-2b
279.md	35	KR2a0036_WYG_147-3a
279.md	43	KR2a0036_WYG_147-3b
279.md	51	KR2a0036_WYG_147-4a
279.md	59	KR2a0036_WYG_147-4b
279.md	67	KR2a0036_WYG_147-5a
279.md	75	KR2a0036_WYG_147-5b
279.md	83	KR2a0036_WYG_147-6a
279.md	91	KR2a0036_WYG_147-6b
279.md	99	KR2a0036_WYG_147-7a
279.md	107	KR2a0036_WYG_147-7b
279.md	115	KR2a0036_WYG_147-8a
279.md	123	KR2a0036_WYG_147-8b
279.md	131	KR2a0036_WYG_147-9a
279.md	139	KR2a0036_WYG_147-9b
279.md	147	KR2a0036_WYG_147-10a
279.md	155	KR2a0036_WYG_147-10b
279.md	163	KR2a0036_WYG_147-11a
279.md	171	KR2a0036_WYG_147-11b
279.md	179	KR2a0036_WYG_147-12a
279.md	187	KR2a0036_WYG_147-12b
279.md	195	KR2a0036_WYG_147-13a
279.md	203	KR2a0036_WYG_147-13b
279.md	211	KR2a0036_WYG_147-14a
279.md	219	KR2a0036_WYG_147-14b
279.md	227	KR2a0036_WYG_147-15a
279.md	235	KR2a0036_WYG_147-15b
279.md	243	KR2a0036_WYG_147-16a
279.md	251	KR2a0036_WYG_147-16b
279.md	259	KR2a0036_WYG_147-17a
279.md	267	KR2a0036_WYG_147-17b
279.md	275	KR2a0036_WYG_147-18a
279.md	283	KR2a0036_WYG_147-18b
279.md	291	KR2a0036_WYG_147-19a
279.md	299	KR2a0036_WYG_147-19b
279.md	307	KR2a0036_WYG_147-20a
279.md	315	KR2a0036_WYG_147-20b
279.md	323	KR2a0036_WYG_147-21a
279.md	331	KR2a0036_WYG_147-21b
279.md	339	KR2a0036_WYG_147-22a
279.md	347	KR2a0036_WYG_147-22b
279.md	355	KR2a0036_WYG_147-23a
279.md	363	KR2a0036_WYG_147-23b
280.md	3	KR2a0036_WYG_147-24a
280.md	7	KR2a0036_WYG_147-24b
281.md	3	KR2a0036_WYG_148-1a
281.md	11	KR2a0036_WYG_148-1b
281.md	19	KR2a0036_WYG_148-2a
281.md	27	KR2a0036_WYG_148-2b
281.md	35	KR2a0036_WYG_148-3a
281.md	43	KR2a0036_WYG_148-3b
281.md	51	KR2a0036_WYG_148-4a
281.md	59	KR2a0036_WYG_148-4b
281.md	67	KR2a0036_WYG_148-5a
281.md	75	KR2a0036_WYG_148-5b
281.md	83	KR2a0036_WYG_148-6a
281.md	91	KR2a0036_WYG_148-6b
281.md	99	KR2a0036_WYG_148-7a
281.md	107	KR2a0036_WYG_148-7b
281.md	115	KR2a0036_WYG_148-8a
281.md	123	KR2a0036_WYG_148-8b
281.md	131	KR2a0036_WYG_148-9a
281.md	139	KR2a0036_WYG_148-9b
281.md	147	KR2a0036_WYG_148-10a
281.md	155	KR2a0036_WYG_148-10b
281.md	163	KR2a0036_WYG_148-11a
281.md	171	KR2a0036_WYG_148-11b
281.md	179	KR2a0036_WYG_148-12a
281.md	187	KR2a0036_WYG_148-12b
281.md	195	KR2a0036_WYG_148-13a
281.md	203	KR2a0036_WYG_148-13b
281.md	211	KR2a0036_WYG_148-14a
281.md	219	KR2a0036_WYG_148-14b
281.md	227	KR2a0036_WYG_148-15a
281.md	235	KR2a0036_WYG_148-15b
281.md	243	KR2a0036_WYG_148-16a
281.md	251	KR2a0036_WYG_148-16b
281.md	259	KR2a0036_WYG_148-17a
281.md	267	KR2a0036_WYG_148-17b
281.md	275	KR2a0036_WYG_148-18a
281.md	283	KR2a0036_WYG_148-18b
281.md	291	KR2a0036_WYG_148-19a
281.md	299	KR2a0036_WYG_148-19b
281.md	307	KR2a0036_WYG_148-20a
281.md	315	KR2a0036_WYG_148-20b
281.md	323	KR2a0036_WYG_148-21a
281.md	331	KR2a0036_WYG_148-21b
281.md	339	KR2a0036_WYG_148-22a
281.md	347	KR2a0036_WYG_148-22b
281.md	355	KR2a0036_WYG_148-23a
281.md	363	KR2a0036_WYG_148-23b
281.md	371	KR2a0036_WYG_148-24a
281.md	379	KR2a0036_WYG_148-24b
282.md	3	KR2a0036_WYG_148-25a
282.md	11	KR2a0036_WYG_148-25b
283.md	3	KR2a0036_WYG_149-1a
283.md	11	KR2a0036_WYG_149-1b
283.md	19	KR2a0036_WYG_149-2a
283.md	27	KR2a0036_WYG_149-2b
283.md	35	KR2a0036_WYG_149-3a
283.md	43	KR2a0036_WYG_149-3b
283.md	51	KR2a0036_WYG_149-4a
283.md	59	KR2a0036_WYG_149-4b
283.md	67	KR2a0036_WYG_149-5a
283.md	75	KR2a0036_WYG_149-5b
283.md	83	KR2a0036_WYG_149-6a
283.md	91	KR2a0036_WYG_149-6b
283.md	99	KR2a0036_WYG_149-7a
283.md	107	KR2a0036_WYG_149-7b
283.md	115	KR2a0036_WYG_149-8a
283.md	123	KR2a0036_WYG_149-8b
283.md	131	KR2a0036_WYG_149-9a
283.md	139	KR2a0036_WYG_149-9b
283.md	147	KR2a0036_WYG_149-10a
283.md	155	KR2a0036_WYG_149-10b
283.md	163	KR2a0036_WYG_149-11a
283.md	171	KR2a0036_WYG_149-11b
283.md	179	KR2a0036_WYG_149-12a
283.md	187	KR2a0036_WYG_149-12b
283.md	195	KR2a0036_WYG_149-13a
283.md	203	KR2a0036_WYG_149-13b
283.md	211	KR2a0036_WYG_149-14a
283.md	219	KR2a0036_WYG_149-14b
283.md	227	KR2a0036_WYG_149-15a
283.md	235	KR2a0036_WYG_149-15b
283.md	243	KR2a0036_WYG_149-16a
283.md	251	KR2a0036_WYG_149-16b
283.md	259	KR2a0036_WYG_149-17a
283.md	267	KR2a0036_WYG_149-17b
283.md	275	KR2a0036_WYG_149-18a
283.md	283	KR2a0036_WYG_149-18b
283.md	291	KR2a0036_WYG_149-19a
283.md	299	KR2a0036_WYG_149-19b
283.md	307	KR2a0036_WYG_149-20a
283.md	315	KR2a0036_WYG_149-20b
283.md	323	KR2a0036_WYG_149-21a
283.md	331	KR2a0036_WYG_149-21b
283.md	339	KR2a0036_WYG_149-22a
283.md	347	KR2a0036_WYG_149-22b
283.md	355	KR2a0036_WYG_149-23a
283.md	363	KR2a0036_WYG_149-23b
283.md	371	KR2a0036_WYG_149-24a
283.md	379	KR2a0036_WYG_149-24b
283.md	387	KR2a0036_WYG_149-25a
283.md	395	KR2a0036_WYG_149-25b
283.md	403	KR2a0036_WYG_149-26a
283.md	411	KR2a0036_WYG_149-26b
283.md	419	KR2a0036_WYG_149-27a
283.md	427	KR2a0036_WYG_149-27b
283.md	435	KR2a0036_WYG_149-28a
283.md	443	KR2a0036_WYG_149-28b
283.md	451	KR2a0036_WYG_149-29a
283.md	459	KR2a0036_WYG_149-29b
283.md	467	KR2a0036_WYG_149-30a
283.md	475	KR2a0036_WYG_149-30b
283.md	483	KR2a0036_WYG_149-31a
283.md	491	KR2a0036_WYG_149-31b
283.md	499	KR2a0036_WYG_149-32a
283.md	507	KR2a0036_WYG_149-32b
283.md	515	KR2a0036_WYG_149-33a
283.md	523	KR2a0036_WYG_149-33b
284.md	3	KR2a0036_WYG_149-34a
284.md	6	KR2a0036_WYG_149-34b
285.md	3	KR2a0036_WYG_150-1a
285.md	11	KR2a0036_WYG_150-1b
285.md	19	KR2a0036_WYG_150-2a
285.md	27	KR2a0036_WYG_150-2b
285.md	35	KR2a0036_WYG_150-3a
285.md	43	KR2a0036_WYG_150-3b
285.md	51	KR2a0036_WYG_150-4a
285.md	59	KR2a0036_WYG_150-4b
285.md	67	KR2a0036_WYG_150-5a
285.md	75	KR2a0036_WYG_150-5b
285.md	83	KR2a0036_WYG_150-6a
285.md	91	KR2a0036_WYG_150-6b
285.md	99	KR2a0036_WYG_150-7a
285.md	107	KR2a0036_WYG_150-7b
285.md	115	KR2a0036_WYG_150-8a
285.md	123	KR2a0036_WYG_150-8b
285.md	131	KR2a0036_WYG_150-9a
285.md	139	KR2a0036_WYG_150-9b
285.md	147	KR2a0036_WYG_150-10a
285.md	155	KR2a0036_WYG_150-10b
285.md	163	KR2a0036_WYG_150-11a
285.md	171	KR2a0036_WYG_150-11b
285.md	179	KR2a0036_WYG_150-12a
285.md	187	KR2a0036_WYG_150-12b
285.md	195	KR2a0036_WYG_150-13a
285.md	203	KR2a0036_WYG_150-13b
285.md	211	KR2a0036_WYG_150-14a
285.md	219	KR2a0036_WYG_150-14b
285.md	227	KR2a0036_WYG_150-15a
285.md	235	KR2a0036_WYG_150-15b
285.md	243	KR2a0036_WYG_150-16a
285.md	251	KR2a0036_WYG_150-16b
285.md	259	KR2a0036_WYG_150-17a
285.md	267	KR2a0036_WYG_150-17b
285.md	275	KR2a0036_WYG_150-18a
285.md	283	KR2a0036_WYG_150-18b
285.md	291	KR2a0036_WYG_150-19a
285.md	299	KR2a0036_WYG_150-19b
285.md	307	KR2a0036_WYG_150-20a
285.md	315	KR2a0036_WYG_150-20b
285.md	323	KR2a0036_WYG_150-21a
285.md	331	KR2a0036_WYG_150-21b
285.md	339	KR2a0036_WYG_150-22a
285.md	347	KR2a0036_WYG_150-22b
285.md	355	KR2a0036_WYG_150-23a
285.md	363	KR2a0036_WYG_150-23b
285.md	371	KR2a0036_WYG_150-24a
285.md	379	KR2a0036_WYG_150-24b
285.md	387	KR2a0036_WYG_150-25a
285.md	395	KR2a0036_WYG_150-25b
286.md	3	KR2a0036_WYG_151-1a
286.md	11	KR2a0036_WYG_151-1b
286.md	19	KR2a0036_WYG_151-2a
286.md	27	KR2a0036_WYG_151-2b
286.md	35	KR2a0036_WYG_151-3a
286.md	43	KR2a0036_WYG_151-3b
286.md	51	KR2a0036_WYG_151-4a
286.md	59	KR2a0036_WYG_151-4b
286.md	67	KR2a0036_WYG_151-5a
286.md	75	KR2a0036_WYG_151-5b
286.md	83	KR2a0036_WYG_151-6a
286.md	91	KR2a0036_WYG_151-6b
286.md	99	KR2a0036_WYG_151-7a
286.md	107	KR2a0036_WYG_151-7b
286.md	115	KR2a0036_WYG_151-8a
286.md	123	KR2a0036_WYG_151-8b
286.md	131	KR2a0036_WYG_151-9a
286.md	139	KR2a0036_WYG_151-9b
286.md	147	KR2a0036_WYG_151-10a
286.md	155	KR2a0036_WYG_151-10b
286.md	163	KR2a0036_WYG_151-11a
286.md	171	KR2a0036_WYG_151-11b
286.md	179	KR2a0036_WYG_151-12a
286.md	187	KR2a0036_WYG_151-12b
286.md	195	KR2a0036_WYG_151-13a
286.md	203	KR2a0036_WYG_151-13b
286.md	211	KR2a0036_WYG_151-14a
286.md	219	KR2a0036_WYG_151-14b
286.md	227	KR2a0036_WYG_151-15a
286.md	235	KR2a0036_WYG_151-15b
286.md	243	KR2a0036_WYG_151-16a
286.md	251	KR2a0036_WYG_151-16b
286.md	259	KR2a0036_WYG_151-17a
286.md	267	KR2a0036_WYG_151-17b
286.md	275	KR2a0036_WYG_151-18a
286.md	283	KR2a0036_WYG_151-18b
286.md	291	KR2a0036_WYG_151-19a
286.md	299	KR2a0036_WYG_151-19b
286.md	307	KR2a0036_WYG_151-20a
286.md	315	KR2a0036_WYG_151-20b
286.md	323	KR2a0036_WYG_151-21a
286.md	331	KR2a0036_WYG_151-21b
286.md	339	KR2a0036_WYG_151-22a
286.md	347	KR2a0036_WYG_151-22b
286.md	355	KR2a0036_WYG_151-23a
286.md	363	KR2a0036_WYG_151-23b
286.md	371	KR2a0036_WYG_151-24a
286.md	379	KR2a0036_WYG_151-24b
286.md	387	KR2a0036_WYG_151-25a
286.md	395	KR2a0036_WYG_151-25b
286.md	403	KR2a0036_WYG_151-26a
286.md	411	KR2a0036_WYG_151-26b
286.md	419	KR2a0036_WYG_151-27a
286.md	427	KR2a0036_WYG_151-27b
286.md	435	KR2a0036_WYG_151-28a
286.md	443	KR2a0036_WYG_151-28b
287.md	3	KR2a0036_WYG_151-29a
287.md	8	KR2a0036_WYG_151-29b
288.md	3	KR2a0036_WYG_152-1a
288.md	11	KR2a0036_WYG_152-1b
288.md	19	KR2a0036_WYG_152-2a
288.md	27	KR2a0036_WYG_152-2b
288.md	35	KR2a0036_WYG_152-3a
288.md	43	KR2a0036_WYG_152-3b
288.md	51	KR2a0036_WYG_152-4a
288.md	59	KR2a0036_WYG_152-4b
288.md	67	KR2a0036_WYG_152-5a
288.md	75	KR2a0036_WYG_152-5b
288.md	83	KR2a0036_WYG_152-6a
288.md	91	KR2a0036_WYG_152-6b
288.md	99	KR2a0036_WYG_152-7a
288.md	107	KR2a0036_WYG_152-7b
288.md	115	KR2a0036_WYG_152-8a
288.md	123	KR2a0036_WYG_152-8b
288.md	131	KR2a0036_WYG_152-9a
288.md	139	KR2a0036_WYG_152-9b
288.md	147	KR2a0036_WYG_152-10a
288.md	155	KR2a0036_WYG_152-10b
288.md	163	KR2a0036_WYG_152-11a
288.md	171	KR2a0036_WYG_152-11b
288.md	179	KR2a0036_WYG_152-12a
288.md	187	KR2a0036_WYG_152-12b
288.md	195	KR2a0036_WYG_152-13a
288.md	203	KR2a0036_WYG_152-13b
288.md	211	KR2a0036_WYG_152-14a
288.md	219	KR2a0036_WYG_152-14b
288.md	227	KR2a0036_WYG_152-15a
288.md	235	KR2a0036_WYG_152-15b
288.md	243	KR2a0036_WYG_152-16a
288.md	251	KR2a0036_WYG_152-16b
288.md	259	KR2a0036_WYG_152-17a
288.md	267	KR2a0036_WYG_152-17b
288.md	275	KR2a0036_WYG_152-18a
288.md	283	KR2a0036_WYG_152-18b
288.md	291	KR2a0036_WYG_152-19a
288.md	299	KR2a0036_WYG_152-19b
288.md	307	KR2a0036_WYG_152-20a
288.md	315	KR2a0036_WYG_152-20b
288.md	323	KR2a0036_WYG_152-21a
288.md	331	KR2a0036_WYG_152-21b
288.md	339	KR2a0036_WYG_152-22a
288.md	347	KR2a0036_WYG_152-22b
289.md	3	KR2a0036_WYG_153-1a
289.md	11	KR2a0036_WYG_153-1b
289.md	19	KR2a0036_WYG_153-2a
289.md	27	KR2a0036_WYG_153-2b
289.md	35	KR2a0036_WYG_153-3a
289.md	43	KR2a0036_WYG_153-3b
289.md	51	KR2a0036_WYG_153-4a
289.md	59	KR2a0036_WYG_153-4b
289.md	67	KR2a0036_WYG_153-5a
289.md	75	KR2a0036_WYG_153-5b
289.md	83	KR2a0036_WYG_153-6a
289.md	91	KR2a0036_WYG_153-6b
289.md	99	KR2a0036_WYG_153-7a
289.md	107	KR2a0036_WYG_153-7b
289.md	115	KR2a0036_WYG_153-8a
289.md	123	KR2a0036_WYG_153-8b
289.md	131	KR2a0036_WYG_153-9a
289.md	139	KR2a0036_WYG_153-9b
289.md	147	KR2a0036_WYG_153-10a
289.md	155	KR2a0036_WYG_153-10b
289.md	163	KR2a0036_WYG_153-11a
289.md	171	KR2a0036_WYG_153-11b
289.md	179	KR2a0036_WYG_153-12a
289.md	187	KR2a0036_WYG_153-12b
289.md	195	KR2a0036_WYG_153-13a
289.md	203	KR2a0036_WYG_153-13b
289.md	211	KR2a0036_WYG_153-14a
289.md	219	KR2a0036_WYG_153-14b
289.md	227	KR2a0036_WYG_153-15a
289.md	235	KR2a0036_WYG_153-15b
289.md	243	KR2a0036_WYG_153-16a
289.md	251	KR2a0036_WYG_153-16b
289.md	259	KR2a0036_WYG_153-17a
289.md	267	KR2a0036_WYG_153-17b
289.md	275	KR2a0036_WYG_153-18a
289.md	283	KR2a0036_WYG_153-18b
289.md	291	KR2a0036_WYG_153-19a
289.md	299	KR2a0036_WYG_153-19b
289.md	307	KR2a0036_WYG_153-20a
289.md	315	KR2a0036_WYG_153-20b
289.md	323	KR2a0036_WYG_153-21a
289.md	331	KR2a0036_WYG_153-21b
290.md	3	KR2a0036_WYG_154-1a
290.md	11	KR2a0036_WYG_154-1b
290.md	19	KR2a0036_WYG_154-2a
290.md	27	KR2a0036_WYG_154-2b
290.md	35	KR2a0036_WYG_154-3a
290.md	43	KR2a0036_WYG_154-3b
290.md	51	KR2a0036_WYG_154-4a
290.md	59	KR2a0036_WYG_154-4b
290.md	67	KR2a0036_WYG_154-5a
290.md	75	KR2a0036_WYG_154-5b
290.md	83	KR2a0036_WYG_154-6a
290.md	91	KR2a0036_WYG_154-6b
290.md	99	KR2a0036_WYG_154-7a
290.md	107	KR2a0036_WYG_154-7b
290.md	115	KR2a0036_WYG_154-8a
290.md	123	KR2a0036_WYG_154-8b
290.md	131	KR2a0036_WYG_154-9a
290.md	139	KR2a0036_WYG_154-9b
290.md	147	KR2a0036_WYG_154-10a
290.md	155	KR2a0036_WYG_154-10b
290.md	163	KR2a0036_WYG_154-11a
290.md	171	KR2a0036_WYG_154-11b
290.md	179	KR2a0036_WYG_154-12a
290.md	187	KR2a0036_WYG_154-12b
290.md	195	KR2a0036_WYG_154-13a
290.md	203	KR2a0036_WYG_154-13b
290.md	211	KR2a0036_WYG_154-14a
290.md	219	KR2a0036_WYG_154-14b
290.md	227	KR2a0036_WYG_154-15a
290.md	235	KR2a0036_WYG_154-15b
290.md	243	KR2a0036_WYG_154-16a
290.md	251	KR2a0036_WYG_154-16b
290.md	259	KR2a0036_WYG_154-17a
290.md	267	KR2a0036_WYG_154-17b
290.md	275	KR2a0036_WYG_154-18a
290.md	283	KR2a0036_WYG_154-18b
290.md	291	KR2a0036_WYG_154-19a
290.md	299	KR2a0036_WYG_154-19b
290.md	307	KR2a0036_WYG_154-20a
290.md	315	KR2a0036_WYG_154-20b
290.md	323	KR2a0036_WYG_154-21a
290.md	331	KR2a0036_WYG_154-21b
290.md	339	KR2a0036_WYG_154-22a
290.md	347	KR2a0036_WYG_154-22b
290.md	355	KR2a0036_WYG_154-23a
290.md	363	KR2a0036_WYG_154-23b
291.md	3	KR2a0036_WYG_154-24a
291.md	8	KR2a0036_WYG_154-24b
292.md	3	KR2a0036_WYG_155-1a
292.md	11	KR2a0036_WYG_155-1b
292.md	19	KR2a0036_WYG_155-2a
292.md	27	KR2a0036_WYG_155-2b
292.md	35	KR2a0036_WYG_155-3a
292.md	43	KR2a0036_WYG_155-3b
292.md	51	KR2a0036_WYG_155-4a
292.md	59	KR2a0036_WYG_155-4b
292.md	67	KR2a0036_WYG_155-5a
292.md	75	KR2a0036_WYG_155-5b
292.md	83	KR2a0036_WYG_155-6a
292.md	91	KR2a0036_WYG_155-6b
292.md	99	KR2a0036_WYG_155-7a
292.md	107	KR2a0036_WYG_155-7b
292.md	115	KR2a0036_WYG_155-8a
292.md	123	KR2a0036_WYG_155-8b
292.md	131	KR2a0036_WYG_155-9a
292.md	139	KR2a0036_WYG_155-9b
292.md	147	KR2a0036_WYG_155-10a
292.md	155	KR2a0036_WYG_155-10b
292.md	163	KR2a0036_WYG_155-11a
292.md	171	KR2a0036_WYG_155-11b
292.md	179	KR2a0036_WYG_155-12a
292.md	187	KR2a0036_WYG_155-12b
292.md	195	KR2a0036_WYG_155-13a
292.md	203	KR2a0036_WYG_155-13b
292.md	211	KR2a0036_WYG_155-14a
292.md	219	KR2a0036_WYG_155-14b
292.md	227	KR2a0036_WYG_155-15a
292.md	235	KR2a0036_WYG_155-15b
292.md	243	KR2a0036_WYG_155-16a
292.md	251	KR2a0036_WYG_155-16b
292.md	259	KR2a0036_WYG_155-17a
292.md	267	KR2a0036_WYG_155-17b
292.md	275	KR2a0036_WYG_155-18a
292.md	283	KR2a0036_WYG_155-18b
292.md	291	KR2a0036_WYG_155-19a
292.md	299	KR2a0036_WYG_155-19b
292.md	307	KR2a0036_WYG_155-20a
292.md	315	KR2a0036_WYG_155-20b
292.md	323	KR2a0036_WYG_155-21a
292.md	331	KR2a0036_WYG_155-21b
292.md	339	KR2a0036_WYG_155-22a
292.md	347	KR2a0036_WYG_155-22b
293.md	3	KR2a0036_WYG_155-23a
293.md	9	KR2a0036_WYG_155-23b
294.md	3	KR2a0036_WYG_156-1a
294.md	11	KR2a0036_WYG_156-1b
294.md	19	KR2a0036_WYG_156-2a
294.md	27	KR2a0036_WYG_156-2b
294.md	35	KR2a0036_WYG_156-3a
294.md	43	KR2a0036_WYG_156-3b
294.md	51	KR2a0036_WYG_156-4a
294.md	59	KR2a0036_WYG_156-4b
294.md	67	KR2a0036_WYG_156-5a
294.md	75	KR2a0036_WYG_156-5b
294.md	83	KR2a0036_WYG_156-6a
294.md	91	KR2a0036_WYG_156-6b
294.md	99	KR2a0036_WYG_156-7a
294.md	107	KR2a0036_WYG_156-7b
294.md	115	KR2a0036_WYG_156-8a
294.md	123	KR2a0036_WYG_156-8b
294.md	131	KR2a0036_WYG_156-9a
294.md	139	KR2a0036_WYG_156-9b
294.md	147	KR2a0036_WYG_156-10a
294.md	155	KR2a0036_WYG_156-10b
294.md	163	KR2a0036_WYG_156-11a
294.md	171	KR2a0036_WYG_156-11b
294.md	179	KR2a0036_WYG_156-12a
294.md	187	KR2a0036_WYG_156-12b
294.md	195	KR2a0036_WYG_156-13a
294.md	203	KR2a0036_WYG_156-13b
294.md	211	KR2a0036_WYG_156-14a
294.md	219	KR2a0036_WYG_156-14b
294.md	227	KR2a0036_WYG_156-15a
294.md	235	KR2a0036_WYG_156-15b
294.md	243	KR2a0036_WYG_156-16a
294.md	251	KR2a0036_WYG_156-16b
294.md	259	KR2a0036_WYG_156-17a
294.md	267	KR2a0036_WYG_156-17b
294.md	275	KR2a0036_WYG_156-18a
294.md	283	KR2a0036_WYG_156-18b
294.md	291	KR2a0036_WYG_156-19a
294.md	299	KR2a0036_WYG_156-19b
294.md	307	KR2a0036_WYG_156-20a
294.md	315	KR2a0036_WYG_156-20b
294.md	323	KR2a0036_WYG_156-21a
294.md	331	KR2a0036_WYG_156-21b
294.md	339	KR2a0036_WYG_156-22a
294.md	347	KR2a0036_WYG_156-22b
294.md	355	KR2a0036_WYG_156-23a
294.md	363	KR2a0036_WYG_156-23b
295.md	3	KR2a0036_WYG_156-24a
295.md	8	KR2a0036_WYG_156-24b
296.md	3	KR2a0036_WYG_157-1a
296.md	11	KR2a0036_WYG_157-1b
296.md	19	KR2a0036_WYG_157-2a
296.md	27	KR2a0036_WYG_157-2b
296.md	35	KR2a0036_WYG_157-3a
296.md	43	KR2a0036_WYG_157-3b
296.md	51	KR2a0036_WYG_157-4a
296.md	59	KR2a0036_WYG_157-4b
296.md	67	KR2a0036_WYG_157-5a
296.md	75	KR2a0036_WYG_157-5b
296.md	83	KR2a0036_WYG_157-6a
296.md	91	KR2a0036_WYG_157-6b
296.md	99	KR2a0036_WYG_157-7a
296.md	107	KR2a0036_WYG_157-7b
296.md	115	KR2a0036_WYG_157-8a
296.md	123	KR2a0036_WYG_157-8b
296.md	131	KR2a0036_WYG_157-9a
296.md	139	KR2a0036_WYG_157-9b
296.md	147	KR2a0036_WYG_157-10a
296.md	155	KR2a0036_WYG_157-10b
296.md	163	KR2a0036_WYG_157-11a
296.md	171	KR2a0036_WYG_157-11b
296.md	179	KR2a0036_WYG_157-12a
296.md	187	KR2a0036_WYG_157-12b
296.md	195	KR2a0036_WYG_157-13a
296.md	203	KR2a0036_WYG_157-13b
296.md	211	KR2a0036_WYG_157-14a
296.md	219	KR2a0036_WYG_157-14b
296.md	227	KR2a0036_WYG_157-15a
296.md	235	KR2a0036_WYG_157-15b
296.md	243	KR2a0036_WYG_157-16a
296.md	251	KR2a0036_WYG_157-16b
296.md	259	KR2a0036_WYG_157-17a
296.md	267	KR2a0036_WYG_157-17b
296.md	275	KR2a0036_WYG_157-18a
296.md	283	KR2a0036_WYG_157-18b
296.md	291	KR2a0036_WYG_157-19a
296.md	299	KR2a0036_WYG_157-19b
296.md	307	KR2a0036_WYG_157-20a
296.md	315	KR2a0036_WYG_157-20b
296.md	323	KR2a0036_WYG_157-21a
296.md	331	KR2a0036_WYG_157-21b
296.md	339	KR2a0036_WYG_157-22a
296.md	347	KR2a0036_WYG_157-22b
296.md	355	KR2a0036_WYG_157-23a
296.md	363	KR2a0036_WYG_157-23b
296.md	371	KR2a0036_WYG_157-24a
296.md	379	KR2a0036_WYG_157-24b
296.md	387	KR2a0036_WYG_157-25a
296.md	395	KR2a0036_WYG_157-25b
296.md	403	KR2a0036_WYG_157-26a
296.md	411	KR2a0036_WYG_157-26b
296.md	419	KR2a0036_WYG_157-27a
296.md	427	KR2a0036_WYG_157-27b
296.md	435	KR2a0036_WYG_157-28a
296.md	443	KR2a0036_WYG_157-28b
296.md	451	KR2a0036_WYG_157-29a
296.md	459	KR2a0036_WYG_157-29b
297.md	3	KR2a0036_WYG_158-1a
297.md	11	KR2a0036_WYG_158-1b
297.md	19	KR2a0036_WYG_158-2a
297.md	27	KR2a0036_WYG_158-2b
297.md	35	KR2a0036_WYG_158-3a
297.md	43	KR2a0036_WYG_158-3b
297.md	51	KR2a0036_WYG_158-4a
297.md	59	KR2a0036_WYG_158-4b
297.md	67	KR2a0036_WYG_158-5a
297.md	75	KR2a0036_WYG_158-5b
297.md	83	KR2a0036_WYG_158-6a
297.md	91	KR2a0036_WYG_158-6b
297.md	99	KR2a0036_WYG_158-7a
297.md	107	KR2a0036_WYG_158-7b
297.md	115	KR2a0036_WYG_158-8a
297.md	123	KR2a0036_WYG_158-8b
297.md	131	KR2a0036_WYG_158-9a
297.md	139	KR2a0036_WYG_158-9b
297.md	147	KR2a0036_WYG_158-10a
297.md	155	KR2a0036_WYG_158-10b
297.md	163	KR2a0036_WYG_158-11a
297.md	171	KR2a0036_WYG_158-11b
297.md	179	KR2a0036_WYG_158-12a
297.md	187	KR2a0036_WYG_158-12b
297.md	195	KR2a0036_WYG_158-13a
297.md	203	KR2a0036_WYG_158-13b
297.md	211	KR2a0036_WYG_158-14a
297.md	219	KR2a0036_WYG_158-14b
297.md	227	KR2a0036_WYG_158-15a
297.md	235	KR2a0036_WYG_158-15b
297.md	243	KR2a0036_WYG_158-16a
297.md	251	KR2a0036_WYG_158-16b
297.md	259	KR2a0036_WYG_158-17a
297.md	267	KR2a0036_WYG_158-17b
297.md	275	KR2a0036_WYG_158-18a
297.md	283	KR2a0036_WYG_158-18b
297.md	291	KR2a0036_WYG_158-19a
297.md	299	KR2a0036_WYG_158-19b
297.md	307	KR2a0036_WYG_158-20a
297.md	315	KR2a0036_WYG_158-20b
297.md	323	KR2a0036_WYG_158-21a
297.md	331	KR2a0036_WYG_158-21b
297.md	339	KR2a0036_WYG_158-22a
297.md	347	KR2a0036_WYG_158-22b
297.md	355	KR2a0036_WYG_158-23a
297.md	363	KR2a0036_WYG_158-23b
297.md	371	KR2a0036_WYG_158-24a
297.md	379	KR2a0036_WYG_158-24b
297.md	387	KR2a0036_WYG_158-25a
297.md	395	KR2a0036_WYG_158-25b
297.md	403	KR2a0036_WYG_158-26a
297.md	411	KR2a0036_WYG_158-26b
297.md	419	KR2a0036_WYG_158-27a
297.md	427	KR2a0036_WYG_158-27b
297.md	435	KR2a0036_WYG_158-28a
297.md	443	KR2a0036_WYG_158-28b
297.md	451	KR2a0036_WYG_158-29a
297.md	459	KR2a0036_WYG_158-29b
297.md	467	KR2a0036_WYG_158-30a
297.md	475	KR2a0036_WYG_158-30b
297.md	483	KR2a0036_WYG_158-31a
297.md	491	KR2a0036_WYG_158-31b
298.md	3	KR2a0036_WYG_158-32a
298.md	7	KR2a0036_WYG_158-32b
299.md	3	KR2a0036_WYG_159-1a
299.md	11	KR2a0036_WYG_159-1b
299.md	19	KR2a0036_WYG_159-2a
299.md	27	KR2a0036_WYG_159-2b
299.md	35	KR2a0036_WYG_159-3a
299.md	43	KR2a0036_WYG_159-3b
299.md	51	KR2a0036_WYG_159-4a
299.md	59	KR2a0036_WYG_159-4b
299.md	67	KR2a0036_WYG_159-5a
299.md	75	KR2a0036_WYG_159-5b
299.md	83	KR2a0036_WYG_159-6a
299.md	91	KR2a0036_WYG_159-6b
299.md	99	KR2a0036_WYG_159-7a
299.md	107	KR2a0036_WYG_159-7b
299.md	115	KR2a0036_WYG_159-8a
299.md	123	KR2a0036_WYG_159-8b
299.md	131	KR2a0036_WYG_159-9a
299.md	139	KR2a0036_WYG_159-9b
299.md	147	KR2a0036_WYG_159-10a
299.md	155	KR2a0036_WYG_159-10b
299.md	163	KR2a0036_WYG_159-11a
299.md	171	KR2a0036_WYG_159-11b
299.md	179	KR2a0036_WYG_159-12a
299.md	187	KR2a0036_WYG_159-12b
299.md	195	KR2a0036_WYG_159-13a
299.md	203	KR2a0036_WYG_159-13b
299.md	211	KR2a0036_WYG_159-14a
299.md	219	KR2a0036_WYG_159-14b
299.md	227	KR2a0036_WYG_159-15a
299.md	235	KR2a0036_WYG_159-15b
299.md	243	KR2a0036_WYG_159-16a
299.md	251	KR2a0036_WYG_159-16b
299.md	259	KR2a0036_WYG_159-17a
299.md	267	KR2a0036_WYG_159-17b
299.md	275	KR2a0036_WYG_159-18a
299.md	283	KR2a0036_WYG_159-18b
299.md	291	KR2a0036_WYG_159-19a
299.md	299	KR2a0036_WYG_159-19b
300.md	3	KR2a0036_WYG_160-1a
300.md	11	KR2a0036_WYG_160-1b
300.md	19	KR2a0036_WYG_160-2a
300.md	27	KR2a0036_WYG_160-2b
300.md	35	KR2a0036_WYG_160-3a
300.md	43	KR2a0036_WYG_160-3b
300.md	51	KR2a0036_WYG_160-4a
300.md	59	KR2a0036_WYG_160-4b
300.md	67	KR2a0036_WYG_160-5a
300.md	75	KR2a0036_WYG_160-5b
300.md	83	KR2a0036_WYG_160-6a
300.md	91	KR2a0036_WYG_160-6b
300.md	99	KR2a0036_WYG_160-7a
300.md	107	KR2a0036_WYG_160-7b
300.md	115	KR2a0036_WYG_160-8a
300.md	123	KR2a0036_WYG_160-8b
300.md	131	KR2a0036_WYG_160-9a
300.md	139	KR2a0036_WYG_160-9b
300.md	147	KR2a0036_WYG_160-10a
300.md	155	KR2a0036_WYG_160-10b
300.md	163	KR2a0036_WYG_160-11a
300.md	171	KR2a0036_WYG_160-11b
300.md	179	KR2a0036_WYG_160-12a
300.md	187	KR2a0036_WYG_160-12b
300.md	195	KR2a0036_WYG_160-13a
300.md	203	KR2a0036_WYG_160-13b
300.md	211	KR2a0036_WYG_160-14a
300.md	219	KR2a0036_WYG_160-14b
300.md	227	KR2a0036_WYG_160-15a
300.md	235	KR2a0036_WYG_160-15b
300.md	243	KR2a0036_WYG_160-16a
300.md	251	KR2a0036_WYG_160-16b
300.md	259	KR2a0036_WYG_160-17a
300.md	267	KR2a0036_WYG_160-17b
300.md	275	KR2a0036_WYG_160-18a
300.md	283	KR2a0036_WYG_160-18b
300.md	291	KR2a0036_WYG_160-19a
300.md	299	KR2a0036_WYG_160-19b
300.md	307	KR2a0036_WYG_160-20a
300.md	315	KR2a0036_WYG_160-20b
300.md	323	KR2a0036_WYG_160-21a
300.md	331	KR2a0036_WYG_160-21b
300.md	339	KR2a0036_WYG_160-22a
300.md	347	KR2a0036_WYG_160-22b
300.md	355	KR2a0036_WYG_160-23a
300.md	363	KR2a0036_WYG_160-23b
300.md	371	KR2a0036_WYG_160-24a
300.md	379	KR2a0036_WYG_160-24b
300.md	387	KR2a0036_WYG_160-25a
300.md	395	KR2a0036_WYG_160-25b
300.md	403	KR2a0036_WYG_160-26a
300.md	411	KR2a0036_WYG_160-26b
300.md	419	KR2a0036_WYG_160-27a
300.md	427	KR2a0036_WYG_160-27b
300.md	435	KR2a0036_WYG_160-28a
300.md	443	KR2a0036_WYG_160-28b
300.md	451	KR2a0036_WYG_160-29a
300.md	459	KR2a0036_WYG_160-29b
300.md	467	KR2a0036_WYG_160-30a
300.md	475	KR2a0036_WYG_160-30b
301.md	3	KR2a0036_WYG_161-1a
301.md	11	KR2a0036_WYG_161-1b
301.md	19	KR2a0036_WYG_161-2a
301.md	27	KR2a0036_WYG_161-2b
301.md	35	KR2a0036_WYG_161-3a
301.md	43	KR2a0036_WYG_161-3b
301.md	51	KR2a0036_WYG_161-4a
301.md	59	KR2a0036_WYG_161-4b
301.md	67	KR2a0036_WYG_161-5a
301.md	75	KR2a0036_WYG_161-5b
301.md	83	KR2a0036_WYG_161-6a
301.md	91	KR2a0036_WYG_161-6b
301.md	99	KR2a0036_WYG_161-7a
301.md	107	KR2a0036_WYG_161-7b
301.md	115	KR2a0036_WYG_161-8a
301.md	123	KR2a0036_WYG_161-8b
301.md	131	KR2a0036_WYG_161-9a
301.md	139	KR2a0036_WYG_161-9b
301.md	147	KR2a0036_WYG_161-10a
301.md	155	KR2a0036_WYG_161-10b
301.md	163	KR2a0036_WYG_161-11a
301.md	171	KR2a0036_WYG_161-11b
301.md	179	KR2a0036_WYG_161-12a
301.md	187	KR2a0036_WYG_161-12b
301.md	195	KR2a0036_WYG_161-13a
301.md	203	KR2a0036_WYG_161-13b
301.md	211	KR2a0036_WYG_161-14a
301.md	219	KR2a0036_WYG_161-14b
301.md	227	KR2a0036_WYG_161-15a
301.md	235	KR2a0036_WYG_161-15b
301.md	243	KR2a0036_WYG_161-16a
301.md	251	KR2a0036_WYG_161-16b
302.md	3	KR2a0036_WYG_162-1a
302.md	11	KR2a0036_WYG_162-1b
302.md	19	KR2a0036_WYG_162-2a
302.md	27	KR2a0036_WYG_162-2b
302.md	35	KR2a0036_WYG_162-3a
302.md	43	KR2a0036_WYG_162-3b
302.md	51	KR2a0036_WYG_162-4a
302.md	59	KR2a0036_WYG_162-4b
302.md	67	KR2a0036_WYG_162-5a
302.md	75	KR2a0036_WYG_162-5b
302.md	83	KR2a0036_WYG_162-6a
302.md	91	KR2a0036_WYG_162-6b
302.md	99	KR2a0036_WYG_162-7a
302.md	107	KR2a0036_WYG_162-7b
302.md	115	KR2a0036_WYG_162-8a
302.md	123	KR2a0036_WYG_162-8b
302.md	131	KR2a0036_WYG_162-9a
302.md	139	KR2a0036_WYG_162-9b
302.md	147	KR2a0036_WYG_162-10a
302.md	155	KR2a0036_WYG_162-10b
302.md	163	KR2a0036_WYG_162-11a
302.md	171	KR2a0036_WYG_162-11b
302.md	179	KR2a0036_WYG_162-12a
302.md	187	KR2a0036_WYG_162-12b
302.md	195	KR2a0036_WYG_162-13a
302.md	203	KR2a0036_WYG_162-13b
302.md	211	KR2a0036_WYG_162-14a
302.md	219	KR2a0036_WYG_162-14b
302.md	227	KR2a0036_WYG_162-15a
302.md	235	KR2a0036_WYG_162-15b
302.md	243	KR2a0036_WYG_162-16a
302.md	251	KR2a0036_WYG_162-16b
302.md	259	KR2a0036_WYG_162-17a
302.md	267	KR2a0036_WYG_162-17b
302.md	275	KR2a0036_WYG_162-18a
302.md	283	KR2a0036_WYG_162-18b
302.md	291	KR2a0036_WYG_162-19a
302.md	299	KR2a0036_WYG_162-19b
302.md	307	KR2a0036_WYG_162-20a
302.md	315	KR2a0036_WYG_162-20b
302.md	323	KR2a0036_WYG_162-21a
302.md	331	KR2a0036_WYG_162-21b
302.md	339	KR2a0036_WYG_162-22a
302.md	347	KR2a0036_WYG_162-22b
302.md	355	KR2a0036_WYG_162-23a
302.md	363	KR2a0036_WYG_162-23b
302.md	371	KR2a0036_WYG_162-24a
302.md	379	KR2a0036_WYG_162-24b
302.md	387	KR2a0036_WYG_162-25a
302.md	395	KR2a0036_WYG_162-25b
302.md	403	KR2a0036_WYG_162-26a
302.md	411	KR2a0036_WYG_162-26b
302.md	419	KR2a0036_WYG_162-27a
302.md	427	KR2a0036_WYG_162-27b
302.md	435	KR2a0036_WYG_162-28a
302.md	443	KR2a0036_WYG_162-28b
302.md	451	KR2a0036_WYG_162-29a
302.md	459	KR2a0036_WYG_162-29b
303.md	3	KR2a0036_WYG_162-30a
303.md	11	KR2a0036_WYG_162-30b
304.md	3	KR2a0036_WYG_163-1a
304.md	11	KR2a0036_WYG_163-1b
304.md	19	KR2a0036_WYG_163-2a
304.md	27	KR2a0036_WYG_163-2b
304.md	35	KR2a0036_WYG_163-3a
304.md	43	KR2a0036_WYG_163-3b
304.md	51	KR2a0036_WYG_163-4a
304.md	59	KR2a0036_WYG_163-4b
304.md	67	KR2a0036_WYG_163-5a
304.md	75	KR2a0036_WYG_163-5b
304.md	83	KR2a0036_WYG_163-6a
304.md	91	KR2a0036_WYG_163-6b
304.md	99	KR2a0036_WYG_163-7a
304.md	107	KR2a0036_WYG_163-7b
304.md	115	KR2a0036_WYG_163-8a
304.md	123	KR2a0036_WYG_163-8b
304.md	131	KR2a0036_WYG_163-9a
304.md	139	KR2a0036_WYG_163-9b
304.md	147	KR2a0036_WYG_163-10a
304.md	155	KR2a0036_WYG_163-10b
304.md	163	KR2a0036_WYG_163-11a
304.md	171	KR2a0036_WYG_163-11b
304.md	179	KR2a0036_WYG_163-12a
304.md	187	KR2a0036_WYG_163-12b
304.md	195	KR2a0036_WYG_163-13a
304.md	203	KR2a0036_WYG_163-13b
304.md	211	KR2a0036_WYG_163-14a
304.md	219	KR2a0036_WYG_163-14b
304.md	227	KR2a0036_WYG_163-15a
304.md	235	KR2a0036_WYG_163-15b
304.md	243	KR2a0036_WYG_163-16a
304.md	251	KR2a0036_WYG_163-16b
304.md	259	KR2a0036_WYG_163-17a
304.md	267	KR2a0036_WYG_163-17b
304.md	275	KR2a0036_WYG_163-18a
304.md	283	KR2a0036_WYG_163-18b
304.md	291	KR2a0036_WYG_163-19a
304.md	299	KR2a0036_WYG_163-19b
304.md	307	KR2a0036_WYG_163-20a
304.md	315	KR2a0036_WYG_163-20b
304.md	323	KR2a0036_WYG_163-21a
304.md	331	KR2a0036_WYG_163-21b
304.md	339	KR2a0036_WYG_163-22a
304.md	347	KR2a0036_WYG_163-22b
304.md	355	KR2a0036_WYG_163-23a
304.md	363	KR2a0036_WYG_163-23b
304.md	371	KR2a0036_WYG_163-24a
304.md	379	KR2a0036_WYG_163-24b
304.md	387	KR2a0036_WYG_163-25a
304.md	395	KR2a0036_WYG_163-25b
304.md	403	KR2a0036_WYG_163-26a
304.md	411	KR2a0036_WYG_163-26b
304.md	419	KR2a0036_WYG_163-27a
304.md	427	KR2a0036_WYG_163-27b
304.md	435	KR2a0036_WYG_163-28a
304.md	443	KR2a0036_WYG_163-28b
304.md	451	KR2a0036_WYG_163-29a
304.md	459	KR2a0036_WYG_163-29b
304.md	467	KR2a0036_WYG_163-30a
304.md	475	KR2a0036_WYG_163-30b
304.md	483	KR2a0036_WYG_163-31a
304.md	491	KR2a0036_WYG_163-31b
305.md	3	KR2a0036_WYG_163-32a
305.md	11	KR2a0036_WYG_163-32b
306.md	3	KR2a0036_WYG_164-1a
306.md	11	KR2a0036_WYG_164-1b
306.md	19	KR2a0036_WYG_164-2a
306.md	27	KR2a0036_WYG_164-2b
306.md	35	KR2a0036_WYG_164-3a
306.md	43	KR2a0036_WYG_164-3b
306.md	51	KR2a0036_WYG_164-4a
306.md	59	KR2a0036_WYG_164-4b
306.md	67	KR2a0036_WYG_164-5a
306.md	75	KR2a0036_WYG_164-5b
306.md	83	KR2a0036_WYG_164-6a
306.md	91	KR2a0036_WYG_164-6b
306.md	99	KR2a0036_WYG_164-7a
306.md	107	KR2a0036_WYG_164-7b
306.md	115	KR2a0036_WYG_164-8a
306.md	123	KR2a0036_WYG_164-8b
306.md	131	KR2a0036_WYG_164-9a
306.md	139	KR2a0036_WYG_164-9b
306.md	147	KR2a0036_WYG_164-10a
306.md	155	KR2a0036_WYG_164-10b
306.md	163	KR2a0036_WYG_164-11a
306.md	171	KR2a0036_WYG_164-11b
306.md	179	KR2a0036_WYG_164-12a
306.md	187	KR2a0036_WYG_164-12b
306.md	195	KR2a0036_WYG_164-13a
306.md	203	KR2a0036_WYG_164-13b
306.md	211	KR2a0036_WYG_164-14a
306.md	219	KR2a0036_WYG_164-14b
306.md	227	KR2a0036_WYG_164-15a
306.md	235	KR2a0036_WYG_164-15b
306.md	243	KR2a0036_WYG_164-16a
306.md	251	KR2a0036_WYG_164-16b
306.md	259	KR2a0036_WYG_164-17a
306.md	267	KR2a0036_WYG_164-17b
306.md	275	KR2a0036_WYG_164-18a
306.md	283	KR2a0036_WYG_164-18b
306.md	291	KR2a0036_WYG_164-19a
306.md	299	KR2a0036_WYG_164-19b
306.md	307	KR2a0036_WYG_164-20a
306.md	315	KR2a0036_WYG_164-20b
306.md	323	KR2a0036_WYG_164-21a
306.md	331	KR2a0036_WYG_164-21b
306.md	339	KR2a0036_WYG_164-22a
306.md	347	KR2a0036_WYG_164-22b
306.md	355	KR2a0036_WYG_164-23a
306.md	363	KR2a0036_WYG_164-23b
306.md	371	KR2a0036_WYG_164-24a
306.md	379	KR2a0036_WYG_164-24b
306.md	387	KR2a0036_WYG_164-25a
306.md	395	KR2a0036_WYG_164-25b
306.md	403	KR2a0036_WYG_164-26a
306.md	411	KR2a0036_WYG_164-26b
306.md	419	KR2a0036_WYG_164-27a
306.md	427	KR2a0036_WYG_164-27b
306.md	435	KR2a0036_WYG_164-28a
306.md	443	KR2a0036_WYG_164-28b
307.md	3	KR2a0036_WYG_164-29a
307.md	11	KR2a0036_WYG_164-29b
307.md	19	KR2a0036_WYG_164-30a
307.md	23	KR2a0036_WYG_164-30b
308.md	3	KR2a0036_WYG_165-1a
308.md	11	KR2a0036_WYG_165-1b
308.md	19	KR2a0036_WYG_165-2a
308.md	27	KR2a0036_WYG_165-2b
308.md	35	KR2a0036_WYG_165-3a
308.md	43	KR2a0036_WYG_165-3b
308.md	51	KR2a0036_WYG_165-4a
308.md	59	KR2a0036_WYG_165-4b
308.md	67	KR2a0036_WYG_165-5a
308.md	75	KR2a0036_WYG_165-5b
308.md	83	KR2a0036_WYG_165-6a
308.md	91	KR2a0036_WYG_165-6b
308.md	99	KR2a0036_WYG_165-7a
308.md	107	KR2a0036_WYG_165-7b
308.md	115	KR2a0036_WYG_165-8a
308.md	123	KR2a0036_WYG_165-8b
308.md	131	KR2a0036_WYG_165-9a
308.md	139	KR2a0036_WYG_165-9b
308.md	147	KR2a0036_WYG_165-10a
308.md	155	KR2a0036_WYG_165-10b
308.md	163	KR2a0036_WYG_165-11a
308.md	171	KR2a0036_WYG_165-11b
308.md	179	KR2a0036_WYG_165-12a
308.md	187	KR2a0036_WYG_165-12b
308.md	195	KR2a0036_WYG_165-13a
308.md	203	KR2a0036_WYG_165-13b
308.md	211	KR2a0036_WYG_165-14a
308.md	219	KR2a0036_WYG_165-14b
308.md	227	KR2a0036_WYG_165-15a
308.md	235	KR2a0036_WYG_165-15b
308.md	243	KR2a0036_WYG_165-16a
308.md	251	KR2a0036_WYG_165-16b
308.md	259	KR2a0036_WYG_165-17a
308.md	267	KR2a0036_WYG_165-17b
308.md	275	KR2a0036_WYG_165-18a
308.md	283	KR2a0036_WYG_165-18b
308.md	291	KR2a0036_WYG_165-19a
308.md	299	KR2a0036_WYG_165-19b
308.md	307	KR2a0036_WYG_165-20a
308.md	315	KR2a0036_WYG_165-20b
308.md	323	KR2a0036_WYG_165-21a
308.md	331	KR2a0036_WYG_165-21b
308.md	339	KR2a0036_WYG_165-22a
308.md	347	KR2a0036_WYG_165-22b
308.md	355	KR2a0036_WYG_165-23a
308.md	363	KR2a0036_WYG_165-23b
308.md	371	KR2a0036_WYG_165-24a
308.md	379	KR2a0036_WYG_165-24b
308.md	387	KR2a0036_WYG_165-25a
308.md	395	KR2a0036_WYG_165-25b
308.md	403	KR2a0036_WYG_165-26a
308.md	411	KR2a0036_WYG_165-26b
308.md	419	KR2a0036_WYG_165-27a
308.md	427	KR2a0036_WYG_165-27b
309.md	3	KR2a0036_WYG_165-28a
309.md	11	KR2a0036_WYG_165-28b
309.md	19	KR2a0036_WYG_165-29a
309.md	27	KR2a0036_WYG_165-29b
310.md	3	KR2a0036_WYG_166-1a
310.md	11	KR2a0036_WYG_166-1b
310.md	19	KR2a0036_WYG_166-2a
310.md	27	KR2a0036_WYG_166-2b
310.md	35	KR2a0036_WYG_166-3a
310.md	43	KR2a0036_WYG_166-3b
310.md	51	KR2a0036_WYG_166-4a
310.md	59	KR2a0036_WYG_166-4b
310.md	67	KR2a0036_WYG_166-5a
310.md	75	KR2a0036_WYG_166-5b
310.md	83	KR2a0036_WYG_166-6a
310.md	91	KR2a0036_WYG_166-6b
310.md	99	KR2a0036_WYG_166-7a
310.md	107	KR2a0036_WYG_166-7b
310.md	115	KR2a0036_WYG_166-8a
310.md	123	KR2a0036_WYG_166-8b
310.md	131	KR2a0036_WYG_166-9a
310.md	139	KR2a0036_WYG_166-9b
310.md	147	KR2a0036_WYG_166-10a
310.md	155	KR2a0036_WYG_166-10b
310.md	163	KR2a0036_WYG_166-11a
310.md	171	KR2a0036_WYG_166-11b
310.md	179	KR2a0036_WYG_166-12a
310.md	187	KR2a0036_WYG_166-12b
310.md	195	KR2a0036_WYG_166-13a
310.md	203	KR2a0036_WYG_166-13b
310.md	211	KR2a0036_WYG_166-14a
310.md	219	KR2a0036_WYG_166-14b
310.md	227	KR2a0036_WYG_166-15a
310.md	235	KR2a0036_WYG_166-15b
310.md	243	KR2a0036_WYG_166-16a
310.md	251	KR2a0036_WYG_166-16b
310.md	259	KR2a0036_WYG_166-17a
310.md	267	KR2a0036_WYG_166-17b
310.md	275	KR2a0036_WYG_166-18a
310.md	283	KR2a0036_WYG_166-18b
310.md	291	KR2a0036_WYG_166-19a
310.md	299	KR2a0036_WYG_166-19b
310.md	307	KR2a0036_WYG_166-20a
310.md	315	KR2a0036_WYG_166-20b
310.md	323	KR2a0036_WYG_166-21a
310.md	331	KR2a0036_WYG_166-21b
310.md	339	KR2a0036_WYG_166-22a
310.md	347	KR2a0036_WYG_166-22b
310.md	355	KR2a0036_WYG_166-23a
310.md	363	KR2a0036_WYG_166-23b
310.md	371	KR2a0036_WYG_166-24a
310.md	379	KR2a0036_WYG_166-24b
310.md	387	KR2a0036_WYG_166-25a
310.md	395	KR2a0036_WYG_166-25b
310.md	403	KR2a0036_WYG_166-26a
310.md	411	KR2a0036_WYG_166-26b
310.md	419	KR2a0036_WYG_166-27a
310.md	427	KR2a0036_WYG_166-27b
310.md	435	KR2a0036_WYG_166-28a
310.md	443	KR2a0036_WYG_166-28b
311.md	3	KR2a0036_WYG_166-29a
311.md	11	KR2a0036_WYG_166-29b
312.md	3	KR2a0036_WYG_167-1a
312.md	11	KR2a0036_WYG_167-1b
312.md	19	KR2a0036_WYG_167-2a
312.md	27	KR2a0036_WYG_167-2b
312.md	35	KR2a0036_WYG_167-3a
312.md	43	KR2a0036_WYG_167-3b
312.md	51	KR2a0036_WYG_167-4a
312.md	59	KR2a0036_WYG_167-4b
312.md	67	KR2a0036_WYG_167-5a
312.md	75	KR2a0036_WYG_167-5b
312.md	83	KR2a0036_WYG_167-6a
312.md	91	KR2a0036_WYG_167-6b
312.md	99	KR2a0036_WYG_167-7a
312.md	107	KR2a0036_WYG_167-7b
312.md	115	KR2a0036_WYG_167-8a
312.md	123	KR2a0036_WYG_167-8b
312.md	131	KR2a0036_WYG_167-9a
312.md	139	KR2a0036_WYG_167-9b
312.md	147	KR2a0036_WYG_167-10a
312.md	155	KR2a0036_WYG_167-10b
312.md	163	KR2a0036_WYG_167-11a
312.md	171	KR2a0036_WYG_167-11b
312.md	179	KR2a0036_WYG_167-12a
312.md	187	KR2a0036_WYG_167-12b
312.md	195	KR2a0036_WYG_167-13a
312.md	203	KR2a0036_WYG_167-13b
312.md	211	KR2a0036_WYG_167-14a
312.md	219	KR2a0036_WYG_167-14b
312.md	227	KR2a0036_WYG_167-15a
312.md	235	KR2a0036_WYG_167-15b
312.md	243	KR2a0036_WYG_167-16a
312.md	251	KR2a0036_WYG_167-16b
312.md	259	KR2a0036_WYG_167-17a
312.md	267	KR2a0036_WYG_167-17b
312.md	275	KR2a0036_WYG_167-18a
312.md	283	KR2a0036_WYG_167-18b
312.md	291	KR2a0036_WYG_167-19a
312.md	299	KR2a0036_WYG_167-19b
312.md	307	KR2a0036_WYG_167-20a
312.md	315	KR2a0036_WYG_167-20b
312.md	323	KR2a0036_WYG_167-21a
312.md	331	KR2a0036_WYG_167-21b
312.md	339	KR2a0036_WYG_167-22a
312.md	347	KR2a0036_WYG_167-22b
312.md	355	KR2a0036_WYG_167-23a
312.md	363	KR2a0036_WYG_167-23b
312.md	371	KR2a0036_WYG_167-24a
312.md	379	KR2a0036_WYG_167-24b
312.md	387	KR2a0036_WYG_167-25a
312.md	395	KR2a0036_WYG_167-25b
312.md	403	KR2a0036_WYG_167-26a
312.md	411	KR2a0036_WYG_167-26b
313.md	3	KR2a0036_WYG_167-27a
313.md	11	KR2a0036_WYG_167-27b
314.md	3	KR2a0036_WYG_168-1a
314.md	11	KR2a0036_WYG_168-1b
314.md	19	KR2a0036_WYG_168-2a
314.md	27	KR2a0036_WYG_168-2b
314.md	35	KR2a0036_WYG_168-3a
314.md	43	KR2a0036_WYG_168-3b
314.md	51	KR2a0036_WYG_168-4a
314.md	59	KR2a0036_WYG_168-4b
314.md	67	KR2a0036_WYG_168-5a
314.md	75	KR2a0036_WYG_168-5b
314.md	83	KR2a0036_WYG_168-6a
314.md	91	KR2a0036_WYG_168-6b
314.md	99	KR2a0036_WYG_168-7a
314.md	107	KR2a0036_WYG_168-7b
314.md	115	KR2a0036_WYG_168-8a
314.md	123	KR2a0036_WYG_168-8b
314.md	131	KR2a0036_WYG_168-9a
314.md	139	KR2a0036_WYG_168-9b
314.md	147	KR2a0036_WYG_168-10a
314.md	155	KR2a0036_WYG_168-10b
314.md	163	KR2a0036_WYG_168-11a
314.md	171	KR2a0036_WYG_168-11b
314.md	179	KR2a0036_WYG_168-12a
314.md	187	KR2a0036_WYG_168-12b
314.md	195	KR2a0036_WYG_168-13a
314.md	203	KR2a0036_WYG_168-13b
314.md	211	KR2a0036_WYG_168-14a
314.md	219	KR2a0036_WYG_168-14b
314.md	227	KR2a0036_WYG_168-15a
314.md	235	KR2a0036_WYG_168-15b
314.md	243	KR2a0036_WYG_168-16a
314.md	251	KR2a0036_WYG_168-16b
314.md	259	KR2a0036_WYG_168-17a
314.md	267	KR2a0036_WYG_168-17b
314.md	275	KR2a0036_WYG_168-18a
314.md	283	KR2a0036_WYG_168-18b
314.md	291	KR2a0036_WYG_168-19a
314.md	299	KR2a0036_WYG_168-19b
314.md	307	KR2a0036_WYG_168-20a
314.md	315	KR2a0036_WYG_168-20b
314.md	323	KR2a0036_WYG_168-21a
314.md	331	KR2a0036_WYG_168-21b
314.md	339	KR2a0036_WYG_168-22a
314.md	347	KR2a0036_WYG_168-22b
314.md	355	KR2a0036_WYG_168-23a
314.md	363	KR2a0036_WYG_168-23b
314.md	371	KR2a0036_WYG_168-24a
314.md	379	KR2a0036_WYG_168-24b
314.md	387	KR2a0036_WYG_168-25a
314.md	395	KR2a0036_WYG_168-25b
314.md	403	KR2a0036_WYG_168-26a
314.md	411	KR2a0036_WYG_168-26b
314.md	419	KR2a0036_WYG_168-27a
314.md	427	KR2a0036_WYG_168-27b
314.md	435	KR2a0036_WYG_168-28a
314.md	443	KR2a0036_WYG_168-28b
314.md	451	KR2a0036_WYG_168-29a
314.md	459	KR2a0036_WYG_168-29b
314.md	467	KR2a0036_WYG_168-30a
314.md	475	KR2a0036_WYG_168-30b
314.md	483	KR2a0036_WYG_168-31a
314.md	491	KR2a0036_WYG_168-31b
314.md	499	KR2a0036_WYG_168-32a
314.md	507	KR2a0036_WYG_168-32b
314.md	515	KR2a0036_WYG_168-33a
314.md	523	KR2a0036_WYG_168-33b
314.md	531	KR2a0036_WYG_168-34a
314.md	539	KR2a0036_WYG_168-34b
315.md	3	KR2a0036_WYG_168-35a
315.md	11	KR2a0036_WYG_168-35b
316.md	3	KR2a0036_WYG_169-1a
316.md	11	KR2a0036_WYG_169-1b
316.md	19	KR2a0036_WYG_169-2a
316.md	27	KR2a0036_WYG_169-2b
316.md	35	KR2a0036_WYG_169-3a
316.md	43	KR2a0036_WYG_169-3b
316.md	51	KR2a0036_WYG_169-4a
316.md	59	KR2a0036_WYG_169-4b
316.md	67	KR2a0036_WYG_169-5a
316.md	75	KR2a0036_WYG_169-5b
316.md	83	KR2a0036_WYG_169-6a
316.md	91	KR2a0036_WYG_169-6b
316.md	99	KR2a0036_WYG_169-7a
316.md	107	KR2a0036_WYG_169-7b
316.md	115	KR2a0036_WYG_169-8a
316.md	123	KR2a0036_WYG_169-8b
316.md	131	KR2a0036_WYG_169-9a
316.md	139	KR2a0036_WYG_169-9b
316.md	147	KR2a0036_WYG_169-10a
316.md	155	KR2a0036_WYG_169-10b
316.md	163	KR2a0036_WYG_169-11a
316.md	171	KR2a0036_WYG_169-11b
316.md	179	KR2a0036_WYG_169-12a
316.md	187	KR2a0036_WYG_169-12b
316.md	195	KR2a0036_WYG_169-13a
316.md	203	KR2a0036_WYG_169-13b
316.md	211	KR2a0036_WYG_169-14a
316.md	219	KR2a0036_WYG_169-14b
316.md	227	KR2a0036_WYG_169-15a
316.md	235	KR2a0036_WYG_169-15b
316.md	243	KR2a0036_WYG_169-16a
316.md	251	KR2a0036_WYG_169-16b
316.md	259	KR2a0036_WYG_169-17a
316.md	267	KR2a0036_WYG_169-17b
316.md	275	KR2a0036_WYG_169-18a
316.md	283	KR2a0036_WYG_169-18b
316.md	291	KR2a0036_WYG_169-19a
316.md	299	KR2a0036_WYG_169-19b
316.md	307	KR2a0036_WYG_169-20a
316.md	315	KR2a0036_WYG_169-20b
316.md	323	KR2a0036_WYG_169-21a
316.md	331	KR2a0036_WYG_169-21b
317.md	3	KR2a0036_WYG_169-22a
317.md	11	KR2a0036_WYG_169-22b
318.md	3	KR2a0036_WYG_170-1a
318.md	11	KR2a0036_WYG_170-1b
318.md	19	KR2a0036_WYG_170-2a
318.md	27	KR2a0036_WYG_170-2b
318.md	35	KR2a0036_WYG_170-3a
318.md	43	KR2a0036_WYG_170-3b
318.md	51	KR2a0036_WYG_170-4a
318.md	59	KR2a0036_WYG_170-4b
318.md	67	KR2a0036_WYG_170-5a
318.md	75	KR2a0036_WYG_170-5b
318.md	83	KR2a0036_WYG_170-6a
318.md	91	KR2a0036_WYG_170-6b
318.md	99	KR2a0036_WYG_170-7a
318.md	107	KR2a0036_WYG_170-7b
318.md	115	KR2a0036_WYG_170-8a
318.md	123	KR2a0036_WYG_170-8b
318.md	131	KR2a0036_WYG_170-9a
318.md	139	KR2a0036_WYG_170-9b
318.md	147	KR2a0036_WYG_170-10a
318.md	155	KR2a0036_WYG_170-10b
318.md	163	KR2a0036_WYG_170-11a
318.md	171	KR2a0036_WYG_170-11b
318.md	179	KR2a0036_WYG_170-12a
318.md	187	KR2a0036_WYG_170-12b
318.md	195	KR2a0036_WYG_170-13a
318.md	203	KR2a0036_WYG_170-13b
318.md	211	KR2a0036_WYG_170-14a
318.md	219	KR2a0036_WYG_170-14b
318.md	227	KR2a0036_WYG_170-15a
318.md	235	KR2a0036_WYG_170-15b
318.md	243	KR2a0036_WYG_170-16a
318.md	251	KR2a0036_WYG_170-16b
318.md	259	KR2a0036_WYG_170-17a
318.md	267	KR2a0036_WYG_170-17b
318.md	275	KR2a0036_WYG_170-18a
318.md	283	KR2a0036_WYG_170-18b
318.md	291	KR2a0036_WYG_170-19a
318.md	299	KR2a0036_WYG_170-19b
318.md	307	KR2a0036_WYG_170-20a
318.md	315	KR2a0036_WYG_170-20b
318.md	323	KR2a0036_WYG_170-21a
318.md	331	KR2a0036_WYG_170-21b
318.md	339	KR2a0036_WYG_170-22a
318.md	347	KR2a0036_WYG_170-22b
318.md	355	KR2a0036_WYG_170-23a
318.md	363	KR2a0036_WYG_170-23b
318.md	371	KR2a0036_WYG_170-24a
318.md	379	KR2a0036_WYG_170-24b
318.md	387	KR2a0036_WYG_170-25a
318.md	395	KR2a0036_WYG_170-25b
318.md	403	KR2a0036_WYG_170-26a
318.md	411	KR2a0036_WYG_170-26b
319.md	3	KR2a0036_WYG_170-27a
319.md	11	KR2a0036_WYG_170-27b
320.md	3	KR2a0036_WYG_171-1a
320.md	11	KR2a0036_WYG_171-1b
320.md	19	KR2a0036_WYG_171-2a
320.md	27	KR2a0036_WYG_171-2b
320.md	35	KR2a0036_WYG_171-3a
320.md	43	KR2a0036_WYG_171-3b
320.md	51	KR2a0036_WYG_171-4a
320.md	59	KR2a0036_WYG_171-4b
320.md	67	KR2a0036_WYG_171-5a
320.md	75	KR2a0036_WYG_171-5b
320.md	83	KR2a0036_WYG_171-6a
320.md	91	KR2a0036_WYG_171-6b
320.md	99	KR2a0036_WYG_171-7a
320.md	107	KR2a0036_WYG_171-7b
320.md	115	KR2a0036_WYG_171-8a
320.md	123	KR2a0036_WYG_171-8b
320.md	131	KR2a0036_WYG_171-9a
320.md	139	KR2a0036_WYG_171-9b
320.md	147	KR2a0036_WYG_171-10a
320.md	155	KR2a0036_WYG_171-10b
321.md	3	KR2a0036_WYG_171-11a
321.md	7	KR2a0036_WYG_171-11b
322.md	3	KR2a0036_WYG_172-1a
322.md	11	KR2a0036_WYG_172-1b
322.md	19	KR2a0036_WYG_172-2a
322.md	27	KR2a0036_WYG_172-2b
322.md	35	KR2a0036_WYG_172-3a
322.md	43	KR2a0036_WYG_172-3b
322.md	51	KR2a0036_WYG_172-4a
322.md	59	KR2a0036_WYG_172-4b
322.md	67	KR2a0036_WYG_172-5a
322.md	75	KR2a0036_WYG_172-5b
322.md	83	KR2a0036_WYG_172-6a
322.md	91	KR2a0036_WYG_172-6b
322.md	99	KR2a0036_WYG_172-7a
322.md	107	KR2a0036_WYG_172-7b
322.md	115	KR2a0036_WYG_172-8a
322.md	123	KR2a0036_WYG_172-8b
322.md	131	KR2a0036_WYG_172-9a
322.md	139	KR2a0036_WYG_172-9b
322.md	147	KR2a0036_WYG_172-10a
322.md	155	KR2a0036_WYG_172-10b
322.md	163	KR2a0036_WYG_172-11a
322.md	171	KR2a0036_WYG_172-11b
322.md	179	KR2a0036_WYG_172-12a
322.md	187	KR2a0036_WYG_172-12b
322.md	195	KR2a0036_WYG_172-13a
322.md	203	KR2a0036_WYG_172-13b
322.md	211	KR2a0036_WYG_172-14a
322.md	219	KR2a0036_WYG_172-14b
322.md	227	KR2a0036_WYG_172-15a
322.md	235	KR2a0036_WYG_172-15b
322.md	243	KR2a0036_WYG_172-16a
322.md	251	KR2a0036_WYG_172-16b
322.md	259	KR2a0036_WYG_172-17a
322.md	267	KR2a0036_WYG_172-17b
322.md	275	KR2a0036_WYG_172-18a
322.md	283	KR2a0036_WYG_172-18b
322.md	291	KR2a0036_WYG_172-19a
322.md	299	KR2a0036_WYG_172-19b
322.md	307	KR2a0036_WYG_172-20a
322.md	315	KR2a0036_WYG_172-20b
322.md	323	KR2a0036_WYG_172-21a
322.md	331	KR2a0036_WYG_172-21b
322.md	339	KR2a0036_WYG_172-22a
322.md	347	KR2a0036_WYG_172-22b
322.md	355	KR2a0036_WYG_172-23a
322.md	363	KR2a0036_WYG_172-23b
323.md	3	KR2a0036_WYG_172-24a
323.md	11	KR2a0036_WYG_172-24b
324.md	3	KR2a0036_WYG_173-1a
324.md	11	KR2a0036_WYG_173-1b
324.md	19	KR2a0036_WYG_173-2a
324.md	27	KR2a0036_WYG_173-2b
324.md	35	KR2a0036_WYG_173-3a
324.md	43	KR2a0036_WYG_173-3b
324.md	51	KR2a0036_WYG_173-4a
324.md	59	KR2a0036_WYG_173-4b
324.md	67	KR2a0036_WYG_173-5a
324.md	75	KR2a0036_WYG_173-5b
324.md	83	KR2a0036_WYG_173-6a
324.md	91	KR2a0036_WYG_173-6b
324.md	99	KR2a0036_WYG_173-7a
324.md	107	KR2a0036_WYG_173-7b
324.md	115	KR2a0036_WYG_173-8a
324.md	123	KR2a0036_WYG_173-8b
324.md	131	KR2a0036_WYG_173-9a
324.md	139	KR2a0036_WYG_173-9b
324.md	147	KR2a0036_WYG_173-10a
324.md	155	KR2a0036_WYG_173-10b
324.md	163	KR2a0036_WYG_173-11a
324.md	171	KR2a0036_WYG_173-11b
324.md	179	KR2a0036_WYG_173-12a
324.md	187	KR2a0036_WYG_173-12b
324.md	195	KR2a0036_WYG_173-13a
324.md	203	KR2a0036_WYG_173-13b
324.md	211	KR2a0036_WYG_173-14a
324.md	219	KR2a0036_WYG_173-14b
324.md	227	KR2a0036_WYG_173-15a
324.md	235	KR2a0036_WYG_173-15b
324.md	243	KR2a0036_WYG_173-16a
324.md	251	KR2a0036_WYG_173-16b
324.md	259	KR2a0036_WYG_173-17a
324.md	267	KR2a0036_WYG_173-17b
324.md	275	KR2a0036_WYG_173-18a
324.md	283	KR2a0036_WYG_173-18b
324.md	291	KR2a0036_WYG_173-19a
324.md	299	KR2a0036_WYG_173-19b
324.md	307	KR2a0036_WYG_173-20a
324.md	315	KR2a0036_WYG_173-20b
324.md	323	KR2a0036_WYG_173-21a
324.md	331	KR2a0036_WYG_173-21b
324.md	339	KR2a0036_WYG_173-22a
324.md	347	KR2a0036_WYG_173-22b
324.md	355	KR2a0036_WYG_173-23a
324.md	363	KR2a0036_WYG_173-23b
324.md	371	KR2a0036_WYG_173-24a
324.md	379	KR2a0036_WYG_173-24b
324.md	387	KR2a0036_WYG_173-25a
324.md	395	KR2a0036_WYG_173-25b
324.md	403	KR2a0036_WYG_173-26a
324.md	411	KR2a0036_WYG_173-26b
325.md	3	KR2a0036_WYG_173-27a
325.md	11	KR2a0036_WYG_173-27b
326.md	3	KR2a0036_WYG_174-1a
326.md	11	KR2a0036_WYG_174-1b
326.md	19	KR2a0036_WYG_174-2a
326.md	27	KR2a0036_WYG_174-2b
326.md	35	KR2a0036_WYG_174-3a
326.md	43	KR2a0036_WYG_174-3b
326.md	51	KR2a0036_WYG_174-4a
326.md	59	KR2a0036_WYG_174-4b
326.md	67	KR2a0036_WYG_174-5a
326.md	75	KR2a0036_WYG_174-5b
326.md	83	KR2a0036_WYG_174-6a
326.md	91	KR2a0036_WYG_174-6b
326.md	99	KR2a0036_WYG_174-7a
326.md	107	KR2a0036_WYG_174-7b
326.md	115	KR2a0036_WYG_174-8a
326.md	123	KR2a0036_WYG_174-8b
326.md	131	KR2a0036_WYG_174-9a
326.md	139	KR2a0036_WYG_174-9b
326.md	147	KR2a0036_WYG_174-10a
326.md	155	KR2a0036_WYG_174-10b
326.md	163	KR2a0036_WYG_174-11a
326.md	171	KR2a0036_WYG_174-11b
326.md	179	KR2a0036_WYG_174-12a
326.md	187	KR2a0036_WYG_174-12b
326.md	195	KR2a0036_WYG_174-13a
326.md	203	KR2a0036_WYG_174-13b
326.md	211	KR2a0036_WYG_174-14a
326.md	219	KR2a0036_WYG_174-14b
326.md	227	KR2a0036_WYG_174-15a
326.md	235	KR2a0036_WYG_174-15b
327.md	3	KR2a0036_WYG_174-16a
327.md	6	KR2a0036_WYG_174-16b
328.md	3	KR2a0036_WYG_175-1a
328.md	11	KR2a0036_WYG_175-1b
328.md	19	KR2a0036_WYG_175-2a
328.md	27	KR2a0036_WYG_175-2b
328.md	35	KR2a0036_WYG_175-3a
328.md	43	KR2a0036_WYG_175-3b
328.md	51	KR2a0036_WYG_175-4a
328.md	59	KR2a0036_WYG_175-4b
328.md	67	KR2a0036_WYG_175-5a
328.md	75	KR2a0036_WYG_175-5b
328.md	83	KR2a0036_WYG_175-6a
328.md	91	KR2a0036_WYG_175-6b
328.md	99	KR2a0036_WYG_175-7a
328.md	107	KR2a0036_WYG_175-7b
328.md	115	KR2a0036_WYG_175-8a
328.md	123	KR2a0036_WYG_175-8b
328.md	131	KR2a0036_WYG_175-9a
328.md	139	KR2a0036_WYG_175-9b
328.md	147	KR2a0036_WYG_175-10a
328.md	155	KR2a0036_WYG_175-10b
328.md	163	KR2a0036_WYG_175-11a
328.md	171	KR2a0036_WYG_175-11b
328.md	179	KR2a0036_WYG_175-12a
328.md	187	KR2a0036_WYG_175-12b
328.md	195	KR2a0036_WYG_175-13a
328.md	203	KR2a0036_WYG_175-13b
328.md	211	KR2a0036_WYG_175-14a
328.md	219	KR2a0036_WYG_175-14b
328.md	227	KR2a0036_WYG_175-15a
328.md	235	KR2a0036_WYG_175-15b
328.md	243	KR2a0036_WYG_175-16a
328.md	251	KR2a0036_WYG_175-16b
328.md	259	KR2a0036_WYG_175-17a
328.md	267	KR2a0036_WYG_175-17b
328.md	275	KR2a0036_WYG_175-18a
328.md	283	KR2a0036_WYG_175-18b
328.md	291	KR2a0036_WYG_175-19a
328.md	299	KR2a0036_WYG_175-19b
328.md	307	KR2a0036_WYG_175-20a
328.md	315	KR2a0036_WYG_175-20b
328.md	323	KR2a0036_WYG_175-21a
328.md	331	KR2a0036_WYG_175-21b
328.md	339	KR2a0036_WYG_175-22a
328.md	347	KR2a0036_WYG_175-22b
328.md	355	KR2a0036_WYG_175-23a
328.md	363	KR2a0036_WYG_175-23b
328.md	371	KR2a0036_WYG_175-24a
328.md	379	KR2a0036_WYG_175-24b
328.md	387	KR2a0036_WYG_175-25a
328.md	395	KR2a0036_WYG_175-25b
328.md	403	KR2a0036_WYG_175-26a
328.md	411	KR2a0036_WYG_175-26b
328.md	419	KR2a0036_WYG_175-27a
328.md	427	KR2a0036_WYG_175-27b
328.md	435	KR2a0036_WYG_175-28a
328.md	443	KR2a0036_WYG_175-28b
328.md	451	KR2a0036_WYG_175-29a
328.md	459	KR2a0036_WYG_175-29b
328.md	467	KR2a0036_WYG_175-30a
328.md	475	KR2a0036_WYG_175-30b
328.md	483	KR2a0036_WYG_175-31a
328.md	491	KR2a0036_WYG_175-31b
328.md	499	KR2a0036_WYG_175-32a
328.md	507	KR2a0036_WYG_175-32b
328.md	515	KR2a0036_WYG_175-33a
328.md	523	KR2a0036_WYG_175-33b
328.md	531	KR2a0036_WYG_175-34a
328.md	539	KR2a0036_WYG_175-34b
329.md	3	KR2a0036_WYG_175-35a
329.md	7	KR2a0036_WYG_175-35b
330.md	3	KR2a0036_WYG_176-1a
330.md	11	KR2a0036_WYG_176-1b
330.md	19	KR2a0036_WYG_176-2a
330.md	27	KR2a0036_WYG_176-2b
330.md	35	KR2a0036_WYG_176-3a
330.md	43	KR2a0036_WYG_176-3b
330.md	51	KR2a0036_WYG_176-4a
330.md	59	KR2a0036_WYG_176-4b
330.md	67	KR2a0036_WYG_176-5a
330.md	75	KR2a0036_WYG_176-5b
330.md	83	KR2a0036_WYG_176-6a
330.md	91	KR2a0036_WYG_176-6b
330.md	99	KR2a0036_WYG_176-7a
330.md	107	KR2a0036_WYG_176-7b
330.md	115	KR2a0036_WYG_176-8a
330.md	123	KR2a0036_WYG_176-8b
330.md	131	KR2a0036_WYG_176-9a
330.md	139	KR2a0036_WYG_176-9b
330.md	147	KR2a0036_WYG_176-10a
330.md	155	KR2a0036_WYG_176-10b
330.md	163	KR2a0036_WYG_176-11a
330.md	171	KR2a0036_WYG_176-11b
330.md	179	KR2a0036_WYG_176-12a
330.md	187	KR2a0036_WYG_176-12b
330.md	195	KR2a0036_WYG_176-13a
330.md	203	KR2a0036_WYG_176-13b
330.md	211	KR2a0036_WYG_176-14a
330.md	219	KR2a0036_WYG_176-14b
330.md	227	KR2a0036_WYG_176-15a
330.md	235	KR2a0036_WYG_176-15b
330.md	243	KR2a0036_WYG_176-16a
330.md	251	KR2a0036_WYG_176-16b
330.md	259	KR2a0036_WYG_176-17a
330.md	267	KR2a0036_WYG_176-17b
330.md	275	KR2a0036_WYG_176-18a
330.md	283	KR2a0036_WYG_176-18b
330.md	291	KR2a0036_WYG_176-19a
330.md	299	KR2a0036_WYG_176-19b
330.md	307	KR2a0036_WYG_176-20a
330.md	315	KR2a0036_WYG_176-20b
330.md	323	KR2a0036_WYG_176-21a
330.md	331	KR2a0036_WYG_176-21b
330.md	339	KR2a0036_WYG_176-22a
330.md	347	KR2a0036_WYG_176-22b
330.md	355	KR2a0036_WYG_176-23a
330.md	363	KR2a0036_WYG_176-23b
330.md	371	KR2a0036_WYG_176-24a
330.md	379	KR2a0036_WYG_176-24b
330.md	387	KR2a0036_WYG_176-25a
330.md	395	KR2a0036_WYG_176-25b
331.md	3	KR2a0036_WYG_176-26a
331.md	11	KR2a0036_WYG_176-26b
332.md	3	KR2a0036_WYG_177-1a
332.md	11	KR2a0036_WYG_177-1b
332.md	19	KR2a0036_WYG_177-2a
332.md	27	KR2a0036_WYG_177-2b
332.md	35	KR2a0036_WYG_177-3a
332.md	43	KR2a0036_WYG_177-3b
332.md	51	KR2a0036_WYG_177-4a
332.md	59	KR2a0036_WYG_177-4b
332.md	67	KR2a0036_WYG_177-5a
332.md	75	KR2a0036_WYG_177-5b
332.md	83	KR2a0036_WYG_177-6a
332.md	91	KR2a0036_WYG_177-6b
332.md	99	KR2a0036_WYG_177-7a
332.md	107	KR2a0036_WYG_177-7b
332.md	115	KR2a0036_WYG_177-8a
332.md	123	KR2a0036_WYG_177-8b
332.md	131	KR2a0036_WYG_177-9a
332.md	139	KR2a0036_WYG_177-9b
332.md	147	KR2a0036_WYG_177-10a
332.md	155	KR2a0036_WYG_177-10b
332.md	163	KR2a0036_WYG_177-11a
332.md	171	KR2a0036_WYG_177-11b
332.md	179	KR2a0036_WYG_177-12a
332.md	187	KR2a0036_WYG_177-12b
332.md	195	KR2a0036_WYG_177-13a
332.md	203	KR2a0036_WYG_177-13b
332.md	211	KR2a0036_WYG_177-14a
332.md	219	KR2a0036_WYG_177-14b
332.md	227	KR2a0036_WYG_177-15a
332.md	235	KR2a0036_WYG_177-15b
333.md	3	KR2a0036_WYG_177-16a
333.md	6	KR2a0036_WYG_177-16b
334.md	3	KR2a0036_WYG_178-1a
334.md	11	KR2a0036_WYG_178-1b
334.md	19	KR2a0036_WYG_178-2a
334.md	27	KR2a0036_WYG_178-2b
334.md	35	KR2a0036_WYG_178-3a
334.md	43	KR2a0036_WYG_178-3b
334.md	51	KR2a0036_WYG_178-4a
334.md	59	KR2a0036_WYG_178-4b
334.md	67	KR2a0036_WYG_178-5a
334.md	75	KR2a0036_WYG_178-5b
334.md	83	KR2a0036_WYG_178-6a
334.md	91	KR2a0036_WYG_178-6b
334.md	99	KR2a0036_WYG_178-7a
334.md	107	KR2a0036_WYG_178-7b
334.md	115	KR2a0036_WYG_178-8a
334.md	123	KR2a0036_WYG_178-8b
334.md	131	KR2a0036_WYG_178-9a
334.md	139	KR2a0036_WYG_178-9b
334.md	147	KR2a0036_WYG_178-10a
334.md	155	KR2a0036_WYG_178-10b
334.md	163	KR2a0036_WYG_178-11a
334.md	171	KR2a0036_WYG_178-11b
334.md	179	KR2a0036_WYG_178-12a
334.md	187	KR2a0036_WYG_178-12b
334.md	195	KR2a0036_WYG_178-13a
334.md	203	KR2a0036_WYG_178-13b
334.md	211	KR2a0036_WYG_178-14a
334.md	219	KR2a0036_WYG_178-14b
334.md	227	KR2a0036_WYG_178-15a
334.md	235	KR2a0036_WYG_178-15b
334.md	243	KR2a0036_WYG_178-16a
334.md	251	KR2a0036_WYG_178-16b
334.md	259	KR2a0036_WYG_178-17a
334.md	267	KR2a0036_WYG_178-17b
334.md	275	KR2a0036_WYG_178-18a
334.md	283	KR2a0036_WYG_178-18b
334.md	291	KR2a0036_WYG_178-19a
334.md	299	KR2a0036_WYG_178-19b
335.md	3	KR2a0036_WYG_178-20a
335.md	7	KR2a0036_WYG_178-20b
336.md	3	KR2a0036_WYG_179-1a
336.md	11	KR2a0036_WYG_179-1b
336.md	19	KR2a0036_WYG_179-2a
336.md	27	KR2a0036_WYG_179-2b
336.md	35	KR2a0036_WYG_179-3a
336.md	43	KR2a0036_WYG_179-3b
336.md	51	KR2a0036_WYG_179-4a
336.md	59	KR2a0036_WYG_179-4b
336.md	67	KR2a0036_WYG_179-5a
336.md	75	KR2a0036_WYG_179-5b
336.md	83	KR2a0036_WYG_179-6a
336.md	91	KR2a0036_WYG_179-6b
336.md	99	KR2a0036_WYG_179-7a
336.md	107	KR2a0036_WYG_179-7b
336.md	115	KR2a0036_WYG_179-8a
336.md	123	KR2a0036_WYG_179-8b
336.md	131	KR2a0036_WYG_179-9a
336.md	139	KR2a0036_WYG_179-9b
336.md	147	KR2a0036_WYG_179-10a
336.md	155	KR2a0036_WYG_179-10b
336.md	163	KR2a0036_WYG_179-11a
336.md	171	KR2a0036_WYG_179-11b
336.md	179	KR2a0036_WYG_179-12a
336.md	187	KR2a0036_WYG_179-12b
337.md	3	KR2a0036_WYG_179-13a
337.md	11	KR2a0036_WYG_179-13b
338.md	3	KR2a0036_WYG_180-1a
338.md	11	KR2a0036_WYG_180-1b
338.md	19	KR2a0036_WYG_180-2a
338.md	27	KR2a0036_WYG_180-2b
338.md	35	KR2a0036_WYG_180-3a
338.md	43	KR2a0036_WYG_180-3b
338.md	51	KR2a0036_WYG_180-4a
338.md	59	KR2a0036_WYG_180-4b
338.md	67	KR2a0036_WYG_180-5a
338.md	75	KR2a0036_WYG_180-5b
338.md	83	KR2a0036_WYG_180-6a
338.md	91	KR2a0036_WYG_180-6b
338.md	99	KR2a0036_WYG_180-7a
338.md	107	KR2a0036_WYG_180-7b
338.md	115	KR2a0036_WYG_180-8a
338.md	123	KR2a0036_WYG_180-8b
338.md	131	KR2a0036_WYG_180-9a
338.md	139	KR2a0036_WYG_180-9b
338.md	147	KR2a0036_WYG_180-10a
338.md	155	KR2a0036_WYG_180-10b
338.md	163	KR2a0036_WYG_180-11a
338.md	171	KR2a0036_WYG_180-11b
338.md	179	KR2a0036_WYG_180-12a
338.md	187	KR2a0036_WYG_180-12b
338.md	195	KR2a0036_WYG_180-13a
338.md	203	KR2a0036_WYG_180-13b
338.md	211	KR2a0036_WYG_180-14a
338.md	219	KR2a0036_WYG_180-14b
339.md	3	KR2a0036_WYG_180-15a
339.md	10	KR2a0036_WYG_180-15b
340.md	3	KR2a0036_WYG_181-1a
340.md	11	KR2a0036_WYG_181-1b
340.md	19	KR2a0036_WYG_181-2a
340.md	27	KR2a0036_WYG_181-2b
340.md	35	KR2a0036_WYG_181-3a
340.md	43	KR2a0036_WYG_181-3b
340.md	51	KR2a0036_WYG_181-4a
340.md	59	KR2a0036_WYG_181-4b
340.md	67	KR2a0036_WYG_181-5a
340.md	75	KR2a0036_WYG_181-5b
340.md	83	KR2a0036_WYG_181-6a
340.md	91	KR2a0036_WYG_181-6b
340.md	99	KR2a0036_WYG_181-7a
340.md	107	KR2a0036_WYG_181-7b
340.md	115	KR2a0036_WYG_181-8a
340.md	123	KR2a0036_WYG_181-8b
340.md	131	KR2a0036_WYG_181-9a
340.md	139	KR2a0036_WYG_181-9b
340.md	147	KR2a0036_WYG_181-10a
340.md	155	KR2a0036_WYG_181-10b
340.md	163	KR2a0036_WYG_181-11a
340.md	171	KR2a0036_WYG_181-11b
340.md	179	KR2a0036_WYG_181-12a
340.md	187	KR2a0036_WYG_181-12b
340.md	195	KR2a0036_WYG_181-13a
340.md	203	KR2a0036_WYG_181-13b
340.md	211	KR2a0036_WYG_181-14a
340.md	219	KR2a0036_WYG_181-14b
340.md	227	KR2a0036_WYG_181-15a
340.md	235	KR2a0036_WYG_181-15b
340.md	243	KR2a0036_WYG_181-16a
340.md	251	KR2a0036_WYG_181-16b
340.md	259	KR2a0036_WYG_181-17a
340.md	267	KR2a0036_WYG_181-17b
340.md	275	KR2a0036_WYG_181-18a
340.md	283	KR2a0036_WYG_181-18b
340.md	291	KR2a0036_WYG_181-19a
340.md	299	KR2a0036_WYG_181-19b
340.md	307	KR2a0036_WYG_181-20a
340.md	315	KR2a0036_WYG_181-20b
340.md	323	KR2a0036_WYG_181-21a
340.md	331	KR2a0036_WYG_181-21b
340.md	339	KR2a0036_WYG_181-22a
340.md	347	KR2a0036_WYG_181-22b
340.md	355	KR2a0036_WYG_181-23a
340.md	363	KR2a0036_WYG_181-23b
340.md	371	KR2a0036_WYG_181-24a
340.md	379	KR2a0036_WYG_181-24b
340.md	387	KR2a0036_WYG_181-25a
340.md	395	KR2a0036_WYG_181-25b
340.md	403	KR2a0036_WYG_181-26a
340.md	411	KR2a0036_WYG_181-26b
341.md	3	KR2a0036_WYG_181-27a
341.md	11	KR2a0036_WYG_181-27b
342.md	3	KR2a0036_WYG_182-1a
342.md	11	KR2a0036_WYG_182-1b
342.md	19	KR2a0036_WYG_182-2a
342.md	27	KR2a0036_WYG_182-2b
342.md	35	KR2a0036_WYG_182-3a
342.md	43	KR2a0036_WYG_182-3b
342.md	51	KR2a0036_WYG_182-4a
342.md	59	KR2a0036_WYG_182-4b
342.md	67	KR2a0036_WYG_182-5a
342.md	75	KR2a0036_WYG_182-5b
342.md	83	KR2a0036_WYG_182-6a
342.md	91	KR2a0036_WYG_182-6b
342.md	99	KR2a0036_WYG_182-7a
342.md	107	KR2a0036_WYG_182-7b
342.md	115	KR2a0036_WYG_182-8a
342.md	123	KR2a0036_WYG_182-8b
342.md	131	KR2a0036_WYG_182-9a
342.md	139	KR2a0036_WYG_182-9b
342.md	147	KR2a0036_WYG_182-10a
342.md	155	KR2a0036_WYG_182-10b
342.md	163	KR2a0036_WYG_182-11a
342.md	171	KR2a0036_WYG_182-11b
342.md	179	KR2a0036_WYG_182-12a
342.md	187	KR2a0036_WYG_182-12b
342.md	195	KR2a0036_WYG_182-13a
342.md	203	KR2a0036_WYG_182-13b
342.md	211	KR2a0036_WYG_182-14a
342.md	219	KR2a0036_WYG_182-14b
342.md	227	KR2a0036_WYG_182-15a
342.md	235	KR2a0036_WYG_182-15b
342.md	243	KR2a0036_WYG_182-16a
342.md	251	KR2a0036_WYG_182-16b
342.md	259	KR2a0036_WYG_182-17a
342.md	267	KR2a0036_WYG_182-17b
342.md	275	KR2a0036_WYG_182-18a
342.md	283	KR2a0036_WYG_182-18b
342.md	291	KR2a0036_WYG_182-19a
342.md	299	KR2a0036_WYG_182-19b
342.md	307	KR2a0036_WYG_182-20a
342.md	315	KR2a0036_WYG_182-20b
343.md	3	KR2a0036_WYG_182-21a
343.md	9	KR2a0036_WYG_182-21b
344.md	3	KR2a0036_WYG_183-1a
344.md	11	KR2a0036_WYG_183-1b
344.md	19	KR2a0036_WYG_183-2a
344.md	27	KR2a0036_WYG_183-2b
344.md	35	KR2a0036_WYG_183-3a
344.md	43	KR2a0036_WYG_183-3b
344.md	51	KR2a0036_WYG_183-4a
344.md	59	KR2a0036_WYG_183-4b
344.md	67	KR2a0036_WYG_183-5a
344.md	75	KR2a0036_WYG_183-5b
344.md	83	KR2a0036_WYG_183-6a
344.md	91	KR2a0036_WYG_183-6b
344.md	99	KR2a0036_WYG_183-7a
344.md	107	KR2a0036_WYG_183-7b
344.md	115	KR2a0036_WYG_183-8a
344.md	123	KR2a0036_WYG_183-8b
344.md	131	KR2a0036_WYG_183-9a
344.md	139	KR2a0036_WYG_183-9b
344.md	147	KR2a0036_WYG_183-10a
344.md	155	KR2a0036_WYG_183-10b
344.md	163	KR2a0036_WYG_183-11a
344.md	171	KR2a0036_WYG_183-11b
344.md	179	KR2a0036_WYG_183-12a
344.md	187	KR2a0036_WYG_183-12b
344.md	195	KR2a0036_WYG_183-13a
344.md	203	KR2a0036_WYG_183-13b
344.md	211	KR2a0036_WYG_183-14a
344.md	219	KR2a0036_WYG_183-14b
344.md	227	KR2a0036_WYG_183-15a
344.md	235	KR2a0036_WYG_183-15b
344.md	243	KR2a0036_WYG_183-16a
344.md	251	KR2a0036_WYG_183-16b
344.md	259	KR2a0036_WYG_183-17a
344.md	267	KR2a0036_WYG_183-17b
344.md	275	KR2a0036_WYG_183-18a
344.md	283	KR2a0036_WYG_183-18b
344.md	291	KR2a0036_WYG_183-19a
344.md	299	KR2a0036_WYG_183-19b
344.md	307	KR2a0036_WYG_183-20a
344.md	315	KR2a0036_WYG_183-20b
344.md	323	KR2a0036_WYG_183-21a
344.md	331	KR2a0036_WYG_183-21b
344.md	339	KR2a0036_WYG_183-22a
344.md	347	KR2a0036_WYG_183-22b
344.md	355	KR2a0036_WYG_183-23a
344.md	363	KR2a0036_WYG_183-23b
344.md	371	KR2a0036_WYG_183-24a
344.md	379	KR2a0036_WYG_183-24b
345.md	3	KR2a0036_WYG_183-25a
345.md	10	KR2a0036_WYG_183-25b
346.md	3	KR2a0036_WYG_184-1a
346.md	11	KR2a0036_WYG_184-1b
346.md	19	KR2a0036_WYG_184-2a
346.md	27	KR2a0036_WYG_184-2b
346.md	35	KR2a0036_WYG_184-3a
346.md	43	KR2a0036_WYG_184-3b
346.md	51	KR2a0036_WYG_184-4a
346.md	59	KR2a0036_WYG_184-4b
346.md	67	KR2a0036_WYG_184-5a
346.md	75	KR2a0036_WYG_184-5b
346.md	83	KR2a0036_WYG_184-6a
346.md	91	KR2a0036_WYG_184-6b
346.md	99	KR2a0036_WYG_184-7a
346.md	107	KR2a0036_WYG_184-7b
346.md	115	KR2a0036_WYG_184-8a
346.md	123	KR2a0036_WYG_184-8b
346.md	131	KR2a0036_WYG_184-9a
346.md	139	KR2a0036_WYG_184-9b
346.md	147	KR2a0036_WYG_184-10a
346.md	155	KR2a0036_WYG_184-10b
346.md	163	KR2a0036_WYG_184-11a
346.md	171	KR2a0036_WYG_184-11b
346.md	179	KR2a0036_WYG_184-12a
346.md	187	KR2a0036_WYG_184-12b
346.md	195	KR2a0036_WYG_184-13a
346.md	203	KR2a0036_WYG_184-13b
346.md	211	KR2a0036_WYG_184-14a
346.md	219	KR2a0036_WYG_184-14b
346.md	227	KR2a0036_WYG_184-15a
346.md	235	KR2a0036_WYG_184-15b
346.md	243	KR2a0036_WYG_184-16a
346.md	251	KR2a0036_WYG_184-16b
346.md	259	KR2a0036_WYG_184-17a
346.md	267	KR2a0036_WYG_184-17b
346.md	275	KR2a0036_WYG_184-18a
346.md	283	KR2a0036_WYG_184-18b
346.md	291	KR2a0036_WYG_184-19a
346.md	299	KR2a0036_WYG_184-19b
346.md	307	KR2a0036_WYG_184-20a
346.md	315	KR2a0036_WYG_184-20b
346.md	323	KR2a0036_WYG_184-21a
346.md	331	KR2a0036_WYG_184-21b
347.md	3	KR2a0036_WYG_184-22a
347.md	11	KR2a0036_WYG_184-22b
348.md	3	KR2a0036_WYG_185-1a
348.md	11	KR2a0036_WYG_185-1b
348.md	19	KR2a0036_WYG_185-2a
348.md	27	KR2a0036_WYG_185-2b
348.md	35	KR2a0036_WYG_185-3a
348.md	43	KR2a0036_WYG_185-3b
348.md	51	KR2a0036_WYG_185-4a
348.md	59	KR2a0036_WYG_185-4b
348.md	67	KR2a0036_WYG_185-5a
348.md	75	KR2a0036_WYG_185-5b
348.md	83	KR2a0036_WYG_185-6a
348.md	91	KR2a0036_WYG_185-6b
348.md	99	KR2a0036_WYG_185-7a
348.md	107	KR2a0036_WYG_185-7b
348.md	115	KR2a0036_WYG_185-8a
348.md	123	KR2a0036_WYG_185-8b
348.md	131	KR2a0036_WYG_185-9a
348.md	139	KR2a0036_WYG_185-9b
348.md	147	KR2a0036_WYG_185-10a
348.md	155	KR2a0036_WYG_185-10b
348.md	163	KR2a0036_WYG_185-11a
348.md	171	KR2a0036_WYG_185-11b
348.md	179	KR2a0036_WYG_185-12a
348.md	187	KR2a0036_WYG_185-12b
348.md	195	KR2a0036_WYG_185-13a
348.md	203	KR2a0036_WYG_185-13b
348.md	211	KR2a0036_WYG_185-14a
348.md	219	KR2a0036_WYG_185-14b
348.md	227	KR2a0036_WYG_185-15a
348.md	235	KR2a0036_WYG_185-15b
348.md	243	KR2a0036_WYG_185-16a
348.md	251	KR2a0036_WYG_185-16b
348.md	259	KR2a0036_WYG_185-17a
348.md	267	KR2a0036_WYG_185-17b
348.md	275	KR2a0036_WYG_185-18a
348.md	283	KR2a0036_WYG_185-18b
348.md	291	KR2a0036_WYG_185-19a
348.md	299	KR2a0036_WYG_185-19b
348.md	307	KR2a0036_WYG_185-20a
348.md	315	KR2a0036_WYG_185-20b
348.md	323	KR2a0036_WYG_185-21a
348.md	331	KR2a0036_WYG_185-21b
349.md	3	KR2a0036_WYG_185-22a
349.md	11	KR2a0036_WYG_185-22b
350.md	3	KR2a0036_WYG_186-1a
350.md	11	KR2a0036_WYG_186-1b
350.md	19	KR2a0036_WYG_186-2a
350.md	27	KR2a0036_WYG_186-2b
350.md	35	KR2a0036_WYG_186-3a
350.md	43	KR2a0036_WYG_186-3b
350.md	51	KR2a0036_WYG_186-4a
350.md	59	KR2a0036_WYG_186-4b
350.md	67	KR2a0036_WYG_186-5a
350.md	75	KR2a0036_WYG_186-5b
350.md	83	KR2a0036_WYG_186-6a
350.md	91	KR2a0036_WYG_186-6b
350.md	99	KR2a0036_WYG_186-7a
350.md	107	KR2a0036_WYG_186-7b
350.md	115	KR2a0036_WYG_186-8a
350.md	123	KR2a0036_WYG_186-8b
350.md	131	KR2a0036_WYG_186-9a
350.md	139	KR2a0036_WYG_186-9b
350.md	147	KR2a0036_WYG_186-10a
350.md	155	KR2a0036_WYG_186-10b
350.md	163	KR2a0036_WYG_186-11a
350.md	171	KR2a0036_WYG_186-11b
350.md	179	KR2a0036_WYG_186-12a
350.md	187	KR2a0036_WYG_186-12b
350.md	195	KR2a0036_WYG_186-13a
350.md	203	KR2a0036_WYG_186-13b
350.md	211	KR2a0036_WYG_186-14a
350.md	219	KR2a0036_WYG_186-14b
350.md	227	KR2a0036_WYG_186-15a
350.md	235	KR2a0036_WYG_186-15b
350.md	243	KR2a0036_WYG_186-16a
350.md	251	KR2a0036_WYG_186-16b
350.md	259	KR2a0036_WYG_186-17a
350.md	267	KR2a0036_WYG_186-17b
350.md	275	KR2a0036_WYG_186-18a
350.md	283	KR2a0036_WYG_186-18b
350.md	291	KR2a0036_WYG_186-19a
350.md	299	KR2a0036_WYG_186-19b
350.md	307	KR2a0036_WYG_186-20a
350.md	315	KR2a0036_WYG_186-20b
350.md	323	KR2a0036_WYG_186-21a
350.md	331	KR2a0036_WYG_186-21b
350.md	339	KR2a0036_WYG_186-22a
350.md	347	KR2a0036_WYG_186-22b
350.md	355	KR2a0036_WYG_186-23a
350.md	363	KR2a0036_WYG_186-23b
350.md	371	KR2a0036_WYG_186-24a
350.md	379	KR2a0036_WYG_186-24b
350.md	387	KR2a0036_WYG_186-25a
350.md	395	KR2a0036_WYG_186-25b
350.md	403	KR2a0036_WYG_186-26a
350.md	411	KR2a0036_WYG_186-26b
350.md	419	KR2a0036_WYG_186-27a
350.md	427	KR2a0036_WYG_186-27b
350.md	435	KR2a0036_WYG_186-28a
350.md	443	KR2a0036_WYG_186-28b
351.md	3	KR2a0036_WYG_186-29a
351.md	10	KR2a0036_WYG_186-29b
352.md	3	KR2a0036_WYG_187-1a
352.md	11	KR2a0036_WYG_187-1b
352.md	19	KR2a0036_WYG_187-2a
352.md	27	KR2a0036_WYG_187-2b
352.md	35	KR2a0036_WYG_187-3a
352.md	43	KR2a0036_WYG_187-3b
352.md	51	KR2a0036_WYG_187-4a
352.md	59	KR2a0036_WYG_187-4b
352.md	67	KR2a0036_WYG_187-5a
352.md	75	KR2a0036_WYG_187-5b
352.md	83	KR2a0036_WYG_187-6a
352.md	91	KR2a0036_WYG_187-6b
352.md	99	KR2a0036_WYG_187-7a
352.md	107	KR2a0036_WYG_187-7b
352.md	115	KR2a0036_WYG_187-8a
352.md	123	KR2a0036_WYG_187-8b
352.md	131	KR2a0036_WYG_187-9a
352.md	139	KR2a0036_WYG_187-9b
352.md	147	KR2a0036_WYG_187-10a
352.md	155	KR2a0036_WYG_187-10b
352.md	163	KR2a0036_WYG_187-11a
352.md	171	KR2a0036_WYG_187-11b
352.md	179	KR2a0036_WYG_187-12a
352.md	187	KR2a0036_WYG_187-12b
352.md	195	KR2a0036_WYG_187-13a
352.md	203	KR2a0036_WYG_187-13b
352.md	211	KR2a0036_WYG_187-14a
352.md	219	KR2a0036_WYG_187-14b
352.md	227	KR2a0036_WYG_187-15a
352.md	235	KR2a0036_WYG_187-15b
352.md	243	KR2a0036_WYG_187-16a
352.md	251	KR2a0036_WYG_187-16b
352.md	259	KR2a0036_WYG_187-17a
352.md	267	KR2a0036_WYG_187-17b
353.md	3	KR2a0036_WYG_187-18a
353.md	10	KR2a0036_WYG_187-18b
354.md	3	KR2a0036_WYG_188-1a
354.md	11	KR2a0036_WYG_188-1b
354.md	19	KR2a0036_WYG_188-2a
354.md	27	KR2a0036_WYG_188-2b
354.md	35	KR2a0036_WYG_188-3a
354.md	43	KR2a0036_WYG_188-3b
354.md	51	KR2a0036_WYG_188-4a
354.md	59	KR2a0036_WYG_188-4b
354.md	67	KR2a0036_WYG_188-5a
354.md	75	KR2a0036_WYG_188-5b
354.md	83	KR2a0036_WYG_188-6a
354.md	91	KR2a0036_WYG_188-6b
354.md	99	KR2a0036_WYG_188-7a
354.md	107	KR2a0036_WYG_188-7b
354.md	115	KR2a0036_WYG_188-8a
354.md	123	KR2a0036_WYG_188-8b
354.md	131	KR2a0036_WYG_188-9a
354.md	139	KR2a0036_WYG_188-9b
354.md	147	KR2a0036_WYG_188-10a
354.md	155	KR2a0036_WYG_188-10b
354.md	163	KR2a0036_WYG_188-11a
354.md	171	KR2a0036_WYG_188-11b
354.md	179	KR2a0036_WYG_188-12a
354.md	187	KR2a0036_WYG_188-12b
354.md	195	KR2a0036_WYG_188-13a
354.md	203	KR2a0036_WYG_188-13b
354.md	211	KR2a0036_WYG_188-14a
354.md	219	KR2a0036_WYG_188-14b
354.md	227	KR2a0036_WYG_188-15a
354.md	235	KR2a0036_WYG_188-15b
355.md	3	KR2a0036_WYG_188-16a
355.md	7	KR2a0036_WYG_188-16b
356.md	3	KR2a0036_WYG_189-1a
356.md	11	KR2a0036_WYG_189-1b
356.md	19	KR2a0036_WYG_189-2a
356.md	27	KR2a0036_WYG_189-2b
356.md	35	KR2a0036_WYG_189-3a
356.md	43	KR2a0036_WYG_189-3b
356.md	51	KR2a0036_WYG_189-4a
356.md	59	KR2a0036_WYG_189-4b
356.md	67	KR2a0036_WYG_189-5a
356.md	75	KR2a0036_WYG_189-5b
356.md	83	KR2a0036_WYG_189-6a
356.md	91	KR2a0036_WYG_189-6b
356.md	99	KR2a0036_WYG_189-7a
356.md	107	KR2a0036_WYG_189-7b
356.md	115	KR2a0036_WYG_189-8a
356.md	123	KR2a0036_WYG_189-8b
356.md	131	KR2a0036_WYG_189-9a
356.md	139	KR2a0036_WYG_189-9b
356.md	147	KR2a0036_WYG_189-10a
356.md	155	KR2a0036_WYG_189-10b
356.md	163	KR2a0036_WYG_189-11a
356.md	171	KR2a0036_WYG_189-11b
356.md	179	KR2a0036_WYG_189-12a
356.md	187	KR2a0036_WYG_189-12b
356.md	195	KR2a0036_WYG_189-13a
356.md	203	KR2a0036_WYG_189-13b
356.md	211	KR2a0036_WYG_189-14a
356.md	219	KR2a0036_WYG_189-14b
356.md	227	KR2a0036_WYG_189-15a
356.md	235	KR2a0036_WYG_189-15b
356.md	243	KR2a0036_WYG_189-16a
356.md	251	KR2a0036_WYG_189-16b
356.md	259	KR2a0036_WYG_189-17a
356.md	267	KR2a0036_WYG_189-17b
356.md	275	KR2a0036_WYG_189-18a
356.md	283	KR2a0036_WYG_189-18b
356.md	291	KR2a0036_WYG_189-19a
356.md	299	KR2a0036_WYG_189-19b
356.md	307	KR2a0036_WYG_189-20a
356.md	315	KR2a0036_WYG_189-20b
356.md	323	KR2a0036_WYG_189-21a
356.md	331	KR2a0036_WYG_189-21b
357.md	3	KR2a0036_WYG_190-1a
357.md	11	KR2a0036_WYG_190-1b
357.md	19	KR2a0036_WYG_190-2a
357.md	27	KR2a0036_WYG_190-2b
357.md	35	KR2a0036_WYG_190-3a
357.md	43	KR2a0036_WYG_190-3b
357.md	51	KR2a0036_WYG_190-4a
357.md	59	KR2a0036_WYG_190-4b
357.md	67	KR2a0036_WYG_190-5a
357.md	75	KR2a0036_WYG_190-5b
357.md	83	KR2a0036_WYG_190-6a
357.md	91	KR2a0036_WYG_190-6b
357.md	99	KR2a0036_WYG_190-7a
357.md	107	KR2a0036_WYG_190-7b
357.md	115	KR2a0036_WYG_190-8a
357.md	123	KR2a0036_WYG_190-8b
357.md	131	KR2a0036_WYG_190-9a
357.md	139	KR2a0036_WYG_190-9b
357.md	147	KR2a0036_WYG_190-10a
357.md	155	KR2a0036_WYG_190-10b
357.md	163	KR2a0036_WYG_190-11a
357.md	171	KR2a0036_WYG_190-11b
357.md	179	KR2a0036_WYG_190-12a
357.md	187	KR2a0036_WYG_190-12b
357.md	195	KR2a0036_WYG_190-13a
357.md	203	KR2a0036_WYG_190-13b
357.md	211	KR2a0036_WYG_190-14a
357.md	219	KR2a0036_WYG_190-14b
357.md	227	KR2a0036_WYG_190-15a
357.md	235	KR2a0036_WYG_190-15b
357.md	243	KR2a0036_WYG_190-16a
357.md	251	KR2a0036_WYG_190-16b
357.md	259	KR2a0036_WYG_190-17a
357.md	267	KR2a0036_WYG_190-17b
357.md	275	KR2a0036_WYG_190-18a
357.md	283	KR2a0036_WYG_190-18b
357.md	291	KR2a0036_WYG_190-19a
357.md	299	KR2a0036_WYG_190-19b
357.md	307	KR2a0036_WYG_190-20a
357.md	315	KR2a0036_WYG_190-20b
357.md	323	KR2a0036_WYG_190-21a
357.md	331	KR2a0036_WYG_190-21b
357.md	339	KR2a0036_WYG_190-22a
357.md	347	KR2a0036_WYG_190-22b
357.md	355	KR2a0036_WYG_190-23a
357.md	363	KR2a0036_WYG_190-23b
357.md	371	KR2a0036_WYG_190-24a
357.md	379	KR2a0036_WYG_190-24b
357.md	387	KR2a0036_WYG_190-25a
357.md	395	KR2a0036_WYG_190-25b
357.md	403	KR2a0036_WYG_190-26a
357.md	411	KR2a0036_WYG_190-26b
357.md	419	KR2a0036_WYG_190-27a
357.md	427	KR2a0036_WYG_190-27b
357.md	435	KR2a0036_WYG_190-28a
357.md	443	KR2a0036_WYG_190-28b
357.md	451	KR2a0036_WYG_190-29a
357.md	459	KR2a0036_WYG_190-29b
358.md	3	KR2a0036_WYG_190-30a
358.md	11	KR2a0036_WYG_190-30b
359.md	3	KR2a0036_WYG_191-1a
359.md	11	KR2a0036_WYG_191-1b
359.md	19	KR2a0036_WYG_191-2a
359.md	27	KR2a0036_WYG_191-2b
359.md	35	KR2a0036_WYG_191-3a
359.md	43	KR2a0036_WYG_191-3b
359.md	51	KR2a0036_WYG_191-4a
359.md	59	KR2a0036_WYG_191-4b
359.md	67	KR2a0036_WYG_191-5a
359.md	75	KR2a0036_WYG_191-5b
359.md	83	KR2a0036_WYG_191-6a
359.md	91	KR2a0036_WYG_191-6b
359.md	99	KR2a0036_WYG_191-7a
359.md	107	KR2a0036_WYG_191-7b
359.md	115	KR2a0036_WYG_191-8a
359.md	123	KR2a0036_WYG_191-8b
359.md	131	KR2a0036_WYG_191-9a
359.md	139	KR2a0036_WYG_191-9b
359.md	147	KR2a0036_WYG_191-10a
359.md	155	KR2a0036_WYG_191-10b
360.md	3	KR2a0036_WYG_191-11a
360.md	10	KR2a0036_WYG_191-11b
361.md	3	KR2a0036_WYG_192-1a
361.md	11	KR2a0036_WYG_192-1b
361.md	19	KR2a0036_WYG_192-2a
361.md	27	KR2a0036_WYG_192-2b
361.md	35	KR2a0036_WYG_192-3a
361.md	43	KR2a0036_WYG_192-3b
361.md	51	KR2a0036_WYG_192-4a
361.md	59	KR2a0036_WYG_192-4b
361.md	67	KR2a0036_WYG_192-5a
361.md	75	KR2a0036_WYG_192-5b
361.md	83	KR2a0036_WYG_192-6a
361.md	91	KR2a0036_WYG_192-6b
361.md	99	KR2a0036_WYG_192-7a
361.md	107	KR2a0036_WYG_192-7b
361.md	115	KR2a0036_WYG_192-8a
361.md	123	KR2a0036_WYG_192-8b
361.md	131	KR2a0036_WYG_192-9a
361.md	139	KR2a0036_WYG_192-9b
361.md	147	KR2a0036_WYG_192-10a
361.md	155	KR2a0036_WYG_192-10b
361.md	163	KR2a0036_WYG_192-11a
361.md	171	KR2a0036_WYG_192-11b
361.md	179	KR2a0036_WYG_192-12a
361.md	187	KR2a0036_WYG_192-12b
361.md	195	KR2a0036_WYG_192-13a
361.md	203	KR2a0036_WYG_192-13b
361.md	211	KR2a0036_WYG_192-14a
361.md	219	KR2a0036_WYG_192-14b
361.md	227	KR2a0036_WYG_192-15a
361.md	235	KR2a0036_WYG_192-15b
362.md	3	KR2a0036_WYG_192-16a
362.md	10	KR2a0036_WYG_192-16b
363.md	3	KR2a0036_WYG_193-1a
363.md	11	KR2a0036_WYG_193-1b
363.md	19	KR2a0036_WYG_193-2a
363.md	27	KR2a0036_WYG_193-2b
363.md	35	KR2a0036_WYG_193-3a
363.md	43	KR2a0036_WYG_193-3b
363.md	51	KR2a0036_WYG_193-4a
363.md	59	KR2a0036_WYG_193-4b
363.md	67	KR2a0036_WYG_193-5a
363.md	75	KR2a0036_WYG_193-5b
363.md	83	KR2a0036_WYG_193-6a
363.md	91	KR2a0036_WYG_193-6b
363.md	99	KR2a0036_WYG_193-7a
363.md	107	KR2a0036_WYG_193-7b
363.md	115	KR2a0036_WYG_193-8a
363.md	123	KR2a0036_WYG_193-8b
363.md	131	KR2a0036_WYG_193-9a
363.md	139	KR2a0036_WYG_193-9b
363.md	147	KR2a0036_WYG_193-10a
363.md	155	KR2a0036_WYG_193-10b
363.md	163	KR2a0036_WYG_193-11a
363.md	171	KR2a0036_WYG_193-11b
363.md	179	KR2a0036_WYG_193-12a
363.md	187	KR2a0036_WYG_193-12b
363.md	195	KR2a0036_WYG_193-13a
363.md	203	KR2a0036_WYG_193-13b
363.md	211	KR2a0036_WYG_193-14a
363.md	219	KR2a0036_WYG_193-14b
363.md	227	KR2a0036_WYG_193-15a
363.md	235	KR2a0036_WYG_193-15b
364.md	3	KR2a0036_WYG_193-16a
364.md	11	KR2a0036_WYG_193-16b
365.md	3	KR2a0036_WYG_194-1a
365.md	11	KR2a0036_WYG_194-1b
365.md	19	KR2a0036_WYG_194-2a
365.md	27	KR2a0036_WYG_194-2b
365.md	35	KR2a0036_WYG_194-3a
365.md	43	KR2a0036_WYG_194-3b
365.md	51	KR2a0036_WYG_194-4a
365.md	59	KR2a0036_WYG_194-4b
365.md	67	KR2a0036_WYG_194-5a
365.md	75	KR2a0036_WYG_194-5b
365.md	83	KR2a0036_WYG_194-6a
365.md	91	KR2a0036_WYG_194-6b
365.md	99	KR2a0036_WYG_194-7a
365.md	107	KR2a0036_WYG_194-7b
365.md	115	KR2a0036_WYG_194-8a
365.md	123	KR2a0036_WYG_194-8b
365.md	131	KR2a0036_WYG_194-9a
365.md	139	KR2a0036_WYG_194-9b
365.md	147	KR2a0036_WYG_194-10a
365.md	155	KR2a0036_WYG_194-10b
365.md	163	KR2a0036_WYG_194-11a
365.md	171	KR2a0036_WYG_194-11b
365.md	179	KR2a0036_WYG_194-12a
365.md	187	KR2a0036_WYG_194-12b
365.md	195	KR2a0036_WYG_194-13a
365.md	203	KR2a0036_WYG_194-13b
365.md	211	KR2a0036_WYG_194-14a
365.md	219	KR2a0036_WYG_194-14b
365.md	227	KR2a0036_WYG_194-15a
365.md	235	KR2a0036_WYG_194-15b
365.md	243	KR2a0036_WYG_194-16a
365.md	251	KR2a0036_WYG_194-16b
365.md	259	KR2a0036_WYG_194-17a
365.md	267	KR2a0036_WYG_194-17b
365.md	275	KR2a0036_WYG_194-18a
365.md	283	KR2a0036_WYG_194-18b
365.md	291	KR2a0036_WYG_194-19a
365.md	299	KR2a0036_WYG_194-19b
365.md	307	KR2a0036_WYG_194-20a
365.md	315	KR2a0036_WYG_194-20b
365.md	323	KR2a0036_WYG_194-21a
365.md	331	KR2a0036_WYG_194-21b
366.md	3	KR2a0036_WYG_194-22a
366.md	9	KR2a0036_WYG_194-22b
367.md	3	KR2a0036_WYG_195-1a
367.md	11	KR2a0036_WYG_195-1b
367.md	19	KR2a0036_WYG_195-2a
367.md	27	KR2a0036_WYG_195-2b
367.md	35	KR2a0036_WYG_195-3a
367.md	43	KR2a0036_WYG_195-3b
367.md	51	KR2a0036_WYG_195-4a
367.md	59	KR2a0036_WYG_195-4b
367.md	67	KR2a0036_WYG_195-5a
367.md	75	KR2a0036_WYG_195-5b
367.md	83	KR2a0036_WYG_195-6a
367.md	91	KR2a0036_WYG_195-6b
367.md	99	KR2a0036_WYG_195-7a
367.md	107	KR2a0036_WYG_195-7b
367.md	115	KR2a0036_WYG_195-8a
367.md	123	KR2a0036_WYG_195-8b
367.md	131	KR2a0036_WYG_195-9a
367.md	139	KR2a0036_WYG_195-9b
367.md	147	KR2a0036_WYG_195-10a
367.md	155	KR2a0036_WYG_195-10b
367.md	163	KR2a0036_WYG_195-11a
367.md	171	KR2a0036_WYG_195-11b
367.md	179	KR2a0036_WYG_195-12a
367.md	187	KR2a0036_WYG_195-12b
367.md	195	KR2a0036_WYG_195-13a
367.md	203	KR2a0036_WYG_195-13b
367.md	211	KR2a0036_WYG_195-14a
367.md	219	KR2a0036_WYG_195-14b
367.md	227	KR2a0036_WYG_195-15a
367.md	235	KR2a0036_WYG_195-15b
367.md	243	KR2a0036_WYG_195-16a
367.md	251	KR2a0036_WYG_195-16b
367.md	259	KR2a0036_WYG_195-17a
367.md	267	KR2a0036_WYG_195-17b
367.md	275	KR2a0036_WYG_195-18a
367.md	283	KR2a0036_WYG_195-18b
367.md	291	KR2a0036_WYG_195-19a
367.md	299	KR2a0036_WYG_195-19b
367.md	307	KR2a0036_WYG_195-20a
367.md	315	KR2a0036_WYG_195-20b
367.md	323	KR2a0036_WYG_195-21a
367.md	331	KR2a0036_WYG_195-21b
367.md	339	KR2a0036_WYG_195-22a
367.md	347	KR2a0036_WYG_195-22b
368.md	3	KR2a0036_WYG_195-23a
368.md	11	KR2a0036_WYG_195-23b
369.md	3	KR2a0036_WYG_196-1a
369.md	11	KR2a0036_WYG_196-1b
369.md	19	KR2a0036_WYG_196-2a
369.md	27	KR2a0036_WYG_196-2b
369.md	35	KR2a0036_WYG_196-3a
369.md	43	KR2a0036_WYG_196-3b
369.md	51	KR2a0036_WYG_196-4a
369.md	59	KR2a0036_WYG_196-4b
369.md	67	KR2a0036_WYG_196-5a
369.md	75	KR2a0036_WYG_196-5b
369.md	83	KR2a0036_WYG_196-6a
369.md	91	KR2a0036_WYG_196-6b
369.md	99	KR2a0036_WYG_196-7a
369.md	107	KR2a0036_WYG_196-7b
369.md	115	KR2a0036_WYG_196-8a
369.md	123	KR2a0036_WYG_196-8b
369.md	131	KR2a0036_WYG_196-9a
369.md	139	KR2a0036_WYG_196-9b
369.md	147	KR2a0036_WYG_196-10a
369.md	155	KR2a0036_WYG_196-10b
369.md	163	KR2a0036_WYG_196-11a
369.md	171	KR2a0036_WYG_196-11b
370.md	3	KR2a0036_WYG_196-12a
370.md	11	KR2a0036_WYG_196-12b
371.md	3	KR2a0036_WYG_197-1a
371.md	11	KR2a0036_WYG_197-1b
371.md	19	KR2a0036_WYG_197-2a
371.md	27	KR2a0036_WYG_197-2b
371.md	35	KR2a0036_WYG_197-3a
371.md	43	KR2a0036_WYG_197-3b
371.md	51	KR2a0036_WYG_197-4a
371.md	59	KR2a0036_WYG_197-4b
371.md	67	KR2a0036_WYG_197-5a
371.md	75	KR2a0036_WYG_197-5b
371.md	83	KR2a0036_WYG_197-6a
371.md	91	KR2a0036_WYG_197-6b
371.md	99	KR2a0036_WYG_197-7a
371.md	107	KR2a0036_WYG_197-7b
371.md	115	KR2a0036_WYG_197-8a
371.md	123	KR2a0036_WYG_197-8b
371.md	131	KR2a0036_WYG_197-9a
371.md	139	KR2a0036_WYG_197-9b
371.md	147	KR2a0036_WYG_197-10a
371.md	155	KR2a0036_WYG_197-10b
371.md	163	KR2a0036_WYG_197-11a
371.md	171	KR2a0036_WYG_197-11b
371.md	179	KR2a0036_WYG_197-12a
371.md	187	KR2a0036_WYG_197-12b
371.md	195	KR2a0036_WYG_197-13a
371.md	203	KR2a0036_WYG_197-13b
371.md	211	KR2a0036_WYG_197-14a
371.md	219	KR2a0036_WYG_197-14b
371.md	227	KR2a0036_WYG_197-15a
371.md	235	KR2a0036_WYG_197-15b
371.md	243	KR2a0036_WYG_197-16a
371.md	251	KR2a0036_WYG_197-16b
371.md	259	KR2a0036_WYG_197-17a
371.md	267	KR2a0036_WYG_197-17b
371.md	275	KR2a0036_WYG_197-18a
371.md	283	KR2a0036_WYG_197-18b
371.md	291	KR2a0036_WYG_197-19a
371.md	299	KR2a0036_WYG_197-19b
371.md	307	KR2a0036_WYG_197-20a
371.md	315	KR2a0036_WYG_197-20b
371.md	323	KR2a0036_WYG_197-21a
371.md	331	KR2a0036_WYG_197-21b
371.md	339	KR2a0036_WYG_197-22a
371.md	347	KR2a0036_WYG_197-22b
371.md	355	KR2a0036_WYG_197-23a
371.md	363	KR2a0036_WYG_197-23b
371.md	371	KR2a0036_WYG_197-24a
371.md	379	KR2a0036_WYG_197-24b
371.md	387	KR2a0036_WYG_197-25a
371.md	395	KR2a0036_WYG_197-25b
372.md	3	KR2a0036_WYG_197-26a
372.md	11	KR2a0036_WYG_197-26b
373.md	3	KR2a0036_WYG_198-1a
373.md	11	KR2a0036_WYG_198-1b
373.md	19	KR2a0036_WYG_198-2a
373.md	27	KR2a0036_WYG_198-2b
373.md	35	KR2a0036_WYG_198-3a
373.md	43	KR2a0036_WYG_198-3b
373.md	51	KR2a0036_WYG_198-4a
373.md	59	KR2a0036_WYG_198-4b
373.md	67	KR2a0036_WYG_198-5a
373.md	75	KR2a0036_WYG_198-5b
373.md	83	KR2a0036_WYG_198-6a
373.md	91	KR2a0036_WYG_198-6b
373.md	99	KR2a0036_WYG_198-7a
373.md	107	KR2a0036_WYG_198-7b
373.md	115	KR2a0036_WYG_198-8a
373.md	123	KR2a0036_WYG_198-8b
373.md	131	KR2a0036_WYG_198-9a
373.md	139	KR2a0036_WYG_198-9b
373.md	147	KR2a0036_WYG_198-10a
373.md	155	KR2a0036_WYG_198-10b
374.md	3	KR2a0036_WYG_198-11a
374.md	7	KR2a0036_WYG_198-11b
375.md	3	KR2a0036_WYG_199-1a
375.md	11	KR2a0036_WYG_199-1b
375.md	19	KR2a0036_WYG_199-2a
375.md	27	KR2a0036_WYG_199-2b
375.md	35	KR2a0036_WYG_199-3a
375.md	43	KR2a0036_WYG_199-3b
375.md	51	KR2a0036_WYG_199-4a
375.md	59	KR2a0036_WYG_199-4b
375.md	67	KR2a0036_WYG_199-5a
375.md	75	KR2a0036_WYG_199-5b
375.md	83	KR2a0036_WYG_199-6a
375.md	91	KR2a0036_WYG_199-6b
375.md	99	KR2a0036_WYG_199-7a
375.md	107	KR2a0036_WYG_199-7b
375.md	115	KR2a0036_WYG_199-8a
375.md	123	KR2a0036_WYG_199-8b
375.md	131	KR2a0036_WYG_199-9a
375.md	139	KR2a0036_WYG_199-9b
375.md	147	KR2a0036_WYG_199-10a
375.md	155	KR2a0036_WYG_199-10b
376.md	3	KR2a0036_WYG_199-11a
376.md	11	KR2a0036_WYG_199-11b
376.md	19	KR2a0036_WYG_199-12a
376.md	22	KR2a0036_WYG_199-12b
377.md	3	KR2a0036_WYG_200-1a
377.md	11	KR2a0036_WYG_200-1b
377.md	19	KR2a0036_WYG_200-2a
377.md	27	KR2a0036_WYG_200-2b
377.md	35	KR2a0036_WYG_200-3a
377.md	43	KR2a0036_WYG_200-3b
377.md	51	KR2a0036_WYG_200-4a
377.md	59	KR2a0036_WYG_200-4b
377.md	67	KR2a0036_WYG_200-5a
377.md	75	KR2a0036_WYG_200-5b
377.md	83	KR2a0036_WYG_200-6a
377.md	91	KR2a0036_WYG_200-6b
377.md	99	KR2a0036_WYG_200-7a
377.md	107	KR2a0036_WYG_200-7b
377.md	115	KR2a0036_WYG_200-8a
377.md	123	KR2a0036_WYG_200-8b
377.md	131	KR2a0036_WYG_200-9a
377.md	139	KR2a0036_WYG_200-9b
377.md	147	KR2a0036_WYG_200-10a
377.md	155	KR2a0036_WYG_200-10b
377.md	163	KR2a0036_WYG_200-11a
377.md	171	KR2a0036_WYG_200-11b
377.md	179	KR2a0036_WYG_200-12a
377.md	187	KR2a0036_WYG_200-12b
377.md	195	KR2a0036_WYG_200-13a
377.md	203	KR2a0036_WYG_200-13b
377.md	211	KR2a0036_WYG_200-14a
377.md	219	KR2a0036_WYG_200-14b
377.md	227	KR2a0036_WYG_200-15a
377.md	235	KR2a0036_WYG_200-15b
377.md	243	KR2a0036_WYG_200-16a
377.md	251	KR2a0036_WYG_200-16b
377.md	259	KR2a0036_WYG_200-17a
377.md	267	KR2a0036_WYG_200-17b
378.md	3	KR2a0036_WYG_200-18a
378.md	10	KR2a0036_WYG_200-18b
379.md	3	KR2a0036_WYG_201-1a
379.md	11	KR2a0036_WYG_201-1b
379.md	19	KR2a0036_WYG_201-2a
379.md	27	KR2a0036_WYG_201-2b
379.md	35	KR2a0036_WYG_201-3a
379.md	43	KR2a0036_WYG_201-3b
379.md	51	KR2a0036_WYG_201-4a
379.md	59	KR2a0036_WYG_201-4b
379.md	67	KR2a0036_WYG_201-5a
379.md	75	KR2a0036_WYG_201-5b
379.md	83	KR2a0036_WYG_201-6a
379.md	91	KR2a0036_WYG_201-6b
379.md	99	KR2a0036_WYG_201-7a
379.md	107	KR2a0036_WYG_201-7b
379.md	115	KR2a0036_WYG_201-8a
379.md	123	KR2a0036_WYG_201-8b
379.md	131	KR2a0036_WYG_201-9a
379.md	139	KR2a0036_WYG_201-9b
379.md	147	KR2a0036_WYG_201-10a
379.md	155	KR2a0036_WYG_201-10b
379.md	163	KR2a0036_WYG_201-11a
379.md	171	KR2a0036_WYG_201-11b
379.md	179	KR2a0036_WYG_201-12a
379.md	187	KR2a0036_WYG_201-12b
379.md	195	KR2a0036_WYG_201-13a
379.md	203	KR2a0036_WYG_201-13b
379.md	211	KR2a0036_WYG_201-14a
379.md	219	KR2a0036_WYG_201-14b
379.md	227	KR2a0036_WYG_201-15a
379.md	235	KR2a0036_WYG_201-15b
379.md	243	KR2a0036_WYG_201-16a
379.md	251	KR2a0036_WYG_201-16b
379.md	259	KR2a0036_WYG_201-17a
379.md	267	KR2a0036_WYG_201-17b
379.md	275	KR2a0036_WYG_201-18a
379.md	283	KR2a0036_WYG_201-18b
379.md	291	KR2a0036_WYG_201-19a
379.md	299	KR2a0036_WYG_201-19b
380.md	3	KR2a0036_WYG_201-20a
380.md	11	KR2a0036_WYG_201-20b
381.md	3	KR2a0036_WYG_202-1a
381.md	11	KR2a0036_WYG_202-1b
381.md	19	KR2a0036_WYG_202-2a
381.md	27	KR2a0036_WYG_202-2b
381.md	35	KR2a0036_WYG_202-3a
381.md	43	KR2a0036_WYG_202-3b
381.md	51	KR2a0036_WYG_202-4a
381.md	59	KR2a0036_WYG_202-4b
381.md	67	KR2a0036_WYG_202-5a
381.md	75	KR2a0036_WYG_202-5b
381.md	83	KR2a0036_WYG_202-6a
381.md	91	KR2a0036_WYG_202-6b
381.md	99	KR2a0036_WYG_202-7a
381.md	107	KR2a0036_WYG_202-7b
381.md	115	KR2a0036_WYG_202-8a
381.md	123	KR2a0036_WYG_202-8b
381.md	131	KR2a0036_WYG_202-9a
381.md	139	KR2a0036_WYG_202-9b
381.md	147	KR2a0036_WYG_202-10a
381.md	155	KR2a0036_WYG_202-10b
381.md	163	KR2a0036_WYG_202-11a
381.md	171	KR2a0036_WYG_202-11b
381.md	179	KR2a0036_WYG_202-12a
381.md	187	KR2a0036_WYG_202-12b
381.md	195	KR2a0036_WYG_202-13a
381.md	203	KR2a0036_WYG_202-13b
381.md	211	KR2a0036_WYG_202-14a
381.md	219	KR2a0036_WYG_202-14b
381.md	227	KR2a0036_WYG_202-15a
381.md	235	KR2a0036_WYG_202-15b
381.md	243	KR2a0036_WYG_202-16a
381.md	251	KR2a0036_WYG_202-16b
381.md	259	KR2a0036_WYG_202-17a
381.md	267	KR2a0036_WYG_202-17b
381.md	275	KR2a0036_WYG_202-18a
381.md	283	KR2a0036_WYG_202-18b
382.md	3	KR2a0036_WYG_202-19a
382.md	10	KR2a0036_WYG_202-19b
383.md	3	KR2a0036_WYG_203-1a
383.md	11	KR2a0036_WYG_203-1b
383.md	19	KR2a0036_WYG_203-2a
383.md	27	KR2a0036_WYG_203-2b
383.md	35	KR2a0036_WYG_203-3a
383.md	43	KR2a0036_WYG_203-3b
383.md	51	KR2a0036_WYG_203-4a
383.md	59	KR2a0036_WYG_203-4b
383.md	67	KR2a0036_WYG_203-5a
383.md	75	KR2a0036_WYG_203-5b
383.md	83	KR2a0036_WYG_203-6a
383.md	91	KR2a0036_WYG_203-6b
383.md	99	KR2a0036_WYG_203-7a
383.md	107	KR2a0036_WYG_203-7b
383.md	115	KR2a0036_WYG_203-8a
383.md	123	KR2a0036_WYG_203-8b
383.md	131	KR2a0036_WYG_203-9a
383.md	139	KR2a0036_WYG_203-9b
383.md	147	KR2a0036_WYG_203-10a
383.md	155	KR2a0036_WYG_203-10b
383.md	163	KR2a0036_WYG_203-11a
383.md	171	KR2a0036_WYG_203-11b
383.md	179	KR2a0036_WYG_203-12a
383.md	187	KR2a0036_WYG_203-12b
383.md	195	KR2a0036_WYG_203-13a
383.md	203	KR2a0036_WYG_203-13b
383.md	211	KR2a0036_WYG_203-14a
383.md	219	KR2a0036_WYG_203-14b
383.md	227	KR2a0036_WYG_203-15a
383.md	235	KR2a0036_WYG_203-15b
384.md	3	KR2a0036_WYG_203-16a
384.md	9	KR2a0036_WYG_203-16b
385.md	3	KR2a0036_WYG_204-1a
385.md	11	KR2a0036_WYG_204-1b
385.md	19	KR2a0036_WYG_204-2a
385.md	27	KR2a0036_WYG_204-2b
385.md	35	KR2a0036_WYG_204-3a
385.md	43	KR2a0036_WYG_204-3b
385.md	51	KR2a0036_WYG_204-4a
385.md	59	KR2a0036_WYG_204-4b
385.md	67	KR2a0036_WYG_204-5a
385.md	75	KR2a0036_WYG_204-5b
385.md	83	KR2a0036_WYG_204-6a
385.md	91	KR2a0036_WYG_204-6b
385.md	99	KR2a0036_WYG_204-7a
385.md	107	KR2a0036_WYG_204-7b
385.md	115	KR2a0036_WYG_204-8a
385.md	123	KR2a0036_WYG_204-8b
386.md	3	KR2a0036_WYG_204-9a
386.md	5	KR2a0036_WYG_204-9b
387.md	3	KR2a0036_WYG_205-1a
387.md	11	KR2a0036_WYG_205-1b
387.md	19	KR2a0036_WYG_205-2a
387.md	27	KR2a0036_WYG_205-2b
387.md	35	KR2a0036_WYG_205-3a
387.md	43	KR2a0036_WYG_205-3b
387.md	51	KR2a0036_WYG_205-4a
387.md	59	KR2a0036_WYG_205-4b
387.md	67	KR2a0036_WYG_205-5a
387.md	75	KR2a0036_WYG_205-5b
387.md	83	KR2a0036_WYG_205-6a
387.md	91	KR2a0036_WYG_205-6b
387.md	99	KR2a0036_WYG_205-7a
387.md	107	KR2a0036_WYG_205-7b
387.md	115	KR2a0036_WYG_205-8a
387.md	123	KR2a0036_WYG_205-8b
387.md	131	KR2a0036_WYG_205-9a
387.md	139	KR2a0036_WYG_205-9b
387.md	147	KR2a0036_WYG_205-10a
387.md	155	KR2a0036_WYG_205-10b
387.md	163	KR2a0036_WYG_205-11a
387.md	171	KR2a0036_WYG_205-11b
387.md	179	KR2a0036_WYG_205-12a
387.md	187	KR2a0036_WYG_205-12b
387.md	195	KR2a0036_WYG_205-13a
387.md	203	KR2a0036_WYG_205-13b
387.md	211	KR2a0036_WYG_205-14a
387.md	219	KR2a0036_WYG_205-14b
387.md	227	KR2a0036_WYG_205-15a
387.md	235	KR2a0036_WYG_205-15b
387.md	243	KR2a0036_WYG_205-16a
387.md	251	KR2a0036_WYG_205-16b
387.md	259	KR2a0036_WYG_205-17a
387.md	267	KR2a0036_WYG_205-17b
387.md	275	KR2a0036_WYG_205-18a
387.md	283	KR2a0036_WYG_205-18b
387.md	291	KR2a0036_WYG_205-19a
387.md	299	KR2a0036_WYG_205-19b
387.md	307	KR2a0036_WYG_205-20a
387.md	315	KR2a0036_WYG_205-20b
387.md	323	KR2a0036_WYG_205-21a
387.md	331	KR2a0036_WYG_205-21b
387.md	339	KR2a0036_WYG_205-22a
387.md	347	KR2a0036_WYG_205-22b
387.md	355	KR2a0036_WYG_205-23a
387.md	363	KR2a0036_WYG_205-23b
387.md	371	KR2a0036_WYG_205-24a
387.md	379	KR2a0036_WYG_205-24b
387.md	387	KR2a0036_WYG_205-25a
387.md	395	KR2a0036_WYG_205-25b
387.md	403	KR2a0036_WYG_205-26a
387.md	411	KR2a0036_WYG_205-26b
387.md	419	KR2a0036_WYG_205-27a
387.md	427	KR2a0036_WYG_205-27b
387.md	435	KR2a0036_WYG_205-28a
387.md	443	KR2a0036_WYG_205-28b
387.md	451	KR2a0036_WYG_205-29a
387.md	459	KR2a0036_WYG_205-29b
387.md	467	KR2a0036_WYG_205-30a
387.md	475	KR2a0036_WYG_205-30b
387.md	483	KR2a0036_WYG_205-31a
387.md	491	KR2a0036_WYG_205-31b
387.md	499	KR2a0036_WYG_205-32a
387.md	507	KR2a0036_WYG_205-32b
387.md	515	KR2a0036_WYG_205-33a
387.md	523	KR2a0036_WYG_205-33b
387.md	531	KR2a0036_WYG_205-34a
387.md	539	KR2a0036_WYG_205-34b
387.md	547	KR2a0036_WYG_205-35a
387.md	555	KR2a0036_WYG_205-35b
387.md	563	KR2a0036_WYG_205-36a
387.md	571	KR2a0036_WYG_205-36b
387.md	579	KR2a0036_WYG_205-37a
387.md	587	KR2a0036_WYG_205-37b
387.md	595	KR2a0036_WYG_205-38a
387.md	603	KR2a0036_WYG_205-38b
387.md	611	KR2a0036_WYG_205-39a
387.md	619	KR2a0036_WYG_205-39b
387.md	627	KR2a0036_WYG_205-40a
387.md	635	KR2a0036_WYG_205-40b
387.md	643	KR2a0036_WYG_205-41a
387.md	651	KR2a0036_WYG_205-41b
387.md	659	KR2a0036_WYG_205-42a
387.md	667	KR2a0036_WYG_205-42b
387.md	675	KR2a0036_WYG_205-43a
387.md	683	KR2a0036_WYG_205-43b
388.md	3	KR2a0036_WYG_205-44a
388.md	9	KR2a0036_WYG_205-44b
389.md	3	KR2a0036_WYG_206-1a
389.md	11	KR2a0036_WYG_206-1b
389.md	19	KR2a0036_WYG_206-2a
389.md	27	KR2a0036_WYG_206-2b
389.md	35	KR2a0036_WYG_206-3a
389.md	43	KR2a0036_WYG_206-3b
389.md	51	KR2a0036_WYG_206-4a
389.md	59	KR2a0036_WYG_206-4b
389.md	67	KR2a0036_WYG_206-5a
389.md	75	KR2a0036_WYG_206-5b
389.md	83	KR2a0036_WYG_206-6a
389.md	91	KR2a0036_WYG_206-6b
389.md	99	KR2a0036_WYG_206-7a
389.md	107	KR2a0036_WYG_206-7b
389.md	115	KR2a0036_WYG_206-8a
389.md	123	KR2a0036_WYG_206-8b
389.md	131	KR2a0036_WYG_206-9a
389.md	139	KR2a0036_WYG_206-9b
390.md	3	KR2a0036_WYG_206-10a
390.md	10	KR2a0036_WYG_206-10b
391.md	3	KR2a0036_WYG_207-1a
391.md	11	KR2a0036_WYG_207-1b
391.md	19	KR2a0036_WYG_207-2a
391.md	27	KR2a0036_WYG_207-2b
391.md	35	KR2a0036_WYG_207-3a
391.md	43	KR2a0036_WYG_207-3b
391.md	51	KR2a0036_WYG_207-4a
391.md	59	KR2a0036_WYG_207-4b
391.md	67	KR2a0036_WYG_207-5a
391.md	75	KR2a0036_WYG_207-5b
391.md	83	KR2a0036_WYG_207-6a
391.md	91	KR2a0036_WYG_207-6b
391.md	99	KR2a0036_WYG_207-7a
391.md	107	KR2a0036_WYG_207-7b
391.md	115	KR2a0036_WYG_207-8a
391.md	123	KR2a0036_WYG_207-8b
391.md	131	KR2a0036_WYG_207-9a
391.md	139	KR2a0036_WYG_207-9b
392.md	3	KR2a0036_WYG_207-10a
392.md	10	KR2a0036_WYG_207-10b
393.md	3	KR2a0036_WYG_208-1a
393.md	11	KR2a0036_WYG_208-1b
393.md	19	KR2a0036_WYG_208-2a
393.md	27	KR2a0036_WYG_208-2b
393.md	35	KR2a0036_WYG_208-3a
393.md	43	KR2a0036_WYG_208-3b
393.md	51	KR2a0036_WYG_208-4a
393.md	59	KR2a0036_WYG_208-4b
393.md	67	KR2a0036_WYG_208-5a
393.md	75	KR2a0036_WYG_208-5b
393.md	83	KR2a0036_WYG_208-6a
393.md	91	KR2a0036_WYG_208-6b
393.md	99	KR2a0036_WYG_208-7a
393.md	107	KR2a0036_WYG_208-7b
393.md	115	KR2a0036_WYG_208-8a
393.md	123	KR2a0036_WYG_208-8b
393.md	131	KR2a0036_WYG_208-9a
393.md	139	KR2a0036_WYG_208-9b
393.md	147	KR2a0036_WYG_208-10a
393.md	155	KR2a0036_WYG_208-10b
393.md	163	KR2a0036_WYG_208-11a
393.md	171	KR2a0036_WYG_208-11b
393.md	179	KR2a0036_WYG_208-12a
393.md	187	KR2a0036_WYG_208-12b
393.md	195	KR2a0036_WYG_208-13a
393.md	203	KR2a0036_WYG_208-13b
393.md	211	KR2a0036_WYG_208-14a
393.md	219	KR2a0036_WYG_208-14b
393.md	227	KR2a0036_WYG_208-15a
393.md	235	KR2a0036_WYG_208-15b
393.md	243	KR2a0036_WYG_208-16a
393.md	251	KR2a0036_WYG_208-16b
393.md	259	KR2a0036_WYG_208-17a
393.md	267	KR2a0036_WYG_208-17b
393.md	275	KR2a0036_WYG_208-18a
393.md	283	KR2a0036_WYG_208-18b
393.md	291	KR2a0036_WYG_208-19a
393.md	299	KR2a0036_WYG_208-19b
393.md	307	KR2a0036_WYG_208-20a
393.md	315	KR2a0036_WYG_208-20b
393.md	323	KR2a0036_WYG_208-21a
393.md	331	KR2a0036_WYG_208-21b
393.md	339	KR2a0036_WYG_208-22a
393.md	347	KR2a0036_WYG_208-22b
393.md	355	KR2a0036_WYG_208-23a
393.md	363	KR2a0036_WYG_208-23b
393.md	371	KR2a0036_WYG_208-24a
393.md	379	KR2a0036_WYG_208-24b
393.md	387	KR2a0036_WYG_208-25a
393.md	395	KR2a0036_WYG_208-25b
393.md	403	KR2a0036_WYG_208-26a
393.md	411	KR2a0036_WYG_208-26b
393.md	419	KR2a0036_WYG_208-27a
393.md	427	KR2a0036_WYG_208-27b
393.md	435	KR2a0036_WYG_208-28a
393.md	443	KR2a0036_WYG_208-28b
393.md	451	KR2a0036_WYG_208-29a
393.md	459	KR2a0036_WYG_208-29b
393.md	467	KR2a0036_WYG_208-30a
393.md	475	KR2a0036_WYG_208-30b
394.md	3	KR2a0036_WYG_208-31a
394.md	10	KR2a0036_WYG_208-31b
395.md	3	KR2a0036_WYG_209-1a
395.md	11	KR2a0036_WYG_209-1b
395.md	19	KR2a0036_WYG_209-2a
395.md	27	KR2a0036_WYG_209-2b
395.md	35	KR2a0036_WYG_209-3a
395.md	43	KR2a0036_WYG_209-3b
395.md	51	KR2a0036_WYG_209-4a
395.md	59	KR2a0036_WYG_209-4b
395.md	67	KR2a0036_WYG_209-5a
395.md	75	KR2a0036_WYG_209-5b
395.md	83	KR2a0036_WYG_209-6a
395.md	91	KR2a0036_WYG_209-6b
395.md	99	KR2a0036_WYG_209-7a
395.md	107	KR2a0036_WYG_209-7b
395.md	115	KR2a0036_WYG_209-8a
395.md	123	KR2a0036_WYG_209-8b
395.md	131	KR2a0036_WYG_209-9a
395.md	139	KR2a0036_WYG_209-9b
395.md	147	KR2a0036_WYG_209-10a
395.md	155	KR2a0036_WYG_209-10b
395.md	163	KR2a0036_WYG_209-11a
395.md	171	KR2a0036_WYG_209-11b
395.md	179	KR2a0036_WYG_209-12a
395.md	187	KR2a0036_WYG_209-12b
395.md	195	KR2a0036_WYG_209-13a
395.md	203	KR2a0036_WYG_209-13b
395.md	211	KR2a0036_WYG_209-14a
395.md	219	KR2a0036_WYG_209-14b
395.md	227	KR2a0036_WYG_209-15a
395.md	235	KR2a0036_WYG_209-15b
395.md	243	KR2a0036_WYG_209-16a
395.md	251	KR2a0036_WYG_209-16b
395.md	259	KR2a0036_WYG_209-17a
395.md	267	KR2a0036_WYG_209-17b
395.md	275	KR2a0036_WYG_209-18a
395.md	283	KR2a0036_WYG_209-18b
395.md	291	KR2a0036_WYG_209-19a
395.md	299	KR2a0036_WYG_209-19b
395.md	307	KR2a0036_WYG_209-20a
395.md	315	KR2a0036_WYG_209-20b
395.md	323	KR2a0036_WYG_209-21a
395.md	331	KR2a0036_WYG_209-21b
395.md	339	KR2a0036_WYG_209-22a
395.md	347	KR2a0036_WYG_209-22b
395.md	355	KR2a0036_WYG_209-23a
395.md	363	KR2a0036_WYG_209-23b
395.md	371	KR2a0036_WYG_209-24a
395.md	379	KR2a0036_WYG_209-24b
395.md	387	KR2a0036_WYG_209-25a
395.md	395	KR2a0036_WYG_209-25b
395.md	403	KR2a0036_WYG_209-26a
395.md	411	KR2a0036_WYG_209-26b
395.md	419	KR2a0036_WYG_209-27a
395.md	427	KR2a0036_WYG_209-27b
396.md	3	KR2a0036_WYG_209-28a
396.md	11	KR2a0036_WYG_209-28b
397.md	3	KR2a0036_WYG_210-1a
397.md	11	KR2a0036_WYG_210-1b
397.md	19	KR2a0036_WYG_210-2a
397.md	27	KR2a0036_WYG_210-2b
397.md	35	KR2a0036_WYG_210-3a
397.md	43	KR2a0036_WYG_210-3b
397.md	51	KR2a0036_WYG_210-4a
397.md	59	KR2a0036_WYG_210-4b
397.md	67	KR2a0036_WYG_210-5a
397.md	75	KR2a0036_WYG_210-5b
397.md	83	KR2a0036_WYG_210-6a
397.md	91	KR2a0036_WYG_210-6b
397.md	99	KR2a0036_WYG_210-7a
397.md	107	KR2a0036_WYG_210-7b
397.md	115	KR2a0036_WYG_210-8a
397.md	123	KR2a0036_WYG_210-8b
397.md	131	KR2a0036_WYG_210-9a
397.md	139	KR2a0036_WYG_210-9b
397.md	147	KR2a0036_WYG_210-10a
397.md	155	KR2a0036_WYG_210-10b
397.md	163	KR2a0036_WYG_210-11a
397.md	171	KR2a0036_WYG_210-11b
397.md	179	KR2a0036_WYG_210-12a
397.md	187	KR2a0036_WYG_210-12b
397.md	195	KR2a0036_WYG_210-13a
397.md	203	KR2a0036_WYG_210-13b
397.md	211	KR2a0036_WYG_210-14a
397.md	219	KR2a0036_WYG_210-14b
397.md	227	KR2a0036_WYG_210-15a
397.md	235	KR2a0036_WYG_210-15b
397.md	243	KR2a0036_WYG_210-16a
397.md	251	KR2a0036_WYG_210-16b
397.md	259	KR2a0036_WYG_210-17a
397.md	267	KR2a0036_WYG_210-17b
397.md	275	KR2a0036_WYG_210-18a
397.md	283	KR2a0036_WYG_210-18b
397.md	291	KR2a0036_WYG_210-19a
397.md	299	KR2a0036_WYG_210-19b
397.md	307	KR2a0036_WYG_210-20a
397.md	315	KR2a0036_WYG_210-20b
397.md	323	KR2a0036_WYG_210-21a
397.md	331	KR2a0036_WYG_210-21b
398.md	3	KR2a0036_WYG_210-22a
398.md	11	KR2a0036_WYG_210-22b
