file	line_no	pb
001.md	3	KR2k0052_WYG_000-1a
001.md	11	KR2k0052_WYG_000-1b
001.md	19	KR2k0052_WYG_000-2a
001.md	27	KR2k0052_WYG_000-2b
001.md	35	KR2k0052_WYG_000-3a
001.md	43	KR2k0052_WYG_000-3b
001.md	51	KR2k0052_WYG_000-4a
001.md	59	KR2k0052_WYG_000-4b
001.md	67	KR2k0052_WYG_000-5a
001.md	75	KR2k0052_WYG_000-5b
001.md	83	KR2k0052_WYG_000-6a
001.md	91	KR2k0052_WYG_000-6b
001.md	99	KR2k0052_WYG_000-7a
001.md	107	KR2k0052_WYG_000-7b
001.md	115	KR2k0052_WYG_000-8a
001.md	123	KR2k0052_WYG_000-8b
001.md	131	KR2k0052_WYG_000-9a
001.md	139	KR2k0052_WYG_000-9b
002.md	3	KR2k0052_WYG_000-10a
002.md	11	KR2k0052_WYG_000-10b
002.md	19	KR2k0052_WYG_000-11a
002.md	27	KR2k0052_WYG_000-11b
002.md	35	KR2k0052_WYG_000-12a
002.md	43	KR2k0052_WYG_000-12b
002.md	51	KR2k0052_WYG_000-13a
002.md	59	KR2k0052_WYG_000-13b
002.md	67	KR2k0052_WYG_000-14a
002.md	75	KR2k0052_WYG_000-14b
002.md	83	KR2k0052_WYG_000-15a
002.md	91	KR2k0052_WYG_000-15b
002.md	99	KR2k0052_WYG_000-16a
002.md	107	KR2k0052_WYG_000-16b
002.md	115	KR2k0052_WYG_000-17a
003.md	3	KR2k0052_WYG_000-18a
003.md	11	KR2k0052_WYG_000-18b
003.md	19	KR2k0052_WYG_000-19a
003.md	27	KR2k0052_WYG_000-19b
003.md	35	KR2k0052_WYG_000-20a
003.md	43	KR2k0052_WYG_000-20b
003.md	51	KR2k0052_WYG_000-21a
003.md	59	KR2k0052_WYG_000-21b
003.md	67	KR2k0052_WYG_000-22a
003.md	75	KR2k0052_WYG_000-22b
004.md	3	KR2k0052_WYG_000-23a
004.md	11	KR2k0052_WYG_000-23b
004.md	19	KR2k0052_WYG_000-24a
004.md	27	KR2k0052_WYG_000-24b
004.md	35	KR2k0052_WYG_000-25a
004.md	43	KR2k0052_WYG_000-25b
004.md	51	KR2k0052_WYG_000-26a
004.md	53	KR2k0052_WYG_000-27a
004.md	61	KR2k0052_WYG_000-27b
004.md	69	KR2k0052_WYG_000-28a
004.md	77	KR2k0052_WYG_000-28b
004.md	85	KR2k0052_WYG_000-29a
004.md	91	KR2k0052_WYG_000-30a
004.md	99	KR2k0052_WYG_000-30b
004.md	107	KR2k0052_WYG_000-31a
004.md	115	KR2k0052_WYG_000-31b
004.md	123	KR2k0052_WYG_000-32a
004.md	130	KR2k0052_WYG_000-33a
004.md	138	KR2k0052_WYG_000-33b
004.md	146	KR2k0052_WYG_000-34a
004.md	154	KR2k0052_WYG_000-34b
004.md	162	KR2k0052_WYG_000-35a
004.md	170	KR2k0052_WYG_000-35b
004.md	171	KR2k0052_WYG_000-36a
004.md	179	KR2k0052_WYG_000-36b
004.md	187	KR2k0052_WYG_000-37a
004.md	195	KR2k0052_WYG_000-37b
004.md	203	KR2k0052_WYG_000-38a
004.md	211	KR2k0052_WYG_000-38b
004.md	219	KR2k0052_WYG_000-39a
004.md	227	KR2k0052_WYG_000-39b
004.md	235	KR2k0052_WYG_000-40a
004.md	243	KR2k0052_WYG_000-40b
004.md	251	KR2k0052_WYG_000-41a
004.md	259	KR2k0052_WYG_000-41b
004.md	267	KR2k0052_WYG_000-42a
004.md	275	KR2k0052_WYG_000-42b
004.md	283	KR2k0052_WYG_000-43a
004.md	291	KR2k0052_WYG_000-43b
004.md	299	KR2k0052_WYG_000-44a
004.md	307	KR2k0052_WYG_000-44b
004.md	315	KR2k0052_WYG_000-45a
004.md	323	KR2k0052_WYG_000-45b
004.md	331	KR2k0052_WYG_000-46a
004.md	339	KR2k0052_WYG_000-46b
004.md	347	KR2k0052_WYG_000-47a
004.md	355	KR2k0052_WYG_000-47b
004.md	363	KR2k0052_WYG_000-48a
004.md	371	KR2k0052_WYG_000-48b
004.md	379	KR2k0052_WYG_000-49a
004.md	387	KR2k0052_WYG_000-49b
004.md	395	KR2k0052_WYG_000-50a
004.md	403	KR2k0052_WYG_000-50b
004.md	411	KR2k0052_WYG_000-51a
004.md	419	KR2k0052_WYG_000-51b
004.md	427	KR2k0052_WYG_000-52a
004.md	435	KR2k0052_WYG_000-52b
004.md	443	KR2k0052_WYG_000-53a
004.md	451	KR2k0052_WYG_000-53b
004.md	459	KR2k0052_WYG_000-54a
004.md	467	KR2k0052_WYG_000-54b
004.md	475	KR2k0052_WYG_000-55a
004.md	483	KR2k0052_WYG_000-55b
005.md	3	KR2k0052_WYG_001-1a
005.md	11	KR2k0052_WYG_001-1b
005.md	19	KR2k0052_WYG_001-2a
005.md	27	KR2k0052_WYG_001-2b
005.md	35	KR2k0052_WYG_001-3a
005.md	43	KR2k0052_WYG_001-3b
005.md	47	KR2k0052_WYG_001-4a
005.md	48	KR2k0052_WYG_001-5a
005.md	49	KR2k0052_WYG_001-6a
005.md	50	KR2k0052_WYG_001-7a
005.md	51	KR2k0052_WYG_001-8a
005.md	52	KR2k0052_WYG_001-9a
005.md	53	KR2k0052_WYG_001-10a
005.md	54	KR2k0052_WYG_001-11a
005.md	55	KR2k0052_WYG_001-12a
005.md	56	KR2k0052_WYG_001-13a
005.md	57	KR2k0052_WYG_001-14a
005.md	58	KR2k0052_WYG_001-15a
005.md	59	KR2k0052_WYG_001-16a
005.md	60	KR2k0052_WYG_001-17a
005.md	61	KR2k0052_WYG_001-18a
005.md	62	KR2k0052_WYG_001-19a
005.md	63	KR2k0052_WYG_001-20a
005.md	64	KR2k0052_WYG_001-21a
005.md	65	KR2k0052_WYG_001-22a
005.md	66	KR2k0052_WYG_001-23a
005.md	67	KR2k0052_WYG_001-24a
005.md	68	KR2k0052_WYG_001-25a
005.md	69	KR2k0052_WYG_001-26a
005.md	70	KR2k0052_WYG_001-27a
005.md	71	KR2k0052_WYG_001-28a
005.md	72	KR2k0052_WYG_001-29a
005.md	73	KR2k0052_WYG_001-30a
005.md	74	KR2k0052_WYG_001-31a
005.md	75	KR2k0052_WYG_001-32a
005.md	76	KR2k0052_WYG_001-33a
005.md	77	KR2k0052_WYG_001-34a
005.md	78	KR2k0052_WYG_001-34b
005.md	79	KR2k0052_WYG_001-35a
005.md	80	KR2k0052_WYG_001-35b
005.md	81	KR2k0052_WYG_001-36a
005.md	82	KR2k0052_WYG_001-36b
005.md	83	KR2k0052_WYG_001-37a
005.md	84	KR2k0052_WYG_001-37b
005.md	85	KR2k0052_WYG_001-38a
005.md	86	KR2k0052_WYG_001-38b
005.md	87	KR2k0052_WYG_001-39a
005.md	88	KR2k0052_WYG_001-39b
005.md	89	KR2k0052_WYG_001-40a
005.md	90	KR2k0052_WYG_001-40b
005.md	91	KR2k0052_WYG_001-41a
005.md	99	KR2k0052_WYG_001-41b
005.md	107	KR2k0052_WYG_001-42a
005.md	115	KR2k0052_WYG_001-42b
005.md	123	KR2k0052_WYG_001-43a
005.md	131	KR2k0052_WYG_001-43b
005.md	139	KR2k0052_WYG_001-44a
005.md	147	KR2k0052_WYG_001-44b
005.md	155	KR2k0052_WYG_001-45a
005.md	163	KR2k0052_WYG_001-45b
006.md	3	KR2k0052_WYG_002-1a
006.md	11	KR2k0052_WYG_002-1b
006.md	19	KR2k0052_WYG_002-2a
006.md	27	KR2k0052_WYG_002-2b
006.md	35	KR2k0052_WYG_002-3a
006.md	43	KR2k0052_WYG_002-3b
006.md	51	KR2k0052_WYG_002-4a
006.md	59	KR2k0052_WYG_002-4b
006.md	67	KR2k0052_WYG_002-5a
006.md	75	KR2k0052_WYG_002-5b
006.md	83	KR2k0052_WYG_002-6a
006.md	91	KR2k0052_WYG_002-6b
006.md	99	KR2k0052_WYG_002-7a
006.md	107	KR2k0052_WYG_002-7b
006.md	115	KR2k0052_WYG_002-8a
006.md	123	KR2k0052_WYG_002-8b
006.md	131	KR2k0052_WYG_002-9a
006.md	139	KR2k0052_WYG_002-9b
006.md	147	KR2k0052_WYG_002-10a
006.md	155	KR2k0052_WYG_002-10b
006.md	163	KR2k0052_WYG_002-11a
006.md	171	KR2k0052_WYG_002-11b
006.md	179	KR2k0052_WYG_002-12a
006.md	187	KR2k0052_WYG_002-12b
006.md	195	KR2k0052_WYG_002-13a
006.md	203	KR2k0052_WYG_002-13b
006.md	211	KR2k0052_WYG_002-14a
006.md	219	KR2k0052_WYG_002-14b
006.md	227	KR2k0052_WYG_002-15a
006.md	235	KR2k0052_WYG_002-15b
006.md	243	KR2k0052_WYG_002-16a
006.md	251	KR2k0052_WYG_002-16b
006.md	259	KR2k0052_WYG_002-17a
006.md	267	KR2k0052_WYG_002-17b
006.md	275	KR2k0052_WYG_002-18a
006.md	283	KR2k0052_WYG_002-18b
006.md	291	KR2k0052_WYG_002-19a
006.md	299	KR2k0052_WYG_002-19b
006.md	307	KR2k0052_WYG_002-20a
006.md	315	KR2k0052_WYG_002-20b
006.md	323	KR2k0052_WYG_002-21a
006.md	331	KR2k0052_WYG_002-21b
006.md	339	KR2k0052_WYG_002-22a
006.md	347	KR2k0052_WYG_002-22b
006.md	355	KR2k0052_WYG_002-23a
006.md	363	KR2k0052_WYG_002-23b
006.md	371	KR2k0052_WYG_002-24a
006.md	379	KR2k0052_WYG_002-24b
006.md	387	KR2k0052_WYG_002-25a
006.md	395	KR2k0052_WYG_002-25b
006.md	403	KR2k0052_WYG_002-26a
006.md	411	KR2k0052_WYG_002-26b
006.md	419	KR2k0052_WYG_002-27a
006.md	427	KR2k0052_WYG_002-27b
006.md	435	KR2k0052_WYG_002-28a
006.md	443	KR2k0052_WYG_002-28b
006.md	451	KR2k0052_WYG_002-29a
006.md	459	KR2k0052_WYG_002-29b
006.md	467	KR2k0052_WYG_002-30a
006.md	475	KR2k0052_WYG_002-30b
006.md	483	KR2k0052_WYG_002-31a
006.md	491	KR2k0052_WYG_002-31b
006.md	499	KR2k0052_WYG_002-32a
006.md	507	KR2k0052_WYG_002-32b
006.md	515	KR2k0052_WYG_002-33a
006.md	523	KR2k0052_WYG_002-33b
006.md	531	KR2k0052_WYG_002-34a
006.md	539	KR2k0052_WYG_002-34b
006.md	547	KR2k0052_WYG_002-35a
006.md	555	KR2k0052_WYG_002-35b
006.md	563	KR2k0052_WYG_002-36a
006.md	571	KR2k0052_WYG_002-36b
006.md	579	KR2k0052_WYG_002-37a
006.md	587	KR2k0052_WYG_002-37b
006.md	595	KR2k0052_WYG_002-38a
006.md	603	KR2k0052_WYG_002-38b
006.md	611	KR2k0052_WYG_002-39a
006.md	619	KR2k0052_WYG_002-39b
006.md	627	KR2k0052_WYG_002-40a
006.md	635	KR2k0052_WYG_002-40b
006.md	643	KR2k0052_WYG_002-41a
006.md	651	KR2k0052_WYG_002-41b
006.md	659	KR2k0052_WYG_002-42a
006.md	667	KR2k0052_WYG_002-42b
006.md	675	KR2k0052_WYG_002-43a
006.md	683	KR2k0052_WYG_002-43b
006.md	691	KR2k0052_WYG_002-44a
006.md	699	KR2k0052_WYG_002-44b
006.md	707	KR2k0052_WYG_002-45a
006.md	715	KR2k0052_WYG_002-45b
006.md	723	KR2k0052_WYG_002-46a
006.md	731	KR2k0052_WYG_002-46b
006.md	739	KR2k0052_WYG_002-47a
006.md	747	KR2k0052_WYG_002-47b
006.md	755	KR2k0052_WYG_002-48a
006.md	763	KR2k0052_WYG_002-48b
006.md	771	KR2k0052_WYG_002-49a
006.md	779	KR2k0052_WYG_002-49b
006.md	787	KR2k0052_WYG_002-50a
006.md	795	KR2k0052_WYG_002-50b
006.md	803	KR2k0052_WYG_002-51a
006.md	811	KR2k0052_WYG_002-51b
006.md	819	KR2k0052_WYG_002-52a
006.md	827	KR2k0052_WYG_002-52b
006.md	835	KR2k0052_WYG_002-53a
006.md	843	KR2k0052_WYG_002-53b
006.md	851	KR2k0052_WYG_002-54a
006.md	859	KR2k0052_WYG_002-54b
006.md	867	KR2k0052_WYG_002-55a
006.md	875	KR2k0052_WYG_002-55b
006.md	883	KR2k0052_WYG_002-56a
006.md	891	KR2k0052_WYG_002-56b
006.md	899	KR2k0052_WYG_002-57a
006.md	907	KR2k0052_WYG_002-57b
006.md	915	KR2k0052_WYG_002-58a
006.md	923	KR2k0052_WYG_002-58b
006.md	931	KR2k0052_WYG_002-59a
006.md	939	KR2k0052_WYG_002-59b
006.md	947	KR2k0052_WYG_002-60a
006.md	955	KR2k0052_WYG_002-60b
006.md	963	KR2k0052_WYG_002-61a
006.md	971	KR2k0052_WYG_002-61b
006.md	979	KR2k0052_WYG_002-62a
006.md	987	KR2k0052_WYG_002-62b
006.md	995	KR2k0052_WYG_002-63a
006.md	1003	KR2k0052_WYG_002-63b
006.md	1011	KR2k0052_WYG_002-64a
006.md	1019	KR2k0052_WYG_002-64b
006.md	1027	KR2k0052_WYG_002-65a
006.md	1035	KR2k0052_WYG_002-65b
006.md	1043	KR2k0052_WYG_002-66a
006.md	1051	KR2k0052_WYG_002-66b
006.md	1059	KR2k0052_WYG_002-67a
006.md	1067	KR2k0052_WYG_002-67b
006.md	1075	KR2k0052_WYG_002-68a
006.md	1083	KR2k0052_WYG_002-68b
006.md	1091	KR2k0052_WYG_002-69a
006.md	1099	KR2k0052_WYG_002-69b
007.md	3	KR2k0052_WYG_003-1a
007.md	11	KR2k0052_WYG_003-1b
007.md	19	KR2k0052_WYG_003-2a
007.md	27	KR2k0052_WYG_003-2b
007.md	35	KR2k0052_WYG_003-3a
007.md	43	KR2k0052_WYG_003-3b
007.md	51	KR2k0052_WYG_003-4a
007.md	59	KR2k0052_WYG_003-4b
007.md	67	KR2k0052_WYG_003-5a
007.md	75	KR2k0052_WYG_003-5b
007.md	83	KR2k0052_WYG_003-6a
007.md	91	KR2k0052_WYG_003-6b
007.md	99	KR2k0052_WYG_003-7a
007.md	107	KR2k0052_WYG_003-7b
007.md	115	KR2k0052_WYG_003-8a
007.md	123	KR2k0052_WYG_003-8b
007.md	131	KR2k0052_WYG_003-9a
007.md	139	KR2k0052_WYG_003-9b
007.md	147	KR2k0052_WYG_003-10a
007.md	155	KR2k0052_WYG_003-10b
007.md	163	KR2k0052_WYG_003-11a
007.md	171	KR2k0052_WYG_003-11b
007.md	179	KR2k0052_WYG_003-12a
007.md	187	KR2k0052_WYG_003-12b
007.md	195	KR2k0052_WYG_003-13a
007.md	203	KR2k0052_WYG_003-13b
007.md	211	KR2k0052_WYG_003-14a
007.md	219	KR2k0052_WYG_003-14b
007.md	227	KR2k0052_WYG_003-15a
007.md	235	KR2k0052_WYG_003-15b
007.md	243	KR2k0052_WYG_003-16a
007.md	251	KR2k0052_WYG_003-16b
007.md	259	KR2k0052_WYG_003-17a
007.md	267	KR2k0052_WYG_003-17b
007.md	275	KR2k0052_WYG_003-18a
007.md	283	KR2k0052_WYG_003-18b
007.md	291	KR2k0052_WYG_003-19a
007.md	299	KR2k0052_WYG_003-19b
007.md	307	KR2k0052_WYG_003-20a
007.md	315	KR2k0052_WYG_003-20b
007.md	323	KR2k0052_WYG_003-21a
007.md	331	KR2k0052_WYG_003-21b
007.md	339	KR2k0052_WYG_003-22a
007.md	347	KR2k0052_WYG_003-22b
007.md	355	KR2k0052_WYG_003-23a
007.md	363	KR2k0052_WYG_003-23b
007.md	371	KR2k0052_WYG_003-24a
007.md	379	KR2k0052_WYG_003-24b
007.md	387	KR2k0052_WYG_003-25a
007.md	395	KR2k0052_WYG_003-25b
007.md	403	KR2k0052_WYG_003-26a
007.md	411	KR2k0052_WYG_003-26b
007.md	419	KR2k0052_WYG_003-27a
007.md	427	KR2k0052_WYG_003-27b
007.md	435	KR2k0052_WYG_003-28a
007.md	443	KR2k0052_WYG_003-28b
007.md	451	KR2k0052_WYG_003-29a
007.md	459	KR2k0052_WYG_003-29b
007.md	467	KR2k0052_WYG_003-30a
007.md	475	KR2k0052_WYG_003-30b
007.md	483	KR2k0052_WYG_003-31a
007.md	491	KR2k0052_WYG_003-31b
007.md	499	KR2k0052_WYG_003-32a
007.md	507	KR2k0052_WYG_003-32b
007.md	515	KR2k0052_WYG_003-33a
007.md	523	KR2k0052_WYG_003-33b
007.md	531	KR2k0052_WYG_003-34a
007.md	539	KR2k0052_WYG_003-34b
007.md	547	KR2k0052_WYG_003-35a
007.md	555	KR2k0052_WYG_003-35b
007.md	563	KR2k0052_WYG_003-36a
007.md	571	KR2k0052_WYG_003-36b
007.md	579	KR2k0052_WYG_003-37a
007.md	587	KR2k0052_WYG_003-37b
007.md	595	KR2k0052_WYG_003-38a
007.md	603	KR2k0052_WYG_003-38b
007.md	611	KR2k0052_WYG_003-39a
007.md	619	KR2k0052_WYG_003-39b
007.md	627	KR2k0052_WYG_003-40a
007.md	635	KR2k0052_WYG_003-40b
007.md	643	KR2k0052_WYG_003-41a
007.md	651	KR2k0052_WYG_003-41b
007.md	659	KR2k0052_WYG_003-42a
007.md	667	KR2k0052_WYG_003-42b
007.md	675	KR2k0052_WYG_003-43a
007.md	683	KR2k0052_WYG_003-43b
007.md	691	KR2k0052_WYG_003-44a
007.md	699	KR2k0052_WYG_003-44b
007.md	707	KR2k0052_WYG_003-45a
007.md	715	KR2k0052_WYG_003-45b
007.md	723	KR2k0052_WYG_003-46a
007.md	731	KR2k0052_WYG_003-46b
007.md	739	KR2k0052_WYG_003-47a
007.md	747	KR2k0052_WYG_003-47b
007.md	755	KR2k0052_WYG_003-48a
007.md	763	KR2k0052_WYG_003-48b
007.md	771	KR2k0052_WYG_003-49a
007.md	779	KR2k0052_WYG_003-49b
007.md	787	KR2k0052_WYG_003-50a
007.md	795	KR2k0052_WYG_003-50b
007.md	803	KR2k0052_WYG_003-51a
007.md	811	KR2k0052_WYG_003-51b
007.md	819	KR2k0052_WYG_003-52a
007.md	827	KR2k0052_WYG_003-52b
007.md	835	KR2k0052_WYG_003-53a
007.md	843	KR2k0052_WYG_003-53b
007.md	851	KR2k0052_WYG_003-54a
007.md	859	KR2k0052_WYG_003-54b
007.md	867	KR2k0052_WYG_003-55a
007.md	875	KR2k0052_WYG_003-55b
007.md	883	KR2k0052_WYG_003-56a
007.md	891	KR2k0052_WYG_003-56b
007.md	899	KR2k0052_WYG_003-57a
007.md	907	KR2k0052_WYG_003-57b
007.md	915	KR2k0052_WYG_003-58a
007.md	923	KR2k0052_WYG_003-58b
007.md	931	KR2k0052_WYG_003-59a
007.md	939	KR2k0052_WYG_003-59b
007.md	947	KR2k0052_WYG_003-60a
007.md	955	KR2k0052_WYG_003-60b
007.md	963	KR2k0052_WYG_003-61a
007.md	971	KR2k0052_WYG_003-61b
007.md	979	KR2k0052_WYG_003-62a
007.md	987	KR2k0052_WYG_003-62b
007.md	995	KR2k0052_WYG_003-63a
007.md	1003	KR2k0052_WYG_003-63b
007.md	1011	KR2k0052_WYG_003-64a
007.md	1019	KR2k0052_WYG_003-64b
007.md	1027	KR2k0052_WYG_003-65a
007.md	1035	KR2k0052_WYG_003-65b
007.md	1043	KR2k0052_WYG_003-66a
007.md	1051	KR2k0052_WYG_003-66b
007.md	1059	KR2k0052_WYG_003-67a
007.md	1067	KR2k0052_WYG_003-67b
007.md	1075	KR2k0052_WYG_003-68a
007.md	1083	KR2k0052_WYG_003-68b
007.md	1091	KR2k0052_WYG_003-69a
007.md	1099	KR2k0052_WYG_003-69b
007.md	1107	KR2k0052_WYG_003-70a
007.md	1115	KR2k0052_WYG_003-70b
007.md	1123	KR2k0052_WYG_003-71a
007.md	1131	KR2k0052_WYG_003-71b
007.md	1139	KR2k0052_WYG_003-72a
007.md	1147	KR2k0052_WYG_003-72b
007.md	1155	KR2k0052_WYG_003-73a
007.md	1163	KR2k0052_WYG_003-73b
007.md	1171	KR2k0052_WYG_003-74a
007.md	1179	KR2k0052_WYG_003-74b
007.md	1187	KR2k0052_WYG_003-75a
007.md	1195	KR2k0052_WYG_003-75b
007.md	1203	KR2k0052_WYG_003-76a
007.md	1211	KR2k0052_WYG_003-76b
007.md	1219	KR2k0052_WYG_003-77a
007.md	1227	KR2k0052_WYG_003-77b
008.md	3	KR2k0052_WYG_003-78a
008.md	11	KR2k0052_WYG_003-78b
008.md	19	KR2k0052_WYG_003-79a
008.md	27	KR2k0052_WYG_003-79b
008.md	35	KR2k0052_WYG_003-80a
008.md	43	KR2k0052_WYG_003-80b
008.md	51	KR2k0052_WYG_003-81a
008.md	59	KR2k0052_WYG_003-81b
008.md	67	KR2k0052_WYG_003-82a
008.md	75	KR2k0052_WYG_003-82b
008.md	83	KR2k0052_WYG_003-83a
008.md	91	KR2k0052_WYG_003-83b
008.md	99	KR2k0052_WYG_003-84a
008.md	107	KR2k0052_WYG_003-84b
008.md	115	KR2k0052_WYG_003-85a
008.md	123	KR2k0052_WYG_003-85b
008.md	131	KR2k0052_WYG_003-86a
008.md	139	KR2k0052_WYG_003-86b
008.md	147	KR2k0052_WYG_003-87a
008.md	155	KR2k0052_WYG_003-87b
008.md	163	KR2k0052_WYG_003-88a
008.md	171	KR2k0052_WYG_003-88b
008.md	179	KR2k0052_WYG_003-89a
008.md	187	KR2k0052_WYG_003-89b
008.md	195	KR2k0052_WYG_003-90a
008.md	203	KR2k0052_WYG_003-90b
008.md	211	KR2k0052_WYG_003-91a
008.md	219	KR2k0052_WYG_003-91b
008.md	227	KR2k0052_WYG_003-92a
008.md	235	KR2k0052_WYG_003-92b
008.md	243	KR2k0052_WYG_003-93a
008.md	251	KR2k0052_WYG_003-93b
008.md	259	KR2k0052_WYG_003-94a
008.md	267	KR2k0052_WYG_003-94b
008.md	275	KR2k0052_WYG_003-95a
008.md	283	KR2k0052_WYG_003-95b
008.md	291	KR2k0052_WYG_003-96a
008.md	299	KR2k0052_WYG_003-96b
008.md	307	KR2k0052_WYG_003-97a
008.md	315	KR2k0052_WYG_003-97b
008.md	323	KR2k0052_WYG_003-98a
008.md	331	KR2k0052_WYG_003-98b
008.md	339	KR2k0052_WYG_003-99a
008.md	347	KR2k0052_WYG_003-99b
009.md	3	KR2k0052_WYG_004-1a
009.md	11	KR2k0052_WYG_004-1b
009.md	19	KR2k0052_WYG_004-2a
009.md	27	KR2k0052_WYG_004-2b
009.md	35	KR2k0052_WYG_004-3a
009.md	43	KR2k0052_WYG_004-3b
009.md	51	KR2k0052_WYG_004-4a
009.md	59	KR2k0052_WYG_004-4b
009.md	67	KR2k0052_WYG_004-5a
009.md	75	KR2k0052_WYG_004-5b
009.md	83	KR2k0052_WYG_004-6a
009.md	91	KR2k0052_WYG_004-6b
009.md	99	KR2k0052_WYG_004-7a
009.md	107	KR2k0052_WYG_004-7b
009.md	115	KR2k0052_WYG_004-8a
009.md	123	KR2k0052_WYG_004-8b
009.md	131	KR2k0052_WYG_004-9a
009.md	139	KR2k0052_WYG_004-9b
009.md	147	KR2k0052_WYG_004-10a
009.md	155	KR2k0052_WYG_004-10b
009.md	163	KR2k0052_WYG_004-11a
009.md	171	KR2k0052_WYG_004-11b
009.md	179	KR2k0052_WYG_004-12a
009.md	187	KR2k0052_WYG_004-12b
009.md	195	KR2k0052_WYG_004-13a
009.md	203	KR2k0052_WYG_004-13b
009.md	211	KR2k0052_WYG_004-14a
009.md	219	KR2k0052_WYG_004-14b
009.md	227	KR2k0052_WYG_004-15a
009.md	235	KR2k0052_WYG_004-15b
009.md	243	KR2k0052_WYG_004-16a
009.md	251	KR2k0052_WYG_004-16b
009.md	259	KR2k0052_WYG_004-17a
009.md	267	KR2k0052_WYG_004-17b
009.md	275	KR2k0052_WYG_004-18a
009.md	283	KR2k0052_WYG_004-18b
009.md	291	KR2k0052_WYG_004-19a
009.md	299	KR2k0052_WYG_004-19b
009.md	307	KR2k0052_WYG_004-20a
009.md	315	KR2k0052_WYG_004-20b
009.md	323	KR2k0052_WYG_004-21a
009.md	331	KR2k0052_WYG_004-21b
009.md	339	KR2k0052_WYG_004-22a
009.md	347	KR2k0052_WYG_004-22b
009.md	355	KR2k0052_WYG_004-23a
009.md	363	KR2k0052_WYG_004-23b
009.md	371	KR2k0052_WYG_004-24a
009.md	379	KR2k0052_WYG_004-24b
009.md	387	KR2k0052_WYG_004-25a
009.md	395	KR2k0052_WYG_004-25b
009.md	403	KR2k0052_WYG_004-26a
009.md	411	KR2k0052_WYG_004-26b
009.md	419	KR2k0052_WYG_004-27a
009.md	427	KR2k0052_WYG_004-27b
009.md	435	KR2k0052_WYG_004-28a
009.md	443	KR2k0052_WYG_004-28b
009.md	451	KR2k0052_WYG_004-29a
009.md	459	KR2k0052_WYG_004-29b
009.md	467	KR2k0052_WYG_004-30a
009.md	475	KR2k0052_WYG_004-30b
009.md	483	KR2k0052_WYG_004-31a
009.md	491	KR2k0052_WYG_004-31b
009.md	499	KR2k0052_WYG_004-32a
009.md	507	KR2k0052_WYG_004-32b
009.md	515	KR2k0052_WYG_004-33a
009.md	523	KR2k0052_WYG_004-33b
009.md	531	KR2k0052_WYG_004-34a
009.md	539	KR2k0052_WYG_004-34b
009.md	547	KR2k0052_WYG_004-35a
009.md	555	KR2k0052_WYG_004-35b
009.md	563	KR2k0052_WYG_004-36a
009.md	571	KR2k0052_WYG_004-36b
009.md	579	KR2k0052_WYG_004-37a
009.md	587	KR2k0052_WYG_004-37b
009.md	595	KR2k0052_WYG_004-38a
009.md	603	KR2k0052_WYG_004-38b
009.md	611	KR2k0052_WYG_004-39a
009.md	619	KR2k0052_WYG_004-39b
009.md	627	KR2k0052_WYG_004-40a
009.md	635	KR2k0052_WYG_004-40b
009.md	643	KR2k0052_WYG_004-41a
009.md	651	KR2k0052_WYG_004-41b
009.md	659	KR2k0052_WYG_004-42a
009.md	667	KR2k0052_WYG_004-42b
009.md	675	KR2k0052_WYG_004-43a
009.md	683	KR2k0052_WYG_004-43b
009.md	691	KR2k0052_WYG_004-44a
009.md	699	KR2k0052_WYG_004-44b
009.md	707	KR2k0052_WYG_004-45a
009.md	715	KR2k0052_WYG_004-45b
009.md	723	KR2k0052_WYG_004-46a
009.md	731	KR2k0052_WYG_004-46b
010.md	3	KR2k0052_WYG_004-47a
010.md	11	KR2k0052_WYG_004-47b
010.md	19	KR2k0052_WYG_004-48a
010.md	27	KR2k0052_WYG_004-48b
010.md	35	KR2k0052_WYG_004-49a
010.md	43	KR2k0052_WYG_004-49b
010.md	51	KR2k0052_WYG_004-50a
010.md	59	KR2k0052_WYG_004-50b
010.md	67	KR2k0052_WYG_004-51a
010.md	75	KR2k0052_WYG_004-51b
010.md	83	KR2k0052_WYG_004-52a
010.md	91	KR2k0052_WYG_004-52b
010.md	99	KR2k0052_WYG_004-53a
010.md	107	KR2k0052_WYG_004-53b
010.md	115	KR2k0052_WYG_004-54a
010.md	123	KR2k0052_WYG_004-54b
010.md	131	KR2k0052_WYG_004-55a
010.md	139	KR2k0052_WYG_004-55b
010.md	147	KR2k0052_WYG_004-56a
010.md	155	KR2k0052_WYG_004-56b
010.md	163	KR2k0052_WYG_004-57a
010.md	171	KR2k0052_WYG_004-57b
010.md	179	KR2k0052_WYG_004-58a
010.md	187	KR2k0052_WYG_004-58b
010.md	195	KR2k0052_WYG_004-59a
010.md	203	KR2k0052_WYG_004-59b
010.md	211	KR2k0052_WYG_004-60a
010.md	219	KR2k0052_WYG_004-60b
010.md	227	KR2k0052_WYG_004-61a
010.md	235	KR2k0052_WYG_004-61b
010.md	243	KR2k0052_WYG_004-62a
010.md	251	KR2k0052_WYG_004-62b
010.md	259	KR2k0052_WYG_004-63a
010.md	267	KR2k0052_WYG_004-63b
010.md	275	KR2k0052_WYG_004-64a
010.md	283	KR2k0052_WYG_004-64b
010.md	291	KR2k0052_WYG_004-65a
010.md	299	KR2k0052_WYG_004-65b
010.md	307	KR2k0052_WYG_004-66a
010.md	315	KR2k0052_WYG_004-66b
010.md	323	KR2k0052_WYG_004-67a
010.md	331	KR2k0052_WYG_004-67b
010.md	339	KR2k0052_WYG_004-68a
010.md	347	KR2k0052_WYG_004-68b
010.md	355	KR2k0052_WYG_004-69a
010.md	363	KR2k0052_WYG_004-69b
011.md	3	KR2k0052_WYG_005-1a
011.md	11	KR2k0052_WYG_005-1b
011.md	19	KR2k0052_WYG_005-2a
011.md	27	KR2k0052_WYG_005-2b
011.md	35	KR2k0052_WYG_005-3a
011.md	43	KR2k0052_WYG_005-3b
011.md	51	KR2k0052_WYG_005-4a
011.md	59	KR2k0052_WYG_005-4b
011.md	67	KR2k0052_WYG_005-5a
011.md	75	KR2k0052_WYG_005-5b
011.md	83	KR2k0052_WYG_005-6a
011.md	91	KR2k0052_WYG_005-6b
011.md	99	KR2k0052_WYG_005-7a
011.md	107	KR2k0052_WYG_005-7b
011.md	115	KR2k0052_WYG_005-8a
011.md	123	KR2k0052_WYG_005-8b
011.md	131	KR2k0052_WYG_005-9a
011.md	139	KR2k0052_WYG_005-9b
011.md	147	KR2k0052_WYG_005-10a
011.md	155	KR2k0052_WYG_005-10b
011.md	163	KR2k0052_WYG_005-11a
011.md	171	KR2k0052_WYG_005-11b
011.md	179	KR2k0052_WYG_005-12a
011.md	187	KR2k0052_WYG_005-12b
011.md	195	KR2k0052_WYG_005-13a
011.md	203	KR2k0052_WYG_005-13b
011.md	211	KR2k0052_WYG_005-14a
011.md	219	KR2k0052_WYG_005-14b
011.md	227	KR2k0052_WYG_005-15a
011.md	235	KR2k0052_WYG_005-15b
011.md	243	KR2k0052_WYG_005-16a
011.md	251	KR2k0052_WYG_005-16b
011.md	259	KR2k0052_WYG_005-17a
011.md	267	KR2k0052_WYG_005-17b
011.md	275	KR2k0052_WYG_005-18a
011.md	283	KR2k0052_WYG_005-18b
011.md	291	KR2k0052_WYG_005-19a
011.md	299	KR2k0052_WYG_005-19b
011.md	307	KR2k0052_WYG_005-20a
011.md	315	KR2k0052_WYG_005-20b
011.md	323	KR2k0052_WYG_005-21a
011.md	331	KR2k0052_WYG_005-21b
011.md	339	KR2k0052_WYG_005-22a
011.md	347	KR2k0052_WYG_005-22b
011.md	355	KR2k0052_WYG_005-23a
011.md	363	KR2k0052_WYG_005-23b
011.md	371	KR2k0052_WYG_005-24a
011.md	379	KR2k0052_WYG_005-24b
011.md	387	KR2k0052_WYG_005-25a
011.md	395	KR2k0052_WYG_005-25b
011.md	403	KR2k0052_WYG_005-26a
011.md	411	KR2k0052_WYG_005-26b
011.md	419	KR2k0052_WYG_005-27a
011.md	427	KR2k0052_WYG_005-27b
011.md	435	KR2k0052_WYG_005-28a
011.md	443	KR2k0052_WYG_005-28b
011.md	451	KR2k0052_WYG_005-29a
011.md	459	KR2k0052_WYG_005-29b
011.md	467	KR2k0052_WYG_005-30a
011.md	475	KR2k0052_WYG_005-30b
011.md	483	KR2k0052_WYG_005-31a
011.md	491	KR2k0052_WYG_005-31b
011.md	499	KR2k0052_WYG_005-32a
011.md	507	KR2k0052_WYG_005-32b
011.md	515	KR2k0052_WYG_005-33a
011.md	523	KR2k0052_WYG_005-33b
011.md	531	KR2k0052_WYG_005-34a
011.md	539	KR2k0052_WYG_005-34b
011.md	547	KR2k0052_WYG_005-35a
011.md	555	KR2k0052_WYG_005-35b
011.md	563	KR2k0052_WYG_005-36a
011.md	571	KR2k0052_WYG_005-36b
011.md	579	KR2k0052_WYG_005-37a
011.md	587	KR2k0052_WYG_005-37b
011.md	595	KR2k0052_WYG_005-38a
011.md	603	KR2k0052_WYG_005-38b
011.md	611	KR2k0052_WYG_005-39a
011.md	619	KR2k0052_WYG_005-39b
012.md	3	KR2k0052_WYG_005-40a
012.md	11	KR2k0052_WYG_005-40b
012.md	19	KR2k0052_WYG_005-41a
012.md	27	KR2k0052_WYG_005-41b
012.md	35	KR2k0052_WYG_005-42a
012.md	43	KR2k0052_WYG_005-42b
012.md	51	KR2k0052_WYG_005-43a
012.md	59	KR2k0052_WYG_005-43b
012.md	67	KR2k0052_WYG_005-44a
012.md	75	KR2k0052_WYG_005-44b
012.md	83	KR2k0052_WYG_005-45a
012.md	91	KR2k0052_WYG_005-45b
012.md	99	KR2k0052_WYG_005-46a
012.md	107	KR2k0052_WYG_005-46b
012.md	115	KR2k0052_WYG_005-47a
012.md	123	KR2k0052_WYG_005-47b
012.md	131	KR2k0052_WYG_005-48a
012.md	139	KR2k0052_WYG_005-48b
012.md	147	KR2k0052_WYG_005-49a
012.md	155	KR2k0052_WYG_005-49b
012.md	163	KR2k0052_WYG_005-50a
012.md	171	KR2k0052_WYG_005-50b
012.md	179	KR2k0052_WYG_005-51a
012.md	187	KR2k0052_WYG_005-51b
012.md	195	KR2k0052_WYG_005-52a
012.md	203	KR2k0052_WYG_005-52b
012.md	211	KR2k0052_WYG_005-53a
012.md	219	KR2k0052_WYG_005-53b
012.md	227	KR2k0052_WYG_005-54a
012.md	235	KR2k0052_WYG_005-54b
012.md	243	KR2k0052_WYG_005-55a
012.md	251	KR2k0052_WYG_005-55b
012.md	259	KR2k0052_WYG_005-56a
012.md	267	KR2k0052_WYG_005-56b
012.md	275	KR2k0052_WYG_005-57a
012.md	283	KR2k0052_WYG_005-57b
012.md	291	KR2k0052_WYG_005-58a
012.md	299	KR2k0052_WYG_005-58b
012.md	307	KR2k0052_WYG_005-59a
012.md	315	KR2k0052_WYG_005-59b
012.md	323	KR2k0052_WYG_005-60a
012.md	331	KR2k0052_WYG_005-60b
012.md	339	KR2k0052_WYG_005-61a
012.md	347	KR2k0052_WYG_005-61b
012.md	355	KR2k0052_WYG_005-62a
012.md	363	KR2k0052_WYG_005-62b
012.md	371	KR2k0052_WYG_005-63a
012.md	379	KR2k0052_WYG_005-63b
012.md	387	KR2k0052_WYG_005-64a
012.md	395	KR2k0052_WYG_005-64b
012.md	403	KR2k0052_WYG_005-65a
012.md	411	KR2k0052_WYG_005-65b
012.md	419	KR2k0052_WYG_005-66a
012.md	427	KR2k0052_WYG_005-66b
012.md	435	KR2k0052_WYG_005-67a
012.md	443	KR2k0052_WYG_005-67b
012.md	451	KR2k0052_WYG_005-68a
012.md	459	KR2k0052_WYG_005-68b
012.md	467	KR2k0052_WYG_005-69a
012.md	475	KR2k0052_WYG_005-69b
012.md	483	KR2k0052_WYG_005-70a
012.md	491	KR2k0052_WYG_005-70b
012.md	499	KR2k0052_WYG_005-71a
012.md	507	KR2k0052_WYG_005-71b
013.md	3	KR2k0052_WYG_005-72a
013.md	11	KR2k0052_WYG_005-72b
013.md	19	KR2k0052_WYG_005-73a
013.md	27	KR2k0052_WYG_005-73b
013.md	35	KR2k0052_WYG_005-74a
013.md	43	KR2k0052_WYG_005-74b
013.md	51	KR2k0052_WYG_005-75a
013.md	59	KR2k0052_WYG_005-75b
013.md	67	KR2k0052_WYG_005-76a
013.md	75	KR2k0052_WYG_005-76b
013.md	83	KR2k0052_WYG_005-77a
013.md	91	KR2k0052_WYG_005-77b
013.md	99	KR2k0052_WYG_005-78a
013.md	107	KR2k0052_WYG_005-78b
013.md	115	KR2k0052_WYG_005-79a
013.md	123	KR2k0052_WYG_005-79b
013.md	131	KR2k0052_WYG_005-80a
013.md	139	KR2k0052_WYG_005-80b
013.md	147	KR2k0052_WYG_005-81a
013.md	155	KR2k0052_WYG_005-81b
013.md	163	KR2k0052_WYG_005-82a
013.md	171	KR2k0052_WYG_005-82b
013.md	179	KR2k0052_WYG_005-83a
013.md	187	KR2k0052_WYG_005-83b
013.md	195	KR2k0052_WYG_005-84a
013.md	203	KR2k0052_WYG_005-84b
013.md	211	KR2k0052_WYG_005-85a
013.md	219	KR2k0052_WYG_005-85b
013.md	227	KR2k0052_WYG_005-86a
013.md	235	KR2k0052_WYG_005-86b
013.md	243	KR2k0052_WYG_005-87a
013.md	251	KR2k0052_WYG_005-87b
013.md	259	KR2k0052_WYG_005-88a
013.md	267	KR2k0052_WYG_005-88b
013.md	275	KR2k0052_WYG_005-89a
013.md	283	KR2k0052_WYG_005-89b
013.md	291	KR2k0052_WYG_005-90a
013.md	299	KR2k0052_WYG_005-90b
013.md	307	KR2k0052_WYG_005-91a
013.md	315	KR2k0052_WYG_005-91b
013.md	323	KR2k0052_WYG_005-92a
013.md	331	KR2k0052_WYG_005-92b
013.md	339	KR2k0052_WYG_005-93a
013.md	347	KR2k0052_WYG_005-93b
013.md	355	KR2k0052_WYG_005-94a
013.md	363	KR2k0052_WYG_005-94b
013.md	371	KR2k0052_WYG_005-95a
013.md	379	KR2k0052_WYG_005-95b
013.md	387	KR2k0052_WYG_005-96a
013.md	395	KR2k0052_WYG_005-96b
013.md	403	KR2k0052_WYG_005-97a
013.md	411	KR2k0052_WYG_005-97b
013.md	419	KR2k0052_WYG_005-98a
013.md	427	KR2k0052_WYG_005-98b
013.md	435	KR2k0052_WYG_005-99a
013.md	443	KR2k0052_WYG_005-99b
013.md	451	KR2k0052_WYG_005-100a
013.md	459	KR2k0052_WYG_005-100b
013.md	467	KR2k0052_WYG_005-101a
013.md	475	KR2k0052_WYG_005-101b
013.md	483	KR2k0052_WYG_005-102a
013.md	491	KR2k0052_WYG_005-102b
013.md	499	KR2k0052_WYG_005-103a
013.md	507	KR2k0052_WYG_005-103b
014.md	3	KR2k0052_WYG_006-1a
014.md	11	KR2k0052_WYG_006-1b
014.md	19	KR2k0052_WYG_006-2a
014.md	27	KR2k0052_WYG_006-2b
014.md	35	KR2k0052_WYG_006-3a
014.md	43	KR2k0052_WYG_006-3b
014.md	51	KR2k0052_WYG_006-4a
014.md	59	KR2k0052_WYG_006-4b
014.md	67	KR2k0052_WYG_006-5a
014.md	75	KR2k0052_WYG_006-5b
014.md	83	KR2k0052_WYG_006-6a
014.md	91	KR2k0052_WYG_006-6b
014.md	99	KR2k0052_WYG_006-7a
014.md	107	KR2k0052_WYG_006-7b
014.md	115	KR2k0052_WYG_006-8a
014.md	123	KR2k0052_WYG_006-8b
014.md	131	KR2k0052_WYG_006-9a
014.md	139	KR2k0052_WYG_006-9b
014.md	147	KR2k0052_WYG_006-10a
014.md	155	KR2k0052_WYG_006-10b
014.md	163	KR2k0052_WYG_006-11a
014.md	171	KR2k0052_WYG_006-11b
014.md	179	KR2k0052_WYG_006-12a
014.md	187	KR2k0052_WYG_006-12b
014.md	195	KR2k0052_WYG_006-13a
014.md	203	KR2k0052_WYG_006-13b
014.md	211	KR2k0052_WYG_006-14a
014.md	219	KR2k0052_WYG_006-14b
014.md	227	KR2k0052_WYG_006-15a
014.md	235	KR2k0052_WYG_006-15b
014.md	243	KR2k0052_WYG_006-16a
014.md	251	KR2k0052_WYG_006-16b
014.md	259	KR2k0052_WYG_006-17a
014.md	267	KR2k0052_WYG_006-17b
014.md	275	KR2k0052_WYG_006-18a
014.md	283	KR2k0052_WYG_006-18b
014.md	291	KR2k0052_WYG_006-19a
014.md	299	KR2k0052_WYG_006-19b
014.md	307	KR2k0052_WYG_006-20a
014.md	315	KR2k0052_WYG_006-20b
014.md	323	KR2k0052_WYG_006-21a
014.md	331	KR2k0052_WYG_006-21b
014.md	339	KR2k0052_WYG_006-22a
014.md	347	KR2k0052_WYG_006-22b
014.md	355	KR2k0052_WYG_006-23a
014.md	363	KR2k0052_WYG_006-23b
014.md	371	KR2k0052_WYG_006-24a
014.md	379	KR2k0052_WYG_006-24b
014.md	387	KR2k0052_WYG_006-25a
014.md	395	KR2k0052_WYG_006-25b
014.md	403	KR2k0052_WYG_006-26a
014.md	411	KR2k0052_WYG_006-26b
014.md	419	KR2k0052_WYG_006-27a
014.md	427	KR2k0052_WYG_006-27b
014.md	435	KR2k0052_WYG_006-28a
014.md	443	KR2k0052_WYG_006-28b
014.md	451	KR2k0052_WYG_006-29a
014.md	459	KR2k0052_WYG_006-29b
014.md	467	KR2k0052_WYG_006-30a
014.md	475	KR2k0052_WYG_006-30b
014.md	483	KR2k0052_WYG_006-31a
014.md	491	KR2k0052_WYG_006-31b
014.md	499	KR2k0052_WYG_006-32a
014.md	507	KR2k0052_WYG_006-32b
014.md	515	KR2k0052_WYG_006-33a
014.md	523	KR2k0052_WYG_006-33b
014.md	531	KR2k0052_WYG_006-34a
014.md	539	KR2k0052_WYG_006-34b
014.md	547	KR2k0052_WYG_006-35a
014.md	555	KR2k0052_WYG_006-35b
014.md	563	KR2k0052_WYG_006-36a
014.md	571	KR2k0052_WYG_006-36b
014.md	579	KR2k0052_WYG_006-37a
014.md	587	KR2k0052_WYG_006-37b
014.md	595	KR2k0052_WYG_006-38a
014.md	603	KR2k0052_WYG_006-38b
014.md	611	KR2k0052_WYG_006-39a
014.md	619	KR2k0052_WYG_006-39b
014.md	627	KR2k0052_WYG_006-40a
014.md	635	KR2k0052_WYG_006-40b
014.md	643	KR2k0052_WYG_006-41a
014.md	651	KR2k0052_WYG_006-41b
014.md	659	KR2k0052_WYG_006-42a
014.md	667	KR2k0052_WYG_006-42b
014.md	675	KR2k0052_WYG_006-43a
014.md	683	KR2k0052_WYG_006-43b
014.md	691	KR2k0052_WYG_006-44a
014.md	699	KR2k0052_WYG_006-44b
014.md	707	KR2k0052_WYG_006-45a
014.md	715	KR2k0052_WYG_006-45b
014.md	723	KR2k0052_WYG_006-46a
014.md	731	KR2k0052_WYG_006-46b
014.md	739	KR2k0052_WYG_006-47a
014.md	747	KR2k0052_WYG_006-47b
014.md	755	KR2k0052_WYG_006-48a
014.md	763	KR2k0052_WYG_006-48b
014.md	771	KR2k0052_WYG_006-49a
014.md	779	KR2k0052_WYG_006-49b
014.md	787	KR2k0052_WYG_006-50a
014.md	795	KR2k0052_WYG_006-50b
014.md	803	KR2k0052_WYG_006-51a
014.md	811	KR2k0052_WYG_006-51b
014.md	819	KR2k0052_WYG_006-52a
014.md	827	KR2k0052_WYG_006-52b
014.md	835	KR2k0052_WYG_006-53a
014.md	843	KR2k0052_WYG_006-53b
014.md	851	KR2k0052_WYG_006-54a
014.md	859	KR2k0052_WYG_006-54b
014.md	867	KR2k0052_WYG_006-55a
014.md	875	KR2k0052_WYG_006-55b
014.md	883	KR2k0052_WYG_006-56a
014.md	891	KR2k0052_WYG_006-56b
014.md	899	KR2k0052_WYG_006-57a
014.md	907	KR2k0052_WYG_006-57b
014.md	915	KR2k0052_WYG_006-58a
014.md	923	KR2k0052_WYG_006-58b
014.md	931	KR2k0052_WYG_006-59a
014.md	939	KR2k0052_WYG_006-59b
014.md	947	KR2k0052_WYG_006-60a
014.md	955	KR2k0052_WYG_006-60b
014.md	963	KR2k0052_WYG_006-61a
014.md	971	KR2k0052_WYG_006-61b
014.md	979	KR2k0052_WYG_006-62a
014.md	987	KR2k0052_WYG_006-62b
014.md	995	KR2k0052_WYG_006-63a
014.md	1003	KR2k0052_WYG_006-63b
014.md	1011	KR2k0052_WYG_006-64a
014.md	1019	KR2k0052_WYG_006-64b
014.md	1027	KR2k0052_WYG_006-65a
014.md	1035	KR2k0052_WYG_006-65b
014.md	1043	KR2k0052_WYG_006-66a
014.md	1051	KR2k0052_WYG_006-66b
014.md	1059	KR2k0052_WYG_006-67a
014.md	1067	KR2k0052_WYG_006-67b
014.md	1075	KR2k0052_WYG_006-68a
014.md	1083	KR2k0052_WYG_006-68b
014.md	1091	KR2k0052_WYG_006-69a
014.md	1099	KR2k0052_WYG_006-69b
014.md	1107	KR2k0052_WYG_006-70a
014.md	1115	KR2k0052_WYG_006-70b
014.md	1123	KR2k0052_WYG_006-71a
014.md	1131	KR2k0052_WYG_006-71b
014.md	1139	KR2k0052_WYG_006-72a
014.md	1147	KR2k0052_WYG_006-72b
014.md	1155	KR2k0052_WYG_006-73a
014.md	1163	KR2k0052_WYG_006-73b
014.md	1171	KR2k0052_WYG_006-74a
014.md	1179	KR2k0052_WYG_006-74b
014.md	1187	KR2k0052_WYG_006-75a
014.md	1195	KR2k0052_WYG_006-75b
014.md	1203	KR2k0052_WYG_006-76a
014.md	1211	KR2k0052_WYG_006-76b
014.md	1219	KR2k0052_WYG_006-77a
014.md	1227	KR2k0052_WYG_006-77b
014.md	1235	KR2k0052_WYG_006-78a
014.md	1243	KR2k0052_WYG_006-78b
014.md	1251	KR2k0052_WYG_006-79a
014.md	1259	KR2k0052_WYG_006-79b
014.md	1267	KR2k0052_WYG_006-80a
014.md	1275	KR2k0052_WYG_006-80b
014.md	1283	KR2k0052_WYG_006-81a
014.md	1291	KR2k0052_WYG_006-81b
014.md	1299	KR2k0052_WYG_006-82a
014.md	1307	KR2k0052_WYG_006-82b
014.md	1315	KR2k0052_WYG_006-83a
014.md	1323	KR2k0052_WYG_006-83b
014.md	1331	KR2k0052_WYG_006-84a
014.md	1339	KR2k0052_WYG_006-84b
014.md	1347	KR2k0052_WYG_006-85a
014.md	1355	KR2k0052_WYG_006-85b
014.md	1363	KR2k0052_WYG_006-86a
014.md	1371	KR2k0052_WYG_006-86b
014.md	1379	KR2k0052_WYG_006-87a
014.md	1387	KR2k0052_WYG_006-87b
014.md	1395	KR2k0052_WYG_006-88a
014.md	1403	KR2k0052_WYG_006-88b
015.md	3	KR2k0052_WYG_007-1a
015.md	11	KR2k0052_WYG_007-1b
015.md	19	KR2k0052_WYG_007-2a
015.md	27	KR2k0052_WYG_007-2b
015.md	35	KR2k0052_WYG_007-3a
015.md	43	KR2k0052_WYG_007-3b
015.md	51	KR2k0052_WYG_007-4a
015.md	59	KR2k0052_WYG_007-4b
015.md	67	KR2k0052_WYG_007-5a
015.md	75	KR2k0052_WYG_007-5b
015.md	83	KR2k0052_WYG_007-6a
015.md	91	KR2k0052_WYG_007-6b
015.md	99	KR2k0052_WYG_007-7a
015.md	107	KR2k0052_WYG_007-7b
015.md	115	KR2k0052_WYG_007-8a
015.md	123	KR2k0052_WYG_007-8b
015.md	131	KR2k0052_WYG_007-9a
015.md	139	KR2k0052_WYG_007-9b
015.md	147	KR2k0052_WYG_007-10a
015.md	155	KR2k0052_WYG_007-10b
015.md	163	KR2k0052_WYG_007-11a
015.md	171	KR2k0052_WYG_007-11b
015.md	179	KR2k0052_WYG_007-12a
015.md	187	KR2k0052_WYG_007-12b
015.md	195	KR2k0052_WYG_007-13a
015.md	203	KR2k0052_WYG_007-13b
015.md	211	KR2k0052_WYG_007-14a
015.md	219	KR2k0052_WYG_007-14b
015.md	227	KR2k0052_WYG_007-15a
015.md	235	KR2k0052_WYG_007-15b
015.md	243	KR2k0052_WYG_007-16a
015.md	251	KR2k0052_WYG_007-16b
015.md	259	KR2k0052_WYG_007-17a
015.md	267	KR2k0052_WYG_007-17b
015.md	275	KR2k0052_WYG_007-18a
015.md	283	KR2k0052_WYG_007-18b
015.md	291	KR2k0052_WYG_007-19a
015.md	299	KR2k0052_WYG_007-19b
015.md	307	KR2k0052_WYG_007-20a
015.md	315	KR2k0052_WYG_007-20b
015.md	323	KR2k0052_WYG_007-21a
015.md	331	KR2k0052_WYG_007-21b
015.md	339	KR2k0052_WYG_007-22a
015.md	347	KR2k0052_WYG_007-22b
015.md	355	KR2k0052_WYG_007-23a
015.md	363	KR2k0052_WYG_007-23b
015.md	371	KR2k0052_WYG_007-24a
015.md	379	KR2k0052_WYG_007-24b
015.md	387	KR2k0052_WYG_007-25a
015.md	395	KR2k0052_WYG_007-25b
015.md	403	KR2k0052_WYG_007-26a
015.md	411	KR2k0052_WYG_007-26b
015.md	419	KR2k0052_WYG_007-27a
015.md	427	KR2k0052_WYG_007-27b
015.md	435	KR2k0052_WYG_007-28a
015.md	443	KR2k0052_WYG_007-28b
015.md	451	KR2k0052_WYG_007-29a
015.md	459	KR2k0052_WYG_007-29b
015.md	467	KR2k0052_WYG_007-30a
015.md	475	KR2k0052_WYG_007-30b
015.md	483	KR2k0052_WYG_007-31a
015.md	491	KR2k0052_WYG_007-31b
015.md	499	KR2k0052_WYG_007-32a
015.md	507	KR2k0052_WYG_007-32b
015.md	515	KR2k0052_WYG_007-33a
015.md	523	KR2k0052_WYG_007-33b
015.md	531	KR2k0052_WYG_007-34a
015.md	539	KR2k0052_WYG_007-34b
015.md	547	KR2k0052_WYG_007-35a
015.md	555	KR2k0052_WYG_007-35b
015.md	563	KR2k0052_WYG_007-36a
015.md	571	KR2k0052_WYG_007-36b
015.md	579	KR2k0052_WYG_007-37a
015.md	587	KR2k0052_WYG_007-37b
015.md	595	KR2k0052_WYG_007-38a
015.md	603	KR2k0052_WYG_007-38b
015.md	611	KR2k0052_WYG_007-39a
015.md	619	KR2k0052_WYG_007-39b
015.md	627	KR2k0052_WYG_007-40a
015.md	635	KR2k0052_WYG_007-40b
015.md	643	KR2k0052_WYG_007-41a
015.md	651	KR2k0052_WYG_007-41b
015.md	659	KR2k0052_WYG_007-42a
015.md	667	KR2k0052_WYG_007-42b
015.md	675	KR2k0052_WYG_007-43a
015.md	683	KR2k0052_WYG_007-43b
015.md	691	KR2k0052_WYG_007-44a
015.md	699	KR2k0052_WYG_007-44b
015.md	707	KR2k0052_WYG_007-45a
015.md	715	KR2k0052_WYG_007-45b
015.md	723	KR2k0052_WYG_007-46a
015.md	731	KR2k0052_WYG_007-46b
015.md	739	KR2k0052_WYG_007-47a
015.md	747	KR2k0052_WYG_007-47b
015.md	755	KR2k0052_WYG_007-48a
015.md	763	KR2k0052_WYG_007-48b
015.md	771	KR2k0052_WYG_007-49a
015.md	779	KR2k0052_WYG_007-49b
015.md	787	KR2k0052_WYG_007-50a
015.md	795	KR2k0052_WYG_007-50b
015.md	803	KR2k0052_WYG_007-51a
015.md	811	KR2k0052_WYG_007-51b
015.md	819	KR2k0052_WYG_007-52a
015.md	827	KR2k0052_WYG_007-52b
015.md	835	KR2k0052_WYG_007-53a
015.md	843	KR2k0052_WYG_007-53b
015.md	851	KR2k0052_WYG_007-54a
015.md	859	KR2k0052_WYG_007-54b
015.md	867	KR2k0052_WYG_007-55a
015.md	875	KR2k0052_WYG_007-55b
015.md	883	KR2k0052_WYG_007-56a
015.md	891	KR2k0052_WYG_007-56b
015.md	899	KR2k0052_WYG_007-57a
015.md	907	KR2k0052_WYG_007-57b
015.md	915	KR2k0052_WYG_007-58a
015.md	923	KR2k0052_WYG_007-58b
015.md	931	KR2k0052_WYG_007-59a
015.md	939	KR2k0052_WYG_007-59b
015.md	947	KR2k0052_WYG_007-60a
015.md	955	KR2k0052_WYG_007-60b
015.md	963	KR2k0052_WYG_007-61a
015.md	971	KR2k0052_WYG_007-61b
015.md	979	KR2k0052_WYG_007-62a
015.md	987	KR2k0052_WYG_007-62b
015.md	995	KR2k0052_WYG_007-63a
015.md	1003	KR2k0052_WYG_007-63b
015.md	1011	KR2k0052_WYG_007-64a
015.md	1019	KR2k0052_WYG_007-64b
015.md	1027	KR2k0052_WYG_007-65a
015.md	1035	KR2k0052_WYG_007-65b
015.md	1043	KR2k0052_WYG_007-66a
015.md	1051	KR2k0052_WYG_007-66b
015.md	1059	KR2k0052_WYG_007-67a
015.md	1067	KR2k0052_WYG_007-67b
015.md	1075	KR2k0052_WYG_007-68a
015.md	1083	KR2k0052_WYG_007-68b
015.md	1091	KR2k0052_WYG_007-69a
015.md	1099	KR2k0052_WYG_007-69b
015.md	1107	KR2k0052_WYG_007-70a
015.md	1115	KR2k0052_WYG_007-70b
015.md	1123	KR2k0052_WYG_007-71a
015.md	1131	KR2k0052_WYG_007-71b
015.md	1139	KR2k0052_WYG_007-72a
015.md	1147	KR2k0052_WYG_007-72b
015.md	1155	KR2k0052_WYG_007-73a
015.md	1163	KR2k0052_WYG_007-73b
015.md	1171	KR2k0052_WYG_007-74a
015.md	1179	KR2k0052_WYG_007-74b
015.md	1187	KR2k0052_WYG_007-75a
015.md	1195	KR2k0052_WYG_007-75b
015.md	1203	KR2k0052_WYG_007-76a
015.md	1211	KR2k0052_WYG_007-76b
015.md	1219	KR2k0052_WYG_007-77a
015.md	1227	KR2k0052_WYG_007-77b
015.md	1235	KR2k0052_WYG_007-78a
015.md	1243	KR2k0052_WYG_007-78b
015.md	1251	KR2k0052_WYG_007-79a
015.md	1259	KR2k0052_WYG_007-79b
015.md	1267	KR2k0052_WYG_007-80a
015.md	1275	KR2k0052_WYG_007-80b
015.md	1283	KR2k0052_WYG_007-81a
015.md	1291	KR2k0052_WYG_007-81b
016.md	3	KR2k0052_WYG_007-82a
016.md	11	KR2k0052_WYG_007-82b
016.md	19	KR2k0052_WYG_007-83a
016.md	27	KR2k0052_WYG_007-83b
016.md	35	KR2k0052_WYG_007-84a
016.md	43	KR2k0052_WYG_007-84b
016.md	51	KR2k0052_WYG_007-85a
016.md	59	KR2k0052_WYG_007-85b
016.md	67	KR2k0052_WYG_007-86a
016.md	75	KR2k0052_WYG_007-86b
016.md	83	KR2k0052_WYG_007-87a
016.md	91	KR2k0052_WYG_007-87b
016.md	99	KR2k0052_WYG_007-88a
016.md	107	KR2k0052_WYG_007-88b
016.md	115	KR2k0052_WYG_007-89a
016.md	123	KR2k0052_WYG_007-89b
016.md	131	KR2k0052_WYG_007-90a
016.md	139	KR2k0052_WYG_007-90b
016.md	147	KR2k0052_WYG_007-91a
016.md	155	KR2k0052_WYG_007-91b
016.md	163	KR2k0052_WYG_007-92a
016.md	171	KR2k0052_WYG_007-92b
016.md	179	KR2k0052_WYG_007-93a
016.md	187	KR2k0052_WYG_007-93b
016.md	195	KR2k0052_WYG_007-94a
016.md	203	KR2k0052_WYG_007-94b
016.md	211	KR2k0052_WYG_007-95a
016.md	219	KR2k0052_WYG_007-95b
016.md	227	KR2k0052_WYG_007-96a
016.md	235	KR2k0052_WYG_007-96b
016.md	243	KR2k0052_WYG_007-97a
016.md	251	KR2k0052_WYG_007-97b
016.md	259	KR2k0052_WYG_007-98a
016.md	267	KR2k0052_WYG_007-98b
016.md	275	KR2k0052_WYG_007-99a
016.md	283	KR2k0052_WYG_007-99b
016.md	291	KR2k0052_WYG_007-100a
016.md	299	KR2k0052_WYG_007-100b
016.md	307	KR2k0052_WYG_007-101a
016.md	315	KR2k0052_WYG_007-101b
016.md	323	KR2k0052_WYG_007-102a
016.md	331	KR2k0052_WYG_007-102b
016.md	339	KR2k0052_WYG_007-103a
016.md	347	KR2k0052_WYG_007-103b
016.md	355	KR2k0052_WYG_007-104a
016.md	363	KR2k0052_WYG_007-104b
016.md	371	KR2k0052_WYG_007-105a
016.md	379	KR2k0052_WYG_007-105b
017.md	3	KR2k0052_WYG_008-1a
017.md	11	KR2k0052_WYG_008-1b
017.md	19	KR2k0052_WYG_008-2a
017.md	27	KR2k0052_WYG_008-2b
017.md	35	KR2k0052_WYG_008-3a
017.md	43	KR2k0052_WYG_008-3b
017.md	51	KR2k0052_WYG_008-4a
017.md	59	KR2k0052_WYG_008-4b
017.md	67	KR2k0052_WYG_008-5a
017.md	75	KR2k0052_WYG_008-5b
017.md	83	KR2k0052_WYG_008-6a
017.md	91	KR2k0052_WYG_008-6b
017.md	99	KR2k0052_WYG_008-7a
017.md	107	KR2k0052_WYG_008-7b
017.md	115	KR2k0052_WYG_008-8a
017.md	123	KR2k0052_WYG_008-8b
017.md	131	KR2k0052_WYG_008-9a
017.md	139	KR2k0052_WYG_008-9b
017.md	147	KR2k0052_WYG_008-10a
017.md	155	KR2k0052_WYG_008-10b
017.md	163	KR2k0052_WYG_008-11a
017.md	171	KR2k0052_WYG_008-11b
017.md	179	KR2k0052_WYG_008-12a
017.md	187	KR2k0052_WYG_008-12b
017.md	195	KR2k0052_WYG_008-13a
017.md	203	KR2k0052_WYG_008-13b
017.md	211	KR2k0052_WYG_008-14a
017.md	219	KR2k0052_WYG_008-14b
017.md	227	KR2k0052_WYG_008-15a
017.md	235	KR2k0052_WYG_008-15b
017.md	243	KR2k0052_WYG_008-16a
017.md	251	KR2k0052_WYG_008-16b
017.md	259	KR2k0052_WYG_008-17a
017.md	267	KR2k0052_WYG_008-17b
017.md	275	KR2k0052_WYG_008-18a
017.md	283	KR2k0052_WYG_008-18b
017.md	291	KR2k0052_WYG_008-19a
017.md	299	KR2k0052_WYG_008-19b
017.md	307	KR2k0052_WYG_008-20a
017.md	315	KR2k0052_WYG_008-20b
017.md	323	KR2k0052_WYG_008-21a
017.md	331	KR2k0052_WYG_008-21b
017.md	339	KR2k0052_WYG_008-22a
017.md	347	KR2k0052_WYG_008-22b
017.md	355	KR2k0052_WYG_008-23a
017.md	363	KR2k0052_WYG_008-23b
017.md	371	KR2k0052_WYG_008-24a
017.md	379	KR2k0052_WYG_008-24b
017.md	387	KR2k0052_WYG_008-25a
017.md	395	KR2k0052_WYG_008-25b
017.md	403	KR2k0052_WYG_008-26a
017.md	411	KR2k0052_WYG_008-26b
017.md	419	KR2k0052_WYG_008-27a
017.md	427	KR2k0052_WYG_008-27b
017.md	435	KR2k0052_WYG_008-28a
017.md	443	KR2k0052_WYG_008-28b
017.md	451	KR2k0052_WYG_008-29a
017.md	459	KR2k0052_WYG_008-29b
017.md	467	KR2k0052_WYG_008-30a
017.md	475	KR2k0052_WYG_008-30b
017.md	483	KR2k0052_WYG_008-31a
017.md	491	KR2k0052_WYG_008-31b
017.md	499	KR2k0052_WYG_008-32a
017.md	507	KR2k0052_WYG_008-32b
017.md	515	KR2k0052_WYG_008-33a
017.md	523	KR2k0052_WYG_008-33b
017.md	531	KR2k0052_WYG_008-34a
017.md	539	KR2k0052_WYG_008-34b
017.md	547	KR2k0052_WYG_008-35a
017.md	555	KR2k0052_WYG_008-35b
017.md	563	KR2k0052_WYG_008-36a
017.md	571	KR2k0052_WYG_008-36b
017.md	579	KR2k0052_WYG_008-37a
017.md	587	KR2k0052_WYG_008-37b
017.md	595	KR2k0052_WYG_008-38a
017.md	603	KR2k0052_WYG_008-38b
017.md	611	KR2k0052_WYG_008-39a
017.md	619	KR2k0052_WYG_008-39b
017.md	627	KR2k0052_WYG_008-40a
017.md	635	KR2k0052_WYG_008-40b
017.md	643	KR2k0052_WYG_008-41a
017.md	651	KR2k0052_WYG_008-41b
017.md	659	KR2k0052_WYG_008-42a
017.md	667	KR2k0052_WYG_008-42b
017.md	675	KR2k0052_WYG_008-43a
017.md	683	KR2k0052_WYG_008-43b
017.md	691	KR2k0052_WYG_008-44a
017.md	699	KR2k0052_WYG_008-44b
017.md	707	KR2k0052_WYG_008-45a
017.md	715	KR2k0052_WYG_008-45b
017.md	723	KR2k0052_WYG_008-46a
017.md	731	KR2k0052_WYG_008-46b
017.md	739	KR2k0052_WYG_008-47a
017.md	747	KR2k0052_WYG_008-47b
017.md	755	KR2k0052_WYG_008-48a
017.md	763	KR2k0052_WYG_008-48b
017.md	771	KR2k0052_WYG_008-49a
017.md	779	KR2k0052_WYG_008-49b
017.md	787	KR2k0052_WYG_008-50a
017.md	795	KR2k0052_WYG_008-50b
017.md	803	KR2k0052_WYG_008-51a
017.md	811	KR2k0052_WYG_008-51b
017.md	819	KR2k0052_WYG_008-52a
017.md	827	KR2k0052_WYG_008-52b
017.md	835	KR2k0052_WYG_008-53a
017.md	843	KR2k0052_WYG_008-53b
017.md	851	KR2k0052_WYG_008-54a
017.md	859	KR2k0052_WYG_008-54b
017.md	867	KR2k0052_WYG_008-55a
017.md	875	KR2k0052_WYG_008-55b
017.md	883	KR2k0052_WYG_008-56a
017.md	891	KR2k0052_WYG_008-56b
017.md	899	KR2k0052_WYG_008-57a
017.md	907	KR2k0052_WYG_008-57b
017.md	915	KR2k0052_WYG_008-58a
017.md	923	KR2k0052_WYG_008-58b
017.md	931	KR2k0052_WYG_008-59a
017.md	939	KR2k0052_WYG_008-59b
017.md	947	KR2k0052_WYG_008-60a
017.md	955	KR2k0052_WYG_008-60b
017.md	963	KR2k0052_WYG_008-61a
017.md	971	KR2k0052_WYG_008-61b
017.md	979	KR2k0052_WYG_008-62a
017.md	987	KR2k0052_WYG_008-62b
017.md	995	KR2k0052_WYG_008-63a
017.md	1003	KR2k0052_WYG_008-63b
017.md	1011	KR2k0052_WYG_008-64a
017.md	1019	KR2k0052_WYG_008-64b
017.md	1027	KR2k0052_WYG_008-65a
017.md	1035	KR2k0052_WYG_008-65b
017.md	1043	KR2k0052_WYG_008-66a
017.md	1051	KR2k0052_WYG_008-66b
017.md	1059	KR2k0052_WYG_008-67a
017.md	1067	KR2k0052_WYG_008-67b
017.md	1075	KR2k0052_WYG_008-68a
017.md	1083	KR2k0052_WYG_008-68b
017.md	1091	KR2k0052_WYG_008-69a
017.md	1099	KR2k0052_WYG_008-69b
017.md	1107	KR2k0052_WYG_008-70a
017.md	1115	KR2k0052_WYG_008-70b
017.md	1123	KR2k0052_WYG_008-71a
017.md	1131	KR2k0052_WYG_008-71b
017.md	1139	KR2k0052_WYG_008-72a
017.md	1147	KR2k0052_WYG_008-72b
017.md	1155	KR2k0052_WYG_008-73a
017.md	1163	KR2k0052_WYG_008-73b
017.md	1171	KR2k0052_WYG_008-74a
017.md	1179	KR2k0052_WYG_008-74b
017.md	1187	KR2k0052_WYG_008-75a
017.md	1195	KR2k0052_WYG_008-75b
017.md	1203	KR2k0052_WYG_008-76a
017.md	1211	KR2k0052_WYG_008-76b
017.md	1219	KR2k0052_WYG_008-77a
017.md	1227	KR2k0052_WYG_008-77b
017.md	1235	KR2k0052_WYG_008-78a
017.md	1243	KR2k0052_WYG_008-78b
017.md	1251	KR2k0052_WYG_008-79a
017.md	1259	KR2k0052_WYG_008-79b
018.md	3	KR2k0052_WYG_009-1a
018.md	11	KR2k0052_WYG_009-1b
018.md	19	KR2k0052_WYG_009-2a
018.md	27	KR2k0052_WYG_009-2b
018.md	35	KR2k0052_WYG_009-3a
018.md	43	KR2k0052_WYG_009-3b
018.md	51	KR2k0052_WYG_009-4a
018.md	59	KR2k0052_WYG_009-4b
018.md	67	KR2k0052_WYG_009-5a
018.md	75	KR2k0052_WYG_009-5b
018.md	83	KR2k0052_WYG_009-6a
018.md	91	KR2k0052_WYG_009-6b
018.md	99	KR2k0052_WYG_009-7a
018.md	107	KR2k0052_WYG_009-7b
018.md	115	KR2k0052_WYG_009-8a
018.md	123	KR2k0052_WYG_009-8b
018.md	131	KR2k0052_WYG_009-9a
018.md	139	KR2k0052_WYG_009-9b
018.md	147	KR2k0052_WYG_009-10a
018.md	155	KR2k0052_WYG_009-10b
018.md	163	KR2k0052_WYG_009-11a
018.md	171	KR2k0052_WYG_009-11b
018.md	179	KR2k0052_WYG_009-12a
018.md	187	KR2k0052_WYG_009-12b
018.md	195	KR2k0052_WYG_009-13a
018.md	203	KR2k0052_WYG_009-13b
018.md	211	KR2k0052_WYG_009-14a
018.md	219	KR2k0052_WYG_009-14b
018.md	227	KR2k0052_WYG_009-15a
018.md	235	KR2k0052_WYG_009-15b
018.md	243	KR2k0052_WYG_009-16a
018.md	251	KR2k0052_WYG_009-16b
018.md	259	KR2k0052_WYG_009-17a
018.md	267	KR2k0052_WYG_009-17b
018.md	275	KR2k0052_WYG_009-18a
018.md	283	KR2k0052_WYG_009-18b
018.md	291	KR2k0052_WYG_009-19a
018.md	299	KR2k0052_WYG_009-19b
018.md	307	KR2k0052_WYG_009-20a
018.md	315	KR2k0052_WYG_009-20b
018.md	323	KR2k0052_WYG_009-21a
018.md	331	KR2k0052_WYG_009-21b
018.md	339	KR2k0052_WYG_009-22a
018.md	347	KR2k0052_WYG_009-22b
018.md	355	KR2k0052_WYG_009-23a
018.md	363	KR2k0052_WYG_009-23b
018.md	371	KR2k0052_WYG_009-24a
018.md	379	KR2k0052_WYG_009-24b
018.md	387	KR2k0052_WYG_009-25a
018.md	395	KR2k0052_WYG_009-25b
018.md	403	KR2k0052_WYG_009-26a
018.md	411	KR2k0052_WYG_009-26b
018.md	419	KR2k0052_WYG_009-27a
018.md	427	KR2k0052_WYG_009-27b
018.md	435	KR2k0052_WYG_009-28a
018.md	443	KR2k0052_WYG_009-28b
018.md	451	KR2k0052_WYG_009-29a
018.md	459	KR2k0052_WYG_009-29b
018.md	467	KR2k0052_WYG_009-30a
018.md	475	KR2k0052_WYG_009-30b
018.md	483	KR2k0052_WYG_009-31a
018.md	491	KR2k0052_WYG_009-31b
018.md	499	KR2k0052_WYG_009-32a
018.md	507	KR2k0052_WYG_009-32b
018.md	515	KR2k0052_WYG_009-33a
018.md	523	KR2k0052_WYG_009-33b
018.md	531	KR2k0052_WYG_009-34a
018.md	539	KR2k0052_WYG_009-34b
018.md	547	KR2k0052_WYG_009-35a
018.md	555	KR2k0052_WYG_009-35b
018.md	563	KR2k0052_WYG_009-36a
018.md	571	KR2k0052_WYG_009-36b
018.md	579	KR2k0052_WYG_009-37a
018.md	587	KR2k0052_WYG_009-37b
018.md	595	KR2k0052_WYG_009-38a
018.md	603	KR2k0052_WYG_009-38b
018.md	611	KR2k0052_WYG_009-39a
018.md	619	KR2k0052_WYG_009-39b
018.md	627	KR2k0052_WYG_009-40a
018.md	635	KR2k0052_WYG_009-40b
018.md	643	KR2k0052_WYG_009-41a
018.md	651	KR2k0052_WYG_009-41b
018.md	659	KR2k0052_WYG_009-42a
018.md	667	KR2k0052_WYG_009-42b
018.md	675	KR2k0052_WYG_009-43a
018.md	683	KR2k0052_WYG_009-43b
018.md	691	KR2k0052_WYG_009-44a
018.md	699	KR2k0052_WYG_009-44b
018.md	707	KR2k0052_WYG_009-45a
018.md	715	KR2k0052_WYG_009-45b
018.md	723	KR2k0052_WYG_009-46a
018.md	731	KR2k0052_WYG_009-46b
018.md	739	KR2k0052_WYG_009-47a
018.md	747	KR2k0052_WYG_009-47b
018.md	755	KR2k0052_WYG_009-48a
018.md	763	KR2k0052_WYG_009-48b
018.md	771	KR2k0052_WYG_009-49a
018.md	779	KR2k0052_WYG_009-49b
018.md	787	KR2k0052_WYG_009-50a
018.md	795	KR2k0052_WYG_009-50b
018.md	803	KR2k0052_WYG_009-51a
018.md	811	KR2k0052_WYG_009-51b
018.md	819	KR2k0052_WYG_009-52a
018.md	827	KR2k0052_WYG_009-52b
018.md	835	KR2k0052_WYG_009-53a
018.md	843	KR2k0052_WYG_009-53b
018.md	851	KR2k0052_WYG_009-54a
018.md	859	KR2k0052_WYG_009-54b
018.md	867	KR2k0052_WYG_009-55a
018.md	875	KR2k0052_WYG_009-55b
018.md	883	KR2k0052_WYG_009-56a
018.md	891	KR2k0052_WYG_009-56b
018.md	899	KR2k0052_WYG_009-57a
018.md	907	KR2k0052_WYG_009-57b
018.md	915	KR2k0052_WYG_009-58a
018.md	923	KR2k0052_WYG_009-58b
018.md	931	KR2k0052_WYG_009-59a
018.md	939	KR2k0052_WYG_009-59b
018.md	947	KR2k0052_WYG_009-60a
018.md	955	KR2k0052_WYG_009-60b
018.md	963	KR2k0052_WYG_009-61a
018.md	971	KR2k0052_WYG_009-61b
018.md	979	KR2k0052_WYG_009-62a
018.md	987	KR2k0052_WYG_009-62b
018.md	995	KR2k0052_WYG_009-63a
018.md	1003	KR2k0052_WYG_009-63b
018.md	1011	KR2k0052_WYG_009-64a
018.md	1019	KR2k0052_WYG_009-64b
018.md	1027	KR2k0052_WYG_009-65a
018.md	1035	KR2k0052_WYG_009-65b
019.md	3	KR2k0052_WYG_009-66a
019.md	11	KR2k0052_WYG_009-66b
019.md	19	KR2k0052_WYG_009-67a
019.md	27	KR2k0052_WYG_009-67b
019.md	35	KR2k0052_WYG_009-68a
019.md	43	KR2k0052_WYG_009-68b
019.md	51	KR2k0052_WYG_009-69a
019.md	59	KR2k0052_WYG_009-69b
019.md	67	KR2k0052_WYG_009-70a
019.md	75	KR2k0052_WYG_009-70b
019.md	83	KR2k0052_WYG_009-71a
019.md	91	KR2k0052_WYG_009-71b
019.md	99	KR2k0052_WYG_009-72a
019.md	107	KR2k0052_WYG_009-72b
019.md	115	KR2k0052_WYG_009-73a
019.md	123	KR2k0052_WYG_009-73b
019.md	131	KR2k0052_WYG_009-74a
019.md	139	KR2k0052_WYG_009-74b
019.md	147	KR2k0052_WYG_009-75a
019.md	155	KR2k0052_WYG_009-75b
019.md	163	KR2k0052_WYG_009-76a
019.md	171	KR2k0052_WYG_009-76b
020.md	3	KR2k0052_WYG_010-1a
020.md	11	KR2k0052_WYG_010-1b
020.md	19	KR2k0052_WYG_010-2a
020.md	27	KR2k0052_WYG_010-2b
020.md	35	KR2k0052_WYG_010-3a
020.md	43	KR2k0052_WYG_010-3b
020.md	51	KR2k0052_WYG_010-4a
020.md	59	KR2k0052_WYG_010-4b
020.md	67	KR2k0052_WYG_010-5a
020.md	75	KR2k0052_WYG_010-5b
020.md	83	KR2k0052_WYG_010-6a
020.md	91	KR2k0052_WYG_010-6b
020.md	99	KR2k0052_WYG_010-7a
020.md	107	KR2k0052_WYG_010-7b
020.md	115	KR2k0052_WYG_010-8a
020.md	123	KR2k0052_WYG_010-8b
020.md	131	KR2k0052_WYG_010-9a
020.md	139	KR2k0052_WYG_010-9b
020.md	147	KR2k0052_WYG_010-10a
020.md	155	KR2k0052_WYG_010-10b
020.md	163	KR2k0052_WYG_010-11a
020.md	171	KR2k0052_WYG_010-11b
020.md	179	KR2k0052_WYG_010-12a
020.md	187	KR2k0052_WYG_010-12b
020.md	195	KR2k0052_WYG_010-13a
020.md	203	KR2k0052_WYG_010-13b
020.md	211	KR2k0052_WYG_010-14a
020.md	219	KR2k0052_WYG_010-14b
020.md	227	KR2k0052_WYG_010-15a
020.md	235	KR2k0052_WYG_010-15b
020.md	243	KR2k0052_WYG_010-16a
020.md	251	KR2k0052_WYG_010-16b
020.md	259	KR2k0052_WYG_010-17a
020.md	267	KR2k0052_WYG_010-17b
020.md	275	KR2k0052_WYG_010-18a
020.md	283	KR2k0052_WYG_010-18b
020.md	291	KR2k0052_WYG_010-19a
020.md	299	KR2k0052_WYG_010-19b
020.md	307	KR2k0052_WYG_010-20a
020.md	315	KR2k0052_WYG_010-20b
020.md	323	KR2k0052_WYG_010-21a
020.md	331	KR2k0052_WYG_010-21b
020.md	339	KR2k0052_WYG_010-22a
020.md	347	KR2k0052_WYG_010-22b
020.md	355	KR2k0052_WYG_010-23a
020.md	363	KR2k0052_WYG_010-23b
020.md	371	KR2k0052_WYG_010-24a
020.md	379	KR2k0052_WYG_010-24b
020.md	387	KR2k0052_WYG_010-25a
020.md	395	KR2k0052_WYG_010-25b
020.md	403	KR2k0052_WYG_010-26a
020.md	411	KR2k0052_WYG_010-26b
020.md	419	KR2k0052_WYG_010-27a
020.md	427	KR2k0052_WYG_010-27b
020.md	435	KR2k0052_WYG_010-28a
020.md	443	KR2k0052_WYG_010-28b
020.md	451	KR2k0052_WYG_010-29a
020.md	459	KR2k0052_WYG_010-29b
020.md	467	KR2k0052_WYG_010-30a
020.md	475	KR2k0052_WYG_010-30b
020.md	483	KR2k0052_WYG_010-31a
020.md	491	KR2k0052_WYG_010-31b
020.md	499	KR2k0052_WYG_010-32a
020.md	507	KR2k0052_WYG_010-32b
020.md	515	KR2k0052_WYG_010-33a
020.md	523	KR2k0052_WYG_010-33b
020.md	531	KR2k0052_WYG_010-34a
020.md	539	KR2k0052_WYG_010-34b
020.md	547	KR2k0052_WYG_010-35a
020.md	555	KR2k0052_WYG_010-35b
020.md	563	KR2k0052_WYG_010-36a
020.md	571	KR2k0052_WYG_010-36b
020.md	579	KR2k0052_WYG_010-37a
020.md	587	KR2k0052_WYG_010-37b
020.md	595	KR2k0052_WYG_010-38a
020.md	603	KR2k0052_WYG_010-38b
020.md	611	KR2k0052_WYG_010-39a
020.md	619	KR2k0052_WYG_010-39b
020.md	627	KR2k0052_WYG_010-40a
020.md	635	KR2k0052_WYG_010-40b
020.md	643	KR2k0052_WYG_010-41a
020.md	651	KR2k0052_WYG_010-41b
021.md	3	KR2k0052_WYG_010-42a
021.md	11	KR2k0052_WYG_010-42b
021.md	19	KR2k0052_WYG_010-43a
021.md	27	KR2k0052_WYG_010-43b
021.md	35	KR2k0052_WYG_010-44a
021.md	43	KR2k0052_WYG_010-44b
021.md	51	KR2k0052_WYG_010-45a
021.md	59	KR2k0052_WYG_010-45b
021.md	67	KR2k0052_WYG_010-46a
021.md	75	KR2k0052_WYG_010-46b
021.md	83	KR2k0052_WYG_010-47a
021.md	91	KR2k0052_WYG_010-47b
021.md	99	KR2k0052_WYG_010-48a
021.md	107	KR2k0052_WYG_010-48b
021.md	115	KR2k0052_WYG_010-49a
021.md	123	KR2k0052_WYG_010-49b
021.md	131	KR2k0052_WYG_010-50a
021.md	139	KR2k0052_WYG_010-50b
021.md	147	KR2k0052_WYG_010-51a
021.md	155	KR2k0052_WYG_010-51b
021.md	163	KR2k0052_WYG_010-52a
021.md	171	KR2k0052_WYG_010-52b
021.md	179	KR2k0052_WYG_010-53a
021.md	187	KR2k0052_WYG_010-53b
022.md	3	KR2k0052_WYG_011-1a
022.md	11	KR2k0052_WYG_011-1b
022.md	19	KR2k0052_WYG_011-2a
022.md	27	KR2k0052_WYG_011-2b
022.md	35	KR2k0052_WYG_011-3a
022.md	43	KR2k0052_WYG_011-3b
022.md	51	KR2k0052_WYG_011-4a
022.md	59	KR2k0052_WYG_011-4b
022.md	67	KR2k0052_WYG_011-5a
022.md	75	KR2k0052_WYG_011-5b
022.md	83	KR2k0052_WYG_011-6a
022.md	91	KR2k0052_WYG_011-6b
022.md	99	KR2k0052_WYG_011-7a
022.md	107	KR2k0052_WYG_011-7b
022.md	115	KR2k0052_WYG_011-8a
022.md	123	KR2k0052_WYG_011-8b
022.md	131	KR2k0052_WYG_011-9a
022.md	139	KR2k0052_WYG_011-9b
022.md	147	KR2k0052_WYG_011-10a
022.md	155	KR2k0052_WYG_011-10b
022.md	163	KR2k0052_WYG_011-11a
022.md	171	KR2k0052_WYG_011-11b
022.md	179	KR2k0052_WYG_011-12a
022.md	187	KR2k0052_WYG_011-12b
022.md	195	KR2k0052_WYG_011-13a
022.md	203	KR2k0052_WYG_011-13b
022.md	211	KR2k0052_WYG_011-14a
022.md	219	KR2k0052_WYG_011-14b
022.md	227	KR2k0052_WYG_011-15a
022.md	235	KR2k0052_WYG_011-15b
022.md	243	KR2k0052_WYG_011-16a
022.md	251	KR2k0052_WYG_011-16b
022.md	259	KR2k0052_WYG_011-17a
022.md	267	KR2k0052_WYG_011-17b
022.md	275	KR2k0052_WYG_011-18a
022.md	283	KR2k0052_WYG_011-18b
022.md	291	KR2k0052_WYG_011-19a
022.md	299	KR2k0052_WYG_011-19b
022.md	307	KR2k0052_WYG_011-20a
022.md	315	KR2k0052_WYG_011-20b
022.md	323	KR2k0052_WYG_011-21a
022.md	331	KR2k0052_WYG_011-21b
022.md	339	KR2k0052_WYG_011-22a
022.md	347	KR2k0052_WYG_011-22b
022.md	355	KR2k0052_WYG_011-23a
022.md	363	KR2k0052_WYG_011-23b
022.md	371	KR2k0052_WYG_011-24a
022.md	379	KR2k0052_WYG_011-24b
022.md	387	KR2k0052_WYG_011-25a
022.md	395	KR2k0052_WYG_011-25b
022.md	403	KR2k0052_WYG_011-26a
022.md	411	KR2k0052_WYG_011-26b
022.md	419	KR2k0052_WYG_011-27a
022.md	427	KR2k0052_WYG_011-27b
022.md	435	KR2k0052_WYG_011-28a
022.md	443	KR2k0052_WYG_011-28b
022.md	451	KR2k0052_WYG_011-29a
022.md	459	KR2k0052_WYG_011-29b
022.md	467	KR2k0052_WYG_011-30a
022.md	475	KR2k0052_WYG_011-30b
022.md	483	KR2k0052_WYG_011-31a
022.md	491	KR2k0052_WYG_011-31b
022.md	499	KR2k0052_WYG_011-32a
022.md	507	KR2k0052_WYG_011-32b
022.md	515	KR2k0052_WYG_011-33a
022.md	523	KR2k0052_WYG_011-33b
022.md	531	KR2k0052_WYG_011-34a
022.md	539	KR2k0052_WYG_011-34b
022.md	547	KR2k0052_WYG_011-35a
022.md	555	KR2k0052_WYG_011-35b
022.md	563	KR2k0052_WYG_011-36a
022.md	571	KR2k0052_WYG_011-36b
022.md	579	KR2k0052_WYG_011-37a
022.md	587	KR2k0052_WYG_011-37b
022.md	595	KR2k0052_WYG_011-38a
022.md	603	KR2k0052_WYG_011-38b
022.md	611	KR2k0052_WYG_011-39a
022.md	619	KR2k0052_WYG_011-39b
022.md	627	KR2k0052_WYG_011-40a
022.md	635	KR2k0052_WYG_011-40b
022.md	643	KR2k0052_WYG_011-41a
022.md	651	KR2k0052_WYG_011-41b
023.md	3	KR2k0052_WYG_011-42a
023.md	11	KR2k0052_WYG_011-42b
023.md	19	KR2k0052_WYG_011-43a
023.md	27	KR2k0052_WYG_011-43b
023.md	35	KR2k0052_WYG_011-44a
023.md	43	KR2k0052_WYG_011-44b
023.md	51	KR2k0052_WYG_011-45a
023.md	59	KR2k0052_WYG_011-45b
023.md	67	KR2k0052_WYG_011-46a
023.md	75	KR2k0052_WYG_011-46b
023.md	83	KR2k0052_WYG_011-47a
023.md	91	KR2k0052_WYG_011-47b
023.md	99	KR2k0052_WYG_011-48a
023.md	107	KR2k0052_WYG_011-48b
023.md	115	KR2k0052_WYG_011-49a
023.md	123	KR2k0052_WYG_011-49b
023.md	131	KR2k0052_WYG_011-50a
023.md	139	KR2k0052_WYG_011-50b
023.md	147	KR2k0052_WYG_011-51a
023.md	155	KR2k0052_WYG_011-51b
023.md	163	KR2k0052_WYG_011-52a
023.md	171	KR2k0052_WYG_011-52b
023.md	179	KR2k0052_WYG_011-53a
023.md	187	KR2k0052_WYG_011-53b
023.md	195	KR2k0052_WYG_011-54a
023.md	203	KR2k0052_WYG_011-54b
023.md	211	KR2k0052_WYG_011-55a
023.md	219	KR2k0052_WYG_011-55b
023.md	227	KR2k0052_WYG_011-56a
023.md	235	KR2k0052_WYG_011-56b
023.md	243	KR2k0052_WYG_011-57a
023.md	251	KR2k0052_WYG_011-57b
023.md	259	KR2k0052_WYG_011-58a
023.md	267	KR2k0052_WYG_011-58b
023.md	275	KR2k0052_WYG_011-59a
023.md	283	KR2k0052_WYG_011-59b
023.md	291	KR2k0052_WYG_011-60a
023.md	299	KR2k0052_WYG_011-60b
023.md	307	KR2k0052_WYG_011-61a
023.md	315	KR2k0052_WYG_011-61b
023.md	323	KR2k0052_WYG_011-62a
023.md	331	KR2k0052_WYG_011-62b
023.md	339	KR2k0052_WYG_011-63a
023.md	347	KR2k0052_WYG_011-63b
023.md	355	KR2k0052_WYG_011-64a
023.md	363	KR2k0052_WYG_011-64b
023.md	371	KR2k0052_WYG_011-65a
023.md	379	KR2k0052_WYG_011-65b
023.md	387	KR2k0052_WYG_011-66a
023.md	395	KR2k0052_WYG_011-66b
023.md	403	KR2k0052_WYG_011-67a
023.md	411	KR2k0052_WYG_011-67b
023.md	419	KR2k0052_WYG_011-68a
023.md	427	KR2k0052_WYG_011-68b
023.md	435	KR2k0052_WYG_011-69a
023.md	443	KR2k0052_WYG_011-69b
023.md	451	KR2k0052_WYG_011-70a
023.md	459	KR2k0052_WYG_011-70b
023.md	467	KR2k0052_WYG_011-71a
023.md	475	KR2k0052_WYG_011-71b
023.md	483	KR2k0052_WYG_011-72a
023.md	491	KR2k0052_WYG_011-72b
023.md	499	KR2k0052_WYG_011-73a
023.md	507	KR2k0052_WYG_011-73b
023.md	515	KR2k0052_WYG_011-74a
023.md	523	KR2k0052_WYG_011-74b
024.md	3	KR2k0052_WYG_011-75a
024.md	11	KR2k0052_WYG_011-75b
024.md	19	KR2k0052_WYG_011-76a
024.md	27	KR2k0052_WYG_011-76b
024.md	35	KR2k0052_WYG_011-77a
024.md	43	KR2k0052_WYG_011-77b
024.md	51	KR2k0052_WYG_011-78a
024.md	59	KR2k0052_WYG_011-78b
024.md	67	KR2k0052_WYG_011-79a
024.md	75	KR2k0052_WYG_011-79b
024.md	83	KR2k0052_WYG_011-80a
024.md	91	KR2k0052_WYG_011-80b
024.md	99	KR2k0052_WYG_011-81a
024.md	107	KR2k0052_WYG_011-81b
024.md	115	KR2k0052_WYG_011-82a
024.md	123	KR2k0052_WYG_011-82b
024.md	131	KR2k0052_WYG_011-83a
024.md	139	KR2k0052_WYG_011-83b
024.md	147	KR2k0052_WYG_011-84a
024.md	155	KR2k0052_WYG_011-84b
024.md	163	KR2k0052_WYG_011-85a
024.md	171	KR2k0052_WYG_011-85b
024.md	179	KR2k0052_WYG_011-86a
024.md	187	KR2k0052_WYG_011-86b
024.md	195	KR2k0052_WYG_011-87a
024.md	203	KR2k0052_WYG_011-87b
024.md	211	KR2k0052_WYG_011-88a
024.md	219	KR2k0052_WYG_011-88b
024.md	227	KR2k0052_WYG_011-89a
024.md	235	KR2k0052_WYG_011-89b
024.md	243	KR2k0052_WYG_011-90a
024.md	251	KR2k0052_WYG_011-90b
024.md	259	KR2k0052_WYG_011-91a
024.md	267	KR2k0052_WYG_011-91b
024.md	275	KR2k0052_WYG_011-92a
024.md	283	KR2k0052_WYG_011-92b
024.md	291	KR2k0052_WYG_011-93a
024.md	299	KR2k0052_WYG_011-93b
024.md	307	KR2k0052_WYG_011-94a
024.md	315	KR2k0052_WYG_011-94b
024.md	323	KR2k0052_WYG_011-95a
024.md	331	KR2k0052_WYG_011-95b
024.md	339	KR2k0052_WYG_011-96a
024.md	347	KR2k0052_WYG_011-96b
024.md	355	KR2k0052_WYG_011-97a
024.md	363	KR2k0052_WYG_011-97b
024.md	371	KR2k0052_WYG_011-98a
024.md	379	KR2k0052_WYG_011-98b
024.md	387	KR2k0052_WYG_011-99a
024.md	395	KR2k0052_WYG_011-99b
024.md	403	KR2k0052_WYG_011-100a
024.md	411	KR2k0052_WYG_011-100b
024.md	419	KR2k0052_WYG_011-101a
024.md	427	KR2k0052_WYG_011-101b
024.md	435	KR2k0052_WYG_011-102a
024.md	443	KR2k0052_WYG_011-102b
024.md	451	KR2k0052_WYG_011-103a
024.md	459	KR2k0052_WYG_011-103b
024.md	467	KR2k0052_WYG_011-104a
024.md	475	KR2k0052_WYG_011-104b
024.md	483	KR2k0052_WYG_011-105a
024.md	491	KR2k0052_WYG_011-105b
024.md	499	KR2k0052_WYG_011-106a
024.md	507	KR2k0052_WYG_011-106b
024.md	515	KR2k0052_WYG_011-107a
024.md	523	KR2k0052_WYG_011-107b
024.md	531	KR2k0052_WYG_011-108a
024.md	539	KR2k0052_WYG_011-108b
024.md	547	KR2k0052_WYG_011-109a
024.md	555	KR2k0052_WYG_011-109b
024.md	563	KR2k0052_WYG_011-110a
024.md	571	KR2k0052_WYG_011-110b
024.md	579	KR2k0052_WYG_011-111a
024.md	587	KR2k0052_WYG_011-111b
024.md	595	KR2k0052_WYG_011-112a
024.md	603	KR2k0052_WYG_011-112b
024.md	611	KR2k0052_WYG_011-113a
024.md	619	KR2k0052_WYG_011-113b
024.md	627	KR2k0052_WYG_011-114a
024.md	635	KR2k0052_WYG_011-114b
024.md	643	KR2k0052_WYG_011-115a
024.md	651	KR2k0052_WYG_011-115b
025.md	3	KR2k0052_WYG_012-1a
025.md	11	KR2k0052_WYG_012-1b
025.md	19	KR2k0052_WYG_012-2a
025.md	27	KR2k0052_WYG_012-2b
025.md	35	KR2k0052_WYG_012-3a
025.md	43	KR2k0052_WYG_012-3b
025.md	51	KR2k0052_WYG_012-4a
025.md	59	KR2k0052_WYG_012-4b
025.md	67	KR2k0052_WYG_012-5a
025.md	75	KR2k0052_WYG_012-5b
025.md	83	KR2k0052_WYG_012-6a
025.md	91	KR2k0052_WYG_012-6b
025.md	99	KR2k0052_WYG_012-7a
025.md	107	KR2k0052_WYG_012-7b
025.md	115	KR2k0052_WYG_012-8a
025.md	123	KR2k0052_WYG_012-8b
025.md	131	KR2k0052_WYG_012-9a
025.md	139	KR2k0052_WYG_012-9b
025.md	147	KR2k0052_WYG_012-10a
025.md	155	KR2k0052_WYG_012-10b
025.md	163	KR2k0052_WYG_012-11a
025.md	171	KR2k0052_WYG_012-11b
025.md	179	KR2k0052_WYG_012-12a
025.md	187	KR2k0052_WYG_012-12b
025.md	195	KR2k0052_WYG_012-13a
025.md	203	KR2k0052_WYG_012-13b
025.md	211	KR2k0052_WYG_012-14a
025.md	219	KR2k0052_WYG_012-14b
025.md	227	KR2k0052_WYG_012-15a
025.md	235	KR2k0052_WYG_012-15b
025.md	243	KR2k0052_WYG_012-16a
025.md	251	KR2k0052_WYG_012-16b
025.md	259	KR2k0052_WYG_012-17a
025.md	267	KR2k0052_WYG_012-17b
025.md	275	KR2k0052_WYG_012-18a
025.md	283	KR2k0052_WYG_012-18b
025.md	291	KR2k0052_WYG_012-19a
025.md	299	KR2k0052_WYG_012-19b
025.md	307	KR2k0052_WYG_012-20a
025.md	315	KR2k0052_WYG_012-20b
025.md	323	KR2k0052_WYG_012-21a
025.md	331	KR2k0052_WYG_012-21b
025.md	339	KR2k0052_WYG_012-22a
025.md	347	KR2k0052_WYG_012-22b
025.md	355	KR2k0052_WYG_012-23a
025.md	363	KR2k0052_WYG_012-23b
025.md	371	KR2k0052_WYG_012-24a
025.md	379	KR2k0052_WYG_012-24b
025.md	387	KR2k0052_WYG_012-25a
025.md	395	KR2k0052_WYG_012-25b
025.md	403	KR2k0052_WYG_012-26a
025.md	411	KR2k0052_WYG_012-26b
025.md	419	KR2k0052_WYG_012-27a
025.md	427	KR2k0052_WYG_012-27b
025.md	435	KR2k0052_WYG_012-28a
025.md	443	KR2k0052_WYG_012-28b
025.md	451	KR2k0052_WYG_012-29a
025.md	459	KR2k0052_WYG_012-29b
025.md	467	KR2k0052_WYG_012-30a
025.md	475	KR2k0052_WYG_012-30b
025.md	483	KR2k0052_WYG_012-31a
025.md	491	KR2k0052_WYG_012-31b
025.md	499	KR2k0052_WYG_012-32a
025.md	507	KR2k0052_WYG_012-32b
025.md	515	KR2k0052_WYG_012-33a
025.md	523	KR2k0052_WYG_012-33b
025.md	531	KR2k0052_WYG_012-34a
025.md	539	KR2k0052_WYG_012-34b
025.md	547	KR2k0052_WYG_012-35a
025.md	555	KR2k0052_WYG_012-35b
025.md	563	KR2k0052_WYG_012-36a
025.md	571	KR2k0052_WYG_012-36b
025.md	579	KR2k0052_WYG_012-37a
025.md	587	KR2k0052_WYG_012-37b
025.md	595	KR2k0052_WYG_012-38a
025.md	603	KR2k0052_WYG_012-38b
025.md	611	KR2k0052_WYG_012-39a
025.md	619	KR2k0052_WYG_012-39b
025.md	627	KR2k0052_WYG_012-40a
025.md	635	KR2k0052_WYG_012-40b
025.md	643	KR2k0052_WYG_012-41a
025.md	651	KR2k0052_WYG_012-41b
025.md	659	KR2k0052_WYG_012-42a
025.md	667	KR2k0052_WYG_012-42b
025.md	675	KR2k0052_WYG_012-43a
025.md	683	KR2k0052_WYG_012-43b
025.md	691	KR2k0052_WYG_012-44a
025.md	699	KR2k0052_WYG_012-44b
025.md	707	KR2k0052_WYG_012-45a
025.md	715	KR2k0052_WYG_012-45b
025.md	723	KR2k0052_WYG_012-46a
025.md	731	KR2k0052_WYG_012-46b
025.md	739	KR2k0052_WYG_012-47a
025.md	747	KR2k0052_WYG_012-47b
025.md	755	KR2k0052_WYG_012-48a
025.md	763	KR2k0052_WYG_012-48b
025.md	771	KR2k0052_WYG_012-49a
025.md	779	KR2k0052_WYG_012-49b
025.md	787	KR2k0052_WYG_012-50a
025.md	795	KR2k0052_WYG_012-50b
025.md	803	KR2k0052_WYG_012-51a
025.md	811	KR2k0052_WYG_012-51b
025.md	819	KR2k0052_WYG_012-52a
025.md	827	KR2k0052_WYG_012-52b
025.md	835	KR2k0052_WYG_012-53a
025.md	843	KR2k0052_WYG_012-53b
025.md	851	KR2k0052_WYG_012-54a
025.md	859	KR2k0052_WYG_012-54b
025.md	867	KR2k0052_WYG_012-55a
025.md	875	KR2k0052_WYG_012-55b
025.md	883	KR2k0052_WYG_012-56a
025.md	891	KR2k0052_WYG_012-56b
025.md	899	KR2k0052_WYG_012-57a
025.md	907	KR2k0052_WYG_012-57b
025.md	915	KR2k0052_WYG_012-58a
025.md	923	KR2k0052_WYG_012-58b
025.md	931	KR2k0052_WYG_012-59a
025.md	939	KR2k0052_WYG_012-59b
025.md	947	KR2k0052_WYG_012-60a
025.md	955	KR2k0052_WYG_012-60b
025.md	963	KR2k0052_WYG_012-61a
025.md	971	KR2k0052_WYG_012-61b
025.md	979	KR2k0052_WYG_012-62a
025.md	987	KR2k0052_WYG_012-62b
025.md	995	KR2k0052_WYG_012-63a
025.md	1003	KR2k0052_WYG_012-63b
025.md	1011	KR2k0052_WYG_012-64a
025.md	1019	KR2k0052_WYG_012-64b
025.md	1027	KR2k0052_WYG_012-65a
025.md	1035	KR2k0052_WYG_012-65b
025.md	1043	KR2k0052_WYG_012-66a
025.md	1051	KR2k0052_WYG_012-66b
025.md	1059	KR2k0052_WYG_012-67a
025.md	1067	KR2k0052_WYG_012-67b
025.md	1075	KR2k0052_WYG_012-68a
025.md	1083	KR2k0052_WYG_012-68b
025.md	1091	KR2k0052_WYG_012-69a
025.md	1099	KR2k0052_WYG_012-69b
025.md	1107	KR2k0052_WYG_012-70a
025.md	1115	KR2k0052_WYG_012-70b
025.md	1123	KR2k0052_WYG_012-71a
025.md	1131	KR2k0052_WYG_012-71b
025.md	1139	KR2k0052_WYG_012-72a
025.md	1147	KR2k0052_WYG_012-72b
025.md	1155	KR2k0052_WYG_012-73a
025.md	1163	KR2k0052_WYG_012-73b
025.md	1171	KR2k0052_WYG_012-74a
025.md	1179	KR2k0052_WYG_012-74b
025.md	1187	KR2k0052_WYG_012-75a
025.md	1195	KR2k0052_WYG_012-75b
025.md	1203	KR2k0052_WYG_012-76a
025.md	1211	KR2k0052_WYG_012-76b
025.md	1219	KR2k0052_WYG_012-77a
025.md	1227	KR2k0052_WYG_012-77b
025.md	1235	KR2k0052_WYG_012-78a
025.md	1243	KR2k0052_WYG_012-78b
025.md	1251	KR2k0052_WYG_012-79a
025.md	1259	KR2k0052_WYG_012-79b
025.md	1267	KR2k0052_WYG_012-80a
025.md	1275	KR2k0052_WYG_012-80b
025.md	1283	KR2k0052_WYG_012-81a
025.md	1291	KR2k0052_WYG_012-81b
025.md	1299	KR2k0052_WYG_012-82a
025.md	1307	KR2k0052_WYG_012-82b
025.md	1315	KR2k0052_WYG_012-83a
025.md	1323	KR2k0052_WYG_012-83b
025.md	1331	KR2k0052_WYG_012-84a
025.md	1339	KR2k0052_WYG_012-84b
025.md	1347	KR2k0052_WYG_012-85a
025.md	1355	KR2k0052_WYG_012-85b
025.md	1363	KR2k0052_WYG_012-86a
025.md	1371	KR2k0052_WYG_012-86b
025.md	1379	KR2k0052_WYG_012-87a
025.md	1387	KR2k0052_WYG_012-87b
025.md	1395	KR2k0052_WYG_012-88a
025.md	1403	KR2k0052_WYG_012-88b
025.md	1411	KR2k0052_WYG_012-89a
025.md	1419	KR2k0052_WYG_012-89b
025.md	1427	KR2k0052_WYG_012-90a
025.md	1435	KR2k0052_WYG_012-90b
025.md	1443	KR2k0052_WYG_012-91a
025.md	1451	KR2k0052_WYG_012-91b
025.md	1459	KR2k0052_WYG_012-92a
025.md	1467	KR2k0052_WYG_012-92b
025.md	1475	KR2k0052_WYG_012-93a
025.md	1483	KR2k0052_WYG_012-93b
026.md	3	KR2k0052_WYG_013-1a
026.md	11	KR2k0052_WYG_013-1b
026.md	19	KR2k0052_WYG_013-2a
026.md	27	KR2k0052_WYG_013-2b
026.md	35	KR2k0052_WYG_013-3a
026.md	43	KR2k0052_WYG_013-3b
026.md	51	KR2k0052_WYG_013-4a
026.md	59	KR2k0052_WYG_013-4b
026.md	67	KR2k0052_WYG_013-5a
026.md	75	KR2k0052_WYG_013-5b
026.md	83	KR2k0052_WYG_013-6a
026.md	91	KR2k0052_WYG_013-6b
026.md	99	KR2k0052_WYG_013-7a
026.md	107	KR2k0052_WYG_013-7b
026.md	115	KR2k0052_WYG_013-8a
026.md	123	KR2k0052_WYG_013-8b
026.md	131	KR2k0052_WYG_013-9a
026.md	139	KR2k0052_WYG_013-9b
026.md	147	KR2k0052_WYG_013-10a
026.md	155	KR2k0052_WYG_013-10b
026.md	163	KR2k0052_WYG_013-11a
026.md	171	KR2k0052_WYG_013-11b
026.md	179	KR2k0052_WYG_013-12a
026.md	187	KR2k0052_WYG_013-12b
026.md	195	KR2k0052_WYG_013-13a
026.md	203	KR2k0052_WYG_013-13b
026.md	211	KR2k0052_WYG_013-14a
026.md	219	KR2k0052_WYG_013-14b
026.md	227	KR2k0052_WYG_013-15a
026.md	235	KR2k0052_WYG_013-15b
026.md	243	KR2k0052_WYG_013-16a
026.md	251	KR2k0052_WYG_013-16b
026.md	259	KR2k0052_WYG_013-17a
026.md	267	KR2k0052_WYG_013-17b
026.md	275	KR2k0052_WYG_013-18a
026.md	283	KR2k0052_WYG_013-18b
026.md	291	KR2k0052_WYG_013-19a
026.md	299	KR2k0052_WYG_013-19b
026.md	307	KR2k0052_WYG_013-20a
026.md	315	KR2k0052_WYG_013-20b
026.md	323	KR2k0052_WYG_013-21a
026.md	331	KR2k0052_WYG_013-21b
026.md	339	KR2k0052_WYG_013-22a
026.md	347	KR2k0052_WYG_013-22b
026.md	355	KR2k0052_WYG_013-23a
026.md	363	KR2k0052_WYG_013-23b
026.md	371	KR2k0052_WYG_013-24a
026.md	379	KR2k0052_WYG_013-24b
026.md	387	KR2k0052_WYG_013-25a
026.md	395	KR2k0052_WYG_013-25b
026.md	403	KR2k0052_WYG_013-26a
026.md	411	KR2k0052_WYG_013-26b
026.md	419	KR2k0052_WYG_013-27a
026.md	427	KR2k0052_WYG_013-27b
026.md	435	KR2k0052_WYG_013-28a
026.md	443	KR2k0052_WYG_013-28b
026.md	451	KR2k0052_WYG_013-29a
026.md	459	KR2k0052_WYG_013-29b
026.md	467	KR2k0052_WYG_013-30a
026.md	475	KR2k0052_WYG_013-30b
026.md	483	KR2k0052_WYG_013-31a
026.md	491	KR2k0052_WYG_013-31b
026.md	499	KR2k0052_WYG_013-32a
026.md	507	KR2k0052_WYG_013-32b
026.md	515	KR2k0052_WYG_013-33a
026.md	523	KR2k0052_WYG_013-33b
026.md	531	KR2k0052_WYG_013-34a
026.md	539	KR2k0052_WYG_013-34b
026.md	547	KR2k0052_WYG_013-35a
026.md	555	KR2k0052_WYG_013-35b
026.md	563	KR2k0052_WYG_013-36a
026.md	571	KR2k0052_WYG_013-36b
026.md	579	KR2k0052_WYG_013-37a
026.md	587	KR2k0052_WYG_013-37b
026.md	595	KR2k0052_WYG_013-38a
026.md	603	KR2k0052_WYG_013-38b
026.md	611	KR2k0052_WYG_013-39a
026.md	619	KR2k0052_WYG_013-39b
026.md	627	KR2k0052_WYG_013-40a
026.md	635	KR2k0052_WYG_013-40b
026.md	643	KR2k0052_WYG_013-41a
026.md	651	KR2k0052_WYG_013-41b
026.md	659	KR2k0052_WYG_013-42a
026.md	667	KR2k0052_WYG_013-42b
026.md	675	KR2k0052_WYG_013-43a
026.md	683	KR2k0052_WYG_013-43b
026.md	691	KR2k0052_WYG_013-44a
026.md	699	KR2k0052_WYG_013-44b
026.md	707	KR2k0052_WYG_013-45a
026.md	715	KR2k0052_WYG_013-45b
026.md	723	KR2k0052_WYG_013-46a
026.md	731	KR2k0052_WYG_013-46b
026.md	739	KR2k0052_WYG_013-47a
026.md	747	KR2k0052_WYG_013-47b
026.md	755	KR2k0052_WYG_013-48a
026.md	763	KR2k0052_WYG_013-48b
026.md	771	KR2k0052_WYG_013-49a
026.md	779	KR2k0052_WYG_013-49b
026.md	787	KR2k0052_WYG_013-50a
026.md	795	KR2k0052_WYG_013-50b
027.md	3	KR2k0052_WYG_013-51a
027.md	11	KR2k0052_WYG_013-51b
027.md	19	KR2k0052_WYG_013-52a
027.md	27	KR2k0052_WYG_013-52b
027.md	35	KR2k0052_WYG_013-53a
027.md	43	KR2k0052_WYG_013-53b
027.md	51	KR2k0052_WYG_013-54a
027.md	59	KR2k0052_WYG_013-54b
027.md	67	KR2k0052_WYG_013-55a
027.md	75	KR2k0052_WYG_013-55b
027.md	83	KR2k0052_WYG_013-56a
027.md	91	KR2k0052_WYG_013-56b
027.md	99	KR2k0052_WYG_013-57a
027.md	107	KR2k0052_WYG_013-57b
027.md	115	KR2k0052_WYG_013-58a
027.md	123	KR2k0052_WYG_013-58b
027.md	131	KR2k0052_WYG_013-59a
027.md	139	KR2k0052_WYG_013-59b
027.md	147	KR2k0052_WYG_013-60a
027.md	155	KR2k0052_WYG_013-60b
027.md	163	KR2k0052_WYG_013-61a
027.md	171	KR2k0052_WYG_013-61b
027.md	179	KR2k0052_WYG_013-62a
027.md	187	KR2k0052_WYG_013-62b
027.md	195	KR2k0052_WYG_013-63a
027.md	203	KR2k0052_WYG_013-63b
027.md	211	KR2k0052_WYG_013-64a
027.md	219	KR2k0052_WYG_013-64b
027.md	227	KR2k0052_WYG_013-65a
027.md	235	KR2k0052_WYG_013-65b
027.md	243	KR2k0052_WYG_013-66a
027.md	251	KR2k0052_WYG_013-66b
027.md	259	KR2k0052_WYG_013-67a
027.md	267	KR2k0052_WYG_013-67b
027.md	275	KR2k0052_WYG_013-68a
027.md	283	KR2k0052_WYG_013-68b
027.md	291	KR2k0052_WYG_013-69a
027.md	299	KR2k0052_WYG_013-69b
027.md	307	KR2k0052_WYG_013-70a
027.md	315	KR2k0052_WYG_013-70b
027.md	323	KR2k0052_WYG_013-71a
027.md	331	KR2k0052_WYG_013-71b
027.md	339	KR2k0052_WYG_013-72a
027.md	347	KR2k0052_WYG_013-72b
027.md	355	KR2k0052_WYG_013-73a
027.md	363	KR2k0052_WYG_013-73b
027.md	371	KR2k0052_WYG_013-74a
027.md	379	KR2k0052_WYG_013-74b
027.md	387	KR2k0052_WYG_013-75a
027.md	395	KR2k0052_WYG_013-75b
027.md	403	KR2k0052_WYG_013-76a
027.md	411	KR2k0052_WYG_013-76b
027.md	419	KR2k0052_WYG_013-77a
027.md	427	KR2k0052_WYG_013-77b
028.md	3	KR2k0052_WYG_014-1a
028.md	11	KR2k0052_WYG_014-1b
028.md	19	KR2k0052_WYG_014-2a
028.md	27	KR2k0052_WYG_014-2b
028.md	35	KR2k0052_WYG_014-3a
028.md	43	KR2k0052_WYG_014-3b
028.md	51	KR2k0052_WYG_014-4a
028.md	59	KR2k0052_WYG_014-4b
028.md	67	KR2k0052_WYG_014-5a
028.md	75	KR2k0052_WYG_014-5b
028.md	83	KR2k0052_WYG_014-6a
028.md	91	KR2k0052_WYG_014-6b
028.md	99	KR2k0052_WYG_014-7a
028.md	107	KR2k0052_WYG_014-7b
028.md	115	KR2k0052_WYG_014-8a
028.md	123	KR2k0052_WYG_014-8b
028.md	131	KR2k0052_WYG_014-9a
028.md	139	KR2k0052_WYG_014-9b
028.md	147	KR2k0052_WYG_014-10a
028.md	155	KR2k0052_WYG_014-10b
028.md	163	KR2k0052_WYG_014-11a
028.md	171	KR2k0052_WYG_014-11b
028.md	179	KR2k0052_WYG_014-12a
028.md	187	KR2k0052_WYG_014-12b
028.md	195	KR2k0052_WYG_014-13a
028.md	203	KR2k0052_WYG_014-13b
028.md	211	KR2k0052_WYG_014-14a
028.md	219	KR2k0052_WYG_014-14b
028.md	227	KR2k0052_WYG_014-15a
028.md	235	KR2k0052_WYG_014-15b
028.md	243	KR2k0052_WYG_014-16a
028.md	251	KR2k0052_WYG_014-16b
028.md	259	KR2k0052_WYG_014-17a
028.md	267	KR2k0052_WYG_014-17b
028.md	275	KR2k0052_WYG_014-18a
028.md	283	KR2k0052_WYG_014-18b
028.md	291	KR2k0052_WYG_014-19a
028.md	299	KR2k0052_WYG_014-19b
028.md	307	KR2k0052_WYG_014-20a
028.md	315	KR2k0052_WYG_014-20b
028.md	323	KR2k0052_WYG_014-21a
028.md	331	KR2k0052_WYG_014-21b
028.md	339	KR2k0052_WYG_014-22a
028.md	347	KR2k0052_WYG_014-22b
028.md	355	KR2k0052_WYG_014-23a
028.md	363	KR2k0052_WYG_014-23b
028.md	371	KR2k0052_WYG_014-24a
028.md	379	KR2k0052_WYG_014-24b
028.md	387	KR2k0052_WYG_014-25a
028.md	395	KR2k0052_WYG_014-25b
028.md	403	KR2k0052_WYG_014-26a
028.md	411	KR2k0052_WYG_014-26b
028.md	419	KR2k0052_WYG_014-27a
028.md	427	KR2k0052_WYG_014-27b
028.md	435	KR2k0052_WYG_014-28a
028.md	443	KR2k0052_WYG_014-28b
028.md	451	KR2k0052_WYG_014-29a
028.md	459	KR2k0052_WYG_014-29b
028.md	467	KR2k0052_WYG_014-30a
028.md	475	KR2k0052_WYG_014-30b
028.md	483	KR2k0052_WYG_014-31a
028.md	491	KR2k0052_WYG_014-31b
028.md	499	KR2k0052_WYG_014-32a
028.md	507	KR2k0052_WYG_014-32b
028.md	515	KR2k0052_WYG_014-33a
028.md	523	KR2k0052_WYG_014-33b
028.md	531	KR2k0052_WYG_014-34a
028.md	539	KR2k0052_WYG_014-34b
028.md	547	KR2k0052_WYG_014-35a
028.md	555	KR2k0052_WYG_014-35b
028.md	563	KR2k0052_WYG_014-36a
028.md	571	KR2k0052_WYG_014-36b
028.md	579	KR2k0052_WYG_014-37a
028.md	587	KR2k0052_WYG_014-37b
028.md	595	KR2k0052_WYG_014-38a
028.md	603	KR2k0052_WYG_014-38b
028.md	611	KR2k0052_WYG_014-39a
028.md	619	KR2k0052_WYG_014-39b
028.md	627	KR2k0052_WYG_014-40a
028.md	635	KR2k0052_WYG_014-40b
028.md	643	KR2k0052_WYG_014-41a
028.md	651	KR2k0052_WYG_014-41b
028.md	659	KR2k0052_WYG_014-42a
028.md	667	KR2k0052_WYG_014-42b
028.md	675	KR2k0052_WYG_014-43a
028.md	683	KR2k0052_WYG_014-43b
028.md	691	KR2k0052_WYG_014-44a
028.md	699	KR2k0052_WYG_014-44b
028.md	707	KR2k0052_WYG_014-45a
028.md	715	KR2k0052_WYG_014-45b
028.md	723	KR2k0052_WYG_014-46a
028.md	731	KR2k0052_WYG_014-46b
028.md	739	KR2k0052_WYG_014-47a
028.md	747	KR2k0052_WYG_014-47b
028.md	755	KR2k0052_WYG_014-48a
028.md	763	KR2k0052_WYG_014-48b
028.md	771	KR2k0052_WYG_014-49a
028.md	779	KR2k0052_WYG_014-49b
028.md	787	KR2k0052_WYG_014-50a
028.md	795	KR2k0052_WYG_014-50b
028.md	803	KR2k0052_WYG_014-51a
028.md	811	KR2k0052_WYG_014-51b
028.md	819	KR2k0052_WYG_014-52a
028.md	827	KR2k0052_WYG_014-52b
028.md	835	KR2k0052_WYG_014-53a
028.md	843	KR2k0052_WYG_014-53b
028.md	851	KR2k0052_WYG_014-54a
028.md	859	KR2k0052_WYG_014-54b
028.md	867	KR2k0052_WYG_014-55a
028.md	875	KR2k0052_WYG_014-55b
028.md	883	KR2k0052_WYG_014-56a
028.md	891	KR2k0052_WYG_014-56b
028.md	899	KR2k0052_WYG_014-57a
028.md	907	KR2k0052_WYG_014-57b
028.md	915	KR2k0052_WYG_014-58a
028.md	923	KR2k0052_WYG_014-58b
028.md	931	KR2k0052_WYG_014-59a
028.md	939	KR2k0052_WYG_014-59b
028.md	947	KR2k0052_WYG_014-60a
028.md	955	KR2k0052_WYG_014-60b
028.md	963	KR2k0052_WYG_014-61a
028.md	971	KR2k0052_WYG_014-61b
028.md	979	KR2k0052_WYG_014-62a
028.md	987	KR2k0052_WYG_014-62b
028.md	995	KR2k0052_WYG_014-63a
028.md	1003	KR2k0052_WYG_014-63b
028.md	1011	KR2k0052_WYG_014-64a
028.md	1019	KR2k0052_WYG_014-64b
028.md	1027	KR2k0052_WYG_014-65a
028.md	1035	KR2k0052_WYG_014-65b
028.md	1043	KR2k0052_WYG_014-66a
028.md	1051	KR2k0052_WYG_014-66b
028.md	1059	KR2k0052_WYG_014-67a
028.md	1067	KR2k0052_WYG_014-67b
028.md	1075	KR2k0052_WYG_014-68a
028.md	1083	KR2k0052_WYG_014-68b
028.md	1091	KR2k0052_WYG_014-69a
028.md	1099	KR2k0052_WYG_014-69b
028.md	1107	KR2k0052_WYG_014-70a
028.md	1115	KR2k0052_WYG_014-70b
028.md	1123	KR2k0052_WYG_014-71a
028.md	1131	KR2k0052_WYG_014-71b
028.md	1139	KR2k0052_WYG_014-72a
028.md	1147	KR2k0052_WYG_014-72b
028.md	1155	KR2k0052_WYG_014-73a
028.md	1163	KR2k0052_WYG_014-73b
028.md	1171	KR2k0052_WYG_014-74a
028.md	1179	KR2k0052_WYG_014-74b
029.md	3	KR2k0052_WYG_015-1a
029.md	11	KR2k0052_WYG_015-1b
029.md	19	KR2k0052_WYG_015-2a
029.md	27	KR2k0052_WYG_015-2b
029.md	35	KR2k0052_WYG_015-3a
029.md	43	KR2k0052_WYG_015-3b
029.md	51	KR2k0052_WYG_015-4a
029.md	59	KR2k0052_WYG_015-4b
029.md	67	KR2k0052_WYG_015-5a
029.md	75	KR2k0052_WYG_015-5b
029.md	83	KR2k0052_WYG_015-6a
029.md	91	KR2k0052_WYG_015-6b
029.md	99	KR2k0052_WYG_015-7a
029.md	107	KR2k0052_WYG_015-7b
029.md	115	KR2k0052_WYG_015-8a
029.md	123	KR2k0052_WYG_015-8b
029.md	131	KR2k0052_WYG_015-9a
029.md	139	KR2k0052_WYG_015-9b
029.md	147	KR2k0052_WYG_015-10a
029.md	155	KR2k0052_WYG_015-10b
029.md	163	KR2k0052_WYG_015-11a
029.md	171	KR2k0052_WYG_015-11b
029.md	179	KR2k0052_WYG_015-12a
029.md	187	KR2k0052_WYG_015-12b
029.md	195	KR2k0052_WYG_015-13a
029.md	203	KR2k0052_WYG_015-13b
029.md	211	KR2k0052_WYG_015-14a
029.md	219	KR2k0052_WYG_015-14b
029.md	227	KR2k0052_WYG_015-15a
029.md	235	KR2k0052_WYG_015-15b
029.md	243	KR2k0052_WYG_015-16a
029.md	251	KR2k0052_WYG_015-16b
029.md	259	KR2k0052_WYG_015-17a
029.md	267	KR2k0052_WYG_015-17b
029.md	275	KR2k0052_WYG_015-18a
029.md	283	KR2k0052_WYG_015-18b
029.md	291	KR2k0052_WYG_015-19a
029.md	299	KR2k0052_WYG_015-19b
029.md	307	KR2k0052_WYG_015-20a
029.md	315	KR2k0052_WYG_015-20b
029.md	323	KR2k0052_WYG_015-21a
029.md	331	KR2k0052_WYG_015-21b
029.md	339	KR2k0052_WYG_015-22a
029.md	347	KR2k0052_WYG_015-22b
029.md	355	KR2k0052_WYG_015-23a
029.md	363	KR2k0052_WYG_015-23b
029.md	371	KR2k0052_WYG_015-24a
029.md	379	KR2k0052_WYG_015-24b
029.md	387	KR2k0052_WYG_015-25a
029.md	395	KR2k0052_WYG_015-25b
029.md	403	KR2k0052_WYG_015-26a
029.md	411	KR2k0052_WYG_015-26b
029.md	419	KR2k0052_WYG_015-27a
029.md	427	KR2k0052_WYG_015-27b
029.md	435	KR2k0052_WYG_015-28a
029.md	443	KR2k0052_WYG_015-28b
029.md	451	KR2k0052_WYG_015-29a
029.md	459	KR2k0052_WYG_015-29b
029.md	467	KR2k0052_WYG_015-30a
029.md	475	KR2k0052_WYG_015-30b
029.md	483	KR2k0052_WYG_015-31a
029.md	491	KR2k0052_WYG_015-31b
029.md	499	KR2k0052_WYG_015-32a
029.md	507	KR2k0052_WYG_015-32b
029.md	515	KR2k0052_WYG_015-33a
029.md	523	KR2k0052_WYG_015-33b
029.md	531	KR2k0052_WYG_015-34a
029.md	539	KR2k0052_WYG_015-34b
029.md	547	KR2k0052_WYG_015-35a
029.md	555	KR2k0052_WYG_015-35b
029.md	563	KR2k0052_WYG_015-36a
029.md	571	KR2k0052_WYG_015-36b
029.md	579	KR2k0052_WYG_015-37a
029.md	587	KR2k0052_WYG_015-37b
029.md	595	KR2k0052_WYG_015-38a
029.md	603	KR2k0052_WYG_015-38b
029.md	611	KR2k0052_WYG_015-39a
029.md	619	KR2k0052_WYG_015-39b
029.md	627	KR2k0052_WYG_015-40a
029.md	635	KR2k0052_WYG_015-40b
030.md	3	KR2k0052_WYG_015-41a
030.md	11	KR2k0052_WYG_015-41b
030.md	19	KR2k0052_WYG_015-42a
030.md	27	KR2k0052_WYG_015-42b
030.md	35	KR2k0052_WYG_015-43a
030.md	43	KR2k0052_WYG_015-43b
030.md	51	KR2k0052_WYG_015-44a
030.md	59	KR2k0052_WYG_015-44b
030.md	67	KR2k0052_WYG_015-45a
030.md	75	KR2k0052_WYG_015-45b
030.md	83	KR2k0052_WYG_015-46a
030.md	91	KR2k0052_WYG_015-46b
030.md	99	KR2k0052_WYG_015-47a
030.md	107	KR2k0052_WYG_015-47b
030.md	115	KR2k0052_WYG_015-48a
030.md	123	KR2k0052_WYG_015-48b
030.md	131	KR2k0052_WYG_015-49a
030.md	139	KR2k0052_WYG_015-49b
030.md	147	KR2k0052_WYG_015-50a
030.md	155	KR2k0052_WYG_015-50b
030.md	163	KR2k0052_WYG_015-51a
030.md	171	KR2k0052_WYG_015-51b
030.md	179	KR2k0052_WYG_015-52a
030.md	187	KR2k0052_WYG_015-52b
031.md	3	KR2k0052_WYG_016-1a
031.md	11	KR2k0052_WYG_016-1b
031.md	19	KR2k0052_WYG_016-2a
031.md	27	KR2k0052_WYG_016-2b
031.md	35	KR2k0052_WYG_016-3a
031.md	43	KR2k0052_WYG_016-3b
031.md	51	KR2k0052_WYG_016-4a
031.md	59	KR2k0052_WYG_016-4b
031.md	67	KR2k0052_WYG_016-5a
031.md	75	KR2k0052_WYG_016-5b
031.md	83	KR2k0052_WYG_016-6a
031.md	91	KR2k0052_WYG_016-6b
031.md	99	KR2k0052_WYG_016-7a
031.md	107	KR2k0052_WYG_016-7b
031.md	115	KR2k0052_WYG_016-8a
031.md	123	KR2k0052_WYG_016-8b
031.md	131	KR2k0052_WYG_016-9a
031.md	139	KR2k0052_WYG_016-9b
031.md	147	KR2k0052_WYG_016-10a
031.md	155	KR2k0052_WYG_016-10b
031.md	163	KR2k0052_WYG_016-11a
031.md	171	KR2k0052_WYG_016-11b
031.md	179	KR2k0052_WYG_016-12a
031.md	187	KR2k0052_WYG_016-12b
031.md	195	KR2k0052_WYG_016-13a
031.md	203	KR2k0052_WYG_016-13b
031.md	211	KR2k0052_WYG_016-14a
031.md	219	KR2k0052_WYG_016-14b
031.md	227	KR2k0052_WYG_016-15a
031.md	235	KR2k0052_WYG_016-15b
031.md	243	KR2k0052_WYG_016-16a
031.md	251	KR2k0052_WYG_016-16b
031.md	259	KR2k0052_WYG_016-17a
031.md	267	KR2k0052_WYG_016-17b
031.md	275	KR2k0052_WYG_016-18a
031.md	283	KR2k0052_WYG_016-18b
031.md	291	KR2k0052_WYG_016-19a
031.md	299	KR2k0052_WYG_016-19b
031.md	307	KR2k0052_WYG_016-20a
031.md	315	KR2k0052_WYG_016-20b
031.md	323	KR2k0052_WYG_016-21a
031.md	331	KR2k0052_WYG_016-21b
031.md	339	KR2k0052_WYG_016-22a
031.md	347	KR2k0052_WYG_016-22b
031.md	355	KR2k0052_WYG_016-23a
031.md	363	KR2k0052_WYG_016-23b
031.md	371	KR2k0052_WYG_016-24a
031.md	379	KR2k0052_WYG_016-24b
031.md	387	KR2k0052_WYG_016-25a
031.md	395	KR2k0052_WYG_016-25b
031.md	403	KR2k0052_WYG_016-26a
031.md	411	KR2k0052_WYG_016-26b
031.md	419	KR2k0052_WYG_016-27a
031.md	427	KR2k0052_WYG_016-27b
031.md	435	KR2k0052_WYG_016-28a
031.md	443	KR2k0052_WYG_016-28b
031.md	451	KR2k0052_WYG_016-29a
031.md	459	KR2k0052_WYG_016-29b
031.md	467	KR2k0052_WYG_016-30a
031.md	475	KR2k0052_WYG_016-30b
031.md	483	KR2k0052_WYG_016-31a
031.md	491	KR2k0052_WYG_016-31b
031.md	499	KR2k0052_WYG_016-32a
031.md	507	KR2k0052_WYG_016-32b
031.md	515	KR2k0052_WYG_016-33a
031.md	523	KR2k0052_WYG_016-33b
031.md	531	KR2k0052_WYG_016-34a
031.md	539	KR2k0052_WYG_016-34b
031.md	547	KR2k0052_WYG_016-35a
031.md	555	KR2k0052_WYG_016-35b
031.md	563	KR2k0052_WYG_016-36a
031.md	571	KR2k0052_WYG_016-36b
031.md	579	KR2k0052_WYG_016-37a
031.md	587	KR2k0052_WYG_016-37b
031.md	595	KR2k0052_WYG_016-38a
031.md	603	KR2k0052_WYG_016-38b
031.md	611	KR2k0052_WYG_016-39a
031.md	619	KR2k0052_WYG_016-39b
031.md	627	KR2k0052_WYG_016-40a
031.md	635	KR2k0052_WYG_016-40b
031.md	643	KR2k0052_WYG_016-41a
031.md	651	KR2k0052_WYG_016-41b
031.md	659	KR2k0052_WYG_016-42a
031.md	667	KR2k0052_WYG_016-42b
031.md	675	KR2k0052_WYG_016-43a
031.md	683	KR2k0052_WYG_016-43b
031.md	691	KR2k0052_WYG_016-44a
031.md	699	KR2k0052_WYG_016-44b
031.md	707	KR2k0052_WYG_016-45a
031.md	715	KR2k0052_WYG_016-45b
031.md	723	KR2k0052_WYG_016-46a
031.md	731	KR2k0052_WYG_016-46b
031.md	739	KR2k0052_WYG_016-47a
031.md	747	KR2k0052_WYG_016-47b
031.md	755	KR2k0052_WYG_016-48a
031.md	763	KR2k0052_WYG_016-48b
031.md	771	KR2k0052_WYG_016-49a
031.md	779	KR2k0052_WYG_016-49b
031.md	787	KR2k0052_WYG_016-50a
031.md	795	KR2k0052_WYG_016-50b
031.md	803	KR2k0052_WYG_016-51a
031.md	811	KR2k0052_WYG_016-51b
031.md	819	KR2k0052_WYG_016-52a
031.md	827	KR2k0052_WYG_016-52b
031.md	835	KR2k0052_WYG_016-53a
031.md	843	KR2k0052_WYG_016-53b
031.md	851	KR2k0052_WYG_016-54a
031.md	859	KR2k0052_WYG_016-54b
031.md	867	KR2k0052_WYG_016-55a
031.md	875	KR2k0052_WYG_016-55b
031.md	883	KR2k0052_WYG_016-56a
031.md	891	KR2k0052_WYG_016-56b
031.md	899	KR2k0052_WYG_016-57a
031.md	907	KR2k0052_WYG_016-57b
031.md	915	KR2k0052_WYG_016-58a
031.md	923	KR2k0052_WYG_016-58b
031.md	931	KR2k0052_WYG_016-59a
031.md	939	KR2k0052_WYG_016-59b
031.md	947	KR2k0052_WYG_016-60a
031.md	955	KR2k0052_WYG_016-60b
032.md	3	KR2k0052_WYG_016-61a
032.md	11	KR2k0052_WYG_016-61b
032.md	19	KR2k0052_WYG_016-62a
032.md	27	KR2k0052_WYG_016-62b
032.md	35	KR2k0052_WYG_016-63a
032.md	43	KR2k0052_WYG_016-63b
032.md	51	KR2k0052_WYG_016-64a
032.md	59	KR2k0052_WYG_016-64b
032.md	67	KR2k0052_WYG_016-65a
032.md	75	KR2k0052_WYG_016-65b
032.md	83	KR2k0052_WYG_016-66a
032.md	91	KR2k0052_WYG_016-66b
032.md	99	KR2k0052_WYG_016-67a
032.md	107	KR2k0052_WYG_016-67b
032.md	115	KR2k0052_WYG_016-68a
032.md	123	KR2k0052_WYG_016-68b
032.md	131	KR2k0052_WYG_016-69a
032.md	139	KR2k0052_WYG_016-69b
032.md	147	KR2k0052_WYG_016-70a
032.md	155	KR2k0052_WYG_016-70b
032.md	163	KR2k0052_WYG_016-71a
032.md	171	KR2k0052_WYG_016-71b
032.md	179	KR2k0052_WYG_016-72a
032.md	187	KR2k0052_WYG_016-72b
032.md	195	KR2k0052_WYG_016-73a
032.md	203	KR2k0052_WYG_016-73b
032.md	211	KR2k0052_WYG_016-74a
032.md	219	KR2k0052_WYG_016-74b
032.md	227	KR2k0052_WYG_016-75a
032.md	235	KR2k0052_WYG_016-75b
032.md	243	KR2k0052_WYG_016-76a
032.md	251	KR2k0052_WYG_016-76b
032.md	259	KR2k0052_WYG_016-77a
032.md	267	KR2k0052_WYG_016-77b
032.md	275	KR2k0052_WYG_016-78a
032.md	283	KR2k0052_WYG_016-78b
032.md	291	KR2k0052_WYG_016-79a
032.md	299	KR2k0052_WYG_016-79b
032.md	307	KR2k0052_WYG_016-80a
032.md	315	KR2k0052_WYG_016-80b
032.md	323	KR2k0052_WYG_016-81a
032.md	331	KR2k0052_WYG_016-81b
032.md	339	KR2k0052_WYG_016-82a
032.md	347	KR2k0052_WYG_016-82b
032.md	355	KR2k0052_WYG_016-83a
032.md	363	KR2k0052_WYG_016-83b
032.md	371	KR2k0052_WYG_016-84a
032.md	379	KR2k0052_WYG_016-84b
033.md	3	KR2k0052_WYG_017-1a
033.md	11	KR2k0052_WYG_017-1b
033.md	19	KR2k0052_WYG_017-2a
033.md	27	KR2k0052_WYG_017-2b
033.md	35	KR2k0052_WYG_017-3a
033.md	43	KR2k0052_WYG_017-3b
033.md	51	KR2k0052_WYG_017-4a
033.md	59	KR2k0052_WYG_017-4b
033.md	67	KR2k0052_WYG_017-5a
033.md	75	KR2k0052_WYG_017-5b
033.md	83	KR2k0052_WYG_017-6a
033.md	91	KR2k0052_WYG_017-6b
033.md	99	KR2k0052_WYG_017-7a
033.md	107	KR2k0052_WYG_017-7b
033.md	115	KR2k0052_WYG_017-8a
033.md	123	KR2k0052_WYG_017-8b
033.md	131	KR2k0052_WYG_017-9a
033.md	139	KR2k0052_WYG_017-9b
033.md	147	KR2k0052_WYG_017-10a
033.md	155	KR2k0052_WYG_017-10b
033.md	163	KR2k0052_WYG_017-11a
033.md	171	KR2k0052_WYG_017-11b
033.md	179	KR2k0052_WYG_017-12a
033.md	187	KR2k0052_WYG_017-12b
033.md	195	KR2k0052_WYG_017-13a
033.md	203	KR2k0052_WYG_017-13b
033.md	211	KR2k0052_WYG_017-14a
033.md	219	KR2k0052_WYG_017-14b
033.md	227	KR2k0052_WYG_017-15a
033.md	235	KR2k0052_WYG_017-15b
033.md	243	KR2k0052_WYG_017-16a
033.md	251	KR2k0052_WYG_017-16b
033.md	259	KR2k0052_WYG_017-17a
033.md	267	KR2k0052_WYG_017-17b
033.md	275	KR2k0052_WYG_017-18a
033.md	283	KR2k0052_WYG_017-18b
033.md	291	KR2k0052_WYG_017-19a
033.md	299	KR2k0052_WYG_017-19b
033.md	307	KR2k0052_WYG_017-20a
033.md	315	KR2k0052_WYG_017-20b
033.md	323	KR2k0052_WYG_017-21a
033.md	331	KR2k0052_WYG_017-21b
033.md	339	KR2k0052_WYG_017-22a
033.md	347	KR2k0052_WYG_017-22b
033.md	355	KR2k0052_WYG_017-23a
033.md	363	KR2k0052_WYG_017-23b
033.md	371	KR2k0052_WYG_017-24a
033.md	379	KR2k0052_WYG_017-24b
033.md	387	KR2k0052_WYG_017-25a
033.md	395	KR2k0052_WYG_017-25b
033.md	403	KR2k0052_WYG_017-26a
033.md	411	KR2k0052_WYG_017-26b
033.md	419	KR2k0052_WYG_017-27a
033.md	427	KR2k0052_WYG_017-27b
033.md	435	KR2k0052_WYG_017-28a
033.md	443	KR2k0052_WYG_017-28b
033.md	451	KR2k0052_WYG_017-29a
033.md	459	KR2k0052_WYG_017-29b
033.md	467	KR2k0052_WYG_017-30a
033.md	475	KR2k0052_WYG_017-30b
033.md	483	KR2k0052_WYG_017-31a
033.md	491	KR2k0052_WYG_017-31b
033.md	499	KR2k0052_WYG_017-32a
033.md	507	KR2k0052_WYG_017-32b
033.md	515	KR2k0052_WYG_017-33a
033.md	523	KR2k0052_WYG_017-33b
033.md	531	KR2k0052_WYG_017-34a
033.md	539	KR2k0052_WYG_017-34b
033.md	547	KR2k0052_WYG_017-35a
033.md	555	KR2k0052_WYG_017-35b
033.md	563	KR2k0052_WYG_017-36a
033.md	571	KR2k0052_WYG_017-36b
033.md	579	KR2k0052_WYG_017-37a
033.md	587	KR2k0052_WYG_017-37b
033.md	595	KR2k0052_WYG_017-38a
033.md	603	KR2k0052_WYG_017-38b
033.md	611	KR2k0052_WYG_017-39a
033.md	619	KR2k0052_WYG_017-39b
033.md	627	KR2k0052_WYG_017-40a
033.md	635	KR2k0052_WYG_017-40b
033.md	643	KR2k0052_WYG_017-41a
033.md	651	KR2k0052_WYG_017-41b
033.md	659	KR2k0052_WYG_017-42a
033.md	667	KR2k0052_WYG_017-42b
033.md	675	KR2k0052_WYG_017-43a
033.md	683	KR2k0052_WYG_017-43b
033.md	691	KR2k0052_WYG_017-44a
033.md	699	KR2k0052_WYG_017-44b
033.md	707	KR2k0052_WYG_017-45a
033.md	715	KR2k0052_WYG_017-45b
033.md	723	KR2k0052_WYG_017-46a
033.md	731	KR2k0052_WYG_017-46b
033.md	739	KR2k0052_WYG_017-47a
033.md	747	KR2k0052_WYG_017-47b
033.md	755	KR2k0052_WYG_017-48a
033.md	763	KR2k0052_WYG_017-48b
033.md	771	KR2k0052_WYG_017-49a
033.md	779	KR2k0052_WYG_017-49b
033.md	787	KR2k0052_WYG_017-50a
033.md	795	KR2k0052_WYG_017-50b
033.md	803	KR2k0052_WYG_017-51a
033.md	811	KR2k0052_WYG_017-51b
033.md	819	KR2k0052_WYG_017-52a
033.md	827	KR2k0052_WYG_017-52b
033.md	835	KR2k0052_WYG_017-53a
033.md	843	KR2k0052_WYG_017-53b
033.md	851	KR2k0052_WYG_017-54a
033.md	859	KR2k0052_WYG_017-54b
033.md	867	KR2k0052_WYG_017-55a
033.md	875	KR2k0052_WYG_017-55b
033.md	883	KR2k0052_WYG_017-56a
033.md	891	KR2k0052_WYG_017-56b
034.md	3	KR2k0052_WYG_018-1a
034.md	11	KR2k0052_WYG_018-1b
034.md	19	KR2k0052_WYG_018-2a
034.md	27	KR2k0052_WYG_018-2b
034.md	35	KR2k0052_WYG_018-3a
034.md	43	KR2k0052_WYG_018-3b
034.md	51	KR2k0052_WYG_018-4a
034.md	59	KR2k0052_WYG_018-4b
034.md	67	KR2k0052_WYG_018-5a
034.md	75	KR2k0052_WYG_018-5b
034.md	83	KR2k0052_WYG_018-6a
034.md	91	KR2k0052_WYG_018-6b
034.md	99	KR2k0052_WYG_018-7a
034.md	107	KR2k0052_WYG_018-7b
034.md	115	KR2k0052_WYG_018-8a
034.md	123	KR2k0052_WYG_018-8b
034.md	131	KR2k0052_WYG_018-9a
034.md	139	KR2k0052_WYG_018-9b
034.md	147	KR2k0052_WYG_018-10a
034.md	155	KR2k0052_WYG_018-10b
034.md	163	KR2k0052_WYG_018-11a
034.md	171	KR2k0052_WYG_018-11b
034.md	179	KR2k0052_WYG_018-12a
034.md	187	KR2k0052_WYG_018-12b
034.md	195	KR2k0052_WYG_018-13a
034.md	203	KR2k0052_WYG_018-13b
034.md	211	KR2k0052_WYG_018-14a
034.md	219	KR2k0052_WYG_018-14b
034.md	227	KR2k0052_WYG_018-15a
034.md	235	KR2k0052_WYG_018-15b
034.md	243	KR2k0052_WYG_018-16a
034.md	251	KR2k0052_WYG_018-16b
034.md	259	KR2k0052_WYG_018-17a
034.md	267	KR2k0052_WYG_018-17b
034.md	275	KR2k0052_WYG_018-18a
034.md	283	KR2k0052_WYG_018-18b
034.md	291	KR2k0052_WYG_018-19a
034.md	299	KR2k0052_WYG_018-19b
034.md	307	KR2k0052_WYG_018-20a
034.md	315	KR2k0052_WYG_018-20b
034.md	323	KR2k0052_WYG_018-21a
034.md	331	KR2k0052_WYG_018-21b
034.md	339	KR2k0052_WYG_018-22a
034.md	347	KR2k0052_WYG_018-22b
034.md	355	KR2k0052_WYG_018-23a
034.md	363	KR2k0052_WYG_018-23b
034.md	371	KR2k0052_WYG_018-24a
034.md	379	KR2k0052_WYG_018-24b
034.md	387	KR2k0052_WYG_018-25a
034.md	395	KR2k0052_WYG_018-25b
034.md	403	KR2k0052_WYG_018-26a
034.md	411	KR2k0052_WYG_018-26b
034.md	419	KR2k0052_WYG_018-27a
034.md	427	KR2k0052_WYG_018-27b
034.md	435	KR2k0052_WYG_018-28a
034.md	443	KR2k0052_WYG_018-28b
034.md	451	KR2k0052_WYG_018-29a
034.md	459	KR2k0052_WYG_018-29b
034.md	467	KR2k0052_WYG_018-30a
034.md	475	KR2k0052_WYG_018-30b
034.md	483	KR2k0052_WYG_018-31a
034.md	491	KR2k0052_WYG_018-31b
034.md	499	KR2k0052_WYG_018-32a
034.md	507	KR2k0052_WYG_018-32b
034.md	515	KR2k0052_WYG_018-33a
034.md	523	KR2k0052_WYG_018-33b
034.md	531	KR2k0052_WYG_018-34a
034.md	539	KR2k0052_WYG_018-34b
034.md	547	KR2k0052_WYG_018-35a
034.md	555	KR2k0052_WYG_018-35b
034.md	563	KR2k0052_WYG_018-36a
034.md	571	KR2k0052_WYG_018-36b
034.md	579	KR2k0052_WYG_018-37a
034.md	587	KR2k0052_WYG_018-37b
034.md	595	KR2k0052_WYG_018-38a
034.md	603	KR2k0052_WYG_018-38b
034.md	611	KR2k0052_WYG_018-39a
034.md	619	KR2k0052_WYG_018-39b
034.md	627	KR2k0052_WYG_018-40a
034.md	635	KR2k0052_WYG_018-40b
034.md	643	KR2k0052_WYG_018-41a
034.md	651	KR2k0052_WYG_018-41b
034.md	659	KR2k0052_WYG_018-42a
034.md	667	KR2k0052_WYG_018-42b
034.md	675	KR2k0052_WYG_018-43a
034.md	683	KR2k0052_WYG_018-43b
034.md	691	KR2k0052_WYG_018-44a
034.md	699	KR2k0052_WYG_018-44b
034.md	707	KR2k0052_WYG_018-45a
034.md	715	KR2k0052_WYG_018-45b
034.md	723	KR2k0052_WYG_018-46a
034.md	731	KR2k0052_WYG_018-46b
034.md	739	KR2k0052_WYG_018-47a
034.md	747	KR2k0052_WYG_018-47b
035.md	3	KR2k0052_WYG_018-48a
035.md	11	KR2k0052_WYG_018-48b
035.md	19	KR2k0052_WYG_018-49a
035.md	27	KR2k0052_WYG_018-49b
035.md	35	KR2k0052_WYG_018-50a
035.md	43	KR2k0052_WYG_018-50b
035.md	51	KR2k0052_WYG_018-51a
035.md	59	KR2k0052_WYG_018-51b
035.md	67	KR2k0052_WYG_018-52a
035.md	75	KR2k0052_WYG_018-52b
035.md	83	KR2k0052_WYG_018-53a
035.md	91	KR2k0052_WYG_018-53b
035.md	99	KR2k0052_WYG_018-54a
035.md	107	KR2k0052_WYG_018-54b
035.md	115	KR2k0052_WYG_018-55a
035.md	123	KR2k0052_WYG_018-55b
035.md	131	KR2k0052_WYG_018-56a
035.md	139	KR2k0052_WYG_018-56b
035.md	147	KR2k0052_WYG_018-57a
035.md	155	KR2k0052_WYG_018-57b
035.md	163	KR2k0052_WYG_018-58a
035.md	171	KR2k0052_WYG_018-58b
035.md	179	KR2k0052_WYG_018-59a
035.md	187	KR2k0052_WYG_018-59b
035.md	195	KR2k0052_WYG_018-60a
035.md	203	KR2k0052_WYG_018-60b
035.md	211	KR2k0052_WYG_018-61a
035.md	219	KR2k0052_WYG_018-61b
035.md	227	KR2k0052_WYG_018-62a
035.md	235	KR2k0052_WYG_018-62b
035.md	243	KR2k0052_WYG_018-63a
035.md	251	KR2k0052_WYG_018-63b
035.md	259	KR2k0052_WYG_018-64a
035.md	267	KR2k0052_WYG_018-64b
035.md	275	KR2k0052_WYG_018-65a
035.md	283	KR2k0052_WYG_018-65b
035.md	291	KR2k0052_WYG_018-66a
035.md	299	KR2k0052_WYG_018-66b
035.md	307	KR2k0052_WYG_018-67a
035.md	315	KR2k0052_WYG_018-67b
035.md	323	KR2k0052_WYG_018-68a
035.md	331	KR2k0052_WYG_018-68b
035.md	339	KR2k0052_WYG_018-69a
035.md	347	KR2k0052_WYG_018-69b
035.md	355	KR2k0052_WYG_018-70a
035.md	363	KR2k0052_WYG_018-70b
035.md	371	KR2k0052_WYG_018-71a
035.md	379	KR2k0052_WYG_018-71b
035.md	387	KR2k0052_WYG_018-72a
035.md	395	KR2k0052_WYG_018-72b
035.md	403	KR2k0052_WYG_018-73a
035.md	411	KR2k0052_WYG_018-73b
035.md	419	KR2k0052_WYG_018-74a
035.md	427	KR2k0052_WYG_018-74b
035.md	435	KR2k0052_WYG_018-75a
035.md	443	KR2k0052_WYG_018-75b
035.md	451	KR2k0052_WYG_018-76a
035.md	459	KR2k0052_WYG_018-76b
035.md	467	KR2k0052_WYG_018-77a
035.md	475	KR2k0052_WYG_018-77b
035.md	483	KR2k0052_WYG_018-78a
035.md	491	KR2k0052_WYG_018-78b
035.md	499	KR2k0052_WYG_018-79a
035.md	507	KR2k0052_WYG_018-79b
035.md	515	KR2k0052_WYG_018-80a
035.md	523	KR2k0052_WYG_018-80b
035.md	531	KR2k0052_WYG_018-81a
035.md	539	KR2k0052_WYG_018-81b
035.md	547	KR2k0052_WYG_018-82a
035.md	555	KR2k0052_WYG_018-82b
035.md	563	KR2k0052_WYG_018-83a
035.md	571	KR2k0052_WYG_018-83b
035.md	579	KR2k0052_WYG_018-84a
035.md	587	KR2k0052_WYG_018-84b
035.md	595	KR2k0052_WYG_018-85a
035.md	603	KR2k0052_WYG_018-85b
035.md	611	KR2k0052_WYG_018-86a
035.md	619	KR2k0052_WYG_018-86b
035.md	627	KR2k0052_WYG_018-87a
035.md	635	KR2k0052_WYG_018-87b
035.md	643	KR2k0052_WYG_018-88a
035.md	651	KR2k0052_WYG_018-88b
035.md	659	KR2k0052_WYG_018-89a
035.md	667	KR2k0052_WYG_018-89b
035.md	675	KR2k0052_WYG_018-90a
035.md	683	KR2k0052_WYG_018-90b
035.md	691	KR2k0052_WYG_018-91a
035.md	699	KR2k0052_WYG_018-91b
035.md	707	KR2k0052_WYG_018-92a
035.md	715	KR2k0052_WYG_018-92b
035.md	723	KR2k0052_WYG_018-93a
035.md	731	KR2k0052_WYG_018-93b
035.md	739	KR2k0052_WYG_018-94a
035.md	747	KR2k0052_WYG_018-94b
035.md	755	KR2k0052_WYG_018-95a
035.md	763	KR2k0052_WYG_018-95b
035.md	771	KR2k0052_WYG_018-96a
035.md	779	KR2k0052_WYG_018-96b
035.md	787	KR2k0052_WYG_018-97a
035.md	795	KR2k0052_WYG_018-97b
035.md	803	KR2k0052_WYG_018-98a
035.md	811	KR2k0052_WYG_018-98b
035.md	819	KR2k0052_WYG_018-99a
035.md	827	KR2k0052_WYG_018-99b
035.md	835	KR2k0052_WYG_018-100a
035.md	843	KR2k0052_WYG_018-100b
035.md	851	KR2k0052_WYG_018-101a
035.md	859	KR2k0052_WYG_018-101b
035.md	867	KR2k0052_WYG_018-102a
035.md	875	KR2k0052_WYG_018-102b
035.md	883	KR2k0052_WYG_018-103a
035.md	891	KR2k0052_WYG_018-103b
035.md	899	KR2k0052_WYG_018-104a
035.md	907	KR2k0052_WYG_018-104b
035.md	915	KR2k0052_WYG_018-105a
035.md	923	KR2k0052_WYG_018-105b
035.md	931	KR2k0052_WYG_018-106a
035.md	939	KR2k0052_WYG_018-106b
035.md	947	KR2k0052_WYG_018-107a
035.md	955	KR2k0052_WYG_018-107b
035.md	963	KR2k0052_WYG_018-108a
035.md	971	KR2k0052_WYG_018-108b
035.md	979	KR2k0052_WYG_018-109a
035.md	987	KR2k0052_WYG_018-109b
035.md	995	KR2k0052_WYG_018-110a
035.md	1003	KR2k0052_WYG_018-110b
035.md	1011	KR2k0052_WYG_018-111a
035.md	1019	KR2k0052_WYG_018-111b
035.md	1027	KR2k0052_WYG_018-112a
035.md	1035	KR2k0052_WYG_018-112b
035.md	1043	KR2k0052_WYG_018-113a
035.md	1051	KR2k0052_WYG_018-113b
036.md	3	KR2k0052_WYG_019-1a
036.md	11	KR2k0052_WYG_019-1b
036.md	19	KR2k0052_WYG_019-2a
036.md	27	KR2k0052_WYG_019-2b
036.md	35	KR2k0052_WYG_019-3a
036.md	43	KR2k0052_WYG_019-3b
036.md	51	KR2k0052_WYG_019-4a
036.md	59	KR2k0052_WYG_019-4b
036.md	67	KR2k0052_WYG_019-5a
036.md	75	KR2k0052_WYG_019-5b
036.md	83	KR2k0052_WYG_019-6a
036.md	91	KR2k0052_WYG_019-6b
036.md	99	KR2k0052_WYG_019-7a
036.md	107	KR2k0052_WYG_019-7b
036.md	115	KR2k0052_WYG_019-8a
036.md	123	KR2k0052_WYG_019-8b
036.md	131	KR2k0052_WYG_019-9a
036.md	139	KR2k0052_WYG_019-9b
036.md	147	KR2k0052_WYG_019-10a
036.md	155	KR2k0052_WYG_019-10b
036.md	163	KR2k0052_WYG_019-11a
036.md	171	KR2k0052_WYG_019-11b
036.md	179	KR2k0052_WYG_019-12a
036.md	187	KR2k0052_WYG_019-12b
036.md	195	KR2k0052_WYG_019-13a
036.md	203	KR2k0052_WYG_019-13b
036.md	211	KR2k0052_WYG_019-14a
036.md	219	KR2k0052_WYG_019-14b
036.md	227	KR2k0052_WYG_019-15a
036.md	235	KR2k0052_WYG_019-15b
036.md	243	KR2k0052_WYG_019-16a
036.md	251	KR2k0052_WYG_019-16b
036.md	259	KR2k0052_WYG_019-17a
036.md	267	KR2k0052_WYG_019-17b
036.md	275	KR2k0052_WYG_019-18a
036.md	283	KR2k0052_WYG_019-18b
036.md	291	KR2k0052_WYG_019-19a
036.md	299	KR2k0052_WYG_019-19b
036.md	307	KR2k0052_WYG_019-20a
036.md	315	KR2k0052_WYG_019-20b
036.md	323	KR2k0052_WYG_019-21a
036.md	331	KR2k0052_WYG_019-21b
036.md	339	KR2k0052_WYG_019-22a
036.md	347	KR2k0052_WYG_019-22b
036.md	355	KR2k0052_WYG_019-23a
036.md	363	KR2k0052_WYG_019-23b
036.md	371	KR2k0052_WYG_019-24a
036.md	379	KR2k0052_WYG_019-24b
036.md	387	KR2k0052_WYG_019-25a
036.md	395	KR2k0052_WYG_019-25b
036.md	403	KR2k0052_WYG_019-26a
036.md	411	KR2k0052_WYG_019-26b
036.md	419	KR2k0052_WYG_019-27a
036.md	427	KR2k0052_WYG_019-27b
036.md	435	KR2k0052_WYG_019-28a
036.md	443	KR2k0052_WYG_019-28b
036.md	451	KR2k0052_WYG_019-29a
036.md	459	KR2k0052_WYG_019-29b
036.md	467	KR2k0052_WYG_019-30a
036.md	475	KR2k0052_WYG_019-30b
036.md	483	KR2k0052_WYG_019-31a
036.md	491	KR2k0052_WYG_019-31b
036.md	499	KR2k0052_WYG_019-32a
036.md	507	KR2k0052_WYG_019-32b
036.md	515	KR2k0052_WYG_019-33a
036.md	523	KR2k0052_WYG_019-33b
036.md	531	KR2k0052_WYG_019-34a
036.md	539	KR2k0052_WYG_019-34b
036.md	547	KR2k0052_WYG_019-35a
036.md	555	KR2k0052_WYG_019-35b
036.md	563	KR2k0052_WYG_019-36a
036.md	571	KR2k0052_WYG_019-36b
036.md	579	KR2k0052_WYG_019-37a
036.md	587	KR2k0052_WYG_019-37b
036.md	595	KR2k0052_WYG_019-38a
036.md	603	KR2k0052_WYG_019-38b
036.md	611	KR2k0052_WYG_019-39a
036.md	619	KR2k0052_WYG_019-39b
036.md	627	KR2k0052_WYG_019-40a
036.md	635	KR2k0052_WYG_019-40b
036.md	643	KR2k0052_WYG_019-41a
036.md	651	KR2k0052_WYG_019-41b
036.md	659	KR2k0052_WYG_019-42a
036.md	667	KR2k0052_WYG_019-42b
036.md	675	KR2k0052_WYG_019-43a
036.md	683	KR2k0052_WYG_019-43b
036.md	691	KR2k0052_WYG_019-44a
036.md	699	KR2k0052_WYG_019-44b
036.md	707	KR2k0052_WYG_019-45a
036.md	715	KR2k0052_WYG_019-45b
036.md	723	KR2k0052_WYG_019-46a
036.md	731	KR2k0052_WYG_019-46b
036.md	739	KR2k0052_WYG_019-47a
036.md	747	KR2k0052_WYG_019-47b
036.md	755	KR2k0052_WYG_019-48a
036.md	763	KR2k0052_WYG_019-48b
036.md	771	KR2k0052_WYG_019-49a
036.md	779	KR2k0052_WYG_019-49b
036.md	787	KR2k0052_WYG_019-50a
036.md	795	KR2k0052_WYG_019-50b
036.md	803	KR2k0052_WYG_019-51a
036.md	811	KR2k0052_WYG_019-51b
036.md	819	KR2k0052_WYG_019-52a
036.md	827	KR2k0052_WYG_019-52b
036.md	835	KR2k0052_WYG_019-53a
036.md	843	KR2k0052_WYG_019-53b
036.md	851	KR2k0052_WYG_019-54a
036.md	859	KR2k0052_WYG_019-54b
036.md	867	KR2k0052_WYG_019-55a
036.md	875	KR2k0052_WYG_019-55b
036.md	883	KR2k0052_WYG_019-56a
036.md	891	KR2k0052_WYG_019-56b
036.md	899	KR2k0052_WYG_019-57a
036.md	907	KR2k0052_WYG_019-57b
036.md	915	KR2k0052_WYG_019-58a
036.md	923	KR2k0052_WYG_019-58b
036.md	931	KR2k0052_WYG_019-59a
036.md	939	KR2k0052_WYG_019-59b
036.md	947	KR2k0052_WYG_019-60a
036.md	955	KR2k0052_WYG_019-60b
036.md	963	KR2k0052_WYG_019-61a
036.md	971	KR2k0052_WYG_019-61b
036.md	979	KR2k0052_WYG_019-62a
036.md	987	KR2k0052_WYG_019-62b
036.md	995	KR2k0052_WYG_019-63a
036.md	1003	KR2k0052_WYG_019-63b
036.md	1011	KR2k0052_WYG_019-64a
036.md	1019	KR2k0052_WYG_019-64b
036.md	1027	KR2k0052_WYG_019-65a
036.md	1035	KR2k0052_WYG_019-65b
036.md	1043	KR2k0052_WYG_019-66a
036.md	1051	KR2k0052_WYG_019-66b
036.md	1059	KR2k0052_WYG_019-67a
036.md	1067	KR2k0052_WYG_019-67b
036.md	1075	KR2k0052_WYG_019-68a
036.md	1083	KR2k0052_WYG_019-68b
036.md	1091	KR2k0052_WYG_019-69a
036.md	1099	KR2k0052_WYG_019-69b
036.md	1107	KR2k0052_WYG_019-70a
036.md	1115	KR2k0052_WYG_019-70b
036.md	1123	KR2k0052_WYG_019-71a
036.md	1131	KR2k0052_WYG_019-71b
036.md	1139	KR2k0052_WYG_019-72a
036.md	1147	KR2k0052_WYG_019-72b
036.md	1155	KR2k0052_WYG_019-73a
036.md	1163	KR2k0052_WYG_019-73b
036.md	1171	KR2k0052_WYG_019-74a
036.md	1179	KR2k0052_WYG_019-74b
036.md	1187	KR2k0052_WYG_019-75a
036.md	1195	KR2k0052_WYG_019-75b
036.md	1203	KR2k0052_WYG_019-76a
036.md	1211	KR2k0052_WYG_019-76b
036.md	1219	KR2k0052_WYG_019-77a
036.md	1227	KR2k0052_WYG_019-77b
036.md	1235	KR2k0052_WYG_019-78a
036.md	1243	KR2k0052_WYG_019-78b
036.md	1251	KR2k0052_WYG_019-79a
036.md	1259	KR2k0052_WYG_019-79b
036.md	1267	KR2k0052_WYG_019-80a
036.md	1275	KR2k0052_WYG_019-80b
036.md	1283	KR2k0052_WYG_019-81a
036.md	1291	KR2k0052_WYG_019-81b
036.md	1299	KR2k0052_WYG_019-82a
036.md	1307	KR2k0052_WYG_019-82b
036.md	1315	KR2k0052_WYG_019-83a
036.md	1323	KR2k0052_WYG_019-83b
036.md	1331	KR2k0052_WYG_019-84a
036.md	1339	KR2k0052_WYG_019-84b
036.md	1347	KR2k0052_WYG_019-85a
036.md	1355	KR2k0052_WYG_019-85b
036.md	1363	KR2k0052_WYG_019-86a
036.md	1371	KR2k0052_WYG_019-86b
036.md	1379	KR2k0052_WYG_019-87a
036.md	1387	KR2k0052_WYG_019-87b
036.md	1395	KR2k0052_WYG_019-88a
036.md	1403	KR2k0052_WYG_019-88b
036.md	1411	KR2k0052_WYG_019-89a
036.md	1419	KR2k0052_WYG_019-89b
036.md	1427	KR2k0052_WYG_019-90a
036.md	1435	KR2k0052_WYG_019-90b
036.md	1443	KR2k0052_WYG_019-91a
036.md	1451	KR2k0052_WYG_019-91b
036.md	1459	KR2k0052_WYG_019-92a
036.md	1467	KR2k0052_WYG_019-92b
036.md	1475	KR2k0052_WYG_019-93a
036.md	1483	KR2k0052_WYG_019-93b
036.md	1491	KR2k0052_WYG_019-94a
036.md	1499	KR2k0052_WYG_019-94b
036.md	1507	KR2k0052_WYG_019-95a
036.md	1515	KR2k0052_WYG_019-95b
036.md	1523	KR2k0052_WYG_019-96a
036.md	1531	KR2k0052_WYG_019-96b
036.md	1539	KR2k0052_WYG_019-97a
036.md	1547	KR2k0052_WYG_019-97b
036.md	1555	KR2k0052_WYG_019-98a
036.md	1563	KR2k0052_WYG_019-98b
036.md	1571	KR2k0052_WYG_019-99a
036.md	1579	KR2k0052_WYG_019-99b
036.md	1587	KR2k0052_WYG_019-100a
036.md	1595	KR2k0052_WYG_019-100b
036.md	1603	KR2k0052_WYG_019-101a
036.md	1611	KR2k0052_WYG_019-101b
036.md	1619	KR2k0052_WYG_019-102a
036.md	1627	KR2k0052_WYG_019-102b
036.md	1635	KR2k0052_WYG_019-103a
036.md	1643	KR2k0052_WYG_019-103b
037.md	3	KR2k0052_WYG_020-1a
037.md	11	KR2k0052_WYG_020-1b
037.md	19	KR2k0052_WYG_020-2a
037.md	27	KR2k0052_WYG_020-2b
037.md	35	KR2k0052_WYG_020-3a
037.md	43	KR2k0052_WYG_020-3b
037.md	51	KR2k0052_WYG_020-4a
037.md	59	KR2k0052_WYG_020-4b
037.md	67	KR2k0052_WYG_020-5a
037.md	75	KR2k0052_WYG_020-5b
037.md	83	KR2k0052_WYG_020-6a
037.md	91	KR2k0052_WYG_020-6b
037.md	99	KR2k0052_WYG_020-7a
037.md	107	KR2k0052_WYG_020-7b
037.md	115	KR2k0052_WYG_020-8a
037.md	123	KR2k0052_WYG_020-8b
037.md	131	KR2k0052_WYG_020-9a
037.md	139	KR2k0052_WYG_020-9b
037.md	147	KR2k0052_WYG_020-10a
037.md	155	KR2k0052_WYG_020-10b
037.md	163	KR2k0052_WYG_020-11a
037.md	171	KR2k0052_WYG_020-11b
037.md	179	KR2k0052_WYG_020-12a
037.md	187	KR2k0052_WYG_020-12b
037.md	195	KR2k0052_WYG_020-13a
037.md	203	KR2k0052_WYG_020-13b
037.md	211	KR2k0052_WYG_020-14a
037.md	219	KR2k0052_WYG_020-14b
037.md	227	KR2k0052_WYG_020-15a
037.md	235	KR2k0052_WYG_020-15b
037.md	243	KR2k0052_WYG_020-16a
037.md	251	KR2k0052_WYG_020-16b
037.md	259	KR2k0052_WYG_020-17a
037.md	267	KR2k0052_WYG_020-17b
037.md	275	KR2k0052_WYG_020-18a
037.md	283	KR2k0052_WYG_020-18b
037.md	291	KR2k0052_WYG_020-19a
037.md	299	KR2k0052_WYG_020-19b
037.md	307	KR2k0052_WYG_020-20a
037.md	315	KR2k0052_WYG_020-20b
037.md	323	KR2k0052_WYG_020-21a
037.md	331	KR2k0052_WYG_020-21b
037.md	339	KR2k0052_WYG_020-22a
037.md	347	KR2k0052_WYG_020-22b
037.md	355	KR2k0052_WYG_020-23a
037.md	363	KR2k0052_WYG_020-23b
037.md	371	KR2k0052_WYG_020-24a
037.md	379	KR2k0052_WYG_020-24b
037.md	387	KR2k0052_WYG_020-25a
037.md	395	KR2k0052_WYG_020-25b
037.md	403	KR2k0052_WYG_020-26a
037.md	411	KR2k0052_WYG_020-26b
037.md	419	KR2k0052_WYG_020-27a
037.md	427	KR2k0052_WYG_020-27b
037.md	435	KR2k0052_WYG_020-28a
037.md	443	KR2k0052_WYG_020-28b
037.md	451	KR2k0052_WYG_020-29a
037.md	459	KR2k0052_WYG_020-29b
037.md	467	KR2k0052_WYG_020-30a
037.md	475	KR2k0052_WYG_020-30b
037.md	483	KR2k0052_WYG_020-31a
037.md	491	KR2k0052_WYG_020-31b
037.md	499	KR2k0052_WYG_020-32a
037.md	507	KR2k0052_WYG_020-32b
037.md	515	KR2k0052_WYG_020-33a
037.md	523	KR2k0052_WYG_020-33b
037.md	531	KR2k0052_WYG_020-34a
037.md	539	KR2k0052_WYG_020-34b
037.md	547	KR2k0052_WYG_020-35a
037.md	555	KR2k0052_WYG_020-35b
037.md	563	KR2k0052_WYG_020-36a
037.md	571	KR2k0052_WYG_020-36b
037.md	579	KR2k0052_WYG_020-37a
037.md	587	KR2k0052_WYG_020-37b
037.md	595	KR2k0052_WYG_020-38a
037.md	603	KR2k0052_WYG_020-38b
037.md	611	KR2k0052_WYG_020-39a
037.md	619	KR2k0052_WYG_020-39b
037.md	627	KR2k0052_WYG_020-40a
037.md	635	KR2k0052_WYG_020-40b
037.md	643	KR2k0052_WYG_020-41a
037.md	651	KR2k0052_WYG_020-41b
037.md	659	KR2k0052_WYG_020-42a
037.md	667	KR2k0052_WYG_020-42b
037.md	675	KR2k0052_WYG_020-43a
037.md	683	KR2k0052_WYG_020-43b
037.md	691	KR2k0052_WYG_020-44a
037.md	699	KR2k0052_WYG_020-44b
037.md	707	KR2k0052_WYG_020-45a
037.md	715	KR2k0052_WYG_020-45b
037.md	723	KR2k0052_WYG_020-46a
037.md	731	KR2k0052_WYG_020-46b
037.md	739	KR2k0052_WYG_020-47a
037.md	747	KR2k0052_WYG_020-47b
037.md	755	KR2k0052_WYG_020-48a
037.md	763	KR2k0052_WYG_020-48b
037.md	771	KR2k0052_WYG_020-49a
037.md	779	KR2k0052_WYG_020-49b
037.md	787	KR2k0052_WYG_020-50a
037.md	795	KR2k0052_WYG_020-50b
037.md	803	KR2k0052_WYG_020-51a
037.md	811	KR2k0052_WYG_020-51b
038.md	3	KR2k0052_WYG_021-1a
038.md	11	KR2k0052_WYG_021-1b
038.md	19	KR2k0052_WYG_021-2a
038.md	27	KR2k0052_WYG_021-2b
038.md	35	KR2k0052_WYG_021-3a
038.md	43	KR2k0052_WYG_021-3b
038.md	51	KR2k0052_WYG_021-4a
038.md	59	KR2k0052_WYG_021-4b
038.md	67	KR2k0052_WYG_021-5a
038.md	75	KR2k0052_WYG_021-5b
038.md	83	KR2k0052_WYG_021-6a
038.md	91	KR2k0052_WYG_021-6b
038.md	99	KR2k0052_WYG_021-7a
038.md	107	KR2k0052_WYG_021-7b
038.md	115	KR2k0052_WYG_021-8a
038.md	123	KR2k0052_WYG_021-8b
038.md	131	KR2k0052_WYG_021-9a
038.md	139	KR2k0052_WYG_021-9b
038.md	147	KR2k0052_WYG_021-10a
038.md	155	KR2k0052_WYG_021-10b
038.md	163	KR2k0052_WYG_021-11a
038.md	171	KR2k0052_WYG_021-11b
038.md	179	KR2k0052_WYG_021-12a
038.md	187	KR2k0052_WYG_021-12b
038.md	195	KR2k0052_WYG_021-13a
038.md	203	KR2k0052_WYG_021-13b
038.md	211	KR2k0052_WYG_021-14a
038.md	219	KR2k0052_WYG_021-14b
038.md	227	KR2k0052_WYG_021-15a
038.md	235	KR2k0052_WYG_021-15b
038.md	243	KR2k0052_WYG_021-16a
038.md	251	KR2k0052_WYG_021-16b
038.md	259	KR2k0052_WYG_021-17a
038.md	267	KR2k0052_WYG_021-17b
038.md	275	KR2k0052_WYG_021-18a
038.md	283	KR2k0052_WYG_021-18b
038.md	291	KR2k0052_WYG_021-19a
038.md	299	KR2k0052_WYG_021-19b
038.md	307	KR2k0052_WYG_021-20a
038.md	315	KR2k0052_WYG_021-20b
038.md	323	KR2k0052_WYG_021-21a
038.md	331	KR2k0052_WYG_021-21b
038.md	339	KR2k0052_WYG_021-22a
038.md	347	KR2k0052_WYG_021-22b
038.md	355	KR2k0052_WYG_021-23a
038.md	363	KR2k0052_WYG_021-23b
038.md	371	KR2k0052_WYG_021-24a
038.md	379	KR2k0052_WYG_021-24b
038.md	387	KR2k0052_WYG_021-25a
038.md	395	KR2k0052_WYG_021-25b
038.md	403	KR2k0052_WYG_021-26a
038.md	411	KR2k0052_WYG_021-26b
038.md	419	KR2k0052_WYG_021-27a
038.md	427	KR2k0052_WYG_021-27b
038.md	435	KR2k0052_WYG_021-28a
038.md	443	KR2k0052_WYG_021-28b
038.md	451	KR2k0052_WYG_021-29a
038.md	459	KR2k0052_WYG_021-29b
038.md	467	KR2k0052_WYG_021-30a
038.md	475	KR2k0052_WYG_021-30b
038.md	483	KR2k0052_WYG_021-31a
038.md	491	KR2k0052_WYG_021-31b
038.md	499	KR2k0052_WYG_021-32a
038.md	507	KR2k0052_WYG_021-32b
038.md	515	KR2k0052_WYG_021-33a
038.md	523	KR2k0052_WYG_021-33b
038.md	531	KR2k0052_WYG_021-34a
038.md	539	KR2k0052_WYG_021-34b
038.md	547	KR2k0052_WYG_021-35a
038.md	555	KR2k0052_WYG_021-35b
038.md	563	KR2k0052_WYG_021-36a
038.md	571	KR2k0052_WYG_021-36b
038.md	579	KR2k0052_WYG_021-37a
038.md	587	KR2k0052_WYG_021-37b
038.md	595	KR2k0052_WYG_021-38a
038.md	603	KR2k0052_WYG_021-38b
038.md	611	KR2k0052_WYG_021-39a
038.md	619	KR2k0052_WYG_021-39b
038.md	627	KR2k0052_WYG_021-40a
038.md	635	KR2k0052_WYG_021-40b
038.md	643	KR2k0052_WYG_021-41a
038.md	651	KR2k0052_WYG_021-41b
038.md	659	KR2k0052_WYG_021-42a
038.md	667	KR2k0052_WYG_021-42b
038.md	675	KR2k0052_WYG_021-43a
038.md	683	KR2k0052_WYG_021-43b
038.md	691	KR2k0052_WYG_021-44a
038.md	699	KR2k0052_WYG_021-44b
038.md	707	KR2k0052_WYG_021-45a
038.md	715	KR2k0052_WYG_021-45b
038.md	723	KR2k0052_WYG_021-46a
038.md	731	KR2k0052_WYG_021-46b
038.md	739	KR2k0052_WYG_021-47a
038.md	747	KR2k0052_WYG_021-47b
038.md	755	KR2k0052_WYG_021-48a
038.md	763	KR2k0052_WYG_021-48b
038.md	771	KR2k0052_WYG_021-49a
038.md	779	KR2k0052_WYG_021-49b
038.md	787	KR2k0052_WYG_021-50a
038.md	795	KR2k0052_WYG_021-50b
038.md	803	KR2k0052_WYG_021-51a
038.md	811	KR2k0052_WYG_021-51b
038.md	819	KR2k0052_WYG_021-52a
038.md	827	KR2k0052_WYG_021-52b
038.md	835	KR2k0052_WYG_021-53a
038.md	843	KR2k0052_WYG_021-53b
038.md	851	KR2k0052_WYG_021-54a
038.md	859	KR2k0052_WYG_021-54b
038.md	867	KR2k0052_WYG_021-55a
038.md	875	KR2k0052_WYG_021-55b
038.md	883	KR2k0052_WYG_021-56a
038.md	891	KR2k0052_WYG_021-56b
038.md	899	KR2k0052_WYG_021-57a
038.md	907	KR2k0052_WYG_021-57b
038.md	915	KR2k0052_WYG_021-58a
038.md	923	KR2k0052_WYG_021-58b
038.md	931	KR2k0052_WYG_021-59a
038.md	939	KR2k0052_WYG_021-59b
038.md	947	KR2k0052_WYG_021-60a
038.md	955	KR2k0052_WYG_021-60b
038.md	963	KR2k0052_WYG_021-61a
038.md	971	KR2k0052_WYG_021-61b
038.md	979	KR2k0052_WYG_021-62a
038.md	987	KR2k0052_WYG_021-62b
038.md	995	KR2k0052_WYG_021-63a
038.md	1003	KR2k0052_WYG_021-63b
038.md	1011	KR2k0052_WYG_021-64a
038.md	1019	KR2k0052_WYG_021-64b
038.md	1027	KR2k0052_WYG_021-65a
038.md	1035	KR2k0052_WYG_021-65b
038.md	1043	KR2k0052_WYG_021-66a
038.md	1051	KR2k0052_WYG_021-66b
038.md	1059	KR2k0052_WYG_021-67a
038.md	1067	KR2k0052_WYG_021-67b
038.md	1075	KR2k0052_WYG_021-68a
038.md	1083	KR2k0052_WYG_021-68b
038.md	1091	KR2k0052_WYG_021-69a
038.md	1099	KR2k0052_WYG_021-69b
038.md	1107	KR2k0052_WYG_021-70a
038.md	1115	KR2k0052_WYG_021-70b
038.md	1123	KR2k0052_WYG_021-71a
038.md	1131	KR2k0052_WYG_021-71b
038.md	1139	KR2k0052_WYG_021-72a
038.md	1147	KR2k0052_WYG_021-72b
038.md	1155	KR2k0052_WYG_021-73a
038.md	1163	KR2k0052_WYG_021-73b
038.md	1171	KR2k0052_WYG_021-74a
038.md	1179	KR2k0052_WYG_021-74b
038.md	1187	KR2k0052_WYG_021-75a
038.md	1195	KR2k0052_WYG_021-75b
038.md	1203	KR2k0052_WYG_021-76a
038.md	1211	KR2k0052_WYG_021-76b
038.md	1219	KR2k0052_WYG_021-77a
038.md	1227	KR2k0052_WYG_021-77b
038.md	1235	KR2k0052_WYG_021-78a
038.md	1243	KR2k0052_WYG_021-78b
038.md	1251	KR2k0052_WYG_021-79a
038.md	1259	KR2k0052_WYG_021-79b
038.md	1267	KR2k0052_WYG_021-80a
038.md	1275	KR2k0052_WYG_021-80b
038.md	1283	KR2k0052_WYG_021-81a
038.md	1291	KR2k0052_WYG_021-81b
038.md	1299	KR2k0052_WYG_021-82a
038.md	1307	KR2k0052_WYG_021-82b
038.md	1315	KR2k0052_WYG_021-83a
038.md	1323	KR2k0052_WYG_021-83b
038.md	1331	KR2k0052_WYG_021-84a
038.md	1339	KR2k0052_WYG_021-84b
039.md	3	KR2k0052_WYG_022-1a
039.md	11	KR2k0052_WYG_022-1b
039.md	19	KR2k0052_WYG_022-2a
039.md	27	KR2k0052_WYG_022-2b
039.md	35	KR2k0052_WYG_022-3a
039.md	43	KR2k0052_WYG_022-3b
039.md	51	KR2k0052_WYG_022-4a
039.md	59	KR2k0052_WYG_022-4b
039.md	67	KR2k0052_WYG_022-5a
039.md	75	KR2k0052_WYG_022-5b
039.md	83	KR2k0052_WYG_022-6a
039.md	91	KR2k0052_WYG_022-6b
039.md	99	KR2k0052_WYG_022-7a
039.md	107	KR2k0052_WYG_022-7b
039.md	115	KR2k0052_WYG_022-8a
039.md	123	KR2k0052_WYG_022-8b
039.md	131	KR2k0052_WYG_022-9a
039.md	139	KR2k0052_WYG_022-9b
039.md	147	KR2k0052_WYG_022-10a
039.md	155	KR2k0052_WYG_022-10b
039.md	163	KR2k0052_WYG_022-11a
039.md	171	KR2k0052_WYG_022-11b
039.md	179	KR2k0052_WYG_022-12a
039.md	187	KR2k0052_WYG_022-12b
039.md	195	KR2k0052_WYG_022-13a
039.md	203	KR2k0052_WYG_022-13b
039.md	211	KR2k0052_WYG_022-14a
039.md	219	KR2k0052_WYG_022-14b
039.md	227	KR2k0052_WYG_022-15a
039.md	235	KR2k0052_WYG_022-15b
039.md	243	KR2k0052_WYG_022-16a
039.md	251	KR2k0052_WYG_022-16b
039.md	259	KR2k0052_WYG_022-17a
039.md	267	KR2k0052_WYG_022-17b
039.md	275	KR2k0052_WYG_022-18a
039.md	283	KR2k0052_WYG_022-18b
039.md	291	KR2k0052_WYG_022-19a
039.md	299	KR2k0052_WYG_022-19b
039.md	307	KR2k0052_WYG_022-20a
039.md	315	KR2k0052_WYG_022-20b
039.md	323	KR2k0052_WYG_022-21a
039.md	331	KR2k0052_WYG_022-21b
039.md	339	KR2k0052_WYG_022-22a
039.md	347	KR2k0052_WYG_022-22b
039.md	355	KR2k0052_WYG_022-23a
039.md	363	KR2k0052_WYG_022-23b
039.md	371	KR2k0052_WYG_022-24a
039.md	379	KR2k0052_WYG_022-24b
039.md	387	KR2k0052_WYG_022-25a
039.md	395	KR2k0052_WYG_022-25b
039.md	403	KR2k0052_WYG_022-26a
039.md	411	KR2k0052_WYG_022-26b
039.md	419	KR2k0052_WYG_022-27a
039.md	427	KR2k0052_WYG_022-27b
039.md	435	KR2k0052_WYG_022-28a
039.md	443	KR2k0052_WYG_022-28b
039.md	451	KR2k0052_WYG_022-29a
039.md	459	KR2k0052_WYG_022-29b
039.md	467	KR2k0052_WYG_022-30a
039.md	475	KR2k0052_WYG_022-30b
039.md	483	KR2k0052_WYG_022-31a
039.md	491	KR2k0052_WYG_022-31b
039.md	499	KR2k0052_WYG_022-32a
039.md	507	KR2k0052_WYG_022-32b
039.md	515	KR2k0052_WYG_022-33a
039.md	523	KR2k0052_WYG_022-33b
039.md	531	KR2k0052_WYG_022-34a
039.md	539	KR2k0052_WYG_022-34b
039.md	547	KR2k0052_WYG_022-35a
039.md	555	KR2k0052_WYG_022-35b
039.md	563	KR2k0052_WYG_022-36a
039.md	571	KR2k0052_WYG_022-36b
039.md	579	KR2k0052_WYG_022-37a
039.md	587	KR2k0052_WYG_022-37b
039.md	595	KR2k0052_WYG_022-38a
039.md	603	KR2k0052_WYG_022-38b
039.md	611	KR2k0052_WYG_022-39a
039.md	619	KR2k0052_WYG_022-39b
039.md	627	KR2k0052_WYG_022-40a
039.md	635	KR2k0052_WYG_022-40b
039.md	643	KR2k0052_WYG_022-41a
039.md	651	KR2k0052_WYG_022-41b
039.md	659	KR2k0052_WYG_022-42a
039.md	667	KR2k0052_WYG_022-42b
039.md	675	KR2k0052_WYG_022-43a
039.md	683	KR2k0052_WYG_022-43b
039.md	691	KR2k0052_WYG_022-44a
039.md	699	KR2k0052_WYG_022-44b
039.md	707	KR2k0052_WYG_022-45a
039.md	715	KR2k0052_WYG_022-45b
039.md	723	KR2k0052_WYG_022-46a
039.md	731	KR2k0052_WYG_022-46b
039.md	739	KR2k0052_WYG_022-47a
039.md	747	KR2k0052_WYG_022-47b
039.md	755	KR2k0052_WYG_022-48a
039.md	763	KR2k0052_WYG_022-48b
039.md	771	KR2k0052_WYG_022-49a
039.md	779	KR2k0052_WYG_022-49b
039.md	787	KR2k0052_WYG_022-50a
039.md	795	KR2k0052_WYG_022-50b
039.md	803	KR2k0052_WYG_022-51a
039.md	811	KR2k0052_WYG_022-51b
039.md	819	KR2k0052_WYG_022-52a
039.md	827	KR2k0052_WYG_022-52b
039.md	835	KR2k0052_WYG_022-53a
039.md	843	KR2k0052_WYG_022-53b
039.md	851	KR2k0052_WYG_022-54a
039.md	859	KR2k0052_WYG_022-54b
039.md	867	KR2k0052_WYG_022-55a
039.md	875	KR2k0052_WYG_022-55b
039.md	883	KR2k0052_WYG_022-56a
039.md	891	KR2k0052_WYG_022-56b
039.md	899	KR2k0052_WYG_022-57a
039.md	907	KR2k0052_WYG_022-57b
039.md	915	KR2k0052_WYG_022-58a
039.md	923	KR2k0052_WYG_022-58b
039.md	931	KR2k0052_WYG_022-59a
039.md	939	KR2k0052_WYG_022-59b
039.md	947	KR2k0052_WYG_022-60a
039.md	955	KR2k0052_WYG_022-60b
039.md	963	KR2k0052_WYG_022-61a
039.md	971	KR2k0052_WYG_022-61b
039.md	979	KR2k0052_WYG_022-62a
039.md	987	KR2k0052_WYG_022-62b
039.md	995	KR2k0052_WYG_022-63a
039.md	1003	KR2k0052_WYG_022-63b
040.md	3	KR2k0052_WYG_022-64a
040.md	11	KR2k0052_WYG_022-64b
040.md	19	KR2k0052_WYG_022-65a
040.md	27	KR2k0052_WYG_022-65b
040.md	35	KR2k0052_WYG_022-66a
040.md	43	KR2k0052_WYG_022-66b
040.md	51	KR2k0052_WYG_022-67a
040.md	59	KR2k0052_WYG_022-67b
040.md	67	KR2k0052_WYG_022-68a
040.md	75	KR2k0052_WYG_022-68b
040.md	83	KR2k0052_WYG_022-69a
040.md	91	KR2k0052_WYG_022-69b
040.md	99	KR2k0052_WYG_022-70a
040.md	107	KR2k0052_WYG_022-70b
040.md	115	KR2k0052_WYG_022-71a
040.md	123	KR2k0052_WYG_022-71b
040.md	131	KR2k0052_WYG_022-72a
040.md	139	KR2k0052_WYG_022-72b
040.md	147	KR2k0052_WYG_022-73a
040.md	155	KR2k0052_WYG_022-73b
040.md	163	KR2k0052_WYG_022-74a
040.md	171	KR2k0052_WYG_022-74b
040.md	179	KR2k0052_WYG_022-75a
040.md	187	KR2k0052_WYG_022-75b
040.md	195	KR2k0052_WYG_022-76a
040.md	203	KR2k0052_WYG_022-76b
040.md	211	KR2k0052_WYG_022-77a
040.md	219	KR2k0052_WYG_022-77b
040.md	227	KR2k0052_WYG_022-78a
040.md	235	KR2k0052_WYG_022-78b
040.md	243	KR2k0052_WYG_022-79a
040.md	251	KR2k0052_WYG_022-79b
040.md	259	KR2k0052_WYG_022-80a
040.md	267	KR2k0052_WYG_022-80b
040.md	275	KR2k0052_WYG_022-81a
040.md	283	KR2k0052_WYG_022-81b
040.md	291	KR2k0052_WYG_022-82a
040.md	299	KR2k0052_WYG_022-82b
040.md	307	KR2k0052_WYG_022-83a
040.md	315	KR2k0052_WYG_022-83b
040.md	323	KR2k0052_WYG_022-84a
040.md	331	KR2k0052_WYG_022-84b
040.md	339	KR2k0052_WYG_022-85a
040.md	347	KR2k0052_WYG_022-85b
040.md	355	KR2k0052_WYG_022-86a
040.md	363	KR2k0052_WYG_022-86b
040.md	371	KR2k0052_WYG_022-87a
040.md	379	KR2k0052_WYG_022-87b
040.md	387	KR2k0052_WYG_022-88a
040.md	395	KR2k0052_WYG_022-88b
040.md	403	KR2k0052_WYG_022-89a
040.md	411	KR2k0052_WYG_022-89b
040.md	419	KR2k0052_WYG_022-90a
040.md	427	KR2k0052_WYG_022-90b
040.md	435	KR2k0052_WYG_022-91a
040.md	443	KR2k0052_WYG_022-91b
040.md	451	KR2k0052_WYG_022-92a
040.md	459	KR2k0052_WYG_022-92b
040.md	467	KR2k0052_WYG_022-93a
040.md	475	KR2k0052_WYG_022-93b
040.md	483	KR2k0052_WYG_022-94a
040.md	491	KR2k0052_WYG_022-94b
040.md	499	KR2k0052_WYG_022-95a
040.md	507	KR2k0052_WYG_022-95b
040.md	515	KR2k0052_WYG_022-96a
040.md	523	KR2k0052_WYG_022-96b
040.md	531	KR2k0052_WYG_022-97a
040.md	539	KR2k0052_WYG_022-97b
040.md	547	KR2k0052_WYG_022-98a
040.md	555	KR2k0052_WYG_022-98b
040.md	563	KR2k0052_WYG_022-99a
040.md	571	KR2k0052_WYG_022-99b
040.md	579	KR2k0052_WYG_022-100a
040.md	587	KR2k0052_WYG_022-100b
040.md	595	KR2k0052_WYG_022-101a
040.md	603	KR2k0052_WYG_022-101b
040.md	611	KR2k0052_WYG_022-102a
040.md	619	KR2k0052_WYG_022-102b
040.md	627	KR2k0052_WYG_022-103a
040.md	635	KR2k0052_WYG_022-103b
040.md	643	KR2k0052_WYG_022-104a
040.md	651	KR2k0052_WYG_022-104b
040.md	659	KR2k0052_WYG_022-105a
040.md	667	KR2k0052_WYG_022-105b
040.md	675	KR2k0052_WYG_022-106a
040.md	683	KR2k0052_WYG_022-106b
040.md	691	KR2k0052_WYG_022-107a
040.md	699	KR2k0052_WYG_022-107b
040.md	707	KR2k0052_WYG_022-108a
040.md	715	KR2k0052_WYG_022-108b
040.md	723	KR2k0052_WYG_022-109a
040.md	731	KR2k0052_WYG_022-109b
040.md	739	KR2k0052_WYG_022-110a
040.md	747	KR2k0052_WYG_022-110b
040.md	755	KR2k0052_WYG_022-111a
040.md	763	KR2k0052_WYG_022-111b
040.md	771	KR2k0052_WYG_022-112a
040.md	779	KR2k0052_WYG_022-112b
040.md	787	KR2k0052_WYG_022-113a
040.md	795	KR2k0052_WYG_022-113b
040.md	803	KR2k0052_WYG_022-114a
040.md	811	KR2k0052_WYG_022-114b
040.md	819	KR2k0052_WYG_022-115a
040.md	827	KR2k0052_WYG_022-115b
040.md	835	KR2k0052_WYG_022-116a
040.md	843	KR2k0052_WYG_022-116b
040.md	851	KR2k0052_WYG_022-117a
040.md	859	KR2k0052_WYG_022-117b
040.md	867	KR2k0052_WYG_022-118a
040.md	875	KR2k0052_WYG_022-118b
040.md	883	KR2k0052_WYG_022-119a
040.md	891	KR2k0052_WYG_022-119b
040.md	899	KR2k0052_WYG_022-120a
040.md	907	KR2k0052_WYG_022-120b
040.md	915	KR2k0052_WYG_022-121a
040.md	923	KR2k0052_WYG_022-121b
040.md	931	KR2k0052_WYG_022-122a
040.md	939	KR2k0052_WYG_022-122b
040.md	947	KR2k0052_WYG_022-123a
040.md	955	KR2k0052_WYG_022-123b
040.md	963	KR2k0052_WYG_022-124a
040.md	971	KR2k0052_WYG_022-124b
040.md	979	KR2k0052_WYG_022-125a
040.md	987	KR2k0052_WYG_022-125b
040.md	995	KR2k0052_WYG_022-126a
040.md	1003	KR2k0052_WYG_022-126b
041.md	3	KR2k0052_WYG_022-127a
041.md	11	KR2k0052_WYG_022-127b
041.md	19	KR2k0052_WYG_022-128a
041.md	27	KR2k0052_WYG_022-128b
041.md	35	KR2k0052_WYG_022-129a
041.md	43	KR2k0052_WYG_022-129b
041.md	51	KR2k0052_WYG_022-130a
041.md	59	KR2k0052_WYG_022-130b
041.md	67	KR2k0052_WYG_022-131a
041.md	75	KR2k0052_WYG_022-131b
041.md	83	KR2k0052_WYG_022-132a
041.md	91	KR2k0052_WYG_022-132b
041.md	99	KR2k0052_WYG_022-133a
041.md	107	KR2k0052_WYG_022-133b
041.md	115	KR2k0052_WYG_022-134a
041.md	123	KR2k0052_WYG_022-134b
041.md	131	KR2k0052_WYG_022-135a
041.md	139	KR2k0052_WYG_022-135b
041.md	147	KR2k0052_WYG_022-136a
041.md	155	KR2k0052_WYG_022-136b
041.md	163	KR2k0052_WYG_022-137a
041.md	171	KR2k0052_WYG_022-137b
041.md	179	KR2k0052_WYG_022-138a
041.md	187	KR2k0052_WYG_022-138b
041.md	195	KR2k0052_WYG_022-139a
041.md	203	KR2k0052_WYG_022-139b
041.md	211	KR2k0052_WYG_022-140a
041.md	219	KR2k0052_WYG_022-140b
041.md	227	KR2k0052_WYG_022-141a
041.md	235	KR2k0052_WYG_022-141b
041.md	243	KR2k0052_WYG_022-142a
041.md	251	KR2k0052_WYG_022-142b
041.md	259	KR2k0052_WYG_022-143a
041.md	267	KR2k0052_WYG_022-143b
041.md	275	KR2k0052_WYG_022-144a
041.md	283	KR2k0052_WYG_022-144b
041.md	291	KR2k0052_WYG_022-145a
041.md	299	KR2k0052_WYG_022-145b
041.md	307	KR2k0052_WYG_022-146a
041.md	315	KR2k0052_WYG_022-146b
041.md	323	KR2k0052_WYG_022-147a
041.md	331	KR2k0052_WYG_022-147b
041.md	339	KR2k0052_WYG_022-148a
041.md	347	KR2k0052_WYG_022-148b
041.md	355	KR2k0052_WYG_022-149a
041.md	363	KR2k0052_WYG_022-149b
041.md	371	KR2k0052_WYG_022-150a
041.md	379	KR2k0052_WYG_022-150b
041.md	387	KR2k0052_WYG_022-151a
041.md	395	KR2k0052_WYG_022-151b
041.md	403	KR2k0052_WYG_022-152a
041.md	411	KR2k0052_WYG_022-152b
041.md	419	KR2k0052_WYG_022-153a
041.md	427	KR2k0052_WYG_022-153b
041.md	435	KR2k0052_WYG_022-154a
041.md	443	KR2k0052_WYG_022-154b
041.md	451	KR2k0052_WYG_022-155a
041.md	459	KR2k0052_WYG_022-155b
041.md	467	KR2k0052_WYG_022-156a
041.md	475	KR2k0052_WYG_022-156b
041.md	483	KR2k0052_WYG_022-157a
041.md	491	KR2k0052_WYG_022-157b
041.md	499	KR2k0052_WYG_022-158a
041.md	507	KR2k0052_WYG_022-158b
041.md	515	KR2k0052_WYG_022-159a
041.md	523	KR2k0052_WYG_022-159b
041.md	531	KR2k0052_WYG_022-160a
041.md	539	KR2k0052_WYG_022-160b
041.md	547	KR2k0052_WYG_022-161a
041.md	555	KR2k0052_WYG_022-161b
041.md	563	KR2k0052_WYG_022-162a
041.md	571	KR2k0052_WYG_022-162b
041.md	579	KR2k0052_WYG_022-163a
041.md	587	KR2k0052_WYG_022-163b
041.md	595	KR2k0052_WYG_022-164a
041.md	603	KR2k0052_WYG_022-164b
041.md	611	KR2k0052_WYG_022-165a
041.md	619	KR2k0052_WYG_022-165b
041.md	627	KR2k0052_WYG_022-166a
041.md	635	KR2k0052_WYG_022-166b
041.md	643	KR2k0052_WYG_022-167a
041.md	651	KR2k0052_WYG_022-167b
041.md	659	KR2k0052_WYG_022-168a
041.md	667	KR2k0052_WYG_022-168b
041.md	675	KR2k0052_WYG_022-169a
041.md	683	KR2k0052_WYG_022-169b
041.md	691	KR2k0052_WYG_022-170a
041.md	699	KR2k0052_WYG_022-170b
041.md	707	KR2k0052_WYG_022-171a
041.md	715	KR2k0052_WYG_022-171b
041.md	723	KR2k0052_WYG_022-172a
041.md	731	KR2k0052_WYG_022-172b
041.md	739	KR2k0052_WYG_022-173a
041.md	747	KR2k0052_WYG_022-173b
041.md	755	KR2k0052_WYG_022-174a
041.md	763	KR2k0052_WYG_022-174b
041.md	771	KR2k0052_WYG_022-175a
041.md	779	KR2k0052_WYG_022-175b
041.md	787	KR2k0052_WYG_022-176a
041.md	795	KR2k0052_WYG_022-176b
041.md	803	KR2k0052_WYG_022-177a
041.md	811	KR2k0052_WYG_022-177b
041.md	819	KR2k0052_WYG_022-178a
041.md	827	KR2k0052_WYG_022-178b
041.md	835	KR2k0052_WYG_022-179a
041.md	843	KR2k0052_WYG_022-179b
041.md	851	KR2k0052_WYG_022-180a
041.md	859	KR2k0052_WYG_022-180b
041.md	867	KR2k0052_WYG_022-181a
041.md	875	KR2k0052_WYG_022-181b
041.md	883	KR2k0052_WYG_022-182a
041.md	891	KR2k0052_WYG_022-182b
041.md	899	KR2k0052_WYG_022-183a
041.md	907	KR2k0052_WYG_022-183b
041.md	915	KR2k0052_WYG_022-184a
041.md	923	KR2k0052_WYG_022-184b
041.md	931	KR2k0052_WYG_022-185a
041.md	939	KR2k0052_WYG_022-185b
041.md	947	KR2k0052_WYG_022-186a
041.md	955	KR2k0052_WYG_022-186b
041.md	963	KR2k0052_WYG_022-187a
041.md	971	KR2k0052_WYG_022-187b
041.md	979	KR2k0052_WYG_022-188a
041.md	987	KR2k0052_WYG_022-188b
041.md	995	KR2k0052_WYG_022-189a
041.md	1003	KR2k0052_WYG_022-189b
041.md	1011	KR2k0052_WYG_022-190a
041.md	1019	KR2k0052_WYG_022-190b
041.md	1027	KR2k0052_WYG_022-191a
041.md	1035	KR2k0052_WYG_022-191b
041.md	1043	KR2k0052_WYG_022-192a
041.md	1051	KR2k0052_WYG_022-192b
041.md	1059	KR2k0052_WYG_022-193a
041.md	1067	KR2k0052_WYG_022-193b
041.md	1075	KR2k0052_WYG_022-194a
041.md	1083	KR2k0052_WYG_022-194b
041.md	1091	KR2k0052_WYG_022-195a
041.md	1099	KR2k0052_WYG_022-195b
041.md	1107	KR2k0052_WYG_022-196a
041.md	1115	KR2k0052_WYG_022-196b
041.md	1123	KR2k0052_WYG_022-197a
041.md	1131	KR2k0052_WYG_022-197b
041.md	1139	KR2k0052_WYG_022-198a
041.md	1147	KR2k0052_WYG_022-198b
041.md	1155	KR2k0052_WYG_022-199a
041.md	1163	KR2k0052_WYG_022-199b
041.md	1171	KR2k0052_WYG_022-200a
041.md	1179	KR2k0052_WYG_022-200b
041.md	1187	KR2k0052_WYG_022-201a
041.md	1195	KR2k0052_WYG_022-201b
041.md	1203	KR2k0052_WYG_022-202a
041.md	1211	KR2k0052_WYG_022-202b
041.md	1219	KR2k0052_WYG_022-203a
041.md	1227	KR2k0052_WYG_022-203b
041.md	1235	KR2k0052_WYG_022-204a
041.md	1243	KR2k0052_WYG_022-204b
041.md	1251	KR2k0052_WYG_022-205a
041.md	1259	KR2k0052_WYG_022-205b
041.md	1267	KR2k0052_WYG_022-206a
041.md	1275	KR2k0052_WYG_022-206b
041.md	1283	KR2k0052_WYG_022-207a
041.md	1291	KR2k0052_WYG_022-207b
041.md	1299	KR2k0052_WYG_022-208a
041.md	1307	KR2k0052_WYG_022-208b
041.md	1315	KR2k0052_WYG_022-209a
041.md	1323	KR2k0052_WYG_022-209b
041.md	1331	KR2k0052_WYG_022-210a
041.md	1339	KR2k0052_WYG_022-210b
041.md	1347	KR2k0052_WYG_022-211a
041.md	1355	KR2k0052_WYG_022-211b
041.md	1363	KR2k0052_WYG_022-212a
041.md	1371	KR2k0052_WYG_022-212b
041.md	1379	KR2k0052_WYG_022-213a
041.md	1387	KR2k0052_WYG_022-213b
041.md	1395	KR2k0052_WYG_022-214a
041.md	1403	KR2k0052_WYG_022-214b
041.md	1411	KR2k0052_WYG_022-215a
041.md	1419	KR2k0052_WYG_022-215b
041.md	1427	KR2k0052_WYG_022-216a
041.md	1435	KR2k0052_WYG_022-216b
041.md	1443	KR2k0052_WYG_022-217a
041.md	1451	KR2k0052_WYG_022-217b
041.md	1459	KR2k0052_WYG_022-218a
041.md	1467	KR2k0052_WYG_022-218b
041.md	1475	KR2k0052_WYG_022-219a
041.md	1483	KR2k0052_WYG_022-219b
041.md	1491	KR2k0052_WYG_022-220a
041.md	1499	KR2k0052_WYG_022-220b
041.md	1507	KR2k0052_WYG_022-221a
041.md	1515	KR2k0052_WYG_022-221b
041.md	1523	KR2k0052_WYG_022-222a
041.md	1531	KR2k0052_WYG_022-222b
041.md	1539	KR2k0052_WYG_022-223a
041.md	1547	KR2k0052_WYG_022-223b
041.md	1555	KR2k0052_WYG_022-224a
041.md	1563	KR2k0052_WYG_022-224b
042.md	3	KR2k0052_WYG_023-1a
042.md	11	KR2k0052_WYG_023-1b
042.md	19	KR2k0052_WYG_023-2a
042.md	27	KR2k0052_WYG_023-2b
042.md	35	KR2k0052_WYG_023-3a
042.md	43	KR2k0052_WYG_023-3b
042.md	51	KR2k0052_WYG_023-4a
042.md	59	KR2k0052_WYG_023-4b
042.md	67	KR2k0052_WYG_023-5a
042.md	75	KR2k0052_WYG_023-5b
042.md	83	KR2k0052_WYG_023-6a
042.md	91	KR2k0052_WYG_023-6b
042.md	99	KR2k0052_WYG_023-7a
042.md	107	KR2k0052_WYG_023-7b
042.md	115	KR2k0052_WYG_023-8a
042.md	123	KR2k0052_WYG_023-8b
042.md	131	KR2k0052_WYG_023-9a
042.md	139	KR2k0052_WYG_023-9b
042.md	147	KR2k0052_WYG_023-10a
042.md	155	KR2k0052_WYG_023-10b
042.md	163	KR2k0052_WYG_023-11a
042.md	171	KR2k0052_WYG_023-11b
042.md	179	KR2k0052_WYG_023-12a
042.md	187	KR2k0052_WYG_023-12b
042.md	195	KR2k0052_WYG_023-13a
042.md	203	KR2k0052_WYG_023-13b
042.md	211	KR2k0052_WYG_023-14a
042.md	219	KR2k0052_WYG_023-14b
042.md	227	KR2k0052_WYG_023-15a
042.md	235	KR2k0052_WYG_023-15b
042.md	243	KR2k0052_WYG_023-16a
042.md	251	KR2k0052_WYG_023-16b
042.md	259	KR2k0052_WYG_023-17a
042.md	267	KR2k0052_WYG_023-17b
042.md	275	KR2k0052_WYG_023-18a
042.md	283	KR2k0052_WYG_023-18b
042.md	291	KR2k0052_WYG_023-19a
042.md	299	KR2k0052_WYG_023-19b
042.md	307	KR2k0052_WYG_023-20a
042.md	315	KR2k0052_WYG_023-20b
042.md	323	KR2k0052_WYG_023-21a
042.md	331	KR2k0052_WYG_023-21b
042.md	339	KR2k0052_WYG_023-22a
042.md	347	KR2k0052_WYG_023-22b
042.md	355	KR2k0052_WYG_023-23a
042.md	363	KR2k0052_WYG_023-23b
042.md	371	KR2k0052_WYG_023-24a
042.md	379	KR2k0052_WYG_023-24b
042.md	387	KR2k0052_WYG_023-25a
042.md	395	KR2k0052_WYG_023-25b
042.md	403	KR2k0052_WYG_023-26a
042.md	411	KR2k0052_WYG_023-26b
042.md	419	KR2k0052_WYG_023-27a
042.md	427	KR2k0052_WYG_023-27b
042.md	435	KR2k0052_WYG_023-28a
042.md	443	KR2k0052_WYG_023-28b
042.md	451	KR2k0052_WYG_023-29a
042.md	459	KR2k0052_WYG_023-29b
042.md	467	KR2k0052_WYG_023-30a
042.md	475	KR2k0052_WYG_023-30b
042.md	483	KR2k0052_WYG_023-31a
042.md	491	KR2k0052_WYG_023-31b
042.md	499	KR2k0052_WYG_023-32a
042.md	507	KR2k0052_WYG_023-32b
042.md	515	KR2k0052_WYG_023-33a
042.md	523	KR2k0052_WYG_023-33b
042.md	531	KR2k0052_WYG_023-34a
042.md	539	KR2k0052_WYG_023-34b
042.md	547	KR2k0052_WYG_023-35a
042.md	555	KR2k0052_WYG_023-35b
042.md	563	KR2k0052_WYG_023-36a
042.md	571	KR2k0052_WYG_023-36b
042.md	579	KR2k0052_WYG_023-37a
042.md	587	KR2k0052_WYG_023-37b
042.md	595	KR2k0052_WYG_023-38a
042.md	603	KR2k0052_WYG_023-38b
042.md	611	KR2k0052_WYG_023-39a
042.md	619	KR2k0052_WYG_023-39b
042.md	627	KR2k0052_WYG_023-40a
042.md	635	KR2k0052_WYG_023-40b
042.md	643	KR2k0052_WYG_023-41a
042.md	651	KR2k0052_WYG_023-41b
042.md	659	KR2k0052_WYG_023-42a
042.md	667	KR2k0052_WYG_023-42b
042.md	675	KR2k0052_WYG_023-43a
042.md	683	KR2k0052_WYG_023-43b
042.md	691	KR2k0052_WYG_023-44a
042.md	699	KR2k0052_WYG_023-44b
042.md	707	KR2k0052_WYG_023-45a
042.md	715	KR2k0052_WYG_023-45b
042.md	723	KR2k0052_WYG_023-46a
042.md	731	KR2k0052_WYG_023-46b
042.md	739	KR2k0052_WYG_023-47a
042.md	747	KR2k0052_WYG_023-47b
042.md	755	KR2k0052_WYG_023-48a
042.md	763	KR2k0052_WYG_023-48b
042.md	771	KR2k0052_WYG_023-49a
042.md	779	KR2k0052_WYG_023-49b
042.md	787	KR2k0052_WYG_023-50a
042.md	795	KR2k0052_WYG_023-50b
042.md	803	KR2k0052_WYG_023-51a
042.md	811	KR2k0052_WYG_023-51b
042.md	819	KR2k0052_WYG_023-52a
042.md	827	KR2k0052_WYG_023-52b
042.md	835	KR2k0052_WYG_023-53a
042.md	843	KR2k0052_WYG_023-53b
042.md	851	KR2k0052_WYG_023-54a
042.md	859	KR2k0052_WYG_023-54b
042.md	867	KR2k0052_WYG_023-55a
042.md	875	KR2k0052_WYG_023-55b
042.md	883	KR2k0052_WYG_023-56a
042.md	891	KR2k0052_WYG_023-56b
042.md	899	KR2k0052_WYG_023-57a
042.md	907	KR2k0052_WYG_023-57b
042.md	915	KR2k0052_WYG_023-58a
042.md	923	KR2k0052_WYG_023-58b
042.md	931	KR2k0052_WYG_023-59a
042.md	939	KR2k0052_WYG_023-59b
042.md	947	KR2k0052_WYG_023-60a
042.md	955	KR2k0052_WYG_023-60b
042.md	963	KR2k0052_WYG_023-61a
042.md	971	KR2k0052_WYG_023-61b
042.md	979	KR2k0052_WYG_023-62a
042.md	987	KR2k0052_WYG_023-62b
042.md	995	KR2k0052_WYG_023-63a
042.md	1003	KR2k0052_WYG_023-63b
042.md	1011	KR2k0052_WYG_023-64a
042.md	1019	KR2k0052_WYG_023-64b
042.md	1027	KR2k0052_WYG_023-65a
042.md	1035	KR2k0052_WYG_023-65b
042.md	1043	KR2k0052_WYG_023-66a
042.md	1051	KR2k0052_WYG_023-66b
042.md	1059	KR2k0052_WYG_023-67a
042.md	1067	KR2k0052_WYG_023-67b
042.md	1075	KR2k0052_WYG_023-68a
042.md	1083	KR2k0052_WYG_023-68b
042.md	1091	KR2k0052_WYG_023-69a
042.md	1099	KR2k0052_WYG_023-69b
042.md	1107	KR2k0052_WYG_023-70a
042.md	1115	KR2k0052_WYG_023-70b
042.md	1123	KR2k0052_WYG_023-71a
042.md	1131	KR2k0052_WYG_023-71b
042.md	1139	KR2k0052_WYG_023-72a
042.md	1147	KR2k0052_WYG_023-72b
042.md	1155	KR2k0052_WYG_023-73a
042.md	1163	KR2k0052_WYG_023-73b
042.md	1171	KR2k0052_WYG_023-74a
042.md	1179	KR2k0052_WYG_023-74b
043.md	3	KR2k0052_WYG_024-1a
043.md	11	KR2k0052_WYG_024-1b
043.md	19	KR2k0052_WYG_024-2a
043.md	27	KR2k0052_WYG_024-2b
043.md	35	KR2k0052_WYG_024-3a
043.md	43	KR2k0052_WYG_024-3b
043.md	51	KR2k0052_WYG_024-4a
043.md	59	KR2k0052_WYG_024-4b
043.md	67	KR2k0052_WYG_024-5a
043.md	75	KR2k0052_WYG_024-5b
043.md	83	KR2k0052_WYG_024-6a
043.md	91	KR2k0052_WYG_024-6b
043.md	99	KR2k0052_WYG_024-7a
043.md	107	KR2k0052_WYG_024-7b
043.md	115	KR2k0052_WYG_024-8a
043.md	123	KR2k0052_WYG_024-8b
043.md	131	KR2k0052_WYG_024-9a
043.md	139	KR2k0052_WYG_024-9b
043.md	147	KR2k0052_WYG_024-10a
043.md	155	KR2k0052_WYG_024-10b
043.md	163	KR2k0052_WYG_024-11a
043.md	171	KR2k0052_WYG_024-11b
043.md	179	KR2k0052_WYG_024-12a
043.md	187	KR2k0052_WYG_024-12b
043.md	195	KR2k0052_WYG_024-13a
043.md	203	KR2k0052_WYG_024-13b
043.md	211	KR2k0052_WYG_024-14a
043.md	219	KR2k0052_WYG_024-14b
043.md	227	KR2k0052_WYG_024-15a
043.md	235	KR2k0052_WYG_024-15b
043.md	243	KR2k0052_WYG_024-16a
043.md	251	KR2k0052_WYG_024-16b
043.md	259	KR2k0052_WYG_024-17a
043.md	267	KR2k0052_WYG_024-17b
043.md	275	KR2k0052_WYG_024-18a
043.md	283	KR2k0052_WYG_024-18b
043.md	291	KR2k0052_WYG_024-19a
043.md	299	KR2k0052_WYG_024-19b
043.md	307	KR2k0052_WYG_024-20a
043.md	315	KR2k0052_WYG_024-20b
043.md	323	KR2k0052_WYG_024-21a
043.md	331	KR2k0052_WYG_024-21b
043.md	339	KR2k0052_WYG_024-22a
043.md	347	KR2k0052_WYG_024-22b
043.md	355	KR2k0052_WYG_024-23a
043.md	363	KR2k0052_WYG_024-23b
043.md	371	KR2k0052_WYG_024-24a
043.md	379	KR2k0052_WYG_024-24b
043.md	387	KR2k0052_WYG_024-25a
043.md	395	KR2k0052_WYG_024-25b
043.md	403	KR2k0052_WYG_024-26a
043.md	411	KR2k0052_WYG_024-26b
043.md	419	KR2k0052_WYG_024-27a
043.md	427	KR2k0052_WYG_024-27b
043.md	435	KR2k0052_WYG_024-28a
043.md	443	KR2k0052_WYG_024-28b
043.md	451	KR2k0052_WYG_024-29a
043.md	459	KR2k0052_WYG_024-29b
043.md	467	KR2k0052_WYG_024-30a
043.md	475	KR2k0052_WYG_024-30b
043.md	483	KR2k0052_WYG_024-31a
043.md	491	KR2k0052_WYG_024-31b
043.md	499	KR2k0052_WYG_024-32a
043.md	507	KR2k0052_WYG_024-32b
043.md	515	KR2k0052_WYG_024-33a
043.md	523	KR2k0052_WYG_024-33b
043.md	531	KR2k0052_WYG_024-34a
043.md	539	KR2k0052_WYG_024-34b
043.md	547	KR2k0052_WYG_024-35a
043.md	555	KR2k0052_WYG_024-35b
043.md	563	KR2k0052_WYG_024-36a
043.md	571	KR2k0052_WYG_024-36b
043.md	579	KR2k0052_WYG_024-37a
043.md	587	KR2k0052_WYG_024-37b
043.md	595	KR2k0052_WYG_024-38a
043.md	603	KR2k0052_WYG_024-38b
043.md	611	KR2k0052_WYG_024-39a
043.md	619	KR2k0052_WYG_024-39b
043.md	627	KR2k0052_WYG_024-40a
043.md	635	KR2k0052_WYG_024-40b
043.md	643	KR2k0052_WYG_024-41a
043.md	651	KR2k0052_WYG_024-41b
043.md	659	KR2k0052_WYG_024-42a
043.md	667	KR2k0052_WYG_024-42b
043.md	675	KR2k0052_WYG_024-43a
043.md	683	KR2k0052_WYG_024-43b
043.md	691	KR2k0052_WYG_024-44a
043.md	699	KR2k0052_WYG_024-44b
043.md	707	KR2k0052_WYG_024-45a
043.md	715	KR2k0052_WYG_024-45b
043.md	723	KR2k0052_WYG_024-46a
043.md	731	KR2k0052_WYG_024-46b
043.md	739	KR2k0052_WYG_024-47a
043.md	747	KR2k0052_WYG_024-47b
043.md	755	KR2k0052_WYG_024-48a
043.md	763	KR2k0052_WYG_024-48b
043.md	771	KR2k0052_WYG_024-49a
043.md	779	KR2k0052_WYG_024-49b
043.md	787	KR2k0052_WYG_024-50a
043.md	795	KR2k0052_WYG_024-50b
043.md	803	KR2k0052_WYG_024-51a
043.md	811	KR2k0052_WYG_024-51b
043.md	819	KR2k0052_WYG_024-52a
043.md	827	KR2k0052_WYG_024-52b
043.md	835	KR2k0052_WYG_024-53a
043.md	843	KR2k0052_WYG_024-53b
043.md	851	KR2k0052_WYG_024-54a
043.md	859	KR2k0052_WYG_024-54b
043.md	867	KR2k0052_WYG_024-55a
043.md	875	KR2k0052_WYG_024-55b
043.md	883	KR2k0052_WYG_024-56a
043.md	891	KR2k0052_WYG_024-56b
043.md	899	KR2k0052_WYG_024-57a
043.md	907	KR2k0052_WYG_024-57b
043.md	915	KR2k0052_WYG_024-58a
043.md	923	KR2k0052_WYG_024-58b
043.md	931	KR2k0052_WYG_024-59a
043.md	939	KR2k0052_WYG_024-59b
043.md	947	KR2k0052_WYG_024-60a
043.md	955	KR2k0052_WYG_024-60b
043.md	963	KR2k0052_WYG_024-61a
043.md	971	KR2k0052_WYG_024-61b
043.md	979	KR2k0052_WYG_024-62a
043.md	987	KR2k0052_WYG_024-62b
043.md	995	KR2k0052_WYG_024-63a
043.md	1003	KR2k0052_WYG_024-63b
043.md	1011	KR2k0052_WYG_024-64a
043.md	1019	KR2k0052_WYG_024-64b
043.md	1027	KR2k0052_WYG_024-65a
043.md	1035	KR2k0052_WYG_024-65b
043.md	1043	KR2k0052_WYG_024-66a
043.md	1051	KR2k0052_WYG_024-66b
043.md	1059	KR2k0052_WYG_024-67a
043.md	1067	KR2k0052_WYG_024-67b
043.md	1075	KR2k0052_WYG_024-68a
043.md	1083	KR2k0052_WYG_024-68b
043.md	1091	KR2k0052_WYG_024-69a
043.md	1099	KR2k0052_WYG_024-69b
043.md	1107	KR2k0052_WYG_024-70a
043.md	1115	KR2k0052_WYG_024-70b
043.md	1123	KR2k0052_WYG_024-71a
043.md	1131	KR2k0052_WYG_024-71b
043.md	1139	KR2k0052_WYG_024-72a
043.md	1147	KR2k0052_WYG_024-72b
043.md	1155	KR2k0052_WYG_024-73a
043.md	1163	KR2k0052_WYG_024-73b
043.md	1171	KR2k0052_WYG_024-74a
043.md	1179	KR2k0052_WYG_024-74b
043.md	1187	KR2k0052_WYG_024-75a
043.md	1195	KR2k0052_WYG_024-75b
043.md	1203	KR2k0052_WYG_024-76a
043.md	1211	KR2k0052_WYG_024-76b
043.md	1219	KR2k0052_WYG_024-77a
043.md	1227	KR2k0052_WYG_024-77b
043.md	1235	KR2k0052_WYG_024-78a
043.md	1243	KR2k0052_WYG_024-78b
044.md	3	KR2k0052_WYG_025-1a
044.md	11	KR2k0052_WYG_025-1b
044.md	19	KR2k0052_WYG_025-2a
044.md	27	KR2k0052_WYG_025-2b
044.md	35	KR2k0052_WYG_025-3a
044.md	43	KR2k0052_WYG_025-3b
044.md	51	KR2k0052_WYG_025-4a
044.md	59	KR2k0052_WYG_025-4b
044.md	67	KR2k0052_WYG_025-5a
044.md	75	KR2k0052_WYG_025-5b
044.md	83	KR2k0052_WYG_025-6a
044.md	91	KR2k0052_WYG_025-6b
044.md	99	KR2k0052_WYG_025-7a
044.md	107	KR2k0052_WYG_025-7b
044.md	115	KR2k0052_WYG_025-8a
044.md	123	KR2k0052_WYG_025-8b
044.md	131	KR2k0052_WYG_025-9a
044.md	139	KR2k0052_WYG_025-9b
044.md	147	KR2k0052_WYG_025-10a
044.md	155	KR2k0052_WYG_025-10b
044.md	163	KR2k0052_WYG_025-11a
044.md	171	KR2k0052_WYG_025-11b
044.md	179	KR2k0052_WYG_025-12a
044.md	187	KR2k0052_WYG_025-12b
044.md	195	KR2k0052_WYG_025-13a
044.md	203	KR2k0052_WYG_025-13b
044.md	211	KR2k0052_WYG_025-14a
044.md	219	KR2k0052_WYG_025-14b
044.md	227	KR2k0052_WYG_025-15a
044.md	235	KR2k0052_WYG_025-15b
044.md	243	KR2k0052_WYG_025-16a
044.md	251	KR2k0052_WYG_025-16b
044.md	259	KR2k0052_WYG_025-17a
044.md	267	KR2k0052_WYG_025-17b
044.md	275	KR2k0052_WYG_025-18a
044.md	283	KR2k0052_WYG_025-18b
044.md	291	KR2k0052_WYG_025-19a
044.md	299	KR2k0052_WYG_025-19b
044.md	307	KR2k0052_WYG_025-20a
044.md	315	KR2k0052_WYG_025-20b
044.md	323	KR2k0052_WYG_025-21a
044.md	331	KR2k0052_WYG_025-21b
044.md	339	KR2k0052_WYG_025-22a
044.md	347	KR2k0052_WYG_025-22b
044.md	355	KR2k0052_WYG_025-23a
044.md	363	KR2k0052_WYG_025-23b
044.md	371	KR2k0052_WYG_025-24a
044.md	379	KR2k0052_WYG_025-24b
044.md	387	KR2k0052_WYG_025-25a
044.md	395	KR2k0052_WYG_025-25b
044.md	403	KR2k0052_WYG_025-26a
044.md	411	KR2k0052_WYG_025-26b
044.md	419	KR2k0052_WYG_025-27a
044.md	427	KR2k0052_WYG_025-27b
044.md	435	KR2k0052_WYG_025-28a
044.md	443	KR2k0052_WYG_025-28b
044.md	451	KR2k0052_WYG_025-29a
044.md	459	KR2k0052_WYG_025-29b
044.md	467	KR2k0052_WYG_025-30a
044.md	475	KR2k0052_WYG_025-30b
044.md	483	KR2k0052_WYG_025-31a
044.md	491	KR2k0052_WYG_025-31b
044.md	499	KR2k0052_WYG_025-32a
044.md	507	KR2k0052_WYG_025-32b
044.md	515	KR2k0052_WYG_025-33a
044.md	523	KR2k0052_WYG_025-33b
044.md	531	KR2k0052_WYG_025-34a
044.md	539	KR2k0052_WYG_025-34b
044.md	547	KR2k0052_WYG_025-35a
044.md	555	KR2k0052_WYG_025-35b
044.md	563	KR2k0052_WYG_025-36a
044.md	571	KR2k0052_WYG_025-36b
044.md	579	KR2k0052_WYG_025-37a
044.md	587	KR2k0052_WYG_025-37b
044.md	595	KR2k0052_WYG_025-38a
044.md	603	KR2k0052_WYG_025-38b
044.md	611	KR2k0052_WYG_025-39a
044.md	619	KR2k0052_WYG_025-39b
044.md	627	KR2k0052_WYG_025-40a
044.md	635	KR2k0052_WYG_025-40b
044.md	643	KR2k0052_WYG_025-41a
044.md	651	KR2k0052_WYG_025-41b
044.md	659	KR2k0052_WYG_025-42a
044.md	667	KR2k0052_WYG_025-42b
044.md	675	KR2k0052_WYG_025-43a
044.md	683	KR2k0052_WYG_025-43b
044.md	691	KR2k0052_WYG_025-44a
044.md	699	KR2k0052_WYG_025-44b
044.md	707	KR2k0052_WYG_025-45a
044.md	715	KR2k0052_WYG_025-45b
044.md	723	KR2k0052_WYG_025-46a
044.md	731	KR2k0052_WYG_025-46b
044.md	739	KR2k0052_WYG_025-47a
044.md	747	KR2k0052_WYG_025-47b
044.md	755	KR2k0052_WYG_025-48a
044.md	763	KR2k0052_WYG_025-48b
044.md	771	KR2k0052_WYG_025-49a
044.md	779	KR2k0052_WYG_025-49b
044.md	787	KR2k0052_WYG_025-50a
044.md	795	KR2k0052_WYG_025-50b
044.md	803	KR2k0052_WYG_025-51a
044.md	811	KR2k0052_WYG_025-51b
044.md	819	KR2k0052_WYG_025-52a
044.md	827	KR2k0052_WYG_025-52b
044.md	835	KR2k0052_WYG_025-53a
044.md	843	KR2k0052_WYG_025-53b
044.md	851	KR2k0052_WYG_025-54a
044.md	859	KR2k0052_WYG_025-54b
044.md	867	KR2k0052_WYG_025-55a
044.md	875	KR2k0052_WYG_025-55b
044.md	883	KR2k0052_WYG_025-56a
044.md	891	KR2k0052_WYG_025-56b
044.md	899	KR2k0052_WYG_025-57a
044.md	907	KR2k0052_WYG_025-57b
044.md	915	KR2k0052_WYG_025-58a
044.md	923	KR2k0052_WYG_025-58b
044.md	931	KR2k0052_WYG_025-59a
044.md	939	KR2k0052_WYG_025-59b
044.md	947	KR2k0052_WYG_025-60a
044.md	955	KR2k0052_WYG_025-60b
044.md	963	KR2k0052_WYG_025-61a
044.md	971	KR2k0052_WYG_025-61b
044.md	979	KR2k0052_WYG_025-62a
044.md	987	KR2k0052_WYG_025-62b
044.md	995	KR2k0052_WYG_025-63a
044.md	1003	KR2k0052_WYG_025-63b
044.md	1011	KR2k0052_WYG_025-64a
044.md	1019	KR2k0052_WYG_025-64b
044.md	1027	KR2k0052_WYG_025-65a
044.md	1035	KR2k0052_WYG_025-65b
044.md	1043	KR2k0052_WYG_025-66a
044.md	1051	KR2k0052_WYG_025-66b
044.md	1059	KR2k0052_WYG_025-67a
044.md	1067	KR2k0052_WYG_025-67b
044.md	1075	KR2k0052_WYG_025-68a
044.md	1083	KR2k0052_WYG_025-68b
044.md	1091	KR2k0052_WYG_025-69a
044.md	1099	KR2k0052_WYG_025-69b
044.md	1107	KR2k0052_WYG_025-70a
044.md	1115	KR2k0052_WYG_025-70b
044.md	1123	KR2k0052_WYG_025-71a
044.md	1131	KR2k0052_WYG_025-71b
044.md	1139	KR2k0052_WYG_025-72a
044.md	1147	KR2k0052_WYG_025-72b
045.md	3	KR2k0052_WYG_026-1a
045.md	11	KR2k0052_WYG_026-1b
045.md	19	KR2k0052_WYG_026-2a
045.md	27	KR2k0052_WYG_026-2b
045.md	35	KR2k0052_WYG_026-3a
045.md	43	KR2k0052_WYG_026-3b
045.md	51	KR2k0052_WYG_026-4a
045.md	59	KR2k0052_WYG_026-4b
045.md	67	KR2k0052_WYG_026-5a
045.md	75	KR2k0052_WYG_026-5b
045.md	83	KR2k0052_WYG_026-6a
045.md	91	KR2k0052_WYG_026-6b
045.md	99	KR2k0052_WYG_026-7a
045.md	107	KR2k0052_WYG_026-7b
045.md	115	KR2k0052_WYG_026-8a
045.md	123	KR2k0052_WYG_026-8b
045.md	131	KR2k0052_WYG_026-9a
045.md	139	KR2k0052_WYG_026-9b
045.md	147	KR2k0052_WYG_026-10a
045.md	155	KR2k0052_WYG_026-10b
045.md	163	KR2k0052_WYG_026-11a
045.md	171	KR2k0052_WYG_026-11b
045.md	179	KR2k0052_WYG_026-12a
045.md	187	KR2k0052_WYG_026-12b
045.md	195	KR2k0052_WYG_026-13a
045.md	203	KR2k0052_WYG_026-13b
045.md	211	KR2k0052_WYG_026-14a
045.md	219	KR2k0052_WYG_026-14b
045.md	227	KR2k0052_WYG_026-15a
045.md	235	KR2k0052_WYG_026-15b
045.md	243	KR2k0052_WYG_026-16a
045.md	251	KR2k0052_WYG_026-16b
045.md	259	KR2k0052_WYG_026-17a
045.md	267	KR2k0052_WYG_026-17b
045.md	275	KR2k0052_WYG_026-18a
045.md	283	KR2k0052_WYG_026-18b
045.md	291	KR2k0052_WYG_026-19a
045.md	299	KR2k0052_WYG_026-19b
045.md	307	KR2k0052_WYG_026-20a
045.md	315	KR2k0052_WYG_026-20b
045.md	323	KR2k0052_WYG_026-21a
045.md	331	KR2k0052_WYG_026-21b
045.md	339	KR2k0052_WYG_026-22a
045.md	347	KR2k0052_WYG_026-22b
045.md	355	KR2k0052_WYG_026-23a
045.md	363	KR2k0052_WYG_026-23b
045.md	371	KR2k0052_WYG_026-24a
045.md	379	KR2k0052_WYG_026-24b
045.md	387	KR2k0052_WYG_026-25a
045.md	395	KR2k0052_WYG_026-25b
045.md	403	KR2k0052_WYG_026-26a
045.md	411	KR2k0052_WYG_026-26b
045.md	419	KR2k0052_WYG_026-27a
045.md	427	KR2k0052_WYG_026-27b
045.md	435	KR2k0052_WYG_026-28a
045.md	443	KR2k0052_WYG_026-28b
045.md	451	KR2k0052_WYG_026-29a
045.md	459	KR2k0052_WYG_026-29b
045.md	467	KR2k0052_WYG_026-30a
045.md	475	KR2k0052_WYG_026-30b
045.md	483	KR2k0052_WYG_026-31a
045.md	491	KR2k0052_WYG_026-31b
045.md	499	KR2k0052_WYG_026-32a
045.md	507	KR2k0052_WYG_026-32b
045.md	515	KR2k0052_WYG_026-33a
045.md	523	KR2k0052_WYG_026-33b
045.md	531	KR2k0052_WYG_026-34a
045.md	539	KR2k0052_WYG_026-34b
045.md	547	KR2k0052_WYG_026-35a
045.md	555	KR2k0052_WYG_026-35b
045.md	563	KR2k0052_WYG_026-36a
045.md	571	KR2k0052_WYG_026-36b
045.md	579	KR2k0052_WYG_026-37a
045.md	587	KR2k0052_WYG_026-37b
045.md	595	KR2k0052_WYG_026-38a
045.md	603	KR2k0052_WYG_026-38b
045.md	611	KR2k0052_WYG_026-39a
045.md	619	KR2k0052_WYG_026-39b
045.md	627	KR2k0052_WYG_026-40a
045.md	635	KR2k0052_WYG_026-40b
045.md	643	KR2k0052_WYG_026-41a
045.md	651	KR2k0052_WYG_026-41b
045.md	659	KR2k0052_WYG_026-42a
045.md	667	KR2k0052_WYG_026-42b
045.md	675	KR2k0052_WYG_026-43a
045.md	683	KR2k0052_WYG_026-43b
045.md	691	KR2k0052_WYG_026-44a
045.md	699	KR2k0052_WYG_026-44b
045.md	707	KR2k0052_WYG_026-45a
045.md	715	KR2k0052_WYG_026-45b
045.md	723	KR2k0052_WYG_026-46a
045.md	731	KR2k0052_WYG_026-46b
045.md	739	KR2k0052_WYG_026-47a
045.md	747	KR2k0052_WYG_026-47b
045.md	755	KR2k0052_WYG_026-48a
045.md	763	KR2k0052_WYG_026-48b
045.md	771	KR2k0052_WYG_026-49a
045.md	779	KR2k0052_WYG_026-49b
045.md	787	KR2k0052_WYG_026-50a
045.md	795	KR2k0052_WYG_026-50b
045.md	803	KR2k0052_WYG_026-51a
045.md	811	KR2k0052_WYG_026-51b
045.md	819	KR2k0052_WYG_026-52a
045.md	827	KR2k0052_WYG_026-52b
045.md	835	KR2k0052_WYG_026-53a
045.md	843	KR2k0052_WYG_026-53b
045.md	851	KR2k0052_WYG_026-54a
045.md	859	KR2k0052_WYG_026-54b
045.md	867	KR2k0052_WYG_026-55a
045.md	875	KR2k0052_WYG_026-55b
045.md	883	KR2k0052_WYG_026-56a
045.md	891	KR2k0052_WYG_026-56b
045.md	899	KR2k0052_WYG_026-57a
045.md	907	KR2k0052_WYG_026-57b
045.md	915	KR2k0052_WYG_026-58a
045.md	923	KR2k0052_WYG_026-58b
045.md	931	KR2k0052_WYG_026-59a
045.md	939	KR2k0052_WYG_026-59b
045.md	947	KR2k0052_WYG_026-60a
045.md	955	KR2k0052_WYG_026-60b
045.md	963	KR2k0052_WYG_026-61a
045.md	971	KR2k0052_WYG_026-61b
045.md	979	KR2k0052_WYG_026-62a
045.md	987	KR2k0052_WYG_026-62b
045.md	995	KR2k0052_WYG_026-63a
045.md	1003	KR2k0052_WYG_026-63b
045.md	1011	KR2k0052_WYG_026-64a
045.md	1019	KR2k0052_WYG_026-64b
045.md	1027	KR2k0052_WYG_026-65a
045.md	1035	KR2k0052_WYG_026-65b
045.md	1043	KR2k0052_WYG_026-66a
045.md	1051	KR2k0052_WYG_026-66b
045.md	1059	KR2k0052_WYG_026-67a
045.md	1067	KR2k0052_WYG_026-67b
045.md	1075	KR2k0052_WYG_026-68a
045.md	1083	KR2k0052_WYG_026-68b
045.md	1091	KR2k0052_WYG_026-69a
045.md	1099	KR2k0052_WYG_026-69b
045.md	1107	KR2k0052_WYG_026-70a
045.md	1115	KR2k0052_WYG_026-70b
045.md	1123	KR2k0052_WYG_026-71a
045.md	1131	KR2k0052_WYG_026-71b
045.md	1139	KR2k0052_WYG_026-72a
045.md	1147	KR2k0052_WYG_026-72b
045.md	1155	KR2k0052_WYG_026-73a
045.md	1163	KR2k0052_WYG_026-73b
045.md	1171	KR2k0052_WYG_026-74a
045.md	1179	KR2k0052_WYG_026-74b
045.md	1187	KR2k0052_WYG_026-75a
045.md	1195	KR2k0052_WYG_026-75b
045.md	1203	KR2k0052_WYG_026-76a
045.md	1211	KR2k0052_WYG_026-76b
045.md	1219	KR2k0052_WYG_026-77a
045.md	1227	KR2k0052_WYG_026-77b
045.md	1235	KR2k0052_WYG_026-78a
045.md	1243	KR2k0052_WYG_026-78b
045.md	1251	KR2k0052_WYG_026-79a
045.md	1259	KR2k0052_WYG_026-79b
045.md	1267	KR2k0052_WYG_026-80a
045.md	1275	KR2k0052_WYG_026-80b
045.md	1283	KR2k0052_WYG_026-81a
045.md	1291	KR2k0052_WYG_026-81b
045.md	1299	KR2k0052_WYG_026-82a
045.md	1307	KR2k0052_WYG_026-82b
045.md	1315	KR2k0052_WYG_026-83a
045.md	1323	KR2k0052_WYG_026-83b
045.md	1331	KR2k0052_WYG_026-84a
045.md	1339	KR2k0052_WYG_026-84b
045.md	1347	KR2k0052_WYG_026-85a
045.md	1355	KR2k0052_WYG_026-85b
045.md	1363	KR2k0052_WYG_026-86a
045.md	1371	KR2k0052_WYG_026-86b
045.md	1379	KR2k0052_WYG_026-87a
045.md	1387	KR2k0052_WYG_026-87b
045.md	1395	KR2k0052_WYG_026-88a
045.md	1403	KR2k0052_WYG_026-88b
045.md	1411	KR2k0052_WYG_026-89a
045.md	1419	KR2k0052_WYG_026-89b
045.md	1427	KR2k0052_WYG_026-90a
045.md	1435	KR2k0052_WYG_026-90b
045.md	1443	KR2k0052_WYG_026-91a
045.md	1451	KR2k0052_WYG_026-91b
045.md	1459	KR2k0052_WYG_026-92a
045.md	1467	KR2k0052_WYG_026-92b
045.md	1475	KR2k0052_WYG_026-93a
045.md	1483	KR2k0052_WYG_026-93b
045.md	1491	KR2k0052_WYG_026-94a
045.md	1499	KR2k0052_WYG_026-94b
046.md	3	KR2k0052_WYG_027-1a
046.md	11	KR2k0052_WYG_027-1b
046.md	19	KR2k0052_WYG_027-2a
046.md	27	KR2k0052_WYG_027-2b
046.md	35	KR2k0052_WYG_027-3a
046.md	43	KR2k0052_WYG_027-3b
046.md	51	KR2k0052_WYG_027-4a
046.md	59	KR2k0052_WYG_027-4b
046.md	67	KR2k0052_WYG_027-5a
046.md	75	KR2k0052_WYG_027-5b
046.md	83	KR2k0052_WYG_027-6a
046.md	91	KR2k0052_WYG_027-6b
046.md	99	KR2k0052_WYG_027-7a
046.md	107	KR2k0052_WYG_027-7b
046.md	115	KR2k0052_WYG_027-8a
046.md	123	KR2k0052_WYG_027-8b
046.md	131	KR2k0052_WYG_027-9a
046.md	139	KR2k0052_WYG_027-9b
046.md	147	KR2k0052_WYG_027-10a
046.md	155	KR2k0052_WYG_027-10b
046.md	163	KR2k0052_WYG_027-11a
046.md	171	KR2k0052_WYG_027-11b
046.md	179	KR2k0052_WYG_027-12a
046.md	187	KR2k0052_WYG_027-12b
046.md	195	KR2k0052_WYG_027-13a
046.md	203	KR2k0052_WYG_027-13b
046.md	211	KR2k0052_WYG_027-14a
046.md	219	KR2k0052_WYG_027-14b
046.md	227	KR2k0052_WYG_027-15a
046.md	235	KR2k0052_WYG_027-15b
046.md	243	KR2k0052_WYG_027-16a
046.md	251	KR2k0052_WYG_027-16b
046.md	259	KR2k0052_WYG_027-17a
046.md	267	KR2k0052_WYG_027-17b
046.md	275	KR2k0052_WYG_027-18a
046.md	283	KR2k0052_WYG_027-18b
046.md	291	KR2k0052_WYG_027-19a
046.md	299	KR2k0052_WYG_027-19b
046.md	307	KR2k0052_WYG_027-20a
046.md	315	KR2k0052_WYG_027-20b
046.md	323	KR2k0052_WYG_027-21a
046.md	331	KR2k0052_WYG_027-21b
046.md	339	KR2k0052_WYG_027-22a
046.md	347	KR2k0052_WYG_027-22b
046.md	355	KR2k0052_WYG_027-23a
046.md	363	KR2k0052_WYG_027-23b
046.md	371	KR2k0052_WYG_027-24a
046.md	379	KR2k0052_WYG_027-24b
046.md	387	KR2k0052_WYG_027-25a
046.md	395	KR2k0052_WYG_027-25b
046.md	403	KR2k0052_WYG_027-26a
046.md	411	KR2k0052_WYG_027-26b
046.md	419	KR2k0052_WYG_027-27a
046.md	427	KR2k0052_WYG_027-27b
046.md	435	KR2k0052_WYG_027-28a
046.md	443	KR2k0052_WYG_027-28b
046.md	451	KR2k0052_WYG_027-29a
046.md	459	KR2k0052_WYG_027-29b
046.md	467	KR2k0052_WYG_027-30a
046.md	475	KR2k0052_WYG_027-30b
046.md	483	KR2k0052_WYG_027-31a
046.md	491	KR2k0052_WYG_027-31b
046.md	499	KR2k0052_WYG_027-32a
046.md	507	KR2k0052_WYG_027-32b
046.md	515	KR2k0052_WYG_027-33a
046.md	523	KR2k0052_WYG_027-33b
046.md	531	KR2k0052_WYG_027-34a
046.md	539	KR2k0052_WYG_027-34b
046.md	547	KR2k0052_WYG_027-35a
046.md	555	KR2k0052_WYG_027-35b
046.md	563	KR2k0052_WYG_027-36a
046.md	571	KR2k0052_WYG_027-36b
046.md	579	KR2k0052_WYG_027-37a
046.md	587	KR2k0052_WYG_027-37b
046.md	595	KR2k0052_WYG_027-38a
046.md	603	KR2k0052_WYG_027-38b
046.md	611	KR2k0052_WYG_027-39a
046.md	619	KR2k0052_WYG_027-39b
046.md	627	KR2k0052_WYG_027-40a
046.md	635	KR2k0052_WYG_027-40b
046.md	643	KR2k0052_WYG_027-41a
046.md	651	KR2k0052_WYG_027-41b
046.md	659	KR2k0052_WYG_027-42a
046.md	667	KR2k0052_WYG_027-42b
046.md	675	KR2k0052_WYG_027-43a
046.md	683	KR2k0052_WYG_027-43b
046.md	691	KR2k0052_WYG_027-44a
046.md	699	KR2k0052_WYG_027-44b
046.md	707	KR2k0052_WYG_027-45a
046.md	715	KR2k0052_WYG_027-45b
046.md	723	KR2k0052_WYG_027-46a
046.md	731	KR2k0052_WYG_027-46b
046.md	739	KR2k0052_WYG_027-47a
046.md	747	KR2k0052_WYG_027-47b
046.md	755	KR2k0052_WYG_027-48a
046.md	763	KR2k0052_WYG_027-48b
046.md	771	KR2k0052_WYG_027-49a
046.md	779	KR2k0052_WYG_027-49b
046.md	787	KR2k0052_WYG_027-50a
046.md	795	KR2k0052_WYG_027-50b
046.md	803	KR2k0052_WYG_027-51a
046.md	811	KR2k0052_WYG_027-51b
046.md	819	KR2k0052_WYG_027-52a
046.md	827	KR2k0052_WYG_027-52b
046.md	835	KR2k0052_WYG_027-53a
046.md	843	KR2k0052_WYG_027-53b
046.md	851	KR2k0052_WYG_027-54a
046.md	859	KR2k0052_WYG_027-54b
046.md	867	KR2k0052_WYG_027-55a
046.md	875	KR2k0052_WYG_027-55b
046.md	883	KR2k0052_WYG_027-56a
046.md	891	KR2k0052_WYG_027-56b
046.md	899	KR2k0052_WYG_027-57a
046.md	907	KR2k0052_WYG_027-57b
046.md	915	KR2k0052_WYG_027-58a
046.md	923	KR2k0052_WYG_027-58b
046.md	931	KR2k0052_WYG_027-59a
046.md	939	KR2k0052_WYG_027-59b
046.md	947	KR2k0052_WYG_027-60a
046.md	955	KR2k0052_WYG_027-60b
046.md	963	KR2k0052_WYG_027-61a
046.md	971	KR2k0052_WYG_027-61b
046.md	979	KR2k0052_WYG_027-62a
046.md	987	KR2k0052_WYG_027-62b
046.md	995	KR2k0052_WYG_027-63a
046.md	1003	KR2k0052_WYG_027-63b
046.md	1011	KR2k0052_WYG_027-64a
046.md	1019	KR2k0052_WYG_027-64b
046.md	1027	KR2k0052_WYG_027-65a
046.md	1035	KR2k0052_WYG_027-65b
046.md	1043	KR2k0052_WYG_027-66a
046.md	1051	KR2k0052_WYG_027-66b
046.md	1059	KR2k0052_WYG_027-67a
046.md	1067	KR2k0052_WYG_027-67b
046.md	1075	KR2k0052_WYG_027-68a
046.md	1083	KR2k0052_WYG_027-68b
046.md	1091	KR2k0052_WYG_027-69a
046.md	1099	KR2k0052_WYG_027-69b
046.md	1107	KR2k0052_WYG_027-70a
046.md	1115	KR2k0052_WYG_027-70b
046.md	1123	KR2k0052_WYG_027-71a
046.md	1131	KR2k0052_WYG_027-71b
046.md	1139	KR2k0052_WYG_027-72a
046.md	1147	KR2k0052_WYG_027-72b
046.md	1155	KR2k0052_WYG_027-73a
046.md	1163	KR2k0052_WYG_027-73b
046.md	1171	KR2k0052_WYG_027-74a
046.md	1179	KR2k0052_WYG_027-74b
046.md	1187	KR2k0052_WYG_027-75a
046.md	1195	KR2k0052_WYG_027-75b
046.md	1203	KR2k0052_WYG_027-76a
046.md	1211	KR2k0052_WYG_027-76b
046.md	1219	KR2k0052_WYG_027-77a
046.md	1227	KR2k0052_WYG_027-77b
046.md	1235	KR2k0052_WYG_027-78a
046.md	1243	KR2k0052_WYG_027-78b
047.md	3	KR2k0052_WYG_028-1a
047.md	11	KR2k0052_WYG_028-1b
047.md	19	KR2k0052_WYG_028-2a
047.md	27	KR2k0052_WYG_028-2b
047.md	35	KR2k0052_WYG_028-3a
047.md	43	KR2k0052_WYG_028-3b
047.md	51	KR2k0052_WYG_028-4a
047.md	59	KR2k0052_WYG_028-4b
047.md	67	KR2k0052_WYG_028-5a
047.md	75	KR2k0052_WYG_028-5b
047.md	83	KR2k0052_WYG_028-6a
047.md	91	KR2k0052_WYG_028-6b
047.md	99	KR2k0052_WYG_028-7a
047.md	107	KR2k0052_WYG_028-7b
047.md	115	KR2k0052_WYG_028-8a
047.md	123	KR2k0052_WYG_028-8b
047.md	131	KR2k0052_WYG_028-9a
047.md	139	KR2k0052_WYG_028-9b
047.md	147	KR2k0052_WYG_028-10a
047.md	155	KR2k0052_WYG_028-10b
047.md	163	KR2k0052_WYG_028-11a
047.md	171	KR2k0052_WYG_028-11b
047.md	179	KR2k0052_WYG_028-12a
047.md	187	KR2k0052_WYG_028-12b
047.md	195	KR2k0052_WYG_028-13a
047.md	203	KR2k0052_WYG_028-13b
047.md	211	KR2k0052_WYG_028-14a
047.md	219	KR2k0052_WYG_028-14b
047.md	227	KR2k0052_WYG_028-15a
047.md	235	KR2k0052_WYG_028-15b
047.md	243	KR2k0052_WYG_028-16a
047.md	251	KR2k0052_WYG_028-16b
047.md	259	KR2k0052_WYG_028-17a
047.md	267	KR2k0052_WYG_028-17b
047.md	275	KR2k0052_WYG_028-18a
047.md	283	KR2k0052_WYG_028-18b
047.md	291	KR2k0052_WYG_028-19a
047.md	299	KR2k0052_WYG_028-19b
047.md	307	KR2k0052_WYG_028-20a
047.md	315	KR2k0052_WYG_028-20b
047.md	323	KR2k0052_WYG_028-21a
047.md	331	KR2k0052_WYG_028-21b
047.md	339	KR2k0052_WYG_028-22a
047.md	347	KR2k0052_WYG_028-22b
047.md	355	KR2k0052_WYG_028-23a
047.md	363	KR2k0052_WYG_028-23b
047.md	371	KR2k0052_WYG_028-24a
047.md	379	KR2k0052_WYG_028-24b
047.md	387	KR2k0052_WYG_028-25a
047.md	395	KR2k0052_WYG_028-25b
047.md	403	KR2k0052_WYG_028-26a
047.md	411	KR2k0052_WYG_028-26b
047.md	419	KR2k0052_WYG_028-27a
047.md	427	KR2k0052_WYG_028-27b
047.md	435	KR2k0052_WYG_028-28a
047.md	443	KR2k0052_WYG_028-28b
048.md	3	KR2k0052_WYG_028-29a
048.md	11	KR2k0052_WYG_028-29b
048.md	19	KR2k0052_WYG_028-30a
048.md	27	KR2k0052_WYG_028-30b
048.md	35	KR2k0052_WYG_028-31a
048.md	43	KR2k0052_WYG_028-31b
048.md	51	KR2k0052_WYG_028-32a
048.md	59	KR2k0052_WYG_028-32b
048.md	67	KR2k0052_WYG_028-33a
048.md	75	KR2k0052_WYG_028-33b
048.md	83	KR2k0052_WYG_028-34a
048.md	91	KR2k0052_WYG_028-34b
048.md	99	KR2k0052_WYG_028-35a
048.md	107	KR2k0052_WYG_028-35b
048.md	115	KR2k0052_WYG_028-36a
048.md	123	KR2k0052_WYG_028-36b
048.md	131	KR2k0052_WYG_028-37a
048.md	139	KR2k0052_WYG_028-37b
048.md	147	KR2k0052_WYG_028-38a
048.md	155	KR2k0052_WYG_028-38b
048.md	163	KR2k0052_WYG_028-39a
048.md	171	KR2k0052_WYG_028-39b
048.md	179	KR2k0052_WYG_028-40a
048.md	187	KR2k0052_WYG_028-40b
048.md	195	KR2k0052_WYG_028-41a
048.md	203	KR2k0052_WYG_028-41b
048.md	211	KR2k0052_WYG_028-42a
048.md	219	KR2k0052_WYG_028-42b
048.md	227	KR2k0052_WYG_028-43a
048.md	235	KR2k0052_WYG_028-43b
048.md	243	KR2k0052_WYG_028-44a
048.md	251	KR2k0052_WYG_028-44b
048.md	259	KR2k0052_WYG_028-45a
048.md	267	KR2k0052_WYG_028-45b
048.md	275	KR2k0052_WYG_028-46a
048.md	283	KR2k0052_WYG_028-46b
048.md	291	KR2k0052_WYG_028-47a
048.md	299	KR2k0052_WYG_028-47b
048.md	307	KR2k0052_WYG_028-48a
048.md	315	KR2k0052_WYG_028-48b
048.md	323	KR2k0052_WYG_028-49a
048.md	331	KR2k0052_WYG_028-49b
048.md	339	KR2k0052_WYG_028-50a
048.md	347	KR2k0052_WYG_028-50b
048.md	355	KR2k0052_WYG_028-51a
048.md	363	KR2k0052_WYG_028-51b
048.md	371	KR2k0052_WYG_028-52a
048.md	379	KR2k0052_WYG_028-52b
048.md	387	KR2k0052_WYG_028-53a
048.md	395	KR2k0052_WYG_028-53b
048.md	403	KR2k0052_WYG_028-54a
048.md	411	KR2k0052_WYG_028-54b
049.md	3	KR2k0052_WYG_028-55a
049.md	11	KR2k0052_WYG_028-55b
049.md	19	KR2k0052_WYG_028-56a
049.md	27	KR2k0052_WYG_028-56b
049.md	35	KR2k0052_WYG_028-57a
049.md	43	KR2k0052_WYG_028-57b
049.md	51	KR2k0052_WYG_028-58a
049.md	59	KR2k0052_WYG_028-58b
049.md	67	KR2k0052_WYG_028-59a
049.md	75	KR2k0052_WYG_028-59b
049.md	83	KR2k0052_WYG_028-60a
049.md	91	KR2k0052_WYG_028-60b
049.md	99	KR2k0052_WYG_028-61a
049.md	107	KR2k0052_WYG_028-61b
049.md	115	KR2k0052_WYG_028-62a
049.md	123	KR2k0052_WYG_028-62b
049.md	131	KR2k0052_WYG_028-63a
049.md	139	KR2k0052_WYG_028-63b
049.md	147	KR2k0052_WYG_028-64a
049.md	155	KR2k0052_WYG_028-64b
049.md	163	KR2k0052_WYG_028-65a
049.md	171	KR2k0052_WYG_028-65b
049.md	179	KR2k0052_WYG_028-66a
049.md	187	KR2k0052_WYG_028-66b
049.md	195	KR2k0052_WYG_028-67a
049.md	203	KR2k0052_WYG_028-67b
049.md	211	KR2k0052_WYG_028-68a
049.md	219	KR2k0052_WYG_028-68b
049.md	227	KR2k0052_WYG_028-69a
049.md	235	KR2k0052_WYG_028-69b
049.md	243	KR2k0052_WYG_028-70a
049.md	251	KR2k0052_WYG_028-70b
049.md	259	KR2k0052_WYG_028-71a
049.md	267	KR2k0052_WYG_028-71b
049.md	275	KR2k0052_WYG_028-72a
049.md	283	KR2k0052_WYG_028-72b
049.md	291	KR2k0052_WYG_028-73a
049.md	299	KR2k0052_WYG_028-73b
049.md	307	KR2k0052_WYG_028-74a
049.md	315	KR2k0052_WYG_028-74b
049.md	323	KR2k0052_WYG_028-75a
049.md	331	KR2k0052_WYG_028-75b
049.md	339	KR2k0052_WYG_028-76a
049.md	347	KR2k0052_WYG_028-76b
049.md	355	KR2k0052_WYG_028-77a
049.md	363	KR2k0052_WYG_028-77b
049.md	371	KR2k0052_WYG_028-78a
049.md	379	KR2k0052_WYG_028-78b
049.md	387	KR2k0052_WYG_028-79a
049.md	395	KR2k0052_WYG_028-79b
049.md	403	KR2k0052_WYG_028-80a
049.md	411	KR2k0052_WYG_028-80b
049.md	419	KR2k0052_WYG_028-81a
049.md	427	KR2k0052_WYG_028-81b
049.md	435	KR2k0052_WYG_028-82a
049.md	443	KR2k0052_WYG_028-82b
049.md	451	KR2k0052_WYG_028-83a
049.md	459	KR2k0052_WYG_028-83b
049.md	467	KR2k0052_WYG_028-84a
049.md	475	KR2k0052_WYG_028-84b
049.md	483	KR2k0052_WYG_028-85a
049.md	491	KR2k0052_WYG_028-85b
049.md	499	KR2k0052_WYG_028-86a
049.md	507	KR2k0052_WYG_028-86b
049.md	515	KR2k0052_WYG_028-87a
049.md	523	KR2k0052_WYG_028-87b
049.md	531	KR2k0052_WYG_028-88a
049.md	539	KR2k0052_WYG_028-88b
049.md	547	KR2k0052_WYG_028-89a
049.md	555	KR2k0052_WYG_028-89b
049.md	563	KR2k0052_WYG_028-90a
049.md	571	KR2k0052_WYG_028-90b
049.md	579	KR2k0052_WYG_028-91a
049.md	587	KR2k0052_WYG_028-91b
049.md	595	KR2k0052_WYG_028-92a
049.md	603	KR2k0052_WYG_028-92b
049.md	611	KR2k0052_WYG_028-93a
049.md	619	KR2k0052_WYG_028-93b
049.md	627	KR2k0052_WYG_028-94a
049.md	635	KR2k0052_WYG_028-94b
049.md	643	KR2k0052_WYG_028-95a
049.md	651	KR2k0052_WYG_028-95b
049.md	659	KR2k0052_WYG_028-96a
049.md	667	KR2k0052_WYG_028-96b
049.md	675	KR2k0052_WYG_028-97a
049.md	683	KR2k0052_WYG_028-97b
049.md	691	KR2k0052_WYG_028-98a
049.md	699	KR2k0052_WYG_028-98b
049.md	707	KR2k0052_WYG_028-99a
049.md	715	KR2k0052_WYG_028-99b
049.md	723	KR2k0052_WYG_028-100a
049.md	731	KR2k0052_WYG_028-100b
050.md	3	KR2k0052_WYG_029-1a
050.md	11	KR2k0052_WYG_029-1b
050.md	19	KR2k0052_WYG_029-2a
050.md	27	KR2k0052_WYG_029-2b
050.md	35	KR2k0052_WYG_029-3a
050.md	43	KR2k0052_WYG_029-3b
050.md	51	KR2k0052_WYG_029-4a
050.md	59	KR2k0052_WYG_029-4b
050.md	67	KR2k0052_WYG_029-5a
050.md	75	KR2k0052_WYG_029-5b
050.md	83	KR2k0052_WYG_029-6a
050.md	91	KR2k0052_WYG_029-6b
050.md	99	KR2k0052_WYG_029-7a
050.md	107	KR2k0052_WYG_029-7b
050.md	115	KR2k0052_WYG_029-8a
050.md	123	KR2k0052_WYG_029-8b
050.md	131	KR2k0052_WYG_029-9a
050.md	139	KR2k0052_WYG_029-9b
050.md	147	KR2k0052_WYG_029-10a
050.md	155	KR2k0052_WYG_029-10b
050.md	163	KR2k0052_WYG_029-11a
050.md	171	KR2k0052_WYG_029-11b
050.md	179	KR2k0052_WYG_029-12a
050.md	187	KR2k0052_WYG_029-12b
050.md	195	KR2k0052_WYG_029-13a
050.md	203	KR2k0052_WYG_029-13b
050.md	211	KR2k0052_WYG_029-14a
050.md	219	KR2k0052_WYG_029-14b
050.md	227	KR2k0052_WYG_029-15a
050.md	235	KR2k0052_WYG_029-15b
050.md	243	KR2k0052_WYG_029-16a
050.md	251	KR2k0052_WYG_029-16b
050.md	259	KR2k0052_WYG_029-17a
050.md	267	KR2k0052_WYG_029-17b
051.md	3	KR2k0052_WYG_029-18a
051.md	11	KR2k0052_WYG_029-18b
051.md	19	KR2k0052_WYG_029-19a
051.md	27	KR2k0052_WYG_029-19b
051.md	35	KR2k0052_WYG_029-20a
051.md	43	KR2k0052_WYG_029-20b
051.md	51	KR2k0052_WYG_029-21a
051.md	59	KR2k0052_WYG_029-21b
051.md	67	KR2k0052_WYG_029-22a
051.md	75	KR2k0052_WYG_029-22b
051.md	83	KR2k0052_WYG_029-23a
051.md	91	KR2k0052_WYG_029-23b
051.md	99	KR2k0052_WYG_029-24a
051.md	107	KR2k0052_WYG_029-24b
052.md	3	KR2k0052_WYG_029-25a
052.md	11	KR2k0052_WYG_029-25b
052.md	19	KR2k0052_WYG_029-26a
052.md	27	KR2k0052_WYG_029-26b
052.md	35	KR2k0052_WYG_029-27a
052.md	43	KR2k0052_WYG_029-27b
052.md	51	KR2k0052_WYG_029-28a
052.md	59	KR2k0052_WYG_029-28b
052.md	67	KR2k0052_WYG_029-29a
052.md	75	KR2k0052_WYG_029-29b
052.md	83	KR2k0052_WYG_029-30a
052.md	91	KR2k0052_WYG_029-30b
052.md	99	KR2k0052_WYG_029-31a
052.md	107	KR2k0052_WYG_029-31b
052.md	115	KR2k0052_WYG_029-32a
052.md	123	KR2k0052_WYG_029-32b
052.md	131	KR2k0052_WYG_029-33a
052.md	139	KR2k0052_WYG_029-33b
052.md	147	KR2k0052_WYG_029-34a
052.md	155	KR2k0052_WYG_029-34b
052.md	163	KR2k0052_WYG_029-35a
052.md	171	KR2k0052_WYG_029-35b
052.md	179	KR2k0052_WYG_029-36a
052.md	187	KR2k0052_WYG_029-36b
052.md	195	KR2k0052_WYG_029-37a
052.md	203	KR2k0052_WYG_029-37b
052.md	211	KR2k0052_WYG_029-38a
052.md	219	KR2k0052_WYG_029-38b
052.md	227	KR2k0052_WYG_029-39a
052.md	235	KR2k0052_WYG_029-39b
052.md	243	KR2k0052_WYG_029-40a
052.md	251	KR2k0052_WYG_029-40b
052.md	259	KR2k0052_WYG_029-41a
052.md	267	KR2k0052_WYG_029-41b
052.md	275	KR2k0052_WYG_029-42a
052.md	283	KR2k0052_WYG_029-42b
052.md	291	KR2k0052_WYG_029-43a
052.md	299	KR2k0052_WYG_029-43b
052.md	307	KR2k0052_WYG_029-44a
052.md	315	KR2k0052_WYG_029-44b
052.md	323	KR2k0052_WYG_029-45a
052.md	331	KR2k0052_WYG_029-45b
052.md	339	KR2k0052_WYG_029-46a
052.md	347	KR2k0052_WYG_029-46b
052.md	355	KR2k0052_WYG_029-47a
052.md	363	KR2k0052_WYG_029-47b
052.md	371	KR2k0052_WYG_029-48a
052.md	379	KR2k0052_WYG_029-48b
052.md	387	KR2k0052_WYG_029-49a
052.md	395	KR2k0052_WYG_029-49b
052.md	403	KR2k0052_WYG_029-50a
052.md	411	KR2k0052_WYG_029-50b
052.md	419	KR2k0052_WYG_029-51a
052.md	427	KR2k0052_WYG_029-51b
052.md	435	KR2k0052_WYG_029-52a
052.md	443	KR2k0052_WYG_029-52b
052.md	451	KR2k0052_WYG_029-53a
052.md	459	KR2k0052_WYG_029-53b
052.md	467	KR2k0052_WYG_029-54a
052.md	475	KR2k0052_WYG_029-54b
053.md	3	KR2k0052_WYG_030-1a
053.md	11	KR2k0052_WYG_030-1b
053.md	19	KR2k0052_WYG_030-2a
053.md	27	KR2k0052_WYG_030-2b
053.md	35	KR2k0052_WYG_030-3a
053.md	43	KR2k0052_WYG_030-3b
053.md	51	KR2k0052_WYG_030-4a
053.md	59	KR2k0052_WYG_030-4b
053.md	67	KR2k0052_WYG_030-5a
053.md	75	KR2k0052_WYG_030-5b
053.md	83	KR2k0052_WYG_030-6a
053.md	91	KR2k0052_WYG_030-6b
053.md	99	KR2k0052_WYG_030-7a
053.md	107	KR2k0052_WYG_030-7b
053.md	115	KR2k0052_WYG_030-8a
053.md	123	KR2k0052_WYG_030-8b
053.md	131	KR2k0052_WYG_030-9a
053.md	139	KR2k0052_WYG_030-9b
053.md	147	KR2k0052_WYG_030-10a
053.md	155	KR2k0052_WYG_030-10b
053.md	163	KR2k0052_WYG_030-11a
053.md	171	KR2k0052_WYG_030-11b
053.md	179	KR2k0052_WYG_030-12a
053.md	187	KR2k0052_WYG_030-12b
053.md	195	KR2k0052_WYG_030-13a
053.md	203	KR2k0052_WYG_030-13b
053.md	211	KR2k0052_WYG_030-14a
053.md	219	KR2k0052_WYG_030-14b
053.md	227	KR2k0052_WYG_030-15a
053.md	235	KR2k0052_WYG_030-15b
053.md	243	KR2k0052_WYG_030-16a
053.md	251	KR2k0052_WYG_030-16b
053.md	259	KR2k0052_WYG_030-17a
053.md	267	KR2k0052_WYG_030-17b
053.md	275	KR2k0052_WYG_030-18a
053.md	283	KR2k0052_WYG_030-18b
053.md	291	KR2k0052_WYG_030-19a
053.md	299	KR2k0052_WYG_030-19b
053.md	307	KR2k0052_WYG_030-20a
053.md	315	KR2k0052_WYG_030-20b
053.md	323	KR2k0052_WYG_030-21a
053.md	331	KR2k0052_WYG_030-21b
053.md	339	KR2k0052_WYG_030-22a
053.md	347	KR2k0052_WYG_030-22b
053.md	355	KR2k0052_WYG_030-23a
053.md	363	KR2k0052_WYG_030-23b
053.md	371	KR2k0052_WYG_030-24a
053.md	379	KR2k0052_WYG_030-24b
053.md	387	KR2k0052_WYG_030-25a
053.md	395	KR2k0052_WYG_030-25b
053.md	403	KR2k0052_WYG_030-26a
053.md	411	KR2k0052_WYG_030-26b
053.md	419	KR2k0052_WYG_030-27a
053.md	427	KR2k0052_WYG_030-27b
053.md	435	KR2k0052_WYG_030-28a
053.md	443	KR2k0052_WYG_030-28b
053.md	451	KR2k0052_WYG_030-29a
053.md	459	KR2k0052_WYG_030-29b
053.md	467	KR2k0052_WYG_030-30a
053.md	475	KR2k0052_WYG_030-30b
053.md	483	KR2k0052_WYG_030-31a
053.md	491	KR2k0052_WYG_030-31b
053.md	499	KR2k0052_WYG_030-32a
053.md	507	KR2k0052_WYG_030-32b
053.md	515	KR2k0052_WYG_030-33a
053.md	523	KR2k0052_WYG_030-33b
053.md	531	KR2k0052_WYG_030-34a
053.md	539	KR2k0052_WYG_030-34b
053.md	547	KR2k0052_WYG_030-35a
053.md	555	KR2k0052_WYG_030-35b
053.md	563	KR2k0052_WYG_030-36a
053.md	571	KR2k0052_WYG_030-36b
053.md	579	KR2k0052_WYG_030-37a
053.md	587	KR2k0052_WYG_030-37b
053.md	595	KR2k0052_WYG_030-38a
053.md	603	KR2k0052_WYG_030-38b
053.md	611	KR2k0052_WYG_030-39a
053.md	619	KR2k0052_WYG_030-39b
053.md	627	KR2k0052_WYG_030-40a
053.md	635	KR2k0052_WYG_030-40b
053.md	643	KR2k0052_WYG_030-41a
053.md	651	KR2k0052_WYG_030-41b
053.md	659	KR2k0052_WYG_030-42a
053.md	667	KR2k0052_WYG_030-42b
053.md	675	KR2k0052_WYG_030-43a
053.md	683	KR2k0052_WYG_030-43b
053.md	691	KR2k0052_WYG_030-44a
053.md	699	KR2k0052_WYG_030-44b
053.md	707	KR2k0052_WYG_030-45a
053.md	715	KR2k0052_WYG_030-45b
053.md	723	KR2k0052_WYG_030-46a
053.md	731	KR2k0052_WYG_030-46b
053.md	739	KR2k0052_WYG_030-47a
053.md	747	KR2k0052_WYG_030-47b
053.md	755	KR2k0052_WYG_030-48a
053.md	763	KR2k0052_WYG_030-48b
053.md	771	KR2k0052_WYG_030-49a
053.md	779	KR2k0052_WYG_030-49b
053.md	787	KR2k0052_WYG_030-50a
053.md	795	KR2k0052_WYG_030-50b
053.md	803	KR2k0052_WYG_030-51a
053.md	811	KR2k0052_WYG_030-51b
053.md	819	KR2k0052_WYG_030-52a
053.md	827	KR2k0052_WYG_030-52b
053.md	835	KR2k0052_WYG_030-53a
053.md	843	KR2k0052_WYG_030-53b
053.md	851	KR2k0052_WYG_030-54a
053.md	859	KR2k0052_WYG_030-54b
053.md	867	KR2k0052_WYG_030-55a
053.md	875	KR2k0052_WYG_030-55b
053.md	883	KR2k0052_WYG_030-56a
053.md	891	KR2k0052_WYG_030-56b
053.md	899	KR2k0052_WYG_030-57a
053.md	907	KR2k0052_WYG_030-57b
053.md	915	KR2k0052_WYG_030-58a
053.md	923	KR2k0052_WYG_030-58b
053.md	931	KR2k0052_WYG_030-59a
053.md	939	KR2k0052_WYG_030-59b
053.md	947	KR2k0052_WYG_030-60a
053.md	955	KR2k0052_WYG_030-60b
053.md	963	KR2k0052_WYG_030-61a
053.md	971	KR2k0052_WYG_030-61b
053.md	979	KR2k0052_WYG_030-62a
053.md	987	KR2k0052_WYG_030-62b
053.md	995	KR2k0052_WYG_030-63a
053.md	1003	KR2k0052_WYG_030-63b
053.md	1011	KR2k0052_WYG_030-64a
053.md	1019	KR2k0052_WYG_030-64b
053.md	1027	KR2k0052_WYG_030-65a
053.md	1035	KR2k0052_WYG_030-65b
053.md	1043	KR2k0052_WYG_030-66a
053.md	1051	KR2k0052_WYG_030-66b
053.md	1059	KR2k0052_WYG_030-67a
053.md	1067	KR2k0052_WYG_030-67b
053.md	1075	KR2k0052_WYG_030-68a
053.md	1083	KR2k0052_WYG_030-68b
053.md	1091	KR2k0052_WYG_030-69a
053.md	1099	KR2k0052_WYG_030-69b
053.md	1107	KR2k0052_WYG_030-70a
053.md	1115	KR2k0052_WYG_030-70b
053.md	1123	KR2k0052_WYG_030-71a
053.md	1131	KR2k0052_WYG_030-71b
053.md	1139	KR2k0052_WYG_030-72a
053.md	1147	KR2k0052_WYG_030-72b
053.md	1155	KR2k0052_WYG_030-73a
053.md	1163	KR2k0052_WYG_030-73b
053.md	1171	KR2k0052_WYG_030-74a
053.md	1179	KR2k0052_WYG_030-74b
053.md	1187	KR2k0052_WYG_030-75a
053.md	1195	KR2k0052_WYG_030-75b
053.md	1203	KR2k0052_WYG_030-76a
053.md	1211	KR2k0052_WYG_030-76b
053.md	1219	KR2k0052_WYG_030-77a
053.md	1227	KR2k0052_WYG_030-77b
053.md	1235	KR2k0052_WYG_030-78a
053.md	1243	KR2k0052_WYG_030-78b
053.md	1251	KR2k0052_WYG_030-79a
053.md	1259	KR2k0052_WYG_030-79b
053.md	1267	KR2k0052_WYG_030-80a
053.md	1275	KR2k0052_WYG_030-80b
053.md	1283	KR2k0052_WYG_030-81a
053.md	1291	KR2k0052_WYG_030-81b
053.md	1299	KR2k0052_WYG_030-82a
053.md	1307	KR2k0052_WYG_030-82b
053.md	1315	KR2k0052_WYG_030-83a
053.md	1323	KR2k0052_WYG_030-83b
053.md	1331	KR2k0052_WYG_030-84a
053.md	1339	KR2k0052_WYG_030-84b
053.md	1347	KR2k0052_WYG_030-85a
053.md	1355	KR2k0052_WYG_030-85b
053.md	1363	KR2k0052_WYG_030-86a
053.md	1371	KR2k0052_WYG_030-86b
053.md	1379	KR2k0052_WYG_030-87a
053.md	1387	KR2k0052_WYG_030-87b
053.md	1395	KR2k0052_WYG_030-88a
053.md	1403	KR2k0052_WYG_030-88b
053.md	1411	KR2k0052_WYG_030-89a
053.md	1419	KR2k0052_WYG_030-89b
053.md	1427	KR2k0052_WYG_030-90a
053.md	1435	KR2k0052_WYG_030-90b
053.md	1443	KR2k0052_WYG_030-91a
053.md	1451	KR2k0052_WYG_030-91b
053.md	1459	KR2k0052_WYG_030-92a
053.md	1467	KR2k0052_WYG_030-92b
053.md	1475	KR2k0052_WYG_030-93a
053.md	1483	KR2k0052_WYG_030-93b
053.md	1491	KR2k0052_WYG_030-94a
053.md	1499	KR2k0052_WYG_030-94b
054.md	3	KR2k0052_WYG_031-1a
054.md	11	KR2k0052_WYG_031-1b
054.md	19	KR2k0052_WYG_031-2a
054.md	27	KR2k0052_WYG_031-2b
054.md	35	KR2k0052_WYG_031-3a
054.md	43	KR2k0052_WYG_031-3b
054.md	51	KR2k0052_WYG_031-4a
054.md	59	KR2k0052_WYG_031-4b
054.md	67	KR2k0052_WYG_031-5a
054.md	75	KR2k0052_WYG_031-5b
054.md	83	KR2k0052_WYG_031-6a
054.md	91	KR2k0052_WYG_031-6b
054.md	99	KR2k0052_WYG_031-7a
054.md	107	KR2k0052_WYG_031-7b
054.md	115	KR2k0052_WYG_031-8a
054.md	123	KR2k0052_WYG_031-8b
054.md	131	KR2k0052_WYG_031-9a
054.md	139	KR2k0052_WYG_031-9b
054.md	147	KR2k0052_WYG_031-10a
054.md	155	KR2k0052_WYG_031-10b
054.md	163	KR2k0052_WYG_031-11a
054.md	171	KR2k0052_WYG_031-11b
054.md	179	KR2k0052_WYG_031-12a
054.md	187	KR2k0052_WYG_031-12b
054.md	195	KR2k0052_WYG_031-13a
054.md	203	KR2k0052_WYG_031-13b
054.md	211	KR2k0052_WYG_031-14a
054.md	219	KR2k0052_WYG_031-14b
054.md	227	KR2k0052_WYG_031-15a
054.md	235	KR2k0052_WYG_031-15b
054.md	243	KR2k0052_WYG_031-16a
054.md	251	KR2k0052_WYG_031-16b
054.md	259	KR2k0052_WYG_031-17a
054.md	267	KR2k0052_WYG_031-17b
054.md	275	KR2k0052_WYG_031-18a
054.md	283	KR2k0052_WYG_031-18b
054.md	291	KR2k0052_WYG_031-19a
054.md	299	KR2k0052_WYG_031-19b
054.md	307	KR2k0052_WYG_031-20a
054.md	315	KR2k0052_WYG_031-20b
054.md	323	KR2k0052_WYG_031-21a
054.md	331	KR2k0052_WYG_031-21b
054.md	339	KR2k0052_WYG_031-22a
054.md	347	KR2k0052_WYG_031-22b
054.md	355	KR2k0052_WYG_031-23a
054.md	363	KR2k0052_WYG_031-23b
054.md	371	KR2k0052_WYG_031-24a
054.md	379	KR2k0052_WYG_031-24b
054.md	387	KR2k0052_WYG_031-25a
054.md	395	KR2k0052_WYG_031-25b
054.md	403	KR2k0052_WYG_031-26a
054.md	411	KR2k0052_WYG_031-26b
054.md	419	KR2k0052_WYG_031-27a
054.md	427	KR2k0052_WYG_031-27b
054.md	435	KR2k0052_WYG_031-28a
054.md	443	KR2k0052_WYG_031-28b
054.md	451	KR2k0052_WYG_031-29a
054.md	459	KR2k0052_WYG_031-29b
054.md	467	KR2k0052_WYG_031-30a
054.md	475	KR2k0052_WYG_031-30b
054.md	483	KR2k0052_WYG_031-31a
054.md	491	KR2k0052_WYG_031-31b
054.md	499	KR2k0052_WYG_031-32a
054.md	507	KR2k0052_WYG_031-32b
054.md	515	KR2k0052_WYG_031-33a
054.md	523	KR2k0052_WYG_031-33b
054.md	531	KR2k0052_WYG_031-34a
054.md	539	KR2k0052_WYG_031-34b
054.md	547	KR2k0052_WYG_031-35a
054.md	555	KR2k0052_WYG_031-35b
054.md	563	KR2k0052_WYG_031-36a
054.md	571	KR2k0052_WYG_031-36b
054.md	579	KR2k0052_WYG_031-37a
054.md	587	KR2k0052_WYG_031-37b
054.md	595	KR2k0052_WYG_031-38a
054.md	603	KR2k0052_WYG_031-38b
054.md	611	KR2k0052_WYG_031-39a
054.md	619	KR2k0052_WYG_031-39b
054.md	627	KR2k0052_WYG_031-40a
054.md	635	KR2k0052_WYG_031-40b
054.md	643	KR2k0052_WYG_031-41a
054.md	651	KR2k0052_WYG_031-41b
054.md	659	KR2k0052_WYG_031-42a
054.md	667	KR2k0052_WYG_031-42b
054.md	675	KR2k0052_WYG_031-43a
054.md	683	KR2k0052_WYG_031-43b
054.md	691	KR2k0052_WYG_031-44a
054.md	699	KR2k0052_WYG_031-44b
054.md	707	KR2k0052_WYG_031-45a
054.md	715	KR2k0052_WYG_031-45b
054.md	723	KR2k0052_WYG_031-46a
054.md	731	KR2k0052_WYG_031-46b
054.md	739	KR2k0052_WYG_031-47a
054.md	747	KR2k0052_WYG_031-47b
054.md	755	KR2k0052_WYG_031-48a
054.md	763	KR2k0052_WYG_031-48b
054.md	771	KR2k0052_WYG_031-49a
054.md	779	KR2k0052_WYG_031-49b
054.md	787	KR2k0052_WYG_031-50a
054.md	795	KR2k0052_WYG_031-50b
054.md	803	KR2k0052_WYG_031-51a
054.md	811	KR2k0052_WYG_031-51b
054.md	819	KR2k0052_WYG_031-52a
054.md	827	KR2k0052_WYG_031-52b
054.md	835	KR2k0052_WYG_031-53a
054.md	843	KR2k0052_WYG_031-53b
054.md	851	KR2k0052_WYG_031-54a
054.md	859	KR2k0052_WYG_031-54b
054.md	867	KR2k0052_WYG_031-55a
054.md	875	KR2k0052_WYG_031-55b
054.md	883	KR2k0052_WYG_031-56a
054.md	891	KR2k0052_WYG_031-56b
054.md	899	KR2k0052_WYG_031-57a
054.md	907	KR2k0052_WYG_031-57b
054.md	915	KR2k0052_WYG_031-58a
054.md	923	KR2k0052_WYG_031-58b
054.md	931	KR2k0052_WYG_031-59a
054.md	939	KR2k0052_WYG_031-59b
054.md	947	KR2k0052_WYG_031-60a
054.md	955	KR2k0052_WYG_031-60b
054.md	963	KR2k0052_WYG_031-61a
054.md	971	KR2k0052_WYG_031-61b
054.md	979	KR2k0052_WYG_031-62a
054.md	987	KR2k0052_WYG_031-62b
054.md	995	KR2k0052_WYG_031-63a
054.md	1003	KR2k0052_WYG_031-63b
054.md	1011	KR2k0052_WYG_031-64a
054.md	1019	KR2k0052_WYG_031-64b
054.md	1027	KR2k0052_WYG_031-65a
054.md	1035	KR2k0052_WYG_031-65b
054.md	1043	KR2k0052_WYG_031-66a
054.md	1051	KR2k0052_WYG_031-66b
054.md	1059	KR2k0052_WYG_031-67a
054.md	1067	KR2k0052_WYG_031-67b
054.md	1075	KR2k0052_WYG_031-68a
054.md	1083	KR2k0052_WYG_031-68b
054.md	1091	KR2k0052_WYG_031-69a
054.md	1099	KR2k0052_WYG_031-69b
054.md	1107	KR2k0052_WYG_031-70a
054.md	1115	KR2k0052_WYG_031-70b
054.md	1123	KR2k0052_WYG_031-71a
054.md	1131	KR2k0052_WYG_031-71b
054.md	1139	KR2k0052_WYG_031-72a
054.md	1147	KR2k0052_WYG_031-72b
054.md	1155	KR2k0052_WYG_031-73a
054.md	1163	KR2k0052_WYG_031-73b
054.md	1171	KR2k0052_WYG_031-74a
054.md	1179	KR2k0052_WYG_031-74b
054.md	1187	KR2k0052_WYG_031-75a
054.md	1195	KR2k0052_WYG_031-75b
054.md	1203	KR2k0052_WYG_031-76a
054.md	1211	KR2k0052_WYG_031-76b
054.md	1219	KR2k0052_WYG_031-77a
054.md	1227	KR2k0052_WYG_031-77b
054.md	1235	KR2k0052_WYG_031-78a
054.md	1243	KR2k0052_WYG_031-78b
054.md	1251	KR2k0052_WYG_031-79a
054.md	1259	KR2k0052_WYG_031-79b
054.md	1267	KR2k0052_WYG_031-80a
054.md	1275	KR2k0052_WYG_031-80b
054.md	1283	KR2k0052_WYG_031-81a
054.md	1291	KR2k0052_WYG_031-81b
054.md	1299	KR2k0052_WYG_031-82a
054.md	1307	KR2k0052_WYG_031-82b
054.md	1315	KR2k0052_WYG_031-83a
054.md	1323	KR2k0052_WYG_031-83b
054.md	1331	KR2k0052_WYG_031-84a
054.md	1339	KR2k0052_WYG_031-84b
054.md	1347	KR2k0052_WYG_031-85a
054.md	1355	KR2k0052_WYG_031-85b
054.md	1363	KR2k0052_WYG_031-86a
054.md	1371	KR2k0052_WYG_031-86b
054.md	1379	KR2k0052_WYG_031-87a
054.md	1387	KR2k0052_WYG_031-87b
054.md	1395	KR2k0052_WYG_031-88a
054.md	1403	KR2k0052_WYG_031-88b
054.md	1411	KR2k0052_WYG_031-89a
054.md	1419	KR2k0052_WYG_031-89b
054.md	1427	KR2k0052_WYG_031-90a
054.md	1435	KR2k0052_WYG_031-90b
054.md	1443	KR2k0052_WYG_031-91a
054.md	1451	KR2k0052_WYG_031-91b
054.md	1459	KR2k0052_WYG_031-92a
054.md	1467	KR2k0052_WYG_031-92b
055.md	3	KR2k0052_WYG_032-1a
055.md	11	KR2k0052_WYG_032-1b
055.md	19	KR2k0052_WYG_032-2a
055.md	27	KR2k0052_WYG_032-2b
055.md	35	KR2k0052_WYG_032-3a
055.md	43	KR2k0052_WYG_032-3b
055.md	51	KR2k0052_WYG_032-4a
055.md	59	KR2k0052_WYG_032-4b
055.md	67	KR2k0052_WYG_032-5a
055.md	75	KR2k0052_WYG_032-5b
055.md	83	KR2k0052_WYG_032-6a
055.md	91	KR2k0052_WYG_032-6b
055.md	99	KR2k0052_WYG_032-7a
055.md	107	KR2k0052_WYG_032-7b
055.md	115	KR2k0052_WYG_032-8a
055.md	123	KR2k0052_WYG_032-8b
055.md	131	KR2k0052_WYG_032-9a
055.md	139	KR2k0052_WYG_032-9b
055.md	147	KR2k0052_WYG_032-10a
055.md	155	KR2k0052_WYG_032-10b
055.md	163	KR2k0052_WYG_032-11a
055.md	171	KR2k0052_WYG_032-11b
055.md	179	KR2k0052_WYG_032-12a
055.md	187	KR2k0052_WYG_032-12b
055.md	195	KR2k0052_WYG_032-13a
055.md	203	KR2k0052_WYG_032-13b
055.md	211	KR2k0052_WYG_032-14a
055.md	219	KR2k0052_WYG_032-14b
055.md	227	KR2k0052_WYG_032-15a
055.md	235	KR2k0052_WYG_032-15b
055.md	243	KR2k0052_WYG_032-16a
055.md	251	KR2k0052_WYG_032-16b
055.md	259	KR2k0052_WYG_032-17a
055.md	267	KR2k0052_WYG_032-17b
055.md	275	KR2k0052_WYG_032-18a
055.md	283	KR2k0052_WYG_032-18b
055.md	291	KR2k0052_WYG_032-19a
055.md	299	KR2k0052_WYG_032-19b
055.md	307	KR2k0052_WYG_032-20a
055.md	315	KR2k0052_WYG_032-20b
055.md	323	KR2k0052_WYG_032-21a
055.md	331	KR2k0052_WYG_032-21b
055.md	339	KR2k0052_WYG_032-22a
055.md	347	KR2k0052_WYG_032-22b
055.md	355	KR2k0052_WYG_032-23a
055.md	363	KR2k0052_WYG_032-23b
055.md	371	KR2k0052_WYG_032-24a
055.md	379	KR2k0052_WYG_032-24b
055.md	387	KR2k0052_WYG_032-25a
055.md	395	KR2k0052_WYG_032-25b
055.md	403	KR2k0052_WYG_032-26a
055.md	411	KR2k0052_WYG_032-26b
055.md	419	KR2k0052_WYG_032-27a
055.md	427	KR2k0052_WYG_032-27b
055.md	435	KR2k0052_WYG_032-28a
055.md	443	KR2k0052_WYG_032-28b
055.md	451	KR2k0052_WYG_032-29a
055.md	459	KR2k0052_WYG_032-29b
055.md	467	KR2k0052_WYG_032-30a
055.md	475	KR2k0052_WYG_032-30b
055.md	483	KR2k0052_WYG_032-31a
055.md	491	KR2k0052_WYG_032-31b
055.md	499	KR2k0052_WYG_032-32a
055.md	507	KR2k0052_WYG_032-32b
055.md	515	KR2k0052_WYG_032-33a
055.md	523	KR2k0052_WYG_032-33b
055.md	531	KR2k0052_WYG_032-34a
055.md	539	KR2k0052_WYG_032-34b
055.md	547	KR2k0052_WYG_032-35a
055.md	555	KR2k0052_WYG_032-35b
055.md	563	KR2k0052_WYG_032-36a
055.md	571	KR2k0052_WYG_032-36b
055.md	579	KR2k0052_WYG_032-37a
055.md	587	KR2k0052_WYG_032-37b
055.md	595	KR2k0052_WYG_032-38a
055.md	603	KR2k0052_WYG_032-38b
055.md	611	KR2k0052_WYG_032-39a
055.md	619	KR2k0052_WYG_032-39b
055.md	627	KR2k0052_WYG_032-40a
055.md	635	KR2k0052_WYG_032-40b
055.md	643	KR2k0052_WYG_032-41a
055.md	651	KR2k0052_WYG_032-41b
055.md	659	KR2k0052_WYG_032-42a
055.md	667	KR2k0052_WYG_032-42b
055.md	675	KR2k0052_WYG_032-43a
055.md	683	KR2k0052_WYG_032-43b
055.md	691	KR2k0052_WYG_032-44a
055.md	699	KR2k0052_WYG_032-44b
055.md	707	KR2k0052_WYG_032-45a
055.md	715	KR2k0052_WYG_032-45b
055.md	723	KR2k0052_WYG_032-46a
055.md	731	KR2k0052_WYG_032-46b
055.md	739	KR2k0052_WYG_032-47a
055.md	747	KR2k0052_WYG_032-47b
055.md	755	KR2k0052_WYG_032-48a
055.md	763	KR2k0052_WYG_032-48b
055.md	771	KR2k0052_WYG_032-49a
055.md	779	KR2k0052_WYG_032-49b
055.md	787	KR2k0052_WYG_032-50a
055.md	795	KR2k0052_WYG_032-50b
055.md	803	KR2k0052_WYG_032-51a
055.md	811	KR2k0052_WYG_032-51b
055.md	819	KR2k0052_WYG_032-52a
055.md	827	KR2k0052_WYG_032-52b
055.md	835	KR2k0052_WYG_032-53a
055.md	843	KR2k0052_WYG_032-53b
055.md	851	KR2k0052_WYG_032-54a
055.md	859	KR2k0052_WYG_032-54b
055.md	867	KR2k0052_WYG_032-55a
055.md	875	KR2k0052_WYG_032-55b
055.md	883	KR2k0052_WYG_032-56a
055.md	891	KR2k0052_WYG_032-56b
055.md	899	KR2k0052_WYG_032-57a
055.md	907	KR2k0052_WYG_032-57b
055.md	915	KR2k0052_WYG_032-58a
055.md	923	KR2k0052_WYG_032-58b
055.md	931	KR2k0052_WYG_032-59a
055.md	939	KR2k0052_WYG_032-59b
055.md	947	KR2k0052_WYG_032-60a
055.md	955	KR2k0052_WYG_032-60b
056.md	3	KR2k0052_WYG_033-1a
056.md	11	KR2k0052_WYG_033-1b
056.md	19	KR2k0052_WYG_033-2a
056.md	27	KR2k0052_WYG_033-2b
056.md	35	KR2k0052_WYG_033-3a
056.md	43	KR2k0052_WYG_033-3b
056.md	51	KR2k0052_WYG_033-4a
056.md	59	KR2k0052_WYG_033-4b
056.md	67	KR2k0052_WYG_033-5a
056.md	75	KR2k0052_WYG_033-5b
056.md	83	KR2k0052_WYG_033-6a
056.md	91	KR2k0052_WYG_033-6b
056.md	99	KR2k0052_WYG_033-7a
056.md	107	KR2k0052_WYG_033-7b
056.md	115	KR2k0052_WYG_033-8a
056.md	123	KR2k0052_WYG_033-8b
056.md	131	KR2k0052_WYG_033-9a
056.md	139	KR2k0052_WYG_033-9b
056.md	147	KR2k0052_WYG_033-10a
056.md	155	KR2k0052_WYG_033-10b
056.md	163	KR2k0052_WYG_033-11a
056.md	171	KR2k0052_WYG_033-11b
056.md	179	KR2k0052_WYG_033-12a
056.md	187	KR2k0052_WYG_033-12b
056.md	195	KR2k0052_WYG_033-13a
056.md	203	KR2k0052_WYG_033-13b
056.md	211	KR2k0052_WYG_033-14a
056.md	219	KR2k0052_WYG_033-14b
056.md	227	KR2k0052_WYG_033-15a
056.md	235	KR2k0052_WYG_033-15b
056.md	243	KR2k0052_WYG_033-16a
056.md	251	KR2k0052_WYG_033-16b
056.md	259	KR2k0052_WYG_033-17a
056.md	267	KR2k0052_WYG_033-17b
056.md	275	KR2k0052_WYG_033-18a
056.md	283	KR2k0052_WYG_033-18b
056.md	291	KR2k0052_WYG_033-19a
056.md	299	KR2k0052_WYG_033-19b
056.md	307	KR2k0052_WYG_033-20a
056.md	315	KR2k0052_WYG_033-20b
056.md	323	KR2k0052_WYG_033-21a
056.md	331	KR2k0052_WYG_033-21b
056.md	339	KR2k0052_WYG_033-22a
056.md	347	KR2k0052_WYG_033-22b
056.md	355	KR2k0052_WYG_033-23a
056.md	363	KR2k0052_WYG_033-23b
056.md	371	KR2k0052_WYG_033-24a
056.md	379	KR2k0052_WYG_033-24b
056.md	387	KR2k0052_WYG_033-25a
056.md	395	KR2k0052_WYG_033-25b
056.md	403	KR2k0052_WYG_033-26a
056.md	411	KR2k0052_WYG_033-26b
056.md	419	KR2k0052_WYG_033-27a
056.md	427	KR2k0052_WYG_033-27b
056.md	435	KR2k0052_WYG_033-28a
056.md	443	KR2k0052_WYG_033-28b
056.md	451	KR2k0052_WYG_033-29a
056.md	459	KR2k0052_WYG_033-29b
056.md	467	KR2k0052_WYG_033-30a
056.md	475	KR2k0052_WYG_033-30b
056.md	483	KR2k0052_WYG_033-31a
056.md	491	KR2k0052_WYG_033-31b
056.md	499	KR2k0052_WYG_033-32a
056.md	507	KR2k0052_WYG_033-32b
056.md	515	KR2k0052_WYG_033-33a
056.md	523	KR2k0052_WYG_033-33b
056.md	531	KR2k0052_WYG_033-34a
056.md	539	KR2k0052_WYG_033-34b
056.md	547	KR2k0052_WYG_033-35a
056.md	555	KR2k0052_WYG_033-35b
056.md	563	KR2k0052_WYG_033-36a
056.md	571	KR2k0052_WYG_033-36b
056.md	579	KR2k0052_WYG_033-37a
056.md	587	KR2k0052_WYG_033-37b
056.md	595	KR2k0052_WYG_033-38a
056.md	603	KR2k0052_WYG_033-38b
056.md	611	KR2k0052_WYG_033-39a
056.md	619	KR2k0052_WYG_033-39b
056.md	627	KR2k0052_WYG_033-40a
056.md	635	KR2k0052_WYG_033-40b
056.md	643	KR2k0052_WYG_033-41a
056.md	651	KR2k0052_WYG_033-41b
056.md	659	KR2k0052_WYG_033-42a
056.md	667	KR2k0052_WYG_033-42b
056.md	675	KR2k0052_WYG_033-43a
056.md	683	KR2k0052_WYG_033-43b
056.md	691	KR2k0052_WYG_033-44a
056.md	699	KR2k0052_WYG_033-44b
056.md	707	KR2k0052_WYG_033-45a
056.md	715	KR2k0052_WYG_033-45b
056.md	723	KR2k0052_WYG_033-46a
056.md	731	KR2k0052_WYG_033-46b
056.md	739	KR2k0052_WYG_033-47a
056.md	747	KR2k0052_WYG_033-47b
056.md	755	KR2k0052_WYG_033-48a
056.md	763	KR2k0052_WYG_033-48b
056.md	771	KR2k0052_WYG_033-49a
056.md	779	KR2k0052_WYG_033-49b
056.md	787	KR2k0052_WYG_033-50a
056.md	795	KR2k0052_WYG_033-50b
056.md	803	KR2k0052_WYG_033-51a
056.md	811	KR2k0052_WYG_033-51b
056.md	819	KR2k0052_WYG_033-52a
056.md	827	KR2k0052_WYG_033-52b
056.md	835	KR2k0052_WYG_033-53a
056.md	843	KR2k0052_WYG_033-53b
056.md	851	KR2k0052_WYG_033-54a
056.md	859	KR2k0052_WYG_033-54b
056.md	867	KR2k0052_WYG_033-55a
056.md	875	KR2k0052_WYG_033-55b
056.md	883	KR2k0052_WYG_033-56a
056.md	891	KR2k0052_WYG_033-56b
056.md	899	KR2k0052_WYG_033-57a
056.md	907	KR2k0052_WYG_033-57b
056.md	915	KR2k0052_WYG_033-58a
056.md	923	KR2k0052_WYG_033-58b
056.md	931	KR2k0052_WYG_033-59a
056.md	939	KR2k0052_WYG_033-59b
056.md	947	KR2k0052_WYG_033-60a
056.md	955	KR2k0052_WYG_033-60b
056.md	963	KR2k0052_WYG_033-61a
056.md	971	KR2k0052_WYG_033-61b
056.md	979	KR2k0052_WYG_033-62a
056.md	987	KR2k0052_WYG_033-62b
056.md	995	KR2k0052_WYG_033-63a
056.md	1003	KR2k0052_WYG_033-63b
056.md	1011	KR2k0052_WYG_033-64a
056.md	1019	KR2k0052_WYG_033-64b
056.md	1027	KR2k0052_WYG_033-65a
056.md	1035	KR2k0052_WYG_033-65b
056.md	1043	KR2k0052_WYG_033-66a
056.md	1051	KR2k0052_WYG_033-66b
056.md	1059	KR2k0052_WYG_033-67a
056.md	1067	KR2k0052_WYG_033-67b
056.md	1075	KR2k0052_WYG_033-68a
056.md	1083	KR2k0052_WYG_033-68b
056.md	1091	KR2k0052_WYG_033-69a
056.md	1099	KR2k0052_WYG_033-69b
056.md	1107	KR2k0052_WYG_033-70a
056.md	1115	KR2k0052_WYG_033-70b
056.md	1123	KR2k0052_WYG_033-71a
056.md	1131	KR2k0052_WYG_033-71b
056.md	1139	KR2k0052_WYG_033-72a
056.md	1147	KR2k0052_WYG_033-72b
056.md	1155	KR2k0052_WYG_033-73a
056.md	1163	KR2k0052_WYG_033-73b
056.md	1171	KR2k0052_WYG_033-74a
056.md	1179	KR2k0052_WYG_033-74b
056.md	1187	KR2k0052_WYG_033-75a
056.md	1195	KR2k0052_WYG_033-75b
056.md	1203	KR2k0052_WYG_033-76a
056.md	1211	KR2k0052_WYG_033-76b
056.md	1219	KR2k0052_WYG_033-77a
056.md	1227	KR2k0052_WYG_033-77b
056.md	1235	KR2k0052_WYG_033-78a
056.md	1243	KR2k0052_WYG_033-78b
056.md	1251	KR2k0052_WYG_033-79a
056.md	1259	KR2k0052_WYG_033-79b
056.md	1267	KR2k0052_WYG_033-80a
056.md	1275	KR2k0052_WYG_033-80b
056.md	1283	KR2k0052_WYG_033-81a
056.md	1291	KR2k0052_WYG_033-81b
056.md	1299	KR2k0052_WYG_033-82a
056.md	1307	KR2k0052_WYG_033-82b
056.md	1315	KR2k0052_WYG_033-83a
056.md	1323	KR2k0052_WYG_033-83b
056.md	1331	KR2k0052_WYG_033-84a
056.md	1339	KR2k0052_WYG_033-84b
056.md	1347	KR2k0052_WYG_033-85a
056.md	1355	KR2k0052_WYG_033-85b
056.md	1363	KR2k0052_WYG_033-86a
056.md	1371	KR2k0052_WYG_033-86b
056.md	1379	KR2k0052_WYG_033-87a
056.md	1387	KR2k0052_WYG_033-87b
056.md	1395	KR2k0052_WYG_033-88a
056.md	1403	KR2k0052_WYG_033-88b
056.md	1411	KR2k0052_WYG_033-89a
056.md	1419	KR2k0052_WYG_033-89b
056.md	1427	KR2k0052_WYG_033-90a
056.md	1435	KR2k0052_WYG_033-90b
056.md	1443	KR2k0052_WYG_033-91a
056.md	1451	KR2k0052_WYG_033-91b
056.md	1459	KR2k0052_WYG_033-92a
056.md	1467	KR2k0052_WYG_033-92b
056.md	1475	KR2k0052_WYG_033-93a
056.md	1483	KR2k0052_WYG_033-93b
056.md	1491	KR2k0052_WYG_033-94a
056.md	1499	KR2k0052_WYG_033-94b
056.md	1507	KR2k0052_WYG_033-95a
056.md	1515	KR2k0052_WYG_033-95b
056.md	1523	KR2k0052_WYG_033-96a
056.md	1531	KR2k0052_WYG_033-96b
056.md	1539	KR2k0052_WYG_033-97a
056.md	1547	KR2k0052_WYG_033-97b
056.md	1555	KR2k0052_WYG_033-98a
056.md	1563	KR2k0052_WYG_033-98b
056.md	1571	KR2k0052_WYG_033-99a
056.md	1579	KR2k0052_WYG_033-99b
056.md	1587	KR2k0052_WYG_033-100a
056.md	1595	KR2k0052_WYG_033-100b
056.md	1603	KR2k0052_WYG_033-101a
056.md	1611	KR2k0052_WYG_033-101b
056.md	1619	KR2k0052_WYG_033-102a
056.md	1627	KR2k0052_WYG_033-102b
056.md	1635	KR2k0052_WYG_033-103a
056.md	1643	KR2k0052_WYG_033-103b
056.md	1651	KR2k0052_WYG_033-104a
056.md	1659	KR2k0052_WYG_033-104b
056.md	1667	KR2k0052_WYG_033-105a
056.md	1675	KR2k0052_WYG_033-105b
056.md	1683	KR2k0052_WYG_033-106a
056.md	1691	KR2k0052_WYG_033-106b
056.md	1699	KR2k0052_WYG_033-107a
056.md	1707	KR2k0052_WYG_033-107b
056.md	1715	KR2k0052_WYG_033-108a
056.md	1723	KR2k0052_WYG_033-108b
056.md	1731	KR2k0052_WYG_033-109a
056.md	1739	KR2k0052_WYG_033-109b
056.md	1747	KR2k0052_WYG_033-110a
056.md	1755	KR2k0052_WYG_033-110b
056.md	1763	KR2k0052_WYG_033-111a
056.md	1771	KR2k0052_WYG_033-111b
056.md	1779	KR2k0052_WYG_033-112a
056.md	1787	KR2k0052_WYG_033-112b
056.md	1795	KR2k0052_WYG_033-113a
056.md	1803	KR2k0052_WYG_033-113b
056.md	1811	KR2k0052_WYG_033-114a
056.md	1819	KR2k0052_WYG_033-114b
056.md	1827	KR2k0052_WYG_033-115a
056.md	1835	KR2k0052_WYG_033-115b
056.md	1843	KR2k0052_WYG_033-116a
056.md	1851	KR2k0052_WYG_033-116b
056.md	1859	KR2k0052_WYG_033-117a
056.md	1867	KR2k0052_WYG_033-117b
056.md	1875	KR2k0052_WYG_033-118a
056.md	1883	KR2k0052_WYG_033-118b
056.md	1891	KR2k0052_WYG_033-119a
056.md	1899	KR2k0052_WYG_033-119b
056.md	1907	KR2k0052_WYG_033-120a
056.md	1915	KR2k0052_WYG_033-120b
057.md	3	KR2k0052_WYG_034-1a
057.md	11	KR2k0052_WYG_034-1b
057.md	19	KR2k0052_WYG_034-2a
057.md	27	KR2k0052_WYG_034-2b
057.md	35	KR2k0052_WYG_034-3a
057.md	43	KR2k0052_WYG_034-3b
057.md	51	KR2k0052_WYG_034-4a
057.md	59	KR2k0052_WYG_034-4b
057.md	67	KR2k0052_WYG_034-5a
057.md	75	KR2k0052_WYG_034-5b
057.md	83	KR2k0052_WYG_034-6a
057.md	91	KR2k0052_WYG_034-6b
057.md	99	KR2k0052_WYG_034-7a
057.md	107	KR2k0052_WYG_034-7b
057.md	115	KR2k0052_WYG_034-8a
057.md	123	KR2k0052_WYG_034-8b
057.md	131	KR2k0052_WYG_034-9a
057.md	139	KR2k0052_WYG_034-9b
057.md	147	KR2k0052_WYG_034-10a
057.md	155	KR2k0052_WYG_034-10b
057.md	163	KR2k0052_WYG_034-11a
057.md	171	KR2k0052_WYG_034-11b
057.md	179	KR2k0052_WYG_034-12a
057.md	187	KR2k0052_WYG_034-12b
057.md	195	KR2k0052_WYG_034-13a
057.md	203	KR2k0052_WYG_034-13b
057.md	211	KR2k0052_WYG_034-14a
057.md	219	KR2k0052_WYG_034-14b
057.md	227	KR2k0052_WYG_034-15a
057.md	235	KR2k0052_WYG_034-15b
057.md	243	KR2k0052_WYG_034-16a
057.md	251	KR2k0052_WYG_034-16b
057.md	259	KR2k0052_WYG_034-17a
057.md	267	KR2k0052_WYG_034-17b
057.md	275	KR2k0052_WYG_034-18a
057.md	283	KR2k0052_WYG_034-18b
057.md	291	KR2k0052_WYG_034-19a
057.md	299	KR2k0052_WYG_034-19b
057.md	307	KR2k0052_WYG_034-20a
057.md	315	KR2k0052_WYG_034-20b
057.md	323	KR2k0052_WYG_034-21a
057.md	331	KR2k0052_WYG_034-21b
057.md	339	KR2k0052_WYG_034-22a
057.md	347	KR2k0052_WYG_034-22b
057.md	355	KR2k0052_WYG_034-23a
057.md	363	KR2k0052_WYG_034-23b
057.md	371	KR2k0052_WYG_034-24a
057.md	379	KR2k0052_WYG_034-24b
057.md	387	KR2k0052_WYG_034-25a
057.md	395	KR2k0052_WYG_034-25b
057.md	403	KR2k0052_WYG_034-26a
057.md	411	KR2k0052_WYG_034-26b
057.md	419	KR2k0052_WYG_034-27a
057.md	427	KR2k0052_WYG_034-27b
057.md	435	KR2k0052_WYG_034-28a
057.md	443	KR2k0052_WYG_034-28b
057.md	451	KR2k0052_WYG_034-29a
057.md	459	KR2k0052_WYG_034-29b
057.md	467	KR2k0052_WYG_034-30a
057.md	475	KR2k0052_WYG_034-30b
057.md	483	KR2k0052_WYG_034-31a
057.md	491	KR2k0052_WYG_034-31b
057.md	499	KR2k0052_WYG_034-32a
057.md	507	KR2k0052_WYG_034-32b
057.md	515	KR2k0052_WYG_034-33a
057.md	523	KR2k0052_WYG_034-33b
057.md	531	KR2k0052_WYG_034-34a
057.md	539	KR2k0052_WYG_034-34b
057.md	547	KR2k0052_WYG_034-35a
057.md	555	KR2k0052_WYG_034-35b
057.md	563	KR2k0052_WYG_034-36a
057.md	571	KR2k0052_WYG_034-36b
057.md	579	KR2k0052_WYG_034-37a
057.md	587	KR2k0052_WYG_034-37b
057.md	595	KR2k0052_WYG_034-38a
057.md	603	KR2k0052_WYG_034-38b
057.md	611	KR2k0052_WYG_034-39a
057.md	619	KR2k0052_WYG_034-39b
057.md	627	KR2k0052_WYG_034-40a
057.md	635	KR2k0052_WYG_034-40b
057.md	643	KR2k0052_WYG_034-41a
057.md	651	KR2k0052_WYG_034-41b
057.md	659	KR2k0052_WYG_034-42a
057.md	667	KR2k0052_WYG_034-42b
057.md	675	KR2k0052_WYG_034-43a
057.md	683	KR2k0052_WYG_034-43b
057.md	691	KR2k0052_WYG_034-44a
057.md	699	KR2k0052_WYG_034-44b
057.md	707	KR2k0052_WYG_034-45a
057.md	715	KR2k0052_WYG_034-45b
057.md	723	KR2k0052_WYG_034-46a
057.md	731	KR2k0052_WYG_034-46b
057.md	739	KR2k0052_WYG_034-47a
057.md	747	KR2k0052_WYG_034-47b
057.md	755	KR2k0052_WYG_034-48a
057.md	763	KR2k0052_WYG_034-48b
057.md	771	KR2k0052_WYG_034-49a
057.md	779	KR2k0052_WYG_034-49b
057.md	787	KR2k0052_WYG_034-50a
057.md	795	KR2k0052_WYG_034-50b
057.md	803	KR2k0052_WYG_034-51a
057.md	811	KR2k0052_WYG_034-51b
057.md	819	KR2k0052_WYG_034-52a
057.md	827	KR2k0052_WYG_034-52b
057.md	835	KR2k0052_WYG_034-53a
057.md	843	KR2k0052_WYG_034-53b
057.md	851	KR2k0052_WYG_034-54a
057.md	859	KR2k0052_WYG_034-54b
057.md	867	KR2k0052_WYG_034-55a
057.md	875	KR2k0052_WYG_034-55b
058.md	3	KR2k0052_WYG_035-1a
058.md	11	KR2k0052_WYG_035-1b
058.md	19	KR2k0052_WYG_035-2a
058.md	27	KR2k0052_WYG_035-2b
058.md	35	KR2k0052_WYG_035-3a
058.md	43	KR2k0052_WYG_035-3b
058.md	51	KR2k0052_WYG_035-4a
058.md	59	KR2k0052_WYG_035-4b
058.md	67	KR2k0052_WYG_035-5a
058.md	75	KR2k0052_WYG_035-5b
058.md	83	KR2k0052_WYG_035-6a
058.md	91	KR2k0052_WYG_035-6b
058.md	99	KR2k0052_WYG_035-7a
058.md	107	KR2k0052_WYG_035-7b
058.md	115	KR2k0052_WYG_035-8a
058.md	123	KR2k0052_WYG_035-8b
058.md	131	KR2k0052_WYG_035-9a
058.md	139	KR2k0052_WYG_035-9b
058.md	147	KR2k0052_WYG_035-10a
058.md	155	KR2k0052_WYG_035-10b
058.md	163	KR2k0052_WYG_035-11a
058.md	171	KR2k0052_WYG_035-11b
058.md	179	KR2k0052_WYG_035-12a
058.md	187	KR2k0052_WYG_035-12b
058.md	195	KR2k0052_WYG_035-13a
058.md	203	KR2k0052_WYG_035-13b
058.md	211	KR2k0052_WYG_035-14a
058.md	219	KR2k0052_WYG_035-14b
058.md	227	KR2k0052_WYG_035-15a
058.md	235	KR2k0052_WYG_035-15b
058.md	243	KR2k0052_WYG_035-16a
058.md	251	KR2k0052_WYG_035-16b
058.md	259	KR2k0052_WYG_035-17a
058.md	267	KR2k0052_WYG_035-17b
058.md	275	KR2k0052_WYG_035-18a
058.md	283	KR2k0052_WYG_035-18b
058.md	291	KR2k0052_WYG_035-19a
058.md	299	KR2k0052_WYG_035-19b
058.md	307	KR2k0052_WYG_035-20a
058.md	315	KR2k0052_WYG_035-20b
058.md	323	KR2k0052_WYG_035-21a
058.md	331	KR2k0052_WYG_035-21b
058.md	339	KR2k0052_WYG_035-22a
058.md	347	KR2k0052_WYG_035-22b
058.md	355	KR2k0052_WYG_035-23a
058.md	363	KR2k0052_WYG_035-23b
058.md	371	KR2k0052_WYG_035-24a
058.md	379	KR2k0052_WYG_035-24b
058.md	387	KR2k0052_WYG_035-25a
058.md	395	KR2k0052_WYG_035-25b
058.md	403	KR2k0052_WYG_035-26a
058.md	411	KR2k0052_WYG_035-26b
058.md	419	KR2k0052_WYG_035-27a
058.md	427	KR2k0052_WYG_035-27b
058.md	435	KR2k0052_WYG_035-28a
058.md	443	KR2k0052_WYG_035-28b
058.md	451	KR2k0052_WYG_035-29a
058.md	459	KR2k0052_WYG_035-29b
058.md	467	KR2k0052_WYG_035-30a
058.md	475	KR2k0052_WYG_035-30b
058.md	483	KR2k0052_WYG_035-31a
058.md	491	KR2k0052_WYG_035-31b
058.md	499	KR2k0052_WYG_035-32a
058.md	507	KR2k0052_WYG_035-32b
058.md	515	KR2k0052_WYG_035-33a
058.md	523	KR2k0052_WYG_035-33b
058.md	531	KR2k0052_WYG_035-34a
058.md	539	KR2k0052_WYG_035-34b
058.md	547	KR2k0052_WYG_035-35a
058.md	555	KR2k0052_WYG_035-35b
058.md	563	KR2k0052_WYG_035-36a
058.md	571	KR2k0052_WYG_035-36b
058.md	579	KR2k0052_WYG_035-37a
058.md	587	KR2k0052_WYG_035-37b
058.md	595	KR2k0052_WYG_035-38a
058.md	603	KR2k0052_WYG_035-38b
058.md	611	KR2k0052_WYG_035-39a
058.md	619	KR2k0052_WYG_035-39b
058.md	627	KR2k0052_WYG_035-40a
058.md	635	KR2k0052_WYG_035-40b
058.md	643	KR2k0052_WYG_035-41a
058.md	651	KR2k0052_WYG_035-41b
058.md	659	KR2k0052_WYG_035-42a
058.md	667	KR2k0052_WYG_035-42b
058.md	675	KR2k0052_WYG_035-43a
058.md	683	KR2k0052_WYG_035-43b
058.md	691	KR2k0052_WYG_035-44a
058.md	699	KR2k0052_WYG_035-44b
058.md	707	KR2k0052_WYG_035-45a
058.md	715	KR2k0052_WYG_035-45b
058.md	723	KR2k0052_WYG_035-46a
058.md	731	KR2k0052_WYG_035-46b
058.md	739	KR2k0052_WYG_035-47a
058.md	747	KR2k0052_WYG_035-47b
058.md	755	KR2k0052_WYG_035-48a
058.md	763	KR2k0052_WYG_035-48b
058.md	771	KR2k0052_WYG_035-49a
058.md	779	KR2k0052_WYG_035-49b
058.md	787	KR2k0052_WYG_035-50a
058.md	795	KR2k0052_WYG_035-50b
058.md	803	KR2k0052_WYG_035-51a
058.md	811	KR2k0052_WYG_035-51b
058.md	819	KR2k0052_WYG_035-52a
058.md	827	KR2k0052_WYG_035-52b
058.md	835	KR2k0052_WYG_035-53a
058.md	843	KR2k0052_WYG_035-53b
058.md	851	KR2k0052_WYG_035-54a
058.md	859	KR2k0052_WYG_035-54b
058.md	867	KR2k0052_WYG_035-55a
058.md	875	KR2k0052_WYG_035-55b
058.md	883	KR2k0052_WYG_035-56a
058.md	891	KR2k0052_WYG_035-56b
058.md	899	KR2k0052_WYG_035-57a
058.md	907	KR2k0052_WYG_035-57b
058.md	915	KR2k0052_WYG_035-58a
058.md	923	KR2k0052_WYG_035-58b
058.md	931	KR2k0052_WYG_035-59a
058.md	939	KR2k0052_WYG_035-59b
058.md	947	KR2k0052_WYG_035-60a
058.md	955	KR2k0052_WYG_035-60b
058.md	963	KR2k0052_WYG_035-61a
058.md	971	KR2k0052_WYG_035-61b
058.md	979	KR2k0052_WYG_035-62a
058.md	987	KR2k0052_WYG_035-62b
058.md	995	KR2k0052_WYG_035-63a
058.md	1003	KR2k0052_WYG_035-63b
058.md	1011	KR2k0052_WYG_035-64a
058.md	1019	KR2k0052_WYG_035-64b
058.md	1027	KR2k0052_WYG_035-65a
058.md	1035	KR2k0052_WYG_035-65b
058.md	1043	KR2k0052_WYG_035-66a
058.md	1051	KR2k0052_WYG_035-66b
058.md	1059	KR2k0052_WYG_035-67a
058.md	1067	KR2k0052_WYG_035-67b
058.md	1075	KR2k0052_WYG_035-68a
058.md	1083	KR2k0052_WYG_035-68b
058.md	1091	KR2k0052_WYG_035-69a
058.md	1099	KR2k0052_WYG_035-69b
058.md	1107	KR2k0052_WYG_035-70a
058.md	1115	KR2k0052_WYG_035-70b
058.md	1123	KR2k0052_WYG_035-71a
058.md	1131	KR2k0052_WYG_035-71b
058.md	1139	KR2k0052_WYG_035-72a
058.md	1147	KR2k0052_WYG_035-72b
059.md	3	KR2k0052_WYG_036-1a
059.md	11	KR2k0052_WYG_036-1b
059.md	19	KR2k0052_WYG_036-2a
059.md	27	KR2k0052_WYG_036-2b
059.md	35	KR2k0052_WYG_036-3a
059.md	43	KR2k0052_WYG_036-3b
059.md	51	KR2k0052_WYG_036-4a
059.md	59	KR2k0052_WYG_036-4b
059.md	67	KR2k0052_WYG_036-5a
059.md	75	KR2k0052_WYG_036-5b
059.md	83	KR2k0052_WYG_036-6a
059.md	91	KR2k0052_WYG_036-6b
059.md	99	KR2k0052_WYG_036-7a
059.md	107	KR2k0052_WYG_036-7b
059.md	115	KR2k0052_WYG_036-8a
059.md	123	KR2k0052_WYG_036-8b
059.md	131	KR2k0052_WYG_036-9a
059.md	139	KR2k0052_WYG_036-9b
059.md	147	KR2k0052_WYG_036-10a
059.md	155	KR2k0052_WYG_036-10b
059.md	163	KR2k0052_WYG_036-11a
059.md	171	KR2k0052_WYG_036-11b
059.md	179	KR2k0052_WYG_036-12a
059.md	187	KR2k0052_WYG_036-12b
059.md	195	KR2k0052_WYG_036-13a
059.md	203	KR2k0052_WYG_036-13b
059.md	211	KR2k0052_WYG_036-14a
059.md	219	KR2k0052_WYG_036-14b
059.md	227	KR2k0052_WYG_036-15a
059.md	235	KR2k0052_WYG_036-15b
059.md	243	KR2k0052_WYG_036-16a
059.md	251	KR2k0052_WYG_036-16b
059.md	259	KR2k0052_WYG_036-17a
059.md	267	KR2k0052_WYG_036-17b
059.md	275	KR2k0052_WYG_036-18a
059.md	283	KR2k0052_WYG_036-18b
059.md	291	KR2k0052_WYG_036-19a
059.md	299	KR2k0052_WYG_036-19b
059.md	307	KR2k0052_WYG_036-20a
059.md	315	KR2k0052_WYG_036-20b
059.md	323	KR2k0052_WYG_036-21a
059.md	331	KR2k0052_WYG_036-21b
059.md	339	KR2k0052_WYG_036-22a
059.md	347	KR2k0052_WYG_036-22b
059.md	355	KR2k0052_WYG_036-23a
059.md	363	KR2k0052_WYG_036-23b
059.md	371	KR2k0052_WYG_036-24a
059.md	379	KR2k0052_WYG_036-24b
059.md	387	KR2k0052_WYG_036-25a
059.md	395	KR2k0052_WYG_036-25b
059.md	403	KR2k0052_WYG_036-26a
059.md	411	KR2k0052_WYG_036-26b
059.md	419	KR2k0052_WYG_036-27a
059.md	427	KR2k0052_WYG_036-27b
059.md	435	KR2k0052_WYG_036-28a
059.md	443	KR2k0052_WYG_036-28b
059.md	451	KR2k0052_WYG_036-29a
059.md	459	KR2k0052_WYG_036-29b
059.md	467	KR2k0052_WYG_036-30a
059.md	475	KR2k0052_WYG_036-30b
059.md	483	KR2k0052_WYG_036-31a
059.md	491	KR2k0052_WYG_036-31b
059.md	499	KR2k0052_WYG_036-32a
059.md	507	KR2k0052_WYG_036-32b
059.md	515	KR2k0052_WYG_036-33a
059.md	523	KR2k0052_WYG_036-33b
059.md	531	KR2k0052_WYG_036-34a
059.md	539	KR2k0052_WYG_036-34b
059.md	547	KR2k0052_WYG_036-35a
059.md	555	KR2k0052_WYG_036-35b
059.md	563	KR2k0052_WYG_036-36a
059.md	571	KR2k0052_WYG_036-36b
059.md	579	KR2k0052_WYG_036-37a
059.md	587	KR2k0052_WYG_036-37b
059.md	595	KR2k0052_WYG_036-38a
059.md	603	KR2k0052_WYG_036-38b
059.md	611	KR2k0052_WYG_036-39a
059.md	619	KR2k0052_WYG_036-39b
059.md	627	KR2k0052_WYG_036-40a
059.md	635	KR2k0052_WYG_036-40b
059.md	643	KR2k0052_WYG_036-41a
059.md	651	KR2k0052_WYG_036-41b
059.md	659	KR2k0052_WYG_036-42a
059.md	667	KR2k0052_WYG_036-42b
059.md	675	KR2k0052_WYG_036-43a
059.md	683	KR2k0052_WYG_036-43b
059.md	691	KR2k0052_WYG_036-44a
059.md	699	KR2k0052_WYG_036-44b
059.md	707	KR2k0052_WYG_036-45a
059.md	715	KR2k0052_WYG_036-45b
059.md	723	KR2k0052_WYG_036-46a
059.md	731	KR2k0052_WYG_036-46b
059.md	739	KR2k0052_WYG_036-47a
059.md	747	KR2k0052_WYG_036-47b
059.md	755	KR2k0052_WYG_036-48a
059.md	763	KR2k0052_WYG_036-48b
059.md	771	KR2k0052_WYG_036-49a
059.md	779	KR2k0052_WYG_036-49b
059.md	787	KR2k0052_WYG_036-50a
059.md	795	KR2k0052_WYG_036-50b
059.md	803	KR2k0052_WYG_036-51a
059.md	811	KR2k0052_WYG_036-51b
059.md	819	KR2k0052_WYG_036-52a
059.md	827	KR2k0052_WYG_036-52b
059.md	835	KR2k0052_WYG_036-53a
059.md	843	KR2k0052_WYG_036-53b
059.md	851	KR2k0052_WYG_036-54a
059.md	859	KR2k0052_WYG_036-54b
059.md	867	KR2k0052_WYG_036-55a
059.md	875	KR2k0052_WYG_036-55b
059.md	883	KR2k0052_WYG_036-56a
059.md	891	KR2k0052_WYG_036-56b
059.md	899	KR2k0052_WYG_036-57a
059.md	907	KR2k0052_WYG_036-57b
059.md	915	KR2k0052_WYG_036-58a
059.md	923	KR2k0052_WYG_036-58b
059.md	931	KR2k0052_WYG_036-59a
059.md	939	KR2k0052_WYG_036-59b
059.md	947	KR2k0052_WYG_036-60a
059.md	955	KR2k0052_WYG_036-60b
059.md	963	KR2k0052_WYG_036-61a
059.md	971	KR2k0052_WYG_036-61b
059.md	979	KR2k0052_WYG_036-62a
059.md	987	KR2k0052_WYG_036-62b
059.md	995	KR2k0052_WYG_036-63a
059.md	1003	KR2k0052_WYG_036-63b
059.md	1011	KR2k0052_WYG_036-64a
059.md	1019	KR2k0052_WYG_036-64b
059.md	1027	KR2k0052_WYG_036-65a
059.md	1035	KR2k0052_WYG_036-65b
059.md	1043	KR2k0052_WYG_036-66a
059.md	1051	KR2k0052_WYG_036-66b
059.md	1059	KR2k0052_WYG_036-67a
059.md	1067	KR2k0052_WYG_036-67b
059.md	1075	KR2k0052_WYG_036-68a
059.md	1083	KR2k0052_WYG_036-68b
059.md	1091	KR2k0052_WYG_036-69a
059.md	1099	KR2k0052_WYG_036-69b
059.md	1107	KR2k0052_WYG_036-70a
059.md	1115	KR2k0052_WYG_036-70b
059.md	1123	KR2k0052_WYG_036-71a
059.md	1131	KR2k0052_WYG_036-71b
059.md	1139	KR2k0052_WYG_036-72a
059.md	1147	KR2k0052_WYG_036-72b
059.md	1155	KR2k0052_WYG_036-73a
059.md	1163	KR2k0052_WYG_036-73b
059.md	1171	KR2k0052_WYG_036-74a
059.md	1179	KR2k0052_WYG_036-74b
059.md	1187	KR2k0052_WYG_036-75a
059.md	1195	KR2k0052_WYG_036-75b
059.md	1203	KR2k0052_WYG_036-76a
059.md	1211	KR2k0052_WYG_036-76b
059.md	1219	KR2k0052_WYG_036-77a
059.md	1227	KR2k0052_WYG_036-77b
059.md	1235	KR2k0052_WYG_036-78a
059.md	1243	KR2k0052_WYG_036-78b
059.md	1251	KR2k0052_WYG_036-79a
059.md	1259	KR2k0052_WYG_036-79b
059.md	1267	KR2k0052_WYG_036-80a
059.md	1275	KR2k0052_WYG_036-80b
059.md	1283	KR2k0052_WYG_036-81a
059.md	1291	KR2k0052_WYG_036-81b
059.md	1299	KR2k0052_WYG_036-82a
059.md	1307	KR2k0052_WYG_036-82b
059.md	1315	KR2k0052_WYG_036-83a
059.md	1323	KR2k0052_WYG_036-83b
059.md	1331	KR2k0052_WYG_036-84a
059.md	1339	KR2k0052_WYG_036-84b
059.md	1347	KR2k0052_WYG_036-85a
059.md	1355	KR2k0052_WYG_036-85b
059.md	1363	KR2k0052_WYG_036-86a
059.md	1371	KR2k0052_WYG_036-86b
059.md	1379	KR2k0052_WYG_036-87a
059.md	1387	KR2k0052_WYG_036-87b
059.md	1395	KR2k0052_WYG_036-88a
059.md	1403	KR2k0052_WYG_036-88b
059.md	1411	KR2k0052_WYG_036-89a
059.md	1419	KR2k0052_WYG_036-89b
059.md	1427	KR2k0052_WYG_036-90a
059.md	1435	KR2k0052_WYG_036-90b
059.md	1443	KR2k0052_WYG_036-91a
059.md	1451	KR2k0052_WYG_036-91b
059.md	1459	KR2k0052_WYG_036-92a
059.md	1467	KR2k0052_WYG_036-92b
059.md	1475	KR2k0052_WYG_036-93a
059.md	1483	KR2k0052_WYG_036-93b
059.md	1491	KR2k0052_WYG_036-94a
059.md	1499	KR2k0052_WYG_036-94b
059.md	1507	KR2k0052_WYG_036-95a
059.md	1515	KR2k0052_WYG_036-95b
059.md	1523	KR2k0052_WYG_036-96a
059.md	1531	KR2k0052_WYG_036-96b
059.md	1539	KR2k0052_WYG_036-97a
059.md	1547	KR2k0052_WYG_036-97b
060.md	3	KR2k0052_WYG_037-1a
060.md	11	KR2k0052_WYG_037-1b
060.md	19	KR2k0052_WYG_037-2a
060.md	27	KR2k0052_WYG_037-2b
060.md	35	KR2k0052_WYG_037-3a
060.md	43	KR2k0052_WYG_037-3b
060.md	51	KR2k0052_WYG_037-4a
060.md	59	KR2k0052_WYG_037-4b
060.md	67	KR2k0052_WYG_037-5a
060.md	75	KR2k0052_WYG_037-5b
060.md	83	KR2k0052_WYG_037-6a
060.md	91	KR2k0052_WYG_037-6b
060.md	99	KR2k0052_WYG_037-7a
060.md	107	KR2k0052_WYG_037-7b
060.md	115	KR2k0052_WYG_037-8a
060.md	123	KR2k0052_WYG_037-8b
060.md	131	KR2k0052_WYG_037-9a
060.md	139	KR2k0052_WYG_037-9b
060.md	147	KR2k0052_WYG_037-10a
060.md	155	KR2k0052_WYG_037-10b
060.md	163	KR2k0052_WYG_037-11a
060.md	171	KR2k0052_WYG_037-11b
060.md	179	KR2k0052_WYG_037-12a
060.md	187	KR2k0052_WYG_037-12b
060.md	195	KR2k0052_WYG_037-13a
060.md	203	KR2k0052_WYG_037-13b
060.md	211	KR2k0052_WYG_037-14a
060.md	219	KR2k0052_WYG_037-14b
060.md	227	KR2k0052_WYG_037-15a
060.md	235	KR2k0052_WYG_037-15b
060.md	243	KR2k0052_WYG_037-16a
060.md	251	KR2k0052_WYG_037-16b
060.md	259	KR2k0052_WYG_037-17a
060.md	267	KR2k0052_WYG_037-17b
060.md	275	KR2k0052_WYG_037-18a
060.md	283	KR2k0052_WYG_037-18b
060.md	291	KR2k0052_WYG_037-19a
060.md	299	KR2k0052_WYG_037-19b
060.md	307	KR2k0052_WYG_037-20a
060.md	315	KR2k0052_WYG_037-20b
060.md	323	KR2k0052_WYG_037-21a
060.md	331	KR2k0052_WYG_037-21b
060.md	339	KR2k0052_WYG_037-22a
060.md	347	KR2k0052_WYG_037-22b
061.md	3	KR2k0052_WYG_037-23a
061.md	11	KR2k0052_WYG_037-23b
061.md	19	KR2k0052_WYG_037-24a
061.md	27	KR2k0052_WYG_037-24b
061.md	35	KR2k0052_WYG_037-25a
061.md	43	KR2k0052_WYG_037-25b
061.md	51	KR2k0052_WYG_037-26a
061.md	59	KR2k0052_WYG_037-26b
061.md	67	KR2k0052_WYG_037-27a
061.md	75	KR2k0052_WYG_037-27b
061.md	83	KR2k0052_WYG_037-28a
061.md	91	KR2k0052_WYG_037-28b
061.md	99	KR2k0052_WYG_037-29a
061.md	107	KR2k0052_WYG_037-29b
061.md	115	KR2k0052_WYG_037-30a
061.md	123	KR2k0052_WYG_037-30b
061.md	131	KR2k0052_WYG_037-31a
061.md	139	KR2k0052_WYG_037-31b
061.md	147	KR2k0052_WYG_037-32a
061.md	155	KR2k0052_WYG_037-32b
061.md	163	KR2k0052_WYG_037-33a
061.md	171	KR2k0052_WYG_037-33b
061.md	179	KR2k0052_WYG_037-34a
061.md	187	KR2k0052_WYG_037-34b
061.md	195	KR2k0052_WYG_037-35a
061.md	203	KR2k0052_WYG_037-35b
061.md	211	KR2k0052_WYG_037-36a
061.md	219	KR2k0052_WYG_037-36b
061.md	227	KR2k0052_WYG_037-37a
061.md	235	KR2k0052_WYG_037-37b
061.md	243	KR2k0052_WYG_037-38a
061.md	251	KR2k0052_WYG_037-38b
061.md	259	KR2k0052_WYG_037-39a
061.md	267	KR2k0052_WYG_037-39b
061.md	275	KR2k0052_WYG_037-40a
061.md	283	KR2k0052_WYG_037-40b
061.md	291	KR2k0052_WYG_037-41a
061.md	299	KR2k0052_WYG_037-41b
061.md	307	KR2k0052_WYG_037-42a
061.md	315	KR2k0052_WYG_037-42b
061.md	323	KR2k0052_WYG_037-43a
061.md	331	KR2k0052_WYG_037-43b
062.md	3	KR2k0052_WYG_038-1a
062.md	11	KR2k0052_WYG_038-1b
062.md	19	KR2k0052_WYG_038-2a
062.md	27	KR2k0052_WYG_038-2b
062.md	35	KR2k0052_WYG_038-3a
062.md	43	KR2k0052_WYG_038-3b
062.md	51	KR2k0052_WYG_038-4a
062.md	59	KR2k0052_WYG_038-4b
062.md	67	KR2k0052_WYG_038-5a
062.md	75	KR2k0052_WYG_038-5b
062.md	83	KR2k0052_WYG_038-6a
062.md	91	KR2k0052_WYG_038-6b
062.md	99	KR2k0052_WYG_038-7a
062.md	107	KR2k0052_WYG_038-7b
062.md	115	KR2k0052_WYG_038-8a
062.md	123	KR2k0052_WYG_038-8b
062.md	131	KR2k0052_WYG_038-9a
062.md	139	KR2k0052_WYG_038-9b
062.md	147	KR2k0052_WYG_038-10a
062.md	155	KR2k0052_WYG_038-10b
062.md	163	KR2k0052_WYG_038-11a
062.md	171	KR2k0052_WYG_038-11b
062.md	179	KR2k0052_WYG_038-12a
062.md	187	KR2k0052_WYG_038-12b
062.md	195	KR2k0052_WYG_038-13a
062.md	203	KR2k0052_WYG_038-13b
062.md	211	KR2k0052_WYG_038-14a
062.md	219	KR2k0052_WYG_038-14b
062.md	227	KR2k0052_WYG_038-15a
062.md	235	KR2k0052_WYG_038-15b
062.md	243	KR2k0052_WYG_038-16a
062.md	251	KR2k0052_WYG_038-16b
062.md	259	KR2k0052_WYG_038-17a
062.md	267	KR2k0052_WYG_038-17b
062.md	275	KR2k0052_WYG_038-18a
062.md	283	KR2k0052_WYG_038-18b
062.md	291	KR2k0052_WYG_038-19a
062.md	299	KR2k0052_WYG_038-19b
063.md	3	KR2k0052_WYG_038-20a
063.md	11	KR2k0052_WYG_038-20b
063.md	19	KR2k0052_WYG_038-21a
063.md	27	KR2k0052_WYG_038-21b
063.md	35	KR2k0052_WYG_038-22a
063.md	43	KR2k0052_WYG_038-22b
063.md	51	KR2k0052_WYG_038-23a
063.md	59	KR2k0052_WYG_038-23b
063.md	67	KR2k0052_WYG_038-24a
063.md	75	KR2k0052_WYG_038-24b
063.md	83	KR2k0052_WYG_038-25a
063.md	91	KR2k0052_WYG_038-25b
063.md	99	KR2k0052_WYG_038-26a
063.md	107	KR2k0052_WYG_038-26b
063.md	115	KR2k0052_WYG_038-27a
063.md	123	KR2k0052_WYG_038-27b
063.md	131	KR2k0052_WYG_038-28a
063.md	139	KR2k0052_WYG_038-28b
063.md	147	KR2k0052_WYG_038-29a
063.md	155	KR2k0052_WYG_038-29b
063.md	163	KR2k0052_WYG_038-30a
063.md	171	KR2k0052_WYG_038-30b
063.md	179	KR2k0052_WYG_038-31a
063.md	187	KR2k0052_WYG_038-31b
063.md	195	KR2k0052_WYG_038-32a
063.md	203	KR2k0052_WYG_038-32b
063.md	211	KR2k0052_WYG_038-33a
063.md	219	KR2k0052_WYG_038-33b
064.md	3	KR2k0052_WYG_038-34a
064.md	11	KR2k0052_WYG_038-34b
064.md	19	KR2k0052_WYG_038-35a
064.md	27	KR2k0052_WYG_038-35b
064.md	35	KR2k0052_WYG_038-36a
064.md	43	KR2k0052_WYG_038-36b
064.md	51	KR2k0052_WYG_038-37a
064.md	59	KR2k0052_WYG_038-37b
064.md	67	KR2k0052_WYG_038-38a
064.md	75	KR2k0052_WYG_038-38b
064.md	83	KR2k0052_WYG_038-39a
064.md	91	KR2k0052_WYG_038-39b
064.md	99	KR2k0052_WYG_038-40a
064.md	107	KR2k0052_WYG_038-40b
064.md	115	KR2k0052_WYG_038-41a
064.md	123	KR2k0052_WYG_038-41b
064.md	131	KR2k0052_WYG_038-42a
064.md	139	KR2k0052_WYG_038-42b
064.md	147	KR2k0052_WYG_038-43a
064.md	155	KR2k0052_WYG_038-43b
064.md	163	KR2k0052_WYG_038-44a
064.md	171	KR2k0052_WYG_038-44b
064.md	179	KR2k0052_WYG_038-45a
064.md	187	KR2k0052_WYG_038-45b
064.md	195	KR2k0052_WYG_038-46a
064.md	203	KR2k0052_WYG_038-46b
064.md	211	KR2k0052_WYG_038-47a
064.md	219	KR2k0052_WYG_038-47b
064.md	227	KR2k0052_WYG_038-48a
064.md	235	KR2k0052_WYG_038-48b
064.md	243	KR2k0052_WYG_038-49a
064.md	251	KR2k0052_WYG_038-49b
064.md	259	KR2k0052_WYG_038-50a
064.md	267	KR2k0052_WYG_038-50b
064.md	275	KR2k0052_WYG_038-51a
064.md	283	KR2k0052_WYG_038-51b
064.md	291	KR2k0052_WYG_038-52a
064.md	299	KR2k0052_WYG_038-52b
064.md	307	KR2k0052_WYG_038-53a
064.md	315	KR2k0052_WYG_038-53b
064.md	323	KR2k0052_WYG_038-54a
064.md	331	KR2k0052_WYG_038-54b
064.md	339	KR2k0052_WYG_038-55a
064.md	347	KR2k0052_WYG_038-55b
064.md	355	KR2k0052_WYG_038-56a
064.md	363	KR2k0052_WYG_038-56b
064.md	371	KR2k0052_WYG_038-57a
064.md	379	KR2k0052_WYG_038-57b
064.md	387	KR2k0052_WYG_038-58a
064.md	395	KR2k0052_WYG_038-58b
064.md	403	KR2k0052_WYG_038-59a
064.md	411	KR2k0052_WYG_038-59b
064.md	419	KR2k0052_WYG_038-60a
064.md	427	KR2k0052_WYG_038-60b
064.md	435	KR2k0052_WYG_038-61a
064.md	443	KR2k0052_WYG_038-61b
064.md	451	KR2k0052_WYG_038-62a
064.md	459	KR2k0052_WYG_038-62b
065.md	3	KR2k0052_WYG_038-63a
065.md	11	KR2k0052_WYG_038-63b
065.md	19	KR2k0052_WYG_038-64a
065.md	27	KR2k0052_WYG_038-64b
065.md	35	KR2k0052_WYG_038-65a
065.md	43	KR2k0052_WYG_038-65b
065.md	51	KR2k0052_WYG_038-66a
065.md	59	KR2k0052_WYG_038-66b
065.md	67	KR2k0052_WYG_038-67a
065.md	75	KR2k0052_WYG_038-67b
065.md	83	KR2k0052_WYG_038-68a
065.md	91	KR2k0052_WYG_038-68b
065.md	99	KR2k0052_WYG_038-69a
065.md	107	KR2k0052_WYG_038-69b
065.md	115	KR2k0052_WYG_038-70a
065.md	123	KR2k0052_WYG_038-70b
065.md	131	KR2k0052_WYG_038-71a
065.md	139	KR2k0052_WYG_038-71b
065.md	147	KR2k0052_WYG_038-72a
065.md	155	KR2k0052_WYG_038-72b
065.md	163	KR2k0052_WYG_038-73a
065.md	171	KR2k0052_WYG_038-73b
065.md	179	KR2k0052_WYG_038-74a
065.md	187	KR2k0052_WYG_038-74b
065.md	195	KR2k0052_WYG_038-75a
065.md	203	KR2k0052_WYG_038-75b
065.md	211	KR2k0052_WYG_038-76a
065.md	219	KR2k0052_WYG_038-76b
065.md	227	KR2k0052_WYG_038-77a
065.md	235	KR2k0052_WYG_038-77b
065.md	243	KR2k0052_WYG_038-78a
065.md	251	KR2k0052_WYG_038-78b
065.md	259	KR2k0052_WYG_038-79a
065.md	267	KR2k0052_WYG_038-79b
066.md	3	KR2k0052_WYG_038-80a
066.md	11	KR2k0052_WYG_038-80b
066.md	19	KR2k0052_WYG_038-81a
066.md	27	KR2k0052_WYG_038-81b
066.md	35	KR2k0052_WYG_038-82a
066.md	43	KR2k0052_WYG_038-82b
066.md	51	KR2k0052_WYG_038-83a
066.md	59	KR2k0052_WYG_038-83b
066.md	67	KR2k0052_WYG_038-84a
066.md	75	KR2k0052_WYG_038-84b
066.md	83	KR2k0052_WYG_038-85a
066.md	91	KR2k0052_WYG_038-85b
066.md	99	KR2k0052_WYG_038-86a
066.md	107	KR2k0052_WYG_038-86b
066.md	115	KR2k0052_WYG_038-87a
066.md	123	KR2k0052_WYG_038-87b
066.md	131	KR2k0052_WYG_038-88a
066.md	139	KR2k0052_WYG_038-88b
066.md	147	KR2k0052_WYG_038-89a
066.md	155	KR2k0052_WYG_038-89b
066.md	163	KR2k0052_WYG_038-90a
066.md	171	KR2k0052_WYG_038-90b
067.md	3	KR2k0052_WYG_038-91a
067.md	11	KR2k0052_WYG_038-91b
067.md	19	KR2k0052_WYG_038-92a
067.md	27	KR2k0052_WYG_038-92b
067.md	35	KR2k0052_WYG_038-93a
067.md	43	KR2k0052_WYG_038-93b
067.md	51	KR2k0052_WYG_038-94a
067.md	59	KR2k0052_WYG_038-94b
067.md	67	KR2k0052_WYG_038-95a
067.md	75	KR2k0052_WYG_038-95b
067.md	83	KR2k0052_WYG_038-96a
067.md	91	KR2k0052_WYG_038-96b
067.md	99	KR2k0052_WYG_038-97a
067.md	107	KR2k0052_WYG_038-97b
067.md	115	KR2k0052_WYG_038-98a
067.md	123	KR2k0052_WYG_038-98b
067.md	131	KR2k0052_WYG_038-99a
067.md	139	KR2k0052_WYG_038-99b
067.md	147	KR2k0052_WYG_038-100a
067.md	155	KR2k0052_WYG_038-100b
067.md	163	KR2k0052_WYG_038-101a
067.md	171	KR2k0052_WYG_038-101b
067.md	179	KR2k0052_WYG_038-102a
067.md	187	KR2k0052_WYG_038-102b
067.md	195	KR2k0052_WYG_038-103a
067.md	203	KR2k0052_WYG_038-103b
067.md	211	KR2k0052_WYG_038-104a
067.md	219	KR2k0052_WYG_038-104b
067.md	227	KR2k0052_WYG_038-105a
067.md	235	KR2k0052_WYG_038-105b
067.md	243	KR2k0052_WYG_038-106a
067.md	251	KR2k0052_WYG_038-106b
067.md	259	KR2k0052_WYG_038-107a
067.md	267	KR2k0052_WYG_038-107b
068.md	3	KR2k0052_WYG_039-1a
068.md	11	KR2k0052_WYG_039-1b
068.md	19	KR2k0052_WYG_039-2a
068.md	27	KR2k0052_WYG_039-2b
068.md	35	KR2k0052_WYG_039-3a
068.md	43	KR2k0052_WYG_039-3b
068.md	51	KR2k0052_WYG_039-4a
068.md	59	KR2k0052_WYG_039-4b
068.md	67	KR2k0052_WYG_039-5a
068.md	75	KR2k0052_WYG_039-5b
068.md	83	KR2k0052_WYG_039-6a
068.md	91	KR2k0052_WYG_039-6b
068.md	99	KR2k0052_WYG_039-7a
068.md	107	KR2k0052_WYG_039-7b
068.md	115	KR2k0052_WYG_039-8a
068.md	123	KR2k0052_WYG_039-8b
068.md	131	KR2k0052_WYG_039-9a
068.md	139	KR2k0052_WYG_039-9b
068.md	147	KR2k0052_WYG_039-10a
068.md	155	KR2k0052_WYG_039-10b
068.md	163	KR2k0052_WYG_039-11a
068.md	171	KR2k0052_WYG_039-11b
068.md	179	KR2k0052_WYG_039-12a
068.md	187	KR2k0052_WYG_039-12b
068.md	195	KR2k0052_WYG_039-13a
068.md	203	KR2k0052_WYG_039-13b
068.md	211	KR2k0052_WYG_039-14a
068.md	219	KR2k0052_WYG_039-14b
068.md	227	KR2k0052_WYG_039-15a
068.md	235	KR2k0052_WYG_039-15b
068.md	243	KR2k0052_WYG_039-16a
068.md	251	KR2k0052_WYG_039-16b
068.md	259	KR2k0052_WYG_039-17a
068.md	267	KR2k0052_WYG_039-17b
068.md	275	KR2k0052_WYG_039-18a
068.md	283	KR2k0052_WYG_039-18b
068.md	291	KR2k0052_WYG_039-19a
068.md	299	KR2k0052_WYG_039-19b
068.md	307	KR2k0052_WYG_039-20a
068.md	315	KR2k0052_WYG_039-20b
068.md	323	KR2k0052_WYG_039-21a
068.md	331	KR2k0052_WYG_039-21b
068.md	339	KR2k0052_WYG_039-22a
068.md	347	KR2k0052_WYG_039-22b
068.md	355	KR2k0052_WYG_039-23a
068.md	363	KR2k0052_WYG_039-23b
068.md	371	KR2k0052_WYG_039-24a
068.md	379	KR2k0052_WYG_039-24b
068.md	387	KR2k0052_WYG_039-25a
068.md	395	KR2k0052_WYG_039-25b
068.md	403	KR2k0052_WYG_039-26a
068.md	411	KR2k0052_WYG_039-26b
068.md	419	KR2k0052_WYG_039-27a
068.md	427	KR2k0052_WYG_039-27b
068.md	435	KR2k0052_WYG_039-28a
068.md	443	KR2k0052_WYG_039-28b
068.md	451	KR2k0052_WYG_039-29a
068.md	459	KR2k0052_WYG_039-29b
068.md	467	KR2k0052_WYG_039-30a
068.md	475	KR2k0052_WYG_039-30b
068.md	483	KR2k0052_WYG_039-31a
068.md	491	KR2k0052_WYG_039-31b
068.md	499	KR2k0052_WYG_039-32a
068.md	507	KR2k0052_WYG_039-32b
068.md	515	KR2k0052_WYG_039-33a
068.md	523	KR2k0052_WYG_039-33b
068.md	531	KR2k0052_WYG_039-34a
068.md	539	KR2k0052_WYG_039-34b
068.md	547	KR2k0052_WYG_039-35a
068.md	555	KR2k0052_WYG_039-35b
068.md	563	KR2k0052_WYG_039-36a
068.md	571	KR2k0052_WYG_039-36b
068.md	579	KR2k0052_WYG_039-37a
068.md	587	KR2k0052_WYG_039-37b
068.md	595	KR2k0052_WYG_039-38a
068.md	603	KR2k0052_WYG_039-38b
068.md	611	KR2k0052_WYG_039-39a
068.md	619	KR2k0052_WYG_039-39b
068.md	627	KR2k0052_WYG_039-40a
068.md	635	KR2k0052_WYG_039-40b
068.md	643	KR2k0052_WYG_039-41a
068.md	651	KR2k0052_WYG_039-41b
068.md	659	KR2k0052_WYG_039-42a
068.md	667	KR2k0052_WYG_039-42b
068.md	675	KR2k0052_WYG_039-43a
068.md	683	KR2k0052_WYG_039-43b
068.md	691	KR2k0052_WYG_039-44a
068.md	699	KR2k0052_WYG_039-44b
068.md	707	KR2k0052_WYG_039-45a
068.md	715	KR2k0052_WYG_039-45b
068.md	723	KR2k0052_WYG_039-46a
068.md	731	KR2k0052_WYG_039-46b
068.md	739	KR2k0052_WYG_039-47a
068.md	747	KR2k0052_WYG_039-47b
068.md	755	KR2k0052_WYG_039-48a
068.md	763	KR2k0052_WYG_039-48b
068.md	771	KR2k0052_WYG_039-49a
068.md	779	KR2k0052_WYG_039-49b
068.md	787	KR2k0052_WYG_039-50a
068.md	795	KR2k0052_WYG_039-50b
068.md	803	KR2k0052_WYG_039-51a
068.md	811	KR2k0052_WYG_039-51b
068.md	819	KR2k0052_WYG_039-52a
068.md	827	KR2k0052_WYG_039-52b
068.md	835	KR2k0052_WYG_039-53a
068.md	843	KR2k0052_WYG_039-53b
068.md	851	KR2k0052_WYG_039-54a
068.md	859	KR2k0052_WYG_039-54b
068.md	867	KR2k0052_WYG_039-55a
068.md	875	KR2k0052_WYG_039-55b
068.md	883	KR2k0052_WYG_039-56a
068.md	891	KR2k0052_WYG_039-56b
068.md	899	KR2k0052_WYG_039-57a
068.md	907	KR2k0052_WYG_039-57b
068.md	915	KR2k0052_WYG_039-58a
068.md	923	KR2k0052_WYG_039-58b
068.md	931	KR2k0052_WYG_039-59a
068.md	939	KR2k0052_WYG_039-59b
068.md	947	KR2k0052_WYG_039-60a
068.md	955	KR2k0052_WYG_039-60b
068.md	963	KR2k0052_WYG_039-61a
068.md	971	KR2k0052_WYG_039-61b
068.md	979	KR2k0052_WYG_039-62a
068.md	987	KR2k0052_WYG_039-62b
068.md	995	KR2k0052_WYG_039-63a
068.md	1003	KR2k0052_WYG_039-63b
068.md	1011	KR2k0052_WYG_039-64a
068.md	1019	KR2k0052_WYG_039-64b
068.md	1027	KR2k0052_WYG_039-65a
068.md	1035	KR2k0052_WYG_039-65b
068.md	1043	KR2k0052_WYG_039-66a
068.md	1051	KR2k0052_WYG_039-66b
068.md	1059	KR2k0052_WYG_039-67a
068.md	1067	KR2k0052_WYG_039-67b
068.md	1075	KR2k0052_WYG_039-68a
068.md	1083	KR2k0052_WYG_039-68b
068.md	1091	KR2k0052_WYG_039-69a
068.md	1099	KR2k0052_WYG_039-69b
068.md	1107	KR2k0052_WYG_039-70a
068.md	1115	KR2k0052_WYG_039-70b
068.md	1123	KR2k0052_WYG_039-71a
068.md	1131	KR2k0052_WYG_039-71b
068.md	1139	KR2k0052_WYG_039-72a
068.md	1147	KR2k0052_WYG_039-72b
068.md	1155	KR2k0052_WYG_039-73a
068.md	1163	KR2k0052_WYG_039-73b
068.md	1171	KR2k0052_WYG_039-74a
068.md	1179	KR2k0052_WYG_039-74b
068.md	1187	KR2k0052_WYG_039-75a
068.md	1195	KR2k0052_WYG_039-75b
068.md	1203	KR2k0052_WYG_039-76a
068.md	1211	KR2k0052_WYG_039-76b
068.md	1219	KR2k0052_WYG_039-77a
068.md	1227	KR2k0052_WYG_039-77b
068.md	1235	KR2k0052_WYG_039-78a
068.md	1243	KR2k0052_WYG_039-78b
068.md	1251	KR2k0052_WYG_039-79a
068.md	1259	KR2k0052_WYG_039-79b
068.md	1267	KR2k0052_WYG_039-80a
068.md	1275	KR2k0052_WYG_039-80b
068.md	1283	KR2k0052_WYG_039-81a
068.md	1291	KR2k0052_WYG_039-81b
068.md	1299	KR2k0052_WYG_039-82a
068.md	1307	KR2k0052_WYG_039-82b
068.md	1315	KR2k0052_WYG_039-83a
068.md	1323	KR2k0052_WYG_039-83b
068.md	1331	KR2k0052_WYG_039-84a
068.md	1339	KR2k0052_WYG_039-84b
068.md	1347	KR2k0052_WYG_039-85a
068.md	1355	KR2k0052_WYG_039-85b
068.md	1363	KR2k0052_WYG_039-86a
068.md	1371	KR2k0052_WYG_039-86b
068.md	1379	KR2k0052_WYG_039-87a
068.md	1387	KR2k0052_WYG_039-87b
068.md	1395	KR2k0052_WYG_039-88a
068.md	1403	KR2k0052_WYG_039-88b
068.md	1411	KR2k0052_WYG_039-89a
068.md	1419	KR2k0052_WYG_039-89b
069.md	3	KR2k0052_WYG_040-1a
069.md	11	KR2k0052_WYG_040-1b
069.md	19	KR2k0052_WYG_040-2a
069.md	27	KR2k0052_WYG_040-2b
069.md	35	KR2k0052_WYG_040-3a
069.md	43	KR2k0052_WYG_040-3b
069.md	51	KR2k0052_WYG_040-4a
069.md	59	KR2k0052_WYG_040-4b
069.md	67	KR2k0052_WYG_040-5a
069.md	75	KR2k0052_WYG_040-5b
069.md	83	KR2k0052_WYG_040-6a
069.md	91	KR2k0052_WYG_040-6b
069.md	99	KR2k0052_WYG_040-7a
069.md	107	KR2k0052_WYG_040-7b
069.md	115	KR2k0052_WYG_040-8a
069.md	123	KR2k0052_WYG_040-8b
069.md	131	KR2k0052_WYG_040-9a
069.md	139	KR2k0052_WYG_040-9b
069.md	147	KR2k0052_WYG_040-10a
069.md	155	KR2k0052_WYG_040-10b
069.md	163	KR2k0052_WYG_040-11a
069.md	171	KR2k0052_WYG_040-11b
069.md	179	KR2k0052_WYG_040-12a
069.md	187	KR2k0052_WYG_040-12b
069.md	195	KR2k0052_WYG_040-13a
069.md	203	KR2k0052_WYG_040-13b
069.md	211	KR2k0052_WYG_040-14a
069.md	219	KR2k0052_WYG_040-14b
069.md	227	KR2k0052_WYG_040-15a
069.md	235	KR2k0052_WYG_040-15b
069.md	243	KR2k0052_WYG_040-16a
069.md	251	KR2k0052_WYG_040-16b
069.md	259	KR2k0052_WYG_040-17a
069.md	267	KR2k0052_WYG_040-17b
069.md	275	KR2k0052_WYG_040-18a
069.md	283	KR2k0052_WYG_040-18b
069.md	291	KR2k0052_WYG_040-19a
069.md	299	KR2k0052_WYG_040-19b
069.md	307	KR2k0052_WYG_040-20a
069.md	315	KR2k0052_WYG_040-20b
069.md	323	KR2k0052_WYG_040-21a
069.md	331	KR2k0052_WYG_040-21b
069.md	339	KR2k0052_WYG_040-22a
069.md	347	KR2k0052_WYG_040-22b
069.md	355	KR2k0052_WYG_040-23a
069.md	363	KR2k0052_WYG_040-23b
069.md	371	KR2k0052_WYG_040-24a
069.md	379	KR2k0052_WYG_040-24b
069.md	387	KR2k0052_WYG_040-25a
069.md	395	KR2k0052_WYG_040-25b
069.md	403	KR2k0052_WYG_040-26a
069.md	411	KR2k0052_WYG_040-26b
069.md	419	KR2k0052_WYG_040-27a
069.md	427	KR2k0052_WYG_040-27b
069.md	435	KR2k0052_WYG_040-28a
069.md	443	KR2k0052_WYG_040-28b
069.md	451	KR2k0052_WYG_040-29a
069.md	459	KR2k0052_WYG_040-29b
069.md	467	KR2k0052_WYG_040-30a
069.md	475	KR2k0052_WYG_040-30b
069.md	483	KR2k0052_WYG_040-31a
069.md	491	KR2k0052_WYG_040-31b
069.md	499	KR2k0052_WYG_040-32a
069.md	507	KR2k0052_WYG_040-32b
069.md	515	KR2k0052_WYG_040-33a
069.md	523	KR2k0052_WYG_040-33b
069.md	531	KR2k0052_WYG_040-34a
069.md	539	KR2k0052_WYG_040-34b
069.md	547	KR2k0052_WYG_040-35a
069.md	555	KR2k0052_WYG_040-35b
069.md	563	KR2k0052_WYG_040-36a
069.md	571	KR2k0052_WYG_040-36b
069.md	579	KR2k0052_WYG_040-37a
069.md	587	KR2k0052_WYG_040-37b
069.md	595	KR2k0052_WYG_040-38a
069.md	603	KR2k0052_WYG_040-38b
069.md	611	KR2k0052_WYG_040-39a
069.md	619	KR2k0052_WYG_040-39b
069.md	627	KR2k0052_WYG_040-40a
069.md	635	KR2k0052_WYG_040-40b
069.md	643	KR2k0052_WYG_040-41a
069.md	651	KR2k0052_WYG_040-41b
069.md	659	KR2k0052_WYG_040-42a
069.md	667	KR2k0052_WYG_040-42b
069.md	675	KR2k0052_WYG_040-43a
069.md	683	KR2k0052_WYG_040-43b
069.md	691	KR2k0052_WYG_040-44a
069.md	699	KR2k0052_WYG_040-44b
069.md	707	KR2k0052_WYG_040-45a
069.md	715	KR2k0052_WYG_040-45b
069.md	723	KR2k0052_WYG_040-46a
069.md	731	KR2k0052_WYG_040-46b
069.md	739	KR2k0052_WYG_040-47a
069.md	747	KR2k0052_WYG_040-47b
069.md	755	KR2k0052_WYG_040-48a
069.md	763	KR2k0052_WYG_040-48b
069.md	771	KR2k0052_WYG_040-49a
069.md	779	KR2k0052_WYG_040-49b
069.md	787	KR2k0052_WYG_040-50a
069.md	795	KR2k0052_WYG_040-50b
069.md	803	KR2k0052_WYG_040-51a
069.md	811	KR2k0052_WYG_040-51b
069.md	819	KR2k0052_WYG_040-52a
069.md	827	KR2k0052_WYG_040-52b
069.md	835	KR2k0052_WYG_040-53a
069.md	843	KR2k0052_WYG_040-53b
069.md	851	KR2k0052_WYG_040-54a
069.md	859	KR2k0052_WYG_040-54b
069.md	867	KR2k0052_WYG_040-55a
069.md	875	KR2k0052_WYG_040-55b
069.md	883	KR2k0052_WYG_040-56a
069.md	891	KR2k0052_WYG_040-56b
069.md	899	KR2k0052_WYG_040-57a
069.md	907	KR2k0052_WYG_040-57b
069.md	915	KR2k0052_WYG_040-58a
069.md	923	KR2k0052_WYG_040-58b
069.md	931	KR2k0052_WYG_040-59a
069.md	939	KR2k0052_WYG_040-59b
069.md	947	KR2k0052_WYG_040-60a
069.md	955	KR2k0052_WYG_040-60b
069.md	963	KR2k0052_WYG_040-61a
069.md	971	KR2k0052_WYG_040-61b
069.md	979	KR2k0052_WYG_040-62a
069.md	987	KR2k0052_WYG_040-62b
069.md	995	KR2k0052_WYG_040-63a
069.md	1003	KR2k0052_WYG_040-63b
069.md	1011	KR2k0052_WYG_040-64a
069.md	1019	KR2k0052_WYG_040-64b
069.md	1027	KR2k0052_WYG_040-65a
069.md	1035	KR2k0052_WYG_040-65b
069.md	1043	KR2k0052_WYG_040-66a
069.md	1051	KR2k0052_WYG_040-66b
069.md	1059	KR2k0052_WYG_040-67a
069.md	1067	KR2k0052_WYG_040-67b
069.md	1075	KR2k0052_WYG_040-68a
069.md	1083	KR2k0052_WYG_040-68b
069.md	1091	KR2k0052_WYG_040-69a
069.md	1099	KR2k0052_WYG_040-69b
069.md	1107	KR2k0052_WYG_040-70a
069.md	1115	KR2k0052_WYG_040-70b
069.md	1123	KR2k0052_WYG_040-71a
069.md	1131	KR2k0052_WYG_040-71b
069.md	1139	KR2k0052_WYG_040-72a
069.md	1147	KR2k0052_WYG_040-72b
069.md	1155	KR2k0052_WYG_040-73a
069.md	1163	KR2k0052_WYG_040-73b
069.md	1171	KR2k0052_WYG_040-74a
069.md	1179	KR2k0052_WYG_040-74b
069.md	1187	KR2k0052_WYG_040-75a
069.md	1195	KR2k0052_WYG_040-75b
069.md	1203	KR2k0052_WYG_040-76a
069.md	1211	KR2k0052_WYG_040-76b
069.md	1219	KR2k0052_WYG_040-77a
069.md	1227	KR2k0052_WYG_040-77b
069.md	1235	KR2k0052_WYG_040-78a
069.md	1243	KR2k0052_WYG_040-78b
069.md	1251	KR2k0052_WYG_040-79a
069.md	1259	KR2k0052_WYG_040-79b
069.md	1267	KR2k0052_WYG_040-80a
069.md	1275	KR2k0052_WYG_040-80b
069.md	1283	KR2k0052_WYG_040-81a
069.md	1291	KR2k0052_WYG_040-81b
069.md	1299	KR2k0052_WYG_040-82a
069.md	1307	KR2k0052_WYG_040-82b
069.md	1315	KR2k0052_WYG_040-83a
069.md	1323	KR2k0052_WYG_040-83b
069.md	1331	KR2k0052_WYG_040-84a
069.md	1339	KR2k0052_WYG_040-84b
069.md	1347	KR2k0052_WYG_040-85a
069.md	1355	KR2k0052_WYG_040-85b
069.md	1363	KR2k0052_WYG_040-86a
069.md	1371	KR2k0052_WYG_040-86b
069.md	1379	KR2k0052_WYG_040-87a
069.md	1387	KR2k0052_WYG_040-87b
069.md	1395	KR2k0052_WYG_040-88a
069.md	1403	KR2k0052_WYG_040-88b
069.md	1411	KR2k0052_WYG_040-89a
069.md	1419	KR2k0052_WYG_040-89b
069.md	1427	KR2k0052_WYG_040-90a
069.md	1435	KR2k0052_WYG_040-90b
069.md	1443	KR2k0052_WYG_040-91a
069.md	1451	KR2k0052_WYG_040-91b
069.md	1459	KR2k0052_WYG_040-92a
069.md	1467	KR2k0052_WYG_040-92b
069.md	1475	KR2k0052_WYG_040-93a
069.md	1483	KR2k0052_WYG_040-93b
069.md	1491	KR2k0052_WYG_040-94a
069.md	1499	KR2k0052_WYG_040-94b
069.md	1507	KR2k0052_WYG_040-95a
069.md	1515	KR2k0052_WYG_040-95b
070.md	3	KR2k0052_WYG_041-1a
070.md	11	KR2k0052_WYG_041-1b
070.md	19	KR2k0052_WYG_041-2a
070.md	27	KR2k0052_WYG_041-2b
070.md	35	KR2k0052_WYG_041-3a
070.md	43	KR2k0052_WYG_041-3b
070.md	51	KR2k0052_WYG_041-4a
070.md	59	KR2k0052_WYG_041-4b
070.md	67	KR2k0052_WYG_041-5a
070.md	75	KR2k0052_WYG_041-5b
070.md	83	KR2k0052_WYG_041-6a
070.md	91	KR2k0052_WYG_041-6b
070.md	99	KR2k0052_WYG_041-7a
070.md	107	KR2k0052_WYG_041-7b
070.md	115	KR2k0052_WYG_041-8a
070.md	123	KR2k0052_WYG_041-8b
070.md	131	KR2k0052_WYG_041-9a
070.md	139	KR2k0052_WYG_041-9b
070.md	147	KR2k0052_WYG_041-10a
070.md	155	KR2k0052_WYG_041-10b
070.md	163	KR2k0052_WYG_041-11a
070.md	171	KR2k0052_WYG_041-11b
070.md	179	KR2k0052_WYG_041-12a
070.md	187	KR2k0052_WYG_041-12b
070.md	195	KR2k0052_WYG_041-13a
070.md	203	KR2k0052_WYG_041-13b
070.md	211	KR2k0052_WYG_041-14a
070.md	219	KR2k0052_WYG_041-14b
070.md	227	KR2k0052_WYG_041-15a
070.md	235	KR2k0052_WYG_041-15b
070.md	243	KR2k0052_WYG_041-16a
070.md	251	KR2k0052_WYG_041-16b
070.md	259	KR2k0052_WYG_041-17a
070.md	267	KR2k0052_WYG_041-17b
070.md	275	KR2k0052_WYG_041-18a
070.md	283	KR2k0052_WYG_041-18b
070.md	291	KR2k0052_WYG_041-19a
070.md	299	KR2k0052_WYG_041-19b
070.md	307	KR2k0052_WYG_041-20a
070.md	315	KR2k0052_WYG_041-20b
070.md	323	KR2k0052_WYG_041-21a
070.md	331	KR2k0052_WYG_041-21b
070.md	339	KR2k0052_WYG_041-22a
070.md	347	KR2k0052_WYG_041-22b
070.md	355	KR2k0052_WYG_041-23a
070.md	363	KR2k0052_WYG_041-23b
070.md	371	KR2k0052_WYG_041-24a
070.md	379	KR2k0052_WYG_041-24b
070.md	387	KR2k0052_WYG_041-25a
070.md	395	KR2k0052_WYG_041-25b
070.md	403	KR2k0052_WYG_041-26a
070.md	411	KR2k0052_WYG_041-26b
070.md	419	KR2k0052_WYG_041-27a
070.md	427	KR2k0052_WYG_041-27b
070.md	435	KR2k0052_WYG_041-28a
070.md	443	KR2k0052_WYG_041-28b
070.md	451	KR2k0052_WYG_041-29a
070.md	459	KR2k0052_WYG_041-29b
070.md	467	KR2k0052_WYG_041-30a
070.md	475	KR2k0052_WYG_041-30b
070.md	483	KR2k0052_WYG_041-31a
070.md	491	KR2k0052_WYG_041-31b
070.md	499	KR2k0052_WYG_041-32a
070.md	507	KR2k0052_WYG_041-32b
070.md	515	KR2k0052_WYG_041-33a
070.md	523	KR2k0052_WYG_041-33b
070.md	531	KR2k0052_WYG_041-34a
070.md	539	KR2k0052_WYG_041-34b
070.md	547	KR2k0052_WYG_041-35a
070.md	555	KR2k0052_WYG_041-35b
070.md	563	KR2k0052_WYG_041-36a
070.md	571	KR2k0052_WYG_041-36b
070.md	579	KR2k0052_WYG_041-37a
070.md	587	KR2k0052_WYG_041-37b
070.md	595	KR2k0052_WYG_041-38a
070.md	603	KR2k0052_WYG_041-38b
070.md	611	KR2k0052_WYG_041-39a
070.md	619	KR2k0052_WYG_041-39b
070.md	627	KR2k0052_WYG_041-40a
070.md	635	KR2k0052_WYG_041-40b
070.md	643	KR2k0052_WYG_041-41a
070.md	651	KR2k0052_WYG_041-41b
070.md	659	KR2k0052_WYG_041-42a
070.md	667	KR2k0052_WYG_041-42b
070.md	675	KR2k0052_WYG_041-43a
070.md	683	KR2k0052_WYG_041-43b
070.md	691	KR2k0052_WYG_041-44a
070.md	699	KR2k0052_WYG_041-44b
070.md	707	KR2k0052_WYG_041-45a
070.md	715	KR2k0052_WYG_041-45b
070.md	723	KR2k0052_WYG_041-46a
070.md	731	KR2k0052_WYG_041-46b
070.md	739	KR2k0052_WYG_041-47a
070.md	747	KR2k0052_WYG_041-47b
070.md	755	KR2k0052_WYG_041-48a
070.md	763	KR2k0052_WYG_041-48b
070.md	771	KR2k0052_WYG_041-49a
070.md	779	KR2k0052_WYG_041-49b
070.md	787	KR2k0052_WYG_041-50a
070.md	795	KR2k0052_WYG_041-50b
070.md	803	KR2k0052_WYG_041-51a
070.md	811	KR2k0052_WYG_041-51b
070.md	819	KR2k0052_WYG_041-52a
070.md	827	KR2k0052_WYG_041-52b
070.md	835	KR2k0052_WYG_041-53a
070.md	843	KR2k0052_WYG_041-53b
070.md	851	KR2k0052_WYG_041-54a
070.md	859	KR2k0052_WYG_041-54b
070.md	867	KR2k0052_WYG_041-55a
070.md	875	KR2k0052_WYG_041-55b
070.md	883	KR2k0052_WYG_041-56a
070.md	891	KR2k0052_WYG_041-56b
070.md	899	KR2k0052_WYG_041-57a
070.md	907	KR2k0052_WYG_041-57b
070.md	915	KR2k0052_WYG_041-58a
070.md	923	KR2k0052_WYG_041-58b
070.md	931	KR2k0052_WYG_041-59a
070.md	939	KR2k0052_WYG_041-59b
070.md	947	KR2k0052_WYG_041-60a
070.md	955	KR2k0052_WYG_041-60b
070.md	963	KR2k0052_WYG_041-61a
070.md	971	KR2k0052_WYG_041-61b
070.md	979	KR2k0052_WYG_041-62a
070.md	987	KR2k0052_WYG_041-62b
070.md	995	KR2k0052_WYG_041-63a
070.md	1003	KR2k0052_WYG_041-63b
070.md	1011	KR2k0052_WYG_041-64a
070.md	1019	KR2k0052_WYG_041-64b
070.md	1027	KR2k0052_WYG_041-65a
070.md	1035	KR2k0052_WYG_041-65b
070.md	1043	KR2k0052_WYG_041-66a
070.md	1051	KR2k0052_WYG_041-66b
070.md	1059	KR2k0052_WYG_041-67a
070.md	1067	KR2k0052_WYG_041-67b
070.md	1075	KR2k0052_WYG_041-68a
070.md	1083	KR2k0052_WYG_041-68b
070.md	1091	KR2k0052_WYG_041-69a
070.md	1099	KR2k0052_WYG_041-69b
070.md	1107	KR2k0052_WYG_041-70a
070.md	1115	KR2k0052_WYG_041-70b
070.md	1123	KR2k0052_WYG_041-71a
070.md	1131	KR2k0052_WYG_041-71b
070.md	1139	KR2k0052_WYG_041-72a
070.md	1147	KR2k0052_WYG_041-72b
070.md	1155	KR2k0052_WYG_041-73a
070.md	1163	KR2k0052_WYG_041-73b
070.md	1171	KR2k0052_WYG_041-74a
070.md	1179	KR2k0052_WYG_041-74b
070.md	1187	KR2k0052_WYG_041-75a
070.md	1195	KR2k0052_WYG_041-75b
070.md	1203	KR2k0052_WYG_041-76a
070.md	1211	KR2k0052_WYG_041-76b
070.md	1219	KR2k0052_WYG_041-77a
070.md	1227	KR2k0052_WYG_041-77b
070.md	1235	KR2k0052_WYG_041-78a
070.md	1243	KR2k0052_WYG_041-78b
070.md	1251	KR2k0052_WYG_041-79a
070.md	1259	KR2k0052_WYG_041-79b
070.md	1267	KR2k0052_WYG_041-80a
070.md	1275	KR2k0052_WYG_041-80b
070.md	1283	KR2k0052_WYG_041-81a
070.md	1291	KR2k0052_WYG_041-81b
070.md	1299	KR2k0052_WYG_041-82a
070.md	1307	KR2k0052_WYG_041-82b
070.md	1315	KR2k0052_WYG_041-83a
070.md	1323	KR2k0052_WYG_041-83b
070.md	1331	KR2k0052_WYG_041-84a
070.md	1339	KR2k0052_WYG_041-84b
070.md	1347	KR2k0052_WYG_041-85a
070.md	1355	KR2k0052_WYG_041-85b
070.md	1363	KR2k0052_WYG_041-86a
070.md	1371	KR2k0052_WYG_041-86b
070.md	1379	KR2k0052_WYG_041-87a
070.md	1387	KR2k0052_WYG_041-87b
070.md	1395	KR2k0052_WYG_041-88a
070.md	1403	KR2k0052_WYG_041-88b
070.md	1411	KR2k0052_WYG_041-89a
070.md	1419	KR2k0052_WYG_041-89b
070.md	1427	KR2k0052_WYG_041-90a
070.md	1435	KR2k0052_WYG_041-90b
070.md	1443	KR2k0052_WYG_041-91a
070.md	1451	KR2k0052_WYG_041-91b
070.md	1459	KR2k0052_WYG_041-92a
070.md	1467	KR2k0052_WYG_041-92b
070.md	1475	KR2k0052_WYG_041-93a
070.md	1483	KR2k0052_WYG_041-93b
070.md	1491	KR2k0052_WYG_041-94a
070.md	1499	KR2k0052_WYG_041-94b
070.md	1507	KR2k0052_WYG_041-95a
070.md	1515	KR2k0052_WYG_041-95b
070.md	1523	KR2k0052_WYG_041-96a
070.md	1531	KR2k0052_WYG_041-96b
070.md	1539	KR2k0052_WYG_041-97a
070.md	1547	KR2k0052_WYG_041-97b
070.md	1555	KR2k0052_WYG_041-98a
070.md	1563	KR2k0052_WYG_041-98b
071.md	3	KR2k0052_WYG_042-1a
071.md	11	KR2k0052_WYG_042-1b
071.md	19	KR2k0052_WYG_042-2a
071.md	27	KR2k0052_WYG_042-2b
071.md	35	KR2k0052_WYG_042-3a
071.md	43	KR2k0052_WYG_042-3b
071.md	51	KR2k0052_WYG_042-4a
071.md	59	KR2k0052_WYG_042-4b
071.md	67	KR2k0052_WYG_042-5a
071.md	75	KR2k0052_WYG_042-5b
071.md	83	KR2k0052_WYG_042-6a
071.md	91	KR2k0052_WYG_042-6b
071.md	99	KR2k0052_WYG_042-7a
071.md	107	KR2k0052_WYG_042-7b
071.md	115	KR2k0052_WYG_042-8a
071.md	123	KR2k0052_WYG_042-8b
071.md	131	KR2k0052_WYG_042-9a
071.md	139	KR2k0052_WYG_042-9b
071.md	147	KR2k0052_WYG_042-10a
071.md	155	KR2k0052_WYG_042-10b
071.md	163	KR2k0052_WYG_042-11a
071.md	171	KR2k0052_WYG_042-11b
071.md	179	KR2k0052_WYG_042-12a
071.md	187	KR2k0052_WYG_042-12b
071.md	195	KR2k0052_WYG_042-13a
071.md	203	KR2k0052_WYG_042-13b
071.md	211	KR2k0052_WYG_042-14a
071.md	219	KR2k0052_WYG_042-14b
071.md	227	KR2k0052_WYG_042-15a
071.md	235	KR2k0052_WYG_042-15b
071.md	243	KR2k0052_WYG_042-16a
071.md	251	KR2k0052_WYG_042-16b
071.md	259	KR2k0052_WYG_042-17a
071.md	267	KR2k0052_WYG_042-17b
071.md	275	KR2k0052_WYG_042-18a
071.md	283	KR2k0052_WYG_042-18b
071.md	291	KR2k0052_WYG_042-19a
071.md	299	KR2k0052_WYG_042-19b
071.md	307	KR2k0052_WYG_042-20a
071.md	315	KR2k0052_WYG_042-20b
071.md	323	KR2k0052_WYG_042-21a
071.md	331	KR2k0052_WYG_042-21b
071.md	339	KR2k0052_WYG_042-22a
071.md	347	KR2k0052_WYG_042-22b
071.md	355	KR2k0052_WYG_042-23a
071.md	363	KR2k0052_WYG_042-23b
071.md	371	KR2k0052_WYG_042-24a
071.md	379	KR2k0052_WYG_042-24b
071.md	387	KR2k0052_WYG_042-25a
071.md	395	KR2k0052_WYG_042-25b
071.md	403	KR2k0052_WYG_042-26a
071.md	411	KR2k0052_WYG_042-26b
071.md	419	KR2k0052_WYG_042-27a
071.md	427	KR2k0052_WYG_042-27b
071.md	435	KR2k0052_WYG_042-28a
071.md	443	KR2k0052_WYG_042-28b
071.md	451	KR2k0052_WYG_042-29a
071.md	459	KR2k0052_WYG_042-29b
071.md	467	KR2k0052_WYG_042-30a
071.md	475	KR2k0052_WYG_042-30b
071.md	483	KR2k0052_WYG_042-31a
071.md	491	KR2k0052_WYG_042-31b
071.md	499	KR2k0052_WYG_042-32a
071.md	507	KR2k0052_WYG_042-32b
071.md	515	KR2k0052_WYG_042-33a
071.md	523	KR2k0052_WYG_042-33b
071.md	531	KR2k0052_WYG_042-34a
071.md	539	KR2k0052_WYG_042-34b
071.md	547	KR2k0052_WYG_042-35a
071.md	555	KR2k0052_WYG_042-35b
071.md	563	KR2k0052_WYG_042-36a
071.md	571	KR2k0052_WYG_042-36b
071.md	579	KR2k0052_WYG_042-37a
071.md	587	KR2k0052_WYG_042-37b
071.md	595	KR2k0052_WYG_042-38a
071.md	603	KR2k0052_WYG_042-38b
071.md	611	KR2k0052_WYG_042-39a
071.md	619	KR2k0052_WYG_042-39b
071.md	627	KR2k0052_WYG_042-40a
071.md	635	KR2k0052_WYG_042-40b
071.md	643	KR2k0052_WYG_042-41a
071.md	651	KR2k0052_WYG_042-41b
071.md	659	KR2k0052_WYG_042-42a
071.md	667	KR2k0052_WYG_042-42b
071.md	675	KR2k0052_WYG_042-43a
071.md	683	KR2k0052_WYG_042-43b
071.md	691	KR2k0052_WYG_042-44a
071.md	699	KR2k0052_WYG_042-44b
071.md	707	KR2k0052_WYG_042-45a
071.md	715	KR2k0052_WYG_042-45b
071.md	723	KR2k0052_WYG_042-46a
071.md	731	KR2k0052_WYG_042-46b
071.md	739	KR2k0052_WYG_042-47a
071.md	747	KR2k0052_WYG_042-47b
071.md	755	KR2k0052_WYG_042-48a
071.md	763	KR2k0052_WYG_042-48b
071.md	771	KR2k0052_WYG_042-49a
071.md	779	KR2k0052_WYG_042-49b
071.md	787	KR2k0052_WYG_042-50a
071.md	795	KR2k0052_WYG_042-50b
071.md	803	KR2k0052_WYG_042-51a
071.md	811	KR2k0052_WYG_042-51b
071.md	819	KR2k0052_WYG_042-52a
071.md	827	KR2k0052_WYG_042-52b
071.md	835	KR2k0052_WYG_042-53a
071.md	843	KR2k0052_WYG_042-53b
071.md	851	KR2k0052_WYG_042-54a
071.md	859	KR2k0052_WYG_042-54b
071.md	867	KR2k0052_WYG_042-55a
071.md	875	KR2k0052_WYG_042-55b
071.md	883	KR2k0052_WYG_042-56a
071.md	891	KR2k0052_WYG_042-56b
071.md	899	KR2k0052_WYG_042-57a
071.md	907	KR2k0052_WYG_042-57b
071.md	915	KR2k0052_WYG_042-58a
071.md	923	KR2k0052_WYG_042-58b
071.md	931	KR2k0052_WYG_042-59a
071.md	939	KR2k0052_WYG_042-59b
071.md	947	KR2k0052_WYG_042-60a
071.md	955	KR2k0052_WYG_042-60b
071.md	963	KR2k0052_WYG_042-61a
071.md	971	KR2k0052_WYG_042-61b
071.md	979	KR2k0052_WYG_042-62a
071.md	987	KR2k0052_WYG_042-62b
071.md	995	KR2k0052_WYG_042-63a
071.md	1003	KR2k0052_WYG_042-63b
071.md	1011	KR2k0052_WYG_042-64a
071.md	1019	KR2k0052_WYG_042-64b
071.md	1027	KR2k0052_WYG_042-65a
071.md	1035	KR2k0052_WYG_042-65b
071.md	1043	KR2k0052_WYG_042-66a
071.md	1051	KR2k0052_WYG_042-66b
071.md	1059	KR2k0052_WYG_042-67a
071.md	1067	KR2k0052_WYG_042-67b
071.md	1075	KR2k0052_WYG_042-68a
071.md	1083	KR2k0052_WYG_042-68b
071.md	1091	KR2k0052_WYG_042-69a
071.md	1099	KR2k0052_WYG_042-69b
071.md	1107	KR2k0052_WYG_042-70a
071.md	1115	KR2k0052_WYG_042-70b
071.md	1123	KR2k0052_WYG_042-71a
071.md	1131	KR2k0052_WYG_042-71b
071.md	1139	KR2k0052_WYG_042-72a
071.md	1147	KR2k0052_WYG_042-72b
071.md	1155	KR2k0052_WYG_042-73a
071.md	1163	KR2k0052_WYG_042-73b
071.md	1171	KR2k0052_WYG_042-74a
071.md	1179	KR2k0052_WYG_042-74b
071.md	1187	KR2k0052_WYG_042-75a
071.md	1195	KR2k0052_WYG_042-75b
071.md	1203	KR2k0052_WYG_042-76a
071.md	1211	KR2k0052_WYG_042-76b
071.md	1219	KR2k0052_WYG_042-77a
071.md	1227	KR2k0052_WYG_042-77b
071.md	1235	KR2k0052_WYG_042-78a
071.md	1243	KR2k0052_WYG_042-78b
071.md	1251	KR2k0052_WYG_042-79a
071.md	1259	KR2k0052_WYG_042-79b
071.md	1267	KR2k0052_WYG_042-80a
071.md	1275	KR2k0052_WYG_042-80b
071.md	1283	KR2k0052_WYG_042-81a
071.md	1291	KR2k0052_WYG_042-81b
071.md	1299	KR2k0052_WYG_042-82a
071.md	1307	KR2k0052_WYG_042-82b
071.md	1315	KR2k0052_WYG_042-83a
071.md	1323	KR2k0052_WYG_042-83b
071.md	1331	KR2k0052_WYG_042-84a
071.md	1339	KR2k0052_WYG_042-84b
071.md	1347	KR2k0052_WYG_042-85a
071.md	1355	KR2k0052_WYG_042-85b
071.md	1363	KR2k0052_WYG_042-86a
071.md	1371	KR2k0052_WYG_042-86b
071.md	1379	KR2k0052_WYG_042-87a
071.md	1387	KR2k0052_WYG_042-87b
071.md	1395	KR2k0052_WYG_042-88a
071.md	1403	KR2k0052_WYG_042-88b
072.md	3	KR2k0052_WYG_043-1a
072.md	11	KR2k0052_WYG_043-1b
072.md	19	KR2k0052_WYG_043-2a
072.md	27	KR2k0052_WYG_043-2b
072.md	35	KR2k0052_WYG_043-3a
072.md	43	KR2k0052_WYG_043-3b
072.md	51	KR2k0052_WYG_043-4a
072.md	59	KR2k0052_WYG_043-4b
072.md	67	KR2k0052_WYG_043-5a
072.md	75	KR2k0052_WYG_043-5b
072.md	83	KR2k0052_WYG_043-6a
072.md	91	KR2k0052_WYG_043-6b
072.md	99	KR2k0052_WYG_043-7a
072.md	107	KR2k0052_WYG_043-7b
072.md	115	KR2k0052_WYG_043-8a
072.md	123	KR2k0052_WYG_043-8b
072.md	131	KR2k0052_WYG_043-9a
072.md	139	KR2k0052_WYG_043-9b
072.md	147	KR2k0052_WYG_043-10a
072.md	155	KR2k0052_WYG_043-10b
072.md	163	KR2k0052_WYG_043-11a
072.md	171	KR2k0052_WYG_043-11b
072.md	179	KR2k0052_WYG_043-12a
072.md	187	KR2k0052_WYG_043-12b
072.md	195	KR2k0052_WYG_043-13a
072.md	203	KR2k0052_WYG_043-13b
072.md	211	KR2k0052_WYG_043-14a
072.md	219	KR2k0052_WYG_043-14b
072.md	227	KR2k0052_WYG_043-15a
072.md	235	KR2k0052_WYG_043-15b
072.md	243	KR2k0052_WYG_043-16a
072.md	251	KR2k0052_WYG_043-16b
072.md	259	KR2k0052_WYG_043-17a
072.md	267	KR2k0052_WYG_043-17b
072.md	275	KR2k0052_WYG_043-18a
072.md	283	KR2k0052_WYG_043-18b
072.md	291	KR2k0052_WYG_043-19a
072.md	299	KR2k0052_WYG_043-19b
072.md	307	KR2k0052_WYG_043-20a
072.md	315	KR2k0052_WYG_043-20b
072.md	323	KR2k0052_WYG_043-21a
072.md	331	KR2k0052_WYG_043-21b
072.md	339	KR2k0052_WYG_043-22a
072.md	347	KR2k0052_WYG_043-22b
072.md	355	KR2k0052_WYG_043-23a
072.md	363	KR2k0052_WYG_043-23b
072.md	371	KR2k0052_WYG_043-24a
072.md	379	KR2k0052_WYG_043-24b
072.md	387	KR2k0052_WYG_043-25a
072.md	395	KR2k0052_WYG_043-25b
072.md	403	KR2k0052_WYG_043-26a
072.md	411	KR2k0052_WYG_043-26b
072.md	419	KR2k0052_WYG_043-27a
072.md	427	KR2k0052_WYG_043-27b
072.md	435	KR2k0052_WYG_043-28a
072.md	443	KR2k0052_WYG_043-28b
072.md	451	KR2k0052_WYG_043-29a
072.md	459	KR2k0052_WYG_043-29b
072.md	467	KR2k0052_WYG_043-30a
072.md	475	KR2k0052_WYG_043-30b
072.md	483	KR2k0052_WYG_043-31a
072.md	491	KR2k0052_WYG_043-31b
072.md	499	KR2k0052_WYG_043-32a
072.md	507	KR2k0052_WYG_043-32b
072.md	515	KR2k0052_WYG_043-33a
072.md	523	KR2k0052_WYG_043-33b
072.md	531	KR2k0052_WYG_043-34a
072.md	539	KR2k0052_WYG_043-34b
072.md	547	KR2k0052_WYG_043-35a
072.md	555	KR2k0052_WYG_043-35b
072.md	563	KR2k0052_WYG_043-36a
072.md	571	KR2k0052_WYG_043-36b
072.md	579	KR2k0052_WYG_043-37a
072.md	587	KR2k0052_WYG_043-37b
072.md	595	KR2k0052_WYG_043-38a
072.md	603	KR2k0052_WYG_043-38b
072.md	611	KR2k0052_WYG_043-39a
072.md	619	KR2k0052_WYG_043-39b
072.md	627	KR2k0052_WYG_043-40a
072.md	635	KR2k0052_WYG_043-40b
072.md	643	KR2k0052_WYG_043-41a
072.md	651	KR2k0052_WYG_043-41b
072.md	659	KR2k0052_WYG_043-42a
072.md	667	KR2k0052_WYG_043-42b
072.md	675	KR2k0052_WYG_043-43a
072.md	683	KR2k0052_WYG_043-43b
072.md	691	KR2k0052_WYG_043-44a
072.md	699	KR2k0052_WYG_043-44b
072.md	707	KR2k0052_WYG_043-45a
072.md	715	KR2k0052_WYG_043-45b
072.md	723	KR2k0052_WYG_043-46a
072.md	731	KR2k0052_WYG_043-46b
072.md	739	KR2k0052_WYG_043-47a
072.md	747	KR2k0052_WYG_043-47b
072.md	755	KR2k0052_WYG_043-48a
072.md	763	KR2k0052_WYG_043-48b
072.md	771	KR2k0052_WYG_043-49a
072.md	779	KR2k0052_WYG_043-49b
072.md	787	KR2k0052_WYG_043-50a
072.md	795	KR2k0052_WYG_043-50b
072.md	803	KR2k0052_WYG_043-51a
072.md	811	KR2k0052_WYG_043-51b
072.md	819	KR2k0052_WYG_043-52a
072.md	827	KR2k0052_WYG_043-52b
072.md	835	KR2k0052_WYG_043-53a
072.md	843	KR2k0052_WYG_043-53b
072.md	851	KR2k0052_WYG_043-54a
072.md	859	KR2k0052_WYG_043-54b
072.md	867	KR2k0052_WYG_043-55a
072.md	875	KR2k0052_WYG_043-55b
072.md	883	KR2k0052_WYG_043-56a
072.md	891	KR2k0052_WYG_043-56b
072.md	899	KR2k0052_WYG_043-57a
072.md	907	KR2k0052_WYG_043-57b
072.md	915	KR2k0052_WYG_043-58a
072.md	923	KR2k0052_WYG_043-58b
072.md	931	KR2k0052_WYG_043-59a
072.md	939	KR2k0052_WYG_043-59b
072.md	947	KR2k0052_WYG_043-60a
072.md	955	KR2k0052_WYG_043-60b
072.md	963	KR2k0052_WYG_043-61a
072.md	971	KR2k0052_WYG_043-61b
072.md	979	KR2k0052_WYG_043-62a
072.md	987	KR2k0052_WYG_043-62b
072.md	995	KR2k0052_WYG_043-63a
072.md	1003	KR2k0052_WYG_043-63b
072.md	1011	KR2k0052_WYG_043-64a
072.md	1019	KR2k0052_WYG_043-64b
072.md	1027	KR2k0052_WYG_043-65a
072.md	1035	KR2k0052_WYG_043-65b
072.md	1043	KR2k0052_WYG_043-66a
072.md	1051	KR2k0052_WYG_043-66b
072.md	1059	KR2k0052_WYG_043-67a
072.md	1067	KR2k0052_WYG_043-67b
072.md	1075	KR2k0052_WYG_043-68a
072.md	1083	KR2k0052_WYG_043-68b
072.md	1091	KR2k0052_WYG_043-69a
072.md	1099	KR2k0052_WYG_043-69b
072.md	1107	KR2k0052_WYG_043-70a
072.md	1115	KR2k0052_WYG_043-70b
072.md	1123	KR2k0052_WYG_043-71a
072.md	1131	KR2k0052_WYG_043-71b
072.md	1139	KR2k0052_WYG_043-72a
072.md	1147	KR2k0052_WYG_043-72b
072.md	1155	KR2k0052_WYG_043-73a
072.md	1163	KR2k0052_WYG_043-73b
072.md	1171	KR2k0052_WYG_043-74a
072.md	1179	KR2k0052_WYG_043-74b
072.md	1187	KR2k0052_WYG_043-75a
072.md	1195	KR2k0052_WYG_043-75b
072.md	1203	KR2k0052_WYG_043-76a
072.md	1211	KR2k0052_WYG_043-76b
072.md	1219	KR2k0052_WYG_043-77a
072.md	1227	KR2k0052_WYG_043-77b
072.md	1235	KR2k0052_WYG_043-78a
072.md	1243	KR2k0052_WYG_043-78b
072.md	1251	KR2k0052_WYG_043-79a
072.md	1259	KR2k0052_WYG_043-79b
072.md	1267	KR2k0052_WYG_043-80a
072.md	1275	KR2k0052_WYG_043-80b
072.md	1283	KR2k0052_WYG_043-81a
072.md	1291	KR2k0052_WYG_043-81b
072.md	1299	KR2k0052_WYG_043-82a
072.md	1307	KR2k0052_WYG_043-82b
072.md	1315	KR2k0052_WYG_043-83a
072.md	1323	KR2k0052_WYG_043-83b
072.md	1331	KR2k0052_WYG_043-84a
072.md	1339	KR2k0052_WYG_043-84b
072.md	1347	KR2k0052_WYG_043-85a
072.md	1355	KR2k0052_WYG_043-85b
072.md	1363	KR2k0052_WYG_043-86a
072.md	1371	KR2k0052_WYG_043-86b
072.md	1379	KR2k0052_WYG_043-87a
072.md	1387	KR2k0052_WYG_043-87b
072.md	1395	KR2k0052_WYG_043-88a
072.md	1403	KR2k0052_WYG_043-88b
072.md	1411	KR2k0052_WYG_043-89a
072.md	1419	KR2k0052_WYG_043-89b
072.md	1427	KR2k0052_WYG_043-90a
072.md	1435	KR2k0052_WYG_043-90b
072.md	1443	KR2k0052_WYG_043-91a
072.md	1451	KR2k0052_WYG_043-91b
072.md	1459	KR2k0052_WYG_043-92a
072.md	1467	KR2k0052_WYG_043-92b
072.md	1475	KR2k0052_WYG_043-93a
072.md	1483	KR2k0052_WYG_043-93b
072.md	1491	KR2k0052_WYG_043-94a
072.md	1499	KR2k0052_WYG_043-94b
072.md	1507	KR2k0052_WYG_043-95a
072.md	1515	KR2k0052_WYG_043-95b
072.md	1523	KR2k0052_WYG_043-96a
072.md	1531	KR2k0052_WYG_043-96b
072.md	1539	KR2k0052_WYG_043-97a
072.md	1547	KR2k0052_WYG_043-97b
072.md	1555	KR2k0052_WYG_043-98a
072.md	1563	KR2k0052_WYG_043-98b
072.md	1571	KR2k0052_WYG_043-99a
072.md	1579	KR2k0052_WYG_043-99b
072.md	1587	KR2k0052_WYG_043-100a
072.md	1595	KR2k0052_WYG_043-100b
073.md	3	KR2k0052_WYG_044-1a
073.md	11	KR2k0052_WYG_044-1b
073.md	19	KR2k0052_WYG_044-2a
073.md	27	KR2k0052_WYG_044-2b
073.md	35	KR2k0052_WYG_044-3a
073.md	43	KR2k0052_WYG_044-3b
073.md	51	KR2k0052_WYG_044-4a
073.md	59	KR2k0052_WYG_044-4b
073.md	67	KR2k0052_WYG_044-5a
073.md	75	KR2k0052_WYG_044-5b
073.md	83	KR2k0052_WYG_044-6a
073.md	91	KR2k0052_WYG_044-6b
073.md	99	KR2k0052_WYG_044-7a
073.md	107	KR2k0052_WYG_044-7b
073.md	115	KR2k0052_WYG_044-8a
073.md	123	KR2k0052_WYG_044-8b
073.md	131	KR2k0052_WYG_044-9a
073.md	139	KR2k0052_WYG_044-9b
073.md	147	KR2k0052_WYG_044-10a
073.md	155	KR2k0052_WYG_044-10b
073.md	163	KR2k0052_WYG_044-11a
073.md	171	KR2k0052_WYG_044-11b
073.md	179	KR2k0052_WYG_044-12a
073.md	187	KR2k0052_WYG_044-12b
073.md	195	KR2k0052_WYG_044-13a
073.md	203	KR2k0052_WYG_044-13b
073.md	211	KR2k0052_WYG_044-14a
073.md	219	KR2k0052_WYG_044-14b
073.md	227	KR2k0052_WYG_044-15a
073.md	235	KR2k0052_WYG_044-15b
073.md	243	KR2k0052_WYG_044-16a
073.md	251	KR2k0052_WYG_044-16b
073.md	259	KR2k0052_WYG_044-17a
073.md	267	KR2k0052_WYG_044-17b
073.md	275	KR2k0052_WYG_044-18a
073.md	283	KR2k0052_WYG_044-18b
073.md	291	KR2k0052_WYG_044-19a
073.md	299	KR2k0052_WYG_044-19b
073.md	307	KR2k0052_WYG_044-20a
073.md	315	KR2k0052_WYG_044-20b
073.md	323	KR2k0052_WYG_044-21a
073.md	331	KR2k0052_WYG_044-21b
073.md	339	KR2k0052_WYG_044-22a
073.md	347	KR2k0052_WYG_044-22b
073.md	355	KR2k0052_WYG_044-23a
073.md	363	KR2k0052_WYG_044-23b
073.md	371	KR2k0052_WYG_044-24a
073.md	379	KR2k0052_WYG_044-24b
073.md	387	KR2k0052_WYG_044-25a
073.md	395	KR2k0052_WYG_044-25b
073.md	403	KR2k0052_WYG_044-26a
073.md	411	KR2k0052_WYG_044-26b
073.md	419	KR2k0052_WYG_044-27a
073.md	427	KR2k0052_WYG_044-27b
073.md	435	KR2k0052_WYG_044-28a
073.md	443	KR2k0052_WYG_044-28b
073.md	451	KR2k0052_WYG_044-29a
073.md	459	KR2k0052_WYG_044-29b
073.md	467	KR2k0052_WYG_044-30a
073.md	475	KR2k0052_WYG_044-30b
073.md	483	KR2k0052_WYG_044-31a
073.md	491	KR2k0052_WYG_044-31b
073.md	499	KR2k0052_WYG_044-32a
073.md	507	KR2k0052_WYG_044-32b
073.md	515	KR2k0052_WYG_044-33a
073.md	523	KR2k0052_WYG_044-33b
073.md	531	KR2k0052_WYG_044-34a
073.md	539	KR2k0052_WYG_044-34b
073.md	547	KR2k0052_WYG_044-35a
073.md	555	KR2k0052_WYG_044-35b
073.md	563	KR2k0052_WYG_044-36a
073.md	571	KR2k0052_WYG_044-36b
073.md	579	KR2k0052_WYG_044-37a
073.md	587	KR2k0052_WYG_044-37b
073.md	595	KR2k0052_WYG_044-38a
073.md	603	KR2k0052_WYG_044-38b
073.md	611	KR2k0052_WYG_044-39a
073.md	619	KR2k0052_WYG_044-39b
073.md	627	KR2k0052_WYG_044-40a
073.md	635	KR2k0052_WYG_044-40b
073.md	643	KR2k0052_WYG_044-41a
073.md	651	KR2k0052_WYG_044-41b
073.md	659	KR2k0052_WYG_044-42a
073.md	667	KR2k0052_WYG_044-42b
073.md	675	KR2k0052_WYG_044-43a
073.md	683	KR2k0052_WYG_044-43b
073.md	691	KR2k0052_WYG_044-44a
073.md	699	KR2k0052_WYG_044-44b
073.md	707	KR2k0052_WYG_044-45a
073.md	715	KR2k0052_WYG_044-45b
073.md	723	KR2k0052_WYG_044-46a
073.md	731	KR2k0052_WYG_044-46b
073.md	739	KR2k0052_WYG_044-47a
073.md	747	KR2k0052_WYG_044-47b
073.md	755	KR2k0052_WYG_044-48a
073.md	763	KR2k0052_WYG_044-48b
073.md	771	KR2k0052_WYG_044-49a
073.md	779	KR2k0052_WYG_044-49b
073.md	787	KR2k0052_WYG_044-50a
073.md	795	KR2k0052_WYG_044-50b
073.md	803	KR2k0052_WYG_044-51a
073.md	811	KR2k0052_WYG_044-51b
073.md	819	KR2k0052_WYG_044-52a
073.md	827	KR2k0052_WYG_044-52b
073.md	835	KR2k0052_WYG_044-53a
073.md	843	KR2k0052_WYG_044-53b
073.md	851	KR2k0052_WYG_044-54a
073.md	859	KR2k0052_WYG_044-54b
073.md	867	KR2k0052_WYG_044-55a
073.md	875	KR2k0052_WYG_044-55b
073.md	883	KR2k0052_WYG_044-56a
073.md	891	KR2k0052_WYG_044-56b
073.md	899	KR2k0052_WYG_044-57a
073.md	907	KR2k0052_WYG_044-57b
073.md	915	KR2k0052_WYG_044-58a
073.md	923	KR2k0052_WYG_044-58b
073.md	931	KR2k0052_WYG_044-59a
073.md	939	KR2k0052_WYG_044-59b
073.md	947	KR2k0052_WYG_044-60a
073.md	955	KR2k0052_WYG_044-60b
073.md	963	KR2k0052_WYG_044-61a
073.md	971	KR2k0052_WYG_044-61b
073.md	979	KR2k0052_WYG_044-62a
073.md	987	KR2k0052_WYG_044-62b
073.md	995	KR2k0052_WYG_044-63a
073.md	1003	KR2k0052_WYG_044-63b
073.md	1011	KR2k0052_WYG_044-64a
073.md	1019	KR2k0052_WYG_044-64b
073.md	1027	KR2k0052_WYG_044-65a
073.md	1035	KR2k0052_WYG_044-65b
073.md	1043	KR2k0052_WYG_044-66a
073.md	1051	KR2k0052_WYG_044-66b
073.md	1059	KR2k0052_WYG_044-67a
073.md	1067	KR2k0052_WYG_044-67b
073.md	1075	KR2k0052_WYG_044-68a
073.md	1083	KR2k0052_WYG_044-68b
073.md	1091	KR2k0052_WYG_044-69a
073.md	1099	KR2k0052_WYG_044-69b
073.md	1107	KR2k0052_WYG_044-70a
073.md	1115	KR2k0052_WYG_044-70b
073.md	1123	KR2k0052_WYG_044-71a
073.md	1131	KR2k0052_WYG_044-71b
073.md	1139	KR2k0052_WYG_044-72a
073.md	1147	KR2k0052_WYG_044-72b
073.md	1155	KR2k0052_WYG_044-73a
073.md	1163	KR2k0052_WYG_044-73b
073.md	1171	KR2k0052_WYG_044-74a
073.md	1179	KR2k0052_WYG_044-74b
073.md	1187	KR2k0052_WYG_044-75a
073.md	1195	KR2k0052_WYG_044-75b
073.md	1203	KR2k0052_WYG_044-76a
073.md	1211	KR2k0052_WYG_044-76b
073.md	1219	KR2k0052_WYG_044-77a
073.md	1227	KR2k0052_WYG_044-77b
073.md	1235	KR2k0052_WYG_044-78a
073.md	1243	KR2k0052_WYG_044-78b
073.md	1251	KR2k0052_WYG_044-79a
073.md	1259	KR2k0052_WYG_044-79b
073.md	1267	KR2k0052_WYG_044-80a
073.md	1275	KR2k0052_WYG_044-80b
073.md	1283	KR2k0052_WYG_044-81a
073.md	1291	KR2k0052_WYG_044-81b
073.md	1299	KR2k0052_WYG_044-82a
073.md	1307	KR2k0052_WYG_044-82b
073.md	1315	KR2k0052_WYG_044-83a
073.md	1323	KR2k0052_WYG_044-83b
073.md	1331	KR2k0052_WYG_044-84a
073.md	1339	KR2k0052_WYG_044-84b
073.md	1347	KR2k0052_WYG_044-85a
073.md	1355	KR2k0052_WYG_044-85b
073.md	1363	KR2k0052_WYG_044-86a
073.md	1371	KR2k0052_WYG_044-86b
073.md	1379	KR2k0052_WYG_044-87a
073.md	1387	KR2k0052_WYG_044-87b
073.md	1395	KR2k0052_WYG_044-88a
073.md	1403	KR2k0052_WYG_044-88b
073.md	1411	KR2k0052_WYG_044-89a
073.md	1419	KR2k0052_WYG_044-89b
073.md	1427	KR2k0052_WYG_044-90a
073.md	1435	KR2k0052_WYG_044-90b
073.md	1443	KR2k0052_WYG_044-91a
073.md	1451	KR2k0052_WYG_044-91b
074.md	3	KR2k0052_WYG_045-1a
074.md	11	KR2k0052_WYG_045-1b
074.md	19	KR2k0052_WYG_045-2a
074.md	27	KR2k0052_WYG_045-2b
074.md	35	KR2k0052_WYG_045-3a
074.md	43	KR2k0052_WYG_045-3b
074.md	51	KR2k0052_WYG_045-4a
074.md	59	KR2k0052_WYG_045-4b
074.md	67	KR2k0052_WYG_045-5a
074.md	75	KR2k0052_WYG_045-5b
074.md	83	KR2k0052_WYG_045-6a
074.md	91	KR2k0052_WYG_045-6b
074.md	99	KR2k0052_WYG_045-7a
074.md	107	KR2k0052_WYG_045-7b
074.md	115	KR2k0052_WYG_045-8a
074.md	123	KR2k0052_WYG_045-8b
074.md	131	KR2k0052_WYG_045-9a
074.md	139	KR2k0052_WYG_045-9b
074.md	147	KR2k0052_WYG_045-10a
074.md	155	KR2k0052_WYG_045-10b
074.md	163	KR2k0052_WYG_045-11a
074.md	171	KR2k0052_WYG_045-11b
074.md	179	KR2k0052_WYG_045-12a
074.md	187	KR2k0052_WYG_045-12b
074.md	195	KR2k0052_WYG_045-13a
074.md	203	KR2k0052_WYG_045-13b
074.md	211	KR2k0052_WYG_045-14a
074.md	219	KR2k0052_WYG_045-14b
074.md	227	KR2k0052_WYG_045-15a
074.md	235	KR2k0052_WYG_045-15b
074.md	243	KR2k0052_WYG_045-16a
074.md	251	KR2k0052_WYG_045-16b
074.md	259	KR2k0052_WYG_045-17a
074.md	267	KR2k0052_WYG_045-17b
074.md	275	KR2k0052_WYG_045-18a
074.md	283	KR2k0052_WYG_045-18b
074.md	291	KR2k0052_WYG_045-19a
074.md	299	KR2k0052_WYG_045-19b
074.md	307	KR2k0052_WYG_045-20a
074.md	315	KR2k0052_WYG_045-20b
074.md	323	KR2k0052_WYG_045-21a
074.md	331	KR2k0052_WYG_045-21b
074.md	339	KR2k0052_WYG_045-22a
074.md	347	KR2k0052_WYG_045-22b
074.md	355	KR2k0052_WYG_045-23a
074.md	363	KR2k0052_WYG_045-23b
074.md	371	KR2k0052_WYG_045-24a
074.md	379	KR2k0052_WYG_045-24b
074.md	387	KR2k0052_WYG_045-25a
074.md	395	KR2k0052_WYG_045-25b
074.md	403	KR2k0052_WYG_045-26a
074.md	411	KR2k0052_WYG_045-26b
074.md	419	KR2k0052_WYG_045-27a
074.md	427	KR2k0052_WYG_045-27b
074.md	435	KR2k0052_WYG_045-28a
074.md	443	KR2k0052_WYG_045-28b
074.md	451	KR2k0052_WYG_045-29a
074.md	459	KR2k0052_WYG_045-29b
074.md	467	KR2k0052_WYG_045-30a
074.md	475	KR2k0052_WYG_045-30b
074.md	483	KR2k0052_WYG_045-31a
074.md	491	KR2k0052_WYG_045-31b
074.md	499	KR2k0052_WYG_045-32a
074.md	507	KR2k0052_WYG_045-32b
074.md	515	KR2k0052_WYG_045-33a
074.md	523	KR2k0052_WYG_045-33b
074.md	531	KR2k0052_WYG_045-34a
074.md	539	KR2k0052_WYG_045-34b
074.md	547	KR2k0052_WYG_045-35a
074.md	555	KR2k0052_WYG_045-35b
074.md	563	KR2k0052_WYG_045-36a
074.md	571	KR2k0052_WYG_045-36b
074.md	579	KR2k0052_WYG_045-37a
074.md	587	KR2k0052_WYG_045-37b
074.md	595	KR2k0052_WYG_045-38a
074.md	603	KR2k0052_WYG_045-38b
074.md	611	KR2k0052_WYG_045-39a
074.md	619	KR2k0052_WYG_045-39b
074.md	627	KR2k0052_WYG_045-40a
074.md	635	KR2k0052_WYG_045-40b
074.md	643	KR2k0052_WYG_045-41a
074.md	651	KR2k0052_WYG_045-41b
074.md	659	KR2k0052_WYG_045-42a
074.md	667	KR2k0052_WYG_045-42b
074.md	675	KR2k0052_WYG_045-43a
074.md	683	KR2k0052_WYG_045-43b
074.md	691	KR2k0052_WYG_045-44a
074.md	699	KR2k0052_WYG_045-44b
074.md	707	KR2k0052_WYG_045-45a
074.md	715	KR2k0052_WYG_045-45b
074.md	723	KR2k0052_WYG_045-46a
074.md	731	KR2k0052_WYG_045-46b
074.md	739	KR2k0052_WYG_045-47a
074.md	747	KR2k0052_WYG_045-47b
074.md	755	KR2k0052_WYG_045-48a
074.md	763	KR2k0052_WYG_045-48b
074.md	771	KR2k0052_WYG_045-49a
074.md	779	KR2k0052_WYG_045-49b
074.md	787	KR2k0052_WYG_045-50a
074.md	795	KR2k0052_WYG_045-50b
074.md	803	KR2k0052_WYG_045-51a
074.md	811	KR2k0052_WYG_045-51b
074.md	819	KR2k0052_WYG_045-52a
074.md	827	KR2k0052_WYG_045-52b
074.md	835	KR2k0052_WYG_045-53a
074.md	843	KR2k0052_WYG_045-53b
074.md	851	KR2k0052_WYG_045-54a
074.md	859	KR2k0052_WYG_045-54b
074.md	867	KR2k0052_WYG_045-55a
074.md	875	KR2k0052_WYG_045-55b
074.md	883	KR2k0052_WYG_045-56a
074.md	891	KR2k0052_WYG_045-56b
074.md	899	KR2k0052_WYG_045-57a
074.md	907	KR2k0052_WYG_045-57b
074.md	915	KR2k0052_WYG_045-58a
074.md	923	KR2k0052_WYG_045-58b
074.md	931	KR2k0052_WYG_045-59a
074.md	939	KR2k0052_WYG_045-59b
074.md	947	KR2k0052_WYG_045-60a
074.md	955	KR2k0052_WYG_045-60b
074.md	963	KR2k0052_WYG_045-61a
074.md	971	KR2k0052_WYG_045-61b
074.md	979	KR2k0052_WYG_045-62a
074.md	987	KR2k0052_WYG_045-62b
074.md	995	KR2k0052_WYG_045-63a
074.md	1003	KR2k0052_WYG_045-63b
074.md	1011	KR2k0052_WYG_045-64a
074.md	1019	KR2k0052_WYG_045-64b
074.md	1027	KR2k0052_WYG_045-65a
074.md	1035	KR2k0052_WYG_045-65b
074.md	1043	KR2k0052_WYG_045-66a
074.md	1051	KR2k0052_WYG_045-66b
074.md	1059	KR2k0052_WYG_045-67a
074.md	1067	KR2k0052_WYG_045-67b
074.md	1075	KR2k0052_WYG_045-68a
074.md	1083	KR2k0052_WYG_045-68b
074.md	1091	KR2k0052_WYG_045-69a
074.md	1099	KR2k0052_WYG_045-69b
074.md	1107	KR2k0052_WYG_045-70a
074.md	1115	KR2k0052_WYG_045-70b
074.md	1123	KR2k0052_WYG_045-71a
074.md	1131	KR2k0052_WYG_045-71b
074.md	1139	KR2k0052_WYG_045-72a
074.md	1147	KR2k0052_WYG_045-72b
074.md	1155	KR2k0052_WYG_045-73a
074.md	1163	KR2k0052_WYG_045-73b
074.md	1171	KR2k0052_WYG_045-74a
074.md	1179	KR2k0052_WYG_045-74b
074.md	1187	KR2k0052_WYG_045-75a
074.md	1195	KR2k0052_WYG_045-75b
074.md	1203	KR2k0052_WYG_045-76a
074.md	1211	KR2k0052_WYG_045-76b
074.md	1219	KR2k0052_WYG_045-77a
074.md	1227	KR2k0052_WYG_045-77b
074.md	1235	KR2k0052_WYG_045-78a
074.md	1243	KR2k0052_WYG_045-78b
074.md	1251	KR2k0052_WYG_045-79a
074.md	1259	KR2k0052_WYG_045-79b
074.md	1267	KR2k0052_WYG_045-80a
074.md	1275	KR2k0052_WYG_045-80b
074.md	1283	KR2k0052_WYG_045-81a
074.md	1291	KR2k0052_WYG_045-81b
074.md	1299	KR2k0052_WYG_045-82a
074.md	1307	KR2k0052_WYG_045-82b
075.md	3	KR2k0052_WYG_046-1a
075.md	11	KR2k0052_WYG_046-1b
075.md	19	KR2k0052_WYG_046-2a
075.md	27	KR2k0052_WYG_046-2b
075.md	35	KR2k0052_WYG_046-3a
075.md	43	KR2k0052_WYG_046-3b
075.md	51	KR2k0052_WYG_046-4a
075.md	59	KR2k0052_WYG_046-4b
075.md	67	KR2k0052_WYG_046-5a
075.md	75	KR2k0052_WYG_046-5b
075.md	83	KR2k0052_WYG_046-6a
075.md	91	KR2k0052_WYG_046-6b
075.md	99	KR2k0052_WYG_046-7a
075.md	107	KR2k0052_WYG_046-7b
075.md	115	KR2k0052_WYG_046-8a
075.md	123	KR2k0052_WYG_046-8b
075.md	131	KR2k0052_WYG_046-9a
075.md	139	KR2k0052_WYG_046-9b
075.md	147	KR2k0052_WYG_046-10a
075.md	155	KR2k0052_WYG_046-10b
075.md	163	KR2k0052_WYG_046-11a
075.md	171	KR2k0052_WYG_046-11b
075.md	179	KR2k0052_WYG_046-12a
075.md	187	KR2k0052_WYG_046-12b
075.md	195	KR2k0052_WYG_046-13a
075.md	203	KR2k0052_WYG_046-13b
075.md	211	KR2k0052_WYG_046-14a
075.md	219	KR2k0052_WYG_046-14b
075.md	227	KR2k0052_WYG_046-15a
075.md	235	KR2k0052_WYG_046-15b
075.md	243	KR2k0052_WYG_046-16a
075.md	251	KR2k0052_WYG_046-16b
075.md	259	KR2k0052_WYG_046-17a
075.md	267	KR2k0052_WYG_046-17b
075.md	275	KR2k0052_WYG_046-18a
075.md	283	KR2k0052_WYG_046-18b
075.md	291	KR2k0052_WYG_046-19a
075.md	299	KR2k0052_WYG_046-19b
075.md	307	KR2k0052_WYG_046-20a
075.md	315	KR2k0052_WYG_046-20b
075.md	323	KR2k0052_WYG_046-21a
075.md	331	KR2k0052_WYG_046-21b
075.md	339	KR2k0052_WYG_046-22a
075.md	347	KR2k0052_WYG_046-22b
075.md	355	KR2k0052_WYG_046-23a
075.md	363	KR2k0052_WYG_046-23b
075.md	371	KR2k0052_WYG_046-24a
075.md	379	KR2k0052_WYG_046-24b
075.md	387	KR2k0052_WYG_046-25a
075.md	395	KR2k0052_WYG_046-25b
075.md	403	KR2k0052_WYG_046-26a
075.md	411	KR2k0052_WYG_046-26b
075.md	419	KR2k0052_WYG_046-27a
075.md	427	KR2k0052_WYG_046-27b
075.md	435	KR2k0052_WYG_046-28a
075.md	443	KR2k0052_WYG_046-28b
075.md	451	KR2k0052_WYG_046-29a
075.md	459	KR2k0052_WYG_046-29b
075.md	467	KR2k0052_WYG_046-30a
075.md	475	KR2k0052_WYG_046-30b
075.md	483	KR2k0052_WYG_046-31a
075.md	491	KR2k0052_WYG_046-31b
075.md	499	KR2k0052_WYG_046-32a
075.md	507	KR2k0052_WYG_046-32b
075.md	515	KR2k0052_WYG_046-33a
075.md	523	KR2k0052_WYG_046-33b
075.md	531	KR2k0052_WYG_046-34a
075.md	539	KR2k0052_WYG_046-34b
075.md	547	KR2k0052_WYG_046-35a
075.md	555	KR2k0052_WYG_046-35b
075.md	563	KR2k0052_WYG_046-36a
075.md	571	KR2k0052_WYG_046-36b
075.md	579	KR2k0052_WYG_046-37a
075.md	587	KR2k0052_WYG_046-37b
075.md	595	KR2k0052_WYG_046-38a
075.md	603	KR2k0052_WYG_046-38b
075.md	611	KR2k0052_WYG_046-39a
075.md	619	KR2k0052_WYG_046-39b
075.md	627	KR2k0052_WYG_046-40a
075.md	635	KR2k0052_WYG_046-40b
075.md	643	KR2k0052_WYG_046-41a
075.md	651	KR2k0052_WYG_046-41b
075.md	659	KR2k0052_WYG_046-42a
075.md	667	KR2k0052_WYG_046-42b
075.md	675	KR2k0052_WYG_046-43a
075.md	683	KR2k0052_WYG_046-43b
075.md	691	KR2k0052_WYG_046-44a
075.md	699	KR2k0052_WYG_046-44b
075.md	707	KR2k0052_WYG_046-45a
075.md	715	KR2k0052_WYG_046-45b
075.md	723	KR2k0052_WYG_046-46a
075.md	731	KR2k0052_WYG_046-46b
075.md	739	KR2k0052_WYG_046-47a
075.md	747	KR2k0052_WYG_046-47b
075.md	755	KR2k0052_WYG_046-48a
075.md	763	KR2k0052_WYG_046-48b
075.md	771	KR2k0052_WYG_046-49a
075.md	779	KR2k0052_WYG_046-49b
075.md	787	KR2k0052_WYG_046-50a
075.md	795	KR2k0052_WYG_046-50b
075.md	803	KR2k0052_WYG_046-51a
075.md	811	KR2k0052_WYG_046-51b
075.md	819	KR2k0052_WYG_046-52a
075.md	827	KR2k0052_WYG_046-52b
075.md	835	KR2k0052_WYG_046-53a
075.md	843	KR2k0052_WYG_046-53b
075.md	851	KR2k0052_WYG_046-54a
075.md	859	KR2k0052_WYG_046-54b
075.md	867	KR2k0052_WYG_046-55a
075.md	875	KR2k0052_WYG_046-55b
075.md	883	KR2k0052_WYG_046-56a
075.md	891	KR2k0052_WYG_046-56b
075.md	899	KR2k0052_WYG_046-57a
075.md	907	KR2k0052_WYG_046-57b
075.md	915	KR2k0052_WYG_046-58a
075.md	923	KR2k0052_WYG_046-58b
075.md	931	KR2k0052_WYG_046-59a
075.md	939	KR2k0052_WYG_046-59b
075.md	947	KR2k0052_WYG_046-60a
075.md	955	KR2k0052_WYG_046-60b
075.md	963	KR2k0052_WYG_046-61a
075.md	971	KR2k0052_WYG_046-61b
075.md	979	KR2k0052_WYG_046-62a
075.md	987	KR2k0052_WYG_046-62b
075.md	995	KR2k0052_WYG_046-63a
075.md	1003	KR2k0052_WYG_046-63b
075.md	1011	KR2k0052_WYG_046-64a
075.md	1019	KR2k0052_WYG_046-64b
075.md	1027	KR2k0052_WYG_046-65a
075.md	1035	KR2k0052_WYG_046-65b
075.md	1043	KR2k0052_WYG_046-66a
075.md	1051	KR2k0052_WYG_046-66b
075.md	1059	KR2k0052_WYG_046-67a
075.md	1067	KR2k0052_WYG_046-67b
075.md	1075	KR2k0052_WYG_046-68a
075.md	1083	KR2k0052_WYG_046-68b
075.md	1091	KR2k0052_WYG_046-69a
075.md	1099	KR2k0052_WYG_046-69b
075.md	1107	KR2k0052_WYG_046-70a
075.md	1115	KR2k0052_WYG_046-70b
075.md	1123	KR2k0052_WYG_046-71a
075.md	1131	KR2k0052_WYG_046-71b
075.md	1139	KR2k0052_WYG_046-72a
075.md	1147	KR2k0052_WYG_046-72b
075.md	1155	KR2k0052_WYG_046-73a
075.md	1163	KR2k0052_WYG_046-73b
075.md	1171	KR2k0052_WYG_046-74a
075.md	1179	KR2k0052_WYG_046-74b
075.md	1187	KR2k0052_WYG_046-75a
075.md	1195	KR2k0052_WYG_046-75b
075.md	1203	KR2k0052_WYG_046-76a
075.md	1204	KR2k0052_WYG_046-77a
075.md	1205	KR2k0052_WYG_046-78a
075.md	1206	KR2k0052_WYG_046-79a
075.md	1214	KR2k0052_WYG_046-79b
075.md	1222	KR2k0052_WYG_046-80a
075.md	1230	KR2k0052_WYG_046-80b
075.md	1238	KR2k0052_WYG_046-81a
075.md	1246	KR2k0052_WYG_046-81b
075.md	1254	KR2k0052_WYG_046-82a
075.md	1262	KR2k0052_WYG_046-82b
075.md	1270	KR2k0052_WYG_046-83a
075.md	1278	KR2k0052_WYG_046-83b
075.md	1286	KR2k0052_WYG_046-84a
075.md	1294	KR2k0052_WYG_046-84b
075.md	1302	KR2k0052_WYG_046-85a
075.md	1310	KR2k0052_WYG_046-85b
075.md	1318	KR2k0052_WYG_046-86a
075.md	1326	KR2k0052_WYG_046-86b
075.md	1334	KR2k0052_WYG_046-87a
075.md	1342	KR2k0052_WYG_046-87b
075.md	1350	KR2k0052_WYG_046-88a
075.md	1358	KR2k0052_WYG_046-88b
075.md	1366	KR2k0052_WYG_046-89a
075.md	1374	KR2k0052_WYG_046-89b
075.md	1382	KR2k0052_WYG_046-90a
075.md	1390	KR2k0052_WYG_046-90b
075.md	1398	KR2k0052_WYG_046-91a
075.md	1406	KR2k0052_WYG_046-91b
075.md	1414	KR2k0052_WYG_046-92a
075.md	1422	KR2k0052_WYG_046-92b
075.md	1430	KR2k0052_WYG_046-93a
075.md	1438	KR2k0052_WYG_046-93b
075.md	1446	KR2k0052_WYG_046-94a
075.md	1454	KR2k0052_WYG_046-94b
075.md	1462	KR2k0052_WYG_046-95a
075.md	1470	KR2k0052_WYG_046-95b
075.md	1478	KR2k0052_WYG_046-96a
075.md	1486	KR2k0052_WYG_046-96b
075.md	1494	KR2k0052_WYG_046-97a
075.md	1502	KR2k0052_WYG_046-97b
075.md	1510	KR2k0052_WYG_046-98a
075.md	1518	KR2k0052_WYG_046-98b
075.md	1526	KR2k0052_WYG_046-99a
075.md	1534	KR2k0052_WYG_046-99b
075.md	1542	KR2k0052_WYG_046-100a
075.md	1550	KR2k0052_WYG_046-100b
075.md	1558	KR2k0052_WYG_046-101a
075.md	1566	KR2k0052_WYG_046-101b
075.md	1574	KR2k0052_WYG_046-102a
075.md	1582	KR2k0052_WYG_046-102b
075.md	1590	KR2k0052_WYG_046-103a
075.md	1598	KR2k0052_WYG_046-103b
075.md	1606	KR2k0052_WYG_046-104a
075.md	1614	KR2k0052_WYG_046-104b
075.md	1622	KR2k0052_WYG_046-105a
075.md	1630	KR2k0052_WYG_046-105b
075.md	1638	KR2k0052_WYG_046-106a
075.md	1646	KR2k0052_WYG_046-106b
075.md	1654	KR2k0052_WYG_046-107a
075.md	1662	KR2k0052_WYG_046-107b
075.md	1670	KR2k0052_WYG_046-108a
075.md	1678	KR2k0052_WYG_046-108b
075.md	1686	KR2k0052_WYG_046-109a
075.md	1694	KR2k0052_WYG_046-109b
076.md	3	KR2k0052_WYG_047-1a
076.md	11	KR2k0052_WYG_047-1b
076.md	19	KR2k0052_WYG_047-2a
076.md	27	KR2k0052_WYG_047-2b
076.md	35	KR2k0052_WYG_047-3a
076.md	43	KR2k0052_WYG_047-3b
076.md	51	KR2k0052_WYG_047-4a
076.md	59	KR2k0052_WYG_047-4b
076.md	67	KR2k0052_WYG_047-5a
076.md	75	KR2k0052_WYG_047-5b
076.md	83	KR2k0052_WYG_047-6a
076.md	91	KR2k0052_WYG_047-6b
076.md	99	KR2k0052_WYG_047-7a
076.md	107	KR2k0052_WYG_047-7b
076.md	115	KR2k0052_WYG_047-8a
076.md	123	KR2k0052_WYG_047-8b
076.md	131	KR2k0052_WYG_047-9a
076.md	139	KR2k0052_WYG_047-9b
076.md	147	KR2k0052_WYG_047-10a
076.md	155	KR2k0052_WYG_047-10b
076.md	163	KR2k0052_WYG_047-11a
076.md	171	KR2k0052_WYG_047-11b
076.md	179	KR2k0052_WYG_047-12a
076.md	187	KR2k0052_WYG_047-12b
076.md	195	KR2k0052_WYG_047-13a
076.md	203	KR2k0052_WYG_047-13b
076.md	211	KR2k0052_WYG_047-14a
076.md	219	KR2k0052_WYG_047-14b
076.md	227	KR2k0052_WYG_047-15a
076.md	235	KR2k0052_WYG_047-15b
076.md	243	KR2k0052_WYG_047-16a
076.md	251	KR2k0052_WYG_047-16b
076.md	259	KR2k0052_WYG_047-17a
076.md	267	KR2k0052_WYG_047-17b
076.md	275	KR2k0052_WYG_047-18a
076.md	283	KR2k0052_WYG_047-18b
076.md	291	KR2k0052_WYG_047-19a
076.md	299	KR2k0052_WYG_047-19b
076.md	307	KR2k0052_WYG_047-20a
076.md	315	KR2k0052_WYG_047-20b
076.md	323	KR2k0052_WYG_047-21a
076.md	331	KR2k0052_WYG_047-21b
076.md	339	KR2k0052_WYG_047-22a
076.md	347	KR2k0052_WYG_047-22b
076.md	355	KR2k0052_WYG_047-23a
076.md	363	KR2k0052_WYG_047-23b
076.md	371	KR2k0052_WYG_047-24a
076.md	379	KR2k0052_WYG_047-24b
076.md	387	KR2k0052_WYG_047-25a
076.md	395	KR2k0052_WYG_047-25b
076.md	403	KR2k0052_WYG_047-26a
076.md	411	KR2k0052_WYG_047-26b
076.md	419	KR2k0052_WYG_047-27a
076.md	427	KR2k0052_WYG_047-27b
076.md	435	KR2k0052_WYG_047-28a
076.md	443	KR2k0052_WYG_047-28b
076.md	451	KR2k0052_WYG_047-29a
076.md	459	KR2k0052_WYG_047-29b
076.md	467	KR2k0052_WYG_047-30a
076.md	475	KR2k0052_WYG_047-30b
076.md	483	KR2k0052_WYG_047-31a
076.md	491	KR2k0052_WYG_047-31b
076.md	499	KR2k0052_WYG_047-32a
076.md	507	KR2k0052_WYG_047-32b
076.md	515	KR2k0052_WYG_047-33a
076.md	523	KR2k0052_WYG_047-33b
076.md	531	KR2k0052_WYG_047-34a
076.md	539	KR2k0052_WYG_047-34b
076.md	547	KR2k0052_WYG_047-35a
076.md	555	KR2k0052_WYG_047-35b
076.md	563	KR2k0052_WYG_047-36a
076.md	571	KR2k0052_WYG_047-36b
076.md	579	KR2k0052_WYG_047-37a
076.md	587	KR2k0052_WYG_047-37b
076.md	595	KR2k0052_WYG_047-38a
076.md	603	KR2k0052_WYG_047-38b
076.md	611	KR2k0052_WYG_047-39a
076.md	619	KR2k0052_WYG_047-39b
076.md	627	KR2k0052_WYG_047-40a
076.md	635	KR2k0052_WYG_047-40b
076.md	643	KR2k0052_WYG_047-41a
076.md	651	KR2k0052_WYG_047-41b
076.md	659	KR2k0052_WYG_047-42a
076.md	667	KR2k0052_WYG_047-42b
076.md	675	KR2k0052_WYG_047-43a
076.md	683	KR2k0052_WYG_047-43b
076.md	691	KR2k0052_WYG_047-44a
076.md	699	KR2k0052_WYG_047-44b
076.md	707	KR2k0052_WYG_047-45a
076.md	715	KR2k0052_WYG_047-45b
076.md	723	KR2k0052_WYG_047-46a
076.md	731	KR2k0052_WYG_047-46b
076.md	739	KR2k0052_WYG_047-47a
076.md	747	KR2k0052_WYG_047-47b
076.md	755	KR2k0052_WYG_047-48a
076.md	763	KR2k0052_WYG_047-48b
076.md	771	KR2k0052_WYG_047-49a
076.md	779	KR2k0052_WYG_047-49b
076.md	787	KR2k0052_WYG_047-50a
076.md	795	KR2k0052_WYG_047-50b
076.md	803	KR2k0052_WYG_047-51a
076.md	811	KR2k0052_WYG_047-51b
076.md	819	KR2k0052_WYG_047-52a
076.md	827	KR2k0052_WYG_047-52b
076.md	835	KR2k0052_WYG_047-53a
076.md	843	KR2k0052_WYG_047-53b
076.md	851	KR2k0052_WYG_047-54a
076.md	859	KR2k0052_WYG_047-54b
076.md	867	KR2k0052_WYG_047-55a
076.md	875	KR2k0052_WYG_047-55b
076.md	883	KR2k0052_WYG_047-56a
076.md	891	KR2k0052_WYG_047-56b
076.md	899	KR2k0052_WYG_047-57a
076.md	907	KR2k0052_WYG_047-57b
076.md	915	KR2k0052_WYG_047-58a
076.md	923	KR2k0052_WYG_047-58b
076.md	931	KR2k0052_WYG_047-59a
076.md	939	KR2k0052_WYG_047-59b
076.md	947	KR2k0052_WYG_047-60a
076.md	955	KR2k0052_WYG_047-60b
076.md	963	KR2k0052_WYG_047-61a
076.md	971	KR2k0052_WYG_047-61b
076.md	979	KR2k0052_WYG_047-62a
076.md	987	KR2k0052_WYG_047-62b
076.md	995	KR2k0052_WYG_047-63a
076.md	1003	KR2k0052_WYG_047-63b
076.md	1011	KR2k0052_WYG_047-64a
076.md	1019	KR2k0052_WYG_047-64b
076.md	1027	KR2k0052_WYG_047-65a
076.md	1035	KR2k0052_WYG_047-65b
076.md	1043	KR2k0052_WYG_047-66a
076.md	1051	KR2k0052_WYG_047-66b
076.md	1059	KR2k0052_WYG_047-67a
076.md	1067	KR2k0052_WYG_047-67b
076.md	1075	KR2k0052_WYG_047-68a
076.md	1083	KR2k0052_WYG_047-68b
076.md	1091	KR2k0052_WYG_047-69a
076.md	1099	KR2k0052_WYG_047-69b
076.md	1107	KR2k0052_WYG_047-70a
076.md	1115	KR2k0052_WYG_047-70b
076.md	1123	KR2k0052_WYG_047-71a
076.md	1131	KR2k0052_WYG_047-71b
076.md	1139	KR2k0052_WYG_047-72a
076.md	1147	KR2k0052_WYG_047-72b
