file	line_no	pb
001.md	3	KR2k0060_WYG_000-1a
001.md	17	KR2k0060_WYG_000-1b
001.md	25	KR2k0060_WYG_000-2a
001.md	33	KR2k0060_WYG_000-2b
001.md	41	KR2k0060_WYG_000-3a
001.md	49	KR2k0060_WYG_000-3b
001.md	57	KR2k0060_WYG_000-4a
001.md	66	KR2k0060_WYG_000-4b
001.md	75	KR2k0060_WYG_000-5a
001.md	77	KR2k0060_WYG_WYG0575-0003d
001.md	79	KR2k0060_WYG_000-6a
001.md	87	KR2k0060_WYG_000-6b
001.md	95	KR2k0060_WYG_000-7a
001.md	104	KR2k0060_WYG_000-7b
001.md	112	KR2k0060_WYG_000-8a
001.md	120	KR2k0060_WYG_000-8b
001.md	128	KR2k0060_WYG_000-9a
001.md	137	KR2k0060_WYG_000-9b
001.md	146	KR2k0060_WYG_000-10a
001.md	157	KR2k0060_WYG_000-10b
001.md	171	KR2k0060_WYG_000-11a
001.md	186	KR2k0060_WYG_000-11b
001.md	200	KR2k0060_WYG_000-12a
001.md	214	KR2k0060_WYG_000-12b
001.md	228	KR2k0060_WYG_000-13a
001.md	241	KR2k0060_WYG_000-13b
001.md	252	KR2k0060_WYG_000-14a
001.md	266	KR2k0060_WYG_000-14b
001.md	281	KR2k0060_WYG_000-15a
001.md	294	KR2k0060_WYG_000-15b
001.md	301	KR2k0060_WYG_000-16a
001.md	315	KR2k0060_WYG_000-16b
001.md	326	KR2k0060_WYG_000-17a
001.md	340	KR2k0060_WYG_000-17b
001.md	354	KR2k0060_WYG_000-18a
001.md	367	KR2k0060_WYG_000-18b
001.md	376	KR2k0060_WYG_000-19a
001.md	386	KR2k0060_WYG_000-19b
001.md	399	KR2k0060_WYG_000-20a
001.md	411	KR2k0060_WYG_000-20b
001.md	424	KR2k0060_WYG_000-21a
001.md	437	KR2k0060_WYG_000-21b
001.md	451	KR2k0060_WYG_000-22a
001.md	464	KR2k0060_WYG_000-22b
001.md	478	KR2k0060_WYG_000-23a
001.md	491	KR2k0060_WYG_000-23b
001.md	503	KR2k0060_WYG_000-24a
001.md	516	KR2k0060_WYG_000-24b
001.md	527	KR2k0060_WYG_000-25a
001.md	538	KR2k0060_WYG_000-25b
001.md	551	KR2k0060_WYG_000-26a
001.md	564	KR2k0060_WYG_000-26b
001.md	578	KR2k0060_WYG_000-27a
001.md	592	KR2k0060_WYG_000-27b
001.md	606	KR2k0060_WYG_000-28a
001.md	619	KR2k0060_WYG_000-28b
001.md	633	KR2k0060_WYG_000-29a
001.md	645	KR2k0060_WYG_000-29b
002.md	3	KR2k0060_WYG_001-1a
002.md	15	KR2k0060_WYG_001-1b
002.md	24	KR2k0060_WYG_001-2a
002.md	35	KR2k0060_WYG_001-2b
002.md	44	KR2k0060_WYG_001-3a
002.md	53	KR2k0060_WYG_001-3b
002.md	62	KR2k0060_WYG_001-4a
002.md	72	KR2k0060_WYG_001-4b
002.md	80	KR2k0060_WYG_001-5a
002.md	88	KR2k0060_WYG_001-5b
002.md	96	KR2k0060_WYG_001-6a
002.md	104	KR2k0060_WYG_001-6b
002.md	112	KR2k0060_WYG_001-7a
002.md	120	KR2k0060_WYG_001-7b
002.md	128	KR2k0060_WYG_001-8a
002.md	136	KR2k0060_WYG_001-8b
002.md	144	KR2k0060_WYG_001-9a
002.md	152	KR2k0060_WYG_001-9b
002.md	160	KR2k0060_WYG_001-10a
002.md	168	KR2k0060_WYG_001-10b
002.md	176	KR2k0060_WYG_001-11a
002.md	184	KR2k0060_WYG_001-11b
002.md	192	KR2k0060_WYG_001-12a
002.md	200	KR2k0060_WYG_001-12b
002.md	208	KR2k0060_WYG_001-13a
002.md	216	KR2k0060_WYG_001-13b
002.md	224	KR2k0060_WYG_001-14a
002.md	232	KR2k0060_WYG_001-14b
002.md	240	KR2k0060_WYG_001-15a
002.md	248	KR2k0060_WYG_001-15b
002.md	256	KR2k0060_WYG_001-16a
002.md	264	KR2k0060_WYG_001-16b
002.md	272	KR2k0060_WYG_001-17a
002.md	280	KR2k0060_WYG_001-17b
002.md	288	KR2k0060_WYG_001-18a
002.md	296	KR2k0060_WYG_001-18b
002.md	304	KR2k0060_WYG_001-19a
002.md	312	KR2k0060_WYG_001-19b
002.md	320	KR2k0060_WYG_001-20a
002.md	328	KR2k0060_WYG_001-20b
002.md	336	KR2k0060_WYG_001-21a
002.md	344	KR2k0060_WYG_001-21b
002.md	352	KR2k0060_WYG_001-22a
002.md	360	KR2k0060_WYG_001-22b
002.md	368	KR2k0060_WYG_001-23a
002.md	376	KR2k0060_WYG_001-23b
002.md	384	KR2k0060_WYG_001-24a
002.md	393	KR2k0060_WYG_001-24b
002.md	402	KR2k0060_WYG_001-25a
002.md	410	KR2k0060_WYG_001-25b
002.md	418	KR2k0060_WYG_001-26a
002.md	426	KR2k0060_WYG_001-26b
002.md	434	KR2k0060_WYG_001-27a
002.md	442	KR2k0060_WYG_001-27b
003.md	3	KR2k0060_WYG_002-1a
003.md	16	KR2k0060_WYG_002-1b
003.md	24	KR2k0060_WYG_002-2a
003.md	32	KR2k0060_WYG_002-2b
003.md	40	KR2k0060_WYG_002-3a
003.md	48	KR2k0060_WYG_002-3b
003.md	56	KR2k0060_WYG_002-4a
003.md	64	KR2k0060_WYG_002-4b
003.md	72	KR2k0060_WYG_002-5a
003.md	81	KR2k0060_WYG_002-5b
003.md	89	KR2k0060_WYG_002-6a
003.md	97	KR2k0060_WYG_002-6b
003.md	105	KR2k0060_WYG_002-7a
003.md	113	KR2k0060_WYG_002-7b
003.md	121	KR2k0060_WYG_002-8a
003.md	129	KR2k0060_WYG_002-8b
003.md	137	KR2k0060_WYG_002-9a
003.md	145	KR2k0060_WYG_002-9b
003.md	153	KR2k0060_WYG_002-10a
003.md	161	KR2k0060_WYG_002-10b
003.md	169	KR2k0060_WYG_002-11a
003.md	177	KR2k0060_WYG_002-11b
003.md	185	KR2k0060_WYG_002-12a
003.md	193	KR2k0060_WYG_002-12b
003.md	201	KR2k0060_WYG_002-13a
003.md	209	KR2k0060_WYG_002-13b
003.md	219	KR2k0060_WYG_002-14a
003.md	227	KR2k0060_WYG_002-14b
003.md	235	KR2k0060_WYG_002-15a
003.md	243	KR2k0060_WYG_002-15b
003.md	251	KR2k0060_WYG_002-16a
003.md	259	KR2k0060_WYG_002-16b
003.md	267	KR2k0060_WYG_002-17a
003.md	275	KR2k0060_WYG_002-17b
003.md	284	KR2k0060_WYG_002-18a
003.md	293	KR2k0060_WYG_002-18b
003.md	301	KR2k0060_WYG_002-19a
003.md	309	KR2k0060_WYG_002-19b
003.md	317	KR2k0060_WYG_002-20a
003.md	325	KR2k0060_WYG_002-20b
003.md	333	KR2k0060_WYG_002-21a
003.md	341	KR2k0060_WYG_002-21b
003.md	349	KR2k0060_WYG_002-22a
003.md	357	KR2k0060_WYG_002-22b
003.md	365	KR2k0060_WYG_002-23a
003.md	373	KR2k0060_WYG_002-23b
003.md	381	KR2k0060_WYG_002-24a
003.md	389	KR2k0060_WYG_002-24b
003.md	397	KR2k0060_WYG_002-25a
003.md	405	KR2k0060_WYG_002-25b
003.md	413	KR2k0060_WYG_002-26a
003.md	421	KR2k0060_WYG_002-26b
003.md	429	KR2k0060_WYG_002-27a
003.md	437	KR2k0060_WYG_002-27b
003.md	447	KR2k0060_WYG_002-28a
003.md	455	KR2k0060_WYG_002-28b
003.md	463	KR2k0060_WYG_002-29a
003.md	471	KR2k0060_WYG_002-29b
003.md	479	KR2k0060_WYG_002-30a
003.md	487	KR2k0060_WYG_002-30b
003.md	495	KR2k0060_WYG_002-31a
003.md	503	KR2k0060_WYG_002-31b
003.md	511	KR2k0060_WYG_002-32a
003.md	519	KR2k0060_WYG_002-32b
003.md	527	KR2k0060_WYG_002-33a
003.md	535	KR2k0060_WYG_002-33b
003.md	543	KR2k0060_WYG_002-34a
003.md	551	KR2k0060_WYG_002-34b
003.md	559	KR2k0060_WYG_002-35a
003.md	567	KR2k0060_WYG_002-35b
003.md	577	KR2k0060_WYG_002-36a
003.md	587	KR2k0060_WYG_002-36b
003.md	598	KR2k0060_WYG_002-37a
003.md	607	KR2k0060_WYG_002-37b
003.md	617	KR2k0060_WYG_002-38a
003.md	625	KR2k0060_WYG_002-38b
003.md	633	KR2k0060_WYG_002-39a
003.md	641	KR2k0060_WYG_002-39b
003.md	649	KR2k0060_WYG_002-40a
003.md	657	KR2k0060_WYG_002-40b
003.md	665	KR2k0060_WYG_002-41a
003.md	673	KR2k0060_WYG_002-41b
004.md	3	KR2k0060_WYG_003-1a
004.md	16	KR2k0060_WYG_003-1b
004.md	24	KR2k0060_WYG_003-2a
004.md	32	KR2k0060_WYG_003-2b
004.md	40	KR2k0060_WYG_003-3a
004.md	48	KR2k0060_WYG_003-3b
004.md	58	KR2k0060_WYG_003-4a
004.md	66	KR2k0060_WYG_003-4b
004.md	76	KR2k0060_WYG_003-5a
004.md	86	KR2k0060_WYG_003-5b
004.md	94	KR2k0060_WYG_003-6a
004.md	102	KR2k0060_WYG_003-6b
004.md	110	KR2k0060_WYG_003-7a
004.md	120	KR2k0060_WYG_003-7b
004.md	130	KR2k0060_WYG_003-8a
004.md	138	KR2k0060_WYG_003-8b
004.md	146	KR2k0060_WYG_003-9a
004.md	156	KR2k0060_WYG_003-9b
004.md	164	KR2k0060_WYG_003-10a
004.md	174	KR2k0060_WYG_003-10b
004.md	182	KR2k0060_WYG_003-11a
004.md	190	KR2k0060_WYG_003-11b
004.md	198	KR2k0060_WYG_003-12a
004.md	206	KR2k0060_WYG_003-12b
004.md	214	KR2k0060_WYG_003-13a
004.md	222	KR2k0060_WYG_003-13b
004.md	231	KR2k0060_WYG_003-14a
004.md	240	KR2k0060_WYG_003-14b
004.md	248	KR2k0060_WYG_003-15a
004.md	256	KR2k0060_WYG_003-15b
004.md	264	KR2k0060_WYG_003-16a
004.md	272	KR2k0060_WYG_003-16b
004.md	280	KR2k0060_WYG_003-17a
004.md	288	KR2k0060_WYG_003-17b
004.md	296	KR2k0060_WYG_003-18a
004.md	304	KR2k0060_WYG_003-18b
004.md	312	KR2k0060_WYG_003-19a
004.md	320	KR2k0060_WYG_003-19b
004.md	330	KR2k0060_WYG_003-20a
004.md	338	KR2k0060_WYG_003-20b
004.md	346	KR2k0060_WYG_003-21a
004.md	354	KR2k0060_WYG_003-21b
004.md	364	KR2k0060_WYG_003-22a
004.md	372	KR2k0060_WYG_003-22b
004.md	380	KR2k0060_WYG_003-23a
004.md	388	KR2k0060_WYG_003-23b
004.md	396	KR2k0060_WYG_003-24a
004.md	404	KR2k0060_WYG_003-24b
004.md	416	KR2k0060_WYG_003-25a
004.md	424	KR2k0060_WYG_003-25b
004.md	433	KR2k0060_WYG_003-26a
004.md	442	KR2k0060_WYG_003-26b
004.md	450	KR2k0060_WYG_003-27a
004.md	458	KR2k0060_WYG_003-27b
004.md	466	KR2k0060_WYG_003-28a
004.md	474	KR2k0060_WYG_003-28b
005.md	3	KR2k0060_WYG_004-1a
005.md	16	KR2k0060_WYG_004-1b
005.md	24	KR2k0060_WYG_004-2a
005.md	32	KR2k0060_WYG_004-2b
005.md	42	KR2k0060_WYG_004-3a
005.md	50	KR2k0060_WYG_004-3b
005.md	60	KR2k0060_WYG_004-4a
005.md	68	KR2k0060_WYG_004-4b
005.md	76	KR2k0060_WYG_004-5a
005.md	84	KR2k0060_WYG_004-5b
005.md	92	KR2k0060_WYG_004-6a
005.md	100	KR2k0060_WYG_004-6b
005.md	108	KR2k0060_WYG_004-7a
005.md	118	KR2k0060_WYG_004-7b
005.md	126	KR2k0060_WYG_004-8a
005.md	134	KR2k0060_WYG_004-8b
005.md	142	KR2k0060_WYG_004-9a
005.md	152	KR2k0060_WYG_004-9b
005.md	160	KR2k0060_WYG_004-10a
005.md	168	KR2k0060_WYG_004-10b
005.md	176	KR2k0060_WYG_004-11a
005.md	184	KR2k0060_WYG_004-11b
005.md	192	KR2k0060_WYG_004-12a
005.md	200	KR2k0060_WYG_004-12b
005.md	210	KR2k0060_WYG_004-13a
005.md	218	KR2k0060_WYG_004-13b
005.md	226	KR2k0060_WYG_004-14a
005.md	234	KR2k0060_WYG_004-14b
005.md	242	KR2k0060_WYG_004-15a
005.md	250	KR2k0060_WYG_004-15b
005.md	258	KR2k0060_WYG_004-16a
005.md	266	KR2k0060_WYG_004-16b
005.md	274	KR2k0060_WYG_004-17a
005.md	284	KR2k0060_WYG_004-17b
005.md	292	KR2k0060_WYG_004-18a
005.md	300	KR2k0060_WYG_004-18b
005.md	308	KR2k0060_WYG_004-19a
005.md	316	KR2k0060_WYG_004-19b
005.md	324	KR2k0060_WYG_004-20a
005.md	332	KR2k0060_WYG_004-20b
005.md	340	KR2k0060_WYG_004-21a
005.md	348	KR2k0060_WYG_004-21b
005.md	356	KR2k0060_WYG_004-22a
005.md	364	KR2k0060_WYG_004-22b
005.md	372	KR2k0060_WYG_004-23a
005.md	380	KR2k0060_WYG_004-23b
005.md	388	KR2k0060_WYG_004-24a
005.md	396	KR2k0060_WYG_004-24b
005.md	404	KR2k0060_WYG_004-25a
005.md	412	KR2k0060_WYG_004-25b
005.md	422	KR2k0060_WYG_004-26a
005.md	430	KR2k0060_WYG_004-26b
005.md	438	KR2k0060_WYG_004-27a
005.md	446	KR2k0060_WYG_004-27b
005.md	454	KR2k0060_WYG_004-28a
005.md	462	KR2k0060_WYG_004-28b
005.md	472	KR2k0060_WYG_004-29a
005.md	480	KR2k0060_WYG_004-29b
005.md	488	KR2k0060_WYG_004-30a
005.md	496	KR2k0060_WYG_004-30b
005.md	504	KR2k0060_WYG_004-31a
005.md	514	KR2k0060_WYG_004-31b
005.md	522	KR2k0060_WYG_004-32a
005.md	530	KR2k0060_WYG_004-32b
005.md	538	KR2k0060_WYG_004-33a
005.md	546	KR2k0060_WYG_004-33b
005.md	554	KR2k0060_WYG_004-34a
005.md	564	KR2k0060_WYG_004-34b
005.md	572	KR2k0060_WYG_004-35a
005.md	580	KR2k0060_WYG_004-35b
005.md	588	KR2k0060_WYG_004-36a
005.md	596	KR2k0060_WYG_004-36b
005.md	604	KR2k0060_WYG_004-37a
005.md	612	KR2k0060_WYG_004-37b
006.md	3	KR2k0060_WYG_005-1a
006.md	16	KR2k0060_WYG_005-1b
006.md	24	KR2k0060_WYG_005-2a
006.md	32	KR2k0060_WYG_005-2b
006.md	40	KR2k0060_WYG_005-3a
006.md	48	KR2k0060_WYG_005-3b
006.md	56	KR2k0060_WYG_005-4a
006.md	64	KR2k0060_WYG_005-4b
006.md	72	KR2k0060_WYG_005-5a
006.md	82	KR2k0060_WYG_005-5b
006.md	91	KR2k0060_WYG_005-6a
006.md	102	KR2k0060_WYG_005-6b
006.md	110	KR2k0060_WYG_005-7a
006.md	118	KR2k0060_WYG_005-7b
006.md	126	KR2k0060_WYG_005-8a
006.md	134	KR2k0060_WYG_005-8b
006.md	142	KR2k0060_WYG_005-9a
006.md	150	KR2k0060_WYG_005-9b
006.md	158	KR2k0060_WYG_005-10a
006.md	168	KR2k0060_WYG_005-10b
006.md	176	KR2k0060_WYG_005-11a
006.md	184	KR2k0060_WYG_005-11b
006.md	192	KR2k0060_WYG_005-12a
006.md	202	KR2k0060_WYG_005-12b
006.md	210	KR2k0060_WYG_005-13a
006.md	218	KR2k0060_WYG_005-13b
006.md	226	KR2k0060_WYG_005-14a
006.md	234	KR2k0060_WYG_005-14b
006.md	242	KR2k0060_WYG_005-15a
006.md	252	KR2k0060_WYG_005-15b
006.md	260	KR2k0060_WYG_005-16a
006.md	268	KR2k0060_WYG_005-16b
006.md	276	KR2k0060_WYG_005-17a
006.md	284	KR2k0060_WYG_005-17b
006.md	293	KR2k0060_WYG_005-18a
006.md	301	KR2k0060_WYG_005-18b
006.md	309	KR2k0060_WYG_005-19a
006.md	317	KR2k0060_WYG_005-19b
006.md	325	KR2k0060_WYG_005-20a
006.md	333	KR2k0060_WYG_005-20b
006.md	341	KR2k0060_WYG_005-21a
006.md	349	KR2k0060_WYG_005-21b
006.md	357	KR2k0060_WYG_005-22a
006.md	365	KR2k0060_WYG_005-22b
006.md	375	KR2k0060_WYG_005-23a
006.md	383	KR2k0060_WYG_005-23b
006.md	391	KR2k0060_WYG_005-24a
006.md	399	KR2k0060_WYG_005-24b
006.md	407	KR2k0060_WYG_005-25a
006.md	415	KR2k0060_WYG_005-25b
006.md	423	KR2k0060_WYG_005-26a
006.md	431	KR2k0060_WYG_005-26b
006.md	439	KR2k0060_WYG_005-27a
006.md	447	KR2k0060_WYG_005-27b
006.md	455	KR2k0060_WYG_005-28a
006.md	463	KR2k0060_WYG_005-28b
006.md	471	KR2k0060_WYG_005-29a
006.md	479	KR2k0060_WYG_005-29b
006.md	487	KR2k0060_WYG_005-30a
006.md	495	KR2k0060_WYG_005-30b
006.md	503	KR2k0060_WYG_005-31a
006.md	511	KR2k0060_WYG_005-31b
006.md	520	KR2k0060_WYG_005-32a
006.md	528	KR2k0060_WYG_005-32b
006.md	536	KR2k0060_WYG_005-33a
006.md	544	KR2k0060_WYG_005-33b
006.md	554	KR2k0060_WYG_005-34a
006.md	562	KR2k0060_WYG_005-34b
006.md	570	KR2k0060_WYG_005-35a
006.md	580	KR2k0060_WYG_005-35b
006.md	588	KR2k0060_WYG_005-36a
006.md	598	KR2k0060_WYG_005-36b
006.md	608	KR2k0060_WYG_005-37a
006.md	616	KR2k0060_WYG_005-37b
006.md	624	KR2k0060_WYG_005-38a
006.md	632	KR2k0060_WYG_005-38b
006.md	641	KR2k0060_WYG_005-39a
006.md	650	KR2k0060_WYG_005-39b
006.md	658	KR2k0060_WYG_005-40a
006.md	666	KR2k0060_WYG_005-40b
006.md	674	KR2k0060_WYG_005-41a
006.md	682	KR2k0060_WYG_005-41b
006.md	690	KR2k0060_WYG_005-42a
006.md	698	KR2k0060_WYG_005-42b
006.md	706	KR2k0060_WYG_005-43a
006.md	714	KR2k0060_WYG_005-43b
006.md	722	KR2k0060_WYG_005-44a
006.md	730	KR2k0060_WYG_005-44b
006.md	738	KR2k0060_WYG_005-45a
006.md	748	KR2k0060_WYG_005-45b
006.md	756	KR2k0060_WYG_005-46a
006.md	764	KR2k0060_WYG_005-46b
006.md	772	KR2k0060_WYG_005-47a
006.md	780	KR2k0060_WYG_005-47b
006.md	788	KR2k0060_WYG_005-48a
006.md	796	KR2k0060_WYG_005-48b
006.md	804	KR2k0060_WYG_005-49a
006.md	812	KR2k0060_WYG_005-49b
006.md	820	KR2k0060_WYG_005-50a
006.md	830	KR2k0060_WYG_005-50b
006.md	838	KR2k0060_WYG_005-51a
006.md	848	KR2k0060_WYG_005-51b
006.md	856	KR2k0060_WYG_005-52a
006.md	864	KR2k0060_WYG_005-52b
006.md	872	KR2k0060_WYG_005-53a
006.md	880	KR2k0060_WYG_005-53b
007.md	3	KR2k0060_WYG_006-1a
007.md	17	KR2k0060_WYG_006-1b
007.md	25	KR2k0060_WYG_006-2a
007.md	33	KR2k0060_WYG_006-2b
007.md	41	KR2k0060_WYG_006-3a
007.md	49	KR2k0060_WYG_006-3b
007.md	58	KR2k0060_WYG_006-4a
007.md	67	KR2k0060_WYG_006-4b
007.md	77	KR2k0060_WYG_006-5a
007.md	87	KR2k0060_WYG_006-5b
007.md	95	KR2k0060_WYG_006-6a
007.md	103	KR2k0060_WYG_006-6b
007.md	111	KR2k0060_WYG_006-7a
007.md	120	KR2k0060_WYG_006-7b
007.md	129	KR2k0060_WYG_006-8a
007.md	137	KR2k0060_WYG_006-8b
007.md	145	KR2k0060_WYG_006-9a
007.md	155	KR2k0060_WYG_006-9b
007.md	165	KR2k0060_WYG_006-10a
007.md	173	KR2k0060_WYG_006-10b
007.md	181	KR2k0060_WYG_006-11a
007.md	191	KR2k0060_WYG_006-11b
007.md	201	KR2k0060_WYG_006-12a
007.md	211	KR2k0060_WYG_006-12b
007.md	219	KR2k0060_WYG_006-13a
007.md	227	KR2k0060_WYG_006-13b
007.md	237	KR2k0060_WYG_006-14a
007.md	247	KR2k0060_WYG_006-14b
007.md	257	KR2k0060_WYG_006-15a
007.md	265	KR2k0060_WYG_006-15b
007.md	274	KR2k0060_WYG_006-16a
007.md	283	KR2k0060_WYG_006-16b
007.md	291	KR2k0060_WYG_006-17a
007.md	301	KR2k0060_WYG_006-17b
007.md	311	KR2k0060_WYG_006-18a
007.md	319	KR2k0060_WYG_006-18b
007.md	327	KR2k0060_WYG_006-19a
007.md	335	KR2k0060_WYG_006-19b
007.md	343	KR2k0060_WYG_006-20a
007.md	351	KR2k0060_WYG_006-20b
007.md	361	KR2k0060_WYG_006-21a
007.md	369	KR2k0060_WYG_006-21b
007.md	379	KR2k0060_WYG_006-22a
007.md	389	KR2k0060_WYG_006-22b
007.md	399	KR2k0060_WYG_006-23a
007.md	407	KR2k0060_WYG_006-23b
007.md	417	KR2k0060_WYG_006-24a
007.md	426	KR2k0060_WYG_006-24b
007.md	435	KR2k0060_WYG_006-25a
007.md	443	KR2k0060_WYG_006-25b
007.md	453	KR2k0060_WYG_006-26a
007.md	461	KR2k0060_WYG_006-26b
007.md	469	KR2k0060_WYG_006-27a
007.md	477	KR2k0060_WYG_006-27b
007.md	485	KR2k0060_WYG_006-28a
007.md	495	KR2k0060_WYG_006-28b
007.md	503	KR2k0060_WYG_006-29a
007.md	511	KR2k0060_WYG_006-29b
007.md	519	KR2k0060_WYG_006-30a
007.md	527	KR2k0060_WYG_006-30b
007.md	535	KR2k0060_WYG_006-31a
007.md	545	KR2k0060_WYG_006-31b
007.md	553	KR2k0060_WYG_006-32a
007.md	561	KR2k0060_WYG_006-32b
007.md	571	KR2k0060_WYG_006-33a
007.md	579	KR2k0060_WYG_006-33b
007.md	591	KR2k0060_WYG_006-34a
007.md	601	KR2k0060_WYG_006-34b
007.md	609	KR2k0060_WYG_006-35a
007.md	617	KR2k0060_WYG_006-35b
007.md	627	KR2k0060_WYG_006-36a
007.md	637	KR2k0060_WYG_006-36b
007.md	645	KR2k0060_WYG_006-37a
007.md	655	KR2k0060_WYG_006-37b
007.md	665	KR2k0060_WYG_006-38a
007.md	678	KR2k0060_WYG_006-38b
008.md	3	KR2k0060_WYG_007-1a
008.md	16	KR2k0060_WYG_007-1b
008.md	24	KR2k0060_WYG_007-2a
008.md	32	KR2k0060_WYG_007-2b
008.md	40	KR2k0060_WYG_007-3a
008.md	48	KR2k0060_WYG_007-3b
008.md	56	KR2k0060_WYG_007-4a
008.md	64	KR2k0060_WYG_007-4b
008.md	74	KR2k0060_WYG_007-5a
008.md	82	KR2k0060_WYG_007-5b
008.md	90	KR2k0060_WYG_007-6a
008.md	98	KR2k0060_WYG_007-6b
008.md	106	KR2k0060_WYG_007-7a
008.md	114	KR2k0060_WYG_007-7b
008.md	123	KR2k0060_WYG_007-8a
008.md	131	KR2k0060_WYG_007-8b
008.md	139	KR2k0060_WYG_007-9a
008.md	149	KR2k0060_WYG_007-9b
008.md	157	KR2k0060_WYG_007-10a
008.md	165	KR2k0060_WYG_007-10b
008.md	173	KR2k0060_WYG_007-11a
008.md	181	KR2k0060_WYG_007-11b
008.md	189	KR2k0060_WYG_007-12a
008.md	197	KR2k0060_WYG_007-12b
008.md	205	KR2k0060_WYG_007-13a
008.md	213	KR2k0060_WYG_007-13b
008.md	221	KR2k0060_WYG_007-14a
008.md	229	KR2k0060_WYG_007-14b
008.md	237	KR2k0060_WYG_007-15a
008.md	245	KR2k0060_WYG_007-15b
008.md	253	KR2k0060_WYG_007-16a
008.md	261	KR2k0060_WYG_007-16b
008.md	269	KR2k0060_WYG_007-17a
008.md	277	KR2k0060_WYG_007-17b
008.md	285	KR2k0060_WYG_007-18a
008.md	293	KR2k0060_WYG_007-18b
008.md	301	KR2k0060_WYG_007-19a
008.md	309	KR2k0060_WYG_007-19b
008.md	319	KR2k0060_WYG_007-20a
008.md	327	KR2k0060_WYG_007-20b
008.md	336	KR2k0060_WYG_007-21a
008.md	345	KR2k0060_WYG_007-21b
008.md	353	KR2k0060_WYG_007-22a
008.md	362	KR2k0060_WYG_007-22b
008.md	373	KR2k0060_WYG_007-23a
008.md	382	KR2k0060_WYG_007-23b
008.md	390	KR2k0060_WYG_007-24a
008.md	398	KR2k0060_WYG_007-24b
008.md	408	KR2k0060_WYG_007-25a
008.md	416	KR2k0060_WYG_007-25b
009.md	3	KR2k0060_WYG_008-1a
009.md	18	KR2k0060_WYG_008-1b
009.md	27	KR2k0060_WYG_008-2a
009.md	35	KR2k0060_WYG_008-2b
009.md	43	KR2k0060_WYG_008-3a
009.md	51	KR2k0060_WYG_008-3b
009.md	59	KR2k0060_WYG_008-4a
009.md	67	KR2k0060_WYG_008-4b
009.md	75	KR2k0060_WYG_008-5a
009.md	83	KR2k0060_WYG_008-5b
009.md	91	KR2k0060_WYG_008-6a
009.md	99	KR2k0060_WYG_008-6b
009.md	107	KR2k0060_WYG_008-7a
009.md	115	KR2k0060_WYG_008-7b
009.md	123	KR2k0060_WYG_008-8a
009.md	131	KR2k0060_WYG_008-8b
009.md	140	KR2k0060_WYG_008-9a
009.md	148	KR2k0060_WYG_008-9b
009.md	156	KR2k0060_WYG_008-10a
009.md	166	KR2k0060_WYG_008-10b
009.md	174	KR2k0060_WYG_008-11a
009.md	184	KR2k0060_WYG_008-11b
009.md	192	KR2k0060_WYG_008-12a
009.md	202	KR2k0060_WYG_008-12b
009.md	210	KR2k0060_WYG_008-13a
009.md	218	KR2k0060_WYG_008-13b
009.md	226	KR2k0060_WYG_008-14a
009.md	236	KR2k0060_WYG_008-14b
009.md	244	KR2k0060_WYG_008-15a
009.md	252	KR2k0060_WYG_008-15b
009.md	260	KR2k0060_WYG_008-16a
009.md	268	KR2k0060_WYG_008-16b
009.md	276	KR2k0060_WYG_008-17a
009.md	285	KR2k0060_WYG_008-17b
009.md	294	KR2k0060_WYG_008-18a
009.md	302	KR2k0060_WYG_008-18b
009.md	310	KR2k0060_WYG_008-19a
009.md	320	KR2k0060_WYG_008-19b
009.md	328	KR2k0060_WYG_008-20a
009.md	338	KR2k0060_WYG_008-20b
009.md	346	KR2k0060_WYG_008-21a
009.md	356	KR2k0060_WYG_008-21b
009.md	364	KR2k0060_WYG_008-22a
009.md	372	KR2k0060_WYG_008-22b
009.md	380	KR2k0060_WYG_008-23a
009.md	389	KR2k0060_WYG_008-23b
009.md	400	KR2k0060_WYG_008-24a
009.md	412	KR2k0060_WYG_008-24b
009.md	420	KR2k0060_WYG_008-25a
009.md	428	KR2k0060_WYG_008-25b
009.md	436	KR2k0060_WYG_008-26a
009.md	444	KR2k0060_WYG_008-26b
009.md	452	KR2k0060_WYG_008-27a
009.md	460	KR2k0060_WYG_008-27b
009.md	468	KR2k0060_WYG_008-28a
009.md	478	KR2k0060_WYG_008-28b
009.md	488	KR2k0060_WYG_008-29a
009.md	498	KR2k0060_WYG_008-29b
009.md	508	KR2k0060_WYG_008-30a
009.md	516	KR2k0060_WYG_008-30b
009.md	524	KR2k0060_WYG_008-31a
009.md	532	KR2k0060_WYG_008-31b
009.md	540	KR2k0060_WYG_008-32a
009.md	548	KR2k0060_WYG_008-32b
009.md	556	KR2k0060_WYG_008-33a
009.md	564	KR2k0060_WYG_008-33b
009.md	572	KR2k0060_WYG_008-34a
009.md	580	KR2k0060_WYG_008-34b
009.md	590	KR2k0060_WYG_008-35a
009.md	598	KR2k0060_WYG_008-35b
009.md	606	KR2k0060_WYG_008-36a
009.md	618	KR2k0060_WYG_008-36b
009.md	630	KR2k0060_WYG_008-37a
009.md	638	KR2k0060_WYG_008-37b
009.md	646	KR2k0060_WYG_008-38a
009.md	656	KR2k0060_WYG_008-38b
010.md	3	KR2k0060_WYG_009-1a
010.md	17	KR2k0060_WYG_009-1b
010.md	25	KR2k0060_WYG_009-2a
010.md	33	KR2k0060_WYG_009-2b
010.md	41	KR2k0060_WYG_009-3a
010.md	49	KR2k0060_WYG_009-3b
010.md	57	KR2k0060_WYG_009-4a
010.md	65	KR2k0060_WYG_009-4b
010.md	73	KR2k0060_WYG_009-5a
010.md	81	KR2k0060_WYG_009-5b
010.md	89	KR2k0060_WYG_009-6a
010.md	97	KR2k0060_WYG_009-6b
010.md	105	KR2k0060_WYG_009-7a
010.md	115	KR2k0060_WYG_009-7b
010.md	125	KR2k0060_WYG_009-8a
010.md	133	KR2k0060_WYG_009-8b
010.md	141	KR2k0060_WYG_009-9a
010.md	149	KR2k0060_WYG_009-9b
010.md	157	KR2k0060_WYG_009-10a
010.md	165	KR2k0060_WYG_009-10b
010.md	175	KR2k0060_WYG_009-11a
010.md	186	KR2k0060_WYG_009-11b
010.md	196	KR2k0060_WYG_009-12a
010.md	205	KR2k0060_WYG_009-12b
010.md	213	KR2k0060_WYG_009-13a
010.md	223	KR2k0060_WYG_009-13b
010.md	231	KR2k0060_WYG_009-14a
010.md	239	KR2k0060_WYG_009-14b
010.md	249	KR2k0060_WYG_009-15a
010.md	257	KR2k0060_WYG_009-15b
010.md	265	KR2k0060_WYG_009-16a
010.md	273	KR2k0060_WYG_009-16b
010.md	281	KR2k0060_WYG_009-17a
010.md	289	KR2k0060_WYG_009-17b
010.md	297	KR2k0060_WYG_009-18a
010.md	305	KR2k0060_WYG_009-18b
010.md	313	KR2k0060_WYG_009-19a
010.md	321	KR2k0060_WYG_009-19b
010.md	329	KR2k0060_WYG_009-20a
010.md	339	KR2k0060_WYG_009-20b
010.md	347	KR2k0060_WYG_009-21a
010.md	358	KR2k0060_WYG_009-21b
010.md	366	KR2k0060_WYG_009-22a
010.md	374	KR2k0060_WYG_009-22b
010.md	382	KR2k0060_WYG_009-23a
010.md	392	KR2k0060_WYG_009-23b
010.md	400	KR2k0060_WYG_009-24a
010.md	408	KR2k0060_WYG_009-24b
010.md	416	KR2k0060_WYG_009-25a
010.md	424	KR2k0060_WYG_009-25b
010.md	432	KR2k0060_WYG_009-26a
010.md	440	KR2k0060_WYG_009-26b
010.md	448	KR2k0060_WYG_009-27a
010.md	456	KR2k0060_WYG_009-27b
010.md	464	KR2k0060_WYG_009-28a
010.md	472	KR2k0060_WYG_009-28b
010.md	480	KR2k0060_WYG_009-29a
010.md	490	KR2k0060_WYG_009-29b
010.md	500	KR2k0060_WYG_009-30a
010.md	510	KR2k0060_WYG_009-30b
010.md	518	KR2k0060_WYG_009-31a
010.md	528	KR2k0060_WYG_009-31b
010.md	536	KR2k0060_WYG_009-32a
010.md	544	KR2k0060_WYG_009-32b
010.md	552	KR2k0060_WYG_009-33a
010.md	562	KR2k0060_WYG_009-33b
010.md	570	KR2k0060_WYG_009-34a
010.md	580	KR2k0060_WYG_009-34b
010.md	590	KR2k0060_WYG_009-35a
010.md	598	KR2k0060_WYG_009-35b
010.md	608	KR2k0060_WYG_009-36a
010.md	616	KR2k0060_WYG_009-36b
010.md	624	KR2k0060_WYG_009-37a
010.md	634	KR2k0060_WYG_009-37b
010.md	642	KR2k0060_WYG_009-38a
010.md	650	KR2k0060_WYG_009-38b
010.md	662	KR2k0060_WYG_009-39a
010.md	674	KR2k0060_WYG_009-39b
010.md	684	KR2k0060_WYG_009-40a
010.md	694	KR2k0060_WYG_009-40b
010.md	702	KR2k0060_WYG_009-41a
010.md	713	KR2k0060_WYG_009-41b
010.md	722	KR2k0060_WYG_009-42a
010.md	732	KR2k0060_WYG_009-42b
010.md	740	KR2k0060_WYG_009-43a
010.md	748	KR2k0060_WYG_009-43b
010.md	757	KR2k0060_WYG_009-44a
010.md	766	KR2k0060_WYG_009-44b
011.md	3	KR2k0060_WYG_010-1a
011.md	17	KR2k0060_WYG_010-1b
011.md	27	KR2k0060_WYG_010-2a
011.md	38	KR2k0060_WYG_010-2b
011.md	46	KR2k0060_WYG_010-3a
011.md	54	KR2k0060_WYG_010-3b
011.md	62	KR2k0060_WYG_010-4a
011.md	70	KR2k0060_WYG_010-4b
011.md	80	KR2k0060_WYG_010-5a
011.md	88	KR2k0060_WYG_010-5b
011.md	96	KR2k0060_WYG_010-6a
011.md	104	KR2k0060_WYG_010-6b
011.md	114	KR2k0060_WYG_010-7a
011.md	124	KR2k0060_WYG_010-7b
011.md	132	KR2k0060_WYG_010-8a
011.md	140	KR2k0060_WYG_010-8b
011.md	148	KR2k0060_WYG_010-9a
011.md	156	KR2k0060_WYG_010-9b
011.md	164	KR2k0060_WYG_010-10a
011.md	172	KR2k0060_WYG_010-10b
011.md	180	KR2k0060_WYG_010-11a
011.md	188	KR2k0060_WYG_010-11b
011.md	196	KR2k0060_WYG_010-12a
011.md	204	KR2k0060_WYG_010-12b
011.md	212	KR2k0060_WYG_010-13a
011.md	222	KR2k0060_WYG_010-13b
011.md	230	KR2k0060_WYG_010-14a
011.md	238	KR2k0060_WYG_010-14b
011.md	246	KR2k0060_WYG_010-15a
011.md	256	KR2k0060_WYG_010-15b
011.md	266	KR2k0060_WYG_010-16a
011.md	274	KR2k0060_WYG_010-16b
011.md	282	KR2k0060_WYG_010-17a
011.md	290	KR2k0060_WYG_010-17b
011.md	298	KR2k0060_WYG_010-18a
011.md	306	KR2k0060_WYG_010-18b
011.md	314	KR2k0060_WYG_010-19a
011.md	322	KR2k0060_WYG_010-19b
011.md	330	KR2k0060_WYG_010-20a
011.md	338	KR2k0060_WYG_010-20b
011.md	346	KR2k0060_WYG_010-21a
011.md	354	KR2k0060_WYG_010-21b
011.md	362	KR2k0060_WYG_010-22a
011.md	370	KR2k0060_WYG_010-22b
011.md	378	KR2k0060_WYG_010-23a
011.md	386	KR2k0060_WYG_010-23b
011.md	394	KR2k0060_WYG_010-24a
011.md	404	KR2k0060_WYG_010-24b
011.md	412	KR2k0060_WYG_010-25a
011.md	420	KR2k0060_WYG_010-25b
011.md	428	KR2k0060_WYG_010-26a
011.md	438	KR2k0060_WYG_010-26b
011.md	446	KR2k0060_WYG_010-27a
011.md	454	KR2k0060_WYG_010-27b
011.md	462	KR2k0060_WYG_010-28a
011.md	470	KR2k0060_WYG_010-28b
011.md	478	KR2k0060_WYG_010-29a
011.md	486	KR2k0060_WYG_010-29b
011.md	494	KR2k0060_WYG_010-30a
011.md	502	KR2k0060_WYG_010-30b
011.md	510	KR2k0060_WYG_010-31a
011.md	518	KR2k0060_WYG_010-31b
011.md	526	KR2k0060_WYG_010-32a
011.md	534	KR2k0060_WYG_010-32b
011.md	544	KR2k0060_WYG_010-33a
011.md	552	KR2k0060_WYG_010-33b
011.md	561	KR2k0060_WYG_010-34a
011.md	569	KR2k0060_WYG_010-34b
011.md	577	KR2k0060_WYG_010-35a
011.md	585	KR2k0060_WYG_010-35b
011.md	595	KR2k0060_WYG_010-36a
011.md	603	KR2k0060_WYG_010-36b
011.md	611	KR2k0060_WYG_010-37a
011.md	619	KR2k0060_WYG_010-37b
011.md	627	KR2k0060_WYG_010-38a
011.md	635	KR2k0060_WYG_010-38b
011.md	644	KR2k0060_WYG_010-39a
011.md	653	KR2k0060_WYG_010-39b
011.md	662	KR2k0060_WYG_010-40a
011.md	670	KR2k0060_WYG_010-40b
011.md	680	KR2k0060_WYG_010-41a
011.md	688	KR2k0060_WYG_010-41b
011.md	696	KR2k0060_WYG_010-42a
011.md	704	KR2k0060_WYG_010-42b
011.md	712	KR2k0060_WYG_010-43a
011.md	722	KR2k0060_WYG_010-43b
011.md	733	KR2k0060_WYG_010-44a
011.md	743	KR2k0060_WYG_010-44b
011.md	751	KR2k0060_WYG_010-45a
011.md	759	KR2k0060_WYG_010-45b
012.md	3	KR2k0060_WYG_011-1a
012.md	16	KR2k0060_WYG_011-1b
012.md	24	KR2k0060_WYG_011-2a
012.md	32	KR2k0060_WYG_011-2b
012.md	40	KR2k0060_WYG_011-3a
012.md	48	KR2k0060_WYG_011-3b
012.md	58	KR2k0060_WYG_011-4a
012.md	66	KR2k0060_WYG_011-4b
012.md	74	KR2k0060_WYG_011-5a
012.md	82	KR2k0060_WYG_011-5b
012.md	90	KR2k0060_WYG_011-6a
012.md	98	KR2k0060_WYG_011-6b
012.md	106	KR2k0060_WYG_011-7a
012.md	114	KR2k0060_WYG_011-7b
012.md	122	KR2k0060_WYG_011-8a
012.md	130	KR2k0060_WYG_011-8b
012.md	138	KR2k0060_WYG_011-9a
012.md	146	KR2k0060_WYG_011-9b
012.md	154	KR2k0060_WYG_011-10a
012.md	162	KR2k0060_WYG_011-10b
012.md	170	KR2k0060_WYG_011-11a
012.md	178	KR2k0060_WYG_011-11b
012.md	188	KR2k0060_WYG_011-12a
012.md	200	KR2k0060_WYG_011-12b
012.md	208	KR2k0060_WYG_011-13a
012.md	216	KR2k0060_WYG_011-13b
012.md	226	KR2k0060_WYG_011-14a
012.md	235	KR2k0060_WYG_011-14b
012.md	244	KR2k0060_WYG_011-15a
012.md	252	KR2k0060_WYG_011-15b
012.md	262	KR2k0060_WYG_011-16a
012.md	270	KR2k0060_WYG_011-16b
012.md	278	KR2k0060_WYG_011-17a
012.md	286	KR2k0060_WYG_011-17b
012.md	294	KR2k0060_WYG_011-18a
012.md	302	KR2k0060_WYG_011-18b
012.md	310	KR2k0060_WYG_011-19a
012.md	318	KR2k0060_WYG_011-19b
012.md	326	KR2k0060_WYG_011-20a
012.md	334	KR2k0060_WYG_011-20b
012.md	342	KR2k0060_WYG_011-21a
012.md	350	KR2k0060_WYG_011-21b
012.md	358	KR2k0060_WYG_011-22a
012.md	368	KR2k0060_WYG_011-22b
012.md	376	KR2k0060_WYG_011-23a
012.md	386	KR2k0060_WYG_011-23b
012.md	396	KR2k0060_WYG_011-24a
012.md	404	KR2k0060_WYG_011-24b
012.md	412	KR2k0060_WYG_011-25a
012.md	420	KR2k0060_WYG_011-25b
012.md	428	KR2k0060_WYG_011-26a
012.md	436	KR2k0060_WYG_011-26b
012.md	444	KR2k0060_WYG_011-27a
012.md	452	KR2k0060_WYG_011-27b
012.md	460	KR2k0060_WYG_011-28a
012.md	468	KR2k0060_WYG_011-28b
012.md	476	KR2k0060_WYG_011-29a
012.md	484	KR2k0060_WYG_011-29b
012.md	492	KR2k0060_WYG_011-30a
012.md	500	KR2k0060_WYG_011-30b
012.md	508	KR2k0060_WYG_011-31a
012.md	516	KR2k0060_WYG_011-31b
012.md	526	KR2k0060_WYG_011-32a
012.md	536	KR2k0060_WYG_011-32b
012.md	544	KR2k0060_WYG_011-33a
012.md	552	KR2k0060_WYG_011-33b
012.md	560	KR2k0060_WYG_011-34a
012.md	568	KR2k0060_WYG_011-34b
012.md	576	KR2k0060_WYG_011-35a
012.md	584	KR2k0060_WYG_011-35b
012.md	592	KR2k0060_WYG_011-36a
012.md	600	KR2k0060_WYG_011-36b
012.md	610	KR2k0060_WYG_011-37a
012.md	619	KR2k0060_WYG_011-37b
012.md	628	KR2k0060_WYG_011-38a
012.md	636	KR2k0060_WYG_011-38b
012.md	644	KR2k0060_WYG_011-39a
012.md	652	KR2k0060_WYG_011-39b
013.md	3	KR2k0060_WYG_012-1a
013.md	15	KR2k0060_WYG_012-1b
013.md	24	KR2k0060_WYG_012-2a
013.md	34	KR2k0060_WYG_012-2b
013.md	42	KR2k0060_WYG_012-3a
013.md	52	KR2k0060_WYG_012-3b
013.md	60	KR2k0060_WYG_012-4a
013.md	68	KR2k0060_WYG_012-4b
013.md	76	KR2k0060_WYG_012-5a
013.md	84	KR2k0060_WYG_012-5b
013.md	92	KR2k0060_WYG_012-6a
013.md	100	KR2k0060_WYG_012-6b
013.md	110	KR2k0060_WYG_012-7a
013.md	120	KR2k0060_WYG_012-7b
013.md	128	KR2k0060_WYG_012-8a
013.md	136	KR2k0060_WYG_012-8b
013.md	146	KR2k0060_WYG_012-9a
013.md	156	KR2k0060_WYG_012-9b
013.md	164	KR2k0060_WYG_012-10a
013.md	172	KR2k0060_WYG_012-10b
013.md	180	KR2k0060_WYG_012-11a
013.md	190	KR2k0060_WYG_012-11b
014.md	3	KR2k0060_WYG_013-1a
014.md	15	KR2k0060_WYG_013-1b
014.md	23	KR2k0060_WYG_013-2a
014.md	31	KR2k0060_WYG_013-2b
014.md	39	KR2k0060_WYG_013-3a
014.md	47	KR2k0060_WYG_013-3b
014.md	55	KR2k0060_WYG_013-4a
014.md	63	KR2k0060_WYG_013-4b
014.md	71	KR2k0060_WYG_013-5a
014.md	79	KR2k0060_WYG_013-5b
014.md	87	KR2k0060_WYG_013-6a
014.md	95	KR2k0060_WYG_013-6b
014.md	103	KR2k0060_WYG_013-7a
014.md	111	KR2k0060_WYG_013-7b
014.md	119	KR2k0060_WYG_013-8a
014.md	127	KR2k0060_WYG_013-8b
014.md	135	KR2k0060_WYG_013-9a
014.md	143	KR2k0060_WYG_013-9b
014.md	151	KR2k0060_WYG_013-10a
014.md	159	KR2k0060_WYG_013-10b
014.md	167	KR2k0060_WYG_013-11a
014.md	175	KR2k0060_WYG_013-11b
014.md	183	KR2k0060_WYG_013-12a
014.md	191	KR2k0060_WYG_013-12b
014.md	199	KR2k0060_WYG_013-13a
014.md	207	KR2k0060_WYG_013-13b
014.md	215	KR2k0060_WYG_013-14a
014.md	223	KR2k0060_WYG_013-14b
014.md	231	KR2k0060_WYG_013-15a
014.md	239	KR2k0060_WYG_013-15b
014.md	247	KR2k0060_WYG_013-16a
014.md	255	KR2k0060_WYG_013-16b
014.md	263	KR2k0060_WYG_013-17a
014.md	271	KR2k0060_WYG_013-17b
014.md	279	KR2k0060_WYG_013-18a
014.md	287	KR2k0060_WYG_013-18b
014.md	295	KR2k0060_WYG_013-19a
014.md	303	KR2k0060_WYG_013-19b
014.md	311	KR2k0060_WYG_013-20a
014.md	319	KR2k0060_WYG_013-20b
014.md	327	KR2k0060_WYG_013-21a
014.md	335	KR2k0060_WYG_013-21b
014.md	343	KR2k0060_WYG_013-22a
014.md	351	KR2k0060_WYG_013-22b
014.md	359	KR2k0060_WYG_013-23a
014.md	367	KR2k0060_WYG_013-23b
014.md	375	KR2k0060_WYG_013-24a
014.md	383	KR2k0060_WYG_013-24b
014.md	391	KR2k0060_WYG_013-25a
014.md	399	KR2k0060_WYG_013-25b
014.md	407	KR2k0060_WYG_013-26a
014.md	415	KR2k0060_WYG_013-26b
014.md	425	KR2k0060_WYG_013-27a
014.md	433	KR2k0060_WYG_013-27b
014.md	441	KR2k0060_WYG_013-28a
014.md	449	KR2k0060_WYG_013-28b
014.md	457	KR2k0060_WYG_013-29a
014.md	465	KR2k0060_WYG_013-29b
014.md	473	KR2k0060_WYG_013-30a
014.md	483	KR2k0060_WYG_013-30b
014.md	493	KR2k0060_WYG_013-31a
014.md	501	KR2k0060_WYG_013-31b
014.md	509	KR2k0060_WYG_013-32a
014.md	517	KR2k0060_WYG_013-32b
014.md	526	KR2k0060_WYG_013-33a
014.md	535	KR2k0060_WYG_013-33b
015.md	3	KR2k0060_WYG_014-1a
015.md	15	KR2k0060_WYG_014-1b
015.md	23	KR2k0060_WYG_014-2a
015.md	32	KR2k0060_WYG_014-2b
015.md	42	KR2k0060_WYG_014-3a
015.md	50	KR2k0060_WYG_014-3b
015.md	62	KR2k0060_WYG_014-4a
015.md	70	KR2k0060_WYG_014-4b
015.md	78	KR2k0060_WYG_014-5a
015.md	86	KR2k0060_WYG_014-5b
015.md	94	KR2k0060_WYG_014-6a
015.md	102	KR2k0060_WYG_014-6b
015.md	112	KR2k0060_WYG_014-7a
015.md	123	KR2k0060_WYG_014-7b
015.md	134	KR2k0060_WYG_014-8a
015.md	142	KR2k0060_WYG_014-8b
015.md	150	KR2k0060_WYG_014-9a
015.md	158	KR2k0060_WYG_014-9b
015.md	167	KR2k0060_WYG_014-10a
015.md	176	KR2k0060_WYG_014-10b
015.md	184	KR2k0060_WYG_014-11a
015.md	192	KR2k0060_WYG_014-11b
015.md	200	KR2k0060_WYG_014-12a
015.md	209	KR2k0060_WYG_014-12b
015.md	218	KR2k0060_WYG_014-13a
015.md	226	KR2k0060_WYG_014-13b
015.md	234	KR2k0060_WYG_014-14a
015.md	242	KR2k0060_WYG_014-14b
015.md	250	KR2k0060_WYG_014-15a
015.md	258	KR2k0060_WYG_014-15b
015.md	266	KR2k0060_WYG_014-16a
015.md	274	KR2k0060_WYG_014-16b
015.md	282	KR2k0060_WYG_014-17a
015.md	290	KR2k0060_WYG_014-17b
015.md	298	KR2k0060_WYG_014-18a
015.md	306	KR2k0060_WYG_014-18b
015.md	314	KR2k0060_WYG_014-19a
015.md	324	KR2k0060_WYG_014-19b
015.md	332	KR2k0060_WYG_014-20a
015.md	340	KR2k0060_WYG_014-20b
015.md	348	KR2k0060_WYG_014-21a
015.md	356	KR2k0060_WYG_014-21b
015.md	364	KR2k0060_WYG_014-22a
015.md	372	KR2k0060_WYG_014-22b
015.md	380	KR2k0060_WYG_014-23a
015.md	388	KR2k0060_WYG_014-23b
015.md	396	KR2k0060_WYG_014-24a
015.md	404	KR2k0060_WYG_014-24b
015.md	412	KR2k0060_WYG_014-25a
015.md	422	KR2k0060_WYG_014-25b
015.md	430	KR2k0060_WYG_014-26a
015.md	438	KR2k0060_WYG_014-26b
015.md	446	KR2k0060_WYG_014-27a
015.md	454	KR2k0060_WYG_014-27b
015.md	462	KR2k0060_WYG_014-28a
015.md	470	KR2k0060_WYG_014-28b
015.md	478	KR2k0060_WYG_014-29a
015.md	488	KR2k0060_WYG_014-29b
015.md	498	KR2k0060_WYG_014-30a
015.md	506	KR2k0060_WYG_014-30b
015.md	514	KR2k0060_WYG_014-31a
015.md	522	KR2k0060_WYG_014-31b
015.md	530	KR2k0060_WYG_014-32a
015.md	538	KR2k0060_WYG_014-32b
015.md	546	KR2k0060_WYG_014-33a
015.md	555	KR2k0060_WYG_014-33b
015.md	566	KR2k0060_WYG_014-34a
015.md	577	KR2k0060_WYG_014-34b
015.md	585	KR2k0060_WYG_014-35a
015.md	593	KR2k0060_WYG_014-35b
015.md	601	KR2k0060_WYG_014-36a
015.md	609	KR2k0060_WYG_014-36b
016.md	3	KR2k0060_WYG_015-1a
016.md	16	KR2k0060_WYG_015-1b
016.md	24	KR2k0060_WYG_015-2a
016.md	32	KR2k0060_WYG_015-2b
016.md	42	KR2k0060_WYG_015-3a
016.md	50	KR2k0060_WYG_015-3b
016.md	58	KR2k0060_WYG_015-4a
016.md	66	KR2k0060_WYG_015-4b
016.md	74	KR2k0060_WYG_015-5a
016.md	84	KR2k0060_WYG_015-5b
016.md	93	KR2k0060_WYG_015-6a
016.md	102	KR2k0060_WYG_015-6b
016.md	110	KR2k0060_WYG_015-7a
016.md	119	KR2k0060_WYG_015-7b
016.md	128	KR2k0060_WYG_015-8a
016.md	136	KR2k0060_WYG_015-8b
016.md	144	KR2k0060_WYG_015-9a
016.md	154	KR2k0060_WYG_015-9b
016.md	162	KR2k0060_WYG_015-10a
016.md	170	KR2k0060_WYG_015-10b
016.md	178	KR2k0060_WYG_015-11a
016.md	187	KR2k0060_WYG_015-11b
016.md	197	KR2k0060_WYG_015-12a
016.md	206	KR2k0060_WYG_015-12b
016.md	214	KR2k0060_WYG_015-13a
016.md	222	KR2k0060_WYG_015-13b
016.md	232	KR2k0060_WYG_015-14a
016.md	240	KR2k0060_WYG_015-14b
016.md	248	KR2k0060_WYG_015-15a
016.md	256	KR2k0060_WYG_015-15b
016.md	264	KR2k0060_WYG_015-16a
016.md	272	KR2k0060_WYG_015-16b
016.md	280	KR2k0060_WYG_015-17a
016.md	290	KR2k0060_WYG_015-17b
016.md	298	KR2k0060_WYG_015-18a
016.md	306	KR2k0060_WYG_015-18b
016.md	314	KR2k0060_WYG_015-19a
016.md	323	KR2k0060_WYG_015-19b
016.md	333	KR2k0060_WYG_015-20a
016.md	344	KR2k0060_WYG_015-20b
016.md	352	KR2k0060_WYG_015-21a
016.md	360	KR2k0060_WYG_015-21b
016.md	368	KR2k0060_WYG_015-22a
016.md	376	KR2k0060_WYG_015-22b
016.md	384	KR2k0060_WYG_015-23a
016.md	394	KR2k0060_WYG_015-23b
016.md	402	KR2k0060_WYG_015-24a
016.md	410	KR2k0060_WYG_015-24b
016.md	418	KR2k0060_WYG_015-25a
016.md	426	KR2k0060_WYG_015-25b
016.md	434	KR2k0060_WYG_015-26a
016.md	442	KR2k0060_WYG_015-26b
016.md	452	KR2k0060_WYG_015-27a
016.md	460	KR2k0060_WYG_015-27b
016.md	470	KR2k0060_WYG_015-28a
016.md	478	KR2k0060_WYG_015-28b
016.md	490	KR2k0060_WYG_015-29a
016.md	501	KR2k0060_WYG_015-29b
016.md	511	KR2k0060_WYG_015-30a
016.md	519	KR2k0060_WYG_015-30b
017.md	3	KR2k0060_WYG_016-1a
017.md	17	KR2k0060_WYG_016-1b
017.md	25	KR2k0060_WYG_016-2a
017.md	33	KR2k0060_WYG_016-2b
017.md	41	KR2k0060_WYG_016-3a
017.md	49	KR2k0060_WYG_016-3b
017.md	57	KR2k0060_WYG_016-4a
017.md	65	KR2k0060_WYG_016-4b
017.md	73	KR2k0060_WYG_016-5a
017.md	81	KR2k0060_WYG_016-5b
017.md	93	KR2k0060_WYG_016-6a
017.md	101	KR2k0060_WYG_016-6b
017.md	109	KR2k0060_WYG_016-7a
017.md	117	KR2k0060_WYG_016-7b
017.md	125	KR2k0060_WYG_016-8a
017.md	133	KR2k0060_WYG_016-8b
017.md	141	KR2k0060_WYG_016-9a
017.md	149	KR2k0060_WYG_016-9b
017.md	157	KR2k0060_WYG_016-10a
017.md	165	KR2k0060_WYG_016-10b
017.md	173	KR2k0060_WYG_016-11a
017.md	181	KR2k0060_WYG_016-11b
017.md	189	KR2k0060_WYG_016-12a
017.md	197	KR2k0060_WYG_016-12b
017.md	205	KR2k0060_WYG_016-13a
017.md	213	KR2k0060_WYG_016-13b
017.md	221	KR2k0060_WYG_016-14a
017.md	229	KR2k0060_WYG_016-14b
017.md	237	KR2k0060_WYG_016-15a
017.md	245	KR2k0060_WYG_016-15b
017.md	253	KR2k0060_WYG_016-16a
017.md	261	KR2k0060_WYG_016-16b
017.md	269	KR2k0060_WYG_016-17a
017.md	277	KR2k0060_WYG_016-17b
017.md	285	KR2k0060_WYG_016-18a
017.md	293	KR2k0060_WYG_016-18b
017.md	301	KR2k0060_WYG_016-19a
017.md	309	KR2k0060_WYG_016-19b
017.md	317	KR2k0060_WYG_016-20a
017.md	325	KR2k0060_WYG_016-20b
017.md	333	KR2k0060_WYG_016-21a
017.md	341	KR2k0060_WYG_016-21b
017.md	349	KR2k0060_WYG_016-22a
017.md	357	KR2k0060_WYG_016-22b
017.md	365	KR2k0060_WYG_016-23a
017.md	373	KR2k0060_WYG_016-23b
017.md	381	KR2k0060_WYG_016-24a
017.md	389	KR2k0060_WYG_016-24b
017.md	397	KR2k0060_WYG_016-25a
017.md	405	KR2k0060_WYG_016-25b
017.md	413	KR2k0060_WYG_016-26a
017.md	421	KR2k0060_WYG_016-26b
017.md	429	KR2k0060_WYG_016-27a
017.md	437	KR2k0060_WYG_016-27b
017.md	445	KR2k0060_WYG_016-28a
017.md	453	KR2k0060_WYG_016-28b
017.md	461	KR2k0060_WYG_016-29a
017.md	469	KR2k0060_WYG_016-29b
017.md	477	KR2k0060_WYG_016-30a
017.md	485	KR2k0060_WYG_016-30b
017.md	493	KR2k0060_WYG_016-31a
017.md	501	KR2k0060_WYG_016-31b
017.md	509	KR2k0060_WYG_016-32a
017.md	517	KR2k0060_WYG_016-32b
017.md	527	KR2k0060_WYG_016-33a
017.md	537	KR2k0060_WYG_016-33b
017.md	547	KR2k0060_WYG_016-34a
017.md	555	KR2k0060_WYG_016-34b
017.md	563	KR2k0060_WYG_016-35a
017.md	571	KR2k0060_WYG_016-35b
017.md	581	KR2k0060_WYG_016-36a
017.md	590	KR2k0060_WYG_016-36b
017.md	599	KR2k0060_WYG_016-37a
017.md	607	KR2k0060_WYG_016-37b
017.md	615	KR2k0060_WYG_016-38a
017.md	623	KR2k0060_WYG_016-38b
017.md	631	KR2k0060_WYG_016-39a
017.md	639	KR2k0060_WYG_016-39b
017.md	647	KR2k0060_WYG_016-40a
017.md	657	KR2k0060_WYG_016-40b
017.md	665	KR2k0060_WYG_016-41a
017.md	673	KR2k0060_WYG_016-41b
017.md	681	KR2k0060_WYG_016-42a
017.md	689	KR2k0060_WYG_016-42b
017.md	697	KR2k0060_WYG_016-43a
017.md	705	KR2k0060_WYG_016-43b
017.md	713	KR2k0060_WYG_016-44a
017.md	721	KR2k0060_WYG_016-44b
018.md	3	KR2k0060_WYG_017-1a
018.md	16	KR2k0060_WYG_017-1b
018.md	26	KR2k0060_WYG_017-2a
018.md	34	KR2k0060_WYG_017-2b
018.md	44	KR2k0060_WYG_017-3a
018.md	52	KR2k0060_WYG_017-3b
018.md	60	KR2k0060_WYG_017-4a
018.md	70	KR2k0060_WYG_017-4b
018.md	78	KR2k0060_WYG_017-5a
018.md	86	KR2k0060_WYG_017-5b
018.md	94	KR2k0060_WYG_017-6a
018.md	102	KR2k0060_WYG_017-6b
018.md	110	KR2k0060_WYG_017-7a
018.md	118	KR2k0060_WYG_017-7b
018.md	126	KR2k0060_WYG_017-8a
018.md	134	KR2k0060_WYG_017-8b
018.md	142	KR2k0060_WYG_017-9a
018.md	150	KR2k0060_WYG_017-9b
018.md	160	KR2k0060_WYG_017-10a
018.md	168	KR2k0060_WYG_017-10b
018.md	176	KR2k0060_WYG_017-11a
018.md	184	KR2k0060_WYG_017-11b
018.md	192	KR2k0060_WYG_017-12a
018.md	200	KR2k0060_WYG_017-12b
018.md	208	KR2k0060_WYG_017-13a
018.md	216	KR2k0060_WYG_017-13b
018.md	224	KR2k0060_WYG_017-14a
018.md	232	KR2k0060_WYG_017-14b
018.md	240	KR2k0060_WYG_017-15a
018.md	248	KR2k0060_WYG_017-15b
018.md	256	KR2k0060_WYG_017-16a
018.md	265	KR2k0060_WYG_017-16b
018.md	274	KR2k0060_WYG_017-17a
018.md	282	KR2k0060_WYG_017-17b
018.md	290	KR2k0060_WYG_017-18a
018.md	298	KR2k0060_WYG_017-18b
018.md	306	KR2k0060_WYG_017-19a
018.md	314	KR2k0060_WYG_017-19b
018.md	322	KR2k0060_WYG_017-20a
018.md	330	KR2k0060_WYG_017-20b
019.md	3	KR2k0060_WYG_018-1a
019.md	16	KR2k0060_WYG_018-1b
019.md	24	KR2k0060_WYG_018-2a
019.md	32	KR2k0060_WYG_018-2b
019.md	40	KR2k0060_WYG_018-3a
019.md	48	KR2k0060_WYG_018-3b
019.md	56	KR2k0060_WYG_018-4a
019.md	64	KR2k0060_WYG_018-4b
019.md	72	KR2k0060_WYG_018-5a
019.md	80	KR2k0060_WYG_018-5b
019.md	88	KR2k0060_WYG_018-6a
019.md	96	KR2k0060_WYG_018-6b
019.md	104	KR2k0060_WYG_018-7a
019.md	112	KR2k0060_WYG_018-7b
019.md	120	KR2k0060_WYG_018-8a
019.md	128	KR2k0060_WYG_018-8b
019.md	136	KR2k0060_WYG_018-9a
019.md	144	KR2k0060_WYG_018-9b
019.md	152	KR2k0060_WYG_018-10a
019.md	162	KR2k0060_WYG_018-10b
020.md	3	KR2k0060_WYG_019-1a
020.md	16	KR2k0060_WYG_019-1b
020.md	24	KR2k0060_WYG_019-2a
020.md	32	KR2k0060_WYG_019-2b
020.md	40	KR2k0060_WYG_019-3a
020.md	48	KR2k0060_WYG_019-3b
020.md	56	KR2k0060_WYG_019-4a
020.md	64	KR2k0060_WYG_019-4b
020.md	74	KR2k0060_WYG_019-5a
020.md	82	KR2k0060_WYG_019-5b
020.md	90	KR2k0060_WYG_019-6a
020.md	98	KR2k0060_WYG_019-6b
020.md	106	KR2k0060_WYG_019-7a
020.md	114	KR2k0060_WYG_019-7b
020.md	122	KR2k0060_WYG_019-8a
020.md	130	KR2k0060_WYG_019-8b
020.md	138	KR2k0060_WYG_019-9a
020.md	146	KR2k0060_WYG_019-9b
020.md	154	KR2k0060_WYG_019-10a
020.md	162	KR2k0060_WYG_019-10b
020.md	172	KR2k0060_WYG_019-11a
020.md	180	KR2k0060_WYG_019-11b
020.md	188	KR2k0060_WYG_019-12a
020.md	196	KR2k0060_WYG_019-12b
020.md	204	KR2k0060_WYG_019-13a
020.md	212	KR2k0060_WYG_019-13b
020.md	220	KR2k0060_WYG_019-14a
020.md	228	KR2k0060_WYG_019-14b
020.md	236	KR2k0060_WYG_019-15a
020.md	244	KR2k0060_WYG_019-15b
020.md	252	KR2k0060_WYG_019-16a
020.md	260	KR2k0060_WYG_019-16b
020.md	268	KR2k0060_WYG_019-17a
020.md	276	KR2k0060_WYG_019-17b
020.md	286	KR2k0060_WYG_019-18a
020.md	294	KR2k0060_WYG_019-18b
020.md	302	KR2k0060_WYG_019-19a
020.md	310	KR2k0060_WYG_019-19b
020.md	318	KR2k0060_WYG_019-20a
020.md	326	KR2k0060_WYG_019-20b
020.md	334	KR2k0060_WYG_019-21a
020.md	342	KR2k0060_WYG_019-21b
020.md	350	KR2k0060_WYG_019-22a
020.md	358	KR2k0060_WYG_019-22b
020.md	366	KR2k0060_WYG_019-23a
020.md	374	KR2k0060_WYG_019-23b
020.md	382	KR2k0060_WYG_019-24a
020.md	390	KR2k0060_WYG_019-24b
020.md	398	KR2k0060_WYG_019-25a
020.md	406	KR2k0060_WYG_019-25b
020.md	414	KR2k0060_WYG_019-26a
020.md	422	KR2k0060_WYG_019-26b
020.md	430	KR2k0060_WYG_019-27a
020.md	438	KR2k0060_WYG_019-27b
020.md	446	KR2k0060_WYG_019-28a
020.md	454	KR2k0060_WYG_019-28b
020.md	462	KR2k0060_WYG_019-29a
020.md	470	KR2k0060_WYG_019-29b
020.md	478	KR2k0060_WYG_019-30a
020.md	486	KR2k0060_WYG_019-30b
020.md	494	KR2k0060_WYG_019-31a
020.md	502	KR2k0060_WYG_019-31b
020.md	510	KR2k0060_WYG_019-32a
020.md	518	KR2k0060_WYG_019-32b
020.md	526	KR2k0060_WYG_019-33a
020.md	534	KR2k0060_WYG_019-33b
020.md	544	KR2k0060_WYG_019-34a
020.md	552	KR2k0060_WYG_019-34b
020.md	560	KR2k0060_WYG_019-35a
020.md	568	KR2k0060_WYG_019-35b
020.md	576	KR2k0060_WYG_019-36a
020.md	584	KR2k0060_WYG_019-36b
020.md	592	KR2k0060_WYG_019-37a
020.md	600	KR2k0060_WYG_019-37b
020.md	608	KR2k0060_WYG_019-38a
020.md	618	KR2k0060_WYG_019-38b
020.md	626	KR2k0060_WYG_019-39a
020.md	634	KR2k0060_WYG_019-39b
020.md	642	KR2k0060_WYG_019-40a
020.md	650	KR2k0060_WYG_019-40b
020.md	658	KR2k0060_WYG_019-41a
020.md	667	KR2k0060_WYG_019-41b
020.md	678	KR2k0060_WYG_019-42a
020.md	686	KR2k0060_WYG_019-42b
020.md	694	KR2k0060_WYG_019-43a
020.md	702	KR2k0060_WYG_019-43b
020.md	712	KR2k0060_WYG_019-44a
020.md	720	KR2k0060_WYG_019-44b
020.md	728	KR2k0060_WYG_019-45a
020.md	736	KR2k0060_WYG_019-45b
020.md	744	KR2k0060_WYG_019-46a
020.md	754	KR2k0060_WYG_019-46b
020.md	762	KR2k0060_WYG_019-47a
020.md	770	KR2k0060_WYG_019-47b
021.md	3	KR2k0060_WYG_020-1a
021.md	15	KR2k0060_WYG_020-1b
021.md	23	KR2k0060_WYG_020-2a
021.md	31	KR2k0060_WYG_020-2b
021.md	39	KR2k0060_WYG_020-3a
021.md	47	KR2k0060_WYG_020-3b
021.md	55	KR2k0060_WYG_020-4a
021.md	63	KR2k0060_WYG_020-4b
021.md	71	KR2k0060_WYG_020-5a
021.md	79	KR2k0060_WYG_020-5b
021.md	87	KR2k0060_WYG_020-6a
021.md	95	KR2k0060_WYG_020-6b
021.md	103	KR2k0060_WYG_020-7a
021.md	111	KR2k0060_WYG_020-7b
021.md	119	KR2k0060_WYG_020-8a
021.md	127	KR2k0060_WYG_020-8b
021.md	135	KR2k0060_WYG_020-9a
021.md	143	KR2k0060_WYG_020-9b
021.md	151	KR2k0060_WYG_020-10a
021.md	159	KR2k0060_WYG_020-10b
021.md	167	KR2k0060_WYG_020-11a
021.md	175	KR2k0060_WYG_020-11b
021.md	183	KR2k0060_WYG_020-12a
021.md	191	KR2k0060_WYG_020-12b
021.md	200	KR2k0060_WYG_020-13a
021.md	209	KR2k0060_WYG_020-13b
021.md	217	KR2k0060_WYG_020-14a
021.md	225	KR2k0060_WYG_020-14b
021.md	233	KR2k0060_WYG_020-15a
021.md	241	KR2k0060_WYG_020-15b
021.md	249	KR2k0060_WYG_020-16a
021.md	258	KR2k0060_WYG_020-16b
021.md	267	KR2k0060_WYG_020-17a
021.md	275	KR2k0060_WYG_020-17b
021.md	284	KR2k0060_WYG_020-18a
021.md	293	KR2k0060_WYG_020-18b
021.md	301	KR2k0060_WYG_020-19a
021.md	309	KR2k0060_WYG_020-19b
021.md	317	KR2k0060_WYG_020-20a
021.md	325	KR2k0060_WYG_020-20b
021.md	333	KR2k0060_WYG_020-21a
021.md	341	KR2k0060_WYG_020-21b
021.md	349	KR2k0060_WYG_020-22a
021.md	357	KR2k0060_WYG_020-22b
021.md	365	KR2k0060_WYG_020-23a
021.md	373	KR2k0060_WYG_020-23b
021.md	381	KR2k0060_WYG_020-24a
021.md	389	KR2k0060_WYG_020-24b
021.md	397	KR2k0060_WYG_020-25a
021.md	405	KR2k0060_WYG_020-25b
021.md	415	KR2k0060_WYG_020-26a
021.md	425	KR2k0060_WYG_020-26b
021.md	435	KR2k0060_WYG_020-27a
021.md	443	KR2k0060_WYG_020-27b
021.md	451	KR2k0060_WYG_020-28a
021.md	459	KR2k0060_WYG_020-28b
021.md	467	KR2k0060_WYG_020-29a
021.md	475	KR2k0060_WYG_020-29b
022.md	3	KR2k0060_WYG_021-1a
022.md	16	KR2k0060_WYG_021-1b
022.md	24	KR2k0060_WYG_021-2a
022.md	34	KR2k0060_WYG_021-2b
022.md	42	KR2k0060_WYG_021-3a
022.md	50	KR2k0060_WYG_021-3b
022.md	58	KR2k0060_WYG_021-4a
022.md	66	KR2k0060_WYG_021-4b
022.md	74	KR2k0060_WYG_021-5a
022.md	82	KR2k0060_WYG_021-5b
022.md	90	KR2k0060_WYG_021-6a
022.md	100	KR2k0060_WYG_021-6b
022.md	108	KR2k0060_WYG_021-7a
022.md	116	KR2k0060_WYG_021-7b
022.md	124	KR2k0060_WYG_021-8a
022.md	132	KR2k0060_WYG_021-8b
022.md	140	KR2k0060_WYG_021-9a
022.md	148	KR2k0060_WYG_021-9b
022.md	158	KR2k0060_WYG_021-10a
022.md	166	KR2k0060_WYG_021-10b
022.md	174	KR2k0060_WYG_021-11a
022.md	182	KR2k0060_WYG_021-11b
022.md	190	KR2k0060_WYG_021-12a
022.md	198	KR2k0060_WYG_021-12b
022.md	208	KR2k0060_WYG_021-13a
022.md	216	KR2k0060_WYG_021-13b
022.md	224	KR2k0060_WYG_021-14a
022.md	232	KR2k0060_WYG_021-14b
022.md	240	KR2k0060_WYG_021-15a
022.md	248	KR2k0060_WYG_021-15b
022.md	258	KR2k0060_WYG_021-16a
022.md	266	KR2k0060_WYG_021-16b
022.md	276	KR2k0060_WYG_021-17a
022.md	284	KR2k0060_WYG_021-17b
022.md	292	KR2k0060_WYG_021-18a
022.md	300	KR2k0060_WYG_021-18b
022.md	308	KR2k0060_WYG_021-19a
022.md	316	KR2k0060_WYG_021-19b
022.md	324	KR2k0060_WYG_021-20a
022.md	332	KR2k0060_WYG_021-20b
022.md	340	KR2k0060_WYG_021-21a
022.md	349	KR2k0060_WYG_021-21b
023.md	3	KR2k0060_WYG_022-1a
023.md	17	KR2k0060_WYG_022-1b
023.md	25	KR2k0060_WYG_022-2a
023.md	35	KR2k0060_WYG_022-2b
023.md	43	KR2k0060_WYG_022-3a
023.md	52	KR2k0060_WYG_022-3b
023.md	61	KR2k0060_WYG_022-4a
023.md	69	KR2k0060_WYG_022-4b
023.md	79	KR2k0060_WYG_022-5a
023.md	87	KR2k0060_WYG_022-5b
023.md	96	KR2k0060_WYG_022-6a
023.md	105	KR2k0060_WYG_022-6b
023.md	117	KR2k0060_WYG_022-7a
023.md	127	KR2k0060_WYG_022-7b
023.md	137	KR2k0060_WYG_022-8a
023.md	145	KR2k0060_WYG_022-8b
023.md	153	KR2k0060_WYG_022-9a
023.md	161	KR2k0060_WYG_022-9b
023.md	169	KR2k0060_WYG_022-10a
023.md	177	KR2k0060_WYG_022-10b
023.md	185	KR2k0060_WYG_022-11a
023.md	193	KR2k0060_WYG_022-11b
023.md	201	KR2k0060_WYG_022-12a
023.md	211	KR2k0060_WYG_022-12b
023.md	221	KR2k0060_WYG_022-13a
023.md	229	KR2k0060_WYG_022-13b
023.md	238	KR2k0060_WYG_022-14a
023.md	247	KR2k0060_WYG_022-14b
023.md	255	KR2k0060_WYG_022-15a
023.md	263	KR2k0060_WYG_022-15b
023.md	271	KR2k0060_WYG_022-16a
023.md	279	KR2k0060_WYG_022-16b
023.md	289	KR2k0060_WYG_022-17a
023.md	297	KR2k0060_WYG_022-17b
023.md	305	KR2k0060_WYG_022-18a
023.md	313	KR2k0060_WYG_022-18b
023.md	323	KR2k0060_WYG_022-19a
023.md	331	KR2k0060_WYG_022-19b
023.md	339	KR2k0060_WYG_022-20a
023.md	347	KR2k0060_WYG_022-20b
023.md	357	KR2k0060_WYG_022-21a
023.md	365	KR2k0060_WYG_022-21b
023.md	375	KR2k0060_WYG_022-22a
023.md	384	KR2k0060_WYG_022-22b
023.md	393	KR2k0060_WYG_022-23a
023.md	403	KR2k0060_WYG_022-23b
023.md	411	KR2k0060_WYG_022-24a
023.md	419	KR2k0060_WYG_022-24b
023.md	427	KR2k0060_WYG_022-25a
023.md	435	KR2k0060_WYG_022-25b
023.md	443	KR2k0060_WYG_022-26a
023.md	451	KR2k0060_WYG_022-26b
023.md	462	KR2k0060_WYG_022-27a
023.md	470	KR2k0060_WYG_022-27b
023.md	482	KR2k0060_WYG_022-28a
023.md	490	KR2k0060_WYG_022-28b
023.md	498	KR2k0060_WYG_022-29a
023.md	506	KR2k0060_WYG_022-29b
023.md	514	KR2k0060_WYG_022-30a
023.md	522	KR2k0060_WYG_022-30b
023.md	530	KR2k0060_WYG_022-31a
023.md	538	KR2k0060_WYG_022-31b
023.md	546	KR2k0060_WYG_022-32a
023.md	554	KR2k0060_WYG_022-32b
023.md	562	KR2k0060_WYG_022-33a
023.md	570	KR2k0060_WYG_022-33b
023.md	578	KR2k0060_WYG_022-34a
023.md	586	KR2k0060_WYG_022-34b
023.md	594	KR2k0060_WYG_022-35a
023.md	602	KR2k0060_WYG_022-35b
023.md	610	KR2k0060_WYG_022-36a
023.md	618	KR2k0060_WYG_022-36b
023.md	628	KR2k0060_WYG_022-37a
023.md	636	KR2k0060_WYG_022-37b
023.md	644	KR2k0060_WYG_022-38a
023.md	652	KR2k0060_WYG_022-38b
023.md	660	KR2k0060_WYG_022-39a
023.md	668	KR2k0060_WYG_022-39b
023.md	676	KR2k0060_WYG_022-40a
023.md	684	KR2k0060_WYG_022-40b
023.md	692	KR2k0060_WYG_022-41a
023.md	700	KR2k0060_WYG_022-41b
023.md	710	KR2k0060_WYG_022-42a
023.md	718	KR2k0060_WYG_022-42b
023.md	726	KR2k0060_WYG_022-43a
023.md	734	KR2k0060_WYG_022-43b
023.md	742	KR2k0060_WYG_022-44a
023.md	750	KR2k0060_WYG_022-44b
023.md	758	KR2k0060_WYG_022-45a
023.md	766	KR2k0060_WYG_022-45b
023.md	774	KR2k0060_WYG_022-46a
023.md	782	KR2k0060_WYG_022-46b
023.md	792	KR2k0060_WYG_022-47a
023.md	800	KR2k0060_WYG_022-47b
023.md	808	KR2k0060_WYG_022-48a
023.md	816	KR2k0060_WYG_022-48b
023.md	824	KR2k0060_WYG_022-49a
023.md	834	KR2k0060_WYG_022-49b
023.md	842	KR2k0060_WYG_022-50a
023.md	856	KR2k0060_WYG_022-50b
024.md	3	KR2k0060_WYG_023-1a
024.md	16	KR2k0060_WYG_023-1b
024.md	24	KR2k0060_WYG_023-2a
024.md	34	KR2k0060_WYG_023-2b
024.md	42	KR2k0060_WYG_023-3a
024.md	50	KR2k0060_WYG_023-3b
024.md	58	KR2k0060_WYG_023-4a
024.md	66	KR2k0060_WYG_023-4b
024.md	74	KR2k0060_WYG_023-5a
024.md	82	KR2k0060_WYG_023-5b
024.md	90	KR2k0060_WYG_023-6a
024.md	98	KR2k0060_WYG_023-6b
024.md	106	KR2k0060_WYG_023-7a
024.md	114	KR2k0060_WYG_023-7b
024.md	122	KR2k0060_WYG_023-8a
024.md	130	KR2k0060_WYG_023-8b
024.md	138	KR2k0060_WYG_023-9a
024.md	147	KR2k0060_WYG_023-9b
024.md	156	KR2k0060_WYG_023-10a
024.md	164	KR2k0060_WYG_023-10b
024.md	172	KR2k0060_WYG_023-11a
024.md	182	KR2k0060_WYG_023-11b
024.md	190	KR2k0060_WYG_023-12a
024.md	198	KR2k0060_WYG_023-12b
024.md	206	KR2k0060_WYG_023-13a
024.md	214	KR2k0060_WYG_023-13b
024.md	222	KR2k0060_WYG_023-14a
024.md	230	KR2k0060_WYG_023-14b
024.md	238	KR2k0060_WYG_023-15a
024.md	246	KR2k0060_WYG_023-15b
024.md	254	KR2k0060_WYG_023-16a
024.md	262	KR2k0060_WYG_023-16b
024.md	270	KR2k0060_WYG_023-17a
024.md	281	KR2k0060_WYG_023-17b
024.md	289	KR2k0060_WYG_023-18a
024.md	297	KR2k0060_WYG_023-18b
024.md	305	KR2k0060_WYG_023-19a
024.md	313	KR2k0060_WYG_023-19b
024.md	321	KR2k0060_WYG_023-20a
024.md	330	KR2k0060_WYG_023-20b
024.md	339	KR2k0060_WYG_023-21a
024.md	347	KR2k0060_WYG_023-21b
024.md	355	KR2k0060_WYG_023-22a
024.md	363	KR2k0060_WYG_023-22b
024.md	371	KR2k0060_WYG_023-23a
024.md	379	KR2k0060_WYG_023-23b
024.md	389	KR2k0060_WYG_023-24a
024.md	397	KR2k0060_WYG_023-24b
024.md	406	KR2k0060_WYG_023-25a
024.md	415	KR2k0060_WYG_023-25b
024.md	423	KR2k0060_WYG_023-26a
024.md	431	KR2k0060_WYG_023-26b
024.md	439	KR2k0060_WYG_023-27a
024.md	447	KR2k0060_WYG_023-27b
025.md	3	KR2k0060_WYG_024-1a
025.md	16	KR2k0060_WYG_024-1b
025.md	24	KR2k0060_WYG_024-2a
025.md	32	KR2k0060_WYG_024-2b
025.md	41	KR2k0060_WYG_024-3a
025.md	50	KR2k0060_WYG_024-3b
025.md	58	KR2k0060_WYG_024-4a
025.md	66	KR2k0060_WYG_024-4b
025.md	74	KR2k0060_WYG_024-5a
025.md	82	KR2k0060_WYG_024-5b
025.md	90	KR2k0060_WYG_024-6a
025.md	98	KR2k0060_WYG_024-6b
025.md	106	KR2k0060_WYG_024-7a
025.md	114	KR2k0060_WYG_024-7b
025.md	122	KR2k0060_WYG_024-8a
025.md	130	KR2k0060_WYG_024-8b
025.md	138	KR2k0060_WYG_024-9a
025.md	146	KR2k0060_WYG_024-9b
025.md	156	KR2k0060_WYG_024-10a
025.md	164	KR2k0060_WYG_024-10b
025.md	172	KR2k0060_WYG_024-11a
025.md	180	KR2k0060_WYG_024-11b
025.md	188	KR2k0060_WYG_024-12a
025.md	196	KR2k0060_WYG_024-12b
025.md	206	KR2k0060_WYG_024-13a
025.md	214	KR2k0060_WYG_024-13b
025.md	222	KR2k0060_WYG_024-14a
025.md	230	KR2k0060_WYG_024-14b
025.md	238	KR2k0060_WYG_024-15a
025.md	248	KR2k0060_WYG_024-15b
025.md	256	KR2k0060_WYG_024-16a
025.md	264	KR2k0060_WYG_024-16b
025.md	272	KR2k0060_WYG_024-17a
025.md	282	KR2k0060_WYG_024-17b
025.md	290	KR2k0060_WYG_024-18a
025.md	298	KR2k0060_WYG_024-18b
025.md	306	KR2k0060_WYG_024-19a
025.md	314	KR2k0060_WYG_024-19b
025.md	321	KR2k0060_WYG_024-20a
025.md	329	KR2k0060_WYG_024-20b
025.md	337	KR2k0060_WYG_024-21a
025.md	345	KR2k0060_WYG_024-21b
025.md	353	KR2k0060_WYG_024-22a
025.md	363	KR2k0060_WYG_024-22b
025.md	373	KR2k0060_WYG_024-23a
025.md	382	KR2k0060_WYG_024-23b
025.md	396	KR2k0060_WYG_024-24a
025.md	404	KR2k0060_WYG_024-24b
025.md	412	KR2k0060_WYG_024-25a
025.md	420	KR2k0060_WYG_024-25b
025.md	430	KR2k0060_WYG_024-26a
025.md	438	KR2k0060_WYG_024-26b
025.md	446	KR2k0060_WYG_024-27a
025.md	456	KR2k0060_WYG_024-27b
025.md	466	KR2k0060_WYG_024-28a
025.md	474	KR2k0060_WYG_024-28b
025.md	482	KR2k0060_WYG_024-29a
025.md	490	KR2k0060_WYG_024-29b
025.md	498	KR2k0060_WYG_024-30a
025.md	506	KR2k0060_WYG_024-30b
025.md	516	KR2k0060_WYG_024-31a
025.md	524	KR2k0060_WYG_024-31b
025.md	532	KR2k0060_WYG_024-32a
025.md	540	KR2k0060_WYG_024-32b
025.md	548	KR2k0060_WYG_024-33a
025.md	556	KR2k0060_WYG_024-33b
025.md	564	KR2k0060_WYG_024-34a
025.md	574	KR2k0060_WYG_024-34b
025.md	584	KR2k0060_WYG_024-35a
025.md	592	KR2k0060_WYG_024-35b
025.md	600	KR2k0060_WYG_024-36a
025.md	610	KR2k0060_WYG_024-36b
025.md	620	KR2k0060_WYG_024-37a
025.md	628	KR2k0060_WYG_024-37b
025.md	636	KR2k0060_WYG_024-38a
025.md	644	KR2k0060_WYG_024-38b
025.md	652	KR2k0060_WYG_024-39a
025.md	660	KR2k0060_WYG_024-39b
026.md	3	KR2k0060_WYG_025-1a
026.md	16	KR2k0060_WYG_025-1b
026.md	24	KR2k0060_WYG_025-2a
026.md	32	KR2k0060_WYG_025-2b
026.md	42	KR2k0060_WYG_025-3a
026.md	50	KR2k0060_WYG_025-3b
026.md	58	KR2k0060_WYG_025-4a
026.md	66	KR2k0060_WYG_025-4b
026.md	74	KR2k0060_WYG_025-5a
026.md	82	KR2k0060_WYG_025-5b
026.md	90	KR2k0060_WYG_025-6a
026.md	98	KR2k0060_WYG_025-6b
026.md	106	KR2k0060_WYG_025-7a
026.md	114	KR2k0060_WYG_025-7b
026.md	122	KR2k0060_WYG_025-8a
026.md	130	KR2k0060_WYG_025-8b
026.md	138	KR2k0060_WYG_025-9a
026.md	147	KR2k0060_WYG_025-9b
026.md	155	KR2k0060_WYG_025-10a
026.md	163	KR2k0060_WYG_025-10b
026.md	171	KR2k0060_WYG_025-11a
026.md	179	KR2k0060_WYG_025-11b
026.md	189	KR2k0060_WYG_025-12a
026.md	199	KR2k0060_WYG_025-12b
026.md	209	KR2k0060_WYG_025-13a
026.md	219	KR2k0060_WYG_025-13b
026.md	228	KR2k0060_WYG_025-14a
026.md	236	KR2k0060_WYG_025-14b
026.md	244	KR2k0060_WYG_025-15a
026.md	252	KR2k0060_WYG_025-15b
026.md	260	KR2k0060_WYG_025-16a
026.md	268	KR2k0060_WYG_025-16b
026.md	278	KR2k0060_WYG_025-17a
026.md	286	KR2k0060_WYG_025-17b
026.md	294	KR2k0060_WYG_025-18a
026.md	302	KR2k0060_WYG_025-18b
026.md	310	KR2k0060_WYG_025-19a
026.md	318	KR2k0060_WYG_025-19b
026.md	326	KR2k0060_WYG_025-20a
026.md	334	KR2k0060_WYG_025-20b
026.md	342	KR2k0060_WYG_025-21a
026.md	350	KR2k0060_WYG_025-21b
026.md	358	KR2k0060_WYG_025-22a
026.md	366	KR2k0060_WYG_025-22b
026.md	376	KR2k0060_WYG_025-23a
026.md	384	KR2k0060_WYG_025-23b
026.md	392	KR2k0060_WYG_025-24a
026.md	402	KR2k0060_WYG_025-24b
026.md	410	KR2k0060_WYG_025-25a
026.md	420	KR2k0060_WYG_025-25b
026.md	428	KR2k0060_WYG_025-26a
026.md	436	KR2k0060_WYG_025-26b
026.md	444	KR2k0060_WYG_025-27a
026.md	452	KR2k0060_WYG_025-27b
026.md	460	KR2k0060_WYG_025-28a
026.md	470	KR2k0060_WYG_025-28b
026.md	480	KR2k0060_WYG_025-29a
026.md	488	KR2k0060_WYG_025-29b
026.md	496	KR2k0060_WYG_025-30a
026.md	504	KR2k0060_WYG_025-30b
026.md	512	KR2k0060_WYG_025-31a
026.md	520	KR2k0060_WYG_025-31b
026.md	530	KR2k0060_WYG_025-32a
026.md	538	KR2k0060_WYG_025-32b
026.md	546	KR2k0060_WYG_025-33a
026.md	554	KR2k0060_WYG_025-33b
026.md	563	KR2k0060_WYG_025-34a
026.md	573	KR2k0060_WYG_025-34b
026.md	583	KR2k0060_WYG_025-35a
026.md	593	KR2k0060_WYG_025-35b
026.md	601	KR2k0060_WYG_025-36a
026.md	609	KR2k0060_WYG_025-36b
026.md	617	KR2k0060_WYG_025-37a
026.md	625	KR2k0060_WYG_025-37b
027.md	3	KR2k0060_WYG_026-1a
027.md	17	KR2k0060_WYG_026-1b
027.md	29	KR2k0060_WYG_026-2a
027.md	37	KR2k0060_WYG_026-2b
027.md	45	KR2k0060_WYG_026-3a
027.md	55	KR2k0060_WYG_026-3b
027.md	63	KR2k0060_WYG_026-4a
027.md	71	KR2k0060_WYG_026-4b
027.md	79	KR2k0060_WYG_026-5a
027.md	87	KR2k0060_WYG_026-5b
027.md	95	KR2k0060_WYG_026-6a
027.md	105	KR2k0060_WYG_026-6b
027.md	113	KR2k0060_WYG_026-7a
027.md	123	KR2k0060_WYG_026-7b
027.md	131	KR2k0060_WYG_026-8a
027.md	139	KR2k0060_WYG_026-8b
027.md	147	KR2k0060_WYG_026-9a
027.md	157	KR2k0060_WYG_026-9b
027.md	165	KR2k0060_WYG_026-10a
027.md	173	KR2k0060_WYG_026-10b
027.md	181	KR2k0060_WYG_026-11a
027.md	191	KR2k0060_WYG_026-11b
027.md	199	KR2k0060_WYG_026-12a
027.md	207	KR2k0060_WYG_026-12b
027.md	215	KR2k0060_WYG_026-13a
027.md	223	KR2k0060_WYG_026-13b
027.md	233	KR2k0060_WYG_026-14a
027.md	243	KR2k0060_WYG_026-14b
027.md	251	KR2k0060_WYG_026-15a
027.md	259	KR2k0060_WYG_026-15b
027.md	269	KR2k0060_WYG_026-16a
027.md	277	KR2k0060_WYG_026-16b
027.md	285	KR2k0060_WYG_026-17a
027.md	293	KR2k0060_WYG_026-17b
027.md	301	KR2k0060_WYG_026-18a
027.md	309	KR2k0060_WYG_026-18b
027.md	317	KR2k0060_WYG_026-19a
027.md	325	KR2k0060_WYG_026-19b
027.md	335	KR2k0060_WYG_026-20a
027.md	343	KR2k0060_WYG_026-20b
027.md	351	KR2k0060_WYG_026-21a
027.md	359	KR2k0060_WYG_026-21b
027.md	367	KR2k0060_WYG_026-22a
027.md	375	KR2k0060_WYG_026-22b
027.md	383	KR2k0060_WYG_026-23a
027.md	391	KR2k0060_WYG_026-23b
027.md	399	KR2k0060_WYG_026-24a
027.md	407	KR2k0060_WYG_026-24b
027.md	415	KR2k0060_WYG_026-25a
027.md	423	KR2k0060_WYG_026-25b
027.md	431	KR2k0060_WYG_026-26a
027.md	439	KR2k0060_WYG_026-26b
027.md	447	KR2k0060_WYG_026-27a
027.md	455	KR2k0060_WYG_026-27b
027.md	463	KR2k0060_WYG_026-28a
027.md	471	KR2k0060_WYG_026-28b
027.md	479	KR2k0060_WYG_026-29a
027.md	487	KR2k0060_WYG_026-29b
027.md	495	KR2k0060_WYG_026-30a
027.md	503	KR2k0060_WYG_026-30b
027.md	512	KR2k0060_WYG_026-31a
027.md	521	KR2k0060_WYG_026-31b
027.md	529	KR2k0060_WYG_026-32a
027.md	538	KR2k0060_WYG_026-32b
027.md	549	KR2k0060_WYG_026-33a
027.md	557	KR2k0060_WYG_026-33b
027.md	567	KR2k0060_WYG_026-34a
027.md	576	KR2k0060_WYG_026-34b
027.md	585	KR2k0060_WYG_026-35a
027.md	593	KR2k0060_WYG_026-35b
027.md	601	KR2k0060_WYG_026-36a
027.md	611	KR2k0060_WYG_026-36b
027.md	619	KR2k0060_WYG_026-37a
027.md	627	KR2k0060_WYG_026-37b
027.md	637	KR2k0060_WYG_026-38a
027.md	645	KR2k0060_WYG_026-38b
027.md	653	KR2k0060_WYG_026-39a
027.md	663	KR2k0060_WYG_026-39b
027.md	671	KR2k0060_WYG_026-40a
027.md	681	KR2k0060_WYG_026-40b
027.md	691	KR2k0060_WYG_026-41a
027.md	702	KR2k0060_WYG_026-41b
027.md	710	KR2k0060_WYG_026-42a
027.md	720	KR2k0060_WYG_026-42b
027.md	728	KR2k0060_WYG_026-43a
027.md	738	KR2k0060_WYG_026-43b
027.md	746	KR2k0060_WYG_026-44a
027.md	754	KR2k0060_WYG_026-44b
027.md	762	KR2k0060_WYG_026-45a
027.md	770	KR2k0060_WYG_026-45b
028.md	3	KR2k0060_WYG_027-1a
028.md	16	KR2k0060_WYG_027-1b
028.md	24	KR2k0060_WYG_027-2a
028.md	32	KR2k0060_WYG_027-2b
028.md	40	KR2k0060_WYG_027-3a
028.md	48	KR2k0060_WYG_027-3b
028.md	56	KR2k0060_WYG_027-4a
028.md	64	KR2k0060_WYG_027-4b
028.md	72	KR2k0060_WYG_027-5a
028.md	80	KR2k0060_WYG_027-5b
028.md	88	KR2k0060_WYG_027-6a
028.md	96	KR2k0060_WYG_027-6b
028.md	104	KR2k0060_WYG_027-7a
028.md	112	KR2k0060_WYG_027-7b
028.md	120	KR2k0060_WYG_027-8a
028.md	128	KR2k0060_WYG_027-8b
028.md	136	KR2k0060_WYG_027-9a
028.md	146	KR2k0060_WYG_027-9b
028.md	154	KR2k0060_WYG_027-10a
028.md	162	KR2k0060_WYG_027-10b
028.md	170	KR2k0060_WYG_027-11a
028.md	180	KR2k0060_WYG_027-11b
028.md	188	KR2k0060_WYG_027-12a
028.md	196	KR2k0060_WYG_027-12b
028.md	204	KR2k0060_WYG_027-13a
028.md	212	KR2k0060_WYG_027-13b
028.md	220	KR2k0060_WYG_027-14a
028.md	228	KR2k0060_WYG_027-14b
028.md	236	KR2k0060_WYG_027-15a
028.md	244	KR2k0060_WYG_027-15b
028.md	252	KR2k0060_WYG_027-16a
028.md	260	KR2k0060_WYG_027-16b
028.md	268	KR2k0060_WYG_027-17a
028.md	278	KR2k0060_WYG_027-17b
028.md	286	KR2k0060_WYG_027-18a
028.md	294	KR2k0060_WYG_027-18b
028.md	302	KR2k0060_WYG_027-19a
028.md	310	KR2k0060_WYG_027-19b
028.md	319	KR2k0060_WYG_027-20a
028.md	328	KR2k0060_WYG_027-20b
028.md	336	KR2k0060_WYG_027-21a
028.md	345	KR2k0060_WYG_027-21b
028.md	354	KR2k0060_WYG_027-22a
028.md	364	KR2k0060_WYG_027-22b
028.md	372	KR2k0060_WYG_027-23a
028.md	380	KR2k0060_WYG_027-23b
028.md	390	KR2k0060_WYG_027-24a
028.md	400	KR2k0060_WYG_027-24b
028.md	409	KR2k0060_WYG_027-25a
028.md	417	KR2k0060_WYG_027-25b
028.md	425	KR2k0060_WYG_027-26a
028.md	433	KR2k0060_WYG_027-26b
028.md	441	KR2k0060_WYG_027-27a
028.md	449	KR2k0060_WYG_027-27b
028.md	457	KR2k0060_WYG_027-28a
028.md	467	KR2k0060_WYG_027-28b
028.md	475	KR2k0060_WYG_027-29a
028.md	483	KR2k0060_WYG_027-29b
029.md	3	KR2k0060_WYG_028-1a
029.md	16	KR2k0060_WYG_028-1b
029.md	24	KR2k0060_WYG_028-2a
029.md	32	KR2k0060_WYG_028-2b
029.md	40	KR2k0060_WYG_028-3a
029.md	48	KR2k0060_WYG_028-3b
029.md	56	KR2k0060_WYG_028-4a
029.md	66	KR2k0060_WYG_028-4b
029.md	74	KR2k0060_WYG_028-5a
029.md	82	KR2k0060_WYG_028-5b
029.md	90	KR2k0060_WYG_028-6a
029.md	98	KR2k0060_WYG_028-6b
029.md	106	KR2k0060_WYG_028-7a
029.md	114	KR2k0060_WYG_028-7b
029.md	122	KR2k0060_WYG_028-8a
029.md	131	KR2k0060_WYG_028-8b
029.md	139	KR2k0060_WYG_028-9a
029.md	147	KR2k0060_WYG_028-9b
029.md	155	KR2k0060_WYG_028-10a
029.md	163	KR2k0060_WYG_028-10b
029.md	173	KR2k0060_WYG_028-11a
029.md	182	KR2k0060_WYG_028-11b
029.md	191	KR2k0060_WYG_028-12a
029.md	199	KR2k0060_WYG_028-12b
029.md	207	KR2k0060_WYG_028-13a
029.md	215	KR2k0060_WYG_028-13b
029.md	223	KR2k0060_WYG_028-14a
029.md	231	KR2k0060_WYG_028-14b
029.md	239	KR2k0060_WYG_028-15a
029.md	249	KR2k0060_WYG_028-15b
029.md	257	KR2k0060_WYG_028-16a
029.md	265	KR2k0060_WYG_028-16b
029.md	273	KR2k0060_WYG_028-17a
029.md	281	KR2k0060_WYG_028-17b
029.md	289	KR2k0060_WYG_028-18a
029.md	297	KR2k0060_WYG_028-18b
029.md	307	KR2k0060_WYG_028-19a
029.md	315	KR2k0060_WYG_028-19b
029.md	323	KR2k0060_WYG_028-20a
029.md	331	KR2k0060_WYG_028-20b
029.md	339	KR2k0060_WYG_028-21a
029.md	349	KR2k0060_WYG_028-21b
029.md	361	KR2k0060_WYG_028-22a
029.md	369	KR2k0060_WYG_028-22b
029.md	377	KR2k0060_WYG_028-23a
029.md	385	KR2k0060_WYG_028-23b
029.md	394	KR2k0060_WYG_028-24a
029.md	404	KR2k0060_WYG_028-24b
029.md	412	KR2k0060_WYG_028-25a
029.md	420	KR2k0060_WYG_028-25b
029.md	428	KR2k0060_WYG_028-26a
029.md	436	KR2k0060_WYG_028-26b
029.md	444	KR2k0060_WYG_028-27a
029.md	452	KR2k0060_WYG_028-27b
029.md	460	KR2k0060_WYG_028-28a
029.md	468	KR2k0060_WYG_028-28b
029.md	476	KR2k0060_WYG_028-29a
029.md	484	KR2k0060_WYG_028-29b
029.md	492	KR2k0060_WYG_028-30a
029.md	500	KR2k0060_WYG_028-30b
029.md	508	KR2k0060_WYG_028-31a
029.md	516	KR2k0060_WYG_028-31b
029.md	524	KR2k0060_WYG_028-32a
029.md	532	KR2k0060_WYG_028-32b
029.md	540	KR2k0060_WYG_028-33a
029.md	548	KR2k0060_WYG_028-33b
029.md	556	KR2k0060_WYG_028-34a
029.md	566	KR2k0060_WYG_028-34b
029.md	574	KR2k0060_WYG_028-35a
029.md	582	KR2k0060_WYG_028-35b
029.md	590	KR2k0060_WYG_028-36a
029.md	598	KR2k0060_WYG_028-36b
030.md	3	KR2k0060_WYG_029-1a
030.md	17	KR2k0060_WYG_029-1b
030.md	25	KR2k0060_WYG_029-2a
030.md	35	KR2k0060_WYG_029-2b
030.md	44	KR2k0060_WYG_029-3a
030.md	52	KR2k0060_WYG_029-3b
030.md	60	KR2k0060_WYG_029-4a
030.md	68	KR2k0060_WYG_029-4b
030.md	76	KR2k0060_WYG_029-5a
030.md	86	KR2k0060_WYG_029-5b
030.md	94	KR2k0060_WYG_029-6a
030.md	105	KR2k0060_WYG_029-6b
030.md	115	KR2k0060_WYG_029-7a
030.md	123	KR2k0060_WYG_029-7b
030.md	134	KR2k0060_WYG_029-8a
030.md	145	KR2k0060_WYG_029-8b
030.md	156	KR2k0060_WYG_029-9a
030.md	164	KR2k0060_WYG_029-9b
030.md	172	KR2k0060_WYG_029-10a
030.md	180	KR2k0060_WYG_029-10b
030.md	188	KR2k0060_WYG_029-11a
030.md	198	KR2k0060_WYG_029-11b
030.md	206	KR2k0060_WYG_029-12a
030.md	214	KR2k0060_WYG_029-12b
030.md	222	KR2k0060_WYG_029-13a
030.md	230	KR2k0060_WYG_029-13b
031.md	3	KR2k0060_WYG_030-1a
031.md	16	KR2k0060_WYG_030-1b
031.md	24	KR2k0060_WYG_030-2a
031.md	32	KR2k0060_WYG_030-2b
031.md	41	KR2k0060_WYG_030-3a
031.md	50	KR2k0060_WYG_030-3b
031.md	58	KR2k0060_WYG_030-4a
031.md	66	KR2k0060_WYG_030-4b
031.md	74	KR2k0060_WYG_030-5a
031.md	84	KR2k0060_WYG_030-5b
031.md	92	KR2k0060_WYG_030-6a
031.md	101	KR2k0060_WYG_030-6b
031.md	109	KR2k0060_WYG_030-7a
031.md	117	KR2k0060_WYG_030-7b
031.md	126	KR2k0060_WYG_030-8a
031.md	135	KR2k0060_WYG_030-8b
031.md	143	KR2k0060_WYG_030-9a
031.md	151	KR2k0060_WYG_030-9b
031.md	159	KR2k0060_WYG_030-10a
031.md	171	KR2k0060_WYG_030-10b
031.md	179	KR2k0060_WYG_030-11a
031.md	187	KR2k0060_WYG_030-11b
031.md	195	KR2k0060_WYG_030-12a
031.md	205	KR2k0060_WYG_030-12b
031.md	214	KR2k0060_WYG_030-13a
031.md	223	KR2k0060_WYG_030-13b
031.md	231	KR2k0060_WYG_030-14a
031.md	239	KR2k0060_WYG_030-14b
031.md	247	KR2k0060_WYG_030-15a
031.md	255	KR2k0060_WYG_030-15b
031.md	265	KR2k0060_WYG_030-16a
031.md	273	KR2k0060_WYG_030-16b
031.md	281	KR2k0060_WYG_030-17a
031.md	291	KR2k0060_WYG_030-17b
031.md	299	KR2k0060_WYG_030-18a
031.md	307	KR2k0060_WYG_030-18b
031.md	315	KR2k0060_WYG_030-19a
031.md	323	KR2k0060_WYG_030-19b
031.md	331	KR2k0060_WYG_030-20a
031.md	339	KR2k0060_WYG_030-20b
031.md	347	KR2k0060_WYG_030-21a
031.md	355	KR2k0060_WYG_030-21b
031.md	363	KR2k0060_WYG_030-22a
031.md	371	KR2k0060_WYG_030-22b
031.md	379	KR2k0060_WYG_030-23a
031.md	387	KR2k0060_WYG_030-23b
031.md	398	KR2k0060_WYG_030-24a
031.md	406	KR2k0060_WYG_030-24b
031.md	414	KR2k0060_WYG_030-25a
031.md	422	KR2k0060_WYG_030-25b
031.md	430	KR2k0060_WYG_030-26a
031.md	438	KR2k0060_WYG_030-26b
031.md	446	KR2k0060_WYG_030-27a
031.md	456	KR2k0060_WYG_030-27b
031.md	465	KR2k0060_WYG_030-28a
031.md	474	KR2k0060_WYG_030-28b
031.md	482	KR2k0060_WYG_030-29a
031.md	490	KR2k0060_WYG_030-29b
031.md	498	KR2k0060_WYG_030-30a
031.md	506	KR2k0060_WYG_030-30b
031.md	514	KR2k0060_WYG_030-31a
031.md	522	KR2k0060_WYG_030-31b
032.md	3	KR2k0060_WYG_031-1a
032.md	17	KR2k0060_WYG_031-1b
032.md	25	KR2k0060_WYG_031-2a
032.md	33	KR2k0060_WYG_031-2b
032.md	41	KR2k0060_WYG_031-3a
032.md	49	KR2k0060_WYG_031-3b
032.md	57	KR2k0060_WYG_031-4a
032.md	65	KR2k0060_WYG_031-4b
032.md	73	KR2k0060_WYG_031-5a
032.md	82	KR2k0060_WYG_031-5b
032.md	90	KR2k0060_WYG_031-6a
032.md	98	KR2k0060_WYG_031-6b
032.md	106	KR2k0060_WYG_031-7a
032.md	114	KR2k0060_WYG_031-7b
032.md	122	KR2k0060_WYG_031-8a
032.md	130	KR2k0060_WYG_031-8b
032.md	138	KR2k0060_WYG_031-9a
032.md	148	KR2k0060_WYG_031-9b
032.md	156	KR2k0060_WYG_031-10a
032.md	164	KR2k0060_WYG_031-10b
032.md	172	KR2k0060_WYG_031-11a
032.md	180	KR2k0060_WYG_031-11b
032.md	188	KR2k0060_WYG_031-12a
032.md	196	KR2k0060_WYG_031-12b
032.md	204	KR2k0060_WYG_031-13a
032.md	212	KR2k0060_WYG_031-13b
032.md	220	KR2k0060_WYG_031-14a
032.md	228	KR2k0060_WYG_031-14b
032.md	236	KR2k0060_WYG_031-15a
032.md	244	KR2k0060_WYG_031-15b
032.md	252	KR2k0060_WYG_031-16a
032.md	262	KR2k0060_WYG_031-16b
032.md	272	KR2k0060_WYG_031-17a
032.md	280	KR2k0060_WYG_031-17b
032.md	288	KR2k0060_WYG_031-18a
032.md	296	KR2k0060_WYG_031-18b
032.md	304	KR2k0060_WYG_031-19a
032.md	312	KR2k0060_WYG_031-19b
032.md	320	KR2k0060_WYG_031-20a
032.md	330	KR2k0060_WYG_031-20b
032.md	341	KR2k0060_WYG_031-21a
032.md	349	KR2k0060_WYG_031-21b
032.md	358	KR2k0060_WYG_031-22a
032.md	366	KR2k0060_WYG_031-22b
032.md	376	KR2k0060_WYG_031-23a
032.md	389	KR2k0060_WYG_031-23b
032.md	397	KR2k0060_WYG_031-24a
032.md	405	KR2k0060_WYG_031-24b
032.md	413	KR2k0060_WYG_031-25a
032.md	423	KR2k0060_WYG_031-25b
032.md	435	KR2k0060_WYG_031-26a
032.md	445	KR2k0060_WYG_031-26b
032.md	453	KR2k0060_WYG_031-27a
032.md	463	KR2k0060_WYG_031-27b
032.md	471	KR2k0060_WYG_031-28a
032.md	481	KR2k0060_WYG_031-28b
032.md	489	KR2k0060_WYG_031-29a
032.md	497	KR2k0060_WYG_031-29b
032.md	505	KR2k0060_WYG_031-30a
032.md	515	KR2k0060_WYG_031-30b
033.md	3	KR2k0060_WYG_032-1a
033.md	19	KR2k0060_WYG_032-1b
033.md	27	KR2k0060_WYG_032-2a
033.md	40	KR2k0060_WYG_032-2b
033.md	52	KR2k0060_WYG_032-3a
033.md	62	KR2k0060_WYG_032-3b
033.md	72	KR2k0060_WYG_032-4a
033.md	80	KR2k0060_WYG_032-4b
033.md	88	KR2k0060_WYG_032-5a
033.md	98	KR2k0060_WYG_032-5b
033.md	108	KR2k0060_WYG_032-6a
033.md	118	KR2k0060_WYG_032-6b
033.md	129	KR2k0060_WYG_032-7a
033.md	141	KR2k0060_WYG_032-7b
033.md	153	KR2k0060_WYG_032-8a
033.md	161	KR2k0060_WYG_032-8b
033.md	169	KR2k0060_WYG_032-9a
033.md	179	KR2k0060_WYG_032-9b
033.md	187	KR2k0060_WYG_032-10a
033.md	197	KR2k0060_WYG_032-10b
033.md	205	KR2k0060_WYG_032-11a
033.md	213	KR2k0060_WYG_032-11b
033.md	221	KR2k0060_WYG_032-12a
033.md	229	KR2k0060_WYG_032-12b
033.md	239	KR2k0060_WYG_032-13a
033.md	247	KR2k0060_WYG_032-13b
033.md	255	KR2k0060_WYG_032-14a
033.md	263	KR2k0060_WYG_032-14b
033.md	273	KR2k0060_WYG_032-15a
033.md	283	KR2k0060_WYG_032-15b
033.md	291	KR2k0060_WYG_032-16a
033.md	299	KR2k0060_WYG_032-16b
033.md	307	KR2k0060_WYG_032-17a
033.md	318	KR2k0060_WYG_032-17b
033.md	328	KR2k0060_WYG_032-18a
033.md	338	KR2k0060_WYG_032-18b
033.md	348	KR2k0060_WYG_032-19a
033.md	356	KR2k0060_WYG_032-19b
033.md	364	KR2k0060_WYG_032-20a
033.md	374	KR2k0060_WYG_032-20b
033.md	383	KR2k0060_WYG_032-21a
033.md	392	KR2k0060_WYG_032-21b
033.md	400	KR2k0060_WYG_032-22a
033.md	411	KR2k0060_WYG_032-22b
033.md	419	KR2k0060_WYG_032-23a
033.md	431	KR2k0060_WYG_032-23b
033.md	441	KR2k0060_WYG_032-24a
033.md	451	KR2k0060_WYG_032-24b
034.md	3	KR2k0060_WYG_033-1a
034.md	15	KR2k0060_WYG_033-1b
034.md	23	KR2k0060_WYG_033-2a
034.md	31	KR2k0060_WYG_033-2b
034.md	39	KR2k0060_WYG_033-3a
034.md	47	KR2k0060_WYG_033-3b
034.md	55	KR2k0060_WYG_033-4a
034.md	63	KR2k0060_WYG_033-4b
034.md	71	KR2k0060_WYG_033-5a
034.md	79	KR2k0060_WYG_033-5b
034.md	87	KR2k0060_WYG_033-6a
034.md	95	KR2k0060_WYG_033-6b
034.md	103	KR2k0060_WYG_033-7a
034.md	111	KR2k0060_WYG_033-7b
034.md	119	KR2k0060_WYG_033-8a
034.md	127	KR2k0060_WYG_033-8b
034.md	135	KR2k0060_WYG_033-9a
034.md	144	KR2k0060_WYG_033-9b
034.md	153	KR2k0060_WYG_033-10a
034.md	161	KR2k0060_WYG_033-10b
034.md	169	KR2k0060_WYG_033-11a
034.md	177	KR2k0060_WYG_033-11b
034.md	185	KR2k0060_WYG_033-12a
034.md	193	KR2k0060_WYG_033-12b
034.md	201	KR2k0060_WYG_033-13a
034.md	211	KR2k0060_WYG_033-13b
034.md	219	KR2k0060_WYG_033-14a
034.md	227	KR2k0060_WYG_033-14b
034.md	237	KR2k0060_WYG_033-15a
034.md	245	KR2k0060_WYG_033-15b
034.md	253	KR2k0060_WYG_033-16a
034.md	261	KR2k0060_WYG_033-16b
034.md	269	KR2k0060_WYG_033-17a
034.md	277	KR2k0060_WYG_033-17b
034.md	286	KR2k0060_WYG_033-18a
034.md	295	KR2k0060_WYG_033-18b
034.md	305	KR2k0060_WYG_033-19a
034.md	313	KR2k0060_WYG_033-19b
034.md	321	KR2k0060_WYG_033-20a
034.md	329	KR2k0060_WYG_033-20b
034.md	337	KR2k0060_WYG_033-21a
034.md	346	KR2k0060_WYG_033-21b
034.md	354	KR2k0060_WYG_033-22a
034.md	362	KR2k0060_WYG_033-22b
034.md	370	KR2k0060_WYG_033-23a
034.md	380	KR2k0060_WYG_033-23b
034.md	388	KR2k0060_WYG_033-24a
034.md	396	KR2k0060_WYG_033-24b
034.md	404	KR2k0060_WYG_033-25a
034.md	412	KR2k0060_WYG_033-25b
034.md	420	KR2k0060_WYG_033-26a
034.md	428	KR2k0060_WYG_033-26b
034.md	436	KR2k0060_WYG_033-27a
034.md	444	KR2k0060_WYG_033-27b
034.md	452	KR2k0060_WYG_033-28a
034.md	460	KR2k0060_WYG_033-28b
034.md	468	KR2k0060_WYG_033-29a
034.md	478	KR2k0060_WYG_033-29b
035.md	3	KR2k0060_WYG_034-1a
035.md	16	KR2k0060_WYG_034-1b
035.md	24	KR2k0060_WYG_034-2a
035.md	32	KR2k0060_WYG_034-2b
035.md	40	KR2k0060_WYG_034-3a
035.md	48	KR2k0060_WYG_034-3b
035.md	56	KR2k0060_WYG_034-4a
035.md	66	KR2k0060_WYG_034-4b
035.md	74	KR2k0060_WYG_034-5a
035.md	82	KR2k0060_WYG_034-5b
035.md	90	KR2k0060_WYG_034-6a
035.md	100	KR2k0060_WYG_034-6b
035.md	108	KR2k0060_WYG_034-7a
035.md	116	KR2k0060_WYG_034-7b
035.md	124	KR2k0060_WYG_034-8a
035.md	132	KR2k0060_WYG_034-8b
035.md	140	KR2k0060_WYG_034-9a
035.md	148	KR2k0060_WYG_034-9b
035.md	156	KR2k0060_WYG_034-10a
035.md	164	KR2k0060_WYG_034-10b
035.md	173	KR2k0060_WYG_034-11a
035.md	183	KR2k0060_WYG_034-11b
035.md	191	KR2k0060_WYG_034-12a
035.md	199	KR2k0060_WYG_034-12b
035.md	207	KR2k0060_WYG_034-13a
035.md	217	KR2k0060_WYG_034-13b
035.md	225	KR2k0060_WYG_034-14a
035.md	233	KR2k0060_WYG_034-14b
035.md	241	KR2k0060_WYG_034-15a
035.md	249	KR2k0060_WYG_034-15b
035.md	257	KR2k0060_WYG_034-16a
035.md	265	KR2k0060_WYG_034-16b
036.md	3	KR2k0060_WYG_035-1a
036.md	18	KR2k0060_WYG_035-1b
036.md	28	KR2k0060_WYG_035-2a
036.md	36	KR2k0060_WYG_035-2b
036.md	44	KR2k0060_WYG_035-3a
036.md	52	KR2k0060_WYG_035-3b
036.md	63	KR2k0060_WYG_035-4a
036.md	71	KR2k0060_WYG_035-4b
036.md	79	KR2k0060_WYG_035-5a
036.md	87	KR2k0060_WYG_035-5b
036.md	95	KR2k0060_WYG_035-6a
036.md	103	KR2k0060_WYG_035-6b
036.md	113	KR2k0060_WYG_035-7a
036.md	121	KR2k0060_WYG_035-7b
036.md	129	KR2k0060_WYG_035-8a
036.md	137	KR2k0060_WYG_035-8b
036.md	145	KR2k0060_WYG_035-9a
036.md	153	KR2k0060_WYG_035-9b
036.md	163	KR2k0060_WYG_035-10a
036.md	171	KR2k0060_WYG_035-10b
036.md	179	KR2k0060_WYG_035-11a
036.md	187	KR2k0060_WYG_035-11b
036.md	197	KR2k0060_WYG_035-12a
036.md	205	KR2k0060_WYG_035-12b
036.md	213	KR2k0060_WYG_035-13a
036.md	221	KR2k0060_WYG_035-13b
036.md	229	KR2k0060_WYG_035-14a
036.md	237	KR2k0060_WYG_035-14b
036.md	245	KR2k0060_WYG_035-15a
036.md	255	KR2k0060_WYG_035-15b
036.md	263	KR2k0060_WYG_035-16a
036.md	273	KR2k0060_WYG_035-16b
036.md	281	KR2k0060_WYG_035-17a
036.md	289	KR2k0060_WYG_035-17b
036.md	297	KR2k0060_WYG_035-18a
036.md	305	KR2k0060_WYG_035-18b
036.md	313	KR2k0060_WYG_035-19a
036.md	321	KR2k0060_WYG_035-19b
036.md	329	KR2k0060_WYG_035-20a
036.md	337	KR2k0060_WYG_035-20b
036.md	345	KR2k0060_WYG_035-21a
036.md	353	KR2k0060_WYG_035-21b
037.md	3	KR2k0060_WYG_036-1a
037.md	17	KR2k0060_WYG_036-1b
037.md	26	KR2k0060_WYG_036-2a
037.md	37	KR2k0060_WYG_036-2b
037.md	45	KR2k0060_WYG_036-3a
037.md	53	KR2k0060_WYG_036-3b
037.md	61	KR2k0060_WYG_036-4a
037.md	69	KR2k0060_WYG_036-4b
037.md	79	KR2k0060_WYG_036-5a
037.md	87	KR2k0060_WYG_036-5b
037.md	95	KR2k0060_WYG_036-6a
037.md	104	KR2k0060_WYG_036-6b
037.md	112	KR2k0060_WYG_036-7a
037.md	120	KR2k0060_WYG_036-7b
037.md	128	KR2k0060_WYG_036-8a
037.md	138	KR2k0060_WYG_036-8b
037.md	146	KR2k0060_WYG_036-9a
037.md	154	KR2k0060_WYG_036-9b
037.md	162	KR2k0060_WYG_036-10a
037.md	170	KR2k0060_WYG_036-10b
037.md	179	KR2k0060_WYG_036-11a
037.md	189	KR2k0060_WYG_036-11b
037.md	199	KR2k0060_WYG_036-12a
037.md	209	KR2k0060_WYG_036-12b
037.md	219	KR2k0060_WYG_036-13a
037.md	228	KR2k0060_WYG_036-13b
037.md	237	KR2k0060_WYG_036-14a
037.md	246	KR2k0060_WYG_036-14b
037.md	256	KR2k0060_WYG_036-15a
037.md	265	KR2k0060_WYG_036-15b
037.md	275	KR2k0060_WYG_036-16a
037.md	287	KR2k0060_WYG_036-16b
037.md	296	KR2k0060_WYG_036-17a
037.md	304	KR2k0060_WYG_036-17b
037.md	312	KR2k0060_WYG_036-18a
037.md	320	KR2k0060_WYG_036-18b
037.md	330	KR2k0060_WYG_036-19a
037.md	340	KR2k0060_WYG_036-19b
037.md	350	KR2k0060_WYG_036-20a
037.md	358	KR2k0060_WYG_036-20b
037.md	366	KR2k0060_WYG_036-21a
037.md	374	KR2k0060_WYG_036-21b
037.md	382	KR2k0060_WYG_036-22a
037.md	390	KR2k0060_WYG_036-22b
037.md	398	KR2k0060_WYG_036-23a
037.md	406	KR2k0060_WYG_036-23b
037.md	414	KR2k0060_WYG_036-24a
037.md	422	KR2k0060_WYG_036-24b
037.md	430	KR2k0060_WYG_036-25a
037.md	438	KR2k0060_WYG_036-25b
037.md	446	KR2k0060_WYG_036-26a
037.md	454	KR2k0060_WYG_036-26b
037.md	462	KR2k0060_WYG_036-27a
037.md	470	KR2k0060_WYG_036-27b
037.md	478	KR2k0060_WYG_036-28a
037.md	486	KR2k0060_WYG_036-28b
037.md	494	KR2k0060_WYG_036-29a
037.md	502	KR2k0060_WYG_036-29b
037.md	510	KR2k0060_WYG_036-30a
037.md	518	KR2k0060_WYG_036-30b
037.md	526	KR2k0060_WYG_036-31a
037.md	534	KR2k0060_WYG_036-31b
037.md	542	KR2k0060_WYG_036-32a
037.md	550	KR2k0060_WYG_036-32b
037.md	558	KR2k0060_WYG_036-33a
037.md	566	KR2k0060_WYG_036-33b
037.md	574	KR2k0060_WYG_036-34a
037.md	582	KR2k0060_WYG_036-34b
037.md	590	KR2k0060_WYG_036-35a
037.md	598	KR2k0060_WYG_036-35b
037.md	606	KR2k0060_WYG_036-36a
037.md	614	KR2k0060_WYG_036-36b
037.md	622	KR2k0060_WYG_036-37a
037.md	630	KR2k0060_WYG_036-37b
037.md	638	KR2k0060_WYG_036-38a
037.md	646	KR2k0060_WYG_036-38b
038.md	3	KR2k0060_WYG_037-1a
038.md	19	KR2k0060_WYG_037-1b
038.md	29	KR2k0060_WYG_037-2a
038.md	39	KR2k0060_WYG_037-2b
038.md	47	KR2k0060_WYG_037-3a
038.md	57	KR2k0060_WYG_037-3b
038.md	65	KR2k0060_WYG_037-4a
038.md	73	KR2k0060_WYG_037-4b
038.md	83	KR2k0060_WYG_037-5a
038.md	91	KR2k0060_WYG_037-5b
038.md	101	KR2k0060_WYG_037-6a
038.md	110	KR2k0060_WYG_037-6b
038.md	119	KR2k0060_WYG_037-7a
038.md	127	KR2k0060_WYG_037-7b
038.md	135	KR2k0060_WYG_037-8a
038.md	143	KR2k0060_WYG_037-8b
038.md	151	KR2k0060_WYG_037-9a
038.md	159	KR2k0060_WYG_037-9b
038.md	167	KR2k0060_WYG_037-10a
038.md	175	KR2k0060_WYG_037-10b
038.md	183	KR2k0060_WYG_037-11a
038.md	191	KR2k0060_WYG_037-11b
038.md	201	KR2k0060_WYG_037-12a
038.md	209	KR2k0060_WYG_037-12b
038.md	217	KR2k0060_WYG_037-13a
038.md	227	KR2k0060_WYG_037-13b
038.md	235	KR2k0060_WYG_037-14a
038.md	243	KR2k0060_WYG_037-14b
038.md	251	KR2k0060_WYG_037-15a
038.md	259	KR2k0060_WYG_037-15b
038.md	267	KR2k0060_WYG_037-16a
038.md	275	KR2k0060_WYG_037-16b
038.md	285	KR2k0060_WYG_037-17a
038.md	293	KR2k0060_WYG_037-17b
038.md	303	KR2k0060_WYG_037-18a
038.md	316	KR2k0060_WYG_037-18b
038.md	327	KR2k0060_WYG_037-19a
038.md	337	KR2k0060_WYG_037-19b
038.md	345	KR2k0060_WYG_037-20a
038.md	353	KR2k0060_WYG_037-20b
038.md	363	KR2k0060_WYG_037-21a
038.md	374	KR2k0060_WYG_037-21b
038.md	382	KR2k0060_WYG_037-22a
038.md	390	KR2k0060_WYG_037-22b
038.md	399	KR2k0060_WYG_037-23a
038.md	407	KR2k0060_WYG_037-23b
038.md	415	KR2k0060_WYG_037-24a
038.md	423	KR2k0060_WYG_037-24b
038.md	431	KR2k0060_WYG_037-25a
038.md	439	KR2k0060_WYG_037-25b
038.md	447	KR2k0060_WYG_037-26a
038.md	455	KR2k0060_WYG_037-26b
038.md	465	KR2k0060_WYG_037-27a
038.md	473	KR2k0060_WYG_037-27b
038.md	481	KR2k0060_WYG_037-28a
038.md	489	KR2k0060_WYG_037-28b
038.md	498	KR2k0060_WYG_037-29a
038.md	511	KR2k0060_WYG_037-29b
038.md	519	KR2k0060_WYG_037-30a
038.md	527	KR2k0060_WYG_037-30b
038.md	538	KR2k0060_WYG_037-31a
038.md	547	KR2k0060_WYG_037-31b
038.md	555	KR2k0060_WYG_037-32a
038.md	563	KR2k0060_WYG_037-32b
038.md	571	KR2k0060_WYG_037-33a
038.md	579	KR2k0060_WYG_037-33b
038.md	587	KR2k0060_WYG_037-34a
038.md	595	KR2k0060_WYG_037-34b
039.md	3	KR2k0060_WYG_038-1a
039.md	17	KR2k0060_WYG_038-1b
039.md	27	KR2k0060_WYG_038-2a
039.md	37	KR2k0060_WYG_038-2b
039.md	45	KR2k0060_WYG_038-3a
039.md	55	KR2k0060_WYG_038-3b
039.md	67	KR2k0060_WYG_038-4a
039.md	75	KR2k0060_WYG_038-4b
039.md	86	KR2k0060_WYG_038-5a
039.md	96	KR2k0060_WYG_038-5b
039.md	108	KR2k0060_WYG_038-6a
039.md	116	KR2k0060_WYG_038-6b
039.md	124	KR2k0060_WYG_038-7a
039.md	132	KR2k0060_WYG_038-7b
039.md	140	KR2k0060_WYG_038-8a
039.md	148	KR2k0060_WYG_038-8b
039.md	156	KR2k0060_WYG_038-9a
039.md	164	KR2k0060_WYG_038-9b
039.md	172	KR2k0060_WYG_038-10a
039.md	182	KR2k0060_WYG_038-10b
039.md	190	KR2k0060_WYG_038-11a
039.md	198	KR2k0060_WYG_038-11b
039.md	206	KR2k0060_WYG_038-12a
039.md	215	KR2k0060_WYG_038-12b
039.md	226	KR2k0060_WYG_038-13a
039.md	234	KR2k0060_WYG_038-13b
039.md	242	KR2k0060_WYG_038-14a
039.md	250	KR2k0060_WYG_038-14b
039.md	259	KR2k0060_WYG_038-15a
039.md	268	KR2k0060_WYG_038-15b
039.md	278	KR2k0060_WYG_038-16a
039.md	286	KR2k0060_WYG_038-16b
039.md	294	KR2k0060_WYG_038-17a
039.md	302	KR2k0060_WYG_038-17b
039.md	310	KR2k0060_WYG_038-18a
039.md	319	KR2k0060_WYG_038-18b
039.md	328	KR2k0060_WYG_038-19a
039.md	336	KR2k0060_WYG_038-19b
039.md	346	KR2k0060_WYG_038-20a
039.md	354	KR2k0060_WYG_038-20b
039.md	362	KR2k0060_WYG_038-21a
039.md	370	KR2k0060_WYG_038-21b
039.md	379	KR2k0060_WYG_038-22a
039.md	388	KR2k0060_WYG_038-22b
039.md	396	KR2k0060_WYG_038-23a
039.md	404	KR2k0060_WYG_038-23b
039.md	413	KR2k0060_WYG_038-24a
039.md	422	KR2k0060_WYG_038-24b
039.md	430	KR2k0060_WYG_038-25a
039.md	439	KR2k0060_WYG_038-25b
039.md	449	KR2k0060_WYG_038-26a
039.md	459	KR2k0060_WYG_038-26b
039.md	467	KR2k0060_WYG_038-27a
039.md	475	KR2k0060_WYG_038-27b
039.md	483	KR2k0060_WYG_038-28a
039.md	491	KR2k0060_WYG_038-28b
039.md	499	KR2k0060_WYG_038-29a
039.md	507	KR2k0060_WYG_038-29b
039.md	515	KR2k0060_WYG_038-30a
039.md	523	KR2k0060_WYG_038-30b
039.md	531	KR2k0060_WYG_038-31a
039.md	539	KR2k0060_WYG_038-31b
039.md	547	KR2k0060_WYG_038-32a
039.md	557	KR2k0060_WYG_038-32b
039.md	565	KR2k0060_WYG_038-33a
039.md	573	KR2k0060_WYG_038-33b
040.md	3	KR2k0060_WYG_039-1a
040.md	17	KR2k0060_WYG_039-1b
040.md	25	KR2k0060_WYG_039-2a
040.md	33	KR2k0060_WYG_039-2b
040.md	41	KR2k0060_WYG_039-3a
040.md	49	KR2k0060_WYG_039-3b
040.md	59	KR2k0060_WYG_039-4a
040.md	68	KR2k0060_WYG_039-4b
040.md	79	KR2k0060_WYG_039-5a
040.md	91	KR2k0060_WYG_039-5b
040.md	99	KR2k0060_WYG_039-6a
040.md	109	KR2k0060_WYG_039-6b
040.md	120	KR2k0060_WYG_039-7a
040.md	130	KR2k0060_WYG_039-7b
040.md	138	KR2k0060_WYG_039-8a
040.md	146	KR2k0060_WYG_039-8b
040.md	154	KR2k0060_WYG_039-9a
040.md	162	KR2k0060_WYG_039-9b
040.md	172	KR2k0060_WYG_039-10a
040.md	182	KR2k0060_WYG_039-10b
040.md	194	KR2k0060_WYG_039-11a
040.md	205	KR2k0060_WYG_039-11b
040.md	216	KR2k0060_WYG_039-12a
040.md	224	KR2k0060_WYG_039-12b
040.md	233	KR2k0060_WYG_039-13a
040.md	245	KR2k0060_WYG_039-13b
040.md	257	KR2k0060_WYG_039-14a
040.md	269	KR2k0060_WYG_039-14b
040.md	279	KR2k0060_WYG_039-15a
040.md	287	KR2k0060_WYG_039-15b
040.md	297	KR2k0060_WYG_039-16a
040.md	308	KR2k0060_WYG_039-16b
040.md	319	KR2k0060_WYG_039-17a
040.md	327	KR2k0060_WYG_039-17b
040.md	335	KR2k0060_WYG_039-18a
040.md	343	KR2k0060_WYG_039-18b
040.md	351	KR2k0060_WYG_039-19a
040.md	359	KR2k0060_WYG_039-19b
040.md	367	KR2k0060_WYG_039-20a
040.md	375	KR2k0060_WYG_039-20b
040.md	383	KR2k0060_WYG_039-21a
040.md	391	KR2k0060_WYG_039-21b
040.md	399	KR2k0060_WYG_039-22a
040.md	407	KR2k0060_WYG_039-22b
040.md	417	KR2k0060_WYG_039-23a
040.md	425	KR2k0060_WYG_039-23b
040.md	437	KR2k0060_WYG_039-24a
040.md	445	KR2k0060_WYG_039-24b
040.md	453	KR2k0060_WYG_039-25a
040.md	461	KR2k0060_WYG_039-25b
040.md	469	KR2k0060_WYG_039-26a
040.md	477	KR2k0060_WYG_039-26b
040.md	485	KR2k0060_WYG_039-27a
040.md	493	KR2k0060_WYG_039-27b
040.md	501	KR2k0060_WYG_039-28a
040.md	509	KR2k0060_WYG_039-28b
040.md	517	KR2k0060_WYG_039-29a
040.md	525	KR2k0060_WYG_039-29b
041.md	3	KR2k0060_WYG_040-1a
041.md	16	KR2k0060_WYG_040-1b
041.md	24	KR2k0060_WYG_040-2a
041.md	33	KR2k0060_WYG_040-2b
041.md	41	KR2k0060_WYG_040-3a
041.md	49	KR2k0060_WYG_040-3b
041.md	57	KR2k0060_WYG_040-4a
041.md	65	KR2k0060_WYG_040-4b
041.md	73	KR2k0060_WYG_040-5a
041.md	81	KR2k0060_WYG_040-5b
041.md	91	KR2k0060_WYG_040-6a
041.md	99	KR2k0060_WYG_040-6b
041.md	107	KR2k0060_WYG_040-7a
041.md	115	KR2k0060_WYG_040-7b
041.md	123	KR2k0060_WYG_040-8a
041.md	131	KR2k0060_WYG_040-8b
041.md	139	KR2k0060_WYG_040-9a
041.md	147	KR2k0060_WYG_040-9b
041.md	155	KR2k0060_WYG_040-10a
041.md	163	KR2k0060_WYG_040-10b
041.md	171	KR2k0060_WYG_040-11a
041.md	179	KR2k0060_WYG_040-11b
041.md	187	KR2k0060_WYG_040-12a
041.md	195	KR2k0060_WYG_040-12b
041.md	203	KR2k0060_WYG_040-13a
041.md	211	KR2k0060_WYG_040-13b
041.md	219	KR2k0060_WYG_040-14a
041.md	227	KR2k0060_WYG_040-14b
041.md	235	KR2k0060_WYG_040-15a
041.md	243	KR2k0060_WYG_040-15b
041.md	251	KR2k0060_WYG_040-16a
041.md	259	KR2k0060_WYG_040-16b
041.md	267	KR2k0060_WYG_040-17a
041.md	275	KR2k0060_WYG_040-17b
041.md	283	KR2k0060_WYG_040-18a
041.md	291	KR2k0060_WYG_040-18b
041.md	299	KR2k0060_WYG_040-19a
041.md	307	KR2k0060_WYG_040-19b
041.md	315	KR2k0060_WYG_040-20a
041.md	323	KR2k0060_WYG_040-20b
041.md	331	KR2k0060_WYG_040-21a
041.md	339	KR2k0060_WYG_040-21b
041.md	347	KR2k0060_WYG_040-22a
041.md	355	KR2k0060_WYG_040-22b
041.md	363	KR2k0060_WYG_040-23a
041.md	371	KR2k0060_WYG_040-23b
041.md	379	KR2k0060_WYG_040-24a
041.md	387	KR2k0060_WYG_040-24b
041.md	395	KR2k0060_WYG_040-25a
041.md	403	KR2k0060_WYG_040-25b
041.md	411	KR2k0060_WYG_040-26a
041.md	419	KR2k0060_WYG_040-26b
041.md	428	KR2k0060_WYG_040-27a
041.md	439	KR2k0060_WYG_040-27b
041.md	449	KR2k0060_WYG_040-28a
041.md	457	KR2k0060_WYG_040-28b
041.md	465	KR2k0060_WYG_040-29a
041.md	475	KR2k0060_WYG_040-29b
041.md	483	KR2k0060_WYG_040-30a
041.md	491	KR2k0060_WYG_040-30b
041.md	499	KR2k0060_WYG_040-31a
041.md	507	KR2k0060_WYG_040-31b
041.md	519	KR2k0060_WYG_040-32a
041.md	531	KR2k0060_WYG_040-32b
041.md	544	KR2k0060_WYG_040-33a
041.md	554	KR2k0060_WYG_040-33b
041.md	564	KR2k0060_WYG_040-34a
041.md	574	KR2k0060_WYG_040-34b
041.md	586	KR2k0060_WYG_040-35a
041.md	594	KR2k0060_WYG_040-35b
041.md	602	KR2k0060_WYG_040-36a
041.md	610	KR2k0060_WYG_040-36b
041.md	620	KR2k0060_WYG_040-37a
041.md	630	KR2k0060_WYG_040-37b
041.md	638	KR2k0060_WYG_040-38a
041.md	648	KR2k0060_WYG_040-38b
041.md	656	KR2k0060_WYG_040-39a
041.md	664	KR2k0060_WYG_040-39b
041.md	672	KR2k0060_WYG_040-40a
041.md	680	KR2k0060_WYG_040-40b
041.md	691	KR2k0060_WYG_040-41a
041.md	703	KR2k0060_WYG_040-41b
041.md	712	KR2k0060_WYG_040-42a
041.md	723	KR2k0060_WYG_040-42b
041.md	733	KR2k0060_WYG_040-43a
041.md	741	KR2k0060_WYG_040-43b
041.md	751	KR2k0060_WYG_040-44a
041.md	759	KR2k0060_WYG_040-44b
041.md	768	KR2k0060_WYG_040-45a
041.md	779	KR2k0060_WYG_040-45b
041.md	789	KR2k0060_WYG_040-46a
041.md	798	KR2k0060_WYG_040-46b
041.md	806	KR2k0060_WYG_040-47a
041.md	815	KR2k0060_WYG_040-47b
042.md	3	KR2k0060_WYG_041-1a
042.md	17	KR2k0060_WYG_041-1b
042.md	29	KR2k0060_WYG_041-2a
042.md	40	KR2k0060_WYG_041-2b
042.md	51	KR2k0060_WYG_041-3a
042.md	62	KR2k0060_WYG_041-3b
042.md	70	KR2k0060_WYG_041-4a
042.md	78	KR2k0060_WYG_041-4b
042.md	89	KR2k0060_WYG_041-5a
042.md	100	KR2k0060_WYG_041-5b
042.md	109	KR2k0060_WYG_041-6a
042.md	120	KR2k0060_WYG_041-6b
042.md	129	KR2k0060_WYG_041-7a
042.md	137	KR2k0060_WYG_041-7b
042.md	145	KR2k0060_WYG_041-8a
042.md	154	KR2k0060_WYG_041-8b
042.md	164	KR2k0060_WYG_041-9a
042.md	172	KR2k0060_WYG_041-9b
042.md	181	KR2k0060_WYG_041-10a
042.md	189	KR2k0060_WYG_041-10b
042.md	199	KR2k0060_WYG_041-11a
042.md	207	KR2k0060_WYG_041-11b
042.md	215	KR2k0060_WYG_041-12a
042.md	223	KR2k0060_WYG_041-12b
042.md	232	KR2k0060_WYG_041-13a
042.md	241	KR2k0060_WYG_041-13b
042.md	249	KR2k0060_WYG_041-14a
042.md	257	KR2k0060_WYG_041-14b
042.md	265	KR2k0060_WYG_041-15a
042.md	273	KR2k0060_WYG_041-15b
042.md	281	KR2k0060_WYG_041-16a
042.md	289	KR2k0060_WYG_041-16b
042.md	298	KR2k0060_WYG_041-17a
042.md	306	KR2k0060_WYG_041-17b
042.md	314	KR2k0060_WYG_041-18a
042.md	322	KR2k0060_WYG_041-18b
042.md	330	KR2k0060_WYG_041-19a
042.md	339	KR2k0060_WYG_041-19b
042.md	348	KR2k0060_WYG_041-20a
042.md	357	KR2k0060_WYG_041-20b
042.md	366	KR2k0060_WYG_041-21a
042.md	375	KR2k0060_WYG_041-21b
042.md	383	KR2k0060_WYG_041-22a
042.md	394	KR2k0060_WYG_041-22b
043.md	3	KR2k0060_WYG_042-1a
043.md	14	KR2k0060_WYG_042-1b
043.md	22	KR2k0060_WYG_042-2a
043.md	31	KR2k0060_WYG_042-2b
043.md	40	KR2k0060_WYG_042-3a
043.md	49	KR2k0060_WYG_042-3b
043.md	57	KR2k0060_WYG_042-4a
043.md	65	KR2k0060_WYG_042-4b
043.md	73	KR2k0060_WYG_042-5a
043.md	81	KR2k0060_WYG_042-5b
043.md	89	KR2k0060_WYG_042-6a
043.md	98	KR2k0060_WYG_042-6b
043.md	106	KR2k0060_WYG_042-7a
043.md	114	KR2k0060_WYG_042-7b
043.md	123	KR2k0060_WYG_042-8a
043.md	131	KR2k0060_WYG_042-8b
043.md	139	KR2k0060_WYG_042-9a
043.md	147	KR2k0060_WYG_042-9b
043.md	156	KR2k0060_WYG_042-10a
043.md	164	KR2k0060_WYG_042-10b
043.md	174	KR2k0060_WYG_042-11a
043.md	183	KR2k0060_WYG_042-11b
043.md	191	KR2k0060_WYG_042-12a
043.md	199	KR2k0060_WYG_042-12b
043.md	207	KR2k0060_WYG_042-13a
043.md	215	KR2k0060_WYG_042-13b
043.md	223	KR2k0060_WYG_042-14a
043.md	231	KR2k0060_WYG_042-14b
043.md	239	KR2k0060_WYG_042-15a
043.md	247	KR2k0060_WYG_042-15b
043.md	255	KR2k0060_WYG_042-16a
043.md	263	KR2k0060_WYG_042-16b
043.md	272	KR2k0060_WYG_042-17a
043.md	280	KR2k0060_WYG_042-17b
043.md	288	KR2k0060_WYG_042-18a
043.md	298	KR2k0060_WYG_042-18b
043.md	306	KR2k0060_WYG_042-19a
043.md	314	KR2k0060_WYG_042-19b
043.md	322	KR2k0060_WYG_042-20a
043.md	330	KR2k0060_WYG_042-20b
043.md	339	KR2k0060_WYG_042-21a
043.md	347	KR2k0060_WYG_042-21b
043.md	356	KR2k0060_WYG_042-22a
043.md	364	KR2k0060_WYG_042-22b
043.md	372	KR2k0060_WYG_042-23a
043.md	381	KR2k0060_WYG_042-23b
043.md	390	KR2k0060_WYG_042-24a
043.md	400	KR2k0060_WYG_042-24b
043.md	409	KR2k0060_WYG_042-25a
043.md	417	KR2k0060_WYG_042-25b
043.md	425	KR2k0060_WYG_042-26a
043.md	433	KR2k0060_WYG_042-26b
043.md	442	KR2k0060_WYG_042-27a
043.md	450	KR2k0060_WYG_042-27b
043.md	459	KR2k0060_WYG_042-28a
043.md	468	KR2k0060_WYG_042-28b
043.md	476	KR2k0060_WYG_042-29a
043.md	484	KR2k0060_WYG_042-29b
043.md	496	KR2k0060_WYG_042-30a
043.md	504	KR2k0060_WYG_042-30b
044.md	3	KR2k0060_WYG_043-1a
044.md	19	KR2k0060_WYG_043-1b
044.md	33	KR2k0060_WYG_043-2a
044.md	45	KR2k0060_WYG_043-2b
044.md	57	KR2k0060_WYG_043-3a
044.md	72	KR2k0060_WYG_043-3b
044.md	88	KR2k0060_WYG_043-4a
044.md	103	KR2k0060_WYG_043-4b
044.md	114	KR2k0060_WYG_043-5a
044.md	128	KR2k0060_WYG_043-5b
044.md	140	KR2k0060_WYG_043-6a
044.md	152	KR2k0060_WYG_043-6b
044.md	166	KR2k0060_WYG_043-7a
044.md	182	KR2k0060_WYG_043-7b
044.md	196	KR2k0060_WYG_043-8a
044.md	212	KR2k0060_WYG_043-8b
044.md	226	KR2k0060_WYG_043-9a
044.md	241	KR2k0060_WYG_043-9b
044.md	255	KR2k0060_WYG_043-10a
044.md	270	KR2k0060_WYG_043-10b
044.md	284	KR2k0060_WYG_043-11a
044.md	299	KR2k0060_WYG_043-11b
044.md	314	KR2k0060_WYG_043-12a
044.md	329	KR2k0060_WYG_043-12b
044.md	344	KR2k0060_WYG_043-13a
044.md	359	KR2k0060_WYG_043-13b
044.md	371	KR2k0060_WYG_043-14a
044.md	382	KR2k0060_WYG_043-14b
044.md	396	KR2k0060_WYG_043-15a
044.md	412	KR2k0060_WYG_043-15b
044.md	426	KR2k0060_WYG_043-16a
044.md	440	KR2k0060_WYG_043-16b
044.md	454	KR2k0060_WYG_043-17a
044.md	468	KR2k0060_WYG_043-17b
044.md	483	KR2k0060_WYG_043-18a
044.md	499	KR2k0060_WYG_043-18b
044.md	514	KR2k0060_WYG_043-19a
044.md	529	KR2k0060_WYG_043-19b
044.md	545	KR2k0060_WYG_043-20a
044.md	561	KR2k0060_WYG_043-20b
044.md	576	KR2k0060_WYG_043-21a
044.md	592	KR2k0060_WYG_043-21b
044.md	605	KR2k0060_WYG_043-22a
044.md	621	KR2k0060_WYG_043-22b
044.md	636	KR2k0060_WYG_043-23a
044.md	651	KR2k0060_WYG_043-23b
044.md	666	KR2k0060_WYG_043-24a
044.md	681	KR2k0060_WYG_043-24b
044.md	694	KR2k0060_WYG_043-25a
044.md	703	KR2k0060_WYG_043-25b
044.md	719	KR2k0060_WYG_043-26a
044.md	733	KR2k0060_WYG_043-26b
044.md	749	KR2k0060_WYG_043-27a
044.md	763	KR2k0060_WYG_043-27b
044.md	779	KR2k0060_WYG_043-28a
044.md	795	KR2k0060_WYG_043-28b
044.md	811	KR2k0060_WYG_043-29a
044.md	827	KR2k0060_WYG_043-29b
044.md	842	KR2k0060_WYG_043-30a
044.md	858	KR2k0060_WYG_043-30b
044.md	870	KR2k0060_WYG_043-31a
044.md	874	KR2k0060_WYG_043-31b
044.md	890	KR2k0060_WYG_043-32a
044.md	903	KR2k0060_WYG_043-32b
044.md	916	KR2k0060_WYG_043-33a
044.md	928	KR2k0060_WYG_043-33b
044.md	939	KR2k0060_WYG_043-34a
044.md	951	KR2k0060_WYG_043-34b
044.md	967	KR2k0060_WYG_043-35a
044.md	982	KR2k0060_WYG_043-35b
044.md	997	KR2k0060_WYG_043-36a
044.md	1012	KR2k0060_WYG_043-36b
044.md	1026	KR2k0060_WYG_043-37a
044.md	1040	KR2k0060_WYG_043-37b
044.md	1054	KR2k0060_WYG_043-38a
044.md	1070	KR2k0060_WYG_043-38b
044.md	1082	KR2k0060_WYG_043-39a
044.md	1096	KR2k0060_WYG_043-39b
044.md	1111	KR2k0060_WYG_043-40a
044.md	1126	KR2k0060_WYG_043-40b
044.md	1142	KR2k0060_WYG_043-41a
044.md	1158	KR2k0060_WYG_043-41b
044.md	1173	KR2k0060_WYG_043-42a
044.md	1188	KR2k0060_WYG_043-42b
044.md	1204	KR2k0060_WYG_043-43a
044.md	1216	KR2k0060_WYG_043-43b
044.md	1229	KR2k0060_WYG_043-44a
044.md	1243	KR2k0060_WYG_043-44b
044.md	1256	KR2k0060_WYG_043-45a
044.md	1272	KR2k0060_WYG_043-45b
044.md	1287	KR2k0060_WYG_043-46a
044.md	1299	KR2k0060_WYG_043-46b
044.md	1315	KR2k0060_WYG_043-47a
044.md	1330	KR2k0060_WYG_043-47b
044.md	1345	KR2k0060_WYG_043-48a
044.md	1358	KR2k0060_WYG_043-48b
044.md	1374	KR2k0060_WYG_043-49a
044.md	1388	KR2k0060_WYG_043-49b
044.md	1404	KR2k0060_WYG_043-50a
044.md	1420	KR2k0060_WYG_043-50b
044.md	1436	KR2k0060_WYG_043-51a
044.md	1448	KR2k0060_WYG_043-51b
044.md	1463	KR2k0060_WYG_043-52a
044.md	1479	KR2k0060_WYG_043-52b
044.md	1492	KR2k0060_WYG_043-53a
044.md	1505	KR2k0060_WYG_043-53b
044.md	1521	KR2k0060_WYG_043-54a
044.md	1537	KR2k0060_WYG_043-54b
044.md	1549	KR2k0060_WYG_043-55a
044.md	1558	KR2k0060_WYG_043-55b
045.md	3	KR2k0060_WYG_044-1a
045.md	18	KR2k0060_WYG_044-1b
045.md	29	KR2k0060_WYG_044-2a
045.md	45	KR2k0060_WYG_044-2b
045.md	59	KR2k0060_WYG_044-3a
045.md	70	KR2k0060_WYG_044-3b
045.md	83	KR2k0060_WYG_044-4a
045.md	99	KR2k0060_WYG_044-4b
045.md	115	KR2k0060_WYG_044-5a
045.md	131	KR2k0060_WYG_044-5b
045.md	144	KR2k0060_WYG_044-6a
045.md	159	KR2k0060_WYG_044-6b
045.md	171	KR2k0060_WYG_044-7a
045.md	184	KR2k0060_WYG_044-7b
045.md	199	KR2k0060_WYG_044-8a
045.md	215	KR2k0060_WYG_044-8b
045.md	230	KR2k0060_WYG_044-9a
045.md	245	KR2k0060_WYG_044-9b
045.md	258	KR2k0060_WYG_044-10a
045.md	271	KR2k0060_WYG_044-10b
045.md	286	KR2k0060_WYG_044-11a
045.md	298	KR2k0060_WYG_044-11b
045.md	308	KR2k0060_WYG_044-12a
045.md	324	KR2k0060_WYG_044-12b
045.md	339	KR2k0060_WYG_044-13a
045.md	355	KR2k0060_WYG_044-13b
045.md	369	KR2k0060_WYG_044-14a
045.md	384	KR2k0060_WYG_044-14b
045.md	400	KR2k0060_WYG_044-15a
045.md	416	KR2k0060_WYG_044-15b
045.md	430	KR2k0060_WYG_044-16a
045.md	444	KR2k0060_WYG_044-16b
045.md	459	KR2k0060_WYG_044-17a
045.md	472	KR2k0060_WYG_044-17b
045.md	487	KR2k0060_WYG_044-18a
045.md	503	KR2k0060_WYG_044-18b
045.md	516	KR2k0060_WYG_044-19a
045.md	528	KR2k0060_WYG_044-19b
045.md	542	KR2k0060_WYG_044-20a
045.md	558	KR2k0060_WYG_044-20b
045.md	574	KR2k0060_WYG_044-21a
045.md	589	KR2k0060_WYG_044-21b
045.md	605	KR2k0060_WYG_044-22a
045.md	618	KR2k0060_WYG_044-22b
045.md	632	KR2k0060_WYG_044-23a
045.md	647	KR2k0060_WYG_044-23b
045.md	663	KR2k0060_WYG_044-24a
045.md	679	KR2k0060_WYG_044-24b
045.md	695	KR2k0060_WYG_044-25a
045.md	709	KR2k0060_WYG_044-25b
045.md	724	KR2k0060_WYG_044-26a
045.md	738	KR2k0060_WYG_044-26b
045.md	754	KR2k0060_WYG_044-27a
045.md	770	KR2k0060_WYG_044-27b
045.md	783	KR2k0060_WYG_044-28a
045.md	799	KR2k0060_WYG_044-28b
045.md	814	KR2k0060_WYG_044-29a
045.md	823	KR2k0060_WYG_044-29b
045.md	836	KR2k0060_WYG_044-30a
045.md	848	KR2k0060_WYG_044-30b
045.md	858	KR2k0060_WYG_044-31a
045.md	873	KR2k0060_WYG_044-31b
045.md	889	KR2k0060_WYG_044-32a
045.md	905	KR2k0060_WYG_044-32b
045.md	920	KR2k0060_WYG_044-33a
045.md	936	KR2k0060_WYG_044-33b
045.md	948	KR2k0060_WYG_044-34a
045.md	960	KR2k0060_WYG_044-34b
045.md	970	KR2k0060_WYG_044-35a
045.md	980	KR2k0060_WYG_044-35b
045.md	992	KR2k0060_WYG_044-36a
045.md	1008	KR2k0060_WYG_044-36b
045.md	1022	KR2k0060_WYG_044-37a
045.md	1037	KR2k0060_WYG_044-37b
045.md	1049	KR2k0060_WYG_044-38a
045.md	1065	KR2k0060_WYG_044-38b
045.md	1080	KR2k0060_WYG_044-39a
045.md	1095	KR2k0060_WYG_044-39b
045.md	1111	KR2k0060_WYG_044-40a
045.md	1125	KR2k0060_WYG_044-40b
045.md	1140	KR2k0060_WYG_044-41a
045.md	1156	KR2k0060_WYG_044-41b
045.md	1166	KR2k0060_WYG_044-42a
045.md	1176	KR2k0060_WYG_044-42b
045.md	1192	KR2k0060_WYG_044-43a
045.md	1206	KR2k0060_WYG_044-43b
045.md	1222	KR2k0060_WYG_044-44a
045.md	1238	KR2k0060_WYG_044-44b
045.md	1254	KR2k0060_WYG_044-45a
045.md	1270	KR2k0060_WYG_044-45b
045.md	1282	KR2k0060_WYG_044-46a
045.md	1293	KR2k0060_WYG_044-46b
045.md	1302	KR2k0060_WYG_044-47a
045.md	1314	KR2k0060_WYG_044-47b
045.md	1326	KR2k0060_WYG_044-48a
045.md	1339	KR2k0060_WYG_044-48b
045.md	1353	KR2k0060_WYG_044-49a
045.md	1367	KR2k0060_WYG_044-49b
045.md	1381	KR2k0060_WYG_044-50a
045.md	1396	KR2k0060_WYG_044-50b
045.md	1412	KR2k0060_WYG_044-51a
045.md	1428	KR2k0060_WYG_044-51b
045.md	1440	KR2k0060_WYG_044-52a
045.md	1455	KR2k0060_WYG_044-52b
045.md	1471	KR2k0060_WYG_044-53a
045.md	1486	KR2k0060_WYG_044-53b
045.md	1501	KR2k0060_WYG_044-54a
045.md	1515	KR2k0060_WYG_044-54b
045.md	1530	KR2k0060_WYG_044-55a
045.md	1545	KR2k0060_WYG_044-55b
045.md	1560	KR2k0060_WYG_044-56a
045.md	1572	KR2k0060_WYG_044-56b
045.md	1585	KR2k0060_WYG_044-57a
045.md	1600	KR2k0060_WYG_044-57b
045.md	1614	KR2k0060_WYG_044-58a
045.md	1629	KR2k0060_WYG_044-58b
045.md	1644	KR2k0060_WYG_044-59a
045.md	1660	KR2k0060_WYG_044-59b
045.md	1675	KR2k0060_WYG_044-60a
045.md	1691	KR2k0060_WYG_044-60b
045.md	1705	KR2k0060_WYG_044-61a
045.md	1720	KR2k0060_WYG_044-61b
045.md	1736	KR2k0060_WYG_044-62a
045.md	1751	KR2k0060_WYG_044-62b
045.md	1766	KR2k0060_WYG_044-63a
045.md	1782	KR2k0060_WYG_044-63b
045.md	1796	KR2k0060_WYG_044-64a
045.md	1811	KR2k0060_WYG_044-64b
045.md	1826	KR2k0060_WYG_044-65a
045.md	1841	KR2k0060_WYG_044-65b
045.md	1854	KR2k0060_WYG_044-66a
045.md	1864	KR2k0060_WYG_044-66b
045.md	1879	KR2k0060_WYG_044-67a
045.md	1889	KR2k0060_WYG_044-67b
045.md	1904	KR2k0060_WYG_044-68a
045.md	1919	KR2k0060_WYG_044-68b
046.md	3	KR2k0060_WYG_045-1a
046.md	18	KR2k0060_WYG_045-1b
046.md	34	KR2k0060_WYG_045-2a
046.md	48	KR2k0060_WYG_045-2b
046.md	64	KR2k0060_WYG_045-3a
046.md	79	KR2k0060_WYG_045-3b
046.md	93	KR2k0060_WYG_045-4a
046.md	108	KR2k0060_WYG_045-4b
046.md	121	KR2k0060_WYG_045-5a
046.md	134	KR2k0060_WYG_045-5b
046.md	147	KR2k0060_WYG_045-6a
046.md	160	KR2k0060_WYG_045-6b
046.md	176	KR2k0060_WYG_045-7a
046.md	190	KR2k0060_WYG_045-7b
046.md	205	KR2k0060_WYG_045-8a
046.md	221	KR2k0060_WYG_045-8b
046.md	234	KR2k0060_WYG_045-9a
046.md	245	KR2k0060_WYG_045-9b
046.md	260	KR2k0060_WYG_045-10a
046.md	270	KR2k0060_WYG_045-10b
046.md	278	KR2k0060_WYG_045-11a
046.md	287	KR2k0060_WYG_045-11b
046.md	298	KR2k0060_WYG_045-12a
046.md	308	KR2k0060_WYG_045-12b
046.md	322	KR2k0060_WYG_045-13a
046.md	338	KR2k0060_WYG_045-13b
046.md	352	KR2k0060_WYG_045-14a
046.md	367	KR2k0060_WYG_045-14b
046.md	382	KR2k0060_WYG_045-15a
046.md	395	KR2k0060_WYG_045-15b
046.md	409	KR2k0060_WYG_045-16a
046.md	424	KR2k0060_WYG_045-16b
046.md	438	KR2k0060_WYG_045-17a
046.md	451	KR2k0060_WYG_045-17b
046.md	463	KR2k0060_WYG_045-18a
046.md	475	KR2k0060_WYG_045-18b
046.md	489	KR2k0060_WYG_045-19a
046.md	504	KR2k0060_WYG_045-19b
046.md	519	KR2k0060_WYG_045-20a
046.md	532	KR2k0060_WYG_045-20b
046.md	542	KR2k0060_WYG_045-21a
046.md	558	KR2k0060_WYG_045-21b
046.md	572	KR2k0060_WYG_045-22a
046.md	588	KR2k0060_WYG_045-22b
046.md	601	KR2k0060_WYG_045-23a
046.md	612	KR2k0060_WYG_045-23b
046.md	621	KR2k0060_WYG_045-24a
046.md	634	KR2k0060_WYG_045-24b
046.md	649	KR2k0060_WYG_045-25a
046.md	663	KR2k0060_WYG_045-25b
046.md	671	KR2k0060_WYG_045-26a
046.md	683	KR2k0060_WYG_045-26b
046.md	693	KR2k0060_WYG_045-27a
046.md	709	KR2k0060_WYG_045-27b
046.md	725	KR2k0060_WYG_045-28a
046.md	733	KR2k0060_WYG_045-28b
046.md	741	KR2k0060_WYG_045-29a
046.md	749	KR2k0060_WYG_045-29b
046.md	761	KR2k0060_WYG_045-30a
046.md	777	KR2k0060_WYG_045-30b
046.md	792	KR2k0060_WYG_045-31a
046.md	805	KR2k0060_WYG_045-31b
046.md	819	KR2k0060_WYG_045-32a
046.md	833	KR2k0060_WYG_045-32b
046.md	848	KR2k0060_WYG_045-33a
046.md	860	KR2k0060_WYG_045-33b
046.md	875	KR2k0060_WYG_045-34a
046.md	890	KR2k0060_WYG_045-34b
046.md	903	KR2k0060_WYG_045-35a
046.md	915	KR2k0060_WYG_045-35b
046.md	931	KR2k0060_WYG_045-36a
046.md	946	KR2k0060_WYG_045-36b
046.md	960	KR2k0060_WYG_045-37a
046.md	975	KR2k0060_WYG_045-37b
046.md	991	KR2k0060_WYG_045-38a
046.md	1007	KR2k0060_WYG_045-38b
046.md	1023	KR2k0060_WYG_045-39a
046.md	1039	KR2k0060_WYG_045-39b
046.md	1053	KR2k0060_WYG_045-40a
046.md	1067	KR2k0060_WYG_045-40b
046.md	1079	KR2k0060_WYG_045-41a
046.md	1094	KR2k0060_WYG_045-41b
046.md	1110	KR2k0060_WYG_045-42a
046.md	1123	KR2k0060_WYG_045-42b
046.md	1139	KR2k0060_WYG_045-43a
046.md	1155	KR2k0060_WYG_045-43b
046.md	1171	KR2k0060_WYG_045-44a
046.md	1185	KR2k0060_WYG_045-44b
046.md	1199	KR2k0060_WYG_045-45a
046.md	1214	KR2k0060_WYG_045-45b
046.md	1230	KR2k0060_WYG_045-46a
046.md	1245	KR2k0060_WYG_045-46b
046.md	1258	KR2k0060_WYG_045-47a
046.md	1270	KR2k0060_WYG_045-47b
046.md	1282	KR2k0060_WYG_045-48a
046.md	1297	KR2k0060_WYG_045-48b
046.md	1313	KR2k0060_WYG_045-49a
046.md	1327	KR2k0060_WYG_045-49b
046.md	1342	KR2k0060_WYG_045-50a
046.md	1357	KR2k0060_WYG_045-50b
046.md	1369	KR2k0060_WYG_045-51a
046.md	1378	KR2k0060_WYG_045-51b
046.md	1391	KR2k0060_WYG_045-52a
046.md	1401	KR2k0060_WYG_045-52b
046.md	1412	KR2k0060_WYG_045-53a
046.md	1425	KR2k0060_WYG_045-53b
046.md	1440	KR2k0060_WYG_045-54a
046.md	1456	KR2k0060_WYG_045-54b
046.md	1471	KR2k0060_WYG_045-55a
046.md	1483	KR2k0060_WYG_045-55b
046.md	1497	KR2k0060_WYG_045-56a
046.md	1512	KR2k0060_WYG_045-56b
046.md	1527	KR2k0060_WYG_045-57a
046.md	1540	KR2k0060_WYG_045-57b
046.md	1556	KR2k0060_WYG_045-58a
046.md	1567	KR2k0060_WYG_045-58b
046.md	1581	KR2k0060_WYG_045-59a
046.md	1595	KR2k0060_WYG_045-59b
047.md	3	KR2k0060_WYG_046-1a
047.md	18	KR2k0060_WYG_046-1b
047.md	33	KR2k0060_WYG_046-2a
047.md	49	KR2k0060_WYG_046-2b
047.md	65	KR2k0060_WYG_046-3a
047.md	81	KR2k0060_WYG_046-3b
047.md	96	KR2k0060_WYG_046-4a
047.md	110	KR2k0060_WYG_046-4b
047.md	122	KR2k0060_WYG_046-5a
047.md	137	KR2k0060_WYG_046-5b
047.md	146	KR2k0060_WYG_046-6a
047.md	156	KR2k0060_WYG_046-6b
047.md	169	KR2k0060_WYG_046-7a
047.md	184	KR2k0060_WYG_046-7b
047.md	198	KR2k0060_WYG_046-8a
047.md	214	KR2k0060_WYG_046-8b
047.md	229	KR2k0060_WYG_046-9a
047.md	245	KR2k0060_WYG_046-9b
047.md	259	KR2k0060_WYG_046-10a
047.md	275	KR2k0060_WYG_046-10b
047.md	291	KR2k0060_WYG_046-11a
047.md	300	KR2k0060_WYG_046-11b
047.md	311	KR2k0060_WYG_046-12a
047.md	326	KR2k0060_WYG_046-12b
047.md	341	KR2k0060_WYG_046-13a
047.md	355	KR2k0060_WYG_046-13b
047.md	364	KR2k0060_WYG_046-14a
047.md	378	KR2k0060_WYG_046-14b
047.md	393	KR2k0060_WYG_046-15a
047.md	408	KR2k0060_WYG_046-15b
047.md	423	KR2k0060_WYG_046-16a
047.md	436	KR2k0060_WYG_046-16b
047.md	449	KR2k0060_WYG_046-17a
047.md	463	KR2k0060_WYG_046-17b
047.md	479	KR2k0060_WYG_046-18a
047.md	494	KR2k0060_WYG_046-18b
047.md	509	KR2k0060_WYG_046-19a
047.md	521	KR2k0060_WYG_046-19b
047.md	534	KR2k0060_WYG_046-20a
047.md	547	KR2k0060_WYG_046-20b
047.md	563	KR2k0060_WYG_046-21a
047.md	579	KR2k0060_WYG_046-21b
047.md	589	KR2k0060_WYG_046-22a
047.md	602	KR2k0060_WYG_046-22b
047.md	616	KR2k0060_WYG_046-23a
047.md	631	KR2k0060_WYG_046-23b
047.md	647	KR2k0060_WYG_046-24a
047.md	663	KR2k0060_WYG_046-24b
047.md	677	KR2k0060_WYG_046-25a
047.md	690	KR2k0060_WYG_046-25b
047.md	706	KR2k0060_WYG_046-26a
047.md	720	KR2k0060_WYG_046-26b
047.md	733	KR2k0060_WYG_046-27a
047.md	748	KR2k0060_WYG_046-27b
047.md	764	KR2k0060_WYG_046-28a
047.md	779	KR2k0060_WYG_046-28b
047.md	791	KR2k0060_WYG_046-29a
047.md	806	KR2k0060_WYG_046-29b
047.md	820	KR2k0060_WYG_046-30a
047.md	835	KR2k0060_WYG_046-30b
047.md	851	KR2k0060_WYG_046-31a
047.md	862	KR2k0060_WYG_046-31b
047.md	876	KR2k0060_WYG_046-32a
047.md	888	KR2k0060_WYG_046-32b
047.md	903	KR2k0060_WYG_046-33a
047.md	916	KR2k0060_WYG_046-33b
047.md	924	KR2k0060_WYG_046-34a
047.md	936	KR2k0060_WYG_046-34b
047.md	949	KR2k0060_WYG_046-35a
047.md	964	KR2k0060_WYG_046-35b
047.md	979	KR2k0060_WYG_046-36a
047.md	992	KR2k0060_WYG_046-36b
047.md	1007	KR2k0060_WYG_046-37a
047.md	1023	KR2k0060_WYG_046-37b
047.md	1038	KR2k0060_WYG_046-38a
047.md	1053	KR2k0060_WYG_046-38b
047.md	1066	KR2k0060_WYG_046-39a
047.md	1082	KR2k0060_WYG_046-39b
047.md	1095	KR2k0060_WYG_046-40a
047.md	1110	KR2k0060_WYG_046-40b
047.md	1125	KR2k0060_WYG_046-41a
047.md	1140	KR2k0060_WYG_046-41b
047.md	1155	KR2k0060_WYG_046-42a
047.md	1170	KR2k0060_WYG_046-42b
047.md	1185	KR2k0060_WYG_046-43a
047.md	1199	KR2k0060_WYG_046-43b
047.md	1214	KR2k0060_WYG_046-44a
047.md	1230	KR2k0060_WYG_046-44b
047.md	1245	KR2k0060_WYG_046-45a
047.md	1259	KR2k0060_WYG_046-45b
048.md	3	KR2k0060_WYG_047-1a
048.md	17	KR2k0060_WYG_047-1b
048.md	34	KR2k0060_WYG_047-2a
048.md	50	KR2k0060_WYG_047-2b
048.md	64	KR2k0060_WYG_047-3a
048.md	76	KR2k0060_WYG_047-3b
048.md	92	KR2k0060_WYG_047-4a
048.md	105	KR2k0060_WYG_047-4b
048.md	119	KR2k0060_WYG_047-5a
048.md	130	KR2k0060_WYG_047-5b
048.md	138	KR2k0060_WYG_047-6a
048.md	146	KR2k0060_WYG_047-6b
048.md	160	KR2k0060_WYG_047-7a
048.md	175	KR2k0060_WYG_047-7b
048.md	190	KR2k0060_WYG_047-8a
048.md	205	KR2k0060_WYG_047-8b
048.md	218	KR2k0060_WYG_047-9a
048.md	230	KR2k0060_WYG_047-9b
048.md	238	KR2k0060_WYG_047-10a
048.md	246	KR2k0060_WYG_047-10b
048.md	254	KR2k0060_WYG_047-11a
048.md	268	KR2k0060_WYG_047-11b
048.md	283	KR2k0060_WYG_047-12a
048.md	295	KR2k0060_WYG_047-12b
048.md	311	KR2k0060_WYG_047-13a
048.md	325	KR2k0060_WYG_047-13b
048.md	340	KR2k0060_WYG_047-14a
048.md	355	KR2k0060_WYG_047-14b
048.md	369	KR2k0060_WYG_047-15a
048.md	383	KR2k0060_WYG_047-15b
048.md	397	KR2k0060_WYG_047-16a
048.md	413	KR2k0060_WYG_047-16b
048.md	425	KR2k0060_WYG_047-17a
048.md	438	KR2k0060_WYG_047-17b
048.md	452	KR2k0060_WYG_047-18a
048.md	465	KR2k0060_WYG_047-18b
048.md	479	KR2k0060_WYG_047-19a
048.md	491	KR2k0060_WYG_047-19b
048.md	506	KR2k0060_WYG_047-20a
048.md	520	KR2k0060_WYG_047-20b
048.md	534	KR2k0060_WYG_047-21a
048.md	547	KR2k0060_WYG_047-21b
048.md	560	KR2k0060_WYG_047-22a
048.md	574	KR2k0060_WYG_047-22b
048.md	590	KR2k0060_WYG_047-23a
048.md	604	KR2k0060_WYG_047-23b
048.md	617	KR2k0060_WYG_047-24a
048.md	629	KR2k0060_WYG_047-24b
048.md	645	KR2k0060_WYG_047-25a
048.md	659	KR2k0060_WYG_047-25b
048.md	674	KR2k0060_WYG_047-26a
048.md	687	KR2k0060_WYG_047-26b
048.md	703	KR2k0060_WYG_047-27a
048.md	717	KR2k0060_WYG_047-27b
048.md	731	KR2k0060_WYG_047-28a
048.md	746	KR2k0060_WYG_047-28b
048.md	762	KR2k0060_WYG_047-29a
048.md	776	KR2k0060_WYG_047-29b
048.md	791	KR2k0060_WYG_047-30a
048.md	807	KR2k0060_WYG_047-30b
048.md	822	KR2k0060_WYG_047-31a
048.md	836	KR2k0060_WYG_047-31b
048.md	852	KR2k0060_WYG_047-32a
048.md	866	KR2k0060_WYG_047-32b
048.md	880	KR2k0060_WYG_047-33a
048.md	895	KR2k0060_WYG_047-33b
048.md	910	KR2k0060_WYG_047-34a
048.md	926	KR2k0060_WYG_047-34b
048.md	936	KR2k0060_WYG_047-35a
048.md	952	KR2k0060_WYG_047-35b
048.md	966	KR2k0060_WYG_047-36a
048.md	982	KR2k0060_WYG_047-36b
048.md	997	KR2k0060_WYG_047-37a
048.md	1012	KR2k0060_WYG_047-37b
048.md	1027	KR2k0060_WYG_047-38a
048.md	1039	KR2k0060_WYG_047-38b
048.md	1054	KR2k0060_WYG_047-39a
048.md	1069	KR2k0060_WYG_047-39b
048.md	1084	KR2k0060_WYG_047-40a
048.md	1096	KR2k0060_WYG_047-40b
048.md	1111	KR2k0060_WYG_047-41a
048.md	1127	KR2k0060_WYG_047-41b
048.md	1143	KR2k0060_WYG_047-42a
048.md	1158	KR2k0060_WYG_047-42b
048.md	1173	KR2k0060_WYG_047-43a
048.md	1188	KR2k0060_WYG_047-43b
048.md	1204	KR2k0060_WYG_047-44a
048.md	1216	KR2k0060_WYG_047-44b
048.md	1230	KR2k0060_WYG_047-45a
048.md	1245	KR2k0060_WYG_047-45b
048.md	1260	KR2k0060_WYG_047-46a
048.md	1276	KR2k0060_WYG_047-46b
048.md	1292	KR2k0060_WYG_047-47a
048.md	1307	KR2k0060_WYG_047-47b
048.md	1322	KR2k0060_WYG_047-48a
048.md	1337	KR2k0060_WYG_047-48b
048.md	1349	KR2k0060_WYG_047-49a
048.md	1363	KR2k0060_WYG_047-49b
048.md	1377	KR2k0060_WYG_047-50a
048.md	1392	KR2k0060_WYG_047-50b
048.md	1408	KR2k0060_WYG_047-51a
048.md	1422	KR2k0060_WYG_047-51b
048.md	1438	KR2k0060_WYG_047-52a
048.md	1448	KR2k0060_WYG_047-52b
048.md	1456	KR2k0060_WYG_047-53a
048.md	1468	KR2k0060_WYG_047-53b
048.md	1484	KR2k0060_WYG_047-54a
048.md	1498	KR2k0060_WYG_047-54b
048.md	1512	KR2k0060_WYG_047-55a
048.md	1526	KR2k0060_WYG_047-55b
048.md	1542	KR2k0060_WYG_047-56a
048.md	1556	KR2k0060_WYG_047-56b
048.md	1572	KR2k0060_WYG_047-57a
048.md	1587	KR2k0060_WYG_047-57b
048.md	1602	KR2k0060_WYG_047-58a
048.md	1616	KR2k0060_WYG_047-58b
048.md	1624	KR2k0060_WYG_047-59a
048.md	1634	KR2k0060_WYG_047-59b
048.md	1649	KR2k0060_WYG_047-60a
048.md	1664	KR2k0060_WYG_047-60b
048.md	1680	KR2k0060_WYG_047-61a
048.md	1695	KR2k0060_WYG_047-61b
048.md	1710	KR2k0060_WYG_047-62a
048.md	1724	KR2k0060_WYG_047-62b
048.md	1738	KR2k0060_WYG_047-63a
048.md	1751	KR2k0060_WYG_047-63b
049.md	3	KR2k0060_WYG_048-1a
049.md	18	KR2k0060_WYG_048-1b
049.md	34	KR2k0060_WYG_048-2a
049.md	50	KR2k0060_WYG_048-2b
049.md	66	KR2k0060_WYG_048-3a
049.md	82	KR2k0060_WYG_048-3b
049.md	97	KR2k0060_WYG_048-4a
049.md	110	KR2k0060_WYG_048-4b
049.md	125	KR2k0060_WYG_048-5a
049.md	141	KR2k0060_WYG_048-5b
049.md	156	KR2k0060_WYG_048-6a
049.md	170	KR2k0060_WYG_048-6b
049.md	186	KR2k0060_WYG_048-7a
049.md	201	KR2k0060_WYG_048-7b
049.md	214	KR2k0060_WYG_048-8a
049.md	226	KR2k0060_WYG_048-8b
049.md	238	KR2k0060_WYG_048-9a
049.md	254	KR2k0060_WYG_048-9b
049.md	270	KR2k0060_WYG_048-10a
049.md	284	KR2k0060_WYG_048-10b
049.md	299	KR2k0060_WYG_048-11a
049.md	315	KR2k0060_WYG_048-11b
049.md	330	KR2k0060_WYG_048-12a
049.md	345	KR2k0060_WYG_048-12b
049.md	361	KR2k0060_WYG_048-13a
049.md	369	KR2k0060_WYG_048-13b
049.md	377	KR2k0060_WYG_048-14a
049.md	392	KR2k0060_WYG_048-14b
049.md	408	KR2k0060_WYG_048-15a
049.md	424	KR2k0060_WYG_048-15b
049.md	439	KR2k0060_WYG_048-16a
049.md	453	KR2k0060_WYG_048-16b
049.md	469	KR2k0060_WYG_048-17a
049.md	484	KR2k0060_WYG_048-17b
049.md	500	KR2k0060_WYG_048-18a
049.md	513	KR2k0060_WYG_048-18b
049.md	523	KR2k0060_WYG_048-19a
049.md	537	KR2k0060_WYG_048-19b
049.md	552	KR2k0060_WYG_048-20a
049.md	567	KR2k0060_WYG_048-20b
049.md	580	KR2k0060_WYG_048-21a
049.md	590	KR2k0060_WYG_048-21b
049.md	606	KR2k0060_WYG_048-22a
049.md	618	KR2k0060_WYG_048-22b
049.md	632	KR2k0060_WYG_048-23a
049.md	647	KR2k0060_WYG_048-23b
049.md	662	KR2k0060_WYG_048-24a
049.md	677	KR2k0060_WYG_048-24b
049.md	693	KR2k0060_WYG_048-25a
049.md	707	KR2k0060_WYG_048-25b
049.md	722	KR2k0060_WYG_048-26a
049.md	736	KR2k0060_WYG_048-26b
049.md	748	KR2k0060_WYG_048-27a
049.md	761	KR2k0060_WYG_048-27b
049.md	776	KR2k0060_WYG_048-28a
049.md	790	KR2k0060_WYG_048-28b
049.md	806	KR2k0060_WYG_048-29a
049.md	822	KR2k0060_WYG_048-29b
049.md	833	KR2k0060_WYG_048-30a
049.md	848	KR2k0060_WYG_048-30b
049.md	860	KR2k0060_WYG_048-31a
049.md	874	KR2k0060_WYG_048-31b
049.md	888	KR2k0060_WYG_048-32a
049.md	902	KR2k0060_WYG_048-32b
049.md	914	KR2k0060_WYG_048-33a
049.md	928	KR2k0060_WYG_048-33b
049.md	941	KR2k0060_WYG_048-34a
049.md	955	KR2k0060_WYG_048-34b
049.md	970	KR2k0060_WYG_048-35a
049.md	983	KR2k0060_WYG_048-35b
049.md	998	KR2k0060_WYG_048-36a
049.md	1011	KR2k0060_WYG_048-36b
049.md	1022	KR2k0060_WYG_048-37a
049.md	1036	KR2k0060_WYG_048-37b
049.md	1051	KR2k0060_WYG_048-38a
049.md	1066	KR2k0060_WYG_048-38b
049.md	1081	KR2k0060_WYG_048-39a
049.md	1094	KR2k0060_WYG_048-39b
050.md	3	KR2k0060_WYG_049-1a
050.md	19	KR2k0060_WYG_049-1b
050.md	35	KR2k0060_WYG_049-2a
050.md	50	KR2k0060_WYG_049-2b
050.md	65	KR2k0060_WYG_049-3a
050.md	81	KR2k0060_WYG_049-3b
050.md	96	KR2k0060_WYG_049-4a
050.md	112	KR2k0060_WYG_049-4b
050.md	128	KR2k0060_WYG_049-5a
050.md	141	KR2k0060_WYG_049-5b
050.md	154	KR2k0060_WYG_049-6a
050.md	167	KR2k0060_WYG_049-6b
050.md	183	KR2k0060_WYG_049-7a
050.md	197	KR2k0060_WYG_049-7b
050.md	208	KR2k0060_WYG_049-8a
050.md	224	KR2k0060_WYG_049-8b
050.md	239	KR2k0060_WYG_049-9a
050.md	255	KR2k0060_WYG_049-9b
050.md	271	KR2k0060_WYG_049-10a
050.md	285	KR2k0060_WYG_049-10b
050.md	300	KR2k0060_WYG_049-11a
050.md	316	KR2k0060_WYG_049-11b
050.md	332	KR2k0060_WYG_049-12a
050.md	344	KR2k0060_WYG_049-12b
050.md	360	KR2k0060_WYG_049-13a
050.md	375	KR2k0060_WYG_049-13b
050.md	386	KR2k0060_WYG_049-14a
050.md	399	KR2k0060_WYG_049-14b
050.md	413	KR2k0060_WYG_049-15a
050.md	424	KR2k0060_WYG_049-15b
050.md	439	KR2k0060_WYG_049-16a
050.md	452	KR2k0060_WYG_049-16b
050.md	466	KR2k0060_WYG_049-17a
050.md	479	KR2k0060_WYG_049-17b
050.md	494	KR2k0060_WYG_049-18a
050.md	508	KR2k0060_WYG_049-18b
050.md	522	KR2k0060_WYG_049-19a
050.md	536	KR2k0060_WYG_049-19b
050.md	550	KR2k0060_WYG_049-20a
050.md	563	KR2k0060_WYG_049-20b
050.md	578	KR2k0060_WYG_049-21a
050.md	592	KR2k0060_WYG_049-21b
050.md	607	KR2k0060_WYG_049-22a
050.md	622	KR2k0060_WYG_049-22b
050.md	637	KR2k0060_WYG_049-23a
050.md	650	KR2k0060_WYG_049-23b
050.md	665	KR2k0060_WYG_049-24a
050.md	679	KR2k0060_WYG_049-24b
050.md	693	KR2k0060_WYG_049-25a
050.md	708	KR2k0060_WYG_049-25b
050.md	722	KR2k0060_WYG_049-26a
050.md	738	KR2k0060_WYG_049-26b
050.md	752	KR2k0060_WYG_049-27a
050.md	765	KR2k0060_WYG_049-27b
050.md	781	KR2k0060_WYG_049-28a
050.md	796	KR2k0060_WYG_049-28b
050.md	810	KR2k0060_WYG_049-29a
050.md	825	KR2k0060_WYG_049-29b
050.md	841	KR2k0060_WYG_049-30a
050.md	856	KR2k0060_WYG_049-30b
050.md	866	KR2k0060_WYG_049-31a
050.md	874	KR2k0060_WYG_049-31b
050.md	887	KR2k0060_WYG_049-32a
050.md	902	KR2k0060_WYG_049-32b
050.md	912	KR2k0060_WYG_049-33a
050.md	925	KR2k0060_WYG_049-33b
050.md	936	KR2k0060_WYG_049-34a
050.md	950	KR2k0060_WYG_049-34b
050.md	966	KR2k0060_WYG_049-35a
050.md	981	KR2k0060_WYG_049-35b
050.md	997	KR2k0060_WYG_049-36a
050.md	1012	KR2k0060_WYG_049-36b
050.md	1027	KR2k0060_WYG_049-37a
050.md	1042	KR2k0060_WYG_049-37b
050.md	1054	KR2k0060_WYG_049-38a
050.md	1070	KR2k0060_WYG_049-38b
050.md	1081	KR2k0060_WYG_049-39a
050.md	1090	KR2k0060_WYG_049-39b
050.md	1105	KR2k0060_WYG_049-40a
050.md	1118	KR2k0060_WYG_049-40b
050.md	1133	KR2k0060_WYG_049-41a
050.md	1146	KR2k0060_WYG_049-41b
050.md	1159	KR2k0060_WYG_049-42a
050.md	1172	KR2k0060_WYG_049-42b
050.md	1187	KR2k0060_WYG_049-43a
050.md	1198	KR2k0060_WYG_049-43b
050.md	1214	KR2k0060_WYG_049-44a
050.md	1227	KR2k0060_WYG_049-44b
050.md	1243	KR2k0060_WYG_049-45a
050.md	1257	KR2k0060_WYG_049-45b
050.md	1272	KR2k0060_WYG_049-46a
050.md	1282	KR2k0060_WYG_049-46b
050.md	1292	KR2k0060_WYG_049-47a
050.md	1305	KR2k0060_WYG_049-47b
050.md	1318	KR2k0060_WYG_049-48a
050.md	1332	KR2k0060_WYG_049-48b
050.md	1347	KR2k0060_WYG_049-49a
050.md	1360	KR2k0060_WYG_049-49b
050.md	1373	KR2k0060_WYG_049-50a
050.md	1386	KR2k0060_WYG_049-50b
051.md	3	KR2k0060_WYG_050-1a
051.md	18	KR2k0060_WYG_050-1b
051.md	33	KR2k0060_WYG_050-2a
051.md	49	KR2k0060_WYG_050-2b
051.md	62	KR2k0060_WYG_050-3a
051.md	75	KR2k0060_WYG_050-3b
051.md	91	KR2k0060_WYG_050-4a
051.md	105	KR2k0060_WYG_050-4b
051.md	120	KR2k0060_WYG_050-5a
051.md	133	KR2k0060_WYG_050-5b
051.md	146	KR2k0060_WYG_050-6a
051.md	158	KR2k0060_WYG_050-6b
051.md	170	KR2k0060_WYG_050-7a
051.md	185	KR2k0060_WYG_050-7b
051.md	201	KR2k0060_WYG_050-8a
051.md	217	KR2k0060_WYG_050-8b
051.md	232	KR2k0060_WYG_050-9a
051.md	246	KR2k0060_WYG_050-9b
051.md	261	KR2k0060_WYG_050-10a
051.md	276	KR2k0060_WYG_050-10b
051.md	291	KR2k0060_WYG_050-11a
051.md	304	KR2k0060_WYG_050-11b
051.md	316	KR2k0060_WYG_050-12a
051.md	331	KR2k0060_WYG_050-12b
051.md	346	KR2k0060_WYG_050-13a
051.md	361	KR2k0060_WYG_050-13b
051.md	376	KR2k0060_WYG_050-14a
051.md	392	KR2k0060_WYG_050-14b
051.md	407	KR2k0060_WYG_050-15a
051.md	423	KR2k0060_WYG_050-15b
051.md	438	KR2k0060_WYG_050-16a
051.md	453	KR2k0060_WYG_050-16b
051.md	468	KR2k0060_WYG_050-17a
051.md	484	KR2k0060_WYG_050-17b
051.md	498	KR2k0060_WYG_050-18a
051.md	512	KR2k0060_WYG_050-18b
051.md	524	KR2k0060_WYG_050-19a
051.md	537	KR2k0060_WYG_050-19b
051.md	553	KR2k0060_WYG_050-20a
051.md	568	KR2k0060_WYG_050-20b
051.md	583	KR2k0060_WYG_050-21a
051.md	599	KR2k0060_WYG_050-21b
051.md	611	KR2k0060_WYG_050-22a
051.md	626	KR2k0060_WYG_050-22b
051.md	641	KR2k0060_WYG_050-23a
051.md	650	KR2k0060_WYG_050-23b
051.md	665	KR2k0060_WYG_050-24a
051.md	681	KR2k0060_WYG_050-24b
051.md	695	KR2k0060_WYG_050-25a
051.md	711	KR2k0060_WYG_050-25b
051.md	726	KR2k0060_WYG_050-26a
051.md	739	KR2k0060_WYG_050-26b
051.md	755	KR2k0060_WYG_050-27a
051.md	769	KR2k0060_WYG_050-27b
051.md	783	KR2k0060_WYG_050-28a
051.md	795	KR2k0060_WYG_050-28b
051.md	805	KR2k0060_WYG_050-29a
051.md	821	KR2k0060_WYG_050-29b
051.md	837	KR2k0060_WYG_050-30a
051.md	852	KR2k0060_WYG_050-30b
051.md	867	KR2k0060_WYG_050-31a
051.md	877	KR2k0060_WYG_050-31b
051.md	886	KR2k0060_WYG_050-32a
051.md	900	KR2k0060_WYG_050-32b
051.md	914	KR2k0060_WYG_050-33a
051.md	930	KR2k0060_WYG_050-33b
051.md	942	KR2k0060_WYG_050-34a
051.md	958	KR2k0060_WYG_050-34b
051.md	974	KR2k0060_WYG_050-35a
051.md	989	KR2k0060_WYG_050-35b
051.md	1004	KR2k0060_WYG_050-36a
051.md	1019	KR2k0060_WYG_050-36b
051.md	1033	KR2k0060_WYG_050-37a
051.md	1048	KR2k0060_WYG_050-37b
051.md	1062	KR2k0060_WYG_050-38a
051.md	1075	KR2k0060_WYG_050-38b
051.md	1089	KR2k0060_WYG_050-39a
051.md	1104	KR2k0060_WYG_050-39b
051.md	1119	KR2k0060_WYG_050-40a
051.md	1134	KR2k0060_WYG_050-40b
051.md	1149	KR2k0060_WYG_050-41a
051.md	1165	KR2k0060_WYG_050-41b
051.md	1177	KR2k0060_WYG_050-42a
051.md	1193	KR2k0060_WYG_050-42b
051.md	1209	KR2k0060_WYG_050-43a
051.md	1223	KR2k0060_WYG_050-43b
051.md	1231	KR2k0060_WYG_050-44a
051.md	1239	KR2k0060_WYG_050-44b
051.md	1252	KR2k0060_WYG_050-45a
051.md	1268	KR2k0060_WYG_050-45b
051.md	1283	KR2k0060_WYG_050-46a
051.md	1298	KR2k0060_WYG_050-46b
051.md	1314	KR2k0060_WYG_050-47a
051.md	1329	KR2k0060_WYG_050-47b
051.md	1339	KR2k0060_WYG_050-48a
051.md	1353	KR2k0060_WYG_050-48b
051.md	1367	KR2k0060_WYG_050-49a
051.md	1383	KR2k0060_WYG_050-49b
051.md	1395	KR2k0060_WYG_050-50a
051.md	1405	KR2k0060_WYG_050-50b
052.md	3	KR2k0060_WYG_051-1a
052.md	19	KR2k0060_WYG_051-1b
052.md	34	KR2k0060_WYG_051-2a
052.md	48	KR2k0060_WYG_051-2b
052.md	62	KR2k0060_WYG_051-3a
052.md	76	KR2k0060_WYG_051-3b
052.md	92	KR2k0060_WYG_051-4a
052.md	106	KR2k0060_WYG_051-4b
052.md	121	KR2k0060_WYG_051-5a
052.md	134	KR2k0060_WYG_051-5b
052.md	145	KR2k0060_WYG_051-6a
052.md	160	KR2k0060_WYG_051-6b
052.md	176	KR2k0060_WYG_051-7a
052.md	189	KR2k0060_WYG_051-7b
052.md	204	KR2k0060_WYG_051-8a
052.md	219	KR2k0060_WYG_051-8b
052.md	233	KR2k0060_WYG_051-9a
052.md	247	KR2k0060_WYG_051-9b
052.md	262	KR2k0060_WYG_051-10a
052.md	277	KR2k0060_WYG_051-10b
052.md	292	KR2k0060_WYG_051-11a
052.md	307	KR2k0060_WYG_051-11b
052.md	323	KR2k0060_WYG_051-12a
052.md	336	KR2k0060_WYG_051-12b
052.md	350	KR2k0060_WYG_051-13a
052.md	364	KR2k0060_WYG_051-13b
052.md	378	KR2k0060_WYG_051-14a
052.md	392	KR2k0060_WYG_051-14b
052.md	406	KR2k0060_WYG_051-15a
052.md	421	KR2k0060_WYG_051-15b
052.md	435	KR2k0060_WYG_051-16a
052.md	451	KR2k0060_WYG_051-16b
052.md	464	KR2k0060_WYG_051-17a
052.md	480	KR2k0060_WYG_051-17b
052.md	496	KR2k0060_WYG_051-18a
052.md	510	KR2k0060_WYG_051-18b
052.md	523	KR2k0060_WYG_051-19a
052.md	538	KR2k0060_WYG_051-19b
052.md	552	KR2k0060_WYG_051-20a
052.md	565	KR2k0060_WYG_051-20b
052.md	580	KR2k0060_WYG_051-21a
052.md	590	KR2k0060_WYG_051-21b
052.md	605	KR2k0060_WYG_051-22a
052.md	618	KR2k0060_WYG_051-22b
052.md	633	KR2k0060_WYG_051-23a
052.md	648	KR2k0060_WYG_051-23b
052.md	664	KR2k0060_WYG_051-24a
052.md	679	KR2k0060_WYG_051-24b
052.md	689	KR2k0060_WYG_051-25a
052.md	705	KR2k0060_WYG_051-25b
052.md	721	KR2k0060_WYG_051-26a
052.md	735	KR2k0060_WYG_051-26b
052.md	748	KR2k0060_WYG_051-27a
052.md	763	KR2k0060_WYG_051-27b
052.md	779	KR2k0060_WYG_051-28a
052.md	793	KR2k0060_WYG_051-28b
052.md	807	KR2k0060_WYG_051-29a
052.md	822	KR2k0060_WYG_051-29b
052.md	838	KR2k0060_WYG_051-30a
052.md	853	KR2k0060_WYG_051-30b
052.md	868	KR2k0060_WYG_051-31a
052.md	883	KR2k0060_WYG_051-31b
052.md	898	KR2k0060_WYG_051-32a
052.md	914	KR2k0060_WYG_051-32b
052.md	930	KR2k0060_WYG_051-33a
052.md	938	KR2k0060_WYG_051-33b
052.md	950	KR2k0060_WYG_051-34a
052.md	965	KR2k0060_WYG_051-34b
052.md	978	KR2k0060_WYG_051-35a
052.md	994	KR2k0060_WYG_051-35b
052.md	1009	KR2k0060_WYG_051-36a
052.md	1025	KR2k0060_WYG_051-36b
052.md	1039	KR2k0060_WYG_051-37a
052.md	1055	KR2k0060_WYG_051-37b
052.md	1070	KR2k0060_WYG_051-38a
052.md	1086	KR2k0060_WYG_051-38b
052.md	1102	KR2k0060_WYG_051-39a
052.md	1118	KR2k0060_WYG_051-39b
052.md	1133	KR2k0060_WYG_051-40a
052.md	1149	KR2k0060_WYG_051-40b
052.md	1161	KR2k0060_WYG_051-41a
052.md	1177	KR2k0060_WYG_051-41b
052.md	1192	KR2k0060_WYG_051-42a
052.md	1208	KR2k0060_WYG_051-42b
052.md	1223	KR2k0060_WYG_051-43a
052.md	1237	KR2k0060_WYG_051-43b
052.md	1253	KR2k0060_WYG_051-44a
052.md	1267	KR2k0060_WYG_051-44b
052.md	1279	KR2k0060_WYG_051-45a
052.md	1295	KR2k0060_WYG_051-45b
052.md	1309	KR2k0060_WYG_051-46a
052.md	1324	KR2k0060_WYG_051-46b
052.md	1340	KR2k0060_WYG_051-47a
052.md	1354	KR2k0060_WYG_051-47b
052.md	1370	KR2k0060_WYG_051-48a
052.md	1385	KR2k0060_WYG_051-48b
052.md	1401	KR2k0060_WYG_051-49a
052.md	1417	KR2k0060_WYG_051-49b
052.md	1433	KR2k0060_WYG_051-50a
052.md	1443	KR2k0060_WYG_051-50b
052.md	1458	KR2k0060_WYG_051-51a
052.md	1473	KR2k0060_WYG_051-51b
052.md	1489	KR2k0060_WYG_051-52a
052.md	1499	KR2k0060_WYG_051-52b
052.md	1513	KR2k0060_WYG_051-53a
052.md	1529	KR2k0060_WYG_051-53b
052.md	1542	KR2k0060_WYG_051-54a
052.md	1556	KR2k0060_WYG_051-54b
052.md	1571	KR2k0060_WYG_051-55a
052.md	1587	KR2k0060_WYG_051-55b
052.md	1600	KR2k0060_WYG_051-56a
052.md	1615	KR2k0060_WYG_051-56b
052.md	1626	KR2k0060_WYG_051-57a
052.md	1640	KR2k0060_WYG_051-57b
052.md	1654	KR2k0060_WYG_051-58a
052.md	1670	KR2k0060_WYG_051-58b
052.md	1685	KR2k0060_WYG_051-59a
052.md	1700	KR2k0060_WYG_051-59b
052.md	1713	KR2k0060_WYG_051-60a
052.md	1728	KR2k0060_WYG_051-60b
052.md	1742	KR2k0060_WYG_051-61a
052.md	1758	KR2k0060_WYG_051-61b
053.md	3	KR2k0060_WYG_052-1a
053.md	18	KR2k0060_WYG_052-1b
053.md	34	KR2k0060_WYG_052-2a
053.md	48	KR2k0060_WYG_052-2b
053.md	61	KR2k0060_WYG_052-3a
053.md	76	KR2k0060_WYG_052-3b
053.md	92	KR2k0060_WYG_052-4a
053.md	107	KR2k0060_WYG_052-4b
053.md	123	KR2k0060_WYG_052-5a
053.md	139	KR2k0060_WYG_052-5b
053.md	152	KR2k0060_WYG_052-6a
053.md	162	KR2k0060_WYG_052-6b
053.md	172	KR2k0060_WYG_052-7a
053.md	184	KR2k0060_WYG_052-7b
053.md	196	KR2k0060_WYG_052-8a
053.md	210	KR2k0060_WYG_052-8b
053.md	222	KR2k0060_WYG_052-9a
053.md	236	KR2k0060_WYG_052-9b
053.md	252	KR2k0060_WYG_052-10a
053.md	266	KR2k0060_WYG_052-10b
053.md	282	KR2k0060_WYG_052-11a
053.md	294	KR2k0060_WYG_052-11b
053.md	310	KR2k0060_WYG_052-12a
053.md	326	KR2k0060_WYG_052-12b
053.md	342	KR2k0060_WYG_052-13a
053.md	356	KR2k0060_WYG_052-13b
053.md	369	KR2k0060_WYG_052-14a
053.md	384	KR2k0060_WYG_052-14b
053.md	394	KR2k0060_WYG_052-15a
053.md	404	KR2k0060_WYG_052-15b
053.md	418	KR2k0060_WYG_052-16a
053.md	433	KR2k0060_WYG_052-16b
053.md	449	KR2k0060_WYG_052-17a
053.md	465	KR2k0060_WYG_052-17b
053.md	481	KR2k0060_WYG_052-18a
053.md	497	KR2k0060_WYG_052-18b
053.md	512	KR2k0060_WYG_052-19a
053.md	526	KR2k0060_WYG_052-19b
053.md	540	KR2k0060_WYG_052-20a
053.md	556	KR2k0060_WYG_052-20b
053.md	569	KR2k0060_WYG_052-21a
053.md	585	KR2k0060_WYG_052-21b
053.md	601	KR2k0060_WYG_052-22a
053.md	617	KR2k0060_WYG_052-22b
053.md	632	KR2k0060_WYG_052-23a
053.md	646	KR2k0060_WYG_052-23b
053.md	662	KR2k0060_WYG_052-24a
053.md	675	KR2k0060_WYG_052-24b
053.md	686	KR2k0060_WYG_052-25a
053.md	700	KR2k0060_WYG_052-25b
053.md	716	KR2k0060_WYG_052-26a
053.md	732	KR2k0060_WYG_052-26b
053.md	747	KR2k0060_WYG_052-27a
053.md	760	KR2k0060_WYG_052-27b
053.md	776	KR2k0060_WYG_052-28a
053.md	789	KR2k0060_WYG_052-28b
053.md	805	KR2k0060_WYG_052-29a
053.md	820	KR2k0060_WYG_052-29b
053.md	836	KR2k0060_WYG_052-30a
053.md	852	KR2k0060_WYG_052-30b
053.md	868	KR2k0060_WYG_052-31a
053.md	884	KR2k0060_WYG_052-31b
053.md	898	KR2k0060_WYG_052-32a
053.md	910	KR2k0060_WYG_052-32b
053.md	925	KR2k0060_WYG_052-33a
053.md	941	KR2k0060_WYG_052-33b
053.md	956	KR2k0060_WYG_052-34a
053.md	968	KR2k0060_WYG_052-34b
053.md	978	KR2k0060_WYG_052-35a
053.md	993	KR2k0060_WYG_052-35b
053.md	1008	KR2k0060_WYG_052-36a
053.md	1022	KR2k0060_WYG_052-36b
053.md	1037	KR2k0060_WYG_052-37a
053.md	1052	KR2k0060_WYG_052-37b
053.md	1067	KR2k0060_WYG_052-38a
053.md	1080	KR2k0060_WYG_052-38b
053.md	1090	KR2k0060_WYG_052-39a
053.md	1105	KR2k0060_WYG_052-39b
053.md	1121	KR2k0060_WYG_052-40a
053.md	1132	KR2k0060_WYG_052-40b
053.md	1145	KR2k0060_WYG_052-41a
053.md	1156	KR2k0060_WYG_052-41b
053.md	1169	KR2k0060_WYG_052-42a
053.md	1184	KR2k0060_WYG_052-42b
053.md	1197	KR2k0060_WYG_052-43a
053.md	1208	KR2k0060_WYG_052-43b
053.md	1223	KR2k0060_WYG_052-44a
053.md	1237	KR2k0060_WYG_052-44b
053.md	1250	KR2k0060_WYG_052-45a
053.md	1266	KR2k0060_WYG_052-45b
053.md	1281	KR2k0060_WYG_052-46a
053.md	1297	KR2k0060_WYG_052-46b
053.md	1313	KR2k0060_WYG_052-47a
053.md	1328	KR2k0060_WYG_052-47b
053.md	1342	KR2k0060_WYG_052-48a
053.md	1354	KR2k0060_WYG_052-48b
053.md	1370	KR2k0060_WYG_052-49a
053.md	1386	KR2k0060_WYG_052-49b
053.md	1401	KR2k0060_WYG_052-50a
053.md	1416	KR2k0060_WYG_052-50b
053.md	1432	KR2k0060_WYG_052-51a
053.md	1446	KR2k0060_WYG_052-51b
053.md	1461	KR2k0060_WYG_052-52a
053.md	1477	KR2k0060_WYG_052-52b
053.md	1493	KR2k0060_WYG_052-53a
053.md	1509	KR2k0060_WYG_052-53b
053.md	1525	KR2k0060_WYG_052-54a
053.md	1535	KR2k0060_WYG_052-54b
053.md	1550	KR2k0060_WYG_052-55a
053.md	1562	KR2k0060_WYG_052-55b
053.md	1576	KR2k0060_WYG_052-56a
053.md	1586	KR2k0060_WYG_052-56b
053.md	1601	KR2k0060_WYG_052-57a
053.md	1617	KR2k0060_WYG_052-57b
053.md	1632	KR2k0060_WYG_052-58a
053.md	1648	KR2k0060_WYG_052-58b
053.md	1663	KR2k0060_WYG_052-59a
053.md	1679	KR2k0060_WYG_052-59b
053.md	1695	KR2k0060_WYG_052-60a
053.md	1711	KR2k0060_WYG_052-60b
053.md	1724	KR2k0060_WYG_052-61a
053.md	1732	KR2k0060_WYG_052-61b
054.md	3	KR2k0060_WYG_053-1a
054.md	19	KR2k0060_WYG_053-1b
054.md	33	KR2k0060_WYG_053-2a
054.md	46	KR2k0060_WYG_053-2b
054.md	62	KR2k0060_WYG_053-3a
054.md	77	KR2k0060_WYG_053-3b
054.md	93	KR2k0060_WYG_053-4a
054.md	105	KR2k0060_WYG_053-4b
054.md	115	KR2k0060_WYG_053-5a
054.md	123	KR2k0060_WYG_053-5b
054.md	137	KR2k0060_WYG_053-6a
054.md	153	KR2k0060_WYG_053-6b
054.md	169	KR2k0060_WYG_053-7a
054.md	183	KR2k0060_WYG_053-7b
054.md	193	KR2k0060_WYG_053-8a
054.md	205	KR2k0060_WYG_053-8b
054.md	221	KR2k0060_WYG_053-9a
054.md	236	KR2k0060_WYG_053-9b
054.md	250	KR2k0060_WYG_053-10a
054.md	266	KR2k0060_WYG_053-10b
054.md	281	KR2k0060_WYG_053-11a
054.md	296	KR2k0060_WYG_053-11b
054.md	309	KR2k0060_WYG_053-12a
054.md	324	KR2k0060_WYG_053-12b
054.md	338	KR2k0060_WYG_053-13a
054.md	352	KR2k0060_WYG_053-13b
054.md	366	KR2k0060_WYG_053-14a
054.md	382	KR2k0060_WYG_053-14b
054.md	394	KR2k0060_WYG_053-15a
054.md	407	KR2k0060_WYG_053-15b
054.md	421	KR2k0060_WYG_053-16a
054.md	435	KR2k0060_WYG_053-16b
054.md	448	KR2k0060_WYG_053-17a
054.md	461	KR2k0060_WYG_053-17b
054.md	477	KR2k0060_WYG_053-18a
054.md	492	KR2k0060_WYG_053-18b
054.md	502	KR2k0060_WYG_053-19a
054.md	514	KR2k0060_WYG_053-19b
054.md	528	KR2k0060_WYG_053-20a
054.md	537	KR2k0060_WYG_053-20b
054.md	552	KR2k0060_WYG_053-21a
054.md	566	KR2k0060_WYG_053-21b
054.md	581	KR2k0060_WYG_053-22a
054.md	594	KR2k0060_WYG_053-22b
054.md	608	KR2k0060_WYG_053-23a
054.md	616	KR2k0060_WYG_053-23b
054.md	629	KR2k0060_WYG_053-24a
054.md	645	KR2k0060_WYG_053-24b
054.md	658	KR2k0060_WYG_053-25a
054.md	670	KR2k0060_WYG_053-25b
054.md	686	KR2k0060_WYG_053-26a
054.md	698	KR2k0060_WYG_053-26b
054.md	713	KR2k0060_WYG_053-27a
054.md	727	KR2k0060_WYG_053-27b
054.md	743	KR2k0060_WYG_053-28a
054.md	756	KR2k0060_WYG_053-28b
054.md	772	KR2k0060_WYG_053-29a
054.md	786	KR2k0060_WYG_053-29b
054.md	802	KR2k0060_WYG_053-30a
054.md	818	KR2k0060_WYG_053-30b
054.md	834	KR2k0060_WYG_053-31a
054.md	844	KR2k0060_WYG_053-31b
054.md	858	KR2k0060_WYG_053-32a
054.md	873	KR2k0060_WYG_053-32b
054.md	887	KR2k0060_WYG_053-33a
054.md	900	KR2k0060_WYG_053-33b
054.md	915	KR2k0060_WYG_053-34a
054.md	928	KR2k0060_WYG_053-34b
054.md	938	KR2k0060_WYG_053-35a
054.md	948	KR2k0060_WYG_053-35b
054.md	963	KR2k0060_WYG_053-36a
054.md	976	KR2k0060_WYG_053-36b
054.md	990	KR2k0060_WYG_053-37a
054.md	1002	KR2k0060_WYG_053-37b
054.md	1016	KR2k0060_WYG_053-38a
054.md	1030	KR2k0060_WYG_053-38b
054.md	1043	KR2k0060_WYG_053-39a
054.md	1059	KR2k0060_WYG_053-39b
054.md	1073	KR2k0060_WYG_053-40a
054.md	1086	KR2k0060_WYG_053-40b
054.md	1098	KR2k0060_WYG_053-41a
054.md	1114	KR2k0060_WYG_053-41b
054.md	1130	KR2k0060_WYG_053-42a
054.md	1146	KR2k0060_WYG_053-42b
054.md	1162	KR2k0060_WYG_053-43a
054.md	1177	KR2k0060_WYG_053-43b
054.md	1193	KR2k0060_WYG_053-44a
054.md	1207	KR2k0060_WYG_053-44b
054.md	1223	KR2k0060_WYG_053-45a
054.md	1236	KR2k0060_WYG_053-45b
054.md	1252	KR2k0060_WYG_053-46a
054.md	1264	KR2k0060_WYG_053-46b
054.md	1280	KR2k0060_WYG_053-47a
054.md	1296	KR2k0060_WYG_053-47b
054.md	1312	KR2k0060_WYG_053-48a
054.md	1325	KR2k0060_WYG_053-48b
054.md	1341	KR2k0060_WYG_053-49a
054.md	1357	KR2k0060_WYG_053-49b
054.md	1372	KR2k0060_WYG_053-50a
054.md	1388	KR2k0060_WYG_053-50b
054.md	1400	KR2k0060_WYG_053-51a
054.md	1414	KR2k0060_WYG_053-51b
054.md	1428	KR2k0060_WYG_053-52a
054.md	1444	KR2k0060_WYG_053-52b
054.md	1457	KR2k0060_WYG_053-53a
054.md	1472	KR2k0060_WYG_053-53b
054.md	1488	KR2k0060_WYG_053-54a
054.md	1502	KR2k0060_WYG_053-54b
054.md	1518	KR2k0060_WYG_053-55a
054.md	1534	KR2k0060_WYG_053-55b
054.md	1548	KR2k0060_WYG_053-56a
054.md	1561	KR2k0060_WYG_053-56b
054.md	1576	KR2k0060_WYG_053-57a
054.md	1592	KR2k0060_WYG_053-57b
054.md	1603	KR2k0060_WYG_053-58a
054.md	1617	KR2k0060_WYG_053-58b
054.md	1628	KR2k0060_WYG_053-59a
054.md	1644	KR2k0060_WYG_053-59b
054.md	1660	KR2k0060_WYG_053-60a
054.md	1673	KR2k0060_WYG_053-60b
054.md	1689	KR2k0060_WYG_053-61a
054.md	1703	KR2k0060_WYG_053-61b
054.md	1719	KR2k0060_WYG_053-62a
054.md	1732	KR2k0060_WYG_053-62b
054.md	1744	KR2k0060_WYG_053-63a
054.md	1757	KR2k0060_WYG_053-63b
054.md	1773	KR2k0060_WYG_053-64a
054.md	1788	KR2k0060_WYG_053-64b
054.md	1804	KR2k0060_WYG_053-65a
054.md	1820	KR2k0060_WYG_053-65b
054.md	1836	KR2k0060_WYG_053-66a
054.md	1852	KR2k0060_WYG_053-66b
054.md	1868	KR2k0060_WYG_053-67a
054.md	1884	KR2k0060_WYG_053-67b
054.md	1894	KR2k0060_WYG_053-68a
054.md	1905	KR2k0060_WYG_053-68b
054.md	1921	KR2k0060_WYG_053-69a
054.md	1937	KR2k0060_WYG_053-69b
054.md	1953	KR2k0060_WYG_053-70a
054.md	1969	KR2k0060_WYG_053-70b
054.md	1985	KR2k0060_WYG_053-71a
054.md	2000	KR2k0060_WYG_053-71b
054.md	2016	KR2k0060_WYG_053-72a
054.md	2032	KR2k0060_WYG_053-72b
054.md	2048	KR2k0060_WYG_053-73a
054.md	2063	KR2k0060_WYG_053-73b
054.md	2078	KR2k0060_WYG_053-74a
054.md	2094	KR2k0060_WYG_053-74b
054.md	2110	KR2k0060_WYG_053-75a
054.md	2125	KR2k0060_WYG_053-75b
054.md	2138	KR2k0060_WYG_053-76a
054.md	2150	KR2k0060_WYG_053-76b
054.md	2166	KR2k0060_WYG_053-77a
054.md	2174	KR2k0060_WYG_053-77b
055.md	3	KR2k0060_WYG_054-1a
055.md	19	KR2k0060_WYG_054-1b
055.md	35	KR2k0060_WYG_054-2a
055.md	50	KR2k0060_WYG_054-2b
055.md	66	KR2k0060_WYG_054-3a
055.md	78	KR2k0060_WYG_054-3b
055.md	86	KR2k0060_WYG_054-4a
055.md	100	KR2k0060_WYG_054-4b
055.md	115	KR2k0060_WYG_054-5a
055.md	128	KR2k0060_WYG_054-5b
055.md	144	KR2k0060_WYG_054-6a
055.md	160	KR2k0060_WYG_054-6b
055.md	174	KR2k0060_WYG_054-7a
055.md	188	KR2k0060_WYG_054-7b
055.md	202	KR2k0060_WYG_054-8a
055.md	216	KR2k0060_WYG_054-8b
055.md	232	KR2k0060_WYG_054-9a
055.md	247	KR2k0060_WYG_054-9b
055.md	262	KR2k0060_WYG_054-10a
055.md	275	KR2k0060_WYG_054-10b
055.md	291	KR2k0060_WYG_054-11a
055.md	307	KR2k0060_WYG_054-11b
055.md	321	KR2k0060_WYG_054-12a
055.md	337	KR2k0060_WYG_054-12b
055.md	352	KR2k0060_WYG_054-13a
055.md	367	KR2k0060_WYG_054-13b
055.md	381	KR2k0060_WYG_054-14a
055.md	394	KR2k0060_WYG_054-14b
055.md	410	KR2k0060_WYG_054-15a
055.md	426	KR2k0060_WYG_054-15b
055.md	437	KR2k0060_WYG_054-16a
055.md	452	KR2k0060_WYG_054-16b
055.md	468	KR2k0060_WYG_054-17a
055.md	483	KR2k0060_WYG_054-17b
055.md	498	KR2k0060_WYG_054-18a
055.md	514	KR2k0060_WYG_054-18b
055.md	530	KR2k0060_WYG_054-19a
055.md	545	KR2k0060_WYG_054-19b
055.md	559	KR2k0060_WYG_054-20a
055.md	572	KR2k0060_WYG_054-20b
055.md	586	KR2k0060_WYG_054-21a
055.md	600	KR2k0060_WYG_054-21b
055.md	613	KR2k0060_WYG_054-22a
055.md	627	KR2k0060_WYG_054-22b
055.md	643	KR2k0060_WYG_054-23a
055.md	656	KR2k0060_WYG_054-23b
055.md	670	KR2k0060_WYG_054-24a
055.md	686	KR2k0060_WYG_054-24b
055.md	701	KR2k0060_WYG_054-25a
055.md	715	KR2k0060_WYG_054-25b
055.md	731	KR2k0060_WYG_054-26a
055.md	745	KR2k0060_WYG_054-26b
055.md	760	KR2k0060_WYG_054-27a
055.md	776	KR2k0060_WYG_054-27b
055.md	790	KR2k0060_WYG_054-28a
055.md	805	KR2k0060_WYG_054-28b
055.md	816	KR2k0060_WYG_054-29a
055.md	830	KR2k0060_WYG_054-29b
055.md	846	KR2k0060_WYG_054-30a
055.md	858	KR2k0060_WYG_054-30b
055.md	871	KR2k0060_WYG_054-31a
055.md	886	KR2k0060_WYG_054-31b
055.md	901	KR2k0060_WYG_054-32a
055.md	916	KR2k0060_WYG_054-32b
055.md	931	KR2k0060_WYG_054-33a
055.md	947	KR2k0060_WYG_054-33b
055.md	962	KR2k0060_WYG_054-34a
055.md	978	KR2k0060_WYG_054-34b
055.md	993	KR2k0060_WYG_054-35a
055.md	1009	KR2k0060_WYG_054-35b
055.md	1023	KR2k0060_WYG_054-36a
055.md	1038	KR2k0060_WYG_054-36b
055.md	1053	KR2k0060_WYG_054-37a
055.md	1068	KR2k0060_WYG_054-37b
055.md	1081	KR2k0060_WYG_054-38a
055.md	1097	KR2k0060_WYG_054-38b
055.md	1113	KR2k0060_WYG_054-39a
055.md	1125	KR2k0060_WYG_054-39b
055.md	1138	KR2k0060_WYG_054-40a
055.md	1153	KR2k0060_WYG_054-40b
055.md	1167	KR2k0060_WYG_054-41a
055.md	1182	KR2k0060_WYG_054-41b
055.md	1197	KR2k0060_WYG_054-42a
055.md	1207	KR2k0060_WYG_054-42b
055.md	1220	KR2k0060_WYG_054-43a
055.md	1232	KR2k0060_WYG_054-43b
055.md	1248	KR2k0060_WYG_054-44a
055.md	1264	KR2k0060_WYG_054-44b
055.md	1278	KR2k0060_WYG_054-45a
055.md	1293	KR2k0060_WYG_054-45b
055.md	1306	KR2k0060_WYG_054-46a
055.md	1319	KR2k0060_WYG_054-46b
055.md	1333	KR2k0060_WYG_054-47a
055.md	1345	KR2k0060_WYG_054-47b
055.md	1359	KR2k0060_WYG_054-48a
055.md	1375	KR2k0060_WYG_054-48b
055.md	1389	KR2k0060_WYG_054-49a
055.md	1399	KR2k0060_WYG_054-49b
055.md	1410	KR2k0060_WYG_054-50a
055.md	1426	KR2k0060_WYG_054-50b
055.md	1441	KR2k0060_WYG_054-51a
055.md	1457	KR2k0060_WYG_054-51b
055.md	1470	KR2k0060_WYG_054-52a
055.md	1486	KR2k0060_WYG_054-52b
055.md	1499	KR2k0060_WYG_054-53a
055.md	1512	KR2k0060_WYG_054-53b
055.md	1525	KR2k0060_WYG_054-54a
055.md	1538	KR2k0060_WYG_054-54b
055.md	1554	KR2k0060_WYG_054-55a
055.md	1568	KR2k0060_WYG_054-55b
055.md	1582	KR2k0060_WYG_054-56a
055.md	1594	KR2k0060_WYG_054-56b
055.md	1609	KR2k0060_WYG_054-57a
055.md	1624	KR2k0060_WYG_054-57b
055.md	1639	KR2k0060_WYG_054-58a
055.md	1653	KR2k0060_WYG_054-58b
055.md	1667	KR2k0060_WYG_054-59a
055.md	1683	KR2k0060_WYG_054-59b
055.md	1699	KR2k0060_WYG_054-60a
055.md	1711	KR2k0060_WYG_054-60b
055.md	1725	KR2k0060_WYG_054-61a
055.md	1741	KR2k0060_WYG_054-61b
055.md	1757	KR2k0060_WYG_054-62a
055.md	1770	KR2k0060_WYG_054-62b
055.md	1784	KR2k0060_WYG_054-63a
055.md	1797	KR2k0060_WYG_054-63b
055.md	1810	KR2k0060_WYG_054-64a
055.md	1826	KR2k0060_WYG_054-64b
055.md	1842	KR2k0060_WYG_054-65a
055.md	1857	KR2k0060_WYG_054-65b
055.md	1870	KR2k0060_WYG_054-66a
055.md	1882	KR2k0060_WYG_054-66b
