file	line_no	pb
001.md	3	KR4h0160_WYG_000-1a
001.md	11	KR4h0160_WYG_000-1b
001.md	19	KR4h0160_WYG_000-2a
002.md	3	KR4h0160_WYG_000-3a
002.md	11	KR4h0160_WYG_000-3b
003.md	3	KR4h0160_WYG_001-1a
003.md	11	KR4h0160_WYG_001-1b
003.md	19	KR4h0160_WYG_001-2a
003.md	27	KR4h0160_WYG_001-2b
003.md	35	KR4h0160_WYG_001-3a
003.md	43	KR4h0160_WYG_001-3b
003.md	51	KR4h0160_WYG_001-4a
003.md	59	KR4h0160_WYG_001-4b
003.md	67	KR4h0160_WYG_001-5a
003.md	75	KR4h0160_WYG_001-5b
003.md	83	KR4h0160_WYG_001-6a
003.md	91	KR4h0160_WYG_001-6b
003.md	99	KR4h0160_WYG_001-7a
003.md	107	KR4h0160_WYG_001-7b
003.md	115	KR4h0160_WYG_001-8a
003.md	123	KR4h0160_WYG_001-8b
003.md	131	KR4h0160_WYG_001-9a
003.md	139	KR4h0160_WYG_001-9b
003.md	147	KR4h0160_WYG_001-10a
003.md	155	KR4h0160_WYG_001-10b
003.md	163	KR4h0160_WYG_001-11a
003.md	171	KR4h0160_WYG_001-11b
003.md	179	KR4h0160_WYG_001-12a
003.md	187	KR4h0160_WYG_001-12b
003.md	195	KR4h0160_WYG_001-13a
003.md	203	KR4h0160_WYG_001-13b
003.md	211	KR4h0160_WYG_001-14a
003.md	219	KR4h0160_WYG_001-14b
003.md	227	KR4h0160_WYG_001-15a
003.md	235	KR4h0160_WYG_001-15b
003.md	243	KR4h0160_WYG_001-16a
003.md	251	KR4h0160_WYG_001-16b
003.md	259	KR4h0160_WYG_001-17a
003.md	267	KR4h0160_WYG_001-17b
003.md	275	KR4h0160_WYG_001-18a
003.md	283	KR4h0160_WYG_001-18b
003.md	291	KR4h0160_WYG_001-19a
003.md	299	KR4h0160_WYG_001-19b
003.md	307	KR4h0160_WYG_001-20a
003.md	315	KR4h0160_WYG_001-20b
003.md	323	KR4h0160_WYG_001-21a
003.md	331	KR4h0160_WYG_001-21b
003.md	339	KR4h0160_WYG_001-22a
003.md	347	KR4h0160_WYG_001-22b
003.md	355	KR4h0160_WYG_001-23a
003.md	363	KR4h0160_WYG_001-23b
003.md	371	KR4h0160_WYG_001-24a
003.md	379	KR4h0160_WYG_001-24b
003.md	387	KR4h0160_WYG_001-25a
003.md	395	KR4h0160_WYG_001-25b
003.md	403	KR4h0160_WYG_001-26a
003.md	411	KR4h0160_WYG_001-26b
003.md	419	KR4h0160_WYG_001-27a
003.md	427	KR4h0160_WYG_001-27b
003.md	435	KR4h0160_WYG_001-28a
003.md	443	KR4h0160_WYG_001-28b
003.md	451	KR4h0160_WYG_001-29a
003.md	459	KR4h0160_WYG_001-29b
003.md	467	KR4h0160_WYG_001-30a
003.md	475	KR4h0160_WYG_001-30b
003.md	483	KR4h0160_WYG_001-31a
003.md	491	KR4h0160_WYG_001-31b
003.md	499	KR4h0160_WYG_001-32a
003.md	507	KR4h0160_WYG_001-32b
003.md	515	KR4h0160_WYG_001-33a
003.md	523	KR4h0160_WYG_001-33b
003.md	531	KR4h0160_WYG_001-34a
003.md	539	KR4h0160_WYG_001-34b
003.md	547	KR4h0160_WYG_001-35a
003.md	555	KR4h0160_WYG_001-35b
004.md	3	KR4h0160_WYG_002-1a
004.md	11	KR4h0160_WYG_002-1b
004.md	19	KR4h0160_WYG_002-2a
004.md	27	KR4h0160_WYG_002-2b
004.md	35	KR4h0160_WYG_002-3a
004.md	43	KR4h0160_WYG_002-3b
004.md	51	KR4h0160_WYG_002-4a
004.md	59	KR4h0160_WYG_002-4b
004.md	67	KR4h0160_WYG_002-5a
004.md	75	KR4h0160_WYG_002-5b
004.md	83	KR4h0160_WYG_002-6a
004.md	91	KR4h0160_WYG_002-6b
004.md	99	KR4h0160_WYG_002-7a
004.md	107	KR4h0160_WYG_002-7b
004.md	115	KR4h0160_WYG_002-8a
004.md	123	KR4h0160_WYG_002-8b
004.md	131	KR4h0160_WYG_002-9a
004.md	139	KR4h0160_WYG_002-9b
004.md	147	KR4h0160_WYG_002-10a
004.md	155	KR4h0160_WYG_002-10b
004.md	163	KR4h0160_WYG_002-11a
004.md	171	KR4h0160_WYG_002-11b
004.md	179	KR4h0160_WYG_002-12a
004.md	187	KR4h0160_WYG_002-12b
004.md	195	KR4h0160_WYG_002-13a
004.md	203	KR4h0160_WYG_002-13b
004.md	211	KR4h0160_WYG_002-14a
004.md	219	KR4h0160_WYG_002-14b
004.md	227	KR4h0160_WYG_002-15a
004.md	235	KR4h0160_WYG_002-15b
004.md	243	KR4h0160_WYG_002-16a
004.md	251	KR4h0160_WYG_002-16b
004.md	259	KR4h0160_WYG_002-17a
004.md	267	KR4h0160_WYG_002-17b
004.md	275	KR4h0160_WYG_002-18a
004.md	283	KR4h0160_WYG_002-18b
004.md	291	KR4h0160_WYG_002-19a
004.md	299	KR4h0160_WYG_002-19b
004.md	307	KR4h0160_WYG_002-20a
004.md	315	KR4h0160_WYG_002-20b
004.md	323	KR4h0160_WYG_002-21a
004.md	331	KR4h0160_WYG_002-21b
004.md	339	KR4h0160_WYG_002-22a
004.md	347	KR4h0160_WYG_002-22b
004.md	355	KR4h0160_WYG_002-23a
004.md	363	KR4h0160_WYG_002-23b
004.md	371	KR4h0160_WYG_002-24a
004.md	379	KR4h0160_WYG_002-24b
004.md	387	KR4h0160_WYG_002-25a
004.md	395	KR4h0160_WYG_002-25b
004.md	403	KR4h0160_WYG_002-26a
004.md	411	KR4h0160_WYG_002-26b
004.md	419	KR4h0160_WYG_002-27a
004.md	427	KR4h0160_WYG_002-27b
004.md	435	KR4h0160_WYG_002-28a
004.md	443	KR4h0160_WYG_002-28b
004.md	451	KR4h0160_WYG_002-29a
004.md	459	KR4h0160_WYG_002-29b
004.md	467	KR4h0160_WYG_002-30a
004.md	475	KR4h0160_WYG_002-30b
004.md	483	KR4h0160_WYG_002-31a
004.md	491	KR4h0160_WYG_002-31b
004.md	499	KR4h0160_WYG_002-32a
004.md	507	KR4h0160_WYG_002-32b
004.md	515	KR4h0160_WYG_002-33a
004.md	523	KR4h0160_WYG_002-33b
004.md	531	KR4h0160_WYG_002-34a
004.md	539	KR4h0160_WYG_002-34b
004.md	547	KR4h0160_WYG_002-35a
004.md	555	KR4h0160_WYG_002-35b
004.md	563	KR4h0160_WYG_002-36a
004.md	571	KR4h0160_WYG_002-36b
004.md	579	KR4h0160_WYG_002-37a
004.md	587	KR4h0160_WYG_002-37b
004.md	595	KR4h0160_WYG_002-38a
004.md	603	KR4h0160_WYG_002-38b
005.md	3	KR4h0160_WYG_003-1a
005.md	11	KR4h0160_WYG_003-1b
005.md	19	KR4h0160_WYG_003-2a
005.md	27	KR4h0160_WYG_003-2b
005.md	35	KR4h0160_WYG_003-3a
005.md	43	KR4h0160_WYG_003-3b
005.md	51	KR4h0160_WYG_003-4a
005.md	59	KR4h0160_WYG_003-4b
005.md	67	KR4h0160_WYG_003-5a
005.md	75	KR4h0160_WYG_003-5b
005.md	83	KR4h0160_WYG_003-6a
005.md	91	KR4h0160_WYG_003-6b
005.md	99	KR4h0160_WYG_003-7a
005.md	107	KR4h0160_WYG_003-7b
005.md	115	KR4h0160_WYG_003-8a
005.md	123	KR4h0160_WYG_003-8b
005.md	131	KR4h0160_WYG_003-9a
005.md	139	KR4h0160_WYG_003-9b
005.md	147	KR4h0160_WYG_003-10a
005.md	155	KR4h0160_WYG_003-10b
005.md	163	KR4h0160_WYG_003-11a
005.md	171	KR4h0160_WYG_003-11b
005.md	179	KR4h0160_WYG_003-12a
005.md	187	KR4h0160_WYG_003-12b
005.md	195	KR4h0160_WYG_003-13a
005.md	203	KR4h0160_WYG_003-13b
005.md	211	KR4h0160_WYG_003-14a
005.md	219	KR4h0160_WYG_003-14b
005.md	227	KR4h0160_WYG_003-15a
005.md	235	KR4h0160_WYG_003-15b
005.md	243	KR4h0160_WYG_003-16a
005.md	251	KR4h0160_WYG_003-16b
005.md	259	KR4h0160_WYG_003-17a
005.md	267	KR4h0160_WYG_003-17b
005.md	275	KR4h0160_WYG_003-18a
005.md	283	KR4h0160_WYG_003-18b
005.md	291	KR4h0160_WYG_003-19a
005.md	299	KR4h0160_WYG_003-19b
005.md	307	KR4h0160_WYG_003-20a
005.md	315	KR4h0160_WYG_003-20b
005.md	323	KR4h0160_WYG_003-21a
005.md	331	KR4h0160_WYG_003-21b
005.md	339	KR4h0160_WYG_003-22a
005.md	347	KR4h0160_WYG_003-22b
005.md	355	KR4h0160_WYG_003-23a
005.md	363	KR4h0160_WYG_003-23b
005.md	371	KR4h0160_WYG_003-24a
005.md	379	KR4h0160_WYG_003-24b
005.md	387	KR4h0160_WYG_003-25a
005.md	395	KR4h0160_WYG_003-25b
005.md	403	KR4h0160_WYG_003-26a
005.md	411	KR4h0160_WYG_003-26b
005.md	419	KR4h0160_WYG_003-27a
005.md	427	KR4h0160_WYG_003-27b
005.md	435	KR4h0160_WYG_003-28a
005.md	443	KR4h0160_WYG_003-28b
005.md	451	KR4h0160_WYG_003-29a
005.md	459	KR4h0160_WYG_003-29b
005.md	467	KR4h0160_WYG_003-30a
005.md	475	KR4h0160_WYG_003-30b
005.md	483	KR4h0160_WYG_003-31a
005.md	491	KR4h0160_WYG_003-31b
005.md	499	KR4h0160_WYG_003-32a
005.md	507	KR4h0160_WYG_003-32b
005.md	515	KR4h0160_WYG_003-33a
005.md	523	KR4h0160_WYG_003-33b
005.md	531	KR4h0160_WYG_003-34a
005.md	539	KR4h0160_WYG_003-34b
005.md	547	KR4h0160_WYG_003-35a
005.md	555	KR4h0160_WYG_003-35b
005.md	563	KR4h0160_WYG_003-36a
005.md	571	KR4h0160_WYG_003-36b
005.md	579	KR4h0160_WYG_003-37a
005.md	587	KR4h0160_WYG_003-37b
005.md	595	KR4h0160_WYG_003-38a
005.md	603	KR4h0160_WYG_003-38b
005.md	611	KR4h0160_WYG_003-39a
005.md	619	KR4h0160_WYG_003-39b
005.md	627	KR4h0160_WYG_003-40a
005.md	635	KR4h0160_WYG_003-40b
005.md	643	KR4h0160_WYG_003-41a
005.md	651	KR4h0160_WYG_003-41b
005.md	659	KR4h0160_WYG_003-42a
005.md	667	KR4h0160_WYG_003-42b
005.md	675	KR4h0160_WYG_003-43a
005.md	683	KR4h0160_WYG_003-43b
005.md	691	KR4h0160_WYG_003-44a
005.md	699	KR4h0160_WYG_003-44b
005.md	707	KR4h0160_WYG_003-45a
005.md	715	KR4h0160_WYG_003-45b
005.md	723	KR4h0160_WYG_003-46a
005.md	731	KR4h0160_WYG_003-46b
005.md	739	KR4h0160_WYG_003-47a
005.md	747	KR4h0160_WYG_003-47b
005.md	755	KR4h0160_WYG_003-48a
005.md	763	KR4h0160_WYG_003-48b
005.md	771	KR4h0160_WYG_003-49a
005.md	779	KR4h0160_WYG_003-49b
006.md	3	KR4h0160_WYG_004-1a
006.md	11	KR4h0160_WYG_004-1b
006.md	19	KR4h0160_WYG_004-2a
006.md	27	KR4h0160_WYG_004-2b
006.md	35	KR4h0160_WYG_004-3a
006.md	43	KR4h0160_WYG_004-3b
006.md	51	KR4h0160_WYG_004-4a
006.md	59	KR4h0160_WYG_004-4b
006.md	67	KR4h0160_WYG_004-5a
006.md	75	KR4h0160_WYG_004-5b
006.md	83	KR4h0160_WYG_004-6a
006.md	91	KR4h0160_WYG_004-6b
006.md	99	KR4h0160_WYG_004-7a
006.md	107	KR4h0160_WYG_004-7b
006.md	115	KR4h0160_WYG_004-8a
006.md	123	KR4h0160_WYG_004-8b
006.md	131	KR4h0160_WYG_004-9a
006.md	139	KR4h0160_WYG_004-9b
006.md	147	KR4h0160_WYG_004-10a
006.md	155	KR4h0160_WYG_004-10b
006.md	163	KR4h0160_WYG_004-11a
006.md	171	KR4h0160_WYG_004-11b
006.md	179	KR4h0160_WYG_004-12a
006.md	187	KR4h0160_WYG_004-12b
006.md	195	KR4h0160_WYG_004-13a
006.md	203	KR4h0160_WYG_004-13b
006.md	211	KR4h0160_WYG_004-14a
006.md	219	KR4h0160_WYG_004-14b
006.md	227	KR4h0160_WYG_004-15a
006.md	235	KR4h0160_WYG_004-15b
006.md	243	KR4h0160_WYG_004-16a
006.md	251	KR4h0160_WYG_004-16b
006.md	259	KR4h0160_WYG_004-17a
006.md	267	KR4h0160_WYG_004-17b
006.md	275	KR4h0160_WYG_004-18a
006.md	283	KR4h0160_WYG_004-18b
006.md	291	KR4h0160_WYG_004-19a
006.md	299	KR4h0160_WYG_004-19b
006.md	307	KR4h0160_WYG_004-20a
006.md	315	KR4h0160_WYG_004-20b
006.md	323	KR4h0160_WYG_004-21a
006.md	331	KR4h0160_WYG_004-21b
006.md	339	KR4h0160_WYG_004-22a
006.md	347	KR4h0160_WYG_004-22b
006.md	355	KR4h0160_WYG_004-23a
006.md	363	KR4h0160_WYG_004-23b
006.md	371	KR4h0160_WYG_004-24a
006.md	379	KR4h0160_WYG_004-24b
006.md	387	KR4h0160_WYG_004-25a
006.md	395	KR4h0160_WYG_004-25b
006.md	403	KR4h0160_WYG_004-26a
006.md	411	KR4h0160_WYG_004-26b
006.md	419	KR4h0160_WYG_004-27a
006.md	427	KR4h0160_WYG_004-27b
006.md	435	KR4h0160_WYG_004-28a
006.md	443	KR4h0160_WYG_004-28b
006.md	451	KR4h0160_WYG_004-29a
006.md	459	KR4h0160_WYG_004-29b
006.md	467	KR4h0160_WYG_004-30a
006.md	475	KR4h0160_WYG_004-30b
006.md	483	KR4h0160_WYG_004-31a
006.md	491	KR4h0160_WYG_004-31b
006.md	499	KR4h0160_WYG_004-32a
006.md	507	KR4h0160_WYG_004-32b
006.md	515	KR4h0160_WYG_004-33a
006.md	523	KR4h0160_WYG_004-33b
006.md	531	KR4h0160_WYG_004-34a
006.md	539	KR4h0160_WYG_004-34b
007.md	3	KR4h0160_WYG_005-1a
007.md	11	KR4h0160_WYG_005-1b
007.md	19	KR4h0160_WYG_005-2a
007.md	27	KR4h0160_WYG_005-2b
007.md	35	KR4h0160_WYG_005-3a
007.md	43	KR4h0160_WYG_005-3b
007.md	51	KR4h0160_WYG_005-4a
007.md	59	KR4h0160_WYG_005-4b
007.md	67	KR4h0160_WYG_005-5a
007.md	75	KR4h0160_WYG_005-5b
007.md	83	KR4h0160_WYG_005-6a
007.md	91	KR4h0160_WYG_005-6b
007.md	99	KR4h0160_WYG_005-7a
007.md	107	KR4h0160_WYG_005-7b
007.md	115	KR4h0160_WYG_005-8a
007.md	123	KR4h0160_WYG_005-8b
007.md	131	KR4h0160_WYG_005-9a
007.md	139	KR4h0160_WYG_005-9b
007.md	147	KR4h0160_WYG_005-10a
007.md	155	KR4h0160_WYG_005-10b
007.md	163	KR4h0160_WYG_005-11a
007.md	171	KR4h0160_WYG_005-11b
007.md	179	KR4h0160_WYG_005-12a
007.md	187	KR4h0160_WYG_005-12b
007.md	195	KR4h0160_WYG_005-13a
007.md	203	KR4h0160_WYG_005-13b
007.md	211	KR4h0160_WYG_005-14a
007.md	219	KR4h0160_WYG_005-14b
007.md	227	KR4h0160_WYG_005-15a
007.md	235	KR4h0160_WYG_005-15b
007.md	243	KR4h0160_WYG_005-16a
007.md	251	KR4h0160_WYG_005-16b
007.md	259	KR4h0160_WYG_005-17a
007.md	267	KR4h0160_WYG_005-17b
007.md	275	KR4h0160_WYG_005-18a
007.md	283	KR4h0160_WYG_005-18b
007.md	291	KR4h0160_WYG_005-19a
007.md	299	KR4h0160_WYG_005-19b
007.md	307	KR4h0160_WYG_005-20a
007.md	315	KR4h0160_WYG_005-20b
007.md	323	KR4h0160_WYG_005-21a
007.md	331	KR4h0160_WYG_005-21b
007.md	339	KR4h0160_WYG_005-22a
007.md	347	KR4h0160_WYG_005-22b
007.md	355	KR4h0160_WYG_005-23a
007.md	363	KR4h0160_WYG_005-23b
007.md	371	KR4h0160_WYG_005-24a
007.md	379	KR4h0160_WYG_005-24b
007.md	387	KR4h0160_WYG_005-25a
007.md	395	KR4h0160_WYG_005-25b
007.md	403	KR4h0160_WYG_005-26a
007.md	411	KR4h0160_WYG_005-26b
007.md	419	KR4h0160_WYG_005-27a
007.md	427	KR4h0160_WYG_005-27b
007.md	435	KR4h0160_WYG_005-28a
007.md	443	KR4h0160_WYG_005-28b
007.md	451	KR4h0160_WYG_005-29a
007.md	459	KR4h0160_WYG_005-29b
007.md	467	KR4h0160_WYG_005-30a
007.md	475	KR4h0160_WYG_005-30b
007.md	483	KR4h0160_WYG_005-31a
007.md	491	KR4h0160_WYG_005-31b
007.md	499	KR4h0160_WYG_005-32a
007.md	507	KR4h0160_WYG_005-32b
007.md	515	KR4h0160_WYG_005-33a
007.md	523	KR4h0160_WYG_005-33b
007.md	531	KR4h0160_WYG_005-34a
007.md	539	KR4h0160_WYG_005-34b
008.md	3	KR4h0160_WYG_006-1a
008.md	11	KR4h0160_WYG_006-1b
008.md	19	KR4h0160_WYG_006-2a
008.md	27	KR4h0160_WYG_006-2b
008.md	35	KR4h0160_WYG_006-3a
008.md	43	KR4h0160_WYG_006-3b
008.md	51	KR4h0160_WYG_006-4a
008.md	59	KR4h0160_WYG_006-4b
008.md	67	KR4h0160_WYG_006-5a
008.md	75	KR4h0160_WYG_006-5b
008.md	83	KR4h0160_WYG_006-6a
008.md	91	KR4h0160_WYG_006-6b
008.md	99	KR4h0160_WYG_006-7a
008.md	107	KR4h0160_WYG_006-7b
008.md	115	KR4h0160_WYG_006-8a
008.md	123	KR4h0160_WYG_006-8b
008.md	131	KR4h0160_WYG_006-9a
008.md	139	KR4h0160_WYG_006-9b
008.md	147	KR4h0160_WYG_006-10a
008.md	155	KR4h0160_WYG_006-10b
008.md	163	KR4h0160_WYG_006-11a
008.md	171	KR4h0160_WYG_006-11b
008.md	179	KR4h0160_WYG_006-12a
008.md	187	KR4h0160_WYG_006-12b
008.md	195	KR4h0160_WYG_006-13a
008.md	203	KR4h0160_WYG_006-13b
008.md	211	KR4h0160_WYG_006-14a
008.md	219	KR4h0160_WYG_006-14b
008.md	227	KR4h0160_WYG_006-15a
008.md	235	KR4h0160_WYG_006-15b
008.md	243	KR4h0160_WYG_006-16a
008.md	251	KR4h0160_WYG_006-16b
008.md	259	KR4h0160_WYG_006-17a
008.md	267	KR4h0160_WYG_006-17b
008.md	275	KR4h0160_WYG_006-18a
008.md	283	KR4h0160_WYG_006-18b
008.md	291	KR4h0160_WYG_006-19a
008.md	299	KR4h0160_WYG_006-19b
008.md	307	KR4h0160_WYG_006-20a
008.md	315	KR4h0160_WYG_006-20b
008.md	323	KR4h0160_WYG_006-21a
008.md	331	KR4h0160_WYG_006-21b
008.md	339	KR4h0160_WYG_006-22a
008.md	347	KR4h0160_WYG_006-22b
008.md	355	KR4h0160_WYG_006-23a
008.md	363	KR4h0160_WYG_006-23b
008.md	371	KR4h0160_WYG_006-24a
008.md	379	KR4h0160_WYG_006-24b
008.md	387	KR4h0160_WYG_006-25a
008.md	395	KR4h0160_WYG_006-25b
008.md	403	KR4h0160_WYG_006-26a
008.md	411	KR4h0160_WYG_006-26b
008.md	419	KR4h0160_WYG_006-27a
008.md	427	KR4h0160_WYG_006-27b
008.md	435	KR4h0160_WYG_006-28a
008.md	443	KR4h0160_WYG_006-28b
008.md	451	KR4h0160_WYG_006-29a
008.md	459	KR4h0160_WYG_006-29b
008.md	467	KR4h0160_WYG_006-30a
008.md	475	KR4h0160_WYG_006-30b
008.md	483	KR4h0160_WYG_006-31a
008.md	491	KR4h0160_WYG_006-31b
008.md	499	KR4h0160_WYG_006-32a
008.md	507	KR4h0160_WYG_006-32b
008.md	515	KR4h0160_WYG_006-33a
008.md	523	KR4h0160_WYG_006-33b
008.md	531	KR4h0160_WYG_006-34a
008.md	539	KR4h0160_WYG_006-34b
008.md	547	KR4h0160_WYG_006-35a
008.md	555	KR4h0160_WYG_006-35b
008.md	563	KR4h0160_WYG_006-36a
008.md	571	KR4h0160_WYG_006-36b
008.md	579	KR4h0160_WYG_006-37a
008.md	587	KR4h0160_WYG_006-37b
008.md	595	KR4h0160_WYG_006-38a
008.md	603	KR4h0160_WYG_006-38b
009.md	3	KR4h0160_WYG_007-1a
009.md	11	KR4h0160_WYG_007-1b
009.md	19	KR4h0160_WYG_007-2a
009.md	27	KR4h0160_WYG_007-2b
009.md	35	KR4h0160_WYG_007-3a
009.md	43	KR4h0160_WYG_007-3b
009.md	51	KR4h0160_WYG_007-4a
009.md	59	KR4h0160_WYG_007-4b
009.md	67	KR4h0160_WYG_007-5a
009.md	75	KR4h0160_WYG_007-5b
009.md	83	KR4h0160_WYG_007-6a
009.md	91	KR4h0160_WYG_007-6b
009.md	99	KR4h0160_WYG_007-7a
009.md	107	KR4h0160_WYG_007-7b
009.md	115	KR4h0160_WYG_007-8a
009.md	123	KR4h0160_WYG_007-8b
009.md	131	KR4h0160_WYG_007-9a
009.md	139	KR4h0160_WYG_007-9b
009.md	147	KR4h0160_WYG_007-10a
009.md	155	KR4h0160_WYG_007-10b
009.md	163	KR4h0160_WYG_007-11a
009.md	171	KR4h0160_WYG_007-11b
009.md	179	KR4h0160_WYG_007-12a
009.md	187	KR4h0160_WYG_007-12b
009.md	195	KR4h0160_WYG_007-13a
009.md	203	KR4h0160_WYG_007-13b
009.md	211	KR4h0160_WYG_007-14a
009.md	219	KR4h0160_WYG_007-14b
009.md	227	KR4h0160_WYG_007-15a
009.md	235	KR4h0160_WYG_007-15b
009.md	243	KR4h0160_WYG_007-16a
009.md	251	KR4h0160_WYG_007-16b
009.md	259	KR4h0160_WYG_007-17a
009.md	267	KR4h0160_WYG_007-17b
009.md	275	KR4h0160_WYG_007-18a
009.md	283	KR4h0160_WYG_007-18b
009.md	291	KR4h0160_WYG_007-19a
009.md	299	KR4h0160_WYG_007-19b
009.md	307	KR4h0160_WYG_007-20a
009.md	315	KR4h0160_WYG_007-20b
009.md	323	KR4h0160_WYG_007-21a
009.md	331	KR4h0160_WYG_007-21b
009.md	339	KR4h0160_WYG_007-22a
009.md	347	KR4h0160_WYG_007-22b
009.md	355	KR4h0160_WYG_007-23a
009.md	363	KR4h0160_WYG_007-23b
009.md	371	KR4h0160_WYG_007-24a
009.md	379	KR4h0160_WYG_007-24b
009.md	387	KR4h0160_WYG_007-25a
009.md	395	KR4h0160_WYG_007-25b
009.md	403	KR4h0160_WYG_007-26a
009.md	411	KR4h0160_WYG_007-26b
009.md	419	KR4h0160_WYG_007-27a
009.md	427	KR4h0160_WYG_007-27b
009.md	435	KR4h0160_WYG_007-28a
009.md	443	KR4h0160_WYG_007-28b
009.md	451	KR4h0160_WYG_007-29a
009.md	459	KR4h0160_WYG_007-29b
009.md	467	KR4h0160_WYG_007-30a
009.md	475	KR4h0160_WYG_007-30b
009.md	483	KR4h0160_WYG_007-31a
009.md	491	KR4h0160_WYG_007-31b
009.md	499	KR4h0160_WYG_007-32a
009.md	507	KR4h0160_WYG_007-32b
009.md	515	KR4h0160_WYG_007-33a
009.md	523	KR4h0160_WYG_007-33b
009.md	531	KR4h0160_WYG_007-34a
009.md	539	KR4h0160_WYG_007-34b
009.md	547	KR4h0160_WYG_007-35a
009.md	555	KR4h0160_WYG_007-35b
009.md	563	KR4h0160_WYG_007-36a
009.md	571	KR4h0160_WYG_007-36b
009.md	579	KR4h0160_WYG_007-37a
009.md	587	KR4h0160_WYG_007-37b
009.md	595	KR4h0160_WYG_007-38a
009.md	603	KR4h0160_WYG_007-38b
009.md	611	KR4h0160_WYG_007-39a
009.md	619	KR4h0160_WYG_007-39b
010.md	3	KR4h0160_WYG_008-1a
010.md	11	KR4h0160_WYG_008-1b
010.md	19	KR4h0160_WYG_008-2a
010.md	27	KR4h0160_WYG_008-2b
010.md	35	KR4h0160_WYG_008-3a
010.md	43	KR4h0160_WYG_008-3b
010.md	51	KR4h0160_WYG_008-4a
010.md	59	KR4h0160_WYG_008-4b
010.md	67	KR4h0160_WYG_008-5a
010.md	75	KR4h0160_WYG_008-5b
010.md	83	KR4h0160_WYG_008-6a
010.md	91	KR4h0160_WYG_008-6b
010.md	99	KR4h0160_WYG_008-7a
010.md	107	KR4h0160_WYG_008-7b
010.md	115	KR4h0160_WYG_008-8a
010.md	123	KR4h0160_WYG_008-8b
010.md	131	KR4h0160_WYG_008-9a
010.md	139	KR4h0160_WYG_008-9b
010.md	147	KR4h0160_WYG_008-10a
010.md	155	KR4h0160_WYG_008-10b
010.md	163	KR4h0160_WYG_008-11a
010.md	171	KR4h0160_WYG_008-11b
010.md	179	KR4h0160_WYG_008-12a
010.md	187	KR4h0160_WYG_008-12b
010.md	195	KR4h0160_WYG_008-13a
010.md	203	KR4h0160_WYG_008-13b
010.md	211	KR4h0160_WYG_008-14a
010.md	219	KR4h0160_WYG_008-14b
010.md	227	KR4h0160_WYG_008-15a
010.md	235	KR4h0160_WYG_008-15b
010.md	243	KR4h0160_WYG_008-16a
010.md	251	KR4h0160_WYG_008-16b
010.md	259	KR4h0160_WYG_008-17a
010.md	267	KR4h0160_WYG_008-17b
010.md	275	KR4h0160_WYG_008-18a
010.md	283	KR4h0160_WYG_008-18b
010.md	291	KR4h0160_WYG_008-19a
010.md	299	KR4h0160_WYG_008-19b
010.md	307	KR4h0160_WYG_008-20a
010.md	315	KR4h0160_WYG_008-20b
010.md	323	KR4h0160_WYG_008-21a
010.md	331	KR4h0160_WYG_008-21b
010.md	339	KR4h0160_WYG_008-22a
010.md	347	KR4h0160_WYG_008-22b
010.md	355	KR4h0160_WYG_008-23a
010.md	363	KR4h0160_WYG_008-23b
010.md	371	KR4h0160_WYG_008-24a
010.md	379	KR4h0160_WYG_008-24b
010.md	387	KR4h0160_WYG_008-25a
010.md	395	KR4h0160_WYG_008-25b
010.md	403	KR4h0160_WYG_008-26a
010.md	411	KR4h0160_WYG_008-26b
010.md	419	KR4h0160_WYG_008-27a
010.md	427	KR4h0160_WYG_008-27b
010.md	435	KR4h0160_WYG_008-28a
010.md	443	KR4h0160_WYG_008-28b
010.md	451	KR4h0160_WYG_008-29a
010.md	459	KR4h0160_WYG_008-29b
010.md	467	KR4h0160_WYG_008-30a
010.md	475	KR4h0160_WYG_008-30b
010.md	483	KR4h0160_WYG_008-31a
010.md	491	KR4h0160_WYG_008-31b
010.md	499	KR4h0160_WYG_008-32a
010.md	507	KR4h0160_WYG_008-32b
010.md	515	KR4h0160_WYG_008-33a
010.md	523	KR4h0160_WYG_008-33b
010.md	531	KR4h0160_WYG_008-34a
010.md	539	KR4h0160_WYG_008-34b
010.md	547	KR4h0160_WYG_008-35a
010.md	555	KR4h0160_WYG_008-35b
010.md	563	KR4h0160_WYG_008-36a
010.md	571	KR4h0160_WYG_008-36b
010.md	579	KR4h0160_WYG_008-37a
010.md	587	KR4h0160_WYG_008-37b
010.md	595	KR4h0160_WYG_008-38a
010.md	603	KR4h0160_WYG_008-38b
010.md	611	KR4h0160_WYG_008-39a
010.md	619	KR4h0160_WYG_008-39b
010.md	627	KR4h0160_WYG_008-40a
010.md	635	KR4h0160_WYG_008-40b
010.md	643	KR4h0160_WYG_008-41a
010.md	651	KR4h0160_WYG_008-41b
011.md	3	KR4h0160_WYG_009-1a
011.md	11	KR4h0160_WYG_009-1b
011.md	19	KR4h0160_WYG_009-2a
011.md	27	KR4h0160_WYG_009-2b
011.md	35	KR4h0160_WYG_009-3a
011.md	43	KR4h0160_WYG_009-3b
011.md	51	KR4h0160_WYG_009-4a
011.md	59	KR4h0160_WYG_009-4b
011.md	67	KR4h0160_WYG_009-5a
011.md	75	KR4h0160_WYG_009-5b
011.md	83	KR4h0160_WYG_009-6a
011.md	91	KR4h0160_WYG_009-6b
011.md	99	KR4h0160_WYG_009-7a
011.md	107	KR4h0160_WYG_009-7b
011.md	115	KR4h0160_WYG_009-8a
011.md	123	KR4h0160_WYG_009-8b
011.md	131	KR4h0160_WYG_009-9a
011.md	139	KR4h0160_WYG_009-9b
011.md	147	KR4h0160_WYG_009-10a
011.md	155	KR4h0160_WYG_009-10b
011.md	163	KR4h0160_WYG_009-11a
011.md	171	KR4h0160_WYG_009-11b
011.md	179	KR4h0160_WYG_009-12a
011.md	187	KR4h0160_WYG_009-12b
011.md	195	KR4h0160_WYG_009-13a
011.md	203	KR4h0160_WYG_009-13b
011.md	211	KR4h0160_WYG_009-14a
011.md	219	KR4h0160_WYG_009-14b
011.md	227	KR4h0160_WYG_009-15a
011.md	235	KR4h0160_WYG_009-15b
011.md	243	KR4h0160_WYG_009-16a
011.md	251	KR4h0160_WYG_009-16b
011.md	259	KR4h0160_WYG_009-17a
011.md	267	KR4h0160_WYG_009-17b
011.md	275	KR4h0160_WYG_009-18a
011.md	283	KR4h0160_WYG_009-18b
011.md	291	KR4h0160_WYG_009-19a
011.md	299	KR4h0160_WYG_009-19b
011.md	307	KR4h0160_WYG_009-20a
011.md	315	KR4h0160_WYG_009-20b
011.md	323	KR4h0160_WYG_009-21a
011.md	331	KR4h0160_WYG_009-21b
011.md	339	KR4h0160_WYG_009-22a
011.md	347	KR4h0160_WYG_009-22b
011.md	355	KR4h0160_WYG_009-23a
011.md	363	KR4h0160_WYG_009-23b
011.md	371	KR4h0160_WYG_009-24a
011.md	379	KR4h0160_WYG_009-24b
011.md	387	KR4h0160_WYG_009-25a
011.md	395	KR4h0160_WYG_009-25b
011.md	403	KR4h0160_WYG_009-26a
011.md	411	KR4h0160_WYG_009-26b
011.md	419	KR4h0160_WYG_009-27a
011.md	427	KR4h0160_WYG_009-27b
011.md	435	KR4h0160_WYG_009-28a
011.md	443	KR4h0160_WYG_009-28b
011.md	451	KR4h0160_WYG_009-29a
011.md	459	KR4h0160_WYG_009-29b
012.md	3	KR4h0160_WYG_010-1a
012.md	11	KR4h0160_WYG_010-1b
012.md	19	KR4h0160_WYG_010-2a
012.md	27	KR4h0160_WYG_010-2b
012.md	35	KR4h0160_WYG_010-3a
012.md	43	KR4h0160_WYG_010-3b
012.md	51	KR4h0160_WYG_010-4a
012.md	59	KR4h0160_WYG_010-4b
012.md	67	KR4h0160_WYG_010-5a
012.md	75	KR4h0160_WYG_010-5b
012.md	83	KR4h0160_WYG_010-6a
012.md	91	KR4h0160_WYG_010-6b
012.md	99	KR4h0160_WYG_010-7a
012.md	107	KR4h0160_WYG_010-7b
012.md	115	KR4h0160_WYG_010-8a
012.md	123	KR4h0160_WYG_010-8b
012.md	131	KR4h0160_WYG_010-9a
012.md	139	KR4h0160_WYG_010-9b
012.md	147	KR4h0160_WYG_010-10a
012.md	155	KR4h0160_WYG_010-10b
012.md	163	KR4h0160_WYG_010-11a
012.md	171	KR4h0160_WYG_010-11b
012.md	179	KR4h0160_WYG_010-12a
012.md	187	KR4h0160_WYG_010-12b
012.md	195	KR4h0160_WYG_010-13a
012.md	203	KR4h0160_WYG_010-13b
012.md	211	KR4h0160_WYG_010-14a
012.md	219	KR4h0160_WYG_010-14b
012.md	227	KR4h0160_WYG_010-15a
012.md	235	KR4h0160_WYG_010-15b
012.md	243	KR4h0160_WYG_010-16a
012.md	251	KR4h0160_WYG_010-16b
012.md	259	KR4h0160_WYG_010-17a
012.md	267	KR4h0160_WYG_010-17b
012.md	275	KR4h0160_WYG_010-18a
012.md	283	KR4h0160_WYG_010-18b
012.md	291	KR4h0160_WYG_010-19a
012.md	299	KR4h0160_WYG_010-19b
012.md	307	KR4h0160_WYG_010-20a
012.md	315	KR4h0160_WYG_010-20b
012.md	323	KR4h0160_WYG_010-21a
012.md	331	KR4h0160_WYG_010-21b
012.md	339	KR4h0160_WYG_010-22a
012.md	347	KR4h0160_WYG_010-22b
012.md	355	KR4h0160_WYG_010-23a
012.md	363	KR4h0160_WYG_010-23b
012.md	371	KR4h0160_WYG_010-24a
012.md	379	KR4h0160_WYG_010-24b
013.md	3	KR4h0160_WYG_011-1a
013.md	11	KR4h0160_WYG_011-1b
013.md	19	KR4h0160_WYG_011-2a
013.md	27	KR4h0160_WYG_011-2b
013.md	35	KR4h0160_WYG_011-3a
013.md	43	KR4h0160_WYG_011-3b
013.md	51	KR4h0160_WYG_011-4a
013.md	59	KR4h0160_WYG_011-4b
013.md	67	KR4h0160_WYG_011-5a
013.md	75	KR4h0160_WYG_011-5b
013.md	83	KR4h0160_WYG_011-6a
013.md	91	KR4h0160_WYG_011-6b
013.md	99	KR4h0160_WYG_011-7a
013.md	107	KR4h0160_WYG_011-7b
013.md	115	KR4h0160_WYG_011-8a
013.md	123	KR4h0160_WYG_011-8b
013.md	131	KR4h0160_WYG_011-9a
013.md	139	KR4h0160_WYG_011-9b
013.md	147	KR4h0160_WYG_011-10a
013.md	155	KR4h0160_WYG_011-10b
013.md	163	KR4h0160_WYG_011-11a
013.md	171	KR4h0160_WYG_011-11b
013.md	179	KR4h0160_WYG_011-12a
013.md	187	KR4h0160_WYG_011-12b
013.md	195	KR4h0160_WYG_011-13a
013.md	203	KR4h0160_WYG_011-13b
013.md	211	KR4h0160_WYG_011-14a
013.md	219	KR4h0160_WYG_011-14b
013.md	227	KR4h0160_WYG_011-15a
013.md	235	KR4h0160_WYG_011-15b
013.md	243	KR4h0160_WYG_011-16a
013.md	251	KR4h0160_WYG_011-16b
013.md	259	KR4h0160_WYG_011-17a
013.md	267	KR4h0160_WYG_011-17b
013.md	275	KR4h0160_WYG_011-18a
013.md	283	KR4h0160_WYG_011-18b
013.md	291	KR4h0160_WYG_011-19a
013.md	299	KR4h0160_WYG_011-19b
013.md	307	KR4h0160_WYG_011-20a
013.md	315	KR4h0160_WYG_011-20b
013.md	323	KR4h0160_WYG_011-21a
013.md	331	KR4h0160_WYG_011-21b
013.md	339	KR4h0160_WYG_011-22a
013.md	347	KR4h0160_WYG_011-22b
013.md	355	KR4h0160_WYG_011-23a
013.md	363	KR4h0160_WYG_011-23b
013.md	371	KR4h0160_WYG_011-24a
013.md	379	KR4h0160_WYG_011-24b
013.md	387	KR4h0160_WYG_011-25a
013.md	395	KR4h0160_WYG_011-25b
013.md	403	KR4h0160_WYG_011-26a
013.md	411	KR4h0160_WYG_011-26b
013.md	419	KR4h0160_WYG_011-27a
013.md	427	KR4h0160_WYG_011-27b
013.md	435	KR4h0160_WYG_011-28a
013.md	443	KR4h0160_WYG_011-28b
013.md	451	KR4h0160_WYG_011-29a
013.md	459	KR4h0160_WYG_011-29b
013.md	467	KR4h0160_WYG_011-30a
013.md	475	KR4h0160_WYG_011-30b
013.md	483	KR4h0160_WYG_011-31a
013.md	491	KR4h0160_WYG_011-31b
013.md	499	KR4h0160_WYG_011-32a
013.md	507	KR4h0160_WYG_011-32b
013.md	515	KR4h0160_WYG_011-33a
013.md	523	KR4h0160_WYG_011-33b
013.md	531	KR4h0160_WYG_011-34a
013.md	539	KR4h0160_WYG_011-34b
013.md	547	KR4h0160_WYG_011-35a
013.md	555	KR4h0160_WYG_011-35b
013.md	563	KR4h0160_WYG_011-36a
013.md	571	KR4h0160_WYG_011-36b
013.md	579	KR4h0160_WYG_011-37a
013.md	587	KR4h0160_WYG_011-37b
013.md	595	KR4h0160_WYG_011-38a
013.md	603	KR4h0160_WYG_011-38b
013.md	611	KR4h0160_WYG_011-39a
013.md	619	KR4h0160_WYG_011-39b
013.md	627	KR4h0160_WYG_011-40a
013.md	635	KR4h0160_WYG_011-40b
013.md	643	KR4h0160_WYG_011-41a
013.md	651	KR4h0160_WYG_011-41b
013.md	659	KR4h0160_WYG_011-42a
013.md	667	KR4h0160_WYG_011-42b
013.md	675	KR4h0160_WYG_011-43a
013.md	683	KR4h0160_WYG_011-43b
013.md	691	KR4h0160_WYG_011-44a
013.md	699	KR4h0160_WYG_011-44b
013.md	707	KR4h0160_WYG_011-45a
013.md	715	KR4h0160_WYG_011-45b
014.md	3	KR4h0160_WYG_012-1a
014.md	11	KR4h0160_WYG_012-1b
014.md	19	KR4h0160_WYG_012-2a
014.md	27	KR4h0160_WYG_012-2b
014.md	35	KR4h0160_WYG_012-3a
014.md	43	KR4h0160_WYG_012-3b
014.md	51	KR4h0160_WYG_012-4a
014.md	59	KR4h0160_WYG_012-4b
014.md	67	KR4h0160_WYG_012-5a
014.md	75	KR4h0160_WYG_012-5b
014.md	83	KR4h0160_WYG_012-6a
014.md	91	KR4h0160_WYG_012-6b
014.md	99	KR4h0160_WYG_012-7a
014.md	107	KR4h0160_WYG_012-7b
014.md	115	KR4h0160_WYG_012-8a
014.md	123	KR4h0160_WYG_012-8b
014.md	131	KR4h0160_WYG_012-9a
014.md	139	KR4h0160_WYG_012-9b
014.md	147	KR4h0160_WYG_012-10a
014.md	155	KR4h0160_WYG_012-10b
014.md	163	KR4h0160_WYG_012-11a
014.md	171	KR4h0160_WYG_012-11b
014.md	179	KR4h0160_WYG_012-12a
014.md	187	KR4h0160_WYG_012-12b
014.md	195	KR4h0160_WYG_012-13a
014.md	203	KR4h0160_WYG_012-13b
014.md	211	KR4h0160_WYG_012-14a
014.md	219	KR4h0160_WYG_012-14b
014.md	227	KR4h0160_WYG_012-15a
014.md	235	KR4h0160_WYG_012-15b
014.md	243	KR4h0160_WYG_012-16a
014.md	251	KR4h0160_WYG_012-16b
014.md	259	KR4h0160_WYG_012-17a
014.md	267	KR4h0160_WYG_012-17b
014.md	275	KR4h0160_WYG_012-18a
014.md	283	KR4h0160_WYG_012-18b
014.md	291	KR4h0160_WYG_012-19a
014.md	299	KR4h0160_WYG_012-19b
014.md	307	KR4h0160_WYG_012-20a
014.md	315	KR4h0160_WYG_012-20b
014.md	323	KR4h0160_WYG_012-21a
014.md	331	KR4h0160_WYG_012-21b
014.md	339	KR4h0160_WYG_012-22a
014.md	347	KR4h0160_WYG_012-22b
014.md	355	KR4h0160_WYG_012-23a
014.md	363	KR4h0160_WYG_012-23b
014.md	371	KR4h0160_WYG_012-24a
014.md	379	KR4h0160_WYG_012-24b
014.md	387	KR4h0160_WYG_012-25a
014.md	395	KR4h0160_WYG_012-25b
014.md	403	KR4h0160_WYG_012-26a
014.md	411	KR4h0160_WYG_012-26b
014.md	419	KR4h0160_WYG_012-27a
014.md	427	KR4h0160_WYG_012-27b
014.md	435	KR4h0160_WYG_012-28a
014.md	443	KR4h0160_WYG_012-28b
014.md	451	KR4h0160_WYG_012-29a
014.md	459	KR4h0160_WYG_012-29b
014.md	467	KR4h0160_WYG_012-30a
014.md	475	KR4h0160_WYG_012-30b
014.md	483	KR4h0160_WYG_012-31a
014.md	491	KR4h0160_WYG_012-31b
014.md	499	KR4h0160_WYG_012-32a
014.md	507	KR4h0160_WYG_012-32b
014.md	515	KR4h0160_WYG_012-33a
014.md	523	KR4h0160_WYG_012-33b
014.md	531	KR4h0160_WYG_012-34a
014.md	539	KR4h0160_WYG_012-34b
014.md	547	KR4h0160_WYG_012-35a
014.md	555	KR4h0160_WYG_012-35b
014.md	563	KR4h0160_WYG_012-36a
014.md	571	KR4h0160_WYG_012-36b
014.md	579	KR4h0160_WYG_012-37a
014.md	587	KR4h0160_WYG_012-37b
014.md	595	KR4h0160_WYG_012-38a
014.md	603	KR4h0160_WYG_012-38b
014.md	611	KR4h0160_WYG_012-39a
014.md	619	KR4h0160_WYG_012-39b
014.md	627	KR4h0160_WYG_012-40a
014.md	635	KR4h0160_WYG_012-40b
014.md	643	KR4h0160_WYG_012-41a
014.md	651	KR4h0160_WYG_012-41b
014.md	659	KR4h0160_WYG_012-42a
014.md	667	KR4h0160_WYG_012-42b
014.md	675	KR4h0160_WYG_012-43a
014.md	683	KR4h0160_WYG_012-43b
014.md	691	KR4h0160_WYG_012-44a
014.md	699	KR4h0160_WYG_012-44b
014.md	707	KR4h0160_WYG_012-45a
014.md	715	KR4h0160_WYG_012-45b
014.md	723	KR4h0160_WYG_012-46a
014.md	731	KR4h0160_WYG_012-46b
014.md	739	KR4h0160_WYG_012-47a
014.md	747	KR4h0160_WYG_012-47b
014.md	755	KR4h0160_WYG_012-48a
014.md	763	KR4h0160_WYG_012-48b
014.md	771	KR4h0160_WYG_012-49a
014.md	779	KR4h0160_WYG_012-49b
014.md	787	KR4h0160_WYG_012-50a
014.md	795	KR4h0160_WYG_012-50b
014.md	803	KR4h0160_WYG_012-51a
014.md	811	KR4h0160_WYG_012-51b
014.md	819	KR4h0160_WYG_012-52a
014.md	827	KR4h0160_WYG_012-52b
014.md	835	KR4h0160_WYG_012-53a
014.md	843	KR4h0160_WYG_012-53b
014.md	851	KR4h0160_WYG_012-54a
014.md	859	KR4h0160_WYG_012-54b
014.md	867	KR4h0160_WYG_012-55a
014.md	875	KR4h0160_WYG_012-55b
014.md	883	KR4h0160_WYG_012-56a
014.md	891	KR4h0160_WYG_012-56b
014.md	899	KR4h0160_WYG_012-57a
014.md	907	KR4h0160_WYG_012-57b
014.md	915	KR4h0160_WYG_012-58a
014.md	923	KR4h0160_WYG_012-58b
015.md	3	KR4h0160_WYG_013-1a
015.md	11	KR4h0160_WYG_013-1b
015.md	19	KR4h0160_WYG_013-2a
015.md	27	KR4h0160_WYG_013-2b
015.md	35	KR4h0160_WYG_013-3a
015.md	43	KR4h0160_WYG_013-3b
015.md	51	KR4h0160_WYG_013-4a
015.md	59	KR4h0160_WYG_013-4b
015.md	67	KR4h0160_WYG_013-5a
015.md	75	KR4h0160_WYG_013-5b
015.md	83	KR4h0160_WYG_013-6a
015.md	91	KR4h0160_WYG_013-6b
015.md	99	KR4h0160_WYG_013-7a
015.md	107	KR4h0160_WYG_013-7b
015.md	115	KR4h0160_WYG_013-8a
015.md	123	KR4h0160_WYG_013-8b
015.md	131	KR4h0160_WYG_013-9a
015.md	139	KR4h0160_WYG_013-9b
015.md	147	KR4h0160_WYG_013-10a
015.md	155	KR4h0160_WYG_013-10b
015.md	163	KR4h0160_WYG_013-11a
015.md	171	KR4h0160_WYG_013-11b
015.md	179	KR4h0160_WYG_013-12a
015.md	187	KR4h0160_WYG_013-12b
015.md	195	KR4h0160_WYG_013-13a
015.md	203	KR4h0160_WYG_013-13b
015.md	211	KR4h0160_WYG_013-14a
015.md	219	KR4h0160_WYG_013-14b
015.md	227	KR4h0160_WYG_013-15a
015.md	235	KR4h0160_WYG_013-15b
015.md	243	KR4h0160_WYG_013-16a
015.md	251	KR4h0160_WYG_013-16b
015.md	259	KR4h0160_WYG_013-17a
015.md	267	KR4h0160_WYG_013-17b
015.md	275	KR4h0160_WYG_013-18a
015.md	283	KR4h0160_WYG_013-18b
015.md	291	KR4h0160_WYG_013-19a
015.md	299	KR4h0160_WYG_013-19b
015.md	307	KR4h0160_WYG_013-20a
015.md	315	KR4h0160_WYG_013-20b
015.md	323	KR4h0160_WYG_013-21a
015.md	331	KR4h0160_WYG_013-21b
015.md	339	KR4h0160_WYG_013-22a
015.md	347	KR4h0160_WYG_013-22b
015.md	355	KR4h0160_WYG_013-23a
015.md	363	KR4h0160_WYG_013-23b
015.md	371	KR4h0160_WYG_013-24a
015.md	379	KR4h0160_WYG_013-24b
015.md	387	KR4h0160_WYG_013-25a
015.md	395	KR4h0160_WYG_013-25b
015.md	403	KR4h0160_WYG_013-26a
015.md	411	KR4h0160_WYG_013-26b
015.md	419	KR4h0160_WYG_013-27a
015.md	427	KR4h0160_WYG_013-27b
015.md	435	KR4h0160_WYG_013-28a
015.md	443	KR4h0160_WYG_013-28b
015.md	451	KR4h0160_WYG_013-29a
015.md	459	KR4h0160_WYG_013-29b
015.md	467	KR4h0160_WYG_013-30a
015.md	475	KR4h0160_WYG_013-30b
015.md	483	KR4h0160_WYG_013-31a
015.md	491	KR4h0160_WYG_013-31b
015.md	499	KR4h0160_WYG_013-32a
015.md	507	KR4h0160_WYG_013-32b
015.md	515	KR4h0160_WYG_013-33a
015.md	523	KR4h0160_WYG_013-33b
015.md	531	KR4h0160_WYG_013-34a
015.md	539	KR4h0160_WYG_013-34b
016.md	3	KR4h0160_WYG_014-1a
016.md	11	KR4h0160_WYG_014-1b
016.md	19	KR4h0160_WYG_014-2a
016.md	27	KR4h0160_WYG_014-2b
016.md	35	KR4h0160_WYG_014-3a
016.md	43	KR4h0160_WYG_014-3b
016.md	51	KR4h0160_WYG_014-4a
016.md	59	KR4h0160_WYG_014-4b
016.md	67	KR4h0160_WYG_014-5a
016.md	75	KR4h0160_WYG_014-5b
016.md	83	KR4h0160_WYG_014-6a
016.md	91	KR4h0160_WYG_014-6b
016.md	99	KR4h0160_WYG_014-7a
016.md	107	KR4h0160_WYG_014-7b
016.md	115	KR4h0160_WYG_014-8a
016.md	123	KR4h0160_WYG_014-8b
016.md	131	KR4h0160_WYG_014-9a
016.md	139	KR4h0160_WYG_014-9b
016.md	147	KR4h0160_WYG_014-10a
016.md	155	KR4h0160_WYG_014-10b
016.md	163	KR4h0160_WYG_014-11a
016.md	171	KR4h0160_WYG_014-11b
016.md	179	KR4h0160_WYG_014-12a
016.md	187	KR4h0160_WYG_014-12b
016.md	195	KR4h0160_WYG_014-13a
016.md	203	KR4h0160_WYG_014-13b
016.md	211	KR4h0160_WYG_014-14a
016.md	219	KR4h0160_WYG_014-14b
016.md	227	KR4h0160_WYG_014-15a
016.md	235	KR4h0160_WYG_014-15b
016.md	243	KR4h0160_WYG_014-16a
016.md	251	KR4h0160_WYG_014-16b
016.md	259	KR4h0160_WYG_014-17a
016.md	267	KR4h0160_WYG_014-17b
016.md	275	KR4h0160_WYG_014-18a
016.md	283	KR4h0160_WYG_014-18b
016.md	291	KR4h0160_WYG_014-19a
016.md	299	KR4h0160_WYG_014-19b
016.md	307	KR4h0160_WYG_014-20a
016.md	315	KR4h0160_WYG_014-20b
016.md	323	KR4h0160_WYG_014-21a
016.md	331	KR4h0160_WYG_014-21b
016.md	339	KR4h0160_WYG_014-22a
016.md	347	KR4h0160_WYG_014-22b
016.md	355	KR4h0160_WYG_014-23a
016.md	363	KR4h0160_WYG_014-23b
016.md	371	KR4h0160_WYG_014-24a
016.md	379	KR4h0160_WYG_014-24b
016.md	387	KR4h0160_WYG_014-25a
016.md	395	KR4h0160_WYG_014-25b
016.md	403	KR4h0160_WYG_014-26a
016.md	411	KR4h0160_WYG_014-26b
016.md	419	KR4h0160_WYG_014-27a
016.md	427	KR4h0160_WYG_014-27b
016.md	435	KR4h0160_WYG_014-28a
016.md	443	KR4h0160_WYG_014-28b
016.md	451	KR4h0160_WYG_014-29a
016.md	459	KR4h0160_WYG_014-29b
016.md	467	KR4h0160_WYG_014-30a
016.md	475	KR4h0160_WYG_014-30b
016.md	483	KR4h0160_WYG_014-31a
016.md	491	KR4h0160_WYG_014-31b
016.md	499	KR4h0160_WYG_014-32a
016.md	507	KR4h0160_WYG_014-32b
016.md	515	KR4h0160_WYG_014-33a
016.md	523	KR4h0160_WYG_014-33b
016.md	531	KR4h0160_WYG_014-34a
016.md	539	KR4h0160_WYG_014-34b
016.md	547	KR4h0160_WYG_014-35a
016.md	555	KR4h0160_WYG_014-35b
016.md	563	KR4h0160_WYG_014-36a
016.md	571	KR4h0160_WYG_014-36b
016.md	579	KR4h0160_WYG_014-37a
016.md	587	KR4h0160_WYG_014-37b
017.md	3	KR4h0160_WYG_015-1a
017.md	11	KR4h0160_WYG_015-1b
017.md	19	KR4h0160_WYG_015-2a
017.md	27	KR4h0160_WYG_015-2b
017.md	35	KR4h0160_WYG_015-3a
017.md	43	KR4h0160_WYG_015-3b
017.md	51	KR4h0160_WYG_015-4a
017.md	59	KR4h0160_WYG_015-4b
017.md	67	KR4h0160_WYG_015-5a
017.md	75	KR4h0160_WYG_015-5b
017.md	83	KR4h0160_WYG_015-6a
017.md	91	KR4h0160_WYG_015-6b
017.md	99	KR4h0160_WYG_015-7a
017.md	107	KR4h0160_WYG_015-7b
017.md	115	KR4h0160_WYG_015-8a
017.md	123	KR4h0160_WYG_015-8b
017.md	131	KR4h0160_WYG_015-9a
017.md	139	KR4h0160_WYG_015-9b
017.md	147	KR4h0160_WYG_015-10a
017.md	155	KR4h0160_WYG_015-10b
017.md	163	KR4h0160_WYG_015-11a
017.md	171	KR4h0160_WYG_015-11b
017.md	179	KR4h0160_WYG_015-12a
017.md	187	KR4h0160_WYG_015-12b
017.md	195	KR4h0160_WYG_015-13a
017.md	203	KR4h0160_WYG_015-13b
017.md	211	KR4h0160_WYG_015-14a
017.md	219	KR4h0160_WYG_015-14b
017.md	227	KR4h0160_WYG_015-15a
017.md	235	KR4h0160_WYG_015-15b
017.md	243	KR4h0160_WYG_015-16a
017.md	251	KR4h0160_WYG_015-16b
017.md	259	KR4h0160_WYG_015-17a
017.md	267	KR4h0160_WYG_015-17b
017.md	275	KR4h0160_WYG_015-18a
017.md	283	KR4h0160_WYG_015-18b
017.md	291	KR4h0160_WYG_015-19a
017.md	299	KR4h0160_WYG_015-19b
017.md	307	KR4h0160_WYG_015-20a
017.md	315	KR4h0160_WYG_015-20b
017.md	323	KR4h0160_WYG_015-21a
017.md	331	KR4h0160_WYG_015-21b
017.md	339	KR4h0160_WYG_015-22a
017.md	347	KR4h0160_WYG_015-22b
017.md	355	KR4h0160_WYG_015-23a
017.md	363	KR4h0160_WYG_015-23b
017.md	371	KR4h0160_WYG_015-24a
017.md	379	KR4h0160_WYG_015-24b
017.md	387	KR4h0160_WYG_015-25a
017.md	395	KR4h0160_WYG_015-25b
017.md	403	KR4h0160_WYG_015-26a
017.md	411	KR4h0160_WYG_015-26b
017.md	419	KR4h0160_WYG_015-27a
017.md	427	KR4h0160_WYG_015-27b
017.md	435	KR4h0160_WYG_015-28a
017.md	443	KR4h0160_WYG_015-28b
017.md	451	KR4h0160_WYG_015-29a
017.md	459	KR4h0160_WYG_015-29b
017.md	467	KR4h0160_WYG_015-30a
017.md	475	KR4h0160_WYG_015-30b
017.md	483	KR4h0160_WYG_015-31a
017.md	491	KR4h0160_WYG_015-31b
017.md	499	KR4h0160_WYG_015-32a
017.md	507	KR4h0160_WYG_015-32b
017.md	515	KR4h0160_WYG_015-33a
017.md	523	KR4h0160_WYG_015-33b
017.md	531	KR4h0160_WYG_015-34a
017.md	539	KR4h0160_WYG_015-34b
017.md	547	KR4h0160_WYG_015-35a
017.md	555	KR4h0160_WYG_015-35b
017.md	563	KR4h0160_WYG_015-36a
017.md	571	KR4h0160_WYG_015-36b
017.md	579	KR4h0160_WYG_015-37a
017.md	587	KR4h0160_WYG_015-37b
017.md	595	KR4h0160_WYG_015-38a
017.md	603	KR4h0160_WYG_015-38b
017.md	611	KR4h0160_WYG_015-39a
017.md	619	KR4h0160_WYG_015-39b
017.md	627	KR4h0160_WYG_015-40a
017.md	635	KR4h0160_WYG_015-40b
017.md	643	KR4h0160_WYG_015-41a
017.md	651	KR4h0160_WYG_015-41b
017.md	659	KR4h0160_WYG_015-42a
017.md	667	KR4h0160_WYG_015-42b
017.md	675	KR4h0160_WYG_015-43a
017.md	683	KR4h0160_WYG_015-43b
017.md	691	KR4h0160_WYG_015-44a
017.md	699	KR4h0160_WYG_015-44b
017.md	707	KR4h0160_WYG_015-45a
017.md	715	KR4h0160_WYG_015-45b
018.md	3	KR4h0160_WYG_016-1a
018.md	11	KR4h0160_WYG_016-1b
018.md	19	KR4h0160_WYG_016-2a
018.md	27	KR4h0160_WYG_016-2b
018.md	35	KR4h0160_WYG_016-3a
018.md	43	KR4h0160_WYG_016-3b
018.md	51	KR4h0160_WYG_016-4a
018.md	59	KR4h0160_WYG_016-4b
018.md	67	KR4h0160_WYG_016-5a
018.md	75	KR4h0160_WYG_016-5b
018.md	83	KR4h0160_WYG_016-6a
018.md	91	KR4h0160_WYG_016-6b
018.md	99	KR4h0160_WYG_016-7a
018.md	107	KR4h0160_WYG_016-7b
018.md	115	KR4h0160_WYG_016-8a
018.md	123	KR4h0160_WYG_016-8b
018.md	131	KR4h0160_WYG_016-9a
018.md	139	KR4h0160_WYG_016-9b
018.md	147	KR4h0160_WYG_016-10a
018.md	155	KR4h0160_WYG_016-10b
018.md	163	KR4h0160_WYG_016-11a
018.md	171	KR4h0160_WYG_016-11b
018.md	179	KR4h0160_WYG_016-12a
018.md	187	KR4h0160_WYG_016-12b
018.md	195	KR4h0160_WYG_016-13a
018.md	203	KR4h0160_WYG_016-13b
018.md	211	KR4h0160_WYG_016-14a
018.md	219	KR4h0160_WYG_016-14b
018.md	227	KR4h0160_WYG_016-15a
018.md	235	KR4h0160_WYG_016-15b
018.md	243	KR4h0160_WYG_016-16a
018.md	251	KR4h0160_WYG_016-16b
018.md	259	KR4h0160_WYG_016-17a
018.md	267	KR4h0160_WYG_016-17b
018.md	275	KR4h0160_WYG_016-18a
018.md	283	KR4h0160_WYG_016-18b
018.md	291	KR4h0160_WYG_016-19a
018.md	299	KR4h0160_WYG_016-19b
018.md	307	KR4h0160_WYG_016-20a
018.md	315	KR4h0160_WYG_016-20b
018.md	323	KR4h0160_WYG_016-21a
018.md	331	KR4h0160_WYG_016-21b
018.md	339	KR4h0160_WYG_016-22a
018.md	347	KR4h0160_WYG_016-22b
018.md	355	KR4h0160_WYG_016-23a
018.md	363	KR4h0160_WYG_016-23b
018.md	371	KR4h0160_WYG_016-24a
018.md	379	KR4h0160_WYG_016-24b
018.md	387	KR4h0160_WYG_016-25a
018.md	395	KR4h0160_WYG_016-25b
018.md	403	KR4h0160_WYG_016-26a
018.md	411	KR4h0160_WYG_016-26b
018.md	419	KR4h0160_WYG_016-27a
018.md	427	KR4h0160_WYG_016-27b
018.md	435	KR4h0160_WYG_016-28a
018.md	443	KR4h0160_WYG_016-28b
018.md	451	KR4h0160_WYG_016-29a
018.md	459	KR4h0160_WYG_016-29b
018.md	467	KR4h0160_WYG_016-30a
018.md	475	KR4h0160_WYG_016-30b
018.md	483	KR4h0160_WYG_016-31a
018.md	491	KR4h0160_WYG_016-31b
018.md	499	KR4h0160_WYG_016-32a
018.md	507	KR4h0160_WYG_016-32b
018.md	515	KR4h0160_WYG_016-33a
018.md	523	KR4h0160_WYG_016-33b
018.md	531	KR4h0160_WYG_016-34a
018.md	539	KR4h0160_WYG_016-34b
018.md	547	KR4h0160_WYG_016-35a
018.md	555	KR4h0160_WYG_016-35b
018.md	563	KR4h0160_WYG_016-36a
018.md	571	KR4h0160_WYG_016-36b
018.md	579	KR4h0160_WYG_016-37a
018.md	587	KR4h0160_WYG_016-37b
018.md	595	KR4h0160_WYG_016-38a
018.md	603	KR4h0160_WYG_016-38b
018.md	611	KR4h0160_WYG_016-39a
018.md	619	KR4h0160_WYG_016-39b
018.md	627	KR4h0160_WYG_016-40a
018.md	635	KR4h0160_WYG_016-40b
018.md	643	KR4h0160_WYG_016-41a
018.md	651	KR4h0160_WYG_016-41b
018.md	659	KR4h0160_WYG_016-42a
018.md	667	KR4h0160_WYG_016-42b
018.md	675	KR4h0160_WYG_016-43a
018.md	683	KR4h0160_WYG_016-43b
018.md	691	KR4h0160_WYG_016-44a
018.md	699	KR4h0160_WYG_016-44b
018.md	707	KR4h0160_WYG_016-45a
018.md	715	KR4h0160_WYG_016-45b
019.md	3	KR4h0160_WYG_017-1a
019.md	11	KR4h0160_WYG_017-1b
019.md	19	KR4h0160_WYG_017-2a
019.md	27	KR4h0160_WYG_017-2b
019.md	35	KR4h0160_WYG_017-3a
019.md	43	KR4h0160_WYG_017-3b
019.md	51	KR4h0160_WYG_017-4a
019.md	59	KR4h0160_WYG_017-4b
019.md	67	KR4h0160_WYG_017-5a
019.md	75	KR4h0160_WYG_017-5b
019.md	83	KR4h0160_WYG_017-6a
019.md	91	KR4h0160_WYG_017-6b
019.md	99	KR4h0160_WYG_017-7a
019.md	107	KR4h0160_WYG_017-7b
019.md	115	KR4h0160_WYG_017-8a
019.md	123	KR4h0160_WYG_017-8b
019.md	131	KR4h0160_WYG_017-9a
019.md	139	KR4h0160_WYG_017-9b
019.md	147	KR4h0160_WYG_017-10a
019.md	155	KR4h0160_WYG_017-10b
019.md	163	KR4h0160_WYG_017-11a
019.md	171	KR4h0160_WYG_017-11b
019.md	179	KR4h0160_WYG_017-12a
019.md	187	KR4h0160_WYG_017-12b
019.md	195	KR4h0160_WYG_017-13a
019.md	203	KR4h0160_WYG_017-13b
019.md	211	KR4h0160_WYG_017-14a
019.md	219	KR4h0160_WYG_017-14b
019.md	227	KR4h0160_WYG_017-15a
019.md	235	KR4h0160_WYG_017-15b
019.md	243	KR4h0160_WYG_017-16a
019.md	251	KR4h0160_WYG_017-16b
019.md	259	KR4h0160_WYG_017-17a
019.md	267	KR4h0160_WYG_017-17b
019.md	275	KR4h0160_WYG_017-18a
019.md	283	KR4h0160_WYG_017-18b
019.md	291	KR4h0160_WYG_017-19a
019.md	299	KR4h0160_WYG_017-19b
019.md	307	KR4h0160_WYG_017-20a
019.md	315	KR4h0160_WYG_017-20b
019.md	323	KR4h0160_WYG_017-21a
019.md	331	KR4h0160_WYG_017-21b
019.md	339	KR4h0160_WYG_017-22a
019.md	347	KR4h0160_WYG_017-22b
019.md	355	KR4h0160_WYG_017-23a
019.md	363	KR4h0160_WYG_017-23b
019.md	371	KR4h0160_WYG_017-24a
019.md	379	KR4h0160_WYG_017-24b
019.md	387	KR4h0160_WYG_017-25a
019.md	395	KR4h0160_WYG_017-25b
019.md	403	KR4h0160_WYG_017-26a
019.md	411	KR4h0160_WYG_017-26b
019.md	419	KR4h0160_WYG_017-27a
019.md	427	KR4h0160_WYG_017-27b
019.md	435	KR4h0160_WYG_017-28a
019.md	443	KR4h0160_WYG_017-28b
019.md	451	KR4h0160_WYG_017-29a
019.md	459	KR4h0160_WYG_017-29b
019.md	467	KR4h0160_WYG_017-30a
019.md	475	KR4h0160_WYG_017-30b
019.md	483	KR4h0160_WYG_017-31a
019.md	491	KR4h0160_WYG_017-31b
019.md	499	KR4h0160_WYG_017-32a
019.md	507	KR4h0160_WYG_017-32b
019.md	515	KR4h0160_WYG_017-33a
019.md	523	KR4h0160_WYG_017-33b
019.md	531	KR4h0160_WYG_017-34a
019.md	539	KR4h0160_WYG_017-34b
019.md	547	KR4h0160_WYG_017-35a
019.md	555	KR4h0160_WYG_017-35b
019.md	563	KR4h0160_WYG_017-36a
019.md	571	KR4h0160_WYG_017-36b
019.md	579	KR4h0160_WYG_017-37a
019.md	587	KR4h0160_WYG_017-37b
019.md	595	KR4h0160_WYG_017-38a
019.md	603	KR4h0160_WYG_017-38b
019.md	611	KR4h0160_WYG_017-39a
019.md	619	KR4h0160_WYG_017-39b
019.md	627	KR4h0160_WYG_017-40a
019.md	635	KR4h0160_WYG_017-40b
019.md	643	KR4h0160_WYG_017-41a
019.md	651	KR4h0160_WYG_017-41b
019.md	659	KR4h0160_WYG_017-42a
019.md	667	KR4h0160_WYG_017-42b
019.md	675	KR4h0160_WYG_017-43a
019.md	683	KR4h0160_WYG_017-43b
019.md	691	KR4h0160_WYG_017-44a
019.md	699	KR4h0160_WYG_017-44b
020.md	3	KR4h0160_WYG_018-1a
020.md	11	KR4h0160_WYG_018-1b
020.md	19	KR4h0160_WYG_018-2a
020.md	27	KR4h0160_WYG_018-2b
020.md	35	KR4h0160_WYG_018-3a
020.md	43	KR4h0160_WYG_018-3b
020.md	51	KR4h0160_WYG_018-4a
020.md	59	KR4h0160_WYG_018-4b
020.md	67	KR4h0160_WYG_018-5a
020.md	75	KR4h0160_WYG_018-5b
020.md	83	KR4h0160_WYG_018-6a
020.md	91	KR4h0160_WYG_018-6b
020.md	99	KR4h0160_WYG_018-7a
020.md	107	KR4h0160_WYG_018-7b
020.md	115	KR4h0160_WYG_018-8a
020.md	123	KR4h0160_WYG_018-8b
020.md	131	KR4h0160_WYG_018-9a
020.md	139	KR4h0160_WYG_018-9b
020.md	147	KR4h0160_WYG_018-10a
020.md	155	KR4h0160_WYG_018-10b
020.md	163	KR4h0160_WYG_018-11a
020.md	171	KR4h0160_WYG_018-11b
020.md	179	KR4h0160_WYG_018-12a
020.md	187	KR4h0160_WYG_018-12b
020.md	195	KR4h0160_WYG_018-13a
020.md	203	KR4h0160_WYG_018-13b
020.md	211	KR4h0160_WYG_018-14a
020.md	219	KR4h0160_WYG_018-14b
020.md	227	KR4h0160_WYG_018-15a
020.md	235	KR4h0160_WYG_018-15b
020.md	243	KR4h0160_WYG_018-16a
020.md	251	KR4h0160_WYG_018-16b
020.md	259	KR4h0160_WYG_018-17a
020.md	267	KR4h0160_WYG_018-17b
020.md	275	KR4h0160_WYG_018-18a
020.md	283	KR4h0160_WYG_018-18b
020.md	291	KR4h0160_WYG_018-19a
020.md	299	KR4h0160_WYG_018-19b
020.md	307	KR4h0160_WYG_018-20a
020.md	315	KR4h0160_WYG_018-20b
020.md	323	KR4h0160_WYG_018-21a
020.md	331	KR4h0160_WYG_018-21b
020.md	339	KR4h0160_WYG_018-22a
020.md	347	KR4h0160_WYG_018-22b
020.md	355	KR4h0160_WYG_018-23a
020.md	363	KR4h0160_WYG_018-23b
020.md	371	KR4h0160_WYG_018-24a
020.md	379	KR4h0160_WYG_018-24b
020.md	387	KR4h0160_WYG_018-25a
020.md	395	KR4h0160_WYG_018-25b
020.md	403	KR4h0160_WYG_018-26a
020.md	411	KR4h0160_WYG_018-26b
020.md	419	KR4h0160_WYG_018-27a
020.md	427	KR4h0160_WYG_018-27b
020.md	435	KR4h0160_WYG_018-28a
020.md	443	KR4h0160_WYG_018-28b
020.md	451	KR4h0160_WYG_018-29a
020.md	459	KR4h0160_WYG_018-29b
020.md	467	KR4h0160_WYG_018-30a
020.md	475	KR4h0160_WYG_018-30b
020.md	483	KR4h0160_WYG_018-31a
020.md	491	KR4h0160_WYG_018-31b
020.md	499	KR4h0160_WYG_018-32a
020.md	507	KR4h0160_WYG_018-32b
020.md	515	KR4h0160_WYG_018-33a
020.md	523	KR4h0160_WYG_018-33b
020.md	531	KR4h0160_WYG_018-34a
020.md	539	KR4h0160_WYG_018-34b
020.md	547	KR4h0160_WYG_018-35a
020.md	555	KR4h0160_WYG_018-35b
020.md	563	KR4h0160_WYG_018-36a
020.md	571	KR4h0160_WYG_018-36b
020.md	579	KR4h0160_WYG_018-37a
020.md	587	KR4h0160_WYG_018-37b
020.md	595	KR4h0160_WYG_018-38a
020.md	603	KR4h0160_WYG_018-38b
020.md	611	KR4h0160_WYG_018-39a
020.md	619	KR4h0160_WYG_018-39b
020.md	627	KR4h0160_WYG_018-40a
020.md	635	KR4h0160_WYG_018-40b
020.md	643	KR4h0160_WYG_018-41a
020.md	651	KR4h0160_WYG_018-41b
020.md	659	KR4h0160_WYG_018-42a
020.md	667	KR4h0160_WYG_018-42b
020.md	675	KR4h0160_WYG_018-43a
020.md	683	KR4h0160_WYG_018-43b
020.md	691	KR4h0160_WYG_018-44a
020.md	699	KR4h0160_WYG_018-44b
020.md	707	KR4h0160_WYG_018-45a
020.md	715	KR4h0160_WYG_018-45b
020.md	723	KR4h0160_WYG_018-46a
020.md	731	KR4h0160_WYG_018-46b
020.md	739	KR4h0160_WYG_018-47a
020.md	747	KR4h0160_WYG_018-47b
020.md	755	KR4h0160_WYG_018-48a
020.md	763	KR4h0160_WYG_018-48b
020.md	771	KR4h0160_WYG_018-49a
020.md	779	KR4h0160_WYG_018-49b
020.md	787	KR4h0160_WYG_018-50a
020.md	795	KR4h0160_WYG_018-50b
020.md	803	KR4h0160_WYG_018-51a
020.md	811	KR4h0160_WYG_018-51b
020.md	819	KR4h0160_WYG_018-52a
020.md	827	KR4h0160_WYG_018-52b
020.md	835	KR4h0160_WYG_018-53a
020.md	843	KR4h0160_WYG_018-53b
020.md	851	KR4h0160_WYG_018-54a
020.md	859	KR4h0160_WYG_018-54b
020.md	867	KR4h0160_WYG_018-55a
020.md	875	KR4h0160_WYG_018-55b
020.md	883	KR4h0160_WYG_018-56a
020.md	891	KR4h0160_WYG_018-56b
020.md	899	KR4h0160_WYG_018-57a
020.md	907	KR4h0160_WYG_018-57b
020.md	915	KR4h0160_WYG_018-58a
020.md	923	KR4h0160_WYG_018-58b
020.md	931	KR4h0160_WYG_018-59a
020.md	939	KR4h0160_WYG_018-59b
021.md	3	KR4h0160_WYG_019-1a
021.md	11	KR4h0160_WYG_019-1b
021.md	19	KR4h0160_WYG_019-2a
021.md	27	KR4h0160_WYG_019-2b
021.md	35	KR4h0160_WYG_019-3a
021.md	43	KR4h0160_WYG_019-3b
021.md	51	KR4h0160_WYG_019-4a
021.md	59	KR4h0160_WYG_019-4b
021.md	67	KR4h0160_WYG_019-5a
021.md	75	KR4h0160_WYG_019-5b
021.md	83	KR4h0160_WYG_019-6a
021.md	91	KR4h0160_WYG_019-6b
021.md	99	KR4h0160_WYG_019-7a
021.md	107	KR4h0160_WYG_019-7b
021.md	115	KR4h0160_WYG_019-8a
021.md	123	KR4h0160_WYG_019-8b
021.md	131	KR4h0160_WYG_019-9a
021.md	139	KR4h0160_WYG_019-9b
021.md	147	KR4h0160_WYG_019-10a
021.md	155	KR4h0160_WYG_019-10b
021.md	163	KR4h0160_WYG_019-11a
021.md	171	KR4h0160_WYG_019-11b
021.md	179	KR4h0160_WYG_019-12a
021.md	187	KR4h0160_WYG_019-12b
021.md	195	KR4h0160_WYG_019-13a
021.md	203	KR4h0160_WYG_019-13b
021.md	211	KR4h0160_WYG_019-14a
021.md	219	KR4h0160_WYG_019-14b
021.md	227	KR4h0160_WYG_019-15a
021.md	235	KR4h0160_WYG_019-15b
021.md	243	KR4h0160_WYG_019-16a
021.md	251	KR4h0160_WYG_019-16b
021.md	259	KR4h0160_WYG_019-17a
021.md	267	KR4h0160_WYG_019-17b
021.md	275	KR4h0160_WYG_019-18a
021.md	283	KR4h0160_WYG_019-18b
021.md	291	KR4h0160_WYG_019-19a
021.md	299	KR4h0160_WYG_019-19b
021.md	307	KR4h0160_WYG_019-20a
021.md	315	KR4h0160_WYG_019-20b
021.md	323	KR4h0160_WYG_019-21a
021.md	331	KR4h0160_WYG_019-21b
021.md	339	KR4h0160_WYG_019-22a
021.md	347	KR4h0160_WYG_019-22b
021.md	355	KR4h0160_WYG_019-23a
021.md	363	KR4h0160_WYG_019-23b
021.md	371	KR4h0160_WYG_019-24a
021.md	379	KR4h0160_WYG_019-24b
021.md	387	KR4h0160_WYG_019-25a
021.md	395	KR4h0160_WYG_019-25b
021.md	403	KR4h0160_WYG_019-26a
021.md	411	KR4h0160_WYG_019-26b
021.md	419	KR4h0160_WYG_019-27a
021.md	427	KR4h0160_WYG_019-27b
021.md	435	KR4h0160_WYG_019-28a
021.md	443	KR4h0160_WYG_019-28b
021.md	451	KR4h0160_WYG_019-29a
021.md	459	KR4h0160_WYG_019-29b
021.md	467	KR4h0160_WYG_019-30a
021.md	475	KR4h0160_WYG_019-30b
021.md	483	KR4h0160_WYG_019-31a
021.md	491	KR4h0160_WYG_019-31b
021.md	499	KR4h0160_WYG_019-32a
021.md	507	KR4h0160_WYG_019-32b
021.md	515	KR4h0160_WYG_019-33a
021.md	523	KR4h0160_WYG_019-33b
021.md	531	KR4h0160_WYG_019-34a
021.md	539	KR4h0160_WYG_019-34b
021.md	547	KR4h0160_WYG_019-35a
021.md	555	KR4h0160_WYG_019-35b
021.md	563	KR4h0160_WYG_019-36a
021.md	571	KR4h0160_WYG_019-36b
021.md	579	KR4h0160_WYG_019-37a
021.md	587	KR4h0160_WYG_019-37b
021.md	595	KR4h0160_WYG_019-38a
021.md	603	KR4h0160_WYG_019-38b
021.md	611	KR4h0160_WYG_019-39a
021.md	619	KR4h0160_WYG_019-39b
021.md	627	KR4h0160_WYG_019-40a
021.md	635	KR4h0160_WYG_019-40b
021.md	643	KR4h0160_WYG_019-41a
021.md	651	KR4h0160_WYG_019-41b
021.md	659	KR4h0160_WYG_019-42a
021.md	667	KR4h0160_WYG_019-42b
021.md	675	KR4h0160_WYG_019-43a
021.md	683	KR4h0160_WYG_019-43b
021.md	691	KR4h0160_WYG_019-44a
021.md	699	KR4h0160_WYG_019-44b
021.md	707	KR4h0160_WYG_019-45a
021.md	715	KR4h0160_WYG_019-45b
021.md	723	KR4h0160_WYG_019-46a
021.md	731	KR4h0160_WYG_019-46b
021.md	739	KR4h0160_WYG_019-47a
021.md	747	KR4h0160_WYG_019-47b
021.md	755	KR4h0160_WYG_019-48a
021.md	763	KR4h0160_WYG_019-48b
022.md	3	KR4h0160_WYG_020-1a
022.md	11	KR4h0160_WYG_020-1b
022.md	19	KR4h0160_WYG_020-2a
022.md	27	KR4h0160_WYG_020-2b
022.md	35	KR4h0160_WYG_020-3a
022.md	43	KR4h0160_WYG_020-3b
022.md	51	KR4h0160_WYG_020-4a
022.md	59	KR4h0160_WYG_020-4b
022.md	67	KR4h0160_WYG_020-5a
022.md	75	KR4h0160_WYG_020-5b
022.md	83	KR4h0160_WYG_020-6a
022.md	91	KR4h0160_WYG_020-6b
022.md	99	KR4h0160_WYG_020-7a
022.md	107	KR4h0160_WYG_020-7b
022.md	115	KR4h0160_WYG_020-8a
022.md	123	KR4h0160_WYG_020-8b
022.md	131	KR4h0160_WYG_020-9a
022.md	139	KR4h0160_WYG_020-9b
022.md	147	KR4h0160_WYG_020-10a
022.md	155	KR4h0160_WYG_020-10b
022.md	163	KR4h0160_WYG_020-11a
022.md	171	KR4h0160_WYG_020-11b
022.md	179	KR4h0160_WYG_020-12a
022.md	187	KR4h0160_WYG_020-12b
022.md	195	KR4h0160_WYG_020-13a
022.md	203	KR4h0160_WYG_020-13b
022.md	211	KR4h0160_WYG_020-14a
022.md	219	KR4h0160_WYG_020-14b
022.md	227	KR4h0160_WYG_020-15a
022.md	235	KR4h0160_WYG_020-15b
022.md	243	KR4h0160_WYG_020-16a
022.md	251	KR4h0160_WYG_020-16b
022.md	259	KR4h0160_WYG_020-17a
022.md	267	KR4h0160_WYG_020-17b
022.md	275	KR4h0160_WYG_020-18a
022.md	283	KR4h0160_WYG_020-18b
022.md	291	KR4h0160_WYG_020-19a
022.md	299	KR4h0160_WYG_020-19b
022.md	307	KR4h0160_WYG_020-20a
022.md	315	KR4h0160_WYG_020-20b
022.md	323	KR4h0160_WYG_020-21a
022.md	331	KR4h0160_WYG_020-21b
022.md	339	KR4h0160_WYG_020-22a
022.md	347	KR4h0160_WYG_020-22b
022.md	355	KR4h0160_WYG_020-23a
022.md	363	KR4h0160_WYG_020-23b
022.md	371	KR4h0160_WYG_020-24a
022.md	379	KR4h0160_WYG_020-24b
022.md	387	KR4h0160_WYG_020-25a
022.md	395	KR4h0160_WYG_020-25b
022.md	403	KR4h0160_WYG_020-26a
022.md	411	KR4h0160_WYG_020-26b
022.md	419	KR4h0160_WYG_020-27a
022.md	427	KR4h0160_WYG_020-27b
022.md	435	KR4h0160_WYG_020-28a
022.md	443	KR4h0160_WYG_020-28b
022.md	451	KR4h0160_WYG_020-29a
022.md	459	KR4h0160_WYG_020-29b
022.md	467	KR4h0160_WYG_020-30a
022.md	475	KR4h0160_WYG_020-30b
022.md	483	KR4h0160_WYG_020-31a
022.md	491	KR4h0160_WYG_020-31b
022.md	499	KR4h0160_WYG_020-32a
022.md	507	KR4h0160_WYG_020-32b
022.md	515	KR4h0160_WYG_020-33a
022.md	523	KR4h0160_WYG_020-33b
022.md	531	KR4h0160_WYG_020-34a
022.md	539	KR4h0160_WYG_020-34b
022.md	547	KR4h0160_WYG_020-35a
022.md	555	KR4h0160_WYG_020-35b
022.md	563	KR4h0160_WYG_020-36a
022.md	571	KR4h0160_WYG_020-36b
022.md	579	KR4h0160_WYG_020-37a
022.md	587	KR4h0160_WYG_020-37b
022.md	595	KR4h0160_WYG_020-38a
022.md	603	KR4h0160_WYG_020-38b
022.md	611	KR4h0160_WYG_020-39a
022.md	619	KR4h0160_WYG_020-39b
022.md	627	KR4h0160_WYG_020-40a
022.md	635	KR4h0160_WYG_020-40b
022.md	643	KR4h0160_WYG_020-41a
022.md	651	KR4h0160_WYG_020-41b
022.md	659	KR4h0160_WYG_020-42a
022.md	667	KR4h0160_WYG_020-42b
022.md	675	KR4h0160_WYG_020-43a
022.md	683	KR4h0160_WYG_020-43b
022.md	691	KR4h0160_WYG_020-44a
022.md	699	KR4h0160_WYG_020-44b
022.md	707	KR4h0160_WYG_020-45a
022.md	715	KR4h0160_WYG_020-45b
022.md	723	KR4h0160_WYG_020-46a
022.md	731	KR4h0160_WYG_020-46b
022.md	739	KR4h0160_WYG_020-47a
022.md	747	KR4h0160_WYG_020-47b
022.md	755	KR4h0160_WYG_020-48a
022.md	763	KR4h0160_WYG_020-48b
022.md	771	KR4h0160_WYG_020-49a
022.md	779	KR4h0160_WYG_020-49b
022.md	787	KR4h0160_WYG_020-50a
022.md	795	KR4h0160_WYG_020-50b
022.md	803	KR4h0160_WYG_020-51a
022.md	811	KR4h0160_WYG_020-51b
022.md	819	KR4h0160_WYG_020-52a
022.md	827	KR4h0160_WYG_020-52b
023.md	3	KR4h0160_WYG_021-1a
023.md	11	KR4h0160_WYG_021-1b
023.md	19	KR4h0160_WYG_021-2a
023.md	27	KR4h0160_WYG_021-2b
023.md	35	KR4h0160_WYG_021-3a
023.md	43	KR4h0160_WYG_021-3b
023.md	51	KR4h0160_WYG_021-4a
023.md	59	KR4h0160_WYG_021-4b
023.md	67	KR4h0160_WYG_021-5a
023.md	75	KR4h0160_WYG_021-5b
023.md	83	KR4h0160_WYG_021-6a
023.md	91	KR4h0160_WYG_021-6b
023.md	99	KR4h0160_WYG_021-7a
023.md	107	KR4h0160_WYG_021-7b
023.md	115	KR4h0160_WYG_021-8a
023.md	123	KR4h0160_WYG_021-8b
023.md	131	KR4h0160_WYG_021-9a
023.md	139	KR4h0160_WYG_021-9b
023.md	147	KR4h0160_WYG_021-10a
023.md	155	KR4h0160_WYG_021-10b
023.md	163	KR4h0160_WYG_021-11a
023.md	171	KR4h0160_WYG_021-11b
023.md	179	KR4h0160_WYG_021-12a
023.md	187	KR4h0160_WYG_021-12b
023.md	195	KR4h0160_WYG_021-13a
023.md	203	KR4h0160_WYG_021-13b
023.md	211	KR4h0160_WYG_021-14a
023.md	219	KR4h0160_WYG_021-14b
023.md	227	KR4h0160_WYG_021-15a
023.md	235	KR4h0160_WYG_021-15b
023.md	243	KR4h0160_WYG_021-16a
023.md	251	KR4h0160_WYG_021-16b
023.md	259	KR4h0160_WYG_021-17a
023.md	267	KR4h0160_WYG_021-17b
023.md	275	KR4h0160_WYG_021-18a
023.md	283	KR4h0160_WYG_021-18b
023.md	291	KR4h0160_WYG_021-19a
023.md	299	KR4h0160_WYG_021-19b
023.md	307	KR4h0160_WYG_021-20a
023.md	315	KR4h0160_WYG_021-20b
023.md	323	KR4h0160_WYG_021-21a
023.md	331	KR4h0160_WYG_021-21b
023.md	339	KR4h0160_WYG_021-22a
023.md	347	KR4h0160_WYG_021-22b
023.md	355	KR4h0160_WYG_021-23a
023.md	363	KR4h0160_WYG_021-23b
023.md	371	KR4h0160_WYG_021-24a
023.md	379	KR4h0160_WYG_021-24b
023.md	387	KR4h0160_WYG_021-25a
023.md	395	KR4h0160_WYG_021-25b
023.md	403	KR4h0160_WYG_021-26a
023.md	411	KR4h0160_WYG_021-26b
023.md	419	KR4h0160_WYG_021-27a
023.md	427	KR4h0160_WYG_021-27b
023.md	435	KR4h0160_WYG_021-28a
023.md	443	KR4h0160_WYG_021-28b
023.md	451	KR4h0160_WYG_021-29a
023.md	459	KR4h0160_WYG_021-29b
023.md	467	KR4h0160_WYG_021-30a
023.md	475	KR4h0160_WYG_021-30b
023.md	483	KR4h0160_WYG_021-31a
023.md	491	KR4h0160_WYG_021-31b
023.md	499	KR4h0160_WYG_021-32a
023.md	507	KR4h0160_WYG_021-32b
023.md	515	KR4h0160_WYG_021-33a
023.md	523	KR4h0160_WYG_021-33b
023.md	531	KR4h0160_WYG_021-34a
023.md	539	KR4h0160_WYG_021-34b
023.md	547	KR4h0160_WYG_021-35a
023.md	555	KR4h0160_WYG_021-35b
023.md	563	KR4h0160_WYG_021-36a
023.md	571	KR4h0160_WYG_021-36b
023.md	579	KR4h0160_WYG_021-37a
023.md	587	KR4h0160_WYG_021-37b
023.md	595	KR4h0160_WYG_021-38a
023.md	603	KR4h0160_WYG_021-38b
023.md	611	KR4h0160_WYG_021-39a
023.md	619	KR4h0160_WYG_021-39b
023.md	627	KR4h0160_WYG_021-40a
023.md	635	KR4h0160_WYG_021-40b
023.md	643	KR4h0160_WYG_021-41a
023.md	651	KR4h0160_WYG_021-41b
023.md	659	KR4h0160_WYG_021-42a
023.md	667	KR4h0160_WYG_021-42b
023.md	675	KR4h0160_WYG_021-43a
023.md	683	KR4h0160_WYG_021-43b
023.md	691	KR4h0160_WYG_021-44a
023.md	699	KR4h0160_WYG_021-44b
023.md	707	KR4h0160_WYG_021-45a
023.md	715	KR4h0160_WYG_021-45b
023.md	723	KR4h0160_WYG_021-46a
023.md	731	KR4h0160_WYG_021-46b
023.md	739	KR4h0160_WYG_021-47a
023.md	747	KR4h0160_WYG_021-47b
023.md	755	KR4h0160_WYG_021-48a
023.md	763	KR4h0160_WYG_021-48b
023.md	771	KR4h0160_WYG_021-49a
023.md	779	KR4h0160_WYG_021-49b
023.md	787	KR4h0160_WYG_021-50a
023.md	795	KR4h0160_WYG_021-50b
023.md	803	KR4h0160_WYG_021-51a
023.md	811	KR4h0160_WYG_021-51b
023.md	819	KR4h0160_WYG_021-52a
023.md	827	KR4h0160_WYG_021-52b
023.md	835	KR4h0160_WYG_021-53a
023.md	843	KR4h0160_WYG_021-53b
023.md	851	KR4h0160_WYG_021-54a
023.md	859	KR4h0160_WYG_021-54b
023.md	867	KR4h0160_WYG_021-55a
023.md	875	KR4h0160_WYG_021-55b
023.md	883	KR4h0160_WYG_021-56a
023.md	891	KR4h0160_WYG_021-56b
023.md	899	KR4h0160_WYG_021-57a
023.md	907	KR4h0160_WYG_021-57b
023.md	915	KR4h0160_WYG_021-58a
023.md	923	KR4h0160_WYG_021-58b
023.md	931	KR4h0160_WYG_021-59a
023.md	939	KR4h0160_WYG_021-59b
023.md	947	KR4h0160_WYG_021-60a
023.md	955	KR4h0160_WYG_021-60b
023.md	963	KR4h0160_WYG_021-61a
023.md	971	KR4h0160_WYG_021-61b
023.md	979	KR4h0160_WYG_021-62a
023.md	987	KR4h0160_WYG_021-62b
023.md	995	KR4h0160_WYG_021-63a
023.md	1003	KR4h0160_WYG_021-63b
023.md	1011	KR4h0160_WYG_021-64a
023.md	1019	KR4h0160_WYG_021-64b
023.md	1027	KR4h0160_WYG_021-65a
023.md	1035	KR4h0160_WYG_021-65b
023.md	1043	KR4h0160_WYG_021-66a
023.md	1051	KR4h0160_WYG_021-66b
024.md	3	KR4h0160_WYG_022-1a
024.md	11	KR4h0160_WYG_022-1b
024.md	19	KR4h0160_WYG_022-2a
024.md	27	KR4h0160_WYG_022-2b
024.md	35	KR4h0160_WYG_022-3a
024.md	43	KR4h0160_WYG_022-3b
024.md	51	KR4h0160_WYG_022-4a
024.md	59	KR4h0160_WYG_022-4b
024.md	67	KR4h0160_WYG_022-5a
024.md	75	KR4h0160_WYG_022-5b
024.md	83	KR4h0160_WYG_022-6a
024.md	91	KR4h0160_WYG_022-6b
024.md	99	KR4h0160_WYG_022-7a
024.md	107	KR4h0160_WYG_022-7b
024.md	115	KR4h0160_WYG_022-8a
024.md	123	KR4h0160_WYG_022-8b
024.md	131	KR4h0160_WYG_022-9a
024.md	139	KR4h0160_WYG_022-9b
024.md	147	KR4h0160_WYG_022-10a
024.md	155	KR4h0160_WYG_022-10b
024.md	163	KR4h0160_WYG_022-11a
024.md	171	KR4h0160_WYG_022-11b
024.md	179	KR4h0160_WYG_022-12a
024.md	187	KR4h0160_WYG_022-12b
024.md	195	KR4h0160_WYG_022-13a
024.md	203	KR4h0160_WYG_022-13b
024.md	211	KR4h0160_WYG_022-14a
024.md	219	KR4h0160_WYG_022-14b
024.md	227	KR4h0160_WYG_022-15a
024.md	235	KR4h0160_WYG_022-15b
024.md	243	KR4h0160_WYG_022-16a
024.md	251	KR4h0160_WYG_022-16b
024.md	259	KR4h0160_WYG_022-17a
024.md	267	KR4h0160_WYG_022-17b
024.md	275	KR4h0160_WYG_022-18a
024.md	283	KR4h0160_WYG_022-18b
024.md	291	KR4h0160_WYG_022-19a
024.md	299	KR4h0160_WYG_022-19b
024.md	307	KR4h0160_WYG_022-20a
024.md	315	KR4h0160_WYG_022-20b
024.md	323	KR4h0160_WYG_022-21a
024.md	331	KR4h0160_WYG_022-21b
024.md	339	KR4h0160_WYG_022-22a
024.md	347	KR4h0160_WYG_022-22b
024.md	355	KR4h0160_WYG_022-23a
024.md	363	KR4h0160_WYG_022-23b
024.md	371	KR4h0160_WYG_022-24a
024.md	379	KR4h0160_WYG_022-24b
024.md	387	KR4h0160_WYG_022-25a
024.md	395	KR4h0160_WYG_022-25b
024.md	403	KR4h0160_WYG_022-26a
024.md	411	KR4h0160_WYG_022-26b
024.md	419	KR4h0160_WYG_022-27a
024.md	427	KR4h0160_WYG_022-27b
024.md	435	KR4h0160_WYG_022-28a
024.md	443	KR4h0160_WYG_022-28b
024.md	451	KR4h0160_WYG_022-29a
024.md	459	KR4h0160_WYG_022-29b
024.md	467	KR4h0160_WYG_022-30a
024.md	475	KR4h0160_WYG_022-30b
024.md	483	KR4h0160_WYG_022-31a
024.md	491	KR4h0160_WYG_022-31b
024.md	499	KR4h0160_WYG_022-32a
024.md	507	KR4h0160_WYG_022-32b
024.md	515	KR4h0160_WYG_022-33a
024.md	523	KR4h0160_WYG_022-33b
024.md	531	KR4h0160_WYG_022-34a
024.md	539	KR4h0160_WYG_022-34b
024.md	547	KR4h0160_WYG_022-35a
024.md	555	KR4h0160_WYG_022-35b
025.md	3	KR4h0160_WYG_023-1a
025.md	11	KR4h0160_WYG_023-1b
025.md	19	KR4h0160_WYG_023-2a
025.md	27	KR4h0160_WYG_023-2b
025.md	35	KR4h0160_WYG_023-3a
025.md	43	KR4h0160_WYG_023-3b
025.md	51	KR4h0160_WYG_023-4a
025.md	59	KR4h0160_WYG_023-4b
025.md	67	KR4h0160_WYG_023-5a
025.md	75	KR4h0160_WYG_023-5b
025.md	83	KR4h0160_WYG_023-6a
025.md	91	KR4h0160_WYG_023-6b
025.md	99	KR4h0160_WYG_023-7a
025.md	107	KR4h0160_WYG_023-7b
025.md	115	KR4h0160_WYG_023-8a
025.md	123	KR4h0160_WYG_023-8b
025.md	131	KR4h0160_WYG_023-9a
025.md	139	KR4h0160_WYG_023-9b
025.md	147	KR4h0160_WYG_023-10a
025.md	155	KR4h0160_WYG_023-10b
025.md	163	KR4h0160_WYG_023-11a
025.md	171	KR4h0160_WYG_023-11b
025.md	179	KR4h0160_WYG_023-12a
025.md	187	KR4h0160_WYG_023-12b
025.md	195	KR4h0160_WYG_023-13a
025.md	203	KR4h0160_WYG_023-13b
025.md	211	KR4h0160_WYG_023-14a
025.md	219	KR4h0160_WYG_023-14b
025.md	227	KR4h0160_WYG_023-15a
025.md	235	KR4h0160_WYG_023-15b
025.md	243	KR4h0160_WYG_023-16a
025.md	251	KR4h0160_WYG_023-16b
025.md	259	KR4h0160_WYG_023-17a
025.md	267	KR4h0160_WYG_023-17b
025.md	275	KR4h0160_WYG_023-18a
025.md	283	KR4h0160_WYG_023-18b
025.md	291	KR4h0160_WYG_023-19a
025.md	299	KR4h0160_WYG_023-19b
025.md	307	KR4h0160_WYG_023-20a
025.md	315	KR4h0160_WYG_023-20b
025.md	323	KR4h0160_WYG_023-21a
025.md	331	KR4h0160_WYG_023-21b
025.md	339	KR4h0160_WYG_023-22a
025.md	347	KR4h0160_WYG_023-22b
025.md	355	KR4h0160_WYG_023-23a
025.md	363	KR4h0160_WYG_023-23b
025.md	371	KR4h0160_WYG_023-24a
025.md	379	KR4h0160_WYG_023-24b
025.md	387	KR4h0160_WYG_023-25a
025.md	395	KR4h0160_WYG_023-25b
025.md	403	KR4h0160_WYG_023-26a
025.md	411	KR4h0160_WYG_023-26b
025.md	419	KR4h0160_WYG_023-27a
025.md	427	KR4h0160_WYG_023-27b
025.md	435	KR4h0160_WYG_023-28a
025.md	443	KR4h0160_WYG_023-28b
025.md	451	KR4h0160_WYG_023-29a
025.md	459	KR4h0160_WYG_023-29b
025.md	467	KR4h0160_WYG_023-30a
025.md	475	KR4h0160_WYG_023-30b
025.md	483	KR4h0160_WYG_023-31a
025.md	491	KR4h0160_WYG_023-31b
025.md	499	KR4h0160_WYG_023-32a
025.md	507	KR4h0160_WYG_023-32b
025.md	515	KR4h0160_WYG_023-33a
025.md	523	KR4h0160_WYG_023-33b
025.md	531	KR4h0160_WYG_023-34a
025.md	539	KR4h0160_WYG_023-34b
025.md	547	KR4h0160_WYG_023-35a
025.md	555	KR4h0160_WYG_023-35b
025.md	563	KR4h0160_WYG_023-36a
025.md	571	KR4h0160_WYG_023-36b
025.md	579	KR4h0160_WYG_023-37a
025.md	587	KR4h0160_WYG_023-37b
025.md	595	KR4h0160_WYG_023-38a
025.md	603	KR4h0160_WYG_023-38b
025.md	611	KR4h0160_WYG_023-39a
025.md	619	KR4h0160_WYG_023-39b
025.md	627	KR4h0160_WYG_023-40a
025.md	635	KR4h0160_WYG_023-40b
025.md	643	KR4h0160_WYG_023-41a
025.md	651	KR4h0160_WYG_023-41b
025.md	659	KR4h0160_WYG_023-42a
025.md	667	KR4h0160_WYG_023-42b
025.md	675	KR4h0160_WYG_023-43a
025.md	683	KR4h0160_WYG_023-43b
025.md	691	KR4h0160_WYG_023-44a
025.md	699	KR4h0160_WYG_023-44b
025.md	707	KR4h0160_WYG_023-45a
025.md	715	KR4h0160_WYG_023-45b
025.md	723	KR4h0160_WYG_023-46a
025.md	731	KR4h0160_WYG_023-46b
025.md	739	KR4h0160_WYG_023-47a
025.md	747	KR4h0160_WYG_023-47b
025.md	755	KR4h0160_WYG_023-48a
025.md	763	KR4h0160_WYG_023-48b
025.md	771	KR4h0160_WYG_023-49a
025.md	779	KR4h0160_WYG_023-49b
025.md	787	KR4h0160_WYG_023-50a
025.md	795	KR4h0160_WYG_023-50b
026.md	3	KR4h0160_WYG_024-1a
026.md	11	KR4h0160_WYG_024-1b
026.md	19	KR4h0160_WYG_024-2a
026.md	27	KR4h0160_WYG_024-2b
026.md	35	KR4h0160_WYG_024-3a
026.md	43	KR4h0160_WYG_024-3b
026.md	51	KR4h0160_WYG_024-4a
026.md	59	KR4h0160_WYG_024-4b
026.md	67	KR4h0160_WYG_024-5a
026.md	75	KR4h0160_WYG_024-5b
026.md	83	KR4h0160_WYG_024-6a
026.md	91	KR4h0160_WYG_024-6b
026.md	99	KR4h0160_WYG_024-7a
026.md	107	KR4h0160_WYG_024-7b
026.md	115	KR4h0160_WYG_024-8a
026.md	123	KR4h0160_WYG_024-8b
026.md	131	KR4h0160_WYG_024-9a
026.md	139	KR4h0160_WYG_024-9b
026.md	147	KR4h0160_WYG_024-10a
026.md	155	KR4h0160_WYG_024-10b
026.md	163	KR4h0160_WYG_024-11a
026.md	171	KR4h0160_WYG_024-11b
026.md	179	KR4h0160_WYG_024-12a
026.md	187	KR4h0160_WYG_024-12b
026.md	195	KR4h0160_WYG_024-13a
026.md	203	KR4h0160_WYG_024-13b
026.md	211	KR4h0160_WYG_024-14a
026.md	219	KR4h0160_WYG_024-14b
026.md	227	KR4h0160_WYG_024-15a
026.md	235	KR4h0160_WYG_024-15b
026.md	243	KR4h0160_WYG_024-16a
026.md	251	KR4h0160_WYG_024-16b
026.md	259	KR4h0160_WYG_024-17a
026.md	267	KR4h0160_WYG_024-17b
026.md	275	KR4h0160_WYG_024-18a
026.md	283	KR4h0160_WYG_024-18b
026.md	291	KR4h0160_WYG_024-19a
026.md	299	KR4h0160_WYG_024-19b
026.md	307	KR4h0160_WYG_024-20a
026.md	315	KR4h0160_WYG_024-20b
026.md	323	KR4h0160_WYG_024-21a
026.md	331	KR4h0160_WYG_024-21b
026.md	339	KR4h0160_WYG_024-22a
026.md	347	KR4h0160_WYG_024-22b
026.md	355	KR4h0160_WYG_024-23a
026.md	363	KR4h0160_WYG_024-23b
026.md	371	KR4h0160_WYG_024-24a
026.md	379	KR4h0160_WYG_024-24b
026.md	387	KR4h0160_WYG_024-25a
026.md	395	KR4h0160_WYG_024-25b
026.md	403	KR4h0160_WYG_024-26a
026.md	411	KR4h0160_WYG_024-26b
026.md	419	KR4h0160_WYG_024-27a
026.md	427	KR4h0160_WYG_024-27b
026.md	435	KR4h0160_WYG_024-28a
026.md	443	KR4h0160_WYG_024-28b
026.md	451	KR4h0160_WYG_024-29a
026.md	459	KR4h0160_WYG_024-29b
026.md	467	KR4h0160_WYG_024-30a
026.md	475	KR4h0160_WYG_024-30b
026.md	483	KR4h0160_WYG_024-31a
026.md	491	KR4h0160_WYG_024-31b
026.md	499	KR4h0160_WYG_024-32a
026.md	507	KR4h0160_WYG_024-32b
026.md	515	KR4h0160_WYG_024-33a
026.md	523	KR4h0160_WYG_024-33b
026.md	531	KR4h0160_WYG_024-34a
026.md	539	KR4h0160_WYG_024-34b
026.md	547	KR4h0160_WYG_024-35a
026.md	555	KR4h0160_WYG_024-35b
026.md	563	KR4h0160_WYG_024-36a
026.md	571	KR4h0160_WYG_024-36b
026.md	579	KR4h0160_WYG_024-37a
026.md	587	KR4h0160_WYG_024-37b
026.md	595	KR4h0160_WYG_024-38a
026.md	603	KR4h0160_WYG_024-38b
026.md	611	KR4h0160_WYG_024-39a
026.md	619	KR4h0160_WYG_024-39b
026.md	627	KR4h0160_WYG_024-40a
026.md	635	KR4h0160_WYG_024-40b
026.md	643	KR4h0160_WYG_024-41a
026.md	651	KR4h0160_WYG_024-41b
026.md	659	KR4h0160_WYG_024-42a
026.md	667	KR4h0160_WYG_024-42b
026.md	675	KR4h0160_WYG_024-43a
026.md	683	KR4h0160_WYG_024-43b
026.md	691	KR4h0160_WYG_024-44a
026.md	699	KR4h0160_WYG_024-44b
026.md	707	KR4h0160_WYG_024-45a
026.md	715	KR4h0160_WYG_024-45b
026.md	723	KR4h0160_WYG_024-46a
026.md	731	KR4h0160_WYG_024-46b
026.md	739	KR4h0160_WYG_024-47a
026.md	747	KR4h0160_WYG_024-47b
026.md	755	KR4h0160_WYG_024-48a
026.md	763	KR4h0160_WYG_024-48b
026.md	771	KR4h0160_WYG_024-49a
026.md	779	KR4h0160_WYG_024-49b
026.md	787	KR4h0160_WYG_024-50a
026.md	795	KR4h0160_WYG_024-50b
026.md	803	KR4h0160_WYG_024-51a
026.md	811	KR4h0160_WYG_024-51b
026.md	819	KR4h0160_WYG_024-52a
026.md	827	KR4h0160_WYG_024-52b
026.md	835	KR4h0160_WYG_024-53a
026.md	843	KR4h0160_WYG_024-53b
026.md	851	KR4h0160_WYG_024-54a
026.md	859	KR4h0160_WYG_024-54b
026.md	867	KR4h0160_WYG_024-55a
026.md	875	KR4h0160_WYG_024-55b
026.md	883	KR4h0160_WYG_024-56a
026.md	891	KR4h0160_WYG_024-56b
026.md	899	KR4h0160_WYG_024-57a
026.md	907	KR4h0160_WYG_024-57b
026.md	915	KR4h0160_WYG_024-58a
026.md	923	KR4h0160_WYG_024-58b
026.md	931	KR4h0160_WYG_024-59a
026.md	939	KR4h0160_WYG_024-59b
026.md	947	KR4h0160_WYG_024-60a
026.md	955	KR4h0160_WYG_024-60b
027.md	3	KR4h0160_WYG_025-1a
027.md	11	KR4h0160_WYG_025-1b
027.md	19	KR4h0160_WYG_025-2a
027.md	27	KR4h0160_WYG_025-2b
027.md	35	KR4h0160_WYG_025-3a
027.md	43	KR4h0160_WYG_025-3b
027.md	51	KR4h0160_WYG_025-4a
027.md	59	KR4h0160_WYG_025-4b
027.md	67	KR4h0160_WYG_025-5a
027.md	75	KR4h0160_WYG_025-5b
027.md	83	KR4h0160_WYG_025-6a
027.md	91	KR4h0160_WYG_025-6b
027.md	99	KR4h0160_WYG_025-7a
027.md	107	KR4h0160_WYG_025-7b
027.md	115	KR4h0160_WYG_025-8a
027.md	123	KR4h0160_WYG_025-8b
027.md	131	KR4h0160_WYG_025-9a
027.md	139	KR4h0160_WYG_025-9b
027.md	147	KR4h0160_WYG_025-10a
027.md	155	KR4h0160_WYG_025-10b
027.md	163	KR4h0160_WYG_025-11a
027.md	171	KR4h0160_WYG_025-11b
027.md	179	KR4h0160_WYG_025-12a
027.md	187	KR4h0160_WYG_025-12b
027.md	195	KR4h0160_WYG_025-13a
027.md	203	KR4h0160_WYG_025-13b
027.md	211	KR4h0160_WYG_025-14a
027.md	219	KR4h0160_WYG_025-14b
027.md	227	KR4h0160_WYG_025-15a
027.md	235	KR4h0160_WYG_025-15b
027.md	243	KR4h0160_WYG_025-16a
027.md	251	KR4h0160_WYG_025-16b
027.md	259	KR4h0160_WYG_025-17a
027.md	267	KR4h0160_WYG_025-17b
027.md	275	KR4h0160_WYG_025-18a
027.md	283	KR4h0160_WYG_025-18b
027.md	291	KR4h0160_WYG_025-19a
027.md	299	KR4h0160_WYG_025-19b
027.md	307	KR4h0160_WYG_025-20a
027.md	315	KR4h0160_WYG_025-20b
027.md	323	KR4h0160_WYG_025-21a
027.md	331	KR4h0160_WYG_025-21b
027.md	339	KR4h0160_WYG_025-22a
027.md	347	KR4h0160_WYG_025-22b
027.md	355	KR4h0160_WYG_025-23a
027.md	363	KR4h0160_WYG_025-23b
027.md	371	KR4h0160_WYG_025-24a
027.md	379	KR4h0160_WYG_025-24b
027.md	387	KR4h0160_WYG_025-25a
027.md	395	KR4h0160_WYG_025-25b
027.md	403	KR4h0160_WYG_025-26a
027.md	411	KR4h0160_WYG_025-26b
027.md	419	KR4h0160_WYG_025-27a
027.md	427	KR4h0160_WYG_025-27b
027.md	435	KR4h0160_WYG_025-28a
027.md	443	KR4h0160_WYG_025-28b
027.md	451	KR4h0160_WYG_025-29a
027.md	459	KR4h0160_WYG_025-29b
027.md	467	KR4h0160_WYG_025-30a
027.md	475	KR4h0160_WYG_025-30b
027.md	483	KR4h0160_WYG_025-31a
027.md	491	KR4h0160_WYG_025-31b
027.md	499	KR4h0160_WYG_025-32a
027.md	507	KR4h0160_WYG_025-32b
027.md	515	KR4h0160_WYG_025-33a
027.md	523	KR4h0160_WYG_025-33b
027.md	531	KR4h0160_WYG_025-34a
027.md	539	KR4h0160_WYG_025-34b
027.md	547	KR4h0160_WYG_025-35a
027.md	555	KR4h0160_WYG_025-35b
027.md	563	KR4h0160_WYG_025-36a
027.md	571	KR4h0160_WYG_025-36b
027.md	579	KR4h0160_WYG_025-37a
027.md	587	KR4h0160_WYG_025-37b
027.md	595	KR4h0160_WYG_025-38a
027.md	603	KR4h0160_WYG_025-38b
027.md	611	KR4h0160_WYG_025-39a
027.md	619	KR4h0160_WYG_025-39b
027.md	627	KR4h0160_WYG_025-40a
027.md	635	KR4h0160_WYG_025-40b
027.md	643	KR4h0160_WYG_025-41a
027.md	651	KR4h0160_WYG_025-41b
027.md	659	KR4h0160_WYG_025-42a
027.md	667	KR4h0160_WYG_025-42b
027.md	675	KR4h0160_WYG_025-43a
027.md	683	KR4h0160_WYG_025-43b
027.md	691	KR4h0160_WYG_025-44a
027.md	699	KR4h0160_WYG_025-44b
027.md	707	KR4h0160_WYG_025-45a
027.md	715	KR4h0160_WYG_025-45b
027.md	723	KR4h0160_WYG_025-46a
027.md	731	KR4h0160_WYG_025-46b
027.md	739	KR4h0160_WYG_025-47a
027.md	747	KR4h0160_WYG_025-47b
027.md	755	KR4h0160_WYG_025-48a
027.md	763	KR4h0160_WYG_025-48b
027.md	771	KR4h0160_WYG_025-49a
027.md	779	KR4h0160_WYG_025-49b
028.md	3	KR4h0160_WYG_026-1a
028.md	11	KR4h0160_WYG_026-1b
028.md	19	KR4h0160_WYG_026-2a
028.md	27	KR4h0160_WYG_026-2b
028.md	35	KR4h0160_WYG_026-3a
028.md	43	KR4h0160_WYG_026-3b
028.md	51	KR4h0160_WYG_026-4a
028.md	59	KR4h0160_WYG_026-4b
028.md	67	KR4h0160_WYG_026-5a
028.md	75	KR4h0160_WYG_026-5b
028.md	83	KR4h0160_WYG_026-6a
028.md	91	KR4h0160_WYG_026-6b
028.md	99	KR4h0160_WYG_026-7a
028.md	107	KR4h0160_WYG_026-7b
028.md	115	KR4h0160_WYG_026-8a
028.md	123	KR4h0160_WYG_026-8b
028.md	131	KR4h0160_WYG_026-9a
028.md	139	KR4h0160_WYG_026-9b
028.md	147	KR4h0160_WYG_026-10a
028.md	155	KR4h0160_WYG_026-10b
028.md	163	KR4h0160_WYG_026-11a
028.md	171	KR4h0160_WYG_026-11b
028.md	179	KR4h0160_WYG_026-12a
028.md	187	KR4h0160_WYG_026-12b
028.md	195	KR4h0160_WYG_026-13a
028.md	203	KR4h0160_WYG_026-13b
028.md	211	KR4h0160_WYG_026-14a
028.md	219	KR4h0160_WYG_026-14b
028.md	227	KR4h0160_WYG_026-15a
028.md	235	KR4h0160_WYG_026-15b
028.md	243	KR4h0160_WYG_026-16a
028.md	251	KR4h0160_WYG_026-16b
028.md	259	KR4h0160_WYG_026-17a
028.md	267	KR4h0160_WYG_026-17b
028.md	275	KR4h0160_WYG_026-18a
028.md	283	KR4h0160_WYG_026-18b
028.md	291	KR4h0160_WYG_026-19a
028.md	299	KR4h0160_WYG_026-19b
028.md	307	KR4h0160_WYG_026-20a
028.md	315	KR4h0160_WYG_026-20b
028.md	323	KR4h0160_WYG_026-21a
028.md	331	KR4h0160_WYG_026-21b
028.md	339	KR4h0160_WYG_026-22a
028.md	347	KR4h0160_WYG_026-22b
028.md	355	KR4h0160_WYG_026-23a
028.md	363	KR4h0160_WYG_026-23b
028.md	371	KR4h0160_WYG_026-24a
028.md	379	KR4h0160_WYG_026-24b
028.md	387	KR4h0160_WYG_026-25a
028.md	395	KR4h0160_WYG_026-25b
028.md	403	KR4h0160_WYG_026-26a
028.md	411	KR4h0160_WYG_026-26b
028.md	419	KR4h0160_WYG_026-27a
028.md	427	KR4h0160_WYG_026-27b
028.md	435	KR4h0160_WYG_026-28a
028.md	443	KR4h0160_WYG_026-28b
028.md	451	KR4h0160_WYG_026-29a
028.md	459	KR4h0160_WYG_026-29b
028.md	467	KR4h0160_WYG_026-30a
028.md	475	KR4h0160_WYG_026-30b
028.md	483	KR4h0160_WYG_026-31a
028.md	491	KR4h0160_WYG_026-31b
028.md	499	KR4h0160_WYG_026-32a
028.md	507	KR4h0160_WYG_026-32b
028.md	515	KR4h0160_WYG_026-33a
028.md	523	KR4h0160_WYG_026-33b
028.md	531	KR4h0160_WYG_026-34a
028.md	539	KR4h0160_WYG_026-34b
028.md	547	KR4h0160_WYG_026-35a
028.md	555	KR4h0160_WYG_026-35b
028.md	563	KR4h0160_WYG_026-36a
028.md	571	KR4h0160_WYG_026-36b
028.md	579	KR4h0160_WYG_026-37a
028.md	587	KR4h0160_WYG_026-37b
028.md	595	KR4h0160_WYG_026-38a
028.md	603	KR4h0160_WYG_026-38b
028.md	611	KR4h0160_WYG_026-39a
028.md	619	KR4h0160_WYG_026-39b
028.md	627	KR4h0160_WYG_026-40a
028.md	635	KR4h0160_WYG_026-40b
028.md	643	KR4h0160_WYG_026-41a
028.md	651	KR4h0160_WYG_026-41b
028.md	659	KR4h0160_WYG_026-42a
028.md	667	KR4h0160_WYG_026-42b
028.md	675	KR4h0160_WYG_026-43a
028.md	683	KR4h0160_WYG_026-43b
028.md	691	KR4h0160_WYG_026-44a
028.md	699	KR4h0160_WYG_026-44b
028.md	707	KR4h0160_WYG_026-45a
028.md	715	KR4h0160_WYG_026-45b
028.md	723	KR4h0160_WYG_026-46a
028.md	731	KR4h0160_WYG_026-46b
028.md	739	KR4h0160_WYG_026-47a
028.md	747	KR4h0160_WYG_026-47b
028.md	755	KR4h0160_WYG_026-48a
028.md	763	KR4h0160_WYG_026-48b
028.md	771	KR4h0160_WYG_026-49a
028.md	779	KR4h0160_WYG_026-49b
028.md	787	KR4h0160_WYG_026-50a
028.md	795	KR4h0160_WYG_026-50b
028.md	803	KR4h0160_WYG_026-51a
028.md	811	KR4h0160_WYG_026-51b
028.md	819	KR4h0160_WYG_026-52a
028.md	827	KR4h0160_WYG_026-52b
028.md	835	KR4h0160_WYG_026-53a
028.md	843	KR4h0160_WYG_026-53b
028.md	851	KR4h0160_WYG_026-54a
028.md	859	KR4h0160_WYG_026-54b
028.md	867	KR4h0160_WYG_026-55a
028.md	875	KR4h0160_WYG_026-55b
028.md	883	KR4h0160_WYG_026-56a
028.md	891	KR4h0160_WYG_026-56b
028.md	899	KR4h0160_WYG_026-57a
028.md	907	KR4h0160_WYG_026-57b
028.md	915	KR4h0160_WYG_026-58a
028.md	923	KR4h0160_WYG_026-58b
028.md	931	KR4h0160_WYG_026-59a
028.md	939	KR4h0160_WYG_026-59b
029.md	3	KR4h0160_WYG_027-1a
029.md	11	KR4h0160_WYG_027-1b
029.md	19	KR4h0160_WYG_027-2a
029.md	27	KR4h0160_WYG_027-2b
029.md	35	KR4h0160_WYG_027-3a
029.md	43	KR4h0160_WYG_027-3b
029.md	51	KR4h0160_WYG_027-4a
029.md	59	KR4h0160_WYG_027-4b
029.md	67	KR4h0160_WYG_027-5a
029.md	75	KR4h0160_WYG_027-5b
029.md	83	KR4h0160_WYG_027-6a
029.md	91	KR4h0160_WYG_027-6b
029.md	99	KR4h0160_WYG_027-7a
029.md	107	KR4h0160_WYG_027-7b
029.md	115	KR4h0160_WYG_027-8a
029.md	123	KR4h0160_WYG_027-8b
029.md	131	KR4h0160_WYG_027-9a
029.md	139	KR4h0160_WYG_027-9b
029.md	147	KR4h0160_WYG_027-10a
029.md	155	KR4h0160_WYG_027-10b
029.md	163	KR4h0160_WYG_027-11a
029.md	171	KR4h0160_WYG_027-11b
029.md	179	KR4h0160_WYG_027-12a
029.md	187	KR4h0160_WYG_027-12b
029.md	195	KR4h0160_WYG_027-13a
029.md	203	KR4h0160_WYG_027-13b
029.md	211	KR4h0160_WYG_027-14a
029.md	219	KR4h0160_WYG_027-14b
029.md	227	KR4h0160_WYG_027-15a
029.md	235	KR4h0160_WYG_027-15b
029.md	243	KR4h0160_WYG_027-16a
029.md	251	KR4h0160_WYG_027-16b
029.md	259	KR4h0160_WYG_027-17a
029.md	267	KR4h0160_WYG_027-17b
029.md	275	KR4h0160_WYG_027-18a
029.md	283	KR4h0160_WYG_027-18b
029.md	291	KR4h0160_WYG_027-19a
029.md	299	KR4h0160_WYG_027-19b
029.md	307	KR4h0160_WYG_027-20a
029.md	315	KR4h0160_WYG_027-20b
029.md	323	KR4h0160_WYG_027-21a
029.md	331	KR4h0160_WYG_027-21b
029.md	339	KR4h0160_WYG_027-22a
029.md	347	KR4h0160_WYG_027-22b
029.md	355	KR4h0160_WYG_027-23a
029.md	363	KR4h0160_WYG_027-23b
029.md	371	KR4h0160_WYG_027-24a
029.md	379	KR4h0160_WYG_027-24b
029.md	387	KR4h0160_WYG_027-25a
029.md	395	KR4h0160_WYG_027-25b
029.md	403	KR4h0160_WYG_027-26a
029.md	411	KR4h0160_WYG_027-26b
029.md	419	KR4h0160_WYG_027-27a
029.md	427	KR4h0160_WYG_027-27b
029.md	435	KR4h0160_WYG_027-28a
029.md	443	KR4h0160_WYG_027-28b
029.md	451	KR4h0160_WYG_027-29a
029.md	459	KR4h0160_WYG_027-29b
029.md	467	KR4h0160_WYG_027-30a
029.md	475	KR4h0160_WYG_027-30b
029.md	483	KR4h0160_WYG_027-31a
029.md	491	KR4h0160_WYG_027-31b
029.md	499	KR4h0160_WYG_027-32a
029.md	507	KR4h0160_WYG_027-32b
029.md	515	KR4h0160_WYG_027-33a
029.md	523	KR4h0160_WYG_027-33b
029.md	531	KR4h0160_WYG_027-34a
029.md	539	KR4h0160_WYG_027-34b
029.md	547	KR4h0160_WYG_027-35a
029.md	555	KR4h0160_WYG_027-35b
029.md	563	KR4h0160_WYG_027-36a
029.md	571	KR4h0160_WYG_027-36b
029.md	579	KR4h0160_WYG_027-37a
029.md	587	KR4h0160_WYG_027-37b
029.md	595	KR4h0160_WYG_027-38a
029.md	603	KR4h0160_WYG_027-38b
029.md	611	KR4h0160_WYG_027-39a
029.md	619	KR4h0160_WYG_027-39b
029.md	627	KR4h0160_WYG_027-40a
029.md	635	KR4h0160_WYG_027-40b
029.md	643	KR4h0160_WYG_027-41a
029.md	651	KR4h0160_WYG_027-41b
029.md	659	KR4h0160_WYG_027-42a
029.md	667	KR4h0160_WYG_027-42b
029.md	675	KR4h0160_WYG_027-43a
029.md	683	KR4h0160_WYG_027-43b
029.md	691	KR4h0160_WYG_027-44a
029.md	699	KR4h0160_WYG_027-44b
029.md	707	KR4h0160_WYG_027-45a
029.md	715	KR4h0160_WYG_027-45b
029.md	723	KR4h0160_WYG_027-46a
029.md	731	KR4h0160_WYG_027-46b
029.md	739	KR4h0160_WYG_027-47a
029.md	747	KR4h0160_WYG_027-47b
029.md	755	KR4h0160_WYG_027-48a
029.md	763	KR4h0160_WYG_027-48b
029.md	771	KR4h0160_WYG_027-49a
029.md	779	KR4h0160_WYG_027-49b
029.md	787	KR4h0160_WYG_027-50a
029.md	795	KR4h0160_WYG_027-50b
029.md	803	KR4h0160_WYG_027-51a
029.md	811	KR4h0160_WYG_027-51b
029.md	819	KR4h0160_WYG_027-52a
029.md	827	KR4h0160_WYG_027-52b
029.md	835	KR4h0160_WYG_027-53a
029.md	843	KR4h0160_WYG_027-53b
029.md	851	KR4h0160_WYG_027-54a
029.md	859	KR4h0160_WYG_027-54b
030.md	3	KR4h0160_WYG_028-1a
030.md	11	KR4h0160_WYG_028-1b
030.md	19	KR4h0160_WYG_028-2a
030.md	27	KR4h0160_WYG_028-2b
030.md	35	KR4h0160_WYG_028-3a
030.md	43	KR4h0160_WYG_028-3b
030.md	51	KR4h0160_WYG_028-4a
030.md	59	KR4h0160_WYG_028-4b
030.md	67	KR4h0160_WYG_028-5a
030.md	75	KR4h0160_WYG_028-5b
030.md	83	KR4h0160_WYG_028-6a
030.md	91	KR4h0160_WYG_028-6b
030.md	99	KR4h0160_WYG_028-7a
030.md	107	KR4h0160_WYG_028-7b
030.md	115	KR4h0160_WYG_028-8a
030.md	123	KR4h0160_WYG_028-8b
030.md	131	KR4h0160_WYG_028-9a
030.md	139	KR4h0160_WYG_028-9b
030.md	147	KR4h0160_WYG_028-10a
030.md	155	KR4h0160_WYG_028-10b
030.md	163	KR4h0160_WYG_028-11a
030.md	171	KR4h0160_WYG_028-11b
030.md	179	KR4h0160_WYG_028-12a
030.md	187	KR4h0160_WYG_028-12b
030.md	195	KR4h0160_WYG_028-13a
030.md	203	KR4h0160_WYG_028-13b
030.md	211	KR4h0160_WYG_028-14a
030.md	219	KR4h0160_WYG_028-14b
030.md	227	KR4h0160_WYG_028-15a
030.md	235	KR4h0160_WYG_028-15b
030.md	243	KR4h0160_WYG_028-16a
030.md	251	KR4h0160_WYG_028-16b
030.md	259	KR4h0160_WYG_028-17a
030.md	267	KR4h0160_WYG_028-17b
030.md	275	KR4h0160_WYG_028-18a
030.md	283	KR4h0160_WYG_028-18b
030.md	291	KR4h0160_WYG_028-19a
030.md	299	KR4h0160_WYG_028-19b
030.md	307	KR4h0160_WYG_028-20a
030.md	315	KR4h0160_WYG_028-20b
030.md	323	KR4h0160_WYG_028-21a
030.md	331	KR4h0160_WYG_028-21b
030.md	339	KR4h0160_WYG_028-22a
030.md	347	KR4h0160_WYG_028-22b
030.md	355	KR4h0160_WYG_028-23a
030.md	363	KR4h0160_WYG_028-23b
030.md	371	KR4h0160_WYG_028-24a
030.md	379	KR4h0160_WYG_028-24b
030.md	387	KR4h0160_WYG_028-25a
030.md	395	KR4h0160_WYG_028-25b
030.md	403	KR4h0160_WYG_028-26a
030.md	411	KR4h0160_WYG_028-26b
030.md	419	KR4h0160_WYG_028-27a
030.md	427	KR4h0160_WYG_028-27b
030.md	435	KR4h0160_WYG_028-28a
030.md	443	KR4h0160_WYG_028-28b
030.md	451	KR4h0160_WYG_028-29a
030.md	459	KR4h0160_WYG_028-29b
030.md	467	KR4h0160_WYG_028-30a
030.md	475	KR4h0160_WYG_028-30b
030.md	483	KR4h0160_WYG_028-31a
030.md	491	KR4h0160_WYG_028-31b
030.md	499	KR4h0160_WYG_028-32a
030.md	507	KR4h0160_WYG_028-32b
030.md	515	KR4h0160_WYG_028-33a
030.md	523	KR4h0160_WYG_028-33b
030.md	531	KR4h0160_WYG_028-34a
030.md	539	KR4h0160_WYG_028-34b
030.md	547	KR4h0160_WYG_028-35a
030.md	555	KR4h0160_WYG_028-35b
030.md	563	KR4h0160_WYG_028-36a
030.md	571	KR4h0160_WYG_028-36b
030.md	579	KR4h0160_WYG_028-37a
030.md	587	KR4h0160_WYG_028-37b
030.md	595	KR4h0160_WYG_028-38a
030.md	603	KR4h0160_WYG_028-38b
030.md	611	KR4h0160_WYG_028-39a
030.md	619	KR4h0160_WYG_028-39b
030.md	627	KR4h0160_WYG_028-40a
030.md	635	KR4h0160_WYG_028-40b
030.md	643	KR4h0160_WYG_028-41a
030.md	651	KR4h0160_WYG_028-41b
030.md	659	KR4h0160_WYG_028-42a
030.md	667	KR4h0160_WYG_028-42b
031.md	3	KR4h0160_WYG_029-1a
031.md	11	KR4h0160_WYG_029-1b
031.md	19	KR4h0160_WYG_029-2a
031.md	27	KR4h0160_WYG_029-2b
031.md	35	KR4h0160_WYG_029-3a
031.md	43	KR4h0160_WYG_029-3b
031.md	51	KR4h0160_WYG_029-4a
031.md	59	KR4h0160_WYG_029-4b
031.md	67	KR4h0160_WYG_029-5a
031.md	75	KR4h0160_WYG_029-5b
031.md	83	KR4h0160_WYG_029-6a
031.md	91	KR4h0160_WYG_029-6b
031.md	99	KR4h0160_WYG_029-7a
031.md	107	KR4h0160_WYG_029-7b
031.md	115	KR4h0160_WYG_029-8a
031.md	123	KR4h0160_WYG_029-8b
031.md	131	KR4h0160_WYG_029-9a
031.md	139	KR4h0160_WYG_029-9b
031.md	147	KR4h0160_WYG_029-10a
031.md	155	KR4h0160_WYG_029-10b
031.md	163	KR4h0160_WYG_029-11a
031.md	171	KR4h0160_WYG_029-11b
031.md	179	KR4h0160_WYG_029-12a
031.md	187	KR4h0160_WYG_029-12b
031.md	195	KR4h0160_WYG_029-13a
031.md	203	KR4h0160_WYG_029-13b
031.md	211	KR4h0160_WYG_029-14a
031.md	219	KR4h0160_WYG_029-14b
031.md	227	KR4h0160_WYG_029-15a
031.md	235	KR4h0160_WYG_029-15b
031.md	243	KR4h0160_WYG_029-16a
031.md	251	KR4h0160_WYG_029-16b
031.md	259	KR4h0160_WYG_029-17a
031.md	267	KR4h0160_WYG_029-17b
031.md	275	KR4h0160_WYG_029-18a
031.md	283	KR4h0160_WYG_029-18b
031.md	291	KR4h0160_WYG_029-19a
031.md	299	KR4h0160_WYG_029-19b
031.md	307	KR4h0160_WYG_029-20a
031.md	315	KR4h0160_WYG_029-20b
031.md	323	KR4h0160_WYG_029-21a
031.md	331	KR4h0160_WYG_029-21b
031.md	339	KR4h0160_WYG_029-22a
031.md	347	KR4h0160_WYG_029-22b
031.md	355	KR4h0160_WYG_029-23a
031.md	363	KR4h0160_WYG_029-23b
031.md	371	KR4h0160_WYG_029-24a
031.md	379	KR4h0160_WYG_029-24b
031.md	387	KR4h0160_WYG_029-25a
031.md	395	KR4h0160_WYG_029-25b
031.md	403	KR4h0160_WYG_029-26a
031.md	411	KR4h0160_WYG_029-26b
031.md	419	KR4h0160_WYG_029-27a
031.md	427	KR4h0160_WYG_029-27b
031.md	435	KR4h0160_WYG_029-28a
031.md	443	KR4h0160_WYG_029-28b
031.md	451	KR4h0160_WYG_029-29a
031.md	459	KR4h0160_WYG_029-29b
031.md	467	KR4h0160_WYG_029-30a
031.md	475	KR4h0160_WYG_029-30b
031.md	483	KR4h0160_WYG_029-31a
031.md	491	KR4h0160_WYG_029-31b
031.md	499	KR4h0160_WYG_029-32a
031.md	507	KR4h0160_WYG_029-32b
031.md	515	KR4h0160_WYG_029-33a
031.md	523	KR4h0160_WYG_029-33b
031.md	531	KR4h0160_WYG_029-34a
031.md	539	KR4h0160_WYG_029-34b
032.md	3	KR4h0160_WYG_030-1a
032.md	11	KR4h0160_WYG_030-1b
032.md	19	KR4h0160_WYG_030-2a
032.md	27	KR4h0160_WYG_030-2b
032.md	35	KR4h0160_WYG_030-3a
032.md	43	KR4h0160_WYG_030-3b
032.md	51	KR4h0160_WYG_030-4a
032.md	59	KR4h0160_WYG_030-4b
032.md	67	KR4h0160_WYG_030-5a
032.md	75	KR4h0160_WYG_030-5b
032.md	83	KR4h0160_WYG_030-6a
032.md	91	KR4h0160_WYG_030-6b
032.md	99	KR4h0160_WYG_030-7a
032.md	107	KR4h0160_WYG_030-7b
032.md	115	KR4h0160_WYG_030-8a
032.md	123	KR4h0160_WYG_030-8b
032.md	131	KR4h0160_WYG_030-9a
032.md	139	KR4h0160_WYG_030-9b
032.md	147	KR4h0160_WYG_030-10a
032.md	155	KR4h0160_WYG_030-10b
032.md	163	KR4h0160_WYG_030-11a
032.md	171	KR4h0160_WYG_030-11b
032.md	179	KR4h0160_WYG_030-12a
032.md	187	KR4h0160_WYG_030-12b
032.md	195	KR4h0160_WYG_030-13a
032.md	203	KR4h0160_WYG_030-13b
032.md	211	KR4h0160_WYG_030-14a
032.md	219	KR4h0160_WYG_030-14b
032.md	227	KR4h0160_WYG_030-15a
032.md	235	KR4h0160_WYG_030-15b
032.md	243	KR4h0160_WYG_030-16a
032.md	251	KR4h0160_WYG_030-16b
032.md	259	KR4h0160_WYG_030-17a
032.md	267	KR4h0160_WYG_030-17b
032.md	275	KR4h0160_WYG_030-18a
032.md	283	KR4h0160_WYG_030-18b
032.md	291	KR4h0160_WYG_030-19a
032.md	299	KR4h0160_WYG_030-19b
032.md	307	KR4h0160_WYG_030-20a
032.md	315	KR4h0160_WYG_030-20b
032.md	323	KR4h0160_WYG_030-21a
032.md	331	KR4h0160_WYG_030-21b
032.md	339	KR4h0160_WYG_030-22a
032.md	347	KR4h0160_WYG_030-22b
032.md	355	KR4h0160_WYG_030-23a
032.md	363	KR4h0160_WYG_030-23b
032.md	371	KR4h0160_WYG_030-24a
032.md	379	KR4h0160_WYG_030-24b
032.md	387	KR4h0160_WYG_030-25a
032.md	395	KR4h0160_WYG_030-25b
032.md	403	KR4h0160_WYG_030-26a
032.md	411	KR4h0160_WYG_030-26b
032.md	419	KR4h0160_WYG_030-27a
032.md	427	KR4h0160_WYG_030-27b
032.md	435	KR4h0160_WYG_030-28a
032.md	443	KR4h0160_WYG_030-28b
032.md	451	KR4h0160_WYG_030-29a
032.md	459	KR4h0160_WYG_030-29b
032.md	467	KR4h0160_WYG_030-30a
032.md	475	KR4h0160_WYG_030-30b
032.md	483	KR4h0160_WYG_030-31a
032.md	491	KR4h0160_WYG_030-31b
032.md	499	KR4h0160_WYG_030-32a
032.md	507	KR4h0160_WYG_030-32b
032.md	515	KR4h0160_WYG_030-33a
032.md	523	KR4h0160_WYG_030-33b
032.md	531	KR4h0160_WYG_030-34a
032.md	539	KR4h0160_WYG_030-34b
032.md	547	KR4h0160_WYG_030-35a
032.md	555	KR4h0160_WYG_030-35b
032.md	563	KR4h0160_WYG_030-36a
032.md	571	KR4h0160_WYG_030-36b
032.md	579	KR4h0160_WYG_030-37a
032.md	587	KR4h0160_WYG_030-37b
032.md	595	KR4h0160_WYG_030-38a
032.md	603	KR4h0160_WYG_030-38b
032.md	611	KR4h0160_WYG_030-39a
032.md	619	KR4h0160_WYG_030-39b
032.md	627	KR4h0160_WYG_030-40a
032.md	635	KR4h0160_WYG_030-40b
032.md	643	KR4h0160_WYG_030-41a
032.md	651	KR4h0160_WYG_030-41b
032.md	659	KR4h0160_WYG_030-42a
032.md	667	KR4h0160_WYG_030-42b
032.md	675	KR4h0160_WYG_030-43a
032.md	683	KR4h0160_WYG_030-43b
032.md	691	KR4h0160_WYG_030-44a
032.md	699	KR4h0160_WYG_030-44b
032.md	707	KR4h0160_WYG_030-45a
032.md	715	KR4h0160_WYG_030-45b
032.md	723	KR4h0160_WYG_030-46a
032.md	731	KR4h0160_WYG_030-46b
032.md	739	KR4h0160_WYG_030-47a
032.md	747	KR4h0160_WYG_030-47b
032.md	755	KR4h0160_WYG_030-48a
032.md	763	KR4h0160_WYG_030-48b
032.md	771	KR4h0160_WYG_030-49a
032.md	779	KR4h0160_WYG_030-49b
032.md	787	KR4h0160_WYG_030-50a
032.md	795	KR4h0160_WYG_030-50b
032.md	803	KR4h0160_WYG_030-51a
032.md	811	KR4h0160_WYG_030-51b
032.md	819	KR4h0160_WYG_030-52a
032.md	827	KR4h0160_WYG_030-52b
032.md	835	KR4h0160_WYG_030-53a
032.md	843	KR4h0160_WYG_030-53b
032.md	851	KR4h0160_WYG_030-54a
032.md	859	KR4h0160_WYG_030-54b
032.md	867	KR4h0160_WYG_030-55a
032.md	875	KR4h0160_WYG_030-55b
033.md	3	KR4h0160_WYG_031-1a
033.md	11	KR4h0160_WYG_031-1b
033.md	19	KR4h0160_WYG_031-2a
033.md	27	KR4h0160_WYG_031-2b
033.md	35	KR4h0160_WYG_031-3a
033.md	43	KR4h0160_WYG_031-3b
033.md	51	KR4h0160_WYG_031-4a
033.md	59	KR4h0160_WYG_031-4b
033.md	67	KR4h0160_WYG_031-5a
033.md	75	KR4h0160_WYG_031-5b
033.md	83	KR4h0160_WYG_031-6a
033.md	91	KR4h0160_WYG_031-6b
033.md	99	KR4h0160_WYG_031-7a
033.md	107	KR4h0160_WYG_031-7b
033.md	115	KR4h0160_WYG_031-8a
033.md	123	KR4h0160_WYG_031-8b
033.md	131	KR4h0160_WYG_031-9a
033.md	139	KR4h0160_WYG_031-9b
033.md	147	KR4h0160_WYG_031-10a
033.md	155	KR4h0160_WYG_031-10b
033.md	163	KR4h0160_WYG_031-11a
033.md	171	KR4h0160_WYG_031-11b
033.md	179	KR4h0160_WYG_031-12a
033.md	187	KR4h0160_WYG_031-12b
033.md	195	KR4h0160_WYG_031-13a
033.md	203	KR4h0160_WYG_031-13b
033.md	211	KR4h0160_WYG_031-14a
033.md	219	KR4h0160_WYG_031-14b
033.md	227	KR4h0160_WYG_031-15a
033.md	235	KR4h0160_WYG_031-15b
033.md	243	KR4h0160_WYG_031-16a
033.md	251	KR4h0160_WYG_031-16b
033.md	259	KR4h0160_WYG_031-17a
033.md	267	KR4h0160_WYG_031-17b
033.md	275	KR4h0160_WYG_031-18a
033.md	283	KR4h0160_WYG_031-18b
033.md	291	KR4h0160_WYG_031-19a
033.md	299	KR4h0160_WYG_031-19b
033.md	307	KR4h0160_WYG_031-20a
033.md	315	KR4h0160_WYG_031-20b
033.md	323	KR4h0160_WYG_031-21a
033.md	331	KR4h0160_WYG_031-21b
033.md	339	KR4h0160_WYG_031-22a
033.md	347	KR4h0160_WYG_031-22b
033.md	355	KR4h0160_WYG_031-23a
033.md	363	KR4h0160_WYG_031-23b
033.md	371	KR4h0160_WYG_031-24a
033.md	379	KR4h0160_WYG_031-24b
033.md	387	KR4h0160_WYG_031-25a
033.md	395	KR4h0160_WYG_031-25b
033.md	403	KR4h0160_WYG_031-26a
033.md	411	KR4h0160_WYG_031-26b
033.md	419	KR4h0160_WYG_031-27a
033.md	427	KR4h0160_WYG_031-27b
033.md	435	KR4h0160_WYG_031-28a
033.md	443	KR4h0160_WYG_031-28b
033.md	451	KR4h0160_WYG_031-29a
033.md	459	KR4h0160_WYG_031-29b
033.md	467	KR4h0160_WYG_031-30a
033.md	475	KR4h0160_WYG_031-30b
033.md	483	KR4h0160_WYG_031-31a
033.md	491	KR4h0160_WYG_031-31b
033.md	499	KR4h0160_WYG_031-32a
033.md	507	KR4h0160_WYG_031-32b
033.md	515	KR4h0160_WYG_031-33a
033.md	523	KR4h0160_WYG_031-33b
033.md	531	KR4h0160_WYG_031-34a
033.md	539	KR4h0160_WYG_031-34b
033.md	547	KR4h0160_WYG_031-35a
033.md	555	KR4h0160_WYG_031-35b
033.md	563	KR4h0160_WYG_031-36a
033.md	571	KR4h0160_WYG_031-36b
033.md	579	KR4h0160_WYG_031-37a
033.md	587	KR4h0160_WYG_031-37b
033.md	595	KR4h0160_WYG_031-38a
033.md	603	KR4h0160_WYG_031-38b
033.md	611	KR4h0160_WYG_031-39a
033.md	619	KR4h0160_WYG_031-39b
033.md	627	KR4h0160_WYG_031-40a
033.md	635	KR4h0160_WYG_031-40b
033.md	643	KR4h0160_WYG_031-41a
033.md	651	KR4h0160_WYG_031-41b
033.md	659	KR4h0160_WYG_031-42a
033.md	667	KR4h0160_WYG_031-42b
033.md	675	KR4h0160_WYG_031-43a
033.md	683	KR4h0160_WYG_031-43b
033.md	691	KR4h0160_WYG_031-44a
033.md	699	KR4h0160_WYG_031-44b
033.md	707	KR4h0160_WYG_031-45a
033.md	715	KR4h0160_WYG_031-45b
033.md	723	KR4h0160_WYG_031-46a
033.md	731	KR4h0160_WYG_031-46b
033.md	739	KR4h0160_WYG_031-47a
033.md	747	KR4h0160_WYG_031-47b
033.md	755	KR4h0160_WYG_031-48a
033.md	763	KR4h0160_WYG_031-48b
033.md	771	KR4h0160_WYG_031-49a
033.md	779	KR4h0160_WYG_031-49b
033.md	787	KR4h0160_WYG_031-50a
033.md	795	KR4h0160_WYG_031-50b
034.md	3	KR4h0160_WYG_032-1a
034.md	11	KR4h0160_WYG_032-1b
034.md	19	KR4h0160_WYG_032-2a
034.md	27	KR4h0160_WYG_032-2b
034.md	35	KR4h0160_WYG_032-3a
034.md	43	KR4h0160_WYG_032-3b
034.md	51	KR4h0160_WYG_032-4a
034.md	59	KR4h0160_WYG_032-4b
034.md	67	KR4h0160_WYG_032-5a
034.md	75	KR4h0160_WYG_032-5b
034.md	83	KR4h0160_WYG_032-6a
034.md	91	KR4h0160_WYG_032-6b
034.md	99	KR4h0160_WYG_032-7a
034.md	107	KR4h0160_WYG_032-7b
034.md	115	KR4h0160_WYG_032-8a
034.md	123	KR4h0160_WYG_032-8b
034.md	131	KR4h0160_WYG_032-9a
034.md	139	KR4h0160_WYG_032-9b
034.md	147	KR4h0160_WYG_032-10a
034.md	155	KR4h0160_WYG_032-10b
034.md	163	KR4h0160_WYG_032-11a
034.md	171	KR4h0160_WYG_032-11b
034.md	179	KR4h0160_WYG_032-12a
034.md	187	KR4h0160_WYG_032-12b
034.md	195	KR4h0160_WYG_032-13a
034.md	203	KR4h0160_WYG_032-13b
034.md	211	KR4h0160_WYG_032-14a
034.md	219	KR4h0160_WYG_032-14b
034.md	227	KR4h0160_WYG_032-15a
034.md	235	KR4h0160_WYG_032-15b
034.md	243	KR4h0160_WYG_032-16a
034.md	251	KR4h0160_WYG_032-16b
034.md	259	KR4h0160_WYG_032-17a
034.md	267	KR4h0160_WYG_032-17b
034.md	275	KR4h0160_WYG_032-18a
034.md	283	KR4h0160_WYG_032-18b
034.md	291	KR4h0160_WYG_032-19a
034.md	299	KR4h0160_WYG_032-19b
034.md	307	KR4h0160_WYG_032-20a
034.md	315	KR4h0160_WYG_032-20b
034.md	323	KR4h0160_WYG_032-21a
034.md	331	KR4h0160_WYG_032-21b
034.md	339	KR4h0160_WYG_032-22a
034.md	347	KR4h0160_WYG_032-22b
034.md	355	KR4h0160_WYG_032-23a
034.md	363	KR4h0160_WYG_032-23b
034.md	371	KR4h0160_WYG_032-24a
034.md	379	KR4h0160_WYG_032-24b
034.md	387	KR4h0160_WYG_032-25a
034.md	395	KR4h0160_WYG_032-25b
034.md	403	KR4h0160_WYG_032-26a
034.md	411	KR4h0160_WYG_032-26b
034.md	419	KR4h0160_WYG_032-27a
034.md	427	KR4h0160_WYG_032-27b
034.md	435	KR4h0160_WYG_032-28a
034.md	443	KR4h0160_WYG_032-28b
034.md	451	KR4h0160_WYG_032-29a
034.md	459	KR4h0160_WYG_032-29b
034.md	467	KR4h0160_WYG_032-30a
034.md	475	KR4h0160_WYG_032-30b
034.md	483	KR4h0160_WYG_032-31a
034.md	491	KR4h0160_WYG_032-31b
034.md	499	KR4h0160_WYG_032-32a
034.md	507	KR4h0160_WYG_032-32b
034.md	515	KR4h0160_WYG_032-33a
034.md	523	KR4h0160_WYG_032-33b
034.md	531	KR4h0160_WYG_032-34a
034.md	539	KR4h0160_WYG_032-34b
034.md	547	KR4h0160_WYG_032-35a
034.md	555	KR4h0160_WYG_032-35b
034.md	563	KR4h0160_WYG_032-36a
034.md	571	KR4h0160_WYG_032-36b
034.md	579	KR4h0160_WYG_032-37a
034.md	587	KR4h0160_WYG_032-37b
034.md	595	KR4h0160_WYG_032-38a
034.md	603	KR4h0160_WYG_032-38b
034.md	611	KR4h0160_WYG_032-39a
034.md	619	KR4h0160_WYG_032-39b
034.md	627	KR4h0160_WYG_032-40a
034.md	635	KR4h0160_WYG_032-40b
035.md	3	KR4h0160_WYG_033-1a
035.md	11	KR4h0160_WYG_033-1b
035.md	19	KR4h0160_WYG_033-2a
035.md	27	KR4h0160_WYG_033-2b
035.md	35	KR4h0160_WYG_033-3a
035.md	43	KR4h0160_WYG_033-3b
035.md	51	KR4h0160_WYG_033-4a
035.md	59	KR4h0160_WYG_033-4b
035.md	67	KR4h0160_WYG_033-5a
035.md	75	KR4h0160_WYG_033-5b
035.md	83	KR4h0160_WYG_033-6a
035.md	91	KR4h0160_WYG_033-6b
035.md	99	KR4h0160_WYG_033-7a
035.md	107	KR4h0160_WYG_033-7b
035.md	115	KR4h0160_WYG_033-8a
035.md	123	KR4h0160_WYG_033-8b
035.md	131	KR4h0160_WYG_033-9a
035.md	139	KR4h0160_WYG_033-9b
035.md	147	KR4h0160_WYG_033-10a
035.md	155	KR4h0160_WYG_033-10b
035.md	163	KR4h0160_WYG_033-11a
035.md	171	KR4h0160_WYG_033-11b
035.md	179	KR4h0160_WYG_033-12a
035.md	187	KR4h0160_WYG_033-12b
035.md	195	KR4h0160_WYG_033-13a
035.md	203	KR4h0160_WYG_033-13b
035.md	211	KR4h0160_WYG_033-14a
035.md	219	KR4h0160_WYG_033-14b
035.md	227	KR4h0160_WYG_033-15a
035.md	235	KR4h0160_WYG_033-15b
035.md	243	KR4h0160_WYG_033-16a
035.md	251	KR4h0160_WYG_033-16b
035.md	259	KR4h0160_WYG_033-17a
035.md	267	KR4h0160_WYG_033-17b
035.md	275	KR4h0160_WYG_033-18a
035.md	283	KR4h0160_WYG_033-18b
035.md	291	KR4h0160_WYG_033-19a
035.md	299	KR4h0160_WYG_033-19b
035.md	307	KR4h0160_WYG_033-20a
035.md	315	KR4h0160_WYG_033-20b
035.md	323	KR4h0160_WYG_033-21a
035.md	331	KR4h0160_WYG_033-21b
035.md	339	KR4h0160_WYG_033-22a
035.md	347	KR4h0160_WYG_033-22b
035.md	355	KR4h0160_WYG_033-23a
035.md	363	KR4h0160_WYG_033-23b
035.md	371	KR4h0160_WYG_033-24a
035.md	379	KR4h0160_WYG_033-24b
035.md	387	KR4h0160_WYG_033-25a
035.md	395	KR4h0160_WYG_033-25b
035.md	403	KR4h0160_WYG_033-26a
035.md	411	KR4h0160_WYG_033-26b
035.md	419	KR4h0160_WYG_033-27a
035.md	427	KR4h0160_WYG_033-27b
035.md	435	KR4h0160_WYG_033-28a
035.md	443	KR4h0160_WYG_033-28b
035.md	451	KR4h0160_WYG_033-29a
035.md	459	KR4h0160_WYG_033-29b
035.md	467	KR4h0160_WYG_033-30a
035.md	475	KR4h0160_WYG_033-30b
035.md	483	KR4h0160_WYG_033-31a
035.md	491	KR4h0160_WYG_033-31b
035.md	499	KR4h0160_WYG_033-32a
035.md	507	KR4h0160_WYG_033-32b
035.md	515	KR4h0160_WYG_033-33a
035.md	523	KR4h0160_WYG_033-33b
035.md	531	KR4h0160_WYG_033-34a
035.md	539	KR4h0160_WYG_033-34b
035.md	547	KR4h0160_WYG_033-35a
035.md	555	KR4h0160_WYG_033-35b
035.md	563	KR4h0160_WYG_033-36a
035.md	571	KR4h0160_WYG_033-36b
036.md	3	KR4h0160_WYG_034-1a
036.md	11	KR4h0160_WYG_034-1b
036.md	19	KR4h0160_WYG_034-2a
036.md	27	KR4h0160_WYG_034-2b
036.md	35	KR4h0160_WYG_034-3a
036.md	43	KR4h0160_WYG_034-3b
036.md	51	KR4h0160_WYG_034-4a
036.md	59	KR4h0160_WYG_034-4b
036.md	67	KR4h0160_WYG_034-5a
036.md	75	KR4h0160_WYG_034-5b
036.md	83	KR4h0160_WYG_034-6a
036.md	91	KR4h0160_WYG_034-6b
036.md	99	KR4h0160_WYG_034-7a
036.md	107	KR4h0160_WYG_034-7b
036.md	115	KR4h0160_WYG_034-8a
036.md	123	KR4h0160_WYG_034-8b
036.md	131	KR4h0160_WYG_034-9a
036.md	139	KR4h0160_WYG_034-9b
036.md	147	KR4h0160_WYG_034-10a
036.md	155	KR4h0160_WYG_034-10b
036.md	163	KR4h0160_WYG_034-11a
036.md	171	KR4h0160_WYG_034-11b
036.md	179	KR4h0160_WYG_034-12a
036.md	187	KR4h0160_WYG_034-12b
036.md	195	KR4h0160_WYG_034-13a
036.md	203	KR4h0160_WYG_034-13b
036.md	211	KR4h0160_WYG_034-14a
036.md	219	KR4h0160_WYG_034-14b
036.md	227	KR4h0160_WYG_034-15a
036.md	235	KR4h0160_WYG_034-15b
036.md	243	KR4h0160_WYG_034-16a
036.md	251	KR4h0160_WYG_034-16b
036.md	259	KR4h0160_WYG_034-17a
036.md	267	KR4h0160_WYG_034-17b
036.md	275	KR4h0160_WYG_034-18a
036.md	283	KR4h0160_WYG_034-18b
036.md	291	KR4h0160_WYG_034-19a
036.md	299	KR4h0160_WYG_034-19b
036.md	307	KR4h0160_WYG_034-20a
036.md	315	KR4h0160_WYG_034-20b
036.md	323	KR4h0160_WYG_034-21a
036.md	331	KR4h0160_WYG_034-21b
036.md	339	KR4h0160_WYG_034-22a
036.md	347	KR4h0160_WYG_034-22b
036.md	355	KR4h0160_WYG_034-23a
036.md	363	KR4h0160_WYG_034-23b
036.md	371	KR4h0160_WYG_034-24a
036.md	379	KR4h0160_WYG_034-24b
036.md	387	KR4h0160_WYG_034-25a
036.md	395	KR4h0160_WYG_034-25b
036.md	403	KR4h0160_WYG_034-26a
036.md	411	KR4h0160_WYG_034-26b
036.md	419	KR4h0160_WYG_034-27a
036.md	427	KR4h0160_WYG_034-27b
036.md	435	KR4h0160_WYG_034-28a
036.md	443	KR4h0160_WYG_034-28b
036.md	451	KR4h0160_WYG_034-29a
036.md	459	KR4h0160_WYG_034-29b
036.md	467	KR4h0160_WYG_034-30a
036.md	475	KR4h0160_WYG_034-30b
036.md	483	KR4h0160_WYG_034-31a
036.md	491	KR4h0160_WYG_034-31b
036.md	499	KR4h0160_WYG_034-32a
036.md	507	KR4h0160_WYG_034-32b
036.md	515	KR4h0160_WYG_034-33a
036.md	523	KR4h0160_WYG_034-33b
036.md	531	KR4h0160_WYG_034-34a
036.md	539	KR4h0160_WYG_034-34b
036.md	547	KR4h0160_WYG_034-35a
036.md	555	KR4h0160_WYG_034-35b
036.md	563	KR4h0160_WYG_034-36a
036.md	571	KR4h0160_WYG_034-36b
036.md	579	KR4h0160_WYG_034-37a
036.md	587	KR4h0160_WYG_034-37b
037.md	3	KR4h0160_WYG_035-1a
037.md	11	KR4h0160_WYG_035-1b
037.md	19	KR4h0160_WYG_035-2a
037.md	27	KR4h0160_WYG_035-2b
037.md	35	KR4h0160_WYG_035-3a
037.md	43	KR4h0160_WYG_035-3b
037.md	51	KR4h0160_WYG_035-4a
037.md	59	KR4h0160_WYG_035-4b
037.md	67	KR4h0160_WYG_035-5a
037.md	75	KR4h0160_WYG_035-5b
037.md	83	KR4h0160_WYG_035-6a
037.md	91	KR4h0160_WYG_035-6b
037.md	99	KR4h0160_WYG_035-7a
037.md	107	KR4h0160_WYG_035-7b
037.md	115	KR4h0160_WYG_035-8a
037.md	123	KR4h0160_WYG_035-8b
037.md	131	KR4h0160_WYG_035-9a
037.md	139	KR4h0160_WYG_035-9b
037.md	147	KR4h0160_WYG_035-10a
037.md	155	KR4h0160_WYG_035-10b
037.md	163	KR4h0160_WYG_035-11a
037.md	171	KR4h0160_WYG_035-11b
037.md	179	KR4h0160_WYG_035-12a
037.md	187	KR4h0160_WYG_035-12b
037.md	195	KR4h0160_WYG_035-13a
037.md	203	KR4h0160_WYG_035-13b
037.md	211	KR4h0160_WYG_035-14a
037.md	219	KR4h0160_WYG_035-14b
037.md	227	KR4h0160_WYG_035-15a
037.md	235	KR4h0160_WYG_035-15b
037.md	243	KR4h0160_WYG_035-16a
037.md	251	KR4h0160_WYG_035-16b
037.md	259	KR4h0160_WYG_035-17a
037.md	267	KR4h0160_WYG_035-17b
037.md	275	KR4h0160_WYG_035-18a
037.md	283	KR4h0160_WYG_035-18b
037.md	291	KR4h0160_WYG_035-19a
037.md	299	KR4h0160_WYG_035-19b
037.md	307	KR4h0160_WYG_035-20a
037.md	315	KR4h0160_WYG_035-20b
037.md	323	KR4h0160_WYG_035-21a
037.md	331	KR4h0160_WYG_035-21b
037.md	339	KR4h0160_WYG_035-22a
037.md	347	KR4h0160_WYG_035-22b
037.md	355	KR4h0160_WYG_035-23a
037.md	363	KR4h0160_WYG_035-23b
037.md	371	KR4h0160_WYG_035-24a
037.md	379	KR4h0160_WYG_035-24b
037.md	387	KR4h0160_WYG_035-25a
037.md	395	KR4h0160_WYG_035-25b
037.md	403	KR4h0160_WYG_035-26a
037.md	411	KR4h0160_WYG_035-26b
037.md	419	KR4h0160_WYG_035-27a
037.md	427	KR4h0160_WYG_035-27b
037.md	435	KR4h0160_WYG_035-28a
037.md	443	KR4h0160_WYG_035-28b
037.md	451	KR4h0160_WYG_035-29a
037.md	459	KR4h0160_WYG_035-29b
037.md	467	KR4h0160_WYG_035-30a
037.md	475	KR4h0160_WYG_035-30b
037.md	483	KR4h0160_WYG_035-31a
037.md	491	KR4h0160_WYG_035-31b
037.md	499	KR4h0160_WYG_035-32a
037.md	507	KR4h0160_WYG_035-32b
037.md	515	KR4h0160_WYG_035-33a
037.md	523	KR4h0160_WYG_035-33b
037.md	531	KR4h0160_WYG_035-34a
037.md	539	KR4h0160_WYG_035-34b
037.md	547	KR4h0160_WYG_035-35a
037.md	555	KR4h0160_WYG_035-35b
037.md	563	KR4h0160_WYG_035-36a
037.md	571	KR4h0160_WYG_035-36b
037.md	579	KR4h0160_WYG_035-37a
037.md	587	KR4h0160_WYG_035-37b
037.md	595	KR4h0160_WYG_035-38a
037.md	603	KR4h0160_WYG_035-38b
037.md	611	KR4h0160_WYG_035-39a
037.md	619	KR4h0160_WYG_035-39b
037.md	627	KR4h0160_WYG_035-40a
037.md	635	KR4h0160_WYG_035-40b
037.md	643	KR4h0160_WYG_035-41a
037.md	651	KR4h0160_WYG_035-41b
037.md	659	KR4h0160_WYG_035-42a
037.md	667	KR4h0160_WYG_035-42b
037.md	675	KR4h0160_WYG_035-43a
037.md	683	KR4h0160_WYG_035-43b
037.md	691	KR4h0160_WYG_035-44a
037.md	699	KR4h0160_WYG_035-44b
037.md	707	KR4h0160_WYG_035-45a
037.md	715	KR4h0160_WYG_035-45b
037.md	723	KR4h0160_WYG_035-46a
037.md	731	KR4h0160_WYG_035-46b
037.md	739	KR4h0160_WYG_035-47a
037.md	747	KR4h0160_WYG_035-47b
037.md	755	KR4h0160_WYG_035-48a
037.md	763	KR4h0160_WYG_035-48b
037.md	771	KR4h0160_WYG_035-49a
037.md	779	KR4h0160_WYG_035-49b
037.md	787	KR4h0160_WYG_035-50a
037.md	795	KR4h0160_WYG_035-50b
037.md	803	KR4h0160_WYG_035-51a
037.md	811	KR4h0160_WYG_035-51b
037.md	819	KR4h0160_WYG_035-52a
037.md	827	KR4h0160_WYG_035-52b
037.md	835	KR4h0160_WYG_035-53a
037.md	843	KR4h0160_WYG_035-53b
037.md	851	KR4h0160_WYG_035-54a
037.md	859	KR4h0160_WYG_035-54b
038.md	3	KR4h0160_WYG_036-1a
038.md	11	KR4h0160_WYG_036-1b
038.md	19	KR4h0160_WYG_036-2a
038.md	27	KR4h0160_WYG_036-2b
038.md	35	KR4h0160_WYG_036-3a
038.md	43	KR4h0160_WYG_036-3b
038.md	51	KR4h0160_WYG_036-4a
038.md	59	KR4h0160_WYG_036-4b
038.md	67	KR4h0160_WYG_036-5a
038.md	75	KR4h0160_WYG_036-5b
038.md	83	KR4h0160_WYG_036-6a
038.md	91	KR4h0160_WYG_036-6b
038.md	99	KR4h0160_WYG_036-7a
038.md	107	KR4h0160_WYG_036-7b
038.md	115	KR4h0160_WYG_036-8a
038.md	123	KR4h0160_WYG_036-8b
038.md	131	KR4h0160_WYG_036-9a
038.md	139	KR4h0160_WYG_036-9b
038.md	147	KR4h0160_WYG_036-10a
038.md	155	KR4h0160_WYG_036-10b
038.md	163	KR4h0160_WYG_036-11a
038.md	171	KR4h0160_WYG_036-11b
038.md	179	KR4h0160_WYG_036-12a
038.md	187	KR4h0160_WYG_036-12b
038.md	195	KR4h0160_WYG_036-13a
038.md	203	KR4h0160_WYG_036-13b
038.md	211	KR4h0160_WYG_036-14a
038.md	219	KR4h0160_WYG_036-14b
038.md	227	KR4h0160_WYG_036-15a
038.md	235	KR4h0160_WYG_036-15b
038.md	243	KR4h0160_WYG_036-16a
038.md	251	KR4h0160_WYG_036-16b
038.md	259	KR4h0160_WYG_036-17a
038.md	267	KR4h0160_WYG_036-17b
038.md	275	KR4h0160_WYG_036-18a
038.md	283	KR4h0160_WYG_036-18b
038.md	291	KR4h0160_WYG_036-19a
038.md	299	KR4h0160_WYG_036-19b
038.md	307	KR4h0160_WYG_036-20a
038.md	315	KR4h0160_WYG_036-20b
038.md	323	KR4h0160_WYG_036-21a
038.md	331	KR4h0160_WYG_036-21b
038.md	339	KR4h0160_WYG_036-22a
038.md	347	KR4h0160_WYG_036-22b
038.md	355	KR4h0160_WYG_036-23a
038.md	363	KR4h0160_WYG_036-23b
038.md	371	KR4h0160_WYG_036-24a
038.md	379	KR4h0160_WYG_036-24b
038.md	387	KR4h0160_WYG_036-25a
038.md	395	KR4h0160_WYG_036-25b
038.md	403	KR4h0160_WYG_036-26a
038.md	411	KR4h0160_WYG_036-26b
038.md	419	KR4h0160_WYG_036-27a
038.md	427	KR4h0160_WYG_036-27b
038.md	435	KR4h0160_WYG_036-28a
038.md	443	KR4h0160_WYG_036-28b
038.md	451	KR4h0160_WYG_036-29a
038.md	459	KR4h0160_WYG_036-29b
038.md	467	KR4h0160_WYG_036-30a
038.md	475	KR4h0160_WYG_036-30b
038.md	483	KR4h0160_WYG_036-31a
038.md	491	KR4h0160_WYG_036-31b
038.md	499	KR4h0160_WYG_036-32a
038.md	507	KR4h0160_WYG_036-32b
038.md	515	KR4h0160_WYG_036-33a
038.md	523	KR4h0160_WYG_036-33b
038.md	531	KR4h0160_WYG_036-34a
038.md	539	KR4h0160_WYG_036-34b
038.md	547	KR4h0160_WYG_036-35a
038.md	555	KR4h0160_WYG_036-35b
038.md	563	KR4h0160_WYG_036-36a
038.md	571	KR4h0160_WYG_036-36b
038.md	579	KR4h0160_WYG_036-37a
038.md	587	KR4h0160_WYG_036-37b
038.md	595	KR4h0160_WYG_036-38a
038.md	603	KR4h0160_WYG_036-38b
038.md	611	KR4h0160_WYG_036-39a
038.md	619	KR4h0160_WYG_036-39b
038.md	627	KR4h0160_WYG_036-40a
038.md	635	KR4h0160_WYG_036-40b
038.md	643	KR4h0160_WYG_036-41a
038.md	651	KR4h0160_WYG_036-41b
038.md	659	KR4h0160_WYG_036-42a
038.md	667	KR4h0160_WYG_036-42b
038.md	675	KR4h0160_WYG_036-43a
038.md	683	KR4h0160_WYG_036-43b
038.md	691	KR4h0160_WYG_036-44a
038.md	699	KR4h0160_WYG_036-44b
038.md	707	KR4h0160_WYG_036-45a
038.md	715	KR4h0160_WYG_036-45b
038.md	723	KR4h0160_WYG_036-46a
038.md	731	KR4h0160_WYG_036-46b
038.md	739	KR4h0160_WYG_036-47a
038.md	747	KR4h0160_WYG_036-47b
038.md	755	KR4h0160_WYG_036-48a
038.md	763	KR4h0160_WYG_036-48b
038.md	771	KR4h0160_WYG_036-49a
038.md	779	KR4h0160_WYG_036-49b
038.md	787	KR4h0160_WYG_036-50a
038.md	795	KR4h0160_WYG_036-50b
039.md	3	KR4h0160_WYG_037-1a
039.md	11	KR4h0160_WYG_037-1b
039.md	19	KR4h0160_WYG_037-2a
039.md	27	KR4h0160_WYG_037-2b
039.md	35	KR4h0160_WYG_037-3a
039.md	43	KR4h0160_WYG_037-3b
039.md	51	KR4h0160_WYG_037-4a
039.md	59	KR4h0160_WYG_037-4b
039.md	67	KR4h0160_WYG_037-5a
039.md	75	KR4h0160_WYG_037-5b
039.md	83	KR4h0160_WYG_037-6a
039.md	91	KR4h0160_WYG_037-6b
039.md	99	KR4h0160_WYG_037-7a
039.md	107	KR4h0160_WYG_037-7b
039.md	115	KR4h0160_WYG_037-8a
039.md	123	KR4h0160_WYG_037-8b
039.md	131	KR4h0160_WYG_037-9a
039.md	139	KR4h0160_WYG_037-9b
039.md	147	KR4h0160_WYG_037-10a
039.md	155	KR4h0160_WYG_037-10b
039.md	163	KR4h0160_WYG_037-11a
039.md	171	KR4h0160_WYG_037-11b
039.md	179	KR4h0160_WYG_037-12a
039.md	187	KR4h0160_WYG_037-12b
039.md	195	KR4h0160_WYG_037-13a
039.md	203	KR4h0160_WYG_037-13b
039.md	211	KR4h0160_WYG_037-14a
039.md	219	KR4h0160_WYG_037-14b
039.md	227	KR4h0160_WYG_037-15a
039.md	235	KR4h0160_WYG_037-15b
039.md	243	KR4h0160_WYG_037-16a
039.md	251	KR4h0160_WYG_037-16b
039.md	259	KR4h0160_WYG_037-17a
039.md	267	KR4h0160_WYG_037-17b
039.md	275	KR4h0160_WYG_037-18a
039.md	283	KR4h0160_WYG_037-18b
039.md	291	KR4h0160_WYG_037-19a
039.md	299	KR4h0160_WYG_037-19b
039.md	307	KR4h0160_WYG_037-20a
039.md	315	KR4h0160_WYG_037-20b
039.md	323	KR4h0160_WYG_037-21a
039.md	331	KR4h0160_WYG_037-21b
039.md	339	KR4h0160_WYG_037-22a
039.md	347	KR4h0160_WYG_037-22b
039.md	355	KR4h0160_WYG_037-23a
039.md	363	KR4h0160_WYG_037-23b
039.md	371	KR4h0160_WYG_037-24a
039.md	379	KR4h0160_WYG_037-24b
039.md	387	KR4h0160_WYG_037-25a
039.md	395	KR4h0160_WYG_037-25b
039.md	403	KR4h0160_WYG_037-26a
039.md	411	KR4h0160_WYG_037-26b
039.md	419	KR4h0160_WYG_037-27a
039.md	427	KR4h0160_WYG_037-27b
039.md	435	KR4h0160_WYG_037-28a
039.md	443	KR4h0160_WYG_037-28b
039.md	451	KR4h0160_WYG_037-29a
039.md	459	KR4h0160_WYG_037-29b
039.md	467	KR4h0160_WYG_037-30a
039.md	475	KR4h0160_WYG_037-30b
039.md	483	KR4h0160_WYG_037-31a
039.md	491	KR4h0160_WYG_037-31b
039.md	499	KR4h0160_WYG_037-32a
039.md	507	KR4h0160_WYG_037-32b
039.md	515	KR4h0160_WYG_037-33a
039.md	523	KR4h0160_WYG_037-33b
039.md	531	KR4h0160_WYG_037-34a
039.md	539	KR4h0160_WYG_037-34b
039.md	547	KR4h0160_WYG_037-35a
039.md	555	KR4h0160_WYG_037-35b
039.md	563	KR4h0160_WYG_037-36a
039.md	571	KR4h0160_WYG_037-36b
040.md	3	KR4h0160_WYG_038-1a
040.md	11	KR4h0160_WYG_038-1b
040.md	19	KR4h0160_WYG_038-2a
040.md	27	KR4h0160_WYG_038-2b
040.md	35	KR4h0160_WYG_038-3a
040.md	43	KR4h0160_WYG_038-3b
040.md	51	KR4h0160_WYG_038-4a
040.md	59	KR4h0160_WYG_038-4b
040.md	67	KR4h0160_WYG_038-5a
040.md	75	KR4h0160_WYG_038-5b
040.md	83	KR4h0160_WYG_038-6a
040.md	91	KR4h0160_WYG_038-6b
040.md	99	KR4h0160_WYG_038-7a
040.md	107	KR4h0160_WYG_038-7b
040.md	115	KR4h0160_WYG_038-8a
040.md	123	KR4h0160_WYG_038-8b
040.md	131	KR4h0160_WYG_038-9a
040.md	139	KR4h0160_WYG_038-9b
040.md	147	KR4h0160_WYG_038-10a
040.md	155	KR4h0160_WYG_038-10b
040.md	163	KR4h0160_WYG_038-11a
040.md	171	KR4h0160_WYG_038-11b
040.md	179	KR4h0160_WYG_038-12a
040.md	187	KR4h0160_WYG_038-12b
040.md	195	KR4h0160_WYG_038-13a
040.md	203	KR4h0160_WYG_038-13b
040.md	211	KR4h0160_WYG_038-14a
040.md	219	KR4h0160_WYG_038-14b
040.md	227	KR4h0160_WYG_038-15a
040.md	235	KR4h0160_WYG_038-15b
040.md	243	KR4h0160_WYG_038-16a
040.md	251	KR4h0160_WYG_038-16b
040.md	259	KR4h0160_WYG_038-17a
040.md	267	KR4h0160_WYG_038-17b
040.md	275	KR4h0160_WYG_038-18a
040.md	283	KR4h0160_WYG_038-18b
040.md	291	KR4h0160_WYG_038-19a
040.md	299	KR4h0160_WYG_038-19b
040.md	307	KR4h0160_WYG_038-20a
040.md	315	KR4h0160_WYG_038-20b
040.md	323	KR4h0160_WYG_038-21a
040.md	331	KR4h0160_WYG_038-21b
040.md	339	KR4h0160_WYG_038-22a
040.md	347	KR4h0160_WYG_038-22b
040.md	355	KR4h0160_WYG_038-23a
040.md	363	KR4h0160_WYG_038-23b
040.md	371	KR4h0160_WYG_038-24a
040.md	379	KR4h0160_WYG_038-24b
040.md	387	KR4h0160_WYG_038-25a
040.md	395	KR4h0160_WYG_038-25b
040.md	403	KR4h0160_WYG_038-26a
040.md	411	KR4h0160_WYG_038-26b
040.md	419	KR4h0160_WYG_038-27a
040.md	427	KR4h0160_WYG_038-27b
040.md	435	KR4h0160_WYG_038-28a
040.md	443	KR4h0160_WYG_038-28b
040.md	451	KR4h0160_WYG_038-29a
040.md	459	KR4h0160_WYG_038-29b
040.md	467	KR4h0160_WYG_038-30a
040.md	475	KR4h0160_WYG_038-30b
040.md	483	KR4h0160_WYG_038-31a
040.md	491	KR4h0160_WYG_038-31b
040.md	499	KR4h0160_WYG_038-32a
040.md	507	KR4h0160_WYG_038-32b
040.md	515	KR4h0160_WYG_038-33a
040.md	523	KR4h0160_WYG_038-33b
040.md	531	KR4h0160_WYG_038-34a
040.md	539	KR4h0160_WYG_038-34b
040.md	547	KR4h0160_WYG_038-35a
040.md	555	KR4h0160_WYG_038-35b
041.md	3	KR4h0160_WYG_039-1a
041.md	11	KR4h0160_WYG_039-1b
041.md	19	KR4h0160_WYG_039-2a
041.md	27	KR4h0160_WYG_039-2b
041.md	35	KR4h0160_WYG_039-3a
041.md	43	KR4h0160_WYG_039-3b
041.md	51	KR4h0160_WYG_039-4a
041.md	59	KR4h0160_WYG_039-4b
041.md	67	KR4h0160_WYG_039-5a
041.md	75	KR4h0160_WYG_039-5b
041.md	83	KR4h0160_WYG_039-6a
041.md	91	KR4h0160_WYG_039-6b
041.md	99	KR4h0160_WYG_039-7a
041.md	107	KR4h0160_WYG_039-7b
041.md	115	KR4h0160_WYG_039-8a
041.md	123	KR4h0160_WYG_039-8b
041.md	131	KR4h0160_WYG_039-9a
041.md	139	KR4h0160_WYG_039-9b
041.md	147	KR4h0160_WYG_039-10a
041.md	155	KR4h0160_WYG_039-10b
041.md	163	KR4h0160_WYG_039-11a
041.md	171	KR4h0160_WYG_039-11b
041.md	179	KR4h0160_WYG_039-12a
041.md	187	KR4h0160_WYG_039-12b
041.md	195	KR4h0160_WYG_039-13a
041.md	203	KR4h0160_WYG_039-13b
041.md	211	KR4h0160_WYG_039-14a
041.md	219	KR4h0160_WYG_039-14b
041.md	227	KR4h0160_WYG_039-15a
041.md	235	KR4h0160_WYG_039-15b
041.md	243	KR4h0160_WYG_039-16a
041.md	251	KR4h0160_WYG_039-16b
041.md	259	KR4h0160_WYG_039-17a
041.md	267	KR4h0160_WYG_039-17b
041.md	275	KR4h0160_WYG_039-18a
041.md	283	KR4h0160_WYG_039-18b
041.md	291	KR4h0160_WYG_039-19a
041.md	299	KR4h0160_WYG_039-19b
041.md	307	KR4h0160_WYG_039-20a
041.md	315	KR4h0160_WYG_039-20b
041.md	323	KR4h0160_WYG_039-21a
041.md	331	KR4h0160_WYG_039-21b
041.md	339	KR4h0160_WYG_039-22a
041.md	347	KR4h0160_WYG_039-22b
041.md	355	KR4h0160_WYG_039-23a
041.md	363	KR4h0160_WYG_039-23b
041.md	371	KR4h0160_WYG_039-24a
041.md	379	KR4h0160_WYG_039-24b
041.md	387	KR4h0160_WYG_039-25a
041.md	395	KR4h0160_WYG_039-25b
041.md	403	KR4h0160_WYG_039-26a
041.md	411	KR4h0160_WYG_039-26b
041.md	419	KR4h0160_WYG_039-27a
041.md	427	KR4h0160_WYG_039-27b
041.md	435	KR4h0160_WYG_039-28a
041.md	443	KR4h0160_WYG_039-28b
041.md	451	KR4h0160_WYG_039-29a
041.md	459	KR4h0160_WYG_039-29b
041.md	467	KR4h0160_WYG_039-30a
041.md	475	KR4h0160_WYG_039-30b
041.md	483	KR4h0160_WYG_039-31a
041.md	491	KR4h0160_WYG_039-31b
041.md	499	KR4h0160_WYG_039-32a
041.md	507	KR4h0160_WYG_039-32b
041.md	515	KR4h0160_WYG_039-33a
041.md	523	KR4h0160_WYG_039-33b
041.md	531	KR4h0160_WYG_039-34a
041.md	539	KR4h0160_WYG_039-34b
041.md	547	KR4h0160_WYG_039-35a
041.md	555	KR4h0160_WYG_039-35b
041.md	563	KR4h0160_WYG_039-36a
041.md	571	KR4h0160_WYG_039-36b
041.md	579	KR4h0160_WYG_039-37a
041.md	587	KR4h0160_WYG_039-37b
041.md	595	KR4h0160_WYG_039-38a
041.md	603	KR4h0160_WYG_039-38b
042.md	3	KR4h0160_WYG_040-1a
042.md	11	KR4h0160_WYG_040-1b
042.md	19	KR4h0160_WYG_040-2a
042.md	27	KR4h0160_WYG_040-2b
042.md	35	KR4h0160_WYG_040-3a
042.md	43	KR4h0160_WYG_040-3b
042.md	51	KR4h0160_WYG_040-4a
042.md	59	KR4h0160_WYG_040-4b
042.md	67	KR4h0160_WYG_040-5a
042.md	75	KR4h0160_WYG_040-5b
042.md	83	KR4h0160_WYG_040-6a
042.md	91	KR4h0160_WYG_040-6b
042.md	99	KR4h0160_WYG_040-7a
042.md	107	KR4h0160_WYG_040-7b
042.md	115	KR4h0160_WYG_040-8a
042.md	123	KR4h0160_WYG_040-8b
042.md	131	KR4h0160_WYG_040-9a
042.md	139	KR4h0160_WYG_040-9b
042.md	147	KR4h0160_WYG_040-10a
042.md	155	KR4h0160_WYG_040-10b
042.md	163	KR4h0160_WYG_040-11a
042.md	171	KR4h0160_WYG_040-11b
042.md	179	KR4h0160_WYG_040-12a
042.md	187	KR4h0160_WYG_040-12b
042.md	195	KR4h0160_WYG_040-13a
042.md	203	KR4h0160_WYG_040-13b
042.md	211	KR4h0160_WYG_040-14a
042.md	219	KR4h0160_WYG_040-14b
042.md	227	KR4h0160_WYG_040-15a
042.md	235	KR4h0160_WYG_040-15b
042.md	243	KR4h0160_WYG_040-16a
042.md	251	KR4h0160_WYG_040-16b
042.md	259	KR4h0160_WYG_040-17a
042.md	267	KR4h0160_WYG_040-17b
042.md	275	KR4h0160_WYG_040-18a
042.md	283	KR4h0160_WYG_040-18b
042.md	291	KR4h0160_WYG_040-19a
042.md	299	KR4h0160_WYG_040-19b
042.md	307	KR4h0160_WYG_040-20a
042.md	315	KR4h0160_WYG_040-20b
042.md	323	KR4h0160_WYG_040-21a
042.md	331	KR4h0160_WYG_040-21b
042.md	339	KR4h0160_WYG_040-22a
042.md	347	KR4h0160_WYG_040-22b
042.md	355	KR4h0160_WYG_040-23a
042.md	363	KR4h0160_WYG_040-23b
042.md	371	KR4h0160_WYG_040-24a
042.md	379	KR4h0160_WYG_040-24b
042.md	387	KR4h0160_WYG_040-25a
042.md	395	KR4h0160_WYG_040-25b
042.md	403	KR4h0160_WYG_040-26a
042.md	411	KR4h0160_WYG_040-26b
042.md	419	KR4h0160_WYG_040-27a
042.md	427	KR4h0160_WYG_040-27b
042.md	435	KR4h0160_WYG_040-28a
042.md	443	KR4h0160_WYG_040-28b
042.md	451	KR4h0160_WYG_040-29a
042.md	459	KR4h0160_WYG_040-29b
042.md	467	KR4h0160_WYG_040-30a
042.md	475	KR4h0160_WYG_040-30b
042.md	483	KR4h0160_WYG_040-31a
042.md	491	KR4h0160_WYG_040-31b
042.md	499	KR4h0160_WYG_040-32a
042.md	507	KR4h0160_WYG_040-32b
042.md	515	KR4h0160_WYG_040-33a
042.md	523	KR4h0160_WYG_040-33b
042.md	531	KR4h0160_WYG_040-34a
042.md	539	KR4h0160_WYG_040-34b
042.md	547	KR4h0160_WYG_040-35a
042.md	555	KR4h0160_WYG_040-35b
042.md	563	KR4h0160_WYG_040-36a
042.md	571	KR4h0160_WYG_040-36b
042.md	579	KR4h0160_WYG_040-37a
042.md	587	KR4h0160_WYG_040-37b
042.md	595	KR4h0160_WYG_040-38a
042.md	603	KR4h0160_WYG_040-38b
042.md	611	KR4h0160_WYG_040-39a
042.md	619	KR4h0160_WYG_040-39b
042.md	627	KR4h0160_WYG_040-40a
042.md	635	KR4h0160_WYG_040-40b
042.md	643	KR4h0160_WYG_040-41a
042.md	651	KR4h0160_WYG_040-41b
042.md	659	KR4h0160_WYG_040-42a
042.md	667	KR4h0160_WYG_040-42b
042.md	675	KR4h0160_WYG_040-43a
042.md	683	KR4h0160_WYG_040-43b
042.md	691	KR4h0160_WYG_040-44a
042.md	699	KR4h0160_WYG_040-44b
042.md	707	KR4h0160_WYG_040-45a
042.md	715	KR4h0160_WYG_040-45b
042.md	723	KR4h0160_WYG_040-46a
042.md	731	KR4h0160_WYG_040-46b
042.md	739	KR4h0160_WYG_040-47a
042.md	747	KR4h0160_WYG_040-47b
042.md	755	KR4h0160_WYG_040-48a
042.md	763	KR4h0160_WYG_040-48b
042.md	771	KR4h0160_WYG_040-49a
042.md	779	KR4h0160_WYG_040-49b
042.md	787	KR4h0160_WYG_040-50a
042.md	795	KR4h0160_WYG_040-50b
042.md	803	KR4h0160_WYG_040-51a
042.md	811	KR4h0160_WYG_040-51b
042.md	819	KR4h0160_WYG_040-52a
042.md	827	KR4h0160_WYG_040-52b
042.md	835	KR4h0160_WYG_040-53a
042.md	843	KR4h0160_WYG_040-53b
043.md	3	KR4h0160_WYG_041-1a
043.md	11	KR4h0160_WYG_041-1b
043.md	19	KR4h0160_WYG_041-2a
043.md	27	KR4h0160_WYG_041-2b
043.md	35	KR4h0160_WYG_041-3a
043.md	43	KR4h0160_WYG_041-3b
043.md	51	KR4h0160_WYG_041-4a
043.md	59	KR4h0160_WYG_041-4b
043.md	67	KR4h0160_WYG_041-5a
043.md	75	KR4h0160_WYG_041-5b
043.md	83	KR4h0160_WYG_041-6a
043.md	91	KR4h0160_WYG_041-6b
043.md	99	KR4h0160_WYG_041-7a
043.md	107	KR4h0160_WYG_041-7b
043.md	115	KR4h0160_WYG_041-8a
043.md	123	KR4h0160_WYG_041-8b
043.md	131	KR4h0160_WYG_041-9a
043.md	139	KR4h0160_WYG_041-9b
043.md	147	KR4h0160_WYG_041-10a
043.md	155	KR4h0160_WYG_041-10b
043.md	163	KR4h0160_WYG_041-11a
043.md	171	KR4h0160_WYG_041-11b
043.md	179	KR4h0160_WYG_041-12a
043.md	187	KR4h0160_WYG_041-12b
043.md	195	KR4h0160_WYG_041-13a
043.md	203	KR4h0160_WYG_041-13b
043.md	211	KR4h0160_WYG_041-14a
043.md	219	KR4h0160_WYG_041-14b
043.md	227	KR4h0160_WYG_041-15a
043.md	235	KR4h0160_WYG_041-15b
043.md	243	KR4h0160_WYG_041-16a
043.md	251	KR4h0160_WYG_041-16b
043.md	259	KR4h0160_WYG_041-17a
043.md	267	KR4h0160_WYG_041-17b
043.md	275	KR4h0160_WYG_041-18a
043.md	283	KR4h0160_WYG_041-18b
043.md	291	KR4h0160_WYG_041-19a
043.md	299	KR4h0160_WYG_041-19b
043.md	307	KR4h0160_WYG_041-20a
043.md	315	KR4h0160_WYG_041-20b
043.md	323	KR4h0160_WYG_041-21a
043.md	331	KR4h0160_WYG_041-21b
043.md	339	KR4h0160_WYG_041-22a
043.md	347	KR4h0160_WYG_041-22b
043.md	355	KR4h0160_WYG_041-23a
043.md	363	KR4h0160_WYG_041-23b
043.md	371	KR4h0160_WYG_041-24a
043.md	379	KR4h0160_WYG_041-24b
043.md	387	KR4h0160_WYG_041-25a
043.md	395	KR4h0160_WYG_041-25b
043.md	403	KR4h0160_WYG_041-26a
043.md	411	KR4h0160_WYG_041-26b
043.md	419	KR4h0160_WYG_041-27a
043.md	427	KR4h0160_WYG_041-27b
043.md	435	KR4h0160_WYG_041-28a
043.md	443	KR4h0160_WYG_041-28b
043.md	451	KR4h0160_WYG_041-29a
043.md	459	KR4h0160_WYG_041-29b
043.md	467	KR4h0160_WYG_041-30a
043.md	475	KR4h0160_WYG_041-30b
043.md	483	KR4h0160_WYG_041-31a
043.md	491	KR4h0160_WYG_041-31b
043.md	499	KR4h0160_WYG_041-32a
043.md	507	KR4h0160_WYG_041-32b
043.md	515	KR4h0160_WYG_041-33a
043.md	523	KR4h0160_WYG_041-33b
043.md	531	KR4h0160_WYG_041-34a
043.md	539	KR4h0160_WYG_041-34b
043.md	547	KR4h0160_WYG_041-35a
043.md	555	KR4h0160_WYG_041-35b
043.md	563	KR4h0160_WYG_041-36a
043.md	571	KR4h0160_WYG_041-36b
043.md	579	KR4h0160_WYG_041-37a
043.md	587	KR4h0160_WYG_041-37b
043.md	595	KR4h0160_WYG_041-38a
043.md	603	KR4h0160_WYG_041-38b
043.md	611	KR4h0160_WYG_041-39a
043.md	619	KR4h0160_WYG_041-39b
043.md	627	KR4h0160_WYG_041-40a
043.md	635	KR4h0160_WYG_041-40b
043.md	643	KR4h0160_WYG_041-41a
043.md	651	KR4h0160_WYG_041-41b
043.md	659	KR4h0160_WYG_041-42a
043.md	667	KR4h0160_WYG_041-42b
043.md	675	KR4h0160_WYG_041-43a
043.md	683	KR4h0160_WYG_041-43b
043.md	691	KR4h0160_WYG_041-44a
043.md	699	KR4h0160_WYG_041-44b
043.md	707	KR4h0160_WYG_041-45a
043.md	715	KR4h0160_WYG_041-45b
043.md	723	KR4h0160_WYG_041-46a
043.md	731	KR4h0160_WYG_041-46b
043.md	739	KR4h0160_WYG_041-47a
043.md	747	KR4h0160_WYG_041-47b
043.md	755	KR4h0160_WYG_041-48a
043.md	763	KR4h0160_WYG_041-48b
043.md	771	KR4h0160_WYG_041-49a
043.md	779	KR4h0160_WYG_041-49b
043.md	787	KR4h0160_WYG_041-50a
043.md	795	KR4h0160_WYG_041-50b
043.md	803	KR4h0160_WYG_041-51a
043.md	811	KR4h0160_WYG_041-51b
043.md	819	KR4h0160_WYG_041-52a
043.md	827	KR4h0160_WYG_041-52b
043.md	835	KR4h0160_WYG_041-53a
043.md	843	KR4h0160_WYG_041-53b
044.md	3	KR4h0160_WYG_042-1a
044.md	11	KR4h0160_WYG_042-1b
044.md	19	KR4h0160_WYG_042-2a
044.md	27	KR4h0160_WYG_042-2b
044.md	35	KR4h0160_WYG_042-3a
044.md	43	KR4h0160_WYG_042-3b
044.md	51	KR4h0160_WYG_042-4a
044.md	59	KR4h0160_WYG_042-4b
044.md	67	KR4h0160_WYG_042-5a
044.md	75	KR4h0160_WYG_042-5b
044.md	83	KR4h0160_WYG_042-6a
044.md	91	KR4h0160_WYG_042-6b
044.md	99	KR4h0160_WYG_042-7a
044.md	107	KR4h0160_WYG_042-7b
044.md	115	KR4h0160_WYG_042-8a
044.md	123	KR4h0160_WYG_042-8b
044.md	131	KR4h0160_WYG_042-9a
044.md	139	KR4h0160_WYG_042-9b
044.md	147	KR4h0160_WYG_042-10a
044.md	155	KR4h0160_WYG_042-10b
044.md	163	KR4h0160_WYG_042-11a
044.md	171	KR4h0160_WYG_042-11b
044.md	179	KR4h0160_WYG_042-12a
044.md	187	KR4h0160_WYG_042-12b
044.md	195	KR4h0160_WYG_042-13a
044.md	203	KR4h0160_WYG_042-13b
044.md	211	KR4h0160_WYG_042-14a
044.md	219	KR4h0160_WYG_042-14b
044.md	227	KR4h0160_WYG_042-15a
044.md	235	KR4h0160_WYG_042-15b
044.md	243	KR4h0160_WYG_042-16a
044.md	251	KR4h0160_WYG_042-16b
044.md	259	KR4h0160_WYG_042-17a
044.md	267	KR4h0160_WYG_042-17b
044.md	275	KR4h0160_WYG_042-18a
044.md	283	KR4h0160_WYG_042-18b
044.md	291	KR4h0160_WYG_042-19a
044.md	299	KR4h0160_WYG_042-19b
044.md	307	KR4h0160_WYG_042-20a
044.md	315	KR4h0160_WYG_042-20b
044.md	323	KR4h0160_WYG_042-21a
044.md	331	KR4h0160_WYG_042-21b
044.md	339	KR4h0160_WYG_042-22a
044.md	347	KR4h0160_WYG_042-22b
044.md	355	KR4h0160_WYG_042-23a
044.md	363	KR4h0160_WYG_042-23b
044.md	371	KR4h0160_WYG_042-24a
044.md	379	KR4h0160_WYG_042-24b
044.md	387	KR4h0160_WYG_042-25a
044.md	395	KR4h0160_WYG_042-25b
044.md	403	KR4h0160_WYG_042-26a
044.md	411	KR4h0160_WYG_042-26b
044.md	419	KR4h0160_WYG_042-27a
044.md	427	KR4h0160_WYG_042-27b
044.md	435	KR4h0160_WYG_042-28a
044.md	443	KR4h0160_WYG_042-28b
044.md	451	KR4h0160_WYG_042-29a
044.md	459	KR4h0160_WYG_042-29b
044.md	467	KR4h0160_WYG_042-30a
044.md	475	KR4h0160_WYG_042-30b
044.md	483	KR4h0160_WYG_042-31a
044.md	491	KR4h0160_WYG_042-31b
044.md	499	KR4h0160_WYG_042-32a
044.md	507	KR4h0160_WYG_042-32b
044.md	515	KR4h0160_WYG_042-33a
044.md	523	KR4h0160_WYG_042-33b
044.md	531	KR4h0160_WYG_042-34a
044.md	539	KR4h0160_WYG_042-34b
044.md	547	KR4h0160_WYG_042-35a
044.md	555	KR4h0160_WYG_042-35b
044.md	563	KR4h0160_WYG_042-36a
044.md	571	KR4h0160_WYG_042-36b
045.md	3	KR4h0160_WYG_043-1a
045.md	11	KR4h0160_WYG_043-1b
045.md	19	KR4h0160_WYG_043-2a
045.md	27	KR4h0160_WYG_043-2b
045.md	35	KR4h0160_WYG_043-3a
045.md	43	KR4h0160_WYG_043-3b
045.md	51	KR4h0160_WYG_043-4a
045.md	59	KR4h0160_WYG_043-4b
045.md	67	KR4h0160_WYG_043-5a
045.md	75	KR4h0160_WYG_043-5b
045.md	83	KR4h0160_WYG_043-6a
045.md	91	KR4h0160_WYG_043-6b
045.md	99	KR4h0160_WYG_043-7a
045.md	107	KR4h0160_WYG_043-7b
045.md	115	KR4h0160_WYG_043-8a
045.md	123	KR4h0160_WYG_043-8b
045.md	131	KR4h0160_WYG_043-9a
045.md	139	KR4h0160_WYG_043-9b
045.md	147	KR4h0160_WYG_043-10a
045.md	155	KR4h0160_WYG_043-10b
045.md	163	KR4h0160_WYG_043-11a
045.md	171	KR4h0160_WYG_043-11b
045.md	179	KR4h0160_WYG_043-12a
045.md	187	KR4h0160_WYG_043-12b
045.md	195	KR4h0160_WYG_043-13a
045.md	203	KR4h0160_WYG_043-13b
045.md	211	KR4h0160_WYG_043-14a
045.md	219	KR4h0160_WYG_043-14b
045.md	227	KR4h0160_WYG_043-15a
045.md	235	KR4h0160_WYG_043-15b
045.md	243	KR4h0160_WYG_043-16a
045.md	251	KR4h0160_WYG_043-16b
045.md	259	KR4h0160_WYG_043-17a
045.md	267	KR4h0160_WYG_043-17b
045.md	275	KR4h0160_WYG_043-18a
045.md	283	KR4h0160_WYG_043-18b
045.md	291	KR4h0160_WYG_043-19a
045.md	299	KR4h0160_WYG_043-19b
045.md	307	KR4h0160_WYG_043-20a
045.md	315	KR4h0160_WYG_043-20b
045.md	323	KR4h0160_WYG_043-21a
045.md	331	KR4h0160_WYG_043-21b
045.md	339	KR4h0160_WYG_043-22a
045.md	347	KR4h0160_WYG_043-22b
045.md	355	KR4h0160_WYG_043-23a
045.md	363	KR4h0160_WYG_043-23b
045.md	371	KR4h0160_WYG_043-24a
045.md	379	KR4h0160_WYG_043-24b
045.md	387	KR4h0160_WYG_043-25a
045.md	395	KR4h0160_WYG_043-25b
045.md	403	KR4h0160_WYG_043-26a
045.md	411	KR4h0160_WYG_043-26b
045.md	419	KR4h0160_WYG_043-27a
045.md	427	KR4h0160_WYG_043-27b
045.md	435	KR4h0160_WYG_043-28a
045.md	443	KR4h0160_WYG_043-28b
045.md	451	KR4h0160_WYG_043-29a
045.md	459	KR4h0160_WYG_043-29b
045.md	467	KR4h0160_WYG_043-30a
045.md	475	KR4h0160_WYG_043-30b
045.md	483	KR4h0160_WYG_043-31a
045.md	491	KR4h0160_WYG_043-31b
045.md	499	KR4h0160_WYG_043-32a
045.md	507	KR4h0160_WYG_043-32b
045.md	515	KR4h0160_WYG_043-33a
045.md	523	KR4h0160_WYG_043-33b
045.md	531	KR4h0160_WYG_043-34a
045.md	539	KR4h0160_WYG_043-34b
045.md	547	KR4h0160_WYG_043-35a
045.md	555	KR4h0160_WYG_043-35b
045.md	563	KR4h0160_WYG_043-36a
045.md	571	KR4h0160_WYG_043-36b
045.md	579	KR4h0160_WYG_043-37a
045.md	587	KR4h0160_WYG_043-37b
045.md	595	KR4h0160_WYG_043-38a
045.md	603	KR4h0160_WYG_043-38b
045.md	611	KR4h0160_WYG_043-39a
045.md	619	KR4h0160_WYG_043-39b
045.md	627	KR4h0160_WYG_043-40a
045.md	635	KR4h0160_WYG_043-40b
045.md	643	KR4h0160_WYG_043-41a
045.md	651	KR4h0160_WYG_043-41b
045.md	659	KR4h0160_WYG_043-42a
045.md	667	KR4h0160_WYG_043-42b
045.md	675	KR4h0160_WYG_043-43a
045.md	683	KR4h0160_WYG_043-43b
045.md	691	KR4h0160_WYG_043-44a
045.md	699	KR4h0160_WYG_043-44b
045.md	707	KR4h0160_WYG_043-45a
045.md	715	KR4h0160_WYG_043-45b
045.md	723	KR4h0160_WYG_043-46a
045.md	731	KR4h0160_WYG_043-46b
046.md	3	KR4h0160_WYG_044-1a
046.md	11	KR4h0160_WYG_044-1b
046.md	19	KR4h0160_WYG_044-2a
046.md	27	KR4h0160_WYG_044-2b
046.md	35	KR4h0160_WYG_044-3a
046.md	43	KR4h0160_WYG_044-3b
046.md	51	KR4h0160_WYG_044-4a
046.md	59	KR4h0160_WYG_044-4b
046.md	67	KR4h0160_WYG_044-5a
046.md	75	KR4h0160_WYG_044-5b
046.md	83	KR4h0160_WYG_044-6a
046.md	91	KR4h0160_WYG_044-6b
046.md	99	KR4h0160_WYG_044-7a
046.md	107	KR4h0160_WYG_044-7b
046.md	115	KR4h0160_WYG_044-8a
046.md	123	KR4h0160_WYG_044-8b
046.md	131	KR4h0160_WYG_044-9a
046.md	139	KR4h0160_WYG_044-9b
046.md	147	KR4h0160_WYG_044-10a
046.md	155	KR4h0160_WYG_044-10b
046.md	163	KR4h0160_WYG_044-11a
046.md	171	KR4h0160_WYG_044-11b
046.md	179	KR4h0160_WYG_044-12a
046.md	187	KR4h0160_WYG_044-12b
046.md	195	KR4h0160_WYG_044-13a
046.md	203	KR4h0160_WYG_044-13b
046.md	211	KR4h0160_WYG_044-14a
046.md	219	KR4h0160_WYG_044-14b
046.md	227	KR4h0160_WYG_044-15a
046.md	235	KR4h0160_WYG_044-15b
046.md	243	KR4h0160_WYG_044-16a
046.md	251	KR4h0160_WYG_044-16b
046.md	259	KR4h0160_WYG_044-17a
046.md	267	KR4h0160_WYG_044-17b
046.md	275	KR4h0160_WYG_044-18a
046.md	283	KR4h0160_WYG_044-18b
046.md	291	KR4h0160_WYG_044-19a
046.md	299	KR4h0160_WYG_044-19b
046.md	307	KR4h0160_WYG_044-20a
046.md	315	KR4h0160_WYG_044-20b
046.md	323	KR4h0160_WYG_044-21a
046.md	331	KR4h0160_WYG_044-21b
046.md	339	KR4h0160_WYG_044-22a
046.md	347	KR4h0160_WYG_044-22b
046.md	355	KR4h0160_WYG_044-23a
046.md	363	KR4h0160_WYG_044-23b
046.md	371	KR4h0160_WYG_044-24a
046.md	379	KR4h0160_WYG_044-24b
046.md	387	KR4h0160_WYG_044-25a
046.md	395	KR4h0160_WYG_044-25b
046.md	403	KR4h0160_WYG_044-26a
046.md	411	KR4h0160_WYG_044-26b
046.md	419	KR4h0160_WYG_044-27a
046.md	427	KR4h0160_WYG_044-27b
046.md	435	KR4h0160_WYG_044-28a
046.md	443	KR4h0160_WYG_044-28b
046.md	451	KR4h0160_WYG_044-29a
046.md	459	KR4h0160_WYG_044-29b
046.md	467	KR4h0160_WYG_044-30a
046.md	475	KR4h0160_WYG_044-30b
046.md	483	KR4h0160_WYG_044-31a
046.md	491	KR4h0160_WYG_044-31b
046.md	499	KR4h0160_WYG_044-32a
046.md	507	KR4h0160_WYG_044-32b
046.md	515	KR4h0160_WYG_044-33a
046.md	523	KR4h0160_WYG_044-33b
046.md	531	KR4h0160_WYG_044-34a
046.md	539	KR4h0160_WYG_044-34b
046.md	547	KR4h0160_WYG_044-35a
046.md	555	KR4h0160_WYG_044-35b
046.md	563	KR4h0160_WYG_044-36a
046.md	571	KR4h0160_WYG_044-36b
046.md	579	KR4h0160_WYG_044-37a
046.md	587	KR4h0160_WYG_044-37b
046.md	595	KR4h0160_WYG_044-38a
046.md	603	KR4h0160_WYG_044-38b
046.md	611	KR4h0160_WYG_044-39a
046.md	619	KR4h0160_WYG_044-39b
046.md	627	KR4h0160_WYG_044-40a
046.md	635	KR4h0160_WYG_044-40b
046.md	643	KR4h0160_WYG_044-41a
046.md	651	KR4h0160_WYG_044-41b
046.md	659	KR4h0160_WYG_044-42a
046.md	667	KR4h0160_WYG_044-42b
046.md	675	KR4h0160_WYG_044-43a
046.md	683	KR4h0160_WYG_044-43b
046.md	691	KR4h0160_WYG_044-44a
046.md	699	KR4h0160_WYG_044-44b
046.md	707	KR4h0160_WYG_044-45a
046.md	715	KR4h0160_WYG_044-45b
047.md	3	KR4h0160_WYG_045-1a
047.md	11	KR4h0160_WYG_045-1b
047.md	19	KR4h0160_WYG_045-2a
047.md	27	KR4h0160_WYG_045-2b
047.md	35	KR4h0160_WYG_045-3a
047.md	43	KR4h0160_WYG_045-3b
047.md	51	KR4h0160_WYG_045-4a
047.md	59	KR4h0160_WYG_045-4b
047.md	67	KR4h0160_WYG_045-5a
047.md	75	KR4h0160_WYG_045-5b
047.md	83	KR4h0160_WYG_045-6a
047.md	91	KR4h0160_WYG_045-6b
047.md	99	KR4h0160_WYG_045-7a
047.md	107	KR4h0160_WYG_045-7b
047.md	115	KR4h0160_WYG_045-8a
047.md	123	KR4h0160_WYG_045-8b
047.md	131	KR4h0160_WYG_045-9a
047.md	139	KR4h0160_WYG_045-9b
047.md	147	KR4h0160_WYG_045-10a
047.md	155	KR4h0160_WYG_045-10b
047.md	163	KR4h0160_WYG_045-11a
047.md	171	KR4h0160_WYG_045-11b
047.md	179	KR4h0160_WYG_045-12a
047.md	187	KR4h0160_WYG_045-12b
047.md	195	KR4h0160_WYG_045-13a
047.md	203	KR4h0160_WYG_045-13b
047.md	211	KR4h0160_WYG_045-14a
047.md	219	KR4h0160_WYG_045-14b
047.md	227	KR4h0160_WYG_045-15a
047.md	235	KR4h0160_WYG_045-15b
047.md	243	KR4h0160_WYG_045-16a
047.md	251	KR4h0160_WYG_045-16b
047.md	259	KR4h0160_WYG_045-17a
047.md	267	KR4h0160_WYG_045-17b
047.md	275	KR4h0160_WYG_045-18a
047.md	283	KR4h0160_WYG_045-18b
047.md	291	KR4h0160_WYG_045-19a
047.md	299	KR4h0160_WYG_045-19b
047.md	307	KR4h0160_WYG_045-20a
047.md	315	KR4h0160_WYG_045-20b
047.md	323	KR4h0160_WYG_045-21a
047.md	331	KR4h0160_WYG_045-21b
047.md	339	KR4h0160_WYG_045-22a
047.md	347	KR4h0160_WYG_045-22b
047.md	355	KR4h0160_WYG_045-23a
047.md	363	KR4h0160_WYG_045-23b
047.md	371	KR4h0160_WYG_045-24a
047.md	379	KR4h0160_WYG_045-24b
047.md	387	KR4h0160_WYG_045-25a
047.md	395	KR4h0160_WYG_045-25b
047.md	403	KR4h0160_WYG_045-26a
047.md	411	KR4h0160_WYG_045-26b
047.md	419	KR4h0160_WYG_045-27a
047.md	427	KR4h0160_WYG_045-27b
047.md	435	KR4h0160_WYG_045-28a
047.md	443	KR4h0160_WYG_045-28b
047.md	451	KR4h0160_WYG_045-29a
047.md	459	KR4h0160_WYG_045-29b
047.md	467	KR4h0160_WYG_045-30a
047.md	475	KR4h0160_WYG_045-30b
048.md	3	KR4h0160_WYG_046-1a
048.md	11	KR4h0160_WYG_046-1b
048.md	19	KR4h0160_WYG_046-2a
048.md	27	KR4h0160_WYG_046-2b
048.md	35	KR4h0160_WYG_046-3a
048.md	43	KR4h0160_WYG_046-3b
048.md	51	KR4h0160_WYG_046-4a
048.md	59	KR4h0160_WYG_046-4b
048.md	67	KR4h0160_WYG_046-5a
048.md	75	KR4h0160_WYG_046-5b
048.md	83	KR4h0160_WYG_046-6a
048.md	91	KR4h0160_WYG_046-6b
048.md	99	KR4h0160_WYG_046-7a
048.md	107	KR4h0160_WYG_046-7b
048.md	115	KR4h0160_WYG_046-8a
048.md	123	KR4h0160_WYG_046-8b
048.md	131	KR4h0160_WYG_046-9a
048.md	139	KR4h0160_WYG_046-9b
048.md	147	KR4h0160_WYG_046-10a
048.md	155	KR4h0160_WYG_046-10b
048.md	163	KR4h0160_WYG_046-11a
048.md	171	KR4h0160_WYG_046-11b
048.md	179	KR4h0160_WYG_046-12a
048.md	187	KR4h0160_WYG_046-12b
048.md	195	KR4h0160_WYG_046-13a
048.md	203	KR4h0160_WYG_046-13b
048.md	211	KR4h0160_WYG_046-14a
048.md	219	KR4h0160_WYG_046-14b
048.md	227	KR4h0160_WYG_046-15a
048.md	235	KR4h0160_WYG_046-15b
048.md	243	KR4h0160_WYG_046-16a
048.md	251	KR4h0160_WYG_046-16b
048.md	259	KR4h0160_WYG_046-17a
048.md	267	KR4h0160_WYG_046-17b
048.md	275	KR4h0160_WYG_046-18a
048.md	283	KR4h0160_WYG_046-18b
048.md	291	KR4h0160_WYG_046-19a
048.md	299	KR4h0160_WYG_046-19b
048.md	307	KR4h0160_WYG_046-20a
048.md	315	KR4h0160_WYG_046-20b
048.md	323	KR4h0160_WYG_046-21a
048.md	331	KR4h0160_WYG_046-21b
048.md	339	KR4h0160_WYG_046-22a
048.md	347	KR4h0160_WYG_046-22b
048.md	355	KR4h0160_WYG_046-23a
048.md	363	KR4h0160_WYG_046-23b
048.md	371	KR4h0160_WYG_046-24a
048.md	379	KR4h0160_WYG_046-24b
048.md	387	KR4h0160_WYG_046-25a
048.md	395	KR4h0160_WYG_046-25b
048.md	403	KR4h0160_WYG_046-26a
048.md	411	KR4h0160_WYG_046-26b
048.md	419	KR4h0160_WYG_046-27a
048.md	427	KR4h0160_WYG_046-27b
048.md	435	KR4h0160_WYG_046-28a
048.md	443	KR4h0160_WYG_046-28b
048.md	451	KR4h0160_WYG_046-29a
048.md	459	KR4h0160_WYG_046-29b
048.md	467	KR4h0160_WYG_046-30a
048.md	475	KR4h0160_WYG_046-30b
048.md	483	KR4h0160_WYG_046-31a
048.md	491	KR4h0160_WYG_046-31b
048.md	499	KR4h0160_WYG_046-32a
048.md	507	KR4h0160_WYG_046-32b
048.md	515	KR4h0160_WYG_046-33a
048.md	523	KR4h0160_WYG_046-33b
048.md	531	KR4h0160_WYG_046-34a
048.md	539	KR4h0160_WYG_046-34b
048.md	547	KR4h0160_WYG_046-35a
048.md	555	KR4h0160_WYG_046-35b
048.md	563	KR4h0160_WYG_046-36a
048.md	571	KR4h0160_WYG_046-36b
048.md	579	KR4h0160_WYG_046-37a
048.md	587	KR4h0160_WYG_046-37b
048.md	595	KR4h0160_WYG_046-38a
048.md	603	KR4h0160_WYG_046-38b
048.md	611	KR4h0160_WYG_046-39a
048.md	619	KR4h0160_WYG_046-39b
048.md	627	KR4h0160_WYG_046-40a
048.md	635	KR4h0160_WYG_046-40b
048.md	643	KR4h0160_WYG_046-41a
048.md	651	KR4h0160_WYG_046-41b
048.md	659	KR4h0160_WYG_046-42a
048.md	667	KR4h0160_WYG_046-42b
048.md	675	KR4h0160_WYG_046-43a
048.md	683	KR4h0160_WYG_046-43b
048.md	691	KR4h0160_WYG_046-44a
048.md	699	KR4h0160_WYG_046-44b
048.md	707	KR4h0160_WYG_046-45a
048.md	715	KR4h0160_WYG_046-45b
048.md	723	KR4h0160_WYG_046-46a
048.md	731	KR4h0160_WYG_046-46b
048.md	739	KR4h0160_WYG_046-47a
048.md	747	KR4h0160_WYG_046-47b
048.md	755	KR4h0160_WYG_046-48a
048.md	763	KR4h0160_WYG_046-48b
048.md	771	KR4h0160_WYG_046-49a
048.md	779	KR4h0160_WYG_046-49b
048.md	787	KR4h0160_WYG_046-50a
048.md	795	KR4h0160_WYG_046-50b
049.md	3	KR4h0160_WYG_047-1a
049.md	11	KR4h0160_WYG_047-1b
049.md	19	KR4h0160_WYG_047-2a
049.md	27	KR4h0160_WYG_047-2b
049.md	35	KR4h0160_WYG_047-3a
049.md	43	KR4h0160_WYG_047-3b
049.md	51	KR4h0160_WYG_047-4a
049.md	59	KR4h0160_WYG_047-4b
049.md	67	KR4h0160_WYG_047-5a
049.md	75	KR4h0160_WYG_047-5b
049.md	83	KR4h0160_WYG_047-6a
049.md	91	KR4h0160_WYG_047-6b
049.md	99	KR4h0160_WYG_047-7a
049.md	107	KR4h0160_WYG_047-7b
049.md	115	KR4h0160_WYG_047-8a
049.md	123	KR4h0160_WYG_047-8b
049.md	131	KR4h0160_WYG_047-9a
049.md	139	KR4h0160_WYG_047-9b
049.md	147	KR4h0160_WYG_047-10a
049.md	155	KR4h0160_WYG_047-10b
049.md	163	KR4h0160_WYG_047-11a
049.md	171	KR4h0160_WYG_047-11b
049.md	179	KR4h0160_WYG_047-12a
049.md	187	KR4h0160_WYG_047-12b
049.md	195	KR4h0160_WYG_047-13a
049.md	203	KR4h0160_WYG_047-13b
049.md	211	KR4h0160_WYG_047-14a
049.md	219	KR4h0160_WYG_047-14b
049.md	227	KR4h0160_WYG_047-15a
049.md	235	KR4h0160_WYG_047-15b
049.md	243	KR4h0160_WYG_047-16a
049.md	251	KR4h0160_WYG_047-16b
049.md	259	KR4h0160_WYG_047-17a
049.md	267	KR4h0160_WYG_047-17b
049.md	275	KR4h0160_WYG_047-18a
049.md	283	KR4h0160_WYG_047-18b
049.md	291	KR4h0160_WYG_047-19a
049.md	299	KR4h0160_WYG_047-19b
049.md	307	KR4h0160_WYG_047-20a
049.md	315	KR4h0160_WYG_047-20b
049.md	323	KR4h0160_WYG_047-21a
049.md	331	KR4h0160_WYG_047-21b
049.md	339	KR4h0160_WYG_047-22a
049.md	347	KR4h0160_WYG_047-22b
049.md	355	KR4h0160_WYG_047-23a
049.md	363	KR4h0160_WYG_047-23b
049.md	371	KR4h0160_WYG_047-24a
049.md	379	KR4h0160_WYG_047-24b
049.md	387	KR4h0160_WYG_047-25a
049.md	395	KR4h0160_WYG_047-25b
049.md	403	KR4h0160_WYG_047-26a
049.md	411	KR4h0160_WYG_047-26b
049.md	419	KR4h0160_WYG_047-27a
049.md	427	KR4h0160_WYG_047-27b
049.md	435	KR4h0160_WYG_047-28a
049.md	443	KR4h0160_WYG_047-28b
049.md	451	KR4h0160_WYG_047-29a
049.md	459	KR4h0160_WYG_047-29b
049.md	467	KR4h0160_WYG_047-30a
049.md	475	KR4h0160_WYG_047-30b
049.md	483	KR4h0160_WYG_047-31a
049.md	491	KR4h0160_WYG_047-31b
049.md	499	KR4h0160_WYG_047-32a
049.md	507	KR4h0160_WYG_047-32b
049.md	515	KR4h0160_WYG_047-33a
049.md	523	KR4h0160_WYG_047-33b
049.md	531	KR4h0160_WYG_047-34a
049.md	539	KR4h0160_WYG_047-34b
049.md	547	KR4h0160_WYG_047-35a
049.md	555	KR4h0160_WYG_047-35b
049.md	563	KR4h0160_WYG_047-36a
049.md	571	KR4h0160_WYG_047-36b
049.md	579	KR4h0160_WYG_047-37a
049.md	587	KR4h0160_WYG_047-37b
050.md	3	KR4h0160_WYG_048-1a
050.md	11	KR4h0160_WYG_048-1b
050.md	19	KR4h0160_WYG_048-2a
050.md	27	KR4h0160_WYG_048-2b
050.md	35	KR4h0160_WYG_048-3a
050.md	43	KR4h0160_WYG_048-3b
050.md	51	KR4h0160_WYG_048-4a
050.md	59	KR4h0160_WYG_048-4b
050.md	67	KR4h0160_WYG_048-5a
050.md	75	KR4h0160_WYG_048-5b
050.md	83	KR4h0160_WYG_048-6a
050.md	91	KR4h0160_WYG_048-6b
050.md	99	KR4h0160_WYG_048-7a
050.md	107	KR4h0160_WYG_048-7b
050.md	115	KR4h0160_WYG_048-8a
050.md	123	KR4h0160_WYG_048-8b
050.md	131	KR4h0160_WYG_048-9a
050.md	139	KR4h0160_WYG_048-9b
050.md	147	KR4h0160_WYG_048-10a
050.md	155	KR4h0160_WYG_048-10b
050.md	163	KR4h0160_WYG_048-11a
050.md	171	KR4h0160_WYG_048-11b
050.md	179	KR4h0160_WYG_048-12a
050.md	187	KR4h0160_WYG_048-12b
050.md	195	KR4h0160_WYG_048-13a
050.md	203	KR4h0160_WYG_048-13b
050.md	211	KR4h0160_WYG_048-14a
050.md	219	KR4h0160_WYG_048-14b
050.md	227	KR4h0160_WYG_048-15a
050.md	235	KR4h0160_WYG_048-15b
050.md	243	KR4h0160_WYG_048-16a
050.md	251	KR4h0160_WYG_048-16b
050.md	259	KR4h0160_WYG_048-17a
050.md	267	KR4h0160_WYG_048-17b
050.md	275	KR4h0160_WYG_048-18a
050.md	283	KR4h0160_WYG_048-18b
050.md	291	KR4h0160_WYG_048-19a
050.md	299	KR4h0160_WYG_048-19b
050.md	307	KR4h0160_WYG_048-20a
050.md	315	KR4h0160_WYG_048-20b
050.md	323	KR4h0160_WYG_048-21a
050.md	331	KR4h0160_WYG_048-21b
050.md	339	KR4h0160_WYG_048-22a
050.md	347	KR4h0160_WYG_048-22b
050.md	355	KR4h0160_WYG_048-23a
050.md	363	KR4h0160_WYG_048-23b
050.md	371	KR4h0160_WYG_048-24a
050.md	379	KR4h0160_WYG_048-24b
050.md	387	KR4h0160_WYG_048-25a
050.md	395	KR4h0160_WYG_048-25b
050.md	403	KR4h0160_WYG_048-26a
050.md	411	KR4h0160_WYG_048-26b
050.md	419	KR4h0160_WYG_048-27a
050.md	427	KR4h0160_WYG_048-27b
050.md	435	KR4h0160_WYG_048-28a
050.md	443	KR4h0160_WYG_048-28b
050.md	451	KR4h0160_WYG_048-29a
050.md	459	KR4h0160_WYG_048-29b
050.md	467	KR4h0160_WYG_048-30a
050.md	475	KR4h0160_WYG_048-30b
050.md	483	KR4h0160_WYG_048-31a
050.md	491	KR4h0160_WYG_048-31b
050.md	499	KR4h0160_WYG_048-32a
050.md	507	KR4h0160_WYG_048-32b
050.md	515	KR4h0160_WYG_048-33a
050.md	523	KR4h0160_WYG_048-33b
050.md	531	KR4h0160_WYG_048-34a
050.md	539	KR4h0160_WYG_048-34b
050.md	547	KR4h0160_WYG_048-35a
050.md	555	KR4h0160_WYG_048-35b
050.md	563	KR4h0160_WYG_048-36a
050.md	571	KR4h0160_WYG_048-36b
050.md	579	KR4h0160_WYG_048-37a
050.md	587	KR4h0160_WYG_048-37b
050.md	595	KR4h0160_WYG_048-38a
050.md	603	KR4h0160_WYG_048-38b
050.md	611	KR4h0160_WYG_048-39a
050.md	619	KR4h0160_WYG_048-39b
050.md	627	KR4h0160_WYG_048-40a
050.md	635	KR4h0160_WYG_048-40b
050.md	643	KR4h0160_WYG_048-41a
050.md	651	KR4h0160_WYG_048-41b
050.md	659	KR4h0160_WYG_048-42a
050.md	667	KR4h0160_WYG_048-42b
050.md	675	KR4h0160_WYG_048-43a
050.md	683	KR4h0160_WYG_048-43b
050.md	691	KR4h0160_WYG_048-44a
050.md	699	KR4h0160_WYG_048-44b
050.md	707	KR4h0160_WYG_048-45a
050.md	715	KR4h0160_WYG_048-45b
050.md	723	KR4h0160_WYG_048-46a
050.md	731	KR4h0160_WYG_048-46b
050.md	739	KR4h0160_WYG_048-47a
050.md	747	KR4h0160_WYG_048-47b
050.md	755	KR4h0160_WYG_048-48a
050.md	763	KR4h0160_WYG_048-48b
050.md	771	KR4h0160_WYG_048-49a
050.md	779	KR4h0160_WYG_048-49b
050.md	787	KR4h0160_WYG_048-50a
050.md	795	KR4h0160_WYG_048-50b
050.md	803	KR4h0160_WYG_048-51a
050.md	811	KR4h0160_WYG_048-51b
050.md	819	KR4h0160_WYG_048-52a
050.md	827	KR4h0160_WYG_048-52b
050.md	835	KR4h0160_WYG_048-53a
050.md	843	KR4h0160_WYG_048-53b
050.md	851	KR4h0160_WYG_048-54a
050.md	859	KR4h0160_WYG_048-54b
051.md	3	KR4h0160_WYG_049-1a
051.md	11	KR4h0160_WYG_049-1b
051.md	19	KR4h0160_WYG_049-2a
051.md	27	KR4h0160_WYG_049-2b
051.md	35	KR4h0160_WYG_049-3a
051.md	43	KR4h0160_WYG_049-3b
051.md	51	KR4h0160_WYG_049-4a
051.md	59	KR4h0160_WYG_049-4b
051.md	67	KR4h0160_WYG_049-5a
051.md	75	KR4h0160_WYG_049-5b
051.md	83	KR4h0160_WYG_049-6a
051.md	91	KR4h0160_WYG_049-6b
051.md	99	KR4h0160_WYG_049-7a
051.md	107	KR4h0160_WYG_049-7b
051.md	115	KR4h0160_WYG_049-8a
051.md	123	KR4h0160_WYG_049-8b
051.md	131	KR4h0160_WYG_049-9a
051.md	139	KR4h0160_WYG_049-9b
051.md	147	KR4h0160_WYG_049-10a
051.md	155	KR4h0160_WYG_049-10b
051.md	163	KR4h0160_WYG_049-11a
051.md	171	KR4h0160_WYG_049-11b
051.md	179	KR4h0160_WYG_049-12a
051.md	187	KR4h0160_WYG_049-12b
051.md	195	KR4h0160_WYG_049-13a
051.md	203	KR4h0160_WYG_049-13b
051.md	211	KR4h0160_WYG_049-14a
051.md	219	KR4h0160_WYG_049-14b
051.md	227	KR4h0160_WYG_049-15a
051.md	235	KR4h0160_WYG_049-15b
051.md	243	KR4h0160_WYG_049-16a
051.md	251	KR4h0160_WYG_049-16b
051.md	259	KR4h0160_WYG_049-17a
051.md	267	KR4h0160_WYG_049-17b
051.md	275	KR4h0160_WYG_049-18a
051.md	283	KR4h0160_WYG_049-18b
051.md	291	KR4h0160_WYG_049-19a
051.md	299	KR4h0160_WYG_049-19b
051.md	307	KR4h0160_WYG_049-20a
051.md	315	KR4h0160_WYG_049-20b
051.md	323	KR4h0160_WYG_049-21a
051.md	331	KR4h0160_WYG_049-21b
051.md	339	KR4h0160_WYG_049-22a
051.md	347	KR4h0160_WYG_049-22b
051.md	355	KR4h0160_WYG_049-23a
051.md	363	KR4h0160_WYG_049-23b
051.md	371	KR4h0160_WYG_049-24a
051.md	379	KR4h0160_WYG_049-24b
051.md	387	KR4h0160_WYG_049-25a
051.md	395	KR4h0160_WYG_049-25b
051.md	403	KR4h0160_WYG_049-26a
051.md	411	KR4h0160_WYG_049-26b
051.md	419	KR4h0160_WYG_049-27a
051.md	427	KR4h0160_WYG_049-27b
051.md	435	KR4h0160_WYG_049-28a
051.md	443	KR4h0160_WYG_049-28b
051.md	451	KR4h0160_WYG_049-29a
051.md	459	KR4h0160_WYG_049-29b
051.md	467	KR4h0160_WYG_049-30a
051.md	475	KR4h0160_WYG_049-30b
051.md	483	KR4h0160_WYG_049-31a
051.md	491	KR4h0160_WYG_049-31b
051.md	499	KR4h0160_WYG_049-32a
051.md	507	KR4h0160_WYG_049-32b
051.md	515	KR4h0160_WYG_049-33a
051.md	523	KR4h0160_WYG_049-33b
051.md	531	KR4h0160_WYG_049-34a
051.md	539	KR4h0160_WYG_049-34b
051.md	547	KR4h0160_WYG_049-35a
051.md	555	KR4h0160_WYG_049-35b
051.md	563	KR4h0160_WYG_049-36a
051.md	571	KR4h0160_WYG_049-36b
051.md	579	KR4h0160_WYG_049-37a
051.md	587	KR4h0160_WYG_049-37b
051.md	595	KR4h0160_WYG_049-38a
051.md	603	KR4h0160_WYG_049-38b
051.md	611	KR4h0160_WYG_049-39a
051.md	619	KR4h0160_WYG_049-39b
051.md	627	KR4h0160_WYG_049-40a
051.md	635	KR4h0160_WYG_049-40b
051.md	643	KR4h0160_WYG_049-41a
051.md	651	KR4h0160_WYG_049-41b
051.md	659	KR4h0160_WYG_049-42a
051.md	667	KR4h0160_WYG_049-42b
051.md	675	KR4h0160_WYG_049-43a
051.md	683	KR4h0160_WYG_049-43b
051.md	691	KR4h0160_WYG_049-44a
051.md	699	KR4h0160_WYG_049-44b
051.md	707	KR4h0160_WYG_049-45a
051.md	715	KR4h0160_WYG_049-45b
052.md	3	KR4h0160_WYG_050-1a
052.md	11	KR4h0160_WYG_050-1b
052.md	19	KR4h0160_WYG_050-2a
052.md	27	KR4h0160_WYG_050-2b
052.md	35	KR4h0160_WYG_050-3a
052.md	43	KR4h0160_WYG_050-3b
052.md	51	KR4h0160_WYG_050-4a
052.md	59	KR4h0160_WYG_050-4b
052.md	67	KR4h0160_WYG_050-5a
052.md	75	KR4h0160_WYG_050-5b
052.md	83	KR4h0160_WYG_050-6a
052.md	91	KR4h0160_WYG_050-6b
052.md	99	KR4h0160_WYG_050-7a
052.md	107	KR4h0160_WYG_050-7b
052.md	115	KR4h0160_WYG_050-8a
052.md	123	KR4h0160_WYG_050-8b
052.md	131	KR4h0160_WYG_050-9a
052.md	139	KR4h0160_WYG_050-9b
052.md	147	KR4h0160_WYG_050-10a
052.md	155	KR4h0160_WYG_050-10b
052.md	163	KR4h0160_WYG_050-11a
052.md	171	KR4h0160_WYG_050-11b
052.md	179	KR4h0160_WYG_050-12a
052.md	187	KR4h0160_WYG_050-12b
052.md	195	KR4h0160_WYG_050-13a
052.md	203	KR4h0160_WYG_050-13b
052.md	211	KR4h0160_WYG_050-14a
052.md	219	KR4h0160_WYG_050-14b
052.md	227	KR4h0160_WYG_050-15a
052.md	235	KR4h0160_WYG_050-15b
052.md	243	KR4h0160_WYG_050-16a
052.md	251	KR4h0160_WYG_050-16b
052.md	259	KR4h0160_WYG_050-17a
052.md	267	KR4h0160_WYG_050-17b
052.md	275	KR4h0160_WYG_050-18a
052.md	283	KR4h0160_WYG_050-18b
052.md	291	KR4h0160_WYG_050-19a
052.md	299	KR4h0160_WYG_050-19b
052.md	307	KR4h0160_WYG_050-20a
052.md	315	KR4h0160_WYG_050-20b
052.md	323	KR4h0160_WYG_050-21a
052.md	331	KR4h0160_WYG_050-21b
052.md	339	KR4h0160_WYG_050-22a
052.md	347	KR4h0160_WYG_050-22b
052.md	355	KR4h0160_WYG_050-23a
052.md	363	KR4h0160_WYG_050-23b
052.md	371	KR4h0160_WYG_050-24a
052.md	379	KR4h0160_WYG_050-24b
052.md	387	KR4h0160_WYG_050-25a
052.md	395	KR4h0160_WYG_050-25b
052.md	403	KR4h0160_WYG_050-26a
052.md	411	KR4h0160_WYG_050-26b
052.md	419	KR4h0160_WYG_050-27a
052.md	427	KR4h0160_WYG_050-27b
052.md	435	KR4h0160_WYG_050-28a
052.md	443	KR4h0160_WYG_050-28b
052.md	451	KR4h0160_WYG_050-29a
052.md	459	KR4h0160_WYG_050-29b
052.md	467	KR4h0160_WYG_050-30a
052.md	475	KR4h0160_WYG_050-30b
052.md	483	KR4h0160_WYG_050-31a
052.md	491	KR4h0160_WYG_050-31b
052.md	499	KR4h0160_WYG_050-32a
052.md	507	KR4h0160_WYG_050-32b
052.md	515	KR4h0160_WYG_050-33a
052.md	523	KR4h0160_WYG_050-33b
052.md	531	KR4h0160_WYG_050-34a
052.md	539	KR4h0160_WYG_050-34b
052.md	547	KR4h0160_WYG_050-35a
052.md	555	KR4h0160_WYG_050-35b
052.md	563	KR4h0160_WYG_050-36a
052.md	571	KR4h0160_WYG_050-36b
052.md	579	KR4h0160_WYG_050-37a
052.md	587	KR4h0160_WYG_050-37b
052.md	595	KR4h0160_WYG_050-38a
052.md	603	KR4h0160_WYG_050-38b
052.md	611	KR4h0160_WYG_050-39a
052.md	619	KR4h0160_WYG_050-39b
053.md	3	KR4h0160_WYG_051-1a
053.md	11	KR4h0160_WYG_051-1b
053.md	19	KR4h0160_WYG_051-2a
053.md	27	KR4h0160_WYG_051-2b
053.md	35	KR4h0160_WYG_051-3a
053.md	43	KR4h0160_WYG_051-3b
053.md	51	KR4h0160_WYG_051-4a
053.md	59	KR4h0160_WYG_051-4b
053.md	67	KR4h0160_WYG_051-5a
053.md	75	KR4h0160_WYG_051-5b
053.md	83	KR4h0160_WYG_051-6a
053.md	91	KR4h0160_WYG_051-6b
053.md	99	KR4h0160_WYG_051-7a
053.md	107	KR4h0160_WYG_051-7b
053.md	115	KR4h0160_WYG_051-8a
053.md	123	KR4h0160_WYG_051-8b
053.md	131	KR4h0160_WYG_051-9a
053.md	139	KR4h0160_WYG_051-9b
053.md	147	KR4h0160_WYG_051-10a
053.md	155	KR4h0160_WYG_051-10b
053.md	163	KR4h0160_WYG_051-11a
053.md	171	KR4h0160_WYG_051-11b
053.md	179	KR4h0160_WYG_051-12a
053.md	187	KR4h0160_WYG_051-12b
053.md	195	KR4h0160_WYG_051-13a
053.md	203	KR4h0160_WYG_051-13b
053.md	211	KR4h0160_WYG_051-14a
053.md	219	KR4h0160_WYG_051-14b
053.md	227	KR4h0160_WYG_051-15a
053.md	235	KR4h0160_WYG_051-15b
053.md	243	KR4h0160_WYG_051-16a
053.md	251	KR4h0160_WYG_051-16b
053.md	259	KR4h0160_WYG_051-17a
053.md	267	KR4h0160_WYG_051-17b
053.md	275	KR4h0160_WYG_051-18a
053.md	283	KR4h0160_WYG_051-18b
053.md	291	KR4h0160_WYG_051-19a
053.md	299	KR4h0160_WYG_051-19b
053.md	307	KR4h0160_WYG_051-20a
053.md	315	KR4h0160_WYG_051-20b
053.md	323	KR4h0160_WYG_051-21a
053.md	331	KR4h0160_WYG_051-21b
053.md	339	KR4h0160_WYG_051-22a
053.md	347	KR4h0160_WYG_051-22b
053.md	355	KR4h0160_WYG_051-23a
053.md	363	KR4h0160_WYG_051-23b
053.md	371	KR4h0160_WYG_051-24a
053.md	379	KR4h0160_WYG_051-24b
053.md	387	KR4h0160_WYG_051-25a
053.md	395	KR4h0160_WYG_051-25b
053.md	403	KR4h0160_WYG_051-26a
053.md	411	KR4h0160_WYG_051-26b
053.md	419	KR4h0160_WYG_051-27a
053.md	427	KR4h0160_WYG_051-27b
053.md	435	KR4h0160_WYG_051-28a
053.md	443	KR4h0160_WYG_051-28b
053.md	451	KR4h0160_WYG_051-29a
053.md	459	KR4h0160_WYG_051-29b
053.md	467	KR4h0160_WYG_051-30a
053.md	475	KR4h0160_WYG_051-30b
053.md	483	KR4h0160_WYG_051-31a
053.md	491	KR4h0160_WYG_051-31b
053.md	499	KR4h0160_WYG_051-32a
053.md	507	KR4h0160_WYG_051-32b
053.md	515	KR4h0160_WYG_051-33a
053.md	523	KR4h0160_WYG_051-33b
053.md	531	KR4h0160_WYG_051-34a
053.md	539	KR4h0160_WYG_051-34b
053.md	547	KR4h0160_WYG_051-35a
053.md	555	KR4h0160_WYG_051-35b
053.md	563	KR4h0160_WYG_051-36a
053.md	571	KR4h0160_WYG_051-36b
053.md	579	KR4h0160_WYG_051-37a
053.md	587	KR4h0160_WYG_051-37b
054.md	3	KR4h0160_WYG_052-1a
054.md	11	KR4h0160_WYG_052-1b
054.md	19	KR4h0160_WYG_052-2a
054.md	27	KR4h0160_WYG_052-2b
054.md	35	KR4h0160_WYG_052-3a
054.md	43	KR4h0160_WYG_052-3b
054.md	51	KR4h0160_WYG_052-4a
054.md	59	KR4h0160_WYG_052-4b
054.md	67	KR4h0160_WYG_052-5a
054.md	75	KR4h0160_WYG_052-5b
054.md	83	KR4h0160_WYG_052-6a
054.md	91	KR4h0160_WYG_052-6b
054.md	99	KR4h0160_WYG_052-7a
054.md	107	KR4h0160_WYG_052-7b
054.md	115	KR4h0160_WYG_052-8a
054.md	123	KR4h0160_WYG_052-8b
054.md	131	KR4h0160_WYG_052-9a
054.md	139	KR4h0160_WYG_052-9b
054.md	147	KR4h0160_WYG_052-10a
054.md	155	KR4h0160_WYG_052-10b
054.md	163	KR4h0160_WYG_052-11a
054.md	171	KR4h0160_WYG_052-11b
054.md	179	KR4h0160_WYG_052-12a
054.md	187	KR4h0160_WYG_052-12b
054.md	195	KR4h0160_WYG_052-13a
054.md	203	KR4h0160_WYG_052-13b
054.md	211	KR4h0160_WYG_052-14a
054.md	219	KR4h0160_WYG_052-14b
054.md	227	KR4h0160_WYG_052-15a
054.md	235	KR4h0160_WYG_052-15b
054.md	243	KR4h0160_WYG_052-16a
054.md	251	KR4h0160_WYG_052-16b
054.md	259	KR4h0160_WYG_052-17a
054.md	267	KR4h0160_WYG_052-17b
054.md	275	KR4h0160_WYG_052-18a
054.md	283	KR4h0160_WYG_052-18b
054.md	291	KR4h0160_WYG_052-19a
054.md	299	KR4h0160_WYG_052-19b
054.md	307	KR4h0160_WYG_052-20a
054.md	315	KR4h0160_WYG_052-20b
054.md	323	KR4h0160_WYG_052-21a
054.md	331	KR4h0160_WYG_052-21b
054.md	339	KR4h0160_WYG_052-22a
054.md	347	KR4h0160_WYG_052-22b
054.md	355	KR4h0160_WYG_052-23a
054.md	363	KR4h0160_WYG_052-23b
054.md	371	KR4h0160_WYG_052-24a
054.md	379	KR4h0160_WYG_052-24b
054.md	387	KR4h0160_WYG_052-25a
054.md	395	KR4h0160_WYG_052-25b
054.md	403	KR4h0160_WYG_052-26a
054.md	411	KR4h0160_WYG_052-26b
054.md	419	KR4h0160_WYG_052-27a
054.md	427	KR4h0160_WYG_052-27b
054.md	435	KR4h0160_WYG_052-28a
054.md	443	KR4h0160_WYG_052-28b
054.md	451	KR4h0160_WYG_052-29a
054.md	459	KR4h0160_WYG_052-29b
054.md	467	KR4h0160_WYG_052-30a
054.md	475	KR4h0160_WYG_052-30b
054.md	483	KR4h0160_WYG_052-31a
054.md	491	KR4h0160_WYG_052-31b
054.md	499	KR4h0160_WYG_052-32a
054.md	507	KR4h0160_WYG_052-32b
054.md	515	KR4h0160_WYG_052-33a
054.md	523	KR4h0160_WYG_052-33b
054.md	531	KR4h0160_WYG_052-34a
054.md	539	KR4h0160_WYG_052-34b
054.md	547	KR4h0160_WYG_052-35a
054.md	555	KR4h0160_WYG_052-35b
054.md	563	KR4h0160_WYG_052-36a
054.md	571	KR4h0160_WYG_052-36b
054.md	579	KR4h0160_WYG_052-37a
054.md	587	KR4h0160_WYG_052-37b
054.md	595	KR4h0160_WYG_052-38a
054.md	603	KR4h0160_WYG_052-38b
054.md	611	KR4h0160_WYG_052-39a
054.md	619	KR4h0160_WYG_052-39b
054.md	627	KR4h0160_WYG_052-40a
054.md	635	KR4h0160_WYG_052-40b
054.md	643	KR4h0160_WYG_052-41a
054.md	651	KR4h0160_WYG_052-41b
054.md	659	KR4h0160_WYG_052-42a
054.md	667	KR4h0160_WYG_052-42b
054.md	675	KR4h0160_WYG_052-43a
054.md	683	KR4h0160_WYG_052-43b
054.md	691	KR4h0160_WYG_052-44a
054.md	699	KR4h0160_WYG_052-44b
054.md	707	KR4h0160_WYG_052-45a
054.md	715	KR4h0160_WYG_052-45b
054.md	723	KR4h0160_WYG_052-46a
054.md	731	KR4h0160_WYG_052-46b
054.md	739	KR4h0160_WYG_052-47a
054.md	747	KR4h0160_WYG_052-47b
054.md	755	KR4h0160_WYG_052-48a
054.md	763	KR4h0160_WYG_052-48b
054.md	771	KR4h0160_WYG_052-49a
054.md	779	KR4h0160_WYG_052-49b
054.md	787	KR4h0160_WYG_052-50a
054.md	795	KR4h0160_WYG_052-50b
054.md	803	KR4h0160_WYG_052-51a
054.md	811	KR4h0160_WYG_052-51b
054.md	819	KR4h0160_WYG_052-52a
054.md	827	KR4h0160_WYG_052-52b
054.md	835	KR4h0160_WYG_052-53a
054.md	843	KR4h0160_WYG_052-53b
054.md	851	KR4h0160_WYG_052-54a
054.md	859	KR4h0160_WYG_052-54b
054.md	867	KR4h0160_WYG_052-55a
054.md	875	KR4h0160_WYG_052-55b
054.md	883	KR4h0160_WYG_052-56a
054.md	891	KR4h0160_WYG_052-56b
054.md	899	KR4h0160_WYG_052-57a
054.md	907	KR4h0160_WYG_052-57b
054.md	915	KR4h0160_WYG_052-58a
054.md	923	KR4h0160_WYG_052-58b
054.md	931	KR4h0160_WYG_052-59a
054.md	939	KR4h0160_WYG_052-59b
054.md	947	KR4h0160_WYG_052-60a
054.md	955	KR4h0160_WYG_052-60b
054.md	963	KR4h0160_WYG_052-61a
054.md	971	KR4h0160_WYG_052-61b
055.md	3	KR4h0160_WYG_053-1a
055.md	11	KR4h0160_WYG_053-1b
055.md	19	KR4h0160_WYG_053-2a
055.md	27	KR4h0160_WYG_053-2b
055.md	35	KR4h0160_WYG_053-3a
055.md	43	KR4h0160_WYG_053-3b
055.md	51	KR4h0160_WYG_053-4a
055.md	59	KR4h0160_WYG_053-4b
055.md	67	KR4h0160_WYG_053-5a
055.md	75	KR4h0160_WYG_053-5b
055.md	83	KR4h0160_WYG_053-6a
055.md	91	KR4h0160_WYG_053-6b
055.md	99	KR4h0160_WYG_053-7a
055.md	107	KR4h0160_WYG_053-7b
055.md	115	KR4h0160_WYG_053-8a
055.md	123	KR4h0160_WYG_053-8b
055.md	131	KR4h0160_WYG_053-9a
055.md	139	KR4h0160_WYG_053-9b
055.md	147	KR4h0160_WYG_053-10a
055.md	155	KR4h0160_WYG_053-10b
055.md	163	KR4h0160_WYG_053-11a
055.md	171	KR4h0160_WYG_053-11b
055.md	179	KR4h0160_WYG_053-12a
055.md	187	KR4h0160_WYG_053-12b
055.md	195	KR4h0160_WYG_053-13a
055.md	203	KR4h0160_WYG_053-13b
055.md	211	KR4h0160_WYG_053-14a
055.md	219	KR4h0160_WYG_053-14b
055.md	227	KR4h0160_WYG_053-15a
055.md	235	KR4h0160_WYG_053-15b
055.md	243	KR4h0160_WYG_053-16a
055.md	251	KR4h0160_WYG_053-16b
055.md	259	KR4h0160_WYG_053-17a
055.md	267	KR4h0160_WYG_053-17b
055.md	275	KR4h0160_WYG_053-18a
055.md	283	KR4h0160_WYG_053-18b
055.md	291	KR4h0160_WYG_053-19a
055.md	299	KR4h0160_WYG_053-19b
055.md	307	KR4h0160_WYG_053-20a
055.md	315	KR4h0160_WYG_053-20b
055.md	323	KR4h0160_WYG_053-21a
055.md	331	KR4h0160_WYG_053-21b
055.md	339	KR4h0160_WYG_053-22a
055.md	347	KR4h0160_WYG_053-22b
055.md	355	KR4h0160_WYG_053-23a
055.md	363	KR4h0160_WYG_053-23b
055.md	371	KR4h0160_WYG_053-24a
055.md	379	KR4h0160_WYG_053-24b
055.md	387	KR4h0160_WYG_053-25a
055.md	395	KR4h0160_WYG_053-25b
055.md	403	KR4h0160_WYG_053-26a
055.md	411	KR4h0160_WYG_053-26b
055.md	419	KR4h0160_WYG_053-27a
055.md	427	KR4h0160_WYG_053-27b
055.md	435	KR4h0160_WYG_053-28a
055.md	443	KR4h0160_WYG_053-28b
055.md	451	KR4h0160_WYG_053-29a
055.md	459	KR4h0160_WYG_053-29b
055.md	467	KR4h0160_WYG_053-30a
055.md	475	KR4h0160_WYG_053-30b
055.md	483	KR4h0160_WYG_053-31a
055.md	491	KR4h0160_WYG_053-31b
055.md	499	KR4h0160_WYG_053-32a
055.md	507	KR4h0160_WYG_053-32b
055.md	515	KR4h0160_WYG_053-33a
055.md	523	KR4h0160_WYG_053-33b
055.md	531	KR4h0160_WYG_053-34a
055.md	539	KR4h0160_WYG_053-34b
055.md	547	KR4h0160_WYG_053-35a
055.md	555	KR4h0160_WYG_053-35b
055.md	563	KR4h0160_WYG_053-36a
055.md	571	KR4h0160_WYG_053-36b
055.md	579	KR4h0160_WYG_053-37a
055.md	587	KR4h0160_WYG_053-37b
055.md	595	KR4h0160_WYG_053-38a
055.md	603	KR4h0160_WYG_053-38b
055.md	611	KR4h0160_WYG_053-39a
055.md	619	KR4h0160_WYG_053-39b
055.md	627	KR4h0160_WYG_053-40a
055.md	635	KR4h0160_WYG_053-40b
055.md	643	KR4h0160_WYG_053-41a
055.md	651	KR4h0160_WYG_053-41b
055.md	659	KR4h0160_WYG_053-42a
055.md	667	KR4h0160_WYG_053-42b
055.md	675	KR4h0160_WYG_053-43a
055.md	683	KR4h0160_WYG_053-43b
055.md	691	KR4h0160_WYG_053-44a
055.md	699	KR4h0160_WYG_053-44b
055.md	707	KR4h0160_WYG_053-45a
055.md	715	KR4h0160_WYG_053-45b
055.md	723	KR4h0160_WYG_053-46a
055.md	731	KR4h0160_WYG_053-46b
055.md	739	KR4h0160_WYG_053-47a
055.md	747	KR4h0160_WYG_053-47b
055.md	755	KR4h0160_WYG_053-48a
055.md	763	KR4h0160_WYG_053-48b
055.md	771	KR4h0160_WYG_053-49a
055.md	779	KR4h0160_WYG_053-49b
055.md	787	KR4h0160_WYG_053-50a
055.md	795	KR4h0160_WYG_053-50b
055.md	803	KR4h0160_WYG_053-51a
055.md	811	KR4h0160_WYG_053-51b
056.md	3	KR4h0160_WYG_054-1a
056.md	11	KR4h0160_WYG_054-1b
056.md	19	KR4h0160_WYG_054-2a
056.md	27	KR4h0160_WYG_054-2b
056.md	35	KR4h0160_WYG_054-3a
056.md	43	KR4h0160_WYG_054-3b
056.md	51	KR4h0160_WYG_054-4a
056.md	59	KR4h0160_WYG_054-4b
056.md	67	KR4h0160_WYG_054-5a
056.md	75	KR4h0160_WYG_054-5b
056.md	83	KR4h0160_WYG_054-6a
056.md	91	KR4h0160_WYG_054-6b
056.md	99	KR4h0160_WYG_054-7a
056.md	107	KR4h0160_WYG_054-7b
056.md	115	KR4h0160_WYG_054-8a
056.md	123	KR4h0160_WYG_054-8b
056.md	131	KR4h0160_WYG_054-9a
056.md	139	KR4h0160_WYG_054-9b
056.md	147	KR4h0160_WYG_054-10a
056.md	155	KR4h0160_WYG_054-10b
056.md	163	KR4h0160_WYG_054-11a
056.md	171	KR4h0160_WYG_054-11b
056.md	179	KR4h0160_WYG_054-12a
056.md	187	KR4h0160_WYG_054-12b
056.md	195	KR4h0160_WYG_054-13a
056.md	203	KR4h0160_WYG_054-13b
056.md	211	KR4h0160_WYG_054-14a
056.md	219	KR4h0160_WYG_054-14b
056.md	227	KR4h0160_WYG_054-15a
056.md	235	KR4h0160_WYG_054-15b
056.md	243	KR4h0160_WYG_054-16a
056.md	251	KR4h0160_WYG_054-16b
056.md	259	KR4h0160_WYG_054-17a
056.md	267	KR4h0160_WYG_054-17b
056.md	275	KR4h0160_WYG_054-18a
056.md	283	KR4h0160_WYG_054-18b
056.md	291	KR4h0160_WYG_054-19a
056.md	299	KR4h0160_WYG_054-19b
056.md	307	KR4h0160_WYG_054-20a
056.md	315	KR4h0160_WYG_054-20b
056.md	323	KR4h0160_WYG_054-21a
056.md	331	KR4h0160_WYG_054-21b
056.md	339	KR4h0160_WYG_054-22a
056.md	347	KR4h0160_WYG_054-22b
056.md	355	KR4h0160_WYG_054-23a
056.md	363	KR4h0160_WYG_054-23b
056.md	371	KR4h0160_WYG_054-24a
056.md	379	KR4h0160_WYG_054-24b
056.md	387	KR4h0160_WYG_054-25a
056.md	395	KR4h0160_WYG_054-25b
056.md	403	KR4h0160_WYG_054-26a
056.md	411	KR4h0160_WYG_054-26b
056.md	419	KR4h0160_WYG_054-27a
056.md	427	KR4h0160_WYG_054-27b
056.md	435	KR4h0160_WYG_054-28a
056.md	443	KR4h0160_WYG_054-28b
056.md	451	KR4h0160_WYG_054-29a
056.md	459	KR4h0160_WYG_054-29b
056.md	467	KR4h0160_WYG_054-30a
056.md	475	KR4h0160_WYG_054-30b
056.md	483	KR4h0160_WYG_054-31a
056.md	491	KR4h0160_WYG_054-31b
056.md	499	KR4h0160_WYG_054-32a
056.md	507	KR4h0160_WYG_054-32b
056.md	515	KR4h0160_WYG_054-33a
056.md	523	KR4h0160_WYG_054-33b
056.md	531	KR4h0160_WYG_054-34a
056.md	539	KR4h0160_WYG_054-34b
056.md	547	KR4h0160_WYG_054-35a
056.md	555	KR4h0160_WYG_054-35b
056.md	563	KR4h0160_WYG_054-36a
056.md	571	KR4h0160_WYG_054-36b
056.md	579	KR4h0160_WYG_054-37a
056.md	587	KR4h0160_WYG_054-37b
056.md	595	KR4h0160_WYG_054-38a
056.md	603	KR4h0160_WYG_054-38b
056.md	611	KR4h0160_WYG_054-39a
056.md	619	KR4h0160_WYG_054-39b
056.md	627	KR4h0160_WYG_054-40a
056.md	635	KR4h0160_WYG_054-40b
056.md	643	KR4h0160_WYG_054-41a
056.md	651	KR4h0160_WYG_054-41b
056.md	659	KR4h0160_WYG_054-42a
056.md	667	KR4h0160_WYG_054-42b
056.md	675	KR4h0160_WYG_054-43a
056.md	683	KR4h0160_WYG_054-43b
056.md	691	KR4h0160_WYG_054-44a
056.md	699	KR4h0160_WYG_054-44b
056.md	707	KR4h0160_WYG_054-45a
056.md	715	KR4h0160_WYG_054-45b
056.md	723	KR4h0160_WYG_054-46a
056.md	731	KR4h0160_WYG_054-46b
056.md	739	KR4h0160_WYG_054-47a
056.md	747	KR4h0160_WYG_054-47b
056.md	755	KR4h0160_WYG_054-48a
056.md	763	KR4h0160_WYG_054-48b
056.md	771	KR4h0160_WYG_054-49a
056.md	779	KR4h0160_WYG_054-49b
056.md	787	KR4h0160_WYG_054-50a
056.md	795	KR4h0160_WYG_054-50b
056.md	803	KR4h0160_WYG_054-51a
056.md	811	KR4h0160_WYG_054-51b
056.md	819	KR4h0160_WYG_054-52a
056.md	827	KR4h0160_WYG_054-52b
056.md	835	KR4h0160_WYG_054-53a
056.md	843	KR4h0160_WYG_054-53b
056.md	851	KR4h0160_WYG_054-54a
056.md	859	KR4h0160_WYG_054-54b
056.md	867	KR4h0160_WYG_054-55a
056.md	875	KR4h0160_WYG_054-55b
056.md	883	KR4h0160_WYG_054-56a
056.md	891	KR4h0160_WYG_054-56b
056.md	899	KR4h0160_WYG_054-57a
056.md	907	KR4h0160_WYG_054-57b
056.md	915	KR4h0160_WYG_054-58a
056.md	923	KR4h0160_WYG_054-58b
056.md	931	KR4h0160_WYG_054-59a
056.md	939	KR4h0160_WYG_054-59b
056.md	947	KR4h0160_WYG_054-60a
056.md	955	KR4h0160_WYG_054-60b
056.md	963	KR4h0160_WYG_054-61a
056.md	971	KR4h0160_WYG_054-61b
056.md	979	KR4h0160_WYG_054-62a
056.md	987	KR4h0160_WYG_054-62b
056.md	995	KR4h0160_WYG_054-63a
056.md	1003	KR4h0160_WYG_054-63b
056.md	1011	KR4h0160_WYG_054-64a
056.md	1019	KR4h0160_WYG_054-64b
056.md	1027	KR4h0160_WYG_054-65a
056.md	1035	KR4h0160_WYG_054-65b
056.md	1043	KR4h0160_WYG_054-66a
056.md	1051	KR4h0160_WYG_054-66b
056.md	1059	KR4h0160_WYG_054-67a
056.md	1067	KR4h0160_WYG_054-67b
056.md	1075	KR4h0160_WYG_054-68a
056.md	1083	KR4h0160_WYG_054-68b
056.md	1091	KR4h0160_WYG_054-69a
056.md	1099	KR4h0160_WYG_054-69b
057.md	3	KR4h0160_WYG_055-1a
057.md	11	KR4h0160_WYG_055-1b
057.md	19	KR4h0160_WYG_055-2a
057.md	27	KR4h0160_WYG_055-2b
057.md	35	KR4h0160_WYG_055-3a
057.md	43	KR4h0160_WYG_055-3b
057.md	51	KR4h0160_WYG_055-4a
057.md	59	KR4h0160_WYG_055-4b
057.md	67	KR4h0160_WYG_055-5a
057.md	75	KR4h0160_WYG_055-5b
057.md	83	KR4h0160_WYG_055-6a
057.md	91	KR4h0160_WYG_055-6b
057.md	99	KR4h0160_WYG_055-7a
057.md	107	KR4h0160_WYG_055-7b
057.md	115	KR4h0160_WYG_055-8a
057.md	123	KR4h0160_WYG_055-8b
057.md	131	KR4h0160_WYG_055-9a
057.md	139	KR4h0160_WYG_055-9b
057.md	147	KR4h0160_WYG_055-10a
057.md	155	KR4h0160_WYG_055-10b
057.md	163	KR4h0160_WYG_055-11a
057.md	171	KR4h0160_WYG_055-11b
057.md	179	KR4h0160_WYG_055-12a
057.md	187	KR4h0160_WYG_055-12b
057.md	195	KR4h0160_WYG_055-13a
057.md	203	KR4h0160_WYG_055-13b
057.md	211	KR4h0160_WYG_055-14a
057.md	219	KR4h0160_WYG_055-14b
057.md	227	KR4h0160_WYG_055-15a
057.md	235	KR4h0160_WYG_055-15b
057.md	243	KR4h0160_WYG_055-16a
057.md	251	KR4h0160_WYG_055-16b
057.md	259	KR4h0160_WYG_055-17a
057.md	267	KR4h0160_WYG_055-17b
057.md	275	KR4h0160_WYG_055-18a
057.md	283	KR4h0160_WYG_055-18b
057.md	291	KR4h0160_WYG_055-19a
057.md	299	KR4h0160_WYG_055-19b
057.md	307	KR4h0160_WYG_055-20a
057.md	315	KR4h0160_WYG_055-20b
057.md	323	KR4h0160_WYG_055-21a
057.md	331	KR4h0160_WYG_055-21b
057.md	339	KR4h0160_WYG_055-22a
057.md	347	KR4h0160_WYG_055-22b
057.md	355	KR4h0160_WYG_055-23a
057.md	363	KR4h0160_WYG_055-23b
057.md	371	KR4h0160_WYG_055-24a
057.md	379	KR4h0160_WYG_055-24b
057.md	387	KR4h0160_WYG_055-25a
057.md	395	KR4h0160_WYG_055-25b
057.md	403	KR4h0160_WYG_055-26a
057.md	411	KR4h0160_WYG_055-26b
057.md	419	KR4h0160_WYG_055-27a
057.md	427	KR4h0160_WYG_055-27b
057.md	435	KR4h0160_WYG_055-28a
057.md	443	KR4h0160_WYG_055-28b
057.md	451	KR4h0160_WYG_055-29a
057.md	459	KR4h0160_WYG_055-29b
057.md	467	KR4h0160_WYG_055-30a
057.md	475	KR4h0160_WYG_055-30b
057.md	483	KR4h0160_WYG_055-31a
057.md	491	KR4h0160_WYG_055-31b
057.md	499	KR4h0160_WYG_055-32a
057.md	507	KR4h0160_WYG_055-32b
057.md	515	KR4h0160_WYG_055-33a
057.md	523	KR4h0160_WYG_055-33b
057.md	531	KR4h0160_WYG_055-34a
057.md	539	KR4h0160_WYG_055-34b
057.md	547	KR4h0160_WYG_055-35a
057.md	555	KR4h0160_WYG_055-35b
057.md	563	KR4h0160_WYG_055-36a
057.md	571	KR4h0160_WYG_055-36b
057.md	579	KR4h0160_WYG_055-37a
057.md	587	KR4h0160_WYG_055-37b
057.md	595	KR4h0160_WYG_055-38a
057.md	603	KR4h0160_WYG_055-38b
057.md	611	KR4h0160_WYG_055-39a
057.md	619	KR4h0160_WYG_055-39b
057.md	627	KR4h0160_WYG_055-40a
057.md	635	KR4h0160_WYG_055-40b
057.md	643	KR4h0160_WYG_055-41a
057.md	651	KR4h0160_WYG_055-41b
057.md	659	KR4h0160_WYG_055-42a
057.md	667	KR4h0160_WYG_055-42b
057.md	675	KR4h0160_WYG_055-43a
057.md	683	KR4h0160_WYG_055-43b
057.md	691	KR4h0160_WYG_055-44a
057.md	699	KR4h0160_WYG_055-44b
058.md	3	KR4h0160_WYG_056-1a
058.md	11	KR4h0160_WYG_056-1b
058.md	19	KR4h0160_WYG_056-2a
058.md	27	KR4h0160_WYG_056-2b
058.md	35	KR4h0160_WYG_056-3a
058.md	43	KR4h0160_WYG_056-3b
058.md	51	KR4h0160_WYG_056-4a
058.md	59	KR4h0160_WYG_056-4b
058.md	67	KR4h0160_WYG_056-5a
058.md	75	KR4h0160_WYG_056-5b
058.md	83	KR4h0160_WYG_056-6a
058.md	91	KR4h0160_WYG_056-6b
058.md	99	KR4h0160_WYG_056-7a
058.md	107	KR4h0160_WYG_056-7b
058.md	115	KR4h0160_WYG_056-8a
058.md	123	KR4h0160_WYG_056-8b
058.md	131	KR4h0160_WYG_056-9a
058.md	139	KR4h0160_WYG_056-9b
058.md	147	KR4h0160_WYG_056-10a
058.md	155	KR4h0160_WYG_056-10b
058.md	163	KR4h0160_WYG_056-11a
058.md	171	KR4h0160_WYG_056-11b
058.md	179	KR4h0160_WYG_056-12a
058.md	187	KR4h0160_WYG_056-12b
058.md	195	KR4h0160_WYG_056-13a
058.md	203	KR4h0160_WYG_056-13b
058.md	211	KR4h0160_WYG_056-14a
058.md	219	KR4h0160_WYG_056-14b
058.md	227	KR4h0160_WYG_056-15a
058.md	235	KR4h0160_WYG_056-15b
058.md	243	KR4h0160_WYG_056-16a
058.md	251	KR4h0160_WYG_056-16b
058.md	259	KR4h0160_WYG_056-17a
058.md	267	KR4h0160_WYG_056-17b
058.md	275	KR4h0160_WYG_056-18a
058.md	283	KR4h0160_WYG_056-18b
058.md	291	KR4h0160_WYG_056-19a
058.md	299	KR4h0160_WYG_056-19b
058.md	307	KR4h0160_WYG_056-20a
058.md	315	KR4h0160_WYG_056-20b
058.md	323	KR4h0160_WYG_056-21a
058.md	331	KR4h0160_WYG_056-21b
058.md	339	KR4h0160_WYG_056-22a
058.md	347	KR4h0160_WYG_056-22b
058.md	355	KR4h0160_WYG_056-23a
058.md	363	KR4h0160_WYG_056-23b
058.md	371	KR4h0160_WYG_056-24a
058.md	379	KR4h0160_WYG_056-24b
058.md	387	KR4h0160_WYG_056-25a
058.md	395	KR4h0160_WYG_056-25b
058.md	403	KR4h0160_WYG_056-26a
058.md	411	KR4h0160_WYG_056-26b
058.md	419	KR4h0160_WYG_056-27a
058.md	427	KR4h0160_WYG_056-27b
058.md	435	KR4h0160_WYG_056-28a
058.md	443	KR4h0160_WYG_056-28b
058.md	451	KR4h0160_WYG_056-29a
058.md	459	KR4h0160_WYG_056-29b
058.md	467	KR4h0160_WYG_056-30a
058.md	475	KR4h0160_WYG_056-30b
058.md	483	KR4h0160_WYG_056-31a
058.md	491	KR4h0160_WYG_056-31b
058.md	499	KR4h0160_WYG_056-32a
058.md	507	KR4h0160_WYG_056-32b
058.md	515	KR4h0160_WYG_056-33a
058.md	523	KR4h0160_WYG_056-33b
058.md	531	KR4h0160_WYG_056-34a
058.md	539	KR4h0160_WYG_056-34b
058.md	547	KR4h0160_WYG_056-35a
058.md	555	KR4h0160_WYG_056-35b
058.md	563	KR4h0160_WYG_056-36a
058.md	571	KR4h0160_WYG_056-36b
058.md	579	KR4h0160_WYG_056-37a
058.md	587	KR4h0160_WYG_056-37b
058.md	595	KR4h0160_WYG_056-38a
058.md	603	KR4h0160_WYG_056-38b
058.md	611	KR4h0160_WYG_056-39a
058.md	619	KR4h0160_WYG_056-39b
058.md	627	KR4h0160_WYG_056-40a
058.md	635	KR4h0160_WYG_056-40b
058.md	643	KR4h0160_WYG_056-41a
058.md	651	KR4h0160_WYG_056-41b
058.md	659	KR4h0160_WYG_056-42a
058.md	667	KR4h0160_WYG_056-42b
058.md	675	KR4h0160_WYG_056-43a
058.md	683	KR4h0160_WYG_056-43b
058.md	691	KR4h0160_WYG_056-44a
058.md	699	KR4h0160_WYG_056-44b
058.md	707	KR4h0160_WYG_056-45a
058.md	715	KR4h0160_WYG_056-45b
058.md	723	KR4h0160_WYG_056-46a
058.md	731	KR4h0160_WYG_056-46b
058.md	739	KR4h0160_WYG_056-47a
058.md	747	KR4h0160_WYG_056-47b
058.md	755	KR4h0160_WYG_056-48a
058.md	763	KR4h0160_WYG_056-48b
058.md	771	KR4h0160_WYG_056-49a
058.md	779	KR4h0160_WYG_056-49b
058.md	787	KR4h0160_WYG_056-50a
058.md	795	KR4h0160_WYG_056-50b
058.md	803	KR4h0160_WYG_056-51a
058.md	811	KR4h0160_WYG_056-51b
058.md	819	KR4h0160_WYG_056-52a
058.md	827	KR4h0160_WYG_056-52b
058.md	835	KR4h0160_WYG_056-53a
058.md	843	KR4h0160_WYG_056-53b
058.md	851	KR4h0160_WYG_056-54a
058.md	859	KR4h0160_WYG_056-54b
058.md	867	KR4h0160_WYG_056-55a
058.md	875	KR4h0160_WYG_056-55b
058.md	883	KR4h0160_WYG_056-56a
058.md	891	KR4h0160_WYG_056-56b
058.md	899	KR4h0160_WYG_056-57a
058.md	907	KR4h0160_WYG_056-57b
058.md	915	KR4h0160_WYG_056-58a
058.md	923	KR4h0160_WYG_056-58b
059.md	3	KR4h0160_WYG_057-1a
059.md	11	KR4h0160_WYG_057-1b
059.md	19	KR4h0160_WYG_057-2a
059.md	27	KR4h0160_WYG_057-2b
059.md	35	KR4h0160_WYG_057-3a
059.md	43	KR4h0160_WYG_057-3b
059.md	51	KR4h0160_WYG_057-4a
059.md	59	KR4h0160_WYG_057-4b
059.md	67	KR4h0160_WYG_057-5a
059.md	75	KR4h0160_WYG_057-5b
059.md	83	KR4h0160_WYG_057-6a
059.md	91	KR4h0160_WYG_057-6b
059.md	99	KR4h0160_WYG_057-7a
059.md	107	KR4h0160_WYG_057-7b
059.md	115	KR4h0160_WYG_057-8a
059.md	123	KR4h0160_WYG_057-8b
059.md	131	KR4h0160_WYG_057-9a
059.md	139	KR4h0160_WYG_057-9b
059.md	147	KR4h0160_WYG_057-10a
059.md	155	KR4h0160_WYG_057-10b
059.md	163	KR4h0160_WYG_057-11a
059.md	171	KR4h0160_WYG_057-11b
059.md	179	KR4h0160_WYG_057-12a
059.md	187	KR4h0160_WYG_057-12b
059.md	195	KR4h0160_WYG_057-13a
059.md	203	KR4h0160_WYG_057-13b
059.md	211	KR4h0160_WYG_057-14a
059.md	219	KR4h0160_WYG_057-14b
059.md	227	KR4h0160_WYG_057-15a
059.md	235	KR4h0160_WYG_057-15b
059.md	243	KR4h0160_WYG_057-16a
059.md	251	KR4h0160_WYG_057-16b
059.md	259	KR4h0160_WYG_057-17a
059.md	267	KR4h0160_WYG_057-17b
059.md	275	KR4h0160_WYG_057-18a
059.md	283	KR4h0160_WYG_057-18b
059.md	291	KR4h0160_WYG_057-19a
059.md	299	KR4h0160_WYG_057-19b
059.md	307	KR4h0160_WYG_057-20a
059.md	315	KR4h0160_WYG_057-20b
059.md	323	KR4h0160_WYG_057-21a
059.md	331	KR4h0160_WYG_057-21b
059.md	339	KR4h0160_WYG_057-22a
059.md	347	KR4h0160_WYG_057-22b
059.md	355	KR4h0160_WYG_057-23a
059.md	363	KR4h0160_WYG_057-23b
059.md	371	KR4h0160_WYG_057-24a
059.md	379	KR4h0160_WYG_057-24b
059.md	387	KR4h0160_WYG_057-25a
059.md	395	KR4h0160_WYG_057-25b
059.md	403	KR4h0160_WYG_057-26a
059.md	411	KR4h0160_WYG_057-26b
059.md	419	KR4h0160_WYG_057-27a
059.md	427	KR4h0160_WYG_057-27b
059.md	435	KR4h0160_WYG_057-28a
059.md	443	KR4h0160_WYG_057-28b
059.md	451	KR4h0160_WYG_057-29a
059.md	459	KR4h0160_WYG_057-29b
059.md	467	KR4h0160_WYG_057-30a
059.md	475	KR4h0160_WYG_057-30b
059.md	483	KR4h0160_WYG_057-31a
059.md	491	KR4h0160_WYG_057-31b
059.md	499	KR4h0160_WYG_057-32a
059.md	507	KR4h0160_WYG_057-32b
059.md	515	KR4h0160_WYG_057-33a
059.md	523	KR4h0160_WYG_057-33b
059.md	531	KR4h0160_WYG_057-34a
059.md	539	KR4h0160_WYG_057-34b
059.md	547	KR4h0160_WYG_057-35a
059.md	555	KR4h0160_WYG_057-35b
059.md	563	KR4h0160_WYG_057-36a
059.md	571	KR4h0160_WYG_057-36b
059.md	579	KR4h0160_WYG_057-37a
059.md	587	KR4h0160_WYG_057-37b
059.md	595	KR4h0160_WYG_057-38a
059.md	603	KR4h0160_WYG_057-38b
059.md	611	KR4h0160_WYG_057-39a
059.md	619	KR4h0160_WYG_057-39b
059.md	627	KR4h0160_WYG_057-40a
059.md	635	KR4h0160_WYG_057-40b
059.md	643	KR4h0160_WYG_057-41a
059.md	651	KR4h0160_WYG_057-41b
059.md	659	KR4h0160_WYG_057-42a
059.md	667	KR4h0160_WYG_057-42b
060.md	3	KR4h0160_WYG_058-1a
060.md	11	KR4h0160_WYG_058-1b
060.md	19	KR4h0160_WYG_058-2a
060.md	27	KR4h0160_WYG_058-2b
060.md	35	KR4h0160_WYG_058-3a
060.md	43	KR4h0160_WYG_058-3b
060.md	51	KR4h0160_WYG_058-4a
060.md	59	KR4h0160_WYG_058-4b
060.md	67	KR4h0160_WYG_058-5a
060.md	75	KR4h0160_WYG_058-5b
060.md	83	KR4h0160_WYG_058-6a
060.md	91	KR4h0160_WYG_058-6b
060.md	99	KR4h0160_WYG_058-7a
060.md	107	KR4h0160_WYG_058-7b
060.md	115	KR4h0160_WYG_058-8a
060.md	123	KR4h0160_WYG_058-8b
060.md	131	KR4h0160_WYG_058-9a
060.md	139	KR4h0160_WYG_058-9b
060.md	147	KR4h0160_WYG_058-10a
060.md	155	KR4h0160_WYG_058-10b
060.md	163	KR4h0160_WYG_058-11a
060.md	171	KR4h0160_WYG_058-11b
060.md	179	KR4h0160_WYG_058-12a
060.md	187	KR4h0160_WYG_058-12b
060.md	195	KR4h0160_WYG_058-13a
060.md	203	KR4h0160_WYG_058-13b
060.md	211	KR4h0160_WYG_058-14a
060.md	219	KR4h0160_WYG_058-14b
060.md	227	KR4h0160_WYG_058-15a
060.md	235	KR4h0160_WYG_058-15b
060.md	243	KR4h0160_WYG_058-16a
060.md	251	KR4h0160_WYG_058-16b
060.md	259	KR4h0160_WYG_058-17a
060.md	267	KR4h0160_WYG_058-17b
060.md	275	KR4h0160_WYG_058-18a
060.md	283	KR4h0160_WYG_058-18b
060.md	291	KR4h0160_WYG_058-19a
060.md	299	KR4h0160_WYG_058-19b
060.md	307	KR4h0160_WYG_058-20a
060.md	315	KR4h0160_WYG_058-20b
060.md	323	KR4h0160_WYG_058-21a
060.md	331	KR4h0160_WYG_058-21b
060.md	339	KR4h0160_WYG_058-22a
060.md	347	KR4h0160_WYG_058-22b
060.md	355	KR4h0160_WYG_058-23a
060.md	363	KR4h0160_WYG_058-23b
060.md	371	KR4h0160_WYG_058-24a
060.md	379	KR4h0160_WYG_058-24b
060.md	387	KR4h0160_WYG_058-25a
060.md	395	KR4h0160_WYG_058-25b
060.md	403	KR4h0160_WYG_058-26a
060.md	411	KR4h0160_WYG_058-26b
060.md	419	KR4h0160_WYG_058-27a
060.md	427	KR4h0160_WYG_058-27b
060.md	435	KR4h0160_WYG_058-28a
060.md	443	KR4h0160_WYG_058-28b
060.md	451	KR4h0160_WYG_058-29a
060.md	459	KR4h0160_WYG_058-29b
060.md	467	KR4h0160_WYG_058-30a
060.md	475	KR4h0160_WYG_058-30b
060.md	483	KR4h0160_WYG_058-31a
060.md	491	KR4h0160_WYG_058-31b
060.md	499	KR4h0160_WYG_058-32a
060.md	507	KR4h0160_WYG_058-32b
060.md	515	KR4h0160_WYG_058-33a
060.md	523	KR4h0160_WYG_058-33b
060.md	531	KR4h0160_WYG_058-34a
060.md	539	KR4h0160_WYG_058-34b
060.md	547	KR4h0160_WYG_058-35a
060.md	555	KR4h0160_WYG_058-35b
060.md	563	KR4h0160_WYG_058-36a
060.md	571	KR4h0160_WYG_058-36b
060.md	579	KR4h0160_WYG_058-37a
060.md	587	KR4h0160_WYG_058-37b
060.md	595	KR4h0160_WYG_058-38a
060.md	603	KR4h0160_WYG_058-38b
060.md	611	KR4h0160_WYG_058-39a
060.md	619	KR4h0160_WYG_058-39b
060.md	627	KR4h0160_WYG_058-40a
060.md	635	KR4h0160_WYG_058-40b
060.md	643	KR4h0160_WYG_058-41a
060.md	651	KR4h0160_WYG_058-41b
060.md	659	KR4h0160_WYG_058-42a
060.md	667	KR4h0160_WYG_058-42b
060.md	675	KR4h0160_WYG_058-43a
060.md	683	KR4h0160_WYG_058-43b
060.md	691	KR4h0160_WYG_058-44a
060.md	699	KR4h0160_WYG_058-44b
060.md	707	KR4h0160_WYG_058-45a
060.md	715	KR4h0160_WYG_058-45b
061.md	3	KR4h0160_WYG_059-1a
061.md	11	KR4h0160_WYG_059-1b
061.md	19	KR4h0160_WYG_059-2a
061.md	27	KR4h0160_WYG_059-2b
061.md	35	KR4h0160_WYG_059-3a
061.md	43	KR4h0160_WYG_059-3b
061.md	51	KR4h0160_WYG_059-4a
061.md	59	KR4h0160_WYG_059-4b
061.md	67	KR4h0160_WYG_059-5a
061.md	75	KR4h0160_WYG_059-5b
061.md	83	KR4h0160_WYG_059-6a
061.md	91	KR4h0160_WYG_059-6b
061.md	99	KR4h0160_WYG_059-7a
061.md	107	KR4h0160_WYG_059-7b
061.md	115	KR4h0160_WYG_059-8a
061.md	123	KR4h0160_WYG_059-8b
061.md	131	KR4h0160_WYG_059-9a
061.md	139	KR4h0160_WYG_059-9b
061.md	147	KR4h0160_WYG_059-10a
061.md	155	KR4h0160_WYG_059-10b
061.md	163	KR4h0160_WYG_059-11a
061.md	171	KR4h0160_WYG_059-11b
061.md	179	KR4h0160_WYG_059-12a
061.md	187	KR4h0160_WYG_059-12b
061.md	195	KR4h0160_WYG_059-13a
061.md	203	KR4h0160_WYG_059-13b
061.md	211	KR4h0160_WYG_059-14a
061.md	219	KR4h0160_WYG_059-14b
061.md	227	KR4h0160_WYG_059-15a
061.md	235	KR4h0160_WYG_059-15b
061.md	243	KR4h0160_WYG_059-16a
061.md	251	KR4h0160_WYG_059-16b
061.md	259	KR4h0160_WYG_059-17a
061.md	267	KR4h0160_WYG_059-17b
061.md	275	KR4h0160_WYG_059-18a
061.md	283	KR4h0160_WYG_059-18b
061.md	291	KR4h0160_WYG_059-19a
061.md	299	KR4h0160_WYG_059-19b
061.md	307	KR4h0160_WYG_059-20a
061.md	315	KR4h0160_WYG_059-20b
061.md	323	KR4h0160_WYG_059-21a
061.md	331	KR4h0160_WYG_059-21b
061.md	339	KR4h0160_WYG_059-22a
061.md	347	KR4h0160_WYG_059-22b
061.md	355	KR4h0160_WYG_059-23a
061.md	363	KR4h0160_WYG_059-23b
061.md	371	KR4h0160_WYG_059-24a
061.md	379	KR4h0160_WYG_059-24b
061.md	387	KR4h0160_WYG_059-25a
061.md	395	KR4h0160_WYG_059-25b
061.md	403	KR4h0160_WYG_059-26a
061.md	411	KR4h0160_WYG_059-26b
061.md	419	KR4h0160_WYG_059-27a
061.md	427	KR4h0160_WYG_059-27b
061.md	435	KR4h0160_WYG_059-28a
061.md	443	KR4h0160_WYG_059-28b
061.md	451	KR4h0160_WYG_059-29a
061.md	459	KR4h0160_WYG_059-29b
061.md	467	KR4h0160_WYG_059-30a
061.md	475	KR4h0160_WYG_059-30b
061.md	483	KR4h0160_WYG_059-31a
061.md	491	KR4h0160_WYG_059-31b
061.md	499	KR4h0160_WYG_059-32a
061.md	507	KR4h0160_WYG_059-32b
061.md	515	KR4h0160_WYG_059-33a
061.md	523	KR4h0160_WYG_059-33b
061.md	531	KR4h0160_WYG_059-34a
061.md	539	KR4h0160_WYG_059-34b
061.md	547	KR4h0160_WYG_059-35a
061.md	555	KR4h0160_WYG_059-35b
061.md	563	KR4h0160_WYG_059-36a
061.md	571	KR4h0160_WYG_059-36b
061.md	579	KR4h0160_WYG_059-37a
061.md	587	KR4h0160_WYG_059-37b
061.md	595	KR4h0160_WYG_059-38a
061.md	603	KR4h0160_WYG_059-38b
061.md	611	KR4h0160_WYG_059-39a
061.md	619	KR4h0160_WYG_059-39b
061.md	627	KR4h0160_WYG_059-40a
061.md	635	KR4h0160_WYG_059-40b
061.md	643	KR4h0160_WYG_059-41a
061.md	651	KR4h0160_WYG_059-41b
061.md	659	KR4h0160_WYG_059-42a
061.md	667	KR4h0160_WYG_059-42b
061.md	675	KR4h0160_WYG_059-43a
061.md	683	KR4h0160_WYG_059-43b
061.md	691	KR4h0160_WYG_059-44a
061.md	699	KR4h0160_WYG_059-44b
061.md	707	KR4h0160_WYG_059-45a
061.md	715	KR4h0160_WYG_059-45b
061.md	723	KR4h0160_WYG_059-46a
061.md	731	KR4h0160_WYG_059-46b
061.md	739	KR4h0160_WYG_059-47a
061.md	747	KR4h0160_WYG_059-47b
061.md	755	KR4h0160_WYG_059-48a
061.md	763	KR4h0160_WYG_059-48b
061.md	771	KR4h0160_WYG_059-49a
061.md	779	KR4h0160_WYG_059-49b
061.md	787	KR4h0160_WYG_059-50a
061.md	795	KR4h0160_WYG_059-50b
061.md	803	KR4h0160_WYG_059-51a
061.md	811	KR4h0160_WYG_059-51b
061.md	819	KR4h0160_WYG_059-52a
061.md	827	KR4h0160_WYG_059-52b
061.md	835	KR4h0160_WYG_059-53a
061.md	843	KR4h0160_WYG_059-53b
061.md	851	KR4h0160_WYG_059-54a
061.md	859	KR4h0160_WYG_059-54b
062.md	3	KR4h0160_WYG_060-1a
062.md	11	KR4h0160_WYG_060-1b
062.md	19	KR4h0160_WYG_060-2a
062.md	27	KR4h0160_WYG_060-2b
062.md	35	KR4h0160_WYG_060-3a
062.md	43	KR4h0160_WYG_060-3b
062.md	51	KR4h0160_WYG_060-4a
062.md	59	KR4h0160_WYG_060-4b
062.md	67	KR4h0160_WYG_060-5a
062.md	75	KR4h0160_WYG_060-5b
062.md	83	KR4h0160_WYG_060-6a
062.md	91	KR4h0160_WYG_060-6b
062.md	99	KR4h0160_WYG_060-7a
062.md	107	KR4h0160_WYG_060-7b
062.md	115	KR4h0160_WYG_060-8a
062.md	123	KR4h0160_WYG_060-8b
062.md	131	KR4h0160_WYG_060-9a
062.md	139	KR4h0160_WYG_060-9b
062.md	147	KR4h0160_WYG_060-10a
062.md	155	KR4h0160_WYG_060-10b
062.md	163	KR4h0160_WYG_060-11a
062.md	171	KR4h0160_WYG_060-11b
062.md	179	KR4h0160_WYG_060-12a
062.md	187	KR4h0160_WYG_060-12b
062.md	195	KR4h0160_WYG_060-13a
062.md	203	KR4h0160_WYG_060-13b
062.md	211	KR4h0160_WYG_060-14a
062.md	219	KR4h0160_WYG_060-14b
062.md	227	KR4h0160_WYG_060-15a
062.md	235	KR4h0160_WYG_060-15b
062.md	243	KR4h0160_WYG_060-16a
062.md	251	KR4h0160_WYG_060-16b
062.md	259	KR4h0160_WYG_060-17a
062.md	267	KR4h0160_WYG_060-17b
062.md	275	KR4h0160_WYG_060-18a
062.md	283	KR4h0160_WYG_060-18b
062.md	291	KR4h0160_WYG_060-19a
062.md	299	KR4h0160_WYG_060-19b
062.md	307	KR4h0160_WYG_060-20a
062.md	315	KR4h0160_WYG_060-20b
062.md	323	KR4h0160_WYG_060-21a
062.md	331	KR4h0160_WYG_060-21b
062.md	339	KR4h0160_WYG_060-22a
062.md	347	KR4h0160_WYG_060-22b
062.md	355	KR4h0160_WYG_060-23a
062.md	363	KR4h0160_WYG_060-23b
062.md	371	KR4h0160_WYG_060-24a
062.md	379	KR4h0160_WYG_060-24b
062.md	387	KR4h0160_WYG_060-25a
062.md	395	KR4h0160_WYG_060-25b
062.md	403	KR4h0160_WYG_060-26a
062.md	411	KR4h0160_WYG_060-26b
063.md	3	KR4h0160_WYG_061-1a
063.md	11	KR4h0160_WYG_061-1b
063.md	19	KR4h0160_WYG_061-2a
063.md	27	KR4h0160_WYG_061-2b
063.md	35	KR4h0160_WYG_061-3a
063.md	43	KR4h0160_WYG_061-3b
063.md	51	KR4h0160_WYG_061-4a
063.md	59	KR4h0160_WYG_061-4b
063.md	67	KR4h0160_WYG_061-5a
063.md	75	KR4h0160_WYG_061-5b
063.md	83	KR4h0160_WYG_061-6a
063.md	91	KR4h0160_WYG_061-6b
063.md	99	KR4h0160_WYG_061-7a
063.md	107	KR4h0160_WYG_061-7b
063.md	115	KR4h0160_WYG_061-8a
063.md	123	KR4h0160_WYG_061-8b
063.md	131	KR4h0160_WYG_061-9a
063.md	139	KR4h0160_WYG_061-9b
063.md	147	KR4h0160_WYG_061-10a
063.md	155	KR4h0160_WYG_061-10b
063.md	163	KR4h0160_WYG_061-11a
063.md	171	KR4h0160_WYG_061-11b
063.md	179	KR4h0160_WYG_061-12a
063.md	187	KR4h0160_WYG_061-12b
063.md	195	KR4h0160_WYG_061-13a
063.md	203	KR4h0160_WYG_061-13b
063.md	211	KR4h0160_WYG_061-14a
063.md	219	KR4h0160_WYG_061-14b
063.md	227	KR4h0160_WYG_061-15a
063.md	235	KR4h0160_WYG_061-15b
063.md	243	KR4h0160_WYG_061-16a
063.md	251	KR4h0160_WYG_061-16b
063.md	259	KR4h0160_WYG_061-17a
063.md	267	KR4h0160_WYG_061-17b
063.md	275	KR4h0160_WYG_061-18a
063.md	283	KR4h0160_WYG_061-18b
063.md	291	KR4h0160_WYG_061-19a
063.md	299	KR4h0160_WYG_061-19b
063.md	307	KR4h0160_WYG_061-20a
063.md	315	KR4h0160_WYG_061-20b
063.md	323	KR4h0160_WYG_061-21a
063.md	331	KR4h0160_WYG_061-21b
063.md	339	KR4h0160_WYG_061-22a
063.md	347	KR4h0160_WYG_061-22b
063.md	355	KR4h0160_WYG_061-23a
063.md	363	KR4h0160_WYG_061-23b
063.md	371	KR4h0160_WYG_061-24a
063.md	379	KR4h0160_WYG_061-24b
063.md	387	KR4h0160_WYG_061-25a
063.md	395	KR4h0160_WYG_061-25b
063.md	403	KR4h0160_WYG_061-26a
063.md	411	KR4h0160_WYG_061-26b
063.md	419	KR4h0160_WYG_061-27a
063.md	427	KR4h0160_WYG_061-27b
063.md	435	KR4h0160_WYG_061-28a
063.md	443	KR4h0160_WYG_061-28b
063.md	451	KR4h0160_WYG_061-29a
063.md	459	KR4h0160_WYG_061-29b
063.md	467	KR4h0160_WYG_061-30a
063.md	475	KR4h0160_WYG_061-30b
063.md	483	KR4h0160_WYG_061-31a
063.md	491	KR4h0160_WYG_061-31b
063.md	499	KR4h0160_WYG_061-32a
063.md	507	KR4h0160_WYG_061-32b
063.md	515	KR4h0160_WYG_061-33a
063.md	523	KR4h0160_WYG_061-33b
063.md	531	KR4h0160_WYG_061-34a
063.md	539	KR4h0160_WYG_061-34b
063.md	547	KR4h0160_WYG_061-35a
063.md	555	KR4h0160_WYG_061-35b
063.md	563	KR4h0160_WYG_061-36a
063.md	571	KR4h0160_WYG_061-36b
063.md	579	KR4h0160_WYG_061-37a
063.md	587	KR4h0160_WYG_061-37b
063.md	595	KR4h0160_WYG_061-38a
063.md	603	KR4h0160_WYG_061-38b
063.md	611	KR4h0160_WYG_061-39a
063.md	619	KR4h0160_WYG_061-39b
063.md	627	KR4h0160_WYG_061-40a
063.md	635	KR4h0160_WYG_061-40b
063.md	643	KR4h0160_WYG_061-41a
063.md	651	KR4h0160_WYG_061-41b
063.md	659	KR4h0160_WYG_061-42a
063.md	667	KR4h0160_WYG_061-42b
063.md	675	KR4h0160_WYG_061-43a
063.md	683	KR4h0160_WYG_061-43b
063.md	691	KR4h0160_WYG_061-44a
063.md	699	KR4h0160_WYG_061-44b
063.md	707	KR4h0160_WYG_061-45a
063.md	715	KR4h0160_WYG_061-45b
063.md	723	KR4h0160_WYG_061-46a
063.md	731	KR4h0160_WYG_061-46b
063.md	739	KR4h0160_WYG_061-47a
063.md	747	KR4h0160_WYG_061-47b
063.md	755	KR4h0160_WYG_061-48a
063.md	763	KR4h0160_WYG_061-48b
063.md	771	KR4h0160_WYG_061-49a
063.md	779	KR4h0160_WYG_061-49b
063.md	787	KR4h0160_WYG_061-50a
063.md	795	KR4h0160_WYG_061-50b
063.md	803	KR4h0160_WYG_061-51a
063.md	811	KR4h0160_WYG_061-51b
063.md	819	KR4h0160_WYG_061-52a
063.md	827	KR4h0160_WYG_061-52b
063.md	835	KR4h0160_WYG_061-53a
063.md	843	KR4h0160_WYG_061-53b
063.md	851	KR4h0160_WYG_061-54a
063.md	859	KR4h0160_WYG_061-54b
063.md	867	KR4h0160_WYG_061-55a
063.md	875	KR4h0160_WYG_061-55b
063.md	883	KR4h0160_WYG_061-56a
063.md	891	KR4h0160_WYG_061-56b
063.md	899	KR4h0160_WYG_061-57a
063.md	907	KR4h0160_WYG_061-57b
063.md	915	KR4h0160_WYG_061-58a
063.md	923	KR4h0160_WYG_061-58b
063.md	931	KR4h0160_WYG_061-59a
063.md	939	KR4h0160_WYG_061-59b
063.md	947	KR4h0160_WYG_061-60a
063.md	955	KR4h0160_WYG_061-60b
063.md	963	KR4h0160_WYG_061-61a
063.md	971	KR4h0160_WYG_061-61b
063.md	979	KR4h0160_WYG_061-62a
063.md	987	KR4h0160_WYG_061-62b
063.md	995	KR4h0160_WYG_061-63a
063.md	1003	KR4h0160_WYG_061-63b
063.md	1011	KR4h0160_WYG_061-64a
063.md	1019	KR4h0160_WYG_061-64b
063.md	1027	KR4h0160_WYG_061-65a
063.md	1035	KR4h0160_WYG_061-65b
063.md	1043	KR4h0160_WYG_061-66a
063.md	1051	KR4h0160_WYG_061-66b
063.md	1059	KR4h0160_WYG_061-67a
063.md	1067	KR4h0160_WYG_061-67b
063.md	1075	KR4h0160_WYG_061-68a
063.md	1083	KR4h0160_WYG_061-68b
063.md	1091	KR4h0160_WYG_061-69a
063.md	1099	KR4h0160_WYG_061-69b
063.md	1107	KR4h0160_WYG_061-70a
063.md	1115	KR4h0160_WYG_061-70b
063.md	1123	KR4h0160_WYG_061-71a
063.md	1131	KR4h0160_WYG_061-71b
063.md	1139	KR4h0160_WYG_061-72a
063.md	1147	KR4h0160_WYG_061-72b
063.md	1155	KR4h0160_WYG_061-73a
063.md	1163	KR4h0160_WYG_061-73b
063.md	1171	KR4h0160_WYG_061-74a
063.md	1179	KR4h0160_WYG_061-74b
064.md	3	KR4h0160_WYG_062-1a
064.md	11	KR4h0160_WYG_062-1b
064.md	19	KR4h0160_WYG_062-2a
064.md	27	KR4h0160_WYG_062-2b
064.md	35	KR4h0160_WYG_062-3a
064.md	43	KR4h0160_WYG_062-3b
064.md	51	KR4h0160_WYG_062-4a
064.md	59	KR4h0160_WYG_062-4b
064.md	67	KR4h0160_WYG_062-5a
064.md	75	KR4h0160_WYG_062-5b
064.md	83	KR4h0160_WYG_062-6a
064.md	91	KR4h0160_WYG_062-6b
064.md	99	KR4h0160_WYG_062-7a
064.md	107	KR4h0160_WYG_062-7b
064.md	115	KR4h0160_WYG_062-8a
064.md	123	KR4h0160_WYG_062-8b
064.md	131	KR4h0160_WYG_062-9a
064.md	139	KR4h0160_WYG_062-9b
064.md	147	KR4h0160_WYG_062-10a
064.md	155	KR4h0160_WYG_062-10b
064.md	163	KR4h0160_WYG_062-11a
064.md	171	KR4h0160_WYG_062-11b
064.md	179	KR4h0160_WYG_062-12a
064.md	187	KR4h0160_WYG_062-12b
064.md	195	KR4h0160_WYG_062-13a
064.md	203	KR4h0160_WYG_062-13b
064.md	211	KR4h0160_WYG_062-14a
064.md	219	KR4h0160_WYG_062-14b
064.md	227	KR4h0160_WYG_062-15a
064.md	235	KR4h0160_WYG_062-15b
064.md	243	KR4h0160_WYG_062-16a
064.md	251	KR4h0160_WYG_062-16b
064.md	259	KR4h0160_WYG_062-17a
064.md	267	KR4h0160_WYG_062-17b
064.md	275	KR4h0160_WYG_062-18a
064.md	283	KR4h0160_WYG_062-18b
064.md	291	KR4h0160_WYG_062-19a
064.md	299	KR4h0160_WYG_062-19b
064.md	307	KR4h0160_WYG_062-20a
064.md	315	KR4h0160_WYG_062-20b
064.md	323	KR4h0160_WYG_062-21a
064.md	331	KR4h0160_WYG_062-21b
064.md	339	KR4h0160_WYG_062-22a
064.md	347	KR4h0160_WYG_062-22b
064.md	355	KR4h0160_WYG_062-23a
064.md	363	KR4h0160_WYG_062-23b
064.md	371	KR4h0160_WYG_062-24a
064.md	379	KR4h0160_WYG_062-24b
064.md	387	KR4h0160_WYG_062-25a
064.md	395	KR4h0160_WYG_062-25b
064.md	403	KR4h0160_WYG_062-26a
064.md	411	KR4h0160_WYG_062-26b
064.md	419	KR4h0160_WYG_062-27a
064.md	427	KR4h0160_WYG_062-27b
064.md	435	KR4h0160_WYG_062-28a
064.md	443	KR4h0160_WYG_062-28b
064.md	451	KR4h0160_WYG_062-29a
064.md	459	KR4h0160_WYG_062-29b
064.md	467	KR4h0160_WYG_062-30a
064.md	475	KR4h0160_WYG_062-30b
064.md	483	KR4h0160_WYG_062-31a
064.md	491	KR4h0160_WYG_062-31b
064.md	499	KR4h0160_WYG_062-32a
064.md	507	KR4h0160_WYG_062-32b
064.md	515	KR4h0160_WYG_062-33a
064.md	523	KR4h0160_WYG_062-33b
064.md	531	KR4h0160_WYG_062-34a
064.md	539	KR4h0160_WYG_062-34b
064.md	547	KR4h0160_WYG_062-35a
064.md	555	KR4h0160_WYG_062-35b
064.md	563	KR4h0160_WYG_062-36a
064.md	571	KR4h0160_WYG_062-36b
064.md	579	KR4h0160_WYG_062-37a
064.md	587	KR4h0160_WYG_062-37b
064.md	595	KR4h0160_WYG_062-38a
064.md	603	KR4h0160_WYG_062-38b
064.md	611	KR4h0160_WYG_062-39a
064.md	619	KR4h0160_WYG_062-39b
065.md	3	KR4h0160_WYG_063-1a
065.md	11	KR4h0160_WYG_063-1b
065.md	19	KR4h0160_WYG_063-2a
065.md	27	KR4h0160_WYG_063-2b
065.md	35	KR4h0160_WYG_063-3a
065.md	43	KR4h0160_WYG_063-3b
065.md	51	KR4h0160_WYG_063-4a
065.md	59	KR4h0160_WYG_063-4b
065.md	67	KR4h0160_WYG_063-5a
065.md	75	KR4h0160_WYG_063-5b
065.md	83	KR4h0160_WYG_063-6a
065.md	91	KR4h0160_WYG_063-6b
065.md	99	KR4h0160_WYG_063-7a
065.md	107	KR4h0160_WYG_063-7b
065.md	115	KR4h0160_WYG_063-8a
065.md	123	KR4h0160_WYG_063-8b
065.md	131	KR4h0160_WYG_063-9a
065.md	139	KR4h0160_WYG_063-9b
065.md	147	KR4h0160_WYG_063-10a
065.md	155	KR4h0160_WYG_063-10b
065.md	163	KR4h0160_WYG_063-11a
065.md	171	KR4h0160_WYG_063-11b
065.md	179	KR4h0160_WYG_063-12a
065.md	187	KR4h0160_WYG_063-12b
065.md	195	KR4h0160_WYG_063-13a
065.md	203	KR4h0160_WYG_063-13b
065.md	211	KR4h0160_WYG_063-14a
065.md	219	KR4h0160_WYG_063-14b
065.md	227	KR4h0160_WYG_063-15a
065.md	235	KR4h0160_WYG_063-15b
065.md	243	KR4h0160_WYG_063-16a
065.md	251	KR4h0160_WYG_063-16b
065.md	259	KR4h0160_WYG_063-17a
065.md	267	KR4h0160_WYG_063-17b
065.md	275	KR4h0160_WYG_063-18a
065.md	283	KR4h0160_WYG_063-18b
065.md	291	KR4h0160_WYG_063-19a
065.md	299	KR4h0160_WYG_063-19b
065.md	307	KR4h0160_WYG_063-20a
065.md	315	KR4h0160_WYG_063-20b
065.md	323	KR4h0160_WYG_063-21a
065.md	331	KR4h0160_WYG_063-21b
065.md	339	KR4h0160_WYG_063-22a
065.md	347	KR4h0160_WYG_063-22b
065.md	355	KR4h0160_WYG_063-23a
065.md	363	KR4h0160_WYG_063-23b
065.md	371	KR4h0160_WYG_063-24a
065.md	379	KR4h0160_WYG_063-24b
065.md	387	KR4h0160_WYG_063-25a
065.md	395	KR4h0160_WYG_063-25b
065.md	403	KR4h0160_WYG_063-26a
065.md	411	KR4h0160_WYG_063-26b
065.md	419	KR4h0160_WYG_063-27a
065.md	427	KR4h0160_WYG_063-27b
065.md	435	KR4h0160_WYG_063-28a
065.md	443	KR4h0160_WYG_063-28b
065.md	451	KR4h0160_WYG_063-29a
065.md	459	KR4h0160_WYG_063-29b
065.md	467	KR4h0160_WYG_063-30a
065.md	475	KR4h0160_WYG_063-30b
065.md	483	KR4h0160_WYG_063-31a
065.md	491	KR4h0160_WYG_063-31b
065.md	499	KR4h0160_WYG_063-32a
065.md	507	KR4h0160_WYG_063-32b
065.md	515	KR4h0160_WYG_063-33a
065.md	523	KR4h0160_WYG_063-33b
065.md	531	KR4h0160_WYG_063-34a
065.md	539	KR4h0160_WYG_063-34b
065.md	547	KR4h0160_WYG_063-35a
065.md	555	KR4h0160_WYG_063-35b
065.md	563	KR4h0160_WYG_063-36a
065.md	571	KR4h0160_WYG_063-36b
065.md	579	KR4h0160_WYG_063-37a
065.md	587	KR4h0160_WYG_063-37b
065.md	595	KR4h0160_WYG_063-38a
065.md	603	KR4h0160_WYG_063-38b
065.md	611	KR4h0160_WYG_063-39a
065.md	619	KR4h0160_WYG_063-39b
065.md	627	KR4h0160_WYG_063-40a
065.md	635	KR4h0160_WYG_063-40b
065.md	643	KR4h0160_WYG_063-41a
065.md	651	KR4h0160_WYG_063-41b
066.md	3	KR4h0160_WYG_064-1a
066.md	11	KR4h0160_WYG_064-1b
066.md	19	KR4h0160_WYG_064-2a
066.md	27	KR4h0160_WYG_064-2b
066.md	35	KR4h0160_WYG_064-3a
066.md	43	KR4h0160_WYG_064-3b
066.md	51	KR4h0160_WYG_064-4a
066.md	59	KR4h0160_WYG_064-4b
066.md	67	KR4h0160_WYG_064-5a
066.md	75	KR4h0160_WYG_064-5b
066.md	83	KR4h0160_WYG_064-6a
066.md	91	KR4h0160_WYG_064-6b
066.md	99	KR4h0160_WYG_064-7a
066.md	107	KR4h0160_WYG_064-7b
066.md	115	KR4h0160_WYG_064-8a
066.md	123	KR4h0160_WYG_064-8b
066.md	131	KR4h0160_WYG_064-9a
066.md	139	KR4h0160_WYG_064-9b
066.md	147	KR4h0160_WYG_064-10a
066.md	155	KR4h0160_WYG_064-10b
066.md	163	KR4h0160_WYG_064-11a
066.md	171	KR4h0160_WYG_064-11b
066.md	179	KR4h0160_WYG_064-12a
066.md	187	KR4h0160_WYG_064-12b
066.md	195	KR4h0160_WYG_064-13a
066.md	203	KR4h0160_WYG_064-13b
066.md	211	KR4h0160_WYG_064-14a
066.md	219	KR4h0160_WYG_064-14b
066.md	227	KR4h0160_WYG_064-15a
066.md	235	KR4h0160_WYG_064-15b
066.md	243	KR4h0160_WYG_064-16a
066.md	251	KR4h0160_WYG_064-16b
066.md	259	KR4h0160_WYG_064-17a
066.md	267	KR4h0160_WYG_064-17b
066.md	275	KR4h0160_WYG_064-18a
066.md	283	KR4h0160_WYG_064-18b
066.md	291	KR4h0160_WYG_064-19a
066.md	299	KR4h0160_WYG_064-19b
066.md	307	KR4h0160_WYG_064-20a
066.md	315	KR4h0160_WYG_064-20b
066.md	323	KR4h0160_WYG_064-21a
066.md	331	KR4h0160_WYG_064-21b
066.md	339	KR4h0160_WYG_064-22a
066.md	347	KR4h0160_WYG_064-22b
066.md	355	KR4h0160_WYG_064-23a
066.md	363	KR4h0160_WYG_064-23b
066.md	371	KR4h0160_WYG_064-24a
066.md	379	KR4h0160_WYG_064-24b
066.md	387	KR4h0160_WYG_064-25a
066.md	395	KR4h0160_WYG_064-25b
066.md	403	KR4h0160_WYG_064-26a
066.md	411	KR4h0160_WYG_064-26b
066.md	419	KR4h0160_WYG_064-27a
066.md	427	KR4h0160_WYG_064-27b
066.md	435	KR4h0160_WYG_064-28a
066.md	443	KR4h0160_WYG_064-28b
066.md	451	KR4h0160_WYG_064-29a
066.md	459	KR4h0160_WYG_064-29b
066.md	467	KR4h0160_WYG_064-30a
066.md	475	KR4h0160_WYG_064-30b
066.md	483	KR4h0160_WYG_064-31a
066.md	491	KR4h0160_WYG_064-31b
066.md	499	KR4h0160_WYG_064-32a
066.md	507	KR4h0160_WYG_064-32b
066.md	515	KR4h0160_WYG_064-33a
066.md	523	KR4h0160_WYG_064-33b
066.md	531	KR4h0160_WYG_064-34a
066.md	539	KR4h0160_WYG_064-34b
066.md	547	KR4h0160_WYG_064-35a
066.md	555	KR4h0160_WYG_064-35b
066.md	563	KR4h0160_WYG_064-36a
066.md	571	KR4h0160_WYG_064-36b
066.md	579	KR4h0160_WYG_064-37a
066.md	587	KR4h0160_WYG_064-37b
066.md	595	KR4h0160_WYG_064-38a
066.md	603	KR4h0160_WYG_064-38b
066.md	611	KR4h0160_WYG_064-39a
066.md	619	KR4h0160_WYG_064-39b
066.md	627	KR4h0160_WYG_064-40a
066.md	635	KR4h0160_WYG_064-40b
066.md	643	KR4h0160_WYG_064-41a
066.md	651	KR4h0160_WYG_064-41b
066.md	659	KR4h0160_WYG_064-42a
066.md	667	KR4h0160_WYG_064-42b
066.md	675	KR4h0160_WYG_064-43a
066.md	683	KR4h0160_WYG_064-43b
066.md	691	KR4h0160_WYG_064-44a
066.md	699	KR4h0160_WYG_064-44b
066.md	707	KR4h0160_WYG_064-45a
066.md	715	KR4h0160_WYG_064-45b
066.md	723	KR4h0160_WYG_064-46a
066.md	731	KR4h0160_WYG_064-46b
066.md	739	KR4h0160_WYG_064-47a
066.md	747	KR4h0160_WYG_064-47b
066.md	755	KR4h0160_WYG_064-48a
066.md	763	KR4h0160_WYG_064-48b
066.md	771	KR4h0160_WYG_064-49a
066.md	779	KR4h0160_WYG_064-49b
066.md	787	KR4h0160_WYG_064-50a
066.md	795	KR4h0160_WYG_064-50b
066.md	803	KR4h0160_WYG_064-51a
066.md	811	KR4h0160_WYG_064-51b
066.md	819	KR4h0160_WYG_064-52a
066.md	827	KR4h0160_WYG_064-52b
066.md	835	KR4h0160_WYG_064-53a
066.md	843	KR4h0160_WYG_064-53b
066.md	851	KR4h0160_WYG_064-54a
066.md	859	KR4h0160_WYG_064-54b
066.md	867	KR4h0160_WYG_064-55a
066.md	875	KR4h0160_WYG_064-55b
066.md	883	KR4h0160_WYG_064-56a
066.md	891	KR4h0160_WYG_064-56b
066.md	899	KR4h0160_WYG_064-57a
066.md	907	KR4h0160_WYG_064-57b
066.md	915	KR4h0160_WYG_064-58a
066.md	923	KR4h0160_WYG_064-58b
066.md	931	KR4h0160_WYG_064-59a
066.md	939	KR4h0160_WYG_064-59b
067.md	3	KR4h0160_WYG_065-1a
067.md	11	KR4h0160_WYG_065-1b
067.md	19	KR4h0160_WYG_065-2a
067.md	27	KR4h0160_WYG_065-2b
067.md	35	KR4h0160_WYG_065-3a
067.md	43	KR4h0160_WYG_065-3b
067.md	51	KR4h0160_WYG_065-4a
067.md	59	KR4h0160_WYG_065-4b
067.md	67	KR4h0160_WYG_065-5a
067.md	75	KR4h0160_WYG_065-5b
067.md	83	KR4h0160_WYG_065-6a
067.md	91	KR4h0160_WYG_065-6b
067.md	99	KR4h0160_WYG_065-7a
067.md	107	KR4h0160_WYG_065-7b
067.md	115	KR4h0160_WYG_065-8a
067.md	123	KR4h0160_WYG_065-8b
067.md	131	KR4h0160_WYG_065-9a
067.md	139	KR4h0160_WYG_065-9b
067.md	147	KR4h0160_WYG_065-10a
067.md	155	KR4h0160_WYG_065-10b
067.md	163	KR4h0160_WYG_065-11a
067.md	171	KR4h0160_WYG_065-11b
067.md	179	KR4h0160_WYG_065-12a
067.md	187	KR4h0160_WYG_065-12b
067.md	195	KR4h0160_WYG_065-13a
067.md	203	KR4h0160_WYG_065-13b
067.md	211	KR4h0160_WYG_065-14a
067.md	219	KR4h0160_WYG_065-14b
067.md	227	KR4h0160_WYG_065-15a
067.md	235	KR4h0160_WYG_065-15b
067.md	243	KR4h0160_WYG_065-16a
067.md	251	KR4h0160_WYG_065-16b
067.md	259	KR4h0160_WYG_065-17a
067.md	267	KR4h0160_WYG_065-17b
067.md	275	KR4h0160_WYG_065-18a
067.md	283	KR4h0160_WYG_065-18b
067.md	291	KR4h0160_WYG_065-19a
067.md	299	KR4h0160_WYG_065-19b
067.md	307	KR4h0160_WYG_065-20a
067.md	315	KR4h0160_WYG_065-20b
067.md	323	KR4h0160_WYG_065-21a
067.md	331	KR4h0160_WYG_065-21b
067.md	339	KR4h0160_WYG_065-22a
067.md	347	KR4h0160_WYG_065-22b
067.md	355	KR4h0160_WYG_065-23a
067.md	363	KR4h0160_WYG_065-23b
067.md	371	KR4h0160_WYG_065-24a
067.md	379	KR4h0160_WYG_065-24b
067.md	387	KR4h0160_WYG_065-25a
067.md	395	KR4h0160_WYG_065-25b
067.md	403	KR4h0160_WYG_065-26a
067.md	411	KR4h0160_WYG_065-26b
067.md	419	KR4h0160_WYG_065-27a
067.md	427	KR4h0160_WYG_065-27b
067.md	435	KR4h0160_WYG_065-28a
067.md	443	KR4h0160_WYG_065-28b
067.md	451	KR4h0160_WYG_065-29a
067.md	459	KR4h0160_WYG_065-29b
067.md	467	KR4h0160_WYG_065-30a
067.md	475	KR4h0160_WYG_065-30b
067.md	483	KR4h0160_WYG_065-31a
067.md	491	KR4h0160_WYG_065-31b
067.md	499	KR4h0160_WYG_065-32a
067.md	507	KR4h0160_WYG_065-32b
067.md	515	KR4h0160_WYG_065-33a
067.md	523	KR4h0160_WYG_065-33b
067.md	531	KR4h0160_WYG_065-34a
067.md	539	KR4h0160_WYG_065-34b
067.md	547	KR4h0160_WYG_065-35a
067.md	555	KR4h0160_WYG_065-35b
067.md	563	KR4h0160_WYG_065-36a
067.md	571	KR4h0160_WYG_065-36b
067.md	579	KR4h0160_WYG_065-37a
067.md	587	KR4h0160_WYG_065-37b
067.md	595	KR4h0160_WYG_065-38a
067.md	603	KR4h0160_WYG_065-38b
067.md	611	KR4h0160_WYG_065-39a
067.md	619	KR4h0160_WYG_065-39b
067.md	627	KR4h0160_WYG_065-40a
067.md	635	KR4h0160_WYG_065-40b
067.md	643	KR4h0160_WYG_065-41a
067.md	651	KR4h0160_WYG_065-41b
067.md	659	KR4h0160_WYG_065-42a
067.md	667	KR4h0160_WYG_065-42b
067.md	675	KR4h0160_WYG_065-43a
067.md	683	KR4h0160_WYG_065-43b
067.md	691	KR4h0160_WYG_065-44a
067.md	699	KR4h0160_WYG_065-44b
067.md	707	KR4h0160_WYG_065-45a
067.md	715	KR4h0160_WYG_065-45b
067.md	723	KR4h0160_WYG_065-46a
067.md	731	KR4h0160_WYG_065-46b
067.md	739	KR4h0160_WYG_065-47a
067.md	747	KR4h0160_WYG_065-47b
068.md	3	KR4h0160_WYG_066-1a
068.md	11	KR4h0160_WYG_066-1b
068.md	19	KR4h0160_WYG_066-2a
068.md	27	KR4h0160_WYG_066-2b
068.md	35	KR4h0160_WYG_066-3a
068.md	43	KR4h0160_WYG_066-3b
068.md	51	KR4h0160_WYG_066-4a
068.md	59	KR4h0160_WYG_066-4b
068.md	67	KR4h0160_WYG_066-5a
068.md	75	KR4h0160_WYG_066-5b
068.md	83	KR4h0160_WYG_066-6a
068.md	91	KR4h0160_WYG_066-6b
068.md	99	KR4h0160_WYG_066-7a
068.md	107	KR4h0160_WYG_066-7b
068.md	115	KR4h0160_WYG_066-8a
068.md	123	KR4h0160_WYG_066-8b
068.md	131	KR4h0160_WYG_066-9a
068.md	139	KR4h0160_WYG_066-9b
068.md	147	KR4h0160_WYG_066-10a
068.md	155	KR4h0160_WYG_066-10b
068.md	163	KR4h0160_WYG_066-11a
068.md	171	KR4h0160_WYG_066-11b
068.md	179	KR4h0160_WYG_066-12a
068.md	187	KR4h0160_WYG_066-12b
068.md	195	KR4h0160_WYG_066-13a
068.md	203	KR4h0160_WYG_066-13b
068.md	211	KR4h0160_WYG_066-14a
068.md	219	KR4h0160_WYG_066-14b
068.md	227	KR4h0160_WYG_066-15a
068.md	235	KR4h0160_WYG_066-15b
068.md	243	KR4h0160_WYG_066-16a
068.md	251	KR4h0160_WYG_066-16b
068.md	259	KR4h0160_WYG_066-17a
068.md	267	KR4h0160_WYG_066-17b
068.md	275	KR4h0160_WYG_066-18a
068.md	283	KR4h0160_WYG_066-18b
068.md	291	KR4h0160_WYG_066-19a
068.md	299	KR4h0160_WYG_066-19b
068.md	307	KR4h0160_WYG_066-20a
068.md	315	KR4h0160_WYG_066-20b
068.md	323	KR4h0160_WYG_066-21a
068.md	331	KR4h0160_WYG_066-21b
068.md	339	KR4h0160_WYG_066-22a
068.md	347	KR4h0160_WYG_066-22b
068.md	355	KR4h0160_WYG_066-23a
068.md	363	KR4h0160_WYG_066-23b
068.md	371	KR4h0160_WYG_066-24a
068.md	379	KR4h0160_WYG_066-24b
068.md	387	KR4h0160_WYG_066-25a
068.md	395	KR4h0160_WYG_066-25b
068.md	403	KR4h0160_WYG_066-26a
068.md	411	KR4h0160_WYG_066-26b
068.md	419	KR4h0160_WYG_066-27a
068.md	427	KR4h0160_WYG_066-27b
068.md	435	KR4h0160_WYG_066-28a
068.md	443	KR4h0160_WYG_066-28b
068.md	451	KR4h0160_WYG_066-29a
068.md	459	KR4h0160_WYG_066-29b
068.md	467	KR4h0160_WYG_066-30a
068.md	475	KR4h0160_WYG_066-30b
068.md	483	KR4h0160_WYG_066-31a
068.md	491	KR4h0160_WYG_066-31b
068.md	499	KR4h0160_WYG_066-32a
068.md	507	KR4h0160_WYG_066-32b
068.md	515	KR4h0160_WYG_066-33a
068.md	523	KR4h0160_WYG_066-33b
068.md	531	KR4h0160_WYG_066-34a
068.md	539	KR4h0160_WYG_066-34b
068.md	547	KR4h0160_WYG_066-35a
068.md	555	KR4h0160_WYG_066-35b
068.md	563	KR4h0160_WYG_066-36a
068.md	571	KR4h0160_WYG_066-36b
068.md	579	KR4h0160_WYG_066-37a
068.md	587	KR4h0160_WYG_066-37b
068.md	595	KR4h0160_WYG_066-38a
068.md	603	KR4h0160_WYG_066-38b
068.md	611	KR4h0160_WYG_066-39a
068.md	619	KR4h0160_WYG_066-39b
068.md	627	KR4h0160_WYG_066-40a
068.md	635	KR4h0160_WYG_066-40b
068.md	643	KR4h0160_WYG_066-41a
068.md	651	KR4h0160_WYG_066-41b
068.md	659	KR4h0160_WYG_066-42a
068.md	667	KR4h0160_WYG_066-42b
068.md	675	KR4h0160_WYG_066-43a
068.md	683	KR4h0160_WYG_066-43b
068.md	691	KR4h0160_WYG_066-44a
068.md	699	KR4h0160_WYG_066-44b
068.md	707	KR4h0160_WYG_066-45a
068.md	715	KR4h0160_WYG_066-45b
068.md	723	KR4h0160_WYG_066-46a
068.md	731	KR4h0160_WYG_066-46b
068.md	739	KR4h0160_WYG_066-47a
068.md	747	KR4h0160_WYG_066-47b
068.md	755	KR4h0160_WYG_066-48a
068.md	763	KR4h0160_WYG_066-48b
068.md	771	KR4h0160_WYG_066-49a
068.md	779	KR4h0160_WYG_066-49b
068.md	787	KR4h0160_WYG_066-50a
068.md	795	KR4h0160_WYG_066-50b
069.md	3	KR4h0160_WYG_067-1a
069.md	11	KR4h0160_WYG_067-1b
069.md	19	KR4h0160_WYG_067-2a
069.md	27	KR4h0160_WYG_067-2b
069.md	35	KR4h0160_WYG_067-3a
069.md	43	KR4h0160_WYG_067-3b
069.md	51	KR4h0160_WYG_067-4a
069.md	59	KR4h0160_WYG_067-4b
069.md	67	KR4h0160_WYG_067-5a
069.md	75	KR4h0160_WYG_067-5b
069.md	83	KR4h0160_WYG_067-6a
069.md	91	KR4h0160_WYG_067-6b
069.md	99	KR4h0160_WYG_067-7a
069.md	107	KR4h0160_WYG_067-7b
069.md	115	KR4h0160_WYG_067-8a
069.md	123	KR4h0160_WYG_067-8b
069.md	131	KR4h0160_WYG_067-9a
069.md	139	KR4h0160_WYG_067-9b
069.md	147	KR4h0160_WYG_067-10a
069.md	155	KR4h0160_WYG_067-10b
069.md	163	KR4h0160_WYG_067-11a
069.md	171	KR4h0160_WYG_067-11b
069.md	179	KR4h0160_WYG_067-12a
069.md	187	KR4h0160_WYG_067-12b
069.md	195	KR4h0160_WYG_067-13a
069.md	203	KR4h0160_WYG_067-13b
069.md	211	KR4h0160_WYG_067-14a
069.md	219	KR4h0160_WYG_067-14b
069.md	227	KR4h0160_WYG_067-15a
069.md	235	KR4h0160_WYG_067-15b
069.md	243	KR4h0160_WYG_067-16a
069.md	251	KR4h0160_WYG_067-16b
069.md	259	KR4h0160_WYG_067-17a
069.md	267	KR4h0160_WYG_067-17b
069.md	275	KR4h0160_WYG_067-18a
069.md	283	KR4h0160_WYG_067-18b
069.md	291	KR4h0160_WYG_067-19a
069.md	299	KR4h0160_WYG_067-19b
069.md	307	KR4h0160_WYG_067-20a
069.md	315	KR4h0160_WYG_067-20b
069.md	323	KR4h0160_WYG_067-21a
069.md	331	KR4h0160_WYG_067-21b
069.md	339	KR4h0160_WYG_067-22a
069.md	347	KR4h0160_WYG_067-22b
069.md	355	KR4h0160_WYG_067-23a
069.md	363	KR4h0160_WYG_067-23b
069.md	371	KR4h0160_WYG_067-24a
069.md	379	KR4h0160_WYG_067-24b
069.md	387	KR4h0160_WYG_067-25a
069.md	395	KR4h0160_WYG_067-25b
069.md	403	KR4h0160_WYG_067-26a
069.md	411	KR4h0160_WYG_067-26b
069.md	419	KR4h0160_WYG_067-27a
069.md	427	KR4h0160_WYG_067-27b
069.md	435	KR4h0160_WYG_067-28a
069.md	443	KR4h0160_WYG_067-28b
069.md	451	KR4h0160_WYG_067-29a
069.md	459	KR4h0160_WYG_067-29b
069.md	467	KR4h0160_WYG_067-30a
069.md	475	KR4h0160_WYG_067-30b
069.md	483	KR4h0160_WYG_067-31a
069.md	491	KR4h0160_WYG_067-31b
069.md	499	KR4h0160_WYG_067-32a
069.md	507	KR4h0160_WYG_067-32b
069.md	515	KR4h0160_WYG_067-33a
069.md	523	KR4h0160_WYG_067-33b
069.md	531	KR4h0160_WYG_067-34a
069.md	539	KR4h0160_WYG_067-34b
069.md	547	KR4h0160_WYG_067-35a
069.md	555	KR4h0160_WYG_067-35b
069.md	563	KR4h0160_WYG_067-36a
069.md	571	KR4h0160_WYG_067-36b
069.md	579	KR4h0160_WYG_067-37a
069.md	587	KR4h0160_WYG_067-37b
069.md	595	KR4h0160_WYG_067-38a
069.md	603	KR4h0160_WYG_067-38b
069.md	611	KR4h0160_WYG_067-39a
069.md	619	KR4h0160_WYG_067-39b
069.md	627	KR4h0160_WYG_067-40a
069.md	635	KR4h0160_WYG_067-40b
069.md	643	KR4h0160_WYG_067-41a
069.md	651	KR4h0160_WYG_067-41b
069.md	659	KR4h0160_WYG_067-42a
069.md	667	KR4h0160_WYG_067-42b
069.md	675	KR4h0160_WYG_067-43a
069.md	683	KR4h0160_WYG_067-43b
069.md	691	KR4h0160_WYG_067-44a
069.md	699	KR4h0160_WYG_067-44b
069.md	707	KR4h0160_WYG_067-45a
069.md	715	KR4h0160_WYG_067-45b
069.md	723	KR4h0160_WYG_067-46a
069.md	731	KR4h0160_WYG_067-46b
069.md	739	KR4h0160_WYG_067-47a
069.md	747	KR4h0160_WYG_067-47b
069.md	755	KR4h0160_WYG_067-48a
069.md	763	KR4h0160_WYG_067-48b
069.md	771	KR4h0160_WYG_067-49a
069.md	779	KR4h0160_WYG_067-49b
069.md	787	KR4h0160_WYG_067-50a
069.md	795	KR4h0160_WYG_067-50b
069.md	803	KR4h0160_WYG_067-51a
069.md	811	KR4h0160_WYG_067-51b
069.md	819	KR4h0160_WYG_067-52a
069.md	827	KR4h0160_WYG_067-52b
069.md	835	KR4h0160_WYG_067-53a
069.md	843	KR4h0160_WYG_067-53b
069.md	851	KR4h0160_WYG_067-54a
069.md	859	KR4h0160_WYG_067-54b
069.md	867	KR4h0160_WYG_067-55a
069.md	875	KR4h0160_WYG_067-55b
070.md	3	KR4h0160_WYG_068-1a
070.md	11	KR4h0160_WYG_068-1b
070.md	19	KR4h0160_WYG_068-2a
070.md	27	KR4h0160_WYG_068-2b
070.md	35	KR4h0160_WYG_068-3a
070.md	43	KR4h0160_WYG_068-3b
070.md	51	KR4h0160_WYG_068-4a
070.md	59	KR4h0160_WYG_068-4b
070.md	67	KR4h0160_WYG_068-5a
070.md	75	KR4h0160_WYG_068-5b
070.md	83	KR4h0160_WYG_068-6a
070.md	91	KR4h0160_WYG_068-6b
070.md	99	KR4h0160_WYG_068-7a
070.md	107	KR4h0160_WYG_068-7b
070.md	115	KR4h0160_WYG_068-8a
070.md	123	KR4h0160_WYG_068-8b
070.md	131	KR4h0160_WYG_068-9a
070.md	139	KR4h0160_WYG_068-9b
070.md	147	KR4h0160_WYG_068-10a
070.md	155	KR4h0160_WYG_068-10b
070.md	163	KR4h0160_WYG_068-11a
070.md	171	KR4h0160_WYG_068-11b
070.md	179	KR4h0160_WYG_068-12a
070.md	187	KR4h0160_WYG_068-12b
070.md	195	KR4h0160_WYG_068-13a
070.md	203	KR4h0160_WYG_068-13b
070.md	211	KR4h0160_WYG_068-14a
070.md	219	KR4h0160_WYG_068-14b
070.md	227	KR4h0160_WYG_068-15a
070.md	235	KR4h0160_WYG_068-15b
070.md	243	KR4h0160_WYG_068-16a
070.md	251	KR4h0160_WYG_068-16b
070.md	259	KR4h0160_WYG_068-17a
070.md	267	KR4h0160_WYG_068-17b
070.md	275	KR4h0160_WYG_068-18a
070.md	283	KR4h0160_WYG_068-18b
070.md	291	KR4h0160_WYG_068-19a
070.md	299	KR4h0160_WYG_068-19b
070.md	307	KR4h0160_WYG_068-20a
070.md	315	KR4h0160_WYG_068-20b
070.md	323	KR4h0160_WYG_068-21a
070.md	331	KR4h0160_WYG_068-21b
070.md	339	KR4h0160_WYG_068-22a
070.md	347	KR4h0160_WYG_068-22b
070.md	355	KR4h0160_WYG_068-23a
070.md	363	KR4h0160_WYG_068-23b
070.md	371	KR4h0160_WYG_068-24a
070.md	379	KR4h0160_WYG_068-24b
070.md	387	KR4h0160_WYG_068-25a
070.md	395	KR4h0160_WYG_068-25b
070.md	403	KR4h0160_WYG_068-26a
070.md	411	KR4h0160_WYG_068-26b
070.md	419	KR4h0160_WYG_068-27a
070.md	427	KR4h0160_WYG_068-27b
070.md	435	KR4h0160_WYG_068-28a
070.md	443	KR4h0160_WYG_068-28b
070.md	451	KR4h0160_WYG_068-29a
070.md	459	KR4h0160_WYG_068-29b
070.md	467	KR4h0160_WYG_068-30a
070.md	475	KR4h0160_WYG_068-30b
070.md	483	KR4h0160_WYG_068-31a
070.md	491	KR4h0160_WYG_068-31b
070.md	499	KR4h0160_WYG_068-32a
070.md	507	KR4h0160_WYG_068-32b
070.md	515	KR4h0160_WYG_068-33a
070.md	523	KR4h0160_WYG_068-33b
070.md	531	KR4h0160_WYG_068-34a
070.md	539	KR4h0160_WYG_068-34b
070.md	547	KR4h0160_WYG_068-35a
070.md	555	KR4h0160_WYG_068-35b
070.md	563	KR4h0160_WYG_068-36a
070.md	571	KR4h0160_WYG_068-36b
070.md	579	KR4h0160_WYG_068-37a
070.md	587	KR4h0160_WYG_068-37b
070.md	595	KR4h0160_WYG_068-38a
070.md	603	KR4h0160_WYG_068-38b
070.md	611	KR4h0160_WYG_068-39a
070.md	619	KR4h0160_WYG_068-39b
070.md	627	KR4h0160_WYG_068-40a
070.md	635	KR4h0160_WYG_068-40b
070.md	643	KR4h0160_WYG_068-41a
070.md	651	KR4h0160_WYG_068-41b
070.md	659	KR4h0160_WYG_068-42a
070.md	667	KR4h0160_WYG_068-42b
071.md	3	KR4h0160_WYG_069-1a
071.md	11	KR4h0160_WYG_069-1b
071.md	19	KR4h0160_WYG_069-2a
071.md	27	KR4h0160_WYG_069-2b
071.md	35	KR4h0160_WYG_069-3a
071.md	43	KR4h0160_WYG_069-3b
071.md	51	KR4h0160_WYG_069-4a
071.md	59	KR4h0160_WYG_069-4b
071.md	67	KR4h0160_WYG_069-5a
071.md	75	KR4h0160_WYG_069-5b
071.md	83	KR4h0160_WYG_069-6a
071.md	91	KR4h0160_WYG_069-6b
071.md	99	KR4h0160_WYG_069-7a
071.md	107	KR4h0160_WYG_069-7b
071.md	115	KR4h0160_WYG_069-8a
071.md	123	KR4h0160_WYG_069-8b
071.md	131	KR4h0160_WYG_069-9a
071.md	139	KR4h0160_WYG_069-9b
071.md	147	KR4h0160_WYG_069-10a
071.md	155	KR4h0160_WYG_069-10b
071.md	163	KR4h0160_WYG_069-11a
071.md	171	KR4h0160_WYG_069-11b
071.md	179	KR4h0160_WYG_069-12a
071.md	187	KR4h0160_WYG_069-12b
071.md	195	KR4h0160_WYG_069-13a
071.md	203	KR4h0160_WYG_069-13b
071.md	211	KR4h0160_WYG_069-14a
071.md	219	KR4h0160_WYG_069-14b
071.md	227	KR4h0160_WYG_069-15a
071.md	235	KR4h0160_WYG_069-15b
071.md	243	KR4h0160_WYG_069-16a
071.md	251	KR4h0160_WYG_069-16b
071.md	259	KR4h0160_WYG_069-17a
071.md	267	KR4h0160_WYG_069-17b
071.md	275	KR4h0160_WYG_069-18a
071.md	283	KR4h0160_WYG_069-18b
071.md	291	KR4h0160_WYG_069-19a
071.md	299	KR4h0160_WYG_069-19b
071.md	307	KR4h0160_WYG_069-20a
071.md	315	KR4h0160_WYG_069-20b
071.md	323	KR4h0160_WYG_069-21a
071.md	331	KR4h0160_WYG_069-21b
071.md	339	KR4h0160_WYG_069-22a
071.md	347	KR4h0160_WYG_069-22b
071.md	355	KR4h0160_WYG_069-23a
071.md	363	KR4h0160_WYG_069-23b
071.md	371	KR4h0160_WYG_069-24a
071.md	379	KR4h0160_WYG_069-24b
071.md	387	KR4h0160_WYG_069-25a
071.md	395	KR4h0160_WYG_069-25b
071.md	403	KR4h0160_WYG_069-26a
071.md	411	KR4h0160_WYG_069-26b
071.md	419	KR4h0160_WYG_069-27a
071.md	427	KR4h0160_WYG_069-27b
071.md	435	KR4h0160_WYG_069-28a
071.md	443	KR4h0160_WYG_069-28b
071.md	451	KR4h0160_WYG_069-29a
071.md	459	KR4h0160_WYG_069-29b
071.md	467	KR4h0160_WYG_069-30a
071.md	475	KR4h0160_WYG_069-30b
071.md	483	KR4h0160_WYG_069-31a
071.md	491	KR4h0160_WYG_069-31b
071.md	499	KR4h0160_WYG_069-32a
071.md	507	KR4h0160_WYG_069-32b
071.md	515	KR4h0160_WYG_069-33a
071.md	523	KR4h0160_WYG_069-33b
071.md	531	KR4h0160_WYG_069-34a
071.md	539	KR4h0160_WYG_069-34b
071.md	547	KR4h0160_WYG_069-35a
071.md	555	KR4h0160_WYG_069-35b
071.md	563	KR4h0160_WYG_069-36a
071.md	571	KR4h0160_WYG_069-36b
071.md	579	KR4h0160_WYG_069-37a
071.md	587	KR4h0160_WYG_069-37b
071.md	595	KR4h0160_WYG_069-38a
071.md	603	KR4h0160_WYG_069-38b
071.md	611	KR4h0160_WYG_069-39a
071.md	619	KR4h0160_WYG_069-39b
071.md	627	KR4h0160_WYG_069-40a
071.md	635	KR4h0160_WYG_069-40b
071.md	643	KR4h0160_WYG_069-41a
071.md	651	KR4h0160_WYG_069-41b
071.md	659	KR4h0160_WYG_069-42a
071.md	667	KR4h0160_WYG_069-42b
071.md	675	KR4h0160_WYG_069-43a
071.md	683	KR4h0160_WYG_069-43b
071.md	691	KR4h0160_WYG_069-44a
071.md	699	KR4h0160_WYG_069-44b
071.md	707	KR4h0160_WYG_069-45a
071.md	715	KR4h0160_WYG_069-45b
071.md	723	KR4h0160_WYG_069-46a
071.md	731	KR4h0160_WYG_069-46b
071.md	739	KR4h0160_WYG_069-47a
071.md	747	KR4h0160_WYG_069-47b
071.md	755	KR4h0160_WYG_069-48a
071.md	763	KR4h0160_WYG_069-48b
071.md	771	KR4h0160_WYG_069-49a
071.md	779	KR4h0160_WYG_069-49b
071.md	787	KR4h0160_WYG_069-50a
071.md	795	KR4h0160_WYG_069-50b
071.md	803	KR4h0160_WYG_069-51a
071.md	811	KR4h0160_WYG_069-51b
071.md	819	KR4h0160_WYG_069-52a
071.md	827	KR4h0160_WYG_069-52b
071.md	835	KR4h0160_WYG_069-53a
071.md	843	KR4h0160_WYG_069-53b
071.md	851	KR4h0160_WYG_069-54a
071.md	859	KR4h0160_WYG_069-54b
071.md	867	KR4h0160_WYG_069-55a
071.md	875	KR4h0160_WYG_069-55b
071.md	883	KR4h0160_WYG_069-56a
071.md	891	KR4h0160_WYG_069-56b
071.md	899	KR4h0160_WYG_069-57a
071.md	907	KR4h0160_WYG_069-57b
071.md	915	KR4h0160_WYG_069-58a
071.md	923	KR4h0160_WYG_069-58b
071.md	931	KR4h0160_WYG_069-59a
071.md	939	KR4h0160_WYG_069-59b
071.md	947	KR4h0160_WYG_069-60a
071.md	955	KR4h0160_WYG_069-60b
071.md	963	KR4h0160_WYG_069-61a
071.md	971	KR4h0160_WYG_069-61b
071.md	979	KR4h0160_WYG_069-62a
071.md	987	KR4h0160_WYG_069-62b
071.md	995	KR4h0160_WYG_069-63a
071.md	1003	KR4h0160_WYG_069-63b
071.md	1011	KR4h0160_WYG_069-64a
071.md	1019	KR4h0160_WYG_069-64b
072.md	3	KR4h0160_WYG_070-1a
072.md	11	KR4h0160_WYG_070-1b
072.md	19	KR4h0160_WYG_070-2a
072.md	27	KR4h0160_WYG_070-2b
072.md	35	KR4h0160_WYG_070-3a
072.md	43	KR4h0160_WYG_070-3b
072.md	51	KR4h0160_WYG_070-4a
072.md	59	KR4h0160_WYG_070-4b
072.md	67	KR4h0160_WYG_070-5a
072.md	75	KR4h0160_WYG_070-5b
072.md	83	KR4h0160_WYG_070-6a
072.md	91	KR4h0160_WYG_070-6b
072.md	99	KR4h0160_WYG_070-7a
072.md	107	KR4h0160_WYG_070-7b
072.md	115	KR4h0160_WYG_070-8a
072.md	123	KR4h0160_WYG_070-8b
072.md	131	KR4h0160_WYG_070-9a
072.md	139	KR4h0160_WYG_070-9b
072.md	147	KR4h0160_WYG_070-10a
072.md	155	KR4h0160_WYG_070-10b
072.md	163	KR4h0160_WYG_070-11a
072.md	171	KR4h0160_WYG_070-11b
072.md	179	KR4h0160_WYG_070-12a
072.md	187	KR4h0160_WYG_070-12b
072.md	195	KR4h0160_WYG_070-13a
072.md	203	KR4h0160_WYG_070-13b
072.md	211	KR4h0160_WYG_070-14a
072.md	219	KR4h0160_WYG_070-14b
072.md	227	KR4h0160_WYG_070-15a
072.md	235	KR4h0160_WYG_070-15b
072.md	243	KR4h0160_WYG_070-16a
072.md	251	KR4h0160_WYG_070-16b
072.md	259	KR4h0160_WYG_070-17a
072.md	267	KR4h0160_WYG_070-17b
072.md	275	KR4h0160_WYG_070-18a
072.md	283	KR4h0160_WYG_070-18b
072.md	291	KR4h0160_WYG_070-19a
072.md	299	KR4h0160_WYG_070-19b
072.md	307	KR4h0160_WYG_070-20a
072.md	315	KR4h0160_WYG_070-20b
072.md	323	KR4h0160_WYG_070-21a
072.md	331	KR4h0160_WYG_070-21b
072.md	339	KR4h0160_WYG_070-22a
072.md	347	KR4h0160_WYG_070-22b
072.md	355	KR4h0160_WYG_070-23a
072.md	363	KR4h0160_WYG_070-23b
072.md	371	KR4h0160_WYG_070-24a
072.md	379	KR4h0160_WYG_070-24b
072.md	387	KR4h0160_WYG_070-25a
072.md	395	KR4h0160_WYG_070-25b
072.md	403	KR4h0160_WYG_070-26a
072.md	411	KR4h0160_WYG_070-26b
072.md	419	KR4h0160_WYG_070-27a
072.md	427	KR4h0160_WYG_070-27b
072.md	435	KR4h0160_WYG_070-28a
072.md	443	KR4h0160_WYG_070-28b
072.md	451	KR4h0160_WYG_070-29a
072.md	459	KR4h0160_WYG_070-29b
072.md	467	KR4h0160_WYG_070-30a
072.md	475	KR4h0160_WYG_070-30b
072.md	483	KR4h0160_WYG_070-31a
072.md	491	KR4h0160_WYG_070-31b
072.md	499	KR4h0160_WYG_070-32a
072.md	507	KR4h0160_WYG_070-32b
072.md	515	KR4h0160_WYG_070-33a
072.md	523	KR4h0160_WYG_070-33b
072.md	531	KR4h0160_WYG_070-34a
072.md	539	KR4h0160_WYG_070-34b
072.md	547	KR4h0160_WYG_070-35a
072.md	555	KR4h0160_WYG_070-35b
072.md	563	KR4h0160_WYG_070-36a
072.md	571	KR4h0160_WYG_070-36b
072.md	579	KR4h0160_WYG_070-37a
072.md	587	KR4h0160_WYG_070-37b
072.md	595	KR4h0160_WYG_070-38a
072.md	603	KR4h0160_WYG_070-38b
072.md	611	KR4h0160_WYG_070-39a
072.md	619	KR4h0160_WYG_070-39b
072.md	627	KR4h0160_WYG_070-40a
072.md	635	KR4h0160_WYG_070-40b
072.md	643	KR4h0160_WYG_070-41a
072.md	651	KR4h0160_WYG_070-41b
072.md	659	KR4h0160_WYG_070-42a
072.md	667	KR4h0160_WYG_070-42b
072.md	675	KR4h0160_WYG_070-43a
072.md	683	KR4h0160_WYG_070-43b
072.md	691	KR4h0160_WYG_070-44a
072.md	699	KR4h0160_WYG_070-44b
072.md	707	KR4h0160_WYG_070-45a
072.md	715	KR4h0160_WYG_070-45b
072.md	723	KR4h0160_WYG_070-46a
072.md	731	KR4h0160_WYG_070-46b
072.md	739	KR4h0160_WYG_070-47a
072.md	747	KR4h0160_WYG_070-47b
072.md	755	KR4h0160_WYG_070-48a
072.md	763	KR4h0160_WYG_070-48b
072.md	771	KR4h0160_WYG_070-49a
072.md	779	KR4h0160_WYG_070-49b
072.md	787	KR4h0160_WYG_070-50a
072.md	795	KR4h0160_WYG_070-50b
072.md	803	KR4h0160_WYG_070-51a
072.md	811	KR4h0160_WYG_070-51b
072.md	819	KR4h0160_WYG_070-52a
072.md	827	KR4h0160_WYG_070-52b
072.md	835	KR4h0160_WYG_070-53a
072.md	843	KR4h0160_WYG_070-53b
072.md	851	KR4h0160_WYG_070-54a
072.md	859	KR4h0160_WYG_070-54b
073.md	3	KR4h0160_WYG_071-1a
073.md	11	KR4h0160_WYG_071-1b
073.md	19	KR4h0160_WYG_071-2a
073.md	27	KR4h0160_WYG_071-2b
073.md	35	KR4h0160_WYG_071-3a
073.md	43	KR4h0160_WYG_071-3b
073.md	51	KR4h0160_WYG_071-4a
073.md	59	KR4h0160_WYG_071-4b
073.md	67	KR4h0160_WYG_071-5a
073.md	75	KR4h0160_WYG_071-5b
073.md	83	KR4h0160_WYG_071-6a
073.md	91	KR4h0160_WYG_071-6b
073.md	99	KR4h0160_WYG_071-7a
073.md	107	KR4h0160_WYG_071-7b
073.md	115	KR4h0160_WYG_071-8a
073.md	123	KR4h0160_WYG_071-8b
073.md	131	KR4h0160_WYG_071-9a
073.md	139	KR4h0160_WYG_071-9b
073.md	147	KR4h0160_WYG_071-10a
073.md	155	KR4h0160_WYG_071-10b
073.md	163	KR4h0160_WYG_071-11a
073.md	171	KR4h0160_WYG_071-11b
073.md	179	KR4h0160_WYG_071-12a
073.md	187	KR4h0160_WYG_071-12b
073.md	195	KR4h0160_WYG_071-13a
073.md	203	KR4h0160_WYG_071-13b
073.md	211	KR4h0160_WYG_071-14a
073.md	219	KR4h0160_WYG_071-14b
073.md	227	KR4h0160_WYG_071-15a
073.md	235	KR4h0160_WYG_071-15b
073.md	243	KR4h0160_WYG_071-16a
073.md	251	KR4h0160_WYG_071-16b
073.md	259	KR4h0160_WYG_071-17a
073.md	267	KR4h0160_WYG_071-17b
073.md	275	KR4h0160_WYG_071-18a
073.md	283	KR4h0160_WYG_071-18b
073.md	291	KR4h0160_WYG_071-19a
073.md	299	KR4h0160_WYG_071-19b
073.md	307	KR4h0160_WYG_071-20a
073.md	315	KR4h0160_WYG_071-20b
073.md	323	KR4h0160_WYG_071-21a
073.md	331	KR4h0160_WYG_071-21b
073.md	339	KR4h0160_WYG_071-22a
073.md	347	KR4h0160_WYG_071-22b
073.md	355	KR4h0160_WYG_071-23a
073.md	363	KR4h0160_WYG_071-23b
073.md	371	KR4h0160_WYG_071-24a
073.md	379	KR4h0160_WYG_071-24b
073.md	387	KR4h0160_WYG_071-25a
073.md	395	KR4h0160_WYG_071-25b
073.md	403	KR4h0160_WYG_071-26a
073.md	411	KR4h0160_WYG_071-26b
073.md	419	KR4h0160_WYG_071-27a
073.md	427	KR4h0160_WYG_071-27b
073.md	435	KR4h0160_WYG_071-28a
073.md	443	KR4h0160_WYG_071-28b
073.md	451	KR4h0160_WYG_071-29a
073.md	459	KR4h0160_WYG_071-29b
073.md	467	KR4h0160_WYG_071-30a
073.md	475	KR4h0160_WYG_071-30b
073.md	483	KR4h0160_WYG_071-31a
073.md	491	KR4h0160_WYG_071-31b
073.md	499	KR4h0160_WYG_071-32a
073.md	507	KR4h0160_WYG_071-32b
073.md	515	KR4h0160_WYG_071-33a
073.md	523	KR4h0160_WYG_071-33b
073.md	531	KR4h0160_WYG_071-34a
073.md	539	KR4h0160_WYG_071-34b
073.md	547	KR4h0160_WYG_071-35a
073.md	555	KR4h0160_WYG_071-35b
074.md	3	KR4h0160_WYG_072-1a
074.md	11	KR4h0160_WYG_072-1b
074.md	19	KR4h0160_WYG_072-2a
074.md	27	KR4h0160_WYG_072-2b
074.md	35	KR4h0160_WYG_072-3a
074.md	43	KR4h0160_WYG_072-3b
074.md	51	KR4h0160_WYG_072-4a
074.md	59	KR4h0160_WYG_072-4b
074.md	67	KR4h0160_WYG_072-5a
074.md	75	KR4h0160_WYG_072-5b
074.md	83	KR4h0160_WYG_072-6a
074.md	91	KR4h0160_WYG_072-6b
074.md	99	KR4h0160_WYG_072-7a
074.md	107	KR4h0160_WYG_072-7b
074.md	115	KR4h0160_WYG_072-8a
074.md	123	KR4h0160_WYG_072-8b
074.md	131	KR4h0160_WYG_072-9a
074.md	139	KR4h0160_WYG_072-9b
074.md	147	KR4h0160_WYG_072-10a
074.md	155	KR4h0160_WYG_072-10b
074.md	163	KR4h0160_WYG_072-11a
074.md	171	KR4h0160_WYG_072-11b
074.md	179	KR4h0160_WYG_072-12a
074.md	187	KR4h0160_WYG_072-12b
074.md	195	KR4h0160_WYG_072-13a
074.md	203	KR4h0160_WYG_072-13b
074.md	211	KR4h0160_WYG_072-14a
074.md	219	KR4h0160_WYG_072-14b
074.md	227	KR4h0160_WYG_072-15a
074.md	235	KR4h0160_WYG_072-15b
074.md	243	KR4h0160_WYG_072-16a
074.md	251	KR4h0160_WYG_072-16b
074.md	259	KR4h0160_WYG_072-17a
074.md	267	KR4h0160_WYG_072-17b
074.md	275	KR4h0160_WYG_072-18a
074.md	283	KR4h0160_WYG_072-18b
074.md	291	KR4h0160_WYG_072-19a
074.md	299	KR4h0160_WYG_072-19b
074.md	307	KR4h0160_WYG_072-20a
074.md	315	KR4h0160_WYG_072-20b
074.md	323	KR4h0160_WYG_072-21a
074.md	331	KR4h0160_WYG_072-21b
074.md	339	KR4h0160_WYG_072-22a
074.md	347	KR4h0160_WYG_072-22b
074.md	355	KR4h0160_WYG_072-23a
074.md	363	KR4h0160_WYG_072-23b
074.md	371	KR4h0160_WYG_072-24a
074.md	379	KR4h0160_WYG_072-24b
074.md	387	KR4h0160_WYG_072-25a
074.md	395	KR4h0160_WYG_072-25b
074.md	403	KR4h0160_WYG_072-26a
074.md	411	KR4h0160_WYG_072-26b
074.md	419	KR4h0160_WYG_072-27a
074.md	427	KR4h0160_WYG_072-27b
074.md	435	KR4h0160_WYG_072-28a
074.md	443	KR4h0160_WYG_072-28b
074.md	451	KR4h0160_WYG_072-29a
074.md	459	KR4h0160_WYG_072-29b
074.md	467	KR4h0160_WYG_072-30a
074.md	475	KR4h0160_WYG_072-30b
074.md	483	KR4h0160_WYG_072-31a
074.md	491	KR4h0160_WYG_072-31b
074.md	499	KR4h0160_WYG_072-32a
074.md	507	KR4h0160_WYG_072-32b
074.md	515	KR4h0160_WYG_072-33a
074.md	523	KR4h0160_WYG_072-33b
074.md	531	KR4h0160_WYG_072-34a
074.md	539	KR4h0160_WYG_072-34b
074.md	547	KR4h0160_WYG_072-35a
074.md	555	KR4h0160_WYG_072-35b
074.md	563	KR4h0160_WYG_072-36a
074.md	571	KR4h0160_WYG_072-36b
074.md	579	KR4h0160_WYG_072-37a
074.md	587	KR4h0160_WYG_072-37b
074.md	595	KR4h0160_WYG_072-38a
074.md	603	KR4h0160_WYG_072-38b
074.md	611	KR4h0160_WYG_072-39a
074.md	619	KR4h0160_WYG_072-39b
074.md	627	KR4h0160_WYG_072-40a
074.md	635	KR4h0160_WYG_072-40b
074.md	643	KR4h0160_WYG_072-41a
074.md	651	KR4h0160_WYG_072-41b
074.md	659	KR4h0160_WYG_072-42a
074.md	667	KR4h0160_WYG_072-42b
074.md	675	KR4h0160_WYG_072-43a
074.md	683	KR4h0160_WYG_072-43b
074.md	691	KR4h0160_WYG_072-44a
074.md	699	KR4h0160_WYG_072-44b
074.md	707	KR4h0160_WYG_072-45a
074.md	715	KR4h0160_WYG_072-45b
074.md	723	KR4h0160_WYG_072-46a
074.md	731	KR4h0160_WYG_072-46b
075.md	3	KR4h0160_WYG_073-1a
075.md	11	KR4h0160_WYG_073-1b
075.md	19	KR4h0160_WYG_073-2a
075.md	27	KR4h0160_WYG_073-2b
075.md	35	KR4h0160_WYG_073-3a
075.md	43	KR4h0160_WYG_073-3b
075.md	51	KR4h0160_WYG_073-4a
075.md	59	KR4h0160_WYG_073-4b
075.md	67	KR4h0160_WYG_073-5a
075.md	75	KR4h0160_WYG_073-5b
075.md	83	KR4h0160_WYG_073-6a
075.md	91	KR4h0160_WYG_073-6b
075.md	99	KR4h0160_WYG_073-7a
075.md	107	KR4h0160_WYG_073-7b
075.md	115	KR4h0160_WYG_073-8a
075.md	123	KR4h0160_WYG_073-8b
075.md	131	KR4h0160_WYG_073-9a
075.md	139	KR4h0160_WYG_073-9b
075.md	147	KR4h0160_WYG_073-10a
075.md	155	KR4h0160_WYG_073-10b
075.md	163	KR4h0160_WYG_073-11a
075.md	171	KR4h0160_WYG_073-11b
075.md	179	KR4h0160_WYG_073-12a
075.md	187	KR4h0160_WYG_073-12b
075.md	195	KR4h0160_WYG_073-13a
075.md	203	KR4h0160_WYG_073-13b
075.md	211	KR4h0160_WYG_073-14a
075.md	219	KR4h0160_WYG_073-14b
075.md	227	KR4h0160_WYG_073-15a
075.md	235	KR4h0160_WYG_073-15b
075.md	243	KR4h0160_WYG_073-16a
075.md	251	KR4h0160_WYG_073-16b
075.md	259	KR4h0160_WYG_073-17a
075.md	267	KR4h0160_WYG_073-17b
075.md	275	KR4h0160_WYG_073-18a
075.md	283	KR4h0160_WYG_073-18b
075.md	291	KR4h0160_WYG_073-19a
075.md	299	KR4h0160_WYG_073-19b
075.md	307	KR4h0160_WYG_073-20a
075.md	315	KR4h0160_WYG_073-20b
075.md	323	KR4h0160_WYG_073-21a
075.md	331	KR4h0160_WYG_073-21b
075.md	339	KR4h0160_WYG_073-22a
075.md	347	KR4h0160_WYG_073-22b
075.md	355	KR4h0160_WYG_073-23a
075.md	363	KR4h0160_WYG_073-23b
075.md	371	KR4h0160_WYG_073-24a
075.md	379	KR4h0160_WYG_073-24b
075.md	387	KR4h0160_WYG_073-25a
075.md	395	KR4h0160_WYG_073-25b
075.md	403	KR4h0160_WYG_073-26a
075.md	411	KR4h0160_WYG_073-26b
075.md	419	KR4h0160_WYG_073-27a
075.md	427	KR4h0160_WYG_073-27b
075.md	435	KR4h0160_WYG_073-28a
075.md	443	KR4h0160_WYG_073-28b
075.md	451	KR4h0160_WYG_073-29a
075.md	459	KR4h0160_WYG_073-29b
075.md	467	KR4h0160_WYG_073-30a
075.md	475	KR4h0160_WYG_073-30b
075.md	483	KR4h0160_WYG_073-31a
075.md	491	KR4h0160_WYG_073-31b
075.md	499	KR4h0160_WYG_073-32a
075.md	507	KR4h0160_WYG_073-32b
075.md	515	KR4h0160_WYG_073-33a
075.md	523	KR4h0160_WYG_073-33b
075.md	531	KR4h0160_WYG_073-34a
075.md	539	KR4h0160_WYG_073-34b
075.md	547	KR4h0160_WYG_073-35a
075.md	555	KR4h0160_WYG_073-35b
075.md	563	KR4h0160_WYG_073-36a
075.md	571	KR4h0160_WYG_073-36b
075.md	579	KR4h0160_WYG_073-37a
075.md	587	KR4h0160_WYG_073-37b
075.md	595	KR4h0160_WYG_073-38a
075.md	603	KR4h0160_WYG_073-38b
075.md	611	KR4h0160_WYG_073-39a
075.md	619	KR4h0160_WYG_073-39b
075.md	627	KR4h0160_WYG_073-40a
075.md	635	KR4h0160_WYG_073-40b
076.md	3	KR4h0160_WYG_074-1a
076.md	11	KR4h0160_WYG_074-1b
076.md	19	KR4h0160_WYG_074-2a
076.md	27	KR4h0160_WYG_074-2b
076.md	35	KR4h0160_WYG_074-3a
076.md	43	KR4h0160_WYG_074-3b
076.md	51	KR4h0160_WYG_074-4a
076.md	59	KR4h0160_WYG_074-4b
076.md	67	KR4h0160_WYG_074-5a
076.md	75	KR4h0160_WYG_074-5b
076.md	83	KR4h0160_WYG_074-6a
076.md	91	KR4h0160_WYG_074-6b
076.md	99	KR4h0160_WYG_074-7a
076.md	107	KR4h0160_WYG_074-7b
076.md	115	KR4h0160_WYG_074-8a
076.md	123	KR4h0160_WYG_074-8b
076.md	131	KR4h0160_WYG_074-9a
076.md	139	KR4h0160_WYG_074-9b
076.md	147	KR4h0160_WYG_074-10a
076.md	155	KR4h0160_WYG_074-10b
076.md	163	KR4h0160_WYG_074-11a
076.md	171	KR4h0160_WYG_074-11b
076.md	179	KR4h0160_WYG_074-12a
076.md	187	KR4h0160_WYG_074-12b
076.md	195	KR4h0160_WYG_074-13a
076.md	203	KR4h0160_WYG_074-13b
076.md	211	KR4h0160_WYG_074-14a
076.md	219	KR4h0160_WYG_074-14b
076.md	227	KR4h0160_WYG_074-15a
076.md	235	KR4h0160_WYG_074-15b
076.md	243	KR4h0160_WYG_074-16a
076.md	251	KR4h0160_WYG_074-16b
076.md	259	KR4h0160_WYG_074-17a
076.md	267	KR4h0160_WYG_074-17b
076.md	275	KR4h0160_WYG_074-18a
076.md	283	KR4h0160_WYG_074-18b
076.md	291	KR4h0160_WYG_074-19a
076.md	299	KR4h0160_WYG_074-19b
076.md	307	KR4h0160_WYG_074-20a
076.md	315	KR4h0160_WYG_074-20b
076.md	323	KR4h0160_WYG_074-21a
076.md	331	KR4h0160_WYG_074-21b
076.md	339	KR4h0160_WYG_074-22a
076.md	347	KR4h0160_WYG_074-22b
076.md	355	KR4h0160_WYG_074-23a
076.md	363	KR4h0160_WYG_074-23b
076.md	371	KR4h0160_WYG_074-24a
076.md	379	KR4h0160_WYG_074-24b
076.md	387	KR4h0160_WYG_074-25a
076.md	395	KR4h0160_WYG_074-25b
076.md	403	KR4h0160_WYG_074-26a
076.md	411	KR4h0160_WYG_074-26b
076.md	419	KR4h0160_WYG_074-27a
076.md	427	KR4h0160_WYG_074-27b
076.md	435	KR4h0160_WYG_074-28a
076.md	443	KR4h0160_WYG_074-28b
076.md	451	KR4h0160_WYG_074-29a
076.md	459	KR4h0160_WYG_074-29b
076.md	467	KR4h0160_WYG_074-30a
076.md	475	KR4h0160_WYG_074-30b
076.md	483	KR4h0160_WYG_074-31a
076.md	491	KR4h0160_WYG_074-31b
076.md	499	KR4h0160_WYG_074-32a
076.md	507	KR4h0160_WYG_074-32b
076.md	515	KR4h0160_WYG_074-33a
076.md	523	KR4h0160_WYG_074-33b
076.md	531	KR4h0160_WYG_074-34a
076.md	539	KR4h0160_WYG_074-34b
076.md	547	KR4h0160_WYG_074-35a
076.md	555	KR4h0160_WYG_074-35b
076.md	563	KR4h0160_WYG_074-36a
076.md	571	KR4h0160_WYG_074-36b
076.md	579	KR4h0160_WYG_074-37a
076.md	587	KR4h0160_WYG_074-37b
076.md	595	KR4h0160_WYG_074-38a
076.md	603	KR4h0160_WYG_074-38b
076.md	611	KR4h0160_WYG_074-39a
076.md	619	KR4h0160_WYG_074-39b
076.md	627	KR4h0160_WYG_074-40a
076.md	635	KR4h0160_WYG_074-40b
076.md	643	KR4h0160_WYG_074-41a
076.md	651	KR4h0160_WYG_074-41b
076.md	659	KR4h0160_WYG_074-42a
076.md	667	KR4h0160_WYG_074-42b
076.md	675	KR4h0160_WYG_074-43a
076.md	683	KR4h0160_WYG_074-43b
076.md	691	KR4h0160_WYG_074-44a
076.md	699	KR4h0160_WYG_074-44b
076.md	707	KR4h0160_WYG_074-45a
076.md	715	KR4h0160_WYG_074-45b
076.md	723	KR4h0160_WYG_074-46a
076.md	731	KR4h0160_WYG_074-46b
076.md	739	KR4h0160_WYG_074-47a
076.md	747	KR4h0160_WYG_074-47b
076.md	755	KR4h0160_WYG_074-48a
076.md	763	KR4h0160_WYG_074-48b
076.md	771	KR4h0160_WYG_074-49a
076.md	779	KR4h0160_WYG_074-49b
076.md	787	KR4h0160_WYG_074-50a
076.md	795	KR4h0160_WYG_074-50b
076.md	803	KR4h0160_WYG_074-51a
076.md	811	KR4h0160_WYG_074-51b
076.md	819	KR4h0160_WYG_074-52a
076.md	827	KR4h0160_WYG_074-52b
076.md	835	KR4h0160_WYG_074-53a
076.md	843	KR4h0160_WYG_074-53b
076.md	851	KR4h0160_WYG_074-54a
076.md	859	KR4h0160_WYG_074-54b
076.md	867	KR4h0160_WYG_074-55a
076.md	875	KR4h0160_WYG_074-55b
076.md	883	KR4h0160_WYG_074-56a
076.md	891	KR4h0160_WYG_074-56b
076.md	899	KR4h0160_WYG_074-57a
076.md	907	KR4h0160_WYG_074-57b
076.md	915	KR4h0160_WYG_074-58a
076.md	923	KR4h0160_WYG_074-58b
076.md	931	KR4h0160_WYG_074-59a
076.md	939	KR4h0160_WYG_074-59b
076.md	947	KR4h0160_WYG_074-60a
076.md	955	KR4h0160_WYG_074-60b
076.md	963	KR4h0160_WYG_074-61a
076.md	971	KR4h0160_WYG_074-61b
076.md	979	KR4h0160_WYG_074-62a
076.md	987	KR4h0160_WYG_074-62b
076.md	995	KR4h0160_WYG_074-63a
076.md	1003	KR4h0160_WYG_074-63b
076.md	1011	KR4h0160_WYG_074-64a
076.md	1019	KR4h0160_WYG_074-64b
076.md	1027	KR4h0160_WYG_074-65a
076.md	1035	KR4h0160_WYG_074-65b
076.md	1043	KR4h0160_WYG_074-66a
076.md	1051	KR4h0160_WYG_074-66b
076.md	1059	KR4h0160_WYG_074-67a
076.md	1067	KR4h0160_WYG_074-67b
076.md	1075	KR4h0160_WYG_074-68a
076.md	1083	KR4h0160_WYG_074-68b
076.md	1091	KR4h0160_WYG_074-69a
076.md	1099	KR4h0160_WYG_074-69b
076.md	1107	KR4h0160_WYG_074-70a
076.md	1115	KR4h0160_WYG_074-70b
076.md	1123	KR4h0160_WYG_074-71a
076.md	1131	KR4h0160_WYG_074-71b
076.md	1139	KR4h0160_WYG_074-72a
076.md	1147	KR4h0160_WYG_074-72b
076.md	1155	KR4h0160_WYG_074-73a
076.md	1163	KR4h0160_WYG_074-73b
076.md	1171	KR4h0160_WYG_074-74a
076.md	1179	KR4h0160_WYG_074-74b
076.md	1187	KR4h0160_WYG_074-75a
076.md	1195	KR4h0160_WYG_074-75b
076.md	1203	KR4h0160_WYG_074-76a
076.md	1211	KR4h0160_WYG_074-76b
076.md	1219	KR4h0160_WYG_074-77a
076.md	1227	KR4h0160_WYG_074-77b
076.md	1235	KR4h0160_WYG_074-78a
076.md	1243	KR4h0160_WYG_074-78b
076.md	1251	KR4h0160_WYG_074-79a
076.md	1259	KR4h0160_WYG_074-79b
076.md	1267	KR4h0160_WYG_074-80a
076.md	1275	KR4h0160_WYG_074-80b
077.md	3	KR4h0160_WYG_075-1a
077.md	11	KR4h0160_WYG_075-1b
077.md	19	KR4h0160_WYG_075-2a
077.md	27	KR4h0160_WYG_075-2b
077.md	35	KR4h0160_WYG_075-3a
077.md	43	KR4h0160_WYG_075-3b
077.md	51	KR4h0160_WYG_075-4a
077.md	59	KR4h0160_WYG_075-4b
077.md	67	KR4h0160_WYG_075-5a
077.md	75	KR4h0160_WYG_075-5b
077.md	83	KR4h0160_WYG_075-6a
077.md	91	KR4h0160_WYG_075-6b
077.md	99	KR4h0160_WYG_075-7a
077.md	107	KR4h0160_WYG_075-7b
077.md	115	KR4h0160_WYG_075-8a
077.md	123	KR4h0160_WYG_075-8b
077.md	131	KR4h0160_WYG_075-9a
077.md	139	KR4h0160_WYG_075-9b
077.md	147	KR4h0160_WYG_075-10a
077.md	155	KR4h0160_WYG_075-10b
077.md	163	KR4h0160_WYG_075-11a
077.md	171	KR4h0160_WYG_075-11b
077.md	179	KR4h0160_WYG_075-12a
077.md	187	KR4h0160_WYG_075-12b
077.md	195	KR4h0160_WYG_075-13a
077.md	203	KR4h0160_WYG_075-13b
077.md	211	KR4h0160_WYG_075-14a
077.md	219	KR4h0160_WYG_075-14b
077.md	227	KR4h0160_WYG_075-15a
077.md	235	KR4h0160_WYG_075-15b
077.md	243	KR4h0160_WYG_075-16a
077.md	251	KR4h0160_WYG_075-16b
077.md	259	KR4h0160_WYG_075-17a
077.md	267	KR4h0160_WYG_075-17b
077.md	275	KR4h0160_WYG_075-18a
077.md	283	KR4h0160_WYG_075-18b
077.md	291	KR4h0160_WYG_075-19a
077.md	299	KR4h0160_WYG_075-19b
077.md	307	KR4h0160_WYG_075-20a
077.md	315	KR4h0160_WYG_075-20b
077.md	323	KR4h0160_WYG_075-21a
077.md	331	KR4h0160_WYG_075-21b
077.md	339	KR4h0160_WYG_075-22a
077.md	347	KR4h0160_WYG_075-22b
077.md	355	KR4h0160_WYG_075-23a
077.md	363	KR4h0160_WYG_075-23b
077.md	371	KR4h0160_WYG_075-24a
077.md	379	KR4h0160_WYG_075-24b
077.md	387	KR4h0160_WYG_075-25a
077.md	395	KR4h0160_WYG_075-25b
077.md	403	KR4h0160_WYG_075-26a
077.md	411	KR4h0160_WYG_075-26b
077.md	419	KR4h0160_WYG_075-27a
077.md	427	KR4h0160_WYG_075-27b
077.md	435	KR4h0160_WYG_075-28a
077.md	443	KR4h0160_WYG_075-28b
077.md	451	KR4h0160_WYG_075-29a
077.md	459	KR4h0160_WYG_075-29b
077.md	467	KR4h0160_WYG_075-30a
077.md	475	KR4h0160_WYG_075-30b
077.md	483	KR4h0160_WYG_075-31a
077.md	491	KR4h0160_WYG_075-31b
077.md	499	KR4h0160_WYG_075-32a
077.md	507	KR4h0160_WYG_075-32b
077.md	515	KR4h0160_WYG_075-33a
077.md	523	KR4h0160_WYG_075-33b
077.md	531	KR4h0160_WYG_075-34a
077.md	539	KR4h0160_WYG_075-34b
077.md	547	KR4h0160_WYG_075-35a
077.md	555	KR4h0160_WYG_075-35b
077.md	563	KR4h0160_WYG_075-36a
077.md	571	KR4h0160_WYG_075-36b
077.md	579	KR4h0160_WYG_075-37a
077.md	587	KR4h0160_WYG_075-37b
077.md	595	KR4h0160_WYG_075-38a
077.md	603	KR4h0160_WYG_075-38b
077.md	611	KR4h0160_WYG_075-39a
077.md	619	KR4h0160_WYG_075-39b
077.md	627	KR4h0160_WYG_075-40a
077.md	635	KR4h0160_WYG_075-40b
077.md	643	KR4h0160_WYG_075-41a
077.md	651	KR4h0160_WYG_075-41b
077.md	659	KR4h0160_WYG_075-42a
077.md	667	KR4h0160_WYG_075-42b
077.md	675	KR4h0160_WYG_075-43a
077.md	683	KR4h0160_WYG_075-43b
077.md	691	KR4h0160_WYG_075-44a
077.md	699	KR4h0160_WYG_075-44b
077.md	707	KR4h0160_WYG_075-45a
077.md	715	KR4h0160_WYG_075-45b
077.md	723	KR4h0160_WYG_075-46a
077.md	731	KR4h0160_WYG_075-46b
077.md	739	KR4h0160_WYG_075-47a
077.md	747	KR4h0160_WYG_075-47b
077.md	755	KR4h0160_WYG_075-48a
077.md	763	KR4h0160_WYG_075-48b
077.md	771	KR4h0160_WYG_075-49a
077.md	779	KR4h0160_WYG_075-49b
077.md	787	KR4h0160_WYG_075-50a
077.md	795	KR4h0160_WYG_075-50b
077.md	803	KR4h0160_WYG_075-51a
077.md	811	KR4h0160_WYG_075-51b
077.md	819	KR4h0160_WYG_075-52a
077.md	827	KR4h0160_WYG_075-52b
077.md	835	KR4h0160_WYG_075-53a
077.md	843	KR4h0160_WYG_075-53b
077.md	851	KR4h0160_WYG_075-54a
077.md	859	KR4h0160_WYG_075-54b
077.md	867	KR4h0160_WYG_075-55a
077.md	875	KR4h0160_WYG_075-55b
077.md	883	KR4h0160_WYG_075-56a
077.md	891	KR4h0160_WYG_075-56b
077.md	899	KR4h0160_WYG_075-57a
077.md	907	KR4h0160_WYG_075-57b
077.md	915	KR4h0160_WYG_075-58a
077.md	923	KR4h0160_WYG_075-58b
077.md	931	KR4h0160_WYG_075-59a
077.md	939	KR4h0160_WYG_075-59b
077.md	947	KR4h0160_WYG_075-60a
077.md	955	KR4h0160_WYG_075-60b
077.md	963	KR4h0160_WYG_075-61a
077.md	971	KR4h0160_WYG_075-61b
077.md	979	KR4h0160_WYG_075-62a
077.md	987	KR4h0160_WYG_075-62b
077.md	995	KR4h0160_WYG_075-63a
077.md	1003	KR4h0160_WYG_075-63b
077.md	1011	KR4h0160_WYG_075-64a
077.md	1019	KR4h0160_WYG_075-64b
077.md	1027	KR4h0160_WYG_075-65a
077.md	1035	KR4h0160_WYG_075-65b
077.md	1043	KR4h0160_WYG_075-66a
077.md	1051	KR4h0160_WYG_075-66b
077.md	1059	KR4h0160_WYG_075-67a
077.md	1067	KR4h0160_WYG_075-67b
077.md	1075	KR4h0160_WYG_075-68a
077.md	1083	KR4h0160_WYG_075-68b
077.md	1091	KR4h0160_WYG_075-69a
077.md	1099	KR4h0160_WYG_075-69b
077.md	1107	KR4h0160_WYG_075-70a
077.md	1115	KR4h0160_WYG_075-70b
077.md	1123	KR4h0160_WYG_075-71a
077.md	1131	KR4h0160_WYG_075-71b
078.md	3	KR4h0160_WYG_076-1a
078.md	11	KR4h0160_WYG_076-1b
078.md	19	KR4h0160_WYG_076-2a
078.md	27	KR4h0160_WYG_076-2b
078.md	35	KR4h0160_WYG_076-3a
078.md	43	KR4h0160_WYG_076-3b
078.md	51	KR4h0160_WYG_076-4a
078.md	59	KR4h0160_WYG_076-4b
078.md	67	KR4h0160_WYG_076-5a
078.md	75	KR4h0160_WYG_076-5b
078.md	83	KR4h0160_WYG_076-6a
078.md	91	KR4h0160_WYG_076-6b
078.md	99	KR4h0160_WYG_076-7a
078.md	107	KR4h0160_WYG_076-7b
078.md	115	KR4h0160_WYG_076-8a
078.md	123	KR4h0160_WYG_076-8b
078.md	131	KR4h0160_WYG_076-9a
078.md	139	KR4h0160_WYG_076-9b
078.md	147	KR4h0160_WYG_076-10a
078.md	155	KR4h0160_WYG_076-10b
078.md	163	KR4h0160_WYG_076-11a
078.md	171	KR4h0160_WYG_076-11b
078.md	179	KR4h0160_WYG_076-12a
078.md	187	KR4h0160_WYG_076-12b
078.md	195	KR4h0160_WYG_076-13a
078.md	203	KR4h0160_WYG_076-13b
078.md	211	KR4h0160_WYG_076-14a
078.md	219	KR4h0160_WYG_076-14b
078.md	227	KR4h0160_WYG_076-15a
078.md	235	KR4h0160_WYG_076-15b
078.md	243	KR4h0160_WYG_076-16a
078.md	251	KR4h0160_WYG_076-16b
078.md	259	KR4h0160_WYG_076-17a
078.md	267	KR4h0160_WYG_076-17b
078.md	275	KR4h0160_WYG_076-18a
078.md	283	KR4h0160_WYG_076-18b
078.md	291	KR4h0160_WYG_076-19a
078.md	299	KR4h0160_WYG_076-19b
078.md	307	KR4h0160_WYG_076-20a
078.md	315	KR4h0160_WYG_076-20b
078.md	323	KR4h0160_WYG_076-21a
078.md	331	KR4h0160_WYG_076-21b
078.md	339	KR4h0160_WYG_076-22a
078.md	347	KR4h0160_WYG_076-22b
078.md	355	KR4h0160_WYG_076-23a
078.md	363	KR4h0160_WYG_076-23b
078.md	371	KR4h0160_WYG_076-24a
078.md	379	KR4h0160_WYG_076-24b
078.md	387	KR4h0160_WYG_076-25a
078.md	395	KR4h0160_WYG_076-25b
078.md	403	KR4h0160_WYG_076-26a
078.md	411	KR4h0160_WYG_076-26b
078.md	419	KR4h0160_WYG_076-27a
078.md	427	KR4h0160_WYG_076-27b
078.md	435	KR4h0160_WYG_076-28a
078.md	443	KR4h0160_WYG_076-28b
078.md	451	KR4h0160_WYG_076-29a
078.md	459	KR4h0160_WYG_076-29b
078.md	467	KR4h0160_WYG_076-30a
078.md	475	KR4h0160_WYG_076-30b
078.md	483	KR4h0160_WYG_076-31a
078.md	491	KR4h0160_WYG_076-31b
078.md	499	KR4h0160_WYG_076-32a
078.md	507	KR4h0160_WYG_076-32b
078.md	515	KR4h0160_WYG_076-33a
078.md	523	KR4h0160_WYG_076-33b
078.md	531	KR4h0160_WYG_076-34a
078.md	539	KR4h0160_WYG_076-34b
078.md	547	KR4h0160_WYG_076-35a
078.md	555	KR4h0160_WYG_076-35b
078.md	563	KR4h0160_WYG_076-36a
078.md	571	KR4h0160_WYG_076-36b
078.md	579	KR4h0160_WYG_076-37a
078.md	587	KR4h0160_WYG_076-37b
078.md	595	KR4h0160_WYG_076-38a
078.md	603	KR4h0160_WYG_076-38b
078.md	611	KR4h0160_WYG_076-39a
078.md	619	KR4h0160_WYG_076-39b
078.md	627	KR4h0160_WYG_076-40a
078.md	635	KR4h0160_WYG_076-40b
078.md	643	KR4h0160_WYG_076-41a
078.md	651	KR4h0160_WYG_076-41b
078.md	659	KR4h0160_WYG_076-42a
078.md	667	KR4h0160_WYG_076-42b
078.md	675	KR4h0160_WYG_076-43a
078.md	683	KR4h0160_WYG_076-43b
078.md	691	KR4h0160_WYG_076-44a
078.md	699	KR4h0160_WYG_076-44b
078.md	707	KR4h0160_WYG_076-45a
078.md	715	KR4h0160_WYG_076-45b
078.md	723	KR4h0160_WYG_076-46a
078.md	731	KR4h0160_WYG_076-46b
078.md	739	KR4h0160_WYG_076-47a
078.md	747	KR4h0160_WYG_076-47b
078.md	755	KR4h0160_WYG_076-48a
078.md	763	KR4h0160_WYG_076-48b
078.md	771	KR4h0160_WYG_076-49a
078.md	779	KR4h0160_WYG_076-49b
078.md	787	KR4h0160_WYG_076-50a
078.md	795	KR4h0160_WYG_076-50b
078.md	803	KR4h0160_WYG_076-51a
078.md	811	KR4h0160_WYG_076-51b
078.md	819	KR4h0160_WYG_076-52a
078.md	827	KR4h0160_WYG_076-52b
078.md	835	KR4h0160_WYG_076-53a
078.md	843	KR4h0160_WYG_076-53b
078.md	851	KR4h0160_WYG_076-54a
078.md	859	KR4h0160_WYG_076-54b
078.md	867	KR4h0160_WYG_076-55a
078.md	875	KR4h0160_WYG_076-55b
078.md	883	KR4h0160_WYG_076-56a
078.md	891	KR4h0160_WYG_076-56b
078.md	899	KR4h0160_WYG_076-57a
078.md	907	KR4h0160_WYG_076-57b
078.md	915	KR4h0160_WYG_076-58a
078.md	923	KR4h0160_WYG_076-58b
078.md	931	KR4h0160_WYG_076-59a
078.md	939	KR4h0160_WYG_076-59b
078.md	947	KR4h0160_WYG_076-60a
078.md	955	KR4h0160_WYG_076-60b
078.md	963	KR4h0160_WYG_076-61a
078.md	971	KR4h0160_WYG_076-61b
078.md	979	KR4h0160_WYG_076-62a
078.md	987	KR4h0160_WYG_076-62b
078.md	995	KR4h0160_WYG_076-63a
078.md	1003	KR4h0160_WYG_076-63b
078.md	1011	KR4h0160_WYG_076-64a
078.md	1019	KR4h0160_WYG_076-64b
078.md	1027	KR4h0160_WYG_076-65a
078.md	1035	KR4h0160_WYG_076-65b
078.md	1043	KR4h0160_WYG_076-66a
078.md	1051	KR4h0160_WYG_076-66b
078.md	1059	KR4h0160_WYG_076-67a
078.md	1067	KR4h0160_WYG_076-67b
078.md	1075	KR4h0160_WYG_076-68a
078.md	1083	KR4h0160_WYG_076-68b
078.md	1091	KR4h0160_WYG_076-69a
078.md	1099	KR4h0160_WYG_076-69b
078.md	1107	KR4h0160_WYG_076-70a
078.md	1115	KR4h0160_WYG_076-70b
078.md	1123	KR4h0160_WYG_076-71a
078.md	1131	KR4h0160_WYG_076-71b
078.md	1139	KR4h0160_WYG_076-72a
078.md	1147	KR4h0160_WYG_076-72b
078.md	1155	KR4h0160_WYG_076-73a
078.md	1163	KR4h0160_WYG_076-73b
078.md	1171	KR4h0160_WYG_076-74a
078.md	1179	KR4h0160_WYG_076-74b
078.md	1187	KR4h0160_WYG_076-75a
078.md	1195	KR4h0160_WYG_076-75b
078.md	1203	KR4h0160_WYG_076-76a
078.md	1211	KR4h0160_WYG_076-76b
078.md	1219	KR4h0160_WYG_076-77a
078.md	1227	KR4h0160_WYG_076-77b
078.md	1235	KR4h0160_WYG_076-78a
078.md	1243	KR4h0160_WYG_076-78b
078.md	1251	KR4h0160_WYG_076-79a
078.md	1259	KR4h0160_WYG_076-79b
078.md	1267	KR4h0160_WYG_076-80a
078.md	1275	KR4h0160_WYG_076-80b
078.md	1283	KR4h0160_WYG_076-81a
078.md	1291	KR4h0160_WYG_076-81b
078.md	1299	KR4h0160_WYG_076-82a
078.md	1307	KR4h0160_WYG_076-82b
078.md	1315	KR4h0160_WYG_076-83a
078.md	1323	KR4h0160_WYG_076-83b
078.md	1331	KR4h0160_WYG_076-84a
078.md	1339	KR4h0160_WYG_076-84b
078.md	1347	KR4h0160_WYG_076-85a
078.md	1355	KR4h0160_WYG_076-85b
078.md	1363	KR4h0160_WYG_076-86a
078.md	1371	KR4h0160_WYG_076-86b
078.md	1379	KR4h0160_WYG_076-87a
078.md	1387	KR4h0160_WYG_076-87b
078.md	1395	KR4h0160_WYG_076-88a
078.md	1403	KR4h0160_WYG_076-88b
079.md	3	KR4h0160_WYG_077-1a
079.md	11	KR4h0160_WYG_077-1b
079.md	19	KR4h0160_WYG_077-2a
079.md	27	KR4h0160_WYG_077-2b
079.md	35	KR4h0160_WYG_077-3a
079.md	43	KR4h0160_WYG_077-3b
079.md	51	KR4h0160_WYG_077-4a
079.md	59	KR4h0160_WYG_077-4b
079.md	67	KR4h0160_WYG_077-5a
079.md	75	KR4h0160_WYG_077-5b
079.md	83	KR4h0160_WYG_077-6a
079.md	91	KR4h0160_WYG_077-6b
079.md	99	KR4h0160_WYG_077-7a
079.md	107	KR4h0160_WYG_077-7b
079.md	115	KR4h0160_WYG_077-8a
079.md	123	KR4h0160_WYG_077-8b
079.md	131	KR4h0160_WYG_077-9a
079.md	139	KR4h0160_WYG_077-9b
079.md	147	KR4h0160_WYG_077-10a
079.md	155	KR4h0160_WYG_077-10b
079.md	163	KR4h0160_WYG_077-11a
079.md	171	KR4h0160_WYG_077-11b
079.md	179	KR4h0160_WYG_077-12a
079.md	187	KR4h0160_WYG_077-12b
079.md	195	KR4h0160_WYG_077-13a
079.md	203	KR4h0160_WYG_077-13b
079.md	211	KR4h0160_WYG_077-14a
079.md	219	KR4h0160_WYG_077-14b
079.md	227	KR4h0160_WYG_077-15a
079.md	235	KR4h0160_WYG_077-15b
079.md	243	KR4h0160_WYG_077-16a
079.md	251	KR4h0160_WYG_077-16b
079.md	259	KR4h0160_WYG_077-17a
079.md	267	KR4h0160_WYG_077-17b
079.md	275	KR4h0160_WYG_077-18a
079.md	283	KR4h0160_WYG_077-18b
079.md	291	KR4h0160_WYG_077-19a
079.md	299	KR4h0160_WYG_077-19b
079.md	307	KR4h0160_WYG_077-20a
079.md	315	KR4h0160_WYG_077-20b
079.md	323	KR4h0160_WYG_077-21a
079.md	331	KR4h0160_WYG_077-21b
079.md	339	KR4h0160_WYG_077-22a
079.md	347	KR4h0160_WYG_077-22b
079.md	355	KR4h0160_WYG_077-23a
079.md	363	KR4h0160_WYG_077-23b
079.md	371	KR4h0160_WYG_077-24a
079.md	379	KR4h0160_WYG_077-24b
079.md	387	KR4h0160_WYG_077-25a
079.md	395	KR4h0160_WYG_077-25b
079.md	403	KR4h0160_WYG_077-26a
079.md	411	KR4h0160_WYG_077-26b
079.md	419	KR4h0160_WYG_077-27a
079.md	427	KR4h0160_WYG_077-27b
079.md	435	KR4h0160_WYG_077-28a
079.md	443	KR4h0160_WYG_077-28b
079.md	451	KR4h0160_WYG_077-29a
079.md	459	KR4h0160_WYG_077-29b
079.md	467	KR4h0160_WYG_077-30a
079.md	475	KR4h0160_WYG_077-30b
079.md	483	KR4h0160_WYG_077-31a
079.md	491	KR4h0160_WYG_077-31b
079.md	499	KR4h0160_WYG_077-32a
079.md	507	KR4h0160_WYG_077-32b
079.md	515	KR4h0160_WYG_077-33a
079.md	523	KR4h0160_WYG_077-33b
079.md	531	KR4h0160_WYG_077-34a
079.md	539	KR4h0160_WYG_077-34b
079.md	547	KR4h0160_WYG_077-35a
079.md	555	KR4h0160_WYG_077-35b
079.md	563	KR4h0160_WYG_077-36a
079.md	571	KR4h0160_WYG_077-36b
079.md	579	KR4h0160_WYG_077-37a
079.md	587	KR4h0160_WYG_077-37b
079.md	595	KR4h0160_WYG_077-38a
079.md	603	KR4h0160_WYG_077-38b
079.md	611	KR4h0160_WYG_077-39a
079.md	619	KR4h0160_WYG_077-39b
079.md	627	KR4h0160_WYG_077-40a
079.md	635	KR4h0160_WYG_077-40b
079.md	643	KR4h0160_WYG_077-41a
079.md	651	KR4h0160_WYG_077-41b
079.md	659	KR4h0160_WYG_077-42a
079.md	667	KR4h0160_WYG_077-42b
079.md	675	KR4h0160_WYG_077-43a
079.md	683	KR4h0160_WYG_077-43b
079.md	691	KR4h0160_WYG_077-44a
079.md	699	KR4h0160_WYG_077-44b
079.md	707	KR4h0160_WYG_077-45a
079.md	715	KR4h0160_WYG_077-45b
079.md	723	KR4h0160_WYG_077-46a
079.md	731	KR4h0160_WYG_077-46b
079.md	739	KR4h0160_WYG_077-47a
079.md	747	KR4h0160_WYG_077-47b
079.md	755	KR4h0160_WYG_077-48a
079.md	763	KR4h0160_WYG_077-48b
080.md	3	KR4h0160_WYG_078-1a
080.md	11	KR4h0160_WYG_078-1b
080.md	19	KR4h0160_WYG_078-2a
080.md	27	KR4h0160_WYG_078-2b
080.md	35	KR4h0160_WYG_078-3a
080.md	43	KR4h0160_WYG_078-3b
080.md	51	KR4h0160_WYG_078-4a
080.md	59	KR4h0160_WYG_078-4b
080.md	67	KR4h0160_WYG_078-5a
080.md	75	KR4h0160_WYG_078-5b
080.md	83	KR4h0160_WYG_078-6a
080.md	91	KR4h0160_WYG_078-6b
080.md	99	KR4h0160_WYG_078-7a
080.md	107	KR4h0160_WYG_078-7b
080.md	115	KR4h0160_WYG_078-8a
080.md	123	KR4h0160_WYG_078-8b
080.md	131	KR4h0160_WYG_078-9a
080.md	139	KR4h0160_WYG_078-9b
080.md	147	KR4h0160_WYG_078-10a
080.md	155	KR4h0160_WYG_078-10b
080.md	163	KR4h0160_WYG_078-11a
080.md	171	KR4h0160_WYG_078-11b
080.md	179	KR4h0160_WYG_078-12a
080.md	187	KR4h0160_WYG_078-12b
080.md	195	KR4h0160_WYG_078-13a
080.md	203	KR4h0160_WYG_078-13b
080.md	211	KR4h0160_WYG_078-14a
080.md	219	KR4h0160_WYG_078-14b
080.md	227	KR4h0160_WYG_078-15a
080.md	235	KR4h0160_WYG_078-15b
080.md	243	KR4h0160_WYG_078-16a
080.md	251	KR4h0160_WYG_078-16b
080.md	259	KR4h0160_WYG_078-17a
080.md	267	KR4h0160_WYG_078-17b
080.md	275	KR4h0160_WYG_078-18a
080.md	283	KR4h0160_WYG_078-18b
080.md	291	KR4h0160_WYG_078-19a
080.md	299	KR4h0160_WYG_078-19b
080.md	307	KR4h0160_WYG_078-20a
080.md	315	KR4h0160_WYG_078-20b
080.md	323	KR4h0160_WYG_078-21a
080.md	331	KR4h0160_WYG_078-21b
080.md	339	KR4h0160_WYG_078-22a
080.md	347	KR4h0160_WYG_078-22b
080.md	355	KR4h0160_WYG_078-23a
080.md	363	KR4h0160_WYG_078-23b
080.md	371	KR4h0160_WYG_078-24a
080.md	379	KR4h0160_WYG_078-24b
080.md	387	KR4h0160_WYG_078-25a
080.md	395	KR4h0160_WYG_078-25b
080.md	403	KR4h0160_WYG_078-26a
080.md	411	KR4h0160_WYG_078-26b
080.md	419	KR4h0160_WYG_078-27a
080.md	427	KR4h0160_WYG_078-27b
080.md	435	KR4h0160_WYG_078-28a
080.md	443	KR4h0160_WYG_078-28b
080.md	451	KR4h0160_WYG_078-29a
080.md	459	KR4h0160_WYG_078-29b
080.md	467	KR4h0160_WYG_078-30a
080.md	475	KR4h0160_WYG_078-30b
080.md	483	KR4h0160_WYG_078-31a
080.md	491	KR4h0160_WYG_078-31b
080.md	499	KR4h0160_WYG_078-32a
080.md	507	KR4h0160_WYG_078-32b
080.md	515	KR4h0160_WYG_078-33a
080.md	523	KR4h0160_WYG_078-33b
080.md	531	KR4h0160_WYG_078-34a
080.md	539	KR4h0160_WYG_078-34b
080.md	547	KR4h0160_WYG_078-35a
080.md	555	KR4h0160_WYG_078-35b
080.md	563	KR4h0160_WYG_078-36a
080.md	571	KR4h0160_WYG_078-36b
080.md	579	KR4h0160_WYG_078-37a
080.md	587	KR4h0160_WYG_078-37b
080.md	595	KR4h0160_WYG_078-38a
080.md	603	KR4h0160_WYG_078-38b
080.md	611	KR4h0160_WYG_078-39a
080.md	619	KR4h0160_WYG_078-39b
080.md	627	KR4h0160_WYG_078-40a
080.md	635	KR4h0160_WYG_078-40b
080.md	643	KR4h0160_WYG_078-41a
080.md	651	KR4h0160_WYG_078-41b
080.md	659	KR4h0160_WYG_078-42a
080.md	667	KR4h0160_WYG_078-42b
080.md	675	KR4h0160_WYG_078-43a
080.md	683	KR4h0160_WYG_078-43b
080.md	691	KR4h0160_WYG_078-44a
080.md	699	KR4h0160_WYG_078-44b
080.md	707	KR4h0160_WYG_078-45a
080.md	715	KR4h0160_WYG_078-45b
080.md	723	KR4h0160_WYG_078-46a
080.md	731	KR4h0160_WYG_078-46b
080.md	739	KR4h0160_WYG_078-47a
080.md	747	KR4h0160_WYG_078-47b
080.md	755	KR4h0160_WYG_078-48a
080.md	763	KR4h0160_WYG_078-48b
080.md	771	KR4h0160_WYG_078-49a
080.md	779	KR4h0160_WYG_078-49b
080.md	787	KR4h0160_WYG_078-50a
080.md	795	KR4h0160_WYG_078-50b
080.md	803	KR4h0160_WYG_078-51a
080.md	811	KR4h0160_WYG_078-51b
080.md	819	KR4h0160_WYG_078-52a
080.md	827	KR4h0160_WYG_078-52b
080.md	835	KR4h0160_WYG_078-53a
080.md	843	KR4h0160_WYG_078-53b
080.md	851	KR4h0160_WYG_078-54a
080.md	859	KR4h0160_WYG_078-54b
080.md	867	KR4h0160_WYG_078-55a
080.md	875	KR4h0160_WYG_078-55b
080.md	883	KR4h0160_WYG_078-56a
080.md	891	KR4h0160_WYG_078-56b
080.md	899	KR4h0160_WYG_078-57a
080.md	907	KR4h0160_WYG_078-57b
080.md	915	KR4h0160_WYG_078-58a
080.md	923	KR4h0160_WYG_078-58b
080.md	931	KR4h0160_WYG_078-59a
080.md	939	KR4h0160_WYG_078-59b
080.md	947	KR4h0160_WYG_078-60a
080.md	955	KR4h0160_WYG_078-60b
080.md	963	KR4h0160_WYG_078-61a
080.md	971	KR4h0160_WYG_078-61b
080.md	979	KR4h0160_WYG_078-62a
080.md	987	KR4h0160_WYG_078-62b
080.md	995	KR4h0160_WYG_078-63a
080.md	1003	KR4h0160_WYG_078-63b
080.md	1011	KR4h0160_WYG_078-64a
080.md	1019	KR4h0160_WYG_078-64b
080.md	1027	KR4h0160_WYG_078-65a
080.md	1035	KR4h0160_WYG_078-65b
080.md	1043	KR4h0160_WYG_078-66a
080.md	1051	KR4h0160_WYG_078-66b
080.md	1059	KR4h0160_WYG_078-67a
080.md	1067	KR4h0160_WYG_078-67b
080.md	1075	KR4h0160_WYG_078-68a
080.md	1083	KR4h0160_WYG_078-68b
080.md	1091	KR4h0160_WYG_078-69a
080.md	1099	KR4h0160_WYG_078-69b
080.md	1107	KR4h0160_WYG_078-70a
080.md	1115	KR4h0160_WYG_078-70b
080.md	1123	KR4h0160_WYG_078-71a
080.md	1131	KR4h0160_WYG_078-71b
081.md	3	KR4h0160_WYG_079-1a
081.md	11	KR4h0160_WYG_079-1b
081.md	19	KR4h0160_WYG_079-2a
081.md	27	KR4h0160_WYG_079-2b
081.md	35	KR4h0160_WYG_079-3a
081.md	43	KR4h0160_WYG_079-3b
081.md	51	KR4h0160_WYG_079-4a
081.md	59	KR4h0160_WYG_079-4b
081.md	67	KR4h0160_WYG_079-5a
081.md	75	KR4h0160_WYG_079-5b
081.md	83	KR4h0160_WYG_079-6a
081.md	91	KR4h0160_WYG_079-6b
081.md	99	KR4h0160_WYG_079-7a
081.md	107	KR4h0160_WYG_079-7b
081.md	115	KR4h0160_WYG_079-8a
081.md	123	KR4h0160_WYG_079-8b
081.md	131	KR4h0160_WYG_079-9a
081.md	139	KR4h0160_WYG_079-9b
081.md	147	KR4h0160_WYG_079-10a
081.md	155	KR4h0160_WYG_079-10b
081.md	163	KR4h0160_WYG_079-11a
081.md	171	KR4h0160_WYG_079-11b
081.md	179	KR4h0160_WYG_079-12a
081.md	187	KR4h0160_WYG_079-12b
081.md	195	KR4h0160_WYG_079-13a
081.md	203	KR4h0160_WYG_079-13b
081.md	211	KR4h0160_WYG_079-14a
081.md	219	KR4h0160_WYG_079-14b
081.md	227	KR4h0160_WYG_079-15a
081.md	235	KR4h0160_WYG_079-15b
081.md	243	KR4h0160_WYG_079-16a
081.md	251	KR4h0160_WYG_079-16b
081.md	259	KR4h0160_WYG_079-17a
081.md	267	KR4h0160_WYG_079-17b
081.md	275	KR4h0160_WYG_079-18a
081.md	283	KR4h0160_WYG_079-18b
081.md	291	KR4h0160_WYG_079-19a
081.md	299	KR4h0160_WYG_079-19b
081.md	307	KR4h0160_WYG_079-20a
081.md	315	KR4h0160_WYG_079-20b
081.md	323	KR4h0160_WYG_079-21a
081.md	331	KR4h0160_WYG_079-21b
081.md	339	KR4h0160_WYG_079-22a
081.md	347	KR4h0160_WYG_079-22b
081.md	355	KR4h0160_WYG_079-23a
081.md	363	KR4h0160_WYG_079-23b
081.md	371	KR4h0160_WYG_079-24a
081.md	379	KR4h0160_WYG_079-24b
081.md	387	KR4h0160_WYG_079-25a
081.md	395	KR4h0160_WYG_079-25b
081.md	403	KR4h0160_WYG_079-26a
081.md	411	KR4h0160_WYG_079-26b
081.md	419	KR4h0160_WYG_079-27a
081.md	427	KR4h0160_WYG_079-27b
081.md	435	KR4h0160_WYG_079-28a
081.md	443	KR4h0160_WYG_079-28b
081.md	451	KR4h0160_WYG_079-29a
081.md	459	KR4h0160_WYG_079-29b
081.md	467	KR4h0160_WYG_079-30a
081.md	475	KR4h0160_WYG_079-30b
081.md	483	KR4h0160_WYG_079-31a
081.md	491	KR4h0160_WYG_079-31b
081.md	499	KR4h0160_WYG_079-32a
081.md	507	KR4h0160_WYG_079-32b
081.md	515	KR4h0160_WYG_079-33a
081.md	523	KR4h0160_WYG_079-33b
081.md	531	KR4h0160_WYG_079-34a
081.md	539	KR4h0160_WYG_079-34b
081.md	547	KR4h0160_WYG_079-35a
081.md	555	KR4h0160_WYG_079-35b
081.md	563	KR4h0160_WYG_079-36a
081.md	571	KR4h0160_WYG_079-36b
081.md	579	KR4h0160_WYG_079-37a
081.md	587	KR4h0160_WYG_079-37b
081.md	595	KR4h0160_WYG_079-38a
081.md	603	KR4h0160_WYG_079-38b
081.md	611	KR4h0160_WYG_079-39a
081.md	619	KR4h0160_WYG_079-39b
081.md	627	KR4h0160_WYG_079-40a
081.md	635	KR4h0160_WYG_079-40b
081.md	643	KR4h0160_WYG_079-41a
081.md	651	KR4h0160_WYG_079-41b
081.md	659	KR4h0160_WYG_079-42a
081.md	667	KR4h0160_WYG_079-42b
081.md	675	KR4h0160_WYG_079-43a
081.md	683	KR4h0160_WYG_079-43b
081.md	691	KR4h0160_WYG_079-44a
081.md	699	KR4h0160_WYG_079-44b
081.md	707	KR4h0160_WYG_079-45a
081.md	715	KR4h0160_WYG_079-45b
081.md	723	KR4h0160_WYG_079-46a
081.md	731	KR4h0160_WYG_079-46b
081.md	739	KR4h0160_WYG_079-47a
081.md	747	KR4h0160_WYG_079-47b
081.md	755	KR4h0160_WYG_079-48a
081.md	763	KR4h0160_WYG_079-48b
081.md	771	KR4h0160_WYG_079-49a
081.md	779	KR4h0160_WYG_079-49b
081.md	787	KR4h0160_WYG_079-50a
081.md	795	KR4h0160_WYG_079-50b
081.md	803	KR4h0160_WYG_079-51a
081.md	811	KR4h0160_WYG_079-51b
081.md	819	KR4h0160_WYG_079-52a
081.md	827	KR4h0160_WYG_079-52b
081.md	835	KR4h0160_WYG_079-53a
081.md	843	KR4h0160_WYG_079-53b
081.md	851	KR4h0160_WYG_079-54a
081.md	859	KR4h0160_WYG_079-54b
081.md	867	KR4h0160_WYG_079-55a
081.md	875	KR4h0160_WYG_079-55b
081.md	883	KR4h0160_WYG_079-56a
081.md	891	KR4h0160_WYG_079-56b
081.md	899	KR4h0160_WYG_079-57a
081.md	907	KR4h0160_WYG_079-57b
081.md	915	KR4h0160_WYG_079-58a
081.md	923	KR4h0160_WYG_079-58b
081.md	931	KR4h0160_WYG_079-59a
081.md	939	KR4h0160_WYG_079-59b
081.md	947	KR4h0160_WYG_079-60a
081.md	955	KR4h0160_WYG_079-60b
081.md	963	KR4h0160_WYG_079-61a
081.md	971	KR4h0160_WYG_079-61b
081.md	979	KR4h0160_WYG_079-62a
081.md	987	KR4h0160_WYG_079-62b
081.md	995	KR4h0160_WYG_079-63a
081.md	1003	KR4h0160_WYG_079-63b
081.md	1011	KR4h0160_WYG_079-64a
081.md	1019	KR4h0160_WYG_079-64b
081.md	1027	KR4h0160_WYG_079-65a
081.md	1035	KR4h0160_WYG_079-65b
081.md	1043	KR4h0160_WYG_079-66a
081.md	1051	KR4h0160_WYG_079-66b
081.md	1059	KR4h0160_WYG_079-67a
081.md	1067	KR4h0160_WYG_079-67b
081.md	1075	KR4h0160_WYG_079-68a
081.md	1083	KR4h0160_WYG_079-68b
081.md	1091	KR4h0160_WYG_079-69a
081.md	1099	KR4h0160_WYG_079-69b
081.md	1107	KR4h0160_WYG_079-70a
081.md	1115	KR4h0160_WYG_079-70b
081.md	1123	KR4h0160_WYG_079-71a
081.md	1131	KR4h0160_WYG_079-71b
081.md	1139	KR4h0160_WYG_079-72a
081.md	1147	KR4h0160_WYG_079-72b
081.md	1155	KR4h0160_WYG_079-73a
081.md	1163	KR4h0160_WYG_079-73b
081.md	1171	KR4h0160_WYG_079-74a
081.md	1179	KR4h0160_WYG_079-74b
081.md	1187	KR4h0160_WYG_079-75a
081.md	1195	KR4h0160_WYG_079-75b
081.md	1203	KR4h0160_WYG_079-76a
081.md	1211	KR4h0160_WYG_079-76b
081.md	1219	KR4h0160_WYG_079-77a
081.md	1227	KR4h0160_WYG_079-77b
081.md	1235	KR4h0160_WYG_079-78a
081.md	1243	KR4h0160_WYG_079-78b
081.md	1251	KR4h0160_WYG_079-79a
081.md	1259	KR4h0160_WYG_079-79b
081.md	1267	KR4h0160_WYG_079-80a
081.md	1275	KR4h0160_WYG_079-80b
081.md	1283	KR4h0160_WYG_079-81a
081.md	1291	KR4h0160_WYG_079-81b
081.md	1299	KR4h0160_WYG_079-82a
081.md	1307	KR4h0160_WYG_079-82b
081.md	1315	KR4h0160_WYG_079-83a
081.md	1323	KR4h0160_WYG_079-83b
081.md	1331	KR4h0160_WYG_079-84a
081.md	1339	KR4h0160_WYG_079-84b
081.md	1347	KR4h0160_WYG_079-85a
081.md	1355	KR4h0160_WYG_079-85b
081.md	1363	KR4h0160_WYG_079-86a
081.md	1371	KR4h0160_WYG_079-86b
081.md	1379	KR4h0160_WYG_079-87a
081.md	1387	KR4h0160_WYG_079-87b
081.md	1395	KR4h0160_WYG_079-88a
081.md	1403	KR4h0160_WYG_079-88b
081.md	1411	KR4h0160_WYG_079-89a
081.md	1419	KR4h0160_WYG_079-89b
081.md	1427	KR4h0160_WYG_079-90a
081.md	1435	KR4h0160_WYG_079-90b
081.md	1443	KR4h0160_WYG_079-91a
081.md	1451	KR4h0160_WYG_079-91b
081.md	1459	KR4h0160_WYG_079-92a
081.md	1467	KR4h0160_WYG_079-92b
081.md	1475	KR4h0160_WYG_079-93a
081.md	1483	KR4h0160_WYG_079-93b
081.md	1491	KR4h0160_WYG_079-94a
081.md	1499	KR4h0160_WYG_079-94b
081.md	1507	KR4h0160_WYG_079-95a
081.md	1515	KR4h0160_WYG_079-95b
082.md	3	KR4h0160_WYG_080-1a
082.md	11	KR4h0160_WYG_080-1b
082.md	19	KR4h0160_WYG_080-2a
082.md	27	KR4h0160_WYG_080-2b
082.md	35	KR4h0160_WYG_080-3a
082.md	43	KR4h0160_WYG_080-3b
082.md	51	KR4h0160_WYG_080-4a
082.md	59	KR4h0160_WYG_080-4b
082.md	67	KR4h0160_WYG_080-5a
082.md	75	KR4h0160_WYG_080-5b
082.md	83	KR4h0160_WYG_080-6a
082.md	91	KR4h0160_WYG_080-6b
082.md	99	KR4h0160_WYG_080-7a
082.md	107	KR4h0160_WYG_080-7b
082.md	115	KR4h0160_WYG_080-8a
082.md	123	KR4h0160_WYG_080-8b
082.md	131	KR4h0160_WYG_080-9a
082.md	139	KR4h0160_WYG_080-9b
082.md	147	KR4h0160_WYG_080-10a
082.md	155	KR4h0160_WYG_080-10b
082.md	163	KR4h0160_WYG_080-11a
082.md	171	KR4h0160_WYG_080-11b
082.md	179	KR4h0160_WYG_080-12a
082.md	187	KR4h0160_WYG_080-12b
082.md	195	KR4h0160_WYG_080-13a
082.md	203	KR4h0160_WYG_080-13b
082.md	211	KR4h0160_WYG_080-14a
082.md	219	KR4h0160_WYG_080-14b
082.md	227	KR4h0160_WYG_080-15a
082.md	235	KR4h0160_WYG_080-15b
082.md	243	KR4h0160_WYG_080-16a
082.md	251	KR4h0160_WYG_080-16b
082.md	259	KR4h0160_WYG_080-17a
082.md	267	KR4h0160_WYG_080-17b
082.md	275	KR4h0160_WYG_080-18a
082.md	283	KR4h0160_WYG_080-18b
082.md	291	KR4h0160_WYG_080-19a
082.md	299	KR4h0160_WYG_080-19b
082.md	307	KR4h0160_WYG_080-20a
082.md	315	KR4h0160_WYG_080-20b
082.md	323	KR4h0160_WYG_080-21a
082.md	331	KR4h0160_WYG_080-21b
082.md	339	KR4h0160_WYG_080-22a
082.md	347	KR4h0160_WYG_080-22b
082.md	355	KR4h0160_WYG_080-23a
082.md	363	KR4h0160_WYG_080-23b
082.md	371	KR4h0160_WYG_080-24a
082.md	379	KR4h0160_WYG_080-24b
082.md	387	KR4h0160_WYG_080-25a
082.md	395	KR4h0160_WYG_080-25b
082.md	403	KR4h0160_WYG_080-26a
082.md	411	KR4h0160_WYG_080-26b
082.md	419	KR4h0160_WYG_080-27a
082.md	427	KR4h0160_WYG_080-27b
082.md	435	KR4h0160_WYG_080-28a
082.md	443	KR4h0160_WYG_080-28b
082.md	451	KR4h0160_WYG_080-29a
082.md	459	KR4h0160_WYG_080-29b
082.md	467	KR4h0160_WYG_080-30a
082.md	475	KR4h0160_WYG_080-30b
082.md	483	KR4h0160_WYG_080-31a
082.md	491	KR4h0160_WYG_080-31b
082.md	499	KR4h0160_WYG_080-32a
082.md	507	KR4h0160_WYG_080-32b
082.md	515	KR4h0160_WYG_080-33a
082.md	523	KR4h0160_WYG_080-33b
082.md	531	KR4h0160_WYG_080-34a
082.md	539	KR4h0160_WYG_080-34b
082.md	547	KR4h0160_WYG_080-35a
082.md	555	KR4h0160_WYG_080-35b
082.md	563	KR4h0160_WYG_080-36a
082.md	571	KR4h0160_WYG_080-36b
082.md	579	KR4h0160_WYG_080-37a
082.md	587	KR4h0160_WYG_080-37b
082.md	595	KR4h0160_WYG_080-38a
082.md	603	KR4h0160_WYG_080-38b
082.md	611	KR4h0160_WYG_080-39a
082.md	619	KR4h0160_WYG_080-39b
082.md	627	KR4h0160_WYG_080-40a
082.md	635	KR4h0160_WYG_080-40b
082.md	643	KR4h0160_WYG_080-41a
082.md	651	KR4h0160_WYG_080-41b
082.md	659	KR4h0160_WYG_080-42a
082.md	667	KR4h0160_WYG_080-42b
082.md	675	KR4h0160_WYG_080-43a
082.md	683	KR4h0160_WYG_080-43b
082.md	691	KR4h0160_WYG_080-44a
082.md	699	KR4h0160_WYG_080-44b
082.md	707	KR4h0160_WYG_080-45a
082.md	715	KR4h0160_WYG_080-45b
082.md	723	KR4h0160_WYG_080-46a
082.md	731	KR4h0160_WYG_080-46b
082.md	739	KR4h0160_WYG_080-47a
082.md	747	KR4h0160_WYG_080-47b
082.md	755	KR4h0160_WYG_080-48a
082.md	763	KR4h0160_WYG_080-48b
082.md	771	KR4h0160_WYG_080-49a
082.md	779	KR4h0160_WYG_080-49b
082.md	787	KR4h0160_WYG_080-50a
082.md	795	KR4h0160_WYG_080-50b
082.md	803	KR4h0160_WYG_080-51a
082.md	811	KR4h0160_WYG_080-51b
082.md	819	KR4h0160_WYG_080-52a
082.md	827	KR4h0160_WYG_080-52b
082.md	835	KR4h0160_WYG_080-53a
082.md	843	KR4h0160_WYG_080-53b
082.md	851	KR4h0160_WYG_080-54a
082.md	859	KR4h0160_WYG_080-54b
082.md	867	KR4h0160_WYG_080-55a
082.md	875	KR4h0160_WYG_080-55b
082.md	883	KR4h0160_WYG_080-56a
082.md	891	KR4h0160_WYG_080-56b
082.md	899	KR4h0160_WYG_080-57a
082.md	907	KR4h0160_WYG_080-57b
082.md	915	KR4h0160_WYG_080-58a
082.md	923	KR4h0160_WYG_080-58b
082.md	931	KR4h0160_WYG_080-59a
082.md	939	KR4h0160_WYG_080-59b
082.md	947	KR4h0160_WYG_080-60a
082.md	955	KR4h0160_WYG_080-60b
082.md	963	KR4h0160_WYG_080-61a
082.md	971	KR4h0160_WYG_080-61b
082.md	979	KR4h0160_WYG_080-62a
082.md	987	KR4h0160_WYG_080-62b
082.md	995	KR4h0160_WYG_080-63a
082.md	1003	KR4h0160_WYG_080-63b
082.md	1011	KR4h0160_WYG_080-64a
082.md	1019	KR4h0160_WYG_080-64b
082.md	1027	KR4h0160_WYG_080-65a
082.md	1035	KR4h0160_WYG_080-65b
082.md	1043	KR4h0160_WYG_080-66a
082.md	1051	KR4h0160_WYG_080-66b
082.md	1059	KR4h0160_WYG_080-67a
082.md	1067	KR4h0160_WYG_080-67b
082.md	1075	KR4h0160_WYG_080-68a
082.md	1083	KR4h0160_WYG_080-68b
082.md	1091	KR4h0160_WYG_080-69a
082.md	1099	KR4h0160_WYG_080-69b
082.md	1107	KR4h0160_WYG_080-70a
082.md	1115	KR4h0160_WYG_080-70b
082.md	1123	KR4h0160_WYG_080-71a
082.md	1131	KR4h0160_WYG_080-71b
082.md	1139	KR4h0160_WYG_080-72a
082.md	1147	KR4h0160_WYG_080-72b
082.md	1155	KR4h0160_WYG_080-73a
082.md	1163	KR4h0160_WYG_080-73b
082.md	1171	KR4h0160_WYG_080-74a
082.md	1179	KR4h0160_WYG_080-74b
082.md	1187	KR4h0160_WYG_080-75a
082.md	1195	KR4h0160_WYG_080-75b
082.md	1203	KR4h0160_WYG_080-76a
082.md	1211	KR4h0160_WYG_080-76b
082.md	1219	KR4h0160_WYG_080-77a
082.md	1227	KR4h0160_WYG_080-77b
082.md	1235	KR4h0160_WYG_080-78a
082.md	1243	KR4h0160_WYG_080-78b
082.md	1251	KR4h0160_WYG_080-79a
082.md	1259	KR4h0160_WYG_080-79b
082.md	1267	KR4h0160_WYG_080-80a
082.md	1275	KR4h0160_WYG_080-80b
082.md	1283	KR4h0160_WYG_080-81a
082.md	1291	KR4h0160_WYG_080-81b
082.md	1299	KR4h0160_WYG_080-82a
082.md	1307	KR4h0160_WYG_080-82b
082.md	1315	KR4h0160_WYG_080-83a
082.md	1323	KR4h0160_WYG_080-83b
082.md	1331	KR4h0160_WYG_080-84a
082.md	1339	KR4h0160_WYG_080-84b
082.md	1347	KR4h0160_WYG_080-85a
082.md	1355	KR4h0160_WYG_080-85b
082.md	1363	KR4h0160_WYG_080-86a
082.md	1371	KR4h0160_WYG_080-86b
082.md	1379	KR4h0160_WYG_080-87a
082.md	1387	KR4h0160_WYG_080-87b
082.md	1395	KR4h0160_WYG_080-88a
082.md	1403	KR4h0160_WYG_080-88b
082.md	1411	KR4h0160_WYG_080-89a
082.md	1419	KR4h0160_WYG_080-89b
082.md	1427	KR4h0160_WYG_080-90a
082.md	1435	KR4h0160_WYG_080-90b
082.md	1443	KR4h0160_WYG_080-91a
082.md	1451	KR4h0160_WYG_080-91b
082.md	1459	KR4h0160_WYG_080-92a
082.md	1467	KR4h0160_WYG_080-92b
082.md	1475	KR4h0160_WYG_080-93a
082.md	1483	KR4h0160_WYG_080-93b
082.md	1491	KR4h0160_WYG_080-94a
082.md	1499	KR4h0160_WYG_080-94b
082.md	1507	KR4h0160_WYG_080-95a
082.md	1515	KR4h0160_WYG_080-95b
083.md	3	KR4h0160_WYG_081-1a
083.md	11	KR4h0160_WYG_081-1b
083.md	19	KR4h0160_WYG_081-2a
083.md	27	KR4h0160_WYG_081-2b
083.md	35	KR4h0160_WYG_081-3a
083.md	43	KR4h0160_WYG_081-3b
083.md	51	KR4h0160_WYG_081-4a
083.md	59	KR4h0160_WYG_081-4b
083.md	67	KR4h0160_WYG_081-5a
083.md	75	KR4h0160_WYG_081-5b
083.md	83	KR4h0160_WYG_081-6a
083.md	91	KR4h0160_WYG_081-6b
083.md	99	KR4h0160_WYG_081-7a
083.md	107	KR4h0160_WYG_081-7b
083.md	115	KR4h0160_WYG_081-8a
083.md	123	KR4h0160_WYG_081-8b
083.md	131	KR4h0160_WYG_081-9a
083.md	139	KR4h0160_WYG_081-9b
083.md	147	KR4h0160_WYG_081-10a
083.md	155	KR4h0160_WYG_081-10b
083.md	163	KR4h0160_WYG_081-11a
083.md	171	KR4h0160_WYG_081-11b
083.md	179	KR4h0160_WYG_081-12a
083.md	187	KR4h0160_WYG_081-12b
083.md	195	KR4h0160_WYG_081-13a
083.md	203	KR4h0160_WYG_081-13b
083.md	211	KR4h0160_WYG_081-14a
083.md	219	KR4h0160_WYG_081-14b
083.md	227	KR4h0160_WYG_081-15a
083.md	235	KR4h0160_WYG_081-15b
083.md	243	KR4h0160_WYG_081-16a
083.md	251	KR4h0160_WYG_081-16b
083.md	259	KR4h0160_WYG_081-17a
083.md	267	KR4h0160_WYG_081-17b
083.md	275	KR4h0160_WYG_081-18a
083.md	283	KR4h0160_WYG_081-18b
083.md	291	KR4h0160_WYG_081-19a
083.md	299	KR4h0160_WYG_081-19b
083.md	307	KR4h0160_WYG_081-20a
083.md	315	KR4h0160_WYG_081-20b
083.md	323	KR4h0160_WYG_081-21a
083.md	331	KR4h0160_WYG_081-21b
083.md	339	KR4h0160_WYG_081-22a
083.md	347	KR4h0160_WYG_081-22b
083.md	355	KR4h0160_WYG_081-23a
083.md	363	KR4h0160_WYG_081-23b
083.md	371	KR4h0160_WYG_081-24a
083.md	379	KR4h0160_WYG_081-24b
083.md	387	KR4h0160_WYG_081-25a
083.md	395	KR4h0160_WYG_081-25b
083.md	403	KR4h0160_WYG_081-26a
083.md	411	KR4h0160_WYG_081-26b
083.md	419	KR4h0160_WYG_081-27a
083.md	427	KR4h0160_WYG_081-27b
083.md	435	KR4h0160_WYG_081-28a
083.md	443	KR4h0160_WYG_081-28b
083.md	451	KR4h0160_WYG_081-29a
083.md	459	KR4h0160_WYG_081-29b
083.md	467	KR4h0160_WYG_081-30a
083.md	475	KR4h0160_WYG_081-30b
083.md	483	KR4h0160_WYG_081-31a
083.md	491	KR4h0160_WYG_081-31b
083.md	499	KR4h0160_WYG_081-32a
083.md	507	KR4h0160_WYG_081-32b
083.md	515	KR4h0160_WYG_081-33a
083.md	523	KR4h0160_WYG_081-33b
083.md	531	KR4h0160_WYG_081-34a
083.md	539	KR4h0160_WYG_081-34b
083.md	547	KR4h0160_WYG_081-35a
083.md	555	KR4h0160_WYG_081-35b
083.md	563	KR4h0160_WYG_081-36a
083.md	571	KR4h0160_WYG_081-36b
083.md	579	KR4h0160_WYG_081-37a
083.md	587	KR4h0160_WYG_081-37b
083.md	595	KR4h0160_WYG_081-38a
083.md	603	KR4h0160_WYG_081-38b
083.md	611	KR4h0160_WYG_081-39a
083.md	619	KR4h0160_WYG_081-39b
083.md	627	KR4h0160_WYG_081-40a
083.md	635	KR4h0160_WYG_081-40b
083.md	643	KR4h0160_WYG_081-41a
083.md	651	KR4h0160_WYG_081-41b
083.md	659	KR4h0160_WYG_081-42a
083.md	667	KR4h0160_WYG_081-42b
083.md	675	KR4h0160_WYG_081-43a
083.md	683	KR4h0160_WYG_081-43b
083.md	691	KR4h0160_WYG_081-44a
083.md	699	KR4h0160_WYG_081-44b
083.md	707	KR4h0160_WYG_081-45a
083.md	715	KR4h0160_WYG_081-45b
083.md	723	KR4h0160_WYG_081-46a
083.md	731	KR4h0160_WYG_081-46b
083.md	739	KR4h0160_WYG_081-47a
083.md	747	KR4h0160_WYG_081-47b
083.md	755	KR4h0160_WYG_081-48a
083.md	763	KR4h0160_WYG_081-48b
083.md	771	KR4h0160_WYG_081-49a
083.md	779	KR4h0160_WYG_081-49b
083.md	787	KR4h0160_WYG_081-50a
083.md	795	KR4h0160_WYG_081-50b
083.md	803	KR4h0160_WYG_081-51a
083.md	811	KR4h0160_WYG_081-51b
083.md	819	KR4h0160_WYG_081-52a
083.md	827	KR4h0160_WYG_081-52b
083.md	835	KR4h0160_WYG_081-53a
083.md	843	KR4h0160_WYG_081-53b
083.md	851	KR4h0160_WYG_081-54a
083.md	859	KR4h0160_WYG_081-54b
083.md	867	KR4h0160_WYG_081-55a
083.md	875	KR4h0160_WYG_081-55b
083.md	883	KR4h0160_WYG_081-56a
083.md	891	KR4h0160_WYG_081-56b
083.md	899	KR4h0160_WYG_081-57a
083.md	907	KR4h0160_WYG_081-57b
083.md	915	KR4h0160_WYG_081-58a
083.md	923	KR4h0160_WYG_081-58b
083.md	931	KR4h0160_WYG_081-59a
083.md	939	KR4h0160_WYG_081-59b
083.md	947	KR4h0160_WYG_081-60a
083.md	955	KR4h0160_WYG_081-60b
083.md	963	KR4h0160_WYG_081-61a
083.md	971	KR4h0160_WYG_081-61b
083.md	979	KR4h0160_WYG_081-62a
083.md	987	KR4h0160_WYG_081-62b
083.md	995	KR4h0160_WYG_081-63a
083.md	1003	KR4h0160_WYG_081-63b
083.md	1011	KR4h0160_WYG_081-64a
083.md	1019	KR4h0160_WYG_081-64b
083.md	1027	KR4h0160_WYG_081-65a
083.md	1035	KR4h0160_WYG_081-65b
083.md	1043	KR4h0160_WYG_081-66a
083.md	1051	KR4h0160_WYG_081-66b
083.md	1059	KR4h0160_WYG_081-67a
083.md	1067	KR4h0160_WYG_081-67b
083.md	1075	KR4h0160_WYG_081-68a
083.md	1083	KR4h0160_WYG_081-68b
083.md	1091	KR4h0160_WYG_081-69a
083.md	1099	KR4h0160_WYG_081-69b
083.md	1107	KR4h0160_WYG_081-70a
083.md	1115	KR4h0160_WYG_081-70b
083.md	1123	KR4h0160_WYG_081-71a
083.md	1131	KR4h0160_WYG_081-71b
083.md	1139	KR4h0160_WYG_081-72a
083.md	1147	KR4h0160_WYG_081-72b
083.md	1155	KR4h0160_WYG_081-73a
083.md	1163	KR4h0160_WYG_081-73b
083.md	1171	KR4h0160_WYG_081-74a
083.md	1179	KR4h0160_WYG_081-74b
084.md	3	KR4h0160_WYG_082-1a
084.md	11	KR4h0160_WYG_082-1b
084.md	19	KR4h0160_WYG_082-2a
084.md	27	KR4h0160_WYG_082-2b
084.md	35	KR4h0160_WYG_082-3a
084.md	43	KR4h0160_WYG_082-3b
084.md	51	KR4h0160_WYG_082-4a
084.md	59	KR4h0160_WYG_082-4b
084.md	67	KR4h0160_WYG_082-5a
084.md	75	KR4h0160_WYG_082-5b
084.md	83	KR4h0160_WYG_082-6a
084.md	91	KR4h0160_WYG_082-6b
084.md	99	KR4h0160_WYG_082-7a
084.md	107	KR4h0160_WYG_082-7b
084.md	115	KR4h0160_WYG_082-8a
084.md	123	KR4h0160_WYG_082-8b
084.md	131	KR4h0160_WYG_082-9a
084.md	139	KR4h0160_WYG_082-9b
084.md	147	KR4h0160_WYG_082-10a
084.md	155	KR4h0160_WYG_082-10b
084.md	163	KR4h0160_WYG_082-11a
084.md	171	KR4h0160_WYG_082-11b
084.md	179	KR4h0160_WYG_082-12a
084.md	187	KR4h0160_WYG_082-12b
084.md	195	KR4h0160_WYG_082-13a
084.md	203	KR4h0160_WYG_082-13b
084.md	211	KR4h0160_WYG_082-14a
084.md	219	KR4h0160_WYG_082-14b
084.md	227	KR4h0160_WYG_082-15a
084.md	235	KR4h0160_WYG_082-15b
084.md	243	KR4h0160_WYG_082-16a
084.md	251	KR4h0160_WYG_082-16b
084.md	259	KR4h0160_WYG_082-17a
084.md	267	KR4h0160_WYG_082-17b
084.md	275	KR4h0160_WYG_082-18a
084.md	283	KR4h0160_WYG_082-18b
084.md	291	KR4h0160_WYG_082-19a
084.md	299	KR4h0160_WYG_082-19b
084.md	307	KR4h0160_WYG_082-20a
084.md	315	KR4h0160_WYG_082-20b
084.md	323	KR4h0160_WYG_082-21a
084.md	331	KR4h0160_WYG_082-21b
084.md	339	KR4h0160_WYG_082-22a
084.md	347	KR4h0160_WYG_082-22b
084.md	355	KR4h0160_WYG_082-23a
084.md	363	KR4h0160_WYG_082-23b
084.md	371	KR4h0160_WYG_082-24a
084.md	379	KR4h0160_WYG_082-24b
084.md	387	KR4h0160_WYG_082-25a
084.md	395	KR4h0160_WYG_082-25b
084.md	403	KR4h0160_WYG_082-26a
084.md	411	KR4h0160_WYG_082-26b
084.md	419	KR4h0160_WYG_082-27a
084.md	427	KR4h0160_WYG_082-27b
084.md	435	KR4h0160_WYG_082-28a
084.md	443	KR4h0160_WYG_082-28b
084.md	451	KR4h0160_WYG_082-29a
084.md	459	KR4h0160_WYG_082-29b
084.md	467	KR4h0160_WYG_082-30a
084.md	475	KR4h0160_WYG_082-30b
084.md	483	KR4h0160_WYG_082-31a
084.md	491	KR4h0160_WYG_082-31b
084.md	499	KR4h0160_WYG_082-32a
084.md	507	KR4h0160_WYG_082-32b
084.md	515	KR4h0160_WYG_082-33a
084.md	523	KR4h0160_WYG_082-33b
084.md	531	KR4h0160_WYG_082-34a
084.md	539	KR4h0160_WYG_082-34b
084.md	547	KR4h0160_WYG_082-35a
084.md	555	KR4h0160_WYG_082-35b
084.md	563	KR4h0160_WYG_082-36a
084.md	571	KR4h0160_WYG_082-36b
084.md	579	KR4h0160_WYG_082-37a
084.md	587	KR4h0160_WYG_082-37b
084.md	595	KR4h0160_WYG_082-38a
084.md	603	KR4h0160_WYG_082-38b
084.md	611	KR4h0160_WYG_082-39a
084.md	619	KR4h0160_WYG_082-39b
084.md	627	KR4h0160_WYG_082-40a
084.md	635	KR4h0160_WYG_082-40b
084.md	643	KR4h0160_WYG_082-41a
084.md	651	KR4h0160_WYG_082-41b
084.md	659	KR4h0160_WYG_082-42a
084.md	667	KR4h0160_WYG_082-42b
084.md	675	KR4h0160_WYG_082-43a
084.md	683	KR4h0160_WYG_082-43b
084.md	691	KR4h0160_WYG_082-44a
084.md	699	KR4h0160_WYG_082-44b
084.md	707	KR4h0160_WYG_082-45a
084.md	715	KR4h0160_WYG_082-45b
084.md	723	KR4h0160_WYG_082-46a
084.md	731	KR4h0160_WYG_082-46b
084.md	739	KR4h0160_WYG_082-47a
084.md	747	KR4h0160_WYG_082-47b
085.md	3	KR4h0160_WYG_083-1a
085.md	11	KR4h0160_WYG_083-1b
085.md	19	KR4h0160_WYG_083-2a
085.md	27	KR4h0160_WYG_083-2b
085.md	35	KR4h0160_WYG_083-3a
085.md	43	KR4h0160_WYG_083-3b
085.md	51	KR4h0160_WYG_083-4a
085.md	59	KR4h0160_WYG_083-4b
085.md	67	KR4h0160_WYG_083-5a
085.md	75	KR4h0160_WYG_083-5b
085.md	83	KR4h0160_WYG_083-6a
085.md	91	KR4h0160_WYG_083-6b
085.md	99	KR4h0160_WYG_083-7a
085.md	107	KR4h0160_WYG_083-7b
085.md	115	KR4h0160_WYG_083-8a
085.md	123	KR4h0160_WYG_083-8b
085.md	131	KR4h0160_WYG_083-9a
085.md	139	KR4h0160_WYG_083-9b
085.md	147	KR4h0160_WYG_083-10a
085.md	155	KR4h0160_WYG_083-10b
085.md	163	KR4h0160_WYG_083-11a
085.md	171	KR4h0160_WYG_083-11b
085.md	179	KR4h0160_WYG_083-12a
085.md	187	KR4h0160_WYG_083-12b
085.md	195	KR4h0160_WYG_083-13a
085.md	203	KR4h0160_WYG_083-13b
085.md	211	KR4h0160_WYG_083-14a
085.md	219	KR4h0160_WYG_083-14b
085.md	227	KR4h0160_WYG_083-15a
085.md	235	KR4h0160_WYG_083-15b
085.md	243	KR4h0160_WYG_083-16a
085.md	251	KR4h0160_WYG_083-16b
085.md	259	KR4h0160_WYG_083-17a
085.md	267	KR4h0160_WYG_083-17b
085.md	275	KR4h0160_WYG_083-18a
085.md	283	KR4h0160_WYG_083-18b
085.md	291	KR4h0160_WYG_083-19a
085.md	299	KR4h0160_WYG_083-19b
085.md	307	KR4h0160_WYG_083-20a
085.md	315	KR4h0160_WYG_083-20b
085.md	323	KR4h0160_WYG_083-21a
085.md	331	KR4h0160_WYG_083-21b
085.md	339	KR4h0160_WYG_083-22a
085.md	347	KR4h0160_WYG_083-22b
085.md	355	KR4h0160_WYG_083-23a
085.md	363	KR4h0160_WYG_083-23b
085.md	371	KR4h0160_WYG_083-24a
085.md	379	KR4h0160_WYG_083-24b
085.md	387	KR4h0160_WYG_083-25a
085.md	395	KR4h0160_WYG_083-25b
085.md	403	KR4h0160_WYG_083-26a
085.md	411	KR4h0160_WYG_083-26b
085.md	419	KR4h0160_WYG_083-27a
085.md	427	KR4h0160_WYG_083-27b
085.md	435	KR4h0160_WYG_083-28a
085.md	443	KR4h0160_WYG_083-28b
085.md	451	KR4h0160_WYG_083-29a
085.md	459	KR4h0160_WYG_083-29b
085.md	467	KR4h0160_WYG_083-30a
085.md	475	KR4h0160_WYG_083-30b
085.md	483	KR4h0160_WYG_083-31a
085.md	491	KR4h0160_WYG_083-31b
085.md	499	KR4h0160_WYG_083-32a
085.md	507	KR4h0160_WYG_083-32b
085.md	515	KR4h0160_WYG_083-33a
085.md	523	KR4h0160_WYG_083-33b
085.md	531	KR4h0160_WYG_083-34a
085.md	539	KR4h0160_WYG_083-34b
085.md	547	KR4h0160_WYG_083-35a
085.md	555	KR4h0160_WYG_083-35b
085.md	563	KR4h0160_WYG_083-36a
085.md	571	KR4h0160_WYG_083-36b
085.md	579	KR4h0160_WYG_083-37a
085.md	587	KR4h0160_WYG_083-37b
085.md	595	KR4h0160_WYG_083-38a
085.md	603	KR4h0160_WYG_083-38b
085.md	611	KR4h0160_WYG_083-39a
085.md	619	KR4h0160_WYG_083-39b
085.md	627	KR4h0160_WYG_083-40a
085.md	635	KR4h0160_WYG_083-40b
085.md	643	KR4h0160_WYG_083-41a
085.md	651	KR4h0160_WYG_083-41b
085.md	659	KR4h0160_WYG_083-42a
085.md	667	KR4h0160_WYG_083-42b
085.md	675	KR4h0160_WYG_083-43a
085.md	683	KR4h0160_WYG_083-43b
085.md	691	KR4h0160_WYG_083-44a
085.md	699	KR4h0160_WYG_083-44b
085.md	707	KR4h0160_WYG_083-45a
085.md	715	KR4h0160_WYG_083-45b
085.md	723	KR4h0160_WYG_083-46a
085.md	731	KR4h0160_WYG_083-46b
085.md	739	KR4h0160_WYG_083-47a
085.md	747	KR4h0160_WYG_083-47b
085.md	755	KR4h0160_WYG_083-48a
085.md	763	KR4h0160_WYG_083-48b
085.md	771	KR4h0160_WYG_083-49a
085.md	779	KR4h0160_WYG_083-49b
085.md	787	KR4h0160_WYG_083-50a
085.md	795	KR4h0160_WYG_083-50b
085.md	803	KR4h0160_WYG_083-51a
085.md	811	KR4h0160_WYG_083-51b
085.md	819	KR4h0160_WYG_083-52a
085.md	827	KR4h0160_WYG_083-52b
085.md	835	KR4h0160_WYG_083-53a
085.md	843	KR4h0160_WYG_083-53b
085.md	851	KR4h0160_WYG_083-54a
085.md	859	KR4h0160_WYG_083-54b
085.md	867	KR4h0160_WYG_083-55a
085.md	875	KR4h0160_WYG_083-55b
085.md	883	KR4h0160_WYG_083-56a
085.md	891	KR4h0160_WYG_083-56b
085.md	899	KR4h0160_WYG_083-57a
085.md	907	KR4h0160_WYG_083-57b
085.md	915	KR4h0160_WYG_083-58a
085.md	923	KR4h0160_WYG_083-58b
085.md	931	KR4h0160_WYG_083-59a
085.md	939	KR4h0160_WYG_083-59b
085.md	947	KR4h0160_WYG_083-60a
085.md	955	KR4h0160_WYG_083-60b
085.md	963	KR4h0160_WYG_083-61a
085.md	971	KR4h0160_WYG_083-61b
085.md	979	KR4h0160_WYG_083-62a
085.md	987	KR4h0160_WYG_083-62b
085.md	995	KR4h0160_WYG_083-63a
085.md	1003	KR4h0160_WYG_083-63b
085.md	1011	KR4h0160_WYG_083-64a
085.md	1019	KR4h0160_WYG_083-64b
085.md	1027	KR4h0160_WYG_083-65a
085.md	1035	KR4h0160_WYG_083-65b
085.md	1043	KR4h0160_WYG_083-66a
085.md	1051	KR4h0160_WYG_083-66b
085.md	1059	KR4h0160_WYG_083-67a
085.md	1067	KR4h0160_WYG_083-67b
085.md	1075	KR4h0160_WYG_083-68a
085.md	1083	KR4h0160_WYG_083-68b
085.md	1091	KR4h0160_WYG_083-69a
085.md	1099	KR4h0160_WYG_083-69b
085.md	1107	KR4h0160_WYG_083-70a
085.md	1115	KR4h0160_WYG_083-70b
085.md	1123	KR4h0160_WYG_083-71a
085.md	1131	KR4h0160_WYG_083-71b
085.md	1139	KR4h0160_WYG_083-72a
085.md	1147	KR4h0160_WYG_083-72b
085.md	1155	KR4h0160_WYG_083-73a
085.md	1163	KR4h0160_WYG_083-73b
085.md	1171	KR4h0160_WYG_083-74a
085.md	1179	KR4h0160_WYG_083-74b
085.md	1187	KR4h0160_WYG_083-75a
085.md	1195	KR4h0160_WYG_083-75b
085.md	1203	KR4h0160_WYG_083-76a
085.md	1211	KR4h0160_WYG_083-76b
085.md	1219	KR4h0160_WYG_083-77a
085.md	1227	KR4h0160_WYG_083-77b
085.md	1235	KR4h0160_WYG_083-78a
085.md	1243	KR4h0160_WYG_083-78b
085.md	1251	KR4h0160_WYG_083-79a
085.md	1259	KR4h0160_WYG_083-79b
085.md	1267	KR4h0160_WYG_083-80a
085.md	1275	KR4h0160_WYG_083-80b
085.md	1283	KR4h0160_WYG_083-81a
085.md	1291	KR4h0160_WYG_083-81b
085.md	1299	KR4h0160_WYG_083-82a
085.md	1307	KR4h0160_WYG_083-82b
085.md	1315	KR4h0160_WYG_083-83a
085.md	1323	KR4h0160_WYG_083-83b
085.md	1331	KR4h0160_WYG_083-84a
085.md	1339	KR4h0160_WYG_083-84b
085.md	1347	KR4h0160_WYG_083-85a
085.md	1355	KR4h0160_WYG_083-85b
085.md	1363	KR4h0160_WYG_083-86a
085.md	1371	KR4h0160_WYG_083-86b
085.md	1379	KR4h0160_WYG_083-87a
085.md	1387	KR4h0160_WYG_083-87b
085.md	1395	KR4h0160_WYG_083-88a
085.md	1403	KR4h0160_WYG_083-88b
085.md	1411	KR4h0160_WYG_083-89a
085.md	1419	KR4h0160_WYG_083-89b
085.md	1427	KR4h0160_WYG_083-90a
085.md	1435	KR4h0160_WYG_083-90b
085.md	1443	KR4h0160_WYG_083-91a
085.md	1451	KR4h0160_WYG_083-91b
085.md	1459	KR4h0160_WYG_083-92a
085.md	1467	KR4h0160_WYG_083-92b
085.md	1475	KR4h0160_WYG_083-93a
085.md	1483	KR4h0160_WYG_083-93b
085.md	1491	KR4h0160_WYG_083-94a
085.md	1499	KR4h0160_WYG_083-94b
085.md	1507	KR4h0160_WYG_083-95a
085.md	1515	KR4h0160_WYG_083-95b
085.md	1523	KR4h0160_WYG_083-96a
085.md	1531	KR4h0160_WYG_083-96b
085.md	1539	KR4h0160_WYG_083-97a
085.md	1547	KR4h0160_WYG_083-97b
085.md	1555	KR4h0160_WYG_083-98a
085.md	1563	KR4h0160_WYG_083-98b
085.md	1571	KR4h0160_WYG_083-99a
085.md	1579	KR4h0160_WYG_083-99b
085.md	1587	KR4h0160_WYG_083-100a
085.md	1595	KR4h0160_WYG_083-100b
085.md	1603	KR4h0160_WYG_083-101a
085.md	1611	KR4h0160_WYG_083-101b
085.md	1619	KR4h0160_WYG_083-102a
085.md	1627	KR4h0160_WYG_083-102b
085.md	1635	KR4h0160_WYG_083-103a
085.md	1643	KR4h0160_WYG_083-103b
085.md	1651	KR4h0160_WYG_083-104a
085.md	1659	KR4h0160_WYG_083-104b
085.md	1667	KR4h0160_WYG_083-105a
085.md	1675	KR4h0160_WYG_083-105b
085.md	1683	KR4h0160_WYG_083-106a
085.md	1691	KR4h0160_WYG_083-106b
085.md	1699	KR4h0160_WYG_083-107a
085.md	1707	KR4h0160_WYG_083-107b
085.md	1715	KR4h0160_WYG_083-108a
085.md	1723	KR4h0160_WYG_083-108b
085.md	1731	KR4h0160_WYG_083-109a
085.md	1739	KR4h0160_WYG_083-109b
085.md	1747	KR4h0160_WYG_083-110a
085.md	1755	KR4h0160_WYG_083-110b
085.md	1763	KR4h0160_WYG_083-111a
085.md	1771	KR4h0160_WYG_083-111b
085.md	1779	KR4h0160_WYG_083-112a
085.md	1787	KR4h0160_WYG_083-112b
086.md	3	KR4h0160_WYG_084-1a
086.md	11	KR4h0160_WYG_084-1b
086.md	19	KR4h0160_WYG_084-2a
086.md	27	KR4h0160_WYG_084-2b
086.md	35	KR4h0160_WYG_084-3a
086.md	43	KR4h0160_WYG_084-3b
086.md	51	KR4h0160_WYG_084-4a
086.md	59	KR4h0160_WYG_084-4b
086.md	67	KR4h0160_WYG_084-5a
086.md	75	KR4h0160_WYG_084-5b
086.md	83	KR4h0160_WYG_084-6a
086.md	91	KR4h0160_WYG_084-6b
086.md	99	KR4h0160_WYG_084-7a
086.md	107	KR4h0160_WYG_084-7b
086.md	115	KR4h0160_WYG_084-8a
086.md	123	KR4h0160_WYG_084-8b
086.md	131	KR4h0160_WYG_084-9a
086.md	139	KR4h0160_WYG_084-9b
086.md	147	KR4h0160_WYG_084-10a
086.md	155	KR4h0160_WYG_084-10b
086.md	163	KR4h0160_WYG_084-11a
086.md	171	KR4h0160_WYG_084-11b
086.md	179	KR4h0160_WYG_084-12a
086.md	187	KR4h0160_WYG_084-12b
086.md	195	KR4h0160_WYG_084-13a
086.md	203	KR4h0160_WYG_084-13b
086.md	211	KR4h0160_WYG_084-14a
086.md	219	KR4h0160_WYG_084-14b
086.md	227	KR4h0160_WYG_084-15a
086.md	235	KR4h0160_WYG_084-15b
086.md	243	KR4h0160_WYG_084-16a
086.md	251	KR4h0160_WYG_084-16b
086.md	259	KR4h0160_WYG_084-17a
086.md	267	KR4h0160_WYG_084-17b
086.md	275	KR4h0160_WYG_084-18a
086.md	283	KR4h0160_WYG_084-18b
086.md	291	KR4h0160_WYG_084-19a
086.md	299	KR4h0160_WYG_084-19b
086.md	307	KR4h0160_WYG_084-20a
086.md	315	KR4h0160_WYG_084-20b
086.md	323	KR4h0160_WYG_084-21a
086.md	331	KR4h0160_WYG_084-21b
086.md	339	KR4h0160_WYG_084-22a
086.md	347	KR4h0160_WYG_084-22b
086.md	355	KR4h0160_WYG_084-23a
086.md	363	KR4h0160_WYG_084-23b
086.md	371	KR4h0160_WYG_084-24a
086.md	379	KR4h0160_WYG_084-24b
086.md	387	KR4h0160_WYG_084-25a
086.md	395	KR4h0160_WYG_084-25b
086.md	403	KR4h0160_WYG_084-26a
086.md	411	KR4h0160_WYG_084-26b
086.md	419	KR4h0160_WYG_084-27a
086.md	427	KR4h0160_WYG_084-27b
086.md	435	KR4h0160_WYG_084-28a
086.md	443	KR4h0160_WYG_084-28b
086.md	451	KR4h0160_WYG_084-29a
086.md	459	KR4h0160_WYG_084-29b
086.md	467	KR4h0160_WYG_084-30a
086.md	475	KR4h0160_WYG_084-30b
086.md	483	KR4h0160_WYG_084-31a
086.md	491	KR4h0160_WYG_084-31b
086.md	499	KR4h0160_WYG_084-32a
086.md	507	KR4h0160_WYG_084-32b
086.md	515	KR4h0160_WYG_084-33a
086.md	523	KR4h0160_WYG_084-33b
086.md	531	KR4h0160_WYG_084-34a
086.md	539	KR4h0160_WYG_084-34b
086.md	547	KR4h0160_WYG_084-35a
086.md	555	KR4h0160_WYG_084-35b
086.md	563	KR4h0160_WYG_084-36a
086.md	571	KR4h0160_WYG_084-36b
086.md	579	KR4h0160_WYG_084-37a
086.md	587	KR4h0160_WYG_084-37b
086.md	595	KR4h0160_WYG_084-38a
086.md	603	KR4h0160_WYG_084-38b
086.md	611	KR4h0160_WYG_084-39a
086.md	619	KR4h0160_WYG_084-39b
086.md	627	KR4h0160_WYG_084-40a
086.md	635	KR4h0160_WYG_084-40b
086.md	643	KR4h0160_WYG_084-41a
086.md	651	KR4h0160_WYG_084-41b
086.md	659	KR4h0160_WYG_084-42a
086.md	667	KR4h0160_WYG_084-42b
086.md	675	KR4h0160_WYG_084-43a
086.md	683	KR4h0160_WYG_084-43b
086.md	691	KR4h0160_WYG_084-44a
086.md	699	KR4h0160_WYG_084-44b
086.md	707	KR4h0160_WYG_084-45a
086.md	715	KR4h0160_WYG_084-45b
086.md	723	KR4h0160_WYG_084-46a
086.md	731	KR4h0160_WYG_084-46b
086.md	739	KR4h0160_WYG_084-47a
086.md	747	KR4h0160_WYG_084-47b
086.md	755	KR4h0160_WYG_084-48a
086.md	763	KR4h0160_WYG_084-48b
086.md	771	KR4h0160_WYG_084-49a
086.md	779	KR4h0160_WYG_084-49b
086.md	787	KR4h0160_WYG_084-50a
086.md	795	KR4h0160_WYG_084-50b
086.md	803	KR4h0160_WYG_084-51a
086.md	811	KR4h0160_WYG_084-51b
087.md	3	KR4h0160_WYG_085-1a
087.md	11	KR4h0160_WYG_085-1b
087.md	19	KR4h0160_WYG_085-2a
087.md	27	KR4h0160_WYG_085-2b
087.md	35	KR4h0160_WYG_085-3a
087.md	43	KR4h0160_WYG_085-3b
087.md	51	KR4h0160_WYG_085-4a
087.md	59	KR4h0160_WYG_085-4b
087.md	67	KR4h0160_WYG_085-5a
087.md	75	KR4h0160_WYG_085-5b
087.md	83	KR4h0160_WYG_085-6a
087.md	91	KR4h0160_WYG_085-6b
087.md	99	KR4h0160_WYG_085-7a
087.md	107	KR4h0160_WYG_085-7b
087.md	115	KR4h0160_WYG_085-8a
087.md	123	KR4h0160_WYG_085-8b
087.md	131	KR4h0160_WYG_085-9a
087.md	139	KR4h0160_WYG_085-9b
087.md	147	KR4h0160_WYG_085-10a
087.md	155	KR4h0160_WYG_085-10b
087.md	163	KR4h0160_WYG_085-11a
087.md	171	KR4h0160_WYG_085-11b
087.md	179	KR4h0160_WYG_085-12a
087.md	187	KR4h0160_WYG_085-12b
087.md	195	KR4h0160_WYG_085-13a
087.md	203	KR4h0160_WYG_085-13b
087.md	211	KR4h0160_WYG_085-14a
087.md	219	KR4h0160_WYG_085-14b
087.md	227	KR4h0160_WYG_085-15a
087.md	235	KR4h0160_WYG_085-15b
087.md	243	KR4h0160_WYG_085-16a
087.md	251	KR4h0160_WYG_085-16b
087.md	259	KR4h0160_WYG_085-17a
087.md	267	KR4h0160_WYG_085-17b
087.md	275	KR4h0160_WYG_085-18a
087.md	283	KR4h0160_WYG_085-18b
087.md	291	KR4h0160_WYG_085-19a
087.md	299	KR4h0160_WYG_085-19b
087.md	307	KR4h0160_WYG_085-20a
087.md	315	KR4h0160_WYG_085-20b
087.md	323	KR4h0160_WYG_085-21a
087.md	331	KR4h0160_WYG_085-21b
087.md	339	KR4h0160_WYG_085-22a
087.md	347	KR4h0160_WYG_085-22b
087.md	355	KR4h0160_WYG_085-23a
087.md	363	KR4h0160_WYG_085-23b
087.md	371	KR4h0160_WYG_085-24a
087.md	379	KR4h0160_WYG_085-24b
087.md	387	KR4h0160_WYG_085-25a
087.md	395	KR4h0160_WYG_085-25b
087.md	403	KR4h0160_WYG_085-26a
087.md	411	KR4h0160_WYG_085-26b
087.md	419	KR4h0160_WYG_085-27a
087.md	427	KR4h0160_WYG_085-27b
087.md	435	KR4h0160_WYG_085-28a
087.md	443	KR4h0160_WYG_085-28b
087.md	451	KR4h0160_WYG_085-29a
087.md	459	KR4h0160_WYG_085-29b
087.md	467	KR4h0160_WYG_085-30a
087.md	475	KR4h0160_WYG_085-30b
087.md	483	KR4h0160_WYG_085-31a
087.md	491	KR4h0160_WYG_085-31b
087.md	499	KR4h0160_WYG_085-32a
087.md	507	KR4h0160_WYG_085-32b
087.md	515	KR4h0160_WYG_085-33a
087.md	523	KR4h0160_WYG_085-33b
087.md	531	KR4h0160_WYG_085-34a
087.md	539	KR4h0160_WYG_085-34b
087.md	547	KR4h0160_WYG_085-35a
087.md	555	KR4h0160_WYG_085-35b
087.md	563	KR4h0160_WYG_085-36a
087.md	571	KR4h0160_WYG_085-36b
087.md	579	KR4h0160_WYG_085-37a
087.md	587	KR4h0160_WYG_085-37b
087.md	595	KR4h0160_WYG_085-38a
087.md	603	KR4h0160_WYG_085-38b
087.md	611	KR4h0160_WYG_085-39a
087.md	619	KR4h0160_WYG_085-39b
087.md	627	KR4h0160_WYG_085-40a
087.md	635	KR4h0160_WYG_085-40b
087.md	643	KR4h0160_WYG_085-41a
087.md	651	KR4h0160_WYG_085-41b
087.md	659	KR4h0160_WYG_085-42a
087.md	667	KR4h0160_WYG_085-42b
087.md	675	KR4h0160_WYG_085-43a
087.md	683	KR4h0160_WYG_085-43b
087.md	691	KR4h0160_WYG_085-44a
087.md	699	KR4h0160_WYG_085-44b
087.md	707	KR4h0160_WYG_085-45a
087.md	715	KR4h0160_WYG_085-45b
087.md	723	KR4h0160_WYG_085-46a
087.md	731	KR4h0160_WYG_085-46b
087.md	739	KR4h0160_WYG_085-47a
087.md	747	KR4h0160_WYG_085-47b
087.md	755	KR4h0160_WYG_085-48a
087.md	763	KR4h0160_WYG_085-48b
087.md	771	KR4h0160_WYG_085-49a
087.md	779	KR4h0160_WYG_085-49b
087.md	787	KR4h0160_WYG_085-50a
087.md	795	KR4h0160_WYG_085-50b
087.md	803	KR4h0160_WYG_085-51a
087.md	811	KR4h0160_WYG_085-51b
087.md	819	KR4h0160_WYG_085-52a
087.md	827	KR4h0160_WYG_085-52b
088.md	3	KR4h0160_WYG_086-1a
088.md	11	KR4h0160_WYG_086-1b
088.md	19	KR4h0160_WYG_086-2a
088.md	27	KR4h0160_WYG_086-2b
088.md	35	KR4h0160_WYG_086-3a
088.md	43	KR4h0160_WYG_086-3b
088.md	51	KR4h0160_WYG_086-4a
088.md	59	KR4h0160_WYG_086-4b
088.md	67	KR4h0160_WYG_086-5a
088.md	75	KR4h0160_WYG_086-5b
088.md	83	KR4h0160_WYG_086-6a
088.md	91	KR4h0160_WYG_086-6b
088.md	99	KR4h0160_WYG_086-7a
088.md	107	KR4h0160_WYG_086-7b
088.md	115	KR4h0160_WYG_086-8a
088.md	123	KR4h0160_WYG_086-8b
088.md	131	KR4h0160_WYG_086-9a
088.md	139	KR4h0160_WYG_086-9b
088.md	147	KR4h0160_WYG_086-10a
088.md	155	KR4h0160_WYG_086-10b
088.md	163	KR4h0160_WYG_086-11a
088.md	171	KR4h0160_WYG_086-11b
088.md	179	KR4h0160_WYG_086-12a
088.md	187	KR4h0160_WYG_086-12b
088.md	195	KR4h0160_WYG_086-13a
088.md	203	KR4h0160_WYG_086-13b
088.md	211	KR4h0160_WYG_086-14a
088.md	219	KR4h0160_WYG_086-14b
088.md	227	KR4h0160_WYG_086-15a
088.md	235	KR4h0160_WYG_086-15b
088.md	243	KR4h0160_WYG_086-16a
088.md	251	KR4h0160_WYG_086-16b
088.md	259	KR4h0160_WYG_086-17a
088.md	267	KR4h0160_WYG_086-17b
088.md	275	KR4h0160_WYG_086-18a
088.md	283	KR4h0160_WYG_086-18b
088.md	291	KR4h0160_WYG_086-19a
088.md	299	KR4h0160_WYG_086-19b
088.md	307	KR4h0160_WYG_086-20a
088.md	315	KR4h0160_WYG_086-20b
088.md	323	KR4h0160_WYG_086-21a
088.md	331	KR4h0160_WYG_086-21b
088.md	339	KR4h0160_WYG_086-22a
088.md	347	KR4h0160_WYG_086-22b
088.md	355	KR4h0160_WYG_086-23a
088.md	363	KR4h0160_WYG_086-23b
088.md	371	KR4h0160_WYG_086-24a
088.md	379	KR4h0160_WYG_086-24b
088.md	387	KR4h0160_WYG_086-25a
088.md	395	KR4h0160_WYG_086-25b
088.md	403	KR4h0160_WYG_086-26a
088.md	411	KR4h0160_WYG_086-26b
088.md	419	KR4h0160_WYG_086-27a
088.md	427	KR4h0160_WYG_086-27b
088.md	435	KR4h0160_WYG_086-28a
088.md	443	KR4h0160_WYG_086-28b
088.md	451	KR4h0160_WYG_086-29a
088.md	459	KR4h0160_WYG_086-29b
088.md	467	KR4h0160_WYG_086-30a
088.md	475	KR4h0160_WYG_086-30b
088.md	483	KR4h0160_WYG_086-31a
088.md	491	KR4h0160_WYG_086-31b
088.md	499	KR4h0160_WYG_086-32a
088.md	507	KR4h0160_WYG_086-32b
088.md	515	KR4h0160_WYG_086-33a
088.md	523	KR4h0160_WYG_086-33b
088.md	531	KR4h0160_WYG_086-34a
088.md	539	KR4h0160_WYG_086-34b
088.md	547	KR4h0160_WYG_086-35a
088.md	555	KR4h0160_WYG_086-35b
088.md	563	KR4h0160_WYG_086-36a
088.md	571	KR4h0160_WYG_086-36b
088.md	579	KR4h0160_WYG_086-37a
088.md	587	KR4h0160_WYG_086-37b
088.md	595	KR4h0160_WYG_086-38a
088.md	603	KR4h0160_WYG_086-38b
088.md	611	KR4h0160_WYG_086-39a
088.md	619	KR4h0160_WYG_086-39b
088.md	627	KR4h0160_WYG_086-40a
088.md	635	KR4h0160_WYG_086-40b
088.md	643	KR4h0160_WYG_086-41a
088.md	651	KR4h0160_WYG_086-41b
088.md	659	KR4h0160_WYG_086-42a
088.md	667	KR4h0160_WYG_086-42b
088.md	675	KR4h0160_WYG_086-43a
088.md	683	KR4h0160_WYG_086-43b
088.md	691	KR4h0160_WYG_086-44a
088.md	699	KR4h0160_WYG_086-44b
088.md	707	KR4h0160_WYG_086-45a
088.md	715	KR4h0160_WYG_086-45b
088.md	723	KR4h0160_WYG_086-46a
088.md	731	KR4h0160_WYG_086-46b
088.md	739	KR4h0160_WYG_086-47a
088.md	747	KR4h0160_WYG_086-47b
088.md	755	KR4h0160_WYG_086-48a
088.md	763	KR4h0160_WYG_086-48b
088.md	771	KR4h0160_WYG_086-49a
088.md	779	KR4h0160_WYG_086-49b
088.md	787	KR4h0160_WYG_086-50a
088.md	795	KR4h0160_WYG_086-50b
088.md	803	KR4h0160_WYG_086-51a
088.md	811	KR4h0160_WYG_086-51b
088.md	819	KR4h0160_WYG_086-52a
088.md	827	KR4h0160_WYG_086-52b
088.md	835	KR4h0160_WYG_086-53a
088.md	843	KR4h0160_WYG_086-53b
088.md	851	KR4h0160_WYG_086-54a
088.md	859	KR4h0160_WYG_086-54b
088.md	867	KR4h0160_WYG_086-55a
088.md	875	KR4h0160_WYG_086-55b
088.md	883	KR4h0160_WYG_086-56a
088.md	891	KR4h0160_WYG_086-56b
088.md	899	KR4h0160_WYG_086-57a
088.md	907	KR4h0160_WYG_086-57b
088.md	915	KR4h0160_WYG_086-58a
088.md	923	KR4h0160_WYG_086-58b
088.md	931	KR4h0160_WYG_086-59a
088.md	939	KR4h0160_WYG_086-59b
088.md	947	KR4h0160_WYG_086-60a
088.md	955	KR4h0160_WYG_086-60b
088.md	963	KR4h0160_WYG_086-61a
088.md	971	KR4h0160_WYG_086-61b
088.md	979	KR4h0160_WYG_086-62a
088.md	987	KR4h0160_WYG_086-62b
088.md	995	KR4h0160_WYG_086-63a
088.md	1003	KR4h0160_WYG_086-63b
088.md	1011	KR4h0160_WYG_086-64a
088.md	1019	KR4h0160_WYG_086-64b
088.md	1027	KR4h0160_WYG_086-65a
088.md	1035	KR4h0160_WYG_086-65b
088.md	1043	KR4h0160_WYG_086-66a
088.md	1051	KR4h0160_WYG_086-66b
088.md	1059	KR4h0160_WYG_086-67a
088.md	1067	KR4h0160_WYG_086-67b
088.md	1075	KR4h0160_WYG_086-68a
088.md	1083	KR4h0160_WYG_086-68b
088.md	1091	KR4h0160_WYG_086-69a
088.md	1099	KR4h0160_WYG_086-69b
088.md	1107	KR4h0160_WYG_086-70a
088.md	1115	KR4h0160_WYG_086-70b
088.md	1123	KR4h0160_WYG_086-71a
088.md	1131	KR4h0160_WYG_086-71b
088.md	1139	KR4h0160_WYG_086-72a
088.md	1147	KR4h0160_WYG_086-72b
089.md	3	KR4h0160_WYG_087-1a
089.md	11	KR4h0160_WYG_087-1b
089.md	19	KR4h0160_WYG_087-2a
089.md	27	KR4h0160_WYG_087-2b
089.md	35	KR4h0160_WYG_087-3a
089.md	43	KR4h0160_WYG_087-3b
089.md	51	KR4h0160_WYG_087-4a
089.md	59	KR4h0160_WYG_087-4b
089.md	67	KR4h0160_WYG_087-5a
089.md	75	KR4h0160_WYG_087-5b
089.md	83	KR4h0160_WYG_087-6a
089.md	91	KR4h0160_WYG_087-6b
089.md	99	KR4h0160_WYG_087-7a
089.md	107	KR4h0160_WYG_087-7b
089.md	115	KR4h0160_WYG_087-8a
089.md	123	KR4h0160_WYG_087-8b
089.md	131	KR4h0160_WYG_087-9a
089.md	139	KR4h0160_WYG_087-9b
089.md	147	KR4h0160_WYG_087-10a
089.md	155	KR4h0160_WYG_087-10b
089.md	163	KR4h0160_WYG_087-11a
089.md	171	KR4h0160_WYG_087-11b
089.md	179	KR4h0160_WYG_087-12a
089.md	187	KR4h0160_WYG_087-12b
089.md	195	KR4h0160_WYG_087-13a
089.md	203	KR4h0160_WYG_087-13b
089.md	211	KR4h0160_WYG_087-14a
089.md	219	KR4h0160_WYG_087-14b
089.md	227	KR4h0160_WYG_087-15a
089.md	235	KR4h0160_WYG_087-15b
089.md	243	KR4h0160_WYG_087-16a
089.md	251	KR4h0160_WYG_087-16b
089.md	259	KR4h0160_WYG_087-17a
089.md	267	KR4h0160_WYG_087-17b
089.md	275	KR4h0160_WYG_087-18a
089.md	283	KR4h0160_WYG_087-18b
089.md	291	KR4h0160_WYG_087-19a
089.md	299	KR4h0160_WYG_087-19b
089.md	307	KR4h0160_WYG_087-20a
089.md	315	KR4h0160_WYG_087-20b
089.md	323	KR4h0160_WYG_087-21a
089.md	331	KR4h0160_WYG_087-21b
089.md	339	KR4h0160_WYG_087-22a
089.md	347	KR4h0160_WYG_087-22b
089.md	355	KR4h0160_WYG_087-23a
089.md	363	KR4h0160_WYG_087-23b
089.md	371	KR4h0160_WYG_087-24a
089.md	379	KR4h0160_WYG_087-24b
089.md	387	KR4h0160_WYG_087-25a
089.md	395	KR4h0160_WYG_087-25b
089.md	403	KR4h0160_WYG_087-26a
089.md	411	KR4h0160_WYG_087-26b
089.md	419	KR4h0160_WYG_087-27a
089.md	427	KR4h0160_WYG_087-27b
089.md	435	KR4h0160_WYG_087-28a
089.md	443	KR4h0160_WYG_087-28b
089.md	451	KR4h0160_WYG_087-29a
089.md	459	KR4h0160_WYG_087-29b
089.md	467	KR4h0160_WYG_087-30a
089.md	475	KR4h0160_WYG_087-30b
089.md	483	KR4h0160_WYG_087-31a
089.md	491	KR4h0160_WYG_087-31b
089.md	499	KR4h0160_WYG_087-32a
089.md	507	KR4h0160_WYG_087-32b
089.md	515	KR4h0160_WYG_087-33a
089.md	523	KR4h0160_WYG_087-33b
089.md	531	KR4h0160_WYG_087-34a
089.md	539	KR4h0160_WYG_087-34b
089.md	547	KR4h0160_WYG_087-35a
089.md	555	KR4h0160_WYG_087-35b
089.md	563	KR4h0160_WYG_087-36a
089.md	571	KR4h0160_WYG_087-36b
089.md	579	KR4h0160_WYG_087-37a
089.md	587	KR4h0160_WYG_087-37b
089.md	595	KR4h0160_WYG_087-38a
089.md	603	KR4h0160_WYG_087-38b
089.md	611	KR4h0160_WYG_087-39a
089.md	619	KR4h0160_WYG_087-39b
089.md	627	KR4h0160_WYG_087-40a
089.md	635	KR4h0160_WYG_087-40b
089.md	643	KR4h0160_WYG_087-41a
089.md	651	KR4h0160_WYG_087-41b
089.md	659	KR4h0160_WYG_087-42a
089.md	667	KR4h0160_WYG_087-42b
089.md	675	KR4h0160_WYG_087-43a
089.md	683	KR4h0160_WYG_087-43b
089.md	691	KR4h0160_WYG_087-44a
089.md	699	KR4h0160_WYG_087-44b
089.md	707	KR4h0160_WYG_087-45a
089.md	715	KR4h0160_WYG_087-45b
089.md	723	KR4h0160_WYG_087-46a
089.md	731	KR4h0160_WYG_087-46b
089.md	739	KR4h0160_WYG_087-47a
089.md	747	KR4h0160_WYG_087-47b
089.md	755	KR4h0160_WYG_087-48a
089.md	763	KR4h0160_WYG_087-48b
089.md	771	KR4h0160_WYG_087-49a
089.md	779	KR4h0160_WYG_087-49b
089.md	787	KR4h0160_WYG_087-50a
089.md	795	KR4h0160_WYG_087-50b
089.md	803	KR4h0160_WYG_087-51a
089.md	811	KR4h0160_WYG_087-51b
089.md	819	KR4h0160_WYG_087-52a
089.md	827	KR4h0160_WYG_087-52b
089.md	835	KR4h0160_WYG_087-53a
089.md	843	KR4h0160_WYG_087-53b
089.md	851	KR4h0160_WYG_087-54a
089.md	859	KR4h0160_WYG_087-54b
089.md	867	KR4h0160_WYG_087-55a
089.md	875	KR4h0160_WYG_087-55b
089.md	883	KR4h0160_WYG_087-56a
089.md	891	KR4h0160_WYG_087-56b
089.md	899	KR4h0160_WYG_087-57a
089.md	907	KR4h0160_WYG_087-57b
089.md	915	KR4h0160_WYG_087-58a
089.md	923	KR4h0160_WYG_087-58b
089.md	931	KR4h0160_WYG_087-59a
089.md	939	KR4h0160_WYG_087-59b
089.md	947	KR4h0160_WYG_087-60a
089.md	955	KR4h0160_WYG_087-60b
089.md	963	KR4h0160_WYG_087-61a
089.md	971	KR4h0160_WYG_087-61b
089.md	979	KR4h0160_WYG_087-62a
089.md	987	KR4h0160_WYG_087-62b
089.md	995	KR4h0160_WYG_087-63a
089.md	1003	KR4h0160_WYG_087-63b
089.md	1011	KR4h0160_WYG_087-64a
089.md	1019	KR4h0160_WYG_087-64b
089.md	1027	KR4h0160_WYG_087-65a
089.md	1035	KR4h0160_WYG_087-65b
089.md	1043	KR4h0160_WYG_087-66a
089.md	1051	KR4h0160_WYG_087-66b
089.md	1059	KR4h0160_WYG_087-67a
089.md	1067	KR4h0160_WYG_087-67b
089.md	1075	KR4h0160_WYG_087-68a
089.md	1083	KR4h0160_WYG_087-68b
090.md	3	KR4h0160_WYG_088-1a
090.md	11	KR4h0160_WYG_088-1b
090.md	19	KR4h0160_WYG_088-2a
090.md	27	KR4h0160_WYG_088-2b
090.md	35	KR4h0160_WYG_088-3a
090.md	43	KR4h0160_WYG_088-3b
090.md	51	KR4h0160_WYG_088-4a
090.md	59	KR4h0160_WYG_088-4b
090.md	67	KR4h0160_WYG_088-5a
090.md	75	KR4h0160_WYG_088-5b
090.md	83	KR4h0160_WYG_088-6a
090.md	91	KR4h0160_WYG_088-6b
090.md	99	KR4h0160_WYG_088-7a
090.md	107	KR4h0160_WYG_088-7b
090.md	115	KR4h0160_WYG_088-8a
090.md	123	KR4h0160_WYG_088-8b
090.md	131	KR4h0160_WYG_088-9a
090.md	139	KR4h0160_WYG_088-9b
090.md	147	KR4h0160_WYG_088-10a
090.md	155	KR4h0160_WYG_088-10b
090.md	163	KR4h0160_WYG_088-11a
090.md	171	KR4h0160_WYG_088-11b
090.md	179	KR4h0160_WYG_088-12a
090.md	187	KR4h0160_WYG_088-12b
090.md	195	KR4h0160_WYG_088-13a
090.md	203	KR4h0160_WYG_088-13b
090.md	211	KR4h0160_WYG_088-14a
090.md	219	KR4h0160_WYG_088-14b
090.md	227	KR4h0160_WYG_088-15a
090.md	235	KR4h0160_WYG_088-15b
090.md	243	KR4h0160_WYG_088-16a
090.md	251	KR4h0160_WYG_088-16b
090.md	259	KR4h0160_WYG_088-17a
090.md	267	KR4h0160_WYG_088-17b
090.md	275	KR4h0160_WYG_088-18a
090.md	283	KR4h0160_WYG_088-18b
090.md	291	KR4h0160_WYG_088-19a
090.md	299	KR4h0160_WYG_088-19b
090.md	307	KR4h0160_WYG_088-20a
090.md	315	KR4h0160_WYG_088-20b
090.md	323	KR4h0160_WYG_088-21a
090.md	331	KR4h0160_WYG_088-21b
090.md	339	KR4h0160_WYG_088-22a
090.md	347	KR4h0160_WYG_088-22b
090.md	355	KR4h0160_WYG_088-23a
090.md	363	KR4h0160_WYG_088-23b
090.md	371	KR4h0160_WYG_088-24a
090.md	379	KR4h0160_WYG_088-24b
090.md	387	KR4h0160_WYG_088-25a
090.md	395	KR4h0160_WYG_088-25b
090.md	403	KR4h0160_WYG_088-26a
090.md	411	KR4h0160_WYG_088-26b
090.md	419	KR4h0160_WYG_088-27a
090.md	427	KR4h0160_WYG_088-27b
090.md	435	KR4h0160_WYG_088-28a
090.md	443	KR4h0160_WYG_088-28b
090.md	451	KR4h0160_WYG_088-29a
090.md	459	KR4h0160_WYG_088-29b
090.md	467	KR4h0160_WYG_088-30a
090.md	475	KR4h0160_WYG_088-30b
090.md	483	KR4h0160_WYG_088-31a
090.md	491	KR4h0160_WYG_088-31b
090.md	499	KR4h0160_WYG_088-32a
090.md	507	KR4h0160_WYG_088-32b
090.md	515	KR4h0160_WYG_088-33a
090.md	523	KR4h0160_WYG_088-33b
090.md	531	KR4h0160_WYG_088-34a
090.md	539	KR4h0160_WYG_088-34b
090.md	547	KR4h0160_WYG_088-35a
090.md	555	KR4h0160_WYG_088-35b
090.md	563	KR4h0160_WYG_088-36a
090.md	571	KR4h0160_WYG_088-36b
090.md	579	KR4h0160_WYG_088-37a
090.md	587	KR4h0160_WYG_088-37b
090.md	595	KR4h0160_WYG_088-38a
090.md	603	KR4h0160_WYG_088-38b
090.md	611	KR4h0160_WYG_088-39a
090.md	619	KR4h0160_WYG_088-39b
090.md	627	KR4h0160_WYG_088-40a
090.md	635	KR4h0160_WYG_088-40b
090.md	643	KR4h0160_WYG_088-41a
090.md	651	KR4h0160_WYG_088-41b
090.md	659	KR4h0160_WYG_088-42a
090.md	667	KR4h0160_WYG_088-42b
090.md	675	KR4h0160_WYG_088-43a
090.md	683	KR4h0160_WYG_088-43b
090.md	691	KR4h0160_WYG_088-44a
090.md	699	KR4h0160_WYG_088-44b
090.md	707	KR4h0160_WYG_088-45a
090.md	715	KR4h0160_WYG_088-45b
090.md	723	KR4h0160_WYG_088-46a
090.md	731	KR4h0160_WYG_088-46b
090.md	739	KR4h0160_WYG_088-47a
090.md	747	KR4h0160_WYG_088-47b
090.md	755	KR4h0160_WYG_088-48a
090.md	763	KR4h0160_WYG_088-48b
090.md	771	KR4h0160_WYG_088-49a
090.md	779	KR4h0160_WYG_088-49b
090.md	787	KR4h0160_WYG_088-50a
090.md	795	KR4h0160_WYG_088-50b
090.md	803	KR4h0160_WYG_088-51a
090.md	811	KR4h0160_WYG_088-51b
090.md	819	KR4h0160_WYG_088-52a
090.md	827	KR4h0160_WYG_088-52b
090.md	835	KR4h0160_WYG_088-53a
090.md	843	KR4h0160_WYG_088-53b
090.md	851	KR4h0160_WYG_088-54a
090.md	859	KR4h0160_WYG_088-54b
090.md	867	KR4h0160_WYG_088-55a
090.md	875	KR4h0160_WYG_088-55b
090.md	883	KR4h0160_WYG_088-56a
090.md	891	KR4h0160_WYG_088-56b
090.md	899	KR4h0160_WYG_088-57a
090.md	907	KR4h0160_WYG_088-57b
090.md	915	KR4h0160_WYG_088-58a
090.md	923	KR4h0160_WYG_088-58b
090.md	931	KR4h0160_WYG_088-59a
090.md	939	KR4h0160_WYG_088-59b
090.md	947	KR4h0160_WYG_088-60a
090.md	955	KR4h0160_WYG_088-60b
090.md	963	KR4h0160_WYG_088-61a
090.md	971	KR4h0160_WYG_088-61b
090.md	979	KR4h0160_WYG_088-62a
090.md	987	KR4h0160_WYG_088-62b
090.md	995	KR4h0160_WYG_088-63a
090.md	1003	KR4h0160_WYG_088-63b
090.md	1011	KR4h0160_WYG_088-64a
090.md	1019	KR4h0160_WYG_088-64b
090.md	1027	KR4h0160_WYG_088-65a
090.md	1035	KR4h0160_WYG_088-65b
090.md	1043	KR4h0160_WYG_088-66a
090.md	1051	KR4h0160_WYG_088-66b
090.md	1059	KR4h0160_WYG_088-67a
090.md	1067	KR4h0160_WYG_088-67b
090.md	1075	KR4h0160_WYG_088-68a
090.md	1083	KR4h0160_WYG_088-68b
090.md	1091	KR4h0160_WYG_088-69a
090.md	1099	KR4h0160_WYG_088-69b
090.md	1107	KR4h0160_WYG_088-70a
090.md	1115	KR4h0160_WYG_088-70b
090.md	1123	KR4h0160_WYG_088-71a
090.md	1131	KR4h0160_WYG_088-71b
091.md	3	KR4h0160_WYG_089-1a
091.md	11	KR4h0160_WYG_089-1b
091.md	19	KR4h0160_WYG_089-2a
091.md	27	KR4h0160_WYG_089-2b
091.md	35	KR4h0160_WYG_089-3a
091.md	43	KR4h0160_WYG_089-3b
091.md	51	KR4h0160_WYG_089-4a
091.md	59	KR4h0160_WYG_089-4b
091.md	67	KR4h0160_WYG_089-5a
091.md	75	KR4h0160_WYG_089-5b
091.md	83	KR4h0160_WYG_089-6a
091.md	91	KR4h0160_WYG_089-6b
091.md	99	KR4h0160_WYG_089-7a
091.md	107	KR4h0160_WYG_089-7b
091.md	115	KR4h0160_WYG_089-8a
091.md	123	KR4h0160_WYG_089-8b
091.md	131	KR4h0160_WYG_089-9a
091.md	139	KR4h0160_WYG_089-9b
091.md	147	KR4h0160_WYG_089-10a
091.md	155	KR4h0160_WYG_089-10b
091.md	163	KR4h0160_WYG_089-11a
091.md	171	KR4h0160_WYG_089-11b
091.md	179	KR4h0160_WYG_089-12a
091.md	187	KR4h0160_WYG_089-12b
091.md	195	KR4h0160_WYG_089-13a
091.md	203	KR4h0160_WYG_089-13b
091.md	211	KR4h0160_WYG_089-14a
091.md	219	KR4h0160_WYG_089-14b
091.md	227	KR4h0160_WYG_089-15a
091.md	235	KR4h0160_WYG_089-15b
091.md	243	KR4h0160_WYG_089-16a
091.md	251	KR4h0160_WYG_089-16b
091.md	259	KR4h0160_WYG_089-17a
091.md	267	KR4h0160_WYG_089-17b
091.md	275	KR4h0160_WYG_089-18a
091.md	283	KR4h0160_WYG_089-18b
091.md	291	KR4h0160_WYG_089-19a
091.md	299	KR4h0160_WYG_089-19b
091.md	307	KR4h0160_WYG_089-20a
091.md	315	KR4h0160_WYG_089-20b
091.md	323	KR4h0160_WYG_089-21a
091.md	331	KR4h0160_WYG_089-21b
091.md	339	KR4h0160_WYG_089-22a
091.md	347	KR4h0160_WYG_089-22b
091.md	355	KR4h0160_WYG_089-23a
091.md	363	KR4h0160_WYG_089-23b
091.md	371	KR4h0160_WYG_089-24a
091.md	379	KR4h0160_WYG_089-24b
091.md	387	KR4h0160_WYG_089-25a
091.md	395	KR4h0160_WYG_089-25b
091.md	403	KR4h0160_WYG_089-26a
091.md	411	KR4h0160_WYG_089-26b
091.md	419	KR4h0160_WYG_089-27a
091.md	427	KR4h0160_WYG_089-27b
091.md	435	KR4h0160_WYG_089-28a
091.md	443	KR4h0160_WYG_089-28b
091.md	451	KR4h0160_WYG_089-29a
091.md	459	KR4h0160_WYG_089-29b
091.md	467	KR4h0160_WYG_089-30a
091.md	475	KR4h0160_WYG_089-30b
091.md	483	KR4h0160_WYG_089-31a
091.md	491	KR4h0160_WYG_089-31b
091.md	499	KR4h0160_WYG_089-32a
091.md	507	KR4h0160_WYG_089-32b
091.md	515	KR4h0160_WYG_089-33a
091.md	523	KR4h0160_WYG_089-33b
091.md	531	KR4h0160_WYG_089-34a
091.md	539	KR4h0160_WYG_089-34b
091.md	547	KR4h0160_WYG_089-35a
091.md	555	KR4h0160_WYG_089-35b
091.md	563	KR4h0160_WYG_089-36a
091.md	571	KR4h0160_WYG_089-36b
091.md	579	KR4h0160_WYG_089-37a
091.md	587	KR4h0160_WYG_089-37b
091.md	595	KR4h0160_WYG_089-38a
091.md	603	KR4h0160_WYG_089-38b
091.md	611	KR4h0160_WYG_089-39a
091.md	619	KR4h0160_WYG_089-39b
091.md	627	KR4h0160_WYG_089-40a
091.md	635	KR4h0160_WYG_089-40b
091.md	643	KR4h0160_WYG_089-41a
091.md	651	KR4h0160_WYG_089-41b
091.md	659	KR4h0160_WYG_089-42a
091.md	667	KR4h0160_WYG_089-42b
091.md	675	KR4h0160_WYG_089-43a
091.md	683	KR4h0160_WYG_089-43b
091.md	691	KR4h0160_WYG_089-44a
091.md	699	KR4h0160_WYG_089-44b
091.md	707	KR4h0160_WYG_089-45a
091.md	715	KR4h0160_WYG_089-45b
091.md	723	KR4h0160_WYG_089-46a
091.md	731	KR4h0160_WYG_089-46b
091.md	739	KR4h0160_WYG_089-47a
091.md	747	KR4h0160_WYG_089-47b
091.md	755	KR4h0160_WYG_089-48a
091.md	763	KR4h0160_WYG_089-48b
091.md	771	KR4h0160_WYG_089-49a
091.md	779	KR4h0160_WYG_089-49b
091.md	787	KR4h0160_WYG_089-50a
091.md	795	KR4h0160_WYG_089-50b
091.md	803	KR4h0160_WYG_089-51a
091.md	811	KR4h0160_WYG_089-51b
091.md	819	KR4h0160_WYG_089-52a
091.md	827	KR4h0160_WYG_089-52b
091.md	835	KR4h0160_WYG_089-53a
091.md	843	KR4h0160_WYG_089-53b
091.md	851	KR4h0160_WYG_089-54a
091.md	859	KR4h0160_WYG_089-54b
091.md	867	KR4h0160_WYG_089-55a
091.md	875	KR4h0160_WYG_089-55b
091.md	883	KR4h0160_WYG_089-56a
091.md	891	KR4h0160_WYG_089-56b
091.md	899	KR4h0160_WYG_089-57a
091.md	907	KR4h0160_WYG_089-57b
091.md	915	KR4h0160_WYG_089-58a
091.md	923	KR4h0160_WYG_089-58b
091.md	931	KR4h0160_WYG_089-59a
091.md	939	KR4h0160_WYG_089-59b
091.md	947	KR4h0160_WYG_089-60a
091.md	955	KR4h0160_WYG_089-60b
091.md	963	KR4h0160_WYG_089-61a
091.md	971	KR4h0160_WYG_089-61b
091.md	979	KR4h0160_WYG_089-62a
091.md	987	KR4h0160_WYG_089-62b
091.md	995	KR4h0160_WYG_089-63a
091.md	1003	KR4h0160_WYG_089-63b
091.md	1011	KR4h0160_WYG_089-64a
091.md	1019	KR4h0160_WYG_089-64b
091.md	1027	KR4h0160_WYG_089-65a
091.md	1035	KR4h0160_WYG_089-65b
091.md	1043	KR4h0160_WYG_089-66a
091.md	1051	KR4h0160_WYG_089-66b
091.md	1059	KR4h0160_WYG_089-67a
091.md	1067	KR4h0160_WYG_089-67b
091.md	1075	KR4h0160_WYG_089-68a
091.md	1083	KR4h0160_WYG_089-68b
091.md	1091	KR4h0160_WYG_089-69a
091.md	1099	KR4h0160_WYG_089-69b
091.md	1107	KR4h0160_WYG_089-70a
091.md	1115	KR4h0160_WYG_089-70b
091.md	1123	KR4h0160_WYG_089-71a
091.md	1131	KR4h0160_WYG_089-71b
091.md	1139	KR4h0160_WYG_089-72a
091.md	1147	KR4h0160_WYG_089-72b
092.md	3	KR4h0160_WYG_090-1a
092.md	11	KR4h0160_WYG_090-1b
092.md	19	KR4h0160_WYG_090-2a
092.md	27	KR4h0160_WYG_090-2b
092.md	35	KR4h0160_WYG_090-3a
092.md	43	KR4h0160_WYG_090-3b
092.md	51	KR4h0160_WYG_090-4a
092.md	59	KR4h0160_WYG_090-4b
092.md	67	KR4h0160_WYG_090-5a
092.md	75	KR4h0160_WYG_090-5b
092.md	83	KR4h0160_WYG_090-6a
092.md	91	KR4h0160_WYG_090-6b
092.md	99	KR4h0160_WYG_090-7a
092.md	107	KR4h0160_WYG_090-7b
092.md	115	KR4h0160_WYG_090-8a
092.md	123	KR4h0160_WYG_090-8b
092.md	131	KR4h0160_WYG_090-9a
092.md	139	KR4h0160_WYG_090-9b
092.md	147	KR4h0160_WYG_090-10a
092.md	155	KR4h0160_WYG_090-10b
092.md	163	KR4h0160_WYG_090-11a
092.md	171	KR4h0160_WYG_090-11b
092.md	179	KR4h0160_WYG_090-12a
092.md	187	KR4h0160_WYG_090-12b
092.md	195	KR4h0160_WYG_090-13a
092.md	203	KR4h0160_WYG_090-13b
092.md	211	KR4h0160_WYG_090-14a
092.md	219	KR4h0160_WYG_090-14b
092.md	227	KR4h0160_WYG_090-15a
092.md	235	KR4h0160_WYG_090-15b
092.md	243	KR4h0160_WYG_090-16a
092.md	251	KR4h0160_WYG_090-16b
092.md	259	KR4h0160_WYG_090-17a
092.md	267	KR4h0160_WYG_090-17b
092.md	275	KR4h0160_WYG_090-18a
092.md	283	KR4h0160_WYG_090-18b
092.md	291	KR4h0160_WYG_090-19a
092.md	299	KR4h0160_WYG_090-19b
092.md	307	KR4h0160_WYG_090-20a
092.md	315	KR4h0160_WYG_090-20b
092.md	323	KR4h0160_WYG_090-21a
092.md	331	KR4h0160_WYG_090-21b
092.md	339	KR4h0160_WYG_090-22a
092.md	347	KR4h0160_WYG_090-22b
092.md	355	KR4h0160_WYG_090-23a
092.md	363	KR4h0160_WYG_090-23b
092.md	371	KR4h0160_WYG_090-24a
092.md	379	KR4h0160_WYG_090-24b
092.md	387	KR4h0160_WYG_090-25a
092.md	395	KR4h0160_WYG_090-25b
092.md	403	KR4h0160_WYG_090-26a
092.md	411	KR4h0160_WYG_090-26b
092.md	419	KR4h0160_WYG_090-27a
092.md	427	KR4h0160_WYG_090-27b
092.md	435	KR4h0160_WYG_090-28a
092.md	443	KR4h0160_WYG_090-28b
092.md	451	KR4h0160_WYG_090-29a
092.md	459	KR4h0160_WYG_090-29b
092.md	467	KR4h0160_WYG_090-30a
092.md	475	KR4h0160_WYG_090-30b
092.md	483	KR4h0160_WYG_090-31a
092.md	491	KR4h0160_WYG_090-31b
092.md	499	KR4h0160_WYG_090-32a
092.md	507	KR4h0160_WYG_090-32b
092.md	515	KR4h0160_WYG_090-33a
092.md	523	KR4h0160_WYG_090-33b
092.md	531	KR4h0160_WYG_090-34a
092.md	539	KR4h0160_WYG_090-34b
092.md	547	KR4h0160_WYG_090-35a
092.md	555	KR4h0160_WYG_090-35b
092.md	563	KR4h0160_WYG_090-36a
092.md	571	KR4h0160_WYG_090-36b
092.md	579	KR4h0160_WYG_090-37a
092.md	587	KR4h0160_WYG_090-37b
092.md	595	KR4h0160_WYG_090-38a
092.md	603	KR4h0160_WYG_090-38b
092.md	611	KR4h0160_WYG_090-39a
092.md	619	KR4h0160_WYG_090-39b
092.md	627	KR4h0160_WYG_090-40a
092.md	635	KR4h0160_WYG_090-40b
092.md	643	KR4h0160_WYG_090-41a
092.md	651	KR4h0160_WYG_090-41b
092.md	659	KR4h0160_WYG_090-42a
092.md	667	KR4h0160_WYG_090-42b
092.md	675	KR4h0160_WYG_090-43a
092.md	683	KR4h0160_WYG_090-43b
092.md	691	KR4h0160_WYG_090-44a
092.md	699	KR4h0160_WYG_090-44b
092.md	707	KR4h0160_WYG_090-45a
092.md	715	KR4h0160_WYG_090-45b
092.md	723	KR4h0160_WYG_090-46a
092.md	731	KR4h0160_WYG_090-46b
092.md	739	KR4h0160_WYG_090-47a
092.md	747	KR4h0160_WYG_090-47b
092.md	755	KR4h0160_WYG_090-48a
092.md	763	KR4h0160_WYG_090-48b
092.md	771	KR4h0160_WYG_090-49a
092.md	779	KR4h0160_WYG_090-49b
092.md	787	KR4h0160_WYG_090-50a
092.md	795	KR4h0160_WYG_090-50b
092.md	803	KR4h0160_WYG_090-51a
092.md	811	KR4h0160_WYG_090-51b
092.md	819	KR4h0160_WYG_090-52a
092.md	827	KR4h0160_WYG_090-52b
092.md	835	KR4h0160_WYG_090-53a
092.md	843	KR4h0160_WYG_090-53b
092.md	851	KR4h0160_WYG_090-54a
092.md	859	KR4h0160_WYG_090-54b
092.md	867	KR4h0160_WYG_090-55a
092.md	875	KR4h0160_WYG_090-55b
092.md	883	KR4h0160_WYG_090-56a
092.md	891	KR4h0160_WYG_090-56b
092.md	899	KR4h0160_WYG_090-57a
092.md	907	KR4h0160_WYG_090-57b
092.md	915	KR4h0160_WYG_090-58a
092.md	923	KR4h0160_WYG_090-58b
092.md	931	KR4h0160_WYG_090-59a
092.md	939	KR4h0160_WYG_090-59b
092.md	947	KR4h0160_WYG_090-60a
092.md	955	KR4h0160_WYG_090-60b
092.md	963	KR4h0160_WYG_090-61a
092.md	971	KR4h0160_WYG_090-61b
092.md	979	KR4h0160_WYG_090-62a
092.md	987	KR4h0160_WYG_090-62b
092.md	995	KR4h0160_WYG_090-63a
092.md	1003	KR4h0160_WYG_090-63b
092.md	1011	KR4h0160_WYG_090-64a
092.md	1019	KR4h0160_WYG_090-64b
092.md	1027	KR4h0160_WYG_090-65a
092.md	1035	KR4h0160_WYG_090-65b
092.md	1043	KR4h0160_WYG_090-66a
092.md	1051	KR4h0160_WYG_090-66b
092.md	1059	KR4h0160_WYG_090-67a
092.md	1067	KR4h0160_WYG_090-67b
092.md	1075	KR4h0160_WYG_090-68a
092.md	1083	KR4h0160_WYG_090-68b
093.md	3	KR4h0160_WYG_091-1a
093.md	11	KR4h0160_WYG_091-1b
093.md	19	KR4h0160_WYG_091-2a
093.md	27	KR4h0160_WYG_091-2b
093.md	35	KR4h0160_WYG_091-3a
093.md	43	KR4h0160_WYG_091-3b
093.md	51	KR4h0160_WYG_091-4a
093.md	59	KR4h0160_WYG_091-4b
093.md	67	KR4h0160_WYG_091-5a
093.md	75	KR4h0160_WYG_091-5b
093.md	83	KR4h0160_WYG_091-6a
093.md	91	KR4h0160_WYG_091-6b
093.md	99	KR4h0160_WYG_091-7a
093.md	107	KR4h0160_WYG_091-7b
093.md	115	KR4h0160_WYG_091-8a
093.md	123	KR4h0160_WYG_091-8b
093.md	131	KR4h0160_WYG_091-9a
093.md	139	KR4h0160_WYG_091-9b
093.md	147	KR4h0160_WYG_091-10a
093.md	155	KR4h0160_WYG_091-10b
093.md	163	KR4h0160_WYG_091-11a
093.md	171	KR4h0160_WYG_091-11b
093.md	179	KR4h0160_WYG_091-12a
093.md	187	KR4h0160_WYG_091-12b
093.md	195	KR4h0160_WYG_091-13a
093.md	203	KR4h0160_WYG_091-13b
093.md	211	KR4h0160_WYG_091-14a
093.md	219	KR4h0160_WYG_091-14b
093.md	227	KR4h0160_WYG_091-15a
093.md	235	KR4h0160_WYG_091-15b
093.md	243	KR4h0160_WYG_091-16a
093.md	251	KR4h0160_WYG_091-16b
093.md	259	KR4h0160_WYG_091-17a
093.md	267	KR4h0160_WYG_091-17b
093.md	275	KR4h0160_WYG_091-18a
093.md	283	KR4h0160_WYG_091-18b
093.md	291	KR4h0160_WYG_091-19a
093.md	299	KR4h0160_WYG_091-19b
093.md	307	KR4h0160_WYG_091-20a
093.md	315	KR4h0160_WYG_091-20b
093.md	323	KR4h0160_WYG_091-21a
093.md	331	KR4h0160_WYG_091-21b
093.md	339	KR4h0160_WYG_091-22a
093.md	347	KR4h0160_WYG_091-22b
093.md	355	KR4h0160_WYG_091-23a
093.md	363	KR4h0160_WYG_091-23b
093.md	371	KR4h0160_WYG_091-24a
093.md	379	KR4h0160_WYG_091-24b
093.md	387	KR4h0160_WYG_091-25a
093.md	395	KR4h0160_WYG_091-25b
093.md	403	KR4h0160_WYG_091-26a
093.md	411	KR4h0160_WYG_091-26b
093.md	419	KR4h0160_WYG_091-27a
093.md	427	KR4h0160_WYG_091-27b
093.md	435	KR4h0160_WYG_091-28a
093.md	443	KR4h0160_WYG_091-28b
093.md	451	KR4h0160_WYG_091-29a
093.md	459	KR4h0160_WYG_091-29b
093.md	467	KR4h0160_WYG_091-30a
093.md	475	KR4h0160_WYG_091-30b
093.md	483	KR4h0160_WYG_091-31a
093.md	491	KR4h0160_WYG_091-31b
093.md	499	KR4h0160_WYG_091-32a
093.md	507	KR4h0160_WYG_091-32b
093.md	515	KR4h0160_WYG_091-33a
093.md	523	KR4h0160_WYG_091-33b
093.md	531	KR4h0160_WYG_091-34a
093.md	539	KR4h0160_WYG_091-34b
093.md	547	KR4h0160_WYG_091-35a
093.md	555	KR4h0160_WYG_091-35b
093.md	563	KR4h0160_WYG_091-36a
093.md	571	KR4h0160_WYG_091-36b
093.md	579	KR4h0160_WYG_091-37a
093.md	587	KR4h0160_WYG_091-37b
093.md	595	KR4h0160_WYG_091-38a
093.md	603	KR4h0160_WYG_091-38b
093.md	611	KR4h0160_WYG_091-39a
093.md	619	KR4h0160_WYG_091-39b
093.md	627	KR4h0160_WYG_091-40a
093.md	635	KR4h0160_WYG_091-40b
093.md	643	KR4h0160_WYG_091-41a
093.md	651	KR4h0160_WYG_091-41b
093.md	659	KR4h0160_WYG_091-42a
093.md	667	KR4h0160_WYG_091-42b
093.md	675	KR4h0160_WYG_091-43a
093.md	683	KR4h0160_WYG_091-43b
093.md	691	KR4h0160_WYG_091-44a
093.md	699	KR4h0160_WYG_091-44b
093.md	707	KR4h0160_WYG_091-45a
093.md	715	KR4h0160_WYG_091-45b
093.md	723	KR4h0160_WYG_091-46a
093.md	731	KR4h0160_WYG_091-46b
093.md	739	KR4h0160_WYG_091-47a
093.md	747	KR4h0160_WYG_091-47b
093.md	755	KR4h0160_WYG_091-48a
093.md	763	KR4h0160_WYG_091-48b
093.md	771	KR4h0160_WYG_091-49a
093.md	779	KR4h0160_WYG_091-49b
093.md	787	KR4h0160_WYG_091-50a
093.md	795	KR4h0160_WYG_091-50b
093.md	803	KR4h0160_WYG_091-51a
093.md	811	KR4h0160_WYG_091-51b
093.md	819	KR4h0160_WYG_091-52a
093.md	827	KR4h0160_WYG_091-52b
093.md	835	KR4h0160_WYG_091-53a
093.md	843	KR4h0160_WYG_091-53b
093.md	851	KR4h0160_WYG_091-54a
093.md	859	KR4h0160_WYG_091-54b
093.md	867	KR4h0160_WYG_091-55a
093.md	875	KR4h0160_WYG_091-55b
093.md	883	KR4h0160_WYG_091-56a
093.md	891	KR4h0160_WYG_091-56b
093.md	899	KR4h0160_WYG_091-57a
093.md	907	KR4h0160_WYG_091-57b
093.md	915	KR4h0160_WYG_091-58a
093.md	923	KR4h0160_WYG_091-58b
093.md	931	KR4h0160_WYG_091-59a
093.md	939	KR4h0160_WYG_091-59b
093.md	947	KR4h0160_WYG_091-60a
093.md	955	KR4h0160_WYG_091-60b
093.md	963	KR4h0160_WYG_091-61a
093.md	971	KR4h0160_WYG_091-61b
093.md	979	KR4h0160_WYG_091-62a
093.md	987	KR4h0160_WYG_091-62b
093.md	995	KR4h0160_WYG_091-63a
093.md	1003	KR4h0160_WYG_091-63b
093.md	1011	KR4h0160_WYG_091-64a
093.md	1019	KR4h0160_WYG_091-64b
093.md	1027	KR4h0160_WYG_091-65a
093.md	1035	KR4h0160_WYG_091-65b
093.md	1043	KR4h0160_WYG_091-66a
093.md	1051	KR4h0160_WYG_091-66b
093.md	1059	KR4h0160_WYG_091-67a
093.md	1067	KR4h0160_WYG_091-67b
093.md	1075	KR4h0160_WYG_091-68a
093.md	1083	KR4h0160_WYG_091-68b
093.md	1091	KR4h0160_WYG_091-69a
093.md	1099	KR4h0160_WYG_091-69b
093.md	1107	KR4h0160_WYG_091-70a
093.md	1115	KR4h0160_WYG_091-70b
093.md	1123	KR4h0160_WYG_091-71a
093.md	1131	KR4h0160_WYG_091-71b
093.md	1139	KR4h0160_WYG_091-72a
093.md	1147	KR4h0160_WYG_091-72b
093.md	1155	KR4h0160_WYG_091-73a
093.md	1163	KR4h0160_WYG_091-73b
093.md	1171	KR4h0160_WYG_091-74a
093.md	1179	KR4h0160_WYG_091-74b
093.md	1187	KR4h0160_WYG_091-75a
093.md	1195	KR4h0160_WYG_091-75b
093.md	1203	KR4h0160_WYG_091-76a
093.md	1211	KR4h0160_WYG_091-76b
093.md	1219	KR4h0160_WYG_091-77a
093.md	1227	KR4h0160_WYG_091-77b
093.md	1235	KR4h0160_WYG_091-78a
093.md	1243	KR4h0160_WYG_091-78b
093.md	1251	KR4h0160_WYG_091-79a
093.md	1259	KR4h0160_WYG_091-79b
093.md	1267	KR4h0160_WYG_091-80a
093.md	1275	KR4h0160_WYG_091-80b
094.md	3	KR4h0160_WYG_092-1a
094.md	11	KR4h0160_WYG_092-1b
094.md	19	KR4h0160_WYG_092-2a
094.md	27	KR4h0160_WYG_092-2b
094.md	35	KR4h0160_WYG_092-3a
094.md	43	KR4h0160_WYG_092-3b
094.md	51	KR4h0160_WYG_092-4a
094.md	59	KR4h0160_WYG_092-4b
094.md	67	KR4h0160_WYG_092-5a
094.md	75	KR4h0160_WYG_092-5b
094.md	83	KR4h0160_WYG_092-6a
094.md	91	KR4h0160_WYG_092-6b
094.md	99	KR4h0160_WYG_092-7a
094.md	107	KR4h0160_WYG_092-7b
094.md	115	KR4h0160_WYG_092-8a
094.md	123	KR4h0160_WYG_092-8b
094.md	131	KR4h0160_WYG_092-9a
094.md	139	KR4h0160_WYG_092-9b
094.md	147	KR4h0160_WYG_092-10a
094.md	155	KR4h0160_WYG_092-10b
094.md	163	KR4h0160_WYG_092-11a
094.md	171	KR4h0160_WYG_092-11b
094.md	179	KR4h0160_WYG_092-12a
094.md	187	KR4h0160_WYG_092-12b
094.md	195	KR4h0160_WYG_092-13a
094.md	203	KR4h0160_WYG_092-13b
094.md	211	KR4h0160_WYG_092-14a
094.md	219	KR4h0160_WYG_092-14b
094.md	227	KR4h0160_WYG_092-15a
094.md	235	KR4h0160_WYG_092-15b
094.md	243	KR4h0160_WYG_092-16a
094.md	251	KR4h0160_WYG_092-16b
094.md	259	KR4h0160_WYG_092-17a
094.md	267	KR4h0160_WYG_092-17b
094.md	275	KR4h0160_WYG_092-18a
094.md	283	KR4h0160_WYG_092-18b
094.md	291	KR4h0160_WYG_092-19a
094.md	299	KR4h0160_WYG_092-19b
094.md	307	KR4h0160_WYG_092-20a
094.md	315	KR4h0160_WYG_092-20b
094.md	323	KR4h0160_WYG_092-21a
094.md	331	KR4h0160_WYG_092-21b
094.md	339	KR4h0160_WYG_092-22a
094.md	347	KR4h0160_WYG_092-22b
094.md	355	KR4h0160_WYG_092-23a
094.md	363	KR4h0160_WYG_092-23b
094.md	371	KR4h0160_WYG_092-24a
094.md	379	KR4h0160_WYG_092-24b
094.md	387	KR4h0160_WYG_092-25a
094.md	395	KR4h0160_WYG_092-25b
094.md	403	KR4h0160_WYG_092-26a
094.md	411	KR4h0160_WYG_092-26b
094.md	419	KR4h0160_WYG_092-27a
094.md	427	KR4h0160_WYG_092-27b
094.md	435	KR4h0160_WYG_092-28a
094.md	443	KR4h0160_WYG_092-28b
094.md	451	KR4h0160_WYG_092-29a
094.md	459	KR4h0160_WYG_092-29b
094.md	467	KR4h0160_WYG_092-30a
094.md	475	KR4h0160_WYG_092-30b
094.md	483	KR4h0160_WYG_092-31a
094.md	491	KR4h0160_WYG_092-31b
094.md	499	KR4h0160_WYG_092-32a
094.md	507	KR4h0160_WYG_092-32b
094.md	515	KR4h0160_WYG_092-33a
094.md	523	KR4h0160_WYG_092-33b
094.md	531	KR4h0160_WYG_092-34a
094.md	539	KR4h0160_WYG_092-34b
094.md	547	KR4h0160_WYG_092-35a
094.md	555	KR4h0160_WYG_092-35b
094.md	563	KR4h0160_WYG_092-36a
094.md	571	KR4h0160_WYG_092-36b
094.md	579	KR4h0160_WYG_092-37a
094.md	587	KR4h0160_WYG_092-37b
094.md	595	KR4h0160_WYG_092-38a
094.md	603	KR4h0160_WYG_092-38b
094.md	611	KR4h0160_WYG_092-39a
094.md	619	KR4h0160_WYG_092-39b
094.md	627	KR4h0160_WYG_092-40a
094.md	635	KR4h0160_WYG_092-40b
094.md	643	KR4h0160_WYG_092-41a
094.md	651	KR4h0160_WYG_092-41b
094.md	659	KR4h0160_WYG_092-42a
094.md	667	KR4h0160_WYG_092-42b
094.md	675	KR4h0160_WYG_092-43a
094.md	683	KR4h0160_WYG_092-43b
094.md	691	KR4h0160_WYG_092-44a
094.md	699	KR4h0160_WYG_092-44b
094.md	707	KR4h0160_WYG_092-45a
094.md	715	KR4h0160_WYG_092-45b
094.md	723	KR4h0160_WYG_092-46a
094.md	731	KR4h0160_WYG_092-46b
094.md	739	KR4h0160_WYG_092-47a
094.md	747	KR4h0160_WYG_092-47b
094.md	755	KR4h0160_WYG_092-48a
094.md	763	KR4h0160_WYG_092-48b
094.md	771	KR4h0160_WYG_092-49a
094.md	779	KR4h0160_WYG_092-49b
094.md	787	KR4h0160_WYG_092-50a
094.md	795	KR4h0160_WYG_092-50b
094.md	803	KR4h0160_WYG_092-51a
094.md	811	KR4h0160_WYG_092-51b
094.md	819	KR4h0160_WYG_092-52a
094.md	827	KR4h0160_WYG_092-52b
094.md	835	KR4h0160_WYG_092-53a
094.md	843	KR4h0160_WYG_092-53b
094.md	851	KR4h0160_WYG_092-54a
094.md	859	KR4h0160_WYG_092-54b
094.md	867	KR4h0160_WYG_092-55a
094.md	875	KR4h0160_WYG_092-55b
094.md	883	KR4h0160_WYG_092-56a
094.md	891	KR4h0160_WYG_092-56b
094.md	899	KR4h0160_WYG_092-57a
094.md	907	KR4h0160_WYG_092-57b
094.md	915	KR4h0160_WYG_092-58a
094.md	923	KR4h0160_WYG_092-58b
094.md	931	KR4h0160_WYG_092-59a
094.md	939	KR4h0160_WYG_092-59b
094.md	947	KR4h0160_WYG_092-60a
094.md	955	KR4h0160_WYG_092-60b
095.md	3	KR4h0160_WYG_093-1a
095.md	11	KR4h0160_WYG_093-1b
095.md	19	KR4h0160_WYG_093-2a
095.md	27	KR4h0160_WYG_093-2b
095.md	35	KR4h0160_WYG_093-3a
095.md	43	KR4h0160_WYG_093-3b
095.md	51	KR4h0160_WYG_093-4a
095.md	59	KR4h0160_WYG_093-4b
095.md	67	KR4h0160_WYG_093-5a
095.md	75	KR4h0160_WYG_093-5b
095.md	83	KR4h0160_WYG_093-6a
095.md	91	KR4h0160_WYG_093-6b
095.md	99	KR4h0160_WYG_093-7a
095.md	107	KR4h0160_WYG_093-7b
095.md	115	KR4h0160_WYG_093-8a
095.md	123	KR4h0160_WYG_093-8b
095.md	131	KR4h0160_WYG_093-9a
095.md	139	KR4h0160_WYG_093-9b
095.md	147	KR4h0160_WYG_093-10a
095.md	155	KR4h0160_WYG_093-10b
095.md	163	KR4h0160_WYG_093-11a
095.md	171	KR4h0160_WYG_093-11b
095.md	179	KR4h0160_WYG_093-12a
095.md	187	KR4h0160_WYG_093-12b
095.md	195	KR4h0160_WYG_093-13a
095.md	203	KR4h0160_WYG_093-13b
095.md	211	KR4h0160_WYG_093-14a
095.md	219	KR4h0160_WYG_093-14b
095.md	227	KR4h0160_WYG_093-15a
095.md	235	KR4h0160_WYG_093-15b
095.md	243	KR4h0160_WYG_093-16a
095.md	251	KR4h0160_WYG_093-16b
095.md	259	KR4h0160_WYG_093-17a
095.md	267	KR4h0160_WYG_093-17b
095.md	275	KR4h0160_WYG_093-18a
095.md	283	KR4h0160_WYG_093-18b
095.md	291	KR4h0160_WYG_093-19a
095.md	299	KR4h0160_WYG_093-19b
095.md	307	KR4h0160_WYG_093-20a
095.md	315	KR4h0160_WYG_093-20b
095.md	323	KR4h0160_WYG_093-21a
095.md	331	KR4h0160_WYG_093-21b
095.md	339	KR4h0160_WYG_093-22a
095.md	347	KR4h0160_WYG_093-22b
095.md	355	KR4h0160_WYG_093-23a
095.md	363	KR4h0160_WYG_093-23b
095.md	371	KR4h0160_WYG_093-24a
095.md	379	KR4h0160_WYG_093-24b
095.md	387	KR4h0160_WYG_093-25a
095.md	395	KR4h0160_WYG_093-25b
095.md	403	KR4h0160_WYG_093-26a
095.md	411	KR4h0160_WYG_093-26b
095.md	419	KR4h0160_WYG_093-27a
095.md	427	KR4h0160_WYG_093-27b
095.md	435	KR4h0160_WYG_093-28a
095.md	443	KR4h0160_WYG_093-28b
095.md	451	KR4h0160_WYG_093-29a
095.md	459	KR4h0160_WYG_093-29b
095.md	467	KR4h0160_WYG_093-30a
095.md	475	KR4h0160_WYG_093-30b
095.md	483	KR4h0160_WYG_093-31a
095.md	491	KR4h0160_WYG_093-31b
095.md	499	KR4h0160_WYG_093-32a
095.md	507	KR4h0160_WYG_093-32b
095.md	515	KR4h0160_WYG_093-33a
095.md	523	KR4h0160_WYG_093-33b
095.md	531	KR4h0160_WYG_093-34a
095.md	539	KR4h0160_WYG_093-34b
095.md	547	KR4h0160_WYG_093-35a
095.md	555	KR4h0160_WYG_093-35b
095.md	563	KR4h0160_WYG_093-36a
095.md	571	KR4h0160_WYG_093-36b
095.md	579	KR4h0160_WYG_093-37a
095.md	587	KR4h0160_WYG_093-37b
095.md	595	KR4h0160_WYG_093-38a
095.md	603	KR4h0160_WYG_093-38b
095.md	611	KR4h0160_WYG_093-39a
095.md	619	KR4h0160_WYG_093-39b
095.md	627	KR4h0160_WYG_093-40a
095.md	635	KR4h0160_WYG_093-40b
096.md	3	KR4h0160_WYG_094-1a
096.md	11	KR4h0160_WYG_094-1b
096.md	19	KR4h0160_WYG_094-2a
096.md	27	KR4h0160_WYG_094-2b
096.md	35	KR4h0160_WYG_094-3a
096.md	43	KR4h0160_WYG_094-3b
096.md	51	KR4h0160_WYG_094-4a
096.md	59	KR4h0160_WYG_094-4b
096.md	67	KR4h0160_WYG_094-5a
096.md	75	KR4h0160_WYG_094-5b
096.md	83	KR4h0160_WYG_094-6a
096.md	91	KR4h0160_WYG_094-6b
096.md	99	KR4h0160_WYG_094-7a
096.md	107	KR4h0160_WYG_094-7b
096.md	115	KR4h0160_WYG_094-8a
096.md	123	KR4h0160_WYG_094-8b
096.md	131	KR4h0160_WYG_094-9a
096.md	139	KR4h0160_WYG_094-9b
096.md	147	KR4h0160_WYG_094-10a
096.md	155	KR4h0160_WYG_094-10b
096.md	163	KR4h0160_WYG_094-11a
096.md	171	KR4h0160_WYG_094-11b
096.md	179	KR4h0160_WYG_094-12a
096.md	187	KR4h0160_WYG_094-12b
096.md	195	KR4h0160_WYG_094-13a
096.md	203	KR4h0160_WYG_094-13b
096.md	211	KR4h0160_WYG_094-14a
096.md	219	KR4h0160_WYG_094-14b
096.md	227	KR4h0160_WYG_094-15a
096.md	235	KR4h0160_WYG_094-15b
096.md	243	KR4h0160_WYG_094-16a
096.md	251	KR4h0160_WYG_094-16b
096.md	259	KR4h0160_WYG_094-17a
096.md	267	KR4h0160_WYG_094-17b
096.md	275	KR4h0160_WYG_094-18a
096.md	283	KR4h0160_WYG_094-18b
096.md	291	KR4h0160_WYG_094-19a
096.md	299	KR4h0160_WYG_094-19b
096.md	307	KR4h0160_WYG_094-20a
096.md	315	KR4h0160_WYG_094-20b
096.md	323	KR4h0160_WYG_094-21a
096.md	331	KR4h0160_WYG_094-21b
096.md	339	KR4h0160_WYG_094-22a
096.md	347	KR4h0160_WYG_094-22b
096.md	355	KR4h0160_WYG_094-23a
096.md	363	KR4h0160_WYG_094-23b
096.md	371	KR4h0160_WYG_094-24a
096.md	379	KR4h0160_WYG_094-24b
096.md	387	KR4h0160_WYG_094-25a
096.md	395	KR4h0160_WYG_094-25b
096.md	403	KR4h0160_WYG_094-26a
096.md	411	KR4h0160_WYG_094-26b
096.md	419	KR4h0160_WYG_094-27a
096.md	427	KR4h0160_WYG_094-27b
096.md	435	KR4h0160_WYG_094-28a
096.md	443	KR4h0160_WYG_094-28b
096.md	451	KR4h0160_WYG_094-29a
096.md	459	KR4h0160_WYG_094-29b
096.md	467	KR4h0160_WYG_094-30a
096.md	475	KR4h0160_WYG_094-30b
096.md	483	KR4h0160_WYG_094-31a
096.md	491	KR4h0160_WYG_094-31b
096.md	499	KR4h0160_WYG_094-32a
096.md	507	KR4h0160_WYG_094-32b
096.md	515	KR4h0160_WYG_094-33a
096.md	523	KR4h0160_WYG_094-33b
096.md	531	KR4h0160_WYG_094-34a
096.md	539	KR4h0160_WYG_094-34b
096.md	547	KR4h0160_WYG_094-35a
096.md	555	KR4h0160_WYG_094-35b
096.md	563	KR4h0160_WYG_094-36a
096.md	571	KR4h0160_WYG_094-36b
096.md	579	KR4h0160_WYG_094-37a
096.md	587	KR4h0160_WYG_094-37b
096.md	595	KR4h0160_WYG_094-38a
096.md	603	KR4h0160_WYG_094-38b
096.md	611	KR4h0160_WYG_094-39a
096.md	619	KR4h0160_WYG_094-39b
096.md	627	KR4h0160_WYG_094-40a
096.md	635	KR4h0160_WYG_094-40b
096.md	643	KR4h0160_WYG_094-41a
096.md	651	KR4h0160_WYG_094-41b
096.md	659	KR4h0160_WYG_094-42a
096.md	667	KR4h0160_WYG_094-42b
096.md	675	KR4h0160_WYG_094-43a
096.md	683	KR4h0160_WYG_094-43b
096.md	691	KR4h0160_WYG_094-44a
096.md	699	KR4h0160_WYG_094-44b
096.md	707	KR4h0160_WYG_094-45a
096.md	715	KR4h0160_WYG_094-45b
096.md	723	KR4h0160_WYG_094-46a
096.md	731	KR4h0160_WYG_094-46b
096.md	739	KR4h0160_WYG_094-47a
096.md	747	KR4h0160_WYG_094-47b
096.md	755	KR4h0160_WYG_094-48a
096.md	763	KR4h0160_WYG_094-48b
096.md	771	KR4h0160_WYG_094-49a
096.md	779	KR4h0160_WYG_094-49b
096.md	787	KR4h0160_WYG_094-50a
096.md	795	KR4h0160_WYG_094-50b
096.md	803	KR4h0160_WYG_094-51a
096.md	811	KR4h0160_WYG_094-51b
096.md	819	KR4h0160_WYG_094-52a
096.md	827	KR4h0160_WYG_094-52b
096.md	835	KR4h0160_WYG_094-53a
096.md	843	KR4h0160_WYG_094-53b
096.md	851	KR4h0160_WYG_094-54a
096.md	859	KR4h0160_WYG_094-54b
096.md	867	KR4h0160_WYG_094-55a
096.md	875	KR4h0160_WYG_094-55b
097.md	3	KR4h0160_WYG_095-1a
097.md	11	KR4h0160_WYG_095-1b
097.md	19	KR4h0160_WYG_095-2a
097.md	27	KR4h0160_WYG_095-2b
097.md	35	KR4h0160_WYG_095-3a
097.md	43	KR4h0160_WYG_095-3b
097.md	51	KR4h0160_WYG_095-4a
097.md	59	KR4h0160_WYG_095-4b
097.md	67	KR4h0160_WYG_095-5a
097.md	75	KR4h0160_WYG_095-5b
097.md	83	KR4h0160_WYG_095-6a
097.md	91	KR4h0160_WYG_095-6b
097.md	99	KR4h0160_WYG_095-7a
097.md	107	KR4h0160_WYG_095-7b
097.md	115	KR4h0160_WYG_095-8a
097.md	123	KR4h0160_WYG_095-8b
097.md	131	KR4h0160_WYG_095-9a
097.md	139	KR4h0160_WYG_095-9b
097.md	147	KR4h0160_WYG_095-10a
097.md	155	KR4h0160_WYG_095-10b
097.md	163	KR4h0160_WYG_095-11a
097.md	171	KR4h0160_WYG_095-11b
097.md	179	KR4h0160_WYG_095-12a
097.md	187	KR4h0160_WYG_095-12b
097.md	195	KR4h0160_WYG_095-13a
097.md	203	KR4h0160_WYG_095-13b
097.md	211	KR4h0160_WYG_095-14a
097.md	219	KR4h0160_WYG_095-14b
097.md	227	KR4h0160_WYG_095-15a
097.md	235	KR4h0160_WYG_095-15b
097.md	243	KR4h0160_WYG_095-16a
097.md	251	KR4h0160_WYG_095-16b
097.md	259	KR4h0160_WYG_095-17a
097.md	267	KR4h0160_WYG_095-17b
097.md	275	KR4h0160_WYG_095-18a
097.md	283	KR4h0160_WYG_095-18b
097.md	291	KR4h0160_WYG_095-19a
097.md	299	KR4h0160_WYG_095-19b
097.md	307	KR4h0160_WYG_095-20a
097.md	315	KR4h0160_WYG_095-20b
097.md	323	KR4h0160_WYG_095-21a
097.md	331	KR4h0160_WYG_095-21b
097.md	339	KR4h0160_WYG_095-22a
097.md	347	KR4h0160_WYG_095-22b
097.md	355	KR4h0160_WYG_095-23a
097.md	363	KR4h0160_WYG_095-23b
097.md	371	KR4h0160_WYG_095-24a
097.md	379	KR4h0160_WYG_095-24b
097.md	387	KR4h0160_WYG_095-25a
097.md	395	KR4h0160_WYG_095-25b
097.md	403	KR4h0160_WYG_095-26a
097.md	411	KR4h0160_WYG_095-26b
097.md	419	KR4h0160_WYG_095-27a
097.md	427	KR4h0160_WYG_095-27b
097.md	435	KR4h0160_WYG_095-28a
097.md	443	KR4h0160_WYG_095-28b
097.md	451	KR4h0160_WYG_095-29a
097.md	459	KR4h0160_WYG_095-29b
097.md	467	KR4h0160_WYG_095-30a
097.md	475	KR4h0160_WYG_095-30b
097.md	483	KR4h0160_WYG_095-31a
097.md	491	KR4h0160_WYG_095-31b
097.md	499	KR4h0160_WYG_095-32a
097.md	507	KR4h0160_WYG_095-32b
097.md	515	KR4h0160_WYG_095-33a
097.md	523	KR4h0160_WYG_095-33b
097.md	531	KR4h0160_WYG_095-34a
097.md	539	KR4h0160_WYG_095-34b
097.md	547	KR4h0160_WYG_095-35a
097.md	555	KR4h0160_WYG_095-35b
097.md	563	KR4h0160_WYG_095-36a
097.md	571	KR4h0160_WYG_095-36b
097.md	579	KR4h0160_WYG_095-37a
097.md	587	KR4h0160_WYG_095-37b
097.md	595	KR4h0160_WYG_095-38a
097.md	603	KR4h0160_WYG_095-38b
097.md	611	KR4h0160_WYG_095-39a
097.md	619	KR4h0160_WYG_095-39b
097.md	627	KR4h0160_WYG_095-40a
097.md	635	KR4h0160_WYG_095-40b
097.md	643	KR4h0160_WYG_095-41a
097.md	651	KR4h0160_WYG_095-41b
097.md	659	KR4h0160_WYG_095-42a
097.md	667	KR4h0160_WYG_095-42b
097.md	675	KR4h0160_WYG_095-43a
097.md	683	KR4h0160_WYG_095-43b
097.md	691	KR4h0160_WYG_095-44a
097.md	699	KR4h0160_WYG_095-44b
097.md	707	KR4h0160_WYG_095-45a
097.md	715	KR4h0160_WYG_095-45b
097.md	723	KR4h0160_WYG_095-46a
097.md	731	KR4h0160_WYG_095-46b
097.md	739	KR4h0160_WYG_095-47a
097.md	747	KR4h0160_WYG_095-47b
097.md	755	KR4h0160_WYG_095-48a
097.md	763	KR4h0160_WYG_095-48b
097.md	771	KR4h0160_WYG_095-49a
097.md	779	KR4h0160_WYG_095-49b
097.md	787	KR4h0160_WYG_095-50a
097.md	795	KR4h0160_WYG_095-50b
097.md	803	KR4h0160_WYG_095-51a
097.md	811	KR4h0160_WYG_095-51b
097.md	819	KR4h0160_WYG_095-52a
097.md	827	KR4h0160_WYG_095-52b
097.md	835	KR4h0160_WYG_095-53a
097.md	843	KR4h0160_WYG_095-53b
097.md	851	KR4h0160_WYG_095-54a
097.md	859	KR4h0160_WYG_095-54b
097.md	867	KR4h0160_WYG_095-55a
097.md	875	KR4h0160_WYG_095-55b
097.md	883	KR4h0160_WYG_095-56a
097.md	891	KR4h0160_WYG_095-56b
097.md	899	KR4h0160_WYG_095-57a
097.md	907	KR4h0160_WYG_095-57b
097.md	915	KR4h0160_WYG_095-58a
097.md	923	KR4h0160_WYG_095-58b
097.md	931	KR4h0160_WYG_095-59a
097.md	939	KR4h0160_WYG_095-59b
097.md	947	KR4h0160_WYG_095-60a
097.md	955	KR4h0160_WYG_095-60b
097.md	963	KR4h0160_WYG_095-61a
097.md	971	KR4h0160_WYG_095-61b
097.md	979	KR4h0160_WYG_095-62a
097.md	987	KR4h0160_WYG_095-62b
097.md	995	KR4h0160_WYG_095-63a
097.md	1003	KR4h0160_WYG_095-63b
097.md	1011	KR4h0160_WYG_095-64a
097.md	1019	KR4h0160_WYG_095-64b
097.md	1027	KR4h0160_WYG_095-65a
097.md	1035	KR4h0160_WYG_095-65b
097.md	1043	KR4h0160_WYG_095-66a
097.md	1051	KR4h0160_WYG_095-66b
097.md	1059	KR4h0160_WYG_095-67a
097.md	1067	KR4h0160_WYG_095-67b
097.md	1075	KR4h0160_WYG_095-68a
097.md	1083	KR4h0160_WYG_095-68b
098.md	3	KR4h0160_WYG_096-1a
098.md	11	KR4h0160_WYG_096-1b
098.md	19	KR4h0160_WYG_096-2a
098.md	27	KR4h0160_WYG_096-2b
098.md	35	KR4h0160_WYG_096-3a
098.md	43	KR4h0160_WYG_096-3b
098.md	51	KR4h0160_WYG_096-4a
098.md	59	KR4h0160_WYG_096-4b
098.md	67	KR4h0160_WYG_096-5a
098.md	75	KR4h0160_WYG_096-5b
098.md	83	KR4h0160_WYG_096-6a
098.md	91	KR4h0160_WYG_096-6b
098.md	99	KR4h0160_WYG_096-7a
098.md	107	KR4h0160_WYG_096-7b
098.md	115	KR4h0160_WYG_096-8a
098.md	123	KR4h0160_WYG_096-8b
098.md	131	KR4h0160_WYG_096-9a
098.md	139	KR4h0160_WYG_096-9b
098.md	147	KR4h0160_WYG_096-10a
098.md	155	KR4h0160_WYG_096-10b
098.md	163	KR4h0160_WYG_096-11a
098.md	171	KR4h0160_WYG_096-11b
098.md	179	KR4h0160_WYG_096-12a
098.md	187	KR4h0160_WYG_096-12b
098.md	195	KR4h0160_WYG_096-13a
098.md	203	KR4h0160_WYG_096-13b
098.md	211	KR4h0160_WYG_096-14a
098.md	219	KR4h0160_WYG_096-14b
098.md	227	KR4h0160_WYG_096-15a
098.md	235	KR4h0160_WYG_096-15b
098.md	243	KR4h0160_WYG_096-16a
098.md	251	KR4h0160_WYG_096-16b
098.md	259	KR4h0160_WYG_096-17a
098.md	267	KR4h0160_WYG_096-17b
098.md	275	KR4h0160_WYG_096-18a
098.md	283	KR4h0160_WYG_096-18b
098.md	291	KR4h0160_WYG_096-19a
098.md	299	KR4h0160_WYG_096-19b
098.md	307	KR4h0160_WYG_096-20a
098.md	315	KR4h0160_WYG_096-20b
098.md	323	KR4h0160_WYG_096-21a
098.md	331	KR4h0160_WYG_096-21b
098.md	339	KR4h0160_WYG_096-22a
098.md	347	KR4h0160_WYG_096-22b
098.md	355	KR4h0160_WYG_096-23a
098.md	363	KR4h0160_WYG_096-23b
098.md	371	KR4h0160_WYG_096-24a
098.md	379	KR4h0160_WYG_096-24b
098.md	387	KR4h0160_WYG_096-25a
098.md	395	KR4h0160_WYG_096-25b
098.md	403	KR4h0160_WYG_096-26a
098.md	411	KR4h0160_WYG_096-26b
098.md	419	KR4h0160_WYG_096-27a
098.md	427	KR4h0160_WYG_096-27b
098.md	435	KR4h0160_WYG_096-28a
098.md	443	KR4h0160_WYG_096-28b
098.md	451	KR4h0160_WYG_096-29a
098.md	459	KR4h0160_WYG_096-29b
098.md	467	KR4h0160_WYG_096-30a
098.md	475	KR4h0160_WYG_096-30b
098.md	483	KR4h0160_WYG_096-31a
098.md	491	KR4h0160_WYG_096-31b
098.md	499	KR4h0160_WYG_096-32a
098.md	507	KR4h0160_WYG_096-32b
098.md	515	KR4h0160_WYG_096-33a
098.md	523	KR4h0160_WYG_096-33b
098.md	531	KR4h0160_WYG_096-34a
098.md	539	KR4h0160_WYG_096-34b
098.md	547	KR4h0160_WYG_096-35a
098.md	555	KR4h0160_WYG_096-35b
098.md	563	KR4h0160_WYG_096-36a
098.md	571	KR4h0160_WYG_096-36b
098.md	579	KR4h0160_WYG_096-37a
098.md	587	KR4h0160_WYG_096-37b
098.md	595	KR4h0160_WYG_096-38a
098.md	603	KR4h0160_WYG_096-38b
098.md	611	KR4h0160_WYG_096-39a
098.md	619	KR4h0160_WYG_096-39b
098.md	627	KR4h0160_WYG_096-40a
098.md	635	KR4h0160_WYG_096-40b
098.md	643	KR4h0160_WYG_096-41a
098.md	651	KR4h0160_WYG_096-41b
098.md	659	KR4h0160_WYG_096-42a
098.md	667	KR4h0160_WYG_096-42b
098.md	675	KR4h0160_WYG_096-43a
098.md	683	KR4h0160_WYG_096-43b
098.md	691	KR4h0160_WYG_096-44a
098.md	699	KR4h0160_WYG_096-44b
098.md	707	KR4h0160_WYG_096-45a
098.md	715	KR4h0160_WYG_096-45b
099.md	3	KR4h0160_WYG_097-1a
099.md	11	KR4h0160_WYG_097-1b
099.md	19	KR4h0160_WYG_097-2a
099.md	27	KR4h0160_WYG_097-2b
099.md	35	KR4h0160_WYG_097-3a
099.md	43	KR4h0160_WYG_097-3b
099.md	51	KR4h0160_WYG_097-4a
099.md	59	KR4h0160_WYG_097-4b
099.md	67	KR4h0160_WYG_097-5a
099.md	75	KR4h0160_WYG_097-5b
099.md	83	KR4h0160_WYG_097-6a
099.md	91	KR4h0160_WYG_097-6b
099.md	99	KR4h0160_WYG_097-7a
099.md	107	KR4h0160_WYG_097-7b
099.md	115	KR4h0160_WYG_097-8a
099.md	123	KR4h0160_WYG_097-8b
099.md	131	KR4h0160_WYG_097-9a
099.md	139	KR4h0160_WYG_097-9b
099.md	147	KR4h0160_WYG_097-10a
099.md	155	KR4h0160_WYG_097-10b
099.md	163	KR4h0160_WYG_097-11a
099.md	171	KR4h0160_WYG_097-11b
099.md	179	KR4h0160_WYG_097-12a
099.md	187	KR4h0160_WYG_097-12b
099.md	195	KR4h0160_WYG_097-13a
099.md	203	KR4h0160_WYG_097-13b
099.md	211	KR4h0160_WYG_097-14a
099.md	219	KR4h0160_WYG_097-14b
099.md	227	KR4h0160_WYG_097-15a
099.md	235	KR4h0160_WYG_097-15b
099.md	243	KR4h0160_WYG_097-16a
099.md	251	KR4h0160_WYG_097-16b
099.md	259	KR4h0160_WYG_097-17a
099.md	267	KR4h0160_WYG_097-17b
099.md	275	KR4h0160_WYG_097-18a
099.md	283	KR4h0160_WYG_097-18b
099.md	291	KR4h0160_WYG_097-19a
099.md	299	KR4h0160_WYG_097-19b
100.md	3	KR4h0160_WYG_098-1a
100.md	11	KR4h0160_WYG_098-1b
100.md	19	KR4h0160_WYG_098-2a
100.md	27	KR4h0160_WYG_098-2b
100.md	35	KR4h0160_WYG_098-3a
100.md	43	KR4h0160_WYG_098-3b
100.md	51	KR4h0160_WYG_098-4a
100.md	59	KR4h0160_WYG_098-4b
100.md	67	KR4h0160_WYG_098-5a
100.md	75	KR4h0160_WYG_098-5b
100.md	83	KR4h0160_WYG_098-6a
100.md	91	KR4h0160_WYG_098-6b
100.md	99	KR4h0160_WYG_098-7a
100.md	107	KR4h0160_WYG_098-7b
100.md	115	KR4h0160_WYG_098-8a
100.md	123	KR4h0160_WYG_098-8b
100.md	131	KR4h0160_WYG_098-9a
100.md	139	KR4h0160_WYG_098-9b
100.md	147	KR4h0160_WYG_098-10a
100.md	155	KR4h0160_WYG_098-10b
100.md	163	KR4h0160_WYG_098-11a
100.md	171	KR4h0160_WYG_098-11b
100.md	179	KR4h0160_WYG_098-12a
100.md	187	KR4h0160_WYG_098-12b
100.md	195	KR4h0160_WYG_098-13a
100.md	203	KR4h0160_WYG_098-13b
100.md	211	KR4h0160_WYG_098-14a
100.md	219	KR4h0160_WYG_098-14b
100.md	227	KR4h0160_WYG_098-15a
100.md	235	KR4h0160_WYG_098-15b
100.md	243	KR4h0160_WYG_098-16a
100.md	251	KR4h0160_WYG_098-16b
100.md	259	KR4h0160_WYG_098-17a
100.md	267	KR4h0160_WYG_098-17b
100.md	275	KR4h0160_WYG_098-18a
100.md	283	KR4h0160_WYG_098-18b
100.md	291	KR4h0160_WYG_098-19a
100.md	299	KR4h0160_WYG_098-19b
100.md	307	KR4h0160_WYG_098-20a
100.md	315	KR4h0160_WYG_098-20b
100.md	323	KR4h0160_WYG_098-21a
100.md	331	KR4h0160_WYG_098-21b
100.md	339	KR4h0160_WYG_098-22a
100.md	347	KR4h0160_WYG_098-22b
100.md	355	KR4h0160_WYG_098-23a
100.md	363	KR4h0160_WYG_098-23b
100.md	371	KR4h0160_WYG_098-24a
100.md	379	KR4h0160_WYG_098-24b
100.md	387	KR4h0160_WYG_098-25a
100.md	395	KR4h0160_WYG_098-25b
100.md	403	KR4h0160_WYG_098-26a
100.md	411	KR4h0160_WYG_098-26b
100.md	419	KR4h0160_WYG_098-27a
100.md	427	KR4h0160_WYG_098-27b
100.md	435	KR4h0160_WYG_098-28a
100.md	443	KR4h0160_WYG_098-28b
100.md	451	KR4h0160_WYG_098-29a
100.md	459	KR4h0160_WYG_098-29b
100.md	467	KR4h0160_WYG_098-30a
100.md	475	KR4h0160_WYG_098-30b
100.md	483	KR4h0160_WYG_098-31a
100.md	491	KR4h0160_WYG_098-31b
100.md	499	KR4h0160_WYG_098-32a
100.md	507	KR4h0160_WYG_098-32b
100.md	515	KR4h0160_WYG_098-33a
100.md	523	KR4h0160_WYG_098-33b
100.md	531	KR4h0160_WYG_098-34a
100.md	539	KR4h0160_WYG_098-34b
100.md	547	KR4h0160_WYG_098-35a
100.md	555	KR4h0160_WYG_098-35b
100.md	563	KR4h0160_WYG_098-36a
100.md	571	KR4h0160_WYG_098-36b
100.md	579	KR4h0160_WYG_098-37a
100.md	587	KR4h0160_WYG_098-37b
100.md	595	KR4h0160_WYG_098-38a
100.md	603	KR4h0160_WYG_098-38b
100.md	611	KR4h0160_WYG_098-39a
100.md	619	KR4h0160_WYG_098-39b
100.md	627	KR4h0160_WYG_098-40a
100.md	635	KR4h0160_WYG_098-40b
100.md	643	KR4h0160_WYG_098-41a
100.md	651	KR4h0160_WYG_098-41b
100.md	659	KR4h0160_WYG_098-42a
100.md	667	KR4h0160_WYG_098-42b
100.md	675	KR4h0160_WYG_098-43a
100.md	683	KR4h0160_WYG_098-43b
100.md	691	KR4h0160_WYG_098-44a
100.md	699	KR4h0160_WYG_098-44b
100.md	707	KR4h0160_WYG_098-45a
100.md	715	KR4h0160_WYG_098-45b
100.md	723	KR4h0160_WYG_098-46a
100.md	731	KR4h0160_WYG_098-46b
100.md	739	KR4h0160_WYG_098-47a
100.md	747	KR4h0160_WYG_098-47b
100.md	755	KR4h0160_WYG_098-48a
100.md	763	KR4h0160_WYG_098-48b
100.md	771	KR4h0160_WYG_098-49a
100.md	779	KR4h0160_WYG_098-49b
100.md	787	KR4h0160_WYG_098-50a
100.md	795	KR4h0160_WYG_098-50b
100.md	803	KR4h0160_WYG_098-51a
100.md	811	KR4h0160_WYG_098-51b
100.md	819	KR4h0160_WYG_098-52a
100.md	827	KR4h0160_WYG_098-52b
100.md	835	KR4h0160_WYG_098-53a
100.md	843	KR4h0160_WYG_098-53b
100.md	851	KR4h0160_WYG_098-54a
100.md	859	KR4h0160_WYG_098-54b
100.md	867	KR4h0160_WYG_098-55a
100.md	875	KR4h0160_WYG_098-55b
100.md	883	KR4h0160_WYG_098-56a
100.md	891	KR4h0160_WYG_098-56b
100.md	899	KR4h0160_WYG_098-57a
100.md	907	KR4h0160_WYG_098-57b
100.md	915	KR4h0160_WYG_098-58a
100.md	923	KR4h0160_WYG_098-58b
100.md	931	KR4h0160_WYG_098-59a
100.md	939	KR4h0160_WYG_098-59b
100.md	947	KR4h0160_WYG_098-60a
100.md	955	KR4h0160_WYG_098-60b
100.md	963	KR4h0160_WYG_098-61a
100.md	971	KR4h0160_WYG_098-61b
100.md	979	KR4h0160_WYG_098-62a
100.md	987	KR4h0160_WYG_098-62b
100.md	995	KR4h0160_WYG_098-63a
100.md	1003	KR4h0160_WYG_098-63b
101.md	3	KR4h0160_WYG_099-1a
101.md	11	KR4h0160_WYG_099-1b
101.md	19	KR4h0160_WYG_099-2a
101.md	27	KR4h0160_WYG_099-2b
101.md	35	KR4h0160_WYG_099-3a
101.md	43	KR4h0160_WYG_099-3b
101.md	51	KR4h0160_WYG_099-4a
101.md	59	KR4h0160_WYG_099-4b
101.md	67	KR4h0160_WYG_099-5a
101.md	75	KR4h0160_WYG_099-5b
101.md	83	KR4h0160_WYG_099-6a
101.md	91	KR4h0160_WYG_099-6b
101.md	99	KR4h0160_WYG_099-7a
101.md	107	KR4h0160_WYG_099-7b
101.md	115	KR4h0160_WYG_099-8a
101.md	123	KR4h0160_WYG_099-8b
101.md	131	KR4h0160_WYG_099-9a
101.md	139	KR4h0160_WYG_099-9b
101.md	147	KR4h0160_WYG_099-10a
101.md	155	KR4h0160_WYG_099-10b
101.md	163	KR4h0160_WYG_099-11a
101.md	171	KR4h0160_WYG_099-11b
101.md	179	KR4h0160_WYG_099-12a
101.md	187	KR4h0160_WYG_099-12b
101.md	195	KR4h0160_WYG_099-13a
101.md	203	KR4h0160_WYG_099-13b
101.md	211	KR4h0160_WYG_099-14a
101.md	219	KR4h0160_WYG_099-14b
101.md	227	KR4h0160_WYG_099-15a
101.md	235	KR4h0160_WYG_099-15b
101.md	243	KR4h0160_WYG_099-16a
101.md	251	KR4h0160_WYG_099-16b
101.md	259	KR4h0160_WYG_099-17a
101.md	267	KR4h0160_WYG_099-17b
101.md	275	KR4h0160_WYG_099-18a
101.md	283	KR4h0160_WYG_099-18b
101.md	291	KR4h0160_WYG_099-19a
101.md	299	KR4h0160_WYG_099-19b
101.md	307	KR4h0160_WYG_099-20a
101.md	315	KR4h0160_WYG_099-20b
101.md	323	KR4h0160_WYG_099-21a
101.md	331	KR4h0160_WYG_099-21b
101.md	339	KR4h0160_WYG_099-22a
101.md	347	KR4h0160_WYG_099-22b
101.md	355	KR4h0160_WYG_099-23a
101.md	363	KR4h0160_WYG_099-23b
101.md	371	KR4h0160_WYG_099-24a
101.md	379	KR4h0160_WYG_099-24b
101.md	387	KR4h0160_WYG_099-25a
101.md	395	KR4h0160_WYG_099-25b
101.md	403	KR4h0160_WYG_099-26a
101.md	411	KR4h0160_WYG_099-26b
101.md	419	KR4h0160_WYG_099-27a
101.md	427	KR4h0160_WYG_099-27b
101.md	435	KR4h0160_WYG_099-28a
101.md	443	KR4h0160_WYG_099-28b
101.md	451	KR4h0160_WYG_099-29a
101.md	459	KR4h0160_WYG_099-29b
101.md	467	KR4h0160_WYG_099-30a
101.md	475	KR4h0160_WYG_099-30b
101.md	483	KR4h0160_WYG_099-31a
101.md	491	KR4h0160_WYG_099-31b
101.md	499	KR4h0160_WYG_099-32a
101.md	507	KR4h0160_WYG_099-32b
101.md	515	KR4h0160_WYG_099-33a
101.md	523	KR4h0160_WYG_099-33b
101.md	531	KR4h0160_WYG_099-34a
101.md	539	KR4h0160_WYG_099-34b
101.md	547	KR4h0160_WYG_099-35a
101.md	555	KR4h0160_WYG_099-35b
101.md	563	KR4h0160_WYG_099-36a
101.md	571	KR4h0160_WYG_099-36b
101.md	579	KR4h0160_WYG_099-37a
101.md	587	KR4h0160_WYG_099-37b
101.md	595	KR4h0160_WYG_099-38a
101.md	603	KR4h0160_WYG_099-38b
101.md	611	KR4h0160_WYG_099-39a
101.md	619	KR4h0160_WYG_099-39b
101.md	627	KR4h0160_WYG_099-40a
101.md	635	KR4h0160_WYG_099-40b
101.md	643	KR4h0160_WYG_099-41a
101.md	651	KR4h0160_WYG_099-41b
101.md	659	KR4h0160_WYG_099-42a
101.md	667	KR4h0160_WYG_099-42b
101.md	675	KR4h0160_WYG_099-43a
101.md	683	KR4h0160_WYG_099-43b
101.md	691	KR4h0160_WYG_099-44a
101.md	699	KR4h0160_WYG_099-44b
101.md	707	KR4h0160_WYG_099-45a
101.md	715	KR4h0160_WYG_099-45b
101.md	723	KR4h0160_WYG_099-46a
101.md	731	KR4h0160_WYG_099-46b
101.md	739	KR4h0160_WYG_099-47a
101.md	747	KR4h0160_WYG_099-47b
101.md	755	KR4h0160_WYG_099-48a
101.md	763	KR4h0160_WYG_099-48b
101.md	771	KR4h0160_WYG_099-49a
101.md	779	KR4h0160_WYG_099-49b
101.md	787	KR4h0160_WYG_099-50a
101.md	795	KR4h0160_WYG_099-50b
101.md	803	KR4h0160_WYG_099-51a
101.md	811	KR4h0160_WYG_099-51b
101.md	819	KR4h0160_WYG_099-52a
101.md	827	KR4h0160_WYG_099-52b
101.md	835	KR4h0160_WYG_099-53a
101.md	843	KR4h0160_WYG_099-53b
101.md	851	KR4h0160_WYG_099-54a
101.md	859	KR4h0160_WYG_099-54b
101.md	867	KR4h0160_WYG_099-55a
101.md	875	KR4h0160_WYG_099-55b
101.md	883	KR4h0160_WYG_099-56a
101.md	891	KR4h0160_WYG_099-56b
101.md	899	KR4h0160_WYG_099-57a
101.md	907	KR4h0160_WYG_099-57b
101.md	915	KR4h0160_WYG_099-58a
101.md	923	KR4h0160_WYG_099-58b
101.md	931	KR4h0160_WYG_099-59a
101.md	939	KR4h0160_WYG_099-59b
101.md	947	KR4h0160_WYG_099-60a
101.md	955	KR4h0160_WYG_099-60b
101.md	963	KR4h0160_WYG_099-61a
101.md	971	KR4h0160_WYG_099-61b
101.md	979	KR4h0160_WYG_099-62a
101.md	987	KR4h0160_WYG_099-62b
101.md	995	KR4h0160_WYG_099-63a
101.md	1003	KR4h0160_WYG_099-63b
101.md	1011	KR4h0160_WYG_099-64a
101.md	1019	KR4h0160_WYG_099-64b
101.md	1027	KR4h0160_WYG_099-65a
101.md	1035	KR4h0160_WYG_099-65b
101.md	1043	KR4h0160_WYG_099-66a
101.md	1051	KR4h0160_WYG_099-66b
101.md	1059	KR4h0160_WYG_099-67a
101.md	1067	KR4h0160_WYG_099-67b
101.md	1075	KR4h0160_WYG_099-68a
101.md	1083	KR4h0160_WYG_099-68b
101.md	1091	KR4h0160_WYG_099-69a
101.md	1099	KR4h0160_WYG_099-69b
102.md	3	KR4h0160_WYG_100-1a
102.md	11	KR4h0160_WYG_100-1b
102.md	19	KR4h0160_WYG_100-2a
102.md	27	KR4h0160_WYG_100-2b
102.md	35	KR4h0160_WYG_100-3a
102.md	43	KR4h0160_WYG_100-3b
102.md	51	KR4h0160_WYG_100-4a
102.md	59	KR4h0160_WYG_100-4b
102.md	67	KR4h0160_WYG_100-5a
102.md	75	KR4h0160_WYG_100-5b
102.md	83	KR4h0160_WYG_100-6a
102.md	91	KR4h0160_WYG_100-6b
102.md	99	KR4h0160_WYG_100-7a
102.md	107	KR4h0160_WYG_100-7b
102.md	115	KR4h0160_WYG_100-8a
102.md	123	KR4h0160_WYG_100-8b
102.md	131	KR4h0160_WYG_100-9a
102.md	139	KR4h0160_WYG_100-9b
102.md	147	KR4h0160_WYG_100-10a
102.md	155	KR4h0160_WYG_100-10b
102.md	163	KR4h0160_WYG_100-11a
102.md	171	KR4h0160_WYG_100-11b
102.md	179	KR4h0160_WYG_100-12a
102.md	187	KR4h0160_WYG_100-12b
102.md	195	KR4h0160_WYG_100-13a
102.md	203	KR4h0160_WYG_100-13b
102.md	211	KR4h0160_WYG_100-14a
102.md	219	KR4h0160_WYG_100-14b
102.md	227	KR4h0160_WYG_100-15a
102.md	235	KR4h0160_WYG_100-15b
102.md	243	KR4h0160_WYG_100-16a
102.md	251	KR4h0160_WYG_100-16b
102.md	259	KR4h0160_WYG_100-17a
102.md	267	KR4h0160_WYG_100-17b
102.md	275	KR4h0160_WYG_100-18a
102.md	283	KR4h0160_WYG_100-18b
102.md	291	KR4h0160_WYG_100-19a
102.md	299	KR4h0160_WYG_100-19b
102.md	307	KR4h0160_WYG_100-20a
102.md	315	KR4h0160_WYG_100-20b
102.md	323	KR4h0160_WYG_100-21a
102.md	331	KR4h0160_WYG_100-21b
103.md	3	KR4h0160_WYG_101-1a
103.md	11	KR4h0160_WYG_101-1b
103.md	19	KR4h0160_WYG_101-2a
103.md	27	KR4h0160_WYG_101-2b
103.md	35	KR4h0160_WYG_101-3a
103.md	43	KR4h0160_WYG_101-3b
103.md	51	KR4h0160_WYG_101-4a
103.md	59	KR4h0160_WYG_101-4b
103.md	67	KR4h0160_WYG_101-5a
103.md	75	KR4h0160_WYG_101-5b
103.md	83	KR4h0160_WYG_101-6a
103.md	91	KR4h0160_WYG_101-6b
103.md	99	KR4h0160_WYG_101-7a
103.md	107	KR4h0160_WYG_101-7b
103.md	115	KR4h0160_WYG_101-8a
103.md	123	KR4h0160_WYG_101-8b
103.md	131	KR4h0160_WYG_101-9a
103.md	139	KR4h0160_WYG_101-9b
103.md	147	KR4h0160_WYG_101-10a
103.md	155	KR4h0160_WYG_101-10b
103.md	163	KR4h0160_WYG_101-11a
103.md	171	KR4h0160_WYG_101-11b
103.md	179	KR4h0160_WYG_101-12a
103.md	187	KR4h0160_WYG_101-12b
103.md	195	KR4h0160_WYG_101-13a
103.md	203	KR4h0160_WYG_101-13b
103.md	211	KR4h0160_WYG_101-14a
103.md	219	KR4h0160_WYG_101-14b
103.md	227	KR4h0160_WYG_101-15a
103.md	235	KR4h0160_WYG_101-15b
103.md	243	KR4h0160_WYG_101-16a
103.md	251	KR4h0160_WYG_101-16b
103.md	259	KR4h0160_WYG_101-17a
103.md	267	KR4h0160_WYG_101-17b
103.md	275	KR4h0160_WYG_101-18a
103.md	283	KR4h0160_WYG_101-18b
103.md	291	KR4h0160_WYG_101-19a
103.md	299	KR4h0160_WYG_101-19b
103.md	307	KR4h0160_WYG_101-20a
103.md	315	KR4h0160_WYG_101-20b
103.md	323	KR4h0160_WYG_101-21a
103.md	331	KR4h0160_WYG_101-21b
103.md	339	KR4h0160_WYG_101-22a
103.md	347	KR4h0160_WYG_101-22b
103.md	355	KR4h0160_WYG_101-23a
103.md	363	KR4h0160_WYG_101-23b
103.md	371	KR4h0160_WYG_101-24a
103.md	379	KR4h0160_WYG_101-24b
103.md	387	KR4h0160_WYG_101-25a
103.md	395	KR4h0160_WYG_101-25b
103.md	403	KR4h0160_WYG_101-26a
103.md	411	KR4h0160_WYG_101-26b
104.md	3	KR4h0160_WYG_102-1a
104.md	11	KR4h0160_WYG_102-1b
104.md	19	KR4h0160_WYG_102-2a
104.md	27	KR4h0160_WYG_102-2b
104.md	35	KR4h0160_WYG_102-3a
104.md	43	KR4h0160_WYG_102-3b
104.md	51	KR4h0160_WYG_102-4a
104.md	59	KR4h0160_WYG_102-4b
104.md	67	KR4h0160_WYG_102-5a
104.md	75	KR4h0160_WYG_102-5b
104.md	83	KR4h0160_WYG_102-6a
104.md	91	KR4h0160_WYG_102-6b
104.md	99	KR4h0160_WYG_102-7a
104.md	107	KR4h0160_WYG_102-7b
104.md	115	KR4h0160_WYG_102-8a
104.md	123	KR4h0160_WYG_102-8b
104.md	131	KR4h0160_WYG_102-9a
104.md	139	KR4h0160_WYG_102-9b
104.md	147	KR4h0160_WYG_102-10a
104.md	155	KR4h0160_WYG_102-10b
104.md	163	KR4h0160_WYG_102-11a
104.md	171	KR4h0160_WYG_102-11b
104.md	179	KR4h0160_WYG_102-12a
104.md	187	KR4h0160_WYG_102-12b
104.md	195	KR4h0160_WYG_102-13a
104.md	203	KR4h0160_WYG_102-13b
104.md	211	KR4h0160_WYG_102-14a
104.md	219	KR4h0160_WYG_102-14b
104.md	227	KR4h0160_WYG_102-15a
104.md	235	KR4h0160_WYG_102-15b
104.md	243	KR4h0160_WYG_102-16a
104.md	251	KR4h0160_WYG_102-16b
104.md	259	KR4h0160_WYG_102-17a
104.md	267	KR4h0160_WYG_102-17b
104.md	275	KR4h0160_WYG_102-18a
104.md	283	KR4h0160_WYG_102-18b
104.md	291	KR4h0160_WYG_102-19a
104.md	299	KR4h0160_WYG_102-19b
104.md	307	KR4h0160_WYG_102-20a
104.md	315	KR4h0160_WYG_102-20b
104.md	323	KR4h0160_WYG_102-21a
104.md	331	KR4h0160_WYG_102-21b
104.md	339	KR4h0160_WYG_102-22a
104.md	347	KR4h0160_WYG_102-22b
104.md	355	KR4h0160_WYG_102-23a
104.md	363	KR4h0160_WYG_102-23b
104.md	371	KR4h0160_WYG_102-24a
104.md	379	KR4h0160_WYG_102-24b
104.md	387	KR4h0160_WYG_102-25a
104.md	395	KR4h0160_WYG_102-25b
104.md	403	KR4h0160_WYG_102-26a
104.md	411	KR4h0160_WYG_102-26b
104.md	419	KR4h0160_WYG_102-27a
104.md	427	KR4h0160_WYG_102-27b
104.md	435	KR4h0160_WYG_102-28a
104.md	443	KR4h0160_WYG_102-28b
104.md	451	KR4h0160_WYG_102-29a
104.md	459	KR4h0160_WYG_102-29b
104.md	467	KR4h0160_WYG_102-30a
104.md	475	KR4h0160_WYG_102-30b
104.md	483	KR4h0160_WYG_102-31a
104.md	491	KR4h0160_WYG_102-31b
104.md	499	KR4h0160_WYG_102-32a
104.md	507	KR4h0160_WYG_102-32b
104.md	515	KR4h0160_WYG_102-33a
104.md	523	KR4h0160_WYG_102-33b
104.md	531	KR4h0160_WYG_102-34a
104.md	539	KR4h0160_WYG_102-34b
104.md	547	KR4h0160_WYG_102-35a
104.md	555	KR4h0160_WYG_102-35b
104.md	563	KR4h0160_WYG_102-36a
104.md	571	KR4h0160_WYG_102-36b
104.md	579	KR4h0160_WYG_102-37a
104.md	587	KR4h0160_WYG_102-37b
104.md	595	KR4h0160_WYG_102-38a
104.md	603	KR4h0160_WYG_102-38b
104.md	611	KR4h0160_WYG_102-39a
104.md	619	KR4h0160_WYG_102-39b
104.md	627	KR4h0160_WYG_102-40a
104.md	635	KR4h0160_WYG_102-40b
104.md	643	KR4h0160_WYG_102-41a
104.md	651	KR4h0160_WYG_102-41b
104.md	659	KR4h0160_WYG_102-42a
104.md	667	KR4h0160_WYG_102-42b
104.md	675	KR4h0160_WYG_102-43a
104.md	683	KR4h0160_WYG_102-43b
105.md	3	KR4h0160_WYG_103-1a
105.md	11	KR4h0160_WYG_103-1b
105.md	19	KR4h0160_WYG_103-2a
105.md	27	KR4h0160_WYG_103-2b
105.md	35	KR4h0160_WYG_103-3a
105.md	43	KR4h0160_WYG_103-3b
105.md	51	KR4h0160_WYG_103-4a
105.md	59	KR4h0160_WYG_103-4b
105.md	67	KR4h0160_WYG_103-5a
105.md	75	KR4h0160_WYG_103-5b
105.md	83	KR4h0160_WYG_103-6a
105.md	91	KR4h0160_WYG_103-6b
105.md	99	KR4h0160_WYG_103-7a
105.md	107	KR4h0160_WYG_103-7b
105.md	115	KR4h0160_WYG_103-8a
105.md	123	KR4h0160_WYG_103-8b
105.md	131	KR4h0160_WYG_103-9a
105.md	139	KR4h0160_WYG_103-9b
105.md	147	KR4h0160_WYG_103-10a
105.md	155	KR4h0160_WYG_103-10b
105.md	163	KR4h0160_WYG_103-11a
105.md	171	KR4h0160_WYG_103-11b
105.md	179	KR4h0160_WYG_103-12a
105.md	187	KR4h0160_WYG_103-12b
105.md	195	KR4h0160_WYG_103-13a
105.md	203	KR4h0160_WYG_103-13b
105.md	211	KR4h0160_WYG_103-14a
105.md	219	KR4h0160_WYG_103-14b
105.md	227	KR4h0160_WYG_103-15a
105.md	235	KR4h0160_WYG_103-15b
105.md	243	KR4h0160_WYG_103-16a
105.md	251	KR4h0160_WYG_103-16b
105.md	259	KR4h0160_WYG_103-17a
105.md	267	KR4h0160_WYG_103-17b
105.md	275	KR4h0160_WYG_103-18a
105.md	283	KR4h0160_WYG_103-18b
105.md	291	KR4h0160_WYG_103-19a
105.md	299	KR4h0160_WYG_103-19b
105.md	307	KR4h0160_WYG_103-20a
105.md	315	KR4h0160_WYG_103-20b
105.md	323	KR4h0160_WYG_103-21a
105.md	331	KR4h0160_WYG_103-21b
105.md	339	KR4h0160_WYG_103-22a
105.md	347	KR4h0160_WYG_103-22b
105.md	355	KR4h0160_WYG_103-23a
105.md	363	KR4h0160_WYG_103-23b
105.md	371	KR4h0160_WYG_103-24a
105.md	379	KR4h0160_WYG_103-24b
105.md	387	KR4h0160_WYG_103-25a
105.md	395	KR4h0160_WYG_103-25b
105.md	403	KR4h0160_WYG_103-26a
105.md	411	KR4h0160_WYG_103-26b
105.md	419	KR4h0160_WYG_103-27a
105.md	427	KR4h0160_WYG_103-27b
105.md	435	KR4h0160_WYG_103-28a
105.md	443	KR4h0160_WYG_103-28b
105.md	451	KR4h0160_WYG_103-29a
105.md	459	KR4h0160_WYG_103-29b
105.md	467	KR4h0160_WYG_103-30a
105.md	475	KR4h0160_WYG_103-30b
105.md	483	KR4h0160_WYG_103-31a
105.md	491	KR4h0160_WYG_103-31b
105.md	499	KR4h0160_WYG_103-32a
105.md	507	KR4h0160_WYG_103-32b
105.md	515	KR4h0160_WYG_103-33a
105.md	523	KR4h0160_WYG_103-33b
105.md	531	KR4h0160_WYG_103-34a
105.md	539	KR4h0160_WYG_103-34b
105.md	547	KR4h0160_WYG_103-35a
105.md	555	KR4h0160_WYG_103-35b
105.md	563	KR4h0160_WYG_103-36a
105.md	571	KR4h0160_WYG_103-36b
105.md	579	KR4h0160_WYG_103-37a
105.md	587	KR4h0160_WYG_103-37b
105.md	595	KR4h0160_WYG_103-38a
105.md	603	KR4h0160_WYG_103-38b
105.md	611	KR4h0160_WYG_103-39a
105.md	619	KR4h0160_WYG_103-39b
105.md	627	KR4h0160_WYG_103-40a
105.md	635	KR4h0160_WYG_103-40b
105.md	643	KR4h0160_WYG_103-41a
105.md	651	KR4h0160_WYG_103-41b
105.md	659	KR4h0160_WYG_103-42a
105.md	667	KR4h0160_WYG_103-42b
105.md	675	KR4h0160_WYG_103-43a
105.md	683	KR4h0160_WYG_103-43b
105.md	691	KR4h0160_WYG_103-44a
105.md	699	KR4h0160_WYG_103-44b
105.md	707	KR4h0160_WYG_103-45a
105.md	715	KR4h0160_WYG_103-45b
105.md	723	KR4h0160_WYG_103-46a
105.md	731	KR4h0160_WYG_103-46b
105.md	739	KR4h0160_WYG_103-47a
105.md	747	KR4h0160_WYG_103-47b
105.md	755	KR4h0160_WYG_103-48a
105.md	763	KR4h0160_WYG_103-48b
105.md	771	KR4h0160_WYG_103-49a
105.md	779	KR4h0160_WYG_103-49b
105.md	787	KR4h0160_WYG_103-50a
105.md	795	KR4h0160_WYG_103-50b
105.md	803	KR4h0160_WYG_103-51a
105.md	811	KR4h0160_WYG_103-51b
106.md	3	KR4h0160_WYG_104-1a
106.md	11	KR4h0160_WYG_104-1b
106.md	19	KR4h0160_WYG_104-2a
106.md	27	KR4h0160_WYG_104-2b
106.md	35	KR4h0160_WYG_104-3a
106.md	43	KR4h0160_WYG_104-3b
106.md	51	KR4h0160_WYG_104-4a
106.md	59	KR4h0160_WYG_104-4b
106.md	67	KR4h0160_WYG_104-5a
106.md	75	KR4h0160_WYG_104-5b
106.md	83	KR4h0160_WYG_104-6a
106.md	91	KR4h0160_WYG_104-6b
106.md	99	KR4h0160_WYG_104-7a
106.md	107	KR4h0160_WYG_104-7b
106.md	115	KR4h0160_WYG_104-8a
106.md	123	KR4h0160_WYG_104-8b
106.md	131	KR4h0160_WYG_104-9a
106.md	139	KR4h0160_WYG_104-9b
106.md	147	KR4h0160_WYG_104-10a
106.md	155	KR4h0160_WYG_104-10b
106.md	163	KR4h0160_WYG_104-11a
106.md	171	KR4h0160_WYG_104-11b
106.md	179	KR4h0160_WYG_104-12a
106.md	187	KR4h0160_WYG_104-12b
106.md	195	KR4h0160_WYG_104-13a
106.md	203	KR4h0160_WYG_104-13b
106.md	211	KR4h0160_WYG_104-14a
106.md	219	KR4h0160_WYG_104-14b
106.md	227	KR4h0160_WYG_104-15a
106.md	235	KR4h0160_WYG_104-15b
106.md	243	KR4h0160_WYG_104-16a
106.md	251	KR4h0160_WYG_104-16b
106.md	259	KR4h0160_WYG_104-17a
106.md	267	KR4h0160_WYG_104-17b
106.md	275	KR4h0160_WYG_104-18a
106.md	283	KR4h0160_WYG_104-18b
106.md	291	KR4h0160_WYG_104-19a
106.md	299	KR4h0160_WYG_104-19b
106.md	307	KR4h0160_WYG_104-20a
106.md	315	KR4h0160_WYG_104-20b
106.md	323	KR4h0160_WYG_104-21a
106.md	331	KR4h0160_WYG_104-21b
106.md	339	KR4h0160_WYG_104-22a
106.md	347	KR4h0160_WYG_104-22b
106.md	355	KR4h0160_WYG_104-23a
106.md	363	KR4h0160_WYG_104-23b
106.md	371	KR4h0160_WYG_104-24a
106.md	379	KR4h0160_WYG_104-24b
106.md	387	KR4h0160_WYG_104-25a
106.md	395	KR4h0160_WYG_104-25b
106.md	403	KR4h0160_WYG_104-26a
106.md	411	KR4h0160_WYG_104-26b
106.md	419	KR4h0160_WYG_104-27a
106.md	427	KR4h0160_WYG_104-27b
106.md	435	KR4h0160_WYG_104-28a
106.md	443	KR4h0160_WYG_104-28b
106.md	451	KR4h0160_WYG_104-29a
106.md	459	KR4h0160_WYG_104-29b
106.md	467	KR4h0160_WYG_104-30a
106.md	475	KR4h0160_WYG_104-30b
106.md	483	KR4h0160_WYG_104-31a
106.md	491	KR4h0160_WYG_104-31b
106.md	499	KR4h0160_WYG_104-32a
106.md	507	KR4h0160_WYG_104-32b
106.md	515	KR4h0160_WYG_104-33a
106.md	523	KR4h0160_WYG_104-33b
106.md	531	KR4h0160_WYG_104-34a
106.md	539	KR4h0160_WYG_104-34b
106.md	547	KR4h0160_WYG_104-35a
106.md	555	KR4h0160_WYG_104-35b
106.md	563	KR4h0160_WYG_104-36a
106.md	571	KR4h0160_WYG_104-36b
106.md	579	KR4h0160_WYG_104-37a
106.md	587	KR4h0160_WYG_104-37b
106.md	595	KR4h0160_WYG_104-38a
106.md	603	KR4h0160_WYG_104-38b
106.md	611	KR4h0160_WYG_104-39a
106.md	619	KR4h0160_WYG_104-39b
106.md	627	KR4h0160_WYG_104-40a
106.md	635	KR4h0160_WYG_104-40b
106.md	643	KR4h0160_WYG_104-41a
106.md	651	KR4h0160_WYG_104-41b
106.md	659	KR4h0160_WYG_104-42a
106.md	667	KR4h0160_WYG_104-42b
106.md	675	KR4h0160_WYG_104-43a
106.md	683	KR4h0160_WYG_104-43b
106.md	691	KR4h0160_WYG_104-44a
106.md	699	KR4h0160_WYG_104-44b
106.md	707	KR4h0160_WYG_104-45a
106.md	715	KR4h0160_WYG_104-45b
106.md	723	KR4h0160_WYG_104-46a
106.md	731	KR4h0160_WYG_104-46b
106.md	739	KR4h0160_WYG_104-47a
106.md	747	KR4h0160_WYG_104-47b
106.md	755	KR4h0160_WYG_104-48a
106.md	763	KR4h0160_WYG_104-48b
106.md	771	KR4h0160_WYG_104-49a
106.md	779	KR4h0160_WYG_104-49b
106.md	787	KR4h0160_WYG_104-50a
106.md	795	KR4h0160_WYG_104-50b
106.md	803	KR4h0160_WYG_104-51a
106.md	811	KR4h0160_WYG_104-51b
106.md	819	KR4h0160_WYG_104-52a
106.md	827	KR4h0160_WYG_104-52b
106.md	835	KR4h0160_WYG_104-53a
106.md	843	KR4h0160_WYG_104-53b
106.md	851	KR4h0160_WYG_104-54a
106.md	859	KR4h0160_WYG_104-54b
106.md	867	KR4h0160_WYG_104-55a
106.md	875	KR4h0160_WYG_104-55b
106.md	883	KR4h0160_WYG_104-56a
106.md	891	KR4h0160_WYG_104-56b
106.md	899	KR4h0160_WYG_104-57a
106.md	907	KR4h0160_WYG_104-57b
106.md	915	KR4h0160_WYG_104-58a
106.md	923	KR4h0160_WYG_104-58b
106.md	931	KR4h0160_WYG_104-59a
106.md	939	KR4h0160_WYG_104-59b
106.md	947	KR4h0160_WYG_104-60a
106.md	955	KR4h0160_WYG_104-60b
106.md	963	KR4h0160_WYG_104-61a
106.md	971	KR4h0160_WYG_104-61b
106.md	979	KR4h0160_WYG_104-62a
106.md	987	KR4h0160_WYG_104-62b
106.md	995	KR4h0160_WYG_104-63a
106.md	1003	KR4h0160_WYG_104-63b
106.md	1011	KR4h0160_WYG_104-64a
106.md	1019	KR4h0160_WYG_104-64b
106.md	1027	KR4h0160_WYG_104-65a
106.md	1035	KR4h0160_WYG_104-65b
106.md	1043	KR4h0160_WYG_104-66a
106.md	1051	KR4h0160_WYG_104-66b
106.md	1059	KR4h0160_WYG_104-67a
106.md	1067	KR4h0160_WYG_104-67b
106.md	1075	KR4h0160_WYG_104-68a
106.md	1083	KR4h0160_WYG_104-68b
106.md	1091	KR4h0160_WYG_104-69a
106.md	1099	KR4h0160_WYG_104-69b
106.md	1107	KR4h0160_WYG_104-70a
106.md	1115	KR4h0160_WYG_104-70b
106.md	1123	KR4h0160_WYG_104-71a
106.md	1131	KR4h0160_WYG_104-71b
106.md	1139	KR4h0160_WYG_104-72a
106.md	1147	KR4h0160_WYG_104-72b
106.md	1155	KR4h0160_WYG_104-73a
106.md	1163	KR4h0160_WYG_104-73b
106.md	1171	KR4h0160_WYG_104-74a
106.md	1179	KR4h0160_WYG_104-74b
106.md	1187	KR4h0160_WYG_104-75a
106.md	1195	KR4h0160_WYG_104-75b
106.md	1203	KR4h0160_WYG_104-76a
106.md	1211	KR4h0160_WYG_104-76b
106.md	1219	KR4h0160_WYG_104-77a
106.md	1227	KR4h0160_WYG_104-77b
106.md	1235	KR4h0160_WYG_104-78a
106.md	1243	KR4h0160_WYG_104-78b
106.md	1251	KR4h0160_WYG_104-79a
106.md	1259	KR4h0160_WYG_104-79b
106.md	1267	KR4h0160_WYG_104-80a
106.md	1275	KR4h0160_WYG_104-80b
107.md	3	KR4h0160_WYG_105-1a
107.md	11	KR4h0160_WYG_105-1b
107.md	19	KR4h0160_WYG_105-2a
107.md	27	KR4h0160_WYG_105-2b
107.md	35	KR4h0160_WYG_105-3a
107.md	43	KR4h0160_WYG_105-3b
107.md	51	KR4h0160_WYG_105-4a
107.md	59	KR4h0160_WYG_105-4b
107.md	67	KR4h0160_WYG_105-5a
107.md	75	KR4h0160_WYG_105-5b
107.md	83	KR4h0160_WYG_105-6a
107.md	91	KR4h0160_WYG_105-6b
107.md	99	KR4h0160_WYG_105-7a
107.md	107	KR4h0160_WYG_105-7b
107.md	115	KR4h0160_WYG_105-8a
107.md	123	KR4h0160_WYG_105-8b
107.md	131	KR4h0160_WYG_105-9a
107.md	139	KR4h0160_WYG_105-9b
107.md	147	KR4h0160_WYG_105-10a
107.md	155	KR4h0160_WYG_105-10b
107.md	163	KR4h0160_WYG_105-11a
107.md	171	KR4h0160_WYG_105-11b
107.md	179	KR4h0160_WYG_105-12a
107.md	187	KR4h0160_WYG_105-12b
107.md	195	KR4h0160_WYG_105-13a
107.md	203	KR4h0160_WYG_105-13b
107.md	211	KR4h0160_WYG_105-14a
107.md	219	KR4h0160_WYG_105-14b
107.md	227	KR4h0160_WYG_105-15a
107.md	235	KR4h0160_WYG_105-15b
107.md	243	KR4h0160_WYG_105-16a
107.md	251	KR4h0160_WYG_105-16b
107.md	259	KR4h0160_WYG_105-17a
107.md	267	KR4h0160_WYG_105-17b
107.md	275	KR4h0160_WYG_105-18a
107.md	283	KR4h0160_WYG_105-18b
107.md	291	KR4h0160_WYG_105-19a
107.md	299	KR4h0160_WYG_105-19b
107.md	307	KR4h0160_WYG_105-20a
107.md	315	KR4h0160_WYG_105-20b
107.md	323	KR4h0160_WYG_105-21a
107.md	331	KR4h0160_WYG_105-21b
107.md	339	KR4h0160_WYG_105-22a
107.md	347	KR4h0160_WYG_105-22b
107.md	355	KR4h0160_WYG_105-23a
107.md	363	KR4h0160_WYG_105-23b
107.md	371	KR4h0160_WYG_105-24a
107.md	379	KR4h0160_WYG_105-24b
107.md	387	KR4h0160_WYG_105-25a
107.md	395	KR4h0160_WYG_105-25b
107.md	403	KR4h0160_WYG_105-26a
107.md	411	KR4h0160_WYG_105-26b
107.md	419	KR4h0160_WYG_105-27a
107.md	427	KR4h0160_WYG_105-27b
107.md	435	KR4h0160_WYG_105-28a
107.md	443	KR4h0160_WYG_105-28b
107.md	451	KR4h0160_WYG_105-29a
107.md	459	KR4h0160_WYG_105-29b
107.md	467	KR4h0160_WYG_105-30a
107.md	475	KR4h0160_WYG_105-30b
107.md	483	KR4h0160_WYG_105-31a
107.md	491	KR4h0160_WYG_105-31b
107.md	499	KR4h0160_WYG_105-32a
107.md	507	KR4h0160_WYG_105-32b
107.md	515	KR4h0160_WYG_105-33a
107.md	523	KR4h0160_WYG_105-33b
107.md	531	KR4h0160_WYG_105-34a
107.md	539	KR4h0160_WYG_105-34b
107.md	547	KR4h0160_WYG_105-35a
107.md	555	KR4h0160_WYG_105-35b
107.md	563	KR4h0160_WYG_105-36a
107.md	571	KR4h0160_WYG_105-36b
107.md	579	KR4h0160_WYG_105-37a
107.md	587	KR4h0160_WYG_105-37b
107.md	595	KR4h0160_WYG_105-38a
107.md	603	KR4h0160_WYG_105-38b
107.md	611	KR4h0160_WYG_105-39a
107.md	619	KR4h0160_WYG_105-39b
107.md	627	KR4h0160_WYG_105-40a
107.md	635	KR4h0160_WYG_105-40b
107.md	643	KR4h0160_WYG_105-41a
107.md	651	KR4h0160_WYG_105-41b
107.md	659	KR4h0160_WYG_105-42a
107.md	667	KR4h0160_WYG_105-42b
107.md	675	KR4h0160_WYG_105-43a
107.md	683	KR4h0160_WYG_105-43b
107.md	691	KR4h0160_WYG_105-44a
107.md	699	KR4h0160_WYG_105-44b
107.md	707	KR4h0160_WYG_105-45a
107.md	715	KR4h0160_WYG_105-45b
107.md	723	KR4h0160_WYG_105-46a
107.md	731	KR4h0160_WYG_105-46b
107.md	739	KR4h0160_WYG_105-47a
107.md	747	KR4h0160_WYG_105-47b
107.md	755	KR4h0160_WYG_105-48a
107.md	763	KR4h0160_WYG_105-48b
107.md	771	KR4h0160_WYG_105-49a
107.md	779	KR4h0160_WYG_105-49b
107.md	787	KR4h0160_WYG_105-50a
107.md	795	KR4h0160_WYG_105-50b
107.md	803	KR4h0160_WYG_105-51a
107.md	811	KR4h0160_WYG_105-51b
107.md	819	KR4h0160_WYG_105-52a
107.md	827	KR4h0160_WYG_105-52b
107.md	835	KR4h0160_WYG_105-53a
107.md	843	KR4h0160_WYG_105-53b
107.md	851	KR4h0160_WYG_105-54a
107.md	859	KR4h0160_WYG_105-54b
107.md	867	KR4h0160_WYG_105-55a
107.md	875	KR4h0160_WYG_105-55b
107.md	883	KR4h0160_WYG_105-56a
107.md	891	KR4h0160_WYG_105-56b
107.md	899	KR4h0160_WYG_105-57a
107.md	907	KR4h0160_WYG_105-57b
107.md	915	KR4h0160_WYG_105-58a
107.md	923	KR4h0160_WYG_105-58b
107.md	931	KR4h0160_WYG_105-59a
107.md	939	KR4h0160_WYG_105-59b
107.md	947	KR4h0160_WYG_105-60a
107.md	955	KR4h0160_WYG_105-60b
107.md	963	KR4h0160_WYG_105-61a
107.md	971	KR4h0160_WYG_105-61b
107.md	979	KR4h0160_WYG_105-62a
107.md	987	KR4h0160_WYG_105-62b
107.md	995	KR4h0160_WYG_105-63a
107.md	1003	KR4h0160_WYG_105-63b
107.md	1011	KR4h0160_WYG_105-64a
107.md	1019	KR4h0160_WYG_105-64b
107.md	1027	KR4h0160_WYG_105-65a
107.md	1035	KR4h0160_WYG_105-65b
107.md	1043	KR4h0160_WYG_105-66a
107.md	1051	KR4h0160_WYG_105-66b
107.md	1059	KR4h0160_WYG_105-67a
107.md	1067	KR4h0160_WYG_105-67b
107.md	1075	KR4h0160_WYG_105-68a
107.md	1083	KR4h0160_WYG_105-68b
107.md	1091	KR4h0160_WYG_105-69a
107.md	1099	KR4h0160_WYG_105-69b
107.md	1107	KR4h0160_WYG_105-70a
107.md	1115	KR4h0160_WYG_105-70b
107.md	1123	KR4h0160_WYG_105-71a
107.md	1131	KR4h0160_WYG_105-71b
107.md	1139	KR4h0160_WYG_105-72a
107.md	1147	KR4h0160_WYG_105-72b
107.md	1155	KR4h0160_WYG_105-73a
107.md	1163	KR4h0160_WYG_105-73b
107.md	1171	KR4h0160_WYG_105-74a
107.md	1179	KR4h0160_WYG_105-74b
108.md	3	KR4h0160_WYG_106-1a
108.md	11	KR4h0160_WYG_106-1b
108.md	19	KR4h0160_WYG_106-2a
108.md	27	KR4h0160_WYG_106-2b
108.md	35	KR4h0160_WYG_106-3a
108.md	43	KR4h0160_WYG_106-3b
108.md	51	KR4h0160_WYG_106-4a
108.md	59	KR4h0160_WYG_106-4b
108.md	67	KR4h0160_WYG_106-5a
108.md	75	KR4h0160_WYG_106-5b
108.md	83	KR4h0160_WYG_106-6a
108.md	91	KR4h0160_WYG_106-6b
108.md	99	KR4h0160_WYG_106-7a
108.md	107	KR4h0160_WYG_106-7b
108.md	115	KR4h0160_WYG_106-8a
108.md	123	KR4h0160_WYG_106-8b
108.md	131	KR4h0160_WYG_106-9a
108.md	139	KR4h0160_WYG_106-9b
108.md	147	KR4h0160_WYG_106-10a
108.md	155	KR4h0160_WYG_106-10b
108.md	163	KR4h0160_WYG_106-11a
108.md	171	KR4h0160_WYG_106-11b
108.md	179	KR4h0160_WYG_106-12a
108.md	187	KR4h0160_WYG_106-12b
108.md	195	KR4h0160_WYG_106-13a
108.md	203	KR4h0160_WYG_106-13b
108.md	211	KR4h0160_WYG_106-14a
108.md	219	KR4h0160_WYG_106-14b
108.md	227	KR4h0160_WYG_106-15a
108.md	235	KR4h0160_WYG_106-15b
108.md	243	KR4h0160_WYG_106-16a
108.md	251	KR4h0160_WYG_106-16b
108.md	259	KR4h0160_WYG_106-17a
108.md	267	KR4h0160_WYG_106-17b
108.md	275	KR4h0160_WYG_106-18a
108.md	283	KR4h0160_WYG_106-18b
108.md	291	KR4h0160_WYG_106-19a
108.md	299	KR4h0160_WYG_106-19b
108.md	307	KR4h0160_WYG_106-20a
108.md	315	KR4h0160_WYG_106-20b
108.md	323	KR4h0160_WYG_106-21a
108.md	331	KR4h0160_WYG_106-21b
108.md	339	KR4h0160_WYG_106-22a
108.md	347	KR4h0160_WYG_106-22b
108.md	355	KR4h0160_WYG_106-23a
108.md	363	KR4h0160_WYG_106-23b
108.md	371	KR4h0160_WYG_106-24a
108.md	379	KR4h0160_WYG_106-24b
108.md	387	KR4h0160_WYG_106-25a
108.md	395	KR4h0160_WYG_106-25b
108.md	403	KR4h0160_WYG_106-26a
108.md	411	KR4h0160_WYG_106-26b
108.md	419	KR4h0160_WYG_106-27a
108.md	427	KR4h0160_WYG_106-27b
108.md	435	KR4h0160_WYG_106-28a
108.md	443	KR4h0160_WYG_106-28b
108.md	451	KR4h0160_WYG_106-29a
108.md	459	KR4h0160_WYG_106-29b
108.md	467	KR4h0160_WYG_106-30a
108.md	475	KR4h0160_WYG_106-30b
108.md	483	KR4h0160_WYG_106-31a
108.md	491	KR4h0160_WYG_106-31b
108.md	499	KR4h0160_WYG_106-32a
108.md	507	KR4h0160_WYG_106-32b
108.md	515	KR4h0160_WYG_106-33a
108.md	523	KR4h0160_WYG_106-33b
108.md	531	KR4h0160_WYG_106-34a
108.md	539	KR4h0160_WYG_106-34b
108.md	547	KR4h0160_WYG_106-35a
108.md	555	KR4h0160_WYG_106-35b
108.md	563	KR4h0160_WYG_106-36a
108.md	571	KR4h0160_WYG_106-36b
108.md	579	KR4h0160_WYG_106-37a
108.md	587	KR4h0160_WYG_106-37b
109.md	3	KR4h0160_WYG_107-1a
109.md	11	KR4h0160_WYG_107-1b
109.md	19	KR4h0160_WYG_107-2a
109.md	27	KR4h0160_WYG_107-2b
109.md	35	KR4h0160_WYG_107-3a
109.md	43	KR4h0160_WYG_107-3b
109.md	51	KR4h0160_WYG_107-4a
109.md	59	KR4h0160_WYG_107-4b
109.md	67	KR4h0160_WYG_107-5a
109.md	75	KR4h0160_WYG_107-5b
109.md	83	KR4h0160_WYG_107-6a
109.md	91	KR4h0160_WYG_107-6b
109.md	99	KR4h0160_WYG_107-7a
109.md	107	KR4h0160_WYG_107-7b
109.md	115	KR4h0160_WYG_107-8a
109.md	123	KR4h0160_WYG_107-8b
109.md	131	KR4h0160_WYG_107-9a
109.md	139	KR4h0160_WYG_107-9b
109.md	147	KR4h0160_WYG_107-10a
109.md	155	KR4h0160_WYG_107-10b
109.md	163	KR4h0160_WYG_107-11a
109.md	171	KR4h0160_WYG_107-11b
109.md	179	KR4h0160_WYG_107-12a
109.md	187	KR4h0160_WYG_107-12b
109.md	195	KR4h0160_WYG_107-13a
109.md	203	KR4h0160_WYG_107-13b
109.md	211	KR4h0160_WYG_107-14a
109.md	219	KR4h0160_WYG_107-14b
109.md	227	KR4h0160_WYG_107-15a
109.md	235	KR4h0160_WYG_107-15b
109.md	243	KR4h0160_WYG_107-16a
109.md	251	KR4h0160_WYG_107-16b
109.md	259	KR4h0160_WYG_107-17a
109.md	267	KR4h0160_WYG_107-17b
109.md	275	KR4h0160_WYG_107-18a
109.md	283	KR4h0160_WYG_107-18b
109.md	291	KR4h0160_WYG_107-19a
109.md	299	KR4h0160_WYG_107-19b
109.md	307	KR4h0160_WYG_107-20a
109.md	315	KR4h0160_WYG_107-20b
109.md	323	KR4h0160_WYG_107-21a
109.md	331	KR4h0160_WYG_107-21b
109.md	339	KR4h0160_WYG_107-22a
109.md	347	KR4h0160_WYG_107-22b
109.md	355	KR4h0160_WYG_107-23a
109.md	363	KR4h0160_WYG_107-23b
109.md	371	KR4h0160_WYG_107-24a
109.md	379	KR4h0160_WYG_107-24b
109.md	387	KR4h0160_WYG_107-25a
109.md	395	KR4h0160_WYG_107-25b
109.md	403	KR4h0160_WYG_107-26a
109.md	411	KR4h0160_WYG_107-26b
109.md	419	KR4h0160_WYG_107-27a
109.md	427	KR4h0160_WYG_107-27b
109.md	435	KR4h0160_WYG_107-28a
109.md	443	KR4h0160_WYG_107-28b
109.md	451	KR4h0160_WYG_107-29a
109.md	459	KR4h0160_WYG_107-29b
109.md	467	KR4h0160_WYG_107-30a
109.md	475	KR4h0160_WYG_107-30b
109.md	483	KR4h0160_WYG_107-31a
109.md	491	KR4h0160_WYG_107-31b
109.md	499	KR4h0160_WYG_107-32a
109.md	507	KR4h0160_WYG_107-32b
109.md	515	KR4h0160_WYG_107-33a
109.md	523	KR4h0160_WYG_107-33b
109.md	531	KR4h0160_WYG_107-34a
109.md	539	KR4h0160_WYG_107-34b
109.md	547	KR4h0160_WYG_107-35a
109.md	555	KR4h0160_WYG_107-35b
109.md	563	KR4h0160_WYG_107-36a
109.md	571	KR4h0160_WYG_107-36b
109.md	579	KR4h0160_WYG_107-37a
109.md	587	KR4h0160_WYG_107-37b
109.md	595	KR4h0160_WYG_107-38a
109.md	603	KR4h0160_WYG_107-38b
109.md	611	KR4h0160_WYG_107-39a
109.md	619	KR4h0160_WYG_107-39b
109.md	627	KR4h0160_WYG_107-40a
109.md	635	KR4h0160_WYG_107-40b
109.md	643	KR4h0160_WYG_107-41a
109.md	651	KR4h0160_WYG_107-41b
109.md	659	KR4h0160_WYG_107-42a
109.md	667	KR4h0160_WYG_107-42b
109.md	675	KR4h0160_WYG_107-43a
109.md	683	KR4h0160_WYG_107-43b
109.md	691	KR4h0160_WYG_107-44a
109.md	699	KR4h0160_WYG_107-44b
109.md	707	KR4h0160_WYG_107-45a
109.md	715	KR4h0160_WYG_107-45b
109.md	723	KR4h0160_WYG_107-46a
109.md	731	KR4h0160_WYG_107-46b
109.md	739	KR4h0160_WYG_107-47a
109.md	747	KR4h0160_WYG_107-47b
109.md	755	KR4h0160_WYG_107-48a
109.md	763	KR4h0160_WYG_107-48b
109.md	771	KR4h0160_WYG_107-49a
109.md	779	KR4h0160_WYG_107-49b
109.md	787	KR4h0160_WYG_107-50a
109.md	795	KR4h0160_WYG_107-50b
109.md	803	KR4h0160_WYG_107-51a
109.md	811	KR4h0160_WYG_107-51b
109.md	819	KR4h0160_WYG_107-52a
109.md	827	KR4h0160_WYG_107-52b
109.md	835	KR4h0160_WYG_107-53a
109.md	843	KR4h0160_WYG_107-53b
109.md	851	KR4h0160_WYG_107-54a
109.md	859	KR4h0160_WYG_107-54b
109.md	867	KR4h0160_WYG_107-55a
109.md	875	KR4h0160_WYG_107-55b
109.md	883	KR4h0160_WYG_107-56a
109.md	891	KR4h0160_WYG_107-56b
110.md	3	KR4h0160_WYG_108-1a
110.md	11	KR4h0160_WYG_108-1b
110.md	19	KR4h0160_WYG_108-2a
110.md	27	KR4h0160_WYG_108-2b
110.md	35	KR4h0160_WYG_108-3a
110.md	43	KR4h0160_WYG_108-3b
110.md	51	KR4h0160_WYG_108-4a
110.md	59	KR4h0160_WYG_108-4b
110.md	67	KR4h0160_WYG_108-5a
110.md	75	KR4h0160_WYG_108-5b
110.md	83	KR4h0160_WYG_108-6a
110.md	91	KR4h0160_WYG_108-6b
110.md	99	KR4h0160_WYG_108-7a
110.md	107	KR4h0160_WYG_108-7b
110.md	115	KR4h0160_WYG_108-8a
110.md	123	KR4h0160_WYG_108-8b
110.md	131	KR4h0160_WYG_108-9a
110.md	139	KR4h0160_WYG_108-9b
110.md	147	KR4h0160_WYG_108-10a
110.md	155	KR4h0160_WYG_108-10b
110.md	163	KR4h0160_WYG_108-11a
110.md	171	KR4h0160_WYG_108-11b
110.md	179	KR4h0160_WYG_108-12a
110.md	187	KR4h0160_WYG_108-12b
110.md	195	KR4h0160_WYG_108-13a
110.md	203	KR4h0160_WYG_108-13b
110.md	211	KR4h0160_WYG_108-14a
110.md	219	KR4h0160_WYG_108-14b
110.md	227	KR4h0160_WYG_108-15a
110.md	235	KR4h0160_WYG_108-15b
110.md	243	KR4h0160_WYG_108-16a
110.md	251	KR4h0160_WYG_108-16b
110.md	259	KR4h0160_WYG_108-17a
110.md	267	KR4h0160_WYG_108-17b
110.md	275	KR4h0160_WYG_108-18a
110.md	283	KR4h0160_WYG_108-18b
110.md	291	KR4h0160_WYG_108-19a
110.md	299	KR4h0160_WYG_108-19b
110.md	307	KR4h0160_WYG_108-20a
110.md	315	KR4h0160_WYG_108-20b
110.md	323	KR4h0160_WYG_108-21a
110.md	331	KR4h0160_WYG_108-21b
110.md	339	KR4h0160_WYG_108-22a
110.md	347	KR4h0160_WYG_108-22b
110.md	355	KR4h0160_WYG_108-23a
110.md	363	KR4h0160_WYG_108-23b
110.md	371	KR4h0160_WYG_108-24a
110.md	379	KR4h0160_WYG_108-24b
110.md	387	KR4h0160_WYG_108-25a
110.md	395	KR4h0160_WYG_108-25b
110.md	403	KR4h0160_WYG_108-26a
110.md	411	KR4h0160_WYG_108-26b
110.md	419	KR4h0160_WYG_108-27a
110.md	427	KR4h0160_WYG_108-27b
110.md	435	KR4h0160_WYG_108-28a
110.md	443	KR4h0160_WYG_108-28b
110.md	451	KR4h0160_WYG_108-29a
110.md	459	KR4h0160_WYG_108-29b
110.md	467	KR4h0160_WYG_108-30a
110.md	475	KR4h0160_WYG_108-30b
110.md	483	KR4h0160_WYG_108-31a
110.md	491	KR4h0160_WYG_108-31b
110.md	499	KR4h0160_WYG_108-32a
110.md	507	KR4h0160_WYG_108-32b
110.md	515	KR4h0160_WYG_108-33a
110.md	523	KR4h0160_WYG_108-33b
110.md	531	KR4h0160_WYG_108-34a
110.md	539	KR4h0160_WYG_108-34b
110.md	547	KR4h0160_WYG_108-35a
110.md	555	KR4h0160_WYG_108-35b
110.md	563	KR4h0160_WYG_108-36a
110.md	571	KR4h0160_WYG_108-36b
110.md	579	KR4h0160_WYG_108-37a
110.md	587	KR4h0160_WYG_108-37b
110.md	595	KR4h0160_WYG_108-38a
110.md	603	KR4h0160_WYG_108-38b
110.md	611	KR4h0160_WYG_108-39a
110.md	619	KR4h0160_WYG_108-39b
110.md	627	KR4h0160_WYG_108-40a
110.md	635	KR4h0160_WYG_108-40b
110.md	643	KR4h0160_WYG_108-41a
110.md	651	KR4h0160_WYG_108-41b
110.md	659	KR4h0160_WYG_108-42a
110.md	667	KR4h0160_WYG_108-42b
111.md	3	KR4h0160_WYG_109-1a
111.md	11	KR4h0160_WYG_109-1b
111.md	19	KR4h0160_WYG_109-2a
111.md	27	KR4h0160_WYG_109-2b
111.md	35	KR4h0160_WYG_109-3a
111.md	43	KR4h0160_WYG_109-3b
111.md	51	KR4h0160_WYG_109-4a
111.md	59	KR4h0160_WYG_109-4b
111.md	67	KR4h0160_WYG_109-5a
111.md	75	KR4h0160_WYG_109-5b
111.md	83	KR4h0160_WYG_109-6a
111.md	91	KR4h0160_WYG_109-6b
111.md	99	KR4h0160_WYG_109-7a
111.md	107	KR4h0160_WYG_109-7b
111.md	115	KR4h0160_WYG_109-8a
111.md	123	KR4h0160_WYG_109-8b
111.md	131	KR4h0160_WYG_109-9a
111.md	139	KR4h0160_WYG_109-9b
111.md	147	KR4h0160_WYG_109-10a
111.md	155	KR4h0160_WYG_109-10b
111.md	163	KR4h0160_WYG_109-11a
111.md	171	KR4h0160_WYG_109-11b
111.md	179	KR4h0160_WYG_109-12a
111.md	187	KR4h0160_WYG_109-12b
111.md	195	KR4h0160_WYG_109-13a
111.md	203	KR4h0160_WYG_109-13b
111.md	211	KR4h0160_WYG_109-14a
111.md	219	KR4h0160_WYG_109-14b
111.md	227	KR4h0160_WYG_109-15a
111.md	235	KR4h0160_WYG_109-15b
111.md	243	KR4h0160_WYG_109-16a
111.md	251	KR4h0160_WYG_109-16b
111.md	259	KR4h0160_WYG_109-17a
111.md	267	KR4h0160_WYG_109-17b
111.md	275	KR4h0160_WYG_109-18a
111.md	283	KR4h0160_WYG_109-18b
111.md	291	KR4h0160_WYG_109-19a
111.md	299	KR4h0160_WYG_109-19b
111.md	307	KR4h0160_WYG_109-20a
111.md	315	KR4h0160_WYG_109-20b
111.md	323	KR4h0160_WYG_109-21a
111.md	331	KR4h0160_WYG_109-21b
111.md	339	KR4h0160_WYG_109-22a
111.md	347	KR4h0160_WYG_109-22b
111.md	355	KR4h0160_WYG_109-23a
111.md	363	KR4h0160_WYG_109-23b
111.md	371	KR4h0160_WYG_109-24a
111.md	379	KR4h0160_WYG_109-24b
111.md	387	KR4h0160_WYG_109-25a
111.md	395	KR4h0160_WYG_109-25b
111.md	403	KR4h0160_WYG_109-26a
111.md	411	KR4h0160_WYG_109-26b
111.md	419	KR4h0160_WYG_109-27a
111.md	427	KR4h0160_WYG_109-27b
111.md	435	KR4h0160_WYG_109-28a
111.md	443	KR4h0160_WYG_109-28b
111.md	451	KR4h0160_WYG_109-29a
111.md	459	KR4h0160_WYG_109-29b
111.md	467	KR4h0160_WYG_109-30a
111.md	475	KR4h0160_WYG_109-30b
111.md	483	KR4h0160_WYG_109-31a
111.md	491	KR4h0160_WYG_109-31b
111.md	499	KR4h0160_WYG_109-32a
111.md	507	KR4h0160_WYG_109-32b
111.md	515	KR4h0160_WYG_109-33a
111.md	523	KR4h0160_WYG_109-33b
111.md	531	KR4h0160_WYG_109-34a
111.md	539	KR4h0160_WYG_109-34b
111.md	547	KR4h0160_WYG_109-35a
111.md	555	KR4h0160_WYG_109-35b
111.md	563	KR4h0160_WYG_109-36a
111.md	571	KR4h0160_WYG_109-36b
111.md	579	KR4h0160_WYG_109-37a
111.md	587	KR4h0160_WYG_109-37b
111.md	595	KR4h0160_WYG_109-38a
111.md	603	KR4h0160_WYG_109-38b
111.md	611	KR4h0160_WYG_109-39a
111.md	619	KR4h0160_WYG_109-39b
111.md	627	KR4h0160_WYG_109-40a
111.md	635	KR4h0160_WYG_109-40b
111.md	643	KR4h0160_WYG_109-41a
111.md	651	KR4h0160_WYG_109-41b
111.md	659	KR4h0160_WYG_109-42a
111.md	667	KR4h0160_WYG_109-42b
111.md	675	KR4h0160_WYG_109-43a
111.md	683	KR4h0160_WYG_109-43b
111.md	691	KR4h0160_WYG_109-44a
111.md	699	KR4h0160_WYG_109-44b
111.md	707	KR4h0160_WYG_109-45a
111.md	715	KR4h0160_WYG_109-45b
111.md	723	KR4h0160_WYG_109-46a
111.md	731	KR4h0160_WYG_109-46b
111.md	739	KR4h0160_WYG_109-47a
111.md	747	KR4h0160_WYG_109-47b
111.md	755	KR4h0160_WYG_109-48a
111.md	763	KR4h0160_WYG_109-48b
111.md	771	KR4h0160_WYG_109-49a
111.md	779	KR4h0160_WYG_109-49b
111.md	787	KR4h0160_WYG_109-50a
111.md	795	KR4h0160_WYG_109-50b
111.md	803	KR4h0160_WYG_109-51a
111.md	811	KR4h0160_WYG_109-51b
111.md	819	KR4h0160_WYG_109-52a
111.md	827	KR4h0160_WYG_109-52b
111.md	835	KR4h0160_WYG_109-53a
111.md	843	KR4h0160_WYG_109-53b
111.md	851	KR4h0160_WYG_109-54a
111.md	859	KR4h0160_WYG_109-54b
111.md	867	KR4h0160_WYG_109-55a
111.md	875	KR4h0160_WYG_109-55b
111.md	883	KR4h0160_WYG_109-56a
111.md	891	KR4h0160_WYG_109-56b
111.md	899	KR4h0160_WYG_109-57a
111.md	907	KR4h0160_WYG_109-57b
111.md	915	KR4h0160_WYG_109-58a
111.md	923	KR4h0160_WYG_109-58b
111.md	931	KR4h0160_WYG_109-59a
111.md	939	KR4h0160_WYG_109-59b
111.md	947	KR4h0160_WYG_109-60a
111.md	955	KR4h0160_WYG_109-60b
111.md	963	KR4h0160_WYG_109-61a
111.md	971	KR4h0160_WYG_109-61b
111.md	979	KR4h0160_WYG_109-62a
111.md	987	KR4h0160_WYG_109-62b
111.md	995	KR4h0160_WYG_109-63a
111.md	1003	KR4h0160_WYG_109-63b
111.md	1011	KR4h0160_WYG_109-64a
111.md	1019	KR4h0160_WYG_109-64b
111.md	1027	KR4h0160_WYG_109-65a
111.md	1035	KR4h0160_WYG_109-65b
111.md	1043	KR4h0160_WYG_109-66a
111.md	1051	KR4h0160_WYG_109-66b
111.md	1059	KR4h0160_WYG_109-67a
111.md	1067	KR4h0160_WYG_109-67b
111.md	1075	KR4h0160_WYG_109-68a
111.md	1083	KR4h0160_WYG_109-68b
111.md	1091	KR4h0160_WYG_109-69a
111.md	1099	KR4h0160_WYG_109-69b
111.md	1107	KR4h0160_WYG_109-70a
111.md	1115	KR4h0160_WYG_109-70b
111.md	1123	KR4h0160_WYG_109-71a
111.md	1131	KR4h0160_WYG_109-71b
111.md	1139	KR4h0160_WYG_109-72a
111.md	1147	KR4h0160_WYG_109-72b
111.md	1155	KR4h0160_WYG_109-73a
111.md	1163	KR4h0160_WYG_109-73b
111.md	1171	KR4h0160_WYG_109-74a
111.md	1179	KR4h0160_WYG_109-74b
111.md	1187	KR4h0160_WYG_109-75a
111.md	1195	KR4h0160_WYG_109-75b
111.md	1203	KR4h0160_WYG_109-76a
111.md	1211	KR4h0160_WYG_109-76b
111.md	1219	KR4h0160_WYG_109-77a
111.md	1227	KR4h0160_WYG_109-77b
111.md	1235	KR4h0160_WYG_109-78a
111.md	1243	KR4h0160_WYG_109-78b
111.md	1251	KR4h0160_WYG_109-79a
111.md	1259	KR4h0160_WYG_109-79b
111.md	1267	KR4h0160_WYG_109-80a
111.md	1275	KR4h0160_WYG_109-80b
111.md	1283	KR4h0160_WYG_109-81a
111.md	1291	KR4h0160_WYG_109-81b
111.md	1299	KR4h0160_WYG_109-82a
111.md	1307	KR4h0160_WYG_109-82b
111.md	1315	KR4h0160_WYG_109-83a
111.md	1323	KR4h0160_WYG_109-83b
112.md	3	KR4h0160_WYG_110-1a
112.md	11	KR4h0160_WYG_110-1b
112.md	19	KR4h0160_WYG_110-2a
112.md	27	KR4h0160_WYG_110-2b
112.md	35	KR4h0160_WYG_110-3a
112.md	43	KR4h0160_WYG_110-3b
112.md	51	KR4h0160_WYG_110-4a
112.md	59	KR4h0160_WYG_110-4b
112.md	67	KR4h0160_WYG_110-5a
112.md	75	KR4h0160_WYG_110-5b
112.md	83	KR4h0160_WYG_110-6a
112.md	91	KR4h0160_WYG_110-6b
112.md	99	KR4h0160_WYG_110-7a
112.md	107	KR4h0160_WYG_110-7b
112.md	115	KR4h0160_WYG_110-8a
112.md	123	KR4h0160_WYG_110-8b
112.md	131	KR4h0160_WYG_110-9a
112.md	139	KR4h0160_WYG_110-9b
112.md	147	KR4h0160_WYG_110-10a
112.md	155	KR4h0160_WYG_110-10b
112.md	163	KR4h0160_WYG_110-11a
112.md	171	KR4h0160_WYG_110-11b
112.md	179	KR4h0160_WYG_110-12a
112.md	187	KR4h0160_WYG_110-12b
112.md	195	KR4h0160_WYG_110-13a
112.md	203	KR4h0160_WYG_110-13b
112.md	211	KR4h0160_WYG_110-14a
112.md	219	KR4h0160_WYG_110-14b
112.md	227	KR4h0160_WYG_110-15a
112.md	235	KR4h0160_WYG_110-15b
112.md	243	KR4h0160_WYG_110-16a
112.md	251	KR4h0160_WYG_110-16b
112.md	259	KR4h0160_WYG_110-17a
112.md	267	KR4h0160_WYG_110-17b
112.md	275	KR4h0160_WYG_110-18a
112.md	283	KR4h0160_WYG_110-18b
112.md	291	KR4h0160_WYG_110-19a
112.md	299	KR4h0160_WYG_110-19b
112.md	307	KR4h0160_WYG_110-20a
112.md	315	KR4h0160_WYG_110-20b
112.md	323	KR4h0160_WYG_110-21a
112.md	331	KR4h0160_WYG_110-21b
112.md	339	KR4h0160_WYG_110-22a
112.md	347	KR4h0160_WYG_110-22b
112.md	355	KR4h0160_WYG_110-23a
112.md	363	KR4h0160_WYG_110-23b
112.md	371	KR4h0160_WYG_110-24a
112.md	379	KR4h0160_WYG_110-24b
112.md	387	KR4h0160_WYG_110-25a
112.md	395	KR4h0160_WYG_110-25b
112.md	403	KR4h0160_WYG_110-26a
112.md	411	KR4h0160_WYG_110-26b
112.md	419	KR4h0160_WYG_110-27a
112.md	427	KR4h0160_WYG_110-27b
112.md	435	KR4h0160_WYG_110-28a
112.md	443	KR4h0160_WYG_110-28b
112.md	451	KR4h0160_WYG_110-29a
112.md	459	KR4h0160_WYG_110-29b
112.md	467	KR4h0160_WYG_110-30a
112.md	475	KR4h0160_WYG_110-30b
112.md	483	KR4h0160_WYG_110-31a
112.md	491	KR4h0160_WYG_110-31b
112.md	499	KR4h0160_WYG_110-32a
112.md	507	KR4h0160_WYG_110-32b
112.md	515	KR4h0160_WYG_110-33a
112.md	523	KR4h0160_WYG_110-33b
112.md	531	KR4h0160_WYG_110-34a
112.md	539	KR4h0160_WYG_110-34b
112.md	547	KR4h0160_WYG_110-35a
112.md	555	KR4h0160_WYG_110-35b
112.md	563	KR4h0160_WYG_110-36a
112.md	571	KR4h0160_WYG_110-36b
112.md	579	KR4h0160_WYG_110-37a
112.md	587	KR4h0160_WYG_110-37b
112.md	595	KR4h0160_WYG_110-38a
112.md	603	KR4h0160_WYG_110-38b
112.md	611	KR4h0160_WYG_110-39a
112.md	619	KR4h0160_WYG_110-39b
112.md	627	KR4h0160_WYG_110-40a
112.md	635	KR4h0160_WYG_110-40b
112.md	643	KR4h0160_WYG_110-41a
112.md	651	KR4h0160_WYG_110-41b
112.md	659	KR4h0160_WYG_110-42a
112.md	667	KR4h0160_WYG_110-42b
112.md	675	KR4h0160_WYG_110-43a
112.md	683	KR4h0160_WYG_110-43b
112.md	691	KR4h0160_WYG_110-44a
112.md	699	KR4h0160_WYG_110-44b
112.md	707	KR4h0160_WYG_110-45a
112.md	715	KR4h0160_WYG_110-45b
112.md	723	KR4h0160_WYG_110-46a
112.md	731	KR4h0160_WYG_110-46b
112.md	739	KR4h0160_WYG_110-47a
112.md	747	KR4h0160_WYG_110-47b
112.md	755	KR4h0160_WYG_110-48a
112.md	763	KR4h0160_WYG_110-48b
112.md	771	KR4h0160_WYG_110-49a
112.md	779	KR4h0160_WYG_110-49b
112.md	787	KR4h0160_WYG_110-50a
112.md	795	KR4h0160_WYG_110-50b
112.md	803	KR4h0160_WYG_110-51a
112.md	811	KR4h0160_WYG_110-51b
112.md	819	KR4h0160_WYG_110-52a
112.md	827	KR4h0160_WYG_110-52b
112.md	835	KR4h0160_WYG_110-53a
112.md	843	KR4h0160_WYG_110-53b
112.md	851	KR4h0160_WYG_110-54a
112.md	859	KR4h0160_WYG_110-54b
112.md	867	KR4h0160_WYG_110-55a
112.md	875	KR4h0160_WYG_110-55b
112.md	883	KR4h0160_WYG_110-56a
112.md	891	KR4h0160_WYG_110-56b
112.md	899	KR4h0160_WYG_110-57a
112.md	907	KR4h0160_WYG_110-57b
112.md	915	KR4h0160_WYG_110-58a
112.md	923	KR4h0160_WYG_110-58b
112.md	931	KR4h0160_WYG_110-59a
112.md	939	KR4h0160_WYG_110-59b
112.md	947	KR4h0160_WYG_110-60a
112.md	955	KR4h0160_WYG_110-60b
112.md	963	KR4h0160_WYG_110-61a
112.md	971	KR4h0160_WYG_110-61b
112.md	979	KR4h0160_WYG_110-62a
112.md	987	KR4h0160_WYG_110-62b
