file	line_no	pb
001.md	3	KR1d0051_WYG_000-1a
001.md	11	KR1d0051_WYG_000-1b
001.md	19	KR1d0051_WYG_000-2a
002.md	3	KR1d0051_WYG_000-3a
002.md	11	KR1d0051_WYG_000-3b
002.md	19	KR1d0051_WYG_000-4a
002.md	27	KR1d0051_WYG_000-4b
003.md	3	KR1d0051_WYG_000-5a
003.md	11	KR1d0051_WYG_000-5b
003.md	19	KR1d0051_WYG_000-6a
003.md	27	KR1d0051_WYG_000-6b
003.md	35	KR1d0051_WYG_000-7a
003.md	43	KR1d0051_WYG_000-7b
003.md	51	KR1d0051_WYG_000-8a
003.md	59	KR1d0051_WYG_000-8b
003.md	67	KR1d0051_WYG_000-9a
003.md	75	KR1d0051_WYG_000-9b
003.md	83	KR1d0051_WYG_000-10a
003.md	91	KR1d0051_WYG_000-10b
003.md	99	KR1d0051_WYG_000-11a
003.md	107	KR1d0051_WYG_000-11b
003.md	115	KR1d0051_WYG_000-12a
004.md	3	KR1d0051_WYG_000-13a
004.md	11	KR1d0051_WYG_000-13b
004.md	19	KR1d0051_WYG_000-14a
004.md	27	KR1d0051_WYG_000-14b
004.md	35	KR1d0051_WYG_000-15a
004.md	43	KR1d0051_WYG_000-15b
004.md	51	KR1d0051_WYG_000-16a
004.md	59	KR1d0051_WYG_000-16b
004.md	67	KR1d0051_WYG_000-17a
004.md	75	KR1d0051_WYG_000-17b
004.md	83	KR1d0051_WYG_000-18a
004.md	91	KR1d0051_WYG_000-18b
004.md	99	KR1d0051_WYG_000-19a
004.md	107	KR1d0051_WYG_000-19b
004.md	115	KR1d0051_WYG_000-20a
004.md	123	KR1d0051_WYG_000-20b
004.md	131	KR1d0051_WYG_000-21a
004.md	139	KR1d0051_WYG_000-21b
004.md	147	KR1d0051_WYG_000-22a
004.md	155	KR1d0051_WYG_000-22b
004.md	163	KR1d0051_WYG_000-23a
004.md	171	KR1d0051_WYG_000-23b
004.md	179	KR1d0051_WYG_000-24a
004.md	187	KR1d0051_WYG_000-24b
004.md	195	KR1d0051_WYG_000-25a
004.md	203	KR1d0051_WYG_000-25b
004.md	211	KR1d0051_WYG_000-26a
004.md	219	KR1d0051_WYG_000-26b
004.md	227	KR1d0051_WYG_000-27a
004.md	235	KR1d0051_WYG_000-27b
004.md	243	KR1d0051_WYG_000-28a
004.md	251	KR1d0051_WYG_000-28b
004.md	259	KR1d0051_WYG_000-29a
004.md	267	KR1d0051_WYG_000-29b
004.md	275	KR1d0051_WYG_000-30a
004.md	283	KR1d0051_WYG_000-30b
004.md	291	KR1d0051_WYG_000-31a
004.md	299	KR1d0051_WYG_000-31b
004.md	307	KR1d0051_WYG_000-32a
004.md	315	KR1d0051_WYG_000-32b
004.md	323	KR1d0051_WYG_000-33a
004.md	331	KR1d0051_WYG_000-33b
004.md	339	KR1d0051_WYG_000-34a
004.md	347	KR1d0051_WYG_000-34b
004.md	355	KR1d0051_WYG_000-35a
004.md	363	KR1d0051_WYG_000-35b
004.md	371	KR1d0051_WYG_000-36a
004.md	379	KR1d0051_WYG_000-36b
004.md	387	KR1d0051_WYG_000-37a
004.md	395	KR1d0051_WYG_000-37b
004.md	403	KR1d0051_WYG_000-38a
004.md	411	KR1d0051_WYG_000-38b
004.md	419	KR1d0051_WYG_000-39a
004.md	427	KR1d0051_WYG_000-39b
004.md	435	KR1d0051_WYG_000-40a
004.md	443	KR1d0051_WYG_000-40b
004.md	451	KR1d0051_WYG_000-41a
004.md	459	KR1d0051_WYG_000-41b
004.md	467	KR1d0051_WYG_000-42a
004.md	475	KR1d0051_WYG_000-42b
004.md	483	KR1d0051_WYG_000-43a
004.md	491	KR1d0051_WYG_000-43b
004.md	499	KR1d0051_WYG_000-44a
004.md	507	KR1d0051_WYG_000-44b
004.md	515	KR1d0051_WYG_000-45a
004.md	523	KR1d0051_WYG_000-45b
004.md	531	KR1d0051_WYG_000-46a
004.md	539	KR1d0051_WYG_000-46b
004.md	547	KR1d0051_WYG_000-47a
004.md	555	KR1d0051_WYG_000-47b
004.md	563	KR1d0051_WYG_000-48a
004.md	571	KR1d0051_WYG_000-48b
004.md	579	KR1d0051_WYG_000-49a
004.md	587	KR1d0051_WYG_000-49b
004.md	595	KR1d0051_WYG_000-50a
004.md	603	KR1d0051_WYG_000-50b
004.md	611	KR1d0051_WYG_000-51a
004.md	619	KR1d0051_WYG_000-51b
004.md	627	KR1d0051_WYG_000-52a
004.md	635	KR1d0051_WYG_000-52b
005.md	3	KR1d0051_WYG_000-53a
005.md	11	KR1d0051_WYG_000-53b
005.md	19	KR1d0051_WYG_000-54a
005.md	27	KR1d0051_WYG_000-54b
005.md	35	KR1d0051_WYG_000-55a
005.md	43	KR1d0051_WYG_000-55b
005.md	51	KR1d0051_WYG_000-56a
005.md	59	KR1d0051_WYG_000-56b
005.md	67	KR1d0051_WYG_000-57a
005.md	75	KR1d0051_WYG_000-57b
005.md	83	KR1d0051_WYG_000-58a
005.md	91	KR1d0051_WYG_000-58b
005.md	99	KR1d0051_WYG_000-59a
005.md	107	KR1d0051_WYG_000-59b
005.md	115	KR1d0051_WYG_000-60a
005.md	123	KR1d0051_WYG_000-60b
005.md	131	KR1d0051_WYG_000-61a
005.md	139	KR1d0051_WYG_000-61b
005.md	147	KR1d0051_WYG_000-62a
005.md	155	KR1d0051_WYG_000-62b
005.md	163	KR1d0051_WYG_000-63a
005.md	171	KR1d0051_WYG_000-63b
005.md	179	KR1d0051_WYG_000-64a
005.md	187	KR1d0051_WYG_000-64b
005.md	195	KR1d0051_WYG_000-65a
005.md	203	KR1d0051_WYG_000-65b
005.md	211	KR1d0051_WYG_000-66a
005.md	219	KR1d0051_WYG_000-66b
005.md	227	KR1d0051_WYG_000-67a
005.md	235	KR1d0051_WYG_000-67b
005.md	243	KR1d0051_WYG_000-68a
005.md	251	KR1d0051_WYG_000-68b
005.md	259	KR1d0051_WYG_000-69a
005.md	267	KR1d0051_WYG_000-69b
005.md	275	KR1d0051_WYG_000-70a
005.md	283	KR1d0051_WYG_000-70b
005.md	291	KR1d0051_WYG_000-71a
005.md	299	KR1d0051_WYG_000-71b
005.md	307	KR1d0051_WYG_000-72a
005.md	315	KR1d0051_WYG_000-72b
005.md	323	KR1d0051_WYG_000-73a
005.md	331	KR1d0051_WYG_000-73b
005.md	339	KR1d0051_WYG_000-74a
005.md	347	KR1d0051_WYG_000-74b
005.md	355	KR1d0051_WYG_000-75a
005.md	363	KR1d0051_WYG_000-75b
005.md	371	KR1d0051_WYG_000-76a
005.md	379	KR1d0051_WYG_000-76b
005.md	387	KR1d0051_WYG_000-77a
005.md	395	KR1d0051_WYG_000-77b
005.md	403	KR1d0051_WYG_000-78a
005.md	411	KR1d0051_WYG_000-78b
005.md	419	KR1d0051_WYG_000-79a
005.md	427	KR1d0051_WYG_000-79b
005.md	435	KR1d0051_WYG_000-80a
005.md	443	KR1d0051_WYG_000-80b
005.md	451	KR1d0051_WYG_000-81a
005.md	459	KR1d0051_WYG_000-81b
005.md	467	KR1d0051_WYG_000-82a
005.md	475	KR1d0051_WYG_000-82b
005.md	483	KR1d0051_WYG_000-83a
005.md	491	KR1d0051_WYG_000-83b
005.md	499	KR1d0051_WYG_000-84a
005.md	507	KR1d0051_WYG_000-84b
005.md	515	KR1d0051_WYG_000-85a
005.md	523	KR1d0051_WYG_000-85b
005.md	531	KR1d0051_WYG_000-86a
005.md	539	KR1d0051_WYG_000-86b
005.md	547	KR1d0051_WYG_000-87a
005.md	555	KR1d0051_WYG_000-87b
005.md	563	KR1d0051_WYG_000-88a
005.md	571	KR1d0051_WYG_000-88b
005.md	579	KR1d0051_WYG_000-89a
005.md	587	KR1d0051_WYG_000-89b
005.md	595	KR1d0051_WYG_000-90a
005.md	603	KR1d0051_WYG_000-90b
005.md	611	KR1d0051_WYG_000-91a
005.md	619	KR1d0051_WYG_000-91b
005.md	627	KR1d0051_WYG_000-92a
005.md	635	KR1d0051_WYG_000-92b
005.md	643	KR1d0051_WYG_000-93a
005.md	651	KR1d0051_WYG_000-93b
005.md	659	KR1d0051_WYG_000-94a
005.md	667	KR1d0051_WYG_000-94b
005.md	675	KR1d0051_WYG_000-95a
005.md	683	KR1d0051_WYG_000-95b
005.md	691	KR1d0051_WYG_000-96a
005.md	699	KR1d0051_WYG_000-96b
005.md	707	KR1d0051_WYG_000-97a
005.md	715	KR1d0051_WYG_000-97b
005.md	723	KR1d0051_WYG_000-98a
005.md	731	KR1d0051_WYG_000-98b
005.md	739	KR1d0051_WYG_000-99a
005.md	747	KR1d0051_WYG_000-99b
005.md	755	KR1d0051_WYG_000-100a
005.md	763	KR1d0051_WYG_000-100b
005.md	771	KR1d0051_WYG_000-101a
005.md	779	KR1d0051_WYG_000-101b
005.md	787	KR1d0051_WYG_000-102a
005.md	795	KR1d0051_WYG_000-102b
005.md	803	KR1d0051_WYG_000-103a
005.md	811	KR1d0051_WYG_000-103b
005.md	819	KR1d0051_WYG_000-104a
005.md	827	KR1d0051_WYG_000-104b
005.md	835	KR1d0051_WYG_000-105a
005.md	843	KR1d0051_WYG_000-105b
005.md	851	KR1d0051_WYG_000-106a
005.md	859	KR1d0051_WYG_000-106b
005.md	867	KR1d0051_WYG_000-107a
005.md	875	KR1d0051_WYG_000-107b
005.md	883	KR1d0051_WYG_000-108a
005.md	891	KR1d0051_WYG_000-108b
005.md	899	KR1d0051_WYG_000-109a
005.md	907	KR1d0051_WYG_000-109b
005.md	915	KR1d0051_WYG_000-110a
005.md	923	KR1d0051_WYG_000-110b
005.md	931	KR1d0051_WYG_000-111a
005.md	939	KR1d0051_WYG_000-111b
005.md	947	KR1d0051_WYG_000-112a
005.md	955	KR1d0051_WYG_000-112b
005.md	963	KR1d0051_WYG_000-113a
005.md	971	KR1d0051_WYG_000-113b
006.md	3	KR1d0051_WYG_001-1a
006.md	11	KR1d0051_WYG_001-1b
006.md	19	KR1d0051_WYG_001-2a
006.md	22	KR1d0051_WYG_001-3a
006.md	23	KR1d0051_WYG_001-4a
006.md	24	KR1d0051_WYG_001-5a
006.md	25	KR1d0051_WYG_001-6a
006.md	26	KR1d0051_WYG_001-7a
006.md	34	KR1d0051_WYG_001-7b
006.md	43	KR1d0051_WYG_001-8a
006.md	46	KR1d0051_WYG_001-9a
006.md	47	KR1d0051_WYG_001-10a
006.md	48	KR1d0051_WYG_001-11a
006.md	49	KR1d0051_WYG_001-12a
006.md	57	KR1d0051_WYG_001-12b
006.md	59	KR1d0051_WYG_001-13a
006.md	60	KR1d0051_WYG_001-14a
006.md	68	KR1d0051_WYG_001-14b
006.md	76	KR1d0051_WYG_001-15a
006.md	77	KR1d0051_WYG_001-16a
006.md	78	KR1d0051_WYG_001-17a
006.md	79	KR1d0051_WYG_001-18a
006.md	80	KR1d0051_WYG_001-19a
006.md	81	KR1d0051_WYG_001-20a
006.md	82	KR1d0051_WYG_001-21a
006.md	83	KR1d0051_WYG_001-22a
006.md	84	KR1d0051_WYG_001-23a
006.md	92	KR1d0051_WYG_001-23b
006.md	97	KR1d0051_WYG_001-24a
006.md	105	KR1d0051_WYG_001-25a
006.md	106	KR1d0051_WYG_001-26a
006.md	107	KR1d0051_WYG_001-27a
006.md	115	KR1d0051_WYG_001-27b
007.md	3	KR1d0051_WYG_002-1a
007.md	7	KR1d0051_WYG_002-2a
007.md	8	KR1d0051_WYG_002-3a
007.md	9	KR1d0051_WYG_002-4a
007.md	10	KR1d0051_WYG_002-5a
007.md	11	KR1d0051_WYG_002-6a
007.md	12	KR1d0051_WYG_002-7a
007.md	13	KR1d0051_WYG_002-8a
007.md	14	KR1d0051_WYG_002-9a
007.md	22	KR1d0051_WYG_002-9b
007.md	30	KR1d0051_WYG_002-10a
007.md	36	KR1d0051_WYG_002-11a
007.md	37	KR1d0051_WYG_002-12a
007.md	38	KR1d0051_WYG_002-13a
007.md	46	KR1d0051_WYG_002-13b
007.md	54	KR1d0051_WYG_002-14a
007.md	56	KR1d0051_WYG_002-15a
007.md	57	KR1d0051_WYG_002-16a
007.md	58	KR1d0051_WYG_002-17a
007.md	59	KR1d0051_WYG_002-18a
007.md	60	KR1d0051_WYG_002-19a
007.md	61	KR1d0051_WYG_002-20a
007.md	62	KR1d0051_WYG_002-21a
007.md	63	KR1d0051_WYG_002-22a
007.md	71	KR1d0051_WYG_002-22b
008.md	3	KR1d0051_WYG_003-1a
008.md	11	KR1d0051_WYG_003-2a
008.md	12	KR1d0051_WYG_003-3a
008.md	13	KR1d0051_WYG_003-4a
008.md	14	KR1d0051_WYG_003-5a
008.md	15	KR1d0051_WYG_003-6a
008.md	16	KR1d0051_WYG_003-7a
008.md	17	KR1d0051_WYG_003-8a
008.md	18	KR1d0051_WYG_003-9a
008.md	19	KR1d0051_WYG_003-10a
008.md	20	KR1d0051_WYG_003-11a
008.md	21	KR1d0051_WYG_003-12a
008.md	29	KR1d0051_WYG_003-12b
008.md	37	KR1d0051_WYG_003-13a
008.md	45	KR1d0051_WYG_003-13b
008.md	53	KR1d0051_WYG_003-14a
008.md	60	KR1d0051_WYG_003-15a
008.md	61	KR1d0051_WYG_003-16a
008.md	69	KR1d0051_WYG_003-16b
008.md	78	KR1d0051_WYG_003-17a
008.md	86	KR1d0051_WYG_003-17b
008.md	88	KR1d0051_WYG_003-18a
008.md	96	KR1d0051_WYG_003-18b
008.md	99	KR1d0051_WYG_003-19a
008.md	100	KR1d0051_WYG_003-20a
008.md	108	KR1d0051_WYG_003-20b
008.md	117	KR1d0051_WYG_003-21a
008.md	122	KR1d0051_WYG_003-22a
008.md	130	KR1d0051_WYG_003-22b
008.md	138	KR1d0051_WYG_003-23a
008.md	145	KR1d0051_WYG_003-24a
008.md	153	KR1d0051_WYG_003-24b
008.md	162	KR1d0051_WYG_003-25a
008.md	164	KR1d0051_WYG_003-26a
008.md	165	KR1d0051_WYG_003-27a
008.md	166	KR1d0051_WYG_003-28a
008.md	174	KR1d0051_WYG_003-28b
008.md	182	KR1d0051_WYG_003-29a
008.md	190	KR1d0051_WYG_003-29b
008.md	198	KR1d0051_WYG_003-30a
008.md	199	KR1d0051_WYG_003-31a
008.md	207	KR1d0051_WYG_003-31b
008.md	209	KR1d0051_WYG_003-32a
008.md	210	KR1d0051_WYG_003-33a
008.md	211	KR1d0051_WYG_003-34a
008.md	212	KR1d0051_WYG_003-35a
008.md	213	KR1d0051_WYG_003-36a
008.md	221	KR1d0051_WYG_003-36b
008.md	230	KR1d0051_WYG_003-37a
008.md	238	KR1d0051_WYG_003-37b
008.md	246	KR1d0051_WYG_003-38a
008.md	254	KR1d0051_WYG_003-38b
008.md	262	KR1d0051_WYG_003-39a
008.md	270	KR1d0051_WYG_003-39b
008.md	278	KR1d0051_WYG_003-40a
008.md	286	KR1d0051_WYG_003-40b
008.md	294	KR1d0051_WYG_003-41a
008.md	295	KR1d0051_WYG_003-42a
008.md	303	KR1d0051_WYG_003-42b
009.md	3	KR1d0051_WYG_004-1a
009.md	11	KR1d0051_WYG_004-1b
009.md	19	KR1d0051_WYG_004-2a
009.md	27	KR1d0051_WYG_004-2b
009.md	35	KR1d0051_WYG_004-3a
009.md	43	KR1d0051_WYG_004-3b
009.md	51	KR1d0051_WYG_004-4a
009.md	59	KR1d0051_WYG_004-4b
009.md	67	KR1d0051_WYG_004-5a
009.md	75	KR1d0051_WYG_004-5b
009.md	83	KR1d0051_WYG_004-6a
009.md	91	KR1d0051_WYG_004-6b
009.md	99	KR1d0051_WYG_004-7a
009.md	107	KR1d0051_WYG_004-7b
009.md	115	KR1d0051_WYG_004-8a
009.md	123	KR1d0051_WYG_004-8b
009.md	131	KR1d0051_WYG_004-9a
009.md	139	KR1d0051_WYG_004-9b
009.md	147	KR1d0051_WYG_004-10a
009.md	155	KR1d0051_WYG_004-10b
009.md	163	KR1d0051_WYG_004-11a
009.md	171	KR1d0051_WYG_004-11b
009.md	179	KR1d0051_WYG_004-12a
009.md	187	KR1d0051_WYG_004-12b
009.md	195	KR1d0051_WYG_004-13a
009.md	203	KR1d0051_WYG_004-13b
009.md	211	KR1d0051_WYG_004-14a
009.md	219	KR1d0051_WYG_004-14b
009.md	227	KR1d0051_WYG_004-15a
009.md	235	KR1d0051_WYG_004-15b
009.md	243	KR1d0051_WYG_004-16a
009.md	251	KR1d0051_WYG_004-16b
009.md	259	KR1d0051_WYG_004-17a
009.md	267	KR1d0051_WYG_004-17b
009.md	275	KR1d0051_WYG_004-18a
009.md	283	KR1d0051_WYG_004-18b
009.md	291	KR1d0051_WYG_004-19a
009.md	299	KR1d0051_WYG_004-19b
009.md	307	KR1d0051_WYG_004-20a
009.md	315	KR1d0051_WYG_004-20b
009.md	323	KR1d0051_WYG_004-21a
009.md	331	KR1d0051_WYG_004-21b
009.md	339	KR1d0051_WYG_004-22a
009.md	347	KR1d0051_WYG_004-22b
009.md	355	KR1d0051_WYG_004-23a
009.md	363	KR1d0051_WYG_004-23b
009.md	371	KR1d0051_WYG_004-24a
009.md	379	KR1d0051_WYG_004-24b
009.md	387	KR1d0051_WYG_004-25a
009.md	395	KR1d0051_WYG_004-25b
009.md	403	KR1d0051_WYG_004-26a
009.md	411	KR1d0051_WYG_004-26b
009.md	419	KR1d0051_WYG_004-27a
009.md	427	KR1d0051_WYG_004-27b
009.md	435	KR1d0051_WYG_004-28a
009.md	443	KR1d0051_WYG_004-28b
009.md	451	KR1d0051_WYG_004-29a
009.md	459	KR1d0051_WYG_004-29b
009.md	467	KR1d0051_WYG_004-30a
009.md	475	KR1d0051_WYG_004-30b
009.md	483	KR1d0051_WYG_004-31a
009.md	491	KR1d0051_WYG_004-31b
009.md	499	KR1d0051_WYG_004-32a
009.md	507	KR1d0051_WYG_004-32b
009.md	515	KR1d0051_WYG_004-33a
009.md	523	KR1d0051_WYG_004-33b
009.md	531	KR1d0051_WYG_004-34a
009.md	539	KR1d0051_WYG_004-34b
009.md	547	KR1d0051_WYG_004-35a
009.md	555	KR1d0051_WYG_004-35b
009.md	563	KR1d0051_WYG_004-36a
009.md	571	KR1d0051_WYG_004-36b
009.md	579	KR1d0051_WYG_004-37a
009.md	587	KR1d0051_WYG_004-37b
009.md	595	KR1d0051_WYG_004-38a
009.md	603	KR1d0051_WYG_004-38b
009.md	611	KR1d0051_WYG_004-39a
009.md	619	KR1d0051_WYG_004-39b
009.md	627	KR1d0051_WYG_004-40a
009.md	635	KR1d0051_WYG_004-40b
009.md	643	KR1d0051_WYG_004-41a
009.md	651	KR1d0051_WYG_004-41b
009.md	659	KR1d0051_WYG_004-42a
009.md	667	KR1d0051_WYG_004-42b
009.md	675	KR1d0051_WYG_004-43a
009.md	683	KR1d0051_WYG_004-43b
009.md	691	KR1d0051_WYG_004-44a
009.md	699	KR1d0051_WYG_004-44b
009.md	707	KR1d0051_WYG_004-45a
009.md	715	KR1d0051_WYG_004-45b
009.md	723	KR1d0051_WYG_004-46a
009.md	731	KR1d0051_WYG_004-46b
009.md	739	KR1d0051_WYG_004-47a
009.md	747	KR1d0051_WYG_004-47b
009.md	755	KR1d0051_WYG_004-48a
009.md	763	KR1d0051_WYG_004-48b
009.md	771	KR1d0051_WYG_004-49a
009.md	779	KR1d0051_WYG_004-49b
010.md	3	KR1d0051_WYG_005-1a
010.md	11	KR1d0051_WYG_005-1b
010.md	19	KR1d0051_WYG_005-2a
010.md	27	KR1d0051_WYG_005-2b
010.md	35	KR1d0051_WYG_005-3a
010.md	43	KR1d0051_WYG_005-3b
010.md	51	KR1d0051_WYG_005-4a
010.md	59	KR1d0051_WYG_005-4b
010.md	67	KR1d0051_WYG_005-5a
010.md	75	KR1d0051_WYG_005-5b
010.md	83	KR1d0051_WYG_005-6a
010.md	91	KR1d0051_WYG_005-6b
010.md	99	KR1d0051_WYG_005-7a
010.md	107	KR1d0051_WYG_005-7b
010.md	115	KR1d0051_WYG_005-8a
010.md	123	KR1d0051_WYG_005-8b
010.md	131	KR1d0051_WYG_005-9a
010.md	139	KR1d0051_WYG_005-9b
010.md	147	KR1d0051_WYG_005-10a
010.md	155	KR1d0051_WYG_005-10b
010.md	163	KR1d0051_WYG_005-11a
010.md	171	KR1d0051_WYG_005-11b
010.md	179	KR1d0051_WYG_005-12a
010.md	187	KR1d0051_WYG_005-12b
010.md	195	KR1d0051_WYG_005-13a
010.md	203	KR1d0051_WYG_005-13b
010.md	211	KR1d0051_WYG_005-14a
010.md	219	KR1d0051_WYG_005-14b
010.md	227	KR1d0051_WYG_005-15a
010.md	235	KR1d0051_WYG_005-15b
010.md	243	KR1d0051_WYG_005-16a
010.md	251	KR1d0051_WYG_005-16b
010.md	259	KR1d0051_WYG_005-17a
010.md	267	KR1d0051_WYG_005-17b
010.md	275	KR1d0051_WYG_005-18a
010.md	283	KR1d0051_WYG_005-18b
010.md	291	KR1d0051_WYG_005-19a
010.md	299	KR1d0051_WYG_005-19b
010.md	307	KR1d0051_WYG_005-20a
010.md	315	KR1d0051_WYG_005-20b
010.md	323	KR1d0051_WYG_005-21a
010.md	331	KR1d0051_WYG_005-21b
010.md	339	KR1d0051_WYG_005-22a
010.md	347	KR1d0051_WYG_005-22b
010.md	355	KR1d0051_WYG_005-23a
010.md	363	KR1d0051_WYG_005-23b
010.md	371	KR1d0051_WYG_005-24a
010.md	379	KR1d0051_WYG_005-24b
010.md	387	KR1d0051_WYG_005-25a
010.md	395	KR1d0051_WYG_005-25b
010.md	403	KR1d0051_WYG_005-26a
010.md	411	KR1d0051_WYG_005-26b
010.md	419	KR1d0051_WYG_005-27a
010.md	427	KR1d0051_WYG_005-27b
010.md	435	KR1d0051_WYG_005-28a
010.md	443	KR1d0051_WYG_005-28b
010.md	451	KR1d0051_WYG_005-29a
010.md	459	KR1d0051_WYG_005-29b
010.md	467	KR1d0051_WYG_005-30a
010.md	475	KR1d0051_WYG_005-30b
010.md	483	KR1d0051_WYG_005-31a
010.md	491	KR1d0051_WYG_005-31b
010.md	499	KR1d0051_WYG_005-32a
010.md	507	KR1d0051_WYG_005-32b
010.md	515	KR1d0051_WYG_005-33a
010.md	523	KR1d0051_WYG_005-33b
010.md	531	KR1d0051_WYG_005-34a
010.md	539	KR1d0051_WYG_005-34b
010.md	547	KR1d0051_WYG_005-35a
010.md	555	KR1d0051_WYG_005-35b
010.md	563	KR1d0051_WYG_005-36a
010.md	571	KR1d0051_WYG_005-36b
010.md	579	KR1d0051_WYG_005-37a
010.md	587	KR1d0051_WYG_005-37b
010.md	595	KR1d0051_WYG_005-38a
010.md	603	KR1d0051_WYG_005-38b
010.md	611	KR1d0051_WYG_005-39a
010.md	619	KR1d0051_WYG_005-39b
010.md	627	KR1d0051_WYG_005-40a
010.md	635	KR1d0051_WYG_005-40b
010.md	643	KR1d0051_WYG_005-41a
010.md	651	KR1d0051_WYG_005-41b
010.md	659	KR1d0051_WYG_005-42a
010.md	667	KR1d0051_WYG_005-42b
010.md	675	KR1d0051_WYG_005-43a
010.md	683	KR1d0051_WYG_005-43b
010.md	691	KR1d0051_WYG_005-44a
010.md	699	KR1d0051_WYG_005-44b
010.md	707	KR1d0051_WYG_005-45a
010.md	715	KR1d0051_WYG_005-45b
010.md	723	KR1d0051_WYG_005-46a
010.md	731	KR1d0051_WYG_005-46b
010.md	739	KR1d0051_WYG_005-47a
010.md	747	KR1d0051_WYG_005-47b
010.md	755	KR1d0051_WYG_005-48a
010.md	763	KR1d0051_WYG_005-48b
010.md	771	KR1d0051_WYG_005-49a
010.md	779	KR1d0051_WYG_005-49b
010.md	787	KR1d0051_WYG_005-50a
010.md	795	KR1d0051_WYG_005-50b
010.md	803	KR1d0051_WYG_005-51a
010.md	811	KR1d0051_WYG_005-51b
010.md	819	KR1d0051_WYG_005-52a
010.md	827	KR1d0051_WYG_005-52b
010.md	835	KR1d0051_WYG_005-53a
010.md	843	KR1d0051_WYG_005-53b
010.md	851	KR1d0051_WYG_005-54a
010.md	859	KR1d0051_WYG_005-54b
010.md	867	KR1d0051_WYG_005-55a
010.md	875	KR1d0051_WYG_005-55b
010.md	883	KR1d0051_WYG_005-56a
010.md	891	KR1d0051_WYG_005-56b
010.md	899	KR1d0051_WYG_005-57a
010.md	907	KR1d0051_WYG_005-57b
010.md	915	KR1d0051_WYG_005-58a
010.md	923	KR1d0051_WYG_005-58b
010.md	931	KR1d0051_WYG_005-59a
010.md	939	KR1d0051_WYG_005-59b
010.md	947	KR1d0051_WYG_005-60a
010.md	955	KR1d0051_WYG_005-60b
010.md	963	KR1d0051_WYG_005-61a
010.md	971	KR1d0051_WYG_005-61b
010.md	979	KR1d0051_WYG_005-62a
010.md	987	KR1d0051_WYG_005-62b
011.md	3	KR1d0051_WYG_006-1a
011.md	11	KR1d0051_WYG_006-1b
011.md	19	KR1d0051_WYG_006-2a
011.md	27	KR1d0051_WYG_006-2b
011.md	35	KR1d0051_WYG_006-3a
011.md	43	KR1d0051_WYG_006-3b
011.md	51	KR1d0051_WYG_006-4a
011.md	59	KR1d0051_WYG_006-4b
011.md	67	KR1d0051_WYG_006-5a
011.md	75	KR1d0051_WYG_006-5b
011.md	83	KR1d0051_WYG_006-6a
011.md	91	KR1d0051_WYG_006-6b
011.md	99	KR1d0051_WYG_006-7a
011.md	107	KR1d0051_WYG_006-7b
011.md	115	KR1d0051_WYG_006-8a
011.md	123	KR1d0051_WYG_006-8b
011.md	131	KR1d0051_WYG_006-9a
011.md	139	KR1d0051_WYG_006-9b
011.md	147	KR1d0051_WYG_006-10a
011.md	155	KR1d0051_WYG_006-10b
011.md	163	KR1d0051_WYG_006-11a
011.md	171	KR1d0051_WYG_006-11b
011.md	179	KR1d0051_WYG_006-12a
011.md	187	KR1d0051_WYG_006-12b
011.md	195	KR1d0051_WYG_006-13a
011.md	203	KR1d0051_WYG_006-13b
011.md	211	KR1d0051_WYG_006-14a
011.md	219	KR1d0051_WYG_006-14b
011.md	227	KR1d0051_WYG_006-15a
011.md	235	KR1d0051_WYG_006-15b
011.md	243	KR1d0051_WYG_006-16a
011.md	251	KR1d0051_WYG_006-16b
011.md	259	KR1d0051_WYG_006-17a
011.md	267	KR1d0051_WYG_006-17b
011.md	275	KR1d0051_WYG_006-18a
011.md	283	KR1d0051_WYG_006-18b
011.md	291	KR1d0051_WYG_006-19a
011.md	299	KR1d0051_WYG_006-19b
011.md	307	KR1d0051_WYG_006-20a
011.md	315	KR1d0051_WYG_006-20b
011.md	323	KR1d0051_WYG_006-21a
011.md	331	KR1d0051_WYG_006-21b
011.md	339	KR1d0051_WYG_006-22a
011.md	347	KR1d0051_WYG_006-22b
011.md	355	KR1d0051_WYG_006-23a
011.md	363	KR1d0051_WYG_006-23b
011.md	371	KR1d0051_WYG_006-24a
011.md	379	KR1d0051_WYG_006-24b
011.md	387	KR1d0051_WYG_006-25a
011.md	395	KR1d0051_WYG_006-25b
011.md	403	KR1d0051_WYG_006-26a
011.md	411	KR1d0051_WYG_006-26b
011.md	419	KR1d0051_WYG_006-27a
011.md	427	KR1d0051_WYG_006-27b
011.md	435	KR1d0051_WYG_006-28a
011.md	443	KR1d0051_WYG_006-28b
011.md	451	KR1d0051_WYG_006-29a
011.md	459	KR1d0051_WYG_006-29b
011.md	467	KR1d0051_WYG_006-30a
011.md	475	KR1d0051_WYG_006-30b
011.md	483	KR1d0051_WYG_006-31a
011.md	491	KR1d0051_WYG_006-31b
011.md	499	KR1d0051_WYG_006-32a
011.md	507	KR1d0051_WYG_006-32b
011.md	515	KR1d0051_WYG_006-33a
011.md	523	KR1d0051_WYG_006-33b
011.md	531	KR1d0051_WYG_006-34a
011.md	539	KR1d0051_WYG_006-34b
011.md	547	KR1d0051_WYG_006-35a
011.md	555	KR1d0051_WYG_006-35b
011.md	563	KR1d0051_WYG_006-36a
011.md	571	KR1d0051_WYG_006-36b
011.md	579	KR1d0051_WYG_006-37a
011.md	587	KR1d0051_WYG_006-37b
011.md	595	KR1d0051_WYG_006-38a
011.md	603	KR1d0051_WYG_006-38b
011.md	611	KR1d0051_WYG_006-39a
011.md	619	KR1d0051_WYG_006-39b
011.md	627	KR1d0051_WYG_006-40a
011.md	635	KR1d0051_WYG_006-40b
011.md	643	KR1d0051_WYG_006-41a
011.md	651	KR1d0051_WYG_006-41b
012.md	3	KR1d0051_WYG_007-1a
012.md	11	KR1d0051_WYG_007-1b
012.md	19	KR1d0051_WYG_007-2a
012.md	27	KR1d0051_WYG_007-2b
012.md	35	KR1d0051_WYG_007-3a
012.md	43	KR1d0051_WYG_007-3b
012.md	51	KR1d0051_WYG_007-4a
012.md	59	KR1d0051_WYG_007-4b
012.md	67	KR1d0051_WYG_007-5a
012.md	75	KR1d0051_WYG_007-5b
012.md	83	KR1d0051_WYG_007-6a
012.md	91	KR1d0051_WYG_007-6b
012.md	99	KR1d0051_WYG_007-7a
012.md	107	KR1d0051_WYG_007-7b
012.md	115	KR1d0051_WYG_007-8a
012.md	123	KR1d0051_WYG_007-8b
012.md	131	KR1d0051_WYG_007-9a
012.md	139	KR1d0051_WYG_007-9b
012.md	147	KR1d0051_WYG_007-10a
012.md	155	KR1d0051_WYG_007-10b
012.md	163	KR1d0051_WYG_007-11a
012.md	171	KR1d0051_WYG_007-11b
012.md	179	KR1d0051_WYG_007-12a
012.md	187	KR1d0051_WYG_007-12b
012.md	195	KR1d0051_WYG_007-13a
012.md	203	KR1d0051_WYG_007-13b
012.md	211	KR1d0051_WYG_007-14a
012.md	219	KR1d0051_WYG_007-14b
012.md	227	KR1d0051_WYG_007-15a
012.md	235	KR1d0051_WYG_007-15b
012.md	243	KR1d0051_WYG_007-16a
012.md	251	KR1d0051_WYG_007-16b
012.md	259	KR1d0051_WYG_007-17a
012.md	267	KR1d0051_WYG_007-17b
012.md	275	KR1d0051_WYG_007-18a
012.md	283	KR1d0051_WYG_007-18b
012.md	291	KR1d0051_WYG_007-19a
012.md	299	KR1d0051_WYG_007-19b
012.md	307	KR1d0051_WYG_007-20a
012.md	315	KR1d0051_WYG_007-20b
012.md	323	KR1d0051_WYG_007-21a
012.md	331	KR1d0051_WYG_007-21b
012.md	339	KR1d0051_WYG_007-22a
012.md	347	KR1d0051_WYG_007-22b
012.md	355	KR1d0051_WYG_007-23a
012.md	363	KR1d0051_WYG_007-23b
012.md	371	KR1d0051_WYG_007-24a
012.md	379	KR1d0051_WYG_007-24b
012.md	387	KR1d0051_WYG_007-25a
012.md	395	KR1d0051_WYG_007-25b
012.md	403	KR1d0051_WYG_007-26a
012.md	411	KR1d0051_WYG_007-26b
012.md	419	KR1d0051_WYG_007-27a
012.md	427	KR1d0051_WYG_007-27b
012.md	435	KR1d0051_WYG_007-28a
012.md	443	KR1d0051_WYG_007-28b
012.md	451	KR1d0051_WYG_007-29a
012.md	459	KR1d0051_WYG_007-29b
012.md	467	KR1d0051_WYG_007-30a
012.md	475	KR1d0051_WYG_007-30b
012.md	483	KR1d0051_WYG_007-31a
012.md	491	KR1d0051_WYG_007-31b
012.md	499	KR1d0051_WYG_007-32a
012.md	507	KR1d0051_WYG_007-32b
012.md	515	KR1d0051_WYG_007-33a
012.md	523	KR1d0051_WYG_007-33b
012.md	531	KR1d0051_WYG_007-34a
012.md	539	KR1d0051_WYG_007-34b
012.md	547	KR1d0051_WYG_007-35a
012.md	555	KR1d0051_WYG_007-35b
012.md	563	KR1d0051_WYG_007-36a
012.md	571	KR1d0051_WYG_007-36b
012.md	579	KR1d0051_WYG_007-37a
012.md	587	KR1d0051_WYG_007-37b
012.md	595	KR1d0051_WYG_007-38a
012.md	603	KR1d0051_WYG_007-38b
012.md	611	KR1d0051_WYG_007-39a
012.md	619	KR1d0051_WYG_007-39b
012.md	627	KR1d0051_WYG_007-40a
012.md	635	KR1d0051_WYG_007-40b
012.md	643	KR1d0051_WYG_007-41a
012.md	651	KR1d0051_WYG_007-41b
012.md	659	KR1d0051_WYG_007-42a
012.md	667	KR1d0051_WYG_007-42b
012.md	675	KR1d0051_WYG_007-43a
012.md	683	KR1d0051_WYG_007-43b
012.md	691	KR1d0051_WYG_007-44a
012.md	699	KR1d0051_WYG_007-44b
012.md	707	KR1d0051_WYG_007-45a
012.md	715	KR1d0051_WYG_007-45b
012.md	723	KR1d0051_WYG_007-46a
012.md	731	KR1d0051_WYG_007-46b
012.md	739	KR1d0051_WYG_007-47a
012.md	747	KR1d0051_WYG_007-47b
013.md	3	KR1d0051_WYG_008-1a
013.md	11	KR1d0051_WYG_008-1b
013.md	19	KR1d0051_WYG_008-2a
013.md	27	KR1d0051_WYG_008-2b
013.md	35	KR1d0051_WYG_008-3a
013.md	43	KR1d0051_WYG_008-3b
013.md	51	KR1d0051_WYG_008-4a
013.md	59	KR1d0051_WYG_008-4b
013.md	67	KR1d0051_WYG_008-5a
013.md	75	KR1d0051_WYG_008-5b
013.md	83	KR1d0051_WYG_008-6a
013.md	91	KR1d0051_WYG_008-6b
013.md	99	KR1d0051_WYG_008-7a
013.md	107	KR1d0051_WYG_008-7b
013.md	115	KR1d0051_WYG_008-8a
013.md	123	KR1d0051_WYG_008-8b
013.md	131	KR1d0051_WYG_008-9a
013.md	139	KR1d0051_WYG_008-9b
013.md	147	KR1d0051_WYG_008-10a
013.md	155	KR1d0051_WYG_008-10b
013.md	163	KR1d0051_WYG_008-11a
013.md	171	KR1d0051_WYG_008-11b
013.md	179	KR1d0051_WYG_008-12a
013.md	187	KR1d0051_WYG_008-12b
013.md	195	KR1d0051_WYG_008-13a
013.md	203	KR1d0051_WYG_008-13b
013.md	211	KR1d0051_WYG_008-14a
013.md	219	KR1d0051_WYG_008-14b
013.md	227	KR1d0051_WYG_008-15a
013.md	235	KR1d0051_WYG_008-15b
013.md	243	KR1d0051_WYG_008-16a
013.md	251	KR1d0051_WYG_008-16b
013.md	259	KR1d0051_WYG_008-17a
013.md	267	KR1d0051_WYG_008-17b
013.md	275	KR1d0051_WYG_008-18a
013.md	283	KR1d0051_WYG_008-18b
013.md	291	KR1d0051_WYG_008-19a
013.md	299	KR1d0051_WYG_008-19b
013.md	307	KR1d0051_WYG_008-20a
013.md	315	KR1d0051_WYG_008-20b
013.md	323	KR1d0051_WYG_008-21a
013.md	331	KR1d0051_WYG_008-21b
013.md	339	KR1d0051_WYG_008-22a
013.md	347	KR1d0051_WYG_008-22b
013.md	355	KR1d0051_WYG_008-23a
013.md	363	KR1d0051_WYG_008-23b
013.md	371	KR1d0051_WYG_008-24a
013.md	379	KR1d0051_WYG_008-24b
013.md	387	KR1d0051_WYG_008-25a
013.md	395	KR1d0051_WYG_008-25b
013.md	403	KR1d0051_WYG_008-26a
013.md	411	KR1d0051_WYG_008-26b
013.md	419	KR1d0051_WYG_008-27a
013.md	427	KR1d0051_WYG_008-27b
013.md	435	KR1d0051_WYG_008-28a
013.md	443	KR1d0051_WYG_008-28b
013.md	451	KR1d0051_WYG_008-29a
013.md	459	KR1d0051_WYG_008-29b
013.md	467	KR1d0051_WYG_008-30a
013.md	475	KR1d0051_WYG_008-30b
013.md	483	KR1d0051_WYG_008-31a
013.md	491	KR1d0051_WYG_008-31b
013.md	499	KR1d0051_WYG_008-32a
013.md	507	KR1d0051_WYG_008-32b
013.md	515	KR1d0051_WYG_008-33a
013.md	523	KR1d0051_WYG_008-33b
013.md	531	KR1d0051_WYG_008-34a
013.md	539	KR1d0051_WYG_008-34b
013.md	547	KR1d0051_WYG_008-35a
013.md	555	KR1d0051_WYG_008-35b
013.md	563	KR1d0051_WYG_008-36a
013.md	571	KR1d0051_WYG_008-36b
013.md	579	KR1d0051_WYG_008-37a
013.md	587	KR1d0051_WYG_008-37b
013.md	595	KR1d0051_WYG_008-38a
013.md	603	KR1d0051_WYG_008-38b
013.md	611	KR1d0051_WYG_008-39a
013.md	619	KR1d0051_WYG_008-39b
013.md	627	KR1d0051_WYG_008-40a
013.md	635	KR1d0051_WYG_008-40b
013.md	643	KR1d0051_WYG_008-41a
013.md	651	KR1d0051_WYG_008-41b
013.md	659	KR1d0051_WYG_008-42a
013.md	667	KR1d0051_WYG_008-42b
013.md	675	KR1d0051_WYG_008-43a
013.md	683	KR1d0051_WYG_008-43b
013.md	691	KR1d0051_WYG_008-44a
013.md	699	KR1d0051_WYG_008-44b
013.md	707	KR1d0051_WYG_008-45a
013.md	715	KR1d0051_WYG_008-45b
013.md	723	KR1d0051_WYG_008-46a
013.md	731	KR1d0051_WYG_008-46b
013.md	739	KR1d0051_WYG_008-47a
013.md	747	KR1d0051_WYG_008-47b
013.md	755	KR1d0051_WYG_008-48a
013.md	763	KR1d0051_WYG_008-48b
013.md	771	KR1d0051_WYG_008-49a
013.md	779	KR1d0051_WYG_008-49b
013.md	787	KR1d0051_WYG_008-50a
013.md	795	KR1d0051_WYG_008-50b
013.md	803	KR1d0051_WYG_008-51a
013.md	811	KR1d0051_WYG_008-51b
013.md	819	KR1d0051_WYG_008-52a
013.md	827	KR1d0051_WYG_008-52b
014.md	3	KR1d0051_WYG_009-1a
014.md	11	KR1d0051_WYG_009-1b
014.md	19	KR1d0051_WYG_009-2a
014.md	27	KR1d0051_WYG_009-2b
014.md	35	KR1d0051_WYG_009-3a
014.md	43	KR1d0051_WYG_009-3b
014.md	51	KR1d0051_WYG_009-4a
014.md	59	KR1d0051_WYG_009-4b
014.md	67	KR1d0051_WYG_009-5a
014.md	75	KR1d0051_WYG_009-5b
014.md	83	KR1d0051_WYG_009-6a
014.md	91	KR1d0051_WYG_009-6b
014.md	99	KR1d0051_WYG_009-7a
014.md	107	KR1d0051_WYG_009-7b
014.md	115	KR1d0051_WYG_009-8a
014.md	123	KR1d0051_WYG_009-8b
014.md	131	KR1d0051_WYG_009-9a
014.md	139	KR1d0051_WYG_009-9b
014.md	147	KR1d0051_WYG_009-10a
014.md	155	KR1d0051_WYG_009-10b
014.md	163	KR1d0051_WYG_009-11a
014.md	171	KR1d0051_WYG_009-11b
014.md	179	KR1d0051_WYG_009-12a
014.md	187	KR1d0051_WYG_009-12b
014.md	195	KR1d0051_WYG_009-13a
014.md	203	KR1d0051_WYG_009-13b
014.md	211	KR1d0051_WYG_009-14a
014.md	219	KR1d0051_WYG_009-14b
014.md	227	KR1d0051_WYG_009-15a
014.md	235	KR1d0051_WYG_009-15b
014.md	243	KR1d0051_WYG_009-16a
014.md	251	KR1d0051_WYG_009-16b
014.md	259	KR1d0051_WYG_009-17a
014.md	267	KR1d0051_WYG_009-17b
014.md	275	KR1d0051_WYG_009-18a
014.md	283	KR1d0051_WYG_009-18b
014.md	291	KR1d0051_WYG_009-19a
014.md	299	KR1d0051_WYG_009-19b
014.md	307	KR1d0051_WYG_009-20a
014.md	315	KR1d0051_WYG_009-20b
014.md	323	KR1d0051_WYG_009-21a
014.md	331	KR1d0051_WYG_009-21b
014.md	339	KR1d0051_WYG_009-22a
014.md	347	KR1d0051_WYG_009-22b
014.md	355	KR1d0051_WYG_009-23a
014.md	363	KR1d0051_WYG_009-23b
014.md	371	KR1d0051_WYG_009-24a
014.md	379	KR1d0051_WYG_009-24b
014.md	387	KR1d0051_WYG_009-25a
014.md	395	KR1d0051_WYG_009-25b
014.md	403	KR1d0051_WYG_009-26a
014.md	411	KR1d0051_WYG_009-26b
014.md	419	KR1d0051_WYG_009-27a
014.md	427	KR1d0051_WYG_009-27b
014.md	435	KR1d0051_WYG_009-28a
014.md	443	KR1d0051_WYG_009-28b
014.md	451	KR1d0051_WYG_009-29a
014.md	459	KR1d0051_WYG_009-29b
014.md	467	KR1d0051_WYG_009-30a
014.md	475	KR1d0051_WYG_009-30b
014.md	483	KR1d0051_WYG_009-31a
014.md	491	KR1d0051_WYG_009-31b
014.md	499	KR1d0051_WYG_009-32a
014.md	507	KR1d0051_WYG_009-32b
014.md	515	KR1d0051_WYG_009-33a
014.md	523	KR1d0051_WYG_009-33b
014.md	531	KR1d0051_WYG_009-34a
014.md	539	KR1d0051_WYG_009-34b
014.md	547	KR1d0051_WYG_009-35a
014.md	555	KR1d0051_WYG_009-35b
014.md	563	KR1d0051_WYG_009-36a
014.md	571	KR1d0051_WYG_009-36b
015.md	3	KR1d0051_WYG_010-1a
015.md	11	KR1d0051_WYG_010-1b
015.md	19	KR1d0051_WYG_010-2a
015.md	27	KR1d0051_WYG_010-2b
015.md	35	KR1d0051_WYG_010-3a
015.md	43	KR1d0051_WYG_010-3b
015.md	51	KR1d0051_WYG_010-4a
015.md	59	KR1d0051_WYG_010-4b
015.md	67	KR1d0051_WYG_010-5a
015.md	75	KR1d0051_WYG_010-5b
015.md	83	KR1d0051_WYG_010-6a
015.md	91	KR1d0051_WYG_010-6b
015.md	99	KR1d0051_WYG_010-7a
015.md	107	KR1d0051_WYG_010-7b
015.md	115	KR1d0051_WYG_010-8a
015.md	123	KR1d0051_WYG_010-8b
015.md	131	KR1d0051_WYG_010-9a
015.md	139	KR1d0051_WYG_010-9b
015.md	147	KR1d0051_WYG_010-10a
015.md	155	KR1d0051_WYG_010-10b
015.md	163	KR1d0051_WYG_010-11a
015.md	171	KR1d0051_WYG_010-11b
015.md	179	KR1d0051_WYG_010-12a
015.md	187	KR1d0051_WYG_010-12b
015.md	195	KR1d0051_WYG_010-13a
015.md	203	KR1d0051_WYG_010-13b
015.md	211	KR1d0051_WYG_010-14a
015.md	219	KR1d0051_WYG_010-14b
015.md	227	KR1d0051_WYG_010-15a
015.md	235	KR1d0051_WYG_010-15b
015.md	243	KR1d0051_WYG_010-16a
015.md	251	KR1d0051_WYG_010-16b
015.md	259	KR1d0051_WYG_010-17a
015.md	267	KR1d0051_WYG_010-17b
015.md	275	KR1d0051_WYG_010-18a
015.md	283	KR1d0051_WYG_010-18b
015.md	291	KR1d0051_WYG_010-19a
015.md	299	KR1d0051_WYG_010-19b
015.md	307	KR1d0051_WYG_010-20a
015.md	315	KR1d0051_WYG_010-20b
015.md	323	KR1d0051_WYG_010-21a
015.md	331	KR1d0051_WYG_010-21b
015.md	339	KR1d0051_WYG_010-22a
015.md	347	KR1d0051_WYG_010-22b
015.md	355	KR1d0051_WYG_010-23a
015.md	363	KR1d0051_WYG_010-23b
015.md	371	KR1d0051_WYG_010-24a
015.md	379	KR1d0051_WYG_010-24b
015.md	387	KR1d0051_WYG_010-25a
015.md	395	KR1d0051_WYG_010-25b
015.md	403	KR1d0051_WYG_010-26a
015.md	411	KR1d0051_WYG_010-26b
015.md	419	KR1d0051_WYG_010-27a
015.md	427	KR1d0051_WYG_010-27b
015.md	435	KR1d0051_WYG_010-28a
015.md	443	KR1d0051_WYG_010-28b
015.md	451	KR1d0051_WYG_010-29a
015.md	459	KR1d0051_WYG_010-29b
015.md	467	KR1d0051_WYG_010-30a
015.md	475	KR1d0051_WYG_010-30b
015.md	483	KR1d0051_WYG_010-31a
015.md	491	KR1d0051_WYG_010-31b
015.md	499	KR1d0051_WYG_010-32a
015.md	507	KR1d0051_WYG_010-32b
015.md	515	KR1d0051_WYG_010-33a
015.md	523	KR1d0051_WYG_010-33b
015.md	531	KR1d0051_WYG_010-34a
015.md	539	KR1d0051_WYG_010-34b
015.md	547	KR1d0051_WYG_010-35a
015.md	555	KR1d0051_WYG_010-35b
015.md	563	KR1d0051_WYG_010-36a
015.md	571	KR1d0051_WYG_010-36b
015.md	579	KR1d0051_WYG_010-37a
015.md	587	KR1d0051_WYG_010-37b
015.md	595	KR1d0051_WYG_010-38a
015.md	603	KR1d0051_WYG_010-38b
015.md	611	KR1d0051_WYG_010-39a
016.md	3	KR1d0051_WYG_011-1a
016.md	11	KR1d0051_WYG_011-1b
016.md	19	KR1d0051_WYG_011-2a
016.md	27	KR1d0051_WYG_011-2b
016.md	35	KR1d0051_WYG_011-3a
016.md	43	KR1d0051_WYG_011-3b
016.md	51	KR1d0051_WYG_011-4a
016.md	59	KR1d0051_WYG_011-4b
016.md	67	KR1d0051_WYG_011-5a
016.md	75	KR1d0051_WYG_011-5b
016.md	83	KR1d0051_WYG_011-6a
016.md	91	KR1d0051_WYG_011-6b
016.md	99	KR1d0051_WYG_011-7a
016.md	107	KR1d0051_WYG_011-7b
016.md	115	KR1d0051_WYG_011-8a
016.md	123	KR1d0051_WYG_011-8b
016.md	131	KR1d0051_WYG_011-9a
016.md	139	KR1d0051_WYG_011-9b
016.md	147	KR1d0051_WYG_011-10a
016.md	155	KR1d0051_WYG_011-10b
016.md	163	KR1d0051_WYG_011-11a
016.md	171	KR1d0051_WYG_011-11b
016.md	179	KR1d0051_WYG_011-12a
016.md	187	KR1d0051_WYG_011-12b
016.md	195	KR1d0051_WYG_011-13a
016.md	203	KR1d0051_WYG_011-13b
016.md	211	KR1d0051_WYG_011-14a
016.md	219	KR1d0051_WYG_011-14b
016.md	227	KR1d0051_WYG_011-15a
016.md	235	KR1d0051_WYG_011-15b
016.md	243	KR1d0051_WYG_011-16a
016.md	251	KR1d0051_WYG_011-16b
016.md	259	KR1d0051_WYG_011-17a
016.md	267	KR1d0051_WYG_011-17b
016.md	275	KR1d0051_WYG_011-18a
016.md	283	KR1d0051_WYG_011-18b
016.md	291	KR1d0051_WYG_011-19a
016.md	299	KR1d0051_WYG_011-19b
016.md	307	KR1d0051_WYG_011-20a
016.md	315	KR1d0051_WYG_011-20b
016.md	323	KR1d0051_WYG_011-21a
016.md	331	KR1d0051_WYG_011-21b
016.md	339	KR1d0051_WYG_011-22a
016.md	347	KR1d0051_WYG_011-22b
016.md	355	KR1d0051_WYG_011-23a
016.md	363	KR1d0051_WYG_011-23b
016.md	371	KR1d0051_WYG_011-24a
016.md	379	KR1d0051_WYG_011-24b
016.md	387	KR1d0051_WYG_011-25a
016.md	395	KR1d0051_WYG_011-25b
016.md	403	KR1d0051_WYG_011-26a
016.md	411	KR1d0051_WYG_011-26b
016.md	419	KR1d0051_WYG_011-27a
016.md	427	KR1d0051_WYG_011-27b
016.md	435	KR1d0051_WYG_011-28a
016.md	443	KR1d0051_WYG_011-28b
016.md	451	KR1d0051_WYG_011-29a
016.md	459	KR1d0051_WYG_011-29b
016.md	467	KR1d0051_WYG_011-30a
016.md	475	KR1d0051_WYG_011-30b
016.md	483	KR1d0051_WYG_011-31a
016.md	491	KR1d0051_WYG_011-31b
016.md	499	KR1d0051_WYG_011-32a
016.md	507	KR1d0051_WYG_011-32b
016.md	515	KR1d0051_WYG_011-33a
016.md	523	KR1d0051_WYG_011-33b
016.md	531	KR1d0051_WYG_011-34a
016.md	539	KR1d0051_WYG_011-34b
016.md	547	KR1d0051_WYG_011-35a
016.md	555	KR1d0051_WYG_011-35b
016.md	563	KR1d0051_WYG_011-36a
016.md	571	KR1d0051_WYG_011-36b
016.md	579	KR1d0051_WYG_011-37a
016.md	587	KR1d0051_WYG_011-37b
017.md	3	KR1d0051_WYG_012-1a
017.md	11	KR1d0051_WYG_012-1b
017.md	19	KR1d0051_WYG_012-2a
017.md	27	KR1d0051_WYG_012-2b
017.md	35	KR1d0051_WYG_012-3a
017.md	43	KR1d0051_WYG_012-3b
017.md	51	KR1d0051_WYG_012-4a
017.md	59	KR1d0051_WYG_012-4b
017.md	67	KR1d0051_WYG_012-5a
017.md	75	KR1d0051_WYG_012-5b
017.md	83	KR1d0051_WYG_012-6a
017.md	91	KR1d0051_WYG_012-6b
017.md	99	KR1d0051_WYG_012-7a
017.md	107	KR1d0051_WYG_012-7b
017.md	115	KR1d0051_WYG_012-8a
017.md	123	KR1d0051_WYG_012-8b
017.md	131	KR1d0051_WYG_012-9a
017.md	139	KR1d0051_WYG_012-9b
017.md	147	KR1d0051_WYG_012-10a
017.md	155	KR1d0051_WYG_012-10b
017.md	163	KR1d0051_WYG_012-11a
017.md	171	KR1d0051_WYG_012-11b
017.md	179	KR1d0051_WYG_012-12a
017.md	187	KR1d0051_WYG_012-12b
017.md	195	KR1d0051_WYG_012-13a
017.md	203	KR1d0051_WYG_012-13b
017.md	211	KR1d0051_WYG_012-14a
017.md	219	KR1d0051_WYG_012-14b
017.md	227	KR1d0051_WYG_012-15a
017.md	235	KR1d0051_WYG_012-15b
017.md	243	KR1d0051_WYG_012-16a
017.md	251	KR1d0051_WYG_012-16b
017.md	259	KR1d0051_WYG_012-17a
017.md	267	KR1d0051_WYG_012-17b
017.md	275	KR1d0051_WYG_012-18a
017.md	283	KR1d0051_WYG_012-18b
017.md	291	KR1d0051_WYG_012-19a
017.md	299	KR1d0051_WYG_012-19b
017.md	307	KR1d0051_WYG_012-20a
017.md	315	KR1d0051_WYG_012-20b
017.md	323	KR1d0051_WYG_012-21a
017.md	331	KR1d0051_WYG_012-21b
017.md	339	KR1d0051_WYG_012-22a
017.md	347	KR1d0051_WYG_012-22b
017.md	355	KR1d0051_WYG_012-23a
017.md	363	KR1d0051_WYG_012-23b
017.md	371	KR1d0051_WYG_012-24a
017.md	379	KR1d0051_WYG_012-24b
017.md	387	KR1d0051_WYG_012-25a
017.md	395	KR1d0051_WYG_012-25b
017.md	403	KR1d0051_WYG_012-26a
017.md	411	KR1d0051_WYG_012-26b
017.md	419	KR1d0051_WYG_012-27a
017.md	427	KR1d0051_WYG_012-27b
017.md	435	KR1d0051_WYG_012-28a
017.md	443	KR1d0051_WYG_012-28b
017.md	451	KR1d0051_WYG_012-29a
017.md	459	KR1d0051_WYG_012-29b
017.md	467	KR1d0051_WYG_012-30a
017.md	475	KR1d0051_WYG_012-30b
017.md	483	KR1d0051_WYG_012-31a
017.md	491	KR1d0051_WYG_012-31b
017.md	499	KR1d0051_WYG_012-32a
017.md	507	KR1d0051_WYG_012-32b
017.md	515	KR1d0051_WYG_012-33a
017.md	523	KR1d0051_WYG_012-33b
017.md	531	KR1d0051_WYG_012-34a
017.md	539	KR1d0051_WYG_012-34b
017.md	547	KR1d0051_WYG_012-35a
017.md	555	KR1d0051_WYG_012-35b
017.md	563	KR1d0051_WYG_012-36a
017.md	571	KR1d0051_WYG_012-36b
017.md	579	KR1d0051_WYG_012-37a
017.md	587	KR1d0051_WYG_012-37b
017.md	595	KR1d0051_WYG_012-38a
017.md	603	KR1d0051_WYG_012-38b
017.md	611	KR1d0051_WYG_012-39a
017.md	619	KR1d0051_WYG_012-39b
017.md	627	KR1d0051_WYG_012-40a
017.md	635	KR1d0051_WYG_012-40b
017.md	643	KR1d0051_WYG_012-41a
017.md	651	KR1d0051_WYG_012-41b
017.md	659	KR1d0051_WYG_012-42a
017.md	667	KR1d0051_WYG_012-42b
017.md	675	KR1d0051_WYG_012-43a
017.md	683	KR1d0051_WYG_012-43b
017.md	691	KR1d0051_WYG_012-44a
017.md	699	KR1d0051_WYG_012-44b
017.md	707	KR1d0051_WYG_012-45a
017.md	715	KR1d0051_WYG_012-45b
017.md	723	KR1d0051_WYG_012-46a
017.md	731	KR1d0051_WYG_012-46b
017.md	739	KR1d0051_WYG_012-47a
017.md	747	KR1d0051_WYG_012-47b
017.md	755	KR1d0051_WYG_012-48a
017.md	763	KR1d0051_WYG_012-48b
017.md	771	KR1d0051_WYG_012-49a
017.md	779	KR1d0051_WYG_012-49b
017.md	787	KR1d0051_WYG_012-50a
017.md	795	KR1d0051_WYG_012-50b
017.md	803	KR1d0051_WYG_012-51a
017.md	811	KR1d0051_WYG_012-51b
017.md	819	KR1d0051_WYG_012-52a
017.md	827	KR1d0051_WYG_012-52b
017.md	835	KR1d0051_WYG_012-53a
017.md	843	KR1d0051_WYG_012-53b
017.md	851	KR1d0051_WYG_012-54a
017.md	859	KR1d0051_WYG_012-54b
017.md	867	KR1d0051_WYG_012-55a
017.md	875	KR1d0051_WYG_012-55b
017.md	883	KR1d0051_WYG_012-56a
017.md	891	KR1d0051_WYG_012-56b
018.md	3	KR1d0051_WYG_013-1a
018.md	11	KR1d0051_WYG_013-1b
018.md	19	KR1d0051_WYG_013-2a
018.md	27	KR1d0051_WYG_013-2b
018.md	35	KR1d0051_WYG_013-3a
018.md	43	KR1d0051_WYG_013-3b
018.md	51	KR1d0051_WYG_013-4a
018.md	59	KR1d0051_WYG_013-4b
018.md	67	KR1d0051_WYG_013-5a
018.md	75	KR1d0051_WYG_013-5b
018.md	83	KR1d0051_WYG_013-6a
018.md	91	KR1d0051_WYG_013-6b
018.md	99	KR1d0051_WYG_013-7a
018.md	107	KR1d0051_WYG_013-7b
018.md	115	KR1d0051_WYG_013-8a
018.md	123	KR1d0051_WYG_013-8b
018.md	131	KR1d0051_WYG_013-9a
018.md	139	KR1d0051_WYG_013-9b
018.md	147	KR1d0051_WYG_013-10a
018.md	155	KR1d0051_WYG_013-10b
018.md	163	KR1d0051_WYG_013-11a
018.md	171	KR1d0051_WYG_013-11b
018.md	179	KR1d0051_WYG_013-12a
018.md	187	KR1d0051_WYG_013-12b
018.md	195	KR1d0051_WYG_013-13a
018.md	203	KR1d0051_WYG_013-13b
018.md	211	KR1d0051_WYG_013-14a
018.md	219	KR1d0051_WYG_013-14b
018.md	227	KR1d0051_WYG_013-15a
018.md	235	KR1d0051_WYG_013-15b
018.md	243	KR1d0051_WYG_013-16a
018.md	251	KR1d0051_WYG_013-16b
018.md	259	KR1d0051_WYG_013-17a
018.md	267	KR1d0051_WYG_013-17b
018.md	275	KR1d0051_WYG_013-18a
018.md	283	KR1d0051_WYG_013-18b
018.md	291	KR1d0051_WYG_013-19a
018.md	299	KR1d0051_WYG_013-19b
018.md	307	KR1d0051_WYG_013-20a
018.md	315	KR1d0051_WYG_013-20b
018.md	323	KR1d0051_WYG_013-21a
018.md	331	KR1d0051_WYG_013-21b
018.md	339	KR1d0051_WYG_013-22a
018.md	347	KR1d0051_WYG_013-22b
018.md	355	KR1d0051_WYG_013-23a
018.md	363	KR1d0051_WYG_013-23b
018.md	371	KR1d0051_WYG_013-24a
018.md	379	KR1d0051_WYG_013-24b
018.md	387	KR1d0051_WYG_013-25a
018.md	395	KR1d0051_WYG_013-25b
018.md	403	KR1d0051_WYG_013-26a
018.md	411	KR1d0051_WYG_013-26b
018.md	419	KR1d0051_WYG_013-27a
018.md	427	KR1d0051_WYG_013-27b
018.md	435	KR1d0051_WYG_013-28a
018.md	443	KR1d0051_WYG_013-28b
018.md	451	KR1d0051_WYG_013-29a
018.md	459	KR1d0051_WYG_013-29b
018.md	467	KR1d0051_WYG_013-30a
018.md	475	KR1d0051_WYG_013-30b
018.md	483	KR1d0051_WYG_013-31a
018.md	491	KR1d0051_WYG_013-31b
018.md	499	KR1d0051_WYG_013-32a
018.md	507	KR1d0051_WYG_013-32b
018.md	515	KR1d0051_WYG_013-33a
018.md	523	KR1d0051_WYG_013-33b
018.md	531	KR1d0051_WYG_013-34a
018.md	539	KR1d0051_WYG_013-34b
018.md	547	KR1d0051_WYG_013-35a
018.md	555	KR1d0051_WYG_013-35b
018.md	563	KR1d0051_WYG_013-36a
018.md	571	KR1d0051_WYG_013-36b
018.md	579	KR1d0051_WYG_013-37a
018.md	587	KR1d0051_WYG_013-37b
018.md	595	KR1d0051_WYG_013-38a
018.md	603	KR1d0051_WYG_013-38b
018.md	611	KR1d0051_WYG_013-39a
018.md	619	KR1d0051_WYG_013-39b
018.md	627	KR1d0051_WYG_013-40a
018.md	635	KR1d0051_WYG_013-40b
018.md	643	KR1d0051_WYG_013-41a
018.md	651	KR1d0051_WYG_013-41b
018.md	659	KR1d0051_WYG_013-42a
018.md	667	KR1d0051_WYG_013-42b
018.md	675	KR1d0051_WYG_013-43a
018.md	683	KR1d0051_WYG_013-43b
018.md	691	KR1d0051_WYG_013-44a
018.md	699	KR1d0051_WYG_013-44b
018.md	707	KR1d0051_WYG_013-45a
018.md	715	KR1d0051_WYG_013-45b
018.md	723	KR1d0051_WYG_013-46a
018.md	731	KR1d0051_WYG_013-46b
018.md	739	KR1d0051_WYG_013-47a
018.md	747	KR1d0051_WYG_013-47b
018.md	755	KR1d0051_WYG_013-48a
018.md	763	KR1d0051_WYG_013-48b
018.md	771	KR1d0051_WYG_013-49a
018.md	779	KR1d0051_WYG_013-49b
018.md	787	KR1d0051_WYG_013-50a
018.md	795	KR1d0051_WYG_013-50b
018.md	803	KR1d0051_WYG_013-51a
018.md	811	KR1d0051_WYG_013-51b
018.md	819	KR1d0051_WYG_013-52a
018.md	827	KR1d0051_WYG_013-52b
018.md	835	KR1d0051_WYG_013-53a
018.md	843	KR1d0051_WYG_013-53b
019.md	3	KR1d0051_WYG_014-1a
019.md	11	KR1d0051_WYG_014-1b
019.md	19	KR1d0051_WYG_014-2a
019.md	27	KR1d0051_WYG_014-2b
019.md	35	KR1d0051_WYG_014-3a
019.md	43	KR1d0051_WYG_014-3b
019.md	51	KR1d0051_WYG_014-4a
019.md	59	KR1d0051_WYG_014-4b
019.md	67	KR1d0051_WYG_014-5a
019.md	75	KR1d0051_WYG_014-5b
019.md	83	KR1d0051_WYG_014-6a
019.md	91	KR1d0051_WYG_014-6b
019.md	99	KR1d0051_WYG_014-7a
019.md	107	KR1d0051_WYG_014-7b
019.md	115	KR1d0051_WYG_014-8a
019.md	123	KR1d0051_WYG_014-8b
019.md	131	KR1d0051_WYG_014-9a
019.md	139	KR1d0051_WYG_014-9b
019.md	147	KR1d0051_WYG_014-10a
019.md	155	KR1d0051_WYG_014-10b
019.md	163	KR1d0051_WYG_014-11a
019.md	171	KR1d0051_WYG_014-11b
019.md	179	KR1d0051_WYG_014-12a
019.md	187	KR1d0051_WYG_014-12b
019.md	195	KR1d0051_WYG_014-13a
019.md	203	KR1d0051_WYG_014-13b
019.md	211	KR1d0051_WYG_014-14a
019.md	219	KR1d0051_WYG_014-14b
019.md	227	KR1d0051_WYG_014-15a
019.md	235	KR1d0051_WYG_014-15b
019.md	243	KR1d0051_WYG_014-16a
019.md	251	KR1d0051_WYG_014-16b
019.md	259	KR1d0051_WYG_014-17a
019.md	267	KR1d0051_WYG_014-17b
019.md	275	KR1d0051_WYG_014-18a
019.md	283	KR1d0051_WYG_014-18b
019.md	291	KR1d0051_WYG_014-19a
019.md	299	KR1d0051_WYG_014-19b
019.md	307	KR1d0051_WYG_014-20a
019.md	315	KR1d0051_WYG_014-20b
019.md	323	KR1d0051_WYG_014-21a
019.md	331	KR1d0051_WYG_014-21b
019.md	339	KR1d0051_WYG_014-22a
019.md	347	KR1d0051_WYG_014-22b
019.md	355	KR1d0051_WYG_014-23a
019.md	363	KR1d0051_WYG_014-23b
019.md	371	KR1d0051_WYG_014-24a
019.md	379	KR1d0051_WYG_014-24b
019.md	387	KR1d0051_WYG_014-25a
019.md	395	KR1d0051_WYG_014-25b
019.md	403	KR1d0051_WYG_014-26a
019.md	411	KR1d0051_WYG_014-26b
020.md	3	KR1d0051_WYG_015-1a
020.md	11	KR1d0051_WYG_015-1b
020.md	19	KR1d0051_WYG_015-2a
020.md	27	KR1d0051_WYG_015-2b
020.md	35	KR1d0051_WYG_015-3a
020.md	43	KR1d0051_WYG_015-3b
020.md	51	KR1d0051_WYG_015-4a
020.md	59	KR1d0051_WYG_015-4b
020.md	67	KR1d0051_WYG_015-5a
020.md	75	KR1d0051_WYG_015-5b
020.md	83	KR1d0051_WYG_015-6a
020.md	91	KR1d0051_WYG_015-6b
020.md	99	KR1d0051_WYG_015-7a
020.md	107	KR1d0051_WYG_015-7b
020.md	115	KR1d0051_WYG_015-8a
020.md	123	KR1d0051_WYG_015-8b
020.md	131	KR1d0051_WYG_015-9a
020.md	139	KR1d0051_WYG_015-9b
020.md	147	KR1d0051_WYG_015-10a
020.md	155	KR1d0051_WYG_015-10b
020.md	163	KR1d0051_WYG_015-11a
020.md	171	KR1d0051_WYG_015-11b
020.md	179	KR1d0051_WYG_015-12a
020.md	187	KR1d0051_WYG_015-12b
020.md	195	KR1d0051_WYG_015-13a
020.md	203	KR1d0051_WYG_015-13b
020.md	211	KR1d0051_WYG_015-14a
020.md	219	KR1d0051_WYG_015-14b
020.md	227	KR1d0051_WYG_015-15a
020.md	235	KR1d0051_WYG_015-15b
020.md	243	KR1d0051_WYG_015-16a
020.md	251	KR1d0051_WYG_015-16b
020.md	259	KR1d0051_WYG_015-17a
020.md	267	KR1d0051_WYG_015-17b
020.md	275	KR1d0051_WYG_015-18a
020.md	283	KR1d0051_WYG_015-18b
020.md	291	KR1d0051_WYG_015-19a
020.md	299	KR1d0051_WYG_015-19b
020.md	307	KR1d0051_WYG_015-20a
020.md	315	KR1d0051_WYG_015-20b
020.md	323	KR1d0051_WYG_015-21a
020.md	331	KR1d0051_WYG_015-21b
020.md	339	KR1d0051_WYG_015-22a
020.md	347	KR1d0051_WYG_015-22b
020.md	355	KR1d0051_WYG_015-23a
020.md	363	KR1d0051_WYG_015-23b
020.md	371	KR1d0051_WYG_015-24a
020.md	379	KR1d0051_WYG_015-24b
020.md	387	KR1d0051_WYG_015-25a
020.md	395	KR1d0051_WYG_015-25b
020.md	403	KR1d0051_WYG_015-26a
020.md	411	KR1d0051_WYG_015-26b
020.md	419	KR1d0051_WYG_015-27a
020.md	427	KR1d0051_WYG_015-27b
020.md	435	KR1d0051_WYG_015-28a
020.md	443	KR1d0051_WYG_015-28b
020.md	451	KR1d0051_WYG_015-29a
020.md	459	KR1d0051_WYG_015-29b
020.md	467	KR1d0051_WYG_015-30a
020.md	475	KR1d0051_WYG_015-30b
020.md	483	KR1d0051_WYG_015-31a
020.md	491	KR1d0051_WYG_015-31b
020.md	499	KR1d0051_WYG_015-32a
020.md	507	KR1d0051_WYG_015-32b
020.md	515	KR1d0051_WYG_015-33a
020.md	523	KR1d0051_WYG_015-33b
020.md	531	KR1d0051_WYG_015-34a
020.md	539	KR1d0051_WYG_015-34b
020.md	547	KR1d0051_WYG_015-35a
020.md	555	KR1d0051_WYG_015-35b
020.md	563	KR1d0051_WYG_015-36a
020.md	571	KR1d0051_WYG_015-36b
020.md	579	KR1d0051_WYG_015-37a
020.md	587	KR1d0051_WYG_015-37b
020.md	595	KR1d0051_WYG_015-38a
020.md	603	KR1d0051_WYG_015-38b
020.md	611	KR1d0051_WYG_015-39a
020.md	619	KR1d0051_WYG_015-39b
020.md	627	KR1d0051_WYG_015-40a
020.md	635	KR1d0051_WYG_015-40b
020.md	643	KR1d0051_WYG_015-41a
020.md	651	KR1d0051_WYG_015-41b
020.md	659	KR1d0051_WYG_015-42a
020.md	667	KR1d0051_WYG_015-42b
020.md	675	KR1d0051_WYG_015-43a
020.md	683	KR1d0051_WYG_015-43b
020.md	691	KR1d0051_WYG_015-44a
020.md	699	KR1d0051_WYG_015-44b
020.md	707	KR1d0051_WYG_015-45a
020.md	715	KR1d0051_WYG_015-45b
020.md	723	KR1d0051_WYG_015-46a
020.md	731	KR1d0051_WYG_015-46b
020.md	739	KR1d0051_WYG_015-47a
020.md	747	KR1d0051_WYG_015-47b
020.md	755	KR1d0051_WYG_015-48a
020.md	763	KR1d0051_WYG_015-48b
020.md	771	KR1d0051_WYG_015-49a
020.md	779	KR1d0051_WYG_015-49b
020.md	787	KR1d0051_WYG_015-50a
020.md	795	KR1d0051_WYG_015-50b
020.md	803	KR1d0051_WYG_015-51a
020.md	811	KR1d0051_WYG_015-51b
020.md	819	KR1d0051_WYG_015-52a
020.md	827	KR1d0051_WYG_015-52b
021.md	3	KR1d0051_WYG_016-1a
021.md	11	KR1d0051_WYG_016-1b
021.md	19	KR1d0051_WYG_016-2a
021.md	27	KR1d0051_WYG_016-2b
021.md	35	KR1d0051_WYG_016-3a
021.md	43	KR1d0051_WYG_016-3b
021.md	51	KR1d0051_WYG_016-4a
021.md	59	KR1d0051_WYG_016-4b
021.md	67	KR1d0051_WYG_016-5a
021.md	75	KR1d0051_WYG_016-5b
021.md	83	KR1d0051_WYG_016-6a
021.md	91	KR1d0051_WYG_016-6b
021.md	99	KR1d0051_WYG_016-7a
021.md	107	KR1d0051_WYG_016-7b
021.md	115	KR1d0051_WYG_016-8a
021.md	123	KR1d0051_WYG_016-8b
021.md	131	KR1d0051_WYG_016-9a
021.md	139	KR1d0051_WYG_016-9b
021.md	147	KR1d0051_WYG_016-10a
021.md	155	KR1d0051_WYG_016-10b
021.md	163	KR1d0051_WYG_016-11a
021.md	171	KR1d0051_WYG_016-11b
021.md	179	KR1d0051_WYG_016-12a
021.md	187	KR1d0051_WYG_016-12b
021.md	195	KR1d0051_WYG_016-13a
021.md	203	KR1d0051_WYG_016-13b
021.md	211	KR1d0051_WYG_016-14a
021.md	219	KR1d0051_WYG_016-14b
021.md	227	KR1d0051_WYG_016-15a
021.md	235	KR1d0051_WYG_016-15b
021.md	243	KR1d0051_WYG_016-16a
021.md	251	KR1d0051_WYG_016-16b
021.md	259	KR1d0051_WYG_016-17a
021.md	267	KR1d0051_WYG_016-17b
021.md	275	KR1d0051_WYG_016-18a
021.md	283	KR1d0051_WYG_016-18b
021.md	291	KR1d0051_WYG_016-19a
021.md	299	KR1d0051_WYG_016-19b
021.md	307	KR1d0051_WYG_016-20a
021.md	315	KR1d0051_WYG_016-20b
021.md	323	KR1d0051_WYG_016-21a
021.md	331	KR1d0051_WYG_016-21b
021.md	339	KR1d0051_WYG_016-22a
021.md	347	KR1d0051_WYG_016-22b
021.md	355	KR1d0051_WYG_016-23a
021.md	363	KR1d0051_WYG_016-23b
021.md	371	KR1d0051_WYG_016-24a
021.md	379	KR1d0051_WYG_016-24b
022.md	3	KR1d0051_WYG_017-1a
022.md	11	KR1d0051_WYG_017-1b
022.md	19	KR1d0051_WYG_017-2a
022.md	27	KR1d0051_WYG_017-2b
022.md	35	KR1d0051_WYG_017-3a
022.md	43	KR1d0051_WYG_017-3b
022.md	51	KR1d0051_WYG_017-4a
022.md	59	KR1d0051_WYG_017-4b
022.md	67	KR1d0051_WYG_017-5a
022.md	75	KR1d0051_WYG_017-5b
022.md	83	KR1d0051_WYG_017-6a
022.md	91	KR1d0051_WYG_017-6b
022.md	99	KR1d0051_WYG_017-7a
022.md	107	KR1d0051_WYG_017-7b
022.md	115	KR1d0051_WYG_017-8a
022.md	123	KR1d0051_WYG_017-8b
022.md	131	KR1d0051_WYG_017-9a
022.md	139	KR1d0051_WYG_017-9b
022.md	147	KR1d0051_WYG_017-10a
022.md	155	KR1d0051_WYG_017-10b
022.md	163	KR1d0051_WYG_017-11a
022.md	171	KR1d0051_WYG_017-11b
022.md	179	KR1d0051_WYG_017-12a
022.md	187	KR1d0051_WYG_017-12b
022.md	195	KR1d0051_WYG_017-13a
022.md	203	KR1d0051_WYG_017-13b
022.md	211	KR1d0051_WYG_017-14a
022.md	219	KR1d0051_WYG_017-14b
022.md	227	KR1d0051_WYG_017-15a
022.md	235	KR1d0051_WYG_017-15b
022.md	243	KR1d0051_WYG_017-16a
022.md	251	KR1d0051_WYG_017-16b
022.md	259	KR1d0051_WYG_017-17a
022.md	267	KR1d0051_WYG_017-17b
022.md	275	KR1d0051_WYG_017-18a
022.md	283	KR1d0051_WYG_017-18b
022.md	291	KR1d0051_WYG_017-19a
022.md	299	KR1d0051_WYG_017-19b
022.md	307	KR1d0051_WYG_017-20a
022.md	315	KR1d0051_WYG_017-20b
022.md	323	KR1d0051_WYG_017-21a
022.md	331	KR1d0051_WYG_017-21b
022.md	339	KR1d0051_WYG_017-22a
022.md	347	KR1d0051_WYG_017-22b
022.md	355	KR1d0051_WYG_017-23a
022.md	363	KR1d0051_WYG_017-23b
022.md	371	KR1d0051_WYG_017-24a
022.md	379	KR1d0051_WYG_017-24b
022.md	387	KR1d0051_WYG_017-25a
022.md	395	KR1d0051_WYG_017-25b
022.md	403	KR1d0051_WYG_017-26a
022.md	411	KR1d0051_WYG_017-26b
022.md	419	KR1d0051_WYG_017-27a
022.md	427	KR1d0051_WYG_017-27b
023.md	3	KR1d0051_WYG_018-1a
023.md	11	KR1d0051_WYG_018-1b
023.md	19	KR1d0051_WYG_018-2a
023.md	27	KR1d0051_WYG_018-2b
023.md	35	KR1d0051_WYG_018-3a
023.md	43	KR1d0051_WYG_018-3b
023.md	51	KR1d0051_WYG_018-4a
023.md	59	KR1d0051_WYG_018-4b
023.md	67	KR1d0051_WYG_018-5a
023.md	75	KR1d0051_WYG_018-5b
023.md	83	KR1d0051_WYG_018-6a
023.md	91	KR1d0051_WYG_018-6b
023.md	99	KR1d0051_WYG_018-7a
023.md	107	KR1d0051_WYG_018-7b
023.md	115	KR1d0051_WYG_018-8a
023.md	123	KR1d0051_WYG_018-8b
023.md	131	KR1d0051_WYG_018-9a
023.md	139	KR1d0051_WYG_018-9b
023.md	147	KR1d0051_WYG_018-10a
023.md	155	KR1d0051_WYG_018-10b
023.md	163	KR1d0051_WYG_018-11a
023.md	171	KR1d0051_WYG_018-11b
023.md	179	KR1d0051_WYG_018-12a
023.md	187	KR1d0051_WYG_018-12b
023.md	195	KR1d0051_WYG_018-13a
023.md	203	KR1d0051_WYG_018-13b
023.md	211	KR1d0051_WYG_018-14a
023.md	219	KR1d0051_WYG_018-14b
023.md	227	KR1d0051_WYG_018-15a
023.md	235	KR1d0051_WYG_018-15b
023.md	243	KR1d0051_WYG_018-16a
023.md	251	KR1d0051_WYG_018-16b
023.md	259	KR1d0051_WYG_018-17a
023.md	267	KR1d0051_WYG_018-17b
023.md	275	KR1d0051_WYG_018-18a
023.md	283	KR1d0051_WYG_018-18b
023.md	291	KR1d0051_WYG_018-19a
023.md	299	KR1d0051_WYG_018-19b
023.md	307	KR1d0051_WYG_018-20a
023.md	315	KR1d0051_WYG_018-20b
023.md	323	KR1d0051_WYG_018-21a
023.md	331	KR1d0051_WYG_018-21b
023.md	339	KR1d0051_WYG_018-22a
023.md	347	KR1d0051_WYG_018-22b
023.md	355	KR1d0051_WYG_018-23a
023.md	363	KR1d0051_WYG_018-23b
023.md	371	KR1d0051_WYG_018-24a
023.md	379	KR1d0051_WYG_018-24b
023.md	387	KR1d0051_WYG_018-25a
023.md	395	KR1d0051_WYG_018-25b
023.md	403	KR1d0051_WYG_018-26a
023.md	411	KR1d0051_WYG_018-26b
023.md	419	KR1d0051_WYG_018-27a
023.md	427	KR1d0051_WYG_018-27b
023.md	435	KR1d0051_WYG_018-28a
023.md	443	KR1d0051_WYG_018-28b
023.md	451	KR1d0051_WYG_018-29a
023.md	459	KR1d0051_WYG_018-29b
023.md	467	KR1d0051_WYG_018-30a
023.md	475	KR1d0051_WYG_018-30b
023.md	483	KR1d0051_WYG_018-31a
023.md	491	KR1d0051_WYG_018-31b
023.md	499	KR1d0051_WYG_018-32a
023.md	507	KR1d0051_WYG_018-32b
023.md	515	KR1d0051_WYG_018-33a
023.md	523	KR1d0051_WYG_018-33b
023.md	531	KR1d0051_WYG_018-34a
023.md	539	KR1d0051_WYG_018-34b
023.md	547	KR1d0051_WYG_018-35a
023.md	555	KR1d0051_WYG_018-35b
023.md	563	KR1d0051_WYG_018-36a
023.md	571	KR1d0051_WYG_018-36b
023.md	579	KR1d0051_WYG_018-37a
023.md	587	KR1d0051_WYG_018-37b
023.md	595	KR1d0051_WYG_018-38a
023.md	603	KR1d0051_WYG_018-38b
023.md	611	KR1d0051_WYG_018-39a
023.md	619	KR1d0051_WYG_018-39b
023.md	627	KR1d0051_WYG_018-40a
023.md	635	KR1d0051_WYG_018-40b
023.md	643	KR1d0051_WYG_018-41a
023.md	651	KR1d0051_WYG_018-41b
023.md	659	KR1d0051_WYG_018-42a
023.md	667	KR1d0051_WYG_018-42b
023.md	675	KR1d0051_WYG_018-43a
023.md	683	KR1d0051_WYG_018-43b
023.md	691	KR1d0051_WYG_018-44a
023.md	699	KR1d0051_WYG_018-44b
023.md	707	KR1d0051_WYG_018-45a
023.md	715	KR1d0051_WYG_018-45b
023.md	723	KR1d0051_WYG_018-46a
023.md	731	KR1d0051_WYG_018-46b
023.md	739	KR1d0051_WYG_018-47a
023.md	747	KR1d0051_WYG_018-47b
023.md	755	KR1d0051_WYG_018-48a
023.md	763	KR1d0051_WYG_018-48b
023.md	771	KR1d0051_WYG_018-49a
023.md	779	KR1d0051_WYG_018-49b
023.md	787	KR1d0051_WYG_018-50a
023.md	795	KR1d0051_WYG_018-50b
023.md	803	KR1d0051_WYG_018-51a
023.md	811	KR1d0051_WYG_018-51b
023.md	819	KR1d0051_WYG_018-52a
023.md	827	KR1d0051_WYG_018-52b
023.md	835	KR1d0051_WYG_018-53a
023.md	843	KR1d0051_WYG_018-53b
023.md	851	KR1d0051_WYG_018-54a
023.md	859	KR1d0051_WYG_018-54b
023.md	867	KR1d0051_WYG_018-55a
023.md	875	KR1d0051_WYG_018-55b
023.md	883	KR1d0051_WYG_018-56a
023.md	891	KR1d0051_WYG_018-56b
023.md	899	KR1d0051_WYG_018-57a
023.md	907	KR1d0051_WYG_018-57b
023.md	915	KR1d0051_WYG_018-58a
023.md	923	KR1d0051_WYG_018-58b
023.md	931	KR1d0051_WYG_018-59a
023.md	939	KR1d0051_WYG_018-59b
023.md	947	KR1d0051_WYG_018-60a
023.md	955	KR1d0051_WYG_018-60b
023.md	963	KR1d0051_WYG_018-61a
023.md	971	KR1d0051_WYG_018-61b
023.md	979	KR1d0051_WYG_018-62a
023.md	987	KR1d0051_WYG_018-62b
023.md	995	KR1d0051_WYG_018-63a
023.md	1003	KR1d0051_WYG_018-63b
023.md	1011	KR1d0051_WYG_018-64a
023.md	1019	KR1d0051_WYG_018-64b
023.md	1027	KR1d0051_WYG_018-65a
023.md	1035	KR1d0051_WYG_018-65b
024.md	3	KR1d0051_WYG_019-1a
024.md	11	KR1d0051_WYG_019-1b
024.md	19	KR1d0051_WYG_019-2a
024.md	27	KR1d0051_WYG_019-2b
024.md	35	KR1d0051_WYG_019-3a
024.md	43	KR1d0051_WYG_019-3b
024.md	51	KR1d0051_WYG_019-4a
024.md	59	KR1d0051_WYG_019-4b
024.md	67	KR1d0051_WYG_019-5a
024.md	75	KR1d0051_WYG_019-5b
024.md	83	KR1d0051_WYG_019-6a
024.md	91	KR1d0051_WYG_019-6b
024.md	99	KR1d0051_WYG_019-7a
024.md	107	KR1d0051_WYG_019-7b
024.md	115	KR1d0051_WYG_019-8a
024.md	123	KR1d0051_WYG_019-8b
024.md	131	KR1d0051_WYG_019-9a
024.md	139	KR1d0051_WYG_019-9b
024.md	147	KR1d0051_WYG_019-10a
024.md	155	KR1d0051_WYG_019-10b
024.md	163	KR1d0051_WYG_019-11a
024.md	171	KR1d0051_WYG_019-11b
024.md	179	KR1d0051_WYG_019-12a
024.md	187	KR1d0051_WYG_019-12b
024.md	195	KR1d0051_WYG_019-13a
024.md	203	KR1d0051_WYG_019-13b
024.md	211	KR1d0051_WYG_019-14a
024.md	219	KR1d0051_WYG_019-14b
024.md	227	KR1d0051_WYG_019-15a
024.md	235	KR1d0051_WYG_019-15b
024.md	243	KR1d0051_WYG_019-16a
024.md	251	KR1d0051_WYG_019-16b
024.md	259	KR1d0051_WYG_019-17a
024.md	267	KR1d0051_WYG_019-17b
024.md	275	KR1d0051_WYG_019-18a
024.md	283	KR1d0051_WYG_019-18b
024.md	291	KR1d0051_WYG_019-19a
024.md	299	KR1d0051_WYG_019-19b
024.md	307	KR1d0051_WYG_019-20a
024.md	315	KR1d0051_WYG_019-20b
024.md	323	KR1d0051_WYG_019-21a
024.md	331	KR1d0051_WYG_019-21b
024.md	339	KR1d0051_WYG_019-22a
024.md	347	KR1d0051_WYG_019-22b
024.md	355	KR1d0051_WYG_019-23a
024.md	363	KR1d0051_WYG_019-23b
024.md	371	KR1d0051_WYG_019-24a
024.md	379	KR1d0051_WYG_019-24b
024.md	387	KR1d0051_WYG_019-25a
024.md	395	KR1d0051_WYG_019-25b
024.md	403	KR1d0051_WYG_019-26a
024.md	411	KR1d0051_WYG_019-26b
024.md	419	KR1d0051_WYG_019-27a
024.md	427	KR1d0051_WYG_019-27b
024.md	435	KR1d0051_WYG_019-28a
024.md	443	KR1d0051_WYG_019-28b
024.md	451	KR1d0051_WYG_019-29a
024.md	459	KR1d0051_WYG_019-29b
024.md	467	KR1d0051_WYG_019-30a
024.md	475	KR1d0051_WYG_019-30b
024.md	483	KR1d0051_WYG_019-31a
024.md	491	KR1d0051_WYG_019-31b
024.md	499	KR1d0051_WYG_019-32a
024.md	507	KR1d0051_WYG_019-32b
024.md	515	KR1d0051_WYG_019-33a
024.md	523	KR1d0051_WYG_019-33b
024.md	531	KR1d0051_WYG_019-34a
024.md	539	KR1d0051_WYG_019-34b
024.md	547	KR1d0051_WYG_019-35a
024.md	555	KR1d0051_WYG_019-35b
024.md	563	KR1d0051_WYG_019-36a
024.md	571	KR1d0051_WYG_019-36b
024.md	579	KR1d0051_WYG_019-37a
024.md	587	KR1d0051_WYG_019-37b
024.md	595	KR1d0051_WYG_019-38a
024.md	603	KR1d0051_WYG_019-38b
024.md	611	KR1d0051_WYG_019-39a
024.md	619	KR1d0051_WYG_019-39b
024.md	627	KR1d0051_WYG_019-40a
024.md	635	KR1d0051_WYG_019-40b
024.md	643	KR1d0051_WYG_019-41a
024.md	651	KR1d0051_WYG_019-41b
024.md	659	KR1d0051_WYG_019-42a
024.md	667	KR1d0051_WYG_019-42b
025.md	3	KR1d0051_WYG_020-1a
025.md	11	KR1d0051_WYG_020-1b
025.md	19	KR1d0051_WYG_020-2a
025.md	27	KR1d0051_WYG_020-2b
025.md	35	KR1d0051_WYG_020-3a
025.md	43	KR1d0051_WYG_020-3b
025.md	51	KR1d0051_WYG_020-4a
025.md	59	KR1d0051_WYG_020-4b
025.md	67	KR1d0051_WYG_020-5a
025.md	75	KR1d0051_WYG_020-5b
025.md	83	KR1d0051_WYG_020-6a
025.md	91	KR1d0051_WYG_020-6b
025.md	99	KR1d0051_WYG_020-7a
025.md	107	KR1d0051_WYG_020-7b
025.md	115	KR1d0051_WYG_020-8a
025.md	123	KR1d0051_WYG_020-8b
025.md	131	KR1d0051_WYG_020-9a
025.md	139	KR1d0051_WYG_020-9b
025.md	147	KR1d0051_WYG_020-10a
025.md	155	KR1d0051_WYG_020-10b
025.md	163	KR1d0051_WYG_020-11a
025.md	171	KR1d0051_WYG_020-11b
025.md	179	KR1d0051_WYG_020-12a
025.md	187	KR1d0051_WYG_020-12b
025.md	195	KR1d0051_WYG_020-13a
025.md	203	KR1d0051_WYG_020-13b
025.md	211	KR1d0051_WYG_020-14a
025.md	219	KR1d0051_WYG_020-14b
025.md	227	KR1d0051_WYG_020-15a
025.md	235	KR1d0051_WYG_020-15b
025.md	243	KR1d0051_WYG_020-16a
025.md	251	KR1d0051_WYG_020-16b
025.md	259	KR1d0051_WYG_020-17a
025.md	267	KR1d0051_WYG_020-17b
025.md	275	KR1d0051_WYG_020-18a
025.md	283	KR1d0051_WYG_020-18b
025.md	291	KR1d0051_WYG_020-19a
025.md	299	KR1d0051_WYG_020-19b
025.md	307	KR1d0051_WYG_020-20a
025.md	315	KR1d0051_WYG_020-20b
025.md	323	KR1d0051_WYG_020-21a
025.md	331	KR1d0051_WYG_020-21b
025.md	339	KR1d0051_WYG_020-22a
025.md	347	KR1d0051_WYG_020-22b
025.md	355	KR1d0051_WYG_020-23a
025.md	363	KR1d0051_WYG_020-23b
025.md	371	KR1d0051_WYG_020-24a
025.md	379	KR1d0051_WYG_020-24b
025.md	387	KR1d0051_WYG_020-25a
025.md	395	KR1d0051_WYG_020-25b
025.md	403	KR1d0051_WYG_020-26a
025.md	411	KR1d0051_WYG_020-26b
025.md	419	KR1d0051_WYG_020-27a
025.md	427	KR1d0051_WYG_020-27b
025.md	435	KR1d0051_WYG_020-28a
025.md	443	KR1d0051_WYG_020-28b
025.md	451	KR1d0051_WYG_020-29a
025.md	459	KR1d0051_WYG_020-29b
025.md	467	KR1d0051_WYG_020-30a
025.md	475	KR1d0051_WYG_020-30b
025.md	483	KR1d0051_WYG_020-31a
025.md	491	KR1d0051_WYG_020-31b
025.md	499	KR1d0051_WYG_020-32a
025.md	507	KR1d0051_WYG_020-32b
025.md	515	KR1d0051_WYG_020-33a
025.md	523	KR1d0051_WYG_020-33b
025.md	531	KR1d0051_WYG_020-34a
025.md	539	KR1d0051_WYG_020-34b
025.md	547	KR1d0051_WYG_020-35a
025.md	555	KR1d0051_WYG_020-35b
025.md	563	KR1d0051_WYG_020-36a
025.md	571	KR1d0051_WYG_020-36b
025.md	579	KR1d0051_WYG_020-37a
025.md	587	KR1d0051_WYG_020-37b
025.md	595	KR1d0051_WYG_020-38a
025.md	603	KR1d0051_WYG_020-38b
025.md	611	KR1d0051_WYG_020-39a
025.md	619	KR1d0051_WYG_020-39b
025.md	627	KR1d0051_WYG_020-40a
025.md	635	KR1d0051_WYG_020-40b
025.md	643	KR1d0051_WYG_020-41a
025.md	651	KR1d0051_WYG_020-41b
026.md	3	KR1d0051_WYG_021-1a
026.md	11	KR1d0051_WYG_021-1b
026.md	19	KR1d0051_WYG_021-2a
026.md	27	KR1d0051_WYG_021-2b
026.md	35	KR1d0051_WYG_021-3a
026.md	43	KR1d0051_WYG_021-3b
026.md	51	KR1d0051_WYG_021-4a
026.md	59	KR1d0051_WYG_021-4b
026.md	67	KR1d0051_WYG_021-5a
026.md	75	KR1d0051_WYG_021-5b
026.md	83	KR1d0051_WYG_021-6a
026.md	91	KR1d0051_WYG_021-6b
026.md	99	KR1d0051_WYG_021-7a
026.md	107	KR1d0051_WYG_021-7b
026.md	115	KR1d0051_WYG_021-8a
026.md	123	KR1d0051_WYG_021-8b
026.md	131	KR1d0051_WYG_021-9a
026.md	139	KR1d0051_WYG_021-9b
026.md	147	KR1d0051_WYG_021-10a
026.md	155	KR1d0051_WYG_021-10b
026.md	163	KR1d0051_WYG_021-11a
026.md	171	KR1d0051_WYG_021-11b
026.md	179	KR1d0051_WYG_021-12a
026.md	187	KR1d0051_WYG_021-12b
026.md	195	KR1d0051_WYG_021-13a
026.md	203	KR1d0051_WYG_021-13b
026.md	211	KR1d0051_WYG_021-14a
026.md	219	KR1d0051_WYG_021-14b
026.md	227	KR1d0051_WYG_021-15a
026.md	235	KR1d0051_WYG_021-15b
026.md	243	KR1d0051_WYG_021-16a
026.md	251	KR1d0051_WYG_021-16b
026.md	259	KR1d0051_WYG_021-17a
026.md	267	KR1d0051_WYG_021-17b
026.md	275	KR1d0051_WYG_021-18a
026.md	283	KR1d0051_WYG_021-18b
026.md	291	KR1d0051_WYG_021-19a
026.md	299	KR1d0051_WYG_021-19b
026.md	307	KR1d0051_WYG_021-20a
026.md	315	KR1d0051_WYG_021-20b
026.md	323	KR1d0051_WYG_021-21a
026.md	331	KR1d0051_WYG_021-21b
026.md	339	KR1d0051_WYG_021-22a
026.md	347	KR1d0051_WYG_021-22b
026.md	355	KR1d0051_WYG_021-23a
026.md	363	KR1d0051_WYG_021-23b
026.md	371	KR1d0051_WYG_021-24a
026.md	379	KR1d0051_WYG_021-24b
026.md	387	KR1d0051_WYG_021-25a
026.md	395	KR1d0051_WYG_021-25b
026.md	403	KR1d0051_WYG_021-26a
026.md	411	KR1d0051_WYG_021-26b
026.md	419	KR1d0051_WYG_021-27a
026.md	427	KR1d0051_WYG_021-27b
026.md	435	KR1d0051_WYG_021-28a
026.md	443	KR1d0051_WYG_021-28b
026.md	451	KR1d0051_WYG_021-29a
026.md	459	KR1d0051_WYG_021-29b
026.md	467	KR1d0051_WYG_021-30a
026.md	475	KR1d0051_WYG_021-30b
027.md	3	KR1d0051_WYG_022-1a
027.md	11	KR1d0051_WYG_022-1b
027.md	19	KR1d0051_WYG_022-2a
027.md	27	KR1d0051_WYG_022-2b
027.md	35	KR1d0051_WYG_022-3a
027.md	43	KR1d0051_WYG_022-3b
027.md	51	KR1d0051_WYG_022-4a
027.md	59	KR1d0051_WYG_022-4b
027.md	67	KR1d0051_WYG_022-5a
027.md	75	KR1d0051_WYG_022-5b
027.md	83	KR1d0051_WYG_022-6a
027.md	91	KR1d0051_WYG_022-6b
027.md	99	KR1d0051_WYG_022-7a
027.md	107	KR1d0051_WYG_022-7b
027.md	115	KR1d0051_WYG_022-8a
027.md	123	KR1d0051_WYG_022-8b
027.md	131	KR1d0051_WYG_022-9a
027.md	139	KR1d0051_WYG_022-9b
027.md	147	KR1d0051_WYG_022-10a
027.md	155	KR1d0051_WYG_022-10b
027.md	163	KR1d0051_WYG_022-11a
027.md	171	KR1d0051_WYG_022-11b
027.md	179	KR1d0051_WYG_022-12a
027.md	187	KR1d0051_WYG_022-12b
027.md	195	KR1d0051_WYG_022-13a
027.md	203	KR1d0051_WYG_022-13b
027.md	211	KR1d0051_WYG_022-14a
027.md	219	KR1d0051_WYG_022-14b
027.md	227	KR1d0051_WYG_022-15a
027.md	235	KR1d0051_WYG_022-15b
027.md	243	KR1d0051_WYG_022-16a
027.md	251	KR1d0051_WYG_022-16b
027.md	259	KR1d0051_WYG_022-17a
027.md	267	KR1d0051_WYG_022-17b
027.md	275	KR1d0051_WYG_022-18a
027.md	283	KR1d0051_WYG_022-18b
027.md	291	KR1d0051_WYG_022-19a
027.md	299	KR1d0051_WYG_022-19b
027.md	307	KR1d0051_WYG_022-20a
027.md	315	KR1d0051_WYG_022-20b
027.md	323	KR1d0051_WYG_022-21a
027.md	331	KR1d0051_WYG_022-21b
027.md	339	KR1d0051_WYG_022-22a
027.md	347	KR1d0051_WYG_022-22b
027.md	355	KR1d0051_WYG_022-23a
027.md	363	KR1d0051_WYG_022-23b
027.md	371	KR1d0051_WYG_022-24a
027.md	379	KR1d0051_WYG_022-24b
027.md	387	KR1d0051_WYG_022-25a
027.md	395	KR1d0051_WYG_022-25b
027.md	403	KR1d0051_WYG_022-26a
027.md	411	KR1d0051_WYG_022-26b
028.md	3	KR1d0051_WYG_023-1a
028.md	11	KR1d0051_WYG_023-1b
028.md	19	KR1d0051_WYG_023-2a
028.md	27	KR1d0051_WYG_023-2b
028.md	35	KR1d0051_WYG_023-3a
028.md	43	KR1d0051_WYG_023-3b
028.md	51	KR1d0051_WYG_023-4a
028.md	59	KR1d0051_WYG_023-4b
028.md	67	KR1d0051_WYG_023-5a
028.md	75	KR1d0051_WYG_023-5b
028.md	83	KR1d0051_WYG_023-6a
028.md	91	KR1d0051_WYG_023-6b
028.md	99	KR1d0051_WYG_023-7a
028.md	107	KR1d0051_WYG_023-7b
028.md	115	KR1d0051_WYG_023-8a
028.md	123	KR1d0051_WYG_023-8b
028.md	131	KR1d0051_WYG_023-9a
028.md	139	KR1d0051_WYG_023-9b
028.md	147	KR1d0051_WYG_023-10a
028.md	155	KR1d0051_WYG_023-10b
028.md	163	KR1d0051_WYG_023-11a
028.md	171	KR1d0051_WYG_023-11b
028.md	179	KR1d0051_WYG_023-12a
028.md	187	KR1d0051_WYG_023-12b
028.md	195	KR1d0051_WYG_023-13a
028.md	203	KR1d0051_WYG_023-13b
028.md	211	KR1d0051_WYG_023-14a
028.md	219	KR1d0051_WYG_023-14b
028.md	227	KR1d0051_WYG_023-15a
028.md	235	KR1d0051_WYG_023-15b
028.md	243	KR1d0051_WYG_023-16a
028.md	251	KR1d0051_WYG_023-16b
028.md	259	KR1d0051_WYG_023-17a
028.md	267	KR1d0051_WYG_023-17b
028.md	275	KR1d0051_WYG_023-18a
028.md	283	KR1d0051_WYG_023-18b
028.md	291	KR1d0051_WYG_023-19a
028.md	299	KR1d0051_WYG_023-19b
028.md	307	KR1d0051_WYG_023-20a
028.md	315	KR1d0051_WYG_023-20b
028.md	323	KR1d0051_WYG_023-21a
028.md	331	KR1d0051_WYG_023-21b
028.md	339	KR1d0051_WYG_023-22a
028.md	347	KR1d0051_WYG_023-22b
028.md	355	KR1d0051_WYG_023-23a
028.md	363	KR1d0051_WYG_023-23b
028.md	371	KR1d0051_WYG_023-24a
028.md	379	KR1d0051_WYG_023-24b
028.md	387	KR1d0051_WYG_023-25a
028.md	395	KR1d0051_WYG_023-25b
028.md	403	KR1d0051_WYG_023-26a
028.md	411	KR1d0051_WYG_023-26b
028.md	419	KR1d0051_WYG_023-27a
028.md	427	KR1d0051_WYG_023-27b
028.md	435	KR1d0051_WYG_023-28a
028.md	443	KR1d0051_WYG_023-28b
028.md	451	KR1d0051_WYG_023-29a
028.md	459	KR1d0051_WYG_023-29b
028.md	467	KR1d0051_WYG_023-30a
028.md	475	KR1d0051_WYG_023-30b
028.md	483	KR1d0051_WYG_023-31a
028.md	491	KR1d0051_WYG_023-31b
029.md	3	KR1d0051_WYG_024-1a
029.md	11	KR1d0051_WYG_024-1b
029.md	19	KR1d0051_WYG_024-2a
029.md	27	KR1d0051_WYG_024-2b
029.md	35	KR1d0051_WYG_024-3a
029.md	43	KR1d0051_WYG_024-3b
029.md	51	KR1d0051_WYG_024-4a
029.md	59	KR1d0051_WYG_024-4b
029.md	67	KR1d0051_WYG_024-5a
029.md	75	KR1d0051_WYG_024-5b
029.md	83	KR1d0051_WYG_024-6a
029.md	91	KR1d0051_WYG_024-6b
029.md	99	KR1d0051_WYG_024-7a
029.md	107	KR1d0051_WYG_024-7b
029.md	115	KR1d0051_WYG_024-8a
029.md	123	KR1d0051_WYG_024-8b
029.md	131	KR1d0051_WYG_024-9a
029.md	139	KR1d0051_WYG_024-9b
029.md	147	KR1d0051_WYG_024-10a
029.md	155	KR1d0051_WYG_024-10b
029.md	163	KR1d0051_WYG_024-11a
029.md	171	KR1d0051_WYG_024-11b
029.md	179	KR1d0051_WYG_024-12a
029.md	187	KR1d0051_WYG_024-12b
029.md	195	KR1d0051_WYG_024-13a
029.md	203	KR1d0051_WYG_024-13b
029.md	211	KR1d0051_WYG_024-14a
029.md	219	KR1d0051_WYG_024-14b
029.md	227	KR1d0051_WYG_024-15a
029.md	235	KR1d0051_WYG_024-15b
029.md	243	KR1d0051_WYG_024-16a
029.md	251	KR1d0051_WYG_024-16b
029.md	259	KR1d0051_WYG_024-17a
029.md	267	KR1d0051_WYG_024-17b
029.md	275	KR1d0051_WYG_024-18a
029.md	283	KR1d0051_WYG_024-18b
029.md	291	KR1d0051_WYG_024-19a
029.md	299	KR1d0051_WYG_024-19b
029.md	307	KR1d0051_WYG_024-20a
029.md	315	KR1d0051_WYG_024-20b
029.md	323	KR1d0051_WYG_024-21a
029.md	331	KR1d0051_WYG_024-21b
029.md	339	KR1d0051_WYG_024-22a
029.md	347	KR1d0051_WYG_024-22b
029.md	355	KR1d0051_WYG_024-23a
029.md	363	KR1d0051_WYG_024-23b
029.md	371	KR1d0051_WYG_024-24a
029.md	379	KR1d0051_WYG_024-24b
029.md	387	KR1d0051_WYG_024-25a
029.md	395	KR1d0051_WYG_024-25b
029.md	403	KR1d0051_WYG_024-26a
029.md	411	KR1d0051_WYG_024-26b
029.md	419	KR1d0051_WYG_024-27a
029.md	427	KR1d0051_WYG_024-27b
029.md	435	KR1d0051_WYG_024-28a
029.md	443	KR1d0051_WYG_024-28b
029.md	451	KR1d0051_WYG_024-29a
029.md	459	KR1d0051_WYG_024-29b
029.md	467	KR1d0051_WYG_024-30a
029.md	475	KR1d0051_WYG_024-30b
029.md	483	KR1d0051_WYG_024-31a
029.md	491	KR1d0051_WYG_024-31b
029.md	499	KR1d0051_WYG_024-32a
029.md	507	KR1d0051_WYG_024-32b
029.md	515	KR1d0051_WYG_024-33a
029.md	523	KR1d0051_WYG_024-33b
029.md	531	KR1d0051_WYG_024-34a
029.md	539	KR1d0051_WYG_024-34b
029.md	547	KR1d0051_WYG_024-35a
029.md	555	KR1d0051_WYG_024-35b
030.md	3	KR1d0051_WYG_025-1a
030.md	11	KR1d0051_WYG_025-1b
030.md	19	KR1d0051_WYG_025-2a
030.md	27	KR1d0051_WYG_025-2b
030.md	35	KR1d0051_WYG_025-3a
030.md	43	KR1d0051_WYG_025-3b
030.md	51	KR1d0051_WYG_025-4a
030.md	59	KR1d0051_WYG_025-4b
030.md	67	KR1d0051_WYG_025-5a
030.md	75	KR1d0051_WYG_025-5b
030.md	83	KR1d0051_WYG_025-6a
030.md	91	KR1d0051_WYG_025-6b
030.md	99	KR1d0051_WYG_025-7a
030.md	107	KR1d0051_WYG_025-7b
030.md	115	KR1d0051_WYG_025-8a
030.md	123	KR1d0051_WYG_025-8b
030.md	131	KR1d0051_WYG_025-9a
030.md	139	KR1d0051_WYG_025-9b
030.md	147	KR1d0051_WYG_025-10a
030.md	155	KR1d0051_WYG_025-10b
030.md	163	KR1d0051_WYG_025-11a
030.md	171	KR1d0051_WYG_025-11b
030.md	179	KR1d0051_WYG_025-12a
030.md	187	KR1d0051_WYG_025-12b
030.md	195	KR1d0051_WYG_025-13a
030.md	203	KR1d0051_WYG_025-13b
030.md	211	KR1d0051_WYG_025-14a
030.md	219	KR1d0051_WYG_025-14b
030.md	227	KR1d0051_WYG_025-15a
030.md	235	KR1d0051_WYG_025-15b
030.md	243	KR1d0051_WYG_025-16a
030.md	251	KR1d0051_WYG_025-16b
030.md	259	KR1d0051_WYG_025-17a
030.md	267	KR1d0051_WYG_025-17b
030.md	275	KR1d0051_WYG_025-18a
030.md	283	KR1d0051_WYG_025-18b
030.md	291	KR1d0051_WYG_025-19a
030.md	299	KR1d0051_WYG_025-19b
030.md	307	KR1d0051_WYG_025-20a
030.md	315	KR1d0051_WYG_025-20b
030.md	323	KR1d0051_WYG_025-21a
030.md	331	KR1d0051_WYG_025-21b
030.md	339	KR1d0051_WYG_025-22a
030.md	347	KR1d0051_WYG_025-22b
030.md	355	KR1d0051_WYG_025-23a
030.md	363	KR1d0051_WYG_025-23b
030.md	371	KR1d0051_WYG_025-24a
030.md	379	KR1d0051_WYG_025-24b
030.md	387	KR1d0051_WYG_025-25a
030.md	395	KR1d0051_WYG_025-25b
030.md	403	KR1d0051_WYG_025-26a
030.md	411	KR1d0051_WYG_025-26b
030.md	419	KR1d0051_WYG_025-27a
030.md	427	KR1d0051_WYG_025-27b
030.md	435	KR1d0051_WYG_025-28a
030.md	443	KR1d0051_WYG_025-28b
030.md	451	KR1d0051_WYG_025-29a
030.md	459	KR1d0051_WYG_025-29b
030.md	467	KR1d0051_WYG_025-30a
030.md	475	KR1d0051_WYG_025-30b
030.md	483	KR1d0051_WYG_025-31a
030.md	491	KR1d0051_WYG_025-31b
030.md	499	KR1d0051_WYG_025-32a
030.md	507	KR1d0051_WYG_025-32b
030.md	515	KR1d0051_WYG_025-33a
030.md	523	KR1d0051_WYG_025-33b
030.md	531	KR1d0051_WYG_025-34a
030.md	539	KR1d0051_WYG_025-34b
030.md	547	KR1d0051_WYG_025-35a
030.md	555	KR1d0051_WYG_025-35b
030.md	563	KR1d0051_WYG_025-36a
030.md	571	KR1d0051_WYG_025-36b
030.md	579	KR1d0051_WYG_025-37a
030.md	587	KR1d0051_WYG_025-37b
030.md	595	KR1d0051_WYG_025-38a
030.md	603	KR1d0051_WYG_025-38b
031.md	3	KR1d0051_WYG_026-1a
031.md	11	KR1d0051_WYG_026-1b
031.md	19	KR1d0051_WYG_026-2a
031.md	27	KR1d0051_WYG_026-2b
031.md	35	KR1d0051_WYG_026-3a
031.md	43	KR1d0051_WYG_026-3b
031.md	51	KR1d0051_WYG_026-4a
031.md	59	KR1d0051_WYG_026-4b
031.md	67	KR1d0051_WYG_026-5a
031.md	75	KR1d0051_WYG_026-5b
031.md	83	KR1d0051_WYG_026-6a
031.md	91	KR1d0051_WYG_026-6b
031.md	99	KR1d0051_WYG_026-7a
031.md	107	KR1d0051_WYG_026-7b
031.md	115	KR1d0051_WYG_026-8a
031.md	123	KR1d0051_WYG_026-8b
031.md	131	KR1d0051_WYG_026-9a
031.md	139	KR1d0051_WYG_026-9b
031.md	147	KR1d0051_WYG_026-10a
031.md	155	KR1d0051_WYG_026-10b
031.md	163	KR1d0051_WYG_026-11a
031.md	171	KR1d0051_WYG_026-11b
031.md	179	KR1d0051_WYG_026-12a
031.md	187	KR1d0051_WYG_026-12b
031.md	195	KR1d0051_WYG_026-13a
031.md	203	KR1d0051_WYG_026-13b
031.md	211	KR1d0051_WYG_026-14a
031.md	219	KR1d0051_WYG_026-14b
031.md	227	KR1d0051_WYG_026-15a
031.md	235	KR1d0051_WYG_026-15b
031.md	243	KR1d0051_WYG_026-16a
031.md	251	KR1d0051_WYG_026-16b
031.md	259	KR1d0051_WYG_026-17a
031.md	267	KR1d0051_WYG_026-17b
031.md	275	KR1d0051_WYG_026-18a
031.md	283	KR1d0051_WYG_026-18b
031.md	291	KR1d0051_WYG_026-19a
031.md	299	KR1d0051_WYG_026-19b
031.md	307	KR1d0051_WYG_026-20a
031.md	315	KR1d0051_WYG_026-20b
031.md	323	KR1d0051_WYG_026-21a
031.md	331	KR1d0051_WYG_026-21b
031.md	339	KR1d0051_WYG_026-22a
031.md	347	KR1d0051_WYG_026-22b
031.md	355	KR1d0051_WYG_026-23a
031.md	363	KR1d0051_WYG_026-23b
031.md	371	KR1d0051_WYG_026-24a
031.md	379	KR1d0051_WYG_026-24b
031.md	387	KR1d0051_WYG_026-25a
031.md	395	KR1d0051_WYG_026-25b
031.md	403	KR1d0051_WYG_026-26a
031.md	411	KR1d0051_WYG_026-26b
031.md	419	KR1d0051_WYG_026-27a
031.md	427	KR1d0051_WYG_026-27b
031.md	435	KR1d0051_WYG_026-28a
031.md	443	KR1d0051_WYG_026-28b
031.md	451	KR1d0051_WYG_026-29a
031.md	459	KR1d0051_WYG_026-29b
031.md	467	KR1d0051_WYG_026-30a
031.md	475	KR1d0051_WYG_026-30b
031.md	483	KR1d0051_WYG_026-31a
031.md	491	KR1d0051_WYG_026-31b
031.md	499	KR1d0051_WYG_026-32a
031.md	507	KR1d0051_WYG_026-32b
031.md	515	KR1d0051_WYG_026-33a
031.md	523	KR1d0051_WYG_026-33b
031.md	531	KR1d0051_WYG_026-34a
031.md	539	KR1d0051_WYG_026-34b
031.md	547	KR1d0051_WYG_026-35a
031.md	555	KR1d0051_WYG_026-35b
031.md	563	KR1d0051_WYG_026-36a
031.md	571	KR1d0051_WYG_026-36b
031.md	579	KR1d0051_WYG_026-37a
031.md	587	KR1d0051_WYG_026-37b
032.md	3	KR1d0051_WYG_027-1a
032.md	11	KR1d0051_WYG_027-1b
032.md	19	KR1d0051_WYG_027-2a
032.md	27	KR1d0051_WYG_027-2b
032.md	35	KR1d0051_WYG_027-3a
032.md	43	KR1d0051_WYG_027-3b
032.md	51	KR1d0051_WYG_027-4a
032.md	59	KR1d0051_WYG_027-4b
032.md	67	KR1d0051_WYG_027-5a
032.md	75	KR1d0051_WYG_027-5b
032.md	83	KR1d0051_WYG_027-6a
032.md	91	KR1d0051_WYG_027-6b
032.md	99	KR1d0051_WYG_027-7a
032.md	107	KR1d0051_WYG_027-7b
032.md	115	KR1d0051_WYG_027-8a
032.md	123	KR1d0051_WYG_027-8b
032.md	131	KR1d0051_WYG_027-9a
032.md	139	KR1d0051_WYG_027-9b
032.md	147	KR1d0051_WYG_027-10a
032.md	155	KR1d0051_WYG_027-10b
032.md	163	KR1d0051_WYG_027-11a
032.md	171	KR1d0051_WYG_027-11b
032.md	179	KR1d0051_WYG_027-12a
032.md	187	KR1d0051_WYG_027-12b
032.md	195	KR1d0051_WYG_027-13a
032.md	203	KR1d0051_WYG_027-13b
032.md	211	KR1d0051_WYG_027-14a
032.md	219	KR1d0051_WYG_027-14b
032.md	227	KR1d0051_WYG_027-15a
032.md	235	KR1d0051_WYG_027-15b
032.md	243	KR1d0051_WYG_027-16a
032.md	251	KR1d0051_WYG_027-16b
032.md	259	KR1d0051_WYG_027-17a
032.md	267	KR1d0051_WYG_027-17b
032.md	275	KR1d0051_WYG_027-18a
032.md	283	KR1d0051_WYG_027-18b
032.md	291	KR1d0051_WYG_027-19a
032.md	299	KR1d0051_WYG_027-19b
032.md	307	KR1d0051_WYG_027-20a
032.md	315	KR1d0051_WYG_027-20b
032.md	323	KR1d0051_WYG_027-21a
032.md	331	KR1d0051_WYG_027-21b
032.md	339	KR1d0051_WYG_027-22a
032.md	347	KR1d0051_WYG_027-22b
032.md	355	KR1d0051_WYG_027-23a
032.md	363	KR1d0051_WYG_027-23b
032.md	371	KR1d0051_WYG_027-24a
032.md	379	KR1d0051_WYG_027-24b
032.md	387	KR1d0051_WYG_027-25a
032.md	395	KR1d0051_WYG_027-25b
032.md	403	KR1d0051_WYG_027-26a
032.md	411	KR1d0051_WYG_027-26b
033.md	3	KR1d0051_WYG_028-1a
033.md	11	KR1d0051_WYG_028-1b
033.md	19	KR1d0051_WYG_028-2a
033.md	27	KR1d0051_WYG_028-2b
033.md	35	KR1d0051_WYG_028-3a
033.md	43	KR1d0051_WYG_028-3b
033.md	51	KR1d0051_WYG_028-4a
033.md	59	KR1d0051_WYG_028-4b
033.md	67	KR1d0051_WYG_028-5a
033.md	75	KR1d0051_WYG_028-5b
033.md	83	KR1d0051_WYG_028-6a
033.md	91	KR1d0051_WYG_028-6b
033.md	99	KR1d0051_WYG_028-7a
033.md	107	KR1d0051_WYG_028-7b
033.md	115	KR1d0051_WYG_028-8a
033.md	123	KR1d0051_WYG_028-8b
033.md	131	KR1d0051_WYG_028-9a
033.md	139	KR1d0051_WYG_028-9b
033.md	147	KR1d0051_WYG_028-10a
033.md	155	KR1d0051_WYG_028-10b
033.md	163	KR1d0051_WYG_028-11a
033.md	171	KR1d0051_WYG_028-11b
033.md	179	KR1d0051_WYG_028-12a
033.md	187	KR1d0051_WYG_028-12b
033.md	195	KR1d0051_WYG_028-13a
033.md	203	KR1d0051_WYG_028-13b
033.md	211	KR1d0051_WYG_028-14a
033.md	219	KR1d0051_WYG_028-14b
033.md	227	KR1d0051_WYG_028-15a
033.md	235	KR1d0051_WYG_028-15b
033.md	243	KR1d0051_WYG_028-16a
033.md	251	KR1d0051_WYG_028-16b
033.md	259	KR1d0051_WYG_028-17a
033.md	267	KR1d0051_WYG_028-17b
033.md	275	KR1d0051_WYG_028-18a
033.md	283	KR1d0051_WYG_028-18b
033.md	291	KR1d0051_WYG_028-19a
033.md	299	KR1d0051_WYG_028-19b
033.md	307	KR1d0051_WYG_028-20a
033.md	315	KR1d0051_WYG_028-20b
033.md	323	KR1d0051_WYG_028-21a
033.md	331	KR1d0051_WYG_028-21b
033.md	339	KR1d0051_WYG_028-22a
033.md	347	KR1d0051_WYG_028-22b
033.md	355	KR1d0051_WYG_028-23a
033.md	363	KR1d0051_WYG_028-23b
033.md	371	KR1d0051_WYG_028-24a
033.md	379	KR1d0051_WYG_028-24b
033.md	387	KR1d0051_WYG_028-25a
033.md	395	KR1d0051_WYG_028-25b
033.md	403	KR1d0051_WYG_028-26a
033.md	411	KR1d0051_WYG_028-26b
033.md	419	KR1d0051_WYG_028-27a
033.md	427	KR1d0051_WYG_028-27b
033.md	435	KR1d0051_WYG_028-28a
033.md	443	KR1d0051_WYG_028-28b
033.md	451	KR1d0051_WYG_028-29a
033.md	459	KR1d0051_WYG_028-29b
033.md	467	KR1d0051_WYG_028-30a
033.md	475	KR1d0051_WYG_028-30b
034.md	3	KR1d0051_WYG_029-1a
034.md	11	KR1d0051_WYG_029-1b
034.md	19	KR1d0051_WYG_029-2a
034.md	27	KR1d0051_WYG_029-2b
034.md	35	KR1d0051_WYG_029-3a
034.md	43	KR1d0051_WYG_029-3b
034.md	51	KR1d0051_WYG_029-4a
034.md	59	KR1d0051_WYG_029-4b
034.md	67	KR1d0051_WYG_029-5a
034.md	75	KR1d0051_WYG_029-5b
034.md	83	KR1d0051_WYG_029-6a
034.md	91	KR1d0051_WYG_029-6b
034.md	99	KR1d0051_WYG_029-7a
034.md	107	KR1d0051_WYG_029-7b
034.md	115	KR1d0051_WYG_029-8a
034.md	123	KR1d0051_WYG_029-8b
034.md	131	KR1d0051_WYG_029-9a
034.md	139	KR1d0051_WYG_029-9b
034.md	147	KR1d0051_WYG_029-10a
034.md	155	KR1d0051_WYG_029-10b
034.md	163	KR1d0051_WYG_029-11a
034.md	171	KR1d0051_WYG_029-11b
034.md	179	KR1d0051_WYG_029-12a
034.md	187	KR1d0051_WYG_029-12b
034.md	195	KR1d0051_WYG_029-13a
034.md	203	KR1d0051_WYG_029-13b
034.md	211	KR1d0051_WYG_029-14a
034.md	219	KR1d0051_WYG_029-14b
034.md	227	KR1d0051_WYG_029-15a
034.md	235	KR1d0051_WYG_029-15b
034.md	243	KR1d0051_WYG_029-16a
034.md	251	KR1d0051_WYG_029-16b
034.md	259	KR1d0051_WYG_029-17a
034.md	267	KR1d0051_WYG_029-17b
034.md	275	KR1d0051_WYG_029-18a
034.md	283	KR1d0051_WYG_029-18b
034.md	291	KR1d0051_WYG_029-19a
034.md	299	KR1d0051_WYG_029-19b
034.md	307	KR1d0051_WYG_029-20a
034.md	315	KR1d0051_WYG_029-20b
034.md	323	KR1d0051_WYG_029-21a
034.md	331	KR1d0051_WYG_029-21b
034.md	339	KR1d0051_WYG_029-22a
034.md	347	KR1d0051_WYG_029-22b
034.md	355	KR1d0051_WYG_029-23a
034.md	363	KR1d0051_WYG_029-23b
034.md	371	KR1d0051_WYG_029-24a
034.md	379	KR1d0051_WYG_029-24b
035.md	3	KR1d0051_WYG_030-1a
035.md	11	KR1d0051_WYG_030-1b
035.md	19	KR1d0051_WYG_030-2a
035.md	27	KR1d0051_WYG_030-2b
035.md	33	KR1d0051_WYG_030-3a
035.md	34	KR1d0051_WYG_030-4a
035.md	35	KR1d0051_WYG_030-5a
035.md	36	KR1d0051_WYG_030-6a
035.md	44	KR1d0051_WYG_030-6b
035.md	52	KR1d0051_WYG_030-7a
035.md	60	KR1d0051_WYG_030-7b
035.md	68	KR1d0051_WYG_030-8a
035.md	76	KR1d0051_WYG_030-8b
035.md	84	KR1d0051_WYG_030-9a
035.md	92	KR1d0051_WYG_030-9b
035.md	100	KR1d0051_WYG_030-10a
035.md	104	KR1d0051_WYG_030-11a
035.md	105	KR1d0051_WYG_030-12a
035.md	106	KR1d0051_WYG_030-13a
035.md	114	KR1d0051_WYG_030-13b
035.md	122	KR1d0051_WYG_030-14a
035.md	130	KR1d0051_WYG_030-14b
035.md	138	KR1d0051_WYG_030-15a
035.md	146	KR1d0051_WYG_030-15b
035.md	154	KR1d0051_WYG_030-16a
035.md	162	KR1d0051_WYG_030-16b
035.md	169	KR1d0051_WYG_030-17a
035.md	170	KR1d0051_WYG_030-18a
035.md	178	KR1d0051_WYG_030-18b
035.md	186	KR1d0051_WYG_030-19a
035.md	194	KR1d0051_WYG_030-19b
035.md	202	KR1d0051_WYG_030-20a
035.md	210	KR1d0051_WYG_030-20b
035.md	213	KR1d0051_WYG_030-21a
035.md	221	KR1d0051_WYG_030-21b
035.md	229	KR1d0051_WYG_030-22a
035.md	237	KR1d0051_WYG_030-22b
035.md	241	KR1d0051_WYG_030-23a
035.md	249	KR1d0051_WYG_030-23b
035.md	257	KR1d0051_WYG_030-24a
035.md	265	KR1d0051_WYG_030-24b
035.md	273	KR1d0051_WYG_030-25a
035.md	281	KR1d0051_WYG_030-25b
035.md	283	KR1d0051_WYG_030-26a
035.md	284	KR1d0051_WYG_030-27a
035.md	292	KR1d0051_WYG_030-27b
035.md	293	KR1d0051_WYG_030-28a
035.md	301	KR1d0051_WYG_030-28b
035.md	309	KR1d0051_WYG_030-29a
035.md	317	KR1d0051_WYG_030-29b
036.md	3	KR1d0051_WYG_031-1a
036.md	11	KR1d0051_WYG_031-1b
036.md	19	KR1d0051_WYG_031-2a
036.md	27	KR1d0051_WYG_031-2b
036.md	35	KR1d0051_WYG_031-3a
036.md	43	KR1d0051_WYG_031-3b
036.md	51	KR1d0051_WYG_031-4a
036.md	59	KR1d0051_WYG_031-4b
036.md	67	KR1d0051_WYG_031-5a
036.md	75	KR1d0051_WYG_031-5b
036.md	83	KR1d0051_WYG_031-6a
036.md	91	KR1d0051_WYG_031-6b
036.md	99	KR1d0051_WYG_031-7a
036.md	107	KR1d0051_WYG_031-7b
036.md	115	KR1d0051_WYG_031-8a
036.md	123	KR1d0051_WYG_031-8b
036.md	131	KR1d0051_WYG_031-9a
036.md	139	KR1d0051_WYG_031-9b
036.md	147	KR1d0051_WYG_031-10a
036.md	155	KR1d0051_WYG_031-10b
036.md	163	KR1d0051_WYG_031-11a
036.md	171	KR1d0051_WYG_031-11b
036.md	179	KR1d0051_WYG_031-12a
036.md	187	KR1d0051_WYG_031-12b
036.md	195	KR1d0051_WYG_031-13a
036.md	203	KR1d0051_WYG_031-13b
036.md	211	KR1d0051_WYG_031-14a
036.md	219	KR1d0051_WYG_031-14b
036.md	227	KR1d0051_WYG_031-15a
036.md	235	KR1d0051_WYG_031-15b
036.md	243	KR1d0051_WYG_031-16a
036.md	251	KR1d0051_WYG_031-16b
036.md	259	KR1d0051_WYG_031-17a
036.md	267	KR1d0051_WYG_031-17b
036.md	275	KR1d0051_WYG_031-18a
036.md	283	KR1d0051_WYG_031-18b
036.md	291	KR1d0051_WYG_031-19a
036.md	299	KR1d0051_WYG_031-19b
036.md	307	KR1d0051_WYG_031-20a
036.md	315	KR1d0051_WYG_031-20b
036.md	323	KR1d0051_WYG_031-21a
036.md	331	KR1d0051_WYG_031-21b
036.md	337	KR1d0051_WYG_031-22a
036.md	338	KR1d0051_WYG_031-23a
036.md	339	KR1d0051_WYG_031-24a
036.md	347	KR1d0051_WYG_031-24b
036.md	355	KR1d0051_WYG_031-25a
036.md	363	KR1d0051_WYG_031-25b
036.md	371	KR1d0051_WYG_031-26a
036.md	379	KR1d0051_WYG_031-26b
036.md	387	KR1d0051_WYG_031-27a
036.md	395	KR1d0051_WYG_031-27b
036.md	403	KR1d0051_WYG_031-28a
036.md	411	KR1d0051_WYG_031-28b
036.md	419	KR1d0051_WYG_031-29a
036.md	427	KR1d0051_WYG_031-29b
036.md	435	KR1d0051_WYG_031-30a
036.md	443	KR1d0051_WYG_031-30b
036.md	451	KR1d0051_WYG_031-31a
036.md	459	KR1d0051_WYG_031-31b
036.md	467	KR1d0051_WYG_031-32a
036.md	475	KR1d0051_WYG_031-32b
036.md	483	KR1d0051_WYG_031-33a
036.md	491	KR1d0051_WYG_031-33b
036.md	499	KR1d0051_WYG_031-34a
036.md	507	KR1d0051_WYG_031-34b
036.md	515	KR1d0051_WYG_031-35a
036.md	523	KR1d0051_WYG_031-35b
036.md	531	KR1d0051_WYG_031-36a
036.md	539	KR1d0051_WYG_031-36b
036.md	547	KR1d0051_WYG_031-37a
036.md	555	KR1d0051_WYG_031-37b
036.md	563	KR1d0051_WYG_031-38a
036.md	571	KR1d0051_WYG_031-38b
037.md	3	KR1d0051_WYG_032-1a
037.md	11	KR1d0051_WYG_032-1b
037.md	19	KR1d0051_WYG_032-2a
037.md	27	KR1d0051_WYG_032-2b
037.md	35	KR1d0051_WYG_032-3a
037.md	43	KR1d0051_WYG_032-3b
037.md	51	KR1d0051_WYG_032-4a
037.md	59	KR1d0051_WYG_032-4b
037.md	67	KR1d0051_WYG_032-5a
037.md	74	KR1d0051_WYG_032-6a
037.md	75	KR1d0051_WYG_032-7a
037.md	76	KR1d0051_WYG_032-8a
037.md	84	KR1d0051_WYG_032-8b
037.md	92	KR1d0051_WYG_032-9a
037.md	98	KR1d0051_WYG_032-10a
037.md	106	KR1d0051_WYG_032-10b
037.md	115	KR1d0051_WYG_032-11a
037.md	123	KR1d0051_WYG_032-11b
037.md	131	KR1d0051_WYG_032-12a
037.md	139	KR1d0051_WYG_032-12b
037.md	147	KR1d0051_WYG_032-13a
037.md	155	KR1d0051_WYG_032-13b
037.md	163	KR1d0051_WYG_032-14a
037.md	171	KR1d0051_WYG_032-14b
037.md	179	KR1d0051_WYG_032-15a
037.md	187	KR1d0051_WYG_032-15b
037.md	195	KR1d0051_WYG_032-16a
037.md	203	KR1d0051_WYG_032-16b
037.md	211	KR1d0051_WYG_032-17a
037.md	219	KR1d0051_WYG_032-17b
037.md	227	KR1d0051_WYG_032-18a
037.md	235	KR1d0051_WYG_032-18b
037.md	243	KR1d0051_WYG_032-19a
037.md	251	KR1d0051_WYG_032-19b
037.md	259	KR1d0051_WYG_032-20a
037.md	267	KR1d0051_WYG_032-20b
037.md	275	KR1d0051_WYG_032-21a
037.md	283	KR1d0051_WYG_032-21b
037.md	291	KR1d0051_WYG_032-22a
037.md	299	KR1d0051_WYG_032-22b
037.md	307	KR1d0051_WYG_032-23a
037.md	315	KR1d0051_WYG_032-23b
037.md	323	KR1d0051_WYG_032-24a
037.md	331	KR1d0051_WYG_032-24b
037.md	339	KR1d0051_WYG_032-25a
037.md	347	KR1d0051_WYG_032-25b
037.md	355	KR1d0051_WYG_032-26a
037.md	363	KR1d0051_WYG_032-26b
037.md	371	KR1d0051_WYG_032-27a
037.md	379	KR1d0051_WYG_032-27b
037.md	387	KR1d0051_WYG_032-28a
037.md	395	KR1d0051_WYG_032-28b
037.md	403	KR1d0051_WYG_032-29a
037.md	411	KR1d0051_WYG_032-29b
037.md	419	KR1d0051_WYG_032-30a
037.md	427	KR1d0051_WYG_032-30b
037.md	435	KR1d0051_WYG_032-31a
037.md	443	KR1d0051_WYG_032-31b
037.md	446	KR1d0051_WYG_032-32a
037.md	447	KR1d0051_WYG_032-33a
037.md	455	KR1d0051_WYG_032-33b
037.md	463	KR1d0051_WYG_032-34a
037.md	471	KR1d0051_WYG_032-34b
037.md	479	KR1d0051_WYG_032-35a
037.md	487	KR1d0051_WYG_032-35b
037.md	495	KR1d0051_WYG_032-36a
037.md	503	KR1d0051_WYG_032-36b
037.md	511	KR1d0051_WYG_032-37a
037.md	519	KR1d0051_WYG_032-37b
038.md	3	KR1d0051_WYG_033-1a
038.md	11	KR1d0051_WYG_033-1b
038.md	19	KR1d0051_WYG_033-2a
038.md	27	KR1d0051_WYG_033-2b
038.md	35	KR1d0051_WYG_033-3a
038.md	43	KR1d0051_WYG_033-3b
038.md	51	KR1d0051_WYG_033-4a
038.md	59	KR1d0051_WYG_033-4b
038.md	67	KR1d0051_WYG_033-5a
038.md	75	KR1d0051_WYG_033-5b
038.md	83	KR1d0051_WYG_033-6a
038.md	84	KR1d0051_WYG_033-7a
038.md	85	KR1d0051_WYG_033-8a
038.md	93	KR1d0051_WYG_033-8b
038.md	101	KR1d0051_WYG_033-9a
038.md	109	KR1d0051_WYG_033-9b
038.md	117	KR1d0051_WYG_033-10a
038.md	125	KR1d0051_WYG_033-10b
038.md	133	KR1d0051_WYG_033-11a
038.md	141	KR1d0051_WYG_033-11b
038.md	149	KR1d0051_WYG_033-12a
038.md	157	KR1d0051_WYG_033-13a
038.md	158	KR1d0051_WYG_033-14a
038.md	166	KR1d0051_WYG_033-14b
038.md	174	KR1d0051_WYG_033-15a
038.md	182	KR1d0051_WYG_033-15b
038.md	190	KR1d0051_WYG_033-16a
038.md	198	KR1d0051_WYG_033-16b
038.md	206	KR1d0051_WYG_033-17a
038.md	214	KR1d0051_WYG_033-17b
038.md	222	KR1d0051_WYG_033-18a
038.md	230	KR1d0051_WYG_033-18b
038.md	238	KR1d0051_WYG_033-19a
038.md	246	KR1d0051_WYG_033-19b
038.md	254	KR1d0051_WYG_033-20a
038.md	262	KR1d0051_WYG_033-20b
038.md	270	KR1d0051_WYG_033-21a
038.md	278	KR1d0051_WYG_033-21b
038.md	286	KR1d0051_WYG_033-22a
038.md	294	KR1d0051_WYG_033-22b
038.md	302	KR1d0051_WYG_033-23a
038.md	310	KR1d0051_WYG_033-23b
038.md	318	KR1d0051_WYG_033-24a
038.md	326	KR1d0051_WYG_033-24b
038.md	334	KR1d0051_WYG_033-25a
038.md	342	KR1d0051_WYG_033-25b
038.md	350	KR1d0051_WYG_033-26a
038.md	358	KR1d0051_WYG_033-26b
038.md	366	KR1d0051_WYG_033-27a
038.md	374	KR1d0051_WYG_033-27b
038.md	382	KR1d0051_WYG_033-28a
038.md	390	KR1d0051_WYG_033-28b
038.md	398	KR1d0051_WYG_033-29a
038.md	406	KR1d0051_WYG_033-29b
038.md	414	KR1d0051_WYG_033-30a
038.md	422	KR1d0051_WYG_033-30b
038.md	430	KR1d0051_WYG_033-31a
038.md	438	KR1d0051_WYG_033-31b
039.md	3	KR1d0051_WYG_034-1a
039.md	11	KR1d0051_WYG_034-1b
039.md	19	KR1d0051_WYG_034-2a
039.md	27	KR1d0051_WYG_034-2b
039.md	35	KR1d0051_WYG_034-3a
039.md	43	KR1d0051_WYG_034-3b
039.md	51	KR1d0051_WYG_034-4a
039.md	59	KR1d0051_WYG_034-4b
039.md	67	KR1d0051_WYG_034-5a
039.md	75	KR1d0051_WYG_034-5b
039.md	83	KR1d0051_WYG_034-6a
039.md	91	KR1d0051_WYG_034-6b
039.md	99	KR1d0051_WYG_034-7a
039.md	107	KR1d0051_WYG_034-7b
039.md	115	KR1d0051_WYG_034-8a
039.md	123	KR1d0051_WYG_034-8b
039.md	131	KR1d0051_WYG_034-9a
039.md	139	KR1d0051_WYG_034-9b
039.md	147	KR1d0051_WYG_034-10a
039.md	155	KR1d0051_WYG_034-10b
039.md	163	KR1d0051_WYG_034-11a
039.md	171	KR1d0051_WYG_034-11b
039.md	179	KR1d0051_WYG_034-12a
039.md	187	KR1d0051_WYG_034-12b
039.md	195	KR1d0051_WYG_034-13a
039.md	203	KR1d0051_WYG_034-13b
039.md	211	KR1d0051_WYG_034-14a
039.md	219	KR1d0051_WYG_034-14b
039.md	227	KR1d0051_WYG_034-15a
039.md	235	KR1d0051_WYG_034-15b
039.md	243	KR1d0051_WYG_034-16a
039.md	251	KR1d0051_WYG_034-16b
039.md	259	KR1d0051_WYG_034-17a
039.md	267	KR1d0051_WYG_034-17b
039.md	275	KR1d0051_WYG_034-18a
039.md	283	KR1d0051_WYG_034-18b
039.md	291	KR1d0051_WYG_034-19a
039.md	299	KR1d0051_WYG_034-19b
039.md	307	KR1d0051_WYG_034-20a
039.md	315	KR1d0051_WYG_034-20b
039.md	323	KR1d0051_WYG_034-21a
039.md	331	KR1d0051_WYG_034-21b
039.md	339	KR1d0051_WYG_034-22a
039.md	347	KR1d0051_WYG_034-22b
039.md	355	KR1d0051_WYG_034-23a
039.md	363	KR1d0051_WYG_034-23b
039.md	371	KR1d0051_WYG_034-24a
039.md	379	KR1d0051_WYG_034-24b
039.md	387	KR1d0051_WYG_034-25a
039.md	395	KR1d0051_WYG_034-25b
039.md	403	KR1d0051_WYG_034-26a
039.md	411	KR1d0051_WYG_034-26b
039.md	419	KR1d0051_WYG_034-27a
039.md	427	KR1d0051_WYG_034-27b
039.md	435	KR1d0051_WYG_034-28a
039.md	443	KR1d0051_WYG_034-28b
039.md	451	KR1d0051_WYG_034-29a
039.md	459	KR1d0051_WYG_034-29b
039.md	467	KR1d0051_WYG_034-30a
039.md	475	KR1d0051_WYG_034-30b
039.md	483	KR1d0051_WYG_034-31a
039.md	491	KR1d0051_WYG_034-31b
039.md	499	KR1d0051_WYG_034-32a
039.md	507	KR1d0051_WYG_034-32b
039.md	515	KR1d0051_WYG_034-33a
039.md	523	KR1d0051_WYG_034-33b
039.md	531	KR1d0051_WYG_034-34a
039.md	539	KR1d0051_WYG_034-34b
039.md	547	KR1d0051_WYG_034-35a
039.md	555	KR1d0051_WYG_034-35b
039.md	563	KR1d0051_WYG_034-36a
039.md	571	KR1d0051_WYG_034-36b
039.md	579	KR1d0051_WYG_034-37a
039.md	587	KR1d0051_WYG_034-37b
040.md	3	KR1d0051_WYG_035-1a
040.md	11	KR1d0051_WYG_035-1b
040.md	19	KR1d0051_WYG_035-2a
040.md	27	KR1d0051_WYG_035-2b
040.md	35	KR1d0051_WYG_035-3a
040.md	43	KR1d0051_WYG_035-3b
040.md	51	KR1d0051_WYG_035-4a
040.md	59	KR1d0051_WYG_035-4b
040.md	67	KR1d0051_WYG_035-5a
040.md	75	KR1d0051_WYG_035-5b
040.md	83	KR1d0051_WYG_035-6a
040.md	91	KR1d0051_WYG_035-6b
040.md	99	KR1d0051_WYG_035-7a
040.md	107	KR1d0051_WYG_035-7b
040.md	115	KR1d0051_WYG_035-8a
040.md	123	KR1d0051_WYG_035-8b
040.md	131	KR1d0051_WYG_035-9a
040.md	139	KR1d0051_WYG_035-9b
040.md	147	KR1d0051_WYG_035-10a
040.md	155	KR1d0051_WYG_035-10b
040.md	163	KR1d0051_WYG_035-11a
040.md	171	KR1d0051_WYG_035-11b
040.md	179	KR1d0051_WYG_035-12a
040.md	187	KR1d0051_WYG_035-12b
040.md	195	KR1d0051_WYG_035-13a
040.md	203	KR1d0051_WYG_035-13b
040.md	211	KR1d0051_WYG_035-14a
040.md	219	KR1d0051_WYG_035-14b
040.md	227	KR1d0051_WYG_035-15a
040.md	235	KR1d0051_WYG_035-15b
040.md	243	KR1d0051_WYG_035-16a
040.md	251	KR1d0051_WYG_035-16b
040.md	259	KR1d0051_WYG_035-17a
040.md	267	KR1d0051_WYG_035-17b
040.md	275	KR1d0051_WYG_035-18a
040.md	283	KR1d0051_WYG_035-18b
040.md	291	KR1d0051_WYG_035-19a
040.md	299	KR1d0051_WYG_035-19b
040.md	307	KR1d0051_WYG_035-20a
040.md	315	KR1d0051_WYG_035-20b
040.md	323	KR1d0051_WYG_035-21a
040.md	331	KR1d0051_WYG_035-21b
040.md	339	KR1d0051_WYG_035-22a
040.md	347	KR1d0051_WYG_035-22b
040.md	355	KR1d0051_WYG_035-23a
040.md	363	KR1d0051_WYG_035-23b
040.md	371	KR1d0051_WYG_035-24a
040.md	379	KR1d0051_WYG_035-24b
040.md	387	KR1d0051_WYG_035-25a
040.md	395	KR1d0051_WYG_035-25b
040.md	403	KR1d0051_WYG_035-26a
040.md	411	KR1d0051_WYG_035-26b
040.md	419	KR1d0051_WYG_035-27a
040.md	427	KR1d0051_WYG_035-27b
040.md	435	KR1d0051_WYG_035-28a
040.md	443	KR1d0051_WYG_035-28b
040.md	451	KR1d0051_WYG_035-29a
040.md	459	KR1d0051_WYG_035-29b
040.md	467	KR1d0051_WYG_035-30a
040.md	475	KR1d0051_WYG_035-30b
040.md	483	KR1d0051_WYG_035-31a
040.md	491	KR1d0051_WYG_035-31b
040.md	499	KR1d0051_WYG_035-32a
040.md	507	KR1d0051_WYG_035-32b
040.md	515	KR1d0051_WYG_035-33a
040.md	523	KR1d0051_WYG_035-33b
040.md	531	KR1d0051_WYG_035-34a
040.md	539	KR1d0051_WYG_035-34b
040.md	547	KR1d0051_WYG_035-35a
040.md	555	KR1d0051_WYG_035-35b
040.md	563	KR1d0051_WYG_035-36a
040.md	571	KR1d0051_WYG_035-36b
040.md	579	KR1d0051_WYG_035-37a
040.md	587	KR1d0051_WYG_035-37b
041.md	3	KR1d0051_WYG_036-1a
041.md	7	KR1d0051_WYG_036-2a
041.md	8	KR1d0051_WYG_036-3a
041.md	9	KR1d0051_WYG_036-4a
041.md	10	KR1d0051_WYG_036-5a
041.md	11	KR1d0051_WYG_036-6a
041.md	12	KR1d0051_WYG_036-7a
041.md	13	KR1d0051_WYG_036-8a
041.md	14	KR1d0051_WYG_036-9a
041.md	15	KR1d0051_WYG_036-10a
041.md	16	KR1d0051_WYG_036-11a
041.md	17	KR1d0051_WYG_036-12a
041.md	18	KR1d0051_WYG_036-13a
041.md	19	KR1d0051_WYG_036-14a
041.md	20	KR1d0051_WYG_036-15a
041.md	21	KR1d0051_WYG_036-16a
041.md	29	KR1d0051_WYG_036-16b
041.md	37	KR1d0051_WYG_036-17a
041.md	45	KR1d0051_WYG_036-17b
041.md	53	KR1d0051_WYG_036-18a
041.md	61	KR1d0051_WYG_036-18b
041.md	69	KR1d0051_WYG_036-19a
041.md	77	KR1d0051_WYG_036-19b
041.md	85	KR1d0051_WYG_036-20a
041.md	93	KR1d0051_WYG_036-20b
041.md	101	KR1d0051_WYG_036-21a
041.md	102	KR1d0051_WYG_036-22a
041.md	103	KR1d0051_WYG_036-23a
041.md	104	KR1d0051_WYG_036-24a
041.md	105	KR1d0051_WYG_036-25a
041.md	106	KR1d0051_WYG_036-26a
041.md	107	KR1d0051_WYG_036-27a
041.md	108	KR1d0051_WYG_036-28a
041.md	109	KR1d0051_WYG_036-29a
041.md	117	KR1d0051_WYG_036-29b
041.md	125	KR1d0051_WYG_036-30a
041.md	133	KR1d0051_WYG_036-30b
042.md	3	KR1d0051_WYG_037-1a
042.md	11	KR1d0051_WYG_037-1b
042.md	19	KR1d0051_WYG_037-2a
042.md	27	KR1d0051_WYG_037-2b
042.md	35	KR1d0051_WYG_037-3a
042.md	43	KR1d0051_WYG_037-3b
042.md	51	KR1d0051_WYG_037-4a
042.md	59	KR1d0051_WYG_037-4b
042.md	67	KR1d0051_WYG_037-5a
042.md	75	KR1d0051_WYG_037-5b
042.md	83	KR1d0051_WYG_037-6a
042.md	91	KR1d0051_WYG_037-6b
042.md	99	KR1d0051_WYG_037-7a
042.md	107	KR1d0051_WYG_037-7b
042.md	115	KR1d0051_WYG_037-8a
042.md	123	KR1d0051_WYG_037-8b
042.md	131	KR1d0051_WYG_037-9a
042.md	139	KR1d0051_WYG_037-9b
042.md	147	KR1d0051_WYG_037-10a
042.md	155	KR1d0051_WYG_037-10b
042.md	163	KR1d0051_WYG_037-11a
042.md	171	KR1d0051_WYG_037-11b
042.md	179	KR1d0051_WYG_037-12a
042.md	187	KR1d0051_WYG_037-12b
042.md	195	KR1d0051_WYG_037-13a
042.md	203	KR1d0051_WYG_037-13b
042.md	211	KR1d0051_WYG_037-14a
042.md	219	KR1d0051_WYG_037-14b
042.md	227	KR1d0051_WYG_037-15a
042.md	235	KR1d0051_WYG_037-15b
042.md	243	KR1d0051_WYG_037-16a
042.md	251	KR1d0051_WYG_037-16b
042.md	259	KR1d0051_WYG_037-17a
042.md	267	KR1d0051_WYG_037-17b
042.md	275	KR1d0051_WYG_037-18a
042.md	283	KR1d0051_WYG_037-18b
042.md	291	KR1d0051_WYG_037-19a
042.md	299	KR1d0051_WYG_037-19b
042.md	307	KR1d0051_WYG_037-20a
042.md	315	KR1d0051_WYG_037-20b
042.md	323	KR1d0051_WYG_037-21a
042.md	331	KR1d0051_WYG_037-21b
042.md	339	KR1d0051_WYG_037-22a
042.md	347	KR1d0051_WYG_037-22b
042.md	355	KR1d0051_WYG_037-23a
042.md	363	KR1d0051_WYG_037-23b
042.md	371	KR1d0051_WYG_037-24a
042.md	379	KR1d0051_WYG_037-24b
042.md	387	KR1d0051_WYG_037-25a
042.md	395	KR1d0051_WYG_037-25b
042.md	403	KR1d0051_WYG_037-26a
042.md	411	KR1d0051_WYG_037-26b
042.md	419	KR1d0051_WYG_037-27a
042.md	427	KR1d0051_WYG_037-27b
042.md	435	KR1d0051_WYG_037-28a
042.md	443	KR1d0051_WYG_037-28b
042.md	451	KR1d0051_WYG_037-29a
042.md	459	KR1d0051_WYG_037-29b
042.md	467	KR1d0051_WYG_037-30a
042.md	475	KR1d0051_WYG_037-30b
042.md	483	KR1d0051_WYG_037-31a
042.md	491	KR1d0051_WYG_037-31b
042.md	499	KR1d0051_WYG_037-32a
042.md	507	KR1d0051_WYG_037-32b
042.md	515	KR1d0051_WYG_037-33a
042.md	523	KR1d0051_WYG_037-33b
042.md	531	KR1d0051_WYG_037-34a
042.md	539	KR1d0051_WYG_037-34b
042.md	547	KR1d0051_WYG_037-35a
042.md	555	KR1d0051_WYG_037-35b
042.md	563	KR1d0051_WYG_037-36a
042.md	571	KR1d0051_WYG_037-36b
042.md	579	KR1d0051_WYG_037-37a
042.md	587	KR1d0051_WYG_037-37b
042.md	595	KR1d0051_WYG_037-38a
042.md	603	KR1d0051_WYG_037-38b
042.md	611	KR1d0051_WYG_037-39a
042.md	619	KR1d0051_WYG_037-39b
043.md	3	KR1d0051_WYG_038-1a
043.md	11	KR1d0051_WYG_038-1b
043.md	19	KR1d0051_WYG_038-2a
043.md	27	KR1d0051_WYG_038-2b
043.md	35	KR1d0051_WYG_038-3a
043.md	43	KR1d0051_WYG_038-3b
043.md	51	KR1d0051_WYG_038-4a
043.md	59	KR1d0051_WYG_038-4b
043.md	67	KR1d0051_WYG_038-5a
043.md	75	KR1d0051_WYG_038-5b
043.md	83	KR1d0051_WYG_038-6a
043.md	91	KR1d0051_WYG_038-6b
043.md	99	KR1d0051_WYG_038-7a
043.md	107	KR1d0051_WYG_038-7b
043.md	115	KR1d0051_WYG_038-8a
043.md	123	KR1d0051_WYG_038-8b
043.md	131	KR1d0051_WYG_038-9a
043.md	139	KR1d0051_WYG_038-9b
043.md	147	KR1d0051_WYG_038-10a
043.md	155	KR1d0051_WYG_038-10b
043.md	163	KR1d0051_WYG_038-11a
043.md	171	KR1d0051_WYG_038-11b
043.md	179	KR1d0051_WYG_038-12a
043.md	187	KR1d0051_WYG_038-12b
043.md	195	KR1d0051_WYG_038-13a
043.md	203	KR1d0051_WYG_038-13b
043.md	211	KR1d0051_WYG_038-14a
043.md	219	KR1d0051_WYG_038-14b
043.md	227	KR1d0051_WYG_038-15a
043.md	235	KR1d0051_WYG_038-15b
043.md	243	KR1d0051_WYG_038-16a
043.md	251	KR1d0051_WYG_038-16b
043.md	259	KR1d0051_WYG_038-17a
043.md	267	KR1d0051_WYG_038-17b
043.md	275	KR1d0051_WYG_038-18a
043.md	283	KR1d0051_WYG_038-18b
043.md	291	KR1d0051_WYG_038-19a
043.md	299	KR1d0051_WYG_038-19b
043.md	307	KR1d0051_WYG_038-20a
043.md	315	KR1d0051_WYG_038-20b
043.md	323	KR1d0051_WYG_038-21a
043.md	331	KR1d0051_WYG_038-21b
043.md	339	KR1d0051_WYG_038-22a
043.md	347	KR1d0051_WYG_038-22b
043.md	355	KR1d0051_WYG_038-23a
043.md	363	KR1d0051_WYG_038-23b
043.md	371	KR1d0051_WYG_038-24a
043.md	379	KR1d0051_WYG_038-24b
044.md	3	KR1d0051_WYG_039-1a
044.md	11	KR1d0051_WYG_039-1b
044.md	19	KR1d0051_WYG_039-2a
044.md	27	KR1d0051_WYG_039-2b
044.md	35	KR1d0051_WYG_039-3a
044.md	43	KR1d0051_WYG_039-3b
044.md	51	KR1d0051_WYG_039-4a
044.md	59	KR1d0051_WYG_039-4b
044.md	67	KR1d0051_WYG_039-5a
044.md	75	KR1d0051_WYG_039-5b
044.md	83	KR1d0051_WYG_039-6a
044.md	91	KR1d0051_WYG_039-6b
044.md	99	KR1d0051_WYG_039-7a
044.md	107	KR1d0051_WYG_039-7b
044.md	115	KR1d0051_WYG_039-8a
044.md	123	KR1d0051_WYG_039-8b
044.md	131	KR1d0051_WYG_039-9a
044.md	139	KR1d0051_WYG_039-9b
044.md	147	KR1d0051_WYG_039-10a
044.md	155	KR1d0051_WYG_039-10b
044.md	163	KR1d0051_WYG_039-11a
044.md	171	KR1d0051_WYG_039-11b
044.md	179	KR1d0051_WYG_039-12a
044.md	187	KR1d0051_WYG_039-12b
044.md	195	KR1d0051_WYG_039-13a
044.md	203	KR1d0051_WYG_039-13b
044.md	211	KR1d0051_WYG_039-14a
044.md	219	KR1d0051_WYG_039-14b
044.md	227	KR1d0051_WYG_039-15a
044.md	235	KR1d0051_WYG_039-15b
044.md	243	KR1d0051_WYG_039-16a
044.md	251	KR1d0051_WYG_039-16b
044.md	259	KR1d0051_WYG_039-17a
044.md	267	KR1d0051_WYG_039-17b
044.md	275	KR1d0051_WYG_039-18a
044.md	283	KR1d0051_WYG_039-18b
044.md	291	KR1d0051_WYG_039-19a
044.md	299	KR1d0051_WYG_039-19b
044.md	307	KR1d0051_WYG_039-20a
044.md	315	KR1d0051_WYG_039-20b
044.md	323	KR1d0051_WYG_039-21a
044.md	331	KR1d0051_WYG_039-21b
044.md	339	KR1d0051_WYG_039-22a
044.md	347	KR1d0051_WYG_039-22b
044.md	355	KR1d0051_WYG_039-23a
044.md	363	KR1d0051_WYG_039-23b
044.md	371	KR1d0051_WYG_039-24a
044.md	379	KR1d0051_WYG_039-24b
045.md	3	KR1d0051_WYG_040-1a
045.md	11	KR1d0051_WYG_040-1b
045.md	19	KR1d0051_WYG_040-2a
045.md	27	KR1d0051_WYG_040-2b
045.md	35	KR1d0051_WYG_040-3a
045.md	43	KR1d0051_WYG_040-3b
045.md	44	KR1d0051_WYG_040-4a
045.md	52	KR1d0051_WYG_040-4b
045.md	61	KR1d0051_WYG_040-5a
045.md	69	KR1d0051_WYG_040-5b
045.md	77	KR1d0051_WYG_040-6a
045.md	85	KR1d0051_WYG_040-6b
045.md	93	KR1d0051_WYG_040-7a
045.md	101	KR1d0051_WYG_040-7b
045.md	109	KR1d0051_WYG_040-8a
045.md	117	KR1d0051_WYG_040-8b
045.md	125	KR1d0051_WYG_040-9a
045.md	133	KR1d0051_WYG_040-9b
045.md	141	KR1d0051_WYG_040-10a
045.md	149	KR1d0051_WYG_040-10b
045.md	157	KR1d0051_WYG_040-11a
045.md	165	KR1d0051_WYG_040-11b
045.md	173	KR1d0051_WYG_040-12a
045.md	181	KR1d0051_WYG_040-12b
045.md	189	KR1d0051_WYG_040-13a
045.md	197	KR1d0051_WYG_040-13b
045.md	205	KR1d0051_WYG_040-14a
045.md	213	KR1d0051_WYG_040-14b
045.md	221	KR1d0051_WYG_040-15a
045.md	229	KR1d0051_WYG_040-15b
045.md	237	KR1d0051_WYG_040-16a
045.md	245	KR1d0051_WYG_040-16b
045.md	253	KR1d0051_WYG_040-17a
045.md	261	KR1d0051_WYG_040-17b
045.md	269	KR1d0051_WYG_040-18a
045.md	277	KR1d0051_WYG_040-18b
045.md	281	KR1d0051_WYG_040-19a
045.md	289	KR1d0051_WYG_040-19b
045.md	297	KR1d0051_WYG_040-20a
045.md	305	KR1d0051_WYG_040-20b
045.md	313	KR1d0051_WYG_040-21a
045.md	321	KR1d0051_WYG_040-21b
045.md	329	KR1d0051_WYG_040-22a
045.md	337	KR1d0051_WYG_040-22b
045.md	345	KR1d0051_WYG_040-23a
045.md	353	KR1d0051_WYG_040-23b
045.md	361	KR1d0051_WYG_040-24a
045.md	369	KR1d0051_WYG_040-24b
045.md	377	KR1d0051_WYG_040-25a
045.md	385	KR1d0051_WYG_040-25b
045.md	393	KR1d0051_WYG_040-26a
045.md	401	KR1d0051_WYG_040-26b
045.md	409	KR1d0051_WYG_040-27a
045.md	417	KR1d0051_WYG_040-27b
045.md	425	KR1d0051_WYG_040-28a
045.md	433	KR1d0051_WYG_040-28b
045.md	441	KR1d0051_WYG_040-29a
045.md	449	KR1d0051_WYG_040-29b
045.md	457	KR1d0051_WYG_040-30a
045.md	465	KR1d0051_WYG_040-30b
045.md	473	KR1d0051_WYG_040-31a
045.md	481	KR1d0051_WYG_040-31b
045.md	489	KR1d0051_WYG_040-32a
045.md	497	KR1d0051_WYG_040-32b
045.md	500	KR1d0051_WYG_040-33a
045.md	508	KR1d0051_WYG_040-33b
045.md	516	KR1d0051_WYG_040-34a
045.md	524	KR1d0051_WYG_040-34b
045.md	532	KR1d0051_WYG_040-35a
045.md	540	KR1d0051_WYG_040-35b
045.md	548	KR1d0051_WYG_040-36a
045.md	556	KR1d0051_WYG_040-36b
045.md	564	KR1d0051_WYG_040-37a
045.md	572	KR1d0051_WYG_040-37b
045.md	580	KR1d0051_WYG_040-38a
045.md	588	KR1d0051_WYG_040-38b
045.md	596	KR1d0051_WYG_040-39a
045.md	604	KR1d0051_WYG_040-39b
045.md	612	KR1d0051_WYG_040-40a
045.md	620	KR1d0051_WYG_040-40b
045.md	628	KR1d0051_WYG_040-41a
045.md	636	KR1d0051_WYG_040-41b
045.md	644	KR1d0051_WYG_040-42a
045.md	652	KR1d0051_WYG_040-42b
045.md	655	KR1d0051_WYG_040-43a
045.md	663	KR1d0051_WYG_040-43b
045.md	671	KR1d0051_WYG_040-44a
045.md	679	KR1d0051_WYG_040-44b
045.md	687	KR1d0051_WYG_040-45a
045.md	695	KR1d0051_WYG_040-45b
045.md	703	KR1d0051_WYG_040-46a
045.md	711	KR1d0051_WYG_040-46b
045.md	719	KR1d0051_WYG_040-47a
045.md	727	KR1d0051_WYG_040-47b
046.md	3	KR1d0051_WYG_041-1a
046.md	11	KR1d0051_WYG_041-1b
046.md	19	KR1d0051_WYG_041-2a
046.md	27	KR1d0051_WYG_041-2b
046.md	35	KR1d0051_WYG_041-3a
046.md	43	KR1d0051_WYG_041-3b
046.md	51	KR1d0051_WYG_041-4a
046.md	59	KR1d0051_WYG_041-4b
046.md	67	KR1d0051_WYG_041-5a
046.md	75	KR1d0051_WYG_041-5b
046.md	83	KR1d0051_WYG_041-6a
046.md	91	KR1d0051_WYG_041-6b
046.md	99	KR1d0051_WYG_041-7a
046.md	107	KR1d0051_WYG_041-7b
046.md	115	KR1d0051_WYG_041-8a
046.md	123	KR1d0051_WYG_041-8b
046.md	131	KR1d0051_WYG_041-9a
046.md	139	KR1d0051_WYG_041-9b
046.md	147	KR1d0051_WYG_041-10a
046.md	155	KR1d0051_WYG_041-10b
046.md	163	KR1d0051_WYG_041-11a
046.md	171	KR1d0051_WYG_041-11b
046.md	179	KR1d0051_WYG_041-12a
046.md	187	KR1d0051_WYG_041-12b
046.md	195	KR1d0051_WYG_041-13a
046.md	203	KR1d0051_WYG_041-13b
046.md	211	KR1d0051_WYG_041-14a
046.md	219	KR1d0051_WYG_041-14b
046.md	227	KR1d0051_WYG_041-15a
046.md	235	KR1d0051_WYG_041-15b
046.md	243	KR1d0051_WYG_041-16a
046.md	251	KR1d0051_WYG_041-16b
046.md	259	KR1d0051_WYG_041-17a
046.md	267	KR1d0051_WYG_041-17b
046.md	275	KR1d0051_WYG_041-18a
046.md	283	KR1d0051_WYG_041-18b
046.md	291	KR1d0051_WYG_041-19a
046.md	299	KR1d0051_WYG_041-19b
046.md	307	KR1d0051_WYG_041-20a
046.md	315	KR1d0051_WYG_041-20b
046.md	323	KR1d0051_WYG_041-21a
046.md	331	KR1d0051_WYG_041-21b
046.md	339	KR1d0051_WYG_041-22a
046.md	347	KR1d0051_WYG_041-22b
046.md	355	KR1d0051_WYG_041-23a
046.md	363	KR1d0051_WYG_041-23b
046.md	371	KR1d0051_WYG_041-24a
046.md	379	KR1d0051_WYG_041-24b
046.md	387	KR1d0051_WYG_041-25a
046.md	395	KR1d0051_WYG_041-25b
046.md	403	KR1d0051_WYG_041-26a
046.md	411	KR1d0051_WYG_041-26b
046.md	419	KR1d0051_WYG_041-27a
046.md	427	KR1d0051_WYG_041-27b
046.md	435	KR1d0051_WYG_041-28a
046.md	443	KR1d0051_WYG_041-28b
046.md	451	KR1d0051_WYG_041-29a
046.md	459	KR1d0051_WYG_041-29b
046.md	467	KR1d0051_WYG_041-30a
046.md	475	KR1d0051_WYG_041-30b
046.md	483	KR1d0051_WYG_041-31a
046.md	491	KR1d0051_WYG_041-31b
046.md	499	KR1d0051_WYG_041-32a
046.md	507	KR1d0051_WYG_041-32b
046.md	515	KR1d0051_WYG_041-33a
046.md	523	KR1d0051_WYG_041-33b
047.md	3	KR1d0051_WYG_042-1a
047.md	11	KR1d0051_WYG_042-1b
047.md	19	KR1d0051_WYG_042-2a
047.md	27	KR1d0051_WYG_042-2b
047.md	35	KR1d0051_WYG_042-3a
047.md	43	KR1d0051_WYG_042-3b
047.md	51	KR1d0051_WYG_042-4a
047.md	59	KR1d0051_WYG_042-4b
047.md	67	KR1d0051_WYG_042-5a
047.md	75	KR1d0051_WYG_042-5b
047.md	83	KR1d0051_WYG_042-6a
047.md	91	KR1d0051_WYG_042-6b
047.md	92	KR1d0051_WYG_042-7a
047.md	100	KR1d0051_WYG_042-7b
047.md	108	KR1d0051_WYG_042-8a
047.md	116	KR1d0051_WYG_042-8b
047.md	124	KR1d0051_WYG_042-9a
047.md	132	KR1d0051_WYG_042-9b
047.md	138	KR1d0051_WYG_042-10a
047.md	146	KR1d0051_WYG_042-10b
047.md	154	KR1d0051_WYG_042-11a
047.md	162	KR1d0051_WYG_042-11b
047.md	170	KR1d0051_WYG_042-12a
047.md	178	KR1d0051_WYG_042-12b
047.md	186	KR1d0051_WYG_042-13a
047.md	194	KR1d0051_WYG_042-13b
047.md	202	KR1d0051_WYG_042-14a
047.md	210	KR1d0051_WYG_042-14b
047.md	218	KR1d0051_WYG_042-15a
047.md	226	KR1d0051_WYG_042-15b
047.md	234	KR1d0051_WYG_042-16a
047.md	242	KR1d0051_WYG_042-16b
047.md	250	KR1d0051_WYG_042-17a
047.md	258	KR1d0051_WYG_042-17b
047.md	266	KR1d0051_WYG_042-18a
047.md	274	KR1d0051_WYG_042-18b
047.md	282	KR1d0051_WYG_042-19a
047.md	290	KR1d0051_WYG_042-19b
047.md	298	KR1d0051_WYG_042-20a
047.md	306	KR1d0051_WYG_042-20b
047.md	314	KR1d0051_WYG_042-21a
047.md	322	KR1d0051_WYG_042-21b
047.md	330	KR1d0051_WYG_042-22a
047.md	338	KR1d0051_WYG_042-22b
047.md	346	KR1d0051_WYG_042-23a
047.md	352	KR1d0051_WYG_042-24a
047.md	360	KR1d0051_WYG_042-24b
047.md	368	KR1d0051_WYG_042-25a
047.md	376	KR1d0051_WYG_042-25b
047.md	384	KR1d0051_WYG_042-26a
047.md	392	KR1d0051_WYG_042-26b
047.md	400	KR1d0051_WYG_042-27a
047.md	408	KR1d0051_WYG_042-27b
047.md	416	KR1d0051_WYG_042-28a
047.md	424	KR1d0051_WYG_042-28b
047.md	432	KR1d0051_WYG_042-29a
047.md	440	KR1d0051_WYG_042-29b
047.md	448	KR1d0051_WYG_042-30a
047.md	456	KR1d0051_WYG_042-30b
047.md	464	KR1d0051_WYG_042-31a
047.md	472	KR1d0051_WYG_042-31b
047.md	480	KR1d0051_WYG_042-32a
047.md	488	KR1d0051_WYG_042-32b
047.md	496	KR1d0051_WYG_042-33a
047.md	504	KR1d0051_WYG_042-33b
047.md	512	KR1d0051_WYG_042-34a
047.md	520	KR1d0051_WYG_042-34b
047.md	528	KR1d0051_WYG_042-35a
047.md	536	KR1d0051_WYG_042-35b
047.md	544	KR1d0051_WYG_042-36a
047.md	552	KR1d0051_WYG_042-36b
047.md	560	KR1d0051_WYG_042-37a
047.md	568	KR1d0051_WYG_042-37b
048.md	3	KR1d0051_WYG_043-1a
048.md	11	KR1d0051_WYG_043-1b
048.md	19	KR1d0051_WYG_043-2a
048.md	27	KR1d0051_WYG_043-2b
048.md	35	KR1d0051_WYG_043-3a
048.md	43	KR1d0051_WYG_043-3b
048.md	51	KR1d0051_WYG_043-4a
048.md	59	KR1d0051_WYG_043-4b
048.md	61	KR1d0051_WYG_043-5a
048.md	69	KR1d0051_WYG_043-5b
048.md	77	KR1d0051_WYG_043-6a
048.md	85	KR1d0051_WYG_043-6b
048.md	93	KR1d0051_WYG_043-7a
048.md	101	KR1d0051_WYG_043-7b
048.md	109	KR1d0051_WYG_043-8a
048.md	117	KR1d0051_WYG_043-8b
048.md	125	KR1d0051_WYG_043-9a
048.md	133	KR1d0051_WYG_043-9b
048.md	141	KR1d0051_WYG_043-10a
048.md	149	KR1d0051_WYG_043-10b
048.md	157	KR1d0051_WYG_043-11a
048.md	165	KR1d0051_WYG_043-11b
048.md	173	KR1d0051_WYG_043-12a
048.md	181	KR1d0051_WYG_043-12b
048.md	189	KR1d0051_WYG_043-13a
048.md	197	KR1d0051_WYG_043-13b
048.md	205	KR1d0051_WYG_043-14a
048.md	213	KR1d0051_WYG_043-14b
048.md	221	KR1d0051_WYG_043-15a
048.md	229	KR1d0051_WYG_043-15b
048.md	237	KR1d0051_WYG_043-16a
048.md	245	KR1d0051_WYG_043-16b
048.md	253	KR1d0051_WYG_043-17a
048.md	259	KR1d0051_WYG_043-18a
048.md	267	KR1d0051_WYG_043-18b
048.md	276	KR1d0051_WYG_043-19a
048.md	284	KR1d0051_WYG_043-19b
048.md	292	KR1d0051_WYG_043-20a
048.md	300	KR1d0051_WYG_043-20b
048.md	308	KR1d0051_WYG_043-21a
048.md	316	KR1d0051_WYG_043-21b
048.md	319	KR1d0051_WYG_043-22a
048.md	327	KR1d0051_WYG_043-22b
048.md	335	KR1d0051_WYG_043-23a
048.md	343	KR1d0051_WYG_043-23b
048.md	351	KR1d0051_WYG_043-24a
048.md	359	KR1d0051_WYG_043-24b
048.md	367	KR1d0051_WYG_043-25a
048.md	375	KR1d0051_WYG_043-25b
048.md	383	KR1d0051_WYG_043-26a
048.md	391	KR1d0051_WYG_043-26b
048.md	399	KR1d0051_WYG_043-27a
048.md	400	KR1d0051_WYG_043-28a
048.md	408	KR1d0051_WYG_043-28b
048.md	416	KR1d0051_WYG_043-29a
048.md	424	KR1d0051_WYG_043-29b
048.md	432	KR1d0051_WYG_043-30a
048.md	440	KR1d0051_WYG_043-30b
048.md	448	KR1d0051_WYG_043-31a
048.md	456	KR1d0051_WYG_043-31b
048.md	464	KR1d0051_WYG_043-32a
048.md	472	KR1d0051_WYG_043-32b
048.md	480	KR1d0051_WYG_043-33a
048.md	488	KR1d0051_WYG_043-33b
048.md	496	KR1d0051_WYG_043-34a
048.md	504	KR1d0051_WYG_043-34b
048.md	512	KR1d0051_WYG_043-35a
048.md	520	KR1d0051_WYG_043-35b
048.md	528	KR1d0051_WYG_043-36a
048.md	536	KR1d0051_WYG_043-36b
048.md	544	KR1d0051_WYG_043-37a
048.md	552	KR1d0051_WYG_043-37b
048.md	560	KR1d0051_WYG_043-38a
048.md	568	KR1d0051_WYG_043-38b
048.md	576	KR1d0051_WYG_043-39a
048.md	584	KR1d0051_WYG_043-39b
049.md	3	KR1d0051_WYG_044-1a
049.md	11	KR1d0051_WYG_044-1b
049.md	19	KR1d0051_WYG_044-2a
049.md	27	KR1d0051_WYG_044-2b
049.md	35	KR1d0051_WYG_044-3a
049.md	43	KR1d0051_WYG_044-3b
049.md	51	KR1d0051_WYG_044-4a
049.md	59	KR1d0051_WYG_044-4b
049.md	67	KR1d0051_WYG_044-5a
049.md	75	KR1d0051_WYG_044-5b
049.md	83	KR1d0051_WYG_044-6a
049.md	91	KR1d0051_WYG_044-6b
049.md	99	KR1d0051_WYG_044-7a
049.md	107	KR1d0051_WYG_044-7b
049.md	115	KR1d0051_WYG_044-8a
049.md	123	KR1d0051_WYG_044-8b
049.md	131	KR1d0051_WYG_044-9a
049.md	139	KR1d0051_WYG_044-9b
049.md	147	KR1d0051_WYG_044-10a
049.md	155	KR1d0051_WYG_044-10b
049.md	163	KR1d0051_WYG_044-11a
049.md	171	KR1d0051_WYG_044-11b
049.md	179	KR1d0051_WYG_044-12a
049.md	180	KR1d0051_WYG_044-13a
049.md	188	KR1d0051_WYG_044-13b
049.md	196	KR1d0051_WYG_044-14a
049.md	202	KR1d0051_WYG_044-15a
049.md	210	KR1d0051_WYG_044-15b
049.md	218	KR1d0051_WYG_044-16a
049.md	222	KR1d0051_WYG_044-17a
049.md	230	KR1d0051_WYG_044-17b
049.md	239	KR1d0051_WYG_044-18a
049.md	247	KR1d0051_WYG_044-18b
049.md	255	KR1d0051_WYG_044-19a
049.md	263	KR1d0051_WYG_044-19b
049.md	271	KR1d0051_WYG_044-20a
049.md	279	KR1d0051_WYG_044-20b
049.md	287	KR1d0051_WYG_044-21a
049.md	295	KR1d0051_WYG_044-21b
049.md	303	KR1d0051_WYG_044-22a
049.md	311	KR1d0051_WYG_044-22b
049.md	319	KR1d0051_WYG_044-23a
049.md	323	KR1d0051_WYG_044-24a
049.md	331	KR1d0051_WYG_044-24b
049.md	340	KR1d0051_WYG_044-25a
049.md	348	KR1d0051_WYG_044-25b
049.md	356	KR1d0051_WYG_044-26a
049.md	364	KR1d0051_WYG_044-26b
049.md	372	KR1d0051_WYG_044-27a
049.md	380	KR1d0051_WYG_044-27b
049.md	388	KR1d0051_WYG_044-28a
049.md	396	KR1d0051_WYG_044-28b
049.md	404	KR1d0051_WYG_044-29a
049.md	412	KR1d0051_WYG_044-29b
049.md	420	KR1d0051_WYG_044-30a
049.md	428	KR1d0051_WYG_044-30b
049.md	436	KR1d0051_WYG_044-31a
049.md	444	KR1d0051_WYG_044-31b
049.md	452	KR1d0051_WYG_044-32a
049.md	460	KR1d0051_WYG_044-32b
049.md	468	KR1d0051_WYG_044-33a
049.md	476	KR1d0051_WYG_044-33b
050.md	3	KR1d0051_WYG_045-1a
050.md	11	KR1d0051_WYG_045-1b
050.md	19	KR1d0051_WYG_045-2a
050.md	27	KR1d0051_WYG_045-2b
050.md	35	KR1d0051_WYG_045-3a
050.md	43	KR1d0051_WYG_045-3b
050.md	51	KR1d0051_WYG_045-4a
050.md	59	KR1d0051_WYG_045-4b
050.md	67	KR1d0051_WYG_045-5a
050.md	75	KR1d0051_WYG_045-5b
050.md	83	KR1d0051_WYG_045-6a
050.md	91	KR1d0051_WYG_045-6b
050.md	99	KR1d0051_WYG_045-7a
050.md	107	KR1d0051_WYG_045-7b
050.md	115	KR1d0051_WYG_045-8a
050.md	123	KR1d0051_WYG_045-8b
050.md	131	KR1d0051_WYG_045-9a
050.md	139	KR1d0051_WYG_045-9b
050.md	143	KR1d0051_WYG_045-10a
050.md	151	KR1d0051_WYG_045-10b
050.md	159	KR1d0051_WYG_045-11a
050.md	167	KR1d0051_WYG_045-11b
050.md	175	KR1d0051_WYG_045-12a
050.md	183	KR1d0051_WYG_045-12b
050.md	191	KR1d0051_WYG_045-13a
050.md	199	KR1d0051_WYG_045-13b
050.md	207	KR1d0051_WYG_045-14a
050.md	215	KR1d0051_WYG_045-14b
050.md	223	KR1d0051_WYG_045-15a
050.md	231	KR1d0051_WYG_045-15b
050.md	239	KR1d0051_WYG_045-16a
050.md	247	KR1d0051_WYG_045-16b
050.md	255	KR1d0051_WYG_045-17a
050.md	263	KR1d0051_WYG_045-17b
050.md	271	KR1d0051_WYG_045-18a
050.md	279	KR1d0051_WYG_045-18b
050.md	287	KR1d0051_WYG_045-19a
050.md	295	KR1d0051_WYG_045-19b
050.md	303	KR1d0051_WYG_045-20a
050.md	311	KR1d0051_WYG_045-20b
050.md	319	KR1d0051_WYG_045-21a
050.md	323	KR1d0051_WYG_045-22a
050.md	324	KR1d0051_WYG_045-23a
050.md	332	KR1d0051_WYG_045-23b
050.md	340	KR1d0051_WYG_045-24a
050.md	348	KR1d0051_WYG_045-24b
050.md	356	KR1d0051_WYG_045-25a
050.md	364	KR1d0051_WYG_045-25b
050.md	372	KR1d0051_WYG_045-26a
050.md	380	KR1d0051_WYG_045-26b
050.md	388	KR1d0051_WYG_045-27a
050.md	396	KR1d0051_WYG_045-27b
050.md	404	KR1d0051_WYG_045-28a
050.md	412	KR1d0051_WYG_045-28b
050.md	416	KR1d0051_WYG_045-29a
050.md	424	KR1d0051_WYG_045-29b
050.md	432	KR1d0051_WYG_045-30a
050.md	440	KR1d0051_WYG_045-30b
050.md	448	KR1d0051_WYG_045-31a
050.md	456	KR1d0051_WYG_045-31b
050.md	464	KR1d0051_WYG_045-32a
050.md	467	KR1d0051_WYG_045-33a
050.md	475	KR1d0051_WYG_045-33b
050.md	483	KR1d0051_WYG_045-34a
050.md	491	KR1d0051_WYG_045-34b
050.md	492	KR1d0051_WYG_045-35a
050.md	500	KR1d0051_WYG_045-35b
050.md	508	KR1d0051_WYG_045-36a
050.md	516	KR1d0051_WYG_045-36b
050.md	524	KR1d0051_WYG_045-37a
050.md	532	KR1d0051_WYG_045-38a
050.md	540	KR1d0051_WYG_045-38b
050.md	548	KR1d0051_WYG_045-39a
050.md	556	KR1d0051_WYG_045-39b
050.md	564	KR1d0051_WYG_045-40a
050.md	572	KR1d0051_WYG_045-40b
050.md	580	KR1d0051_WYG_045-41a
050.md	588	KR1d0051_WYG_045-41b
050.md	596	KR1d0051_WYG_045-42a
050.md	604	KR1d0051_WYG_045-42b
050.md	612	KR1d0051_WYG_045-43a
050.md	620	KR1d0051_WYG_045-43b
050.md	628	KR1d0051_WYG_045-44a
050.md	633	KR1d0051_WYG_045-45a
050.md	641	KR1d0051_WYG_045-45b
050.md	650	KR1d0051_WYG_045-46a
050.md	658	KR1d0051_WYG_045-46b
050.md	666	KR1d0051_WYG_045-47a
050.md	674	KR1d0051_WYG_045-47b
050.md	682	KR1d0051_WYG_045-48a
050.md	690	KR1d0051_WYG_045-48b
050.md	698	KR1d0051_WYG_045-49a
050.md	706	KR1d0051_WYG_045-49b
050.md	714	KR1d0051_WYG_045-50a
050.md	722	KR1d0051_WYG_045-50b
050.md	730	KR1d0051_WYG_045-51a
050.md	738	KR1d0051_WYG_045-51b
051.md	3	KR1d0051_WYG_046-1a
051.md	11	KR1d0051_WYG_046-1b
051.md	19	KR1d0051_WYG_046-2a
051.md	27	KR1d0051_WYG_046-2b
051.md	35	KR1d0051_WYG_046-3a
051.md	43	KR1d0051_WYG_046-3b
051.md	51	KR1d0051_WYG_046-4a
051.md	59	KR1d0051_WYG_046-4b
051.md	67	KR1d0051_WYG_046-5a
051.md	75	KR1d0051_WYG_046-5b
051.md	83	KR1d0051_WYG_046-6a
051.md	91	KR1d0051_WYG_046-6b
051.md	99	KR1d0051_WYG_046-7a
051.md	107	KR1d0051_WYG_046-7b
051.md	115	KR1d0051_WYG_046-8a
051.md	123	KR1d0051_WYG_046-8b
051.md	131	KR1d0051_WYG_046-9a
051.md	139	KR1d0051_WYG_046-9b
051.md	147	KR1d0051_WYG_046-10a
051.md	155	KR1d0051_WYG_046-10b
051.md	163	KR1d0051_WYG_046-11a
051.md	171	KR1d0051_WYG_046-11b
051.md	179	KR1d0051_WYG_046-12a
051.md	187	KR1d0051_WYG_046-12b
051.md	195	KR1d0051_WYG_046-13a
051.md	203	KR1d0051_WYG_046-13b
051.md	211	KR1d0051_WYG_046-14a
051.md	219	KR1d0051_WYG_046-14b
051.md	227	KR1d0051_WYG_046-15a
051.md	235	KR1d0051_WYG_046-15b
051.md	243	KR1d0051_WYG_046-16a
051.md	251	KR1d0051_WYG_046-16b
051.md	259	KR1d0051_WYG_046-17a
051.md	267	KR1d0051_WYG_046-17b
051.md	275	KR1d0051_WYG_046-18a
051.md	283	KR1d0051_WYG_046-18b
051.md	291	KR1d0051_WYG_046-19a
051.md	299	KR1d0051_WYG_046-19b
051.md	307	KR1d0051_WYG_046-20a
051.md	315	KR1d0051_WYG_046-20b
051.md	323	KR1d0051_WYG_046-21a
051.md	331	KR1d0051_WYG_046-21b
051.md	339	KR1d0051_WYG_046-22a
051.md	347	KR1d0051_WYG_046-22b
051.md	355	KR1d0051_WYG_046-23a
051.md	363	KR1d0051_WYG_046-23b
051.md	371	KR1d0051_WYG_046-24a
051.md	379	KR1d0051_WYG_046-24b
051.md	387	KR1d0051_WYG_046-25a
051.md	395	KR1d0051_WYG_046-25b
051.md	403	KR1d0051_WYG_046-26a
051.md	411	KR1d0051_WYG_046-26b
051.md	419	KR1d0051_WYG_046-27a
051.md	427	KR1d0051_WYG_046-27b
051.md	435	KR1d0051_WYG_046-28a
051.md	443	KR1d0051_WYG_046-28b
052.md	3	KR1d0051_WYG_047-1a
052.md	11	KR1d0051_WYG_047-1b
052.md	19	KR1d0051_WYG_047-2a
052.md	27	KR1d0051_WYG_047-2b
052.md	35	KR1d0051_WYG_047-3a
052.md	43	KR1d0051_WYG_047-3b
052.md	51	KR1d0051_WYG_047-4a
052.md	59	KR1d0051_WYG_047-4b
052.md	67	KR1d0051_WYG_047-5a
052.md	75	KR1d0051_WYG_047-5b
052.md	83	KR1d0051_WYG_047-6a
052.md	91	KR1d0051_WYG_047-6b
052.md	99	KR1d0051_WYG_047-7a
052.md	107	KR1d0051_WYG_047-7b
052.md	115	KR1d0051_WYG_047-8a
052.md	123	KR1d0051_WYG_047-8b
052.md	131	KR1d0051_WYG_047-9a
052.md	139	KR1d0051_WYG_047-9b
052.md	147	KR1d0051_WYG_047-10a
052.md	155	KR1d0051_WYG_047-10b
052.md	163	KR1d0051_WYG_047-11a
052.md	171	KR1d0051_WYG_047-11b
052.md	179	KR1d0051_WYG_047-12a
052.md	187	KR1d0051_WYG_047-12b
052.md	195	KR1d0051_WYG_047-13a
052.md	203	KR1d0051_WYG_047-13b
052.md	211	KR1d0051_WYG_047-14a
052.md	219	KR1d0051_WYG_047-14b
052.md	227	KR1d0051_WYG_047-15a
052.md	235	KR1d0051_WYG_047-15b
052.md	243	KR1d0051_WYG_047-16a
052.md	251	KR1d0051_WYG_047-16b
052.md	259	KR1d0051_WYG_047-17a
052.md	267	KR1d0051_WYG_047-17b
052.md	275	KR1d0051_WYG_047-18a
052.md	283	KR1d0051_WYG_047-18b
052.md	291	KR1d0051_WYG_047-19a
052.md	299	KR1d0051_WYG_047-19b
052.md	307	KR1d0051_WYG_047-20a
052.md	315	KR1d0051_WYG_047-20b
052.md	323	KR1d0051_WYG_047-21a
052.md	331	KR1d0051_WYG_047-21b
052.md	339	KR1d0051_WYG_047-22a
052.md	347	KR1d0051_WYG_047-22b
052.md	355	KR1d0051_WYG_047-23a
052.md	363	KR1d0051_WYG_047-23b
052.md	371	KR1d0051_WYG_047-24a
052.md	379	KR1d0051_WYG_047-24b
052.md	387	KR1d0051_WYG_047-25a
052.md	395	KR1d0051_WYG_047-25b
052.md	403	KR1d0051_WYG_047-26a
052.md	411	KR1d0051_WYG_047-26b
052.md	419	KR1d0051_WYG_047-27a
052.md	427	KR1d0051_WYG_047-27b
052.md	435	KR1d0051_WYG_047-28a
052.md	443	KR1d0051_WYG_047-28b
052.md	451	KR1d0051_WYG_047-29a
052.md	459	KR1d0051_WYG_047-29b
052.md	467	KR1d0051_WYG_047-30a
052.md	475	KR1d0051_WYG_047-30b
052.md	483	KR1d0051_WYG_047-31a
052.md	491	KR1d0051_WYG_047-31b
052.md	499	KR1d0051_WYG_047-32a
052.md	507	KR1d0051_WYG_047-32b
052.md	515	KR1d0051_WYG_047-33a
052.md	523	KR1d0051_WYG_047-33b
052.md	531	KR1d0051_WYG_047-34a
052.md	539	KR1d0051_WYG_047-34b
052.md	547	KR1d0051_WYG_047-35a
052.md	555	KR1d0051_WYG_047-35b
053.md	3	KR1d0051_WYG_048-1a
053.md	11	KR1d0051_WYG_048-1b
053.md	19	KR1d0051_WYG_048-2a
053.md	27	KR1d0051_WYG_048-2b
053.md	35	KR1d0051_WYG_048-3a
053.md	43	KR1d0051_WYG_048-3b
053.md	51	KR1d0051_WYG_048-4a
053.md	59	KR1d0051_WYG_048-4b
053.md	67	KR1d0051_WYG_048-5a
053.md	75	KR1d0051_WYG_048-5b
053.md	83	KR1d0051_WYG_048-6a
053.md	85	KR1d0051_WYG_048-7a
053.md	86	KR1d0051_WYG_048-8a
053.md	94	KR1d0051_WYG_048-8b
053.md	102	KR1d0051_WYG_048-9a
053.md	110	KR1d0051_WYG_048-9b
053.md	118	KR1d0051_WYG_048-10a
053.md	126	KR1d0051_WYG_048-10b
053.md	134	KR1d0051_WYG_048-11a
053.md	142	KR1d0051_WYG_048-11b
053.md	150	KR1d0051_WYG_048-12a
053.md	158	KR1d0051_WYG_048-12b
053.md	166	KR1d0051_WYG_048-13a
053.md	174	KR1d0051_WYG_048-13b
053.md	182	KR1d0051_WYG_048-14a
053.md	190	KR1d0051_WYG_048-14b
053.md	198	KR1d0051_WYG_048-15a
053.md	206	KR1d0051_WYG_048-15b
053.md	214	KR1d0051_WYG_048-16a
053.md	222	KR1d0051_WYG_048-16b
053.md	230	KR1d0051_WYG_048-17a
053.md	238	KR1d0051_WYG_048-17b
053.md	246	KR1d0051_WYG_048-18a
053.md	254	KR1d0051_WYG_048-18b
053.md	258	KR1d0051_WYG_048-19a
053.md	266	KR1d0051_WYG_048-19b
053.md	274	KR1d0051_WYG_048-20a
053.md	282	KR1d0051_WYG_048-20b
053.md	290	KR1d0051_WYG_048-21a
053.md	291	KR1d0051_WYG_048-22a
053.md	299	KR1d0051_WYG_048-22b
053.md	307	KR1d0051_WYG_048-23a
053.md	315	KR1d0051_WYG_048-23b
053.md	323	KR1d0051_WYG_048-24a
053.md	331	KR1d0051_WYG_048-24b
053.md	339	KR1d0051_WYG_048-25a
053.md	347	KR1d0051_WYG_048-25b
053.md	355	KR1d0051_WYG_048-26a
053.md	363	KR1d0051_WYG_048-26b
053.md	371	KR1d0051_WYG_048-27a
053.md	379	KR1d0051_WYG_048-27b
053.md	387	KR1d0051_WYG_048-28a
053.md	393	KR1d0051_WYG_048-29a
053.md	401	KR1d0051_WYG_048-29b
053.md	409	KR1d0051_WYG_048-30a
053.md	417	KR1d0051_WYG_048-30b
053.md	425	KR1d0051_WYG_048-31a
053.md	433	KR1d0051_WYG_048-31b
053.md	441	KR1d0051_WYG_048-32a
053.md	449	KR1d0051_WYG_048-32b
053.md	457	KR1d0051_WYG_048-33a
053.md	465	KR1d0051_WYG_048-33b
053.md	473	KR1d0051_WYG_048-34a
053.md	481	KR1d0051_WYG_048-34b
053.md	489	KR1d0051_WYG_048-35a
053.md	497	KR1d0051_WYG_048-35b
053.md	505	KR1d0051_WYG_048-36a
053.md	511	KR1d0051_WYG_048-37a
053.md	519	KR1d0051_WYG_048-37b
053.md	527	KR1d0051_WYG_048-38a
053.md	534	KR1d0051_WYG_048-39a
053.md	542	KR1d0051_WYG_048-39b
053.md	550	KR1d0051_WYG_048-40a
053.md	556	KR1d0051_WYG_048-41a
053.md	564	KR1d0051_WYG_048-41b
053.md	572	KR1d0051_WYG_048-42a
053.md	580	KR1d0051_WYG_048-42b
053.md	582	KR1d0051_WYG_048-43a
053.md	590	KR1d0051_WYG_048-43b
053.md	598	KR1d0051_WYG_048-44a
053.md	606	KR1d0051_WYG_048-44b
053.md	614	KR1d0051_WYG_048-45a
053.md	615	KR1d0051_WYG_048-46a
053.md	623	KR1d0051_WYG_048-46b
053.md	631	KR1d0051_WYG_048-47a
053.md	639	KR1d0051_WYG_048-47b
053.md	647	KR1d0051_WYG_048-48a
053.md	655	KR1d0051_WYG_048-48b
053.md	663	KR1d0051_WYG_048-49a
053.md	671	KR1d0051_WYG_048-49b
053.md	679	KR1d0051_WYG_048-50a
053.md	687	KR1d0051_WYG_048-50b
053.md	695	KR1d0051_WYG_048-51a
053.md	703	KR1d0051_WYG_048-51b
053.md	711	KR1d0051_WYG_048-52a
053.md	719	KR1d0051_WYG_048-52b
053.md	727	KR1d0051_WYG_048-53a
053.md	735	KR1d0051_WYG_048-53b
053.md	743	KR1d0051_WYG_048-54a
053.md	751	KR1d0051_WYG_048-54b
053.md	759	KR1d0051_WYG_048-55a
053.md	767	KR1d0051_WYG_048-55b
053.md	775	KR1d0051_WYG_048-56a
053.md	783	KR1d0051_WYG_048-56b
053.md	791	KR1d0051_WYG_048-57a
053.md	799	KR1d0051_WYG_048-57b
053.md	807	KR1d0051_WYG_048-58a
053.md	815	KR1d0051_WYG_048-58b
053.md	823	KR1d0051_WYG_048-59a
053.md	831	KR1d0051_WYG_048-59b
053.md	839	KR1d0051_WYG_048-60a
053.md	847	KR1d0051_WYG_048-60b
053.md	855	KR1d0051_WYG_048-61a
053.md	863	KR1d0051_WYG_048-61b
053.md	871	KR1d0051_WYG_048-62a
053.md	879	KR1d0051_WYG_048-62b
054.md	3	KR1d0051_WYG_049-1a
054.md	11	KR1d0051_WYG_049-1b
054.md	19	KR1d0051_WYG_049-2a
054.md	27	KR1d0051_WYG_049-2b
054.md	35	KR1d0051_WYG_049-3a
054.md	43	KR1d0051_WYG_049-3b
054.md	51	KR1d0051_WYG_049-4a
054.md	59	KR1d0051_WYG_049-4b
054.md	67	KR1d0051_WYG_049-5a
054.md	75	KR1d0051_WYG_049-5b
054.md	83	KR1d0051_WYG_049-6a
054.md	91	KR1d0051_WYG_049-6b
054.md	99	KR1d0051_WYG_049-7a
054.md	107	KR1d0051_WYG_049-7b
054.md	109	KR1d0051_WYG_049-8a
054.md	117	KR1d0051_WYG_049-8b
054.md	126	KR1d0051_WYG_049-9a
054.md	134	KR1d0051_WYG_049-9b
054.md	142	KR1d0051_WYG_049-10a
054.md	150	KR1d0051_WYG_049-10b
054.md	158	KR1d0051_WYG_049-11a
054.md	166	KR1d0051_WYG_049-11b
054.md	174	KR1d0051_WYG_049-12a
054.md	182	KR1d0051_WYG_049-12b
054.md	190	KR1d0051_WYG_049-13a
054.md	198	KR1d0051_WYG_049-13b
054.md	206	KR1d0051_WYG_049-14a
054.md	214	KR1d0051_WYG_049-14b
054.md	222	KR1d0051_WYG_049-15a
054.md	230	KR1d0051_WYG_049-15b
054.md	238	KR1d0051_WYG_049-16a
054.md	246	KR1d0051_WYG_049-16b
054.md	254	KR1d0051_WYG_049-17a
054.md	262	KR1d0051_WYG_049-17b
054.md	270	KR1d0051_WYG_049-18a
054.md	278	KR1d0051_WYG_049-18b
054.md	286	KR1d0051_WYG_049-19a
054.md	294	KR1d0051_WYG_049-19b
054.md	302	KR1d0051_WYG_049-20a
054.md	310	KR1d0051_WYG_049-20b
054.md	318	KR1d0051_WYG_049-21a
054.md	326	KR1d0051_WYG_049-21b
054.md	334	KR1d0051_WYG_049-22a
054.md	342	KR1d0051_WYG_049-22b
054.md	350	KR1d0051_WYG_049-23a
054.md	358	KR1d0051_WYG_049-23b
054.md	366	KR1d0051_WYG_049-24a
054.md	374	KR1d0051_WYG_049-24b
054.md	382	KR1d0051_WYG_049-25a
054.md	390	KR1d0051_WYG_049-25b
054.md	398	KR1d0051_WYG_049-26a
054.md	406	KR1d0051_WYG_049-26b
054.md	414	KR1d0051_WYG_049-27a
054.md	422	KR1d0051_WYG_049-27b
054.md	430	KR1d0051_WYG_049-28a
054.md	438	KR1d0051_WYG_049-28b
054.md	446	KR1d0051_WYG_049-29a
054.md	454	KR1d0051_WYG_049-29b
054.md	462	KR1d0051_WYG_049-30a
054.md	470	KR1d0051_WYG_049-30b
054.md	478	KR1d0051_WYG_049-31a
054.md	486	KR1d0051_WYG_049-31b
054.md	494	KR1d0051_WYG_049-32a
054.md	502	KR1d0051_WYG_049-32b
054.md	510	KR1d0051_WYG_049-33a
054.md	518	KR1d0051_WYG_049-33b
054.md	526	KR1d0051_WYG_049-34a
054.md	534	KR1d0051_WYG_049-34b
054.md	542	KR1d0051_WYG_049-35a
054.md	550	KR1d0051_WYG_049-35b
054.md	558	KR1d0051_WYG_049-36a
054.md	566	KR1d0051_WYG_049-36b
054.md	574	KR1d0051_WYG_049-37a
054.md	582	KR1d0051_WYG_049-37b
054.md	590	KR1d0051_WYG_049-38a
054.md	598	KR1d0051_WYG_049-38b
054.md	606	KR1d0051_WYG_049-39a
054.md	614	KR1d0051_WYG_049-39b
054.md	622	KR1d0051_WYG_049-40a
054.md	630	KR1d0051_WYG_049-40b
054.md	638	KR1d0051_WYG_049-41a
054.md	646	KR1d0051_WYG_049-41b
054.md	654	KR1d0051_WYG_049-42a
054.md	662	KR1d0051_WYG_049-42b
054.md	670	KR1d0051_WYG_049-43a
054.md	678	KR1d0051_WYG_049-43b
054.md	686	KR1d0051_WYG_049-44a
054.md	694	KR1d0051_WYG_049-44b
054.md	702	KR1d0051_WYG_049-45a
054.md	710	KR1d0051_WYG_049-45b
054.md	718	KR1d0051_WYG_049-46a
054.md	726	KR1d0051_WYG_049-46b
054.md	734	KR1d0051_WYG_049-47a
054.md	742	KR1d0051_WYG_049-47b
054.md	750	KR1d0051_WYG_049-48a
054.md	758	KR1d0051_WYG_049-48b
054.md	766	KR1d0051_WYG_049-49a
054.md	774	KR1d0051_WYG_049-49b
054.md	782	KR1d0051_WYG_049-50a
054.md	790	KR1d0051_WYG_049-50b
054.md	798	KR1d0051_WYG_049-51a
054.md	806	KR1d0051_WYG_049-51b
054.md	814	KR1d0051_WYG_049-52a
054.md	822	KR1d0051_WYG_049-52b
054.md	830	KR1d0051_WYG_049-53a
054.md	838	KR1d0051_WYG_049-53b
054.md	846	KR1d0051_WYG_049-54a
054.md	854	KR1d0051_WYG_049-54b
055.md	3	KR1d0051_WYG_050-1a
055.md	11	KR1d0051_WYG_050-1b
055.md	19	KR1d0051_WYG_050-2a
055.md	27	KR1d0051_WYG_050-2b
055.md	35	KR1d0051_WYG_050-3a
055.md	43	KR1d0051_WYG_050-3b
055.md	51	KR1d0051_WYG_050-4a
055.md	59	KR1d0051_WYG_050-4b
055.md	67	KR1d0051_WYG_050-5a
055.md	75	KR1d0051_WYG_050-5b
055.md	83	KR1d0051_WYG_050-6a
055.md	91	KR1d0051_WYG_050-6b
055.md	99	KR1d0051_WYG_050-7a
055.md	107	KR1d0051_WYG_050-7b
055.md	115	KR1d0051_WYG_050-8a
055.md	123	KR1d0051_WYG_050-8b
055.md	131	KR1d0051_WYG_050-9a
055.md	139	KR1d0051_WYG_050-9b
055.md	147	KR1d0051_WYG_050-10a
055.md	155	KR1d0051_WYG_050-10b
055.md	163	KR1d0051_WYG_050-11a
055.md	171	KR1d0051_WYG_050-11b
055.md	179	KR1d0051_WYG_050-12a
055.md	187	KR1d0051_WYG_050-12b
055.md	195	KR1d0051_WYG_050-13a
055.md	203	KR1d0051_WYG_050-13b
055.md	211	KR1d0051_WYG_050-14a
055.md	219	KR1d0051_WYG_050-14b
055.md	227	KR1d0051_WYG_050-15a
055.md	235	KR1d0051_WYG_050-15b
055.md	243	KR1d0051_WYG_050-16a
055.md	251	KR1d0051_WYG_050-16b
055.md	259	KR1d0051_WYG_050-17a
055.md	267	KR1d0051_WYG_050-17b
055.md	275	KR1d0051_WYG_050-18a
055.md	283	KR1d0051_WYG_050-18b
055.md	291	KR1d0051_WYG_050-19a
055.md	299	KR1d0051_WYG_050-19b
055.md	307	KR1d0051_WYG_050-20a
055.md	315	KR1d0051_WYG_050-20b
055.md	323	KR1d0051_WYG_050-21a
055.md	331	KR1d0051_WYG_050-21b
055.md	339	KR1d0051_WYG_050-22a
055.md	347	KR1d0051_WYG_050-22b
055.md	355	KR1d0051_WYG_050-23a
055.md	363	KR1d0051_WYG_050-23b
055.md	371	KR1d0051_WYG_050-24a
055.md	379	KR1d0051_WYG_050-24b
055.md	387	KR1d0051_WYG_050-25a
055.md	395	KR1d0051_WYG_050-25b
055.md	403	KR1d0051_WYG_050-26a
055.md	411	KR1d0051_WYG_050-26b
055.md	419	KR1d0051_WYG_050-27a
055.md	427	KR1d0051_WYG_050-27b
055.md	435	KR1d0051_WYG_050-28a
055.md	443	KR1d0051_WYG_050-28b
055.md	451	KR1d0051_WYG_050-29a
055.md	459	KR1d0051_WYG_050-29b
055.md	467	KR1d0051_WYG_050-30a
055.md	475	KR1d0051_WYG_050-30b
055.md	483	KR1d0051_WYG_050-31a
055.md	491	KR1d0051_WYG_050-31b
055.md	499	KR1d0051_WYG_050-32a
055.md	507	KR1d0051_WYG_050-32b
055.md	515	KR1d0051_WYG_050-33a
055.md	523	KR1d0051_WYG_050-33b
056.md	3	KR1d0051_WYG_051-1a
056.md	11	KR1d0051_WYG_051-1b
056.md	19	KR1d0051_WYG_051-2a
056.md	27	KR1d0051_WYG_051-2b
056.md	35	KR1d0051_WYG_051-3a
056.md	43	KR1d0051_WYG_051-3b
056.md	51	KR1d0051_WYG_051-4a
056.md	59	KR1d0051_WYG_051-4b
056.md	67	KR1d0051_WYG_051-5a
056.md	75	KR1d0051_WYG_051-5b
056.md	83	KR1d0051_WYG_051-6a
056.md	91	KR1d0051_WYG_051-6b
056.md	99	KR1d0051_WYG_051-7a
056.md	107	KR1d0051_WYG_051-7b
056.md	115	KR1d0051_WYG_051-8a
056.md	123	KR1d0051_WYG_051-8b
056.md	131	KR1d0051_WYG_051-9a
056.md	139	KR1d0051_WYG_051-9b
056.md	147	KR1d0051_WYG_051-10a
056.md	155	KR1d0051_WYG_051-10b
056.md	163	KR1d0051_WYG_051-11a
056.md	171	KR1d0051_WYG_051-11b
056.md	179	KR1d0051_WYG_051-12a
056.md	187	KR1d0051_WYG_051-12b
056.md	195	KR1d0051_WYG_051-13a
056.md	203	KR1d0051_WYG_051-13b
056.md	211	KR1d0051_WYG_051-14a
056.md	219	KR1d0051_WYG_051-14b
056.md	227	KR1d0051_WYG_051-15a
056.md	235	KR1d0051_WYG_051-15b
056.md	243	KR1d0051_WYG_051-16a
056.md	251	KR1d0051_WYG_051-16b
056.md	259	KR1d0051_WYG_051-17a
056.md	267	KR1d0051_WYG_051-17b
056.md	275	KR1d0051_WYG_051-18a
056.md	283	KR1d0051_WYG_051-18b
056.md	291	KR1d0051_WYG_051-19a
056.md	299	KR1d0051_WYG_051-19b
056.md	307	KR1d0051_WYG_051-20a
056.md	315	KR1d0051_WYG_051-20b
056.md	323	KR1d0051_WYG_051-21a
056.md	331	KR1d0051_WYG_051-21b
056.md	339	KR1d0051_WYG_051-22a
056.md	347	KR1d0051_WYG_051-22b
056.md	355	KR1d0051_WYG_051-23a
056.md	363	KR1d0051_WYG_051-23b
056.md	371	KR1d0051_WYG_051-24a
056.md	379	KR1d0051_WYG_051-24b
056.md	387	KR1d0051_WYG_051-25a
056.md	395	KR1d0051_WYG_051-25b
056.md	403	KR1d0051_WYG_051-26a
056.md	411	KR1d0051_WYG_051-26b
056.md	419	KR1d0051_WYG_051-27a
056.md	427	KR1d0051_WYG_051-27b
056.md	435	KR1d0051_WYG_051-28a
056.md	443	KR1d0051_WYG_051-28b
056.md	451	KR1d0051_WYG_051-29a
056.md	459	KR1d0051_WYG_051-29b
056.md	467	KR1d0051_WYG_051-30a
056.md	475	KR1d0051_WYG_051-30b
056.md	483	KR1d0051_WYG_051-31a
056.md	491	KR1d0051_WYG_051-31b
056.md	499	KR1d0051_WYG_051-32a
056.md	507	KR1d0051_WYG_051-32b
056.md	515	KR1d0051_WYG_051-33a
056.md	523	KR1d0051_WYG_051-33b
056.md	531	KR1d0051_WYG_051-34a
056.md	539	KR1d0051_WYG_051-34b
056.md	547	KR1d0051_WYG_051-35a
056.md	555	KR1d0051_WYG_051-35b
056.md	563	KR1d0051_WYG_051-36a
056.md	571	KR1d0051_WYG_051-36b
056.md	579	KR1d0051_WYG_051-37a
056.md	587	KR1d0051_WYG_051-37b
056.md	595	KR1d0051_WYG_051-38a
056.md	603	KR1d0051_WYG_051-38b
056.md	611	KR1d0051_WYG_051-39a
056.md	619	KR1d0051_WYG_051-39b
056.md	627	KR1d0051_WYG_051-40a
056.md	635	KR1d0051_WYG_051-40b
056.md	643	KR1d0051_WYG_051-41a
056.md	651	KR1d0051_WYG_051-41b
056.md	659	KR1d0051_WYG_051-42a
056.md	667	KR1d0051_WYG_051-42b
056.md	675	KR1d0051_WYG_051-43a
056.md	683	KR1d0051_WYG_051-43b
056.md	691	KR1d0051_WYG_051-44a
056.md	699	KR1d0051_WYG_051-44b
056.md	707	KR1d0051_WYG_051-45a
056.md	715	KR1d0051_WYG_051-45b
056.md	723	KR1d0051_WYG_051-46a
056.md	731	KR1d0051_WYG_051-46b
056.md	739	KR1d0051_WYG_051-47a
056.md	747	KR1d0051_WYG_051-47b
056.md	755	KR1d0051_WYG_051-48a
056.md	763	KR1d0051_WYG_051-48b
056.md	771	KR1d0051_WYG_051-49a
056.md	779	KR1d0051_WYG_051-49b
057.md	3	KR1d0051_WYG_052-1a
057.md	11	KR1d0051_WYG_052-1b
057.md	19	KR1d0051_WYG_052-2a
057.md	27	KR1d0051_WYG_052-2b
057.md	35	KR1d0051_WYG_052-3a
057.md	43	KR1d0051_WYG_052-3b
057.md	51	KR1d0051_WYG_052-4a
057.md	59	KR1d0051_WYG_052-4b
057.md	67	KR1d0051_WYG_052-5a
057.md	75	KR1d0051_WYG_052-5b
057.md	83	KR1d0051_WYG_052-6a
057.md	91	KR1d0051_WYG_052-6b
057.md	99	KR1d0051_WYG_052-7a
057.md	107	KR1d0051_WYG_052-7b
057.md	115	KR1d0051_WYG_052-8a
057.md	123	KR1d0051_WYG_052-8b
057.md	131	KR1d0051_WYG_052-9a
057.md	139	KR1d0051_WYG_052-9b
057.md	147	KR1d0051_WYG_052-10a
057.md	155	KR1d0051_WYG_052-10b
057.md	163	KR1d0051_WYG_052-11a
057.md	171	KR1d0051_WYG_052-11b
057.md	179	KR1d0051_WYG_052-12a
057.md	187	KR1d0051_WYG_052-12b
057.md	195	KR1d0051_WYG_052-13a
057.md	203	KR1d0051_WYG_052-13b
057.md	211	KR1d0051_WYG_052-14a
057.md	219	KR1d0051_WYG_052-14b
057.md	227	KR1d0051_WYG_052-15a
057.md	235	KR1d0051_WYG_052-15b
057.md	243	KR1d0051_WYG_052-16a
057.md	251	KR1d0051_WYG_052-16b
057.md	259	KR1d0051_WYG_052-17a
057.md	267	KR1d0051_WYG_052-17b
057.md	275	KR1d0051_WYG_052-18a
057.md	283	KR1d0051_WYG_052-18b
057.md	291	KR1d0051_WYG_052-19a
057.md	299	KR1d0051_WYG_052-19b
057.md	307	KR1d0051_WYG_052-20a
057.md	315	KR1d0051_WYG_052-20b
057.md	323	KR1d0051_WYG_052-21a
057.md	331	KR1d0051_WYG_052-21b
057.md	339	KR1d0051_WYG_052-22a
057.md	347	KR1d0051_WYG_052-22b
057.md	355	KR1d0051_WYG_052-23a
057.md	363	KR1d0051_WYG_052-23b
057.md	371	KR1d0051_WYG_052-24a
057.md	379	KR1d0051_WYG_052-24b
057.md	387	KR1d0051_WYG_052-25a
057.md	395	KR1d0051_WYG_052-25b
057.md	403	KR1d0051_WYG_052-26a
057.md	411	KR1d0051_WYG_052-26b
057.md	419	KR1d0051_WYG_052-27a
057.md	427	KR1d0051_WYG_052-27b
057.md	435	KR1d0051_WYG_052-28a
057.md	443	KR1d0051_WYG_052-28b
057.md	451	KR1d0051_WYG_052-29a
057.md	459	KR1d0051_WYG_052-29b
057.md	467	KR1d0051_WYG_052-30a
057.md	475	KR1d0051_WYG_052-30b
057.md	483	KR1d0051_WYG_052-31a
057.md	491	KR1d0051_WYG_052-31b
057.md	499	KR1d0051_WYG_052-32a
057.md	507	KR1d0051_WYG_052-32b
057.md	515	KR1d0051_WYG_052-33a
057.md	523	KR1d0051_WYG_052-33b
057.md	531	KR1d0051_WYG_052-34a
057.md	539	KR1d0051_WYG_052-34b
057.md	547	KR1d0051_WYG_052-35a
057.md	555	KR1d0051_WYG_052-35b
057.md	563	KR1d0051_WYG_052-36a
057.md	571	KR1d0051_WYG_052-36b
057.md	579	KR1d0051_WYG_052-37a
057.md	587	KR1d0051_WYG_052-37b
057.md	595	KR1d0051_WYG_052-38a
057.md	603	KR1d0051_WYG_052-38b
057.md	611	KR1d0051_WYG_052-39a
057.md	619	KR1d0051_WYG_052-39b
057.md	627	KR1d0051_WYG_052-40a
057.md	635	KR1d0051_WYG_052-40b
057.md	643	KR1d0051_WYG_052-41a
057.md	651	KR1d0051_WYG_052-41b
058.md	3	KR1d0051_WYG_053-1a
058.md	11	KR1d0051_WYG_053-1b
058.md	19	KR1d0051_WYG_053-2a
058.md	27	KR1d0051_WYG_053-2b
058.md	35	KR1d0051_WYG_053-3a
058.md	43	KR1d0051_WYG_053-3b
058.md	51	KR1d0051_WYG_053-4a
058.md	59	KR1d0051_WYG_053-4b
058.md	67	KR1d0051_WYG_053-5a
058.md	75	KR1d0051_WYG_053-5b
058.md	83	KR1d0051_WYG_053-6a
058.md	91	KR1d0051_WYG_053-6b
058.md	99	KR1d0051_WYG_053-7a
058.md	107	KR1d0051_WYG_053-7b
058.md	115	KR1d0051_WYG_053-8a
058.md	123	KR1d0051_WYG_053-8b
058.md	131	KR1d0051_WYG_053-9a
058.md	139	KR1d0051_WYG_053-9b
058.md	147	KR1d0051_WYG_053-10a
058.md	155	KR1d0051_WYG_053-10b
058.md	163	KR1d0051_WYG_053-11a
058.md	171	KR1d0051_WYG_053-11b
058.md	179	KR1d0051_WYG_053-12a
058.md	187	KR1d0051_WYG_053-12b
058.md	195	KR1d0051_WYG_053-13a
058.md	203	KR1d0051_WYG_053-13b
058.md	211	KR1d0051_WYG_053-14a
058.md	219	KR1d0051_WYG_053-14b
058.md	227	KR1d0051_WYG_053-15a
058.md	235	KR1d0051_WYG_053-15b
058.md	243	KR1d0051_WYG_053-16a
058.md	251	KR1d0051_WYG_053-16b
058.md	259	KR1d0051_WYG_053-17a
058.md	267	KR1d0051_WYG_053-17b
058.md	275	KR1d0051_WYG_053-18a
058.md	283	KR1d0051_WYG_053-18b
058.md	291	KR1d0051_WYG_053-19a
058.md	299	KR1d0051_WYG_053-19b
058.md	307	KR1d0051_WYG_053-20a
058.md	315	KR1d0051_WYG_053-20b
058.md	323	KR1d0051_WYG_053-21a
058.md	331	KR1d0051_WYG_053-21b
058.md	339	KR1d0051_WYG_053-22a
058.md	347	KR1d0051_WYG_053-22b
058.md	355	KR1d0051_WYG_053-23a
058.md	363	KR1d0051_WYG_053-23b
058.md	371	KR1d0051_WYG_053-24a
058.md	379	KR1d0051_WYG_053-24b
058.md	387	KR1d0051_WYG_053-25a
058.md	395	KR1d0051_WYG_053-25b
058.md	403	KR1d0051_WYG_053-26a
058.md	411	KR1d0051_WYG_053-26b
058.md	419	KR1d0051_WYG_053-27a
058.md	427	KR1d0051_WYG_053-27b
058.md	435	KR1d0051_WYG_053-28a
058.md	443	KR1d0051_WYG_053-28b
058.md	451	KR1d0051_WYG_053-29a
058.md	459	KR1d0051_WYG_053-29b
058.md	467	KR1d0051_WYG_053-30a
058.md	475	KR1d0051_WYG_053-30b
058.md	483	KR1d0051_WYG_053-31a
058.md	491	KR1d0051_WYG_053-31b
058.md	499	KR1d0051_WYG_053-32a
058.md	507	KR1d0051_WYG_053-32b
058.md	515	KR1d0051_WYG_053-33a
058.md	523	KR1d0051_WYG_053-33b
058.md	531	KR1d0051_WYG_053-34a
058.md	539	KR1d0051_WYG_053-34b
058.md	547	KR1d0051_WYG_053-35a
058.md	555	KR1d0051_WYG_053-35b
059.md	3	KR1d0051_WYG_054-1a
059.md	11	KR1d0051_WYG_054-1b
059.md	19	KR1d0051_WYG_054-2a
059.md	27	KR1d0051_WYG_054-2b
059.md	35	KR1d0051_WYG_054-3a
059.md	43	KR1d0051_WYG_054-3b
059.md	51	KR1d0051_WYG_054-4a
059.md	59	KR1d0051_WYG_054-4b
059.md	67	KR1d0051_WYG_054-5a
059.md	75	KR1d0051_WYG_054-5b
059.md	83	KR1d0051_WYG_054-6a
059.md	91	KR1d0051_WYG_054-6b
059.md	99	KR1d0051_WYG_054-7a
059.md	107	KR1d0051_WYG_054-7b
059.md	115	KR1d0051_WYG_054-8a
059.md	123	KR1d0051_WYG_054-8b
059.md	131	KR1d0051_WYG_054-9a
059.md	139	KR1d0051_WYG_054-9b
059.md	147	KR1d0051_WYG_054-10a
059.md	155	KR1d0051_WYG_054-10b
059.md	163	KR1d0051_WYG_054-11a
059.md	171	KR1d0051_WYG_054-11b
059.md	179	KR1d0051_WYG_054-12a
059.md	187	KR1d0051_WYG_054-12b
059.md	195	KR1d0051_WYG_054-13a
059.md	203	KR1d0051_WYG_054-13b
059.md	211	KR1d0051_WYG_054-14a
059.md	219	KR1d0051_WYG_054-14b
059.md	227	KR1d0051_WYG_054-15a
059.md	235	KR1d0051_WYG_054-15b
059.md	243	KR1d0051_WYG_054-16a
059.md	251	KR1d0051_WYG_054-16b
059.md	259	KR1d0051_WYG_054-17a
059.md	267	KR1d0051_WYG_054-17b
059.md	275	KR1d0051_WYG_054-18a
059.md	283	KR1d0051_WYG_054-18b
059.md	291	KR1d0051_WYG_054-19a
059.md	299	KR1d0051_WYG_054-19b
059.md	307	KR1d0051_WYG_054-20a
059.md	315	KR1d0051_WYG_054-20b
059.md	323	KR1d0051_WYG_054-21a
059.md	331	KR1d0051_WYG_054-21b
059.md	339	KR1d0051_WYG_054-22a
059.md	347	KR1d0051_WYG_054-22b
059.md	355	KR1d0051_WYG_054-23a
059.md	363	KR1d0051_WYG_054-23b
059.md	371	KR1d0051_WYG_054-24a
059.md	379	KR1d0051_WYG_054-24b
059.md	387	KR1d0051_WYG_054-25a
059.md	395	KR1d0051_WYG_054-25b
059.md	403	KR1d0051_WYG_054-26a
059.md	411	KR1d0051_WYG_054-26b
059.md	419	KR1d0051_WYG_054-27a
059.md	427	KR1d0051_WYG_054-27b
059.md	435	KR1d0051_WYG_054-28a
059.md	443	KR1d0051_WYG_054-28b
059.md	451	KR1d0051_WYG_054-29a
059.md	459	KR1d0051_WYG_054-29b
059.md	467	KR1d0051_WYG_054-30a
059.md	475	KR1d0051_WYG_054-30b
059.md	483	KR1d0051_WYG_054-31a
059.md	491	KR1d0051_WYG_054-31b
059.md	499	KR1d0051_WYG_054-32a
059.md	507	KR1d0051_WYG_054-32b
059.md	515	KR1d0051_WYG_054-33a
059.md	523	KR1d0051_WYG_054-33b
059.md	531	KR1d0051_WYG_054-34a
059.md	539	KR1d0051_WYG_054-34b
059.md	547	KR1d0051_WYG_054-35a
059.md	555	KR1d0051_WYG_054-35b
059.md	563	KR1d0051_WYG_054-36a
059.md	571	KR1d0051_WYG_054-36b
059.md	579	KR1d0051_WYG_054-37a
059.md	587	KR1d0051_WYG_054-37b
059.md	595	KR1d0051_WYG_054-38a
059.md	603	KR1d0051_WYG_054-38b
059.md	611	KR1d0051_WYG_054-39a
059.md	619	KR1d0051_WYG_054-39b
059.md	627	KR1d0051_WYG_054-40a
059.md	635	KR1d0051_WYG_054-40b
059.md	643	KR1d0051_WYG_054-41a
059.md	651	KR1d0051_WYG_054-41b
059.md	659	KR1d0051_WYG_054-42a
059.md	667	KR1d0051_WYG_054-42b
059.md	675	KR1d0051_WYG_054-43a
059.md	683	KR1d0051_WYG_054-43b
059.md	691	KR1d0051_WYG_054-44a
059.md	699	KR1d0051_WYG_054-44b
059.md	707	KR1d0051_WYG_054-45a
059.md	715	KR1d0051_WYG_054-45b
059.md	723	KR1d0051_WYG_054-46a
059.md	731	KR1d0051_WYG_054-46b
059.md	739	KR1d0051_WYG_054-47a
059.md	747	KR1d0051_WYG_054-47b
059.md	755	KR1d0051_WYG_054-48a
059.md	763	KR1d0051_WYG_054-48b
059.md	771	KR1d0051_WYG_054-49a
059.md	779	KR1d0051_WYG_054-49b
060.md	3	KR1d0051_WYG_055-1a
060.md	11	KR1d0051_WYG_055-1b
060.md	19	KR1d0051_WYG_055-2a
060.md	27	KR1d0051_WYG_055-2b
060.md	35	KR1d0051_WYG_055-3a
060.md	43	KR1d0051_WYG_055-3b
060.md	51	KR1d0051_WYG_055-4a
060.md	59	KR1d0051_WYG_055-4b
060.md	67	KR1d0051_WYG_055-5a
060.md	75	KR1d0051_WYG_055-5b
060.md	83	KR1d0051_WYG_055-6a
060.md	91	KR1d0051_WYG_055-6b
060.md	99	KR1d0051_WYG_055-7a
060.md	107	KR1d0051_WYG_055-7b
060.md	115	KR1d0051_WYG_055-8a
060.md	123	KR1d0051_WYG_055-8b
060.md	131	KR1d0051_WYG_055-9a
060.md	139	KR1d0051_WYG_055-9b
060.md	147	KR1d0051_WYG_055-10a
060.md	155	KR1d0051_WYG_055-10b
060.md	163	KR1d0051_WYG_055-11a
060.md	171	KR1d0051_WYG_055-11b
060.md	179	KR1d0051_WYG_055-12a
060.md	187	KR1d0051_WYG_055-12b
060.md	195	KR1d0051_WYG_055-13a
060.md	203	KR1d0051_WYG_055-13b
060.md	211	KR1d0051_WYG_055-14a
060.md	219	KR1d0051_WYG_055-14b
060.md	227	KR1d0051_WYG_055-15a
060.md	235	KR1d0051_WYG_055-15b
060.md	243	KR1d0051_WYG_055-16a
060.md	251	KR1d0051_WYG_055-16b
060.md	259	KR1d0051_WYG_055-17a
060.md	267	KR1d0051_WYG_055-17b
060.md	275	KR1d0051_WYG_055-18a
060.md	283	KR1d0051_WYG_055-18b
060.md	291	KR1d0051_WYG_055-19a
060.md	299	KR1d0051_WYG_055-19b
060.md	307	KR1d0051_WYG_055-20a
060.md	315	KR1d0051_WYG_055-20b
060.md	323	KR1d0051_WYG_055-21a
060.md	331	KR1d0051_WYG_055-21b
060.md	339	KR1d0051_WYG_055-22a
060.md	347	KR1d0051_WYG_055-22b
060.md	355	KR1d0051_WYG_055-23a
060.md	363	KR1d0051_WYG_055-23b
060.md	371	KR1d0051_WYG_055-24a
060.md	379	KR1d0051_WYG_055-24b
061.md	3	KR1d0051_WYG_056-1a
061.md	11	KR1d0051_WYG_056-1b
061.md	19	KR1d0051_WYG_056-2a
061.md	27	KR1d0051_WYG_056-2b
061.md	35	KR1d0051_WYG_056-3a
061.md	43	KR1d0051_WYG_056-3b
061.md	51	KR1d0051_WYG_056-4a
061.md	59	KR1d0051_WYG_056-4b
061.md	67	KR1d0051_WYG_056-5a
061.md	75	KR1d0051_WYG_056-5b
061.md	83	KR1d0051_WYG_056-6a
061.md	91	KR1d0051_WYG_056-6b
061.md	99	KR1d0051_WYG_056-7a
061.md	107	KR1d0051_WYG_056-7b
061.md	115	KR1d0051_WYG_056-8a
061.md	123	KR1d0051_WYG_056-8b
061.md	131	KR1d0051_WYG_056-9a
061.md	139	KR1d0051_WYG_056-9b
061.md	147	KR1d0051_WYG_056-10a
061.md	155	KR1d0051_WYG_056-10b
061.md	163	KR1d0051_WYG_056-11a
061.md	171	KR1d0051_WYG_056-11b
061.md	179	KR1d0051_WYG_056-12a
061.md	187	KR1d0051_WYG_056-12b
061.md	195	KR1d0051_WYG_056-13a
061.md	203	KR1d0051_WYG_056-13b
061.md	211	KR1d0051_WYG_056-14a
061.md	219	KR1d0051_WYG_056-14b
061.md	227	KR1d0051_WYG_056-15a
061.md	235	KR1d0051_WYG_056-15b
061.md	243	KR1d0051_WYG_056-16a
061.md	251	KR1d0051_WYG_056-16b
061.md	259	KR1d0051_WYG_056-17a
061.md	267	KR1d0051_WYG_056-17b
061.md	275	KR1d0051_WYG_056-18a
061.md	283	KR1d0051_WYG_056-18b
061.md	291	KR1d0051_WYG_056-19a
061.md	299	KR1d0051_WYG_056-19b
061.md	307	KR1d0051_WYG_056-20a
061.md	315	KR1d0051_WYG_056-20b
061.md	322	KR1d0051_WYG_056-21a
061.md	330	KR1d0051_WYG_056-21b
061.md	338	KR1d0051_WYG_056-22a
061.md	346	KR1d0051_WYG_056-22b
061.md	354	KR1d0051_WYG_056-23a
061.md	362	KR1d0051_WYG_056-23b
061.md	370	KR1d0051_WYG_056-24a
061.md	378	KR1d0051_WYG_056-25a
061.md	379	KR1d0051_WYG_056-26a
061.md	387	KR1d0051_WYG_056-26b
061.md	395	KR1d0051_WYG_056-27a
061.md	403	KR1d0051_WYG_056-27b
061.md	411	KR1d0051_WYG_056-28a
061.md	419	KR1d0051_WYG_056-28b
061.md	427	KR1d0051_WYG_056-29a
061.md	435	KR1d0051_WYG_056-29b
061.md	443	KR1d0051_WYG_056-30a
061.md	451	KR1d0051_WYG_056-30b
061.md	459	KR1d0051_WYG_056-31a
061.md	467	KR1d0051_WYG_056-31b
061.md	475	KR1d0051_WYG_056-32a
061.md	483	KR1d0051_WYG_056-32b
061.md	488	KR1d0051_WYG_056-33a
061.md	496	KR1d0051_WYG_056-33b
061.md	504	KR1d0051_WYG_056-34a
061.md	505	KR1d0051_WYG_056-35a
061.md	506	KR1d0051_WYG_056-36a
061.md	514	KR1d0051_WYG_056-36b
061.md	522	KR1d0051_WYG_056-37a
061.md	530	KR1d0051_WYG_056-37b
061.md	538	KR1d0051_WYG_056-38a
061.md	546	KR1d0051_WYG_056-38b
061.md	554	KR1d0051_WYG_056-39a
061.md	562	KR1d0051_WYG_056-39b
061.md	570	KR1d0051_WYG_056-40a
061.md	578	KR1d0051_WYG_056-40b
061.md	586	KR1d0051_WYG_056-41a
061.md	594	KR1d0051_WYG_056-41b
061.md	602	KR1d0051_WYG_056-42a
061.md	610	KR1d0051_WYG_056-42b
061.md	618	KR1d0051_WYG_056-43a
061.md	626	KR1d0051_WYG_056-43b
061.md	634	KR1d0051_WYG_056-44a
061.md	642	KR1d0051_WYG_056-44b
061.md	650	KR1d0051_WYG_056-45a
061.md	658	KR1d0051_WYG_056-45b
061.md	666	KR1d0051_WYG_056-46a
062.md	3	KR1d0051_WYG_056-47a
062.md	11	KR1d0051_WYG_056-47b
062.md	19	KR1d0051_WYG_056-48a
062.md	27	KR1d0051_WYG_056-48b
062.md	35	KR1d0051_WYG_056-49a
062.md	43	KR1d0051_WYG_056-49b
062.md	51	KR1d0051_WYG_056-50a
062.md	59	KR1d0051_WYG_056-50b
063.md	3	KR1d0051_WYG_057-1a
063.md	11	KR1d0051_WYG_057-1b
063.md	19	KR1d0051_WYG_057-2a
063.md	27	KR1d0051_WYG_057-2b
063.md	35	KR1d0051_WYG_057-3a
063.md	43	KR1d0051_WYG_057-3b
063.md	51	KR1d0051_WYG_057-4a
063.md	59	KR1d0051_WYG_057-4b
063.md	67	KR1d0051_WYG_057-5a
063.md	75	KR1d0051_WYG_057-5b
063.md	83	KR1d0051_WYG_057-6a
063.md	91	KR1d0051_WYG_057-6b
063.md	99	KR1d0051_WYG_057-7a
063.md	107	KR1d0051_WYG_057-7b
063.md	115	KR1d0051_WYG_057-8a
063.md	123	KR1d0051_WYG_057-8b
063.md	131	KR1d0051_WYG_057-9a
063.md	139	KR1d0051_WYG_057-9b
063.md	147	KR1d0051_WYG_057-10a
063.md	155	KR1d0051_WYG_057-10b
063.md	163	KR1d0051_WYG_057-11a
063.md	171	KR1d0051_WYG_057-11b
063.md	179	KR1d0051_WYG_057-12a
063.md	187	KR1d0051_WYG_057-12b
063.md	195	KR1d0051_WYG_057-13a
063.md	203	KR1d0051_WYG_057-13b
063.md	211	KR1d0051_WYG_057-14a
063.md	219	KR1d0051_WYG_057-14b
063.md	227	KR1d0051_WYG_057-15a
063.md	235	KR1d0051_WYG_057-15b
063.md	243	KR1d0051_WYG_057-16a
063.md	251	KR1d0051_WYG_057-16b
063.md	259	KR1d0051_WYG_057-17a
063.md	267	KR1d0051_WYG_057-17b
063.md	275	KR1d0051_WYG_057-18a
063.md	283	KR1d0051_WYG_057-18b
063.md	291	KR1d0051_WYG_057-19a
063.md	299	KR1d0051_WYG_057-19b
063.md	307	KR1d0051_WYG_057-20a
063.md	315	KR1d0051_WYG_057-20b
064.md	3	KR1d0051_WYG_058-1a
064.md	11	KR1d0051_WYG_058-1b
064.md	19	KR1d0051_WYG_058-2a
064.md	27	KR1d0051_WYG_058-2b
064.md	35	KR1d0051_WYG_058-3a
064.md	43	KR1d0051_WYG_058-3b
064.md	51	KR1d0051_WYG_058-4a
064.md	59	KR1d0051_WYG_058-4b
064.md	67	KR1d0051_WYG_058-5a
064.md	75	KR1d0051_WYG_058-5b
064.md	83	KR1d0051_WYG_058-6a
064.md	91	KR1d0051_WYG_058-6b
064.md	99	KR1d0051_WYG_058-7a
064.md	107	KR1d0051_WYG_058-7b
064.md	115	KR1d0051_WYG_058-8a
064.md	123	KR1d0051_WYG_058-8b
064.md	131	KR1d0051_WYG_058-9a
064.md	139	KR1d0051_WYG_058-9b
064.md	147	KR1d0051_WYG_058-10a
064.md	155	KR1d0051_WYG_058-10b
064.md	163	KR1d0051_WYG_058-11a
064.md	171	KR1d0051_WYG_058-11b
064.md	179	KR1d0051_WYG_058-12a
064.md	187	KR1d0051_WYG_058-12b
064.md	195	KR1d0051_WYG_058-13a
064.md	203	KR1d0051_WYG_058-13b
064.md	211	KR1d0051_WYG_058-14a
064.md	219	KR1d0051_WYG_058-14b
064.md	227	KR1d0051_WYG_058-15a
064.md	235	KR1d0051_WYG_058-15b
064.md	243	KR1d0051_WYG_058-16a
064.md	251	KR1d0051_WYG_058-16b
064.md	259	KR1d0051_WYG_058-17a
064.md	267	KR1d0051_WYG_058-17b
064.md	275	KR1d0051_WYG_058-18a
064.md	283	KR1d0051_WYG_058-18b
064.md	291	KR1d0051_WYG_058-19a
064.md	299	KR1d0051_WYG_058-19b
064.md	307	KR1d0051_WYG_058-20a
064.md	315	KR1d0051_WYG_058-20b
064.md	323	KR1d0051_WYG_058-21a
064.md	331	KR1d0051_WYG_058-21b
064.md	339	KR1d0051_WYG_058-22a
064.md	347	KR1d0051_WYG_058-22b
064.md	355	KR1d0051_WYG_058-23a
064.md	363	KR1d0051_WYG_058-23b
064.md	371	KR1d0051_WYG_058-24a
064.md	379	KR1d0051_WYG_058-24b
064.md	387	KR1d0051_WYG_058-25a
064.md	395	KR1d0051_WYG_058-25b
064.md	403	KR1d0051_WYG_058-26a
064.md	411	KR1d0051_WYG_058-26b
064.md	419	KR1d0051_WYG_058-27a
064.md	427	KR1d0051_WYG_058-27b
064.md	435	KR1d0051_WYG_058-28a
064.md	443	KR1d0051_WYG_058-28b
064.md	451	KR1d0051_WYG_058-29a
064.md	459	KR1d0051_WYG_058-29b
064.md	467	KR1d0051_WYG_058-30a
064.md	475	KR1d0051_WYG_058-30b
064.md	483	KR1d0051_WYG_058-31a
064.md	491	KR1d0051_WYG_058-31b
064.md	499	KR1d0051_WYG_058-32a
064.md	507	KR1d0051_WYG_058-32b
064.md	515	KR1d0051_WYG_058-33a
064.md	523	KR1d0051_WYG_058-33b
064.md	531	KR1d0051_WYG_058-34a
064.md	539	KR1d0051_WYG_058-34b
064.md	547	KR1d0051_WYG_058-35a
064.md	555	KR1d0051_WYG_058-35b
064.md	563	KR1d0051_WYG_058-36a
064.md	571	KR1d0051_WYG_058-36b
064.md	579	KR1d0051_WYG_058-37a
064.md	587	KR1d0051_WYG_058-37b
064.md	595	KR1d0051_WYG_058-38a
064.md	603	KR1d0051_WYG_058-38b
064.md	611	KR1d0051_WYG_058-39a
064.md	619	KR1d0051_WYG_058-39b
064.md	627	KR1d0051_WYG_058-40a
064.md	635	KR1d0051_WYG_058-40b
064.md	643	KR1d0051_WYG_058-41a
064.md	651	KR1d0051_WYG_058-41b
064.md	659	KR1d0051_WYG_058-42a
064.md	667	KR1d0051_WYG_058-42b
064.md	675	KR1d0051_WYG_058-43a
064.md	683	KR1d0051_WYG_058-43b
064.md	691	KR1d0051_WYG_058-44a
064.md	699	KR1d0051_WYG_058-44b
064.md	707	KR1d0051_WYG_058-45a
064.md	715	KR1d0051_WYG_058-45b
064.md	723	KR1d0051_WYG_058-46a
064.md	731	KR1d0051_WYG_058-46b
064.md	739	KR1d0051_WYG_058-47a
064.md	747	KR1d0051_WYG_058-47b
065.md	3	KR1d0051_WYG_059-1a
065.md	11	KR1d0051_WYG_059-1b
065.md	19	KR1d0051_WYG_059-2a
065.md	27	KR1d0051_WYG_059-2b
065.md	35	KR1d0051_WYG_059-3a
065.md	43	KR1d0051_WYG_059-3b
065.md	51	KR1d0051_WYG_059-4a
065.md	59	KR1d0051_WYG_059-4b
065.md	67	KR1d0051_WYG_059-5a
065.md	75	KR1d0051_WYG_059-5b
065.md	83	KR1d0051_WYG_059-6a
065.md	91	KR1d0051_WYG_059-6b
065.md	99	KR1d0051_WYG_059-7a
065.md	107	KR1d0051_WYG_059-7b
065.md	115	KR1d0051_WYG_059-8a
065.md	123	KR1d0051_WYG_059-8b
065.md	131	KR1d0051_WYG_059-9a
065.md	139	KR1d0051_WYG_059-9b
065.md	147	KR1d0051_WYG_059-10a
065.md	155	KR1d0051_WYG_059-10b
065.md	163	KR1d0051_WYG_059-11a
065.md	171	KR1d0051_WYG_059-11b
065.md	179	KR1d0051_WYG_059-12a
065.md	187	KR1d0051_WYG_059-12b
065.md	195	KR1d0051_WYG_059-13a
065.md	203	KR1d0051_WYG_059-13b
065.md	211	KR1d0051_WYG_059-14a
065.md	219	KR1d0051_WYG_059-14b
065.md	227	KR1d0051_WYG_059-15a
065.md	235	KR1d0051_WYG_059-15b
065.md	243	KR1d0051_WYG_059-16a
065.md	251	KR1d0051_WYG_059-16b
065.md	259	KR1d0051_WYG_059-17a
065.md	267	KR1d0051_WYG_059-17b
065.md	275	KR1d0051_WYG_059-18a
065.md	283	KR1d0051_WYG_059-18b
065.md	291	KR1d0051_WYG_059-19a
065.md	299	KR1d0051_WYG_059-19b
065.md	307	KR1d0051_WYG_059-20a
065.md	315	KR1d0051_WYG_059-20b
065.md	323	KR1d0051_WYG_059-21a
065.md	331	KR1d0051_WYG_059-21b
065.md	339	KR1d0051_WYG_059-22a
065.md	347	KR1d0051_WYG_059-22b
065.md	355	KR1d0051_WYG_059-23a
065.md	363	KR1d0051_WYG_059-23b
065.md	371	KR1d0051_WYG_059-24a
065.md	379	KR1d0051_WYG_059-24b
065.md	387	KR1d0051_WYG_059-25a
065.md	395	KR1d0051_WYG_059-25b
065.md	403	KR1d0051_WYG_059-26a
065.md	411	KR1d0051_WYG_059-26b
065.md	419	KR1d0051_WYG_059-27a
065.md	427	KR1d0051_WYG_059-27b
065.md	435	KR1d0051_WYG_059-28a
065.md	443	KR1d0051_WYG_059-28b
065.md	451	KR1d0051_WYG_059-29a
065.md	459	KR1d0051_WYG_059-29b
065.md	467	KR1d0051_WYG_059-30a
065.md	475	KR1d0051_WYG_059-30b
065.md	483	KR1d0051_WYG_059-31a
065.md	491	KR1d0051_WYG_059-31b
065.md	499	KR1d0051_WYG_059-32a
065.md	507	KR1d0051_WYG_059-32b
065.md	515	KR1d0051_WYG_059-33a
065.md	523	KR1d0051_WYG_059-33b
065.md	531	KR1d0051_WYG_059-34a
065.md	539	KR1d0051_WYG_059-34b
065.md	547	KR1d0051_WYG_059-35a
065.md	555	KR1d0051_WYG_059-35b
065.md	563	KR1d0051_WYG_059-36a
065.md	571	KR1d0051_WYG_059-36b
066.md	3	KR1d0051_WYG_060-1a
066.md	11	KR1d0051_WYG_060-1b
066.md	19	KR1d0051_WYG_060-2a
066.md	27	KR1d0051_WYG_060-2b
066.md	35	KR1d0051_WYG_060-3a
066.md	43	KR1d0051_WYG_060-3b
066.md	51	KR1d0051_WYG_060-4a
066.md	59	KR1d0051_WYG_060-4b
066.md	67	KR1d0051_WYG_060-5a
066.md	75	KR1d0051_WYG_060-5b
066.md	83	KR1d0051_WYG_060-6a
066.md	91	KR1d0051_WYG_060-6b
066.md	99	KR1d0051_WYG_060-7a
066.md	107	KR1d0051_WYG_060-7b
066.md	115	KR1d0051_WYG_060-8a
066.md	123	KR1d0051_WYG_060-8b
066.md	131	KR1d0051_WYG_060-9a
066.md	139	KR1d0051_WYG_060-9b
066.md	147	KR1d0051_WYG_060-10a
066.md	155	KR1d0051_WYG_060-10b
066.md	163	KR1d0051_WYG_060-11a
066.md	171	KR1d0051_WYG_060-11b
066.md	179	KR1d0051_WYG_060-12a
066.md	187	KR1d0051_WYG_060-12b
066.md	195	KR1d0051_WYG_060-13a
066.md	203	KR1d0051_WYG_060-13b
066.md	211	KR1d0051_WYG_060-14a
066.md	219	KR1d0051_WYG_060-14b
066.md	227	KR1d0051_WYG_060-15a
066.md	235	KR1d0051_WYG_060-15b
066.md	243	KR1d0051_WYG_060-16a
066.md	251	KR1d0051_WYG_060-16b
066.md	259	KR1d0051_WYG_060-17a
066.md	267	KR1d0051_WYG_060-17b
066.md	275	KR1d0051_WYG_060-18a
066.md	283	KR1d0051_WYG_060-18b
066.md	291	KR1d0051_WYG_060-19a
066.md	299	KR1d0051_WYG_060-19b
066.md	307	KR1d0051_WYG_060-20a
066.md	315	KR1d0051_WYG_060-20b
066.md	323	KR1d0051_WYG_060-21a
066.md	331	KR1d0051_WYG_060-21b
066.md	339	KR1d0051_WYG_060-22a
066.md	347	KR1d0051_WYG_060-22b
066.md	355	KR1d0051_WYG_060-23a
066.md	363	KR1d0051_WYG_060-23b
066.md	371	KR1d0051_WYG_060-24a
066.md	379	KR1d0051_WYG_060-24b
066.md	387	KR1d0051_WYG_060-25a
066.md	395	KR1d0051_WYG_060-25b
066.md	403	KR1d0051_WYG_060-26a
066.md	411	KR1d0051_WYG_060-26b
066.md	419	KR1d0051_WYG_060-27a
066.md	427	KR1d0051_WYG_060-27b
066.md	435	KR1d0051_WYG_060-28a
066.md	443	KR1d0051_WYG_060-28b
067.md	3	KR1d0051_WYG_061-1a
067.md	11	KR1d0051_WYG_061-1b
067.md	19	KR1d0051_WYG_061-2a
067.md	27	KR1d0051_WYG_061-2b
067.md	35	KR1d0051_WYG_061-3a
067.md	43	KR1d0051_WYG_061-3b
067.md	51	KR1d0051_WYG_061-4a
067.md	59	KR1d0051_WYG_061-4b
067.md	67	KR1d0051_WYG_061-5a
067.md	75	KR1d0051_WYG_061-5b
067.md	83	KR1d0051_WYG_061-6a
067.md	91	KR1d0051_WYG_061-6b
067.md	99	KR1d0051_WYG_061-7a
067.md	107	KR1d0051_WYG_061-7b
067.md	115	KR1d0051_WYG_061-8a
067.md	123	KR1d0051_WYG_061-8b
067.md	131	KR1d0051_WYG_061-9a
067.md	139	KR1d0051_WYG_061-9b
067.md	147	KR1d0051_WYG_061-10a
067.md	155	KR1d0051_WYG_061-10b
067.md	163	KR1d0051_WYG_061-11a
067.md	171	KR1d0051_WYG_061-11b
067.md	179	KR1d0051_WYG_061-12a
067.md	187	KR1d0051_WYG_061-12b
067.md	195	KR1d0051_WYG_061-13a
067.md	203	KR1d0051_WYG_061-13b
067.md	211	KR1d0051_WYG_061-14a
067.md	219	KR1d0051_WYG_061-14b
067.md	227	KR1d0051_WYG_061-15a
067.md	235	KR1d0051_WYG_061-15b
067.md	243	KR1d0051_WYG_061-16a
067.md	251	KR1d0051_WYG_061-16b
067.md	259	KR1d0051_WYG_061-17a
067.md	267	KR1d0051_WYG_061-17b
067.md	275	KR1d0051_WYG_061-18a
067.md	283	KR1d0051_WYG_061-18b
067.md	291	KR1d0051_WYG_061-19a
067.md	299	KR1d0051_WYG_061-19b
067.md	307	KR1d0051_WYG_061-20a
067.md	315	KR1d0051_WYG_061-20b
067.md	323	KR1d0051_WYG_061-21a
067.md	331	KR1d0051_WYG_061-21b
067.md	339	KR1d0051_WYG_061-22a
067.md	347	KR1d0051_WYG_061-22b
067.md	355	KR1d0051_WYG_061-23a
067.md	363	KR1d0051_WYG_061-23b
067.md	371	KR1d0051_WYG_061-24a
067.md	379	KR1d0051_WYG_061-24b
067.md	387	KR1d0051_WYG_061-25a
067.md	395	KR1d0051_WYG_061-25b
067.md	403	KR1d0051_WYG_061-26a
067.md	411	KR1d0051_WYG_061-26b
067.md	419	KR1d0051_WYG_061-27a
067.md	427	KR1d0051_WYG_061-27b
067.md	435	KR1d0051_WYG_061-28a
067.md	443	KR1d0051_WYG_061-28b
067.md	451	KR1d0051_WYG_061-29a
067.md	459	KR1d0051_WYG_061-29b
067.md	467	KR1d0051_WYG_061-30a
067.md	475	KR1d0051_WYG_061-30b
067.md	483	KR1d0051_WYG_061-31a
067.md	491	KR1d0051_WYG_061-31b
067.md	499	KR1d0051_WYG_061-32a
067.md	507	KR1d0051_WYG_061-32b
067.md	515	KR1d0051_WYG_061-33a
067.md	523	KR1d0051_WYG_061-33b
067.md	531	KR1d0051_WYG_061-34a
067.md	539	KR1d0051_WYG_061-34b
067.md	547	KR1d0051_WYG_061-35a
067.md	555	KR1d0051_WYG_061-35b
068.md	3	KR1d0051_WYG_062-1a
068.md	11	KR1d0051_WYG_062-1b
068.md	19	KR1d0051_WYG_062-2a
068.md	27	KR1d0051_WYG_062-2b
068.md	35	KR1d0051_WYG_062-3a
068.md	43	KR1d0051_WYG_062-3b
068.md	51	KR1d0051_WYG_062-4a
068.md	59	KR1d0051_WYG_062-4b
068.md	67	KR1d0051_WYG_062-5a
068.md	75	KR1d0051_WYG_062-5b
068.md	83	KR1d0051_WYG_062-6a
068.md	91	KR1d0051_WYG_062-6b
068.md	99	KR1d0051_WYG_062-7a
068.md	107	KR1d0051_WYG_062-7b
068.md	115	KR1d0051_WYG_062-8a
068.md	123	KR1d0051_WYG_062-8b
068.md	131	KR1d0051_WYG_062-9a
068.md	139	KR1d0051_WYG_062-9b
068.md	147	KR1d0051_WYG_062-10a
068.md	155	KR1d0051_WYG_062-10b
068.md	163	KR1d0051_WYG_062-11a
068.md	171	KR1d0051_WYG_062-11b
068.md	179	KR1d0051_WYG_062-12a
068.md	187	KR1d0051_WYG_062-12b
068.md	195	KR1d0051_WYG_062-13a
068.md	203	KR1d0051_WYG_062-13b
068.md	211	KR1d0051_WYG_062-14a
068.md	219	KR1d0051_WYG_062-14b
068.md	227	KR1d0051_WYG_062-15a
068.md	235	KR1d0051_WYG_062-15b
068.md	243	KR1d0051_WYG_062-16a
068.md	251	KR1d0051_WYG_062-16b
068.md	259	KR1d0051_WYG_062-17a
068.md	267	KR1d0051_WYG_062-17b
068.md	275	KR1d0051_WYG_062-18a
068.md	283	KR1d0051_WYG_062-18b
068.md	291	KR1d0051_WYG_062-19a
068.md	299	KR1d0051_WYG_062-19b
068.md	307	KR1d0051_WYG_062-20a
068.md	315	KR1d0051_WYG_062-20b
068.md	323	KR1d0051_WYG_062-21a
068.md	331	KR1d0051_WYG_062-21b
068.md	339	KR1d0051_WYG_062-22a
068.md	347	KR1d0051_WYG_062-22b
068.md	355	KR1d0051_WYG_062-23a
068.md	363	KR1d0051_WYG_062-23b
068.md	371	KR1d0051_WYG_062-24a
068.md	379	KR1d0051_WYG_062-24b
068.md	387	KR1d0051_WYG_062-25a
068.md	395	KR1d0051_WYG_062-25b
068.md	403	KR1d0051_WYG_062-26a
068.md	411	KR1d0051_WYG_062-26b
068.md	419	KR1d0051_WYG_062-27a
068.md	427	KR1d0051_WYG_062-27b
068.md	435	KR1d0051_WYG_062-28a
068.md	443	KR1d0051_WYG_062-28b
068.md	451	KR1d0051_WYG_062-29a
068.md	459	KR1d0051_WYG_062-29b
068.md	467	KR1d0051_WYG_062-30a
068.md	475	KR1d0051_WYG_062-30b
068.md	483	KR1d0051_WYG_062-31a
068.md	491	KR1d0051_WYG_062-31b
068.md	499	KR1d0051_WYG_062-32a
068.md	507	KR1d0051_WYG_062-32b
068.md	515	KR1d0051_WYG_062-33a
068.md	523	KR1d0051_WYG_062-33b
068.md	531	KR1d0051_WYG_062-34a
068.md	539	KR1d0051_WYG_062-34b
069.md	3	KR1d0051_WYG_063-1a
069.md	11	KR1d0051_WYG_063-1b
069.md	19	KR1d0051_WYG_063-2a
069.md	27	KR1d0051_WYG_063-2b
069.md	35	KR1d0051_WYG_063-3a
069.md	43	KR1d0051_WYG_063-3b
069.md	51	KR1d0051_WYG_063-4a
069.md	59	KR1d0051_WYG_063-4b
069.md	67	KR1d0051_WYG_063-5a
069.md	75	KR1d0051_WYG_063-5b
069.md	83	KR1d0051_WYG_063-6a
069.md	91	KR1d0051_WYG_063-6b
069.md	99	KR1d0051_WYG_063-7a
069.md	107	KR1d0051_WYG_063-7b
069.md	115	KR1d0051_WYG_063-8a
069.md	123	KR1d0051_WYG_063-8b
069.md	131	KR1d0051_WYG_063-9a
069.md	139	KR1d0051_WYG_063-9b
069.md	147	KR1d0051_WYG_063-10a
069.md	155	KR1d0051_WYG_063-10b
069.md	163	KR1d0051_WYG_063-11a
069.md	171	KR1d0051_WYG_063-11b
069.md	179	KR1d0051_WYG_063-12a
069.md	187	KR1d0051_WYG_063-12b
069.md	195	KR1d0051_WYG_063-13a
069.md	203	KR1d0051_WYG_063-13b
069.md	211	KR1d0051_WYG_063-14a
069.md	219	KR1d0051_WYG_063-14b
069.md	227	KR1d0051_WYG_063-15a
069.md	235	KR1d0051_WYG_063-15b
069.md	243	KR1d0051_WYG_063-16a
069.md	251	KR1d0051_WYG_063-16b
069.md	259	KR1d0051_WYG_063-17a
069.md	267	KR1d0051_WYG_063-17b
069.md	275	KR1d0051_WYG_063-18a
069.md	283	KR1d0051_WYG_063-18b
069.md	291	KR1d0051_WYG_063-19a
069.md	299	KR1d0051_WYG_063-19b
069.md	307	KR1d0051_WYG_063-20a
069.md	315	KR1d0051_WYG_063-20b
069.md	323	KR1d0051_WYG_063-21a
069.md	331	KR1d0051_WYG_063-21b
069.md	339	KR1d0051_WYG_063-22a
069.md	347	KR1d0051_WYG_063-22b
069.md	355	KR1d0051_WYG_063-23a
069.md	363	KR1d0051_WYG_063-23b
069.md	371	KR1d0051_WYG_063-24a
069.md	379	KR1d0051_WYG_063-24b
069.md	387	KR1d0051_WYG_063-25a
069.md	395	KR1d0051_WYG_063-25b
069.md	403	KR1d0051_WYG_063-26a
069.md	411	KR1d0051_WYG_063-26b
069.md	419	KR1d0051_WYG_063-27a
069.md	427	KR1d0051_WYG_063-27b
069.md	435	KR1d0051_WYG_063-28a
069.md	443	KR1d0051_WYG_063-28b
069.md	451	KR1d0051_WYG_063-29a
069.md	459	KR1d0051_WYG_063-29b
069.md	467	KR1d0051_WYG_063-30a
069.md	475	KR1d0051_WYG_063-30b
069.md	483	KR1d0051_WYG_063-31a
069.md	491	KR1d0051_WYG_063-31b
070.md	3	KR1d0051_WYG_064-1a
070.md	11	KR1d0051_WYG_064-1b
070.md	19	KR1d0051_WYG_064-2a
070.md	27	KR1d0051_WYG_064-2b
070.md	35	KR1d0051_WYG_064-3a
070.md	43	KR1d0051_WYG_064-3b
070.md	51	KR1d0051_WYG_064-4a
070.md	59	KR1d0051_WYG_064-4b
070.md	67	KR1d0051_WYG_064-5a
070.md	75	KR1d0051_WYG_064-5b
070.md	83	KR1d0051_WYG_064-6a
070.md	91	KR1d0051_WYG_064-6b
070.md	99	KR1d0051_WYG_064-7a
070.md	107	KR1d0051_WYG_064-7b
070.md	115	KR1d0051_WYG_064-8a
070.md	123	KR1d0051_WYG_064-8b
070.md	131	KR1d0051_WYG_064-9a
070.md	139	KR1d0051_WYG_064-9b
070.md	147	KR1d0051_WYG_064-10a
070.md	155	KR1d0051_WYG_064-10b
070.md	163	KR1d0051_WYG_064-11a
070.md	171	KR1d0051_WYG_064-11b
070.md	179	KR1d0051_WYG_064-12a
070.md	187	KR1d0051_WYG_064-12b
070.md	195	KR1d0051_WYG_064-13a
070.md	203	KR1d0051_WYG_064-13b
070.md	211	KR1d0051_WYG_064-14a
070.md	219	KR1d0051_WYG_064-14b
070.md	227	KR1d0051_WYG_064-15a
070.md	235	KR1d0051_WYG_064-15b
070.md	243	KR1d0051_WYG_064-16a
070.md	251	KR1d0051_WYG_064-16b
070.md	259	KR1d0051_WYG_064-17a
070.md	267	KR1d0051_WYG_064-17b
070.md	275	KR1d0051_WYG_064-18a
070.md	283	KR1d0051_WYG_064-18b
070.md	291	KR1d0051_WYG_064-19a
070.md	299	KR1d0051_WYG_064-19b
070.md	307	KR1d0051_WYG_064-20a
070.md	315	KR1d0051_WYG_064-20b
070.md	323	KR1d0051_WYG_064-21a
070.md	331	KR1d0051_WYG_064-21b
070.md	339	KR1d0051_WYG_064-22a
070.md	347	KR1d0051_WYG_064-22b
070.md	355	KR1d0051_WYG_064-23a
070.md	363	KR1d0051_WYG_064-23b
070.md	371	KR1d0051_WYG_064-24a
070.md	379	KR1d0051_WYG_064-24b
070.md	387	KR1d0051_WYG_064-25a
070.md	395	KR1d0051_WYG_064-25b
070.md	403	KR1d0051_WYG_064-26a
070.md	411	KR1d0051_WYG_064-26b
070.md	419	KR1d0051_WYG_064-27a
070.md	427	KR1d0051_WYG_064-27b
070.md	435	KR1d0051_WYG_064-28a
070.md	443	KR1d0051_WYG_064-28b
070.md	451	KR1d0051_WYG_064-29a
070.md	459	KR1d0051_WYG_064-29b
070.md	467	KR1d0051_WYG_064-30a
070.md	475	KR1d0051_WYG_064-30b
070.md	483	KR1d0051_WYG_064-31a
070.md	491	KR1d0051_WYG_064-31b
070.md	499	KR1d0051_WYG_064-32a
070.md	507	KR1d0051_WYG_064-32b
070.md	515	KR1d0051_WYG_064-33a
070.md	523	KR1d0051_WYG_064-33b
070.md	531	KR1d0051_WYG_064-34a
070.md	539	KR1d0051_WYG_064-34b
070.md	547	KR1d0051_WYG_064-35a
070.md	555	KR1d0051_WYG_064-35b
070.md	563	KR1d0051_WYG_064-36a
070.md	571	KR1d0051_WYG_064-36b
070.md	579	KR1d0051_WYG_064-37a
070.md	587	KR1d0051_WYG_064-37b
070.md	595	KR1d0051_WYG_064-38a
070.md	603	KR1d0051_WYG_064-38b
070.md	611	KR1d0051_WYG_064-39a
070.md	619	KR1d0051_WYG_064-39b
070.md	627	KR1d0051_WYG_064-40a
070.md	635	KR1d0051_WYG_064-40b
070.md	643	KR1d0051_WYG_064-41a
070.md	651	KR1d0051_WYG_064-41b
070.md	659	KR1d0051_WYG_064-42a
070.md	667	KR1d0051_WYG_064-42b
070.md	675	KR1d0051_WYG_064-43a
070.md	683	KR1d0051_WYG_064-43b
070.md	691	KR1d0051_WYG_064-44a
070.md	699	KR1d0051_WYG_064-44b
070.md	707	KR1d0051_WYG_064-45a
070.md	715	KR1d0051_WYG_064-45b
070.md	723	KR1d0051_WYG_064-46a
070.md	731	KR1d0051_WYG_064-46b
070.md	739	KR1d0051_WYG_064-47a
070.md	747	KR1d0051_WYG_064-47b
070.md	755	KR1d0051_WYG_064-48a
070.md	763	KR1d0051_WYG_064-48b
070.md	771	KR1d0051_WYG_064-49a
070.md	779	KR1d0051_WYG_064-49b
070.md	787	KR1d0051_WYG_064-50a
070.md	795	KR1d0051_WYG_064-50b
070.md	803	KR1d0051_WYG_064-51a
070.md	811	KR1d0051_WYG_064-51b
070.md	819	KR1d0051_WYG_064-52a
070.md	827	KR1d0051_WYG_064-52b
070.md	835	KR1d0051_WYG_064-53a
070.md	843	KR1d0051_WYG_064-53b
070.md	851	KR1d0051_WYG_064-54a
070.md	859	KR1d0051_WYG_064-54b
070.md	867	KR1d0051_WYG_064-55a
070.md	875	KR1d0051_WYG_064-55b
070.md	883	KR1d0051_WYG_064-56a
070.md	891	KR1d0051_WYG_064-56b
070.md	899	KR1d0051_WYG_064-57a
070.md	907	KR1d0051_WYG_064-57b
071.md	3	KR1d0051_WYG_065-1a
071.md	11	KR1d0051_WYG_065-1b
071.md	19	KR1d0051_WYG_065-2a
071.md	27	KR1d0051_WYG_065-2b
071.md	35	KR1d0051_WYG_065-3a
071.md	43	KR1d0051_WYG_065-3b
071.md	51	KR1d0051_WYG_065-4a
071.md	59	KR1d0051_WYG_065-4b
071.md	67	KR1d0051_WYG_065-5a
071.md	75	KR1d0051_WYG_065-5b
071.md	83	KR1d0051_WYG_065-6a
071.md	91	KR1d0051_WYG_065-6b
071.md	99	KR1d0051_WYG_065-7a
071.md	107	KR1d0051_WYG_065-7b
071.md	115	KR1d0051_WYG_065-8a
071.md	123	KR1d0051_WYG_065-8b
071.md	131	KR1d0051_WYG_065-9a
071.md	139	KR1d0051_WYG_065-9b
071.md	147	KR1d0051_WYG_065-10a
071.md	155	KR1d0051_WYG_065-10b
071.md	163	KR1d0051_WYG_065-11a
071.md	171	KR1d0051_WYG_065-11b
071.md	179	KR1d0051_WYG_065-12a
071.md	187	KR1d0051_WYG_065-12b
071.md	195	KR1d0051_WYG_065-13a
071.md	203	KR1d0051_WYG_065-13b
071.md	211	KR1d0051_WYG_065-14a
071.md	219	KR1d0051_WYG_065-14b
071.md	227	KR1d0051_WYG_065-15a
071.md	235	KR1d0051_WYG_065-15b
071.md	243	KR1d0051_WYG_065-16a
071.md	251	KR1d0051_WYG_065-16b
071.md	259	KR1d0051_WYG_065-17a
071.md	267	KR1d0051_WYG_065-17b
071.md	275	KR1d0051_WYG_065-18a
071.md	283	KR1d0051_WYG_065-18b
071.md	291	KR1d0051_WYG_065-19a
071.md	299	KR1d0051_WYG_065-19b
071.md	307	KR1d0051_WYG_065-20a
071.md	315	KR1d0051_WYG_065-20b
071.md	323	KR1d0051_WYG_065-21a
071.md	331	KR1d0051_WYG_065-21b
071.md	339	KR1d0051_WYG_065-22a
071.md	347	KR1d0051_WYG_065-22b
071.md	355	KR1d0051_WYG_065-23a
071.md	363	KR1d0051_WYG_065-23b
071.md	371	KR1d0051_WYG_065-24a
071.md	379	KR1d0051_WYG_065-24b
071.md	387	KR1d0051_WYG_065-25a
071.md	395	KR1d0051_WYG_065-25b
071.md	403	KR1d0051_WYG_065-26a
071.md	411	KR1d0051_WYG_065-26b
072.md	3	KR1d0051_WYG_066-1a
072.md	11	KR1d0051_WYG_066-1b
072.md	19	KR1d0051_WYG_066-2a
072.md	27	KR1d0051_WYG_066-2b
072.md	35	KR1d0051_WYG_066-3a
072.md	43	KR1d0051_WYG_066-3b
072.md	51	KR1d0051_WYG_066-4a
072.md	59	KR1d0051_WYG_066-4b
072.md	67	KR1d0051_WYG_066-5a
072.md	75	KR1d0051_WYG_066-5b
072.md	83	KR1d0051_WYG_066-6a
072.md	91	KR1d0051_WYG_066-6b
072.md	99	KR1d0051_WYG_066-7a
072.md	107	KR1d0051_WYG_066-7b
072.md	115	KR1d0051_WYG_066-8a
072.md	123	KR1d0051_WYG_066-8b
072.md	131	KR1d0051_WYG_066-9a
072.md	139	KR1d0051_WYG_066-9b
072.md	147	KR1d0051_WYG_066-10a
072.md	155	KR1d0051_WYG_066-10b
072.md	163	KR1d0051_WYG_066-11a
072.md	171	KR1d0051_WYG_066-11b
072.md	179	KR1d0051_WYG_066-12a
072.md	187	KR1d0051_WYG_066-12b
072.md	195	KR1d0051_WYG_066-13a
072.md	203	KR1d0051_WYG_066-13b
072.md	211	KR1d0051_WYG_066-14a
072.md	219	KR1d0051_WYG_066-14b
072.md	227	KR1d0051_WYG_066-15a
072.md	235	KR1d0051_WYG_066-15b
072.md	243	KR1d0051_WYG_066-16a
072.md	251	KR1d0051_WYG_066-16b
072.md	259	KR1d0051_WYG_066-17a
072.md	267	KR1d0051_WYG_066-17b
072.md	275	KR1d0051_WYG_066-18a
072.md	283	KR1d0051_WYG_066-18b
072.md	291	KR1d0051_WYG_066-19a
072.md	299	KR1d0051_WYG_066-19b
072.md	307	KR1d0051_WYG_066-20a
072.md	315	KR1d0051_WYG_066-20b
072.md	323	KR1d0051_WYG_066-21a
072.md	331	KR1d0051_WYG_066-21b
072.md	339	KR1d0051_WYG_066-22a
072.md	347	KR1d0051_WYG_066-22b
072.md	355	KR1d0051_WYG_066-23a
072.md	363	KR1d0051_WYG_066-23b
072.md	370	KR1d0051_WYG_066-24a
072.md	371	KR1d0051_WYG_066-25a
072.md	379	KR1d0051_WYG_066-25b
072.md	387	KR1d0051_WYG_066-26a
072.md	395	KR1d0051_WYG_066-26b
072.md	403	KR1d0051_WYG_066-27a
072.md	411	KR1d0051_WYG_066-27b
072.md	419	KR1d0051_WYG_066-28a
072.md	427	KR1d0051_WYG_066-28b
072.md	435	KR1d0051_WYG_066-29a
072.md	443	KR1d0051_WYG_066-29b
072.md	451	KR1d0051_WYG_066-30a
072.md	459	KR1d0051_WYG_066-30b
072.md	467	KR1d0051_WYG_066-31a
072.md	475	KR1d0051_WYG_066-31b
072.md	483	KR1d0051_WYG_066-32a
072.md	491	KR1d0051_WYG_066-32b
072.md	499	KR1d0051_WYG_066-33a
072.md	507	KR1d0051_WYG_066-33b
072.md	515	KR1d0051_WYG_066-34a
072.md	523	KR1d0051_WYG_066-34b
072.md	531	KR1d0051_WYG_066-35a
072.md	539	KR1d0051_WYG_066-35b
072.md	547	KR1d0051_WYG_066-36a
072.md	555	KR1d0051_WYG_066-36b
072.md	563	KR1d0051_WYG_066-37a
072.md	571	KR1d0051_WYG_066-37b
072.md	579	KR1d0051_WYG_066-38a
072.md	587	KR1d0051_WYG_066-38b
072.md	595	KR1d0051_WYG_066-39a
072.md	603	KR1d0051_WYG_066-39b
072.md	611	KR1d0051_WYG_066-40a
072.md	619	KR1d0051_WYG_066-40b
072.md	627	KR1d0051_WYG_066-41a
072.md	635	KR1d0051_WYG_066-41b
072.md	643	KR1d0051_WYG_066-42a
072.md	651	KR1d0051_WYG_066-42b
072.md	659	KR1d0051_WYG_066-43a
072.md	667	KR1d0051_WYG_066-43b
072.md	675	KR1d0051_WYG_066-44a
072.md	683	KR1d0051_WYG_066-44b
072.md	691	KR1d0051_WYG_066-45a
072.md	699	KR1d0051_WYG_066-45b
072.md	707	KR1d0051_WYG_066-46a
072.md	715	KR1d0051_WYG_066-46b
072.md	723	KR1d0051_WYG_066-47a
072.md	731	KR1d0051_WYG_066-47b
072.md	739	KR1d0051_WYG_066-48a
072.md	747	KR1d0051_WYG_066-48b
072.md	755	KR1d0051_WYG_066-49a
072.md	763	KR1d0051_WYG_066-49b
072.md	771	KR1d0051_WYG_066-50a
072.md	779	KR1d0051_WYG_066-50b
073.md	3	KR1d0051_WYG_067-1a
073.md	11	KR1d0051_WYG_067-1b
073.md	19	KR1d0051_WYG_067-2a
073.md	27	KR1d0051_WYG_067-2b
073.md	35	KR1d0051_WYG_067-3a
073.md	43	KR1d0051_WYG_067-3b
073.md	51	KR1d0051_WYG_067-4a
073.md	59	KR1d0051_WYG_067-4b
073.md	67	KR1d0051_WYG_067-5a
073.md	75	KR1d0051_WYG_067-5b
073.md	83	KR1d0051_WYG_067-6a
073.md	91	KR1d0051_WYG_067-6b
073.md	99	KR1d0051_WYG_067-7a
073.md	107	KR1d0051_WYG_067-7b
073.md	115	KR1d0051_WYG_067-8a
073.md	123	KR1d0051_WYG_067-8b
073.md	131	KR1d0051_WYG_067-9a
073.md	139	KR1d0051_WYG_067-9b
073.md	147	KR1d0051_WYG_067-10a
073.md	155	KR1d0051_WYG_067-10b
073.md	163	KR1d0051_WYG_067-11a
073.md	171	KR1d0051_WYG_067-11b
073.md	179	KR1d0051_WYG_067-12a
073.md	187	KR1d0051_WYG_067-12b
073.md	195	KR1d0051_WYG_067-13a
073.md	203	KR1d0051_WYG_067-13b
073.md	211	KR1d0051_WYG_067-14a
073.md	219	KR1d0051_WYG_067-14b
073.md	227	KR1d0051_WYG_067-15a
073.md	235	KR1d0051_WYG_067-15b
073.md	243	KR1d0051_WYG_067-16a
073.md	251	KR1d0051_WYG_067-16b
073.md	259	KR1d0051_WYG_067-17a
073.md	267	KR1d0051_WYG_067-17b
073.md	275	KR1d0051_WYG_067-18a
073.md	283	KR1d0051_WYG_067-18b
073.md	291	KR1d0051_WYG_067-19a
073.md	299	KR1d0051_WYG_067-19b
073.md	307	KR1d0051_WYG_067-20a
073.md	315	KR1d0051_WYG_067-20b
073.md	323	KR1d0051_WYG_067-21a
073.md	331	KR1d0051_WYG_067-21b
073.md	339	KR1d0051_WYG_067-22a
073.md	347	KR1d0051_WYG_067-22b
073.md	355	KR1d0051_WYG_067-23a
073.md	363	KR1d0051_WYG_067-23b
073.md	371	KR1d0051_WYG_067-24a
073.md	379	KR1d0051_WYG_067-24b
073.md	387	KR1d0051_WYG_067-25a
073.md	395	KR1d0051_WYG_067-25b
073.md	403	KR1d0051_WYG_067-26a
073.md	411	KR1d0051_WYG_067-26b
073.md	419	KR1d0051_WYG_067-27a
073.md	427	KR1d0051_WYG_067-27b
073.md	435	KR1d0051_WYG_067-28a
073.md	443	KR1d0051_WYG_067-28b
073.md	451	KR1d0051_WYG_067-29a
073.md	459	KR1d0051_WYG_067-29b
073.md	467	KR1d0051_WYG_067-30a
073.md	475	KR1d0051_WYG_067-30b
073.md	483	KR1d0051_WYG_067-31a
073.md	491	KR1d0051_WYG_067-31b
073.md	499	KR1d0051_WYG_067-32a
073.md	507	KR1d0051_WYG_067-32b
073.md	515	KR1d0051_WYG_067-33a
073.md	523	KR1d0051_WYG_067-33b
073.md	531	KR1d0051_WYG_067-34a
073.md	539	KR1d0051_WYG_067-34b
073.md	547	KR1d0051_WYG_067-35a
073.md	555	KR1d0051_WYG_067-35b
073.md	563	KR1d0051_WYG_067-36a
073.md	571	KR1d0051_WYG_067-36b
073.md	579	KR1d0051_WYG_067-37a
073.md	587	KR1d0051_WYG_067-37b
073.md	595	KR1d0051_WYG_067-38a
073.md	603	KR1d0051_WYG_067-38b
073.md	611	KR1d0051_WYG_067-39a
073.md	619	KR1d0051_WYG_067-39b
073.md	627	KR1d0051_WYG_067-40a
073.md	635	KR1d0051_WYG_067-40b
073.md	643	KR1d0051_WYG_067-41a
073.md	651	KR1d0051_WYG_067-41b
073.md	659	KR1d0051_WYG_067-42a
073.md	667	KR1d0051_WYG_067-42b
073.md	675	KR1d0051_WYG_067-43a
073.md	683	KR1d0051_WYG_067-43b
073.md	691	KR1d0051_WYG_067-44a
073.md	699	KR1d0051_WYG_067-44b
073.md	707	KR1d0051_WYG_067-45a
073.md	715	KR1d0051_WYG_067-45b
073.md	723	KR1d0051_WYG_067-46a
073.md	731	KR1d0051_WYG_067-46b
073.md	739	KR1d0051_WYG_067-47a
073.md	747	KR1d0051_WYG_067-47b
073.md	755	KR1d0051_WYG_067-48a
073.md	763	KR1d0051_WYG_067-48b
073.md	771	KR1d0051_WYG_067-49a
073.md	779	KR1d0051_WYG_067-49b
073.md	787	KR1d0051_WYG_067-50a
073.md	795	KR1d0051_WYG_067-50b
073.md	803	KR1d0051_WYG_067-51a
073.md	811	KR1d0051_WYG_067-51b
073.md	819	KR1d0051_WYG_067-52a
073.md	827	KR1d0051_WYG_067-52b
073.md	835	KR1d0051_WYG_067-53a
073.md	843	KR1d0051_WYG_067-53b
073.md	851	KR1d0051_WYG_067-54a
073.md	859	KR1d0051_WYG_067-54b
073.md	867	KR1d0051_WYG_067-55a
073.md	875	KR1d0051_WYG_067-55b
073.md	883	KR1d0051_WYG_067-56a
073.md	891	KR1d0051_WYG_067-56b
073.md	899	KR1d0051_WYG_067-57a
073.md	907	KR1d0051_WYG_067-57b
074.md	3	KR1d0051_WYG_068-1a
074.md	11	KR1d0051_WYG_068-1b
074.md	19	KR1d0051_WYG_068-2a
074.md	27	KR1d0051_WYG_068-2b
074.md	35	KR1d0051_WYG_068-3a
074.md	43	KR1d0051_WYG_068-3b
074.md	51	KR1d0051_WYG_068-4a
074.md	59	KR1d0051_WYG_068-4b
074.md	67	KR1d0051_WYG_068-5a
074.md	75	KR1d0051_WYG_068-5b
074.md	83	KR1d0051_WYG_068-6a
074.md	91	KR1d0051_WYG_068-6b
074.md	99	KR1d0051_WYG_068-7a
074.md	107	KR1d0051_WYG_068-7b
074.md	115	KR1d0051_WYG_068-8a
074.md	123	KR1d0051_WYG_068-8b
074.md	131	KR1d0051_WYG_068-9a
074.md	139	KR1d0051_WYG_068-9b
074.md	147	KR1d0051_WYG_068-10a
074.md	155	KR1d0051_WYG_068-10b
074.md	163	KR1d0051_WYG_068-11a
074.md	171	KR1d0051_WYG_068-11b
074.md	179	KR1d0051_WYG_068-12a
074.md	187	KR1d0051_WYG_068-12b
074.md	195	KR1d0051_WYG_068-13a
074.md	203	KR1d0051_WYG_068-13b
074.md	211	KR1d0051_WYG_068-14a
074.md	219	KR1d0051_WYG_068-14b
074.md	227	KR1d0051_WYG_068-15a
074.md	235	KR1d0051_WYG_068-15b
074.md	243	KR1d0051_WYG_068-16a
074.md	251	KR1d0051_WYG_068-16b
074.md	259	KR1d0051_WYG_068-17a
074.md	267	KR1d0051_WYG_068-17b
074.md	275	KR1d0051_WYG_068-18a
074.md	283	KR1d0051_WYG_068-18b
074.md	291	KR1d0051_WYG_068-19a
074.md	299	KR1d0051_WYG_068-19b
074.md	307	KR1d0051_WYG_068-20a
074.md	315	KR1d0051_WYG_068-20b
074.md	323	KR1d0051_WYG_068-21a
074.md	331	KR1d0051_WYG_068-21b
074.md	339	KR1d0051_WYG_068-22a
074.md	347	KR1d0051_WYG_068-22b
074.md	355	KR1d0051_WYG_068-23a
074.md	363	KR1d0051_WYG_068-23b
074.md	371	KR1d0051_WYG_068-24a
074.md	379	KR1d0051_WYG_068-24b
074.md	387	KR1d0051_WYG_068-25a
074.md	395	KR1d0051_WYG_068-25b
074.md	403	KR1d0051_WYG_068-26a
074.md	411	KR1d0051_WYG_068-26b
074.md	419	KR1d0051_WYG_068-27a
074.md	427	KR1d0051_WYG_068-27b
074.md	435	KR1d0051_WYG_068-28a
074.md	443	KR1d0051_WYG_068-28b
074.md	451	KR1d0051_WYG_068-29a
074.md	459	KR1d0051_WYG_068-29b
074.md	467	KR1d0051_WYG_068-30a
074.md	475	KR1d0051_WYG_068-30b
074.md	483	KR1d0051_WYG_068-31a
074.md	491	KR1d0051_WYG_068-31b
074.md	499	KR1d0051_WYG_068-32a
074.md	507	KR1d0051_WYG_068-32b
074.md	515	KR1d0051_WYG_068-33a
074.md	523	KR1d0051_WYG_068-33b
074.md	531	KR1d0051_WYG_068-34a
074.md	539	KR1d0051_WYG_068-34b
074.md	547	KR1d0051_WYG_068-35a
074.md	555	KR1d0051_WYG_068-35b
074.md	563	KR1d0051_WYG_068-36a
074.md	571	KR1d0051_WYG_068-36b
074.md	579	KR1d0051_WYG_068-37a
074.md	587	KR1d0051_WYG_068-37b
074.md	595	KR1d0051_WYG_068-38a
074.md	603	KR1d0051_WYG_068-38b
074.md	611	KR1d0051_WYG_068-39a
074.md	619	KR1d0051_WYG_068-39b
074.md	627	KR1d0051_WYG_068-40a
074.md	635	KR1d0051_WYG_068-40b
074.md	643	KR1d0051_WYG_068-41a
074.md	651	KR1d0051_WYG_068-41b
074.md	659	KR1d0051_WYG_068-42a
074.md	667	KR1d0051_WYG_068-42b
074.md	675	KR1d0051_WYG_068-43a
074.md	683	KR1d0051_WYG_068-43b
074.md	691	KR1d0051_WYG_068-44a
074.md	699	KR1d0051_WYG_068-44b
074.md	707	KR1d0051_WYG_068-45a
074.md	715	KR1d0051_WYG_068-45b
074.md	723	KR1d0051_WYG_068-46a
074.md	731	KR1d0051_WYG_068-46b
074.md	739	KR1d0051_WYG_068-47a
074.md	747	KR1d0051_WYG_068-47b
074.md	755	KR1d0051_WYG_068-48a
074.md	763	KR1d0051_WYG_068-48b
074.md	771	KR1d0051_WYG_068-49a
074.md	779	KR1d0051_WYG_068-49b
074.md	787	KR1d0051_WYG_068-50a
074.md	795	KR1d0051_WYG_068-50b
074.md	803	KR1d0051_WYG_068-51a
074.md	811	KR1d0051_WYG_068-51b
074.md	819	KR1d0051_WYG_068-52a
074.md	827	KR1d0051_WYG_068-52b
074.md	835	KR1d0051_WYG_068-53a
074.md	843	KR1d0051_WYG_068-53b
074.md	851	KR1d0051_WYG_068-54a
074.md	859	KR1d0051_WYG_068-54b
074.md	867	KR1d0051_WYG_068-55a
074.md	875	KR1d0051_WYG_068-55b
074.md	883	KR1d0051_WYG_068-56a
074.md	891	KR1d0051_WYG_068-56b
074.md	899	KR1d0051_WYG_068-57a
074.md	907	KR1d0051_WYG_068-57b
074.md	915	KR1d0051_WYG_068-58a
074.md	923	KR1d0051_WYG_068-58b
075.md	3	KR1d0051_WYG_069-1a
075.md	11	KR1d0051_WYG_069-1b
075.md	19	KR1d0051_WYG_069-2a
075.md	27	KR1d0051_WYG_069-2b
075.md	35	KR1d0051_WYG_069-3a
075.md	43	KR1d0051_WYG_069-3b
075.md	51	KR1d0051_WYG_069-4a
075.md	59	KR1d0051_WYG_069-4b
075.md	67	KR1d0051_WYG_069-5a
075.md	75	KR1d0051_WYG_069-5b
075.md	83	KR1d0051_WYG_069-6a
075.md	91	KR1d0051_WYG_069-6b
075.md	99	KR1d0051_WYG_069-7a
075.md	107	KR1d0051_WYG_069-7b
075.md	115	KR1d0051_WYG_069-8a
075.md	123	KR1d0051_WYG_069-8b
075.md	131	KR1d0051_WYG_069-9a
075.md	139	KR1d0051_WYG_069-9b
075.md	147	KR1d0051_WYG_069-10a
075.md	155	KR1d0051_WYG_069-10b
075.md	163	KR1d0051_WYG_069-11a
075.md	171	KR1d0051_WYG_069-11b
075.md	179	KR1d0051_WYG_069-12a
075.md	187	KR1d0051_WYG_069-12b
075.md	195	KR1d0051_WYG_069-13a
075.md	203	KR1d0051_WYG_069-13b
075.md	211	KR1d0051_WYG_069-14a
075.md	219	KR1d0051_WYG_069-14b
075.md	227	KR1d0051_WYG_069-15a
075.md	235	KR1d0051_WYG_069-15b
075.md	243	KR1d0051_WYG_069-16a
075.md	251	KR1d0051_WYG_069-16b
075.md	259	KR1d0051_WYG_069-17a
075.md	267	KR1d0051_WYG_069-17b
075.md	275	KR1d0051_WYG_069-18a
075.md	283	KR1d0051_WYG_069-18b
075.md	291	KR1d0051_WYG_069-19a
075.md	299	KR1d0051_WYG_069-19b
075.md	307	KR1d0051_WYG_069-20a
075.md	315	KR1d0051_WYG_069-20b
075.md	323	KR1d0051_WYG_069-21a
075.md	331	KR1d0051_WYG_069-21b
075.md	339	KR1d0051_WYG_069-22a
075.md	347	KR1d0051_WYG_069-22b
075.md	355	KR1d0051_WYG_069-23a
075.md	363	KR1d0051_WYG_069-23b
075.md	371	KR1d0051_WYG_069-24a
075.md	379	KR1d0051_WYG_069-24b
075.md	387	KR1d0051_WYG_069-25a
075.md	395	KR1d0051_WYG_069-25b
075.md	403	KR1d0051_WYG_069-26a
075.md	411	KR1d0051_WYG_069-26b
075.md	419	KR1d0051_WYG_069-27a
075.md	427	KR1d0051_WYG_069-27b
075.md	435	KR1d0051_WYG_069-28a
075.md	443	KR1d0051_WYG_069-28b
075.md	451	KR1d0051_WYG_069-29a
075.md	459	KR1d0051_WYG_069-29b
075.md	467	KR1d0051_WYG_069-30a
075.md	475	KR1d0051_WYG_069-30b
075.md	483	KR1d0051_WYG_069-31a
075.md	491	KR1d0051_WYG_069-31b
076.md	3	KR1d0051_WYG_070-1a
076.md	11	KR1d0051_WYG_070-1b
076.md	19	KR1d0051_WYG_070-2a
076.md	27	KR1d0051_WYG_070-2b
076.md	35	KR1d0051_WYG_070-3a
076.md	43	KR1d0051_WYG_070-3b
076.md	51	KR1d0051_WYG_070-4a
076.md	59	KR1d0051_WYG_070-4b
076.md	67	KR1d0051_WYG_070-5a
076.md	75	KR1d0051_WYG_070-5b
076.md	83	KR1d0051_WYG_070-6a
076.md	91	KR1d0051_WYG_070-6b
076.md	99	KR1d0051_WYG_070-7a
076.md	107	KR1d0051_WYG_070-7b
076.md	115	KR1d0051_WYG_070-8a
076.md	123	KR1d0051_WYG_070-8b
076.md	131	KR1d0051_WYG_070-9a
076.md	139	KR1d0051_WYG_070-9b
076.md	147	KR1d0051_WYG_070-10a
076.md	155	KR1d0051_WYG_070-10b
076.md	163	KR1d0051_WYG_070-11a
076.md	171	KR1d0051_WYG_070-11b
076.md	179	KR1d0051_WYG_070-12a
076.md	187	KR1d0051_WYG_070-12b
076.md	195	KR1d0051_WYG_070-13a
076.md	203	KR1d0051_WYG_070-13b
076.md	211	KR1d0051_WYG_070-14a
076.md	219	KR1d0051_WYG_070-14b
076.md	227	KR1d0051_WYG_070-15a
076.md	235	KR1d0051_WYG_070-15b
076.md	243	KR1d0051_WYG_070-16a
076.md	251	KR1d0051_WYG_070-16b
076.md	259	KR1d0051_WYG_070-17a
076.md	267	KR1d0051_WYG_070-17b
076.md	275	KR1d0051_WYG_070-18a
076.md	283	KR1d0051_WYG_070-18b
076.md	291	KR1d0051_WYG_070-19a
076.md	299	KR1d0051_WYG_070-19b
076.md	307	KR1d0051_WYG_070-20a
076.md	315	KR1d0051_WYG_070-20b
076.md	323	KR1d0051_WYG_070-21a
076.md	331	KR1d0051_WYG_070-21b
076.md	339	KR1d0051_WYG_070-22a
076.md	347	KR1d0051_WYG_070-22b
076.md	355	KR1d0051_WYG_070-23a
076.md	363	KR1d0051_WYG_070-23b
077.md	3	KR1d0051_WYG_071-1a
077.md	11	KR1d0051_WYG_071-1b
077.md	19	KR1d0051_WYG_071-2a
077.md	27	KR1d0051_WYG_071-2b
077.md	35	KR1d0051_WYG_071-3a
077.md	43	KR1d0051_WYG_071-3b
077.md	51	KR1d0051_WYG_071-4a
077.md	59	KR1d0051_WYG_071-4b
077.md	67	KR1d0051_WYG_071-5a
077.md	75	KR1d0051_WYG_071-5b
077.md	83	KR1d0051_WYG_071-6a
077.md	91	KR1d0051_WYG_071-6b
077.md	99	KR1d0051_WYG_071-7a
077.md	107	KR1d0051_WYG_071-7b
077.md	115	KR1d0051_WYG_071-8a
077.md	123	KR1d0051_WYG_071-8b
077.md	131	KR1d0051_WYG_071-9a
077.md	139	KR1d0051_WYG_071-9b
077.md	147	KR1d0051_WYG_071-10a
077.md	155	KR1d0051_WYG_071-10b
077.md	163	KR1d0051_WYG_071-11a
077.md	171	KR1d0051_WYG_071-11b
077.md	179	KR1d0051_WYG_071-12a
077.md	187	KR1d0051_WYG_071-12b
077.md	195	KR1d0051_WYG_071-13a
077.md	203	KR1d0051_WYG_071-13b
077.md	211	KR1d0051_WYG_071-14a
077.md	219	KR1d0051_WYG_071-14b
077.md	227	KR1d0051_WYG_071-15a
077.md	235	KR1d0051_WYG_071-15b
077.md	243	KR1d0051_WYG_071-16a
077.md	251	KR1d0051_WYG_071-16b
077.md	259	KR1d0051_WYG_071-17a
077.md	267	KR1d0051_WYG_071-17b
077.md	275	KR1d0051_WYG_071-18a
077.md	283	KR1d0051_WYG_071-18b
077.md	291	KR1d0051_WYG_071-19a
077.md	299	KR1d0051_WYG_071-19b
077.md	307	KR1d0051_WYG_071-20a
077.md	315	KR1d0051_WYG_071-20b
077.md	323	KR1d0051_WYG_071-21a
077.md	331	KR1d0051_WYG_071-21b
077.md	339	KR1d0051_WYG_071-22a
077.md	347	KR1d0051_WYG_071-22b
077.md	355	KR1d0051_WYG_071-23a
077.md	363	KR1d0051_WYG_071-23b
077.md	371	KR1d0051_WYG_071-24a
077.md	379	KR1d0051_WYG_071-24b
077.md	387	KR1d0051_WYG_071-25a
077.md	395	KR1d0051_WYG_071-25b
077.md	403	KR1d0051_WYG_071-26a
077.md	411	KR1d0051_WYG_071-26b
077.md	419	KR1d0051_WYG_071-27a
077.md	427	KR1d0051_WYG_071-27b
077.md	435	KR1d0051_WYG_071-28a
077.md	443	KR1d0051_WYG_071-28b
077.md	451	KR1d0051_WYG_071-29a
077.md	459	KR1d0051_WYG_071-29b
077.md	467	KR1d0051_WYG_071-30a
077.md	475	KR1d0051_WYG_071-30b
077.md	483	KR1d0051_WYG_071-31a
077.md	491	KR1d0051_WYG_071-31b
077.md	499	KR1d0051_WYG_071-32a
077.md	507	KR1d0051_WYG_071-32b
077.md	515	KR1d0051_WYG_071-33a
077.md	523	KR1d0051_WYG_071-33b
077.md	531	KR1d0051_WYG_071-34a
077.md	539	KR1d0051_WYG_071-34b
078.md	3	KR1d0051_WYG_072-1a
078.md	11	KR1d0051_WYG_072-1b
078.md	19	KR1d0051_WYG_072-2a
078.md	27	KR1d0051_WYG_072-2b
078.md	35	KR1d0051_WYG_072-3a
078.md	43	KR1d0051_WYG_072-3b
078.md	51	KR1d0051_WYG_072-4a
078.md	59	KR1d0051_WYG_072-4b
078.md	67	KR1d0051_WYG_072-5a
078.md	75	KR1d0051_WYG_072-5b
078.md	83	KR1d0051_WYG_072-6a
078.md	91	KR1d0051_WYG_072-6b
078.md	99	KR1d0051_WYG_072-7a
078.md	107	KR1d0051_WYG_072-7b
078.md	115	KR1d0051_WYG_072-8a
078.md	123	KR1d0051_WYG_072-8b
078.md	131	KR1d0051_WYG_072-9a
078.md	139	KR1d0051_WYG_072-9b
078.md	147	KR1d0051_WYG_072-10a
078.md	155	KR1d0051_WYG_072-10b
078.md	163	KR1d0051_WYG_072-11a
078.md	171	KR1d0051_WYG_072-11b
078.md	179	KR1d0051_WYG_072-12a
078.md	187	KR1d0051_WYG_072-12b
078.md	195	KR1d0051_WYG_072-13a
078.md	203	KR1d0051_WYG_072-13b
078.md	211	KR1d0051_WYG_072-14a
078.md	219	KR1d0051_WYG_072-14b
078.md	227	KR1d0051_WYG_072-15a
078.md	235	KR1d0051_WYG_072-15b
078.md	243	KR1d0051_WYG_072-16a
078.md	251	KR1d0051_WYG_072-16b
078.md	259	KR1d0051_WYG_072-17a
078.md	267	KR1d0051_WYG_072-17b
078.md	275	KR1d0051_WYG_072-18a
078.md	283	KR1d0051_WYG_072-18b
078.md	291	KR1d0051_WYG_072-19a
078.md	299	KR1d0051_WYG_072-19b
078.md	307	KR1d0051_WYG_072-20a
078.md	315	KR1d0051_WYG_072-20b
078.md	323	KR1d0051_WYG_072-21a
078.md	331	KR1d0051_WYG_072-21b
078.md	339	KR1d0051_WYG_072-22a
078.md	347	KR1d0051_WYG_072-22b
078.md	355	KR1d0051_WYG_072-23a
078.md	363	KR1d0051_WYG_072-23b
078.md	371	KR1d0051_WYG_072-24a
078.md	379	KR1d0051_WYG_072-24b
078.md	387	KR1d0051_WYG_072-25a
078.md	395	KR1d0051_WYG_072-25b
078.md	403	KR1d0051_WYG_072-26a
078.md	411	KR1d0051_WYG_072-26b
078.md	419	KR1d0051_WYG_072-27a
078.md	427	KR1d0051_WYG_072-27b
078.md	435	KR1d0051_WYG_072-28a
078.md	443	KR1d0051_WYG_072-28b
078.md	451	KR1d0051_WYG_072-29a
078.md	459	KR1d0051_WYG_072-29b
078.md	467	KR1d0051_WYG_072-30a
078.md	475	KR1d0051_WYG_072-30b
079.md	3	KR1d0051_WYG_073-1a
079.md	11	KR1d0051_WYG_073-1b
079.md	19	KR1d0051_WYG_073-2a
079.md	27	KR1d0051_WYG_073-2b
079.md	35	KR1d0051_WYG_073-3a
079.md	43	KR1d0051_WYG_073-3b
079.md	51	KR1d0051_WYG_073-4a
079.md	59	KR1d0051_WYG_073-4b
079.md	67	KR1d0051_WYG_073-5a
079.md	75	KR1d0051_WYG_073-5b
079.md	83	KR1d0051_WYG_073-6a
079.md	91	KR1d0051_WYG_073-6b
079.md	99	KR1d0051_WYG_073-7a
079.md	107	KR1d0051_WYG_073-7b
079.md	115	KR1d0051_WYG_073-8a
079.md	123	KR1d0051_WYG_073-8b
079.md	131	KR1d0051_WYG_073-9a
079.md	139	KR1d0051_WYG_073-9b
079.md	147	KR1d0051_WYG_073-10a
079.md	155	KR1d0051_WYG_073-10b
079.md	163	KR1d0051_WYG_073-11a
079.md	171	KR1d0051_WYG_073-11b
079.md	179	KR1d0051_WYG_073-12a
079.md	187	KR1d0051_WYG_073-12b
079.md	195	KR1d0051_WYG_073-13a
079.md	203	KR1d0051_WYG_073-13b
079.md	211	KR1d0051_WYG_073-14a
079.md	219	KR1d0051_WYG_073-14b
079.md	227	KR1d0051_WYG_073-15a
079.md	235	KR1d0051_WYG_073-15b
079.md	243	KR1d0051_WYG_073-16a
079.md	251	KR1d0051_WYG_073-16b
079.md	259	KR1d0051_WYG_073-17a
079.md	267	KR1d0051_WYG_073-17b
079.md	275	KR1d0051_WYG_073-18a
079.md	283	KR1d0051_WYG_073-18b
079.md	291	KR1d0051_WYG_073-19a
079.md	299	KR1d0051_WYG_073-19b
079.md	307	KR1d0051_WYG_073-20a
079.md	315	KR1d0051_WYG_073-20b
079.md	323	KR1d0051_WYG_073-21a
079.md	331	KR1d0051_WYG_073-21b
079.md	339	KR1d0051_WYG_073-22a
079.md	347	KR1d0051_WYG_073-22b
079.md	355	KR1d0051_WYG_073-23a
079.md	363	KR1d0051_WYG_073-23b
079.md	371	KR1d0051_WYG_073-24a
079.md	379	KR1d0051_WYG_073-24b
079.md	387	KR1d0051_WYG_073-25a
079.md	395	KR1d0051_WYG_073-25b
079.md	403	KR1d0051_WYG_073-26a
079.md	411	KR1d0051_WYG_073-26b
079.md	419	KR1d0051_WYG_073-27a
079.md	427	KR1d0051_WYG_073-27b
079.md	435	KR1d0051_WYG_073-28a
079.md	443	KR1d0051_WYG_073-28b
079.md	451	KR1d0051_WYG_073-29a
079.md	459	KR1d0051_WYG_073-29b
079.md	467	KR1d0051_WYG_073-30a
079.md	475	KR1d0051_WYG_073-30b
079.md	483	KR1d0051_WYG_073-31a
079.md	491	KR1d0051_WYG_073-31b
079.md	499	KR1d0051_WYG_073-32a
079.md	507	KR1d0051_WYG_073-32b
079.md	515	KR1d0051_WYG_073-33a
079.md	523	KR1d0051_WYG_073-33b
079.md	531	KR1d0051_WYG_073-34a
079.md	539	KR1d0051_WYG_073-34b
079.md	547	KR1d0051_WYG_073-35a
079.md	555	KR1d0051_WYG_073-35b
079.md	563	KR1d0051_WYG_073-36a
079.md	571	KR1d0051_WYG_073-36b
079.md	579	KR1d0051_WYG_073-37a
079.md	587	KR1d0051_WYG_073-37b
079.md	595	KR1d0051_WYG_073-38a
079.md	603	KR1d0051_WYG_073-38b
079.md	611	KR1d0051_WYG_073-39a
079.md	619	KR1d0051_WYG_073-39b
079.md	627	KR1d0051_WYG_073-40a
079.md	635	KR1d0051_WYG_073-40b
080.md	3	KR1d0051_WYG_074-1a
080.md	11	KR1d0051_WYG_074-1b
080.md	19	KR1d0051_WYG_074-2a
080.md	27	KR1d0051_WYG_074-2b
080.md	35	KR1d0051_WYG_074-3a
080.md	43	KR1d0051_WYG_074-3b
080.md	51	KR1d0051_WYG_074-4a
080.md	59	KR1d0051_WYG_074-4b
080.md	67	KR1d0051_WYG_074-5a
080.md	75	KR1d0051_WYG_074-5b
080.md	83	KR1d0051_WYG_074-6a
080.md	91	KR1d0051_WYG_074-6b
080.md	99	KR1d0051_WYG_074-7a
080.md	107	KR1d0051_WYG_074-7b
080.md	115	KR1d0051_WYG_074-8a
080.md	123	KR1d0051_WYG_074-8b
080.md	131	KR1d0051_WYG_074-9a
080.md	139	KR1d0051_WYG_074-9b
080.md	147	KR1d0051_WYG_074-10a
080.md	155	KR1d0051_WYG_074-10b
080.md	163	KR1d0051_WYG_074-11a
080.md	171	KR1d0051_WYG_074-11b
080.md	179	KR1d0051_WYG_074-12a
080.md	187	KR1d0051_WYG_074-12b
080.md	195	KR1d0051_WYG_074-13a
080.md	203	KR1d0051_WYG_074-13b
080.md	211	KR1d0051_WYG_074-14a
080.md	219	KR1d0051_WYG_074-14b
080.md	227	KR1d0051_WYG_074-15a
080.md	235	KR1d0051_WYG_074-15b
080.md	243	KR1d0051_WYG_074-16a
080.md	251	KR1d0051_WYG_074-16b
080.md	259	KR1d0051_WYG_074-17a
080.md	267	KR1d0051_WYG_074-17b
080.md	275	KR1d0051_WYG_074-18a
080.md	283	KR1d0051_WYG_074-18b
080.md	291	KR1d0051_WYG_074-19a
080.md	299	KR1d0051_WYG_074-19b
080.md	307	KR1d0051_WYG_074-20a
080.md	315	KR1d0051_WYG_074-20b
080.md	323	KR1d0051_WYG_074-21a
080.md	331	KR1d0051_WYG_074-21b
080.md	339	KR1d0051_WYG_074-22a
080.md	347	KR1d0051_WYG_074-22b
080.md	355	KR1d0051_WYG_074-23a
080.md	363	KR1d0051_WYG_074-23b
080.md	371	KR1d0051_WYG_074-24a
080.md	379	KR1d0051_WYG_074-24b
080.md	387	KR1d0051_WYG_074-25a
080.md	395	KR1d0051_WYG_074-25b
080.md	403	KR1d0051_WYG_074-26a
080.md	411	KR1d0051_WYG_074-26b
080.md	419	KR1d0051_WYG_074-27a
080.md	427	KR1d0051_WYG_074-27b
080.md	435	KR1d0051_WYG_074-28a
080.md	443	KR1d0051_WYG_074-28b
080.md	451	KR1d0051_WYG_074-29a
080.md	459	KR1d0051_WYG_074-29b
080.md	467	KR1d0051_WYG_074-30a
080.md	475	KR1d0051_WYG_074-30b
080.md	483	KR1d0051_WYG_074-31a
080.md	491	KR1d0051_WYG_074-31b
080.md	499	KR1d0051_WYG_074-32a
080.md	507	KR1d0051_WYG_074-32b
080.md	515	KR1d0051_WYG_074-33a
080.md	523	KR1d0051_WYG_074-33b
080.md	531	KR1d0051_WYG_074-34a
080.md	539	KR1d0051_WYG_074-34b
080.md	547	KR1d0051_WYG_074-35a
080.md	555	KR1d0051_WYG_074-35b
080.md	563	KR1d0051_WYG_074-36a
080.md	571	KR1d0051_WYG_074-36b
080.md	579	KR1d0051_WYG_074-37a
080.md	587	KR1d0051_WYG_074-37b
080.md	595	KR1d0051_WYG_074-38a
080.md	603	KR1d0051_WYG_074-38b
080.md	611	KR1d0051_WYG_074-39a
080.md	619	KR1d0051_WYG_074-39b
080.md	627	KR1d0051_WYG_074-40a
080.md	635	KR1d0051_WYG_074-40b
081.md	3	KR1d0051_WYG_075-1a
081.md	11	KR1d0051_WYG_075-1b
081.md	19	KR1d0051_WYG_075-2a
081.md	27	KR1d0051_WYG_075-2b
081.md	35	KR1d0051_WYG_075-3a
081.md	43	KR1d0051_WYG_075-3b
081.md	51	KR1d0051_WYG_075-4a
081.md	59	KR1d0051_WYG_075-4b
081.md	67	KR1d0051_WYG_075-5a
081.md	75	KR1d0051_WYG_075-5b
081.md	83	KR1d0051_WYG_075-6a
081.md	91	KR1d0051_WYG_075-6b
081.md	99	KR1d0051_WYG_075-7a
081.md	107	KR1d0051_WYG_075-7b
081.md	115	KR1d0051_WYG_075-8a
081.md	123	KR1d0051_WYG_075-8b
081.md	131	KR1d0051_WYG_075-9a
081.md	139	KR1d0051_WYG_075-9b
081.md	147	KR1d0051_WYG_075-10a
081.md	155	KR1d0051_WYG_075-10b
081.md	163	KR1d0051_WYG_075-11a
081.md	171	KR1d0051_WYG_075-11b
081.md	179	KR1d0051_WYG_075-12a
081.md	187	KR1d0051_WYG_075-12b
081.md	195	KR1d0051_WYG_075-13a
081.md	203	KR1d0051_WYG_075-13b
081.md	211	KR1d0051_WYG_075-14a
081.md	219	KR1d0051_WYG_075-14b
081.md	227	KR1d0051_WYG_075-15a
081.md	235	KR1d0051_WYG_075-15b
081.md	243	KR1d0051_WYG_075-16a
081.md	251	KR1d0051_WYG_075-16b
081.md	259	KR1d0051_WYG_075-17a
081.md	267	KR1d0051_WYG_075-17b
081.md	275	KR1d0051_WYG_075-18a
081.md	283	KR1d0051_WYG_075-18b
081.md	291	KR1d0051_WYG_075-19a
081.md	299	KR1d0051_WYG_075-19b
081.md	307	KR1d0051_WYG_075-20a
081.md	315	KR1d0051_WYG_075-20b
081.md	323	KR1d0051_WYG_075-21a
081.md	331	KR1d0051_WYG_075-21b
081.md	339	KR1d0051_WYG_075-22a
081.md	347	KR1d0051_WYG_075-22b
081.md	355	KR1d0051_WYG_075-23a
081.md	363	KR1d0051_WYG_075-23b
081.md	371	KR1d0051_WYG_075-24a
081.md	379	KR1d0051_WYG_075-24b
081.md	387	KR1d0051_WYG_075-25a
081.md	395	KR1d0051_WYG_075-25b
082.md	3	KR1d0051_WYG_076-1a
082.md	11	KR1d0051_WYG_076-1b
082.md	19	KR1d0051_WYG_076-2a
082.md	27	KR1d0051_WYG_076-2b
082.md	35	KR1d0051_WYG_076-3a
082.md	43	KR1d0051_WYG_076-3b
082.md	51	KR1d0051_WYG_076-4a
082.md	59	KR1d0051_WYG_076-4b
082.md	67	KR1d0051_WYG_076-5a
082.md	75	KR1d0051_WYG_076-5b
082.md	83	KR1d0051_WYG_076-6a
082.md	91	KR1d0051_WYG_076-6b
082.md	99	KR1d0051_WYG_076-7a
082.md	107	KR1d0051_WYG_076-7b
082.md	115	KR1d0051_WYG_076-8a
082.md	123	KR1d0051_WYG_076-8b
082.md	131	KR1d0051_WYG_076-9a
082.md	139	KR1d0051_WYG_076-9b
082.md	147	KR1d0051_WYG_076-10a
082.md	155	KR1d0051_WYG_076-10b
082.md	163	KR1d0051_WYG_076-11a
082.md	171	KR1d0051_WYG_076-11b
082.md	179	KR1d0051_WYG_076-12a
082.md	187	KR1d0051_WYG_076-12b
082.md	195	KR1d0051_WYG_076-13a
082.md	203	KR1d0051_WYG_076-13b
082.md	211	KR1d0051_WYG_076-14a
082.md	219	KR1d0051_WYG_076-14b
082.md	227	KR1d0051_WYG_076-15a
082.md	235	KR1d0051_WYG_076-15b
082.md	243	KR1d0051_WYG_076-16a
082.md	251	KR1d0051_WYG_076-16b
082.md	259	KR1d0051_WYG_076-17a
082.md	267	KR1d0051_WYG_076-17b
082.md	275	KR1d0051_WYG_076-18a
082.md	283	KR1d0051_WYG_076-18b
082.md	291	KR1d0051_WYG_076-19a
082.md	299	KR1d0051_WYG_076-19b
082.md	307	KR1d0051_WYG_076-20a
082.md	315	KR1d0051_WYG_076-20b
082.md	323	KR1d0051_WYG_076-21a
082.md	331	KR1d0051_WYG_076-21b
082.md	339	KR1d0051_WYG_076-22a
082.md	347	KR1d0051_WYG_076-22b
082.md	355	KR1d0051_WYG_076-23a
082.md	363	KR1d0051_WYG_076-23b
082.md	371	KR1d0051_WYG_076-24a
082.md	379	KR1d0051_WYG_076-24b
082.md	387	KR1d0051_WYG_076-25a
082.md	395	KR1d0051_WYG_076-25b
083.md	3	KR1d0051_WYG_077-1a
083.md	11	KR1d0051_WYG_077-1b
083.md	19	KR1d0051_WYG_077-2a
083.md	27	KR1d0051_WYG_077-2b
083.md	35	KR1d0051_WYG_077-3a
083.md	43	KR1d0051_WYG_077-3b
083.md	51	KR1d0051_WYG_077-4a
083.md	59	KR1d0051_WYG_077-4b
083.md	67	KR1d0051_WYG_077-5a
083.md	75	KR1d0051_WYG_077-5b
083.md	83	KR1d0051_WYG_077-6a
083.md	91	KR1d0051_WYG_077-6b
083.md	99	KR1d0051_WYG_077-7a
083.md	107	KR1d0051_WYG_077-7b
083.md	115	KR1d0051_WYG_077-8a
083.md	123	KR1d0051_WYG_077-8b
083.md	131	KR1d0051_WYG_077-9a
083.md	139	KR1d0051_WYG_077-9b
083.md	147	KR1d0051_WYG_077-10a
083.md	155	KR1d0051_WYG_077-10b
083.md	163	KR1d0051_WYG_077-11a
083.md	171	KR1d0051_WYG_077-11b
083.md	179	KR1d0051_WYG_077-12a
083.md	187	KR1d0051_WYG_077-12b
083.md	195	KR1d0051_WYG_077-13a
083.md	203	KR1d0051_WYG_077-13b
083.md	211	KR1d0051_WYG_077-14a
083.md	219	KR1d0051_WYG_077-14b
083.md	227	KR1d0051_WYG_077-15a
083.md	235	KR1d0051_WYG_077-15b
083.md	243	KR1d0051_WYG_077-16a
083.md	251	KR1d0051_WYG_077-16b
083.md	259	KR1d0051_WYG_077-17a
083.md	267	KR1d0051_WYG_077-17b
083.md	275	KR1d0051_WYG_077-18a
083.md	283	KR1d0051_WYG_077-18b
083.md	291	KR1d0051_WYG_077-19a
083.md	299	KR1d0051_WYG_077-19b
083.md	307	KR1d0051_WYG_077-20a
083.md	315	KR1d0051_WYG_077-20b
083.md	323	KR1d0051_WYG_077-21a
083.md	331	KR1d0051_WYG_077-21b
083.md	339	KR1d0051_WYG_077-22a
083.md	347	KR1d0051_WYG_077-22b
083.md	355	KR1d0051_WYG_077-23a
083.md	363	KR1d0051_WYG_077-23b
083.md	371	KR1d0051_WYG_077-24a
083.md	379	KR1d0051_WYG_077-24b
083.md	387	KR1d0051_WYG_077-25a
083.md	395	KR1d0051_WYG_077-25b
083.md	403	KR1d0051_WYG_077-26a
083.md	411	KR1d0051_WYG_077-26b
083.md	419	KR1d0051_WYG_077-27a
083.md	427	KR1d0051_WYG_077-27b
083.md	435	KR1d0051_WYG_077-28a
083.md	443	KR1d0051_WYG_077-28b
083.md	451	KR1d0051_WYG_077-29a
083.md	459	KR1d0051_WYG_077-29b
083.md	467	KR1d0051_WYG_077-30a
083.md	475	KR1d0051_WYG_077-30b
083.md	483	KR1d0051_WYG_077-31a
083.md	491	KR1d0051_WYG_077-31b
083.md	499	KR1d0051_WYG_077-32a
083.md	507	KR1d0051_WYG_077-32b
083.md	515	KR1d0051_WYG_077-33a
083.md	523	KR1d0051_WYG_077-33b
083.md	531	KR1d0051_WYG_077-34a
083.md	539	KR1d0051_WYG_077-34b
083.md	547	KR1d0051_WYG_077-35a
083.md	555	KR1d0051_WYG_077-35b
083.md	563	KR1d0051_WYG_077-36a
083.md	571	KR1d0051_WYG_077-36b
083.md	579	KR1d0051_WYG_077-37a
083.md	587	KR1d0051_WYG_077-37b
083.md	595	KR1d0051_WYG_077-38a
083.md	603	KR1d0051_WYG_077-38b
083.md	611	KR1d0051_WYG_077-39a
083.md	619	KR1d0051_WYG_077-39b
084.md	3	KR1d0051_WYG_078-1a
084.md	11	KR1d0051_WYG_078-1b
084.md	19	KR1d0051_WYG_078-2a
084.md	27	KR1d0051_WYG_078-2b
084.md	35	KR1d0051_WYG_078-3a
084.md	43	KR1d0051_WYG_078-3b
084.md	51	KR1d0051_WYG_078-4a
084.md	59	KR1d0051_WYG_078-4b
084.md	67	KR1d0051_WYG_078-5a
084.md	75	KR1d0051_WYG_078-5b
084.md	83	KR1d0051_WYG_078-6a
084.md	91	KR1d0051_WYG_078-6b
084.md	99	KR1d0051_WYG_078-7a
084.md	107	KR1d0051_WYG_078-7b
084.md	115	KR1d0051_WYG_078-8a
084.md	123	KR1d0051_WYG_078-8b
084.md	131	KR1d0051_WYG_078-9a
084.md	139	KR1d0051_WYG_078-9b
084.md	147	KR1d0051_WYG_078-10a
084.md	155	KR1d0051_WYG_078-10b
084.md	163	KR1d0051_WYG_078-11a
084.md	171	KR1d0051_WYG_078-11b
084.md	179	KR1d0051_WYG_078-12a
084.md	187	KR1d0051_WYG_078-12b
084.md	195	KR1d0051_WYG_078-13a
084.md	203	KR1d0051_WYG_078-13b
084.md	211	KR1d0051_WYG_078-14a
084.md	219	KR1d0051_WYG_078-14b
084.md	227	KR1d0051_WYG_078-15a
084.md	235	KR1d0051_WYG_078-15b
084.md	243	KR1d0051_WYG_078-16a
084.md	251	KR1d0051_WYG_078-16b
084.md	259	KR1d0051_WYG_078-17a
084.md	267	KR1d0051_WYG_078-17b
084.md	275	KR1d0051_WYG_078-18a
084.md	283	KR1d0051_WYG_078-18b
084.md	291	KR1d0051_WYG_078-19a
084.md	299	KR1d0051_WYG_078-19b
084.md	307	KR1d0051_WYG_078-20a
084.md	315	KR1d0051_WYG_078-20b
084.md	323	KR1d0051_WYG_078-21a
084.md	331	KR1d0051_WYG_078-21b
084.md	339	KR1d0051_WYG_078-22a
084.md	347	KR1d0051_WYG_078-22b
084.md	355	KR1d0051_WYG_078-23a
084.md	363	KR1d0051_WYG_078-23b
084.md	371	KR1d0051_WYG_078-24a
084.md	379	KR1d0051_WYG_078-24b
084.md	387	KR1d0051_WYG_078-25a
084.md	395	KR1d0051_WYG_078-25b
084.md	403	KR1d0051_WYG_078-26a
084.md	411	KR1d0051_WYG_078-26b
084.md	419	KR1d0051_WYG_078-27a
084.md	427	KR1d0051_WYG_078-27b
084.md	435	KR1d0051_WYG_078-28a
084.md	443	KR1d0051_WYG_078-28b
084.md	451	KR1d0051_WYG_078-29a
084.md	459	KR1d0051_WYG_078-29b
084.md	467	KR1d0051_WYG_078-30a
084.md	475	KR1d0051_WYG_078-30b
084.md	483	KR1d0051_WYG_078-31a
084.md	491	KR1d0051_WYG_078-31b
084.md	499	KR1d0051_WYG_078-32a
084.md	507	KR1d0051_WYG_078-32b
084.md	515	KR1d0051_WYG_078-33a
084.md	523	KR1d0051_WYG_078-33b
084.md	531	KR1d0051_WYG_078-34a
084.md	539	KR1d0051_WYG_078-34b
084.md	547	KR1d0051_WYG_078-35a
084.md	555	KR1d0051_WYG_078-35b
084.md	563	KR1d0051_WYG_078-36a
084.md	571	KR1d0051_WYG_078-36b
084.md	579	KR1d0051_WYG_078-37a
084.md	587	KR1d0051_WYG_078-37b
084.md	595	KR1d0051_WYG_078-38a
084.md	603	KR1d0051_WYG_078-38b
085.md	3	KR1d0051_WYG_079-1a
085.md	11	KR1d0051_WYG_079-1b
085.md	19	KR1d0051_WYG_079-2a
085.md	27	KR1d0051_WYG_079-2b
085.md	35	KR1d0051_WYG_079-3a
085.md	43	KR1d0051_WYG_079-3b
085.md	51	KR1d0051_WYG_079-4a
085.md	59	KR1d0051_WYG_079-4b
085.md	67	KR1d0051_WYG_079-5a
085.md	75	KR1d0051_WYG_079-5b
085.md	83	KR1d0051_WYG_079-6a
085.md	91	KR1d0051_WYG_079-6b
085.md	99	KR1d0051_WYG_079-7a
085.md	107	KR1d0051_WYG_079-7b
085.md	115	KR1d0051_WYG_079-8a
085.md	123	KR1d0051_WYG_079-8b
085.md	131	KR1d0051_WYG_079-9a
085.md	139	KR1d0051_WYG_079-9b
085.md	147	KR1d0051_WYG_079-10a
085.md	155	KR1d0051_WYG_079-10b
085.md	163	KR1d0051_WYG_079-11a
085.md	171	KR1d0051_WYG_079-11b
085.md	179	KR1d0051_WYG_079-12a
085.md	187	KR1d0051_WYG_079-12b
085.md	195	KR1d0051_WYG_079-13a
085.md	203	KR1d0051_WYG_079-13b
085.md	211	KR1d0051_WYG_079-14a
085.md	219	KR1d0051_WYG_079-14b
085.md	227	KR1d0051_WYG_079-15a
085.md	235	KR1d0051_WYG_079-15b
085.md	243	KR1d0051_WYG_079-16a
085.md	251	KR1d0051_WYG_079-16b
085.md	259	KR1d0051_WYG_079-17a
085.md	267	KR1d0051_WYG_079-17b
085.md	275	KR1d0051_WYG_079-18a
085.md	283	KR1d0051_WYG_079-18b
085.md	291	KR1d0051_WYG_079-19a
085.md	299	KR1d0051_WYG_079-19b
085.md	307	KR1d0051_WYG_079-20a
085.md	315	KR1d0051_WYG_079-20b
085.md	323	KR1d0051_WYG_079-21a
085.md	331	KR1d0051_WYG_079-21b
085.md	339	KR1d0051_WYG_079-22a
085.md	347	KR1d0051_WYG_079-22b
085.md	355	KR1d0051_WYG_079-23a
085.md	363	KR1d0051_WYG_079-23b
085.md	371	KR1d0051_WYG_079-24a
085.md	379	KR1d0051_WYG_079-24b
085.md	387	KR1d0051_WYG_079-25a
085.md	395	KR1d0051_WYG_079-25b
085.md	403	KR1d0051_WYG_079-26a
085.md	411	KR1d0051_WYG_079-26b
085.md	419	KR1d0051_WYG_079-27a
085.md	427	KR1d0051_WYG_079-27b
085.md	435	KR1d0051_WYG_079-28a
085.md	443	KR1d0051_WYG_079-28b
085.md	451	KR1d0051_WYG_079-29a
085.md	459	KR1d0051_WYG_079-29b
085.md	467	KR1d0051_WYG_079-30a
085.md	475	KR1d0051_WYG_079-30b
085.md	483	KR1d0051_WYG_079-31a
085.md	491	KR1d0051_WYG_079-31b
085.md	499	KR1d0051_WYG_079-32a
085.md	507	KR1d0051_WYG_079-32b
085.md	515	KR1d0051_WYG_079-33a
085.md	523	KR1d0051_WYG_079-33b
085.md	531	KR1d0051_WYG_079-34a
085.md	539	KR1d0051_WYG_079-34b
085.md	547	KR1d0051_WYG_079-35a
085.md	555	KR1d0051_WYG_079-35b
085.md	563	KR1d0051_WYG_079-36a
085.md	571	KR1d0051_WYG_079-36b
085.md	579	KR1d0051_WYG_079-37a
085.md	587	KR1d0051_WYG_079-37b
086.md	3	KR1d0051_WYG_080-1a
086.md	11	KR1d0051_WYG_080-1b
086.md	19	KR1d0051_WYG_080-2a
086.md	27	KR1d0051_WYG_080-2b
086.md	35	KR1d0051_WYG_080-3a
086.md	43	KR1d0051_WYG_080-3b
086.md	51	KR1d0051_WYG_080-4a
086.md	59	KR1d0051_WYG_080-4b
086.md	67	KR1d0051_WYG_080-5a
086.md	75	KR1d0051_WYG_080-5b
086.md	83	KR1d0051_WYG_080-6a
086.md	91	KR1d0051_WYG_080-6b
086.md	99	KR1d0051_WYG_080-7a
086.md	107	KR1d0051_WYG_080-7b
086.md	115	KR1d0051_WYG_080-8a
086.md	123	KR1d0051_WYG_080-8b
086.md	131	KR1d0051_WYG_080-9a
086.md	139	KR1d0051_WYG_080-9b
086.md	147	KR1d0051_WYG_080-10a
086.md	155	KR1d0051_WYG_080-10b
086.md	163	KR1d0051_WYG_080-11a
086.md	171	KR1d0051_WYG_080-11b
086.md	179	KR1d0051_WYG_080-12a
086.md	187	KR1d0051_WYG_080-12b
086.md	195	KR1d0051_WYG_080-13a
086.md	203	KR1d0051_WYG_080-13b
086.md	211	KR1d0051_WYG_080-14a
086.md	219	KR1d0051_WYG_080-14b
086.md	227	KR1d0051_WYG_080-15a
086.md	235	KR1d0051_WYG_080-15b
086.md	243	KR1d0051_WYG_080-16a
086.md	251	KR1d0051_WYG_080-16b
086.md	259	KR1d0051_WYG_080-17a
086.md	267	KR1d0051_WYG_080-17b
086.md	275	KR1d0051_WYG_080-18a
086.md	283	KR1d0051_WYG_080-18b
086.md	291	KR1d0051_WYG_080-19a
086.md	299	KR1d0051_WYG_080-19b
086.md	307	KR1d0051_WYG_080-20a
086.md	315	KR1d0051_WYG_080-20b
086.md	323	KR1d0051_WYG_080-21a
086.md	331	KR1d0051_WYG_080-21b
086.md	339	KR1d0051_WYG_080-22a
086.md	347	KR1d0051_WYG_080-22b
086.md	355	KR1d0051_WYG_080-23a
086.md	363	KR1d0051_WYG_080-23b
086.md	371	KR1d0051_WYG_080-24a
086.md	379	KR1d0051_WYG_080-24b
086.md	387	KR1d0051_WYG_080-25a
086.md	395	KR1d0051_WYG_080-25b
086.md	403	KR1d0051_WYG_080-26a
086.md	411	KR1d0051_WYG_080-26b
086.md	419	KR1d0051_WYG_080-27a
086.md	427	KR1d0051_WYG_080-27b
086.md	435	KR1d0051_WYG_080-28a
086.md	443	KR1d0051_WYG_080-28b
086.md	451	KR1d0051_WYG_080-29a
086.md	459	KR1d0051_WYG_080-29b
086.md	467	KR1d0051_WYG_080-30a
086.md	475	KR1d0051_WYG_080-30b
086.md	483	KR1d0051_WYG_080-31a
086.md	491	KR1d0051_WYG_080-31b
086.md	499	KR1d0051_WYG_080-32a
086.md	507	KR1d0051_WYG_080-32b
086.md	515	KR1d0051_WYG_080-33a
086.md	523	KR1d0051_WYG_080-33b
086.md	531	KR1d0051_WYG_080-34a
086.md	539	KR1d0051_WYG_080-34b
086.md	547	KR1d0051_WYG_080-35a
086.md	555	KR1d0051_WYG_080-35b
086.md	563	KR1d0051_WYG_080-36a
086.md	571	KR1d0051_WYG_080-36b
086.md	579	KR1d0051_WYG_080-37a
086.md	587	KR1d0051_WYG_080-37b
086.md	595	KR1d0051_WYG_080-38a
086.md	603	KR1d0051_WYG_080-38b
086.md	611	KR1d0051_WYG_080-39a
086.md	619	KR1d0051_WYG_080-39b
087.md	3	KR1d0051_WYG_081-1a
087.md	11	KR1d0051_WYG_081-1b
087.md	19	KR1d0051_WYG_081-2a
087.md	27	KR1d0051_WYG_081-2b
087.md	35	KR1d0051_WYG_081-3a
087.md	43	KR1d0051_WYG_081-3b
087.md	51	KR1d0051_WYG_081-4a
087.md	59	KR1d0051_WYG_081-4b
087.md	67	KR1d0051_WYG_081-5a
087.md	75	KR1d0051_WYG_081-5b
087.md	83	KR1d0051_WYG_081-6a
087.md	91	KR1d0051_WYG_081-6b
087.md	99	KR1d0051_WYG_081-7a
087.md	107	KR1d0051_WYG_081-7b
087.md	115	KR1d0051_WYG_081-8a
087.md	123	KR1d0051_WYG_081-8b
087.md	131	KR1d0051_WYG_081-9a
087.md	139	KR1d0051_WYG_081-9b
087.md	147	KR1d0051_WYG_081-10a
087.md	155	KR1d0051_WYG_081-10b
087.md	163	KR1d0051_WYG_081-11a
087.md	171	KR1d0051_WYG_081-11b
087.md	179	KR1d0051_WYG_081-12a
087.md	187	KR1d0051_WYG_081-12b
087.md	195	KR1d0051_WYG_081-13a
087.md	203	KR1d0051_WYG_081-13b
087.md	211	KR1d0051_WYG_081-14a
087.md	219	KR1d0051_WYG_081-14b
087.md	227	KR1d0051_WYG_081-15a
087.md	235	KR1d0051_WYG_081-15b
087.md	243	KR1d0051_WYG_081-16a
087.md	251	KR1d0051_WYG_081-16b
087.md	259	KR1d0051_WYG_081-17a
087.md	267	KR1d0051_WYG_081-17b
087.md	275	KR1d0051_WYG_081-18a
087.md	283	KR1d0051_WYG_081-18b
087.md	291	KR1d0051_WYG_081-19a
087.md	299	KR1d0051_WYG_081-19b
087.md	307	KR1d0051_WYG_081-20a
087.md	315	KR1d0051_WYG_081-20b
087.md	323	KR1d0051_WYG_081-21a
087.md	331	KR1d0051_WYG_081-21b
087.md	339	KR1d0051_WYG_081-22a
087.md	347	KR1d0051_WYG_081-22b
087.md	355	KR1d0051_WYG_081-23a
087.md	363	KR1d0051_WYG_081-23b
087.md	371	KR1d0051_WYG_081-24a
087.md	379	KR1d0051_WYG_081-24b
087.md	387	KR1d0051_WYG_081-25a
087.md	395	KR1d0051_WYG_081-25b
087.md	403	KR1d0051_WYG_081-26a
087.md	411	KR1d0051_WYG_081-26b
087.md	419	KR1d0051_WYG_081-27a
087.md	427	KR1d0051_WYG_081-27b
087.md	435	KR1d0051_WYG_081-28a
087.md	443	KR1d0051_WYG_081-28b
087.md	451	KR1d0051_WYG_081-29a
087.md	459	KR1d0051_WYG_081-29b
087.md	467	KR1d0051_WYG_081-30a
087.md	475	KR1d0051_WYG_081-30b
087.md	483	KR1d0051_WYG_081-31a
087.md	491	KR1d0051_WYG_081-31b
087.md	499	KR1d0051_WYG_081-32a
087.md	507	KR1d0051_WYG_081-32b
087.md	515	KR1d0051_WYG_081-33a
087.md	523	KR1d0051_WYG_081-33b
087.md	531	KR1d0051_WYG_081-34a
087.md	539	KR1d0051_WYG_081-34b
087.md	547	KR1d0051_WYG_081-35a
087.md	555	KR1d0051_WYG_081-35b
087.md	563	KR1d0051_WYG_081-36a
087.md	571	KR1d0051_WYG_081-36b
087.md	579	KR1d0051_WYG_081-37a
087.md	587	KR1d0051_WYG_081-37b
087.md	595	KR1d0051_WYG_081-38a
087.md	603	KR1d0051_WYG_081-38b
087.md	611	KR1d0051_WYG_081-39a
087.md	619	KR1d0051_WYG_081-39b
087.md	627	KR1d0051_WYG_081-40a
087.md	635	KR1d0051_WYG_081-40b
087.md	643	KR1d0051_WYG_081-41a
087.md	651	KR1d0051_WYG_081-41b
087.md	659	KR1d0051_WYG_081-42a
087.md	667	KR1d0051_WYG_081-42b
087.md	675	KR1d0051_WYG_081-43a
087.md	683	KR1d0051_WYG_081-43b
088.md	3	KR1d0051_WYG_082-1a
088.md	11	KR1d0051_WYG_082-1b
088.md	19	KR1d0051_WYG_082-2a
088.md	27	KR1d0051_WYG_082-2b
088.md	35	KR1d0051_WYG_082-3a
088.md	43	KR1d0051_WYG_082-3b
088.md	51	KR1d0051_WYG_082-4a
088.md	59	KR1d0051_WYG_082-4b
088.md	67	KR1d0051_WYG_082-5a
088.md	75	KR1d0051_WYG_082-5b
088.md	83	KR1d0051_WYG_082-6a
088.md	91	KR1d0051_WYG_082-6b
088.md	99	KR1d0051_WYG_082-7a
088.md	107	KR1d0051_WYG_082-7b
088.md	115	KR1d0051_WYG_082-8a
088.md	123	KR1d0051_WYG_082-8b
088.md	131	KR1d0051_WYG_082-9a
088.md	139	KR1d0051_WYG_082-9b
088.md	147	KR1d0051_WYG_082-10a
088.md	155	KR1d0051_WYG_082-10b
088.md	163	KR1d0051_WYG_082-11a
088.md	171	KR1d0051_WYG_082-11b
088.md	179	KR1d0051_WYG_082-12a
088.md	187	KR1d0051_WYG_082-12b
088.md	189	KR1d0051_WYG_082-13a
088.md	197	KR1d0051_WYG_082-13b
088.md	205	KR1d0051_WYG_082-14a
088.md	213	KR1d0051_WYG_082-14b
088.md	221	KR1d0051_WYG_082-15a
088.md	229	KR1d0051_WYG_082-15b
088.md	237	KR1d0051_WYG_082-16a
088.md	245	KR1d0051_WYG_082-16b
088.md	253	KR1d0051_WYG_082-17a
088.md	261	KR1d0051_WYG_082-17b
088.md	269	KR1d0051_WYG_082-18a
088.md	277	KR1d0051_WYG_082-18b
088.md	285	KR1d0051_WYG_082-19a
088.md	293	KR1d0051_WYG_082-19b
088.md	301	KR1d0051_WYG_082-20a
088.md	309	KR1d0051_WYG_082-20b
088.md	317	KR1d0051_WYG_082-21a
088.md	325	KR1d0051_WYG_082-21b
088.md	333	KR1d0051_WYG_082-22a
088.md	341	KR1d0051_WYG_082-22b
088.md	349	KR1d0051_WYG_082-23a
088.md	357	KR1d0051_WYG_082-23b
088.md	365	KR1d0051_WYG_082-24a
088.md	373	KR1d0051_WYG_082-24b
088.md	381	KR1d0051_WYG_082-25a
088.md	389	KR1d0051_WYG_082-25b
088.md	397	KR1d0051_WYG_082-26a
088.md	405	KR1d0051_WYG_082-26b
088.md	413	KR1d0051_WYG_082-27a
088.md	421	KR1d0051_WYG_082-27b
088.md	429	KR1d0051_WYG_082-28a
088.md	437	KR1d0051_WYG_082-28b
088.md	445	KR1d0051_WYG_082-29a
088.md	453	KR1d0051_WYG_082-29b
088.md	461	KR1d0051_WYG_082-30a
088.md	469	KR1d0051_WYG_082-30b
088.md	477	KR1d0051_WYG_082-31a
088.md	485	KR1d0051_WYG_082-31b
088.md	493	KR1d0051_WYG_082-32a
088.md	501	KR1d0051_WYG_082-32b
088.md	509	KR1d0051_WYG_082-33a
088.md	517	KR1d0051_WYG_082-33b
088.md	525	KR1d0051_WYG_082-34a
088.md	533	KR1d0051_WYG_082-34b
088.md	541	KR1d0051_WYG_082-35a
088.md	549	KR1d0051_WYG_082-35b
088.md	557	KR1d0051_WYG_082-36a
088.md	565	KR1d0051_WYG_082-36b
088.md	573	KR1d0051_WYG_082-37a
088.md	581	KR1d0051_WYG_082-37b
088.md	589	KR1d0051_WYG_082-38a
088.md	597	KR1d0051_WYG_082-38b
089.md	3	KR1d0051_WYG_083-1a
089.md	11	KR1d0051_WYG_083-1b
089.md	19	KR1d0051_WYG_083-2a
089.md	27	KR1d0051_WYG_083-2b
089.md	35	KR1d0051_WYG_083-3a
089.md	43	KR1d0051_WYG_083-3b
089.md	51	KR1d0051_WYG_083-4a
089.md	59	KR1d0051_WYG_083-4b
089.md	67	KR1d0051_WYG_083-5a
089.md	75	KR1d0051_WYG_083-5b
089.md	83	KR1d0051_WYG_083-6a
089.md	91	KR1d0051_WYG_083-6b
089.md	99	KR1d0051_WYG_083-7a
089.md	107	KR1d0051_WYG_083-7b
089.md	115	KR1d0051_WYG_083-8a
089.md	123	KR1d0051_WYG_083-8b
089.md	131	KR1d0051_WYG_083-9a
089.md	139	KR1d0051_WYG_083-9b
089.md	147	KR1d0051_WYG_083-10a
089.md	155	KR1d0051_WYG_083-10b
089.md	163	KR1d0051_WYG_083-11a
089.md	171	KR1d0051_WYG_083-11b
089.md	179	KR1d0051_WYG_083-12a
089.md	187	KR1d0051_WYG_083-12b
089.md	195	KR1d0051_WYG_083-13a
089.md	203	KR1d0051_WYG_083-13b
089.md	211	KR1d0051_WYG_083-14a
089.md	219	KR1d0051_WYG_083-14b
089.md	227	KR1d0051_WYG_083-15a
089.md	235	KR1d0051_WYG_083-15b
089.md	243	KR1d0051_WYG_083-16a
089.md	251	KR1d0051_WYG_083-16b
089.md	259	KR1d0051_WYG_083-17a
089.md	267	KR1d0051_WYG_083-17b
089.md	275	KR1d0051_WYG_083-18a
089.md	283	KR1d0051_WYG_083-18b
089.md	291	KR1d0051_WYG_083-19a
089.md	299	KR1d0051_WYG_083-19b
089.md	307	KR1d0051_WYG_083-20a
089.md	315	KR1d0051_WYG_083-20b
089.md	323	KR1d0051_WYG_083-21a
089.md	331	KR1d0051_WYG_083-21b
089.md	339	KR1d0051_WYG_083-22a
089.md	347	KR1d0051_WYG_083-22b
089.md	355	KR1d0051_WYG_083-23a
089.md	363	KR1d0051_WYG_083-23b
089.md	371	KR1d0051_WYG_083-24a
089.md	379	KR1d0051_WYG_083-24b
089.md	387	KR1d0051_WYG_083-25a
089.md	395	KR1d0051_WYG_083-25b
089.md	403	KR1d0051_WYG_083-26a
089.md	411	KR1d0051_WYG_083-26b
089.md	419	KR1d0051_WYG_083-27a
089.md	427	KR1d0051_WYG_083-27b
089.md	435	KR1d0051_WYG_083-28a
089.md	443	KR1d0051_WYG_083-28b
089.md	451	KR1d0051_WYG_083-29a
089.md	459	KR1d0051_WYG_083-29b
089.md	467	KR1d0051_WYG_083-30a
089.md	475	KR1d0051_WYG_083-30b
089.md	483	KR1d0051_WYG_083-31a
089.md	491	KR1d0051_WYG_083-31b
089.md	499	KR1d0051_WYG_083-32a
089.md	507	KR1d0051_WYG_083-32b
089.md	515	KR1d0051_WYG_083-33a
089.md	523	KR1d0051_WYG_083-33b
089.md	531	KR1d0051_WYG_083-34a
089.md	539	KR1d0051_WYG_083-34b
089.md	547	KR1d0051_WYG_083-35a
089.md	555	KR1d0051_WYG_083-35b
089.md	563	KR1d0051_WYG_083-36a
089.md	571	KR1d0051_WYG_083-36b
089.md	579	KR1d0051_WYG_083-37a
089.md	587	KR1d0051_WYG_083-37b
089.md	595	KR1d0051_WYG_083-38a
089.md	603	KR1d0051_WYG_083-38b
089.md	611	KR1d0051_WYG_083-39a
089.md	619	KR1d0051_WYG_083-39b
089.md	627	KR1d0051_WYG_083-40a
089.md	635	KR1d0051_WYG_083-40b
089.md	643	KR1d0051_WYG_083-41a
089.md	651	KR1d0051_WYG_083-41b
090.md	3	KR1d0051_WYG_084-1a
090.md	11	KR1d0051_WYG_084-1b
090.md	19	KR1d0051_WYG_084-2a
090.md	27	KR1d0051_WYG_084-2b
090.md	35	KR1d0051_WYG_084-3a
090.md	43	KR1d0051_WYG_084-3b
090.md	51	KR1d0051_WYG_084-4a
090.md	59	KR1d0051_WYG_084-4b
090.md	67	KR1d0051_WYG_084-5a
090.md	75	KR1d0051_WYG_084-5b
090.md	83	KR1d0051_WYG_084-6a
090.md	91	KR1d0051_WYG_084-6b
090.md	99	KR1d0051_WYG_084-7a
090.md	107	KR1d0051_WYG_084-7b
090.md	115	KR1d0051_WYG_084-8a
090.md	123	KR1d0051_WYG_084-8b
090.md	131	KR1d0051_WYG_084-9a
090.md	139	KR1d0051_WYG_084-9b
090.md	147	KR1d0051_WYG_084-10a
090.md	155	KR1d0051_WYG_084-10b
090.md	163	KR1d0051_WYG_084-11a
090.md	171	KR1d0051_WYG_084-11b
090.md	179	KR1d0051_WYG_084-12a
090.md	187	KR1d0051_WYG_084-12b
090.md	195	KR1d0051_WYG_084-13a
090.md	203	KR1d0051_WYG_084-13b
090.md	211	KR1d0051_WYG_084-14a
090.md	219	KR1d0051_WYG_084-14b
090.md	227	KR1d0051_WYG_084-15a
090.md	235	KR1d0051_WYG_084-15b
090.md	243	KR1d0051_WYG_084-16a
090.md	251	KR1d0051_WYG_084-16b
090.md	259	KR1d0051_WYG_084-17a
090.md	267	KR1d0051_WYG_084-17b
090.md	275	KR1d0051_WYG_084-18a
090.md	283	KR1d0051_WYG_084-18b
090.md	291	KR1d0051_WYG_084-19a
090.md	299	KR1d0051_WYG_084-19b
090.md	307	KR1d0051_WYG_084-20a
090.md	315	KR1d0051_WYG_084-20b
090.md	323	KR1d0051_WYG_084-21a
090.md	331	KR1d0051_WYG_084-21b
090.md	339	KR1d0051_WYG_084-22a
090.md	347	KR1d0051_WYG_084-22b
090.md	355	KR1d0051_WYG_084-23a
090.md	363	KR1d0051_WYG_084-23b
090.md	371	KR1d0051_WYG_084-24a
090.md	379	KR1d0051_WYG_084-24b
090.md	387	KR1d0051_WYG_084-25a
090.md	395	KR1d0051_WYG_084-25b
090.md	403	KR1d0051_WYG_084-26a
090.md	411	KR1d0051_WYG_084-26b
090.md	419	KR1d0051_WYG_084-27a
090.md	427	KR1d0051_WYG_084-27b
090.md	435	KR1d0051_WYG_084-28a
090.md	443	KR1d0051_WYG_084-28b
090.md	451	KR1d0051_WYG_084-29a
090.md	459	KR1d0051_WYG_084-29b
090.md	467	KR1d0051_WYG_084-30a
090.md	475	KR1d0051_WYG_084-30b
090.md	483	KR1d0051_WYG_084-31a
090.md	491	KR1d0051_WYG_084-31b
090.md	499	KR1d0051_WYG_084-32a
090.md	507	KR1d0051_WYG_084-32b
090.md	515	KR1d0051_WYG_084-33a
090.md	523	KR1d0051_WYG_084-33b
090.md	531	KR1d0051_WYG_084-34a
090.md	539	KR1d0051_WYG_084-34b
090.md	547	KR1d0051_WYG_084-35a
090.md	555	KR1d0051_WYG_084-35b
090.md	563	KR1d0051_WYG_084-36a
090.md	571	KR1d0051_WYG_084-36b
090.md	579	KR1d0051_WYG_084-37a
090.md	587	KR1d0051_WYG_084-37b
091.md	3	KR1d0051_WYG_085-1a
091.md	11	KR1d0051_WYG_085-1b
091.md	19	KR1d0051_WYG_085-2a
091.md	27	KR1d0051_WYG_085-2b
091.md	35	KR1d0051_WYG_085-3a
091.md	43	KR1d0051_WYG_085-3b
091.md	51	KR1d0051_WYG_085-4a
091.md	59	KR1d0051_WYG_085-4b
091.md	67	KR1d0051_WYG_085-5a
091.md	75	KR1d0051_WYG_085-5b
091.md	83	KR1d0051_WYG_085-6a
091.md	91	KR1d0051_WYG_085-6b
091.md	99	KR1d0051_WYG_085-7a
091.md	107	KR1d0051_WYG_085-7b
091.md	115	KR1d0051_WYG_085-8a
091.md	123	KR1d0051_WYG_085-8b
091.md	131	KR1d0051_WYG_085-9a
091.md	139	KR1d0051_WYG_085-9b
091.md	147	KR1d0051_WYG_085-10a
091.md	155	KR1d0051_WYG_085-10b
091.md	163	KR1d0051_WYG_085-11a
091.md	171	KR1d0051_WYG_085-11b
091.md	179	KR1d0051_WYG_085-12a
091.md	187	KR1d0051_WYG_085-12b
091.md	195	KR1d0051_WYG_085-13a
091.md	203	KR1d0051_WYG_085-13b
091.md	211	KR1d0051_WYG_085-14a
091.md	219	KR1d0051_WYG_085-14b
091.md	227	KR1d0051_WYG_085-15a
091.md	235	KR1d0051_WYG_085-15b
091.md	243	KR1d0051_WYG_085-16a
091.md	251	KR1d0051_WYG_085-16b
091.md	259	KR1d0051_WYG_085-17a
091.md	267	KR1d0051_WYG_085-17b
091.md	275	KR1d0051_WYG_085-18a
091.md	283	KR1d0051_WYG_085-18b
091.md	291	KR1d0051_WYG_085-19a
091.md	299	KR1d0051_WYG_085-19b
091.md	307	KR1d0051_WYG_085-20a
091.md	315	KR1d0051_WYG_085-20b
091.md	323	KR1d0051_WYG_085-21a
091.md	331	KR1d0051_WYG_085-21b
091.md	339	KR1d0051_WYG_085-22a
091.md	347	KR1d0051_WYG_085-22b
091.md	355	KR1d0051_WYG_085-23a
091.md	363	KR1d0051_WYG_085-23b
091.md	371	KR1d0051_WYG_085-24a
091.md	379	KR1d0051_WYG_085-24b
091.md	387	KR1d0051_WYG_085-25a
091.md	395	KR1d0051_WYG_085-25b
091.md	403	KR1d0051_WYG_085-26a
091.md	411	KR1d0051_WYG_085-26b
092.md	3	KR1d0051_WYG_086-1a
092.md	11	KR1d0051_WYG_086-1b
092.md	19	KR1d0051_WYG_086-2a
092.md	27	KR1d0051_WYG_086-2b
092.md	35	KR1d0051_WYG_086-3a
092.md	43	KR1d0051_WYG_086-3b
092.md	51	KR1d0051_WYG_086-4a
092.md	59	KR1d0051_WYG_086-4b
092.md	67	KR1d0051_WYG_086-5a
092.md	75	KR1d0051_WYG_086-5b
092.md	83	KR1d0051_WYG_086-6a
092.md	91	KR1d0051_WYG_086-6b
092.md	99	KR1d0051_WYG_086-7a
092.md	107	KR1d0051_WYG_086-7b
092.md	115	KR1d0051_WYG_086-8a
092.md	123	KR1d0051_WYG_086-8b
092.md	131	KR1d0051_WYG_086-9a
092.md	139	KR1d0051_WYG_086-9b
092.md	147	KR1d0051_WYG_086-10a
092.md	155	KR1d0051_WYG_086-10b
092.md	163	KR1d0051_WYG_086-11a
092.md	171	KR1d0051_WYG_086-11b
092.md	179	KR1d0051_WYG_086-12a
092.md	187	KR1d0051_WYG_086-12b
092.md	195	KR1d0051_WYG_086-13a
092.md	203	KR1d0051_WYG_086-13b
092.md	211	KR1d0051_WYG_086-14a
092.md	219	KR1d0051_WYG_086-14b
092.md	227	KR1d0051_WYG_086-15a
092.md	235	KR1d0051_WYG_086-15b
092.md	243	KR1d0051_WYG_086-16a
092.md	251	KR1d0051_WYG_086-16b
092.md	259	KR1d0051_WYG_086-17a
092.md	267	KR1d0051_WYG_086-17b
092.md	275	KR1d0051_WYG_086-18a
092.md	283	KR1d0051_WYG_086-18b
092.md	291	KR1d0051_WYG_086-19a
092.md	299	KR1d0051_WYG_086-19b
092.md	307	KR1d0051_WYG_086-20a
092.md	315	KR1d0051_WYG_086-20b
092.md	323	KR1d0051_WYG_086-21a
092.md	331	KR1d0051_WYG_086-21b
092.md	339	KR1d0051_WYG_086-22a
092.md	347	KR1d0051_WYG_086-22b
092.md	355	KR1d0051_WYG_086-23a
092.md	363	KR1d0051_WYG_086-23b
092.md	371	KR1d0051_WYG_086-24a
092.md	379	KR1d0051_WYG_086-24b
092.md	387	KR1d0051_WYG_086-25a
092.md	395	KR1d0051_WYG_086-25b
092.md	403	KR1d0051_WYG_086-26a
092.md	411	KR1d0051_WYG_086-26b
092.md	419	KR1d0051_WYG_086-27a
092.md	427	KR1d0051_WYG_086-27b
092.md	435	KR1d0051_WYG_086-28a
092.md	443	KR1d0051_WYG_086-28b
092.md	451	KR1d0051_WYG_086-29a
092.md	459	KR1d0051_WYG_086-29b
092.md	467	KR1d0051_WYG_086-30a
092.md	475	KR1d0051_WYG_086-30b
092.md	483	KR1d0051_WYG_086-31a
092.md	491	KR1d0051_WYG_086-31b
092.md	499	KR1d0051_WYG_086-32a
092.md	507	KR1d0051_WYG_086-32b
092.md	515	KR1d0051_WYG_086-33a
092.md	523	KR1d0051_WYG_086-33b
092.md	531	KR1d0051_WYG_086-34a
092.md	539	KR1d0051_WYG_086-34b
093.md	3	KR1d0051_WYG_087-1a
093.md	11	KR1d0051_WYG_087-1b
093.md	19	KR1d0051_WYG_087-2a
093.md	27	KR1d0051_WYG_087-2b
093.md	35	KR1d0051_WYG_087-3a
093.md	43	KR1d0051_WYG_087-3b
093.md	51	KR1d0051_WYG_087-4a
093.md	59	KR1d0051_WYG_087-4b
093.md	67	KR1d0051_WYG_087-5a
093.md	75	KR1d0051_WYG_087-5b
093.md	83	KR1d0051_WYG_087-6a
093.md	91	KR1d0051_WYG_087-6b
093.md	99	KR1d0051_WYG_087-7a
093.md	107	KR1d0051_WYG_087-7b
093.md	115	KR1d0051_WYG_087-8a
093.md	123	KR1d0051_WYG_087-8b
093.md	131	KR1d0051_WYG_087-9a
093.md	139	KR1d0051_WYG_087-9b
093.md	147	KR1d0051_WYG_087-10a
093.md	155	KR1d0051_WYG_087-10b
093.md	163	KR1d0051_WYG_087-11a
093.md	171	KR1d0051_WYG_087-11b
093.md	179	KR1d0051_WYG_087-12a
093.md	187	KR1d0051_WYG_087-12b
093.md	195	KR1d0051_WYG_087-13a
093.md	203	KR1d0051_WYG_087-13b
093.md	211	KR1d0051_WYG_087-14a
093.md	219	KR1d0051_WYG_087-14b
093.md	227	KR1d0051_WYG_087-15a
093.md	235	KR1d0051_WYG_087-15b
093.md	243	KR1d0051_WYG_087-16a
093.md	251	KR1d0051_WYG_087-16b
093.md	259	KR1d0051_WYG_087-17a
093.md	267	KR1d0051_WYG_087-17b
093.md	275	KR1d0051_WYG_087-18a
093.md	283	KR1d0051_WYG_087-18b
093.md	291	KR1d0051_WYG_087-19a
093.md	299	KR1d0051_WYG_087-19b
093.md	307	KR1d0051_WYG_087-20a
093.md	315	KR1d0051_WYG_087-20b
093.md	323	KR1d0051_WYG_087-21a
093.md	331	KR1d0051_WYG_087-21b
093.md	339	KR1d0051_WYG_087-22a
093.md	347	KR1d0051_WYG_087-22b
093.md	355	KR1d0051_WYG_087-23a
093.md	363	KR1d0051_WYG_087-23b
093.md	371	KR1d0051_WYG_087-24a
093.md	379	KR1d0051_WYG_087-24b
093.md	387	KR1d0051_WYG_087-25a
093.md	395	KR1d0051_WYG_087-25b
093.md	403	KR1d0051_WYG_087-26a
093.md	411	KR1d0051_WYG_087-26b
093.md	419	KR1d0051_WYG_087-27a
093.md	427	KR1d0051_WYG_087-27b
093.md	435	KR1d0051_WYG_087-28a
093.md	443	KR1d0051_WYG_087-28b
093.md	451	KR1d0051_WYG_087-29a
093.md	459	KR1d0051_WYG_087-29b
093.md	467	KR1d0051_WYG_087-30a
093.md	475	KR1d0051_WYG_087-30b
093.md	483	KR1d0051_WYG_087-31a
093.md	491	KR1d0051_WYG_087-31b
094.md	3	KR1d0051_WYG_088-1a
094.md	11	KR1d0051_WYG_088-1b
094.md	19	KR1d0051_WYG_088-2a
094.md	27	KR1d0051_WYG_088-2b
094.md	35	KR1d0051_WYG_088-3a
094.md	43	KR1d0051_WYG_088-3b
094.md	51	KR1d0051_WYG_088-4a
094.md	59	KR1d0051_WYG_088-4b
094.md	67	KR1d0051_WYG_088-5a
094.md	75	KR1d0051_WYG_088-5b
094.md	83	KR1d0051_WYG_088-6a
094.md	91	KR1d0051_WYG_088-6b
094.md	99	KR1d0051_WYG_088-7a
094.md	107	KR1d0051_WYG_088-7b
094.md	115	KR1d0051_WYG_088-8a
094.md	123	KR1d0051_WYG_088-8b
094.md	131	KR1d0051_WYG_088-9a
094.md	139	KR1d0051_WYG_088-9b
094.md	147	KR1d0051_WYG_088-10a
094.md	155	KR1d0051_WYG_088-10b
094.md	163	KR1d0051_WYG_088-11a
094.md	171	KR1d0051_WYG_088-11b
094.md	179	KR1d0051_WYG_088-12a
094.md	187	KR1d0051_WYG_088-12b
094.md	195	KR1d0051_WYG_088-13a
094.md	203	KR1d0051_WYG_088-13b
094.md	211	KR1d0051_WYG_088-14a
094.md	219	KR1d0051_WYG_088-14b
094.md	227	KR1d0051_WYG_088-15a
094.md	235	KR1d0051_WYG_088-15b
094.md	243	KR1d0051_WYG_088-16a
094.md	251	KR1d0051_WYG_088-16b
094.md	259	KR1d0051_WYG_088-17a
094.md	267	KR1d0051_WYG_088-17b
094.md	275	KR1d0051_WYG_088-18a
094.md	283	KR1d0051_WYG_088-18b
094.md	291	KR1d0051_WYG_088-19a
094.md	299	KR1d0051_WYG_088-19b
094.md	307	KR1d0051_WYG_088-20a
094.md	315	KR1d0051_WYG_088-20b
094.md	323	KR1d0051_WYG_088-21a
094.md	331	KR1d0051_WYG_088-21b
094.md	339	KR1d0051_WYG_088-22a
094.md	347	KR1d0051_WYG_088-22b
094.md	355	KR1d0051_WYG_088-23a
094.md	363	KR1d0051_WYG_088-23b
094.md	371	KR1d0051_WYG_088-24a
094.md	379	KR1d0051_WYG_088-24b
094.md	387	KR1d0051_WYG_088-25a
094.md	395	KR1d0051_WYG_088-25b
094.md	403	KR1d0051_WYG_088-26a
094.md	411	KR1d0051_WYG_088-26b
094.md	419	KR1d0051_WYG_088-27a
094.md	427	KR1d0051_WYG_088-27b
094.md	435	KR1d0051_WYG_088-28a
094.md	443	KR1d0051_WYG_088-28b
094.md	451	KR1d0051_WYG_088-29a
094.md	459	KR1d0051_WYG_088-29b
094.md	467	KR1d0051_WYG_088-30a
094.md	475	KR1d0051_WYG_088-30b
094.md	483	KR1d0051_WYG_088-31a
094.md	491	KR1d0051_WYG_088-31b
094.md	499	KR1d0051_WYG_088-32a
094.md	507	KR1d0051_WYG_088-32b
094.md	515	KR1d0051_WYG_088-33a
094.md	523	KR1d0051_WYG_088-33b
094.md	531	KR1d0051_WYG_088-34a
094.md	539	KR1d0051_WYG_088-34b
094.md	547	KR1d0051_WYG_088-35a
094.md	555	KR1d0051_WYG_088-35b
094.md	563	KR1d0051_WYG_088-36a
094.md	571	KR1d0051_WYG_088-36b
094.md	579	KR1d0051_WYG_088-37a
094.md	587	KR1d0051_WYG_088-37b
094.md	595	KR1d0051_WYG_088-38a
094.md	603	KR1d0051_WYG_088-38b
094.md	611	KR1d0051_WYG_088-39a
094.md	619	KR1d0051_WYG_088-39b
094.md	627	KR1d0051_WYG_088-40a
094.md	635	KR1d0051_WYG_088-40b
094.md	643	KR1d0051_WYG_088-41a
094.md	651	KR1d0051_WYG_088-41b
094.md	659	KR1d0051_WYG_088-42a
094.md	667	KR1d0051_WYG_088-42b
094.md	675	KR1d0051_WYG_088-43a
094.md	683	KR1d0051_WYG_088-43b
094.md	691	KR1d0051_WYG_088-44a
094.md	699	KR1d0051_WYG_088-44b
094.md	707	KR1d0051_WYG_088-45a
094.md	715	KR1d0051_WYG_088-45b
094.md	723	KR1d0051_WYG_088-46a
094.md	731	KR1d0051_WYG_088-46b
094.md	739	KR1d0051_WYG_088-47a
094.md	747	KR1d0051_WYG_088-47b
094.md	755	KR1d0051_WYG_088-48a
094.md	763	KR1d0051_WYG_088-48b
094.md	771	KR1d0051_WYG_088-49a
094.md	779	KR1d0051_WYG_088-49b
095.md	3	KR1d0051_WYG_089-1a
095.md	11	KR1d0051_WYG_089-1b
095.md	19	KR1d0051_WYG_089-2a
095.md	27	KR1d0051_WYG_089-2b
095.md	35	KR1d0051_WYG_089-3a
095.md	43	KR1d0051_WYG_089-3b
095.md	51	KR1d0051_WYG_089-4a
095.md	59	KR1d0051_WYG_089-4b
095.md	67	KR1d0051_WYG_089-5a
095.md	75	KR1d0051_WYG_089-5b
095.md	83	KR1d0051_WYG_089-6a
095.md	91	KR1d0051_WYG_089-6b
095.md	99	KR1d0051_WYG_089-7a
095.md	107	KR1d0051_WYG_089-7b
095.md	115	KR1d0051_WYG_089-8a
095.md	123	KR1d0051_WYG_089-8b
095.md	131	KR1d0051_WYG_089-9a
095.md	139	KR1d0051_WYG_089-9b
095.md	147	KR1d0051_WYG_089-10a
095.md	155	KR1d0051_WYG_089-10b
095.md	163	KR1d0051_WYG_089-11a
095.md	171	KR1d0051_WYG_089-11b
095.md	179	KR1d0051_WYG_089-12a
095.md	187	KR1d0051_WYG_089-12b
095.md	195	KR1d0051_WYG_089-13a
095.md	203	KR1d0051_WYG_089-13b
095.md	211	KR1d0051_WYG_089-14a
095.md	219	KR1d0051_WYG_089-14b
095.md	227	KR1d0051_WYG_089-15a
095.md	235	KR1d0051_WYG_089-15b
095.md	243	KR1d0051_WYG_089-16a
095.md	251	KR1d0051_WYG_089-16b
095.md	259	KR1d0051_WYG_089-17a
095.md	267	KR1d0051_WYG_089-17b
095.md	275	KR1d0051_WYG_089-18a
095.md	283	KR1d0051_WYG_089-18b
095.md	291	KR1d0051_WYG_089-19a
095.md	299	KR1d0051_WYG_089-19b
095.md	307	KR1d0051_WYG_089-20a
095.md	315	KR1d0051_WYG_089-20b
095.md	323	KR1d0051_WYG_089-21a
095.md	331	KR1d0051_WYG_089-21b
095.md	339	KR1d0051_WYG_089-22a
095.md	347	KR1d0051_WYG_089-22b
095.md	355	KR1d0051_WYG_089-23a
095.md	363	KR1d0051_WYG_089-23b
095.md	371	KR1d0051_WYG_089-24a
095.md	379	KR1d0051_WYG_089-24b
095.md	387	KR1d0051_WYG_089-25a
095.md	395	KR1d0051_WYG_089-25b
095.md	403	KR1d0051_WYG_089-26a
095.md	411	KR1d0051_WYG_089-26b
095.md	419	KR1d0051_WYG_089-27a
095.md	427	KR1d0051_WYG_089-27b
095.md	435	KR1d0051_WYG_089-28a
095.md	443	KR1d0051_WYG_089-28b
095.md	451	KR1d0051_WYG_089-29a
095.md	459	KR1d0051_WYG_089-29b
095.md	467	KR1d0051_WYG_089-30a
095.md	475	KR1d0051_WYG_089-30b
095.md	483	KR1d0051_WYG_089-31a
095.md	491	KR1d0051_WYG_089-31b
095.md	499	KR1d0051_WYG_089-32a
095.md	507	KR1d0051_WYG_089-32b
095.md	515	KR1d0051_WYG_089-33a
095.md	523	KR1d0051_WYG_089-33b
095.md	531	KR1d0051_WYG_089-34a
095.md	539	KR1d0051_WYG_089-34b
095.md	547	KR1d0051_WYG_089-35a
095.md	555	KR1d0051_WYG_089-35b
095.md	563	KR1d0051_WYG_089-36a
095.md	571	KR1d0051_WYG_089-36b
095.md	579	KR1d0051_WYG_089-37a
095.md	587	KR1d0051_WYG_089-37b
095.md	595	KR1d0051_WYG_089-38a
095.md	603	KR1d0051_WYG_089-38b
095.md	611	KR1d0051_WYG_089-39a
095.md	619	KR1d0051_WYG_089-39b
095.md	627	KR1d0051_WYG_089-40a
095.md	635	KR1d0051_WYG_089-40b
095.md	643	KR1d0051_WYG_089-41a
095.md	651	KR1d0051_WYG_089-41b
095.md	659	KR1d0051_WYG_089-42a
095.md	667	KR1d0051_WYG_089-42b
095.md	675	KR1d0051_WYG_089-43a
095.md	683	KR1d0051_WYG_089-43b
095.md	691	KR1d0051_WYG_089-44a
095.md	699	KR1d0051_WYG_089-44b
095.md	707	KR1d0051_WYG_089-45a
095.md	715	KR1d0051_WYG_089-45b
095.md	723	KR1d0051_WYG_089-46a
095.md	731	KR1d0051_WYG_089-46b
095.md	739	KR1d0051_WYG_089-47a
095.md	747	KR1d0051_WYG_089-47b
095.md	755	KR1d0051_WYG_089-48a
095.md	763	KR1d0051_WYG_089-48b
095.md	771	KR1d0051_WYG_089-49a
095.md	779	KR1d0051_WYG_089-49b
095.md	787	KR1d0051_WYG_089-50a
095.md	795	KR1d0051_WYG_089-50b
095.md	803	KR1d0051_WYG_089-51a
095.md	811	KR1d0051_WYG_089-51b
095.md	819	KR1d0051_WYG_089-52a
095.md	827	KR1d0051_WYG_089-52b
095.md	835	KR1d0051_WYG_089-53a
095.md	843	KR1d0051_WYG_089-53b
095.md	851	KR1d0051_WYG_089-54a
095.md	859	KR1d0051_WYG_089-54b
095.md	867	KR1d0051_WYG_089-55a
095.md	875	KR1d0051_WYG_089-55b
095.md	883	KR1d0051_WYG_089-56a
095.md	891	KR1d0051_WYG_089-56b
096.md	3	KR1d0051_WYG_090-1a
096.md	11	KR1d0051_WYG_090-1b
096.md	19	KR1d0051_WYG_090-2a
096.md	27	KR1d0051_WYG_090-2b
096.md	35	KR1d0051_WYG_090-3a
096.md	43	KR1d0051_WYG_090-3b
096.md	51	KR1d0051_WYG_090-4a
096.md	59	KR1d0051_WYG_090-4b
096.md	67	KR1d0051_WYG_090-5a
096.md	75	KR1d0051_WYG_090-5b
096.md	83	KR1d0051_WYG_090-6a
096.md	91	KR1d0051_WYG_090-6b
096.md	99	KR1d0051_WYG_090-7a
096.md	107	KR1d0051_WYG_090-7b
096.md	115	KR1d0051_WYG_090-8a
096.md	123	KR1d0051_WYG_090-8b
096.md	131	KR1d0051_WYG_090-9a
096.md	139	KR1d0051_WYG_090-9b
096.md	147	KR1d0051_WYG_090-10a
096.md	155	KR1d0051_WYG_090-10b
096.md	163	KR1d0051_WYG_090-11a
096.md	171	KR1d0051_WYG_090-11b
096.md	179	KR1d0051_WYG_090-12a
096.md	187	KR1d0051_WYG_090-12b
096.md	195	KR1d0051_WYG_090-13a
096.md	203	KR1d0051_WYG_090-13b
096.md	211	KR1d0051_WYG_090-14a
096.md	219	KR1d0051_WYG_090-14b
096.md	227	KR1d0051_WYG_090-15a
096.md	235	KR1d0051_WYG_090-15b
096.md	243	KR1d0051_WYG_090-16a
096.md	251	KR1d0051_WYG_090-16b
096.md	259	KR1d0051_WYG_090-17a
096.md	267	KR1d0051_WYG_090-17b
096.md	275	KR1d0051_WYG_090-18a
096.md	283	KR1d0051_WYG_090-18b
096.md	291	KR1d0051_WYG_090-19a
096.md	299	KR1d0051_WYG_090-19b
096.md	307	KR1d0051_WYG_090-20a
096.md	315	KR1d0051_WYG_090-20b
096.md	323	KR1d0051_WYG_090-21a
096.md	331	KR1d0051_WYG_090-21b
096.md	339	KR1d0051_WYG_090-22a
096.md	347	KR1d0051_WYG_090-22b
096.md	355	KR1d0051_WYG_090-23a
096.md	363	KR1d0051_WYG_090-23b
096.md	371	KR1d0051_WYG_090-24a
096.md	379	KR1d0051_WYG_090-24b
096.md	387	KR1d0051_WYG_090-25a
096.md	395	KR1d0051_WYG_090-25b
096.md	403	KR1d0051_WYG_090-26a
096.md	411	KR1d0051_WYG_090-26b
096.md	419	KR1d0051_WYG_090-27a
096.md	427	KR1d0051_WYG_090-27b
096.md	435	KR1d0051_WYG_090-28a
096.md	443	KR1d0051_WYG_090-28b
096.md	451	KR1d0051_WYG_090-29a
096.md	459	KR1d0051_WYG_090-29b
096.md	467	KR1d0051_WYG_090-30a
096.md	475	KR1d0051_WYG_090-30b
096.md	483	KR1d0051_WYG_090-31a
096.md	491	KR1d0051_WYG_090-31b
096.md	499	KR1d0051_WYG_090-32a
096.md	507	KR1d0051_WYG_090-32b
096.md	515	KR1d0051_WYG_090-33a
096.md	523	KR1d0051_WYG_090-33b
096.md	531	KR1d0051_WYG_090-34a
096.md	539	KR1d0051_WYG_090-34b
096.md	547	KR1d0051_WYG_090-35a
096.md	555	KR1d0051_WYG_090-35b
096.md	563	KR1d0051_WYG_090-36a
096.md	571	KR1d0051_WYG_090-36b
096.md	579	KR1d0051_WYG_090-37a
096.md	587	KR1d0051_WYG_090-37b
096.md	595	KR1d0051_WYG_090-38a
096.md	603	KR1d0051_WYG_090-38b
096.md	611	KR1d0051_WYG_090-39a
096.md	619	KR1d0051_WYG_090-39b
096.md	627	KR1d0051_WYG_090-40a
096.md	635	KR1d0051_WYG_090-40b
096.md	643	KR1d0051_WYG_090-41a
096.md	651	KR1d0051_WYG_090-41b
096.md	659	KR1d0051_WYG_090-42a
096.md	667	KR1d0051_WYG_090-42b
096.md	675	KR1d0051_WYG_090-43a
096.md	683	KR1d0051_WYG_090-43b
096.md	691	KR1d0051_WYG_090-44a
096.md	699	KR1d0051_WYG_090-44b
096.md	707	KR1d0051_WYG_090-45a
096.md	715	KR1d0051_WYG_090-45b
096.md	723	KR1d0051_WYG_090-46a
096.md	731	KR1d0051_WYG_090-46b
096.md	739	KR1d0051_WYG_090-47a
096.md	747	KR1d0051_WYG_090-47b
096.md	755	KR1d0051_WYG_090-48a
096.md	763	KR1d0051_WYG_090-48b
096.md	771	KR1d0051_WYG_090-49a
096.md	779	KR1d0051_WYG_090-49b
096.md	787	KR1d0051_WYG_090-50a
096.md	795	KR1d0051_WYG_090-50b
096.md	803	KR1d0051_WYG_090-51a
096.md	811	KR1d0051_WYG_090-51b
096.md	819	KR1d0051_WYG_090-52a
096.md	827	KR1d0051_WYG_090-52b
096.md	835	KR1d0051_WYG_090-53a
096.md	843	KR1d0051_WYG_090-53b
096.md	851	KR1d0051_WYG_090-54a
096.md	859	KR1d0051_WYG_090-54b
096.md	867	KR1d0051_WYG_090-55a
096.md	875	KR1d0051_WYG_090-55b
096.md	883	KR1d0051_WYG_090-56a
096.md	891	KR1d0051_WYG_090-56b
096.md	899	KR1d0051_WYG_090-57a
096.md	907	KR1d0051_WYG_090-57b
096.md	915	KR1d0051_WYG_090-58a
096.md	923	KR1d0051_WYG_090-58b
096.md	931	KR1d0051_WYG_090-59a
096.md	939	KR1d0051_WYG_090-59b
096.md	947	KR1d0051_WYG_090-60a
096.md	955	KR1d0051_WYG_090-60b
096.md	963	KR1d0051_WYG_090-61a
096.md	971	KR1d0051_WYG_090-61b
096.md	979	KR1d0051_WYG_090-62a
096.md	987	KR1d0051_WYG_090-62b
096.md	995	KR1d0051_WYG_090-63a
096.md	1003	KR1d0051_WYG_090-63b
096.md	1011	KR1d0051_WYG_090-64a
096.md	1019	KR1d0051_WYG_090-64b
097.md	3	KR1d0051_WYG_091-1a
097.md	11	KR1d0051_WYG_091-1b
097.md	19	KR1d0051_WYG_091-2a
097.md	27	KR1d0051_WYG_091-2b
097.md	35	KR1d0051_WYG_091-3a
097.md	43	KR1d0051_WYG_091-3b
097.md	51	KR1d0051_WYG_091-4a
097.md	59	KR1d0051_WYG_091-4b
097.md	67	KR1d0051_WYG_091-5a
097.md	75	KR1d0051_WYG_091-5b
097.md	83	KR1d0051_WYG_091-6a
097.md	91	KR1d0051_WYG_091-6b
097.md	99	KR1d0051_WYG_091-7a
097.md	107	KR1d0051_WYG_091-7b
097.md	115	KR1d0051_WYG_091-8a
097.md	123	KR1d0051_WYG_091-8b
097.md	131	KR1d0051_WYG_091-9a
097.md	139	KR1d0051_WYG_091-9b
097.md	147	KR1d0051_WYG_091-10a
097.md	155	KR1d0051_WYG_091-10b
097.md	163	KR1d0051_WYG_091-11a
097.md	171	KR1d0051_WYG_091-11b
097.md	179	KR1d0051_WYG_091-12a
097.md	187	KR1d0051_WYG_091-12b
097.md	195	KR1d0051_WYG_091-13a
097.md	203	KR1d0051_WYG_091-13b
097.md	211	KR1d0051_WYG_091-14a
097.md	219	KR1d0051_WYG_091-14b
097.md	227	KR1d0051_WYG_091-15a
097.md	235	KR1d0051_WYG_091-15b
097.md	243	KR1d0051_WYG_091-16a
097.md	251	KR1d0051_WYG_091-16b
097.md	259	KR1d0051_WYG_091-17a
097.md	267	KR1d0051_WYG_091-17b
097.md	275	KR1d0051_WYG_091-18a
097.md	283	KR1d0051_WYG_091-18b
097.md	291	KR1d0051_WYG_091-19a
097.md	299	KR1d0051_WYG_091-19b
097.md	307	KR1d0051_WYG_091-20a
097.md	315	KR1d0051_WYG_091-20b
097.md	323	KR1d0051_WYG_091-21a
097.md	331	KR1d0051_WYG_091-21b
097.md	339	KR1d0051_WYG_091-22a
097.md	347	KR1d0051_WYG_091-22b
097.md	355	KR1d0051_WYG_091-23a
097.md	363	KR1d0051_WYG_091-23b
097.md	371	KR1d0051_WYG_091-24a
097.md	379	KR1d0051_WYG_091-24b
097.md	387	KR1d0051_WYG_091-25a
097.md	395	KR1d0051_WYG_091-25b
097.md	403	KR1d0051_WYG_091-26a
097.md	411	KR1d0051_WYG_091-26b
097.md	419	KR1d0051_WYG_091-27a
097.md	427	KR1d0051_WYG_091-27b
097.md	435	KR1d0051_WYG_091-28a
097.md	443	KR1d0051_WYG_091-28b
097.md	451	KR1d0051_WYG_091-29a
097.md	459	KR1d0051_WYG_091-29b
097.md	467	KR1d0051_WYG_091-30a
097.md	475	KR1d0051_WYG_091-30b
097.md	483	KR1d0051_WYG_091-31a
097.md	491	KR1d0051_WYG_091-31b
097.md	499	KR1d0051_WYG_091-32a
097.md	507	KR1d0051_WYG_091-32b
097.md	515	KR1d0051_WYG_091-33a
097.md	523	KR1d0051_WYG_091-33b
097.md	531	KR1d0051_WYG_091-34a
097.md	539	KR1d0051_WYG_091-34b
097.md	547	KR1d0051_WYG_091-35a
097.md	555	KR1d0051_WYG_091-35b
097.md	563	KR1d0051_WYG_091-36a
097.md	571	KR1d0051_WYG_091-36b
097.md	579	KR1d0051_WYG_091-37a
097.md	587	KR1d0051_WYG_091-37b
097.md	595	KR1d0051_WYG_091-38a
097.md	603	KR1d0051_WYG_091-38b
098.md	3	KR1d0051_WYG_092-1a
098.md	11	KR1d0051_WYG_092-1b
098.md	19	KR1d0051_WYG_092-2a
098.md	27	KR1d0051_WYG_092-2b
098.md	35	KR1d0051_WYG_092-3a
098.md	43	KR1d0051_WYG_092-3b
098.md	51	KR1d0051_WYG_092-4a
098.md	59	KR1d0051_WYG_092-4b
098.md	67	KR1d0051_WYG_092-5a
098.md	75	KR1d0051_WYG_092-5b
098.md	83	KR1d0051_WYG_092-6a
098.md	91	KR1d0051_WYG_092-6b
098.md	99	KR1d0051_WYG_092-7a
098.md	107	KR1d0051_WYG_092-7b
098.md	115	KR1d0051_WYG_092-8a
098.md	123	KR1d0051_WYG_092-8b
098.md	131	KR1d0051_WYG_092-9a
098.md	139	KR1d0051_WYG_092-9b
098.md	147	KR1d0051_WYG_092-10a
098.md	155	KR1d0051_WYG_092-10b
098.md	163	KR1d0051_WYG_092-11a
098.md	171	KR1d0051_WYG_092-11b
098.md	179	KR1d0051_WYG_092-12a
098.md	187	KR1d0051_WYG_092-12b
098.md	195	KR1d0051_WYG_092-13a
098.md	203	KR1d0051_WYG_092-13b
098.md	211	KR1d0051_WYG_092-14a
098.md	219	KR1d0051_WYG_092-14b
098.md	227	KR1d0051_WYG_092-15a
098.md	235	KR1d0051_WYG_092-15b
098.md	243	KR1d0051_WYG_092-16a
098.md	251	KR1d0051_WYG_092-16b
098.md	259	KR1d0051_WYG_092-17a
098.md	267	KR1d0051_WYG_092-17b
098.md	275	KR1d0051_WYG_092-18a
098.md	283	KR1d0051_WYG_092-18b
098.md	291	KR1d0051_WYG_092-19a
098.md	299	KR1d0051_WYG_092-19b
098.md	307	KR1d0051_WYG_092-20a
098.md	315	KR1d0051_WYG_092-20b
098.md	323	KR1d0051_WYG_092-21a
098.md	331	KR1d0051_WYG_092-21b
098.md	339	KR1d0051_WYG_092-22a
098.md	347	KR1d0051_WYG_092-22b
098.md	355	KR1d0051_WYG_092-23a
098.md	363	KR1d0051_WYG_092-23b
098.md	371	KR1d0051_WYG_092-24a
098.md	379	KR1d0051_WYG_092-24b
098.md	387	KR1d0051_WYG_092-25a
098.md	395	KR1d0051_WYG_092-25b
098.md	403	KR1d0051_WYG_092-26a
098.md	411	KR1d0051_WYG_092-26b
098.md	419	KR1d0051_WYG_092-27a
098.md	427	KR1d0051_WYG_092-27b
098.md	435	KR1d0051_WYG_092-28a
098.md	443	KR1d0051_WYG_092-28b
098.md	451	KR1d0051_WYG_092-29a
098.md	459	KR1d0051_WYG_092-29b
098.md	467	KR1d0051_WYG_092-30a
098.md	475	KR1d0051_WYG_092-30b
098.md	483	KR1d0051_WYG_092-31a
098.md	491	KR1d0051_WYG_092-31b
098.md	499	KR1d0051_WYG_092-32a
098.md	507	KR1d0051_WYG_092-32b
098.md	515	KR1d0051_WYG_092-33a
098.md	523	KR1d0051_WYG_092-33b
098.md	531	KR1d0051_WYG_092-34a
098.md	539	KR1d0051_WYG_092-34b
098.md	547	KR1d0051_WYG_092-35a
098.md	555	KR1d0051_WYG_092-35b
098.md	563	KR1d0051_WYG_092-36a
098.md	571	KR1d0051_WYG_092-36b
098.md	579	KR1d0051_WYG_092-37a
098.md	587	KR1d0051_WYG_092-37b
098.md	595	KR1d0051_WYG_092-38a
098.md	603	KR1d0051_WYG_092-38b
098.md	611	KR1d0051_WYG_092-39a
098.md	619	KR1d0051_WYG_092-39b
098.md	627	KR1d0051_WYG_092-40a
098.md	635	KR1d0051_WYG_092-40b
098.md	643	KR1d0051_WYG_092-41a
098.md	651	KR1d0051_WYG_092-41b
098.md	659	KR1d0051_WYG_092-42a
098.md	667	KR1d0051_WYG_092-42b
098.md	675	KR1d0051_WYG_092-43a
098.md	683	KR1d0051_WYG_092-43b
098.md	691	KR1d0051_WYG_092-44a
098.md	699	KR1d0051_WYG_092-44b
098.md	707	KR1d0051_WYG_092-45a
098.md	715	KR1d0051_WYG_092-45b
098.md	723	KR1d0051_WYG_092-46a
098.md	731	KR1d0051_WYG_092-46b
098.md	739	KR1d0051_WYG_092-47a
098.md	747	KR1d0051_WYG_092-47b
098.md	755	KR1d0051_WYG_092-48a
098.md	763	KR1d0051_WYG_092-48b
098.md	771	KR1d0051_WYG_092-49a
098.md	779	KR1d0051_WYG_092-49b
098.md	787	KR1d0051_WYG_092-50a
098.md	795	KR1d0051_WYG_092-50b
098.md	803	KR1d0051_WYG_092-51a
098.md	811	KR1d0051_WYG_092-51b
098.md	819	KR1d0051_WYG_092-52a
098.md	827	KR1d0051_WYG_092-52b
098.md	835	KR1d0051_WYG_092-53a
098.md	843	KR1d0051_WYG_092-53b
099.md	3	KR1d0051_WYG_093-1a
099.md	11	KR1d0051_WYG_093-1b
099.md	19	KR1d0051_WYG_093-2a
099.md	27	KR1d0051_WYG_093-2b
099.md	35	KR1d0051_WYG_093-3a
099.md	43	KR1d0051_WYG_093-3b
099.md	51	KR1d0051_WYG_093-4a
099.md	59	KR1d0051_WYG_093-4b
099.md	67	KR1d0051_WYG_093-5a
099.md	75	KR1d0051_WYG_093-5b
099.md	83	KR1d0051_WYG_093-6a
099.md	91	KR1d0051_WYG_093-6b
099.md	99	KR1d0051_WYG_093-7a
099.md	107	KR1d0051_WYG_093-7b
099.md	115	KR1d0051_WYG_093-8a
099.md	123	KR1d0051_WYG_093-8b
099.md	131	KR1d0051_WYG_093-9a
099.md	139	KR1d0051_WYG_093-9b
099.md	147	KR1d0051_WYG_093-10a
099.md	155	KR1d0051_WYG_093-10b
099.md	163	KR1d0051_WYG_093-11a
099.md	171	KR1d0051_WYG_093-11b
099.md	179	KR1d0051_WYG_093-12a
099.md	187	KR1d0051_WYG_093-12b
099.md	195	KR1d0051_WYG_093-13a
099.md	203	KR1d0051_WYG_093-13b
099.md	211	KR1d0051_WYG_093-14a
099.md	219	KR1d0051_WYG_093-14b
099.md	227	KR1d0051_WYG_093-15a
099.md	235	KR1d0051_WYG_093-15b
099.md	243	KR1d0051_WYG_093-16a
099.md	251	KR1d0051_WYG_093-16b
099.md	259	KR1d0051_WYG_093-17a
099.md	267	KR1d0051_WYG_093-17b
099.md	275	KR1d0051_WYG_093-18a
099.md	283	KR1d0051_WYG_093-18b
099.md	291	KR1d0051_WYG_093-19a
099.md	299	KR1d0051_WYG_093-19b
099.md	307	KR1d0051_WYG_093-20a
099.md	315	KR1d0051_WYG_093-20b
099.md	323	KR1d0051_WYG_093-21a
099.md	331	KR1d0051_WYG_093-21b
099.md	339	KR1d0051_WYG_093-22a
099.md	347	KR1d0051_WYG_093-22b
099.md	355	KR1d0051_WYG_093-23a
099.md	363	KR1d0051_WYG_093-23b
099.md	371	KR1d0051_WYG_093-24a
099.md	379	KR1d0051_WYG_093-24b
099.md	387	KR1d0051_WYG_093-25a
099.md	395	KR1d0051_WYG_093-25b
099.md	403	KR1d0051_WYG_093-26a
099.md	411	KR1d0051_WYG_093-26b
099.md	419	KR1d0051_WYG_093-27a
099.md	427	KR1d0051_WYG_093-27b
099.md	435	KR1d0051_WYG_093-28a
099.md	443	KR1d0051_WYG_093-28b
099.md	451	KR1d0051_WYG_093-29a
099.md	459	KR1d0051_WYG_093-29b
099.md	467	KR1d0051_WYG_093-30a
099.md	475	KR1d0051_WYG_093-30b
099.md	483	KR1d0051_WYG_093-31a
099.md	491	KR1d0051_WYG_093-31b
099.md	499	KR1d0051_WYG_093-32a
099.md	507	KR1d0051_WYG_093-32b
099.md	515	KR1d0051_WYG_093-33a
099.md	523	KR1d0051_WYG_093-33b
099.md	531	KR1d0051_WYG_093-34a
099.md	539	KR1d0051_WYG_093-34b
099.md	547	KR1d0051_WYG_093-35a
099.md	555	KR1d0051_WYG_093-35b
099.md	563	KR1d0051_WYG_093-36a
099.md	571	KR1d0051_WYG_093-36b
099.md	579	KR1d0051_WYG_093-37a
099.md	587	KR1d0051_WYG_093-37b
099.md	595	KR1d0051_WYG_093-38a
099.md	603	KR1d0051_WYG_093-38b
099.md	611	KR1d0051_WYG_093-39a
099.md	619	KR1d0051_WYG_093-39b
099.md	627	KR1d0051_WYG_093-40a
099.md	635	KR1d0051_WYG_093-40b
099.md	643	KR1d0051_WYG_093-41a
099.md	651	KR1d0051_WYG_093-41b
099.md	659	KR1d0051_WYG_093-42a
099.md	667	KR1d0051_WYG_093-42b
099.md	675	KR1d0051_WYG_093-43a
099.md	683	KR1d0051_WYG_093-43b
099.md	691	KR1d0051_WYG_093-44a
099.md	699	KR1d0051_WYG_093-44b
099.md	707	KR1d0051_WYG_093-45a
099.md	715	KR1d0051_WYG_093-45b
099.md	723	KR1d0051_WYG_093-46a
099.md	731	KR1d0051_WYG_093-46b
099.md	739	KR1d0051_WYG_093-47a
099.md	747	KR1d0051_WYG_093-47b
099.md	755	KR1d0051_WYG_093-48a
099.md	763	KR1d0051_WYG_093-48b
099.md	771	KR1d0051_WYG_093-49a
099.md	779	KR1d0051_WYG_093-49b
099.md	787	KR1d0051_WYG_093-50a
099.md	795	KR1d0051_WYG_093-50b
099.md	803	KR1d0051_WYG_093-51a
099.md	811	KR1d0051_WYG_093-51b
099.md	819	KR1d0051_WYG_093-52a
099.md	827	KR1d0051_WYG_093-52b
099.md	835	KR1d0051_WYG_093-53a
099.md	843	KR1d0051_WYG_093-53b
099.md	851	KR1d0051_WYG_093-54a
099.md	859	KR1d0051_WYG_093-54b
099.md	867	KR1d0051_WYG_093-55a
099.md	875	KR1d0051_WYG_093-55b
099.md	883	KR1d0051_WYG_093-56a
099.md	891	KR1d0051_WYG_093-56b
100.md	3	KR1d0051_WYG_094-1a
100.md	11	KR1d0051_WYG_094-1b
100.md	19	KR1d0051_WYG_094-2a
100.md	27	KR1d0051_WYG_094-2b
100.md	35	KR1d0051_WYG_094-3a
100.md	43	KR1d0051_WYG_094-3b
100.md	51	KR1d0051_WYG_094-4a
100.md	59	KR1d0051_WYG_094-4b
100.md	67	KR1d0051_WYG_094-5a
100.md	75	KR1d0051_WYG_094-5b
100.md	83	KR1d0051_WYG_094-6a
100.md	91	KR1d0051_WYG_094-6b
100.md	99	KR1d0051_WYG_094-7a
100.md	107	KR1d0051_WYG_094-7b
100.md	115	KR1d0051_WYG_094-8a
100.md	123	KR1d0051_WYG_094-8b
100.md	131	KR1d0051_WYG_094-9a
100.md	139	KR1d0051_WYG_094-9b
100.md	147	KR1d0051_WYG_094-10a
100.md	155	KR1d0051_WYG_094-10b
100.md	163	KR1d0051_WYG_094-11a
100.md	171	KR1d0051_WYG_094-11b
100.md	179	KR1d0051_WYG_094-12a
100.md	187	KR1d0051_WYG_094-12b
100.md	195	KR1d0051_WYG_094-13a
100.md	203	KR1d0051_WYG_094-13b
100.md	211	KR1d0051_WYG_094-14a
100.md	219	KR1d0051_WYG_094-14b
100.md	227	KR1d0051_WYG_094-15a
100.md	235	KR1d0051_WYG_094-15b
100.md	243	KR1d0051_WYG_094-16a
100.md	251	KR1d0051_WYG_094-16b
100.md	259	KR1d0051_WYG_094-17a
100.md	267	KR1d0051_WYG_094-17b
100.md	275	KR1d0051_WYG_094-18a
100.md	283	KR1d0051_WYG_094-18b
100.md	291	KR1d0051_WYG_094-19a
100.md	299	KR1d0051_WYG_094-19b
100.md	307	KR1d0051_WYG_094-20a
100.md	315	KR1d0051_WYG_094-20b
100.md	323	KR1d0051_WYG_094-21a
100.md	331	KR1d0051_WYG_094-21b
100.md	339	KR1d0051_WYG_094-22a
100.md	347	KR1d0051_WYG_094-22b
100.md	355	KR1d0051_WYG_094-23a
100.md	363	KR1d0051_WYG_094-23b
100.md	371	KR1d0051_WYG_094-24a
100.md	379	KR1d0051_WYG_094-24b
100.md	387	KR1d0051_WYG_094-25a
100.md	395	KR1d0051_WYG_094-25b
100.md	403	KR1d0051_WYG_094-26a
100.md	411	KR1d0051_WYG_094-26b
100.md	419	KR1d0051_WYG_094-27a
100.md	427	KR1d0051_WYG_094-27b
100.md	435	KR1d0051_WYG_094-28a
100.md	443	KR1d0051_WYG_094-28b
100.md	451	KR1d0051_WYG_094-29a
100.md	459	KR1d0051_WYG_094-29b
100.md	467	KR1d0051_WYG_094-30a
100.md	475	KR1d0051_WYG_094-30b
100.md	483	KR1d0051_WYG_094-31a
100.md	491	KR1d0051_WYG_094-31b
100.md	499	KR1d0051_WYG_094-32a
100.md	507	KR1d0051_WYG_094-32b
100.md	515	KR1d0051_WYG_094-33a
100.md	523	KR1d0051_WYG_094-33b
100.md	531	KR1d0051_WYG_094-34a
100.md	539	KR1d0051_WYG_094-34b
100.md	547	KR1d0051_WYG_094-35a
100.md	555	KR1d0051_WYG_094-35b
100.md	563	KR1d0051_WYG_094-36a
100.md	571	KR1d0051_WYG_094-36b
100.md	579	KR1d0051_WYG_094-37a
100.md	587	KR1d0051_WYG_094-37b
100.md	595	KR1d0051_WYG_094-38a
100.md	603	KR1d0051_WYG_094-38b
100.md	611	KR1d0051_WYG_094-39a
100.md	619	KR1d0051_WYG_094-39b
100.md	627	KR1d0051_WYG_094-40a
100.md	635	KR1d0051_WYG_094-40b
101.md	3	KR1d0051_WYG_095-1a
101.md	11	KR1d0051_WYG_095-1b
101.md	18	KR1d0051_WYG_095-2a
101.md	26	KR1d0051_WYG_095-2b
101.md	32	KR1d0051_WYG_095-3a
101.md	40	KR1d0051_WYG_095-3b
101.md	48	KR1d0051_WYG_095-4a
101.md	56	KR1d0051_WYG_095-4b
101.md	64	KR1d0051_WYG_095-5a
101.md	65	KR1d0051_WYG_095-6a
101.md	73	KR1d0051_WYG_095-6b
101.md	79	KR1d0051_WYG_095-7a
101.md	80	KR1d0051_WYG_095-8a
101.md	88	KR1d0051_WYG_095-8b
101.md	91	KR1d0051_WYG_095-9a
101.md	99	KR1d0051_WYG_095-9b
101.md	103	KR1d0051_WYG_095-10a
101.md	111	KR1d0051_WYG_095-10b
101.md	114	KR1d0051_WYG_095-11a
101.md	122	KR1d0051_WYG_095-11b
101.md	124	KR1d0051_WYG_095-12a
101.md	132	KR1d0051_WYG_095-12b
101.md	139	KR1d0051_WYG_095-13a
101.md	140	KR1d0051_WYG_095-14a
101.md	148	KR1d0051_WYG_095-14b
101.md	156	KR1d0051_WYG_095-15a
101.md	164	KR1d0051_WYG_095-15b
101.md	169	KR1d0051_WYG_095-16a
101.md	177	KR1d0051_WYG_095-16b
101.md	185	KR1d0051_WYG_095-17a
101.md	190	KR1d0051_WYG_095-18a
101.md	198	KR1d0051_WYG_095-18b
101.md	206	KR1d0051_WYG_095-19a
101.md	209	KR1d0051_WYG_095-20a
101.md	210	KR1d0051_WYG_095-21a
101.md	215	KR1d0051_WYG_095-22a
101.md	223	KR1d0051_WYG_095-22b
101.md	231	KR1d0051_WYG_095-23a
101.md	239	KR1d0051_WYG_095-23b
101.md	247	KR1d0051_WYG_095-24a
101.md	255	KR1d0051_WYG_095-25a
101.md	263	KR1d0051_WYG_095-25b
101.md	265	KR1d0051_WYG_095-26a
101.md	273	KR1d0051_WYG_095-26b
101.md	281	KR1d0051_WYG_095-27a
101.md	282	KR1d0051_WYG_095-28a
101.md	290	KR1d0051_WYG_095-28b
101.md	293	KR1d0051_WYG_095-29a
101.md	301	KR1d0051_WYG_095-29b
101.md	303	KR1d0051_WYG_095-30a
101.md	311	KR1d0051_WYG_095-30b
101.md	316	KR1d0051_WYG_095-31a
101.md	324	KR1d0051_WYG_095-31b
101.md	332	KR1d0051_WYG_095-32a
101.md	337	KR1d0051_WYG_095-33a
101.md	345	KR1d0051_WYG_095-33b
101.md	353	KR1d0051_WYG_095-34a
101.md	361	KR1d0051_WYG_095-34b
101.md	369	KR1d0051_WYG_095-35a
101.md	377	KR1d0051_WYG_095-35b
101.md	385	KR1d0051_WYG_095-36a
101.md	393	KR1d0051_WYG_095-36b
101.md	401	KR1d0051_WYG_095-37a
101.md	409	KR1d0051_WYG_095-37b
101.md	417	KR1d0051_WYG_095-38a
101.md	425	KR1d0051_WYG_095-38b
101.md	433	KR1d0051_WYG_095-39a
101.md	441	KR1d0051_WYG_095-39b
101.md	449	KR1d0051_WYG_095-40a
101.md	457	KR1d0051_WYG_095-40b
101.md	465	KR1d0051_WYG_095-41a
101.md	473	KR1d0051_WYG_095-41b
101.md	481	KR1d0051_WYG_095-42a
101.md	489	KR1d0051_WYG_095-42b
101.md	497	KR1d0051_WYG_095-43a
101.md	505	KR1d0051_WYG_095-43b
101.md	513	KR1d0051_WYG_095-44a
101.md	521	KR1d0051_WYG_095-44b
101.md	529	KR1d0051_WYG_095-45a
101.md	537	KR1d0051_WYG_095-45b
101.md	545	KR1d0051_WYG_095-46a
101.md	553	KR1d0051_WYG_095-46b
101.md	561	KR1d0051_WYG_095-47a
101.md	569	KR1d0051_WYG_095-47b
101.md	577	KR1d0051_WYG_095-48a
101.md	585	KR1d0051_WYG_095-48b
101.md	593	KR1d0051_WYG_095-49a
101.md	601	KR1d0051_WYG_095-49b
101.md	609	KR1d0051_WYG_095-50a
101.md	617	KR1d0051_WYG_095-50b
101.md	622	KR1d0051_WYG_095-51a
101.md	630	KR1d0051_WYG_095-51b
101.md	638	KR1d0051_WYG_095-52a
101.md	646	KR1d0051_WYG_095-52b
101.md	654	KR1d0051_WYG_095-53a
101.md	662	KR1d0051_WYG_095-53b
101.md	670	KR1d0051_WYG_095-54a
101.md	678	KR1d0051_WYG_095-54b
101.md	686	KR1d0051_WYG_095-55a
101.md	694	KR1d0051_WYG_095-55b
101.md	702	KR1d0051_WYG_095-56a
101.md	710	KR1d0051_WYG_095-56b
101.md	718	KR1d0051_WYG_095-57a
101.md	726	KR1d0051_WYG_095-57b
102.md	3	KR1d0051_WYG_096-1a
102.md	11	KR1d0051_WYG_096-1b
102.md	19	KR1d0051_WYG_096-2a
102.md	27	KR1d0051_WYG_096-2b
102.md	35	KR1d0051_WYG_096-3a
102.md	43	KR1d0051_WYG_096-3b
102.md	51	KR1d0051_WYG_096-4a
102.md	59	KR1d0051_WYG_096-4b
102.md	67	KR1d0051_WYG_096-5a
102.md	75	KR1d0051_WYG_096-5b
102.md	83	KR1d0051_WYG_096-6a
102.md	91	KR1d0051_WYG_096-6b
102.md	99	KR1d0051_WYG_096-7a
102.md	107	KR1d0051_WYG_096-7b
102.md	115	KR1d0051_WYG_096-8a
102.md	123	KR1d0051_WYG_096-8b
102.md	131	KR1d0051_WYG_096-9a
102.md	139	KR1d0051_WYG_096-9b
102.md	147	KR1d0051_WYG_096-10a
102.md	155	KR1d0051_WYG_096-10b
102.md	156	KR1d0051_WYG_096-11a
102.md	164	KR1d0051_WYG_096-11b
102.md	172	KR1d0051_WYG_096-12a
102.md	175	KR1d0051_WYG_096-13a
102.md	183	KR1d0051_WYG_096-13b
102.md	191	KR1d0051_WYG_096-14a
102.md	199	KR1d0051_WYG_096-14b
102.md	207	KR1d0051_WYG_096-15a
102.md	215	KR1d0051_WYG_096-15b
102.md	223	KR1d0051_WYG_096-16a
102.md	228	KR1d0051_WYG_096-17a
102.md	236	KR1d0051_WYG_096-17b
102.md	244	KR1d0051_WYG_096-18a
102.md	252	KR1d0051_WYG_096-18b
102.md	260	KR1d0051_WYG_096-19a
102.md	268	KR1d0051_WYG_096-19b
102.md	276	KR1d0051_WYG_096-20a
102.md	284	KR1d0051_WYG_096-20b
102.md	292	KR1d0051_WYG_096-21a
102.md	300	KR1d0051_WYG_096-21b
102.md	301	KR1d0051_WYG_096-22a
102.md	302	KR1d0051_WYG_096-23a
102.md	310	KR1d0051_WYG_096-23b
102.md	317	KR1d0051_WYG_096-24a
102.md	325	KR1d0051_WYG_096-24b
102.md	329	KR1d0051_WYG_096-25a
102.md	330	KR1d0051_WYG_096-26a
102.md	338	KR1d0051_WYG_096-26b
102.md	346	KR1d0051_WYG_096-27a
102.md	354	KR1d0051_WYG_096-27b
102.md	360	KR1d0051_WYG_096-28a
102.md	368	KR1d0051_WYG_096-28b
102.md	374	KR1d0051_WYG_096-29a
102.md	382	KR1d0051_WYG_096-29b
102.md	390	KR1d0051_WYG_096-30a
102.md	398	KR1d0051_WYG_096-30b
102.md	406	KR1d0051_WYG_096-31a
102.md	414	KR1d0051_WYG_096-31b
102.md	422	KR1d0051_WYG_096-32a
102.md	430	KR1d0051_WYG_096-32b
102.md	438	KR1d0051_WYG_096-33a
102.md	442	KR1d0051_WYG_096-34a
102.md	450	KR1d0051_WYG_096-34b
102.md	453	KR1d0051_WYG_096-35a
102.md	461	KR1d0051_WYG_096-35b
102.md	464	KR1d0051_WYG_096-36a
102.md	472	KR1d0051_WYG_096-36b
102.md	473	KR1d0051_WYG_096-37a
102.md	481	KR1d0051_WYG_096-37b
102.md	489	KR1d0051_WYG_096-38a
102.md	497	KR1d0051_WYG_096-38b
102.md	505	KR1d0051_WYG_096-39a
102.md	513	KR1d0051_WYG_096-39b
102.md	521	KR1d0051_WYG_096-40a
102.md	529	KR1d0051_WYG_096-40b
102.md	530	KR1d0051_WYG_096-41a
102.md	538	KR1d0051_WYG_096-41b
102.md	542	KR1d0051_WYG_096-42a
102.md	550	KR1d0051_WYG_096-42b
102.md	558	KR1d0051_WYG_096-43a
102.md	563	KR1d0051_WYG_096-44a
102.md	571	KR1d0051_WYG_096-44b
102.md	579	KR1d0051_WYG_096-45a
102.md	587	KR1d0051_WYG_096-45b
102.md	595	KR1d0051_WYG_096-46a
102.md	603	KR1d0051_WYG_096-46b
102.md	611	KR1d0051_WYG_096-47a
102.md	619	KR1d0051_WYG_096-47b
102.md	627	KR1d0051_WYG_096-48a
102.md	635	KR1d0051_WYG_096-48b
102.md	643	KR1d0051_WYG_096-49a
102.md	645	KR1d0051_WYG_096-50a
102.md	653	KR1d0051_WYG_096-50b
102.md	661	KR1d0051_WYG_096-51a
102.md	669	KR1d0051_WYG_096-51b
103.md	3	KR1d0051_WYG_097-1a
103.md	11	KR1d0051_WYG_097-1b
103.md	19	KR1d0051_WYG_097-2a
103.md	27	KR1d0051_WYG_097-2b
103.md	35	KR1d0051_WYG_097-3a
103.md	43	KR1d0051_WYG_097-3b
103.md	51	KR1d0051_WYG_097-4a
103.md	59	KR1d0051_WYG_097-4b
103.md	67	KR1d0051_WYG_097-5a
103.md	68	KR1d0051_WYG_097-6a
103.md	76	KR1d0051_WYG_097-6b
103.md	78	KR1d0051_WYG_097-7a
103.md	86	KR1d0051_WYG_097-7b
103.md	87	KR1d0051_WYG_097-8a
103.md	95	KR1d0051_WYG_097-8b
103.md	103	KR1d0051_WYG_097-9a
103.md	111	KR1d0051_WYG_097-9b
103.md	115	KR1d0051_WYG_097-10a
103.md	123	KR1d0051_WYG_097-10b
103.md	129	KR1d0051_WYG_097-11a
103.md	137	KR1d0051_WYG_097-11b
103.md	138	KR1d0051_WYG_097-12a
103.md	146	KR1d0051_WYG_097-12b
103.md	154	KR1d0051_WYG_097-13a
103.md	162	KR1d0051_WYG_097-13b
103.md	170	KR1d0051_WYG_097-14a
103.md	178	KR1d0051_WYG_097-14b
103.md	186	KR1d0051_WYG_097-15a
103.md	194	KR1d0051_WYG_097-15b
103.md	198	KR1d0051_WYG_097-16a
103.md	206	KR1d0051_WYG_097-16b
103.md	208	KR1d0051_WYG_097-17a
103.md	216	KR1d0051_WYG_097-17b
103.md	224	KR1d0051_WYG_097-18a
103.md	232	KR1d0051_WYG_097-18b
103.md	240	KR1d0051_WYG_097-19a
103.md	248	KR1d0051_WYG_097-19b
103.md	256	KR1d0051_WYG_097-20a
103.md	264	KR1d0051_WYG_097-20b
103.md	272	KR1d0051_WYG_097-21a
103.md	280	KR1d0051_WYG_097-21b
103.md	288	KR1d0051_WYG_097-22a
103.md	296	KR1d0051_WYG_097-22b
103.md	304	KR1d0051_WYG_097-23a
103.md	312	KR1d0051_WYG_097-23b
103.md	320	KR1d0051_WYG_097-24a
103.md	328	KR1d0051_WYG_097-24b
103.md	336	KR1d0051_WYG_097-25a
103.md	344	KR1d0051_WYG_097-25b
103.md	352	KR1d0051_WYG_097-26a
103.md	360	KR1d0051_WYG_097-26b
104.md	3	KR1d0051_WYG_098-1a
104.md	11	KR1d0051_WYG_098-1b
104.md	19	KR1d0051_WYG_098-2a
104.md	27	KR1d0051_WYG_098-2b
104.md	35	KR1d0051_WYG_098-3a
104.md	43	KR1d0051_WYG_098-3b
104.md	51	KR1d0051_WYG_098-4a
104.md	59	KR1d0051_WYG_098-4b
104.md	67	KR1d0051_WYG_098-5a
104.md	75	KR1d0051_WYG_098-5b
104.md	83	KR1d0051_WYG_098-6a
104.md	91	KR1d0051_WYG_098-6b
104.md	99	KR1d0051_WYG_098-7a
104.md	107	KR1d0051_WYG_098-7b
104.md	115	KR1d0051_WYG_098-8a
104.md	123	KR1d0051_WYG_098-8b
104.md	131	KR1d0051_WYG_098-9a
104.md	139	KR1d0051_WYG_098-9b
104.md	147	KR1d0051_WYG_098-10a
104.md	155	KR1d0051_WYG_098-10b
104.md	163	KR1d0051_WYG_098-11a
104.md	171	KR1d0051_WYG_098-11b
104.md	179	KR1d0051_WYG_098-12a
104.md	187	KR1d0051_WYG_098-12b
104.md	195	KR1d0051_WYG_098-13a
104.md	203	KR1d0051_WYG_098-13b
104.md	211	KR1d0051_WYG_098-14a
104.md	219	KR1d0051_WYG_098-14b
104.md	227	KR1d0051_WYG_098-15a
104.md	235	KR1d0051_WYG_098-15b
104.md	243	KR1d0051_WYG_098-16a
104.md	251	KR1d0051_WYG_098-16b
104.md	259	KR1d0051_WYG_098-17a
104.md	267	KR1d0051_WYG_098-17b
104.md	275	KR1d0051_WYG_098-18a
104.md	283	KR1d0051_WYG_098-18b
104.md	291	KR1d0051_WYG_098-19a
104.md	299	KR1d0051_WYG_098-19b
104.md	307	KR1d0051_WYG_098-20a
104.md	315	KR1d0051_WYG_098-20b
104.md	323	KR1d0051_WYG_098-21a
104.md	331	KR1d0051_WYG_098-21b
104.md	339	KR1d0051_WYG_098-22a
104.md	347	KR1d0051_WYG_098-22b
104.md	355	KR1d0051_WYG_098-23a
104.md	363	KR1d0051_WYG_098-23b
104.md	371	KR1d0051_WYG_098-24a
104.md	379	KR1d0051_WYG_098-24b
104.md	387	KR1d0051_WYG_098-25a
104.md	395	KR1d0051_WYG_098-25b
104.md	403	KR1d0051_WYG_098-26a
104.md	411	KR1d0051_WYG_098-26b
104.md	419	KR1d0051_WYG_098-27a
104.md	427	KR1d0051_WYG_098-27b
104.md	435	KR1d0051_WYG_098-28a
104.md	443	KR1d0051_WYG_098-28b
104.md	451	KR1d0051_WYG_098-29a
104.md	459	KR1d0051_WYG_098-29b
104.md	467	KR1d0051_WYG_098-30a
104.md	475	KR1d0051_WYG_098-30b
104.md	483	KR1d0051_WYG_098-31a
104.md	491	KR1d0051_WYG_098-31b
104.md	499	KR1d0051_WYG_098-32a
104.md	507	KR1d0051_WYG_098-32b
104.md	515	KR1d0051_WYG_098-33a
104.md	523	KR1d0051_WYG_098-33b
104.md	531	KR1d0051_WYG_098-34a
104.md	539	KR1d0051_WYG_098-34b
104.md	547	KR1d0051_WYG_098-35a
104.md	555	KR1d0051_WYG_098-35b
105.md	3	KR1d0051_WYG_099-1a
105.md	11	KR1d0051_WYG_099-1b
105.md	19	KR1d0051_WYG_099-2a
105.md	27	KR1d0051_WYG_099-2b
105.md	35	KR1d0051_WYG_099-3a
105.md	43	KR1d0051_WYG_099-3b
105.md	51	KR1d0051_WYG_099-4a
105.md	59	KR1d0051_WYG_099-4b
105.md	67	KR1d0051_WYG_099-5a
105.md	75	KR1d0051_WYG_099-5b
105.md	83	KR1d0051_WYG_099-6a
105.md	91	KR1d0051_WYG_099-6b
105.md	99	KR1d0051_WYG_099-7a
105.md	107	KR1d0051_WYG_099-7b
105.md	115	KR1d0051_WYG_099-8a
105.md	123	KR1d0051_WYG_099-8b
105.md	131	KR1d0051_WYG_099-9a
105.md	139	KR1d0051_WYG_099-9b
105.md	147	KR1d0051_WYG_099-10a
105.md	155	KR1d0051_WYG_099-10b
105.md	163	KR1d0051_WYG_099-11a
105.md	171	KR1d0051_WYG_099-11b
105.md	179	KR1d0051_WYG_099-12a
105.md	187	KR1d0051_WYG_099-12b
105.md	195	KR1d0051_WYG_099-13a
105.md	203	KR1d0051_WYG_099-13b
105.md	211	KR1d0051_WYG_099-14a
105.md	219	KR1d0051_WYG_099-14b
105.md	227	KR1d0051_WYG_099-15a
105.md	235	KR1d0051_WYG_099-15b
105.md	243	KR1d0051_WYG_099-16a
105.md	251	KR1d0051_WYG_099-16b
105.md	259	KR1d0051_WYG_099-17a
105.md	267	KR1d0051_WYG_099-17b
105.md	275	KR1d0051_WYG_099-18a
105.md	283	KR1d0051_WYG_099-18b
105.md	291	KR1d0051_WYG_099-19a
105.md	299	KR1d0051_WYG_099-19b
105.md	307	KR1d0051_WYG_099-20a
105.md	315	KR1d0051_WYG_099-20b
105.md	323	KR1d0051_WYG_099-21a
105.md	331	KR1d0051_WYG_099-21b
105.md	339	KR1d0051_WYG_099-22a
105.md	347	KR1d0051_WYG_099-22b
105.md	355	KR1d0051_WYG_099-23a
105.md	363	KR1d0051_WYG_099-23b
105.md	371	KR1d0051_WYG_099-24a
105.md	379	KR1d0051_WYG_099-24b
105.md	387	KR1d0051_WYG_099-25a
105.md	395	KR1d0051_WYG_099-25b
105.md	403	KR1d0051_WYG_099-26a
105.md	411	KR1d0051_WYG_099-26b
106.md	3	KR1d0051_WYG_100-1a
106.md	11	KR1d0051_WYG_100-1b
106.md	19	KR1d0051_WYG_100-2a
106.md	27	KR1d0051_WYG_100-2b
106.md	35	KR1d0051_WYG_100-3a
106.md	43	KR1d0051_WYG_100-3b
106.md	51	KR1d0051_WYG_100-4a
106.md	59	KR1d0051_WYG_100-4b
106.md	67	KR1d0051_WYG_100-5a
106.md	75	KR1d0051_WYG_100-5b
106.md	83	KR1d0051_WYG_100-6a
106.md	91	KR1d0051_WYG_100-6b
106.md	99	KR1d0051_WYG_100-7a
106.md	107	KR1d0051_WYG_100-7b
106.md	115	KR1d0051_WYG_100-8a
106.md	123	KR1d0051_WYG_100-8b
106.md	131	KR1d0051_WYG_100-9a
106.md	139	KR1d0051_WYG_100-9b
106.md	147	KR1d0051_WYG_100-10a
106.md	155	KR1d0051_WYG_100-10b
106.md	163	KR1d0051_WYG_100-11a
106.md	171	KR1d0051_WYG_100-11b
106.md	179	KR1d0051_WYG_100-12a
106.md	187	KR1d0051_WYG_100-12b
106.md	195	KR1d0051_WYG_100-13a
106.md	203	KR1d0051_WYG_100-13b
106.md	211	KR1d0051_WYG_100-14a
106.md	219	KR1d0051_WYG_100-14b
106.md	227	KR1d0051_WYG_100-15a
106.md	235	KR1d0051_WYG_100-15b
106.md	243	KR1d0051_WYG_100-16a
106.md	251	KR1d0051_WYG_100-16b
106.md	259	KR1d0051_WYG_100-17a
106.md	267	KR1d0051_WYG_100-17b
107.md	3	KR1d0051_WYG_101-1a
107.md	11	KR1d0051_WYG_101-1b
107.md	19	KR1d0051_WYG_101-2a
107.md	27	KR1d0051_WYG_101-2b
107.md	35	KR1d0051_WYG_101-3a
107.md	43	KR1d0051_WYG_101-3b
107.md	51	KR1d0051_WYG_101-4a
107.md	59	KR1d0051_WYG_101-4b
107.md	67	KR1d0051_WYG_101-5a
107.md	75	KR1d0051_WYG_101-5b
107.md	83	KR1d0051_WYG_101-6a
107.md	91	KR1d0051_WYG_101-6b
107.md	99	KR1d0051_WYG_101-7a
107.md	107	KR1d0051_WYG_101-7b
107.md	115	KR1d0051_WYG_101-8a
107.md	123	KR1d0051_WYG_101-8b
107.md	131	KR1d0051_WYG_101-9a
107.md	139	KR1d0051_WYG_101-9b
107.md	147	KR1d0051_WYG_101-10a
107.md	155	KR1d0051_WYG_101-10b
107.md	163	KR1d0051_WYG_101-11a
107.md	171	KR1d0051_WYG_101-11b
107.md	179	KR1d0051_WYG_101-12a
107.md	187	KR1d0051_WYG_101-12b
107.md	195	KR1d0051_WYG_101-13a
107.md	203	KR1d0051_WYG_101-13b
107.md	211	KR1d0051_WYG_101-14a
107.md	219	KR1d0051_WYG_101-14b
107.md	227	KR1d0051_WYG_101-15a
107.md	235	KR1d0051_WYG_101-15b
107.md	243	KR1d0051_WYG_101-16a
107.md	251	KR1d0051_WYG_101-16b
107.md	259	KR1d0051_WYG_101-17a
107.md	267	KR1d0051_WYG_101-17b
107.md	275	KR1d0051_WYG_101-18a
107.md	283	KR1d0051_WYG_101-18b
107.md	291	KR1d0051_WYG_101-19a
107.md	299	KR1d0051_WYG_101-19b
107.md	307	KR1d0051_WYG_101-20a
107.md	315	KR1d0051_WYG_101-20b
107.md	323	KR1d0051_WYG_101-21a
107.md	331	KR1d0051_WYG_101-21b
107.md	339	KR1d0051_WYG_101-22a
107.md	347	KR1d0051_WYG_101-22b
107.md	355	KR1d0051_WYG_101-23a
107.md	363	KR1d0051_WYG_101-23b
107.md	371	KR1d0051_WYG_101-24a
107.md	379	KR1d0051_WYG_101-24b
107.md	387	KR1d0051_WYG_101-25a
107.md	395	KR1d0051_WYG_101-25b
107.md	403	KR1d0051_WYG_101-26a
107.md	411	KR1d0051_WYG_101-26b
107.md	419	KR1d0051_WYG_101-27a
107.md	427	KR1d0051_WYG_101-27b
107.md	435	KR1d0051_WYG_101-28a
107.md	443	KR1d0051_WYG_101-28b
107.md	451	KR1d0051_WYG_101-29a
107.md	459	KR1d0051_WYG_101-29b
107.md	467	KR1d0051_WYG_101-30a
107.md	475	KR1d0051_WYG_101-30b
107.md	483	KR1d0051_WYG_101-31a
107.md	491	KR1d0051_WYG_101-31b
107.md	499	KR1d0051_WYG_101-32a
107.md	507	KR1d0051_WYG_101-32b
107.md	515	KR1d0051_WYG_101-33a
107.md	523	KR1d0051_WYG_101-33b
107.md	531	KR1d0051_WYG_101-34a
107.md	539	KR1d0051_WYG_101-34b
107.md	547	KR1d0051_WYG_101-35a
107.md	555	KR1d0051_WYG_101-35b
107.md	563	KR1d0051_WYG_101-36a
107.md	571	KR1d0051_WYG_101-36b
107.md	579	KR1d0051_WYG_101-37a
107.md	587	KR1d0051_WYG_101-37b
107.md	595	KR1d0051_WYG_101-38a
107.md	603	KR1d0051_WYG_101-38b
107.md	611	KR1d0051_WYG_101-39a
107.md	619	KR1d0051_WYG_101-39b
108.md	3	KR1d0051_WYG_102-1a
108.md	11	KR1d0051_WYG_102-1b
108.md	19	KR1d0051_WYG_102-2a
108.md	27	KR1d0051_WYG_102-2b
108.md	35	KR1d0051_WYG_102-3a
108.md	43	KR1d0051_WYG_102-3b
108.md	51	KR1d0051_WYG_102-4a
108.md	59	KR1d0051_WYG_102-4b
108.md	67	KR1d0051_WYG_102-5a
108.md	75	KR1d0051_WYG_102-5b
108.md	83	KR1d0051_WYG_102-6a
108.md	91	KR1d0051_WYG_102-6b
108.md	99	KR1d0051_WYG_102-7a
108.md	107	KR1d0051_WYG_102-7b
108.md	115	KR1d0051_WYG_102-8a
108.md	123	KR1d0051_WYG_102-8b
108.md	131	KR1d0051_WYG_102-9a
108.md	139	KR1d0051_WYG_102-9b
108.md	147	KR1d0051_WYG_102-10a
108.md	155	KR1d0051_WYG_102-10b
108.md	163	KR1d0051_WYG_102-11a
108.md	171	KR1d0051_WYG_102-11b
108.md	179	KR1d0051_WYG_102-12a
108.md	187	KR1d0051_WYG_102-12b
108.md	195	KR1d0051_WYG_102-13a
108.md	203	KR1d0051_WYG_102-13b
108.md	211	KR1d0051_WYG_102-14a
108.md	219	KR1d0051_WYG_102-14b
108.md	227	KR1d0051_WYG_102-15a
108.md	235	KR1d0051_WYG_102-15b
108.md	243	KR1d0051_WYG_102-16a
108.md	251	KR1d0051_WYG_102-16b
108.md	259	KR1d0051_WYG_102-17a
108.md	267	KR1d0051_WYG_102-17b
108.md	275	KR1d0051_WYG_102-18a
108.md	283	KR1d0051_WYG_102-18b
108.md	291	KR1d0051_WYG_102-19a
108.md	299	KR1d0051_WYG_102-19b
108.md	307	KR1d0051_WYG_102-20a
108.md	315	KR1d0051_WYG_102-20b
108.md	323	KR1d0051_WYG_102-21a
108.md	331	KR1d0051_WYG_102-21b
108.md	339	KR1d0051_WYG_102-22a
108.md	347	KR1d0051_WYG_102-22b
108.md	355	KR1d0051_WYG_102-23a
108.md	363	KR1d0051_WYG_102-23b
108.md	371	KR1d0051_WYG_102-24a
108.md	379	KR1d0051_WYG_102-24b
108.md	387	KR1d0051_WYG_102-25a
108.md	395	KR1d0051_WYG_102-25b
108.md	403	KR1d0051_WYG_102-26a
108.md	411	KR1d0051_WYG_102-26b
108.md	419	KR1d0051_WYG_102-27a
108.md	427	KR1d0051_WYG_102-27b
108.md	435	KR1d0051_WYG_102-28a
108.md	443	KR1d0051_WYG_102-28b
108.md	451	KR1d0051_WYG_102-29a
108.md	459	KR1d0051_WYG_102-29b
108.md	467	KR1d0051_WYG_102-30a
108.md	475	KR1d0051_WYG_102-30b
108.md	483	KR1d0051_WYG_102-31a
108.md	491	KR1d0051_WYG_102-31b
108.md	499	KR1d0051_WYG_102-32a
108.md	507	KR1d0051_WYG_102-32b
108.md	515	KR1d0051_WYG_102-33a
108.md	523	KR1d0051_WYG_102-33b
109.md	3	KR1d0051_WYG_103-1a
109.md	11	KR1d0051_WYG_103-1b
109.md	19	KR1d0051_WYG_103-2a
109.md	27	KR1d0051_WYG_103-2b
109.md	35	KR1d0051_WYG_103-3a
109.md	43	KR1d0051_WYG_103-3b
109.md	51	KR1d0051_WYG_103-4a
109.md	59	KR1d0051_WYG_103-4b
109.md	67	KR1d0051_WYG_103-5a
109.md	75	KR1d0051_WYG_103-5b
109.md	83	KR1d0051_WYG_103-6a
109.md	91	KR1d0051_WYG_103-6b
109.md	99	KR1d0051_WYG_103-7a
109.md	107	KR1d0051_WYG_103-7b
109.md	115	KR1d0051_WYG_103-8a
109.md	123	KR1d0051_WYG_103-8b
109.md	131	KR1d0051_WYG_103-9a
109.md	139	KR1d0051_WYG_103-9b
109.md	147	KR1d0051_WYG_103-10a
109.md	155	KR1d0051_WYG_103-10b
109.md	163	KR1d0051_WYG_103-11a
109.md	171	KR1d0051_WYG_103-11b
109.md	179	KR1d0051_WYG_103-12a
109.md	187	KR1d0051_WYG_103-12b
109.md	195	KR1d0051_WYG_103-13a
109.md	203	KR1d0051_WYG_103-13b
109.md	211	KR1d0051_WYG_103-14a
109.md	219	KR1d0051_WYG_103-14b
109.md	227	KR1d0051_WYG_103-15a
109.md	235	KR1d0051_WYG_103-15b
109.md	243	KR1d0051_WYG_103-16a
109.md	251	KR1d0051_WYG_103-16b
109.md	259	KR1d0051_WYG_103-17a
109.md	267	KR1d0051_WYG_103-17b
109.md	275	KR1d0051_WYG_103-18a
109.md	283	KR1d0051_WYG_103-18b
109.md	291	KR1d0051_WYG_103-19a
109.md	299	KR1d0051_WYG_103-19b
109.md	307	KR1d0051_WYG_103-20a
109.md	315	KR1d0051_WYG_103-20b
109.md	323	KR1d0051_WYG_103-21a
109.md	331	KR1d0051_WYG_103-21b
109.md	339	KR1d0051_WYG_103-22a
109.md	347	KR1d0051_WYG_103-22b
109.md	355	KR1d0051_WYG_103-23a
109.md	363	KR1d0051_WYG_103-23b
109.md	371	KR1d0051_WYG_103-24a
109.md	379	KR1d0051_WYG_103-24b
109.md	387	KR1d0051_WYG_103-25a
109.md	395	KR1d0051_WYG_103-25b
109.md	403	KR1d0051_WYG_103-26a
109.md	411	KR1d0051_WYG_103-26b
109.md	419	KR1d0051_WYG_103-27a
109.md	427	KR1d0051_WYG_103-27b
109.md	435	KR1d0051_WYG_103-28a
109.md	443	KR1d0051_WYG_103-28b
109.md	451	KR1d0051_WYG_103-29a
109.md	459	KR1d0051_WYG_103-29b
109.md	467	KR1d0051_WYG_103-30a
109.md	475	KR1d0051_WYG_103-30b
109.md	483	KR1d0051_WYG_103-31a
109.md	491	KR1d0051_WYG_103-31b
109.md	499	KR1d0051_WYG_103-32a
109.md	507	KR1d0051_WYG_103-32b
109.md	515	KR1d0051_WYG_103-33a
109.md	523	KR1d0051_WYG_103-33b
109.md	531	KR1d0051_WYG_103-34a
109.md	539	KR1d0051_WYG_103-34b
109.md	547	KR1d0051_WYG_103-35a
109.md	555	KR1d0051_WYG_103-35b
109.md	563	KR1d0051_WYG_103-36a
109.md	571	KR1d0051_WYG_103-36b
109.md	579	KR1d0051_WYG_103-37a
109.md	587	KR1d0051_WYG_103-37b
109.md	595	KR1d0051_WYG_103-38a
109.md	603	KR1d0051_WYG_103-38b
109.md	611	KR1d0051_WYG_103-39a
109.md	619	KR1d0051_WYG_103-39b
109.md	627	KR1d0051_WYG_103-40a
109.md	635	KR1d0051_WYG_103-40b
109.md	643	KR1d0051_WYG_103-41a
109.md	651	KR1d0051_WYG_103-41b
110.md	3	KR1d0051_WYG_104-1a
110.md	11	KR1d0051_WYG_104-1b
110.md	19	KR1d0051_WYG_104-2a
110.md	27	KR1d0051_WYG_104-2b
110.md	35	KR1d0051_WYG_104-3a
110.md	43	KR1d0051_WYG_104-3b
110.md	51	KR1d0051_WYG_104-4a
110.md	59	KR1d0051_WYG_104-4b
110.md	67	KR1d0051_WYG_104-5a
110.md	75	KR1d0051_WYG_104-5b
110.md	83	KR1d0051_WYG_104-6a
110.md	91	KR1d0051_WYG_104-6b
110.md	99	KR1d0051_WYG_104-7a
110.md	107	KR1d0051_WYG_104-7b
110.md	115	KR1d0051_WYG_104-8a
110.md	123	KR1d0051_WYG_104-8b
110.md	131	KR1d0051_WYG_104-9a
110.md	139	KR1d0051_WYG_104-9b
110.md	147	KR1d0051_WYG_104-10a
110.md	155	KR1d0051_WYG_104-10b
110.md	163	KR1d0051_WYG_104-11a
110.md	171	KR1d0051_WYG_104-11b
110.md	179	KR1d0051_WYG_104-12a
110.md	187	KR1d0051_WYG_104-12b
110.md	195	KR1d0051_WYG_104-13a
110.md	203	KR1d0051_WYG_104-13b
110.md	211	KR1d0051_WYG_104-14a
110.md	219	KR1d0051_WYG_104-14b
110.md	227	KR1d0051_WYG_104-15a
110.md	235	KR1d0051_WYG_104-15b
110.md	243	KR1d0051_WYG_104-16a
110.md	251	KR1d0051_WYG_104-16b
110.md	259	KR1d0051_WYG_104-17a
110.md	267	KR1d0051_WYG_104-17b
110.md	275	KR1d0051_WYG_104-18a
110.md	283	KR1d0051_WYG_104-18b
110.md	291	KR1d0051_WYG_104-19a
110.md	299	KR1d0051_WYG_104-19b
110.md	307	KR1d0051_WYG_104-20a
110.md	315	KR1d0051_WYG_104-20b
110.md	323	KR1d0051_WYG_104-21a
110.md	331	KR1d0051_WYG_104-21b
110.md	339	KR1d0051_WYG_104-22a
110.md	347	KR1d0051_WYG_104-22b
110.md	355	KR1d0051_WYG_104-23a
110.md	363	KR1d0051_WYG_104-23b
110.md	371	KR1d0051_WYG_104-24a
110.md	379	KR1d0051_WYG_104-24b
110.md	387	KR1d0051_WYG_104-25a
110.md	395	KR1d0051_WYG_104-25b
110.md	403	KR1d0051_WYG_104-26a
110.md	411	KR1d0051_WYG_104-26b
110.md	419	KR1d0051_WYG_104-27a
110.md	427	KR1d0051_WYG_104-27b
111.md	3	KR1d0051_WYG_105-1a
111.md	11	KR1d0051_WYG_105-1b
111.md	19	KR1d0051_WYG_105-2a
111.md	27	KR1d0051_WYG_105-2b
111.md	35	KR1d0051_WYG_105-3a
111.md	43	KR1d0051_WYG_105-3b
111.md	51	KR1d0051_WYG_105-4a
111.md	59	KR1d0051_WYG_105-4b
111.md	67	KR1d0051_WYG_105-5a
111.md	75	KR1d0051_WYG_105-5b
111.md	83	KR1d0051_WYG_105-6a
111.md	91	KR1d0051_WYG_105-6b
111.md	99	KR1d0051_WYG_105-7a
111.md	107	KR1d0051_WYG_105-7b
111.md	115	KR1d0051_WYG_105-8a
111.md	123	KR1d0051_WYG_105-8b
111.md	131	KR1d0051_WYG_105-9a
111.md	139	KR1d0051_WYG_105-9b
111.md	147	KR1d0051_WYG_105-10a
111.md	155	KR1d0051_WYG_105-10b
111.md	163	KR1d0051_WYG_105-11a
111.md	171	KR1d0051_WYG_105-11b
111.md	179	KR1d0051_WYG_105-12a
111.md	187	KR1d0051_WYG_105-12b
111.md	195	KR1d0051_WYG_105-13a
111.md	203	KR1d0051_WYG_105-13b
111.md	211	KR1d0051_WYG_105-14a
111.md	219	KR1d0051_WYG_105-14b
111.md	227	KR1d0051_WYG_105-15a
111.md	235	KR1d0051_WYG_105-15b
111.md	243	KR1d0051_WYG_105-16a
111.md	251	KR1d0051_WYG_105-16b
111.md	259	KR1d0051_WYG_105-17a
111.md	267	KR1d0051_WYG_105-17b
111.md	275	KR1d0051_WYG_105-18a
111.md	283	KR1d0051_WYG_105-18b
111.md	291	KR1d0051_WYG_105-19a
111.md	299	KR1d0051_WYG_105-19b
111.md	307	KR1d0051_WYG_105-20a
111.md	315	KR1d0051_WYG_105-20b
111.md	323	KR1d0051_WYG_105-21a
111.md	331	KR1d0051_WYG_105-21b
111.md	339	KR1d0051_WYG_105-22a
111.md	347	KR1d0051_WYG_105-22b
111.md	355	KR1d0051_WYG_105-23a
111.md	363	KR1d0051_WYG_105-23b
111.md	371	KR1d0051_WYG_105-24a
111.md	379	KR1d0051_WYG_105-24b
111.md	387	KR1d0051_WYG_105-25a
111.md	395	KR1d0051_WYG_105-25b
111.md	403	KR1d0051_WYG_105-26a
111.md	411	KR1d0051_WYG_105-26b
111.md	419	KR1d0051_WYG_105-27a
111.md	427	KR1d0051_WYG_105-27b
111.md	435	KR1d0051_WYG_105-28a
111.md	443	KR1d0051_WYG_105-28b
111.md	451	KR1d0051_WYG_105-29a
111.md	459	KR1d0051_WYG_105-29b
111.md	467	KR1d0051_WYG_105-30a
111.md	475	KR1d0051_WYG_105-30b
111.md	483	KR1d0051_WYG_105-31a
111.md	491	KR1d0051_WYG_105-31b
111.md	499	KR1d0051_WYG_105-32a
111.md	507	KR1d0051_WYG_105-32b
112.md	3	KR1d0051_WYG_106-1a
112.md	11	KR1d0051_WYG_106-1b
112.md	19	KR1d0051_WYG_106-2a
112.md	27	KR1d0051_WYG_106-2b
112.md	35	KR1d0051_WYG_106-3a
112.md	43	KR1d0051_WYG_106-3b
112.md	51	KR1d0051_WYG_106-4a
112.md	59	KR1d0051_WYG_106-4b
112.md	67	KR1d0051_WYG_106-5a
112.md	75	KR1d0051_WYG_106-5b
112.md	83	KR1d0051_WYG_106-6a
112.md	91	KR1d0051_WYG_106-6b
112.md	99	KR1d0051_WYG_106-7a
112.md	107	KR1d0051_WYG_106-7b
112.md	115	KR1d0051_WYG_106-8a
112.md	123	KR1d0051_WYG_106-8b
112.md	131	KR1d0051_WYG_106-9a
112.md	139	KR1d0051_WYG_106-9b
112.md	147	KR1d0051_WYG_106-10a
112.md	155	KR1d0051_WYG_106-10b
112.md	163	KR1d0051_WYG_106-11a
112.md	171	KR1d0051_WYG_106-11b
112.md	179	KR1d0051_WYG_106-12a
112.md	187	KR1d0051_WYG_106-12b
112.md	195	KR1d0051_WYG_106-13a
112.md	203	KR1d0051_WYG_106-13b
112.md	211	KR1d0051_WYG_106-14a
112.md	219	KR1d0051_WYG_106-14b
112.md	227	KR1d0051_WYG_106-15a
112.md	235	KR1d0051_WYG_106-15b
112.md	243	KR1d0051_WYG_106-16a
112.md	251	KR1d0051_WYG_106-16b
112.md	259	KR1d0051_WYG_106-17a
112.md	267	KR1d0051_WYG_106-17b
112.md	275	KR1d0051_WYG_106-18a
112.md	283	KR1d0051_WYG_106-18b
112.md	291	KR1d0051_WYG_106-19a
112.md	299	KR1d0051_WYG_106-19b
112.md	307	KR1d0051_WYG_106-20a
112.md	315	KR1d0051_WYG_106-20b
112.md	323	KR1d0051_WYG_106-21a
112.md	331	KR1d0051_WYG_106-21b
112.md	339	KR1d0051_WYG_106-22a
112.md	347	KR1d0051_WYG_106-22b
112.md	355	KR1d0051_WYG_106-23a
112.md	363	KR1d0051_WYG_106-23b
112.md	371	KR1d0051_WYG_106-24a
112.md	379	KR1d0051_WYG_106-24b
112.md	387	KR1d0051_WYG_106-25a
112.md	395	KR1d0051_WYG_106-25b
112.md	403	KR1d0051_WYG_106-26a
112.md	411	KR1d0051_WYG_106-26b
112.md	419	KR1d0051_WYG_106-27a
112.md	427	KR1d0051_WYG_106-27b
112.md	435	KR1d0051_WYG_106-28a
112.md	443	KR1d0051_WYG_106-28b
112.md	451	KR1d0051_WYG_106-29a
112.md	459	KR1d0051_WYG_106-29b
112.md	467	KR1d0051_WYG_106-30a
112.md	475	KR1d0051_WYG_106-30b
112.md	483	KR1d0051_WYG_106-31a
112.md	491	KR1d0051_WYG_106-31b
112.md	499	KR1d0051_WYG_106-32a
112.md	507	KR1d0051_WYG_106-32b
112.md	515	KR1d0051_WYG_106-33a
112.md	523	KR1d0051_WYG_106-33b
112.md	531	KR1d0051_WYG_106-34a
112.md	539	KR1d0051_WYG_106-34b
113.md	3	KR1d0051_WYG_107-1a
113.md	11	KR1d0051_WYG_107-1b
113.md	19	KR1d0051_WYG_107-2a
113.md	27	KR1d0051_WYG_107-2b
113.md	35	KR1d0051_WYG_107-3a
113.md	43	KR1d0051_WYG_107-3b
113.md	51	KR1d0051_WYG_107-4a
113.md	59	KR1d0051_WYG_107-4b
113.md	67	KR1d0051_WYG_107-5a
113.md	75	KR1d0051_WYG_107-5b
113.md	83	KR1d0051_WYG_107-6a
113.md	91	KR1d0051_WYG_107-6b
113.md	99	KR1d0051_WYG_107-7a
113.md	107	KR1d0051_WYG_107-7b
113.md	115	KR1d0051_WYG_107-8a
113.md	123	KR1d0051_WYG_107-8b
113.md	131	KR1d0051_WYG_107-9a
113.md	139	KR1d0051_WYG_107-9b
113.md	147	KR1d0051_WYG_107-10a
113.md	155	KR1d0051_WYG_107-10b
113.md	163	KR1d0051_WYG_107-11a
113.md	171	KR1d0051_WYG_107-11b
113.md	179	KR1d0051_WYG_107-12a
113.md	187	KR1d0051_WYG_107-12b
113.md	195	KR1d0051_WYG_107-13a
113.md	203	KR1d0051_WYG_107-13b
113.md	211	KR1d0051_WYG_107-14a
113.md	219	KR1d0051_WYG_107-14b
113.md	227	KR1d0051_WYG_107-15a
113.md	235	KR1d0051_WYG_107-15b
113.md	243	KR1d0051_WYG_107-16a
113.md	251	KR1d0051_WYG_107-16b
113.md	259	KR1d0051_WYG_107-17a
113.md	267	KR1d0051_WYG_107-17b
113.md	275	KR1d0051_WYG_107-18a
113.md	283	KR1d0051_WYG_107-18b
113.md	291	KR1d0051_WYG_107-19a
113.md	299	KR1d0051_WYG_107-19b
113.md	307	KR1d0051_WYG_107-20a
113.md	315	KR1d0051_WYG_107-20b
113.md	323	KR1d0051_WYG_107-21a
113.md	331	KR1d0051_WYG_107-21b
113.md	339	KR1d0051_WYG_107-22a
113.md	347	KR1d0051_WYG_107-22b
113.md	355	KR1d0051_WYG_107-23a
113.md	363	KR1d0051_WYG_107-23b
113.md	371	KR1d0051_WYG_107-24a
113.md	379	KR1d0051_WYG_107-24b
113.md	387	KR1d0051_WYG_107-25a
113.md	395	KR1d0051_WYG_107-25b
113.md	403	KR1d0051_WYG_107-26a
113.md	411	KR1d0051_WYG_107-26b
114.md	3	KR1d0051_WYG_108-1a
114.md	11	KR1d0051_WYG_108-1b
114.md	19	KR1d0051_WYG_108-2a
114.md	27	KR1d0051_WYG_108-2b
114.md	35	KR1d0051_WYG_108-3a
114.md	43	KR1d0051_WYG_108-3b
114.md	51	KR1d0051_WYG_108-4a
114.md	59	KR1d0051_WYG_108-4b
114.md	67	KR1d0051_WYG_108-5a
114.md	75	KR1d0051_WYG_108-5b
114.md	83	KR1d0051_WYG_108-6a
114.md	91	KR1d0051_WYG_108-6b
114.md	99	KR1d0051_WYG_108-7a
114.md	107	KR1d0051_WYG_108-7b
114.md	115	KR1d0051_WYG_108-8a
114.md	123	KR1d0051_WYG_108-8b
114.md	131	KR1d0051_WYG_108-9a
114.md	139	KR1d0051_WYG_108-9b
114.md	147	KR1d0051_WYG_108-10a
114.md	155	KR1d0051_WYG_108-10b
114.md	163	KR1d0051_WYG_108-11a
114.md	171	KR1d0051_WYG_108-11b
114.md	179	KR1d0051_WYG_108-12a
114.md	187	KR1d0051_WYG_108-12b
114.md	195	KR1d0051_WYG_108-13a
114.md	203	KR1d0051_WYG_108-13b
114.md	211	KR1d0051_WYG_108-14a
114.md	219	KR1d0051_WYG_108-14b
114.md	227	KR1d0051_WYG_108-15a
114.md	235	KR1d0051_WYG_108-15b
114.md	243	KR1d0051_WYG_108-16a
114.md	251	KR1d0051_WYG_108-16b
114.md	259	KR1d0051_WYG_108-17a
114.md	267	KR1d0051_WYG_108-17b
114.md	275	KR1d0051_WYG_108-18a
114.md	283	KR1d0051_WYG_108-18b
114.md	291	KR1d0051_WYG_108-19a
114.md	299	KR1d0051_WYG_108-19b
114.md	307	KR1d0051_WYG_108-20a
114.md	315	KR1d0051_WYG_108-20b
114.md	323	KR1d0051_WYG_108-21a
114.md	331	KR1d0051_WYG_108-21b
114.md	339	KR1d0051_WYG_108-22a
114.md	347	KR1d0051_WYG_108-22b
114.md	355	KR1d0051_WYG_108-23a
114.md	363	KR1d0051_WYG_108-23b
114.md	371	KR1d0051_WYG_108-24a
114.md	379	KR1d0051_WYG_108-24b
114.md	387	KR1d0051_WYG_108-25a
114.md	395	KR1d0051_WYG_108-25b
114.md	403	KR1d0051_WYG_108-26a
114.md	411	KR1d0051_WYG_108-26b
114.md	419	KR1d0051_WYG_108-27a
114.md	427	KR1d0051_WYG_108-27b
114.md	435	KR1d0051_WYG_108-28a
114.md	443	KR1d0051_WYG_108-28b
114.md	451	KR1d0051_WYG_108-29a
114.md	459	KR1d0051_WYG_108-29b
114.md	467	KR1d0051_WYG_108-30a
114.md	475	KR1d0051_WYG_108-30b
115.md	3	KR1d0051_WYG_109-1a
115.md	11	KR1d0051_WYG_109-1b
115.md	19	KR1d0051_WYG_109-2a
115.md	27	KR1d0051_WYG_109-2b
115.md	35	KR1d0051_WYG_109-3a
115.md	43	KR1d0051_WYG_109-3b
115.md	51	KR1d0051_WYG_109-4a
115.md	59	KR1d0051_WYG_109-4b
115.md	67	KR1d0051_WYG_109-5a
115.md	75	KR1d0051_WYG_109-5b
115.md	83	KR1d0051_WYG_109-6a
115.md	91	KR1d0051_WYG_109-6b
115.md	99	KR1d0051_WYG_109-7a
115.md	107	KR1d0051_WYG_109-7b
115.md	115	KR1d0051_WYG_109-8a
115.md	123	KR1d0051_WYG_109-8b
115.md	131	KR1d0051_WYG_109-9a
115.md	139	KR1d0051_WYG_109-9b
115.md	147	KR1d0051_WYG_109-10a
115.md	155	KR1d0051_WYG_109-10b
115.md	163	KR1d0051_WYG_109-11a
115.md	171	KR1d0051_WYG_109-11b
115.md	179	KR1d0051_WYG_109-12a
115.md	187	KR1d0051_WYG_109-12b
115.md	195	KR1d0051_WYG_109-13a
115.md	203	KR1d0051_WYG_109-13b
115.md	211	KR1d0051_WYG_109-14a
115.md	219	KR1d0051_WYG_109-14b
115.md	227	KR1d0051_WYG_109-15a
115.md	235	KR1d0051_WYG_109-15b
115.md	243	KR1d0051_WYG_109-16a
115.md	251	KR1d0051_WYG_109-16b
115.md	259	KR1d0051_WYG_109-17a
115.md	267	KR1d0051_WYG_109-17b
115.md	275	KR1d0051_WYG_109-18a
115.md	283	KR1d0051_WYG_109-18b
115.md	291	KR1d0051_WYG_109-19a
115.md	299	KR1d0051_WYG_109-19b
115.md	307	KR1d0051_WYG_109-20a
115.md	315	KR1d0051_WYG_109-20b
115.md	323	KR1d0051_WYG_109-21a
115.md	331	KR1d0051_WYG_109-21b
115.md	339	KR1d0051_WYG_109-22a
115.md	347	KR1d0051_WYG_109-22b
115.md	355	KR1d0051_WYG_109-23a
115.md	363	KR1d0051_WYG_109-23b
115.md	371	KR1d0051_WYG_109-24a
115.md	379	KR1d0051_WYG_109-24b
115.md	387	KR1d0051_WYG_109-25a
115.md	395	KR1d0051_WYG_109-25b
115.md	403	KR1d0051_WYG_109-26a
115.md	411	KR1d0051_WYG_109-26b
115.md	419	KR1d0051_WYG_109-27a
115.md	427	KR1d0051_WYG_109-27b
115.md	435	KR1d0051_WYG_109-28a
115.md	443	KR1d0051_WYG_109-28b
115.md	451	KR1d0051_WYG_109-29a
115.md	459	KR1d0051_WYG_109-29b
115.md	467	KR1d0051_WYG_109-30a
115.md	475	KR1d0051_WYG_109-30b
115.md	483	KR1d0051_WYG_109-31a
115.md	491	KR1d0051_WYG_109-31b
115.md	499	KR1d0051_WYG_109-32a
115.md	507	KR1d0051_WYG_109-32b
115.md	515	KR1d0051_WYG_109-33a
115.md	523	KR1d0051_WYG_109-33b
115.md	531	KR1d0051_WYG_109-34a
115.md	539	KR1d0051_WYG_109-34b
115.md	547	KR1d0051_WYG_109-35a
115.md	555	KR1d0051_WYG_109-35b
116.md	3	KR1d0051_WYG_110-1a
116.md	11	KR1d0051_WYG_110-1b
116.md	19	KR1d0051_WYG_110-2a
116.md	27	KR1d0051_WYG_110-2b
116.md	35	KR1d0051_WYG_110-3a
116.md	43	KR1d0051_WYG_110-3b
116.md	51	KR1d0051_WYG_110-4a
116.md	59	KR1d0051_WYG_110-4b
116.md	67	KR1d0051_WYG_110-5a
116.md	75	KR1d0051_WYG_110-5b
116.md	83	KR1d0051_WYG_110-6a
116.md	91	KR1d0051_WYG_110-6b
116.md	99	KR1d0051_WYG_110-7a
116.md	107	KR1d0051_WYG_110-7b
116.md	115	KR1d0051_WYG_110-8a
116.md	123	KR1d0051_WYG_110-8b
116.md	131	KR1d0051_WYG_110-9a
116.md	139	KR1d0051_WYG_110-9b
116.md	147	KR1d0051_WYG_110-10a
116.md	155	KR1d0051_WYG_110-10b
116.md	163	KR1d0051_WYG_110-11a
116.md	171	KR1d0051_WYG_110-11b
116.md	179	KR1d0051_WYG_110-12a
116.md	187	KR1d0051_WYG_110-12b
116.md	195	KR1d0051_WYG_110-13a
116.md	203	KR1d0051_WYG_110-13b
116.md	211	KR1d0051_WYG_110-14a
116.md	219	KR1d0051_WYG_110-14b
116.md	227	KR1d0051_WYG_110-15a
116.md	235	KR1d0051_WYG_110-15b
116.md	243	KR1d0051_WYG_110-16a
116.md	251	KR1d0051_WYG_110-16b
116.md	259	KR1d0051_WYG_110-17a
116.md	267	KR1d0051_WYG_110-17b
117.md	3	KR1d0051_WYG_111-1a
117.md	11	KR1d0051_WYG_111-1b
117.md	19	KR1d0051_WYG_111-2a
117.md	27	KR1d0051_WYG_111-2b
117.md	35	KR1d0051_WYG_111-3a
117.md	43	KR1d0051_WYG_111-3b
117.md	51	KR1d0051_WYG_111-4a
117.md	59	KR1d0051_WYG_111-4b
117.md	67	KR1d0051_WYG_111-5a
117.md	75	KR1d0051_WYG_111-5b
117.md	83	KR1d0051_WYG_111-6a
117.md	91	KR1d0051_WYG_111-6b
117.md	99	KR1d0051_WYG_111-7a
117.md	107	KR1d0051_WYG_111-7b
117.md	115	KR1d0051_WYG_111-8a
117.md	123	KR1d0051_WYG_111-8b
117.md	131	KR1d0051_WYG_111-9a
117.md	139	KR1d0051_WYG_111-9b
117.md	147	KR1d0051_WYG_111-10a
117.md	155	KR1d0051_WYG_111-10b
117.md	163	KR1d0051_WYG_111-11a
117.md	171	KR1d0051_WYG_111-11b
117.md	179	KR1d0051_WYG_111-12a
117.md	187	KR1d0051_WYG_111-12b
117.md	195	KR1d0051_WYG_111-13a
117.md	203	KR1d0051_WYG_111-13b
117.md	211	KR1d0051_WYG_111-14a
117.md	219	KR1d0051_WYG_111-14b
117.md	227	KR1d0051_WYG_111-15a
117.md	235	KR1d0051_WYG_111-15b
117.md	243	KR1d0051_WYG_111-16a
117.md	251	KR1d0051_WYG_111-16b
117.md	259	KR1d0051_WYG_111-17a
117.md	267	KR1d0051_WYG_111-17b
117.md	275	KR1d0051_WYG_111-18a
117.md	283	KR1d0051_WYG_111-18b
117.md	291	KR1d0051_WYG_111-19a
117.md	299	KR1d0051_WYG_111-19b
117.md	307	KR1d0051_WYG_111-20a
117.md	315	KR1d0051_WYG_111-20b
117.md	323	KR1d0051_WYG_111-21a
117.md	331	KR1d0051_WYG_111-21b
117.md	339	KR1d0051_WYG_111-22a
117.md	347	KR1d0051_WYG_111-22b
117.md	355	KR1d0051_WYG_111-23a
117.md	363	KR1d0051_WYG_111-23b
117.md	371	KR1d0051_WYG_111-24a
117.md	379	KR1d0051_WYG_111-24b
117.md	387	KR1d0051_WYG_111-25a
117.md	395	KR1d0051_WYG_111-25b
117.md	403	KR1d0051_WYG_111-26a
117.md	411	KR1d0051_WYG_111-26b
117.md	419	KR1d0051_WYG_111-27a
117.md	427	KR1d0051_WYG_111-27b
117.md	435	KR1d0051_WYG_111-28a
117.md	443	KR1d0051_WYG_111-28b
117.md	451	KR1d0051_WYG_111-29a
117.md	459	KR1d0051_WYG_111-29b
117.md	467	KR1d0051_WYG_111-30a
117.md	475	KR1d0051_WYG_111-30b
117.md	483	KR1d0051_WYG_111-31a
117.md	491	KR1d0051_WYG_111-31b
117.md	499	KR1d0051_WYG_111-32a
117.md	507	KR1d0051_WYG_111-32b
117.md	515	KR1d0051_WYG_111-33a
117.md	523	KR1d0051_WYG_111-33b
117.md	531	KR1d0051_WYG_111-34a
117.md	539	KR1d0051_WYG_111-34b
118.md	3	KR1d0051_WYG_112-1a
118.md	11	KR1d0051_WYG_112-1b
118.md	19	KR1d0051_WYG_112-2a
118.md	27	KR1d0051_WYG_112-2b
118.md	35	KR1d0051_WYG_112-3a
118.md	43	KR1d0051_WYG_112-3b
118.md	51	KR1d0051_WYG_112-4a
118.md	59	KR1d0051_WYG_112-4b
118.md	67	KR1d0051_WYG_112-5a
118.md	75	KR1d0051_WYG_112-5b
118.md	83	KR1d0051_WYG_112-6a
118.md	91	KR1d0051_WYG_112-6b
118.md	99	KR1d0051_WYG_112-7a
118.md	107	KR1d0051_WYG_112-7b
118.md	115	KR1d0051_WYG_112-8a
118.md	123	KR1d0051_WYG_112-8b
118.md	131	KR1d0051_WYG_112-9a
118.md	139	KR1d0051_WYG_112-9b
118.md	147	KR1d0051_WYG_112-10a
118.md	155	KR1d0051_WYG_112-10b
118.md	163	KR1d0051_WYG_112-11a
118.md	171	KR1d0051_WYG_112-11b
118.md	179	KR1d0051_WYG_112-12a
118.md	187	KR1d0051_WYG_112-12b
118.md	195	KR1d0051_WYG_112-13a
118.md	203	KR1d0051_WYG_112-13b
118.md	211	KR1d0051_WYG_112-14a
118.md	219	KR1d0051_WYG_112-14b
118.md	227	KR1d0051_WYG_112-15a
118.md	235	KR1d0051_WYG_112-15b
118.md	243	KR1d0051_WYG_112-16a
118.md	251	KR1d0051_WYG_112-16b
118.md	259	KR1d0051_WYG_112-17a
118.md	267	KR1d0051_WYG_112-17b
118.md	275	KR1d0051_WYG_112-18a
118.md	283	KR1d0051_WYG_112-18b
118.md	291	KR1d0051_WYG_112-19a
118.md	299	KR1d0051_WYG_112-19b
118.md	307	KR1d0051_WYG_112-20a
118.md	315	KR1d0051_WYG_112-20b
118.md	323	KR1d0051_WYG_112-21a
118.md	331	KR1d0051_WYG_112-21b
118.md	339	KR1d0051_WYG_112-22a
118.md	347	KR1d0051_WYG_112-22b
118.md	355	KR1d0051_WYG_112-23a
118.md	363	KR1d0051_WYG_112-23b
118.md	371	KR1d0051_WYG_112-24a
118.md	379	KR1d0051_WYG_112-24b
118.md	387	KR1d0051_WYG_112-25a
118.md	395	KR1d0051_WYG_112-25b
118.md	403	KR1d0051_WYG_112-26a
118.md	411	KR1d0051_WYG_112-26b
118.md	419	KR1d0051_WYG_112-27a
118.md	427	KR1d0051_WYG_112-27b
118.md	435	KR1d0051_WYG_112-28a
118.md	443	KR1d0051_WYG_112-28b
118.md	451	KR1d0051_WYG_112-29a
118.md	459	KR1d0051_WYG_112-29b
118.md	467	KR1d0051_WYG_112-30a
118.md	475	KR1d0051_WYG_112-30b
118.md	483	KR1d0051_WYG_112-31a
118.md	491	KR1d0051_WYG_112-31b
118.md	499	KR1d0051_WYG_112-32a
118.md	507	KR1d0051_WYG_112-32b
118.md	515	KR1d0051_WYG_112-33a
118.md	523	KR1d0051_WYG_112-33b
118.md	531	KR1d0051_WYG_112-34a
118.md	539	KR1d0051_WYG_112-34b
118.md	547	KR1d0051_WYG_112-35a
118.md	555	KR1d0051_WYG_112-35b
118.md	563	KR1d0051_WYG_112-36a
118.md	571	KR1d0051_WYG_112-36b
118.md	579	KR1d0051_WYG_112-37a
118.md	587	KR1d0051_WYG_112-37b
118.md	595	KR1d0051_WYG_112-38a
118.md	603	KR1d0051_WYG_112-38b
118.md	611	KR1d0051_WYG_112-39a
118.md	619	KR1d0051_WYG_112-39b
118.md	627	KR1d0051_WYG_112-40a
118.md	635	KR1d0051_WYG_112-40b
118.md	643	KR1d0051_WYG_112-41a
118.md	651	KR1d0051_WYG_112-41b
118.md	659	KR1d0051_WYG_112-42a
118.md	667	KR1d0051_WYG_112-42b
118.md	675	KR1d0051_WYG_112-43a
118.md	683	KR1d0051_WYG_112-43b
118.md	691	KR1d0051_WYG_112-44a
118.md	699	KR1d0051_WYG_112-44b
118.md	707	KR1d0051_WYG_112-45a
118.md	715	KR1d0051_WYG_112-45b
118.md	723	KR1d0051_WYG_112-46a
118.md	731	KR1d0051_WYG_112-46b
118.md	739	KR1d0051_WYG_112-47a
118.md	747	KR1d0051_WYG_112-47b
118.md	755	KR1d0051_WYG_112-48a
118.md	763	KR1d0051_WYG_112-48b
118.md	771	KR1d0051_WYG_112-49a
118.md	779	KR1d0051_WYG_112-49b
118.md	787	KR1d0051_WYG_112-50a
118.md	795	KR1d0051_WYG_112-50b
119.md	3	KR1d0051_WYG_113-1a
119.md	11	KR1d0051_WYG_113-1b
119.md	19	KR1d0051_WYG_113-2a
119.md	27	KR1d0051_WYG_113-2b
119.md	35	KR1d0051_WYG_113-3a
119.md	43	KR1d0051_WYG_113-3b
119.md	51	KR1d0051_WYG_113-4a
119.md	59	KR1d0051_WYG_113-4b
119.md	67	KR1d0051_WYG_113-5a
119.md	75	KR1d0051_WYG_113-5b
119.md	83	KR1d0051_WYG_113-6a
119.md	91	KR1d0051_WYG_113-6b
119.md	99	KR1d0051_WYG_113-7a
119.md	107	KR1d0051_WYG_113-7b
119.md	115	KR1d0051_WYG_113-8a
119.md	123	KR1d0051_WYG_113-8b
119.md	131	KR1d0051_WYG_113-9a
119.md	139	KR1d0051_WYG_113-9b
119.md	147	KR1d0051_WYG_113-10a
119.md	155	KR1d0051_WYG_113-10b
119.md	163	KR1d0051_WYG_113-11a
119.md	171	KR1d0051_WYG_113-11b
119.md	179	KR1d0051_WYG_113-12a
119.md	187	KR1d0051_WYG_113-12b
119.md	195	KR1d0051_WYG_113-13a
119.md	203	KR1d0051_WYG_113-13b
119.md	211	KR1d0051_WYG_113-14a
119.md	219	KR1d0051_WYG_113-14b
119.md	227	KR1d0051_WYG_113-15a
119.md	235	KR1d0051_WYG_113-15b
119.md	243	KR1d0051_WYG_113-16a
119.md	251	KR1d0051_WYG_113-16b
119.md	259	KR1d0051_WYG_113-17a
119.md	267	KR1d0051_WYG_113-17b
119.md	275	KR1d0051_WYG_113-18a
119.md	283	KR1d0051_WYG_113-18b
119.md	291	KR1d0051_WYG_113-19a
119.md	299	KR1d0051_WYG_113-19b
119.md	307	KR1d0051_WYG_113-20a
119.md	315	KR1d0051_WYG_113-20b
119.md	323	KR1d0051_WYG_113-21a
119.md	331	KR1d0051_WYG_113-21b
119.md	339	KR1d0051_WYG_113-22a
119.md	347	KR1d0051_WYG_113-22b
119.md	355	KR1d0051_WYG_113-23a
119.md	363	KR1d0051_WYG_113-23b
119.md	371	KR1d0051_WYG_113-24a
119.md	379	KR1d0051_WYG_113-24b
119.md	387	KR1d0051_WYG_113-25a
119.md	395	KR1d0051_WYG_113-25b
119.md	403	KR1d0051_WYG_113-26a
119.md	411	KR1d0051_WYG_113-26b
119.md	419	KR1d0051_WYG_113-27a
119.md	427	KR1d0051_WYG_113-27b
119.md	435	KR1d0051_WYG_113-28a
119.md	443	KR1d0051_WYG_113-28b
119.md	451	KR1d0051_WYG_113-29a
119.md	459	KR1d0051_WYG_113-29b
119.md	467	KR1d0051_WYG_113-30a
119.md	475	KR1d0051_WYG_113-30b
119.md	483	KR1d0051_WYG_113-31a
119.md	491	KR1d0051_WYG_113-31b
119.md	499	KR1d0051_WYG_113-32a
119.md	507	KR1d0051_WYG_113-32b
119.md	515	KR1d0051_WYG_113-33a
119.md	523	KR1d0051_WYG_113-33b
119.md	531	KR1d0051_WYG_113-34a
119.md	539	KR1d0051_WYG_113-34b
120.md	3	KR1d0051_WYG_114-1a
120.md	11	KR1d0051_WYG_114-1b
120.md	19	KR1d0051_WYG_114-2a
120.md	27	KR1d0051_WYG_114-2b
120.md	35	KR1d0051_WYG_114-3a
120.md	43	KR1d0051_WYG_114-3b
120.md	51	KR1d0051_WYG_114-4a
120.md	59	KR1d0051_WYG_114-4b
120.md	67	KR1d0051_WYG_114-5a
120.md	75	KR1d0051_WYG_114-5b
120.md	83	KR1d0051_WYG_114-6a
120.md	91	KR1d0051_WYG_114-6b
120.md	99	KR1d0051_WYG_114-7a
120.md	107	KR1d0051_WYG_114-7b
120.md	115	KR1d0051_WYG_114-8a
120.md	123	KR1d0051_WYG_114-8b
120.md	131	KR1d0051_WYG_114-9a
120.md	139	KR1d0051_WYG_114-9b
120.md	147	KR1d0051_WYG_114-10a
120.md	155	KR1d0051_WYG_114-10b
120.md	163	KR1d0051_WYG_114-11a
120.md	171	KR1d0051_WYG_114-11b
120.md	179	KR1d0051_WYG_114-12a
120.md	187	KR1d0051_WYG_114-12b
120.md	195	KR1d0051_WYG_114-13a
120.md	203	KR1d0051_WYG_114-13b
120.md	211	KR1d0051_WYG_114-14a
120.md	219	KR1d0051_WYG_114-14b
120.md	227	KR1d0051_WYG_114-15a
120.md	235	KR1d0051_WYG_114-15b
120.md	243	KR1d0051_WYG_114-16a
120.md	251	KR1d0051_WYG_114-16b
120.md	259	KR1d0051_WYG_114-17a
120.md	267	KR1d0051_WYG_114-17b
120.md	275	KR1d0051_WYG_114-18a
120.md	283	KR1d0051_WYG_114-18b
120.md	291	KR1d0051_WYG_114-19a
120.md	299	KR1d0051_WYG_114-19b
120.md	307	KR1d0051_WYG_114-20a
120.md	315	KR1d0051_WYG_114-20b
120.md	323	KR1d0051_WYG_114-21a
120.md	331	KR1d0051_WYG_114-21b
120.md	339	KR1d0051_WYG_114-22a
120.md	347	KR1d0051_WYG_114-22b
120.md	355	KR1d0051_WYG_114-23a
120.md	363	KR1d0051_WYG_114-23b
120.md	371	KR1d0051_WYG_114-24a
120.md	379	KR1d0051_WYG_114-24b
120.md	387	KR1d0051_WYG_114-25a
120.md	395	KR1d0051_WYG_114-25b
120.md	403	KR1d0051_WYG_114-26a
120.md	411	KR1d0051_WYG_114-26b
120.md	419	KR1d0051_WYG_114-27a
120.md	427	KR1d0051_WYG_114-27b
120.md	435	KR1d0051_WYG_114-28a
120.md	443	KR1d0051_WYG_114-28b
120.md	451	KR1d0051_WYG_114-29a
120.md	459	KR1d0051_WYG_114-29b
120.md	467	KR1d0051_WYG_114-30a
120.md	475	KR1d0051_WYG_114-30b
120.md	483	KR1d0051_WYG_114-31a
120.md	491	KR1d0051_WYG_114-31b
120.md	499	KR1d0051_WYG_114-32a
120.md	507	KR1d0051_WYG_114-32b
120.md	515	KR1d0051_WYG_114-33a
120.md	523	KR1d0051_WYG_114-33b
120.md	531	KR1d0051_WYG_114-34a
120.md	539	KR1d0051_WYG_114-34b
120.md	547	KR1d0051_WYG_114-35a
120.md	555	KR1d0051_WYG_114-35b
120.md	563	KR1d0051_WYG_114-36a
120.md	571	KR1d0051_WYG_114-36b
120.md	579	KR1d0051_WYG_114-37a
120.md	587	KR1d0051_WYG_114-37b
121.md	3	KR1d0051_WYG_115-1a
121.md	11	KR1d0051_WYG_115-1b
121.md	19	KR1d0051_WYG_115-2a
121.md	27	KR1d0051_WYG_115-2b
121.md	35	KR1d0051_WYG_115-3a
121.md	43	KR1d0051_WYG_115-3b
121.md	51	KR1d0051_WYG_115-4a
121.md	59	KR1d0051_WYG_115-4b
121.md	67	KR1d0051_WYG_115-5a
121.md	75	KR1d0051_WYG_115-5b
121.md	83	KR1d0051_WYG_115-6a
121.md	91	KR1d0051_WYG_115-6b
121.md	99	KR1d0051_WYG_115-7a
121.md	107	KR1d0051_WYG_115-7b
121.md	115	KR1d0051_WYG_115-8a
121.md	123	KR1d0051_WYG_115-8b
121.md	131	KR1d0051_WYG_115-9a
121.md	139	KR1d0051_WYG_115-9b
121.md	147	KR1d0051_WYG_115-10a
121.md	155	KR1d0051_WYG_115-10b
121.md	163	KR1d0051_WYG_115-11a
121.md	171	KR1d0051_WYG_115-11b
121.md	179	KR1d0051_WYG_115-12a
121.md	187	KR1d0051_WYG_115-12b
121.md	195	KR1d0051_WYG_115-13a
121.md	203	KR1d0051_WYG_115-13b
121.md	211	KR1d0051_WYG_115-14a
121.md	219	KR1d0051_WYG_115-14b
121.md	227	KR1d0051_WYG_115-15a
121.md	235	KR1d0051_WYG_115-15b
121.md	243	KR1d0051_WYG_115-16a
121.md	251	KR1d0051_WYG_115-16b
121.md	259	KR1d0051_WYG_115-17a
121.md	267	KR1d0051_WYG_115-17b
121.md	275	KR1d0051_WYG_115-18a
121.md	283	KR1d0051_WYG_115-18b
121.md	291	KR1d0051_WYG_115-19a
121.md	299	KR1d0051_WYG_115-19b
121.md	307	KR1d0051_WYG_115-20a
121.md	315	KR1d0051_WYG_115-20b
121.md	323	KR1d0051_WYG_115-21a
121.md	331	KR1d0051_WYG_115-21b
121.md	339	KR1d0051_WYG_115-22a
121.md	347	KR1d0051_WYG_115-22b
121.md	355	KR1d0051_WYG_115-23a
121.md	363	KR1d0051_WYG_115-23b
121.md	371	KR1d0051_WYG_115-24a
121.md	379	KR1d0051_WYG_115-24b
121.md	387	KR1d0051_WYG_115-25a
121.md	395	KR1d0051_WYG_115-25b
121.md	403	KR1d0051_WYG_115-26a
121.md	411	KR1d0051_WYG_115-26b
121.md	419	KR1d0051_WYG_115-27a
121.md	427	KR1d0051_WYG_115-27b
121.md	435	KR1d0051_WYG_115-28a
121.md	443	KR1d0051_WYG_115-28b
121.md	451	KR1d0051_WYG_115-29a
121.md	459	KR1d0051_WYG_115-29b
121.md	467	KR1d0051_WYG_115-30a
121.md	475	KR1d0051_WYG_115-30b
121.md	483	KR1d0051_WYG_115-31a
121.md	491	KR1d0051_WYG_115-31b
121.md	499	KR1d0051_WYG_115-32a
121.md	507	KR1d0051_WYG_115-32b
121.md	515	KR1d0051_WYG_115-33a
121.md	523	KR1d0051_WYG_115-33b
121.md	531	KR1d0051_WYG_115-34a
121.md	539	KR1d0051_WYG_115-34b
121.md	547	KR1d0051_WYG_115-35a
121.md	555	KR1d0051_WYG_115-35b
121.md	563	KR1d0051_WYG_115-36a
121.md	571	KR1d0051_WYG_115-36b
121.md	579	KR1d0051_WYG_115-37a
121.md	587	KR1d0051_WYG_115-37b
121.md	595	KR1d0051_WYG_115-38a
121.md	603	KR1d0051_WYG_115-38b
122.md	3	KR1d0051_WYG_116-1a
122.md	11	KR1d0051_WYG_116-1b
122.md	19	KR1d0051_WYG_116-2a
122.md	27	KR1d0051_WYG_116-2b
122.md	35	KR1d0051_WYG_116-3a
122.md	43	KR1d0051_WYG_116-3b
122.md	51	KR1d0051_WYG_116-4a
122.md	59	KR1d0051_WYG_116-4b
122.md	67	KR1d0051_WYG_116-5a
122.md	75	KR1d0051_WYG_116-5b
122.md	83	KR1d0051_WYG_116-6a
122.md	91	KR1d0051_WYG_116-6b
122.md	99	KR1d0051_WYG_116-7a
122.md	107	KR1d0051_WYG_116-7b
122.md	115	KR1d0051_WYG_116-8a
122.md	123	KR1d0051_WYG_116-8b
122.md	131	KR1d0051_WYG_116-9a
122.md	139	KR1d0051_WYG_116-9b
122.md	147	KR1d0051_WYG_116-10a
122.md	155	KR1d0051_WYG_116-10b
122.md	163	KR1d0051_WYG_116-11a
122.md	171	KR1d0051_WYG_116-11b
122.md	179	KR1d0051_WYG_116-12a
122.md	187	KR1d0051_WYG_116-12b
122.md	195	KR1d0051_WYG_116-13a
122.md	203	KR1d0051_WYG_116-13b
122.md	211	KR1d0051_WYG_116-14a
122.md	219	KR1d0051_WYG_116-14b
122.md	227	KR1d0051_WYG_116-15a
122.md	235	KR1d0051_WYG_116-15b
122.md	243	KR1d0051_WYG_116-16a
122.md	251	KR1d0051_WYG_116-16b
122.md	259	KR1d0051_WYG_116-17a
122.md	267	KR1d0051_WYG_116-17b
122.md	275	KR1d0051_WYG_116-18a
122.md	283	KR1d0051_WYG_116-18b
122.md	291	KR1d0051_WYG_116-19a
122.md	299	KR1d0051_WYG_116-19b
122.md	307	KR1d0051_WYG_116-20a
122.md	315	KR1d0051_WYG_116-20b
122.md	323	KR1d0051_WYG_116-21a
122.md	331	KR1d0051_WYG_116-21b
122.md	339	KR1d0051_WYG_116-22a
122.md	347	KR1d0051_WYG_116-22b
122.md	355	KR1d0051_WYG_116-23a
122.md	363	KR1d0051_WYG_116-23b
122.md	371	KR1d0051_WYG_116-24a
122.md	379	KR1d0051_WYG_116-24b
122.md	387	KR1d0051_WYG_116-25a
122.md	395	KR1d0051_WYG_116-25b
122.md	403	KR1d0051_WYG_116-26a
122.md	411	KR1d0051_WYG_116-26b
122.md	419	KR1d0051_WYG_116-27a
122.md	427	KR1d0051_WYG_116-27b
122.md	435	KR1d0051_WYG_116-28a
122.md	443	KR1d0051_WYG_116-28b
122.md	451	KR1d0051_WYG_116-29a
122.md	459	KR1d0051_WYG_116-29b
122.md	467	KR1d0051_WYG_116-30a
122.md	475	KR1d0051_WYG_116-30b
122.md	483	KR1d0051_WYG_116-31a
122.md	491	KR1d0051_WYG_116-31b
122.md	499	KR1d0051_WYG_116-32a
122.md	507	KR1d0051_WYG_116-32b
122.md	515	KR1d0051_WYG_116-33a
122.md	523	KR1d0051_WYG_116-33b
122.md	531	KR1d0051_WYG_116-34a
122.md	539	KR1d0051_WYG_116-34b
122.md	547	KR1d0051_WYG_116-35a
122.md	555	KR1d0051_WYG_116-35b
122.md	563	KR1d0051_WYG_116-36a
122.md	571	KR1d0051_WYG_116-36b
122.md	579	KR1d0051_WYG_116-37a
122.md	587	KR1d0051_WYG_116-37b
122.md	595	KR1d0051_WYG_116-38a
122.md	603	KR1d0051_WYG_116-38b
122.md	611	KR1d0051_WYG_116-39a
122.md	619	KR1d0051_WYG_116-39b
123.md	3	KR1d0051_WYG_117-1a
123.md	11	KR1d0051_WYG_117-1b
123.md	19	KR1d0051_WYG_117-2a
123.md	27	KR1d0051_WYG_117-2b
123.md	35	KR1d0051_WYG_117-3a
123.md	43	KR1d0051_WYG_117-3b
123.md	51	KR1d0051_WYG_117-4a
123.md	59	KR1d0051_WYG_117-4b
123.md	67	KR1d0051_WYG_117-5a
123.md	75	KR1d0051_WYG_117-5b
123.md	83	KR1d0051_WYG_117-6a
123.md	91	KR1d0051_WYG_117-6b
123.md	99	KR1d0051_WYG_117-7a
123.md	107	KR1d0051_WYG_117-7b
123.md	115	KR1d0051_WYG_117-8a
123.md	123	KR1d0051_WYG_117-8b
123.md	131	KR1d0051_WYG_117-9a
123.md	139	KR1d0051_WYG_117-9b
123.md	147	KR1d0051_WYG_117-10a
123.md	155	KR1d0051_WYG_117-10b
123.md	163	KR1d0051_WYG_117-11a
123.md	171	KR1d0051_WYG_117-11b
123.md	179	KR1d0051_WYG_117-12a
123.md	187	KR1d0051_WYG_117-12b
123.md	195	KR1d0051_WYG_117-13a
123.md	203	KR1d0051_WYG_117-13b
123.md	211	KR1d0051_WYG_117-14a
123.md	219	KR1d0051_WYG_117-14b
123.md	227	KR1d0051_WYG_117-15a
123.md	235	KR1d0051_WYG_117-15b
123.md	243	KR1d0051_WYG_117-16a
123.md	251	KR1d0051_WYG_117-16b
123.md	259	KR1d0051_WYG_117-17a
123.md	267	KR1d0051_WYG_117-17b
123.md	275	KR1d0051_WYG_117-18a
123.md	283	KR1d0051_WYG_117-18b
123.md	291	KR1d0051_WYG_117-19a
123.md	299	KR1d0051_WYG_117-19b
123.md	307	KR1d0051_WYG_117-20a
123.md	315	KR1d0051_WYG_117-20b
123.md	323	KR1d0051_WYG_117-21a
123.md	331	KR1d0051_WYG_117-21b
123.md	339	KR1d0051_WYG_117-22a
123.md	347	KR1d0051_WYG_117-22b
123.md	355	KR1d0051_WYG_117-23a
123.md	363	KR1d0051_WYG_117-23b
123.md	371	KR1d0051_WYG_117-24a
123.md	379	KR1d0051_WYG_117-24b
123.md	387	KR1d0051_WYG_117-25a
123.md	395	KR1d0051_WYG_117-25b
123.md	403	KR1d0051_WYG_117-26a
123.md	411	KR1d0051_WYG_117-26b
123.md	419	KR1d0051_WYG_117-27a
123.md	427	KR1d0051_WYG_117-27b
123.md	435	KR1d0051_WYG_117-28a
123.md	443	KR1d0051_WYG_117-28b
123.md	451	KR1d0051_WYG_117-29a
123.md	459	KR1d0051_WYG_117-29b
123.md	467	KR1d0051_WYG_117-30a
123.md	475	KR1d0051_WYG_117-30b
123.md	483	KR1d0051_WYG_117-31a
123.md	491	KR1d0051_WYG_117-31b
124.md	3	KR1d0051_WYG_118-1a
124.md	11	KR1d0051_WYG_118-1b
124.md	19	KR1d0051_WYG_118-2a
124.md	27	KR1d0051_WYG_118-2b
124.md	35	KR1d0051_WYG_118-3a
124.md	43	KR1d0051_WYG_118-3b
124.md	51	KR1d0051_WYG_118-4a
124.md	59	KR1d0051_WYG_118-4b
124.md	67	KR1d0051_WYG_118-5a
124.md	75	KR1d0051_WYG_118-5b
124.md	83	KR1d0051_WYG_118-6a
124.md	91	KR1d0051_WYG_118-6b
124.md	99	KR1d0051_WYG_118-7a
124.md	107	KR1d0051_WYG_118-7b
124.md	115	KR1d0051_WYG_118-8a
124.md	123	KR1d0051_WYG_118-8b
124.md	131	KR1d0051_WYG_118-9a
124.md	139	KR1d0051_WYG_118-9b
124.md	147	KR1d0051_WYG_118-10a
124.md	155	KR1d0051_WYG_118-10b
124.md	163	KR1d0051_WYG_118-11a
124.md	171	KR1d0051_WYG_118-11b
124.md	179	KR1d0051_WYG_118-12a
124.md	187	KR1d0051_WYG_118-12b
124.md	195	KR1d0051_WYG_118-13a
124.md	203	KR1d0051_WYG_118-13b
124.md	211	KR1d0051_WYG_118-14a
124.md	219	KR1d0051_WYG_118-14b
124.md	227	KR1d0051_WYG_118-15a
124.md	235	KR1d0051_WYG_118-15b
124.md	243	KR1d0051_WYG_118-16a
124.md	251	KR1d0051_WYG_118-16b
124.md	259	KR1d0051_WYG_118-17a
124.md	267	KR1d0051_WYG_118-17b
124.md	275	KR1d0051_WYG_118-18a
124.md	283	KR1d0051_WYG_118-18b
124.md	291	KR1d0051_WYG_118-19a
124.md	299	KR1d0051_WYG_118-19b
124.md	307	KR1d0051_WYG_118-20a
124.md	315	KR1d0051_WYG_118-20b
124.md	323	KR1d0051_WYG_118-21a
124.md	331	KR1d0051_WYG_118-21b
124.md	339	KR1d0051_WYG_118-22a
124.md	347	KR1d0051_WYG_118-22b
124.md	355	KR1d0051_WYG_118-23a
124.md	363	KR1d0051_WYG_118-23b
125.md	3	KR1d0051_WYG_119-1a
125.md	11	KR1d0051_WYG_119-1b
125.md	19	KR1d0051_WYG_119-2a
125.md	27	KR1d0051_WYG_119-2b
125.md	35	KR1d0051_WYG_119-3a
125.md	43	KR1d0051_WYG_119-3b
125.md	51	KR1d0051_WYG_119-4a
125.md	59	KR1d0051_WYG_119-4b
125.md	67	KR1d0051_WYG_119-5a
125.md	75	KR1d0051_WYG_119-5b
125.md	83	KR1d0051_WYG_119-6a
125.md	91	KR1d0051_WYG_119-6b
125.md	99	KR1d0051_WYG_119-7a
125.md	107	KR1d0051_WYG_119-7b
125.md	115	KR1d0051_WYG_119-8a
125.md	123	KR1d0051_WYG_119-8b
125.md	131	KR1d0051_WYG_119-9a
125.md	139	KR1d0051_WYG_119-9b
125.md	147	KR1d0051_WYG_119-10a
125.md	155	KR1d0051_WYG_119-10b
125.md	163	KR1d0051_WYG_119-11a
125.md	171	KR1d0051_WYG_119-11b
125.md	179	KR1d0051_WYG_119-12a
125.md	187	KR1d0051_WYG_119-12b
125.md	195	KR1d0051_WYG_119-13a
125.md	203	KR1d0051_WYG_119-13b
125.md	211	KR1d0051_WYG_119-14a
125.md	219	KR1d0051_WYG_119-14b
125.md	227	KR1d0051_WYG_119-15a
125.md	235	KR1d0051_WYG_119-15b
125.md	243	KR1d0051_WYG_119-16a
125.md	251	KR1d0051_WYG_119-16b
125.md	259	KR1d0051_WYG_119-17a
125.md	267	KR1d0051_WYG_119-17b
125.md	275	KR1d0051_WYG_119-18a
125.md	283	KR1d0051_WYG_119-18b
125.md	291	KR1d0051_WYG_119-19a
125.md	299	KR1d0051_WYG_119-19b
125.md	307	KR1d0051_WYG_119-20a
125.md	308	KR1d0051_WYG_119-21a
125.md	309	KR1d0051_WYG_119-22a
125.md	317	KR1d0051_WYG_119-22b
125.md	325	KR1d0051_WYG_119-23a
125.md	333	KR1d0051_WYG_119-23b
125.md	341	KR1d0051_WYG_119-24a
125.md	349	KR1d0051_WYG_119-24b
126.md	3	KR1d0051_WYG_120-1a
126.md	11	KR1d0051_WYG_120-1b
126.md	19	KR1d0051_WYG_120-2a
126.md	27	KR1d0051_WYG_120-2b
126.md	35	KR1d0051_WYG_120-3a
126.md	41	KR1d0051_WYG_120-4a
126.md	42	KR1d0051_WYG_120-5a
126.md	50	KR1d0051_WYG_120-5b
126.md	58	KR1d0051_WYG_120-6a
126.md	66	KR1d0051_WYG_120-6b
126.md	74	KR1d0051_WYG_120-7a
126.md	82	KR1d0051_WYG_120-7b
126.md	90	KR1d0051_WYG_120-8a
126.md	98	KR1d0051_WYG_120-8b
126.md	106	KR1d0051_WYG_120-9a
126.md	114	KR1d0051_WYG_120-9b
126.md	122	KR1d0051_WYG_120-10a
126.md	130	KR1d0051_WYG_120-10b
126.md	138	KR1d0051_WYG_120-11a
126.md	146	KR1d0051_WYG_120-11b
126.md	154	KR1d0051_WYG_120-12a
126.md	162	KR1d0051_WYG_120-12b
126.md	170	KR1d0051_WYG_120-13a
126.md	178	KR1d0051_WYG_120-13b
126.md	186	KR1d0051_WYG_120-14a
126.md	194	KR1d0051_WYG_120-14b
126.md	202	KR1d0051_WYG_120-15a
126.md	210	KR1d0051_WYG_120-15b
126.md	218	KR1d0051_WYG_120-16a
126.md	224	KR1d0051_WYG_120-17a
126.md	232	KR1d0051_WYG_120-17b
126.md	238	KR1d0051_WYG_120-18a
126.md	239	KR1d0051_WYG_120-19a
126.md	247	KR1d0051_WYG_120-19b
126.md	255	KR1d0051_WYG_120-20a
126.md	262	KR1d0051_WYG_120-21a
126.md	263	KR1d0051_WYG_120-22a
126.md	271	KR1d0051_WYG_120-22b
126.md	279	KR1d0051_WYG_120-23a
126.md	287	KR1d0051_WYG_120-23b
126.md	289	KR1d0051_WYG_120-24a
126.md	290	KR1d0051_WYG_120-25a
126.md	298	KR1d0051_WYG_120-25b
126.md	307	KR1d0051_WYG_120-26a
126.md	315	KR1d0051_WYG_120-26b
126.md	323	KR1d0051_WYG_120-27a
126.md	330	KR1d0051_WYG_120-28a
126.md	331	KR1d0051_WYG_120-29a
126.md	339	KR1d0051_WYG_120-29b
126.md	347	KR1d0051_WYG_120-30a
126.md	355	KR1d0051_WYG_120-30b
126.md	363	KR1d0051_WYG_120-31a
126.md	371	KR1d0051_WYG_120-31b
126.md	379	KR1d0051_WYG_120-32a
126.md	387	KR1d0051_WYG_120-32b
126.md	395	KR1d0051_WYG_120-33a
126.md	403	KR1d0051_WYG_120-33b
126.md	411	KR1d0051_WYG_120-34a
126.md	419	KR1d0051_WYG_120-34b
