file	line_no	pb
001.md	3	KR3e0070_WYG_000-1a
001.md	11	KR3e0070_WYG_000-1b
001.md	19	KR3e0070_WYG_000-2a
001.md	27	KR3e0070_WYG_000-2b
001.md	35	KR3e0070_WYG_000-3a
002.md	3	KR3e0070_WYG_001-1a
002.md	11	KR3e0070_WYG_001-1b
002.md	19	KR3e0070_WYG_001-2a
002.md	27	KR3e0070_WYG_001-2b
002.md	35	KR3e0070_WYG_001-3a
002.md	43	KR3e0070_WYG_001-3b
002.md	51	KR3e0070_WYG_001-4a
002.md	59	KR3e0070_WYG_001-4b
002.md	67	KR3e0070_WYG_001-5a
002.md	75	KR3e0070_WYG_001-5b
002.md	83	KR3e0070_WYG_001-6a
002.md	91	KR3e0070_WYG_001-6b
002.md	99	KR3e0070_WYG_001-7a
002.md	107	KR3e0070_WYG_001-7b
002.md	115	KR3e0070_WYG_001-8a
002.md	123	KR3e0070_WYG_001-8b
002.md	131	KR3e0070_WYG_001-9a
002.md	139	KR3e0070_WYG_001-9b
002.md	147	KR3e0070_WYG_001-10a
002.md	155	KR3e0070_WYG_001-10b
002.md	163	KR3e0070_WYG_001-11a
002.md	171	KR3e0070_WYG_001-11b
002.md	179	KR3e0070_WYG_001-12a
002.md	187	KR3e0070_WYG_001-12b
002.md	195	KR3e0070_WYG_001-13a
002.md	203	KR3e0070_WYG_001-13b
002.md	211	KR3e0070_WYG_001-14a
002.md	219	KR3e0070_WYG_001-14b
002.md	227	KR3e0070_WYG_001-15a
002.md	235	KR3e0070_WYG_001-15b
002.md	243	KR3e0070_WYG_001-16a
002.md	251	KR3e0070_WYG_001-16b
002.md	259	KR3e0070_WYG_001-17a
002.md	267	KR3e0070_WYG_001-17b
002.md	275	KR3e0070_WYG_001-18a
002.md	283	KR3e0070_WYG_001-18b
002.md	291	KR3e0070_WYG_001-19a
002.md	299	KR3e0070_WYG_001-19b
002.md	307	KR3e0070_WYG_001-20a
002.md	315	KR3e0070_WYG_001-20b
002.md	323	KR3e0070_WYG_001-21a
002.md	331	KR3e0070_WYG_001-21b
002.md	339	KR3e0070_WYG_001-22a
002.md	347	KR3e0070_WYG_001-22b
002.md	355	KR3e0070_WYG_001-23a
002.md	363	KR3e0070_WYG_001-23b
002.md	371	KR3e0070_WYG_001-24a
002.md	379	KR3e0070_WYG_001-24b
002.md	387	KR3e0070_WYG_001-25a
002.md	395	KR3e0070_WYG_001-25b
002.md	403	KR3e0070_WYG_001-26a
002.md	411	KR3e0070_WYG_001-26b
002.md	419	KR3e0070_WYG_001-27a
002.md	427	KR3e0070_WYG_001-27b
002.md	435	KR3e0070_WYG_001-28a
002.md	443	KR3e0070_WYG_001-28b
002.md	451	KR3e0070_WYG_001-29a
002.md	459	KR3e0070_WYG_001-29b
002.md	467	KR3e0070_WYG_001-30a
002.md	475	KR3e0070_WYG_001-30b
002.md	483	KR3e0070_WYG_001-31a
002.md	491	KR3e0070_WYG_001-31b
002.md	499	KR3e0070_WYG_001-32a
002.md	507	KR3e0070_WYG_001-32b
002.md	515	KR3e0070_WYG_001-33a
002.md	523	KR3e0070_WYG_001-33b
002.md	531	KR3e0070_WYG_001-34a
002.md	539	KR3e0070_WYG_001-34b
002.md	547	KR3e0070_WYG_001-35a
002.md	555	KR3e0070_WYG_001-35b
002.md	563	KR3e0070_WYG_001-36a
002.md	571	KR3e0070_WYG_001-36b
002.md	579	KR3e0070_WYG_001-37a
002.md	587	KR3e0070_WYG_001-37b
002.md	595	KR3e0070_WYG_001-38a
002.md	603	KR3e0070_WYG_001-38b
002.md	611	KR3e0070_WYG_001-39a
002.md	619	KR3e0070_WYG_001-39b
002.md	627	KR3e0070_WYG_001-40a
002.md	635	KR3e0070_WYG_001-40b
002.md	643	KR3e0070_WYG_001-41a
002.md	651	KR3e0070_WYG_001-41b
002.md	659	KR3e0070_WYG_001-42a
002.md	667	KR3e0070_WYG_001-42b
002.md	675	KR3e0070_WYG_001-43a
002.md	683	KR3e0070_WYG_001-43b
002.md	691	KR3e0070_WYG_001-44a
002.md	699	KR3e0070_WYG_001-44b
002.md	707	KR3e0070_WYG_001-45a
002.md	715	KR3e0070_WYG_001-45b
002.md	723	KR3e0070_WYG_001-46a
002.md	731	KR3e0070_WYG_001-46b
002.md	739	KR3e0070_WYG_001-47a
002.md	747	KR3e0070_WYG_001-47b
002.md	755	KR3e0070_WYG_001-48a
002.md	763	KR3e0070_WYG_001-48b
002.md	771	KR3e0070_WYG_001-49a
002.md	779	KR3e0070_WYG_001-49b
002.md	787	KR3e0070_WYG_001-50a
002.md	795	KR3e0070_WYG_001-50b
002.md	803	KR3e0070_WYG_001-51a
002.md	811	KR3e0070_WYG_001-51b
003.md	3	KR3e0070_WYG_002-1a
003.md	11	KR3e0070_WYG_002-1b
003.md	19	KR3e0070_WYG_002-2a
003.md	27	KR3e0070_WYG_002-2b
003.md	35	KR3e0070_WYG_002-3a
003.md	43	KR3e0070_WYG_002-3b
003.md	51	KR3e0070_WYG_002-4a
003.md	59	KR3e0070_WYG_002-4b
003.md	67	KR3e0070_WYG_002-5a
003.md	75	KR3e0070_WYG_002-5b
003.md	83	KR3e0070_WYG_002-6a
003.md	91	KR3e0070_WYG_002-6b
003.md	99	KR3e0070_WYG_002-7a
003.md	107	KR3e0070_WYG_002-7b
003.md	115	KR3e0070_WYG_002-8a
003.md	123	KR3e0070_WYG_002-8b
003.md	131	KR3e0070_WYG_002-9a
003.md	139	KR3e0070_WYG_002-9b
003.md	147	KR3e0070_WYG_002-10a
003.md	155	KR3e0070_WYG_002-10b
003.md	163	KR3e0070_WYG_002-11a
003.md	171	KR3e0070_WYG_002-11b
003.md	179	KR3e0070_WYG_002-12a
003.md	187	KR3e0070_WYG_002-12b
003.md	195	KR3e0070_WYG_002-13a
003.md	203	KR3e0070_WYG_002-13b
003.md	211	KR3e0070_WYG_002-14a
003.md	219	KR3e0070_WYG_002-14b
003.md	227	KR3e0070_WYG_002-15a
003.md	235	KR3e0070_WYG_002-15b
003.md	243	KR3e0070_WYG_002-16a
003.md	251	KR3e0070_WYG_002-16b
003.md	259	KR3e0070_WYG_002-17a
003.md	267	KR3e0070_WYG_002-17b
003.md	275	KR3e0070_WYG_002-18a
003.md	283	KR3e0070_WYG_002-18b
003.md	291	KR3e0070_WYG_002-19a
003.md	299	KR3e0070_WYG_002-19b
003.md	307	KR3e0070_WYG_002-20a
003.md	315	KR3e0070_WYG_002-20b
003.md	323	KR3e0070_WYG_002-21a
003.md	331	KR3e0070_WYG_002-21b
003.md	339	KR3e0070_WYG_002-22a
003.md	347	KR3e0070_WYG_002-22b
003.md	355	KR3e0070_WYG_002-23a
003.md	363	KR3e0070_WYG_002-23b
003.md	371	KR3e0070_WYG_002-24a
003.md	379	KR3e0070_WYG_002-24b
003.md	387	KR3e0070_WYG_002-25a
003.md	395	KR3e0070_WYG_002-25b
003.md	403	KR3e0070_WYG_002-26a
003.md	411	KR3e0070_WYG_002-26b
003.md	419	KR3e0070_WYG_002-27a
003.md	427	KR3e0070_WYG_002-27b
003.md	435	KR3e0070_WYG_002-28a
003.md	443	KR3e0070_WYG_002-28b
003.md	451	KR3e0070_WYG_002-29a
003.md	459	KR3e0070_WYG_002-29b
003.md	467	KR3e0070_WYG_002-30a
003.md	475	KR3e0070_WYG_002-30b
003.md	483	KR3e0070_WYG_002-31a
003.md	491	KR3e0070_WYG_002-31b
003.md	499	KR3e0070_WYG_002-32a
003.md	507	KR3e0070_WYG_002-32b
003.md	515	KR3e0070_WYG_002-33a
003.md	523	KR3e0070_WYG_002-33b
003.md	531	KR3e0070_WYG_002-34a
003.md	539	KR3e0070_WYG_002-34b
003.md	547	KR3e0070_WYG_002-35a
003.md	555	KR3e0070_WYG_002-35b
003.md	563	KR3e0070_WYG_002-36a
003.md	571	KR3e0070_WYG_002-36b
003.md	579	KR3e0070_WYG_002-37a
003.md	587	KR3e0070_WYG_002-37b
003.md	595	KR3e0070_WYG_002-38a
003.md	603	KR3e0070_WYG_002-38b
003.md	611	KR3e0070_WYG_002-39a
003.md	619	KR3e0070_WYG_002-39b
003.md	627	KR3e0070_WYG_002-40a
003.md	635	KR3e0070_WYG_002-40b
003.md	643	KR3e0070_WYG_002-41a
003.md	651	KR3e0070_WYG_002-41b
003.md	659	KR3e0070_WYG_002-42a
003.md	667	KR3e0070_WYG_002-42b
003.md	675	KR3e0070_WYG_002-43a
003.md	683	KR3e0070_WYG_002-43b
003.md	691	KR3e0070_WYG_002-44a
003.md	699	KR3e0070_WYG_002-44b
003.md	707	KR3e0070_WYG_002-45a
003.md	715	KR3e0070_WYG_002-45b
003.md	723	KR3e0070_WYG_002-46a
003.md	731	KR3e0070_WYG_002-46b
003.md	739	KR3e0070_WYG_002-47a
003.md	747	KR3e0070_WYG_002-47b
003.md	755	KR3e0070_WYG_002-48a
003.md	763	KR3e0070_WYG_002-48b
003.md	771	KR3e0070_WYG_002-49a
003.md	779	KR3e0070_WYG_002-49b
003.md	787	KR3e0070_WYG_002-50a
003.md	795	KR3e0070_WYG_002-50b
003.md	803	KR3e0070_WYG_002-51a
003.md	811	KR3e0070_WYG_002-51b
003.md	819	KR3e0070_WYG_002-52a
003.md	827	KR3e0070_WYG_002-52b
004.md	3	KR3e0070_WYG_003-1a
004.md	11	KR3e0070_WYG_003-1b
004.md	19	KR3e0070_WYG_003-2a
004.md	27	KR3e0070_WYG_003-2b
004.md	35	KR3e0070_WYG_003-3a
004.md	43	KR3e0070_WYG_003-3b
004.md	51	KR3e0070_WYG_003-4a
004.md	59	KR3e0070_WYG_003-4b
004.md	67	KR3e0070_WYG_003-5a
004.md	75	KR3e0070_WYG_003-5b
004.md	83	KR3e0070_WYG_003-6a
004.md	91	KR3e0070_WYG_003-6b
004.md	99	KR3e0070_WYG_003-7a
004.md	107	KR3e0070_WYG_003-7b
004.md	115	KR3e0070_WYG_003-8a
004.md	123	KR3e0070_WYG_003-8b
004.md	131	KR3e0070_WYG_003-9a
004.md	139	KR3e0070_WYG_003-9b
004.md	147	KR3e0070_WYG_003-10a
004.md	155	KR3e0070_WYG_003-10b
004.md	163	KR3e0070_WYG_003-11a
004.md	171	KR3e0070_WYG_003-11b
004.md	179	KR3e0070_WYG_003-12a
004.md	187	KR3e0070_WYG_003-12b
004.md	195	KR3e0070_WYG_003-13a
004.md	203	KR3e0070_WYG_003-13b
004.md	211	KR3e0070_WYG_003-14a
004.md	219	KR3e0070_WYG_003-14b
004.md	227	KR3e0070_WYG_003-15a
004.md	235	KR3e0070_WYG_003-15b
004.md	243	KR3e0070_WYG_003-16a
004.md	251	KR3e0070_WYG_003-16b
004.md	259	KR3e0070_WYG_003-17a
004.md	267	KR3e0070_WYG_003-17b
004.md	275	KR3e0070_WYG_003-18a
004.md	283	KR3e0070_WYG_003-18b
004.md	291	KR3e0070_WYG_003-19a
004.md	299	KR3e0070_WYG_003-19b
004.md	307	KR3e0070_WYG_003-20a
004.md	315	KR3e0070_WYG_003-20b
004.md	323	KR3e0070_WYG_003-21a
004.md	331	KR3e0070_WYG_003-21b
004.md	339	KR3e0070_WYG_003-22a
004.md	347	KR3e0070_WYG_003-22b
004.md	355	KR3e0070_WYG_003-23a
004.md	363	KR3e0070_WYG_003-23b
004.md	371	KR3e0070_WYG_003-24a
004.md	379	KR3e0070_WYG_003-24b
004.md	387	KR3e0070_WYG_003-25a
004.md	395	KR3e0070_WYG_003-25b
004.md	403	KR3e0070_WYG_003-26a
004.md	411	KR3e0070_WYG_003-26b
004.md	419	KR3e0070_WYG_003-27a
004.md	427	KR3e0070_WYG_003-27b
004.md	435	KR3e0070_WYG_003-28a
004.md	443	KR3e0070_WYG_003-28b
004.md	451	KR3e0070_WYG_003-29a
004.md	459	KR3e0070_WYG_003-29b
004.md	467	KR3e0070_WYG_003-30a
004.md	475	KR3e0070_WYG_003-30b
004.md	483	KR3e0070_WYG_003-31a
004.md	491	KR3e0070_WYG_003-31b
004.md	499	KR3e0070_WYG_003-32a
004.md	507	KR3e0070_WYG_003-32b
004.md	515	KR3e0070_WYG_003-33a
004.md	523	KR3e0070_WYG_003-33b
004.md	531	KR3e0070_WYG_003-34a
004.md	539	KR3e0070_WYG_003-34b
004.md	547	KR3e0070_WYG_003-35a
004.md	555	KR3e0070_WYG_003-35b
004.md	563	KR3e0070_WYG_003-36a
004.md	571	KR3e0070_WYG_003-36b
004.md	579	KR3e0070_WYG_003-37a
004.md	587	KR3e0070_WYG_003-37b
004.md	595	KR3e0070_WYG_003-38a
004.md	603	KR3e0070_WYG_003-38b
004.md	611	KR3e0070_WYG_003-39a
004.md	619	KR3e0070_WYG_003-39b
004.md	627	KR3e0070_WYG_003-40a
004.md	635	KR3e0070_WYG_003-40b
004.md	643	KR3e0070_WYG_003-41a
004.md	651	KR3e0070_WYG_003-41b
004.md	659	KR3e0070_WYG_003-42a
004.md	667	KR3e0070_WYG_003-42b
004.md	675	KR3e0070_WYG_003-43a
004.md	683	KR3e0070_WYG_003-43b
004.md	691	KR3e0070_WYG_003-44a
004.md	699	KR3e0070_WYG_003-44b
004.md	707	KR3e0070_WYG_003-45a
004.md	715	KR3e0070_WYG_003-45b
004.md	723	KR3e0070_WYG_003-46a
004.md	731	KR3e0070_WYG_003-46b
004.md	739	KR3e0070_WYG_003-47a
004.md	747	KR3e0070_WYG_003-47b
004.md	755	KR3e0070_WYG_003-48a
004.md	763	KR3e0070_WYG_003-48b
004.md	771	KR3e0070_WYG_003-49a
004.md	779	KR3e0070_WYG_003-49b
004.md	787	KR3e0070_WYG_003-50a
004.md	795	KR3e0070_WYG_003-50b
004.md	803	KR3e0070_WYG_003-51a
004.md	811	KR3e0070_WYG_003-51b
004.md	819	KR3e0070_WYG_003-52a
004.md	827	KR3e0070_WYG_003-52b
004.md	835	KR3e0070_WYG_003-53a
004.md	843	KR3e0070_WYG_003-53b
004.md	851	KR3e0070_WYG_003-54a
004.md	859	KR3e0070_WYG_003-54b
004.md	867	KR3e0070_WYG_003-55a
004.md	875	KR3e0070_WYG_003-55b
004.md	883	KR3e0070_WYG_003-56a
004.md	891	KR3e0070_WYG_003-56b
004.md	899	KR3e0070_WYG_003-57a
004.md	907	KR3e0070_WYG_003-57b
004.md	915	KR3e0070_WYG_003-58a
004.md	923	KR3e0070_WYG_003-58b
004.md	931	KR3e0070_WYG_003-59a
004.md	939	KR3e0070_WYG_003-59b
004.md	947	KR3e0070_WYG_003-60a
004.md	955	KR3e0070_WYG_003-60b
004.md	963	KR3e0070_WYG_003-61a
004.md	971	KR3e0070_WYG_003-61b
004.md	979	KR3e0070_WYG_003-62a
004.md	987	KR3e0070_WYG_003-62b
005.md	3	KR3e0070_WYG_004-1a
005.md	11	KR3e0070_WYG_004-1b
005.md	19	KR3e0070_WYG_004-2a
005.md	27	KR3e0070_WYG_004-2b
005.md	35	KR3e0070_WYG_004-3a
005.md	43	KR3e0070_WYG_004-3b
005.md	51	KR3e0070_WYG_004-4a
005.md	59	KR3e0070_WYG_004-4b
005.md	67	KR3e0070_WYG_004-5a
005.md	75	KR3e0070_WYG_004-5b
005.md	83	KR3e0070_WYG_004-6a
005.md	91	KR3e0070_WYG_004-6b
005.md	99	KR3e0070_WYG_004-7a
005.md	107	KR3e0070_WYG_004-7b
005.md	115	KR3e0070_WYG_004-8a
005.md	123	KR3e0070_WYG_004-8b
005.md	131	KR3e0070_WYG_004-9a
005.md	139	KR3e0070_WYG_004-9b
005.md	147	KR3e0070_WYG_004-10a
005.md	155	KR3e0070_WYG_004-10b
005.md	163	KR3e0070_WYG_004-11a
005.md	171	KR3e0070_WYG_004-11b
005.md	179	KR3e0070_WYG_004-12a
005.md	187	KR3e0070_WYG_004-12b
005.md	195	KR3e0070_WYG_004-13a
005.md	203	KR3e0070_WYG_004-13b
005.md	211	KR3e0070_WYG_004-14a
005.md	219	KR3e0070_WYG_004-14b
005.md	227	KR3e0070_WYG_004-15a
005.md	235	KR3e0070_WYG_004-15b
005.md	243	KR3e0070_WYG_004-16a
005.md	251	KR3e0070_WYG_004-16b
005.md	259	KR3e0070_WYG_004-17a
005.md	267	KR3e0070_WYG_004-17b
005.md	275	KR3e0070_WYG_004-18a
005.md	283	KR3e0070_WYG_004-18b
005.md	291	KR3e0070_WYG_004-19a
005.md	299	KR3e0070_WYG_004-19b
005.md	307	KR3e0070_WYG_004-20a
005.md	315	KR3e0070_WYG_004-20b
005.md	323	KR3e0070_WYG_004-21a
005.md	331	KR3e0070_WYG_004-21b
005.md	339	KR3e0070_WYG_004-22a
005.md	347	KR3e0070_WYG_004-22b
005.md	355	KR3e0070_WYG_004-23a
005.md	363	KR3e0070_WYG_004-23b
005.md	371	KR3e0070_WYG_004-24a
005.md	379	KR3e0070_WYG_004-24b
005.md	387	KR3e0070_WYG_004-25a
005.md	395	KR3e0070_WYG_004-25b
005.md	403	KR3e0070_WYG_004-26a
005.md	411	KR3e0070_WYG_004-26b
005.md	419	KR3e0070_WYG_004-27a
005.md	427	KR3e0070_WYG_004-27b
005.md	435	KR3e0070_WYG_004-28a
005.md	443	KR3e0070_WYG_004-28b
005.md	451	KR3e0070_WYG_004-29a
005.md	459	KR3e0070_WYG_004-29b
005.md	467	KR3e0070_WYG_004-30a
005.md	475	KR3e0070_WYG_004-30b
005.md	483	KR3e0070_WYG_004-31a
005.md	491	KR3e0070_WYG_004-31b
005.md	499	KR3e0070_WYG_004-32a
005.md	507	KR3e0070_WYG_004-32b
005.md	515	KR3e0070_WYG_004-33a
005.md	523	KR3e0070_WYG_004-33b
005.md	531	KR3e0070_WYG_004-34a
005.md	539	KR3e0070_WYG_004-34b
005.md	547	KR3e0070_WYG_004-35a
005.md	555	KR3e0070_WYG_004-35b
005.md	563	KR3e0070_WYG_004-36a
005.md	571	KR3e0070_WYG_004-36b
005.md	579	KR3e0070_WYG_004-37a
005.md	587	KR3e0070_WYG_004-37b
005.md	595	KR3e0070_WYG_004-38a
005.md	603	KR3e0070_WYG_004-38b
005.md	611	KR3e0070_WYG_004-39a
005.md	619	KR3e0070_WYG_004-39b
005.md	627	KR3e0070_WYG_004-40a
005.md	635	KR3e0070_WYG_004-40b
005.md	643	KR3e0070_WYG_004-41a
005.md	651	KR3e0070_WYG_004-41b
005.md	659	KR3e0070_WYG_004-42a
005.md	667	KR3e0070_WYG_004-42b
005.md	675	KR3e0070_WYG_004-43a
005.md	683	KR3e0070_WYG_004-43b
005.md	691	KR3e0070_WYG_004-44a
005.md	699	KR3e0070_WYG_004-44b
005.md	707	KR3e0070_WYG_004-45a
005.md	715	KR3e0070_WYG_004-45b
005.md	723	KR3e0070_WYG_004-46a
005.md	731	KR3e0070_WYG_004-46b
005.md	739	KR3e0070_WYG_004-47a
005.md	747	KR3e0070_WYG_004-47b
005.md	755	KR3e0070_WYG_004-48a
005.md	763	KR3e0070_WYG_004-48b
005.md	771	KR3e0070_WYG_004-49a
005.md	779	KR3e0070_WYG_004-49b
005.md	787	KR3e0070_WYG_004-50a
005.md	795	KR3e0070_WYG_004-50b
006.md	3	KR3e0070_WYG_005-1a
006.md	11	KR3e0070_WYG_005-1b
006.md	19	KR3e0070_WYG_005-2a
006.md	27	KR3e0070_WYG_005-2b
006.md	35	KR3e0070_WYG_005-3a
006.md	43	KR3e0070_WYG_005-3b
006.md	51	KR3e0070_WYG_005-4a
006.md	59	KR3e0070_WYG_005-4b
006.md	67	KR3e0070_WYG_005-5a
006.md	75	KR3e0070_WYG_005-5b
006.md	83	KR3e0070_WYG_005-6a
006.md	91	KR3e0070_WYG_005-6b
006.md	99	KR3e0070_WYG_005-7a
006.md	107	KR3e0070_WYG_005-7b
006.md	115	KR3e0070_WYG_005-8a
006.md	123	KR3e0070_WYG_005-8b
006.md	131	KR3e0070_WYG_005-9a
006.md	139	KR3e0070_WYG_005-9b
006.md	147	KR3e0070_WYG_005-10a
006.md	155	KR3e0070_WYG_005-10b
006.md	163	KR3e0070_WYG_005-11a
006.md	171	KR3e0070_WYG_005-11b
006.md	179	KR3e0070_WYG_005-12a
006.md	187	KR3e0070_WYG_005-12b
006.md	195	KR3e0070_WYG_005-13a
006.md	203	KR3e0070_WYG_005-13b
006.md	211	KR3e0070_WYG_005-14a
006.md	219	KR3e0070_WYG_005-14b
006.md	227	KR3e0070_WYG_005-15a
006.md	235	KR3e0070_WYG_005-15b
006.md	243	KR3e0070_WYG_005-16a
006.md	251	KR3e0070_WYG_005-16b
006.md	259	KR3e0070_WYG_005-17a
006.md	267	KR3e0070_WYG_005-17b
006.md	275	KR3e0070_WYG_005-18a
006.md	283	KR3e0070_WYG_005-18b
006.md	291	KR3e0070_WYG_005-19a
006.md	299	KR3e0070_WYG_005-19b
006.md	307	KR3e0070_WYG_005-20a
006.md	315	KR3e0070_WYG_005-20b
006.md	323	KR3e0070_WYG_005-21a
006.md	331	KR3e0070_WYG_005-21b
006.md	339	KR3e0070_WYG_005-22a
006.md	347	KR3e0070_WYG_005-22b
006.md	355	KR3e0070_WYG_005-23a
006.md	363	KR3e0070_WYG_005-23b
006.md	371	KR3e0070_WYG_005-24a
006.md	379	KR3e0070_WYG_005-24b
006.md	387	KR3e0070_WYG_005-25a
006.md	395	KR3e0070_WYG_005-25b
006.md	403	KR3e0070_WYG_005-26a
006.md	411	KR3e0070_WYG_005-26b
006.md	419	KR3e0070_WYG_005-27a
006.md	427	KR3e0070_WYG_005-27b
006.md	435	KR3e0070_WYG_005-28a
006.md	443	KR3e0070_WYG_005-28b
006.md	451	KR3e0070_WYG_005-29a
006.md	459	KR3e0070_WYG_005-29b
006.md	467	KR3e0070_WYG_005-30a
006.md	475	KR3e0070_WYG_005-30b
006.md	483	KR3e0070_WYG_005-31a
006.md	491	KR3e0070_WYG_005-31b
006.md	499	KR3e0070_WYG_005-32a
006.md	507	KR3e0070_WYG_005-32b
006.md	515	KR3e0070_WYG_005-33a
006.md	523	KR3e0070_WYG_005-33b
006.md	531	KR3e0070_WYG_005-34a
006.md	539	KR3e0070_WYG_005-34b
006.md	547	KR3e0070_WYG_005-35a
006.md	555	KR3e0070_WYG_005-35b
006.md	563	KR3e0070_WYG_005-36a
006.md	571	KR3e0070_WYG_005-36b
006.md	579	KR3e0070_WYG_005-37a
006.md	587	KR3e0070_WYG_005-37b
006.md	595	KR3e0070_WYG_005-38a
006.md	603	KR3e0070_WYG_005-38b
006.md	611	KR3e0070_WYG_005-39a
006.md	619	KR3e0070_WYG_005-39b
006.md	627	KR3e0070_WYG_005-40a
006.md	635	KR3e0070_WYG_005-40b
006.md	643	KR3e0070_WYG_005-41a
006.md	651	KR3e0070_WYG_005-41b
006.md	659	KR3e0070_WYG_005-42a
006.md	667	KR3e0070_WYG_005-42b
006.md	675	KR3e0070_WYG_005-43a
006.md	683	KR3e0070_WYG_005-43b
006.md	691	KR3e0070_WYG_005-44a
006.md	699	KR3e0070_WYG_005-44b
006.md	707	KR3e0070_WYG_005-45a
006.md	715	KR3e0070_WYG_005-45b
006.md	723	KR3e0070_WYG_005-46a
006.md	731	KR3e0070_WYG_005-46b
006.md	739	KR3e0070_WYG_005-47a
006.md	747	KR3e0070_WYG_005-47b
006.md	755	KR3e0070_WYG_005-48a
006.md	763	KR3e0070_WYG_005-48b
006.md	771	KR3e0070_WYG_005-49a
006.md	779	KR3e0070_WYG_005-49b
006.md	787	KR3e0070_WYG_005-50a
006.md	795	KR3e0070_WYG_005-50b
006.md	803	KR3e0070_WYG_005-51a
006.md	811	KR3e0070_WYG_005-51b
006.md	819	KR3e0070_WYG_005-52a
006.md	827	KR3e0070_WYG_005-52b
006.md	835	KR3e0070_WYG_005-53a
006.md	843	KR3e0070_WYG_005-53b
006.md	851	KR3e0070_WYG_005-54a
006.md	859	KR3e0070_WYG_005-54b
006.md	867	KR3e0070_WYG_005-55a
006.md	875	KR3e0070_WYG_005-55b
006.md	883	KR3e0070_WYG_005-56a
006.md	891	KR3e0070_WYG_005-56b
006.md	899	KR3e0070_WYG_005-57a
006.md	907	KR3e0070_WYG_005-57b
006.md	915	KR3e0070_WYG_005-58a
006.md	923	KR3e0070_WYG_005-58b
006.md	931	KR3e0070_WYG_005-59a
006.md	939	KR3e0070_WYG_005-59b
006.md	947	KR3e0070_WYG_005-60a
006.md	955	KR3e0070_WYG_005-60b
006.md	963	KR3e0070_WYG_005-61a
006.md	971	KR3e0070_WYG_005-61b
006.md	979	KR3e0070_WYG_005-62a
006.md	987	KR3e0070_WYG_005-62b
006.md	995	KR3e0070_WYG_005-63a
006.md	1003	KR3e0070_WYG_005-63b
006.md	1011	KR3e0070_WYG_005-64a
006.md	1019	KR3e0070_WYG_005-64b
006.md	1027	KR3e0070_WYG_005-65a
006.md	1035	KR3e0070_WYG_005-65b
006.md	1043	KR3e0070_WYG_005-66a
006.md	1051	KR3e0070_WYG_005-66b
006.md	1059	KR3e0070_WYG_005-67a
006.md	1067	KR3e0070_WYG_005-67b
006.md	1075	KR3e0070_WYG_005-68a
006.md	1083	KR3e0070_WYG_005-68b
006.md	1091	KR3e0070_WYG_005-69a
006.md	1099	KR3e0070_WYG_005-69b
006.md	1107	KR3e0070_WYG_005-70a
006.md	1115	KR3e0070_WYG_005-70b
006.md	1123	KR3e0070_WYG_005-71a
006.md	1131	KR3e0070_WYG_005-71b
006.md	1139	KR3e0070_WYG_005-72a
006.md	1147	KR3e0070_WYG_005-72b
007.md	3	KR3e0070_WYG_006-1a
007.md	11	KR3e0070_WYG_006-1b
007.md	19	KR3e0070_WYG_006-2a
007.md	27	KR3e0070_WYG_006-2b
007.md	35	KR3e0070_WYG_006-3a
007.md	43	KR3e0070_WYG_006-3b
007.md	51	KR3e0070_WYG_006-4a
007.md	59	KR3e0070_WYG_006-4b
007.md	67	KR3e0070_WYG_006-5a
007.md	75	KR3e0070_WYG_006-5b
007.md	83	KR3e0070_WYG_006-6a
007.md	91	KR3e0070_WYG_006-6b
007.md	99	KR3e0070_WYG_006-7a
007.md	107	KR3e0070_WYG_006-7b
007.md	115	KR3e0070_WYG_006-8a
007.md	123	KR3e0070_WYG_006-8b
007.md	131	KR3e0070_WYG_006-9a
007.md	139	KR3e0070_WYG_006-9b
007.md	147	KR3e0070_WYG_006-10a
007.md	155	KR3e0070_WYG_006-10b
007.md	163	KR3e0070_WYG_006-11a
007.md	171	KR3e0070_WYG_006-11b
007.md	179	KR3e0070_WYG_006-12a
007.md	187	KR3e0070_WYG_006-12b
007.md	195	KR3e0070_WYG_006-13a
007.md	203	KR3e0070_WYG_006-13b
007.md	211	KR3e0070_WYG_006-14a
007.md	219	KR3e0070_WYG_006-14b
007.md	227	KR3e0070_WYG_006-15a
007.md	235	KR3e0070_WYG_006-15b
007.md	243	KR3e0070_WYG_006-16a
007.md	247	KR3e0070_WYG_006-17a
007.md	248	KR3e0070_WYG_006-18a
007.md	256	KR3e0070_WYG_006-18b
007.md	264	KR3e0070_WYG_006-19a
007.md	272	KR3e0070_WYG_006-19b
007.md	280	KR3e0070_WYG_006-20a
007.md	288	KR3e0070_WYG_006-20b
007.md	296	KR3e0070_WYG_006-21a
007.md	304	KR3e0070_WYG_006-21b
007.md	312	KR3e0070_WYG_006-22a
007.md	320	KR3e0070_WYG_006-22b
007.md	328	KR3e0070_WYG_006-23a
007.md	336	KR3e0070_WYG_006-23b
007.md	344	KR3e0070_WYG_006-24a
007.md	352	KR3e0070_WYG_006-24b
007.md	360	KR3e0070_WYG_006-25a
007.md	368	KR3e0070_WYG_006-25b
007.md	376	KR3e0070_WYG_006-26a
007.md	384	KR3e0070_WYG_006-26b
007.md	392	KR3e0070_WYG_006-27a
007.md	400	KR3e0070_WYG_006-27b
007.md	408	KR3e0070_WYG_006-28a
007.md	416	KR3e0070_WYG_006-28b
007.md	424	KR3e0070_WYG_006-29a
007.md	432	KR3e0070_WYG_006-29b
007.md	440	KR3e0070_WYG_006-30a
007.md	448	KR3e0070_WYG_006-30b
007.md	456	KR3e0070_WYG_006-31a
007.md	464	KR3e0070_WYG_006-31b
007.md	472	KR3e0070_WYG_006-32a
007.md	480	KR3e0070_WYG_006-32b
007.md	488	KR3e0070_WYG_006-33a
007.md	496	KR3e0070_WYG_006-33b
007.md	504	KR3e0070_WYG_006-34a
007.md	512	KR3e0070_WYG_006-34b
007.md	520	KR3e0070_WYG_006-35a
007.md	528	KR3e0070_WYG_006-35b
007.md	536	KR3e0070_WYG_006-36a
007.md	544	KR3e0070_WYG_006-36b
007.md	552	KR3e0070_WYG_006-37a
007.md	560	KR3e0070_WYG_006-37b
007.md	568	KR3e0070_WYG_006-38a
007.md	576	KR3e0070_WYG_006-38b
007.md	584	KR3e0070_WYG_006-39a
007.md	592	KR3e0070_WYG_006-39b
007.md	600	KR3e0070_WYG_006-40a
007.md	608	KR3e0070_WYG_006-40b
007.md	616	KR3e0070_WYG_006-41a
007.md	624	KR3e0070_WYG_006-41b
007.md	632	KR3e0070_WYG_006-42a
007.md	640	KR3e0070_WYG_006-42b
007.md	648	KR3e0070_WYG_006-43a
007.md	656	KR3e0070_WYG_006-43b
007.md	664	KR3e0070_WYG_006-44a
007.md	672	KR3e0070_WYG_006-44b
007.md	680	KR3e0070_WYG_006-45a
007.md	688	KR3e0070_WYG_006-45b
007.md	696	KR3e0070_WYG_006-46a
007.md	704	KR3e0070_WYG_006-46b
007.md	712	KR3e0070_WYG_006-47a
007.md	720	KR3e0070_WYG_006-47b
007.md	728	KR3e0070_WYG_006-48a
007.md	736	KR3e0070_WYG_006-48b
007.md	744	KR3e0070_WYG_006-49a
007.md	752	KR3e0070_WYG_006-49b
007.md	760	KR3e0070_WYG_006-50a
007.md	768	KR3e0070_WYG_006-50b
007.md	776	KR3e0070_WYG_006-51a
007.md	784	KR3e0070_WYG_006-51b
007.md	792	KR3e0070_WYG_006-52a
007.md	800	KR3e0070_WYG_006-52b
008.md	3	KR3e0070_WYG_007-1a
008.md	11	KR3e0070_WYG_007-1b
008.md	19	KR3e0070_WYG_007-2a
008.md	27	KR3e0070_WYG_007-2b
008.md	35	KR3e0070_WYG_007-3a
008.md	43	KR3e0070_WYG_007-3b
008.md	51	KR3e0070_WYG_007-4a
008.md	59	KR3e0070_WYG_007-4b
008.md	67	KR3e0070_WYG_007-5a
008.md	75	KR3e0070_WYG_007-5b
008.md	83	KR3e0070_WYG_007-6a
008.md	91	KR3e0070_WYG_007-6b
008.md	99	KR3e0070_WYG_007-7a
008.md	107	KR3e0070_WYG_007-7b
008.md	115	KR3e0070_WYG_007-8a
008.md	123	KR3e0070_WYG_007-8b
008.md	131	KR3e0070_WYG_007-9a
008.md	139	KR3e0070_WYG_007-9b
008.md	147	KR3e0070_WYG_007-10a
008.md	155	KR3e0070_WYG_007-10b
008.md	163	KR3e0070_WYG_007-11a
008.md	171	KR3e0070_WYG_007-11b
008.md	179	KR3e0070_WYG_007-12a
008.md	187	KR3e0070_WYG_007-12b
008.md	195	KR3e0070_WYG_007-13a
008.md	203	KR3e0070_WYG_007-13b
008.md	211	KR3e0070_WYG_007-14a
008.md	219	KR3e0070_WYG_007-14b
008.md	227	KR3e0070_WYG_007-15a
008.md	235	KR3e0070_WYG_007-15b
008.md	243	KR3e0070_WYG_007-16a
008.md	251	KR3e0070_WYG_007-16b
008.md	259	KR3e0070_WYG_007-17a
008.md	267	KR3e0070_WYG_007-17b
008.md	275	KR3e0070_WYG_007-18a
008.md	283	KR3e0070_WYG_007-18b
008.md	291	KR3e0070_WYG_007-19a
008.md	299	KR3e0070_WYG_007-19b
008.md	307	KR3e0070_WYG_007-20a
008.md	315	KR3e0070_WYG_007-20b
008.md	323	KR3e0070_WYG_007-21a
008.md	331	KR3e0070_WYG_007-21b
008.md	339	KR3e0070_WYG_007-22a
008.md	347	KR3e0070_WYG_007-22b
008.md	355	KR3e0070_WYG_007-23a
008.md	363	KR3e0070_WYG_007-23b
008.md	371	KR3e0070_WYG_007-24a
008.md	379	KR3e0070_WYG_007-24b
009.md	3	KR3e0070_WYG_008-1a
009.md	11	KR3e0070_WYG_008-1b
009.md	19	KR3e0070_WYG_008-2a
009.md	27	KR3e0070_WYG_008-2b
009.md	35	KR3e0070_WYG_008-3a
009.md	43	KR3e0070_WYG_008-3b
009.md	51	KR3e0070_WYG_008-4a
009.md	59	KR3e0070_WYG_008-4b
009.md	67	KR3e0070_WYG_008-5a
009.md	75	KR3e0070_WYG_008-5b
009.md	83	KR3e0070_WYG_008-6a
009.md	91	KR3e0070_WYG_008-6b
009.md	99	KR3e0070_WYG_008-7a
009.md	107	KR3e0070_WYG_008-7b
009.md	115	KR3e0070_WYG_008-8a
009.md	123	KR3e0070_WYG_008-8b
009.md	131	KR3e0070_WYG_008-9a
009.md	139	KR3e0070_WYG_008-9b
009.md	147	KR3e0070_WYG_008-10a
009.md	155	KR3e0070_WYG_008-10b
009.md	163	KR3e0070_WYG_008-11a
009.md	171	KR3e0070_WYG_008-11b
009.md	179	KR3e0070_WYG_008-12a
009.md	187	KR3e0070_WYG_008-12b
009.md	195	KR3e0070_WYG_008-13a
009.md	203	KR3e0070_WYG_008-13b
009.md	211	KR3e0070_WYG_008-14a
009.md	219	KR3e0070_WYG_008-14b
009.md	227	KR3e0070_WYG_008-15a
009.md	235	KR3e0070_WYG_008-15b
009.md	243	KR3e0070_WYG_008-16a
009.md	251	KR3e0070_WYG_008-16b
009.md	259	KR3e0070_WYG_008-17a
009.md	267	KR3e0070_WYG_008-17b
009.md	275	KR3e0070_WYG_008-18a
009.md	283	KR3e0070_WYG_008-18b
009.md	291	KR3e0070_WYG_008-19a
009.md	299	KR3e0070_WYG_008-19b
009.md	307	KR3e0070_WYG_008-20a
009.md	315	KR3e0070_WYG_008-20b
009.md	323	KR3e0070_WYG_008-21a
009.md	331	KR3e0070_WYG_008-21b
009.md	339	KR3e0070_WYG_008-22a
009.md	347	KR3e0070_WYG_008-22b
009.md	355	KR3e0070_WYG_008-23a
009.md	363	KR3e0070_WYG_008-23b
009.md	371	KR3e0070_WYG_008-24a
009.md	379	KR3e0070_WYG_008-24b
009.md	387	KR3e0070_WYG_008-25a
009.md	395	KR3e0070_WYG_008-25b
009.md	403	KR3e0070_WYG_008-26a
009.md	411	KR3e0070_WYG_008-26b
009.md	419	KR3e0070_WYG_008-27a
009.md	427	KR3e0070_WYG_008-27b
009.md	435	KR3e0070_WYG_008-28a
009.md	443	KR3e0070_WYG_008-28b
009.md	451	KR3e0070_WYG_008-29a
009.md	459	KR3e0070_WYG_008-29b
009.md	467	KR3e0070_WYG_008-30a
009.md	475	KR3e0070_WYG_008-30b
009.md	483	KR3e0070_WYG_008-31a
009.md	491	KR3e0070_WYG_008-31b
009.md	499	KR3e0070_WYG_008-32a
009.md	507	KR3e0070_WYG_008-32b
009.md	515	KR3e0070_WYG_008-33a
009.md	523	KR3e0070_WYG_008-33b
009.md	531	KR3e0070_WYG_008-34a
009.md	539	KR3e0070_WYG_008-34b
009.md	547	KR3e0070_WYG_008-35a
009.md	555	KR3e0070_WYG_008-35b
009.md	563	KR3e0070_WYG_008-36a
009.md	571	KR3e0070_WYG_008-36b
010.md	3	KR3e0070_WYG_009-1a
010.md	11	KR3e0070_WYG_009-1b
010.md	19	KR3e0070_WYG_009-2a
010.md	27	KR3e0070_WYG_009-2b
010.md	35	KR3e0070_WYG_009-3a
010.md	43	KR3e0070_WYG_009-3b
010.md	51	KR3e0070_WYG_009-4a
010.md	59	KR3e0070_WYG_009-4b
010.md	67	KR3e0070_WYG_009-5a
010.md	75	KR3e0070_WYG_009-5b
010.md	83	KR3e0070_WYG_009-6a
010.md	91	KR3e0070_WYG_009-6b
010.md	99	KR3e0070_WYG_009-7a
010.md	107	KR3e0070_WYG_009-7b
010.md	115	KR3e0070_WYG_009-8a
010.md	123	KR3e0070_WYG_009-8b
010.md	131	KR3e0070_WYG_009-9a
010.md	139	KR3e0070_WYG_009-9b
010.md	147	KR3e0070_WYG_009-10a
010.md	155	KR3e0070_WYG_009-10b
010.md	163	KR3e0070_WYG_009-11a
010.md	171	KR3e0070_WYG_009-11b
010.md	179	KR3e0070_WYG_009-12a
010.md	187	KR3e0070_WYG_009-12b
010.md	195	KR3e0070_WYG_009-13a
010.md	203	KR3e0070_WYG_009-13b
010.md	211	KR3e0070_WYG_009-14a
010.md	219	KR3e0070_WYG_009-14b
010.md	227	KR3e0070_WYG_009-15a
010.md	235	KR3e0070_WYG_009-15b
010.md	243	KR3e0070_WYG_009-16a
010.md	251	KR3e0070_WYG_009-16b
010.md	259	KR3e0070_WYG_009-17a
010.md	267	KR3e0070_WYG_009-17b
010.md	275	KR3e0070_WYG_009-18a
010.md	283	KR3e0070_WYG_009-18b
010.md	291	KR3e0070_WYG_009-19a
010.md	299	KR3e0070_WYG_009-19b
010.md	307	KR3e0070_WYG_009-20a
010.md	315	KR3e0070_WYG_009-20b
010.md	323	KR3e0070_WYG_009-21a
010.md	331	KR3e0070_WYG_009-21b
010.md	339	KR3e0070_WYG_009-22a
010.md	347	KR3e0070_WYG_009-22b
010.md	355	KR3e0070_WYG_009-23a
010.md	363	KR3e0070_WYG_009-23b
010.md	371	KR3e0070_WYG_009-24a
010.md	379	KR3e0070_WYG_009-24b
010.md	387	KR3e0070_WYG_009-25a
010.md	395	KR3e0070_WYG_009-25b
010.md	403	KR3e0070_WYG_009-26a
010.md	411	KR3e0070_WYG_009-26b
010.md	419	KR3e0070_WYG_009-27a
010.md	427	KR3e0070_WYG_009-27b
010.md	435	KR3e0070_WYG_009-28a
010.md	443	KR3e0070_WYG_009-28b
010.md	451	KR3e0070_WYG_009-29a
010.md	459	KR3e0070_WYG_009-29b
010.md	467	KR3e0070_WYG_009-30a
010.md	475	KR3e0070_WYG_009-30b
010.md	483	KR3e0070_WYG_009-31a
010.md	491	KR3e0070_WYG_009-31b
010.md	499	KR3e0070_WYG_009-32a
010.md	507	KR3e0070_WYG_009-32b
010.md	515	KR3e0070_WYG_009-33a
010.md	523	KR3e0070_WYG_009-33b
010.md	531	KR3e0070_WYG_009-34a
010.md	539	KR3e0070_WYG_009-34b
010.md	547	KR3e0070_WYG_009-35a
010.md	555	KR3e0070_WYG_009-35b
010.md	563	KR3e0070_WYG_009-36a
010.md	571	KR3e0070_WYG_009-36b
010.md	579	KR3e0070_WYG_009-37a
010.md	587	KR3e0070_WYG_009-37b
010.md	595	KR3e0070_WYG_009-38a
010.md	603	KR3e0070_WYG_009-38b
010.md	611	KR3e0070_WYG_009-39a
010.md	619	KR3e0070_WYG_009-39b
010.md	627	KR3e0070_WYG_009-40a
010.md	635	KR3e0070_WYG_009-40b
010.md	643	KR3e0070_WYG_009-41a
010.md	651	KR3e0070_WYG_009-41b
010.md	659	KR3e0070_WYG_009-42a
010.md	667	KR3e0070_WYG_009-42b
010.md	675	KR3e0070_WYG_009-43a
010.md	683	KR3e0070_WYG_009-43b
010.md	691	KR3e0070_WYG_009-44a
010.md	699	KR3e0070_WYG_009-44b
010.md	707	KR3e0070_WYG_009-45a
010.md	715	KR3e0070_WYG_009-45b
010.md	723	KR3e0070_WYG_009-46a
010.md	731	KR3e0070_WYG_009-46b
010.md	739	KR3e0070_WYG_009-47a
010.md	747	KR3e0070_WYG_009-47b
010.md	755	KR3e0070_WYG_009-48a
010.md	763	KR3e0070_WYG_009-48b
011.md	3	KR3e0070_WYG_010-1a
011.md	11	KR3e0070_WYG_010-1b
011.md	19	KR3e0070_WYG_010-2a
011.md	27	KR3e0070_WYG_010-2b
011.md	35	KR3e0070_WYG_010-3a
011.md	43	KR3e0070_WYG_010-3b
011.md	51	KR3e0070_WYG_010-4a
011.md	59	KR3e0070_WYG_010-4b
011.md	67	KR3e0070_WYG_010-5a
011.md	75	KR3e0070_WYG_010-5b
011.md	83	KR3e0070_WYG_010-6a
011.md	91	KR3e0070_WYG_010-6b
011.md	99	KR3e0070_WYG_010-7a
011.md	107	KR3e0070_WYG_010-7b
011.md	115	KR3e0070_WYG_010-8a
011.md	123	KR3e0070_WYG_010-8b
011.md	131	KR3e0070_WYG_010-9a
011.md	139	KR3e0070_WYG_010-9b
011.md	147	KR3e0070_WYG_010-10a
011.md	155	KR3e0070_WYG_010-10b
011.md	163	KR3e0070_WYG_010-11a
011.md	171	KR3e0070_WYG_010-11b
011.md	179	KR3e0070_WYG_010-12a
011.md	187	KR3e0070_WYG_010-12b
011.md	195	KR3e0070_WYG_010-13a
011.md	203	KR3e0070_WYG_010-13b
011.md	211	KR3e0070_WYG_010-14a
011.md	219	KR3e0070_WYG_010-14b
011.md	227	KR3e0070_WYG_010-15a
011.md	235	KR3e0070_WYG_010-15b
011.md	243	KR3e0070_WYG_010-16a
011.md	251	KR3e0070_WYG_010-16b
011.md	259	KR3e0070_WYG_010-17a
011.md	267	KR3e0070_WYG_010-17b
011.md	275	KR3e0070_WYG_010-18a
011.md	283	KR3e0070_WYG_010-18b
011.md	291	KR3e0070_WYG_010-19a
011.md	299	KR3e0070_WYG_010-19b
011.md	307	KR3e0070_WYG_010-20a
011.md	315	KR3e0070_WYG_010-20b
011.md	323	KR3e0070_WYG_010-21a
011.md	331	KR3e0070_WYG_010-21b
011.md	339	KR3e0070_WYG_010-22a
011.md	347	KR3e0070_WYG_010-22b
011.md	355	KR3e0070_WYG_010-23a
011.md	363	KR3e0070_WYG_010-23b
011.md	371	KR3e0070_WYG_010-24a
011.md	379	KR3e0070_WYG_010-24b
011.md	387	KR3e0070_WYG_010-25a
011.md	395	KR3e0070_WYG_010-25b
011.md	403	KR3e0070_WYG_010-26a
011.md	411	KR3e0070_WYG_010-26b
011.md	419	KR3e0070_WYG_010-27a
011.md	427	KR3e0070_WYG_010-27b
011.md	435	KR3e0070_WYG_010-28a
011.md	443	KR3e0070_WYG_010-28b
011.md	451	KR3e0070_WYG_010-29a
011.md	459	KR3e0070_WYG_010-29b
011.md	467	KR3e0070_WYG_010-30a
011.md	475	KR3e0070_WYG_010-30b
011.md	483	KR3e0070_WYG_010-31a
011.md	491	KR3e0070_WYG_010-31b
011.md	499	KR3e0070_WYG_010-32a
011.md	507	KR3e0070_WYG_010-32b
011.md	515	KR3e0070_WYG_010-33a
011.md	523	KR3e0070_WYG_010-33b
011.md	531	KR3e0070_WYG_010-34a
011.md	539	KR3e0070_WYG_010-34b
011.md	547	KR3e0070_WYG_010-35a
011.md	555	KR3e0070_WYG_010-35b
011.md	563	KR3e0070_WYG_010-36a
011.md	571	KR3e0070_WYG_010-36b
011.md	579	KR3e0070_WYG_010-37a
011.md	587	KR3e0070_WYG_010-37b
011.md	595	KR3e0070_WYG_010-38a
011.md	603	KR3e0070_WYG_010-38b
011.md	611	KR3e0070_WYG_010-39a
011.md	619	KR3e0070_WYG_010-39b
011.md	627	KR3e0070_WYG_010-40a
011.md	635	KR3e0070_WYG_010-40b
011.md	643	KR3e0070_WYG_010-41a
011.md	651	KR3e0070_WYG_010-41b
011.md	659	KR3e0070_WYG_010-42a
011.md	667	KR3e0070_WYG_010-42b
011.md	675	KR3e0070_WYG_010-43a
011.md	683	KR3e0070_WYG_010-43b
011.md	691	KR3e0070_WYG_010-44a
011.md	699	KR3e0070_WYG_010-44b
011.md	707	KR3e0070_WYG_010-45a
011.md	715	KR3e0070_WYG_010-45b
011.md	723	KR3e0070_WYG_010-46a
011.md	731	KR3e0070_WYG_010-46b
012.md	3	KR3e0070_WYG_011-1a
012.md	11	KR3e0070_WYG_011-1b
012.md	19	KR3e0070_WYG_011-2a
012.md	27	KR3e0070_WYG_011-2b
012.md	35	KR3e0070_WYG_011-3a
012.md	43	KR3e0070_WYG_011-3b
012.md	51	KR3e0070_WYG_011-4a
012.md	59	KR3e0070_WYG_011-4b
012.md	67	KR3e0070_WYG_011-5a
012.md	75	KR3e0070_WYG_011-5b
012.md	83	KR3e0070_WYG_011-6a
012.md	91	KR3e0070_WYG_011-6b
012.md	99	KR3e0070_WYG_011-7a
012.md	107	KR3e0070_WYG_011-7b
012.md	115	KR3e0070_WYG_011-8a
012.md	123	KR3e0070_WYG_011-8b
012.md	131	KR3e0070_WYG_011-9a
012.md	139	KR3e0070_WYG_011-9b
012.md	147	KR3e0070_WYG_011-10a
012.md	155	KR3e0070_WYG_011-10b
012.md	163	KR3e0070_WYG_011-11a
012.md	171	KR3e0070_WYG_011-11b
012.md	179	KR3e0070_WYG_011-12a
012.md	187	KR3e0070_WYG_011-12b
012.md	195	KR3e0070_WYG_011-13a
012.md	203	KR3e0070_WYG_011-13b
012.md	211	KR3e0070_WYG_011-14a
012.md	219	KR3e0070_WYG_011-14b
012.md	227	KR3e0070_WYG_011-15a
012.md	235	KR3e0070_WYG_011-15b
012.md	243	KR3e0070_WYG_011-16a
012.md	251	KR3e0070_WYG_011-16b
012.md	259	KR3e0070_WYG_011-17a
012.md	267	KR3e0070_WYG_011-17b
012.md	275	KR3e0070_WYG_011-18a
012.md	283	KR3e0070_WYG_011-18b
012.md	291	KR3e0070_WYG_011-19a
012.md	299	KR3e0070_WYG_011-19b
012.md	307	KR3e0070_WYG_011-20a
012.md	315	KR3e0070_WYG_011-20b
012.md	323	KR3e0070_WYG_011-21a
012.md	331	KR3e0070_WYG_011-21b
012.md	339	KR3e0070_WYG_011-22a
012.md	347	KR3e0070_WYG_011-22b
012.md	355	KR3e0070_WYG_011-23a
012.md	363	KR3e0070_WYG_011-23b
012.md	371	KR3e0070_WYG_011-24a
012.md	379	KR3e0070_WYG_011-24b
012.md	387	KR3e0070_WYG_011-25a
012.md	395	KR3e0070_WYG_011-25b
012.md	403	KR3e0070_WYG_011-26a
012.md	411	KR3e0070_WYG_011-26b
012.md	419	KR3e0070_WYG_011-27a
012.md	427	KR3e0070_WYG_011-27b
012.md	435	KR3e0070_WYG_011-28a
012.md	443	KR3e0070_WYG_011-28b
012.md	451	KR3e0070_WYG_011-29a
012.md	459	KR3e0070_WYG_011-29b
012.md	467	KR3e0070_WYG_011-30a
012.md	475	KR3e0070_WYG_011-30b
012.md	483	KR3e0070_WYG_011-31a
012.md	491	KR3e0070_WYG_011-31b
012.md	499	KR3e0070_WYG_011-32a
012.md	507	KR3e0070_WYG_011-32b
012.md	515	KR3e0070_WYG_011-33a
012.md	523	KR3e0070_WYG_011-33b
012.md	531	KR3e0070_WYG_011-34a
012.md	539	KR3e0070_WYG_011-34b
012.md	547	KR3e0070_WYG_011-35a
012.md	555	KR3e0070_WYG_011-35b
012.md	563	KR3e0070_WYG_011-36a
012.md	571	KR3e0070_WYG_011-36b
012.md	579	KR3e0070_WYG_011-37a
012.md	587	KR3e0070_WYG_011-37b
012.md	595	KR3e0070_WYG_011-38a
012.md	603	KR3e0070_WYG_011-38b
012.md	611	KR3e0070_WYG_011-39a
012.md	619	KR3e0070_WYG_011-39b
013.md	3	KR3e0070_WYG_012-1a
013.md	11	KR3e0070_WYG_012-1b
013.md	19	KR3e0070_WYG_012-2a
013.md	27	KR3e0070_WYG_012-2b
013.md	35	KR3e0070_WYG_012-3a
013.md	43	KR3e0070_WYG_012-3b
013.md	51	KR3e0070_WYG_012-4a
013.md	59	KR3e0070_WYG_012-4b
013.md	67	KR3e0070_WYG_012-5a
013.md	75	KR3e0070_WYG_012-5b
013.md	83	KR3e0070_WYG_012-6a
013.md	91	KR3e0070_WYG_012-6b
013.md	99	KR3e0070_WYG_012-7a
013.md	107	KR3e0070_WYG_012-7b
013.md	115	KR3e0070_WYG_012-8a
013.md	123	KR3e0070_WYG_012-8b
013.md	131	KR3e0070_WYG_012-9a
013.md	139	KR3e0070_WYG_012-9b
013.md	147	KR3e0070_WYG_012-10a
013.md	155	KR3e0070_WYG_012-10b
013.md	163	KR3e0070_WYG_012-11a
013.md	171	KR3e0070_WYG_012-11b
013.md	179	KR3e0070_WYG_012-12a
013.md	187	KR3e0070_WYG_012-12b
013.md	195	KR3e0070_WYG_012-13a
013.md	203	KR3e0070_WYG_012-13b
013.md	211	KR3e0070_WYG_012-14a
013.md	219	KR3e0070_WYG_012-14b
013.md	227	KR3e0070_WYG_012-15a
013.md	235	KR3e0070_WYG_012-15b
013.md	243	KR3e0070_WYG_012-16a
013.md	251	KR3e0070_WYG_012-16b
013.md	259	KR3e0070_WYG_012-17a
013.md	267	KR3e0070_WYG_012-17b
013.md	275	KR3e0070_WYG_012-18a
013.md	283	KR3e0070_WYG_012-18b
013.md	291	KR3e0070_WYG_012-19a
013.md	299	KR3e0070_WYG_012-19b
013.md	307	KR3e0070_WYG_012-20a
013.md	315	KR3e0070_WYG_012-20b
013.md	323	KR3e0070_WYG_012-21a
013.md	331	KR3e0070_WYG_012-21b
013.md	339	KR3e0070_WYG_012-22a
013.md	347	KR3e0070_WYG_012-22b
013.md	355	KR3e0070_WYG_012-23a
013.md	363	KR3e0070_WYG_012-23b
013.md	371	KR3e0070_WYG_012-24a
013.md	379	KR3e0070_WYG_012-24b
013.md	387	KR3e0070_WYG_012-25a
013.md	395	KR3e0070_WYG_012-25b
014.md	3	KR3e0070_WYG_013-1a
014.md	11	KR3e0070_WYG_013-1b
014.md	19	KR3e0070_WYG_013-2a
014.md	27	KR3e0070_WYG_013-2b
014.md	35	KR3e0070_WYG_013-3a
014.md	43	KR3e0070_WYG_013-3b
014.md	51	KR3e0070_WYG_013-4a
014.md	59	KR3e0070_WYG_013-4b
014.md	67	KR3e0070_WYG_013-5a
014.md	75	KR3e0070_WYG_013-5b
014.md	83	KR3e0070_WYG_013-6a
014.md	91	KR3e0070_WYG_013-6b
014.md	99	KR3e0070_WYG_013-7a
014.md	107	KR3e0070_WYG_013-7b
014.md	115	KR3e0070_WYG_013-8a
014.md	123	KR3e0070_WYG_013-8b
014.md	131	KR3e0070_WYG_013-9a
014.md	139	KR3e0070_WYG_013-9b
014.md	147	KR3e0070_WYG_013-10a
014.md	155	KR3e0070_WYG_013-10b
014.md	163	KR3e0070_WYG_013-11a
014.md	171	KR3e0070_WYG_013-11b
014.md	179	KR3e0070_WYG_013-12a
014.md	187	KR3e0070_WYG_013-12b
014.md	195	KR3e0070_WYG_013-13a
014.md	203	KR3e0070_WYG_013-13b
014.md	211	KR3e0070_WYG_013-14a
014.md	219	KR3e0070_WYG_013-14b
014.md	227	KR3e0070_WYG_013-15a
014.md	235	KR3e0070_WYG_013-15b
014.md	243	KR3e0070_WYG_013-16a
014.md	251	KR3e0070_WYG_013-16b
014.md	259	KR3e0070_WYG_013-17a
014.md	267	KR3e0070_WYG_013-17b
014.md	275	KR3e0070_WYG_013-18a
014.md	283	KR3e0070_WYG_013-18b
014.md	291	KR3e0070_WYG_013-19a
014.md	299	KR3e0070_WYG_013-19b
014.md	307	KR3e0070_WYG_013-20a
014.md	315	KR3e0070_WYG_013-20b
014.md	323	KR3e0070_WYG_013-21a
014.md	331	KR3e0070_WYG_013-21b
014.md	339	KR3e0070_WYG_013-22a
014.md	347	KR3e0070_WYG_013-22b
014.md	355	KR3e0070_WYG_013-23a
014.md	363	KR3e0070_WYG_013-23b
014.md	371	KR3e0070_WYG_013-24a
014.md	379	KR3e0070_WYG_013-24b
014.md	387	KR3e0070_WYG_013-25a
014.md	395	KR3e0070_WYG_013-25b
014.md	403	KR3e0070_WYG_013-26a
014.md	411	KR3e0070_WYG_013-26b
014.md	419	KR3e0070_WYG_013-27a
014.md	427	KR3e0070_WYG_013-27b
014.md	435	KR3e0070_WYG_013-28a
014.md	443	KR3e0070_WYG_013-28b
014.md	451	KR3e0070_WYG_013-29a
014.md	459	KR3e0070_WYG_013-29b
014.md	467	KR3e0070_WYG_013-30a
014.md	475	KR3e0070_WYG_013-30b
014.md	483	KR3e0070_WYG_013-31a
014.md	491	KR3e0070_WYG_013-31b
014.md	499	KR3e0070_WYG_013-32a
014.md	507	KR3e0070_WYG_013-32b
014.md	515	KR3e0070_WYG_013-33a
014.md	523	KR3e0070_WYG_013-33b
014.md	531	KR3e0070_WYG_013-34a
014.md	539	KR3e0070_WYG_013-34b
014.md	547	KR3e0070_WYG_013-35a
014.md	555	KR3e0070_WYG_013-35b
014.md	563	KR3e0070_WYG_013-36a
014.md	571	KR3e0070_WYG_013-36b
014.md	579	KR3e0070_WYG_013-37a
014.md	587	KR3e0070_WYG_013-37b
014.md	595	KR3e0070_WYG_013-38a
014.md	603	KR3e0070_WYG_013-38b
014.md	611	KR3e0070_WYG_013-39a
014.md	619	KR3e0070_WYG_013-39b
015.md	3	KR3e0070_WYG_014-1a
015.md	11	KR3e0070_WYG_014-1b
015.md	19	KR3e0070_WYG_014-2a
015.md	27	KR3e0070_WYG_014-2b
015.md	35	KR3e0070_WYG_014-3a
015.md	43	KR3e0070_WYG_014-3b
015.md	51	KR3e0070_WYG_014-4a
015.md	59	KR3e0070_WYG_014-4b
015.md	67	KR3e0070_WYG_014-5a
015.md	75	KR3e0070_WYG_014-5b
015.md	83	KR3e0070_WYG_014-6a
015.md	91	KR3e0070_WYG_014-6b
015.md	99	KR3e0070_WYG_014-7a
015.md	107	KR3e0070_WYG_014-7b
015.md	115	KR3e0070_WYG_014-8a
015.md	123	KR3e0070_WYG_014-8b
015.md	131	KR3e0070_WYG_014-9a
015.md	139	KR3e0070_WYG_014-9b
015.md	147	KR3e0070_WYG_014-10a
015.md	155	KR3e0070_WYG_014-10b
015.md	163	KR3e0070_WYG_014-11a
015.md	171	KR3e0070_WYG_014-11b
015.md	179	KR3e0070_WYG_014-12a
015.md	187	KR3e0070_WYG_014-12b
015.md	195	KR3e0070_WYG_014-13a
015.md	203	KR3e0070_WYG_014-13b
015.md	211	KR3e0070_WYG_014-14a
015.md	219	KR3e0070_WYG_014-14b
015.md	227	KR3e0070_WYG_014-15a
015.md	235	KR3e0070_WYG_014-15b
015.md	243	KR3e0070_WYG_014-16a
015.md	251	KR3e0070_WYG_014-16b
015.md	259	KR3e0070_WYG_014-17a
015.md	267	KR3e0070_WYG_014-17b
015.md	275	KR3e0070_WYG_014-18a
015.md	283	KR3e0070_WYG_014-18b
015.md	291	KR3e0070_WYG_014-19a
015.md	299	KR3e0070_WYG_014-19b
015.md	307	KR3e0070_WYG_014-20a
015.md	315	KR3e0070_WYG_014-20b
015.md	323	KR3e0070_WYG_014-21a
015.md	331	KR3e0070_WYG_014-21b
015.md	339	KR3e0070_WYG_014-22a
015.md	347	KR3e0070_WYG_014-22b
015.md	355	KR3e0070_WYG_014-23a
015.md	363	KR3e0070_WYG_014-23b
015.md	371	KR3e0070_WYG_014-24a
015.md	379	KR3e0070_WYG_014-24b
015.md	387	KR3e0070_WYG_014-25a
015.md	395	KR3e0070_WYG_014-25b
015.md	403	KR3e0070_WYG_014-26a
015.md	411	KR3e0070_WYG_014-26b
015.md	419	KR3e0070_WYG_014-27a
015.md	427	KR3e0070_WYG_014-27b
015.md	435	KR3e0070_WYG_014-28a
015.md	443	KR3e0070_WYG_014-28b
015.md	451	KR3e0070_WYG_014-29a
015.md	459	KR3e0070_WYG_014-29b
015.md	467	KR3e0070_WYG_014-30a
015.md	475	KR3e0070_WYG_014-30b
015.md	483	KR3e0070_WYG_014-31a
015.md	491	KR3e0070_WYG_014-31b
015.md	499	KR3e0070_WYG_014-32a
015.md	507	KR3e0070_WYG_014-32b
015.md	515	KR3e0070_WYG_014-33a
015.md	523	KR3e0070_WYG_014-33b
015.md	531	KR3e0070_WYG_014-34a
015.md	539	KR3e0070_WYG_014-34b
015.md	547	KR3e0070_WYG_014-35a
015.md	555	KR3e0070_WYG_014-35b
015.md	563	KR3e0070_WYG_014-36a
015.md	571	KR3e0070_WYG_014-36b
015.md	579	KR3e0070_WYG_014-37a
015.md	587	KR3e0070_WYG_014-37b
015.md	595	KR3e0070_WYG_014-38a
015.md	603	KR3e0070_WYG_014-38b
015.md	611	KR3e0070_WYG_014-39a
015.md	619	KR3e0070_WYG_014-39b
015.md	627	KR3e0070_WYG_014-40a
015.md	635	KR3e0070_WYG_014-40b
015.md	643	KR3e0070_WYG_014-41a
015.md	651	KR3e0070_WYG_014-41b
015.md	659	KR3e0070_WYG_014-42a
015.md	667	KR3e0070_WYG_014-42b
015.md	675	KR3e0070_WYG_014-43a
015.md	683	KR3e0070_WYG_014-43b
015.md	691	KR3e0070_WYG_014-44a
015.md	699	KR3e0070_WYG_014-44b
015.md	707	KR3e0070_WYG_014-45a
015.md	715	KR3e0070_WYG_014-45b
015.md	723	KR3e0070_WYG_014-46a
015.md	731	KR3e0070_WYG_014-46b
015.md	739	KR3e0070_WYG_014-47a
015.md	747	KR3e0070_WYG_014-47b
015.md	755	KR3e0070_WYG_014-48a
015.md	763	KR3e0070_WYG_014-48b
015.md	771	KR3e0070_WYG_014-49a
015.md	779	KR3e0070_WYG_014-49b
015.md	787	KR3e0070_WYG_014-50a
015.md	795	KR3e0070_WYG_014-50b
016.md	3	KR3e0070_WYG_015-1a
016.md	11	KR3e0070_WYG_015-1b
016.md	19	KR3e0070_WYG_015-2a
016.md	27	KR3e0070_WYG_015-2b
016.md	35	KR3e0070_WYG_015-3a
016.md	43	KR3e0070_WYG_015-3b
016.md	51	KR3e0070_WYG_015-4a
016.md	59	KR3e0070_WYG_015-4b
016.md	67	KR3e0070_WYG_015-5a
016.md	75	KR3e0070_WYG_015-5b
016.md	83	KR3e0070_WYG_015-6a
016.md	91	KR3e0070_WYG_015-6b
016.md	99	KR3e0070_WYG_015-7a
016.md	107	KR3e0070_WYG_015-7b
016.md	115	KR3e0070_WYG_015-8a
016.md	123	KR3e0070_WYG_015-8b
016.md	131	KR3e0070_WYG_015-9a
016.md	139	KR3e0070_WYG_015-9b
016.md	147	KR3e0070_WYG_015-10a
016.md	155	KR3e0070_WYG_015-10b
016.md	163	KR3e0070_WYG_015-11a
016.md	171	KR3e0070_WYG_015-11b
016.md	179	KR3e0070_WYG_015-12a
016.md	187	KR3e0070_WYG_015-12b
016.md	195	KR3e0070_WYG_015-13a
016.md	203	KR3e0070_WYG_015-13b
016.md	211	KR3e0070_WYG_015-14a
016.md	219	KR3e0070_WYG_015-14b
016.md	227	KR3e0070_WYG_015-15a
016.md	235	KR3e0070_WYG_015-15b
016.md	243	KR3e0070_WYG_015-16a
016.md	251	KR3e0070_WYG_015-16b
016.md	259	KR3e0070_WYG_015-17a
016.md	267	KR3e0070_WYG_015-17b
016.md	275	KR3e0070_WYG_015-18a
016.md	283	KR3e0070_WYG_015-18b
016.md	291	KR3e0070_WYG_015-19a
016.md	299	KR3e0070_WYG_015-19b
016.md	307	KR3e0070_WYG_015-20a
016.md	315	KR3e0070_WYG_015-20b
016.md	323	KR3e0070_WYG_015-21a
016.md	331	KR3e0070_WYG_015-21b
016.md	339	KR3e0070_WYG_015-22a
016.md	347	KR3e0070_WYG_015-22b
016.md	355	KR3e0070_WYG_015-23a
016.md	363	KR3e0070_WYG_015-23b
016.md	371	KR3e0070_WYG_015-24a
016.md	379	KR3e0070_WYG_015-24b
016.md	387	KR3e0070_WYG_015-25a
016.md	395	KR3e0070_WYG_015-25b
016.md	403	KR3e0070_WYG_015-26a
016.md	411	KR3e0070_WYG_015-26b
016.md	419	KR3e0070_WYG_015-27a
016.md	427	KR3e0070_WYG_015-27b
016.md	435	KR3e0070_WYG_015-28a
016.md	443	KR3e0070_WYG_015-28b
016.md	451	KR3e0070_WYG_015-29a
016.md	459	KR3e0070_WYG_015-29b
016.md	467	KR3e0070_WYG_015-30a
016.md	475	KR3e0070_WYG_015-30b
016.md	483	KR3e0070_WYG_015-31a
016.md	491	KR3e0070_WYG_015-31b
016.md	499	KR3e0070_WYG_015-32a
016.md	507	KR3e0070_WYG_015-32b
016.md	515	KR3e0070_WYG_015-33a
016.md	523	KR3e0070_WYG_015-33b
016.md	531	KR3e0070_WYG_015-34a
016.md	539	KR3e0070_WYG_015-34b
016.md	547	KR3e0070_WYG_015-35a
016.md	555	KR3e0070_WYG_015-35b
016.md	563	KR3e0070_WYG_015-36a
016.md	571	KR3e0070_WYG_015-36b
016.md	579	KR3e0070_WYG_015-37a
016.md	587	KR3e0070_WYG_015-37b
016.md	595	KR3e0070_WYG_015-38a
016.md	603	KR3e0070_WYG_015-38b
016.md	611	KR3e0070_WYG_015-39a
016.md	619	KR3e0070_WYG_015-39b
016.md	627	KR3e0070_WYG_015-40a
016.md	635	KR3e0070_WYG_015-40b
016.md	643	KR3e0070_WYG_015-41a
016.md	651	KR3e0070_WYG_015-41b
016.md	659	KR3e0070_WYG_015-42a
016.md	667	KR3e0070_WYG_015-42b
016.md	675	KR3e0070_WYG_015-43a
016.md	683	KR3e0070_WYG_015-43b
016.md	691	KR3e0070_WYG_015-44a
016.md	699	KR3e0070_WYG_015-44b
016.md	707	KR3e0070_WYG_015-45a
016.md	715	KR3e0070_WYG_015-45b
016.md	723	KR3e0070_WYG_015-46a
016.md	731	KR3e0070_WYG_015-46b
016.md	739	KR3e0070_WYG_015-47a
016.md	747	KR3e0070_WYG_015-47b
016.md	755	KR3e0070_WYG_015-48a
016.md	763	KR3e0070_WYG_015-48b
016.md	771	KR3e0070_WYG_015-49a
016.md	779	KR3e0070_WYG_015-49b
016.md	787	KR3e0070_WYG_015-50a
016.md	795	KR3e0070_WYG_015-50b
016.md	803	KR3e0070_WYG_015-51a
016.md	811	KR3e0070_WYG_015-51b
016.md	819	KR3e0070_WYG_015-52a
016.md	827	KR3e0070_WYG_015-52b
016.md	835	KR3e0070_WYG_015-53a
016.md	843	KR3e0070_WYG_015-53b
016.md	851	KR3e0070_WYG_015-54a
016.md	859	KR3e0070_WYG_015-54b
016.md	867	KR3e0070_WYG_015-55a
016.md	875	KR3e0070_WYG_015-55b
017.md	3	KR3e0070_WYG_016-1a
017.md	11	KR3e0070_WYG_016-1b
017.md	19	KR3e0070_WYG_016-2a
017.md	27	KR3e0070_WYG_016-2b
017.md	35	KR3e0070_WYG_016-3a
017.md	43	KR3e0070_WYG_016-3b
017.md	51	KR3e0070_WYG_016-4a
017.md	59	KR3e0070_WYG_016-4b
017.md	67	KR3e0070_WYG_016-5a
017.md	75	KR3e0070_WYG_016-5b
017.md	83	KR3e0070_WYG_016-6a
017.md	91	KR3e0070_WYG_016-6b
017.md	99	KR3e0070_WYG_016-7a
017.md	107	KR3e0070_WYG_016-7b
017.md	115	KR3e0070_WYG_016-8a
017.md	123	KR3e0070_WYG_016-8b
017.md	131	KR3e0070_WYG_016-9a
017.md	139	KR3e0070_WYG_016-9b
017.md	147	KR3e0070_WYG_016-10a
017.md	155	KR3e0070_WYG_016-10b
017.md	163	KR3e0070_WYG_016-11a
017.md	171	KR3e0070_WYG_016-11b
017.md	179	KR3e0070_WYG_016-12a
017.md	187	KR3e0070_WYG_016-12b
017.md	195	KR3e0070_WYG_016-13a
017.md	203	KR3e0070_WYG_016-13b
017.md	211	KR3e0070_WYG_016-14a
017.md	219	KR3e0070_WYG_016-14b
017.md	227	KR3e0070_WYG_016-15a
017.md	235	KR3e0070_WYG_016-15b
017.md	243	KR3e0070_WYG_016-16a
017.md	251	KR3e0070_WYG_016-16b
017.md	259	KR3e0070_WYG_016-17a
017.md	267	KR3e0070_WYG_016-17b
017.md	275	KR3e0070_WYG_016-18a
017.md	283	KR3e0070_WYG_016-18b
017.md	291	KR3e0070_WYG_016-19a
017.md	299	KR3e0070_WYG_016-19b
017.md	307	KR3e0070_WYG_016-20a
017.md	315	KR3e0070_WYG_016-20b
017.md	323	KR3e0070_WYG_016-21a
017.md	331	KR3e0070_WYG_016-21b
017.md	339	KR3e0070_WYG_016-22a
017.md	347	KR3e0070_WYG_016-22b
017.md	355	KR3e0070_WYG_016-23a
017.md	363	KR3e0070_WYG_016-23b
017.md	371	KR3e0070_WYG_016-24a
017.md	379	KR3e0070_WYG_016-24b
017.md	387	KR3e0070_WYG_016-25a
017.md	395	KR3e0070_WYG_016-25b
017.md	403	KR3e0070_WYG_016-26a
017.md	411	KR3e0070_WYG_016-26b
017.md	419	KR3e0070_WYG_016-27a
017.md	427	KR3e0070_WYG_016-27b
017.md	435	KR3e0070_WYG_016-28a
017.md	443	KR3e0070_WYG_016-28b
017.md	451	KR3e0070_WYG_016-29a
017.md	459	KR3e0070_WYG_016-29b
017.md	467	KR3e0070_WYG_016-30a
017.md	475	KR3e0070_WYG_016-30b
017.md	483	KR3e0070_WYG_016-31a
017.md	491	KR3e0070_WYG_016-31b
017.md	499	KR3e0070_WYG_016-32a
017.md	507	KR3e0070_WYG_016-32b
017.md	515	KR3e0070_WYG_016-33a
017.md	523	KR3e0070_WYG_016-33b
017.md	531	KR3e0070_WYG_016-34a
017.md	539	KR3e0070_WYG_016-34b
017.md	547	KR3e0070_WYG_016-35a
017.md	555	KR3e0070_WYG_016-35b
017.md	563	KR3e0070_WYG_016-36a
017.md	571	KR3e0070_WYG_016-36b
017.md	579	KR3e0070_WYG_016-37a
017.md	587	KR3e0070_WYG_016-37b
017.md	595	KR3e0070_WYG_016-38a
017.md	603	KR3e0070_WYG_016-38b
017.md	611	KR3e0070_WYG_016-39a
017.md	619	KR3e0070_WYG_016-39b
017.md	627	KR3e0070_WYG_016-40a
017.md	635	KR3e0070_WYG_016-40b
017.md	643	KR3e0070_WYG_016-41a
017.md	651	KR3e0070_WYG_016-41b
017.md	659	KR3e0070_WYG_016-42a
017.md	667	KR3e0070_WYG_016-42b
017.md	675	KR3e0070_WYG_016-43a
017.md	683	KR3e0070_WYG_016-43b
017.md	691	KR3e0070_WYG_016-44a
017.md	699	KR3e0070_WYG_016-44b
017.md	707	KR3e0070_WYG_016-45a
017.md	715	KR3e0070_WYG_016-45b
017.md	723	KR3e0070_WYG_016-46a
017.md	731	KR3e0070_WYG_016-46b
017.md	739	KR3e0070_WYG_016-47a
017.md	747	KR3e0070_WYG_016-47b
017.md	755	KR3e0070_WYG_016-48a
017.md	763	KR3e0070_WYG_016-48b
017.md	771	KR3e0070_WYG_016-49a
017.md	779	KR3e0070_WYG_016-49b
017.md	787	KR3e0070_WYG_016-50a
017.md	795	KR3e0070_WYG_016-50b
017.md	803	KR3e0070_WYG_016-51a
017.md	811	KR3e0070_WYG_016-51b
017.md	818	KR3e0070_WYG_016-52a
017.md	826	KR3e0070_WYG_016-52b
017.md	834	KR3e0070_WYG_016-53a
017.md	842	KR3e0070_WYG_016-53b
018.md	3	KR3e0070_WYG_017-1a
018.md	11	KR3e0070_WYG_017-1b
018.md	19	KR3e0070_WYG_017-2a
018.md	27	KR3e0070_WYG_017-2b
018.md	35	KR3e0070_WYG_017-3a
018.md	43	KR3e0070_WYG_017-3b
018.md	51	KR3e0070_WYG_017-4a
018.md	59	KR3e0070_WYG_017-4b
018.md	67	KR3e0070_WYG_017-5a
018.md	75	KR3e0070_WYG_017-5b
018.md	83	KR3e0070_WYG_017-6a
018.md	91	KR3e0070_WYG_017-6b
018.md	99	KR3e0070_WYG_017-7a
018.md	107	KR3e0070_WYG_017-7b
018.md	115	KR3e0070_WYG_017-8a
018.md	123	KR3e0070_WYG_017-8b
018.md	131	KR3e0070_WYG_017-9a
018.md	139	KR3e0070_WYG_017-9b
018.md	147	KR3e0070_WYG_017-10a
018.md	155	KR3e0070_WYG_017-10b
018.md	163	KR3e0070_WYG_017-11a
018.md	171	KR3e0070_WYG_017-11b
018.md	179	KR3e0070_WYG_017-12a
018.md	187	KR3e0070_WYG_017-12b
018.md	195	KR3e0070_WYG_017-13a
018.md	203	KR3e0070_WYG_017-13b
018.md	211	KR3e0070_WYG_017-14a
018.md	219	KR3e0070_WYG_017-14b
018.md	227	KR3e0070_WYG_017-15a
018.md	235	KR3e0070_WYG_017-15b
018.md	243	KR3e0070_WYG_017-16a
018.md	251	KR3e0070_WYG_017-16b
018.md	259	KR3e0070_WYG_017-17a
018.md	267	KR3e0070_WYG_017-17b
018.md	275	KR3e0070_WYG_017-18a
018.md	283	KR3e0070_WYG_017-18b
018.md	291	KR3e0070_WYG_017-19a
018.md	299	KR3e0070_WYG_017-19b
018.md	307	KR3e0070_WYG_017-20a
018.md	315	KR3e0070_WYG_017-20b
018.md	323	KR3e0070_WYG_017-21a
018.md	331	KR3e0070_WYG_017-21b
018.md	339	KR3e0070_WYG_017-22a
018.md	347	KR3e0070_WYG_017-22b
018.md	355	KR3e0070_WYG_017-23a
018.md	363	KR3e0070_WYG_017-23b
018.md	371	KR3e0070_WYG_017-24a
018.md	379	KR3e0070_WYG_017-24b
018.md	387	KR3e0070_WYG_017-25a
018.md	395	KR3e0070_WYG_017-25b
018.md	403	KR3e0070_WYG_017-26a
018.md	411	KR3e0070_WYG_017-26b
018.md	419	KR3e0070_WYG_017-27a
018.md	427	KR3e0070_WYG_017-27b
018.md	435	KR3e0070_WYG_017-28a
018.md	443	KR3e0070_WYG_017-28b
018.md	451	KR3e0070_WYG_017-29a
018.md	459	KR3e0070_WYG_017-29b
018.md	467	KR3e0070_WYG_017-30a
018.md	475	KR3e0070_WYG_017-30b
018.md	483	KR3e0070_WYG_017-31a
018.md	491	KR3e0070_WYG_017-31b
018.md	499	KR3e0070_WYG_017-32a
018.md	507	KR3e0070_WYG_017-32b
018.md	515	KR3e0070_WYG_017-33a
018.md	523	KR3e0070_WYG_017-33b
018.md	531	KR3e0070_WYG_017-34a
018.md	539	KR3e0070_WYG_017-34b
018.md	547	KR3e0070_WYG_017-35a
018.md	555	KR3e0070_WYG_017-35b
018.md	563	KR3e0070_WYG_017-36a
018.md	571	KR3e0070_WYG_017-36b
018.md	579	KR3e0070_WYG_017-37a
018.md	587	KR3e0070_WYG_017-37b
018.md	595	KR3e0070_WYG_017-38a
018.md	603	KR3e0070_WYG_017-38b
018.md	611	KR3e0070_WYG_017-39a
018.md	619	KR3e0070_WYG_017-39b
019.md	3	KR3e0070_WYG_018-1a
019.md	11	KR3e0070_WYG_018-1b
019.md	19	KR3e0070_WYG_018-2a
019.md	27	KR3e0070_WYG_018-2b
019.md	35	KR3e0070_WYG_018-3a
019.md	43	KR3e0070_WYG_018-3b
019.md	51	KR3e0070_WYG_018-4a
019.md	59	KR3e0070_WYG_018-4b
019.md	67	KR3e0070_WYG_018-5a
019.md	75	KR3e0070_WYG_018-5b
019.md	83	KR3e0070_WYG_018-6a
019.md	91	KR3e0070_WYG_018-6b
019.md	99	KR3e0070_WYG_018-7a
019.md	107	KR3e0070_WYG_018-7b
019.md	115	KR3e0070_WYG_018-8a
019.md	123	KR3e0070_WYG_018-8b
019.md	131	KR3e0070_WYG_018-9a
019.md	139	KR3e0070_WYG_018-9b
019.md	147	KR3e0070_WYG_018-10a
019.md	155	KR3e0070_WYG_018-10b
019.md	163	KR3e0070_WYG_018-11a
019.md	171	KR3e0070_WYG_018-11b
019.md	179	KR3e0070_WYG_018-12a
019.md	187	KR3e0070_WYG_018-12b
019.md	195	KR3e0070_WYG_018-13a
019.md	203	KR3e0070_WYG_018-13b
019.md	211	KR3e0070_WYG_018-14a
019.md	219	KR3e0070_WYG_018-14b
019.md	227	KR3e0070_WYG_018-15a
019.md	235	KR3e0070_WYG_018-15b
019.md	243	KR3e0070_WYG_018-16a
019.md	251	KR3e0070_WYG_018-16b
019.md	259	KR3e0070_WYG_018-17a
019.md	267	KR3e0070_WYG_018-17b
019.md	275	KR3e0070_WYG_018-18a
019.md	283	KR3e0070_WYG_018-18b
019.md	291	KR3e0070_WYG_018-19a
019.md	299	KR3e0070_WYG_018-19b
019.md	307	KR3e0070_WYG_018-20a
019.md	315	KR3e0070_WYG_018-20b
019.md	323	KR3e0070_WYG_018-21a
019.md	331	KR3e0070_WYG_018-21b
019.md	339	KR3e0070_WYG_018-22a
019.md	347	KR3e0070_WYG_018-22b
019.md	355	KR3e0070_WYG_018-23a
019.md	363	KR3e0070_WYG_018-23b
019.md	371	KR3e0070_WYG_018-24a
019.md	379	KR3e0070_WYG_018-24b
020.md	3	KR3e0070_WYG_019-1a
020.md	11	KR3e0070_WYG_019-1b
020.md	19	KR3e0070_WYG_019-2a
020.md	27	KR3e0070_WYG_019-2b
020.md	35	KR3e0070_WYG_019-3a
020.md	43	KR3e0070_WYG_019-3b
020.md	51	KR3e0070_WYG_019-4a
020.md	59	KR3e0070_WYG_019-4b
020.md	67	KR3e0070_WYG_019-5a
020.md	75	KR3e0070_WYG_019-5b
020.md	83	KR3e0070_WYG_019-6a
020.md	91	KR3e0070_WYG_019-6b
020.md	99	KR3e0070_WYG_019-7a
020.md	107	KR3e0070_WYG_019-7b
020.md	115	KR3e0070_WYG_019-8a
020.md	123	KR3e0070_WYG_019-8b
020.md	131	KR3e0070_WYG_019-9a
020.md	139	KR3e0070_WYG_019-9b
020.md	147	KR3e0070_WYG_019-10a
020.md	155	KR3e0070_WYG_019-10b
020.md	163	KR3e0070_WYG_019-11a
020.md	171	KR3e0070_WYG_019-11b
020.md	179	KR3e0070_WYG_019-12a
020.md	187	KR3e0070_WYG_019-12b
020.md	195	KR3e0070_WYG_019-13a
020.md	203	KR3e0070_WYG_019-13b
020.md	211	KR3e0070_WYG_019-14a
020.md	219	KR3e0070_WYG_019-14b
020.md	227	KR3e0070_WYG_019-15a
020.md	235	KR3e0070_WYG_019-15b
020.md	243	KR3e0070_WYG_019-16a
020.md	251	KR3e0070_WYG_019-16b
020.md	259	KR3e0070_WYG_019-17a
020.md	267	KR3e0070_WYG_019-17b
020.md	275	KR3e0070_WYG_019-18a
020.md	283	KR3e0070_WYG_019-18b
020.md	291	KR3e0070_WYG_019-19a
020.md	299	KR3e0070_WYG_019-19b
020.md	307	KR3e0070_WYG_019-20a
020.md	315	KR3e0070_WYG_019-20b
020.md	323	KR3e0070_WYG_019-21a
020.md	331	KR3e0070_WYG_019-21b
020.md	339	KR3e0070_WYG_019-22a
020.md	347	KR3e0070_WYG_019-22b
020.md	355	KR3e0070_WYG_019-23a
020.md	363	KR3e0070_WYG_019-23b
020.md	371	KR3e0070_WYG_019-24a
020.md	379	KR3e0070_WYG_019-24b
020.md	387	KR3e0070_WYG_019-25a
020.md	395	KR3e0070_WYG_019-25b
020.md	403	KR3e0070_WYG_019-26a
020.md	411	KR3e0070_WYG_019-26b
020.md	419	KR3e0070_WYG_019-27a
020.md	427	KR3e0070_WYG_019-27b
020.md	435	KR3e0070_WYG_019-28a
020.md	443	KR3e0070_WYG_019-28b
020.md	451	KR3e0070_WYG_019-29a
020.md	459	KR3e0070_WYG_019-29b
020.md	467	KR3e0070_WYG_019-30a
020.md	475	KR3e0070_WYG_019-30b
020.md	483	KR3e0070_WYG_019-31a
020.md	491	KR3e0070_WYG_019-31b
020.md	499	KR3e0070_WYG_019-32a
020.md	507	KR3e0070_WYG_019-32b
020.md	515	KR3e0070_WYG_019-33a
020.md	523	KR3e0070_WYG_019-33b
020.md	531	KR3e0070_WYG_019-34a
020.md	539	KR3e0070_WYG_019-34b
020.md	547	KR3e0070_WYG_019-35a
020.md	555	KR3e0070_WYG_019-35b
021.md	3	KR3e0070_WYG_020-1a
021.md	11	KR3e0070_WYG_020-1b
021.md	19	KR3e0070_WYG_020-2a
021.md	27	KR3e0070_WYG_020-2b
021.md	35	KR3e0070_WYG_020-3a
021.md	43	KR3e0070_WYG_020-3b
021.md	51	KR3e0070_WYG_020-4a
021.md	59	KR3e0070_WYG_020-4b
021.md	67	KR3e0070_WYG_020-5a
021.md	75	KR3e0070_WYG_020-5b
021.md	83	KR3e0070_WYG_020-6a
021.md	91	KR3e0070_WYG_020-6b
021.md	99	KR3e0070_WYG_020-7a
021.md	107	KR3e0070_WYG_020-7b
021.md	115	KR3e0070_WYG_020-8a
021.md	123	KR3e0070_WYG_020-8b
021.md	131	KR3e0070_WYG_020-9a
021.md	139	KR3e0070_WYG_020-9b
021.md	147	KR3e0070_WYG_020-10a
021.md	155	KR3e0070_WYG_020-10b
021.md	163	KR3e0070_WYG_020-11a
021.md	171	KR3e0070_WYG_020-11b
021.md	179	KR3e0070_WYG_020-12a
021.md	187	KR3e0070_WYG_020-12b
021.md	195	KR3e0070_WYG_020-13a
021.md	203	KR3e0070_WYG_020-13b
021.md	211	KR3e0070_WYG_020-14a
021.md	219	KR3e0070_WYG_020-14b
021.md	227	KR3e0070_WYG_020-15a
021.md	235	KR3e0070_WYG_020-15b
021.md	243	KR3e0070_WYG_020-16a
021.md	251	KR3e0070_WYG_020-16b
021.md	259	KR3e0070_WYG_020-17a
021.md	267	KR3e0070_WYG_020-17b
021.md	275	KR3e0070_WYG_020-18a
021.md	283	KR3e0070_WYG_020-18b
021.md	291	KR3e0070_WYG_020-19a
021.md	299	KR3e0070_WYG_020-19b
021.md	307	KR3e0070_WYG_020-20a
021.md	315	KR3e0070_WYG_020-20b
021.md	323	KR3e0070_WYG_020-21a
021.md	331	KR3e0070_WYG_020-21b
021.md	339	KR3e0070_WYG_020-22a
021.md	347	KR3e0070_WYG_020-22b
021.md	355	KR3e0070_WYG_020-23a
021.md	363	KR3e0070_WYG_020-23b
021.md	371	KR3e0070_WYG_020-24a
021.md	379	KR3e0070_WYG_020-24b
021.md	387	KR3e0070_WYG_020-25a
021.md	395	KR3e0070_WYG_020-25b
021.md	403	KR3e0070_WYG_020-26a
021.md	411	KR3e0070_WYG_020-26b
021.md	419	KR3e0070_WYG_020-27a
021.md	427	KR3e0070_WYG_020-27b
021.md	435	KR3e0070_WYG_020-28a
021.md	443	KR3e0070_WYG_020-28b
021.md	451	KR3e0070_WYG_020-29a
021.md	459	KR3e0070_WYG_020-29b
021.md	467	KR3e0070_WYG_020-30a
021.md	475	KR3e0070_WYG_020-30b
021.md	483	KR3e0070_WYG_020-31a
021.md	491	KR3e0070_WYG_020-31b
021.md	499	KR3e0070_WYG_020-32a
021.md	507	KR3e0070_WYG_020-32b
021.md	515	KR3e0070_WYG_020-33a
021.md	523	KR3e0070_WYG_020-33b
021.md	531	KR3e0070_WYG_020-34a
021.md	539	KR3e0070_WYG_020-34b
021.md	547	KR3e0070_WYG_020-35a
021.md	555	KR3e0070_WYG_020-35b
021.md	563	KR3e0070_WYG_020-36a
021.md	571	KR3e0070_WYG_020-36b
021.md	579	KR3e0070_WYG_020-37a
021.md	587	KR3e0070_WYG_020-37b
021.md	595	KR3e0070_WYG_020-38a
021.md	603	KR3e0070_WYG_020-38b
021.md	611	KR3e0070_WYG_020-39a
021.md	619	KR3e0070_WYG_020-39b
021.md	627	KR3e0070_WYG_020-40a
021.md	635	KR3e0070_WYG_020-40b
021.md	643	KR3e0070_WYG_020-41a
021.md	651	KR3e0070_WYG_020-41b
021.md	659	KR3e0070_WYG_020-42a
021.md	667	KR3e0070_WYG_020-42b
021.md	675	KR3e0070_WYG_020-43a
021.md	683	KR3e0070_WYG_020-43b
021.md	691	KR3e0070_WYG_020-44a
021.md	699	KR3e0070_WYG_020-44b
021.md	707	KR3e0070_WYG_020-45a
021.md	715	KR3e0070_WYG_020-45b
021.md	723	KR3e0070_WYG_020-46a
021.md	731	KR3e0070_WYG_020-46b
021.md	739	KR3e0070_WYG_020-47a
021.md	747	KR3e0070_WYG_020-47b
021.md	755	KR3e0070_WYG_020-48a
021.md	763	KR3e0070_WYG_020-48b
021.md	771	KR3e0070_WYG_020-49a
021.md	779	KR3e0070_WYG_020-49b
021.md	787	KR3e0070_WYG_020-50a
021.md	795	KR3e0070_WYG_020-50b
021.md	803	KR3e0070_WYG_020-51a
021.md	811	KR3e0070_WYG_020-51b
021.md	819	KR3e0070_WYG_020-52a
021.md	827	KR3e0070_WYG_020-52b
021.md	835	KR3e0070_WYG_020-53a
021.md	843	KR3e0070_WYG_020-53b
021.md	851	KR3e0070_WYG_020-54a
021.md	859	KR3e0070_WYG_020-54b
021.md	867	KR3e0070_WYG_020-55a
021.md	875	KR3e0070_WYG_020-55b
021.md	883	KR3e0070_WYG_020-56a
021.md	891	KR3e0070_WYG_020-56b
021.md	899	KR3e0070_WYG_020-57a
021.md	907	KR3e0070_WYG_020-57b
021.md	915	KR3e0070_WYG_020-58a
021.md	923	KR3e0070_WYG_020-58b
021.md	931	KR3e0070_WYG_020-59a
021.md	939	KR3e0070_WYG_020-59b
022.md	3	KR3e0070_WYG_021-1a
022.md	11	KR3e0070_WYG_021-1b
022.md	19	KR3e0070_WYG_021-2a
022.md	27	KR3e0070_WYG_021-2b
022.md	35	KR3e0070_WYG_021-3a
022.md	43	KR3e0070_WYG_021-3b
022.md	51	KR3e0070_WYG_021-4a
022.md	59	KR3e0070_WYG_021-4b
022.md	67	KR3e0070_WYG_021-5a
022.md	75	KR3e0070_WYG_021-5b
022.md	83	KR3e0070_WYG_021-6a
022.md	91	KR3e0070_WYG_021-6b
022.md	99	KR3e0070_WYG_021-7a
022.md	107	KR3e0070_WYG_021-7b
022.md	115	KR3e0070_WYG_021-8a
022.md	123	KR3e0070_WYG_021-8b
022.md	131	KR3e0070_WYG_021-9a
022.md	139	KR3e0070_WYG_021-9b
022.md	147	KR3e0070_WYG_021-10a
022.md	155	KR3e0070_WYG_021-10b
022.md	163	KR3e0070_WYG_021-11a
022.md	171	KR3e0070_WYG_021-11b
022.md	179	KR3e0070_WYG_021-12a
022.md	187	KR3e0070_WYG_021-12b
022.md	195	KR3e0070_WYG_021-13a
022.md	203	KR3e0070_WYG_021-13b
022.md	211	KR3e0070_WYG_021-14a
022.md	219	KR3e0070_WYG_021-14b
022.md	227	KR3e0070_WYG_021-15a
022.md	235	KR3e0070_WYG_021-15b
022.md	243	KR3e0070_WYG_021-16a
022.md	251	KR3e0070_WYG_021-16b
022.md	259	KR3e0070_WYG_021-17a
022.md	267	KR3e0070_WYG_021-17b
022.md	275	KR3e0070_WYG_021-18a
022.md	283	KR3e0070_WYG_021-18b
022.md	291	KR3e0070_WYG_021-19a
022.md	299	KR3e0070_WYG_021-19b
022.md	307	KR3e0070_WYG_021-20a
022.md	315	KR3e0070_WYG_021-20b
022.md	323	KR3e0070_WYG_021-21a
022.md	331	KR3e0070_WYG_021-21b
022.md	339	KR3e0070_WYG_021-22a
022.md	347	KR3e0070_WYG_021-22b
022.md	355	KR3e0070_WYG_021-23a
022.md	363	KR3e0070_WYG_021-23b
022.md	371	KR3e0070_WYG_021-24a
022.md	379	KR3e0070_WYG_021-24b
022.md	387	KR3e0070_WYG_021-25a
022.md	395	KR3e0070_WYG_021-25b
022.md	403	KR3e0070_WYG_021-26a
022.md	411	KR3e0070_WYG_021-26b
022.md	419	KR3e0070_WYG_021-27a
022.md	427	KR3e0070_WYG_021-27b
022.md	435	KR3e0070_WYG_021-28a
022.md	443	KR3e0070_WYG_021-28b
022.md	451	KR3e0070_WYG_021-29a
022.md	459	KR3e0070_WYG_021-29b
022.md	467	KR3e0070_WYG_021-30a
022.md	475	KR3e0070_WYG_021-30b
022.md	483	KR3e0070_WYG_021-31a
022.md	491	KR3e0070_WYG_021-31b
022.md	499	KR3e0070_WYG_021-32a
022.md	507	KR3e0070_WYG_021-32b
022.md	515	KR3e0070_WYG_021-33a
022.md	523	KR3e0070_WYG_021-33b
022.md	531	KR3e0070_WYG_021-34a
022.md	539	KR3e0070_WYG_021-34b
022.md	547	KR3e0070_WYG_021-35a
022.md	555	KR3e0070_WYG_021-35b
022.md	563	KR3e0070_WYG_021-36a
022.md	571	KR3e0070_WYG_021-36b
022.md	579	KR3e0070_WYG_021-37a
022.md	587	KR3e0070_WYG_021-37b
022.md	595	KR3e0070_WYG_021-38a
022.md	603	KR3e0070_WYG_021-38b
022.md	611	KR3e0070_WYG_021-39a
022.md	619	KR3e0070_WYG_021-39b
022.md	627	KR3e0070_WYG_021-40a
022.md	635	KR3e0070_WYG_021-40b
022.md	643	KR3e0070_WYG_021-41a
022.md	651	KR3e0070_WYG_021-41b
022.md	659	KR3e0070_WYG_021-42a
022.md	667	KR3e0070_WYG_021-42b
022.md	675	KR3e0070_WYG_021-43a
022.md	683	KR3e0070_WYG_021-43b
022.md	691	KR3e0070_WYG_021-44a
022.md	699	KR3e0070_WYG_021-44b
022.md	707	KR3e0070_WYG_021-45a
022.md	715	KR3e0070_WYG_021-45b
022.md	723	KR3e0070_WYG_021-46a
022.md	731	KR3e0070_WYG_021-46b
022.md	739	KR3e0070_WYG_021-47a
022.md	747	KR3e0070_WYG_021-47b
022.md	755	KR3e0070_WYG_021-48a
022.md	763	KR3e0070_WYG_021-48b
022.md	771	KR3e0070_WYG_021-49a
022.md	779	KR3e0070_WYG_021-49b
022.md	787	KR3e0070_WYG_021-50a
022.md	795	KR3e0070_WYG_021-50b
022.md	803	KR3e0070_WYG_021-51a
022.md	811	KR3e0070_WYG_021-51b
022.md	819	KR3e0070_WYG_021-52a
022.md	827	KR3e0070_WYG_021-52b
023.md	3	KR3e0070_WYG_022-1a
023.md	11	KR3e0070_WYG_022-1b
023.md	19	KR3e0070_WYG_022-2a
023.md	27	KR3e0070_WYG_022-2b
023.md	35	KR3e0070_WYG_022-3a
023.md	43	KR3e0070_WYG_022-3b
023.md	51	KR3e0070_WYG_022-4a
023.md	59	KR3e0070_WYG_022-4b
023.md	67	KR3e0070_WYG_022-5a
023.md	75	KR3e0070_WYG_022-5b
023.md	83	KR3e0070_WYG_022-6a
023.md	91	KR3e0070_WYG_022-6b
023.md	99	KR3e0070_WYG_022-7a
023.md	107	KR3e0070_WYG_022-7b
023.md	115	KR3e0070_WYG_022-8a
023.md	123	KR3e0070_WYG_022-8b
023.md	131	KR3e0070_WYG_022-9a
023.md	139	KR3e0070_WYG_022-9b
023.md	147	KR3e0070_WYG_022-10a
023.md	155	KR3e0070_WYG_022-10b
023.md	163	KR3e0070_WYG_022-11a
023.md	171	KR3e0070_WYG_022-11b
023.md	179	KR3e0070_WYG_022-12a
023.md	187	KR3e0070_WYG_022-12b
023.md	195	KR3e0070_WYG_022-13a
023.md	203	KR3e0070_WYG_022-13b
023.md	211	KR3e0070_WYG_022-14a
023.md	219	KR3e0070_WYG_022-14b
023.md	227	KR3e0070_WYG_022-15a
023.md	235	KR3e0070_WYG_022-15b
023.md	243	KR3e0070_WYG_022-16a
023.md	251	KR3e0070_WYG_022-16b
023.md	259	KR3e0070_WYG_022-17a
023.md	267	KR3e0070_WYG_022-17b
023.md	275	KR3e0070_WYG_022-18a
023.md	283	KR3e0070_WYG_022-18b
023.md	291	KR3e0070_WYG_022-19a
023.md	299	KR3e0070_WYG_022-19b
023.md	307	KR3e0070_WYG_022-20a
023.md	315	KR3e0070_WYG_022-20b
023.md	323	KR3e0070_WYG_022-21a
023.md	331	KR3e0070_WYG_022-21b
023.md	339	KR3e0070_WYG_022-22a
023.md	347	KR3e0070_WYG_022-22b
023.md	355	KR3e0070_WYG_022-23a
023.md	363	KR3e0070_WYG_022-23b
023.md	371	KR3e0070_WYG_022-24a
023.md	379	KR3e0070_WYG_022-24b
023.md	387	KR3e0070_WYG_022-25a
023.md	395	KR3e0070_WYG_022-25b
023.md	403	KR3e0070_WYG_022-26a
023.md	411	KR3e0070_WYG_022-26b
023.md	419	KR3e0070_WYG_022-27a
023.md	427	KR3e0070_WYG_022-27b
023.md	435	KR3e0070_WYG_022-28a
023.md	443	KR3e0070_WYG_022-28b
023.md	451	KR3e0070_WYG_022-29a
023.md	459	KR3e0070_WYG_022-29b
023.md	467	KR3e0070_WYG_022-30a
023.md	475	KR3e0070_WYG_022-30b
023.md	483	KR3e0070_WYG_022-31a
023.md	491	KR3e0070_WYG_022-31b
023.md	499	KR3e0070_WYG_022-32a
023.md	507	KR3e0070_WYG_022-32b
023.md	515	KR3e0070_WYG_022-33a
023.md	523	KR3e0070_WYG_022-33b
023.md	531	KR3e0070_WYG_022-34a
023.md	539	KR3e0070_WYG_022-34b
023.md	547	KR3e0070_WYG_022-35a
023.md	555	KR3e0070_WYG_022-35b
023.md	563	KR3e0070_WYG_022-36a
023.md	571	KR3e0070_WYG_022-36b
023.md	579	KR3e0070_WYG_022-37a
023.md	587	KR3e0070_WYG_022-37b
023.md	595	KR3e0070_WYG_022-38a
023.md	603	KR3e0070_WYG_022-38b
023.md	611	KR3e0070_WYG_022-39a
023.md	619	KR3e0070_WYG_022-39b
023.md	627	KR3e0070_WYG_022-40a
023.md	635	KR3e0070_WYG_022-40b
023.md	643	KR3e0070_WYG_022-41a
023.md	651	KR3e0070_WYG_022-41b
023.md	659	KR3e0070_WYG_022-42a
023.md	667	KR3e0070_WYG_022-42b
023.md	675	KR3e0070_WYG_022-43a
023.md	683	KR3e0070_WYG_022-43b
023.md	691	KR3e0070_WYG_022-44a
023.md	699	KR3e0070_WYG_022-44b
023.md	707	KR3e0070_WYG_022-45a
023.md	715	KR3e0070_WYG_022-45b
023.md	723	KR3e0070_WYG_022-46a
023.md	731	KR3e0070_WYG_022-46b
023.md	739	KR3e0070_WYG_022-47a
023.md	747	KR3e0070_WYG_022-47b
023.md	755	KR3e0070_WYG_022-48a
023.md	763	KR3e0070_WYG_022-48b
023.md	771	KR3e0070_WYG_022-49a
023.md	779	KR3e0070_WYG_022-49b
023.md	787	KR3e0070_WYG_022-50a
023.md	795	KR3e0070_WYG_022-50b
023.md	803	KR3e0070_WYG_022-51a
023.md	811	KR3e0070_WYG_022-51b
024.md	3	KR3e0070_WYG_023-1a
024.md	11	KR3e0070_WYG_023-1b
024.md	19	KR3e0070_WYG_023-2a
024.md	27	KR3e0070_WYG_023-2b
024.md	35	KR3e0070_WYG_023-3a
024.md	43	KR3e0070_WYG_023-3b
024.md	51	KR3e0070_WYG_023-4a
024.md	59	KR3e0070_WYG_023-4b
024.md	67	KR3e0070_WYG_023-5a
024.md	75	KR3e0070_WYG_023-5b
024.md	83	KR3e0070_WYG_023-6a
024.md	91	KR3e0070_WYG_023-6b
024.md	99	KR3e0070_WYG_023-7a
024.md	107	KR3e0070_WYG_023-7b
024.md	115	KR3e0070_WYG_023-8a
024.md	123	KR3e0070_WYG_023-8b
024.md	131	KR3e0070_WYG_023-9a
024.md	139	KR3e0070_WYG_023-9b
024.md	147	KR3e0070_WYG_023-10a
024.md	155	KR3e0070_WYG_023-10b
024.md	163	KR3e0070_WYG_023-11a
024.md	171	KR3e0070_WYG_023-11b
024.md	179	KR3e0070_WYG_023-12a
024.md	187	KR3e0070_WYG_023-12b
024.md	195	KR3e0070_WYG_023-13a
024.md	203	KR3e0070_WYG_023-13b
024.md	211	KR3e0070_WYG_023-14a
024.md	219	KR3e0070_WYG_023-14b
024.md	227	KR3e0070_WYG_023-15a
024.md	235	KR3e0070_WYG_023-15b
024.md	243	KR3e0070_WYG_023-16a
024.md	251	KR3e0070_WYG_023-16b
024.md	259	KR3e0070_WYG_023-17a
024.md	267	KR3e0070_WYG_023-17b
024.md	275	KR3e0070_WYG_023-18a
024.md	283	KR3e0070_WYG_023-18b
024.md	291	KR3e0070_WYG_023-19a
024.md	299	KR3e0070_WYG_023-19b
024.md	307	KR3e0070_WYG_023-20a
024.md	315	KR3e0070_WYG_023-20b
024.md	323	KR3e0070_WYG_023-21a
024.md	331	KR3e0070_WYG_023-21b
024.md	339	KR3e0070_WYG_023-22a
024.md	347	KR3e0070_WYG_023-22b
024.md	355	KR3e0070_WYG_023-23a
024.md	363	KR3e0070_WYG_023-23b
024.md	371	KR3e0070_WYG_023-24a
024.md	379	KR3e0070_WYG_023-24b
024.md	387	KR3e0070_WYG_023-25a
024.md	395	KR3e0070_WYG_023-25b
024.md	403	KR3e0070_WYG_023-26a
024.md	411	KR3e0070_WYG_023-26b
024.md	419	KR3e0070_WYG_023-27a
024.md	427	KR3e0070_WYG_023-27b
024.md	435	KR3e0070_WYG_023-28a
024.md	443	KR3e0070_WYG_023-28b
024.md	451	KR3e0070_WYG_023-29a
024.md	459	KR3e0070_WYG_023-29b
024.md	467	KR3e0070_WYG_023-30a
024.md	475	KR3e0070_WYG_023-30b
024.md	483	KR3e0070_WYG_023-31a
024.md	491	KR3e0070_WYG_023-31b
024.md	499	KR3e0070_WYG_023-32a
024.md	507	KR3e0070_WYG_023-32b
024.md	515	KR3e0070_WYG_023-33a
024.md	523	KR3e0070_WYG_023-33b
024.md	531	KR3e0070_WYG_023-34a
024.md	539	KR3e0070_WYG_023-34b
024.md	547	KR3e0070_WYG_023-35a
024.md	555	KR3e0070_WYG_023-35b
024.md	563	KR3e0070_WYG_023-36a
024.md	571	KR3e0070_WYG_023-36b
024.md	579	KR3e0070_WYG_023-37a
024.md	587	KR3e0070_WYG_023-37b
024.md	595	KR3e0070_WYG_023-38a
024.md	603	KR3e0070_WYG_023-38b
024.md	611	KR3e0070_WYG_023-39a
024.md	619	KR3e0070_WYG_023-39b
025.md	3	KR3e0070_WYG_024-1a
025.md	11	KR3e0070_WYG_024-1b
025.md	19	KR3e0070_WYG_024-2a
025.md	27	KR3e0070_WYG_024-2b
025.md	35	KR3e0070_WYG_024-3a
025.md	43	KR3e0070_WYG_024-3b
025.md	51	KR3e0070_WYG_024-4a
025.md	59	KR3e0070_WYG_024-4b
025.md	67	KR3e0070_WYG_024-5a
025.md	75	KR3e0070_WYG_024-5b
025.md	83	KR3e0070_WYG_024-6a
025.md	91	KR3e0070_WYG_024-6b
025.md	99	KR3e0070_WYG_024-7a
025.md	107	KR3e0070_WYG_024-7b
025.md	115	KR3e0070_WYG_024-8a
025.md	123	KR3e0070_WYG_024-8b
025.md	131	KR3e0070_WYG_024-9a
025.md	139	KR3e0070_WYG_024-9b
025.md	147	KR3e0070_WYG_024-10a
025.md	155	KR3e0070_WYG_024-10b
025.md	163	KR3e0070_WYG_024-11a
025.md	171	KR3e0070_WYG_024-11b
025.md	179	KR3e0070_WYG_024-12a
025.md	187	KR3e0070_WYG_024-12b
025.md	195	KR3e0070_WYG_024-13a
025.md	203	KR3e0070_WYG_024-13b
025.md	211	KR3e0070_WYG_024-14a
025.md	219	KR3e0070_WYG_024-14b
025.md	227	KR3e0070_WYG_024-15a
025.md	235	KR3e0070_WYG_024-15b
025.md	243	KR3e0070_WYG_024-16a
025.md	251	KR3e0070_WYG_024-16b
025.md	259	KR3e0070_WYG_024-17a
025.md	267	KR3e0070_WYG_024-17b
025.md	275	KR3e0070_WYG_024-18a
025.md	283	KR3e0070_WYG_024-18b
025.md	291	KR3e0070_WYG_024-19a
025.md	299	KR3e0070_WYG_024-19b
025.md	307	KR3e0070_WYG_024-20a
025.md	315	KR3e0070_WYG_024-20b
025.md	323	KR3e0070_WYG_024-21a
025.md	331	KR3e0070_WYG_024-21b
025.md	339	KR3e0070_WYG_024-22a
025.md	347	KR3e0070_WYG_024-22b
025.md	355	KR3e0070_WYG_024-23a
025.md	363	KR3e0070_WYG_024-23b
025.md	371	KR3e0070_WYG_024-24a
025.md	379	KR3e0070_WYG_024-24b
025.md	387	KR3e0070_WYG_024-25a
025.md	395	KR3e0070_WYG_024-25b
025.md	403	KR3e0070_WYG_024-26a
025.md	411	KR3e0070_WYG_024-26b
025.md	419	KR3e0070_WYG_024-27a
025.md	427	KR3e0070_WYG_024-27b
025.md	435	KR3e0070_WYG_024-28a
025.md	443	KR3e0070_WYG_024-28b
025.md	451	KR3e0070_WYG_024-29a
025.md	459	KR3e0070_WYG_024-29b
025.md	467	KR3e0070_WYG_024-30a
025.md	475	KR3e0070_WYG_024-30b
025.md	483	KR3e0070_WYG_024-31a
025.md	491	KR3e0070_WYG_024-31b
025.md	499	KR3e0070_WYG_024-32a
025.md	507	KR3e0070_WYG_024-32b
025.md	515	KR3e0070_WYG_024-33a
025.md	523	KR3e0070_WYG_024-33b
025.md	531	KR3e0070_WYG_024-34a
025.md	539	KR3e0070_WYG_024-34b
025.md	547	KR3e0070_WYG_024-35a
025.md	555	KR3e0070_WYG_024-35b
025.md	563	KR3e0070_WYG_024-36a
025.md	571	KR3e0070_WYG_024-36b
025.md	579	KR3e0070_WYG_024-37a
025.md	587	KR3e0070_WYG_024-37b
025.md	595	KR3e0070_WYG_024-38a
025.md	603	KR3e0070_WYG_024-38b
025.md	611	KR3e0070_WYG_024-39a
025.md	619	KR3e0070_WYG_024-39b
025.md	627	KR3e0070_WYG_024-40a
025.md	635	KR3e0070_WYG_024-40b
025.md	643	KR3e0070_WYG_024-41a
025.md	651	KR3e0070_WYG_024-41b
025.md	659	KR3e0070_WYG_024-42a
025.md	667	KR3e0070_WYG_024-42b
025.md	675	KR3e0070_WYG_024-43a
025.md	683	KR3e0070_WYG_024-43b
025.md	691	KR3e0070_WYG_024-44a
025.md	699	KR3e0070_WYG_024-44b
025.md	707	KR3e0070_WYG_024-45a
025.md	715	KR3e0070_WYG_024-45b
026.md	3	KR3e0070_WYG_025-1a
026.md	11	KR3e0070_WYG_025-1b
026.md	19	KR3e0070_WYG_025-2a
026.md	27	KR3e0070_WYG_025-2b
026.md	35	KR3e0070_WYG_025-3a
026.md	43	KR3e0070_WYG_025-3b
026.md	51	KR3e0070_WYG_025-4a
026.md	59	KR3e0070_WYG_025-4b
026.md	67	KR3e0070_WYG_025-5a
026.md	75	KR3e0070_WYG_025-5b
026.md	83	KR3e0070_WYG_025-6a
026.md	91	KR3e0070_WYG_025-6b
026.md	99	KR3e0070_WYG_025-7a
026.md	107	KR3e0070_WYG_025-7b
026.md	115	KR3e0070_WYG_025-8a
026.md	123	KR3e0070_WYG_025-8b
026.md	131	KR3e0070_WYG_025-9a
026.md	139	KR3e0070_WYG_025-9b
026.md	147	KR3e0070_WYG_025-10a
026.md	155	KR3e0070_WYG_025-10b
026.md	163	KR3e0070_WYG_025-11a
026.md	171	KR3e0070_WYG_025-11b
026.md	179	KR3e0070_WYG_025-12a
026.md	187	KR3e0070_WYG_025-12b
026.md	195	KR3e0070_WYG_025-13a
026.md	203	KR3e0070_WYG_025-13b
026.md	211	KR3e0070_WYG_025-14a
026.md	219	KR3e0070_WYG_025-14b
026.md	227	KR3e0070_WYG_025-15a
026.md	235	KR3e0070_WYG_025-15b
026.md	243	KR3e0070_WYG_025-16a
026.md	251	KR3e0070_WYG_025-16b
026.md	259	KR3e0070_WYG_025-17a
026.md	267	KR3e0070_WYG_025-17b
026.md	275	KR3e0070_WYG_025-18a
026.md	283	KR3e0070_WYG_025-18b
026.md	291	KR3e0070_WYG_025-19a
026.md	299	KR3e0070_WYG_025-19b
026.md	307	KR3e0070_WYG_025-20a
026.md	315	KR3e0070_WYG_025-20b
026.md	323	KR3e0070_WYG_025-21a
026.md	331	KR3e0070_WYG_025-21b
026.md	339	KR3e0070_WYG_025-22a
026.md	347	KR3e0070_WYG_025-22b
026.md	355	KR3e0070_WYG_025-23a
026.md	363	KR3e0070_WYG_025-23b
026.md	364	KR3e0070_WYG_025-24a
026.md	365	KR3e0070_WYG_025-25a
026.md	373	KR3e0070_WYG_025-25b
026.md	381	KR3e0070_WYG_025-26a
026.md	389	KR3e0070_WYG_025-26b
026.md	397	KR3e0070_WYG_025-27a
026.md	405	KR3e0070_WYG_025-27b
026.md	413	KR3e0070_WYG_025-28a
026.md	421	KR3e0070_WYG_025-28b
026.md	429	KR3e0070_WYG_025-29a
026.md	437	KR3e0070_WYG_025-29b
026.md	445	KR3e0070_WYG_025-30a
026.md	453	KR3e0070_WYG_025-30b
026.md	461	KR3e0070_WYG_025-31a
026.md	469	KR3e0070_WYG_025-31b
026.md	477	KR3e0070_WYG_025-32a
026.md	485	KR3e0070_WYG_025-32b
026.md	493	KR3e0070_WYG_025-33a
026.md	501	KR3e0070_WYG_025-33b
026.md	509	KR3e0070_WYG_025-34a
026.md	517	KR3e0070_WYG_025-34b
026.md	525	KR3e0070_WYG_025-35a
026.md	533	KR3e0070_WYG_025-35b
026.md	541	KR3e0070_WYG_025-36a
026.md	549	KR3e0070_WYG_025-36b
026.md	557	KR3e0070_WYG_025-37a
026.md	565	KR3e0070_WYG_025-37b
026.md	573	KR3e0070_WYG_025-38a
026.md	581	KR3e0070_WYG_025-38b
026.md	589	KR3e0070_WYG_025-39a
026.md	597	KR3e0070_WYG_025-39b
026.md	605	KR3e0070_WYG_025-40a
026.md	613	KR3e0070_WYG_025-40b
026.md	621	KR3e0070_WYG_025-41a
026.md	629	KR3e0070_WYG_025-41b
026.md	637	KR3e0070_WYG_025-42a
026.md	645	KR3e0070_WYG_025-42b
026.md	653	KR3e0070_WYG_025-43a
026.md	661	KR3e0070_WYG_025-43b
026.md	669	KR3e0070_WYG_025-44a
026.md	677	KR3e0070_WYG_025-44b
026.md	685	KR3e0070_WYG_025-45a
026.md	693	KR3e0070_WYG_025-45b
026.md	701	KR3e0070_WYG_025-46a
026.md	709	KR3e0070_WYG_025-46b
026.md	717	KR3e0070_WYG_025-47a
026.md	725	KR3e0070_WYG_025-47b
026.md	733	KR3e0070_WYG_025-48a
026.md	741	KR3e0070_WYG_025-48b
026.md	749	KR3e0070_WYG_025-49a
026.md	757	KR3e0070_WYG_025-49b
026.md	765	KR3e0070_WYG_025-50a
026.md	773	KR3e0070_WYG_025-50b
026.md	781	KR3e0070_WYG_025-51a
026.md	789	KR3e0070_WYG_025-51b
026.md	797	KR3e0070_WYG_025-52a
026.md	805	KR3e0070_WYG_025-52b
026.md	813	KR3e0070_WYG_025-53a
026.md	821	KR3e0070_WYG_025-53b
026.md	829	KR3e0070_WYG_025-54a
026.md	837	KR3e0070_WYG_025-54b
026.md	845	KR3e0070_WYG_025-55a
026.md	853	KR3e0070_WYG_025-55b
026.md	861	KR3e0070_WYG_025-56a
026.md	869	KR3e0070_WYG_025-56b
026.md	877	KR3e0070_WYG_025-57a
026.md	885	KR3e0070_WYG_025-57b
026.md	893	KR3e0070_WYG_025-58a
026.md	901	KR3e0070_WYG_025-58b
026.md	909	KR3e0070_WYG_025-59a
026.md	917	KR3e0070_WYG_025-59b
026.md	925	KR3e0070_WYG_025-60a
026.md	933	KR3e0070_WYG_025-60b
026.md	941	KR3e0070_WYG_025-61a
026.md	949	KR3e0070_WYG_025-61b
026.md	957	KR3e0070_WYG_025-62a
026.md	965	KR3e0070_WYG_025-62b
026.md	973	KR3e0070_WYG_025-63a
026.md	981	KR3e0070_WYG_025-63b
027.md	3	KR3e0070_WYG_026-1a
027.md	11	KR3e0070_WYG_026-1b
027.md	19	KR3e0070_WYG_026-2a
027.md	27	KR3e0070_WYG_026-2b
027.md	35	KR3e0070_WYG_026-3a
027.md	43	KR3e0070_WYG_026-3b
027.md	51	KR3e0070_WYG_026-4a
027.md	59	KR3e0070_WYG_026-4b
027.md	67	KR3e0070_WYG_026-5a
027.md	75	KR3e0070_WYG_026-5b
027.md	83	KR3e0070_WYG_026-6a
027.md	91	KR3e0070_WYG_026-6b
027.md	99	KR3e0070_WYG_026-7a
027.md	107	KR3e0070_WYG_026-7b
027.md	115	KR3e0070_WYG_026-8a
027.md	123	KR3e0070_WYG_026-8b
027.md	131	KR3e0070_WYG_026-9a
027.md	139	KR3e0070_WYG_026-9b
027.md	147	KR3e0070_WYG_026-10a
027.md	155	KR3e0070_WYG_026-10b
027.md	163	KR3e0070_WYG_026-11a
027.md	171	KR3e0070_WYG_026-11b
027.md	179	KR3e0070_WYG_026-12a
027.md	187	KR3e0070_WYG_026-12b
027.md	195	KR3e0070_WYG_026-13a
027.md	203	KR3e0070_WYG_026-13b
027.md	211	KR3e0070_WYG_026-14a
027.md	219	KR3e0070_WYG_026-14b
027.md	227	KR3e0070_WYG_026-15a
027.md	235	KR3e0070_WYG_026-15b
027.md	243	KR3e0070_WYG_026-16a
027.md	251	KR3e0070_WYG_026-16b
027.md	259	KR3e0070_WYG_026-17a
027.md	267	KR3e0070_WYG_026-17b
027.md	275	KR3e0070_WYG_026-18a
027.md	283	KR3e0070_WYG_026-18b
027.md	291	KR3e0070_WYG_026-19a
027.md	299	KR3e0070_WYG_026-19b
027.md	307	KR3e0070_WYG_026-20a
027.md	315	KR3e0070_WYG_026-20b
027.md	323	KR3e0070_WYG_026-21a
027.md	331	KR3e0070_WYG_026-21b
027.md	339	KR3e0070_WYG_026-22a
027.md	347	KR3e0070_WYG_026-22b
027.md	355	KR3e0070_WYG_026-23a
027.md	363	KR3e0070_WYG_026-23b
027.md	371	KR3e0070_WYG_026-24a
027.md	379	KR3e0070_WYG_026-24b
027.md	387	KR3e0070_WYG_026-25a
027.md	395	KR3e0070_WYG_026-25b
027.md	403	KR3e0070_WYG_026-26a
027.md	411	KR3e0070_WYG_026-26b
027.md	419	KR3e0070_WYG_026-27a
027.md	427	KR3e0070_WYG_026-27b
027.md	435	KR3e0070_WYG_026-28a
027.md	443	KR3e0070_WYG_026-28b
027.md	451	KR3e0070_WYG_026-29a
027.md	459	KR3e0070_WYG_026-29b
027.md	467	KR3e0070_WYG_026-30a
027.md	475	KR3e0070_WYG_026-30b
027.md	483	KR3e0070_WYG_026-31a
027.md	491	KR3e0070_WYG_026-31b
027.md	499	KR3e0070_WYG_026-32a
027.md	507	KR3e0070_WYG_026-32b
027.md	515	KR3e0070_WYG_026-33a
027.md	523	KR3e0070_WYG_026-33b
027.md	531	KR3e0070_WYG_026-34a
027.md	539	KR3e0070_WYG_026-34b
027.md	547	KR3e0070_WYG_026-35a
027.md	555	KR3e0070_WYG_026-35b
027.md	563	KR3e0070_WYG_026-36a
027.md	571	KR3e0070_WYG_026-36b
027.md	579	KR3e0070_WYG_026-37a
027.md	587	KR3e0070_WYG_026-37b
027.md	595	KR3e0070_WYG_026-38a
027.md	603	KR3e0070_WYG_026-38b
027.md	611	KR3e0070_WYG_026-39a
027.md	619	KR3e0070_WYG_026-39b
027.md	627	KR3e0070_WYG_026-40a
027.md	635	KR3e0070_WYG_026-40b
027.md	643	KR3e0070_WYG_026-41a
027.md	651	KR3e0070_WYG_026-41b
027.md	659	KR3e0070_WYG_026-42a
027.md	667	KR3e0070_WYG_026-42b
027.md	675	KR3e0070_WYG_026-43a
027.md	683	KR3e0070_WYG_026-43b
027.md	691	KR3e0070_WYG_026-44a
027.md	699	KR3e0070_WYG_026-44b
027.md	707	KR3e0070_WYG_026-45a
027.md	715	KR3e0070_WYG_026-45b
027.md	723	KR3e0070_WYG_026-46a
027.md	731	KR3e0070_WYG_026-46b
027.md	739	KR3e0070_WYG_026-47a
027.md	747	KR3e0070_WYG_026-47b
027.md	755	KR3e0070_WYG_026-48a
027.md	763	KR3e0070_WYG_026-48b
027.md	771	KR3e0070_WYG_026-49a
027.md	779	KR3e0070_WYG_026-49b
027.md	787	KR3e0070_WYG_026-50a
027.md	795	KR3e0070_WYG_026-50b
027.md	803	KR3e0070_WYG_026-51a
027.md	811	KR3e0070_WYG_026-51b
027.md	819	KR3e0070_WYG_026-52a
027.md	827	KR3e0070_WYG_026-52b
027.md	835	KR3e0070_WYG_026-53a
027.md	843	KR3e0070_WYG_026-53b
028.md	3	KR3e0070_WYG_027-1a
028.md	11	KR3e0070_WYG_027-1b
028.md	19	KR3e0070_WYG_027-2a
028.md	27	KR3e0070_WYG_027-2b
028.md	35	KR3e0070_WYG_027-3a
028.md	43	KR3e0070_WYG_027-3b
028.md	51	KR3e0070_WYG_027-4a
028.md	59	KR3e0070_WYG_027-4b
028.md	67	KR3e0070_WYG_027-5a
028.md	75	KR3e0070_WYG_027-5b
028.md	83	KR3e0070_WYG_027-6a
028.md	91	KR3e0070_WYG_027-6b
028.md	99	KR3e0070_WYG_027-7a
028.md	107	KR3e0070_WYG_027-7b
028.md	115	KR3e0070_WYG_027-8a
028.md	123	KR3e0070_WYG_027-8b
028.md	131	KR3e0070_WYG_027-9a
028.md	139	KR3e0070_WYG_027-9b
028.md	147	KR3e0070_WYG_027-10a
028.md	155	KR3e0070_WYG_027-10b
028.md	163	KR3e0070_WYG_027-11a
028.md	171	KR3e0070_WYG_027-11b
028.md	179	KR3e0070_WYG_027-12a
028.md	187	KR3e0070_WYG_027-12b
028.md	195	KR3e0070_WYG_027-13a
028.md	203	KR3e0070_WYG_027-13b
028.md	211	KR3e0070_WYG_027-14a
028.md	219	KR3e0070_WYG_027-14b
028.md	227	KR3e0070_WYG_027-15a
028.md	235	KR3e0070_WYG_027-15b
028.md	243	KR3e0070_WYG_027-16a
028.md	251	KR3e0070_WYG_027-16b
028.md	259	KR3e0070_WYG_027-17a
028.md	267	KR3e0070_WYG_027-17b
028.md	275	KR3e0070_WYG_027-18a
028.md	283	KR3e0070_WYG_027-18b
028.md	291	KR3e0070_WYG_027-19a
028.md	299	KR3e0070_WYG_027-19b
028.md	307	KR3e0070_WYG_027-20a
028.md	315	KR3e0070_WYG_027-20b
028.md	323	KR3e0070_WYG_027-21a
028.md	331	KR3e0070_WYG_027-21b
028.md	339	KR3e0070_WYG_027-22a
028.md	347	KR3e0070_WYG_027-22b
028.md	355	KR3e0070_WYG_027-23a
028.md	363	KR3e0070_WYG_027-23b
028.md	371	KR3e0070_WYG_027-24a
028.md	379	KR3e0070_WYG_027-24b
028.md	387	KR3e0070_WYG_027-25a
028.md	395	KR3e0070_WYG_027-25b
028.md	403	KR3e0070_WYG_027-26a
028.md	411	KR3e0070_WYG_027-26b
028.md	419	KR3e0070_WYG_027-27a
028.md	427	KR3e0070_WYG_027-27b
028.md	435	KR3e0070_WYG_027-28a
028.md	443	KR3e0070_WYG_027-28b
028.md	451	KR3e0070_WYG_027-29a
028.md	459	KR3e0070_WYG_027-29b
028.md	467	KR3e0070_WYG_027-30a
028.md	475	KR3e0070_WYG_027-30b
028.md	483	KR3e0070_WYG_027-31a
028.md	491	KR3e0070_WYG_027-31b
028.md	499	KR3e0070_WYG_027-32a
028.md	507	KR3e0070_WYG_027-32b
028.md	515	KR3e0070_WYG_027-33a
028.md	523	KR3e0070_WYG_027-33b
028.md	531	KR3e0070_WYG_027-34a
028.md	539	KR3e0070_WYG_027-34b
028.md	547	KR3e0070_WYG_027-35a
028.md	555	KR3e0070_WYG_027-35b
028.md	563	KR3e0070_WYG_027-36a
028.md	571	KR3e0070_WYG_027-36b
028.md	579	KR3e0070_WYG_027-37a
028.md	587	KR3e0070_WYG_027-37b
028.md	595	KR3e0070_WYG_027-38a
028.md	603	KR3e0070_WYG_027-38b
028.md	611	KR3e0070_WYG_027-39a
028.md	619	KR3e0070_WYG_027-39b
028.md	627	KR3e0070_WYG_027-40a
028.md	635	KR3e0070_WYG_027-40b
028.md	643	KR3e0070_WYG_027-41a
028.md	651	KR3e0070_WYG_027-41b
028.md	659	KR3e0070_WYG_027-42a
028.md	667	KR3e0070_WYG_027-42b
028.md	675	KR3e0070_WYG_027-43a
028.md	683	KR3e0070_WYG_027-43b
028.md	691	KR3e0070_WYG_027-44a
028.md	699	KR3e0070_WYG_027-44b
028.md	707	KR3e0070_WYG_027-45a
028.md	715	KR3e0070_WYG_027-45b
028.md	723	KR3e0070_WYG_027-46a
028.md	731	KR3e0070_WYG_027-46b
028.md	739	KR3e0070_WYG_027-47a
028.md	747	KR3e0070_WYG_027-47b
028.md	755	KR3e0070_WYG_027-48a
028.md	763	KR3e0070_WYG_027-48b
028.md	771	KR3e0070_WYG_027-49a
028.md	779	KR3e0070_WYG_027-49b
028.md	787	KR3e0070_WYG_027-50a
028.md	795	KR3e0070_WYG_027-50b
028.md	803	KR3e0070_WYG_027-51a
028.md	811	KR3e0070_WYG_027-51b
028.md	819	KR3e0070_WYG_027-52a
028.md	827	KR3e0070_WYG_027-52b
028.md	835	KR3e0070_WYG_027-53a
028.md	843	KR3e0070_WYG_027-53b
028.md	851	KR3e0070_WYG_027-54a
028.md	859	KR3e0070_WYG_027-54b
028.md	867	KR3e0070_WYG_027-55a
028.md	875	KR3e0070_WYG_027-55b
028.md	883	KR3e0070_WYG_027-56a
028.md	891	KR3e0070_WYG_027-56b
028.md	899	KR3e0070_WYG_027-57a
028.md	907	KR3e0070_WYG_027-57b
028.md	915	KR3e0070_WYG_027-58a
028.md	923	KR3e0070_WYG_027-58b
028.md	931	KR3e0070_WYG_027-59a
028.md	939	KR3e0070_WYG_027-59b
028.md	947	KR3e0070_WYG_027-60a
028.md	955	KR3e0070_WYG_027-60b
028.md	963	KR3e0070_WYG_027-61a
028.md	971	KR3e0070_WYG_027-61b
028.md	979	KR3e0070_WYG_027-62a
028.md	987	KR3e0070_WYG_027-62b
028.md	995	KR3e0070_WYG_027-63a
028.md	1003	KR3e0070_WYG_027-63b
028.md	1011	KR3e0070_WYG_027-64a
028.md	1019	KR3e0070_WYG_027-64b
028.md	1027	KR3e0070_WYG_027-65a
028.md	1035	KR3e0070_WYG_027-65b
028.md	1043	KR3e0070_WYG_027-66a
028.md	1051	KR3e0070_WYG_027-66b
028.md	1059	KR3e0070_WYG_027-67a
028.md	1067	KR3e0070_WYG_027-67b
028.md	1075	KR3e0070_WYG_027-68a
028.md	1083	KR3e0070_WYG_027-68b
028.md	1091	KR3e0070_WYG_027-69a
028.md	1099	KR3e0070_WYG_027-69b
029.md	3	KR3e0070_WYG_028-1a
029.md	11	KR3e0070_WYG_028-1b
029.md	19	KR3e0070_WYG_028-2a
029.md	27	KR3e0070_WYG_028-2b
029.md	35	KR3e0070_WYG_028-3a
029.md	43	KR3e0070_WYG_028-3b
029.md	51	KR3e0070_WYG_028-4a
029.md	59	KR3e0070_WYG_028-4b
029.md	67	KR3e0070_WYG_028-5a
029.md	75	KR3e0070_WYG_028-5b
029.md	83	KR3e0070_WYG_028-6a
029.md	91	KR3e0070_WYG_028-6b
029.md	99	KR3e0070_WYG_028-7a
029.md	107	KR3e0070_WYG_028-7b
029.md	115	KR3e0070_WYG_028-8a
029.md	123	KR3e0070_WYG_028-8b
029.md	131	KR3e0070_WYG_028-9a
029.md	139	KR3e0070_WYG_028-9b
029.md	147	KR3e0070_WYG_028-10a
029.md	155	KR3e0070_WYG_028-10b
029.md	163	KR3e0070_WYG_028-11a
029.md	171	KR3e0070_WYG_028-11b
029.md	179	KR3e0070_WYG_028-12a
029.md	187	KR3e0070_WYG_028-12b
029.md	195	KR3e0070_WYG_028-13a
029.md	203	KR3e0070_WYG_028-13b
029.md	211	KR3e0070_WYG_028-14a
029.md	219	KR3e0070_WYG_028-14b
029.md	227	KR3e0070_WYG_028-15a
029.md	235	KR3e0070_WYG_028-15b
029.md	243	KR3e0070_WYG_028-16a
029.md	251	KR3e0070_WYG_028-16b
029.md	259	KR3e0070_WYG_028-17a
029.md	267	KR3e0070_WYG_028-17b
029.md	275	KR3e0070_WYG_028-18a
029.md	283	KR3e0070_WYG_028-18b
029.md	291	KR3e0070_WYG_028-19a
029.md	299	KR3e0070_WYG_028-19b
029.md	307	KR3e0070_WYG_028-20a
029.md	315	KR3e0070_WYG_028-20b
029.md	323	KR3e0070_WYG_028-21a
029.md	331	KR3e0070_WYG_028-21b
029.md	339	KR3e0070_WYG_028-22a
029.md	347	KR3e0070_WYG_028-22b
029.md	355	KR3e0070_WYG_028-23a
029.md	363	KR3e0070_WYG_028-23b
029.md	371	KR3e0070_WYG_028-24a
029.md	379	KR3e0070_WYG_028-24b
029.md	387	KR3e0070_WYG_028-25a
029.md	395	KR3e0070_WYG_028-25b
029.md	403	KR3e0070_WYG_028-26a
029.md	411	KR3e0070_WYG_028-26b
029.md	419	KR3e0070_WYG_028-27a
029.md	427	KR3e0070_WYG_028-27b
029.md	435	KR3e0070_WYG_028-28a
029.md	443	KR3e0070_WYG_028-28b
029.md	451	KR3e0070_WYG_028-29a
029.md	459	KR3e0070_WYG_028-29b
029.md	467	KR3e0070_WYG_028-30a
029.md	475	KR3e0070_WYG_028-30b
029.md	483	KR3e0070_WYG_028-31a
029.md	491	KR3e0070_WYG_028-31b
029.md	499	KR3e0070_WYG_028-32a
029.md	507	KR3e0070_WYG_028-32b
029.md	515	KR3e0070_WYG_028-33a
029.md	523	KR3e0070_WYG_028-33b
029.md	531	KR3e0070_WYG_028-34a
029.md	539	KR3e0070_WYG_028-34b
029.md	547	KR3e0070_WYG_028-35a
029.md	555	KR3e0070_WYG_028-35b
029.md	563	KR3e0070_WYG_028-36a
029.md	571	KR3e0070_WYG_028-36b
029.md	579	KR3e0070_WYG_028-37a
029.md	587	KR3e0070_WYG_028-37b
029.md	595	KR3e0070_WYG_028-38a
029.md	603	KR3e0070_WYG_028-38b
029.md	611	KR3e0070_WYG_028-39a
029.md	619	KR3e0070_WYG_028-39b
029.md	627	KR3e0070_WYG_028-40a
029.md	635	KR3e0070_WYG_028-40b
030.md	3	KR3e0070_WYG_029-1a
030.md	11	KR3e0070_WYG_029-1b
030.md	19	KR3e0070_WYG_029-2a
030.md	27	KR3e0070_WYG_029-2b
030.md	35	KR3e0070_WYG_029-3a
030.md	43	KR3e0070_WYG_029-3b
030.md	51	KR3e0070_WYG_029-4a
030.md	59	KR3e0070_WYG_029-4b
030.md	67	KR3e0070_WYG_029-5a
030.md	75	KR3e0070_WYG_029-5b
030.md	83	KR3e0070_WYG_029-6a
030.md	91	KR3e0070_WYG_029-6b
030.md	99	KR3e0070_WYG_029-7a
030.md	107	KR3e0070_WYG_029-7b
030.md	115	KR3e0070_WYG_029-8a
030.md	123	KR3e0070_WYG_029-8b
030.md	131	KR3e0070_WYG_029-9a
030.md	139	KR3e0070_WYG_029-9b
030.md	147	KR3e0070_WYG_029-10a
030.md	155	KR3e0070_WYG_029-10b
030.md	163	KR3e0070_WYG_029-11a
030.md	171	KR3e0070_WYG_029-11b
030.md	179	KR3e0070_WYG_029-12a
030.md	187	KR3e0070_WYG_029-12b
030.md	195	KR3e0070_WYG_029-13a
030.md	203	KR3e0070_WYG_029-13b
030.md	211	KR3e0070_WYG_029-14a
030.md	219	KR3e0070_WYG_029-14b
030.md	227	KR3e0070_WYG_029-15a
030.md	235	KR3e0070_WYG_029-15b
030.md	243	KR3e0070_WYG_029-16a
030.md	251	KR3e0070_WYG_029-16b
030.md	259	KR3e0070_WYG_029-17a
030.md	267	KR3e0070_WYG_029-17b
030.md	275	KR3e0070_WYG_029-18a
030.md	283	KR3e0070_WYG_029-18b
030.md	291	KR3e0070_WYG_029-19a
030.md	299	KR3e0070_WYG_029-19b
030.md	307	KR3e0070_WYG_029-20a
030.md	315	KR3e0070_WYG_029-20b
030.md	323	KR3e0070_WYG_029-21a
030.md	331	KR3e0070_WYG_029-21b
030.md	339	KR3e0070_WYG_029-22a
030.md	347	KR3e0070_WYG_029-22b
030.md	355	KR3e0070_WYG_029-23a
030.md	363	KR3e0070_WYG_029-23b
030.md	371	KR3e0070_WYG_029-24a
030.md	379	KR3e0070_WYG_029-24b
030.md	387	KR3e0070_WYG_029-25a
030.md	395	KR3e0070_WYG_029-25b
030.md	403	KR3e0070_WYG_029-26a
030.md	411	KR3e0070_WYG_029-26b
030.md	419	KR3e0070_WYG_029-27a
030.md	427	KR3e0070_WYG_029-27b
030.md	435	KR3e0070_WYG_029-28a
030.md	443	KR3e0070_WYG_029-28b
030.md	451	KR3e0070_WYG_029-29a
030.md	459	KR3e0070_WYG_029-29b
031.md	3	KR3e0070_WYG_030-1a
031.md	11	KR3e0070_WYG_030-1b
031.md	19	KR3e0070_WYG_030-2a
031.md	27	KR3e0070_WYG_030-2b
031.md	35	KR3e0070_WYG_030-3a
031.md	43	KR3e0070_WYG_030-3b
031.md	51	KR3e0070_WYG_030-4a
031.md	59	KR3e0070_WYG_030-4b
031.md	67	KR3e0070_WYG_030-5a
031.md	75	KR3e0070_WYG_030-5b
031.md	83	KR3e0070_WYG_030-6a
031.md	91	KR3e0070_WYG_030-6b
031.md	99	KR3e0070_WYG_030-7a
031.md	107	KR3e0070_WYG_030-7b
031.md	115	KR3e0070_WYG_030-8a
031.md	123	KR3e0070_WYG_030-8b
031.md	131	KR3e0070_WYG_030-9a
031.md	139	KR3e0070_WYG_030-9b
031.md	147	KR3e0070_WYG_030-10a
031.md	155	KR3e0070_WYG_030-10b
031.md	163	KR3e0070_WYG_030-11a
031.md	171	KR3e0070_WYG_030-11b
031.md	179	KR3e0070_WYG_030-12a
031.md	187	KR3e0070_WYG_030-12b
031.md	195	KR3e0070_WYG_030-13a
031.md	203	KR3e0070_WYG_030-13b
031.md	211	KR3e0070_WYG_030-14a
031.md	219	KR3e0070_WYG_030-14b
031.md	227	KR3e0070_WYG_030-15a
031.md	235	KR3e0070_WYG_030-15b
031.md	243	KR3e0070_WYG_030-16a
031.md	251	KR3e0070_WYG_030-16b
031.md	259	KR3e0070_WYG_030-17a
031.md	267	KR3e0070_WYG_030-17b
031.md	275	KR3e0070_WYG_030-18a
031.md	283	KR3e0070_WYG_030-18b
031.md	291	KR3e0070_WYG_030-19a
031.md	299	KR3e0070_WYG_030-19b
031.md	307	KR3e0070_WYG_030-20a
031.md	315	KR3e0070_WYG_030-20b
031.md	323	KR3e0070_WYG_030-21a
031.md	331	KR3e0070_WYG_030-21b
031.md	339	KR3e0070_WYG_030-22a
031.md	347	KR3e0070_WYG_030-22b
031.md	355	KR3e0070_WYG_030-23a
031.md	363	KR3e0070_WYG_030-23b
031.md	371	KR3e0070_WYG_030-24a
031.md	379	KR3e0070_WYG_030-24b
031.md	387	KR3e0070_WYG_030-25a
031.md	395	KR3e0070_WYG_030-25b
031.md	403	KR3e0070_WYG_030-26a
031.md	411	KR3e0070_WYG_030-26b
031.md	419	KR3e0070_WYG_030-27a
031.md	427	KR3e0070_WYG_030-27b
031.md	435	KR3e0070_WYG_030-28a
031.md	443	KR3e0070_WYG_030-28b
031.md	451	KR3e0070_WYG_030-29a
031.md	459	KR3e0070_WYG_030-29b
031.md	467	KR3e0070_WYG_030-30a
031.md	475	KR3e0070_WYG_030-30b
031.md	483	KR3e0070_WYG_030-31a
031.md	491	KR3e0070_WYG_030-31b
031.md	499	KR3e0070_WYG_030-32a
031.md	507	KR3e0070_WYG_030-32b
031.md	515	KR3e0070_WYG_030-33a
031.md	523	KR3e0070_WYG_030-33b
031.md	531	KR3e0070_WYG_030-34a
031.md	539	KR3e0070_WYG_030-34b
031.md	547	KR3e0070_WYG_030-35a
031.md	555	KR3e0070_WYG_030-35b
031.md	563	KR3e0070_WYG_030-36a
031.md	571	KR3e0070_WYG_030-36b
031.md	579	KR3e0070_WYG_030-37a
031.md	587	KR3e0070_WYG_030-37b
031.md	595	KR3e0070_WYG_030-38a
031.md	603	KR3e0070_WYG_030-38b
031.md	611	KR3e0070_WYG_030-39a
031.md	619	KR3e0070_WYG_030-39b
031.md	627	KR3e0070_WYG_030-40a
031.md	635	KR3e0070_WYG_030-40b
031.md	643	KR3e0070_WYG_030-41a
031.md	651	KR3e0070_WYG_030-41b
031.md	659	KR3e0070_WYG_030-42a
031.md	667	KR3e0070_WYG_030-42b
031.md	675	KR3e0070_WYG_030-43a
031.md	683	KR3e0070_WYG_030-43b
031.md	691	KR3e0070_WYG_030-44a
031.md	699	KR3e0070_WYG_030-44b
031.md	707	KR3e0070_WYG_030-45a
031.md	715	KR3e0070_WYG_030-45b
031.md	723	KR3e0070_WYG_030-46a
031.md	731	KR3e0070_WYG_030-46b
031.md	739	KR3e0070_WYG_030-47a
031.md	747	KR3e0070_WYG_030-47b
031.md	755	KR3e0070_WYG_030-48a
031.md	763	KR3e0070_WYG_030-48b
032.md	3	KR3e0070_WYG_031-1a
032.md	11	KR3e0070_WYG_031-1b
032.md	19	KR3e0070_WYG_031-2a
032.md	27	KR3e0070_WYG_031-2b
032.md	35	KR3e0070_WYG_031-3a
032.md	43	KR3e0070_WYG_031-3b
032.md	51	KR3e0070_WYG_031-4a
032.md	59	KR3e0070_WYG_031-4b
032.md	67	KR3e0070_WYG_031-5a
032.md	75	KR3e0070_WYG_031-5b
032.md	83	KR3e0070_WYG_031-6a
032.md	91	KR3e0070_WYG_031-6b
032.md	99	KR3e0070_WYG_031-7a
032.md	107	KR3e0070_WYG_031-7b
032.md	115	KR3e0070_WYG_031-8a
032.md	123	KR3e0070_WYG_031-8b
032.md	131	KR3e0070_WYG_031-9a
032.md	139	KR3e0070_WYG_031-9b
032.md	147	KR3e0070_WYG_031-10a
032.md	155	KR3e0070_WYG_031-10b
032.md	163	KR3e0070_WYG_031-11a
032.md	171	KR3e0070_WYG_031-11b
032.md	179	KR3e0070_WYG_031-12a
032.md	187	KR3e0070_WYG_031-12b
032.md	195	KR3e0070_WYG_031-13a
032.md	203	KR3e0070_WYG_031-13b
032.md	211	KR3e0070_WYG_031-14a
032.md	219	KR3e0070_WYG_031-14b
032.md	227	KR3e0070_WYG_031-15a
032.md	235	KR3e0070_WYG_031-15b
032.md	243	KR3e0070_WYG_031-16a
032.md	251	KR3e0070_WYG_031-16b
032.md	259	KR3e0070_WYG_031-17a
032.md	267	KR3e0070_WYG_031-17b
032.md	275	KR3e0070_WYG_031-18a
032.md	283	KR3e0070_WYG_031-18b
032.md	291	KR3e0070_WYG_031-19a
032.md	299	KR3e0070_WYG_031-19b
032.md	307	KR3e0070_WYG_031-20a
032.md	315	KR3e0070_WYG_031-20b
032.md	323	KR3e0070_WYG_031-21a
032.md	331	KR3e0070_WYG_031-21b
032.md	339	KR3e0070_WYG_031-22a
032.md	347	KR3e0070_WYG_031-22b
032.md	355	KR3e0070_WYG_031-23a
032.md	363	KR3e0070_WYG_031-23b
032.md	371	KR3e0070_WYG_031-24a
032.md	379	KR3e0070_WYG_031-24b
032.md	387	KR3e0070_WYG_031-25a
032.md	395	KR3e0070_WYG_031-25b
032.md	403	KR3e0070_WYG_031-26a
032.md	411	KR3e0070_WYG_031-26b
032.md	419	KR3e0070_WYG_031-27a
032.md	427	KR3e0070_WYG_031-27b
032.md	435	KR3e0070_WYG_031-28a
032.md	443	KR3e0070_WYG_031-28b
032.md	451	KR3e0070_WYG_031-29a
032.md	459	KR3e0070_WYG_031-29b
032.md	467	KR3e0070_WYG_031-30a
032.md	475	KR3e0070_WYG_031-30b
032.md	483	KR3e0070_WYG_031-31a
032.md	491	KR3e0070_WYG_031-31b
032.md	499	KR3e0070_WYG_031-32a
032.md	507	KR3e0070_WYG_031-32b
032.md	515	KR3e0070_WYG_031-33a
032.md	523	KR3e0070_WYG_031-33b
032.md	531	KR3e0070_WYG_031-34a
032.md	539	KR3e0070_WYG_031-34b
032.md	547	KR3e0070_WYG_031-35a
032.md	555	KR3e0070_WYG_031-35b
032.md	563	KR3e0070_WYG_031-36a
032.md	571	KR3e0070_WYG_031-36b
032.md	579	KR3e0070_WYG_031-37a
032.md	587	KR3e0070_WYG_031-37b
032.md	595	KR3e0070_WYG_031-38a
032.md	603	KR3e0070_WYG_031-38b
032.md	611	KR3e0070_WYG_031-39a
032.md	619	KR3e0070_WYG_031-39b
032.md	627	KR3e0070_WYG_031-40a
032.md	635	KR3e0070_WYG_031-40b
032.md	643	KR3e0070_WYG_031-41a
032.md	651	KR3e0070_WYG_031-41b
032.md	659	KR3e0070_WYG_031-42a
032.md	667	KR3e0070_WYG_031-42b
032.md	675	KR3e0070_WYG_031-43a
032.md	683	KR3e0070_WYG_031-43b
032.md	691	KR3e0070_WYG_031-44a
032.md	699	KR3e0070_WYG_031-44b
032.md	707	KR3e0070_WYG_031-45a
032.md	715	KR3e0070_WYG_031-45b
032.md	723	KR3e0070_WYG_031-46a
032.md	731	KR3e0070_WYG_031-46b
032.md	739	KR3e0070_WYG_031-47a
032.md	747	KR3e0070_WYG_031-47b
032.md	755	KR3e0070_WYG_031-48a
032.md	763	KR3e0070_WYG_031-48b
032.md	771	KR3e0070_WYG_031-49a
032.md	779	KR3e0070_WYG_031-49b
032.md	787	KR3e0070_WYG_031-50a
032.md	795	KR3e0070_WYG_031-50b
032.md	803	KR3e0070_WYG_031-51a
032.md	811	KR3e0070_WYG_031-51b
032.md	819	KR3e0070_WYG_031-52a
032.md	827	KR3e0070_WYG_031-52b
032.md	835	KR3e0070_WYG_031-53a
032.md	843	KR3e0070_WYG_031-53b
032.md	851	KR3e0070_WYG_031-54a
032.md	859	KR3e0070_WYG_031-54b
032.md	867	KR3e0070_WYG_031-55a
032.md	875	KR3e0070_WYG_031-55b
032.md	883	KR3e0070_WYG_031-56a
032.md	891	KR3e0070_WYG_031-56b
032.md	899	KR3e0070_WYG_031-57a
032.md	907	KR3e0070_WYG_031-57b
032.md	915	KR3e0070_WYG_031-58a
032.md	923	KR3e0070_WYG_031-58b
033.md	3	KR3e0070_WYG_032-1a
033.md	11	KR3e0070_WYG_032-1b
033.md	19	KR3e0070_WYG_032-2a
033.md	27	KR3e0070_WYG_032-2b
033.md	35	KR3e0070_WYG_032-3a
033.md	43	KR3e0070_WYG_032-3b
033.md	51	KR3e0070_WYG_032-4a
033.md	59	KR3e0070_WYG_032-4b
033.md	67	KR3e0070_WYG_032-5a
033.md	75	KR3e0070_WYG_032-5b
033.md	83	KR3e0070_WYG_032-6a
033.md	91	KR3e0070_WYG_032-6b
033.md	99	KR3e0070_WYG_032-7a
033.md	107	KR3e0070_WYG_032-7b
033.md	115	KR3e0070_WYG_032-8a
033.md	123	KR3e0070_WYG_032-8b
033.md	131	KR3e0070_WYG_032-9a
033.md	139	KR3e0070_WYG_032-9b
033.md	147	KR3e0070_WYG_032-10a
033.md	155	KR3e0070_WYG_032-10b
033.md	163	KR3e0070_WYG_032-11a
033.md	171	KR3e0070_WYG_032-11b
033.md	179	KR3e0070_WYG_032-12a
033.md	187	KR3e0070_WYG_032-12b
033.md	195	KR3e0070_WYG_032-13a
033.md	203	KR3e0070_WYG_032-13b
033.md	211	KR3e0070_WYG_032-14a
033.md	219	KR3e0070_WYG_032-14b
033.md	227	KR3e0070_WYG_032-15a
033.md	235	KR3e0070_WYG_032-15b
033.md	243	KR3e0070_WYG_032-16a
033.md	251	KR3e0070_WYG_032-16b
033.md	259	KR3e0070_WYG_032-17a
033.md	267	KR3e0070_WYG_032-17b
033.md	275	KR3e0070_WYG_032-18a
033.md	283	KR3e0070_WYG_032-18b
033.md	291	KR3e0070_WYG_032-19a
033.md	299	KR3e0070_WYG_032-19b
033.md	307	KR3e0070_WYG_032-20a
033.md	315	KR3e0070_WYG_032-20b
033.md	323	KR3e0070_WYG_032-21a
033.md	331	KR3e0070_WYG_032-21b
033.md	339	KR3e0070_WYG_032-22a
033.md	347	KR3e0070_WYG_032-22b
033.md	355	KR3e0070_WYG_032-23a
033.md	363	KR3e0070_WYG_032-23b
033.md	371	KR3e0070_WYG_032-24a
033.md	379	KR3e0070_WYG_032-24b
033.md	387	KR3e0070_WYG_032-25a
033.md	395	KR3e0070_WYG_032-25b
033.md	403	KR3e0070_WYG_032-26a
033.md	411	KR3e0070_WYG_032-26b
033.md	419	KR3e0070_WYG_032-27a
033.md	427	KR3e0070_WYG_032-27b
033.md	435	KR3e0070_WYG_032-28a
033.md	443	KR3e0070_WYG_032-28b
033.md	451	KR3e0070_WYG_032-29a
033.md	459	KR3e0070_WYG_032-29b
033.md	467	KR3e0070_WYG_032-30a
033.md	475	KR3e0070_WYG_032-30b
033.md	483	KR3e0070_WYG_032-31a
033.md	491	KR3e0070_WYG_032-31b
033.md	499	KR3e0070_WYG_032-32a
033.md	507	KR3e0070_WYG_032-32b
033.md	515	KR3e0070_WYG_032-33a
033.md	523	KR3e0070_WYG_032-33b
033.md	531	KR3e0070_WYG_032-34a
033.md	539	KR3e0070_WYG_032-34b
033.md	547	KR3e0070_WYG_032-35a
033.md	555	KR3e0070_WYG_032-35b
033.md	563	KR3e0070_WYG_032-36a
033.md	571	KR3e0070_WYG_032-36b
033.md	579	KR3e0070_WYG_032-37a
033.md	587	KR3e0070_WYG_032-37b
033.md	595	KR3e0070_WYG_032-38a
033.md	603	KR3e0070_WYG_032-38b
033.md	611	KR3e0070_WYG_032-39a
033.md	619	KR3e0070_WYG_032-39b
033.md	627	KR3e0070_WYG_032-40a
033.md	635	KR3e0070_WYG_032-40b
033.md	643	KR3e0070_WYG_032-41a
033.md	651	KR3e0070_WYG_032-41b
033.md	659	KR3e0070_WYG_032-42a
033.md	667	KR3e0070_WYG_032-42b
033.md	675	KR3e0070_WYG_032-43a
033.md	683	KR3e0070_WYG_032-43b
033.md	691	KR3e0070_WYG_032-44a
033.md	699	KR3e0070_WYG_032-44b
033.md	707	KR3e0070_WYG_032-45a
033.md	715	KR3e0070_WYG_032-45b
033.md	723	KR3e0070_WYG_032-46a
033.md	731	KR3e0070_WYG_032-46b
033.md	739	KR3e0070_WYG_032-47a
033.md	747	KR3e0070_WYG_032-47b
033.md	755	KR3e0070_WYG_032-48a
033.md	763	KR3e0070_WYG_032-48b
033.md	771	KR3e0070_WYG_032-49a
033.md	779	KR3e0070_WYG_032-49b
033.md	787	KR3e0070_WYG_032-50a
033.md	795	KR3e0070_WYG_032-50b
033.md	803	KR3e0070_WYG_032-51a
033.md	811	KR3e0070_WYG_032-51b
033.md	819	KR3e0070_WYG_032-52a
033.md	827	KR3e0070_WYG_032-52b
033.md	835	KR3e0070_WYG_032-53a
033.md	843	KR3e0070_WYG_032-53b
033.md	851	KR3e0070_WYG_032-54a
033.md	859	KR3e0070_WYG_032-54b
033.md	867	KR3e0070_WYG_032-55a
033.md	875	KR3e0070_WYG_032-55b
033.md	883	KR3e0070_WYG_032-56a
033.md	891	KR3e0070_WYG_032-56b
033.md	899	KR3e0070_WYG_032-57a
033.md	907	KR3e0070_WYG_032-57b
033.md	915	KR3e0070_WYG_032-58a
033.md	923	KR3e0070_WYG_032-58b
033.md	931	KR3e0070_WYG_032-59a
033.md	939	KR3e0070_WYG_032-59b
033.md	947	KR3e0070_WYG_032-60a
033.md	955	KR3e0070_WYG_032-60b
033.md	963	KR3e0070_WYG_032-61a
033.md	971	KR3e0070_WYG_032-61b
034.md	3	KR3e0070_WYG_033-1a
034.md	11	KR3e0070_WYG_033-1b
034.md	19	KR3e0070_WYG_033-2a
034.md	27	KR3e0070_WYG_033-2b
034.md	35	KR3e0070_WYG_033-3a
034.md	43	KR3e0070_WYG_033-3b
034.md	51	KR3e0070_WYG_033-4a
034.md	59	KR3e0070_WYG_033-4b
034.md	67	KR3e0070_WYG_033-5a
034.md	75	KR3e0070_WYG_033-5b
034.md	83	KR3e0070_WYG_033-6a
034.md	91	KR3e0070_WYG_033-6b
034.md	99	KR3e0070_WYG_033-7a
034.md	107	KR3e0070_WYG_033-7b
034.md	115	KR3e0070_WYG_033-8a
034.md	123	KR3e0070_WYG_033-8b
034.md	131	KR3e0070_WYG_033-9a
034.md	139	KR3e0070_WYG_033-9b
034.md	147	KR3e0070_WYG_033-10a
034.md	155	KR3e0070_WYG_033-10b
034.md	163	KR3e0070_WYG_033-11a
034.md	171	KR3e0070_WYG_033-11b
034.md	179	KR3e0070_WYG_033-12a
034.md	187	KR3e0070_WYG_033-12b
034.md	195	KR3e0070_WYG_033-13a
034.md	203	KR3e0070_WYG_033-13b
034.md	211	KR3e0070_WYG_033-14a
034.md	219	KR3e0070_WYG_033-14b
034.md	227	KR3e0070_WYG_033-15a
034.md	235	KR3e0070_WYG_033-15b
034.md	243	KR3e0070_WYG_033-16a
034.md	251	KR3e0070_WYG_033-16b
035.md	3	KR3e0070_WYG_034-1a
035.md	11	KR3e0070_WYG_034-1b
035.md	19	KR3e0070_WYG_034-2a
035.md	27	KR3e0070_WYG_034-2b
035.md	35	KR3e0070_WYG_034-3a
035.md	43	KR3e0070_WYG_034-3b
035.md	51	KR3e0070_WYG_034-4a
035.md	59	KR3e0070_WYG_034-4b
035.md	67	KR3e0070_WYG_034-5a
035.md	75	KR3e0070_WYG_034-5b
035.md	83	KR3e0070_WYG_034-6a
035.md	91	KR3e0070_WYG_034-6b
035.md	99	KR3e0070_WYG_034-7a
035.md	107	KR3e0070_WYG_034-7b
035.md	115	KR3e0070_WYG_034-8a
035.md	123	KR3e0070_WYG_034-8b
035.md	131	KR3e0070_WYG_034-9a
035.md	139	KR3e0070_WYG_034-9b
035.md	147	KR3e0070_WYG_034-10a
035.md	155	KR3e0070_WYG_034-10b
035.md	163	KR3e0070_WYG_034-11a
035.md	171	KR3e0070_WYG_034-11b
035.md	179	KR3e0070_WYG_034-12a
035.md	187	KR3e0070_WYG_034-12b
035.md	195	KR3e0070_WYG_034-13a
035.md	203	KR3e0070_WYG_034-13b
035.md	211	KR3e0070_WYG_034-14a
035.md	219	KR3e0070_WYG_034-14b
035.md	227	KR3e0070_WYG_034-15a
035.md	235	KR3e0070_WYG_034-15b
035.md	243	KR3e0070_WYG_034-16a
035.md	251	KR3e0070_WYG_034-16b
035.md	259	KR3e0070_WYG_034-17a
035.md	267	KR3e0070_WYG_034-17b
036.md	3	KR3e0070_WYG_035-1a
036.md	11	KR3e0070_WYG_035-1b
036.md	19	KR3e0070_WYG_035-2a
036.md	27	KR3e0070_WYG_035-2b
036.md	35	KR3e0070_WYG_035-3a
036.md	43	KR3e0070_WYG_035-3b
036.md	51	KR3e0070_WYG_035-4a
036.md	59	KR3e0070_WYG_035-4b
036.md	67	KR3e0070_WYG_035-5a
036.md	75	KR3e0070_WYG_035-5b
036.md	83	KR3e0070_WYG_035-6a
036.md	91	KR3e0070_WYG_035-6b
036.md	99	KR3e0070_WYG_035-7a
036.md	107	KR3e0070_WYG_035-7b
036.md	115	KR3e0070_WYG_035-8a
036.md	123	KR3e0070_WYG_035-8b
036.md	131	KR3e0070_WYG_035-9a
036.md	139	KR3e0070_WYG_035-9b
036.md	147	KR3e0070_WYG_035-10a
036.md	155	KR3e0070_WYG_035-10b
036.md	163	KR3e0070_WYG_035-11a
036.md	171	KR3e0070_WYG_035-11b
037.md	3	KR3e0070_WYG_036-1a
037.md	11	KR3e0070_WYG_036-1b
037.md	19	KR3e0070_WYG_036-2a
037.md	27	KR3e0070_WYG_036-2b
037.md	35	KR3e0070_WYG_036-3a
037.md	43	KR3e0070_WYG_036-3b
037.md	51	KR3e0070_WYG_036-4a
037.md	59	KR3e0070_WYG_036-4b
037.md	67	KR3e0070_WYG_036-5a
037.md	75	KR3e0070_WYG_036-5b
037.md	83	KR3e0070_WYG_036-6a
037.md	91	KR3e0070_WYG_036-6b
037.md	99	KR3e0070_WYG_036-7a
037.md	107	KR3e0070_WYG_036-7b
037.md	115	KR3e0070_WYG_036-8a
037.md	123	KR3e0070_WYG_036-8b
037.md	131	KR3e0070_WYG_036-9a
037.md	139	KR3e0070_WYG_036-9b
037.md	147	KR3e0070_WYG_036-10a
037.md	155	KR3e0070_WYG_036-10b
037.md	163	KR3e0070_WYG_036-11a
037.md	171	KR3e0070_WYG_036-11b
037.md	179	KR3e0070_WYG_036-12a
037.md	187	KR3e0070_WYG_036-12b
037.md	195	KR3e0070_WYG_036-13a
037.md	203	KR3e0070_WYG_036-13b
037.md	211	KR3e0070_WYG_036-14a
037.md	219	KR3e0070_WYG_036-14b
037.md	227	KR3e0070_WYG_036-15a
037.md	235	KR3e0070_WYG_036-15b
037.md	243	KR3e0070_WYG_036-16a
037.md	251	KR3e0070_WYG_036-16b
037.md	259	KR3e0070_WYG_036-17a
037.md	267	KR3e0070_WYG_036-17b
037.md	275	KR3e0070_WYG_036-18a
037.md	283	KR3e0070_WYG_036-18b
037.md	291	KR3e0070_WYG_036-19a
037.md	299	KR3e0070_WYG_036-19b
037.md	307	KR3e0070_WYG_036-20a
037.md	315	KR3e0070_WYG_036-20b
037.md	323	KR3e0070_WYG_036-21a
037.md	331	KR3e0070_WYG_036-21b
037.md	339	KR3e0070_WYG_036-22a
037.md	347	KR3e0070_WYG_036-22b
037.md	355	KR3e0070_WYG_036-23a
037.md	363	KR3e0070_WYG_036-23b
037.md	371	KR3e0070_WYG_036-24a
037.md	379	KR3e0070_WYG_036-24b
037.md	387	KR3e0070_WYG_036-25a
037.md	395	KR3e0070_WYG_036-25b
037.md	403	KR3e0070_WYG_036-26a
037.md	411	KR3e0070_WYG_036-26b
037.md	419	KR3e0070_WYG_036-27a
037.md	427	KR3e0070_WYG_036-27b
037.md	435	KR3e0070_WYG_036-28a
037.md	443	KR3e0070_WYG_036-28b
037.md	451	KR3e0070_WYG_036-29a
037.md	459	KR3e0070_WYG_036-29b
037.md	467	KR3e0070_WYG_036-30a
037.md	475	KR3e0070_WYG_036-30b
037.md	483	KR3e0070_WYG_036-31a
037.md	491	KR3e0070_WYG_036-31b
037.md	499	KR3e0070_WYG_036-32a
037.md	507	KR3e0070_WYG_036-32b
037.md	515	KR3e0070_WYG_036-33a
037.md	523	KR3e0070_WYG_036-33b
037.md	531	KR3e0070_WYG_036-34a
037.md	539	KR3e0070_WYG_036-34b
037.md	547	KR3e0070_WYG_036-35a
037.md	555	KR3e0070_WYG_036-35b
037.md	563	KR3e0070_WYG_036-36a
037.md	571	KR3e0070_WYG_036-36b
037.md	579	KR3e0070_WYG_036-37a
037.md	587	KR3e0070_WYG_036-37b
037.md	595	KR3e0070_WYG_036-38a
037.md	603	KR3e0070_WYG_036-38b
037.md	611	KR3e0070_WYG_036-39a
037.md	619	KR3e0070_WYG_036-39b
037.md	627	KR3e0070_WYG_036-40a
037.md	635	KR3e0070_WYG_036-40b
038.md	3	KR3e0070_WYG_037-1a
038.md	11	KR3e0070_WYG_037-1b
038.md	19	KR3e0070_WYG_037-2a
038.md	27	KR3e0070_WYG_037-2b
038.md	35	KR3e0070_WYG_037-3a
038.md	43	KR3e0070_WYG_037-3b
038.md	51	KR3e0070_WYG_037-4a
038.md	59	KR3e0070_WYG_037-4b
038.md	67	KR3e0070_WYG_037-5a
038.md	75	KR3e0070_WYG_037-5b
038.md	83	KR3e0070_WYG_037-6a
038.md	91	KR3e0070_WYG_037-6b
038.md	99	KR3e0070_WYG_037-7a
038.md	107	KR3e0070_WYG_037-7b
038.md	115	KR3e0070_WYG_037-8a
038.md	123	KR3e0070_WYG_037-8b
038.md	131	KR3e0070_WYG_037-9a
038.md	139	KR3e0070_WYG_037-9b
038.md	147	KR3e0070_WYG_037-10a
038.md	155	KR3e0070_WYG_037-10b
038.md	163	KR3e0070_WYG_037-11a
038.md	171	KR3e0070_WYG_037-11b
038.md	179	KR3e0070_WYG_037-12a
038.md	187	KR3e0070_WYG_037-12b
038.md	195	KR3e0070_WYG_037-13a
038.md	203	KR3e0070_WYG_037-13b
038.md	211	KR3e0070_WYG_037-14a
038.md	219	KR3e0070_WYG_037-14b
038.md	227	KR3e0070_WYG_037-15a
038.md	235	KR3e0070_WYG_037-15b
038.md	243	KR3e0070_WYG_037-16a
038.md	251	KR3e0070_WYG_037-16b
038.md	259	KR3e0070_WYG_037-17a
038.md	267	KR3e0070_WYG_037-17b
038.md	275	KR3e0070_WYG_037-18a
038.md	283	KR3e0070_WYG_037-18b
038.md	291	KR3e0070_WYG_037-19a
038.md	299	KR3e0070_WYG_037-19b
038.md	307	KR3e0070_WYG_037-20a
038.md	315	KR3e0070_WYG_037-20b
039.md	3	KR3e0070_WYG_038-1a
039.md	11	KR3e0070_WYG_038-1b
039.md	19	KR3e0070_WYG_038-2a
039.md	27	KR3e0070_WYG_038-2b
039.md	35	KR3e0070_WYG_038-3a
039.md	43	KR3e0070_WYG_038-3b
039.md	51	KR3e0070_WYG_038-4a
039.md	59	KR3e0070_WYG_038-4b
039.md	67	KR3e0070_WYG_038-5a
039.md	75	KR3e0070_WYG_038-5b
039.md	83	KR3e0070_WYG_038-6a
039.md	91	KR3e0070_WYG_038-6b
039.md	99	KR3e0070_WYG_038-7a
039.md	107	KR3e0070_WYG_038-7b
039.md	115	KR3e0070_WYG_038-8a
039.md	123	KR3e0070_WYG_038-8b
039.md	131	KR3e0070_WYG_038-9a
039.md	139	KR3e0070_WYG_038-9b
039.md	147	KR3e0070_WYG_038-10a
039.md	155	KR3e0070_WYG_038-10b
039.md	163	KR3e0070_WYG_038-11a
039.md	171	KR3e0070_WYG_038-11b
039.md	179	KR3e0070_WYG_038-12a
039.md	187	KR3e0070_WYG_038-12b
039.md	195	KR3e0070_WYG_038-13a
039.md	203	KR3e0070_WYG_038-13b
039.md	211	KR3e0070_WYG_038-14a
039.md	219	KR3e0070_WYG_038-14b
039.md	227	KR3e0070_WYG_038-15a
039.md	235	KR3e0070_WYG_038-15b
039.md	243	KR3e0070_WYG_038-16a
039.md	251	KR3e0070_WYG_038-16b
039.md	259	KR3e0070_WYG_038-17a
039.md	267	KR3e0070_WYG_038-17b
039.md	275	KR3e0070_WYG_038-18a
039.md	283	KR3e0070_WYG_038-18b
039.md	291	KR3e0070_WYG_038-19a
039.md	299	KR3e0070_WYG_038-19b
039.md	307	KR3e0070_WYG_038-20a
039.md	315	KR3e0070_WYG_038-20b
039.md	323	KR3e0070_WYG_038-21a
039.md	331	KR3e0070_WYG_038-21b
039.md	339	KR3e0070_WYG_038-22a
039.md	347	KR3e0070_WYG_038-22b
039.md	355	KR3e0070_WYG_038-23a
039.md	363	KR3e0070_WYG_038-23b
039.md	371	KR3e0070_WYG_038-24a
039.md	379	KR3e0070_WYG_038-24b
039.md	387	KR3e0070_WYG_038-25a
039.md	395	KR3e0070_WYG_038-25b
040.md	3	KR3e0070_WYG_039-1a
040.md	11	KR3e0070_WYG_039-1b
040.md	19	KR3e0070_WYG_039-2a
040.md	27	KR3e0070_WYG_039-2b
040.md	35	KR3e0070_WYG_039-3a
040.md	43	KR3e0070_WYG_039-3b
040.md	51	KR3e0070_WYG_039-4a
040.md	59	KR3e0070_WYG_039-4b
040.md	67	KR3e0070_WYG_039-5a
040.md	75	KR3e0070_WYG_039-5b
040.md	83	KR3e0070_WYG_039-6a
040.md	91	KR3e0070_WYG_039-6b
040.md	99	KR3e0070_WYG_039-7a
040.md	107	KR3e0070_WYG_039-7b
040.md	115	KR3e0070_WYG_039-8a
040.md	123	KR3e0070_WYG_039-8b
040.md	131	KR3e0070_WYG_039-9a
040.md	139	KR3e0070_WYG_039-9b
040.md	147	KR3e0070_WYG_039-10a
040.md	155	KR3e0070_WYG_039-10b
040.md	163	KR3e0070_WYG_039-11a
040.md	171	KR3e0070_WYG_039-11b
040.md	179	KR3e0070_WYG_039-12a
040.md	187	KR3e0070_WYG_039-12b
040.md	195	KR3e0070_WYG_039-13a
040.md	203	KR3e0070_WYG_039-13b
040.md	211	KR3e0070_WYG_039-14a
040.md	219	KR3e0070_WYG_039-14b
040.md	227	KR3e0070_WYG_039-15a
040.md	235	KR3e0070_WYG_039-15b
040.md	243	KR3e0070_WYG_039-16a
040.md	251	KR3e0070_WYG_039-16b
040.md	259	KR3e0070_WYG_039-17a
040.md	267	KR3e0070_WYG_039-17b
040.md	275	KR3e0070_WYG_039-18a
040.md	283	KR3e0070_WYG_039-18b
040.md	291	KR3e0070_WYG_039-19a
040.md	299	KR3e0070_WYG_039-19b
040.md	307	KR3e0070_WYG_039-20a
040.md	315	KR3e0070_WYG_039-20b
040.md	323	KR3e0070_WYG_039-21a
040.md	331	KR3e0070_WYG_039-21b
040.md	339	KR3e0070_WYG_039-22a
040.md	347	KR3e0070_WYG_039-22b
040.md	355	KR3e0070_WYG_039-23a
040.md	363	KR3e0070_WYG_039-23b
040.md	371	KR3e0070_WYG_039-24a
040.md	379	KR3e0070_WYG_039-24b
040.md	387	KR3e0070_WYG_039-25a
040.md	395	KR3e0070_WYG_039-25b
041.md	3	KR3e0070_WYG_040-1a
041.md	11	KR3e0070_WYG_040-1b
041.md	19	KR3e0070_WYG_040-2a
041.md	27	KR3e0070_WYG_040-2b
041.md	35	KR3e0070_WYG_040-3a
041.md	43	KR3e0070_WYG_040-3b
041.md	51	KR3e0070_WYG_040-4a
041.md	59	KR3e0070_WYG_040-4b
041.md	67	KR3e0070_WYG_040-5a
041.md	75	KR3e0070_WYG_040-5b
041.md	83	KR3e0070_WYG_040-6a
041.md	91	KR3e0070_WYG_040-6b
041.md	99	KR3e0070_WYG_040-7a
041.md	107	KR3e0070_WYG_040-7b
041.md	115	KR3e0070_WYG_040-8a
041.md	123	KR3e0070_WYG_040-8b
041.md	131	KR3e0070_WYG_040-9a
041.md	139	KR3e0070_WYG_040-9b
041.md	147	KR3e0070_WYG_040-10a
041.md	155	KR3e0070_WYG_040-10b
041.md	163	KR3e0070_WYG_040-11a
041.md	171	KR3e0070_WYG_040-11b
041.md	179	KR3e0070_WYG_040-12a
041.md	187	KR3e0070_WYG_040-12b
041.md	195	KR3e0070_WYG_040-13a
041.md	203	KR3e0070_WYG_040-13b
041.md	211	KR3e0070_WYG_040-14a
041.md	219	KR3e0070_WYG_040-14b
041.md	227	KR3e0070_WYG_040-15a
041.md	235	KR3e0070_WYG_040-15b
041.md	243	KR3e0070_WYG_040-16a
041.md	251	KR3e0070_WYG_040-16b
041.md	259	KR3e0070_WYG_040-17a
041.md	267	KR3e0070_WYG_040-17b
041.md	275	KR3e0070_WYG_040-18a
041.md	283	KR3e0070_WYG_040-18b
041.md	291	KR3e0070_WYG_040-19a
041.md	299	KR3e0070_WYG_040-19b
041.md	307	KR3e0070_WYG_040-20a
041.md	315	KR3e0070_WYG_040-20b
042.md	3	KR3e0070_WYG_041-1a
042.md	11	KR3e0070_WYG_041-1b
042.md	19	KR3e0070_WYG_041-2a
042.md	27	KR3e0070_WYG_041-2b
042.md	35	KR3e0070_WYG_041-3a
042.md	43	KR3e0070_WYG_041-3b
042.md	51	KR3e0070_WYG_041-4a
042.md	59	KR3e0070_WYG_041-4b
042.md	67	KR3e0070_WYG_041-5a
042.md	75	KR3e0070_WYG_041-5b
042.md	83	KR3e0070_WYG_041-6a
042.md	91	KR3e0070_WYG_041-6b
042.md	99	KR3e0070_WYG_041-7a
042.md	107	KR3e0070_WYG_041-7b
042.md	115	KR3e0070_WYG_041-8a
042.md	123	KR3e0070_WYG_041-8b
042.md	131	KR3e0070_WYG_041-9a
042.md	139	KR3e0070_WYG_041-9b
042.md	147	KR3e0070_WYG_041-10a
042.md	155	KR3e0070_WYG_041-10b
042.md	163	KR3e0070_WYG_041-11a
042.md	171	KR3e0070_WYG_041-11b
042.md	179	KR3e0070_WYG_041-12a
042.md	187	KR3e0070_WYG_041-12b
042.md	195	KR3e0070_WYG_041-13a
042.md	203	KR3e0070_WYG_041-13b
042.md	211	KR3e0070_WYG_041-14a
042.md	219	KR3e0070_WYG_041-14b
042.md	227	KR3e0070_WYG_041-15a
042.md	235	KR3e0070_WYG_041-15b
042.md	243	KR3e0070_WYG_041-16a
042.md	251	KR3e0070_WYG_041-16b
042.md	259	KR3e0070_WYG_041-17a
042.md	267	KR3e0070_WYG_041-17b
043.md	3	KR3e0070_WYG_042-1a
043.md	11	KR3e0070_WYG_042-1b
043.md	19	KR3e0070_WYG_042-2a
043.md	27	KR3e0070_WYG_042-2b
043.md	35	KR3e0070_WYG_042-3a
043.md	43	KR3e0070_WYG_042-3b
043.md	51	KR3e0070_WYG_042-4a
043.md	59	KR3e0070_WYG_042-4b
043.md	67	KR3e0070_WYG_042-5a
043.md	75	KR3e0070_WYG_042-5b
043.md	83	KR3e0070_WYG_042-6a
043.md	91	KR3e0070_WYG_042-6b
043.md	99	KR3e0070_WYG_042-7a
043.md	107	KR3e0070_WYG_042-7b
043.md	115	KR3e0070_WYG_042-8a
043.md	123	KR3e0070_WYG_042-8b
043.md	131	KR3e0070_WYG_042-9a
043.md	139	KR3e0070_WYG_042-9b
043.md	147	KR3e0070_WYG_042-10a
043.md	155	KR3e0070_WYG_042-10b
043.md	163	KR3e0070_WYG_042-11a
043.md	171	KR3e0070_WYG_042-11b
043.md	179	KR3e0070_WYG_042-12a
043.md	187	KR3e0070_WYG_042-12b
043.md	195	KR3e0070_WYG_042-13a
043.md	203	KR3e0070_WYG_042-13b
044.md	3	KR3e0070_WYG_043-1a
044.md	11	KR3e0070_WYG_043-1b
044.md	19	KR3e0070_WYG_043-2a
044.md	27	KR3e0070_WYG_043-2b
044.md	35	KR3e0070_WYG_043-3a
044.md	43	KR3e0070_WYG_043-3b
044.md	51	KR3e0070_WYG_043-4a
044.md	59	KR3e0070_WYG_043-4b
044.md	67	KR3e0070_WYG_043-5a
044.md	75	KR3e0070_WYG_043-5b
044.md	83	KR3e0070_WYG_043-6a
044.md	91	KR3e0070_WYG_043-6b
044.md	99	KR3e0070_WYG_043-7a
044.md	107	KR3e0070_WYG_043-7b
044.md	115	KR3e0070_WYG_043-8a
044.md	123	KR3e0070_WYG_043-8b
044.md	131	KR3e0070_WYG_043-9a
044.md	139	KR3e0070_WYG_043-9b
044.md	147	KR3e0070_WYG_043-10a
044.md	155	KR3e0070_WYG_043-10b
044.md	163	KR3e0070_WYG_043-11a
044.md	171	KR3e0070_WYG_043-11b
044.md	179	KR3e0070_WYG_043-12a
044.md	187	KR3e0070_WYG_043-12b
044.md	195	KR3e0070_WYG_043-13a
044.md	203	KR3e0070_WYG_043-13b
044.md	211	KR3e0070_WYG_043-14a
044.md	219	KR3e0070_WYG_043-14b
044.md	227	KR3e0070_WYG_043-15a
044.md	235	KR3e0070_WYG_043-15b
044.md	243	KR3e0070_WYG_043-16a
044.md	251	KR3e0070_WYG_043-16b
044.md	259	KR3e0070_WYG_043-17a
044.md	267	KR3e0070_WYG_043-17b
044.md	275	KR3e0070_WYG_043-18a
044.md	283	KR3e0070_WYG_043-18b
044.md	291	KR3e0070_WYG_043-19a
044.md	299	KR3e0070_WYG_043-19b
044.md	307	KR3e0070_WYG_043-20a
044.md	315	KR3e0070_WYG_043-20b
044.md	323	KR3e0070_WYG_043-21a
044.md	331	KR3e0070_WYG_043-21b
044.md	339	KR3e0070_WYG_043-22a
044.md	347	KR3e0070_WYG_043-22b
044.md	355	KR3e0070_WYG_043-23a
044.md	363	KR3e0070_WYG_043-23b
045.md	3	KR3e0070_WYG_044-1a
045.md	11	KR3e0070_WYG_044-1b
045.md	19	KR3e0070_WYG_044-2a
045.md	27	KR3e0070_WYG_044-2b
045.md	35	KR3e0070_WYG_044-3a
045.md	43	KR3e0070_WYG_044-3b
045.md	51	KR3e0070_WYG_044-4a
045.md	59	KR3e0070_WYG_044-4b
045.md	67	KR3e0070_WYG_044-5a
045.md	75	KR3e0070_WYG_044-5b
045.md	83	KR3e0070_WYG_044-6a
045.md	91	KR3e0070_WYG_044-6b
045.md	99	KR3e0070_WYG_044-7a
045.md	107	KR3e0070_WYG_044-7b
045.md	115	KR3e0070_WYG_044-8a
045.md	123	KR3e0070_WYG_044-8b
045.md	131	KR3e0070_WYG_044-9a
045.md	139	KR3e0070_WYG_044-9b
045.md	147	KR3e0070_WYG_044-10a
045.md	155	KR3e0070_WYG_044-10b
045.md	163	KR3e0070_WYG_044-11a
045.md	171	KR3e0070_WYG_044-11b
045.md	179	KR3e0070_WYG_044-12a
045.md	187	KR3e0070_WYG_044-12b
045.md	195	KR3e0070_WYG_044-13a
045.md	203	KR3e0070_WYG_044-13b
045.md	211	KR3e0070_WYG_044-14a
045.md	219	KR3e0070_WYG_044-14b
045.md	227	KR3e0070_WYG_044-15a
045.md	235	KR3e0070_WYG_044-15b
045.md	243	KR3e0070_WYG_044-16a
045.md	251	KR3e0070_WYG_044-16b
045.md	259	KR3e0070_WYG_044-17a
045.md	267	KR3e0070_WYG_044-17b
045.md	275	KR3e0070_WYG_044-18a
045.md	283	KR3e0070_WYG_044-18b
045.md	291	KR3e0070_WYG_044-19a
045.md	299	KR3e0070_WYG_044-19b
045.md	307	KR3e0070_WYG_044-20a
045.md	315	KR3e0070_WYG_044-20b
045.md	323	KR3e0070_WYG_044-21a
045.md	331	KR3e0070_WYG_044-21b
046.md	3	KR3e0070_WYG_045-1a
046.md	11	KR3e0070_WYG_045-1b
046.md	19	KR3e0070_WYG_045-2a
046.md	27	KR3e0070_WYG_045-2b
046.md	35	KR3e0070_WYG_045-3a
046.md	43	KR3e0070_WYG_045-3b
046.md	51	KR3e0070_WYG_045-4a
046.md	59	KR3e0070_WYG_045-4b
046.md	67	KR3e0070_WYG_045-5a
046.md	75	KR3e0070_WYG_045-5b
046.md	83	KR3e0070_WYG_045-6a
046.md	91	KR3e0070_WYG_045-6b
046.md	99	KR3e0070_WYG_045-7a
046.md	107	KR3e0070_WYG_045-7b
046.md	115	KR3e0070_WYG_045-8a
046.md	123	KR3e0070_WYG_045-8b
046.md	131	KR3e0070_WYG_045-9a
046.md	139	KR3e0070_WYG_045-9b
046.md	147	KR3e0070_WYG_045-10a
046.md	155	KR3e0070_WYG_045-10b
046.md	163	KR3e0070_WYG_045-11a
046.md	171	KR3e0070_WYG_045-11b
046.md	179	KR3e0070_WYG_045-12a
046.md	187	KR3e0070_WYG_045-12b
046.md	195	KR3e0070_WYG_045-13a
046.md	203	KR3e0070_WYG_045-13b
046.md	211	KR3e0070_WYG_045-14a
046.md	219	KR3e0070_WYG_045-14b
046.md	227	KR3e0070_WYG_045-15a
046.md	235	KR3e0070_WYG_045-15b
046.md	243	KR3e0070_WYG_045-16a
046.md	251	KR3e0070_WYG_045-16b
046.md	259	KR3e0070_WYG_045-17a
046.md	267	KR3e0070_WYG_045-17b
046.md	275	KR3e0070_WYG_045-18a
046.md	283	KR3e0070_WYG_045-18b
046.md	291	KR3e0070_WYG_045-19a
046.md	299	KR3e0070_WYG_045-19b
047.md	3	KR3e0070_WYG_046-1a
047.md	11	KR3e0070_WYG_046-1b
047.md	19	KR3e0070_WYG_046-2a
047.md	27	KR3e0070_WYG_046-2b
047.md	35	KR3e0070_WYG_046-3a
047.md	43	KR3e0070_WYG_046-3b
047.md	51	KR3e0070_WYG_046-4a
047.md	59	KR3e0070_WYG_046-4b
047.md	67	KR3e0070_WYG_046-5a
047.md	75	KR3e0070_WYG_046-5b
047.md	83	KR3e0070_WYG_046-6a
047.md	91	KR3e0070_WYG_046-6b
047.md	99	KR3e0070_WYG_046-7a
047.md	107	KR3e0070_WYG_046-7b
047.md	115	KR3e0070_WYG_046-8a
047.md	123	KR3e0070_WYG_046-8b
047.md	131	KR3e0070_WYG_046-9a
047.md	139	KR3e0070_WYG_046-9b
047.md	147	KR3e0070_WYG_046-10a
047.md	155	KR3e0070_WYG_046-10b
047.md	163	KR3e0070_WYG_046-11a
047.md	171	KR3e0070_WYG_046-11b
047.md	179	KR3e0070_WYG_046-12a
047.md	187	KR3e0070_WYG_046-12b
047.md	195	KR3e0070_WYG_046-13a
047.md	203	KR3e0070_WYG_046-13b
047.md	211	KR3e0070_WYG_046-14a
047.md	219	KR3e0070_WYG_046-14b
047.md	227	KR3e0070_WYG_046-15a
047.md	235	KR3e0070_WYG_046-15b
047.md	243	KR3e0070_WYG_046-16a
047.md	251	KR3e0070_WYG_046-16b
047.md	259	KR3e0070_WYG_046-17a
047.md	267	KR3e0070_WYG_046-17b
047.md	275	KR3e0070_WYG_046-18a
047.md	283	KR3e0070_WYG_046-18b
047.md	291	KR3e0070_WYG_046-19a
047.md	299	KR3e0070_WYG_046-19b
047.md	307	KR3e0070_WYG_046-20a
047.md	315	KR3e0070_WYG_046-20b
047.md	323	KR3e0070_WYG_046-21a
047.md	331	KR3e0070_WYG_046-21b
048.md	3	KR3e0070_WYG_047-1a
048.md	11	KR3e0070_WYG_047-1b
048.md	19	KR3e0070_WYG_047-2a
048.md	27	KR3e0070_WYG_047-2b
048.md	35	KR3e0070_WYG_047-3a
048.md	43	KR3e0070_WYG_047-3b
048.md	51	KR3e0070_WYG_047-4a
048.md	59	KR3e0070_WYG_047-4b
048.md	67	KR3e0070_WYG_047-5a
048.md	75	KR3e0070_WYG_047-5b
048.md	83	KR3e0070_WYG_047-6a
048.md	91	KR3e0070_WYG_047-6b
048.md	99	KR3e0070_WYG_047-7a
048.md	107	KR3e0070_WYG_047-7b
048.md	115	KR3e0070_WYG_047-8a
048.md	123	KR3e0070_WYG_047-8b
048.md	131	KR3e0070_WYG_047-9a
048.md	139	KR3e0070_WYG_047-9b
048.md	147	KR3e0070_WYG_047-10a
048.md	155	KR3e0070_WYG_047-10b
048.md	163	KR3e0070_WYG_047-11a
048.md	171	KR3e0070_WYG_047-11b
048.md	179	KR3e0070_WYG_047-12a
048.md	187	KR3e0070_WYG_047-12b
048.md	195	KR3e0070_WYG_047-13a
048.md	203	KR3e0070_WYG_047-13b
048.md	211	KR3e0070_WYG_047-14a
048.md	219	KR3e0070_WYG_047-14b
048.md	227	KR3e0070_WYG_047-15a
048.md	235	KR3e0070_WYG_047-15b
048.md	243	KR3e0070_WYG_047-16a
048.md	251	KR3e0070_WYG_047-16b
048.md	259	KR3e0070_WYG_047-17a
048.md	267	KR3e0070_WYG_047-17b
048.md	275	KR3e0070_WYG_047-18a
048.md	283	KR3e0070_WYG_047-18b
048.md	291	KR3e0070_WYG_047-19a
048.md	299	KR3e0070_WYG_047-19b
048.md	307	KR3e0070_WYG_047-20a
048.md	315	KR3e0070_WYG_047-20b
048.md	323	KR3e0070_WYG_047-21a
048.md	331	KR3e0070_WYG_047-21b
048.md	339	KR3e0070_WYG_047-22a
048.md	347	KR3e0070_WYG_047-22b
049.md	3	KR3e0070_WYG_048-1a
049.md	11	KR3e0070_WYG_048-1b
049.md	19	KR3e0070_WYG_048-2a
049.md	27	KR3e0070_WYG_048-2b
049.md	35	KR3e0070_WYG_048-3a
049.md	43	KR3e0070_WYG_048-3b
049.md	51	KR3e0070_WYG_048-4a
049.md	59	KR3e0070_WYG_048-4b
049.md	67	KR3e0070_WYG_048-5a
049.md	75	KR3e0070_WYG_048-5b
049.md	83	KR3e0070_WYG_048-6a
049.md	91	KR3e0070_WYG_048-6b
049.md	99	KR3e0070_WYG_048-7a
049.md	107	KR3e0070_WYG_048-7b
049.md	115	KR3e0070_WYG_048-8a
049.md	123	KR3e0070_WYG_048-8b
049.md	131	KR3e0070_WYG_048-9a
049.md	139	KR3e0070_WYG_048-9b
049.md	147	KR3e0070_WYG_048-10a
049.md	155	KR3e0070_WYG_048-10b
049.md	163	KR3e0070_WYG_048-11a
049.md	171	KR3e0070_WYG_048-11b
049.md	179	KR3e0070_WYG_048-12a
049.md	187	KR3e0070_WYG_048-12b
049.md	195	KR3e0070_WYG_048-13a
049.md	203	KR3e0070_WYG_048-13b
049.md	211	KR3e0070_WYG_048-14a
049.md	219	KR3e0070_WYG_048-14b
049.md	227	KR3e0070_WYG_048-15a
049.md	235	KR3e0070_WYG_048-15b
049.md	243	KR3e0070_WYG_048-16a
049.md	251	KR3e0070_WYG_048-16b
049.md	259	KR3e0070_WYG_048-17a
049.md	267	KR3e0070_WYG_048-17b
049.md	275	KR3e0070_WYG_048-18a
049.md	283	KR3e0070_WYG_048-18b
049.md	291	KR3e0070_WYG_048-19a
049.md	299	KR3e0070_WYG_048-19b
049.md	307	KR3e0070_WYG_048-20a
049.md	315	KR3e0070_WYG_048-20b
049.md	323	KR3e0070_WYG_048-21a
049.md	331	KR3e0070_WYG_048-21b
049.md	339	KR3e0070_WYG_048-22a
049.md	347	KR3e0070_WYG_048-22b
049.md	355	KR3e0070_WYG_048-23a
049.md	363	KR3e0070_WYG_048-23b
049.md	371	KR3e0070_WYG_048-24a
049.md	379	KR3e0070_WYG_048-24b
049.md	387	KR3e0070_WYG_048-25a
049.md	395	KR3e0070_WYG_048-25b
049.md	403	KR3e0070_WYG_048-26a
049.md	411	KR3e0070_WYG_048-26b
049.md	419	KR3e0070_WYG_048-27a
049.md	427	KR3e0070_WYG_048-27b
049.md	435	KR3e0070_WYG_048-28a
049.md	443	KR3e0070_WYG_048-28b
049.md	451	KR3e0070_WYG_048-29a
049.md	459	KR3e0070_WYG_048-29b
049.md	467	KR3e0070_WYG_048-30a
049.md	475	KR3e0070_WYG_048-30b
049.md	483	KR3e0070_WYG_048-31a
049.md	491	KR3e0070_WYG_048-31b
049.md	499	KR3e0070_WYG_048-32a
049.md	507	KR3e0070_WYG_048-32b
049.md	515	KR3e0070_WYG_048-33a
049.md	523	KR3e0070_WYG_048-33b
049.md	531	KR3e0070_WYG_048-34a
049.md	539	KR3e0070_WYG_048-34b
049.md	547	KR3e0070_WYG_048-35a
049.md	555	KR3e0070_WYG_048-35b
049.md	563	KR3e0070_WYG_048-36a
049.md	571	KR3e0070_WYG_048-36b
049.md	579	KR3e0070_WYG_048-37a
049.md	587	KR3e0070_WYG_048-37b
049.md	595	KR3e0070_WYG_048-38a
049.md	603	KR3e0070_WYG_048-38b
049.md	611	KR3e0070_WYG_048-39a
049.md	619	KR3e0070_WYG_048-39b
049.md	627	KR3e0070_WYG_048-40a
049.md	635	KR3e0070_WYG_048-40b
049.md	643	KR3e0070_WYG_048-41a
049.md	651	KR3e0070_WYG_048-41b
049.md	659	KR3e0070_WYG_048-42a
049.md	667	KR3e0070_WYG_048-42b
049.md	675	KR3e0070_WYG_048-43a
049.md	683	KR3e0070_WYG_048-43b
049.md	691	KR3e0070_WYG_048-44a
049.md	699	KR3e0070_WYG_048-44b
049.md	707	KR3e0070_WYG_048-45a
049.md	715	KR3e0070_WYG_048-45b
049.md	723	KR3e0070_WYG_048-46a
049.md	731	KR3e0070_WYG_048-46b
049.md	739	KR3e0070_WYG_048-47a
049.md	747	KR3e0070_WYG_048-47b
049.md	755	KR3e0070_WYG_048-48a
049.md	763	KR3e0070_WYG_048-48b
049.md	771	KR3e0070_WYG_048-49a
049.md	779	KR3e0070_WYG_048-49b
049.md	787	KR3e0070_WYG_048-50a
049.md	795	KR3e0070_WYG_048-50b
049.md	803	KR3e0070_WYG_048-51a
049.md	811	KR3e0070_WYG_048-51b
049.md	819	KR3e0070_WYG_048-52a
049.md	827	KR3e0070_WYG_048-52b
049.md	835	KR3e0070_WYG_048-53a
049.md	843	KR3e0070_WYG_048-53b
049.md	851	KR3e0070_WYG_048-54a
049.md	859	KR3e0070_WYG_048-54b
049.md	867	KR3e0070_WYG_048-55a
049.md	875	KR3e0070_WYG_048-55b
049.md	883	KR3e0070_WYG_048-56a
049.md	891	KR3e0070_WYG_048-56b
049.md	899	KR3e0070_WYG_048-57a
049.md	907	KR3e0070_WYG_048-57b
049.md	915	KR3e0070_WYG_048-58a
049.md	923	KR3e0070_WYG_048-58b
049.md	931	KR3e0070_WYG_048-59a
049.md	939	KR3e0070_WYG_048-59b
049.md	947	KR3e0070_WYG_048-60a
049.md	955	KR3e0070_WYG_048-60b
049.md	963	KR3e0070_WYG_048-61a
049.md	971	KR3e0070_WYG_048-61b
049.md	979	KR3e0070_WYG_048-62a
049.md	987	KR3e0070_WYG_048-62b
049.md	995	KR3e0070_WYG_048-63a
049.md	1003	KR3e0070_WYG_048-63b
049.md	1011	KR3e0070_WYG_048-64a
049.md	1019	KR3e0070_WYG_048-64b
049.md	1027	KR3e0070_WYG_048-65a
049.md	1035	KR3e0070_WYG_048-65b
049.md	1043	KR3e0070_WYG_048-66a
049.md	1051	KR3e0070_WYG_048-66b
049.md	1059	KR3e0070_WYG_048-67a
049.md	1067	KR3e0070_WYG_048-67b
049.md	1075	KR3e0070_WYG_048-68a
049.md	1083	KR3e0070_WYG_048-68b
049.md	1091	KR3e0070_WYG_048-69a
049.md	1099	KR3e0070_WYG_048-69b
049.md	1107	KR3e0070_WYG_048-70a
049.md	1115	KR3e0070_WYG_048-70b
049.md	1123	KR3e0070_WYG_048-71a
049.md	1131	KR3e0070_WYG_048-71b
049.md	1139	KR3e0070_WYG_048-72a
049.md	1147	KR3e0070_WYG_048-72b
049.md	1155	KR3e0070_WYG_048-73a
049.md	1163	KR3e0070_WYG_048-73b
049.md	1171	KR3e0070_WYG_048-74a
049.md	1179	KR3e0070_WYG_048-74b
049.md	1187	KR3e0070_WYG_048-75a
049.md	1195	KR3e0070_WYG_048-75b
049.md	1203	KR3e0070_WYG_048-76a
049.md	1211	KR3e0070_WYG_048-76b
049.md	1219	KR3e0070_WYG_048-77a
049.md	1227	KR3e0070_WYG_048-77b
049.md	1235	KR3e0070_WYG_048-78a
049.md	1243	KR3e0070_WYG_048-78b
049.md	1251	KR3e0070_WYG_048-79a
049.md	1259	KR3e0070_WYG_048-79b
049.md	1267	KR3e0070_WYG_048-80a
049.md	1275	KR3e0070_WYG_048-80b
049.md	1283	KR3e0070_WYG_048-81a
049.md	1291	KR3e0070_WYG_048-81b
049.md	1299	KR3e0070_WYG_048-82a
049.md	1307	KR3e0070_WYG_048-82b
049.md	1315	KR3e0070_WYG_048-83a
049.md	1319	KR3e0070_WYG_048-84a
049.md	1327	KR3e0070_WYG_048-84b
050.md	3	KR3e0070_WYG_049-1a
050.md	11	KR3e0070_WYG_049-1b
050.md	19	KR3e0070_WYG_049-2a
050.md	27	KR3e0070_WYG_049-2b
050.md	35	KR3e0070_WYG_049-3a
050.md	43	KR3e0070_WYG_049-3b
050.md	51	KR3e0070_WYG_049-4a
050.md	59	KR3e0070_WYG_049-4b
050.md	67	KR3e0070_WYG_049-5a
050.md	75	KR3e0070_WYG_049-5b
050.md	83	KR3e0070_WYG_049-6a
050.md	91	KR3e0070_WYG_049-6b
050.md	99	KR3e0070_WYG_049-7a
050.md	107	KR3e0070_WYG_049-7b
050.md	115	KR3e0070_WYG_049-8a
050.md	123	KR3e0070_WYG_049-8b
050.md	131	KR3e0070_WYG_049-9a
050.md	139	KR3e0070_WYG_049-9b
050.md	147	KR3e0070_WYG_049-10a
050.md	155	KR3e0070_WYG_049-10b
050.md	163	KR3e0070_WYG_049-11a
050.md	171	KR3e0070_WYG_049-11b
050.md	179	KR3e0070_WYG_049-12a
050.md	187	KR3e0070_WYG_049-12b
050.md	195	KR3e0070_WYG_049-13a
050.md	203	KR3e0070_WYG_049-13b
050.md	211	KR3e0070_WYG_049-14a
050.md	219	KR3e0070_WYG_049-14b
050.md	227	KR3e0070_WYG_049-15a
050.md	235	KR3e0070_WYG_049-15b
050.md	241	KR3e0070_WYG_049-16a
050.md	249	KR3e0070_WYG_049-16b
050.md	257	KR3e0070_WYG_049-17a
050.md	265	KR3e0070_WYG_049-17b
050.md	273	KR3e0070_WYG_049-18a
050.md	281	KR3e0070_WYG_049-18b
050.md	289	KR3e0070_WYG_049-19a
050.md	297	KR3e0070_WYG_049-19b
050.md	305	KR3e0070_WYG_049-20a
050.md	313	KR3e0070_WYG_049-20b
050.md	321	KR3e0070_WYG_049-21a
050.md	329	KR3e0070_WYG_049-21b
051.md	3	KR3e0070_WYG_050-1a
051.md	11	KR3e0070_WYG_050-1b
051.md	19	KR3e0070_WYG_050-2a
051.md	27	KR3e0070_WYG_050-2b
051.md	35	KR3e0070_WYG_050-3a
051.md	43	KR3e0070_WYG_050-3b
051.md	51	KR3e0070_WYG_050-4a
051.md	59	KR3e0070_WYG_050-4b
051.md	67	KR3e0070_WYG_050-5a
051.md	75	KR3e0070_WYG_050-5b
051.md	83	KR3e0070_WYG_050-6a
051.md	91	KR3e0070_WYG_050-6b
051.md	99	KR3e0070_WYG_050-7a
051.md	107	KR3e0070_WYG_050-7b
051.md	115	KR3e0070_WYG_050-8a
051.md	123	KR3e0070_WYG_050-8b
051.md	131	KR3e0070_WYG_050-9a
051.md	139	KR3e0070_WYG_050-9b
051.md	147	KR3e0070_WYG_050-10a
051.md	155	KR3e0070_WYG_050-10b
051.md	163	KR3e0070_WYG_050-11a
051.md	171	KR3e0070_WYG_050-11b
051.md	179	KR3e0070_WYG_050-12a
051.md	187	KR3e0070_WYG_050-12b
051.md	195	KR3e0070_WYG_050-13a
051.md	203	KR3e0070_WYG_050-13b
051.md	211	KR3e0070_WYG_050-14a
051.md	219	KR3e0070_WYG_050-14b
051.md	227	KR3e0070_WYG_050-15a
051.md	235	KR3e0070_WYG_050-15b
051.md	243	KR3e0070_WYG_050-16a
051.md	251	KR3e0070_WYG_050-16b
051.md	259	KR3e0070_WYG_050-17a
051.md	267	KR3e0070_WYG_050-17b
051.md	275	KR3e0070_WYG_050-18a
051.md	283	KR3e0070_WYG_050-18b
051.md	291	KR3e0070_WYG_050-19a
051.md	299	KR3e0070_WYG_050-19b
051.md	307	KR3e0070_WYG_050-20a
051.md	315	KR3e0070_WYG_050-20b
051.md	323	KR3e0070_WYG_050-21a
051.md	331	KR3e0070_WYG_050-21b
051.md	339	KR3e0070_WYG_050-22a
051.md	347	KR3e0070_WYG_050-22b
051.md	355	KR3e0070_WYG_050-23a
051.md	363	KR3e0070_WYG_050-23b
051.md	371	KR3e0070_WYG_050-24a
051.md	379	KR3e0070_WYG_050-24b
051.md	387	KR3e0070_WYG_050-25a
051.md	395	KR3e0070_WYG_050-25b
051.md	403	KR3e0070_WYG_050-26a
051.md	411	KR3e0070_WYG_050-26b
051.md	419	KR3e0070_WYG_050-27a
051.md	427	KR3e0070_WYG_050-27b
051.md	435	KR3e0070_WYG_050-28a
051.md	443	KR3e0070_WYG_050-28b
051.md	451	KR3e0070_WYG_050-29a
051.md	459	KR3e0070_WYG_050-29b
051.md	467	KR3e0070_WYG_050-30a
051.md	475	KR3e0070_WYG_050-30b
051.md	483	KR3e0070_WYG_050-31a
051.md	491	KR3e0070_WYG_050-31b
051.md	493	KR3e0070_WYG_050-32a
051.md	501	KR3e0070_WYG_050-32b
051.md	509	KR3e0070_WYG_050-33a
051.md	517	KR3e0070_WYG_050-33b
051.md	525	KR3e0070_WYG_050-34a
051.md	533	KR3e0070_WYG_050-34b
051.md	541	KR3e0070_WYG_050-35a
051.md	549	KR3e0070_WYG_050-35b
051.md	557	KR3e0070_WYG_050-36a
051.md	565	KR3e0070_WYG_050-36b
051.md	573	KR3e0070_WYG_050-37a
051.md	581	KR3e0070_WYG_050-37b
051.md	589	KR3e0070_WYG_050-38a
051.md	597	KR3e0070_WYG_050-38b
051.md	605	KR3e0070_WYG_050-39a
051.md	613	KR3e0070_WYG_050-39b
051.md	621	KR3e0070_WYG_050-40a
051.md	629	KR3e0070_WYG_050-40b
051.md	637	KR3e0070_WYG_050-41a
051.md	645	KR3e0070_WYG_050-41b
051.md	653	KR3e0070_WYG_050-42a
051.md	661	KR3e0070_WYG_050-42b
051.md	669	KR3e0070_WYG_050-43a
051.md	677	KR3e0070_WYG_050-43b
051.md	685	KR3e0070_WYG_050-44a
051.md	693	KR3e0070_WYG_050-44b
051.md	701	KR3e0070_WYG_050-45a
051.md	709	KR3e0070_WYG_050-45b
051.md	717	KR3e0070_WYG_050-46a
051.md	725	KR3e0070_WYG_050-46b
052.md	3	KR3e0070_WYG_051-1a
052.md	11	KR3e0070_WYG_051-1b
052.md	19	KR3e0070_WYG_051-2a
052.md	27	KR3e0070_WYG_051-2b
052.md	35	KR3e0070_WYG_051-3a
052.md	43	KR3e0070_WYG_051-3b
052.md	51	KR3e0070_WYG_051-4a
052.md	59	KR3e0070_WYG_051-4b
052.md	67	KR3e0070_WYG_051-5a
052.md	75	KR3e0070_WYG_051-5b
052.md	83	KR3e0070_WYG_051-6a
052.md	91	KR3e0070_WYG_051-6b
052.md	99	KR3e0070_WYG_051-7a
052.md	107	KR3e0070_WYG_051-7b
052.md	115	KR3e0070_WYG_051-8a
052.md	123	KR3e0070_WYG_051-8b
052.md	131	KR3e0070_WYG_051-9a
052.md	139	KR3e0070_WYG_051-9b
052.md	147	KR3e0070_WYG_051-10a
052.md	155	KR3e0070_WYG_051-10b
052.md	163	KR3e0070_WYG_051-11a
052.md	171	KR3e0070_WYG_051-11b
052.md	179	KR3e0070_WYG_051-12a
052.md	187	KR3e0070_WYG_051-12b
052.md	195	KR3e0070_WYG_051-13a
052.md	203	KR3e0070_WYG_051-13b
053.md	3	KR3e0070_WYG_052-1a
053.md	11	KR3e0070_WYG_052-1b
053.md	19	KR3e0070_WYG_052-2a
053.md	27	KR3e0070_WYG_052-2b
053.md	35	KR3e0070_WYG_052-3a
053.md	43	KR3e0070_WYG_052-3b
053.md	51	KR3e0070_WYG_052-4a
053.md	59	KR3e0070_WYG_052-4b
053.md	67	KR3e0070_WYG_052-5a
053.md	75	KR3e0070_WYG_052-5b
053.md	83	KR3e0070_WYG_052-6a
053.md	91	KR3e0070_WYG_052-6b
053.md	99	KR3e0070_WYG_052-7a
053.md	107	KR3e0070_WYG_052-7b
053.md	115	KR3e0070_WYG_052-8a
053.md	123	KR3e0070_WYG_052-8b
053.md	131	KR3e0070_WYG_052-9a
053.md	139	KR3e0070_WYG_052-9b
053.md	147	KR3e0070_WYG_052-10a
053.md	155	KR3e0070_WYG_052-10b
053.md	163	KR3e0070_WYG_052-11a
053.md	171	KR3e0070_WYG_052-11b
053.md	179	KR3e0070_WYG_052-12a
053.md	187	KR3e0070_WYG_052-12b
053.md	195	KR3e0070_WYG_052-13a
053.md	203	KR3e0070_WYG_052-13b
053.md	211	KR3e0070_WYG_052-14a
053.md	219	KR3e0070_WYG_052-14b
053.md	227	KR3e0070_WYG_052-15a
053.md	235	KR3e0070_WYG_052-15b
053.md	243	KR3e0070_WYG_052-16a
053.md	251	KR3e0070_WYG_052-16b
053.md	259	KR3e0070_WYG_052-17a
053.md	267	KR3e0070_WYG_052-17b
053.md	275	KR3e0070_WYG_052-18a
053.md	283	KR3e0070_WYG_052-18b
053.md	291	KR3e0070_WYG_052-19a
053.md	299	KR3e0070_WYG_052-19b
053.md	307	KR3e0070_WYG_052-20a
053.md	315	KR3e0070_WYG_052-20b
053.md	323	KR3e0070_WYG_052-21a
053.md	331	KR3e0070_WYG_052-21b
053.md	339	KR3e0070_WYG_052-22a
053.md	347	KR3e0070_WYG_052-22b
053.md	355	KR3e0070_WYG_052-23a
053.md	363	KR3e0070_WYG_052-23b
053.md	371	KR3e0070_WYG_052-24a
053.md	379	KR3e0070_WYG_052-24b
053.md	387	KR3e0070_WYG_052-25a
053.md	395	KR3e0070_WYG_052-25b
053.md	403	KR3e0070_WYG_052-26a
053.md	411	KR3e0070_WYG_052-26b
054.md	3	KR3e0070_WYG_053-1a
054.md	11	KR3e0070_WYG_053-1b
054.md	19	KR3e0070_WYG_053-2a
054.md	27	KR3e0070_WYG_053-2b
054.md	35	KR3e0070_WYG_053-3a
054.md	43	KR3e0070_WYG_053-3b
054.md	51	KR3e0070_WYG_053-4a
054.md	59	KR3e0070_WYG_053-4b
054.md	67	KR3e0070_WYG_053-5a
054.md	75	KR3e0070_WYG_053-5b
054.md	83	KR3e0070_WYG_053-6a
054.md	91	KR3e0070_WYG_053-6b
054.md	99	KR3e0070_WYG_053-7a
054.md	107	KR3e0070_WYG_053-7b
054.md	115	KR3e0070_WYG_053-8a
054.md	123	KR3e0070_WYG_053-8b
054.md	131	KR3e0070_WYG_053-9a
054.md	139	KR3e0070_WYG_053-9b
054.md	147	KR3e0070_WYG_053-10a
054.md	155	KR3e0070_WYG_053-10b
054.md	163	KR3e0070_WYG_053-11a
054.md	171	KR3e0070_WYG_053-11b
054.md	179	KR3e0070_WYG_053-12a
054.md	187	KR3e0070_WYG_053-12b
054.md	195	KR3e0070_WYG_053-13a
054.md	203	KR3e0070_WYG_053-13b
054.md	211	KR3e0070_WYG_053-14a
054.md	219	KR3e0070_WYG_053-14b
054.md	227	KR3e0070_WYG_053-15a
054.md	235	KR3e0070_WYG_053-15b
054.md	243	KR3e0070_WYG_053-16a
054.md	251	KR3e0070_WYG_053-16b
054.md	259	KR3e0070_WYG_053-17a
054.md	267	KR3e0070_WYG_053-17b
054.md	275	KR3e0070_WYG_053-18a
054.md	283	KR3e0070_WYG_053-18b
054.md	291	KR3e0070_WYG_053-19a
054.md	299	KR3e0070_WYG_053-19b
054.md	307	KR3e0070_WYG_053-20a
054.md	315	KR3e0070_WYG_053-20b
054.md	323	KR3e0070_WYG_053-21a
054.md	331	KR3e0070_WYG_053-21b
054.md	339	KR3e0070_WYG_053-22a
054.md	347	KR3e0070_WYG_053-22b
054.md	355	KR3e0070_WYG_053-23a
054.md	363	KR3e0070_WYG_053-23b
054.md	371	KR3e0070_WYG_053-24a
054.md	379	KR3e0070_WYG_053-24b
054.md	387	KR3e0070_WYG_053-25a
054.md	395	KR3e0070_WYG_053-25b
054.md	403	KR3e0070_WYG_053-26a
054.md	411	KR3e0070_WYG_053-26b
054.md	419	KR3e0070_WYG_053-27a
054.md	427	KR3e0070_WYG_053-27b
054.md	435	KR3e0070_WYG_053-28a
054.md	443	KR3e0070_WYG_053-28b
054.md	451	KR3e0070_WYG_053-29a
054.md	459	KR3e0070_WYG_053-29b
054.md	467	KR3e0070_WYG_053-30a
054.md	475	KR3e0070_WYG_053-30b
054.md	483	KR3e0070_WYG_053-31a
054.md	491	KR3e0070_WYG_053-31b
054.md	499	KR3e0070_WYG_053-32a
054.md	507	KR3e0070_WYG_053-32b
054.md	515	KR3e0070_WYG_053-33a
054.md	523	KR3e0070_WYG_053-33b
054.md	531	KR3e0070_WYG_053-34a
054.md	539	KR3e0070_WYG_053-34b
054.md	547	KR3e0070_WYG_053-35a
054.md	555	KR3e0070_WYG_053-35b
054.md	563	KR3e0070_WYG_053-36a
054.md	571	KR3e0070_WYG_053-36b
054.md	579	KR3e0070_WYG_053-37a
054.md	587	KR3e0070_WYG_053-37b
054.md	595	KR3e0070_WYG_053-38a
054.md	603	KR3e0070_WYG_053-38b
054.md	611	KR3e0070_WYG_053-39a
054.md	619	KR3e0070_WYG_053-39b
054.md	627	KR3e0070_WYG_053-40a
054.md	635	KR3e0070_WYG_053-40b
054.md	643	KR3e0070_WYG_053-41a
054.md	651	KR3e0070_WYG_053-41b
054.md	659	KR3e0070_WYG_053-42a
054.md	667	KR3e0070_WYG_053-42b
054.md	675	KR3e0070_WYG_053-43a
054.md	683	KR3e0070_WYG_053-43b
054.md	691	KR3e0070_WYG_053-44a
054.md	699	KR3e0070_WYG_053-44b
054.md	707	KR3e0070_WYG_053-45a
054.md	715	KR3e0070_WYG_053-45b
054.md	723	KR3e0070_WYG_053-46a
054.md	731	KR3e0070_WYG_053-46b
054.md	739	KR3e0070_WYG_053-47a
054.md	747	KR3e0070_WYG_053-47b
054.md	755	KR3e0070_WYG_053-48a
054.md	763	KR3e0070_WYG_053-48b
054.md	771	KR3e0070_WYG_053-49a
054.md	779	KR3e0070_WYG_053-49b
054.md	787	KR3e0070_WYG_053-50a
054.md	795	KR3e0070_WYG_053-50b
055.md	3	KR3e0070_WYG_054-1a
055.md	11	KR3e0070_WYG_054-1b
055.md	19	KR3e0070_WYG_054-2a
055.md	27	KR3e0070_WYG_054-2b
055.md	35	KR3e0070_WYG_054-3a
055.md	43	KR3e0070_WYG_054-3b
055.md	51	KR3e0070_WYG_054-4a
055.md	59	KR3e0070_WYG_054-4b
055.md	67	KR3e0070_WYG_054-5a
055.md	75	KR3e0070_WYG_054-5b
055.md	83	KR3e0070_WYG_054-6a
055.md	91	KR3e0070_WYG_054-6b
055.md	99	KR3e0070_WYG_054-7a
055.md	107	KR3e0070_WYG_054-7b
055.md	115	KR3e0070_WYG_054-8a
055.md	123	KR3e0070_WYG_054-8b
055.md	131	KR3e0070_WYG_054-9a
055.md	139	KR3e0070_WYG_054-9b
055.md	147	KR3e0070_WYG_054-10a
055.md	155	KR3e0070_WYG_054-10b
055.md	163	KR3e0070_WYG_054-11a
055.md	171	KR3e0070_WYG_054-11b
055.md	179	KR3e0070_WYG_054-12a
055.md	187	KR3e0070_WYG_054-12b
055.md	195	KR3e0070_WYG_054-13a
055.md	203	KR3e0070_WYG_054-13b
055.md	211	KR3e0070_WYG_054-14a
055.md	219	KR3e0070_WYG_054-14b
055.md	220	KR3e0070_WYG_054-15a
055.md	221	KR3e0070_WYG_054-16a
055.md	222	KR3e0070_WYG_054-17a
055.md	230	KR3e0070_WYG_054-17b
055.md	238	KR3e0070_WYG_054-18a
055.md	246	KR3e0070_WYG_054-18b
055.md	254	KR3e0070_WYG_054-19a
055.md	262	KR3e0070_WYG_054-19b
055.md	270	KR3e0070_WYG_054-20a
055.md	278	KR3e0070_WYG_054-20b
055.md	286	KR3e0070_WYG_054-21a
055.md	294	KR3e0070_WYG_054-21b
055.md	302	KR3e0070_WYG_054-22a
055.md	310	KR3e0070_WYG_054-22b
055.md	318	KR3e0070_WYG_054-23a
055.md	326	KR3e0070_WYG_054-23b
055.md	334	KR3e0070_WYG_054-24a
055.md	342	KR3e0070_WYG_054-24b
055.md	350	KR3e0070_WYG_054-25a
055.md	358	KR3e0070_WYG_054-25b
055.md	366	KR3e0070_WYG_054-26a
055.md	374	KR3e0070_WYG_054-26b
055.md	382	KR3e0070_WYG_054-27a
055.md	390	KR3e0070_WYG_054-27b
055.md	398	KR3e0070_WYG_054-28a
055.md	406	KR3e0070_WYG_054-28b
055.md	414	KR3e0070_WYG_054-29a
055.md	422	KR3e0070_WYG_054-29b
055.md	430	KR3e0070_WYG_054-30a
055.md	438	KR3e0070_WYG_054-30b
055.md	446	KR3e0070_WYG_054-31a
055.md	454	KR3e0070_WYG_054-31b
055.md	462	KR3e0070_WYG_054-32a
055.md	470	KR3e0070_WYG_054-32b
055.md	478	KR3e0070_WYG_054-33a
055.md	486	KR3e0070_WYG_054-33b
055.md	494	KR3e0070_WYG_054-34a
055.md	502	KR3e0070_WYG_054-34b
055.md	510	KR3e0070_WYG_054-35a
055.md	518	KR3e0070_WYG_054-35b
055.md	526	KR3e0070_WYG_054-36a
055.md	534	KR3e0070_WYG_054-36b
055.md	542	KR3e0070_WYG_054-37a
055.md	550	KR3e0070_WYG_054-37b
055.md	558	KR3e0070_WYG_054-38a
055.md	566	KR3e0070_WYG_054-38b
055.md	574	KR3e0070_WYG_054-39a
055.md	582	KR3e0070_WYG_054-39b
055.md	590	KR3e0070_WYG_054-40a
055.md	598	KR3e0070_WYG_054-40b
055.md	606	KR3e0070_WYG_054-41a
055.md	614	KR3e0070_WYG_054-41b
055.md	622	KR3e0070_WYG_054-42a
055.md	630	KR3e0070_WYG_054-42b
056.md	3	KR3e0070_WYG_055-1a
056.md	11	KR3e0070_WYG_055-1b
056.md	19	KR3e0070_WYG_055-2a
056.md	27	KR3e0070_WYG_055-2b
056.md	35	KR3e0070_WYG_055-3a
056.md	43	KR3e0070_WYG_055-3b
056.md	51	KR3e0070_WYG_055-4a
056.md	59	KR3e0070_WYG_055-4b
056.md	67	KR3e0070_WYG_055-5a
056.md	75	KR3e0070_WYG_055-5b
056.md	83	KR3e0070_WYG_055-6a
056.md	91	KR3e0070_WYG_055-6b
056.md	99	KR3e0070_WYG_055-7a
056.md	107	KR3e0070_WYG_055-7b
056.md	115	KR3e0070_WYG_055-8a
056.md	123	KR3e0070_WYG_055-8b
056.md	131	KR3e0070_WYG_055-9a
056.md	139	KR3e0070_WYG_055-9b
056.md	147	KR3e0070_WYG_055-10a
056.md	155	KR3e0070_WYG_055-10b
056.md	163	KR3e0070_WYG_055-11a
056.md	171	KR3e0070_WYG_055-11b
056.md	179	KR3e0070_WYG_055-12a
056.md	187	KR3e0070_WYG_055-12b
056.md	195	KR3e0070_WYG_055-13a
056.md	203	KR3e0070_WYG_055-13b
056.md	211	KR3e0070_WYG_055-14a
056.md	219	KR3e0070_WYG_055-14b
056.md	227	KR3e0070_WYG_055-15a
056.md	235	KR3e0070_WYG_055-15b
056.md	243	KR3e0070_WYG_055-16a
056.md	251	KR3e0070_WYG_055-16b
056.md	259	KR3e0070_WYG_055-17a
056.md	267	KR3e0070_WYG_055-17b
056.md	275	KR3e0070_WYG_055-18a
056.md	283	KR3e0070_WYG_055-18b
056.md	291	KR3e0070_WYG_055-19a
056.md	299	KR3e0070_WYG_055-19b
056.md	307	KR3e0070_WYG_055-20a
056.md	315	KR3e0070_WYG_055-20b
056.md	323	KR3e0070_WYG_055-21a
056.md	331	KR3e0070_WYG_055-21b
056.md	339	KR3e0070_WYG_055-22a
056.md	347	KR3e0070_WYG_055-22b
056.md	355	KR3e0070_WYG_055-23a
056.md	363	KR3e0070_WYG_055-23b
056.md	371	KR3e0070_WYG_055-24a
056.md	379	KR3e0070_WYG_055-24b
056.md	387	KR3e0070_WYG_055-25a
056.md	395	KR3e0070_WYG_055-25b
056.md	403	KR3e0070_WYG_055-26a
056.md	411	KR3e0070_WYG_055-26b
056.md	419	KR3e0070_WYG_055-27a
056.md	427	KR3e0070_WYG_055-27b
056.md	435	KR3e0070_WYG_055-28a
056.md	443	KR3e0070_WYG_055-28b
056.md	451	KR3e0070_WYG_055-29a
056.md	459	KR3e0070_WYG_055-29b
056.md	467	KR3e0070_WYG_055-30a
056.md	475	KR3e0070_WYG_055-30b
056.md	483	KR3e0070_WYG_055-31a
056.md	491	KR3e0070_WYG_055-31b
056.md	499	KR3e0070_WYG_055-32a
056.md	507	KR3e0070_WYG_055-32b
056.md	515	KR3e0070_WYG_055-33a
056.md	523	KR3e0070_WYG_055-33b
056.md	531	KR3e0070_WYG_055-34a
056.md	539	KR3e0070_WYG_055-34b
057.md	3	KR3e0070_WYG_056-1a
057.md	11	KR3e0070_WYG_056-1b
057.md	19	KR3e0070_WYG_056-2a
057.md	27	KR3e0070_WYG_056-2b
057.md	35	KR3e0070_WYG_056-3a
057.md	43	KR3e0070_WYG_056-3b
057.md	51	KR3e0070_WYG_056-4a
057.md	59	KR3e0070_WYG_056-4b
057.md	67	KR3e0070_WYG_056-5a
057.md	75	KR3e0070_WYG_056-5b
057.md	83	KR3e0070_WYG_056-6a
057.md	91	KR3e0070_WYG_056-6b
057.md	99	KR3e0070_WYG_056-7a
057.md	107	KR3e0070_WYG_056-7b
057.md	115	KR3e0070_WYG_056-8a
057.md	123	KR3e0070_WYG_056-8b
057.md	131	KR3e0070_WYG_056-9a
057.md	139	KR3e0070_WYG_056-9b
057.md	147	KR3e0070_WYG_056-10a
057.md	155	KR3e0070_WYG_056-10b
057.md	163	KR3e0070_WYG_056-11a
057.md	171	KR3e0070_WYG_056-11b
057.md	179	KR3e0070_WYG_056-12a
057.md	187	KR3e0070_WYG_056-12b
057.md	195	KR3e0070_WYG_056-13a
057.md	203	KR3e0070_WYG_056-13b
057.md	211	KR3e0070_WYG_056-14a
057.md	219	KR3e0070_WYG_056-14b
057.md	227	KR3e0070_WYG_056-15a
057.md	235	KR3e0070_WYG_056-15b
057.md	243	KR3e0070_WYG_056-16a
057.md	251	KR3e0070_WYG_056-16b
057.md	259	KR3e0070_WYG_056-17a
057.md	267	KR3e0070_WYG_056-17b
057.md	275	KR3e0070_WYG_056-18a
057.md	283	KR3e0070_WYG_056-18b
057.md	291	KR3e0070_WYG_056-19a
057.md	299	KR3e0070_WYG_056-19b
057.md	307	KR3e0070_WYG_056-20a
057.md	315	KR3e0070_WYG_056-20b
057.md	323	KR3e0070_WYG_056-21a
057.md	331	KR3e0070_WYG_056-21b
057.md	339	KR3e0070_WYG_056-22a
057.md	347	KR3e0070_WYG_056-22b
057.md	355	KR3e0070_WYG_056-23a
057.md	363	KR3e0070_WYG_056-23b
057.md	371	KR3e0070_WYG_056-24a
057.md	379	KR3e0070_WYG_056-24b
057.md	387	KR3e0070_WYG_056-25a
057.md	395	KR3e0070_WYG_056-25b
057.md	403	KR3e0070_WYG_056-26a
057.md	411	KR3e0070_WYG_056-26b
057.md	419	KR3e0070_WYG_056-27a
057.md	427	KR3e0070_WYG_056-27b
057.md	435	KR3e0070_WYG_056-28a
057.md	443	KR3e0070_WYG_056-28b
057.md	451	KR3e0070_WYG_056-29a
057.md	459	KR3e0070_WYG_056-29b
057.md	467	KR3e0070_WYG_056-30a
057.md	475	KR3e0070_WYG_056-30b
057.md	483	KR3e0070_WYG_056-31a
057.md	491	KR3e0070_WYG_056-31b
057.md	499	KR3e0070_WYG_056-32a
057.md	507	KR3e0070_WYG_056-32b
057.md	515	KR3e0070_WYG_056-33a
057.md	523	KR3e0070_WYG_056-33b
057.md	531	KR3e0070_WYG_056-34a
057.md	539	KR3e0070_WYG_056-34b
057.md	547	KR3e0070_WYG_056-35a
057.md	555	KR3e0070_WYG_056-35b
057.md	563	KR3e0070_WYG_056-36a
057.md	571	KR3e0070_WYG_056-36b
057.md	579	KR3e0070_WYG_056-37a
057.md	587	KR3e0070_WYG_056-37b
057.md	595	KR3e0070_WYG_056-38a
057.md	603	KR3e0070_WYG_056-38b
057.md	611	KR3e0070_WYG_056-39a
057.md	619	KR3e0070_WYG_056-39b
057.md	627	KR3e0070_WYG_056-40a
057.md	635	KR3e0070_WYG_056-40b
057.md	643	KR3e0070_WYG_056-41a
057.md	651	KR3e0070_WYG_056-41b
057.md	659	KR3e0070_WYG_056-42a
057.md	667	KR3e0070_WYG_056-42b
057.md	675	KR3e0070_WYG_056-43a
057.md	683	KR3e0070_WYG_056-43b
057.md	691	KR3e0070_WYG_056-44a
057.md	699	KR3e0070_WYG_056-44b
057.md	707	KR3e0070_WYG_056-45a
057.md	715	KR3e0070_WYG_056-45b
057.md	723	KR3e0070_WYG_056-46a
057.md	731	KR3e0070_WYG_056-46b
057.md	739	KR3e0070_WYG_056-47a
057.md	747	KR3e0070_WYG_056-47b
057.md	755	KR3e0070_WYG_056-48a
057.md	763	KR3e0070_WYG_056-48b
057.md	771	KR3e0070_WYG_056-49a
057.md	779	KR3e0070_WYG_056-49b
057.md	787	KR3e0070_WYG_056-50a
057.md	795	KR3e0070_WYG_056-50b
057.md	803	KR3e0070_WYG_056-51a
057.md	811	KR3e0070_WYG_056-51b
057.md	819	KR3e0070_WYG_056-52a
057.md	827	KR3e0070_WYG_056-52b
057.md	835	KR3e0070_WYG_056-53a
057.md	843	KR3e0070_WYG_056-53b
058.md	3	KR3e0070_WYG_057-1a
058.md	11	KR3e0070_WYG_057-1b
058.md	19	KR3e0070_WYG_057-2a
058.md	27	KR3e0070_WYG_057-2b
058.md	35	KR3e0070_WYG_057-3a
058.md	43	KR3e0070_WYG_057-3b
058.md	51	KR3e0070_WYG_057-4a
058.md	59	KR3e0070_WYG_057-4b
058.md	67	KR3e0070_WYG_057-5a
058.md	75	KR3e0070_WYG_057-5b
058.md	83	KR3e0070_WYG_057-6a
058.md	91	KR3e0070_WYG_057-6b
058.md	99	KR3e0070_WYG_057-7a
058.md	107	KR3e0070_WYG_057-7b
058.md	115	KR3e0070_WYG_057-8a
058.md	123	KR3e0070_WYG_057-8b
058.md	131	KR3e0070_WYG_057-9a
058.md	139	KR3e0070_WYG_057-9b
058.md	147	KR3e0070_WYG_057-10a
058.md	155	KR3e0070_WYG_057-10b
058.md	163	KR3e0070_WYG_057-11a
058.md	171	KR3e0070_WYG_057-11b
058.md	179	KR3e0070_WYG_057-12a
058.md	187	KR3e0070_WYG_057-12b
058.md	195	KR3e0070_WYG_057-13a
058.md	203	KR3e0070_WYG_057-13b
058.md	211	KR3e0070_WYG_057-14a
058.md	219	KR3e0070_WYG_057-14b
058.md	227	KR3e0070_WYG_057-15a
058.md	235	KR3e0070_WYG_057-15b
058.md	243	KR3e0070_WYG_057-16a
058.md	251	KR3e0070_WYG_057-16b
058.md	259	KR3e0070_WYG_057-17a
058.md	267	KR3e0070_WYG_057-17b
058.md	275	KR3e0070_WYG_057-18a
058.md	283	KR3e0070_WYG_057-18b
058.md	291	KR3e0070_WYG_057-19a
058.md	299	KR3e0070_WYG_057-19b
058.md	307	KR3e0070_WYG_057-20a
058.md	315	KR3e0070_WYG_057-20b
058.md	323	KR3e0070_WYG_057-21a
058.md	331	KR3e0070_WYG_057-21b
058.md	339	KR3e0070_WYG_057-22a
058.md	347	KR3e0070_WYG_057-22b
058.md	355	KR3e0070_WYG_057-23a
058.md	363	KR3e0070_WYG_057-23b
058.md	371	KR3e0070_WYG_057-24a
058.md	379	KR3e0070_WYG_057-24b
058.md	387	KR3e0070_WYG_057-25a
058.md	395	KR3e0070_WYG_057-25b
058.md	403	KR3e0070_WYG_057-26a
058.md	411	KR3e0070_WYG_057-26b
058.md	419	KR3e0070_WYG_057-27a
058.md	427	KR3e0070_WYG_057-27b
058.md	435	KR3e0070_WYG_057-28a
058.md	443	KR3e0070_WYG_057-28b
058.md	451	KR3e0070_WYG_057-29a
058.md	459	KR3e0070_WYG_057-29b
058.md	467	KR3e0070_WYG_057-30a
058.md	475	KR3e0070_WYG_057-30b
058.md	483	KR3e0070_WYG_057-31a
058.md	491	KR3e0070_WYG_057-31b
058.md	499	KR3e0070_WYG_057-32a
058.md	507	KR3e0070_WYG_057-32b
058.md	515	KR3e0070_WYG_057-33a
058.md	523	KR3e0070_WYG_057-33b
058.md	531	KR3e0070_WYG_057-34a
058.md	539	KR3e0070_WYG_057-34b
058.md	547	KR3e0070_WYG_057-35a
058.md	555	KR3e0070_WYG_057-35b
058.md	563	KR3e0070_WYG_057-36a
058.md	571	KR3e0070_WYG_057-36b
058.md	579	KR3e0070_WYG_057-37a
058.md	587	KR3e0070_WYG_057-37b
058.md	595	KR3e0070_WYG_057-38a
058.md	603	KR3e0070_WYG_057-38b
058.md	611	KR3e0070_WYG_057-39a
058.md	619	KR3e0070_WYG_057-39b
058.md	627	KR3e0070_WYG_057-40a
058.md	635	KR3e0070_WYG_057-40b
058.md	643	KR3e0070_WYG_057-41a
058.md	651	KR3e0070_WYG_057-41b
058.md	659	KR3e0070_WYG_057-42a
058.md	667	KR3e0070_WYG_057-42b
058.md	675	KR3e0070_WYG_057-43a
058.md	683	KR3e0070_WYG_057-43b
058.md	691	KR3e0070_WYG_057-44a
058.md	699	KR3e0070_WYG_057-44b
058.md	707	KR3e0070_WYG_057-45a
058.md	715	KR3e0070_WYG_057-45b
058.md	723	KR3e0070_WYG_057-46a
058.md	731	KR3e0070_WYG_057-46b
058.md	739	KR3e0070_WYG_057-47a
058.md	747	KR3e0070_WYG_057-47b
058.md	755	KR3e0070_WYG_057-48a
058.md	763	KR3e0070_WYG_057-48b
059.md	3	KR3e0070_WYG_058-1a
059.md	11	KR3e0070_WYG_058-1b
059.md	19	KR3e0070_WYG_058-2a
059.md	27	KR3e0070_WYG_058-2b
059.md	35	KR3e0070_WYG_058-3a
059.md	43	KR3e0070_WYG_058-3b
059.md	51	KR3e0070_WYG_058-4a
059.md	59	KR3e0070_WYG_058-4b
059.md	67	KR3e0070_WYG_058-5a
059.md	75	KR3e0070_WYG_058-5b
059.md	83	KR3e0070_WYG_058-6a
059.md	91	KR3e0070_WYG_058-6b
059.md	99	KR3e0070_WYG_058-7a
059.md	107	KR3e0070_WYG_058-7b
059.md	115	KR3e0070_WYG_058-8a
059.md	123	KR3e0070_WYG_058-8b
059.md	131	KR3e0070_WYG_058-9a
059.md	139	KR3e0070_WYG_058-9b
059.md	147	KR3e0070_WYG_058-10a
059.md	155	KR3e0070_WYG_058-10b
059.md	163	KR3e0070_WYG_058-11a
059.md	171	KR3e0070_WYG_058-11b
059.md	179	KR3e0070_WYG_058-12a
059.md	187	KR3e0070_WYG_058-12b
059.md	195	KR3e0070_WYG_058-13a
059.md	203	KR3e0070_WYG_058-13b
059.md	211	KR3e0070_WYG_058-14a
059.md	219	KR3e0070_WYG_058-14b
059.md	227	KR3e0070_WYG_058-15a
059.md	235	KR3e0070_WYG_058-15b
059.md	243	KR3e0070_WYG_058-16a
059.md	251	KR3e0070_WYG_058-16b
059.md	259	KR3e0070_WYG_058-17a
059.md	267	KR3e0070_WYG_058-17b
059.md	275	KR3e0070_WYG_058-18a
059.md	283	KR3e0070_WYG_058-18b
059.md	291	KR3e0070_WYG_058-19a
059.md	299	KR3e0070_WYG_058-19b
059.md	307	KR3e0070_WYG_058-20a
059.md	315	KR3e0070_WYG_058-20b
059.md	323	KR3e0070_WYG_058-21a
059.md	331	KR3e0070_WYG_058-21b
059.md	339	KR3e0070_WYG_058-22a
059.md	347	KR3e0070_WYG_058-22b
059.md	355	KR3e0070_WYG_058-23a
059.md	363	KR3e0070_WYG_058-23b
059.md	371	KR3e0070_WYG_058-24a
059.md	379	KR3e0070_WYG_058-24b
059.md	387	KR3e0070_WYG_058-25a
059.md	395	KR3e0070_WYG_058-25b
059.md	403	KR3e0070_WYG_058-26a
059.md	411	KR3e0070_WYG_058-26b
059.md	419	KR3e0070_WYG_058-27a
059.md	427	KR3e0070_WYG_058-27b
059.md	435	KR3e0070_WYG_058-28a
059.md	443	KR3e0070_WYG_058-28b
059.md	451	KR3e0070_WYG_058-29a
059.md	459	KR3e0070_WYG_058-29b
059.md	467	KR3e0070_WYG_058-30a
059.md	475	KR3e0070_WYG_058-30b
059.md	483	KR3e0070_WYG_058-31a
059.md	491	KR3e0070_WYG_058-31b
059.md	499	KR3e0070_WYG_058-32a
059.md	507	KR3e0070_WYG_058-32b
059.md	515	KR3e0070_WYG_058-33a
059.md	523	KR3e0070_WYG_058-33b
059.md	531	KR3e0070_WYG_058-34a
059.md	539	KR3e0070_WYG_058-34b
059.md	547	KR3e0070_WYG_058-35a
059.md	555	KR3e0070_WYG_058-35b
059.md	563	KR3e0070_WYG_058-36a
059.md	571	KR3e0070_WYG_058-36b
059.md	579	KR3e0070_WYG_058-37a
059.md	587	KR3e0070_WYG_058-37b
060.md	3	KR3e0070_WYG_059-1a
060.md	11	KR3e0070_WYG_059-1b
060.md	19	KR3e0070_WYG_059-2a
060.md	27	KR3e0070_WYG_059-2b
060.md	35	KR3e0070_WYG_059-3a
060.md	43	KR3e0070_WYG_059-3b
060.md	51	KR3e0070_WYG_059-4a
060.md	59	KR3e0070_WYG_059-4b
060.md	67	KR3e0070_WYG_059-5a
060.md	75	KR3e0070_WYG_059-5b
060.md	83	KR3e0070_WYG_059-6a
060.md	91	KR3e0070_WYG_059-6b
060.md	99	KR3e0070_WYG_059-7a
060.md	107	KR3e0070_WYG_059-7b
060.md	115	KR3e0070_WYG_059-8a
060.md	123	KR3e0070_WYG_059-8b
060.md	131	KR3e0070_WYG_059-9a
060.md	139	KR3e0070_WYG_059-9b
060.md	147	KR3e0070_WYG_059-10a
060.md	155	KR3e0070_WYG_059-10b
060.md	163	KR3e0070_WYG_059-11a
060.md	171	KR3e0070_WYG_059-11b
060.md	179	KR3e0070_WYG_059-12a
060.md	187	KR3e0070_WYG_059-12b
060.md	195	KR3e0070_WYG_059-13a
060.md	203	KR3e0070_WYG_059-13b
060.md	211	KR3e0070_WYG_059-14a
060.md	219	KR3e0070_WYG_059-14b
060.md	227	KR3e0070_WYG_059-15a
060.md	235	KR3e0070_WYG_059-15b
060.md	243	KR3e0070_WYG_059-16a
060.md	251	KR3e0070_WYG_059-16b
060.md	259	KR3e0070_WYG_059-17a
060.md	267	KR3e0070_WYG_059-17b
060.md	275	KR3e0070_WYG_059-18a
060.md	283	KR3e0070_WYG_059-18b
060.md	291	KR3e0070_WYG_059-19a
060.md	299	KR3e0070_WYG_059-19b
060.md	307	KR3e0070_WYG_059-20a
060.md	315	KR3e0070_WYG_059-20b
060.md	323	KR3e0070_WYG_059-21a
060.md	331	KR3e0070_WYG_059-21b
060.md	339	KR3e0070_WYG_059-22a
060.md	347	KR3e0070_WYG_059-22b
060.md	355	KR3e0070_WYG_059-23a
060.md	363	KR3e0070_WYG_059-23b
060.md	371	KR3e0070_WYG_059-24a
060.md	379	KR3e0070_WYG_059-24b
060.md	387	KR3e0070_WYG_059-25a
060.md	395	KR3e0070_WYG_059-25b
060.md	403	KR3e0070_WYG_059-26a
060.md	411	KR3e0070_WYG_059-26b
060.md	419	KR3e0070_WYG_059-27a
060.md	427	KR3e0070_WYG_059-27b
060.md	435	KR3e0070_WYG_059-28a
060.md	443	KR3e0070_WYG_059-28b
060.md	451	KR3e0070_WYG_059-29a
060.md	459	KR3e0070_WYG_059-29b
060.md	467	KR3e0070_WYG_059-30a
060.md	475	KR3e0070_WYG_059-30b
060.md	483	KR3e0070_WYG_059-31a
060.md	491	KR3e0070_WYG_059-31b
060.md	499	KR3e0070_WYG_059-32a
060.md	507	KR3e0070_WYG_059-32b
060.md	515	KR3e0070_WYG_059-33a
060.md	523	KR3e0070_WYG_059-33b
060.md	531	KR3e0070_WYG_059-34a
060.md	539	KR3e0070_WYG_059-34b
060.md	547	KR3e0070_WYG_059-35a
060.md	555	KR3e0070_WYG_059-35b
060.md	563	KR3e0070_WYG_059-36a
060.md	571	KR3e0070_WYG_059-36b
060.md	579	KR3e0070_WYG_059-37a
060.md	587	KR3e0070_WYG_059-37b
060.md	595	KR3e0070_WYG_059-38a
060.md	603	KR3e0070_WYG_059-38b
060.md	611	KR3e0070_WYG_059-39a
060.md	619	KR3e0070_WYG_059-39b
060.md	627	KR3e0070_WYG_059-40a
060.md	635	KR3e0070_WYG_059-40b
060.md	643	KR3e0070_WYG_059-41a
060.md	651	KR3e0070_WYG_059-41b
060.md	659	KR3e0070_WYG_059-42a
060.md	667	KR3e0070_WYG_059-42b
060.md	675	KR3e0070_WYG_059-43a
060.md	683	KR3e0070_WYG_059-43b
060.md	691	KR3e0070_WYG_059-44a
060.md	699	KR3e0070_WYG_059-44b
060.md	707	KR3e0070_WYG_059-45a
060.md	715	KR3e0070_WYG_059-45b
060.md	723	KR3e0070_WYG_059-46a
060.md	731	KR3e0070_WYG_059-46b
060.md	739	KR3e0070_WYG_059-47a
060.md	747	KR3e0070_WYG_059-47b
060.md	755	KR3e0070_WYG_059-48a
060.md	763	KR3e0070_WYG_059-48b
060.md	771	KR3e0070_WYG_059-49a
060.md	779	KR3e0070_WYG_059-49b
060.md	787	KR3e0070_WYG_059-50a
060.md	795	KR3e0070_WYG_059-50b
060.md	803	KR3e0070_WYG_059-51a
060.md	811	KR3e0070_WYG_059-51b
060.md	819	KR3e0070_WYG_059-52a
060.md	827	KR3e0070_WYG_059-52b
060.md	835	KR3e0070_WYG_059-53a
060.md	843	KR3e0070_WYG_059-53b
060.md	851	KR3e0070_WYG_059-54a
060.md	859	KR3e0070_WYG_059-54b
060.md	867	KR3e0070_WYG_059-55a
060.md	875	KR3e0070_WYG_059-55b
060.md	883	KR3e0070_WYG_059-56a
060.md	891	KR3e0070_WYG_059-56b
060.md	899	KR3e0070_WYG_059-57a
060.md	907	KR3e0070_WYG_059-57b
060.md	915	KR3e0070_WYG_059-58a
060.md	923	KR3e0070_WYG_059-58b
060.md	931	KR3e0070_WYG_059-59a
060.md	939	KR3e0070_WYG_059-59b
060.md	947	KR3e0070_WYG_059-60a
060.md	955	KR3e0070_WYG_059-60b
060.md	963	KR3e0070_WYG_059-61a
060.md	971	KR3e0070_WYG_059-61b
060.md	979	KR3e0070_WYG_059-62a
060.md	987	KR3e0070_WYG_059-62b
060.md	995	KR3e0070_WYG_059-63a
060.md	1003	KR3e0070_WYG_059-63b
060.md	1011	KR3e0070_WYG_059-64a
060.md	1019	KR3e0070_WYG_059-64b
061.md	3	KR3e0070_WYG_060-1a
061.md	11	KR3e0070_WYG_060-1b
061.md	19	KR3e0070_WYG_060-2a
061.md	27	KR3e0070_WYG_060-2b
061.md	35	KR3e0070_WYG_060-3a
061.md	43	KR3e0070_WYG_060-3b
061.md	51	KR3e0070_WYG_060-4a
061.md	59	KR3e0070_WYG_060-4b
061.md	67	KR3e0070_WYG_060-5a
061.md	75	KR3e0070_WYG_060-5b
061.md	83	KR3e0070_WYG_060-6a
061.md	91	KR3e0070_WYG_060-6b
061.md	99	KR3e0070_WYG_060-7a
061.md	107	KR3e0070_WYG_060-7b
061.md	115	KR3e0070_WYG_060-8a
061.md	123	KR3e0070_WYG_060-8b
061.md	131	KR3e0070_WYG_060-9a
061.md	139	KR3e0070_WYG_060-9b
061.md	147	KR3e0070_WYG_060-10a
061.md	155	KR3e0070_WYG_060-10b
061.md	163	KR3e0070_WYG_060-11a
061.md	171	KR3e0070_WYG_060-11b
061.md	179	KR3e0070_WYG_060-12a
061.md	187	KR3e0070_WYG_060-12b
061.md	195	KR3e0070_WYG_060-13a
061.md	203	KR3e0070_WYG_060-13b
061.md	211	KR3e0070_WYG_060-14a
061.md	219	KR3e0070_WYG_060-14b
061.md	227	KR3e0070_WYG_060-15a
061.md	235	KR3e0070_WYG_060-15b
061.md	243	KR3e0070_WYG_060-16a
061.md	251	KR3e0070_WYG_060-16b
061.md	259	KR3e0070_WYG_060-17a
061.md	267	KR3e0070_WYG_060-17b
061.md	275	KR3e0070_WYG_060-18a
061.md	283	KR3e0070_WYG_060-18b
061.md	291	KR3e0070_WYG_060-19a
061.md	299	KR3e0070_WYG_060-19b
061.md	307	KR3e0070_WYG_060-20a
061.md	315	KR3e0070_WYG_060-20b
061.md	323	KR3e0070_WYG_060-21a
061.md	331	KR3e0070_WYG_060-21b
061.md	339	KR3e0070_WYG_060-22a
061.md	347	KR3e0070_WYG_060-22b
061.md	355	KR3e0070_WYG_060-23a
061.md	363	KR3e0070_WYG_060-23b
061.md	371	KR3e0070_WYG_060-24a
061.md	379	KR3e0070_WYG_060-24b
061.md	387	KR3e0070_WYG_060-25a
061.md	395	KR3e0070_WYG_060-25b
061.md	403	KR3e0070_WYG_060-26a
061.md	411	KR3e0070_WYG_060-26b
061.md	419	KR3e0070_WYG_060-27a
061.md	427	KR3e0070_WYG_060-27b
061.md	435	KR3e0070_WYG_060-28a
061.md	443	KR3e0070_WYG_060-28b
061.md	451	KR3e0070_WYG_060-29a
061.md	459	KR3e0070_WYG_060-29b
061.md	467	KR3e0070_WYG_060-30a
061.md	475	KR3e0070_WYG_060-30b
061.md	483	KR3e0070_WYG_060-31a
061.md	491	KR3e0070_WYG_060-31b
061.md	499	KR3e0070_WYG_060-32a
061.md	507	KR3e0070_WYG_060-32b
061.md	515	KR3e0070_WYG_060-33a
061.md	523	KR3e0070_WYG_060-33b
061.md	531	KR3e0070_WYG_060-34a
061.md	539	KR3e0070_WYG_060-34b
061.md	547	KR3e0070_WYG_060-35a
061.md	555	KR3e0070_WYG_060-35b
061.md	563	KR3e0070_WYG_060-36a
061.md	571	KR3e0070_WYG_060-36b
061.md	579	KR3e0070_WYG_060-37a
061.md	587	KR3e0070_WYG_060-37b
061.md	595	KR3e0070_WYG_060-38a
061.md	603	KR3e0070_WYG_060-38b
061.md	611	KR3e0070_WYG_060-39a
061.md	619	KR3e0070_WYG_060-39b
061.md	627	KR3e0070_WYG_060-40a
061.md	635	KR3e0070_WYG_060-40b
061.md	643	KR3e0070_WYG_060-41a
061.md	651	KR3e0070_WYG_060-41b
061.md	659	KR3e0070_WYG_060-42a
061.md	667	KR3e0070_WYG_060-42b
061.md	675	KR3e0070_WYG_060-43a
061.md	683	KR3e0070_WYG_060-43b
061.md	691	KR3e0070_WYG_060-44a
061.md	699	KR3e0070_WYG_060-44b
061.md	707	KR3e0070_WYG_060-45a
061.md	715	KR3e0070_WYG_060-45b
061.md	723	KR3e0070_WYG_060-46a
061.md	731	KR3e0070_WYG_060-46b
061.md	739	KR3e0070_WYG_060-47a
061.md	747	KR3e0070_WYG_060-47b
061.md	755	KR3e0070_WYG_060-48a
061.md	763	KR3e0070_WYG_060-48b
061.md	771	KR3e0070_WYG_060-49a
061.md	779	KR3e0070_WYG_060-49b
062.md	3	KR3e0070_WYG_061-1a
062.md	11	KR3e0070_WYG_061-1b
062.md	19	KR3e0070_WYG_061-2a
062.md	27	KR3e0070_WYG_061-2b
062.md	35	KR3e0070_WYG_061-3a
062.md	43	KR3e0070_WYG_061-3b
062.md	51	KR3e0070_WYG_061-4a
062.md	59	KR3e0070_WYG_061-4b
062.md	67	KR3e0070_WYG_061-5a
062.md	75	KR3e0070_WYG_061-5b
062.md	83	KR3e0070_WYG_061-6a
062.md	91	KR3e0070_WYG_061-6b
062.md	99	KR3e0070_WYG_061-7a
062.md	107	KR3e0070_WYG_061-7b
062.md	115	KR3e0070_WYG_061-8a
062.md	123	KR3e0070_WYG_061-8b
062.md	131	KR3e0070_WYG_061-9a
062.md	139	KR3e0070_WYG_061-9b
062.md	147	KR3e0070_WYG_061-10a
062.md	155	KR3e0070_WYG_061-10b
062.md	163	KR3e0070_WYG_061-11a
062.md	171	KR3e0070_WYG_061-11b
062.md	179	KR3e0070_WYG_061-12a
062.md	187	KR3e0070_WYG_061-12b
062.md	195	KR3e0070_WYG_061-13a
062.md	203	KR3e0070_WYG_061-13b
062.md	211	KR3e0070_WYG_061-14a
062.md	219	KR3e0070_WYG_061-14b
062.md	227	KR3e0070_WYG_061-15a
062.md	235	KR3e0070_WYG_061-15b
062.md	243	KR3e0070_WYG_061-16a
062.md	251	KR3e0070_WYG_061-16b
062.md	259	KR3e0070_WYG_061-17a
062.md	267	KR3e0070_WYG_061-17b
062.md	275	KR3e0070_WYG_061-18a
062.md	283	KR3e0070_WYG_061-18b
062.md	291	KR3e0070_WYG_061-19a
062.md	299	KR3e0070_WYG_061-19b
062.md	307	KR3e0070_WYG_061-20a
062.md	315	KR3e0070_WYG_061-20b
062.md	323	KR3e0070_WYG_061-21a
062.md	331	KR3e0070_WYG_061-21b
062.md	339	KR3e0070_WYG_061-22a
062.md	347	KR3e0070_WYG_061-22b
062.md	355	KR3e0070_WYG_061-23a
062.md	363	KR3e0070_WYG_061-23b
062.md	371	KR3e0070_WYG_061-24a
062.md	379	KR3e0070_WYG_061-24b
062.md	387	KR3e0070_WYG_061-25a
062.md	395	KR3e0070_WYG_061-25b
062.md	403	KR3e0070_WYG_061-26a
062.md	411	KR3e0070_WYG_061-26b
062.md	419	KR3e0070_WYG_061-27a
062.md	427	KR3e0070_WYG_061-27b
062.md	435	KR3e0070_WYG_061-28a
062.md	443	KR3e0070_WYG_061-28b
062.md	451	KR3e0070_WYG_061-29a
062.md	459	KR3e0070_WYG_061-29b
062.md	467	KR3e0070_WYG_061-30a
062.md	475	KR3e0070_WYG_061-30b
062.md	483	KR3e0070_WYG_061-31a
062.md	491	KR3e0070_WYG_061-31b
062.md	499	KR3e0070_WYG_061-32a
062.md	507	KR3e0070_WYG_061-32b
062.md	515	KR3e0070_WYG_061-33a
062.md	523	KR3e0070_WYG_061-33b
062.md	531	KR3e0070_WYG_061-34a
062.md	539	KR3e0070_WYG_061-34b
062.md	547	KR3e0070_WYG_061-35a
062.md	555	KR3e0070_WYG_061-35b
062.md	563	KR3e0070_WYG_061-36a
062.md	571	KR3e0070_WYG_061-36b
062.md	579	KR3e0070_WYG_061-37a
062.md	587	KR3e0070_WYG_061-37b
062.md	595	KR3e0070_WYG_061-38a
062.md	603	KR3e0070_WYG_061-38b
062.md	611	KR3e0070_WYG_061-39a
062.md	619	KR3e0070_WYG_061-39b
062.md	627	KR3e0070_WYG_061-40a
062.md	635	KR3e0070_WYG_061-40b
062.md	643	KR3e0070_WYG_061-41a
062.md	651	KR3e0070_WYG_061-41b
062.md	659	KR3e0070_WYG_061-42a
062.md	667	KR3e0070_WYG_061-42b
062.md	675	KR3e0070_WYG_061-43a
062.md	683	KR3e0070_WYG_061-43b
062.md	691	KR3e0070_WYG_061-44a
062.md	699	KR3e0070_WYG_061-44b
062.md	707	KR3e0070_WYG_061-45a
062.md	715	KR3e0070_WYG_061-45b
062.md	723	KR3e0070_WYG_061-46a
062.md	731	KR3e0070_WYG_061-46b
063.md	3	KR3e0070_WYG_062-1a
063.md	11	KR3e0070_WYG_062-1b
063.md	19	KR3e0070_WYG_062-2a
063.md	27	KR3e0070_WYG_062-2b
063.md	35	KR3e0070_WYG_062-3a
063.md	43	KR3e0070_WYG_062-3b
063.md	51	KR3e0070_WYG_062-4a
063.md	59	KR3e0070_WYG_062-4b
063.md	67	KR3e0070_WYG_062-5a
063.md	75	KR3e0070_WYG_062-5b
063.md	83	KR3e0070_WYG_062-6a
063.md	91	KR3e0070_WYG_062-6b
063.md	99	KR3e0070_WYG_062-7a
063.md	107	KR3e0070_WYG_062-7b
063.md	115	KR3e0070_WYG_062-8a
063.md	123	KR3e0070_WYG_062-8b
063.md	131	KR3e0070_WYG_062-9a
063.md	139	KR3e0070_WYG_062-9b
063.md	147	KR3e0070_WYG_062-10a
063.md	155	KR3e0070_WYG_062-10b
063.md	163	KR3e0070_WYG_062-11a
063.md	171	KR3e0070_WYG_062-11b
063.md	179	KR3e0070_WYG_062-12a
063.md	187	KR3e0070_WYG_062-12b
063.md	195	KR3e0070_WYG_062-13a
063.md	203	KR3e0070_WYG_062-13b
063.md	211	KR3e0070_WYG_062-14a
063.md	219	KR3e0070_WYG_062-14b
063.md	227	KR3e0070_WYG_062-15a
063.md	235	KR3e0070_WYG_062-15b
063.md	243	KR3e0070_WYG_062-16a
063.md	251	KR3e0070_WYG_062-16b
063.md	259	KR3e0070_WYG_062-17a
063.md	267	KR3e0070_WYG_062-17b
063.md	275	KR3e0070_WYG_062-18a
063.md	283	KR3e0070_WYG_062-18b
063.md	291	KR3e0070_WYG_062-19a
063.md	299	KR3e0070_WYG_062-19b
063.md	307	KR3e0070_WYG_062-20a
063.md	315	KR3e0070_WYG_062-20b
063.md	323	KR3e0070_WYG_062-21a
063.md	331	KR3e0070_WYG_062-21b
063.md	339	KR3e0070_WYG_062-22a
063.md	347	KR3e0070_WYG_062-22b
063.md	355	KR3e0070_WYG_062-23a
063.md	363	KR3e0070_WYG_062-23b
063.md	371	KR3e0070_WYG_062-24a
063.md	379	KR3e0070_WYG_062-24b
063.md	387	KR3e0070_WYG_062-25a
063.md	395	KR3e0070_WYG_062-25b
063.md	403	KR3e0070_WYG_062-26a
063.md	411	KR3e0070_WYG_062-26b
063.md	419	KR3e0070_WYG_062-27a
063.md	427	KR3e0070_WYG_062-27b
063.md	435	KR3e0070_WYG_062-28a
063.md	443	KR3e0070_WYG_062-28b
063.md	451	KR3e0070_WYG_062-29a
063.md	459	KR3e0070_WYG_062-29b
063.md	467	KR3e0070_WYG_062-30a
063.md	475	KR3e0070_WYG_062-30b
063.md	483	KR3e0070_WYG_062-31a
063.md	491	KR3e0070_WYG_062-31b
063.md	499	KR3e0070_WYG_062-32a
063.md	507	KR3e0070_WYG_062-32b
063.md	515	KR3e0070_WYG_062-33a
063.md	523	KR3e0070_WYG_062-33b
063.md	531	KR3e0070_WYG_062-34a
063.md	539	KR3e0070_WYG_062-34b
063.md	547	KR3e0070_WYG_062-35a
063.md	555	KR3e0070_WYG_062-35b
063.md	563	KR3e0070_WYG_062-36a
063.md	571	KR3e0070_WYG_062-36b
063.md	579	KR3e0070_WYG_062-37a
063.md	587	KR3e0070_WYG_062-37b
063.md	595	KR3e0070_WYG_062-38a
063.md	603	KR3e0070_WYG_062-38b
063.md	611	KR3e0070_WYG_062-39a
063.md	619	KR3e0070_WYG_062-39b
063.md	627	KR3e0070_WYG_062-40a
063.md	635	KR3e0070_WYG_062-40b
063.md	643	KR3e0070_WYG_062-41a
063.md	651	KR3e0070_WYG_062-41b
063.md	659	KR3e0070_WYG_062-42a
063.md	667	KR3e0070_WYG_062-42b
063.md	675	KR3e0070_WYG_062-43a
063.md	683	KR3e0070_WYG_062-43b
063.md	691	KR3e0070_WYG_062-44a
063.md	699	KR3e0070_WYG_062-44b
063.md	707	KR3e0070_WYG_062-45a
063.md	715	KR3e0070_WYG_062-45b
063.md	723	KR3e0070_WYG_062-46a
063.md	731	KR3e0070_WYG_062-46b
064.md	3	KR3e0070_WYG_063-1a
064.md	11	KR3e0070_WYG_063-1b
064.md	19	KR3e0070_WYG_063-2a
064.md	27	KR3e0070_WYG_063-2b
064.md	35	KR3e0070_WYG_063-3a
064.md	43	KR3e0070_WYG_063-3b
064.md	51	KR3e0070_WYG_063-4a
064.md	59	KR3e0070_WYG_063-4b
064.md	67	KR3e0070_WYG_063-5a
064.md	75	KR3e0070_WYG_063-5b
064.md	83	KR3e0070_WYG_063-6a
064.md	91	KR3e0070_WYG_063-6b
064.md	99	KR3e0070_WYG_063-7a
064.md	107	KR3e0070_WYG_063-7b
064.md	115	KR3e0070_WYG_063-8a
064.md	123	KR3e0070_WYG_063-8b
064.md	131	KR3e0070_WYG_063-9a
064.md	139	KR3e0070_WYG_063-9b
064.md	147	KR3e0070_WYG_063-10a
064.md	155	KR3e0070_WYG_063-10b
064.md	163	KR3e0070_WYG_063-11a
064.md	171	KR3e0070_WYG_063-11b
064.md	179	KR3e0070_WYG_063-12a
064.md	187	KR3e0070_WYG_063-12b
064.md	195	KR3e0070_WYG_063-13a
064.md	203	KR3e0070_WYG_063-13b
064.md	211	KR3e0070_WYG_063-14a
064.md	219	KR3e0070_WYG_063-14b
064.md	227	KR3e0070_WYG_063-15a
064.md	235	KR3e0070_WYG_063-15b
064.md	243	KR3e0070_WYG_063-16a
064.md	251	KR3e0070_WYG_063-16b
064.md	259	KR3e0070_WYG_063-17a
064.md	267	KR3e0070_WYG_063-17b
064.md	275	KR3e0070_WYG_063-18a
064.md	283	KR3e0070_WYG_063-18b
064.md	291	KR3e0070_WYG_063-19a
064.md	299	KR3e0070_WYG_063-19b
064.md	307	KR3e0070_WYG_063-20a
064.md	315	KR3e0070_WYG_063-20b
064.md	323	KR3e0070_WYG_063-21a
064.md	331	KR3e0070_WYG_063-21b
064.md	339	KR3e0070_WYG_063-22a
064.md	347	KR3e0070_WYG_063-22b
064.md	355	KR3e0070_WYG_063-23a
064.md	363	KR3e0070_WYG_063-23b
064.md	371	KR3e0070_WYG_063-24a
064.md	379	KR3e0070_WYG_063-24b
064.md	387	KR3e0070_WYG_063-25a
064.md	395	KR3e0070_WYG_063-25b
064.md	403	KR3e0070_WYG_063-26a
064.md	411	KR3e0070_WYG_063-26b
064.md	419	KR3e0070_WYG_063-27a
064.md	427	KR3e0070_WYG_063-27b
064.md	435	KR3e0070_WYG_063-28a
064.md	443	KR3e0070_WYG_063-28b
064.md	451	KR3e0070_WYG_063-29a
064.md	459	KR3e0070_WYG_063-29b
064.md	467	KR3e0070_WYG_063-30a
064.md	475	KR3e0070_WYG_063-30b
064.md	483	KR3e0070_WYG_063-31a
064.md	491	KR3e0070_WYG_063-31b
064.md	499	KR3e0070_WYG_063-32a
064.md	507	KR3e0070_WYG_063-32b
064.md	515	KR3e0070_WYG_063-33a
064.md	523	KR3e0070_WYG_063-33b
064.md	531	KR3e0070_WYG_063-34a
064.md	539	KR3e0070_WYG_063-34b
064.md	547	KR3e0070_WYG_063-35a
064.md	555	KR3e0070_WYG_063-35b
064.md	563	KR3e0070_WYG_063-36a
064.md	571	KR3e0070_WYG_063-36b
064.md	579	KR3e0070_WYG_063-37a
064.md	587	KR3e0070_WYG_063-37b
064.md	595	KR3e0070_WYG_063-38a
064.md	603	KR3e0070_WYG_063-38b
064.md	611	KR3e0070_WYG_063-39a
064.md	619	KR3e0070_WYG_063-39b
064.md	627	KR3e0070_WYG_063-40a
064.md	635	KR3e0070_WYG_063-40b
065.md	3	KR3e0070_WYG_064-1a
065.md	11	KR3e0070_WYG_064-1b
065.md	19	KR3e0070_WYG_064-2a
065.md	27	KR3e0070_WYG_064-2b
065.md	35	KR3e0070_WYG_064-3a
065.md	43	KR3e0070_WYG_064-3b
065.md	51	KR3e0070_WYG_064-4a
065.md	59	KR3e0070_WYG_064-4b
065.md	67	KR3e0070_WYG_064-5a
065.md	75	KR3e0070_WYG_064-5b
065.md	83	KR3e0070_WYG_064-6a
065.md	91	KR3e0070_WYG_064-6b
065.md	99	KR3e0070_WYG_064-7a
065.md	107	KR3e0070_WYG_064-7b
065.md	115	KR3e0070_WYG_064-8a
065.md	123	KR3e0070_WYG_064-8b
065.md	131	KR3e0070_WYG_064-9a
065.md	139	KR3e0070_WYG_064-9b
065.md	147	KR3e0070_WYG_064-10a
065.md	155	KR3e0070_WYG_064-10b
065.md	163	KR3e0070_WYG_064-11a
065.md	171	KR3e0070_WYG_064-11b
065.md	179	KR3e0070_WYG_064-12a
065.md	187	KR3e0070_WYG_064-12b
065.md	195	KR3e0070_WYG_064-13a
065.md	203	KR3e0070_WYG_064-13b
065.md	211	KR3e0070_WYG_064-14a
065.md	219	KR3e0070_WYG_064-14b
065.md	227	KR3e0070_WYG_064-15a
065.md	235	KR3e0070_WYG_064-15b
065.md	243	KR3e0070_WYG_064-16a
065.md	251	KR3e0070_WYG_064-16b
065.md	259	KR3e0070_WYG_064-17a
065.md	267	KR3e0070_WYG_064-17b
065.md	275	KR3e0070_WYG_064-18a
065.md	283	KR3e0070_WYG_064-18b
065.md	291	KR3e0070_WYG_064-19a
065.md	299	KR3e0070_WYG_064-19b
065.md	307	KR3e0070_WYG_064-20a
065.md	315	KR3e0070_WYG_064-20b
065.md	323	KR3e0070_WYG_064-21a
065.md	331	KR3e0070_WYG_064-21b
065.md	339	KR3e0070_WYG_064-22a
065.md	347	KR3e0070_WYG_064-22b
065.md	355	KR3e0070_WYG_064-23a
065.md	363	KR3e0070_WYG_064-23b
065.md	371	KR3e0070_WYG_064-24a
065.md	379	KR3e0070_WYG_064-24b
065.md	387	KR3e0070_WYG_064-25a
065.md	395	KR3e0070_WYG_064-25b
065.md	403	KR3e0070_WYG_064-26a
065.md	411	KR3e0070_WYG_064-26b
065.md	419	KR3e0070_WYG_064-27a
065.md	427	KR3e0070_WYG_064-27b
065.md	435	KR3e0070_WYG_064-28a
065.md	443	KR3e0070_WYG_064-28b
065.md	451	KR3e0070_WYG_064-29a
065.md	459	KR3e0070_WYG_064-29b
065.md	467	KR3e0070_WYG_064-30a
065.md	475	KR3e0070_WYG_064-30b
065.md	483	KR3e0070_WYG_064-31a
065.md	491	KR3e0070_WYG_064-31b
065.md	499	KR3e0070_WYG_064-32a
065.md	507	KR3e0070_WYG_064-32b
065.md	515	KR3e0070_WYG_064-33a
065.md	523	KR3e0070_WYG_064-33b
065.md	531	KR3e0070_WYG_064-34a
065.md	539	KR3e0070_WYG_064-34b
065.md	547	KR3e0070_WYG_064-35a
065.md	555	KR3e0070_WYG_064-35b
065.md	563	KR3e0070_WYG_064-36a
065.md	571	KR3e0070_WYG_064-36b
065.md	579	KR3e0070_WYG_064-37a
065.md	587	KR3e0070_WYG_064-37b
065.md	595	KR3e0070_WYG_064-38a
065.md	603	KR3e0070_WYG_064-38b
065.md	611	KR3e0070_WYG_064-39a
065.md	619	KR3e0070_WYG_064-39b
065.md	627	KR3e0070_WYG_064-40a
065.md	635	KR3e0070_WYG_064-40b
065.md	643	KR3e0070_WYG_064-41a
065.md	651	KR3e0070_WYG_064-41b
065.md	659	KR3e0070_WYG_064-42a
065.md	667	KR3e0070_WYG_064-42b
065.md	675	KR3e0070_WYG_064-43a
065.md	683	KR3e0070_WYG_064-43b
065.md	691	KR3e0070_WYG_064-44a
065.md	699	KR3e0070_WYG_064-44b
065.md	707	KR3e0070_WYG_064-45a
065.md	715	KR3e0070_WYG_064-45b
065.md	723	KR3e0070_WYG_064-46a
065.md	731	KR3e0070_WYG_064-46b
065.md	739	KR3e0070_WYG_064-47a
065.md	747	KR3e0070_WYG_064-47b
065.md	755	KR3e0070_WYG_064-48a
065.md	763	KR3e0070_WYG_064-48b
065.md	771	KR3e0070_WYG_064-49a
065.md	779	KR3e0070_WYG_064-49b
065.md	787	KR3e0070_WYG_064-50a
065.md	795	KR3e0070_WYG_064-50b
065.md	803	KR3e0070_WYG_064-51a
065.md	811	KR3e0070_WYG_064-51b
065.md	819	KR3e0070_WYG_064-52a
065.md	827	KR3e0070_WYG_064-52b
065.md	835	KR3e0070_WYG_064-53a
065.md	843	KR3e0070_WYG_064-53b
066.md	3	KR3e0070_WYG_065-1a
066.md	11	KR3e0070_WYG_065-1b
066.md	19	KR3e0070_WYG_065-2a
066.md	27	KR3e0070_WYG_065-2b
066.md	35	KR3e0070_WYG_065-3a
066.md	43	KR3e0070_WYG_065-3b
066.md	51	KR3e0070_WYG_065-4a
066.md	59	KR3e0070_WYG_065-4b
066.md	67	KR3e0070_WYG_065-5a
066.md	75	KR3e0070_WYG_065-5b
066.md	83	KR3e0070_WYG_065-6a
066.md	91	KR3e0070_WYG_065-6b
066.md	99	KR3e0070_WYG_065-7a
066.md	107	KR3e0070_WYG_065-7b
066.md	115	KR3e0070_WYG_065-8a
066.md	123	KR3e0070_WYG_065-8b
066.md	131	KR3e0070_WYG_065-9a
066.md	139	KR3e0070_WYG_065-9b
066.md	147	KR3e0070_WYG_065-10a
066.md	155	KR3e0070_WYG_065-10b
066.md	163	KR3e0070_WYG_065-11a
066.md	171	KR3e0070_WYG_065-11b
066.md	179	KR3e0070_WYG_065-12a
066.md	187	KR3e0070_WYG_065-12b
066.md	195	KR3e0070_WYG_065-13a
066.md	203	KR3e0070_WYG_065-13b
066.md	211	KR3e0070_WYG_065-14a
066.md	219	KR3e0070_WYG_065-14b
066.md	227	KR3e0070_WYG_065-15a
066.md	235	KR3e0070_WYG_065-15b
066.md	243	KR3e0070_WYG_065-16a
066.md	251	KR3e0070_WYG_065-16b
066.md	259	KR3e0070_WYG_065-17a
066.md	267	KR3e0070_WYG_065-17b
066.md	275	KR3e0070_WYG_065-18a
066.md	283	KR3e0070_WYG_065-18b
066.md	291	KR3e0070_WYG_065-19a
066.md	299	KR3e0070_WYG_065-19b
066.md	307	KR3e0070_WYG_065-20a
066.md	315	KR3e0070_WYG_065-20b
066.md	323	KR3e0070_WYG_065-21a
066.md	331	KR3e0070_WYG_065-21b
066.md	339	KR3e0070_WYG_065-22a
066.md	347	KR3e0070_WYG_065-22b
066.md	355	KR3e0070_WYG_065-23a
066.md	363	KR3e0070_WYG_065-23b
066.md	371	KR3e0070_WYG_065-24a
066.md	379	KR3e0070_WYG_065-24b
066.md	387	KR3e0070_WYG_065-25a
066.md	395	KR3e0070_WYG_065-25b
066.md	403	KR3e0070_WYG_065-26a
066.md	411	KR3e0070_WYG_065-26b
066.md	419	KR3e0070_WYG_065-27a
066.md	427	KR3e0070_WYG_065-27b
066.md	435	KR3e0070_WYG_065-28a
066.md	443	KR3e0070_WYG_065-28b
066.md	451	KR3e0070_WYG_065-29a
066.md	459	KR3e0070_WYG_065-29b
066.md	467	KR3e0070_WYG_065-30a
066.md	475	KR3e0070_WYG_065-30b
066.md	483	KR3e0070_WYG_065-31a
066.md	491	KR3e0070_WYG_065-31b
066.md	499	KR3e0070_WYG_065-32a
066.md	507	KR3e0070_WYG_065-32b
066.md	515	KR3e0070_WYG_065-33a
066.md	523	KR3e0070_WYG_065-33b
066.md	531	KR3e0070_WYG_065-34a
066.md	539	KR3e0070_WYG_065-34b
066.md	547	KR3e0070_WYG_065-35a
066.md	555	KR3e0070_WYG_065-35b
066.md	563	KR3e0070_WYG_065-36a
066.md	571	KR3e0070_WYG_065-36b
066.md	579	KR3e0070_WYG_065-37a
066.md	587	KR3e0070_WYG_065-37b
066.md	595	KR3e0070_WYG_065-38a
066.md	603	KR3e0070_WYG_065-38b
066.md	611	KR3e0070_WYG_065-39a
066.md	619	KR3e0070_WYG_065-39b
066.md	627	KR3e0070_WYG_065-40a
066.md	635	KR3e0070_WYG_065-40b
066.md	643	KR3e0070_WYG_065-41a
066.md	651	KR3e0070_WYG_065-41b
066.md	659	KR3e0070_WYG_065-42a
066.md	667	KR3e0070_WYG_065-42b
066.md	675	KR3e0070_WYG_065-43a
066.md	683	KR3e0070_WYG_065-43b
066.md	691	KR3e0070_WYG_065-44a
066.md	699	KR3e0070_WYG_065-44b
066.md	707	KR3e0070_WYG_065-45a
066.md	715	KR3e0070_WYG_065-45b
066.md	723	KR3e0070_WYG_065-46a
066.md	731	KR3e0070_WYG_065-46b
066.md	739	KR3e0070_WYG_065-47a
066.md	747	KR3e0070_WYG_065-47b
066.md	755	KR3e0070_WYG_065-48a
066.md	763	KR3e0070_WYG_065-48b
067.md	3	KR3e0070_WYG_066-1a
067.md	11	KR3e0070_WYG_066-1b
067.md	19	KR3e0070_WYG_066-2a
067.md	27	KR3e0070_WYG_066-2b
067.md	35	KR3e0070_WYG_066-3a
067.md	43	KR3e0070_WYG_066-3b
067.md	51	KR3e0070_WYG_066-4a
067.md	59	KR3e0070_WYG_066-4b
067.md	67	KR3e0070_WYG_066-5a
067.md	75	KR3e0070_WYG_066-5b
067.md	83	KR3e0070_WYG_066-6a
067.md	91	KR3e0070_WYG_066-6b
067.md	99	KR3e0070_WYG_066-7a
067.md	107	KR3e0070_WYG_066-7b
067.md	115	KR3e0070_WYG_066-8a
067.md	123	KR3e0070_WYG_066-8b
067.md	131	KR3e0070_WYG_066-9a
067.md	139	KR3e0070_WYG_066-9b
067.md	147	KR3e0070_WYG_066-10a
067.md	155	KR3e0070_WYG_066-10b
067.md	163	KR3e0070_WYG_066-11a
067.md	171	KR3e0070_WYG_066-11b
067.md	179	KR3e0070_WYG_066-12a
067.md	187	KR3e0070_WYG_066-12b
067.md	195	KR3e0070_WYG_066-13a
067.md	203	KR3e0070_WYG_066-13b
067.md	211	KR3e0070_WYG_066-14a
067.md	219	KR3e0070_WYG_066-14b
067.md	227	KR3e0070_WYG_066-15a
067.md	235	KR3e0070_WYG_066-15b
067.md	243	KR3e0070_WYG_066-16a
067.md	251	KR3e0070_WYG_066-16b
067.md	259	KR3e0070_WYG_066-17a
067.md	267	KR3e0070_WYG_066-17b
067.md	275	KR3e0070_WYG_066-18a
067.md	283	KR3e0070_WYG_066-18b
067.md	291	KR3e0070_WYG_066-19a
067.md	299	KR3e0070_WYG_066-19b
067.md	307	KR3e0070_WYG_066-20a
067.md	315	KR3e0070_WYG_066-20b
067.md	323	KR3e0070_WYG_066-21a
067.md	331	KR3e0070_WYG_066-21b
067.md	339	KR3e0070_WYG_066-22a
067.md	347	KR3e0070_WYG_066-22b
067.md	355	KR3e0070_WYG_066-23a
067.md	363	KR3e0070_WYG_066-23b
067.md	371	KR3e0070_WYG_066-24a
067.md	379	KR3e0070_WYG_066-24b
067.md	387	KR3e0070_WYG_066-25a
067.md	395	KR3e0070_WYG_066-25b
067.md	403	KR3e0070_WYG_066-26a
067.md	411	KR3e0070_WYG_066-26b
067.md	419	KR3e0070_WYG_066-27a
067.md	427	KR3e0070_WYG_066-27b
067.md	435	KR3e0070_WYG_066-28a
067.md	443	KR3e0070_WYG_066-28b
067.md	451	KR3e0070_WYG_066-29a
067.md	459	KR3e0070_WYG_066-29b
067.md	467	KR3e0070_WYG_066-30a
067.md	475	KR3e0070_WYG_066-30b
067.md	483	KR3e0070_WYG_066-31a
067.md	491	KR3e0070_WYG_066-31b
067.md	499	KR3e0070_WYG_066-32a
067.md	507	KR3e0070_WYG_066-32b
067.md	515	KR3e0070_WYG_066-33a
067.md	523	KR3e0070_WYG_066-33b
067.md	531	KR3e0070_WYG_066-34a
067.md	539	KR3e0070_WYG_066-34b
067.md	547	KR3e0070_WYG_066-35a
067.md	555	KR3e0070_WYG_066-35b
067.md	563	KR3e0070_WYG_066-36a
067.md	571	KR3e0070_WYG_066-36b
067.md	579	KR3e0070_WYG_066-37a
067.md	587	KR3e0070_WYG_066-37b
067.md	595	KR3e0070_WYG_066-38a
067.md	603	KR3e0070_WYG_066-38b
067.md	611	KR3e0070_WYG_066-39a
067.md	619	KR3e0070_WYG_066-39b
067.md	627	KR3e0070_WYG_066-40a
067.md	635	KR3e0070_WYG_066-40b
067.md	643	KR3e0070_WYG_066-41a
067.md	651	KR3e0070_WYG_066-41b
068.md	3	KR3e0070_WYG_067-1a
068.md	11	KR3e0070_WYG_067-1b
068.md	19	KR3e0070_WYG_067-2a
068.md	27	KR3e0070_WYG_067-2b
068.md	35	KR3e0070_WYG_067-3a
068.md	43	KR3e0070_WYG_067-3b
068.md	51	KR3e0070_WYG_067-4a
068.md	59	KR3e0070_WYG_067-4b
068.md	67	KR3e0070_WYG_067-5a
068.md	75	KR3e0070_WYG_067-5b
068.md	83	KR3e0070_WYG_067-6a
068.md	91	KR3e0070_WYG_067-6b
068.md	99	KR3e0070_WYG_067-7a
068.md	107	KR3e0070_WYG_067-7b
068.md	115	KR3e0070_WYG_067-8a
068.md	123	KR3e0070_WYG_067-8b
068.md	131	KR3e0070_WYG_067-9a
068.md	139	KR3e0070_WYG_067-9b
068.md	147	KR3e0070_WYG_067-10a
068.md	155	KR3e0070_WYG_067-10b
068.md	163	KR3e0070_WYG_067-11a
068.md	171	KR3e0070_WYG_067-11b
068.md	179	KR3e0070_WYG_067-12a
068.md	187	KR3e0070_WYG_067-12b
068.md	195	KR3e0070_WYG_067-13a
068.md	203	KR3e0070_WYG_067-13b
068.md	211	KR3e0070_WYG_067-14a
068.md	219	KR3e0070_WYG_067-14b
068.md	227	KR3e0070_WYG_067-15a
068.md	235	KR3e0070_WYG_067-15b
068.md	243	KR3e0070_WYG_067-16a
068.md	251	KR3e0070_WYG_067-16b
068.md	259	KR3e0070_WYG_067-17a
068.md	267	KR3e0070_WYG_067-17b
068.md	275	KR3e0070_WYG_067-18a
068.md	283	KR3e0070_WYG_067-18b
068.md	291	KR3e0070_WYG_067-19a
068.md	299	KR3e0070_WYG_067-19b
068.md	307	KR3e0070_WYG_067-20a
068.md	315	KR3e0070_WYG_067-20b
068.md	323	KR3e0070_WYG_067-21a
068.md	331	KR3e0070_WYG_067-21b
068.md	339	KR3e0070_WYG_067-22a
068.md	347	KR3e0070_WYG_067-22b
068.md	355	KR3e0070_WYG_067-23a
068.md	363	KR3e0070_WYG_067-23b
068.md	371	KR3e0070_WYG_067-24a
068.md	379	KR3e0070_WYG_067-24b
068.md	387	KR3e0070_WYG_067-25a
068.md	395	KR3e0070_WYG_067-25b
068.md	403	KR3e0070_WYG_067-26a
068.md	411	KR3e0070_WYG_067-26b
068.md	419	KR3e0070_WYG_067-27a
068.md	427	KR3e0070_WYG_067-27b
068.md	435	KR3e0070_WYG_067-28a
068.md	443	KR3e0070_WYG_067-28b
068.md	451	KR3e0070_WYG_067-29a
068.md	459	KR3e0070_WYG_067-29b
068.md	467	KR3e0070_WYG_067-30a
068.md	475	KR3e0070_WYG_067-30b
068.md	483	KR3e0070_WYG_067-31a
068.md	491	KR3e0070_WYG_067-31b
068.md	499	KR3e0070_WYG_067-32a
068.md	507	KR3e0070_WYG_067-32b
068.md	515	KR3e0070_WYG_067-33a
068.md	523	KR3e0070_WYG_067-33b
068.md	531	KR3e0070_WYG_067-34a
068.md	539	KR3e0070_WYG_067-34b
068.md	547	KR3e0070_WYG_067-35a
068.md	555	KR3e0070_WYG_067-35b
068.md	563	KR3e0070_WYG_067-36a
068.md	571	KR3e0070_WYG_067-36b
068.md	579	KR3e0070_WYG_067-37a
068.md	587	KR3e0070_WYG_067-37b
068.md	595	KR3e0070_WYG_067-38a
068.md	603	KR3e0070_WYG_067-38b
068.md	611	KR3e0070_WYG_067-39a
068.md	619	KR3e0070_WYG_067-39b
068.md	627	KR3e0070_WYG_067-40a
068.md	635	KR3e0070_WYG_067-40b
068.md	643	KR3e0070_WYG_067-41a
068.md	651	KR3e0070_WYG_067-41b
068.md	659	KR3e0070_WYG_067-42a
068.md	667	KR3e0070_WYG_067-42b
068.md	675	KR3e0070_WYG_067-43a
068.md	683	KR3e0070_WYG_067-43b
068.md	691	KR3e0070_WYG_067-44a
068.md	699	KR3e0070_WYG_067-44b
068.md	707	KR3e0070_WYG_067-45a
068.md	715	KR3e0070_WYG_067-45b
068.md	723	KR3e0070_WYG_067-46a
068.md	731	KR3e0070_WYG_067-46b
069.md	3	KR3e0070_WYG_068-1a
069.md	11	KR3e0070_WYG_068-1b
069.md	19	KR3e0070_WYG_068-2a
069.md	27	KR3e0070_WYG_068-2b
069.md	35	KR3e0070_WYG_068-3a
069.md	43	KR3e0070_WYG_068-3b
069.md	51	KR3e0070_WYG_068-4a
069.md	59	KR3e0070_WYG_068-4b
069.md	67	KR3e0070_WYG_068-5a
069.md	75	KR3e0070_WYG_068-5b
069.md	83	KR3e0070_WYG_068-6a
069.md	91	KR3e0070_WYG_068-6b
069.md	99	KR3e0070_WYG_068-7a
069.md	107	KR3e0070_WYG_068-7b
069.md	115	KR3e0070_WYG_068-8a
069.md	123	KR3e0070_WYG_068-8b
069.md	131	KR3e0070_WYG_068-9a
069.md	139	KR3e0070_WYG_068-9b
069.md	147	KR3e0070_WYG_068-10a
069.md	155	KR3e0070_WYG_068-10b
069.md	163	KR3e0070_WYG_068-11a
069.md	171	KR3e0070_WYG_068-11b
069.md	179	KR3e0070_WYG_068-12a
069.md	187	KR3e0070_WYG_068-12b
069.md	195	KR3e0070_WYG_068-13a
069.md	203	KR3e0070_WYG_068-13b
069.md	211	KR3e0070_WYG_068-14a
069.md	219	KR3e0070_WYG_068-14b
069.md	227	KR3e0070_WYG_068-15a
069.md	235	KR3e0070_WYG_068-15b
069.md	243	KR3e0070_WYG_068-16a
069.md	251	KR3e0070_WYG_068-16b
069.md	259	KR3e0070_WYG_068-17a
069.md	267	KR3e0070_WYG_068-17b
069.md	275	KR3e0070_WYG_068-18a
069.md	283	KR3e0070_WYG_068-18b
069.md	291	KR3e0070_WYG_068-19a
069.md	299	KR3e0070_WYG_068-19b
069.md	307	KR3e0070_WYG_068-20a
069.md	315	KR3e0070_WYG_068-20b
069.md	323	KR3e0070_WYG_068-21a
069.md	331	KR3e0070_WYG_068-21b
069.md	339	KR3e0070_WYG_068-22a
069.md	347	KR3e0070_WYG_068-22b
069.md	355	KR3e0070_WYG_068-23a
069.md	363	KR3e0070_WYG_068-23b
069.md	371	KR3e0070_WYG_068-24a
069.md	379	KR3e0070_WYG_068-24b
069.md	387	KR3e0070_WYG_068-25a
069.md	395	KR3e0070_WYG_068-25b
069.md	403	KR3e0070_WYG_068-26a
069.md	411	KR3e0070_WYG_068-26b
069.md	419	KR3e0070_WYG_068-27a
069.md	427	KR3e0070_WYG_068-27b
069.md	435	KR3e0070_WYG_068-28a
069.md	443	KR3e0070_WYG_068-28b
069.md	451	KR3e0070_WYG_068-29a
069.md	459	KR3e0070_WYG_068-29b
069.md	467	KR3e0070_WYG_068-30a
069.md	475	KR3e0070_WYG_068-30b
069.md	483	KR3e0070_WYG_068-31a
069.md	491	KR3e0070_WYG_068-31b
069.md	499	KR3e0070_WYG_068-32a
069.md	507	KR3e0070_WYG_068-32b
069.md	515	KR3e0070_WYG_068-33a
069.md	523	KR3e0070_WYG_068-33b
069.md	531	KR3e0070_WYG_068-34a
069.md	539	KR3e0070_WYG_068-34b
069.md	547	KR3e0070_WYG_068-35a
069.md	555	KR3e0070_WYG_068-35b
069.md	563	KR3e0070_WYG_068-36a
069.md	571	KR3e0070_WYG_068-36b
069.md	579	KR3e0070_WYG_068-37a
069.md	587	KR3e0070_WYG_068-37b
069.md	595	KR3e0070_WYG_068-38a
069.md	603	KR3e0070_WYG_068-38b
069.md	611	KR3e0070_WYG_068-39a
069.md	619	KR3e0070_WYG_068-39b
069.md	627	KR3e0070_WYG_068-40a
069.md	635	KR3e0070_WYG_068-40b
069.md	643	KR3e0070_WYG_068-41a
069.md	651	KR3e0070_WYG_068-41b
069.md	659	KR3e0070_WYG_068-42a
069.md	667	KR3e0070_WYG_068-42b
069.md	675	KR3e0070_WYG_068-43a
069.md	683	KR3e0070_WYG_068-43b
069.md	691	KR3e0070_WYG_068-44a
069.md	699	KR3e0070_WYG_068-44b
069.md	707	KR3e0070_WYG_068-45a
069.md	715	KR3e0070_WYG_068-45b
069.md	723	KR3e0070_WYG_068-46a
069.md	731	KR3e0070_WYG_068-46b
069.md	739	KR3e0070_WYG_068-47a
069.md	747	KR3e0070_WYG_068-47b
069.md	755	KR3e0070_WYG_068-48a
069.md	763	KR3e0070_WYG_068-48b
069.md	771	KR3e0070_WYG_068-49a
069.md	779	KR3e0070_WYG_068-49b
069.md	787	KR3e0070_WYG_068-50a
069.md	795	KR3e0070_WYG_068-50b
069.md	803	KR3e0070_WYG_068-51a
069.md	811	KR3e0070_WYG_068-51b
069.md	819	KR3e0070_WYG_068-52a
069.md	827	KR3e0070_WYG_068-52b
069.md	835	KR3e0070_WYG_068-53a
069.md	843	KR3e0070_WYG_068-53b
069.md	851	KR3e0070_WYG_068-54a
069.md	859	KR3e0070_WYG_068-54b
069.md	867	KR3e0070_WYG_068-55a
069.md	875	KR3e0070_WYG_068-55b
069.md	883	KR3e0070_WYG_068-56a
069.md	891	KR3e0070_WYG_068-56b
069.md	899	KR3e0070_WYG_068-57a
069.md	907	KR3e0070_WYG_068-57b
069.md	915	KR3e0070_WYG_068-58a
069.md	923	KR3e0070_WYG_068-58b
069.md	931	KR3e0070_WYG_068-59a
069.md	939	KR3e0070_WYG_068-59b
069.md	947	KR3e0070_WYG_068-60a
069.md	955	KR3e0070_WYG_068-60b
069.md	963	KR3e0070_WYG_068-61a
069.md	971	KR3e0070_WYG_068-61b
069.md	979	KR3e0070_WYG_068-62a
069.md	987	KR3e0070_WYG_068-62b
069.md	995	KR3e0070_WYG_068-63a
069.md	1003	KR3e0070_WYG_068-63b
069.md	1011	KR3e0070_WYG_068-64a
069.md	1019	KR3e0070_WYG_068-64b
069.md	1027	KR3e0070_WYG_068-65a
069.md	1035	KR3e0070_WYG_068-65b
070.md	3	KR3e0070_WYG_069-1a
070.md	11	KR3e0070_WYG_069-1b
070.md	19	KR3e0070_WYG_069-2a
070.md	27	KR3e0070_WYG_069-2b
070.md	35	KR3e0070_WYG_069-3a
070.md	43	KR3e0070_WYG_069-3b
070.md	51	KR3e0070_WYG_069-4a
070.md	59	KR3e0070_WYG_069-4b
070.md	67	KR3e0070_WYG_069-5a
070.md	75	KR3e0070_WYG_069-5b
070.md	83	KR3e0070_WYG_069-6a
070.md	91	KR3e0070_WYG_069-6b
070.md	99	KR3e0070_WYG_069-7a
070.md	107	KR3e0070_WYG_069-7b
070.md	115	KR3e0070_WYG_069-8a
070.md	123	KR3e0070_WYG_069-8b
070.md	131	KR3e0070_WYG_069-9a
070.md	139	KR3e0070_WYG_069-9b
070.md	147	KR3e0070_WYG_069-10a
070.md	155	KR3e0070_WYG_069-10b
070.md	163	KR3e0070_WYG_069-11a
070.md	171	KR3e0070_WYG_069-11b
070.md	179	KR3e0070_WYG_069-12a
070.md	187	KR3e0070_WYG_069-12b
070.md	195	KR3e0070_WYG_069-13a
070.md	203	KR3e0070_WYG_069-13b
070.md	211	KR3e0070_WYG_069-14a
070.md	219	KR3e0070_WYG_069-14b
070.md	227	KR3e0070_WYG_069-15a
070.md	235	KR3e0070_WYG_069-15b
070.md	243	KR3e0070_WYG_069-16a
070.md	251	KR3e0070_WYG_069-16b
070.md	259	KR3e0070_WYG_069-17a
070.md	267	KR3e0070_WYG_069-17b
070.md	275	KR3e0070_WYG_069-18a
070.md	283	KR3e0070_WYG_069-18b
070.md	291	KR3e0070_WYG_069-19a
070.md	299	KR3e0070_WYG_069-19b
070.md	307	KR3e0070_WYG_069-20a
070.md	315	KR3e0070_WYG_069-20b
070.md	323	KR3e0070_WYG_069-21a
070.md	331	KR3e0070_WYG_069-21b
070.md	339	KR3e0070_WYG_069-22a
070.md	347	KR3e0070_WYG_069-22b
070.md	355	KR3e0070_WYG_069-23a
070.md	363	KR3e0070_WYG_069-23b
070.md	371	KR3e0070_WYG_069-24a
070.md	379	KR3e0070_WYG_069-24b
070.md	387	KR3e0070_WYG_069-25a
070.md	395	KR3e0070_WYG_069-25b
070.md	403	KR3e0070_WYG_069-26a
070.md	411	KR3e0070_WYG_069-26b
070.md	419	KR3e0070_WYG_069-27a
070.md	427	KR3e0070_WYG_069-27b
070.md	435	KR3e0070_WYG_069-28a
070.md	443	KR3e0070_WYG_069-28b
070.md	451	KR3e0070_WYG_069-29a
070.md	459	KR3e0070_WYG_069-29b
070.md	467	KR3e0070_WYG_069-30a
070.md	475	KR3e0070_WYG_069-30b
070.md	483	KR3e0070_WYG_069-31a
070.md	491	KR3e0070_WYG_069-31b
070.md	499	KR3e0070_WYG_069-32a
070.md	507	KR3e0070_WYG_069-32b
070.md	515	KR3e0070_WYG_069-33a
070.md	523	KR3e0070_WYG_069-33b
070.md	531	KR3e0070_WYG_069-34a
070.md	539	KR3e0070_WYG_069-34b
070.md	547	KR3e0070_WYG_069-35a
070.md	555	KR3e0070_WYG_069-35b
070.md	563	KR3e0070_WYG_069-36a
070.md	571	KR3e0070_WYG_069-36b
070.md	579	KR3e0070_WYG_069-37a
070.md	587	KR3e0070_WYG_069-37b
070.md	595	KR3e0070_WYG_069-38a
070.md	603	KR3e0070_WYG_069-38b
070.md	611	KR3e0070_WYG_069-39a
070.md	619	KR3e0070_WYG_069-39b
070.md	627	KR3e0070_WYG_069-40a
070.md	635	KR3e0070_WYG_069-40b
070.md	643	KR3e0070_WYG_069-41a
070.md	651	KR3e0070_WYG_069-41b
070.md	659	KR3e0070_WYG_069-42a
070.md	667	KR3e0070_WYG_069-42b
070.md	675	KR3e0070_WYG_069-43a
070.md	683	KR3e0070_WYG_069-43b
070.md	691	KR3e0070_WYG_069-44a
070.md	699	KR3e0070_WYG_069-44b
070.md	707	KR3e0070_WYG_069-45a
070.md	715	KR3e0070_WYG_069-45b
070.md	723	KR3e0070_WYG_069-46a
070.md	731	KR3e0070_WYG_069-46b
070.md	739	KR3e0070_WYG_069-47a
070.md	747	KR3e0070_WYG_069-47b
070.md	755	KR3e0070_WYG_069-48a
070.md	763	KR3e0070_WYG_069-48b
070.md	771	KR3e0070_WYG_069-49a
070.md	779	KR3e0070_WYG_069-49b
071.md	3	KR3e0070_WYG_070-1a
071.md	11	KR3e0070_WYG_070-1b
071.md	19	KR3e0070_WYG_070-2a
071.md	27	KR3e0070_WYG_070-2b
071.md	35	KR3e0070_WYG_070-3a
071.md	43	KR3e0070_WYG_070-3b
071.md	51	KR3e0070_WYG_070-4a
071.md	59	KR3e0070_WYG_070-4b
071.md	62	KR3e0070_WYG_070-5a
071.md	70	KR3e0070_WYG_070-5b
071.md	78	KR3e0070_WYG_070-6a
071.md	86	KR3e0070_WYG_070-6b
071.md	94	KR3e0070_WYG_070-7a
071.md	102	KR3e0070_WYG_070-7b
071.md	110	KR3e0070_WYG_070-8a
071.md	118	KR3e0070_WYG_070-8b
071.md	126	KR3e0070_WYG_070-9a
071.md	134	KR3e0070_WYG_070-9b
071.md	142	KR3e0070_WYG_070-10a
071.md	150	KR3e0070_WYG_070-10b
071.md	158	KR3e0070_WYG_070-11a
071.md	166	KR3e0070_WYG_070-11b
071.md	174	KR3e0070_WYG_070-12a
071.md	182	KR3e0070_WYG_070-12b
071.md	190	KR3e0070_WYG_070-13a
071.md	198	KR3e0070_WYG_070-13b
071.md	206	KR3e0070_WYG_070-14a
071.md	214	KR3e0070_WYG_070-14b
071.md	222	KR3e0070_WYG_070-15a
071.md	230	KR3e0070_WYG_070-15b
071.md	238	KR3e0070_WYG_070-16a
071.md	246	KR3e0070_WYG_070-16b
071.md	254	KR3e0070_WYG_070-17a
071.md	262	KR3e0070_WYG_070-17b
071.md	270	KR3e0070_WYG_070-18a
071.md	278	KR3e0070_WYG_070-18b
071.md	286	KR3e0070_WYG_070-19a
071.md	294	KR3e0070_WYG_070-19b
071.md	302	KR3e0070_WYG_070-20a
071.md	310	KR3e0070_WYG_070-20b
071.md	318	KR3e0070_WYG_070-21a
071.md	326	KR3e0070_WYG_070-21b
071.md	334	KR3e0070_WYG_070-22a
071.md	342	KR3e0070_WYG_070-22b
071.md	350	KR3e0070_WYG_070-23a
071.md	358	KR3e0070_WYG_070-23b
071.md	366	KR3e0070_WYG_070-24a
071.md	374	KR3e0070_WYG_070-24b
071.md	382	KR3e0070_WYG_070-25a
071.md	390	KR3e0070_WYG_070-25b
071.md	398	KR3e0070_WYG_070-26a
071.md	406	KR3e0070_WYG_070-26b
071.md	414	KR3e0070_WYG_070-27a
071.md	422	KR3e0070_WYG_070-27b
071.md	430	KR3e0070_WYG_070-28a
071.md	438	KR3e0070_WYG_070-28b
071.md	446	KR3e0070_WYG_070-29a
071.md	454	KR3e0070_WYG_070-29b
071.md	462	KR3e0070_WYG_070-30a
071.md	470	KR3e0070_WYG_070-30b
071.md	478	KR3e0070_WYG_070-31a
071.md	486	KR3e0070_WYG_070-31b
071.md	494	KR3e0070_WYG_070-32a
071.md	502	KR3e0070_WYG_070-32b
071.md	510	KR3e0070_WYG_070-33a
071.md	518	KR3e0070_WYG_070-33b
071.md	526	KR3e0070_WYG_070-34a
071.md	534	KR3e0070_WYG_070-34b
071.md	542	KR3e0070_WYG_070-35a
071.md	550	KR3e0070_WYG_070-35b
071.md	558	KR3e0070_WYG_070-36a
071.md	566	KR3e0070_WYG_070-36b
071.md	574	KR3e0070_WYG_070-37a
071.md	582	KR3e0070_WYG_070-37b
071.md	590	KR3e0070_WYG_070-38a
071.md	598	KR3e0070_WYG_070-38b
071.md	606	KR3e0070_WYG_070-39a
071.md	614	KR3e0070_WYG_070-39b
071.md	622	KR3e0070_WYG_070-40a
071.md	630	KR3e0070_WYG_070-40b
071.md	638	KR3e0070_WYG_070-41a
071.md	646	KR3e0070_WYG_070-41b
071.md	654	KR3e0070_WYG_070-42a
071.md	662	KR3e0070_WYG_070-42b
072.md	3	KR3e0070_WYG_071-1a
072.md	11	KR3e0070_WYG_071-1b
072.md	19	KR3e0070_WYG_071-2a
072.md	27	KR3e0070_WYG_071-2b
072.md	35	KR3e0070_WYG_071-3a
072.md	43	KR3e0070_WYG_071-3b
072.md	51	KR3e0070_WYG_071-4a
072.md	59	KR3e0070_WYG_071-4b
072.md	67	KR3e0070_WYG_071-5a
072.md	75	KR3e0070_WYG_071-5b
072.md	83	KR3e0070_WYG_071-6a
072.md	91	KR3e0070_WYG_071-6b
072.md	99	KR3e0070_WYG_071-7a
072.md	107	KR3e0070_WYG_071-7b
072.md	115	KR3e0070_WYG_071-8a
072.md	123	KR3e0070_WYG_071-8b
072.md	131	KR3e0070_WYG_071-9a
072.md	139	KR3e0070_WYG_071-9b
072.md	147	KR3e0070_WYG_071-10a
072.md	155	KR3e0070_WYG_071-10b
072.md	163	KR3e0070_WYG_071-11a
072.md	171	KR3e0070_WYG_071-11b
072.md	179	KR3e0070_WYG_071-12a
072.md	187	KR3e0070_WYG_071-12b
072.md	195	KR3e0070_WYG_071-13a
072.md	203	KR3e0070_WYG_071-13b
072.md	211	KR3e0070_WYG_071-14a
072.md	219	KR3e0070_WYG_071-14b
072.md	227	KR3e0070_WYG_071-15a
072.md	235	KR3e0070_WYG_071-15b
072.md	243	KR3e0070_WYG_071-16a
072.md	251	KR3e0070_WYG_071-16b
072.md	259	KR3e0070_WYG_071-17a
072.md	267	KR3e0070_WYG_071-17b
072.md	275	KR3e0070_WYG_071-18a
072.md	283	KR3e0070_WYG_071-18b
072.md	291	KR3e0070_WYG_071-19a
072.md	299	KR3e0070_WYG_071-19b
072.md	307	KR3e0070_WYG_071-20a
072.md	315	KR3e0070_WYG_071-20b
072.md	323	KR3e0070_WYG_071-21a
072.md	331	KR3e0070_WYG_071-21b
072.md	339	KR3e0070_WYG_071-22a
072.md	347	KR3e0070_WYG_071-22b
072.md	355	KR3e0070_WYG_071-23a
072.md	363	KR3e0070_WYG_071-23b
072.md	371	KR3e0070_WYG_071-24a
072.md	379	KR3e0070_WYG_071-24b
072.md	387	KR3e0070_WYG_071-25a
072.md	395	KR3e0070_WYG_071-25b
072.md	403	KR3e0070_WYG_071-26a
072.md	411	KR3e0070_WYG_071-26b
072.md	419	KR3e0070_WYG_071-27a
072.md	427	KR3e0070_WYG_071-27b
072.md	435	KR3e0070_WYG_071-28a
072.md	443	KR3e0070_WYG_071-28b
072.md	451	KR3e0070_WYG_071-29a
072.md	459	KR3e0070_WYG_071-29b
072.md	467	KR3e0070_WYG_071-30a
072.md	475	KR3e0070_WYG_071-30b
072.md	483	KR3e0070_WYG_071-31a
072.md	491	KR3e0070_WYG_071-31b
072.md	499	KR3e0070_WYG_071-32a
072.md	507	KR3e0070_WYG_071-32b
072.md	515	KR3e0070_WYG_071-33a
072.md	523	KR3e0070_WYG_071-33b
072.md	531	KR3e0070_WYG_071-34a
072.md	539	KR3e0070_WYG_071-34b
072.md	547	KR3e0070_WYG_071-35a
072.md	555	KR3e0070_WYG_071-35b
072.md	563	KR3e0070_WYG_071-36a
072.md	571	KR3e0070_WYG_071-36b
072.md	579	KR3e0070_WYG_071-37a
072.md	587	KR3e0070_WYG_071-37b
072.md	595	KR3e0070_WYG_071-38a
072.md	603	KR3e0070_WYG_071-38b
072.md	611	KR3e0070_WYG_071-39a
072.md	619	KR3e0070_WYG_071-39b
072.md	627	KR3e0070_WYG_071-40a
072.md	635	KR3e0070_WYG_071-40b
072.md	643	KR3e0070_WYG_071-41a
072.md	651	KR3e0070_WYG_071-41b
072.md	659	KR3e0070_WYG_071-42a
072.md	667	KR3e0070_WYG_071-42b
072.md	675	KR3e0070_WYG_071-43a
072.md	683	KR3e0070_WYG_071-43b
072.md	691	KR3e0070_WYG_071-44a
072.md	699	KR3e0070_WYG_071-44b
072.md	707	KR3e0070_WYG_071-45a
072.md	715	KR3e0070_WYG_071-45b
072.md	723	KR3e0070_WYG_071-46a
072.md	731	KR3e0070_WYG_071-46b
072.md	739	KR3e0070_WYG_071-47a
072.md	747	KR3e0070_WYG_071-47b
072.md	755	KR3e0070_WYG_071-48a
072.md	763	KR3e0070_WYG_071-48b
072.md	771	KR3e0070_WYG_071-49a
072.md	779	KR3e0070_WYG_071-49b
072.md	787	KR3e0070_WYG_071-50a
072.md	795	KR3e0070_WYG_071-50b
072.md	803	KR3e0070_WYG_071-51a
072.md	811	KR3e0070_WYG_071-51b
072.md	819	KR3e0070_WYG_071-52a
072.md	827	KR3e0070_WYG_071-52b
072.md	835	KR3e0070_WYG_071-53a
072.md	843	KR3e0070_WYG_071-53b
072.md	851	KR3e0070_WYG_071-54a
072.md	859	KR3e0070_WYG_071-54b
072.md	867	KR3e0070_WYG_071-55a
072.md	875	KR3e0070_WYG_071-55b
073.md	3	KR3e0070_WYG_072-1a
073.md	11	KR3e0070_WYG_072-1b
073.md	19	KR3e0070_WYG_072-2a
073.md	27	KR3e0070_WYG_072-2b
073.md	35	KR3e0070_WYG_072-3a
073.md	43	KR3e0070_WYG_072-3b
073.md	51	KR3e0070_WYG_072-4a
073.md	59	KR3e0070_WYG_072-4b
073.md	67	KR3e0070_WYG_072-5a
073.md	75	KR3e0070_WYG_072-5b
073.md	83	KR3e0070_WYG_072-6a
073.md	91	KR3e0070_WYG_072-6b
073.md	99	KR3e0070_WYG_072-7a
073.md	107	KR3e0070_WYG_072-7b
073.md	115	KR3e0070_WYG_072-8a
073.md	123	KR3e0070_WYG_072-8b
073.md	131	KR3e0070_WYG_072-9a
073.md	139	KR3e0070_WYG_072-9b
073.md	147	KR3e0070_WYG_072-10a
073.md	155	KR3e0070_WYG_072-10b
073.md	163	KR3e0070_WYG_072-11a
073.md	171	KR3e0070_WYG_072-11b
073.md	179	KR3e0070_WYG_072-12a
073.md	187	KR3e0070_WYG_072-12b
073.md	195	KR3e0070_WYG_072-13a
073.md	203	KR3e0070_WYG_072-13b
073.md	211	KR3e0070_WYG_072-14a
073.md	219	KR3e0070_WYG_072-14b
073.md	227	KR3e0070_WYG_072-15a
073.md	235	KR3e0070_WYG_072-15b
073.md	243	KR3e0070_WYG_072-16a
073.md	251	KR3e0070_WYG_072-16b
073.md	259	KR3e0070_WYG_072-17a
073.md	267	KR3e0070_WYG_072-17b
073.md	275	KR3e0070_WYG_072-18a
073.md	283	KR3e0070_WYG_072-18b
073.md	291	KR3e0070_WYG_072-19a
073.md	299	KR3e0070_WYG_072-19b
073.md	307	KR3e0070_WYG_072-20a
073.md	315	KR3e0070_WYG_072-20b
073.md	323	KR3e0070_WYG_072-21a
073.md	331	KR3e0070_WYG_072-21b
073.md	339	KR3e0070_WYG_072-22a
073.md	347	KR3e0070_WYG_072-22b
073.md	355	KR3e0070_WYG_072-23a
073.md	363	KR3e0070_WYG_072-23b
073.md	371	KR3e0070_WYG_072-24a
073.md	379	KR3e0070_WYG_072-24b
073.md	387	KR3e0070_WYG_072-25a
073.md	395	KR3e0070_WYG_072-25b
073.md	403	KR3e0070_WYG_072-26a
073.md	411	KR3e0070_WYG_072-26b
073.md	419	KR3e0070_WYG_072-27a
073.md	427	KR3e0070_WYG_072-27b
073.md	435	KR3e0070_WYG_072-28a
073.md	443	KR3e0070_WYG_072-28b
073.md	451	KR3e0070_WYG_072-29a
073.md	459	KR3e0070_WYG_072-29b
073.md	467	KR3e0070_WYG_072-30a
073.md	475	KR3e0070_WYG_072-30b
073.md	483	KR3e0070_WYG_072-31a
073.md	491	KR3e0070_WYG_072-31b
073.md	499	KR3e0070_WYG_072-32a
073.md	507	KR3e0070_WYG_072-32b
073.md	515	KR3e0070_WYG_072-33a
073.md	523	KR3e0070_WYG_072-33b
073.md	531	KR3e0070_WYG_072-34a
073.md	539	KR3e0070_WYG_072-34b
073.md	547	KR3e0070_WYG_072-35a
073.md	555	KR3e0070_WYG_072-35b
073.md	563	KR3e0070_WYG_072-36a
073.md	571	KR3e0070_WYG_072-36b
073.md	579	KR3e0070_WYG_072-37a
073.md	587	KR3e0070_WYG_072-37b
073.md	595	KR3e0070_WYG_072-38a
073.md	603	KR3e0070_WYG_072-38b
074.md	3	KR3e0070_WYG_073-1a
074.md	11	KR3e0070_WYG_073-1b
074.md	19	KR3e0070_WYG_073-2a
074.md	27	KR3e0070_WYG_073-2b
074.md	35	KR3e0070_WYG_073-3a
074.md	43	KR3e0070_WYG_073-3b
074.md	51	KR3e0070_WYG_073-4a
074.md	59	KR3e0070_WYG_073-4b
074.md	67	KR3e0070_WYG_073-5a
074.md	75	KR3e0070_WYG_073-5b
074.md	83	KR3e0070_WYG_073-6a
074.md	91	KR3e0070_WYG_073-6b
074.md	99	KR3e0070_WYG_073-7a
074.md	107	KR3e0070_WYG_073-7b
074.md	115	KR3e0070_WYG_073-8a
074.md	123	KR3e0070_WYG_073-8b
074.md	131	KR3e0070_WYG_073-9a
074.md	139	KR3e0070_WYG_073-9b
074.md	147	KR3e0070_WYG_073-10a
074.md	155	KR3e0070_WYG_073-10b
074.md	163	KR3e0070_WYG_073-11a
074.md	171	KR3e0070_WYG_073-11b
074.md	179	KR3e0070_WYG_073-12a
074.md	187	KR3e0070_WYG_073-12b
074.md	195	KR3e0070_WYG_073-13a
074.md	203	KR3e0070_WYG_073-13b
074.md	211	KR3e0070_WYG_073-14a
074.md	219	KR3e0070_WYG_073-14b
074.md	227	KR3e0070_WYG_073-15a
074.md	235	KR3e0070_WYG_073-15b
074.md	243	KR3e0070_WYG_073-16a
074.md	251	KR3e0070_WYG_073-16b
074.md	259	KR3e0070_WYG_073-17a
074.md	267	KR3e0070_WYG_073-17b
074.md	275	KR3e0070_WYG_073-18a
074.md	283	KR3e0070_WYG_073-18b
074.md	291	KR3e0070_WYG_073-19a
074.md	299	KR3e0070_WYG_073-19b
074.md	307	KR3e0070_WYG_073-20a
074.md	315	KR3e0070_WYG_073-20b
074.md	323	KR3e0070_WYG_073-21a
074.md	331	KR3e0070_WYG_073-21b
074.md	339	KR3e0070_WYG_073-22a
074.md	347	KR3e0070_WYG_073-22b
074.md	355	KR3e0070_WYG_073-23a
074.md	363	KR3e0070_WYG_073-23b
074.md	371	KR3e0070_WYG_073-24a
074.md	379	KR3e0070_WYG_073-24b
074.md	387	KR3e0070_WYG_073-25a
074.md	395	KR3e0070_WYG_073-25b
074.md	403	KR3e0070_WYG_073-26a
074.md	411	KR3e0070_WYG_073-26b
074.md	419	KR3e0070_WYG_073-27a
074.md	427	KR3e0070_WYG_073-27b
074.md	435	KR3e0070_WYG_073-28a
074.md	443	KR3e0070_WYG_073-28b
074.md	451	KR3e0070_WYG_073-29a
074.md	459	KR3e0070_WYG_073-29b
074.md	467	KR3e0070_WYG_073-30a
074.md	475	KR3e0070_WYG_073-30b
074.md	483	KR3e0070_WYG_073-31a
074.md	491	KR3e0070_WYG_073-31b
074.md	499	KR3e0070_WYG_073-32a
074.md	507	KR3e0070_WYG_073-32b
074.md	515	KR3e0070_WYG_073-33a
074.md	523	KR3e0070_WYG_073-33b
074.md	531	KR3e0070_WYG_073-34a
074.md	539	KR3e0070_WYG_073-34b
074.md	547	KR3e0070_WYG_073-35a
074.md	555	KR3e0070_WYG_073-35b
074.md	563	KR3e0070_WYG_073-36a
074.md	571	KR3e0070_WYG_073-36b
074.md	579	KR3e0070_WYG_073-37a
074.md	587	KR3e0070_WYG_073-37b
075.md	3	KR3e0070_WYG_074-1a
075.md	11	KR3e0070_WYG_074-1b
075.md	19	KR3e0070_WYG_074-2a
075.md	27	KR3e0070_WYG_074-2b
075.md	35	KR3e0070_WYG_074-3a
075.md	43	KR3e0070_WYG_074-3b
075.md	51	KR3e0070_WYG_074-4a
075.md	59	KR3e0070_WYG_074-4b
075.md	67	KR3e0070_WYG_074-5a
075.md	75	KR3e0070_WYG_074-5b
075.md	83	KR3e0070_WYG_074-6a
075.md	91	KR3e0070_WYG_074-6b
075.md	99	KR3e0070_WYG_074-7a
075.md	107	KR3e0070_WYG_074-7b
075.md	115	KR3e0070_WYG_074-8a
075.md	123	KR3e0070_WYG_074-8b
075.md	131	KR3e0070_WYG_074-9a
075.md	136	KR3e0070_WYG_074-10a
075.md	144	KR3e0070_WYG_074-10b
075.md	152	KR3e0070_WYG_074-11a
075.md	160	KR3e0070_WYG_074-11b
075.md	168	KR3e0070_WYG_074-12a
075.md	176	KR3e0070_WYG_074-12b
075.md	184	KR3e0070_WYG_074-13a
075.md	192	KR3e0070_WYG_074-13b
075.md	200	KR3e0070_WYG_074-14a
075.md	208	KR3e0070_WYG_074-14b
075.md	216	KR3e0070_WYG_074-15a
075.md	224	KR3e0070_WYG_074-15b
075.md	232	KR3e0070_WYG_074-16a
075.md	240	KR3e0070_WYG_074-16b
075.md	248	KR3e0070_WYG_074-17a
075.md	256	KR3e0070_WYG_074-17b
075.md	264	KR3e0070_WYG_074-18a
075.md	272	KR3e0070_WYG_074-18b
075.md	280	KR3e0070_WYG_074-19a
075.md	288	KR3e0070_WYG_074-19b
075.md	296	KR3e0070_WYG_074-20a
075.md	304	KR3e0070_WYG_074-20b
075.md	312	KR3e0070_WYG_074-21a
075.md	320	KR3e0070_WYG_074-21b
075.md	328	KR3e0070_WYG_074-22a
075.md	336	KR3e0070_WYG_074-22b
075.md	344	KR3e0070_WYG_074-23a
075.md	352	KR3e0070_WYG_074-23b
075.md	360	KR3e0070_WYG_074-24a
075.md	368	KR3e0070_WYG_074-24b
075.md	376	KR3e0070_WYG_074-25a
075.md	384	KR3e0070_WYG_074-25b
075.md	392	KR3e0070_WYG_074-26a
075.md	400	KR3e0070_WYG_074-26b
075.md	408	KR3e0070_WYG_074-27a
075.md	416	KR3e0070_WYG_074-27b
075.md	424	KR3e0070_WYG_074-28a
075.md	432	KR3e0070_WYG_074-28b
075.md	440	KR3e0070_WYG_074-29a
075.md	448	KR3e0070_WYG_074-29b
075.md	456	KR3e0070_WYG_074-30a
075.md	464	KR3e0070_WYG_074-30b
075.md	472	KR3e0070_WYG_074-31a
075.md	480	KR3e0070_WYG_074-31b
075.md	488	KR3e0070_WYG_074-32a
075.md	496	KR3e0070_WYG_074-32b
075.md	504	KR3e0070_WYG_074-33a
075.md	512	KR3e0070_WYG_074-33b
075.md	520	KR3e0070_WYG_074-34a
075.md	528	KR3e0070_WYG_074-34b
075.md	536	KR3e0070_WYG_074-35a
075.md	544	KR3e0070_WYG_074-35b
075.md	552	KR3e0070_WYG_074-36a
075.md	560	KR3e0070_WYG_074-36b
075.md	568	KR3e0070_WYG_074-37a
075.md	576	KR3e0070_WYG_074-37b
075.md	584	KR3e0070_WYG_074-38a
075.md	592	KR3e0070_WYG_074-38b
076.md	3	KR3e0070_WYG_075-1a
076.md	11	KR3e0070_WYG_075-1b
076.md	19	KR3e0070_WYG_075-2a
076.md	27	KR3e0070_WYG_075-2b
076.md	35	KR3e0070_WYG_075-3a
076.md	43	KR3e0070_WYG_075-3b
076.md	51	KR3e0070_WYG_075-4a
076.md	59	KR3e0070_WYG_075-4b
076.md	67	KR3e0070_WYG_075-5a
076.md	75	KR3e0070_WYG_075-5b
076.md	83	KR3e0070_WYG_075-6a
076.md	91	KR3e0070_WYG_075-6b
076.md	99	KR3e0070_WYG_075-7a
076.md	107	KR3e0070_WYG_075-7b
076.md	115	KR3e0070_WYG_075-8a
076.md	123	KR3e0070_WYG_075-8b
076.md	131	KR3e0070_WYG_075-9a
076.md	139	KR3e0070_WYG_075-9b
076.md	147	KR3e0070_WYG_075-10a
076.md	155	KR3e0070_WYG_075-10b
076.md	163	KR3e0070_WYG_075-11a
076.md	171	KR3e0070_WYG_075-11b
076.md	179	KR3e0070_WYG_075-12a
076.md	187	KR3e0070_WYG_075-12b
076.md	195	KR3e0070_WYG_075-13a
076.md	203	KR3e0070_WYG_075-13b
076.md	211	KR3e0070_WYG_075-14a
076.md	219	KR3e0070_WYG_075-14b
076.md	227	KR3e0070_WYG_075-15a
076.md	235	KR3e0070_WYG_075-15b
076.md	243	KR3e0070_WYG_075-16a
076.md	251	KR3e0070_WYG_075-16b
076.md	259	KR3e0070_WYG_075-17a
076.md	267	KR3e0070_WYG_075-17b
076.md	275	KR3e0070_WYG_075-18a
076.md	283	KR3e0070_WYG_075-18b
076.md	291	KR3e0070_WYG_075-19a
076.md	299	KR3e0070_WYG_075-19b
076.md	307	KR3e0070_WYG_075-20a
076.md	315	KR3e0070_WYG_075-20b
076.md	323	KR3e0070_WYG_075-21a
076.md	331	KR3e0070_WYG_075-21b
076.md	339	KR3e0070_WYG_075-22a
076.md	347	KR3e0070_WYG_075-22b
076.md	355	KR3e0070_WYG_075-23a
076.md	363	KR3e0070_WYG_075-23b
076.md	371	KR3e0070_WYG_075-24a
076.md	379	KR3e0070_WYG_075-24b
076.md	387	KR3e0070_WYG_075-25a
076.md	395	KR3e0070_WYG_075-25b
076.md	403	KR3e0070_WYG_075-26a
076.md	411	KR3e0070_WYG_075-26b
076.md	419	KR3e0070_WYG_075-27a
076.md	427	KR3e0070_WYG_075-27b
076.md	435	KR3e0070_WYG_075-28a
076.md	443	KR3e0070_WYG_075-28b
076.md	451	KR3e0070_WYG_075-29a
076.md	459	KR3e0070_WYG_075-29b
076.md	467	KR3e0070_WYG_075-30a
076.md	475	KR3e0070_WYG_075-30b
076.md	483	KR3e0070_WYG_075-31a
076.md	491	KR3e0070_WYG_075-31b
076.md	499	KR3e0070_WYG_075-32a
076.md	507	KR3e0070_WYG_075-32b
076.md	515	KR3e0070_WYG_075-33a
076.md	523	KR3e0070_WYG_075-33b
076.md	531	KR3e0070_WYG_075-34a
076.md	539	KR3e0070_WYG_075-34b
076.md	547	KR3e0070_WYG_075-35a
076.md	555	KR3e0070_WYG_075-35b
077.md	3	KR3e0070_WYG_076-1a
077.md	11	KR3e0070_WYG_076-1b
077.md	19	KR3e0070_WYG_076-2a
077.md	27	KR3e0070_WYG_076-2b
077.md	35	KR3e0070_WYG_076-3a
077.md	43	KR3e0070_WYG_076-3b
077.md	51	KR3e0070_WYG_076-4a
077.md	59	KR3e0070_WYG_076-4b
077.md	67	KR3e0070_WYG_076-5a
077.md	75	KR3e0070_WYG_076-5b
077.md	83	KR3e0070_WYG_076-6a
077.md	91	KR3e0070_WYG_076-6b
077.md	99	KR3e0070_WYG_076-7a
077.md	107	KR3e0070_WYG_076-7b
077.md	115	KR3e0070_WYG_076-8a
077.md	123	KR3e0070_WYG_076-8b
077.md	131	KR3e0070_WYG_076-9a
077.md	139	KR3e0070_WYG_076-9b
077.md	147	KR3e0070_WYG_076-10a
077.md	155	KR3e0070_WYG_076-10b
077.md	163	KR3e0070_WYG_076-11a
077.md	171	KR3e0070_WYG_076-11b
077.md	179	KR3e0070_WYG_076-12a
077.md	187	KR3e0070_WYG_076-12b
077.md	195	KR3e0070_WYG_076-13a
077.md	203	KR3e0070_WYG_076-13b
077.md	211	KR3e0070_WYG_076-14a
077.md	219	KR3e0070_WYG_076-14b
077.md	227	KR3e0070_WYG_076-15a
077.md	235	KR3e0070_WYG_076-15b
077.md	243	KR3e0070_WYG_076-16a
077.md	251	KR3e0070_WYG_076-16b
077.md	259	KR3e0070_WYG_076-17a
077.md	267	KR3e0070_WYG_076-17b
077.md	275	KR3e0070_WYG_076-18a
077.md	283	KR3e0070_WYG_076-18b
077.md	291	KR3e0070_WYG_076-19a
077.md	299	KR3e0070_WYG_076-19b
077.md	307	KR3e0070_WYG_076-20a
077.md	315	KR3e0070_WYG_076-20b
077.md	323	KR3e0070_WYG_076-21a
077.md	331	KR3e0070_WYG_076-21b
077.md	339	KR3e0070_WYG_076-22a
077.md	347	KR3e0070_WYG_076-22b
077.md	355	KR3e0070_WYG_076-23a
077.md	363	KR3e0070_WYG_076-23b
077.md	371	KR3e0070_WYG_076-24a
077.md	379	KR3e0070_WYG_076-24b
077.md	387	KR3e0070_WYG_076-25a
077.md	395	KR3e0070_WYG_076-25b
077.md	403	KR3e0070_WYG_076-26a
077.md	411	KR3e0070_WYG_076-26b
077.md	419	KR3e0070_WYG_076-27a
077.md	427	KR3e0070_WYG_076-27b
077.md	435	KR3e0070_WYG_076-28a
077.md	443	KR3e0070_WYG_076-28b
077.md	451	KR3e0070_WYG_076-29a
077.md	459	KR3e0070_WYG_076-29b
077.md	467	KR3e0070_WYG_076-30a
077.md	475	KR3e0070_WYG_076-30b
077.md	483	KR3e0070_WYG_076-31a
077.md	491	KR3e0070_WYG_076-31b
077.md	499	KR3e0070_WYG_076-32a
077.md	507	KR3e0070_WYG_076-32b
077.md	515	KR3e0070_WYG_076-33a
077.md	523	KR3e0070_WYG_076-33b
077.md	531	KR3e0070_WYG_076-34a
077.md	539	KR3e0070_WYG_076-34b
077.md	547	KR3e0070_WYG_076-35a
077.md	555	KR3e0070_WYG_076-35b
077.md	563	KR3e0070_WYG_076-36a
077.md	571	KR3e0070_WYG_076-36b
077.md	579	KR3e0070_WYG_076-37a
077.md	587	KR3e0070_WYG_076-37b
077.md	595	KR3e0070_WYG_076-38a
077.md	603	KR3e0070_WYG_076-38b
077.md	611	KR3e0070_WYG_076-39a
077.md	619	KR3e0070_WYG_076-39b
077.md	627	KR3e0070_WYG_076-40a
077.md	635	KR3e0070_WYG_076-40b
077.md	643	KR3e0070_WYG_076-41a
077.md	651	KR3e0070_WYG_076-41b
077.md	659	KR3e0070_WYG_076-42a
077.md	667	KR3e0070_WYG_076-42b
077.md	675	KR3e0070_WYG_076-43a
077.md	683	KR3e0070_WYG_076-43b
077.md	691	KR3e0070_WYG_076-44a
077.md	699	KR3e0070_WYG_076-44b
077.md	707	KR3e0070_WYG_076-45a
077.md	715	KR3e0070_WYG_076-45b
077.md	723	KR3e0070_WYG_076-46a
077.md	731	KR3e0070_WYG_076-46b
078.md	3	KR3e0070_WYG_077-1a
078.md	11	KR3e0070_WYG_077-1b
078.md	19	KR3e0070_WYG_077-2a
078.md	27	KR3e0070_WYG_077-2b
078.md	35	KR3e0070_WYG_077-3a
078.md	43	KR3e0070_WYG_077-3b
078.md	51	KR3e0070_WYG_077-4a
078.md	59	KR3e0070_WYG_077-4b
078.md	67	KR3e0070_WYG_077-5a
078.md	75	KR3e0070_WYG_077-5b
078.md	83	KR3e0070_WYG_077-6a
078.md	91	KR3e0070_WYG_077-6b
078.md	99	KR3e0070_WYG_077-7a
078.md	107	KR3e0070_WYG_077-7b
078.md	115	KR3e0070_WYG_077-8a
078.md	123	KR3e0070_WYG_077-8b
078.md	131	KR3e0070_WYG_077-9a
078.md	139	KR3e0070_WYG_077-9b
078.md	147	KR3e0070_WYG_077-10a
078.md	155	KR3e0070_WYG_077-10b
078.md	163	KR3e0070_WYG_077-11a
078.md	171	KR3e0070_WYG_077-11b
078.md	179	KR3e0070_WYG_077-12a
078.md	187	KR3e0070_WYG_077-12b
078.md	195	KR3e0070_WYG_077-13a
078.md	203	KR3e0070_WYG_077-13b
078.md	211	KR3e0070_WYG_077-14a
078.md	219	KR3e0070_WYG_077-14b
078.md	227	KR3e0070_WYG_077-15a
078.md	235	KR3e0070_WYG_077-15b
078.md	243	KR3e0070_WYG_077-16a
078.md	251	KR3e0070_WYG_077-16b
078.md	259	KR3e0070_WYG_077-17a
078.md	267	KR3e0070_WYG_077-17b
078.md	275	KR3e0070_WYG_077-18a
078.md	283	KR3e0070_WYG_077-18b
078.md	291	KR3e0070_WYG_077-19a
078.md	299	KR3e0070_WYG_077-19b
078.md	307	KR3e0070_WYG_077-20a
078.md	315	KR3e0070_WYG_077-20b
078.md	323	KR3e0070_WYG_077-21a
078.md	331	KR3e0070_WYG_077-21b
078.md	339	KR3e0070_WYG_077-22a
078.md	347	KR3e0070_WYG_077-22b
078.md	355	KR3e0070_WYG_077-23a
078.md	363	KR3e0070_WYG_077-23b
078.md	371	KR3e0070_WYG_077-24a
078.md	379	KR3e0070_WYG_077-24b
078.md	387	KR3e0070_WYG_077-25a
078.md	395	KR3e0070_WYG_077-25b
078.md	403	KR3e0070_WYG_077-26a
078.md	411	KR3e0070_WYG_077-26b
078.md	419	KR3e0070_WYG_077-27a
078.md	427	KR3e0070_WYG_077-27b
078.md	435	KR3e0070_WYG_077-28a
078.md	443	KR3e0070_WYG_077-28b
078.md	451	KR3e0070_WYG_077-29a
078.md	459	KR3e0070_WYG_077-29b
078.md	467	KR3e0070_WYG_077-30a
078.md	475	KR3e0070_WYG_077-30b
078.md	483	KR3e0070_WYG_077-31a
078.md	491	KR3e0070_WYG_077-31b
078.md	499	KR3e0070_WYG_077-32a
078.md	507	KR3e0070_WYG_077-32b
078.md	515	KR3e0070_WYG_077-33a
078.md	523	KR3e0070_WYG_077-33b
078.md	531	KR3e0070_WYG_077-34a
078.md	539	KR3e0070_WYG_077-34b
078.md	547	KR3e0070_WYG_077-35a
078.md	555	KR3e0070_WYG_077-35b
078.md	563	KR3e0070_WYG_077-36a
078.md	571	KR3e0070_WYG_077-36b
078.md	579	KR3e0070_WYG_077-37a
078.md	587	KR3e0070_WYG_077-37b
078.md	595	KR3e0070_WYG_077-38a
078.md	603	KR3e0070_WYG_077-38b
078.md	611	KR3e0070_WYG_077-39a
078.md	619	KR3e0070_WYG_077-39b
078.md	627	KR3e0070_WYG_077-40a
078.md	635	KR3e0070_WYG_077-40b
078.md	643	KR3e0070_WYG_077-41a
078.md	651	KR3e0070_WYG_077-41b
078.md	659	KR3e0070_WYG_077-42a
078.md	667	KR3e0070_WYG_077-42b
078.md	675	KR3e0070_WYG_077-43a
078.md	683	KR3e0070_WYG_077-43b
078.md	691	KR3e0070_WYG_077-44a
078.md	699	KR3e0070_WYG_077-44b
078.md	707	KR3e0070_WYG_077-45a
078.md	715	KR3e0070_WYG_077-45b
078.md	723	KR3e0070_WYG_077-46a
078.md	731	KR3e0070_WYG_077-46b
078.md	739	KR3e0070_WYG_077-47a
078.md	747	KR3e0070_WYG_077-47b
078.md	755	KR3e0070_WYG_077-48a
078.md	763	KR3e0070_WYG_077-48b
078.md	771	KR3e0070_WYG_077-49a
078.md	779	KR3e0070_WYG_077-49b
078.md	787	KR3e0070_WYG_077-50a
078.md	795	KR3e0070_WYG_077-50b
078.md	803	KR3e0070_WYG_077-51a
078.md	811	KR3e0070_WYG_077-51b
078.md	819	KR3e0070_WYG_077-52a
078.md	827	KR3e0070_WYG_077-52b
078.md	835	KR3e0070_WYG_077-53a
078.md	843	KR3e0070_WYG_077-53b
078.md	851	KR3e0070_WYG_077-54a
078.md	859	KR3e0070_WYG_077-54b
078.md	867	KR3e0070_WYG_077-55a
078.md	875	KR3e0070_WYG_077-55b
078.md	883	KR3e0070_WYG_077-56a
078.md	891	KR3e0070_WYG_077-56b
078.md	899	KR3e0070_WYG_077-57a
078.md	907	KR3e0070_WYG_077-57b
078.md	915	KR3e0070_WYG_077-58a
078.md	923	KR3e0070_WYG_077-58b
078.md	931	KR3e0070_WYG_077-59a
078.md	939	KR3e0070_WYG_077-59b
078.md	947	KR3e0070_WYG_077-60a
078.md	955	KR3e0070_WYG_077-60b
078.md	963	KR3e0070_WYG_077-61a
078.md	971	KR3e0070_WYG_077-61b
078.md	979	KR3e0070_WYG_077-62a
078.md	987	KR3e0070_WYG_077-62b
078.md	995	KR3e0070_WYG_077-63a
078.md	1003	KR3e0070_WYG_077-63b
