file	line_no	pb
001.md	3	KR2d0023_WYG_000-1a
001.md	11	KR2d0023_WYG_000-1b
001.md	19	KR2d0023_WYG_000-2a
001.md	27	KR2d0023_WYG_000-2b
001.md	35	KR2d0023_WYG_000-3a
001.md	43	KR2d0023_WYG_000-3b
001.md	51	KR2d0023_WYG_000-4a
001.md	59	KR2d0023_WYG_000-4b
001.md	67	KR2d0023_WYG_000-5a
001.md	75	KR2d0023_WYG_000-5b
001.md	83	KR2d0023_WYG_000-6a
001.md	91	KR2d0023_WYG_000-6b
001.md	99	KR2d0023_WYG_000-7a
001.md	107	KR2d0023_WYG_000-7b
001.md	115	KR2d0023_WYG_000-8a
001.md	123	KR2d0023_WYG_000-8b
001.md	131	KR2d0023_WYG_000-9a
001.md	139	KR2d0023_WYG_000-9b
002.md	3	KR2d0023_WYG_000-10a
002.md	11	KR2d0023_WYG_000-10b
002.md	19	KR2d0023_WYG_000-11a
002.md	27	KR2d0023_WYG_000-11b
002.md	35	KR2d0023_WYG_000-12a
002.md	43	KR2d0023_WYG_000-12b
002.md	51	KR2d0023_WYG_000-13a
002.md	59	KR2d0023_WYG_000-13b
003.md	3	KR2d0023_WYG_001-1a
003.md	11	KR2d0023_WYG_001-1b
003.md	19	KR2d0023_WYG_001-2a
003.md	27	KR2d0023_WYG_001-2b
003.md	33	KR2d0023_WYG_001-3a
003.md	41	KR2d0023_WYG_001-3b
003.md	48	KR2d0023_WYG_001-4a
003.md	56	KR2d0023_WYG_001-4b
003.md	64	KR2d0023_WYG_001-5a
003.md	72	KR2d0023_WYG_001-5b
003.md	76	KR2d0023_WYG_001-6a
003.md	84	KR2d0023_WYG_001-6b
003.md	88	KR2d0023_WYG_001-7a
003.md	96	KR2d0023_WYG_001-7b
003.md	104	KR2d0023_WYG_001-8a
003.md	112	KR2d0023_WYG_001-8b
003.md	120	KR2d0023_WYG_001-9a
003.md	128	KR2d0023_WYG_001-9b
003.md	135	KR2d0023_WYG_001-10a
003.md	143	KR2d0023_WYG_001-10b
003.md	151	KR2d0023_WYG_001-11a
003.md	159	KR2d0023_WYG_001-11b
003.md	167	KR2d0023_WYG_001-12a
003.md	175	KR2d0023_WYG_001-12b
003.md	183	KR2d0023_WYG_001-13a
003.md	191	KR2d0023_WYG_001-13b
003.md	197	KR2d0023_WYG_001-14a
003.md	205	KR2d0023_WYG_001-14b
003.md	212	KR2d0023_WYG_001-15a
003.md	220	KR2d0023_WYG_001-15b
003.md	228	KR2d0023_WYG_001-16a
003.md	236	KR2d0023_WYG_001-16b
003.md	242	KR2d0023_WYG_001-17a
003.md	250	KR2d0023_WYG_001-17b
003.md	258	KR2d0023_WYG_001-18a
003.md	266	KR2d0023_WYG_001-18b
003.md	273	KR2d0023_WYG_001-19a
003.md	281	KR2d0023_WYG_001-19b
003.md	287	KR2d0023_WYG_001-20a
003.md	295	KR2d0023_WYG_001-20b
003.md	303	KR2d0023_WYG_001-21a
003.md	311	KR2d0023_WYG_001-21b
003.md	318	KR2d0023_WYG_001-22a
003.md	326	KR2d0023_WYG_001-22b
003.md	333	KR2d0023_WYG_001-23a
003.md	341	KR2d0023_WYG_001-23b
003.md	347	KR2d0023_WYG_001-24a
003.md	355	KR2d0023_WYG_001-24b
003.md	363	KR2d0023_WYG_001-25a
003.md	371	KR2d0023_WYG_001-25b
003.md	379	KR2d0023_WYG_001-26a
003.md	387	KR2d0023_WYG_001-26b
003.md	395	KR2d0023_WYG_001-27a
003.md	403	KR2d0023_WYG_001-27b
003.md	411	KR2d0023_WYG_001-28a
003.md	419	KR2d0023_WYG_001-28b
003.md	427	KR2d0023_WYG_001-29a
003.md	435	KR2d0023_WYG_001-29b
003.md	443	KR2d0023_WYG_001-30a
003.md	451	KR2d0023_WYG_001-30b
003.md	459	KR2d0023_WYG_001-31a
003.md	467	KR2d0023_WYG_001-31b
003.md	475	KR2d0023_WYG_001-32a
003.md	483	KR2d0023_WYG_001-32b
003.md	491	KR2d0023_WYG_001-33a
003.md	499	KR2d0023_WYG_001-33b
003.md	507	KR2d0023_WYG_001-34a
003.md	515	KR2d0023_WYG_001-34b
003.md	523	KR2d0023_WYG_001-35a
003.md	531	KR2d0023_WYG_001-35b
003.md	537	KR2d0023_WYG_001-36a
003.md	545	KR2d0023_WYG_001-36b
003.md	553	KR2d0023_WYG_001-37a
003.md	561	KR2d0023_WYG_001-37b
003.md	568	KR2d0023_WYG_001-38a
003.md	576	KR2d0023_WYG_001-38b
003.md	582	KR2d0023_WYG_001-39a
003.md	590	KR2d0023_WYG_001-39b
003.md	596	KR2d0023_WYG_001-40a
003.md	604	KR2d0023_WYG_001-40b
003.md	610	KR2d0023_WYG_001-41a
003.md	618	KR2d0023_WYG_001-41b
003.md	626	KR2d0023_WYG_001-42a
003.md	634	KR2d0023_WYG_001-42b
003.md	642	KR2d0023_WYG_001-43a
003.md	650	KR2d0023_WYG_001-43b
003.md	656	KR2d0023_WYG_001-44a
003.md	664	KR2d0023_WYG_001-44b
003.md	672	KR2d0023_WYG_001-45a
003.md	680	KR2d0023_WYG_001-45b
003.md	688	KR2d0023_WYG_001-46a
003.md	696	KR2d0023_WYG_001-46b
003.md	702	KR2d0023_WYG_001-47a
003.md	710	KR2d0023_WYG_001-47b
003.md	716	KR2d0023_WYG_001-48a
003.md	724	KR2d0023_WYG_001-48b
003.md	732	KR2d0023_WYG_001-49a
003.md	740	KR2d0023_WYG_001-49b
003.md	748	KR2d0023_WYG_001-50a
003.md	756	KR2d0023_WYG_001-50b
003.md	764	KR2d0023_WYG_001-51a
003.md	772	KR2d0023_WYG_001-51b
003.md	780	KR2d0023_WYG_001-52a
003.md	788	KR2d0023_WYG_001-52b
003.md	796	KR2d0023_WYG_001-53a
003.md	804	KR2d0023_WYG_001-53b
003.md	811	KR2d0023_WYG_001-54a
003.md	819	KR2d0023_WYG_001-54b
003.md	826	KR2d0023_WYG_001-55a
003.md	834	KR2d0023_WYG_001-55b
003.md	840	KR2d0023_WYG_001-56a
003.md	848	KR2d0023_WYG_001-56b
003.md	855	KR2d0023_WYG_001-57a
003.md	863	KR2d0023_WYG_001-57b
003.md	871	KR2d0023_WYG_001-58a
003.md	879	KR2d0023_WYG_001-58b
003.md	887	KR2d0023_WYG_001-59a
003.md	895	KR2d0023_WYG_001-59b
003.md	903	KR2d0023_WYG_001-60a
003.md	911	KR2d0023_WYG_001-60b
003.md	919	KR2d0023_WYG_001-61a
003.md	927	KR2d0023_WYG_001-61b
003.md	934	KR2d0023_WYG_001-62a
003.md	942	KR2d0023_WYG_001-62b
003.md	950	KR2d0023_WYG_001-63a
003.md	958	KR2d0023_WYG_001-63b
003.md	966	KR2d0023_WYG_001-64a
003.md	974	KR2d0023_WYG_001-64b
003.md	982	KR2d0023_WYG_001-65a
003.md	990	KR2d0023_WYG_001-65b
003.md	998	KR2d0023_WYG_001-66a
003.md	1006	KR2d0023_WYG_001-66b
003.md	1014	KR2d0023_WYG_001-67a
003.md	1022	KR2d0023_WYG_001-67b
003.md	1030	KR2d0023_WYG_001-68a
003.md	1038	KR2d0023_WYG_001-68b
003.md	1046	KR2d0023_WYG_001-69a
003.md	1054	KR2d0023_WYG_001-69b
003.md	1062	KR2d0023_WYG_001-70a
003.md	1070	KR2d0023_WYG_001-70b
003.md	1078	KR2d0023_WYG_001-71a
003.md	1086	KR2d0023_WYG_001-71b
003.md	1093	KR2d0023_WYG_001-72a
003.md	1101	KR2d0023_WYG_001-72b
003.md	1107	KR2d0023_WYG_001-73a
003.md	1115	KR2d0023_WYG_001-73b
003.md	1122	KR2d0023_WYG_001-74a
003.md	1130	KR2d0023_WYG_001-74b
003.md	1138	KR2d0023_WYG_001-75a
003.md	1146	KR2d0023_WYG_001-75b
003.md	1152	KR2d0023_WYG_001-76a
003.md	1160	KR2d0023_WYG_001-76b
003.md	1168	KR2d0023_WYG_001-77a
003.md	1176	KR2d0023_WYG_001-77b
003.md	1184	KR2d0023_WYG_001-78a
003.md	1192	KR2d0023_WYG_001-78b
003.md	1200	KR2d0023_WYG_001-79a
003.md	1208	KR2d0023_WYG_001-79b
003.md	1216	KR2d0023_WYG_001-80a
003.md	1224	KR2d0023_WYG_001-80b
003.md	1232	KR2d0023_WYG_001-81a
003.md	1240	KR2d0023_WYG_001-81b
003.md	1248	KR2d0023_WYG_001-82a
003.md	1256	KR2d0023_WYG_001-82b
003.md	1263	KR2d0023_WYG_001-83a
003.md	1271	KR2d0023_WYG_001-83b
003.md	1279	KR2d0023_WYG_001-84a
003.md	1287	KR2d0023_WYG_001-84b
003.md	1295	KR2d0023_WYG_001-85a
003.md	1303	KR2d0023_WYG_001-85b
003.md	1311	KR2d0023_WYG_001-86a
003.md	1319	KR2d0023_WYG_001-86b
003.md	1325	KR2d0023_WYG_001-87a
003.md	1333	KR2d0023_WYG_001-87b
003.md	1341	KR2d0023_WYG_001-88a
003.md	1349	KR2d0023_WYG_001-88b
003.md	1355	KR2d0023_WYG_001-89a
003.md	1363	KR2d0023_WYG_001-89b
003.md	1371	KR2d0023_WYG_001-90a
003.md	1379	KR2d0023_WYG_001-90b
003.md	1385	KR2d0023_WYG_001-91a
003.md	1393	KR2d0023_WYG_001-91b
003.md	1401	KR2d0023_WYG_001-92a
003.md	1409	KR2d0023_WYG_001-92b
003.md	1416	KR2d0023_WYG_001-93a
003.md	1424	KR2d0023_WYG_001-93b
003.md	1431	KR2d0023_WYG_001-94a
003.md	1439	KR2d0023_WYG_001-94b
003.md	1447	KR2d0023_WYG_001-95a
003.md	1455	KR2d0023_WYG_001-95b
003.md	1462	KR2d0023_WYG_001-96a
003.md	1470	KR2d0023_WYG_001-96b
003.md	1476	KR2d0023_WYG_001-97a
003.md	1484	KR2d0023_WYG_001-97b
003.md	1492	KR2d0023_WYG_001-98a
003.md	1500	KR2d0023_WYG_001-98b
003.md	1508	KR2d0023_WYG_001-99a
003.md	1516	KR2d0023_WYG_001-99b
003.md	1524	KR2d0023_WYG_001-100a
003.md	1532	KR2d0023_WYG_001-100b
004.md	3	KR2d0023_WYG_002-1a
004.md	11	KR2d0023_WYG_002-1b
004.md	19	KR2d0023_WYG_002-2a
004.md	27	KR2d0023_WYG_002-2b
004.md	33	KR2d0023_WYG_002-3a
004.md	41	KR2d0023_WYG_002-3b
004.md	48	KR2d0023_WYG_002-4a
004.md	56	KR2d0023_WYG_002-4b
004.md	61	KR2d0023_WYG_002-5a
004.md	69	KR2d0023_WYG_002-5b
004.md	77	KR2d0023_WYG_002-6a
004.md	85	KR2d0023_WYG_002-6b
004.md	92	KR2d0023_WYG_002-7a
004.md	100	KR2d0023_WYG_002-7b
004.md	107	KR2d0023_WYG_002-8a
004.md	115	KR2d0023_WYG_002-8b
004.md	121	KR2d0023_WYG_002-9a
004.md	129	KR2d0023_WYG_002-9b
004.md	137	KR2d0023_WYG_002-10a
004.md	145	KR2d0023_WYG_002-10b
004.md	153	KR2d0023_WYG_002-11a
004.md	161	KR2d0023_WYG_002-11b
004.md	169	KR2d0023_WYG_002-12a
004.md	177	KR2d0023_WYG_002-12b
004.md	185	KR2d0023_WYG_002-13a
004.md	193	KR2d0023_WYG_002-13b
004.md	201	KR2d0023_WYG_002-14a
004.md	209	KR2d0023_WYG_002-14b
004.md	217	KR2d0023_WYG_002-15a
004.md	225	KR2d0023_WYG_002-15b
004.md	232	KR2d0023_WYG_002-16a
004.md	240	KR2d0023_WYG_002-16b
004.md	248	KR2d0023_WYG_002-17a
004.md	256	KR2d0023_WYG_002-17b
004.md	262	KR2d0023_WYG_002-18a
004.md	270	KR2d0023_WYG_002-18b
004.md	278	KR2d0023_WYG_002-19a
004.md	286	KR2d0023_WYG_002-19b
004.md	294	KR2d0023_WYG_002-20a
004.md	302	KR2d0023_WYG_002-20b
004.md	310	KR2d0023_WYG_002-21a
004.md	318	KR2d0023_WYG_002-21b
004.md	326	KR2d0023_WYG_002-22a
004.md	334	KR2d0023_WYG_002-22b
004.md	342	KR2d0023_WYG_002-23a
004.md	350	KR2d0023_WYG_002-23b
004.md	356	KR2d0023_WYG_002-24a
004.md	364	KR2d0023_WYG_002-24b
004.md	372	KR2d0023_WYG_002-25a
004.md	380	KR2d0023_WYG_002-25b
004.md	387	KR2d0023_WYG_002-26a
004.md	395	KR2d0023_WYG_002-26b
004.md	403	KR2d0023_WYG_002-27a
004.md	411	KR2d0023_WYG_002-27b
004.md	419	KR2d0023_WYG_002-28a
004.md	427	KR2d0023_WYG_002-28b
004.md	434	KR2d0023_WYG_002-29a
004.md	442	KR2d0023_WYG_002-29b
004.md	450	KR2d0023_WYG_002-30a
004.md	458	KR2d0023_WYG_002-30b
004.md	466	KR2d0023_WYG_002-31a
004.md	474	KR2d0023_WYG_002-31b
004.md	482	KR2d0023_WYG_002-32a
004.md	490	KR2d0023_WYG_002-32b
004.md	497	KR2d0023_WYG_002-33a
004.md	505	KR2d0023_WYG_002-33b
004.md	513	KR2d0023_WYG_002-34a
004.md	521	KR2d0023_WYG_002-34b
004.md	529	KR2d0023_WYG_002-35a
004.md	537	KR2d0023_WYG_002-35b
004.md	545	KR2d0023_WYG_002-36a
004.md	553	KR2d0023_WYG_002-36b
004.md	560	KR2d0023_WYG_002-37a
004.md	568	KR2d0023_WYG_002-37b
004.md	576	KR2d0023_WYG_002-38a
004.md	584	KR2d0023_WYG_002-38b
004.md	592	KR2d0023_WYG_002-39a
004.md	600	KR2d0023_WYG_002-39b
004.md	606	KR2d0023_WYG_002-40a
004.md	614	KR2d0023_WYG_002-40b
004.md	622	KR2d0023_WYG_002-41a
004.md	630	KR2d0023_WYG_002-41b
004.md	638	KR2d0023_WYG_002-42a
004.md	646	KR2d0023_WYG_002-42b
004.md	654	KR2d0023_WYG_002-43a
004.md	662	KR2d0023_WYG_002-43b
004.md	670	KR2d0023_WYG_002-44a
004.md	678	KR2d0023_WYG_002-44b
004.md	686	KR2d0023_WYG_002-45a
004.md	694	KR2d0023_WYG_002-45b
004.md	702	KR2d0023_WYG_002-46a
004.md	710	KR2d0023_WYG_002-46b
004.md	718	KR2d0023_WYG_002-47a
004.md	726	KR2d0023_WYG_002-47b
004.md	733	KR2d0023_WYG_002-48a
004.md	741	KR2d0023_WYG_002-48b
004.md	749	KR2d0023_WYG_002-49a
004.md	757	KR2d0023_WYG_002-49b
004.md	765	KR2d0023_WYG_002-50a
004.md	773	KR2d0023_WYG_002-50b
004.md	781	KR2d0023_WYG_002-51a
004.md	789	KR2d0023_WYG_002-51b
004.md	797	KR2d0023_WYG_002-52a
004.md	805	KR2d0023_WYG_002-52b
004.md	813	KR2d0023_WYG_002-53a
004.md	821	KR2d0023_WYG_002-53b
004.md	827	KR2d0023_WYG_002-54a
004.md	835	KR2d0023_WYG_002-54b
004.md	842	KR2d0023_WYG_002-55a
004.md	850	KR2d0023_WYG_002-55b
004.md	858	KR2d0023_WYG_002-56a
004.md	866	KR2d0023_WYG_002-56b
004.md	873	KR2d0023_WYG_002-57a
004.md	881	KR2d0023_WYG_002-57b
004.md	889	KR2d0023_WYG_002-58a
004.md	897	KR2d0023_WYG_002-58b
004.md	905	KR2d0023_WYG_002-59a
004.md	913	KR2d0023_WYG_002-59b
004.md	921	KR2d0023_WYG_002-60a
004.md	929	KR2d0023_WYG_002-60b
004.md	936	KR2d0023_WYG_002-61a
004.md	944	KR2d0023_WYG_002-61b
004.md	952	KR2d0023_WYG_002-62a
004.md	960	KR2d0023_WYG_002-62b
004.md	968	KR2d0023_WYG_002-63a
004.md	976	KR2d0023_WYG_002-63b
004.md	984	KR2d0023_WYG_002-64a
004.md	992	KR2d0023_WYG_002-64b
004.md	999	KR2d0023_WYG_002-65a
004.md	1007	KR2d0023_WYG_002-65b
004.md	1015	KR2d0023_WYG_002-66a
004.md	1023	KR2d0023_WYG_002-66b
005.md	3	KR2d0023_WYG_003-1a
005.md	11	KR2d0023_WYG_003-1b
005.md	19	KR2d0023_WYG_003-2a
005.md	27	KR2d0023_WYG_003-2b
005.md	35	KR2d0023_WYG_003-3a
005.md	43	KR2d0023_WYG_003-3b
005.md	51	KR2d0023_WYG_003-4a
005.md	59	KR2d0023_WYG_003-4b
005.md	67	KR2d0023_WYG_003-5a
005.md	75	KR2d0023_WYG_003-5b
005.md	83	KR2d0023_WYG_003-6a
005.md	91	KR2d0023_WYG_003-6b
005.md	99	KR2d0023_WYG_003-7a
005.md	107	KR2d0023_WYG_003-7b
005.md	115	KR2d0023_WYG_003-8a
005.md	123	KR2d0023_WYG_003-8b
005.md	131	KR2d0023_WYG_003-9a
005.md	139	KR2d0023_WYG_003-9b
005.md	147	KR2d0023_WYG_003-10a
005.md	155	KR2d0023_WYG_003-10b
005.md	163	KR2d0023_WYG_003-11a
005.md	171	KR2d0023_WYG_003-11b
005.md	179	KR2d0023_WYG_003-12a
005.md	187	KR2d0023_WYG_003-12b
005.md	195	KR2d0023_WYG_003-13a
005.md	203	KR2d0023_WYG_003-13b
005.md	211	KR2d0023_WYG_003-14a
005.md	219	KR2d0023_WYG_003-14b
005.md	227	KR2d0023_WYG_003-15a
005.md	235	KR2d0023_WYG_003-15b
005.md	243	KR2d0023_WYG_003-16a
005.md	251	KR2d0023_WYG_003-16b
005.md	259	KR2d0023_WYG_003-17a
005.md	267	KR2d0023_WYG_003-17b
005.md	275	KR2d0023_WYG_003-18a
005.md	283	KR2d0023_WYG_003-18b
005.md	291	KR2d0023_WYG_003-19a
005.md	299	KR2d0023_WYG_003-19b
005.md	307	KR2d0023_WYG_003-20a
005.md	315	KR2d0023_WYG_003-20b
005.md	323	KR2d0023_WYG_003-21a
005.md	331	KR2d0023_WYG_003-21b
005.md	339	KR2d0023_WYG_003-22a
005.md	347	KR2d0023_WYG_003-22b
005.md	355	KR2d0023_WYG_003-23a
005.md	363	KR2d0023_WYG_003-23b
006.md	3	KR2d0023_WYG_004-1a
006.md	11	KR2d0023_WYG_004-1b
006.md	19	KR2d0023_WYG_004-2a
006.md	27	KR2d0023_WYG_004-2b
006.md	35	KR2d0023_WYG_004-3a
006.md	43	KR2d0023_WYG_004-3b
006.md	51	KR2d0023_WYG_004-4a
006.md	59	KR2d0023_WYG_004-4b
006.md	67	KR2d0023_WYG_004-5a
006.md	75	KR2d0023_WYG_004-5b
006.md	83	KR2d0023_WYG_004-6a
006.md	91	KR2d0023_WYG_004-6b
006.md	99	KR2d0023_WYG_004-7a
006.md	107	KR2d0023_WYG_004-7b
006.md	115	KR2d0023_WYG_004-8a
006.md	123	KR2d0023_WYG_004-8b
006.md	131	KR2d0023_WYG_004-9a
006.md	139	KR2d0023_WYG_004-9b
006.md	147	KR2d0023_WYG_004-10a
006.md	155	KR2d0023_WYG_004-10b
006.md	163	KR2d0023_WYG_004-11a
006.md	171	KR2d0023_WYG_004-11b
006.md	179	KR2d0023_WYG_004-12a
006.md	187	KR2d0023_WYG_004-12b
006.md	195	KR2d0023_WYG_004-13a
006.md	203	KR2d0023_WYG_004-13b
006.md	211	KR2d0023_WYG_004-14a
006.md	219	KR2d0023_WYG_004-14b
006.md	227	KR2d0023_WYG_004-15a
006.md	235	KR2d0023_WYG_004-15b
006.md	243	KR2d0023_WYG_004-16a
006.md	251	KR2d0023_WYG_004-16b
006.md	259	KR2d0023_WYG_004-17a
006.md	267	KR2d0023_WYG_004-17b
006.md	275	KR2d0023_WYG_004-18a
006.md	283	KR2d0023_WYG_004-18b
006.md	291	KR2d0023_WYG_004-19a
006.md	299	KR2d0023_WYG_004-19b
006.md	307	KR2d0023_WYG_004-20a
006.md	315	KR2d0023_WYG_004-20b
006.md	323	KR2d0023_WYG_004-21a
006.md	331	KR2d0023_WYG_004-21b
006.md	339	KR2d0023_WYG_004-22a
006.md	347	KR2d0023_WYG_004-22b
006.md	355	KR2d0023_WYG_004-23a
006.md	363	KR2d0023_WYG_004-23b
006.md	371	KR2d0023_WYG_004-24a
006.md	379	KR2d0023_WYG_004-24b
006.md	387	KR2d0023_WYG_004-25a
006.md	395	KR2d0023_WYG_004-25b
006.md	403	KR2d0023_WYG_004-26a
006.md	411	KR2d0023_WYG_004-26b
006.md	419	KR2d0023_WYG_004-27a
006.md	427	KR2d0023_WYG_004-27b
006.md	435	KR2d0023_WYG_004-28a
006.md	443	KR2d0023_WYG_004-28b
007.md	3	KR2d0023_WYG_005-1a
007.md	11	KR2d0023_WYG_005-1b
007.md	19	KR2d0023_WYG_005-2a
007.md	27	KR2d0023_WYG_005-2b
007.md	35	KR2d0023_WYG_005-3a
007.md	43	KR2d0023_WYG_005-3b
007.md	51	KR2d0023_WYG_005-4a
007.md	59	KR2d0023_WYG_005-4b
007.md	67	KR2d0023_WYG_005-5a
007.md	75	KR2d0023_WYG_005-5b
007.md	83	KR2d0023_WYG_005-6a
007.md	91	KR2d0023_WYG_005-6b
007.md	99	KR2d0023_WYG_005-7a
007.md	107	KR2d0023_WYG_005-7b
007.md	115	KR2d0023_WYG_005-8a
007.md	123	KR2d0023_WYG_005-8b
007.md	131	KR2d0023_WYG_005-9a
007.md	139	KR2d0023_WYG_005-9b
007.md	147	KR2d0023_WYG_005-10a
007.md	155	KR2d0023_WYG_005-10b
007.md	163	KR2d0023_WYG_005-11a
007.md	171	KR2d0023_WYG_005-11b
007.md	179	KR2d0023_WYG_005-12a
007.md	187	KR2d0023_WYG_005-12b
007.md	195	KR2d0023_WYG_005-13a
007.md	203	KR2d0023_WYG_005-13b
007.md	211	KR2d0023_WYG_005-14a
007.md	219	KR2d0023_WYG_005-14b
007.md	227	KR2d0023_WYG_005-15a
007.md	235	KR2d0023_WYG_005-15b
007.md	243	KR2d0023_WYG_005-16a
007.md	251	KR2d0023_WYG_005-16b
007.md	259	KR2d0023_WYG_005-17a
007.md	267	KR2d0023_WYG_005-17b
007.md	275	KR2d0023_WYG_005-18a
007.md	283	KR2d0023_WYG_005-18b
007.md	291	KR2d0023_WYG_005-19a
007.md	299	KR2d0023_WYG_005-19b
007.md	307	KR2d0023_WYG_005-20a
007.md	315	KR2d0023_WYG_005-20b
007.md	323	KR2d0023_WYG_005-21a
007.md	331	KR2d0023_WYG_005-21b
007.md	339	KR2d0023_WYG_005-22a
007.md	347	KR2d0023_WYG_005-22b
007.md	355	KR2d0023_WYG_005-23a
007.md	363	KR2d0023_WYG_005-23b
007.md	371	KR2d0023_WYG_005-24a
007.md	379	KR2d0023_WYG_005-24b
007.md	387	KR2d0023_WYG_005-25a
007.md	395	KR2d0023_WYG_005-25b
007.md	403	KR2d0023_WYG_005-26a
007.md	411	KR2d0023_WYG_005-26b
007.md	419	KR2d0023_WYG_005-27a
007.md	427	KR2d0023_WYG_005-27b
007.md	435	KR2d0023_WYG_005-28a
007.md	443	KR2d0023_WYG_005-28b
007.md	451	KR2d0023_WYG_005-29a
007.md	459	KR2d0023_WYG_005-29b
007.md	467	KR2d0023_WYG_005-30a
007.md	475	KR2d0023_WYG_005-30b
007.md	483	KR2d0023_WYG_005-31a
007.md	491	KR2d0023_WYG_005-31b
007.md	499	KR2d0023_WYG_005-32a
007.md	507	KR2d0023_WYG_005-32b
007.md	515	KR2d0023_WYG_005-33a
007.md	523	KR2d0023_WYG_005-33b
007.md	531	KR2d0023_WYG_005-34a
007.md	539	KR2d0023_WYG_005-34b
007.md	547	KR2d0023_WYG_005-35a
007.md	555	KR2d0023_WYG_005-35b
008.md	3	KR2d0023_WYG_006-1a
008.md	11	KR2d0023_WYG_006-1b
008.md	19	KR2d0023_WYG_006-2a
008.md	27	KR2d0023_WYG_006-2b
008.md	35	KR2d0023_WYG_006-3a
008.md	43	KR2d0023_WYG_006-3b
008.md	51	KR2d0023_WYG_006-4a
008.md	59	KR2d0023_WYG_006-4b
008.md	67	KR2d0023_WYG_006-5a
008.md	75	KR2d0023_WYG_006-5b
008.md	83	KR2d0023_WYG_006-6a
008.md	91	KR2d0023_WYG_006-6b
008.md	99	KR2d0023_WYG_006-7a
008.md	107	KR2d0023_WYG_006-7b
008.md	115	KR2d0023_WYG_006-8a
008.md	123	KR2d0023_WYG_006-8b
008.md	131	KR2d0023_WYG_006-9a
008.md	139	KR2d0023_WYG_006-9b
008.md	147	KR2d0023_WYG_006-10a
008.md	155	KR2d0023_WYG_006-10b
008.md	163	KR2d0023_WYG_006-11a
008.md	171	KR2d0023_WYG_006-11b
008.md	179	KR2d0023_WYG_006-12a
008.md	187	KR2d0023_WYG_006-12b
008.md	195	KR2d0023_WYG_006-13a
008.md	203	KR2d0023_WYG_006-13b
008.md	211	KR2d0023_WYG_006-14a
008.md	219	KR2d0023_WYG_006-14b
008.md	227	KR2d0023_WYG_006-15a
008.md	235	KR2d0023_WYG_006-15b
008.md	243	KR2d0023_WYG_006-16a
008.md	251	KR2d0023_WYG_006-16b
008.md	259	KR2d0023_WYG_006-17a
008.md	267	KR2d0023_WYG_006-17b
008.md	275	KR2d0023_WYG_006-18a
008.md	283	KR2d0023_WYG_006-18b
008.md	291	KR2d0023_WYG_006-19a
008.md	299	KR2d0023_WYG_006-19b
008.md	307	KR2d0023_WYG_006-20a
008.md	315	KR2d0023_WYG_006-20b
008.md	323	KR2d0023_WYG_006-21a
008.md	331	KR2d0023_WYG_006-21b
008.md	339	KR2d0023_WYG_006-22a
008.md	347	KR2d0023_WYG_006-22b
009.md	3	KR2d0023_WYG_007-1a
009.md	11	KR2d0023_WYG_007-1b
009.md	19	KR2d0023_WYG_007-2a
009.md	27	KR2d0023_WYG_007-2b
009.md	35	KR2d0023_WYG_007-3a
009.md	43	KR2d0023_WYG_007-3b
009.md	51	KR2d0023_WYG_007-4a
009.md	59	KR2d0023_WYG_007-4b
009.md	67	KR2d0023_WYG_007-5a
009.md	75	KR2d0023_WYG_007-5b
009.md	83	KR2d0023_WYG_007-6a
009.md	91	KR2d0023_WYG_007-6b
009.md	99	KR2d0023_WYG_007-7a
009.md	107	KR2d0023_WYG_007-7b
009.md	115	KR2d0023_WYG_007-8a
009.md	123	KR2d0023_WYG_007-8b
009.md	131	KR2d0023_WYG_007-9a
009.md	139	KR2d0023_WYG_007-9b
009.md	147	KR2d0023_WYG_007-10a
009.md	155	KR2d0023_WYG_007-10b
009.md	163	KR2d0023_WYG_007-11a
009.md	171	KR2d0023_WYG_007-11b
009.md	179	KR2d0023_WYG_007-12a
009.md	187	KR2d0023_WYG_007-12b
009.md	195	KR2d0023_WYG_007-13a
009.md	203	KR2d0023_WYG_007-13b
009.md	211	KR2d0023_WYG_007-14a
009.md	219	KR2d0023_WYG_007-14b
009.md	227	KR2d0023_WYG_007-15a
009.md	235	KR2d0023_WYG_007-15b
009.md	243	KR2d0023_WYG_007-16a
009.md	251	KR2d0023_WYG_007-16b
009.md	259	KR2d0023_WYG_007-17a
009.md	267	KR2d0023_WYG_007-17b
009.md	275	KR2d0023_WYG_007-18a
009.md	283	KR2d0023_WYG_007-18b
009.md	291	KR2d0023_WYG_007-19a
009.md	299	KR2d0023_WYG_007-19b
009.md	307	KR2d0023_WYG_007-20a
009.md	315	KR2d0023_WYG_007-20b
009.md	323	KR2d0023_WYG_007-21a
009.md	331	KR2d0023_WYG_007-21b
009.md	339	KR2d0023_WYG_007-22a
009.md	347	KR2d0023_WYG_007-22b
009.md	355	KR2d0023_WYG_007-23a
009.md	363	KR2d0023_WYG_007-23b
009.md	371	KR2d0023_WYG_007-24a
009.md	379	KR2d0023_WYG_007-24b
009.md	387	KR2d0023_WYG_007-25a
009.md	395	KR2d0023_WYG_007-25b
009.md	403	KR2d0023_WYG_007-26a
009.md	411	KR2d0023_WYG_007-26b
009.md	419	KR2d0023_WYG_007-27a
009.md	427	KR2d0023_WYG_007-27b
009.md	435	KR2d0023_WYG_007-28a
009.md	443	KR2d0023_WYG_007-28b
009.md	451	KR2d0023_WYG_007-29a
009.md	459	KR2d0023_WYG_007-29b
009.md	467	KR2d0023_WYG_007-30a
009.md	475	KR2d0023_WYG_007-30b
009.md	483	KR2d0023_WYG_007-31a
009.md	491	KR2d0023_WYG_007-31b
009.md	499	KR2d0023_WYG_007-32a
009.md	507	KR2d0023_WYG_007-32b
009.md	515	KR2d0023_WYG_007-33a
009.md	523	KR2d0023_WYG_007-33b
009.md	531	KR2d0023_WYG_007-34a
009.md	539	KR2d0023_WYG_007-34b
009.md	547	KR2d0023_WYG_007-35a
009.md	555	KR2d0023_WYG_007-35b
009.md	563	KR2d0023_WYG_007-36a
009.md	571	KR2d0023_WYG_007-36b
009.md	579	KR2d0023_WYG_007-37a
009.md	587	KR2d0023_WYG_007-37b
009.md	595	KR2d0023_WYG_007-38a
009.md	603	KR2d0023_WYG_007-38b
009.md	611	KR2d0023_WYG_007-39a
009.md	619	KR2d0023_WYG_007-39b
009.md	627	KR2d0023_WYG_007-40a
009.md	635	KR2d0023_WYG_007-40b
010.md	3	KR2d0023_WYG_008-1a
010.md	11	KR2d0023_WYG_008-1b
010.md	19	KR2d0023_WYG_008-2a
010.md	27	KR2d0023_WYG_008-2b
010.md	35	KR2d0023_WYG_008-3a
010.md	43	KR2d0023_WYG_008-3b
010.md	51	KR2d0023_WYG_008-4a
010.md	59	KR2d0023_WYG_008-4b
010.md	67	KR2d0023_WYG_008-5a
010.md	75	KR2d0023_WYG_008-5b
010.md	83	KR2d0023_WYG_008-6a
010.md	91	KR2d0023_WYG_008-6b
010.md	99	KR2d0023_WYG_008-7a
010.md	107	KR2d0023_WYG_008-7b
010.md	115	KR2d0023_WYG_008-8a
010.md	123	KR2d0023_WYG_008-8b
010.md	131	KR2d0023_WYG_008-9a
010.md	139	KR2d0023_WYG_008-9b
010.md	147	KR2d0023_WYG_008-10a
010.md	155	KR2d0023_WYG_008-10b
010.md	163	KR2d0023_WYG_008-11a
010.md	171	KR2d0023_WYG_008-11b
010.md	179	KR2d0023_WYG_008-12a
010.md	187	KR2d0023_WYG_008-12b
010.md	195	KR2d0023_WYG_008-13a
010.md	203	KR2d0023_WYG_008-13b
010.md	211	KR2d0023_WYG_008-14a
010.md	219	KR2d0023_WYG_008-14b
010.md	227	KR2d0023_WYG_008-15a
010.md	235	KR2d0023_WYG_008-15b
010.md	243	KR2d0023_WYG_008-16a
010.md	251	KR2d0023_WYG_008-16b
010.md	259	KR2d0023_WYG_008-17a
010.md	267	KR2d0023_WYG_008-17b
010.md	275	KR2d0023_WYG_008-18a
010.md	283	KR2d0023_WYG_008-18b
010.md	291	KR2d0023_WYG_008-19a
010.md	299	KR2d0023_WYG_008-19b
010.md	307	KR2d0023_WYG_008-20a
010.md	315	KR2d0023_WYG_008-20b
010.md	323	KR2d0023_WYG_008-21a
010.md	331	KR2d0023_WYG_008-21b
011.md	3	KR2d0023_WYG_009-1a
011.md	11	KR2d0023_WYG_009-1b
011.md	19	KR2d0023_WYG_009-2a
011.md	27	KR2d0023_WYG_009-2b
011.md	35	KR2d0023_WYG_009-3a
011.md	43	KR2d0023_WYG_009-3b
011.md	51	KR2d0023_WYG_009-4a
011.md	59	KR2d0023_WYG_009-4b
011.md	67	KR2d0023_WYG_009-5a
011.md	75	KR2d0023_WYG_009-5b
011.md	83	KR2d0023_WYG_009-6a
011.md	91	KR2d0023_WYG_009-6b
011.md	99	KR2d0023_WYG_009-7a
011.md	107	KR2d0023_WYG_009-7b
011.md	115	KR2d0023_WYG_009-8a
011.md	123	KR2d0023_WYG_009-8b
011.md	131	KR2d0023_WYG_009-9a
011.md	139	KR2d0023_WYG_009-9b
011.md	147	KR2d0023_WYG_009-10a
011.md	155	KR2d0023_WYG_009-10b
011.md	163	KR2d0023_WYG_009-11a
011.md	171	KR2d0023_WYG_009-11b
011.md	179	KR2d0023_WYG_009-12a
011.md	187	KR2d0023_WYG_009-12b
012.md	3	KR2d0023_WYG_010-1a
012.md	11	KR2d0023_WYG_010-1b
012.md	19	KR2d0023_WYG_010-2a
012.md	27	KR2d0023_WYG_010-2b
012.md	35	KR2d0023_WYG_010-3a
012.md	43	KR2d0023_WYG_010-3b
012.md	51	KR2d0023_WYG_010-4a
012.md	59	KR2d0023_WYG_010-4b
012.md	67	KR2d0023_WYG_010-5a
012.md	75	KR2d0023_WYG_010-5b
012.md	83	KR2d0023_WYG_010-6a
012.md	91	KR2d0023_WYG_010-6b
012.md	99	KR2d0023_WYG_010-7a
012.md	107	KR2d0023_WYG_010-7b
012.md	115	KR2d0023_WYG_010-8a
012.md	123	KR2d0023_WYG_010-8b
012.md	131	KR2d0023_WYG_010-9a
012.md	139	KR2d0023_WYG_010-9b
012.md	147	KR2d0023_WYG_010-10a
012.md	155	KR2d0023_WYG_010-10b
012.md	163	KR2d0023_WYG_010-11a
012.md	171	KR2d0023_WYG_010-11b
012.md	179	KR2d0023_WYG_010-12a
012.md	187	KR2d0023_WYG_010-12b
012.md	195	KR2d0023_WYG_010-13a
012.md	203	KR2d0023_WYG_010-13b
012.md	211	KR2d0023_WYG_010-14a
012.md	219	KR2d0023_WYG_010-14b
012.md	227	KR2d0023_WYG_010-15a
012.md	235	KR2d0023_WYG_010-15b
012.md	243	KR2d0023_WYG_010-16a
012.md	251	KR2d0023_WYG_010-16b
012.md	259	KR2d0023_WYG_010-17a
012.md	267	KR2d0023_WYG_010-17b
012.md	275	KR2d0023_WYG_010-18a
012.md	283	KR2d0023_WYG_010-18b
012.md	291	KR2d0023_WYG_010-19a
012.md	299	KR2d0023_WYG_010-19b
012.md	307	KR2d0023_WYG_010-20a
012.md	315	KR2d0023_WYG_010-20b
012.md	323	KR2d0023_WYG_010-21a
012.md	331	KR2d0023_WYG_010-21b
012.md	339	KR2d0023_WYG_010-22a
012.md	347	KR2d0023_WYG_010-22b
013.md	3	KR2d0023_WYG_011-1a
013.md	11	KR2d0023_WYG_011-1b
013.md	19	KR2d0023_WYG_011-2a
013.md	27	KR2d0023_WYG_011-2b
013.md	35	KR2d0023_WYG_011-3a
013.md	43	KR2d0023_WYG_011-3b
013.md	51	KR2d0023_WYG_011-4a
013.md	59	KR2d0023_WYG_011-4b
013.md	67	KR2d0023_WYG_011-5a
013.md	75	KR2d0023_WYG_011-5b
013.md	83	KR2d0023_WYG_011-6a
013.md	91	KR2d0023_WYG_011-6b
013.md	99	KR2d0023_WYG_011-7a
013.md	107	KR2d0023_WYG_011-7b
013.md	115	KR2d0023_WYG_011-8a
013.md	123	KR2d0023_WYG_011-8b
013.md	131	KR2d0023_WYG_011-9a
013.md	139	KR2d0023_WYG_011-9b
013.md	147	KR2d0023_WYG_011-10a
013.md	155	KR2d0023_WYG_011-10b
013.md	163	KR2d0023_WYG_011-11a
013.md	171	KR2d0023_WYG_011-11b
013.md	179	KR2d0023_WYG_011-12a
013.md	187	KR2d0023_WYG_011-12b
013.md	195	KR2d0023_WYG_011-13a
013.md	203	KR2d0023_WYG_011-13b
013.md	211	KR2d0023_WYG_011-14a
013.md	219	KR2d0023_WYG_011-14b
013.md	227	KR2d0023_WYG_011-15a
013.md	235	KR2d0023_WYG_011-15b
013.md	243	KR2d0023_WYG_011-16a
013.md	251	KR2d0023_WYG_011-16b
013.md	259	KR2d0023_WYG_011-17a
013.md	267	KR2d0023_WYG_011-17b
013.md	275	KR2d0023_WYG_011-18a
013.md	283	KR2d0023_WYG_011-18b
013.md	291	KR2d0023_WYG_011-19a
013.md	299	KR2d0023_WYG_011-19b
013.md	307	KR2d0023_WYG_011-20a
013.md	315	KR2d0023_WYG_011-20b
013.md	323	KR2d0023_WYG_011-21a
013.md	331	KR2d0023_WYG_011-21b
013.md	339	KR2d0023_WYG_011-22a
013.md	347	KR2d0023_WYG_011-22b
013.md	355	KR2d0023_WYG_011-23a
013.md	363	KR2d0023_WYG_011-23b
013.md	371	KR2d0023_WYG_011-24a
013.md	379	KR2d0023_WYG_011-24b
013.md	387	KR2d0023_WYG_011-25a
013.md	395	KR2d0023_WYG_011-25b
013.md	403	KR2d0023_WYG_011-26a
013.md	411	KR2d0023_WYG_011-26b
013.md	419	KR2d0023_WYG_011-27a
013.md	427	KR2d0023_WYG_011-27b
013.md	435	KR2d0023_WYG_011-28a
013.md	443	KR2d0023_WYG_011-28b
013.md	451	KR2d0023_WYG_011-29a
013.md	459	KR2d0023_WYG_011-29b
013.md	467	KR2d0023_WYG_011-30a
013.md	475	KR2d0023_WYG_011-30b
013.md	483	KR2d0023_WYG_011-31a
013.md	491	KR2d0023_WYG_011-31b
013.md	499	KR2d0023_WYG_011-32a
013.md	507	KR2d0023_WYG_011-32b
013.md	515	KR2d0023_WYG_011-33a
013.md	523	KR2d0023_WYG_011-33b
013.md	531	KR2d0023_WYG_011-34a
013.md	539	KR2d0023_WYG_011-34b
013.md	547	KR2d0023_WYG_011-35a
013.md	555	KR2d0023_WYG_011-35b
013.md	563	KR2d0023_WYG_011-36a
013.md	571	KR2d0023_WYG_011-36b
013.md	579	KR2d0023_WYG_011-37a
013.md	587	KR2d0023_WYG_011-37b
014.md	3	KR2d0023_WYG_012-1a
014.md	11	KR2d0023_WYG_012-1b
014.md	19	KR2d0023_WYG_012-2a
014.md	27	KR2d0023_WYG_012-2b
014.md	35	KR2d0023_WYG_012-3a
014.md	43	KR2d0023_WYG_012-3b
014.md	51	KR2d0023_WYG_012-4a
014.md	59	KR2d0023_WYG_012-4b
014.md	67	KR2d0023_WYG_012-5a
014.md	75	KR2d0023_WYG_012-5b
014.md	83	KR2d0023_WYG_012-6a
014.md	91	KR2d0023_WYG_012-6b
014.md	99	KR2d0023_WYG_012-7a
014.md	107	KR2d0023_WYG_012-7b
014.md	115	KR2d0023_WYG_012-8a
014.md	123	KR2d0023_WYG_012-8b
014.md	131	KR2d0023_WYG_012-9a
014.md	139	KR2d0023_WYG_012-9b
014.md	147	KR2d0023_WYG_012-10a
014.md	155	KR2d0023_WYG_012-10b
014.md	163	KR2d0023_WYG_012-11a
014.md	171	KR2d0023_WYG_012-11b
014.md	179	KR2d0023_WYG_012-12a
014.md	187	KR2d0023_WYG_012-12b
014.md	195	KR2d0023_WYG_012-13a
014.md	203	KR2d0023_WYG_012-13b
014.md	211	KR2d0023_WYG_012-14a
014.md	219	KR2d0023_WYG_012-14b
014.md	227	KR2d0023_WYG_012-15a
014.md	235	KR2d0023_WYG_012-15b
014.md	243	KR2d0023_WYG_012-16a
014.md	251	KR2d0023_WYG_012-16b
014.md	259	KR2d0023_WYG_012-17a
014.md	267	KR2d0023_WYG_012-17b
014.md	275	KR2d0023_WYG_012-18a
014.md	283	KR2d0023_WYG_012-18b
014.md	291	KR2d0023_WYG_012-19a
014.md	299	KR2d0023_WYG_012-19b
014.md	307	KR2d0023_WYG_012-20a
014.md	315	KR2d0023_WYG_012-20b
014.md	323	KR2d0023_WYG_012-21a
014.md	331	KR2d0023_WYG_012-21b
014.md	339	KR2d0023_WYG_012-22a
014.md	347	KR2d0023_WYG_012-22b
014.md	355	KR2d0023_WYG_012-23a
014.md	363	KR2d0023_WYG_012-23b
014.md	371	KR2d0023_WYG_012-24a
014.md	379	KR2d0023_WYG_012-24b
014.md	387	KR2d0023_WYG_012-25a
014.md	395	KR2d0023_WYG_012-25b
014.md	403	KR2d0023_WYG_012-26a
014.md	411	KR2d0023_WYG_012-26b
014.md	419	KR2d0023_WYG_012-27a
014.md	427	KR2d0023_WYG_012-27b
014.md	435	KR2d0023_WYG_012-28a
014.md	443	KR2d0023_WYG_012-28b
014.md	451	KR2d0023_WYG_012-29a
014.md	459	KR2d0023_WYG_012-29b
014.md	467	KR2d0023_WYG_012-30a
014.md	475	KR2d0023_WYG_012-30b
014.md	483	KR2d0023_WYG_012-31a
014.md	491	KR2d0023_WYG_012-31b
014.md	499	KR2d0023_WYG_012-32a
014.md	507	KR2d0023_WYG_012-32b
014.md	515	KR2d0023_WYG_012-33a
014.md	523	KR2d0023_WYG_012-33b
014.md	531	KR2d0023_WYG_012-34a
014.md	539	KR2d0023_WYG_012-34b
014.md	547	KR2d0023_WYG_012-35a
014.md	555	KR2d0023_WYG_012-35b
014.md	563	KR2d0023_WYG_012-36a
014.md	571	KR2d0023_WYG_012-36b
014.md	579	KR2d0023_WYG_012-37a
014.md	587	KR2d0023_WYG_012-37b
014.md	595	KR2d0023_WYG_012-38a
014.md	603	KR2d0023_WYG_012-38b
014.md	611	KR2d0023_WYG_012-39a
014.md	619	KR2d0023_WYG_012-39b
014.md	627	KR2d0023_WYG_012-40a
014.md	635	KR2d0023_WYG_012-40b
014.md	643	KR2d0023_WYG_012-41a
014.md	651	KR2d0023_WYG_012-41b
014.md	659	KR2d0023_WYG_012-42a
014.md	667	KR2d0023_WYG_012-42b
014.md	675	KR2d0023_WYG_012-43a
014.md	683	KR2d0023_WYG_012-43b
014.md	691	KR2d0023_WYG_012-44a
014.md	699	KR2d0023_WYG_012-44b
014.md	707	KR2d0023_WYG_012-45a
014.md	715	KR2d0023_WYG_012-45b
014.md	723	KR2d0023_WYG_012-46a
014.md	731	KR2d0023_WYG_012-46b
014.md	739	KR2d0023_WYG_012-47a
014.md	747	KR2d0023_WYG_012-47b
014.md	755	KR2d0023_WYG_012-48a
014.md	763	KR2d0023_WYG_012-48b
014.md	771	KR2d0023_WYG_012-49a
014.md	779	KR2d0023_WYG_012-49b
014.md	787	KR2d0023_WYG_012-50a
014.md	795	KR2d0023_WYG_012-50b
015.md	3	KR2d0023_WYG_013-1a
015.md	11	KR2d0023_WYG_013-1b
015.md	19	KR2d0023_WYG_013-2a
015.md	27	KR2d0023_WYG_013-2b
015.md	35	KR2d0023_WYG_013-3a
015.md	43	KR2d0023_WYG_013-3b
015.md	51	KR2d0023_WYG_013-4a
015.md	59	KR2d0023_WYG_013-4b
015.md	67	KR2d0023_WYG_013-5a
015.md	75	KR2d0023_WYG_013-5b
015.md	83	KR2d0023_WYG_013-6a
015.md	91	KR2d0023_WYG_013-6b
015.md	99	KR2d0023_WYG_013-7a
015.md	107	KR2d0023_WYG_013-7b
015.md	115	KR2d0023_WYG_013-8a
015.md	123	KR2d0023_WYG_013-8b
015.md	131	KR2d0023_WYG_013-9a
015.md	139	KR2d0023_WYG_013-9b
015.md	147	KR2d0023_WYG_013-10a
015.md	155	KR2d0023_WYG_013-10b
015.md	163	KR2d0023_WYG_013-11a
015.md	171	KR2d0023_WYG_013-11b
015.md	179	KR2d0023_WYG_013-12a
015.md	187	KR2d0023_WYG_013-12b
015.md	195	KR2d0023_WYG_013-13a
015.md	203	KR2d0023_WYG_013-13b
015.md	211	KR2d0023_WYG_013-14a
015.md	219	KR2d0023_WYG_013-14b
015.md	227	KR2d0023_WYG_013-15a
015.md	235	KR2d0023_WYG_013-15b
015.md	243	KR2d0023_WYG_013-16a
015.md	251	KR2d0023_WYG_013-16b
015.md	259	KR2d0023_WYG_013-17a
015.md	267	KR2d0023_WYG_013-17b
015.md	275	KR2d0023_WYG_013-18a
015.md	283	KR2d0023_WYG_013-18b
015.md	291	KR2d0023_WYG_013-19a
015.md	299	KR2d0023_WYG_013-19b
015.md	307	KR2d0023_WYG_013-20a
015.md	315	KR2d0023_WYG_013-20b
015.md	323	KR2d0023_WYG_013-21a
015.md	331	KR2d0023_WYG_013-21b
015.md	339	KR2d0023_WYG_013-22a
015.md	347	KR2d0023_WYG_013-22b
015.md	355	KR2d0023_WYG_013-23a
015.md	363	KR2d0023_WYG_013-23b
016.md	3	KR2d0023_WYG_014-1a
016.md	11	KR2d0023_WYG_014-1b
016.md	19	KR2d0023_WYG_014-2a
016.md	27	KR2d0023_WYG_014-2b
016.md	35	KR2d0023_WYG_014-3a
016.md	43	KR2d0023_WYG_014-3b
016.md	51	KR2d0023_WYG_014-4a
016.md	59	KR2d0023_WYG_014-4b
016.md	67	KR2d0023_WYG_014-5a
016.md	75	KR2d0023_WYG_014-5b
016.md	83	KR2d0023_WYG_014-6a
016.md	91	KR2d0023_WYG_014-6b
016.md	99	KR2d0023_WYG_014-7a
016.md	107	KR2d0023_WYG_014-7b
016.md	115	KR2d0023_WYG_014-8a
016.md	123	KR2d0023_WYG_014-8b
016.md	131	KR2d0023_WYG_014-9a
016.md	139	KR2d0023_WYG_014-9b
016.md	147	KR2d0023_WYG_014-10a
016.md	155	KR2d0023_WYG_014-10b
016.md	163	KR2d0023_WYG_014-11a
016.md	171	KR2d0023_WYG_014-11b
016.md	179	KR2d0023_WYG_014-12a
016.md	187	KR2d0023_WYG_014-12b
016.md	195	KR2d0023_WYG_014-13a
016.md	203	KR2d0023_WYG_014-13b
016.md	211	KR2d0023_WYG_014-14a
016.md	219	KR2d0023_WYG_014-14b
016.md	227	KR2d0023_WYG_014-15a
016.md	235	KR2d0023_WYG_014-15b
016.md	243	KR2d0023_WYG_014-16a
016.md	251	KR2d0023_WYG_014-16b
016.md	259	KR2d0023_WYG_014-17a
016.md	267	KR2d0023_WYG_014-17b
016.md	275	KR2d0023_WYG_014-18a
016.md	283	KR2d0023_WYG_014-18b
016.md	291	KR2d0023_WYG_014-19a
016.md	299	KR2d0023_WYG_014-19b
016.md	307	KR2d0023_WYG_014-20a
016.md	315	KR2d0023_WYG_014-20b
016.md	323	KR2d0023_WYG_014-21a
016.md	331	KR2d0023_WYG_014-21b
016.md	339	KR2d0023_WYG_014-22a
016.md	347	KR2d0023_WYG_014-22b
016.md	355	KR2d0023_WYG_014-23a
016.md	363	KR2d0023_WYG_014-23b
016.md	371	KR2d0023_WYG_014-24a
016.md	379	KR2d0023_WYG_014-24b
016.md	387	KR2d0023_WYG_014-25a
016.md	395	KR2d0023_WYG_014-25b
016.md	403	KR2d0023_WYG_014-26a
016.md	411	KR2d0023_WYG_014-26b
016.md	419	KR2d0023_WYG_014-27a
016.md	427	KR2d0023_WYG_014-27b
016.md	435	KR2d0023_WYG_014-28a
016.md	443	KR2d0023_WYG_014-28b
016.md	451	KR2d0023_WYG_014-29a
016.md	459	KR2d0023_WYG_014-29b
016.md	467	KR2d0023_WYG_014-30a
016.md	475	KR2d0023_WYG_014-30b
016.md	483	KR2d0023_WYG_014-31a
016.md	491	KR2d0023_WYG_014-31b
016.md	499	KR2d0023_WYG_014-32a
016.md	507	KR2d0023_WYG_014-32b
016.md	515	KR2d0023_WYG_014-33a
016.md	523	KR2d0023_WYG_014-33b
016.md	531	KR2d0023_WYG_014-34a
016.md	539	KR2d0023_WYG_014-34b
016.md	547	KR2d0023_WYG_014-35a
016.md	555	KR2d0023_WYG_014-35b
016.md	563	KR2d0023_WYG_014-36a
016.md	571	KR2d0023_WYG_014-36b
016.md	579	KR2d0023_WYG_014-37a
016.md	587	KR2d0023_WYG_014-37b
016.md	595	KR2d0023_WYG_014-38a
016.md	603	KR2d0023_WYG_014-38b
016.md	611	KR2d0023_WYG_014-39a
016.md	619	KR2d0023_WYG_014-39b
016.md	627	KR2d0023_WYG_014-40a
016.md	635	KR2d0023_WYG_014-40b
016.md	643	KR2d0023_WYG_014-41a
016.md	651	KR2d0023_WYG_014-41b
016.md	659	KR2d0023_WYG_014-42a
016.md	667	KR2d0023_WYG_014-42b
016.md	675	KR2d0023_WYG_014-43a
016.md	683	KR2d0023_WYG_014-43b
016.md	691	KR2d0023_WYG_014-44a
016.md	699	KR2d0023_WYG_014-44b
016.md	707	KR2d0023_WYG_014-45a
016.md	715	KR2d0023_WYG_014-45b
016.md	723	KR2d0023_WYG_014-46a
016.md	731	KR2d0023_WYG_014-46b
016.md	739	KR2d0023_WYG_014-47a
016.md	747	KR2d0023_WYG_014-47b
016.md	755	KR2d0023_WYG_014-48a
016.md	763	KR2d0023_WYG_014-48b
016.md	771	KR2d0023_WYG_014-49a
016.md	779	KR2d0023_WYG_014-49b
016.md	787	KR2d0023_WYG_014-50a
016.md	795	KR2d0023_WYG_014-50b
016.md	803	KR2d0023_WYG_014-51a
016.md	811	KR2d0023_WYG_014-51b
016.md	819	KR2d0023_WYG_014-52a
016.md	827	KR2d0023_WYG_014-52b
016.md	835	KR2d0023_WYG_014-53a
016.md	843	KR2d0023_WYG_014-53b
016.md	851	KR2d0023_WYG_014-54a
016.md	859	KR2d0023_WYG_014-54b
016.md	867	KR2d0023_WYG_014-55a
016.md	875	KR2d0023_WYG_014-55b
016.md	883	KR2d0023_WYG_014-56a
016.md	891	KR2d0023_WYG_014-56b
016.md	899	KR2d0023_WYG_014-57a
016.md	907	KR2d0023_WYG_014-57b
016.md	915	KR2d0023_WYG_014-58a
016.md	923	KR2d0023_WYG_014-58b
016.md	931	KR2d0023_WYG_014-59a
016.md	939	KR2d0023_WYG_014-59b
016.md	947	KR2d0023_WYG_014-60a
016.md	955	KR2d0023_WYG_014-60b
016.md	963	KR2d0023_WYG_014-61a
016.md	971	KR2d0023_WYG_014-61b
016.md	979	KR2d0023_WYG_014-62a
016.md	987	KR2d0023_WYG_014-62b
016.md	995	KR2d0023_WYG_014-63a
016.md	1003	KR2d0023_WYG_014-63b
016.md	1011	KR2d0023_WYG_014-64a
016.md	1019	KR2d0023_WYG_014-64b
016.md	1027	KR2d0023_WYG_014-65a
016.md	1035	KR2d0023_WYG_014-65b
016.md	1043	KR2d0023_WYG_014-66a
016.md	1051	KR2d0023_WYG_014-66b
016.md	1059	KR2d0023_WYG_014-67a
016.md	1067	KR2d0023_WYG_014-67b
016.md	1075	KR2d0023_WYG_014-68a
016.md	1083	KR2d0023_WYG_014-68b
016.md	1091	KR2d0023_WYG_014-69a
016.md	1099	KR2d0023_WYG_014-69b
017.md	3	KR2d0023_WYG_015-1a
017.md	11	KR2d0023_WYG_015-1b
017.md	19	KR2d0023_WYG_015-2a
017.md	27	KR2d0023_WYG_015-2b
017.md	35	KR2d0023_WYG_015-3a
017.md	43	KR2d0023_WYG_015-3b
017.md	51	KR2d0023_WYG_015-4a
017.md	59	KR2d0023_WYG_015-4b
017.md	67	KR2d0023_WYG_015-5a
017.md	75	KR2d0023_WYG_015-5b
017.md	83	KR2d0023_WYG_015-6a
017.md	91	KR2d0023_WYG_015-6b
017.md	99	KR2d0023_WYG_015-7a
017.md	107	KR2d0023_WYG_015-7b
017.md	115	KR2d0023_WYG_015-8a
017.md	123	KR2d0023_WYG_015-8b
017.md	131	KR2d0023_WYG_015-9a
017.md	139	KR2d0023_WYG_015-9b
017.md	147	KR2d0023_WYG_015-10a
017.md	155	KR2d0023_WYG_015-10b
017.md	163	KR2d0023_WYG_015-11a
017.md	171	KR2d0023_WYG_015-11b
017.md	179	KR2d0023_WYG_015-12a
017.md	187	KR2d0023_WYG_015-12b
017.md	195	KR2d0023_WYG_015-13a
017.md	203	KR2d0023_WYG_015-13b
017.md	211	KR2d0023_WYG_015-14a
017.md	219	KR2d0023_WYG_015-14b
017.md	227	KR2d0023_WYG_015-15a
017.md	235	KR2d0023_WYG_015-15b
017.md	243	KR2d0023_WYG_015-16a
017.md	251	KR2d0023_WYG_015-16b
017.md	259	KR2d0023_WYG_015-17a
017.md	267	KR2d0023_WYG_015-17b
017.md	275	KR2d0023_WYG_015-18a
017.md	283	KR2d0023_WYG_015-18b
017.md	291	KR2d0023_WYG_015-19a
017.md	299	KR2d0023_WYG_015-19b
017.md	307	KR2d0023_WYG_015-20a
017.md	315	KR2d0023_WYG_015-20b
017.md	323	KR2d0023_WYG_015-21a
017.md	331	KR2d0023_WYG_015-21b
017.md	339	KR2d0023_WYG_015-22a
017.md	347	KR2d0023_WYG_015-22b
017.md	355	KR2d0023_WYG_015-23a
017.md	363	KR2d0023_WYG_015-23b
017.md	371	KR2d0023_WYG_015-24a
017.md	379	KR2d0023_WYG_015-24b
017.md	387	KR2d0023_WYG_015-25a
017.md	395	KR2d0023_WYG_015-25b
017.md	403	KR2d0023_WYG_015-26a
017.md	411	KR2d0023_WYG_015-26b
017.md	419	KR2d0023_WYG_015-27a
017.md	427	KR2d0023_WYG_015-27b
017.md	435	KR2d0023_WYG_015-28a
017.md	443	KR2d0023_WYG_015-28b
017.md	451	KR2d0023_WYG_015-29a
017.md	459	KR2d0023_WYG_015-29b
017.md	467	KR2d0023_WYG_015-30a
017.md	475	KR2d0023_WYG_015-30b
017.md	483	KR2d0023_WYG_015-31a
017.md	491	KR2d0023_WYG_015-31b
017.md	499	KR2d0023_WYG_015-32a
017.md	507	KR2d0023_WYG_015-32b
017.md	515	KR2d0023_WYG_015-33a
017.md	523	KR2d0023_WYG_015-33b
017.md	531	KR2d0023_WYG_015-34a
017.md	539	KR2d0023_WYG_015-34b
017.md	547	KR2d0023_WYG_015-35a
017.md	555	KR2d0023_WYG_015-35b
017.md	563	KR2d0023_WYG_015-36a
017.md	571	KR2d0023_WYG_015-36b
017.md	579	KR2d0023_WYG_015-37a
017.md	587	KR2d0023_WYG_015-37b
017.md	595	KR2d0023_WYG_015-38a
017.md	603	KR2d0023_WYG_015-38b
017.md	611	KR2d0023_WYG_015-39a
017.md	619	KR2d0023_WYG_015-39b
017.md	627	KR2d0023_WYG_015-40a
017.md	635	KR2d0023_WYG_015-40b
017.md	643	KR2d0023_WYG_015-41a
017.md	651	KR2d0023_WYG_015-41b
018.md	3	KR2d0023_WYG_016-1a
018.md	11	KR2d0023_WYG_016-1b
018.md	19	KR2d0023_WYG_016-2a
018.md	27	KR2d0023_WYG_016-2b
018.md	35	KR2d0023_WYG_016-3a
018.md	43	KR2d0023_WYG_016-3b
018.md	51	KR2d0023_WYG_016-4a
018.md	59	KR2d0023_WYG_016-4b
018.md	67	KR2d0023_WYG_016-5a
018.md	75	KR2d0023_WYG_016-5b
018.md	83	KR2d0023_WYG_016-6a
018.md	91	KR2d0023_WYG_016-6b
018.md	99	KR2d0023_WYG_016-7a
018.md	107	KR2d0023_WYG_016-7b
018.md	115	KR2d0023_WYG_016-8a
018.md	123	KR2d0023_WYG_016-8b
018.md	131	KR2d0023_WYG_016-9a
018.md	139	KR2d0023_WYG_016-9b
018.md	147	KR2d0023_WYG_016-10a
018.md	155	KR2d0023_WYG_016-10b
019.md	3	KR2d0023_WYG_017-1a
019.md	11	KR2d0023_WYG_017-1b
019.md	19	KR2d0023_WYG_017-2a
019.md	27	KR2d0023_WYG_017-2b
019.md	35	KR2d0023_WYG_017-3a
019.md	43	KR2d0023_WYG_017-3b
019.md	51	KR2d0023_WYG_017-4a
019.md	59	KR2d0023_WYG_017-4b
019.md	67	KR2d0023_WYG_017-5a
019.md	75	KR2d0023_WYG_017-5b
019.md	83	KR2d0023_WYG_017-6a
019.md	91	KR2d0023_WYG_017-6b
019.md	99	KR2d0023_WYG_017-7a
019.md	107	KR2d0023_WYG_017-7b
019.md	115	KR2d0023_WYG_017-8a
019.md	123	KR2d0023_WYG_017-8b
019.md	131	KR2d0023_WYG_017-9a
019.md	139	KR2d0023_WYG_017-9b
019.md	147	KR2d0023_WYG_017-10a
019.md	155	KR2d0023_WYG_017-10b
019.md	163	KR2d0023_WYG_017-11a
019.md	171	KR2d0023_WYG_017-11b
019.md	179	KR2d0023_WYG_017-12a
019.md	187	KR2d0023_WYG_017-12b
019.md	195	KR2d0023_WYG_017-13a
019.md	203	KR2d0023_WYG_017-13b
019.md	211	KR2d0023_WYG_017-14a
019.md	219	KR2d0023_WYG_017-14b
019.md	227	KR2d0023_WYG_017-15a
019.md	235	KR2d0023_WYG_017-15b
019.md	243	KR2d0023_WYG_017-16a
019.md	251	KR2d0023_WYG_017-16b
019.md	259	KR2d0023_WYG_017-17a
019.md	267	KR2d0023_WYG_017-17b
019.md	275	KR2d0023_WYG_017-18a
019.md	283	KR2d0023_WYG_017-18b
019.md	291	KR2d0023_WYG_017-19a
019.md	299	KR2d0023_WYG_017-19b
019.md	307	KR2d0023_WYG_017-20a
019.md	315	KR2d0023_WYG_017-20b
019.md	323	KR2d0023_WYG_017-21a
019.md	331	KR2d0023_WYG_017-21b
019.md	339	KR2d0023_WYG_017-22a
019.md	347	KR2d0023_WYG_017-22b
019.md	355	KR2d0023_WYG_017-23a
019.md	363	KR2d0023_WYG_017-23b
019.md	371	KR2d0023_WYG_017-24a
019.md	379	KR2d0023_WYG_017-24b
019.md	387	KR2d0023_WYG_017-25a
019.md	395	KR2d0023_WYG_017-25b
019.md	403	KR2d0023_WYG_017-26a
019.md	411	KR2d0023_WYG_017-26b
019.md	419	KR2d0023_WYG_017-27a
019.md	427	KR2d0023_WYG_017-27b
019.md	435	KR2d0023_WYG_017-28a
019.md	443	KR2d0023_WYG_017-28b
019.md	451	KR2d0023_WYG_017-29a
019.md	459	KR2d0023_WYG_017-29b
019.md	467	KR2d0023_WYG_017-30a
019.md	475	KR2d0023_WYG_017-30b
019.md	483	KR2d0023_WYG_017-31a
019.md	491	KR2d0023_WYG_017-31b
019.md	499	KR2d0023_WYG_017-32a
019.md	507	KR2d0023_WYG_017-32b
019.md	515	KR2d0023_WYG_017-33a
019.md	523	KR2d0023_WYG_017-33b
019.md	531	KR2d0023_WYG_017-34a
019.md	539	KR2d0023_WYG_017-34b
019.md	547	KR2d0023_WYG_017-35a
019.md	555	KR2d0023_WYG_017-35b
019.md	563	KR2d0023_WYG_017-36a
019.md	571	KR2d0023_WYG_017-36b
019.md	579	KR2d0023_WYG_017-37a
019.md	587	KR2d0023_WYG_017-37b
019.md	595	KR2d0023_WYG_017-38a
019.md	603	KR2d0023_WYG_017-38b
019.md	611	KR2d0023_WYG_017-39a
019.md	619	KR2d0023_WYG_017-39b
019.md	627	KR2d0023_WYG_017-40a
019.md	635	KR2d0023_WYG_017-40b
019.md	643	KR2d0023_WYG_017-41a
019.md	651	KR2d0023_WYG_017-41b
019.md	659	KR2d0023_WYG_017-42a
019.md	667	KR2d0023_WYG_017-42b
019.md	675	KR2d0023_WYG_017-43a
019.md	683	KR2d0023_WYG_017-43b
019.md	691	KR2d0023_WYG_017-44a
019.md	699	KR2d0023_WYG_017-44b
019.md	707	KR2d0023_WYG_017-45a
019.md	715	KR2d0023_WYG_017-45b
019.md	723	KR2d0023_WYG_017-46a
019.md	731	KR2d0023_WYG_017-46b
019.md	739	KR2d0023_WYG_017-47a
019.md	747	KR2d0023_WYG_017-47b
019.md	755	KR2d0023_WYG_017-48a
019.md	763	KR2d0023_WYG_017-48b
019.md	771	KR2d0023_WYG_017-49a
019.md	779	KR2d0023_WYG_017-49b
019.md	787	KR2d0023_WYG_017-50a
019.md	795	KR2d0023_WYG_017-50b
019.md	803	KR2d0023_WYG_017-51a
019.md	811	KR2d0023_WYG_017-51b
019.md	819	KR2d0023_WYG_017-52a
019.md	827	KR2d0023_WYG_017-52b
019.md	835	KR2d0023_WYG_017-53a
019.md	843	KR2d0023_WYG_017-53b
020.md	3	KR2d0023_WYG_018-1a
020.md	11	KR2d0023_WYG_018-1b
020.md	19	KR2d0023_WYG_018-2a
020.md	27	KR2d0023_WYG_018-2b
020.md	35	KR2d0023_WYG_018-3a
020.md	43	KR2d0023_WYG_018-3b
020.md	51	KR2d0023_WYG_018-4a
020.md	59	KR2d0023_WYG_018-4b
020.md	67	KR2d0023_WYG_018-5a
020.md	75	KR2d0023_WYG_018-5b
020.md	83	KR2d0023_WYG_018-6a
020.md	91	KR2d0023_WYG_018-6b
020.md	99	KR2d0023_WYG_018-7a
020.md	107	KR2d0023_WYG_018-7b
020.md	115	KR2d0023_WYG_018-8a
020.md	123	KR2d0023_WYG_018-8b
020.md	131	KR2d0023_WYG_018-9a
020.md	139	KR2d0023_WYG_018-9b
020.md	147	KR2d0023_WYG_018-10a
020.md	155	KR2d0023_WYG_018-10b
020.md	163	KR2d0023_WYG_018-11a
020.md	171	KR2d0023_WYG_018-11b
020.md	179	KR2d0023_WYG_018-12a
020.md	187	KR2d0023_WYG_018-12b
020.md	195	KR2d0023_WYG_018-13a
020.md	203	KR2d0023_WYG_018-13b
020.md	211	KR2d0023_WYG_018-14a
020.md	219	KR2d0023_WYG_018-14b
020.md	227	KR2d0023_WYG_018-15a
020.md	235	KR2d0023_WYG_018-15b
020.md	243	KR2d0023_WYG_018-16a
020.md	251	KR2d0023_WYG_018-16b
020.md	259	KR2d0023_WYG_018-17a
020.md	267	KR2d0023_WYG_018-17b
020.md	275	KR2d0023_WYG_018-18a
020.md	283	KR2d0023_WYG_018-18b
020.md	291	KR2d0023_WYG_018-19a
020.md	299	KR2d0023_WYG_018-19b
020.md	307	KR2d0023_WYG_018-20a
020.md	315	KR2d0023_WYG_018-20b
020.md	323	KR2d0023_WYG_018-21a
020.md	331	KR2d0023_WYG_018-21b
020.md	339	KR2d0023_WYG_018-22a
020.md	347	KR2d0023_WYG_018-22b
020.md	355	KR2d0023_WYG_018-23a
020.md	363	KR2d0023_WYG_018-23b
020.md	371	KR2d0023_WYG_018-24a
020.md	379	KR2d0023_WYG_018-24b
020.md	387	KR2d0023_WYG_018-25a
020.md	395	KR2d0023_WYG_018-25b
020.md	403	KR2d0023_WYG_018-26a
020.md	411	KR2d0023_WYG_018-26b
020.md	419	KR2d0023_WYG_018-27a
020.md	427	KR2d0023_WYG_018-27b
020.md	435	KR2d0023_WYG_018-28a
020.md	443	KR2d0023_WYG_018-28b
020.md	451	KR2d0023_WYG_018-29a
020.md	459	KR2d0023_WYG_018-29b
020.md	467	KR2d0023_WYG_018-30a
020.md	475	KR2d0023_WYG_018-30b
020.md	483	KR2d0023_WYG_018-31a
020.md	491	KR2d0023_WYG_018-31b
020.md	499	KR2d0023_WYG_018-32a
020.md	507	KR2d0023_WYG_018-32b
020.md	515	KR2d0023_WYG_018-33a
020.md	523	KR2d0023_WYG_018-33b
020.md	531	KR2d0023_WYG_018-34a
020.md	539	KR2d0023_WYG_018-34b
020.md	547	KR2d0023_WYG_018-35a
020.md	555	KR2d0023_WYG_018-35b
020.md	563	KR2d0023_WYG_018-36a
020.md	571	KR2d0023_WYG_018-36b
020.md	579	KR2d0023_WYG_018-37a
020.md	587	KR2d0023_WYG_018-37b
020.md	595	KR2d0023_WYG_018-38a
020.md	603	KR2d0023_WYG_018-38b
020.md	611	KR2d0023_WYG_018-39a
020.md	619	KR2d0023_WYG_018-39b
020.md	627	KR2d0023_WYG_018-40a
020.md	635	KR2d0023_WYG_018-40b
021.md	3	KR2d0023_WYG_019-1a
021.md	11	KR2d0023_WYG_019-1b
021.md	19	KR2d0023_WYG_019-2a
021.md	27	KR2d0023_WYG_019-2b
021.md	35	KR2d0023_WYG_019-3a
021.md	43	KR2d0023_WYG_019-3b
021.md	51	KR2d0023_WYG_019-4a
021.md	59	KR2d0023_WYG_019-4b
021.md	67	KR2d0023_WYG_019-5a
021.md	75	KR2d0023_WYG_019-5b
021.md	83	KR2d0023_WYG_019-6a
021.md	91	KR2d0023_WYG_019-6b
021.md	99	KR2d0023_WYG_019-7a
021.md	107	KR2d0023_WYG_019-7b
021.md	115	KR2d0023_WYG_019-8a
021.md	123	KR2d0023_WYG_019-8b
021.md	131	KR2d0023_WYG_019-9a
021.md	139	KR2d0023_WYG_019-9b
021.md	147	KR2d0023_WYG_019-10a
021.md	155	KR2d0023_WYG_019-10b
021.md	163	KR2d0023_WYG_019-11a
021.md	171	KR2d0023_WYG_019-11b
021.md	179	KR2d0023_WYG_019-12a
021.md	187	KR2d0023_WYG_019-12b
021.md	195	KR2d0023_WYG_019-13a
021.md	203	KR2d0023_WYG_019-13b
021.md	211	KR2d0023_WYG_019-14a
021.md	219	KR2d0023_WYG_019-14b
021.md	227	KR2d0023_WYG_019-15a
021.md	235	KR2d0023_WYG_019-15b
021.md	243	KR2d0023_WYG_019-16a
021.md	251	KR2d0023_WYG_019-16b
021.md	259	KR2d0023_WYG_019-17a
021.md	267	KR2d0023_WYG_019-17b
021.md	275	KR2d0023_WYG_019-18a
021.md	283	KR2d0023_WYG_019-18b
021.md	291	KR2d0023_WYG_019-19a
021.md	299	KR2d0023_WYG_019-19b
021.md	307	KR2d0023_WYG_019-20a
021.md	315	KR2d0023_WYG_019-20b
021.md	323	KR2d0023_WYG_019-21a
021.md	331	KR2d0023_WYG_019-21b
021.md	339	KR2d0023_WYG_019-22a
021.md	347	KR2d0023_WYG_019-22b
021.md	355	KR2d0023_WYG_019-23a
021.md	363	KR2d0023_WYG_019-23b
021.md	371	KR2d0023_WYG_019-24a
021.md	379	KR2d0023_WYG_019-24b
021.md	387	KR2d0023_WYG_019-25a
021.md	395	KR2d0023_WYG_019-25b
021.md	403	KR2d0023_WYG_019-26a
021.md	411	KR2d0023_WYG_019-26b
021.md	419	KR2d0023_WYG_019-27a
021.md	427	KR2d0023_WYG_019-27b
021.md	435	KR2d0023_WYG_019-28a
021.md	443	KR2d0023_WYG_019-28b
021.md	451	KR2d0023_WYG_019-29a
021.md	459	KR2d0023_WYG_019-29b
021.md	467	KR2d0023_WYG_019-30a
021.md	475	KR2d0023_WYG_019-30b
021.md	483	KR2d0023_WYG_019-31a
021.md	491	KR2d0023_WYG_019-31b
021.md	499	KR2d0023_WYG_019-32a
021.md	507	KR2d0023_WYG_019-32b
021.md	515	KR2d0023_WYG_019-33a
021.md	523	KR2d0023_WYG_019-33b
021.md	531	KR2d0023_WYG_019-34a
021.md	539	KR2d0023_WYG_019-34b
021.md	547	KR2d0023_WYG_019-35a
021.md	555	KR2d0023_WYG_019-35b
021.md	563	KR2d0023_WYG_019-36a
021.md	571	KR2d0023_WYG_019-36b
021.md	579	KR2d0023_WYG_019-37a
021.md	587	KR2d0023_WYG_019-37b
022.md	3	KR2d0023_WYG_020-1a
022.md	11	KR2d0023_WYG_020-1b
022.md	19	KR2d0023_WYG_020-2a
022.md	27	KR2d0023_WYG_020-2b
022.md	35	KR2d0023_WYG_020-3a
022.md	43	KR2d0023_WYG_020-3b
022.md	51	KR2d0023_WYG_020-4a
022.md	59	KR2d0023_WYG_020-4b
022.md	67	KR2d0023_WYG_020-5a
022.md	75	KR2d0023_WYG_020-5b
022.md	83	KR2d0023_WYG_020-6a
022.md	91	KR2d0023_WYG_020-6b
022.md	99	KR2d0023_WYG_020-7a
022.md	107	KR2d0023_WYG_020-7b
022.md	115	KR2d0023_WYG_020-8a
022.md	123	KR2d0023_WYG_020-8b
022.md	131	KR2d0023_WYG_020-9a
022.md	139	KR2d0023_WYG_020-9b
022.md	147	KR2d0023_WYG_020-10a
022.md	155	KR2d0023_WYG_020-10b
022.md	163	KR2d0023_WYG_020-11a
022.md	171	KR2d0023_WYG_020-11b
022.md	179	KR2d0023_WYG_020-12a
022.md	187	KR2d0023_WYG_020-12b
022.md	195	KR2d0023_WYG_020-13a
022.md	203	KR2d0023_WYG_020-13b
022.md	211	KR2d0023_WYG_020-14a
022.md	219	KR2d0023_WYG_020-14b
022.md	227	KR2d0023_WYG_020-15a
022.md	235	KR2d0023_WYG_020-15b
022.md	243	KR2d0023_WYG_020-16a
022.md	251	KR2d0023_WYG_020-16b
022.md	259	KR2d0023_WYG_020-17a
022.md	267	KR2d0023_WYG_020-17b
022.md	275	KR2d0023_WYG_020-18a
022.md	283	KR2d0023_WYG_020-18b
023.md	3	KR2d0023_WYG_021-1a
023.md	11	KR2d0023_WYG_021-1b
023.md	19	KR2d0023_WYG_021-2a
023.md	27	KR2d0023_WYG_021-2b
023.md	35	KR2d0023_WYG_021-3a
023.md	43	KR2d0023_WYG_021-3b
023.md	51	KR2d0023_WYG_021-4a
023.md	59	KR2d0023_WYG_021-4b
023.md	67	KR2d0023_WYG_021-5a
023.md	75	KR2d0023_WYG_021-5b
023.md	83	KR2d0023_WYG_021-6a
023.md	91	KR2d0023_WYG_021-6b
023.md	99	KR2d0023_WYG_021-7a
023.md	107	KR2d0023_WYG_021-7b
023.md	115	KR2d0023_WYG_021-8a
023.md	123	KR2d0023_WYG_021-8b
023.md	131	KR2d0023_WYG_021-9a
023.md	139	KR2d0023_WYG_021-9b
023.md	147	KR2d0023_WYG_021-10a
023.md	155	KR2d0023_WYG_021-10b
023.md	163	KR2d0023_WYG_021-11a
023.md	171	KR2d0023_WYG_021-11b
023.md	179	KR2d0023_WYG_021-12a
023.md	187	KR2d0023_WYG_021-12b
023.md	195	KR2d0023_WYG_021-13a
023.md	203	KR2d0023_WYG_021-13b
023.md	211	KR2d0023_WYG_021-14a
023.md	219	KR2d0023_WYG_021-14b
023.md	227	KR2d0023_WYG_021-15a
023.md	235	KR2d0023_WYG_021-15b
023.md	243	KR2d0023_WYG_021-16a
023.md	251	KR2d0023_WYG_021-16b
023.md	259	KR2d0023_WYG_021-17a
023.md	267	KR2d0023_WYG_021-17b
023.md	275	KR2d0023_WYG_021-18a
023.md	283	KR2d0023_WYG_021-18b
023.md	291	KR2d0023_WYG_021-19a
023.md	299	KR2d0023_WYG_021-19b
023.md	307	KR2d0023_WYG_021-20a
023.md	315	KR2d0023_WYG_021-20b
023.md	323	KR2d0023_WYG_021-21a
023.md	331	KR2d0023_WYG_021-21b
023.md	339	KR2d0023_WYG_021-22a
023.md	347	KR2d0023_WYG_021-22b
023.md	355	KR2d0023_WYG_021-23a
023.md	363	KR2d0023_WYG_021-23b
023.md	371	KR2d0023_WYG_021-24a
023.md	379	KR2d0023_WYG_021-24b
023.md	387	KR2d0023_WYG_021-25a
023.md	395	KR2d0023_WYG_021-25b
023.md	403	KR2d0023_WYG_021-26a
023.md	411	KR2d0023_WYG_021-26b
023.md	419	KR2d0023_WYG_021-27a
023.md	427	KR2d0023_WYG_021-27b
023.md	435	KR2d0023_WYG_021-28a
023.md	443	KR2d0023_WYG_021-28b
023.md	451	KR2d0023_WYG_021-29a
023.md	459	KR2d0023_WYG_021-29b
023.md	467	KR2d0023_WYG_021-30a
023.md	475	KR2d0023_WYG_021-30b
023.md	483	KR2d0023_WYG_021-31a
023.md	491	KR2d0023_WYG_021-31b
023.md	499	KR2d0023_WYG_021-32a
023.md	507	KR2d0023_WYG_021-32b
023.md	515	KR2d0023_WYG_021-33a
023.md	523	KR2d0023_WYG_021-33b
023.md	531	KR2d0023_WYG_021-34a
023.md	539	KR2d0023_WYG_021-34b
023.md	547	KR2d0023_WYG_021-35a
023.md	555	KR2d0023_WYG_021-35b
023.md	563	KR2d0023_WYG_021-36a
023.md	571	KR2d0023_WYG_021-36b
023.md	579	KR2d0023_WYG_021-37a
023.md	587	KR2d0023_WYG_021-37b
023.md	595	KR2d0023_WYG_021-38a
023.md	603	KR2d0023_WYG_021-38b
023.md	611	KR2d0023_WYG_021-39a
023.md	619	KR2d0023_WYG_021-39b
023.md	627	KR2d0023_WYG_021-40a
023.md	635	KR2d0023_WYG_021-40b
023.md	643	KR2d0023_WYG_021-41a
023.md	651	KR2d0023_WYG_021-41b
023.md	659	KR2d0023_WYG_021-42a
023.md	667	KR2d0023_WYG_021-42b
024.md	3	KR2d0023_WYG_022-1a
024.md	11	KR2d0023_WYG_022-1b
024.md	19	KR2d0023_WYG_022-2a
024.md	27	KR2d0023_WYG_022-2b
024.md	35	KR2d0023_WYG_022-3a
024.md	43	KR2d0023_WYG_022-3b
024.md	51	KR2d0023_WYG_022-4a
024.md	59	KR2d0023_WYG_022-4b
024.md	67	KR2d0023_WYG_022-5a
024.md	75	KR2d0023_WYG_022-5b
024.md	83	KR2d0023_WYG_022-6a
024.md	91	KR2d0023_WYG_022-6b
024.md	99	KR2d0023_WYG_022-7a
024.md	107	KR2d0023_WYG_022-7b
024.md	115	KR2d0023_WYG_022-8a
024.md	123	KR2d0023_WYG_022-8b
024.md	131	KR2d0023_WYG_022-9a
024.md	139	KR2d0023_WYG_022-9b
024.md	147	KR2d0023_WYG_022-10a
024.md	155	KR2d0023_WYG_022-10b
024.md	163	KR2d0023_WYG_022-11a
024.md	171	KR2d0023_WYG_022-11b
024.md	179	KR2d0023_WYG_022-12a
024.md	187	KR2d0023_WYG_022-12b
024.md	195	KR2d0023_WYG_022-13a
024.md	203	KR2d0023_WYG_022-13b
024.md	211	KR2d0023_WYG_022-14a
024.md	219	KR2d0023_WYG_022-14b
024.md	227	KR2d0023_WYG_022-15a
024.md	235	KR2d0023_WYG_022-15b
024.md	243	KR2d0023_WYG_022-16a
024.md	251	KR2d0023_WYG_022-16b
024.md	259	KR2d0023_WYG_022-17a
024.md	267	KR2d0023_WYG_022-17b
024.md	275	KR2d0023_WYG_022-18a
024.md	283	KR2d0023_WYG_022-18b
024.md	291	KR2d0023_WYG_022-19a
024.md	299	KR2d0023_WYG_022-19b
024.md	307	KR2d0023_WYG_022-20a
024.md	315	KR2d0023_WYG_022-20b
024.md	323	KR2d0023_WYG_022-21a
024.md	331	KR2d0023_WYG_022-21b
024.md	339	KR2d0023_WYG_022-22a
024.md	347	KR2d0023_WYG_022-22b
024.md	355	KR2d0023_WYG_022-23a
024.md	363	KR2d0023_WYG_022-23b
024.md	371	KR2d0023_WYG_022-24a
024.md	379	KR2d0023_WYG_022-24b
024.md	387	KR2d0023_WYG_022-25a
024.md	395	KR2d0023_WYG_022-25b
024.md	403	KR2d0023_WYG_022-26a
024.md	411	KR2d0023_WYG_022-26b
024.md	419	KR2d0023_WYG_022-27a
024.md	427	KR2d0023_WYG_022-27b
024.md	435	KR2d0023_WYG_022-28a
024.md	443	KR2d0023_WYG_022-28b
024.md	451	KR2d0023_WYG_022-29a
024.md	459	KR2d0023_WYG_022-29b
024.md	467	KR2d0023_WYG_022-30a
024.md	475	KR2d0023_WYG_022-30b
024.md	483	KR2d0023_WYG_022-31a
024.md	491	KR2d0023_WYG_022-31b
024.md	499	KR2d0023_WYG_022-32a
024.md	507	KR2d0023_WYG_022-32b
024.md	515	KR2d0023_WYG_022-33a
024.md	523	KR2d0023_WYG_022-33b
024.md	531	KR2d0023_WYG_022-34a
024.md	539	KR2d0023_WYG_022-34b
024.md	547	KR2d0023_WYG_022-35a
024.md	555	KR2d0023_WYG_022-35b
024.md	563	KR2d0023_WYG_022-36a
024.md	571	KR2d0023_WYG_022-36b
024.md	579	KR2d0023_WYG_022-37a
024.md	587	KR2d0023_WYG_022-37b
024.md	595	KR2d0023_WYG_022-38a
024.md	603	KR2d0023_WYG_022-38b
024.md	611	KR2d0023_WYG_022-39a
024.md	619	KR2d0023_WYG_022-39b
024.md	627	KR2d0023_WYG_022-40a
024.md	635	KR2d0023_WYG_022-40b
024.md	643	KR2d0023_WYG_022-41a
024.md	651	KR2d0023_WYG_022-41b
024.md	659	KR2d0023_WYG_022-42a
024.md	667	KR2d0023_WYG_022-42b
024.md	675	KR2d0023_WYG_022-43a
024.md	683	KR2d0023_WYG_022-43b
024.md	691	KR2d0023_WYG_022-44a
024.md	699	KR2d0023_WYG_022-44b
024.md	707	KR2d0023_WYG_022-45a
024.md	715	KR2d0023_WYG_022-45b
024.md	723	KR2d0023_WYG_022-46a
024.md	731	KR2d0023_WYG_022-46b
024.md	739	KR2d0023_WYG_022-47a
024.md	747	KR2d0023_WYG_022-47b
024.md	755	KR2d0023_WYG_022-48a
024.md	763	KR2d0023_WYG_022-48b
024.md	771	KR2d0023_WYG_022-49a
024.md	779	KR2d0023_WYG_022-49b
024.md	787	KR2d0023_WYG_022-50a
024.md	795	KR2d0023_WYG_022-50b
024.md	803	KR2d0023_WYG_022-51a
024.md	811	KR2d0023_WYG_022-51b
024.md	819	KR2d0023_WYG_022-52a
024.md	827	KR2d0023_WYG_022-52b
024.md	835	KR2d0023_WYG_022-53a
024.md	843	KR2d0023_WYG_022-53b
024.md	851	KR2d0023_WYG_022-54a
024.md	859	KR2d0023_WYG_022-54b
024.md	867	KR2d0023_WYG_022-55a
024.md	875	KR2d0023_WYG_022-55b
024.md	883	KR2d0023_WYG_022-56a
024.md	891	KR2d0023_WYG_022-56b
024.md	899	KR2d0023_WYG_022-57a
024.md	907	KR2d0023_WYG_022-57b
024.md	915	KR2d0023_WYG_022-58a
024.md	923	KR2d0023_WYG_022-58b
024.md	931	KR2d0023_WYG_022-59a
024.md	939	KR2d0023_WYG_022-59b
024.md	947	KR2d0023_WYG_022-60a
024.md	955	KR2d0023_WYG_022-60b
024.md	963	KR2d0023_WYG_022-61a
024.md	971	KR2d0023_WYG_022-61b
024.md	979	KR2d0023_WYG_022-62a
024.md	987	KR2d0023_WYG_022-62b
024.md	995	KR2d0023_WYG_022-63a
024.md	1003	KR2d0023_WYG_022-63b
024.md	1011	KR2d0023_WYG_022-64a
024.md	1019	KR2d0023_WYG_022-64b
024.md	1027	KR2d0023_WYG_022-65a
024.md	1035	KR2d0023_WYG_022-65b
024.md	1043	KR2d0023_WYG_022-66a
024.md	1051	KR2d0023_WYG_022-66b
024.md	1059	KR2d0023_WYG_022-67a
024.md	1067	KR2d0023_WYG_022-67b
024.md	1075	KR2d0023_WYG_022-68a
024.md	1083	KR2d0023_WYG_022-68b
024.md	1091	KR2d0023_WYG_022-69a
024.md	1099	KR2d0023_WYG_022-69b
024.md	1107	KR2d0023_WYG_022-70a
024.md	1115	KR2d0023_WYG_022-70b
024.md	1123	KR2d0023_WYG_022-71a
024.md	1131	KR2d0023_WYG_022-71b
024.md	1139	KR2d0023_WYG_022-72a
024.md	1147	KR2d0023_WYG_022-72b
025.md	3	KR2d0023_WYG_023-1a
025.md	11	KR2d0023_WYG_023-1b
025.md	19	KR2d0023_WYG_023-2a
025.md	27	KR2d0023_WYG_023-2b
025.md	35	KR2d0023_WYG_023-3a
025.md	43	KR2d0023_WYG_023-3b
025.md	51	KR2d0023_WYG_023-4a
025.md	59	KR2d0023_WYG_023-4b
025.md	67	KR2d0023_WYG_023-5a
025.md	75	KR2d0023_WYG_023-5b
025.md	83	KR2d0023_WYG_023-6a
025.md	91	KR2d0023_WYG_023-6b
025.md	99	KR2d0023_WYG_023-7a
025.md	107	KR2d0023_WYG_023-7b
025.md	115	KR2d0023_WYG_023-8a
025.md	123	KR2d0023_WYG_023-8b
025.md	131	KR2d0023_WYG_023-9a
025.md	139	KR2d0023_WYG_023-9b
025.md	147	KR2d0023_WYG_023-10a
025.md	155	KR2d0023_WYG_023-10b
025.md	163	KR2d0023_WYG_023-11a
025.md	171	KR2d0023_WYG_023-11b
025.md	179	KR2d0023_WYG_023-12a
025.md	187	KR2d0023_WYG_023-12b
025.md	195	KR2d0023_WYG_023-13a
025.md	203	KR2d0023_WYG_023-13b
026.md	3	KR2d0023_WYG_024-1a
026.md	11	KR2d0023_WYG_024-1b
026.md	19	KR2d0023_WYG_024-2a
026.md	27	KR2d0023_WYG_024-2b
026.md	35	KR2d0023_WYG_024-3a
026.md	43	KR2d0023_WYG_024-3b
026.md	51	KR2d0023_WYG_024-4a
026.md	59	KR2d0023_WYG_024-4b
026.md	67	KR2d0023_WYG_024-5a
026.md	75	KR2d0023_WYG_024-5b
026.md	83	KR2d0023_WYG_024-6a
026.md	91	KR2d0023_WYG_024-6b
026.md	99	KR2d0023_WYG_024-7a
026.md	107	KR2d0023_WYG_024-7b
026.md	115	KR2d0023_WYG_024-8a
026.md	123	KR2d0023_WYG_024-8b
026.md	131	KR2d0023_WYG_024-9a
026.md	139	KR2d0023_WYG_024-9b
026.md	147	KR2d0023_WYG_024-10a
026.md	155	KR2d0023_WYG_024-10b
026.md	163	KR2d0023_WYG_024-11a
026.md	171	KR2d0023_WYG_024-11b
026.md	179	KR2d0023_WYG_024-12a
026.md	187	KR2d0023_WYG_024-12b
026.md	195	KR2d0023_WYG_024-13a
026.md	203	KR2d0023_WYG_024-13b
026.md	211	KR2d0023_WYG_024-14a
026.md	219	KR2d0023_WYG_024-14b
026.md	227	KR2d0023_WYG_024-15a
026.md	235	KR2d0023_WYG_024-15b
026.md	243	KR2d0023_WYG_024-16a
026.md	251	KR2d0023_WYG_024-16b
026.md	259	KR2d0023_WYG_024-17a
026.md	267	KR2d0023_WYG_024-17b
026.md	275	KR2d0023_WYG_024-18a
026.md	283	KR2d0023_WYG_024-18b
026.md	291	KR2d0023_WYG_024-19a
026.md	299	KR2d0023_WYG_024-19b
026.md	307	KR2d0023_WYG_024-20a
026.md	315	KR2d0023_WYG_024-20b
026.md	323	KR2d0023_WYG_024-21a
026.md	331	KR2d0023_WYG_024-21b
026.md	339	KR2d0023_WYG_024-22a
026.md	347	KR2d0023_WYG_024-22b
026.md	355	KR2d0023_WYG_024-23a
026.md	363	KR2d0023_WYG_024-23b
026.md	371	KR2d0023_WYG_024-24a
026.md	379	KR2d0023_WYG_024-24b
026.md	387	KR2d0023_WYG_024-25a
026.md	395	KR2d0023_WYG_024-25b
026.md	403	KR2d0023_WYG_024-26a
026.md	411	KR2d0023_WYG_024-26b
026.md	419	KR2d0023_WYG_024-27a
026.md	427	KR2d0023_WYG_024-27b
026.md	435	KR2d0023_WYG_024-28a
026.md	443	KR2d0023_WYG_024-28b
026.md	451	KR2d0023_WYG_024-29a
026.md	459	KR2d0023_WYG_024-29b
026.md	467	KR2d0023_WYG_024-30a
026.md	475	KR2d0023_WYG_024-30b
026.md	483	KR2d0023_WYG_024-31a
026.md	491	KR2d0023_WYG_024-31b
026.md	499	KR2d0023_WYG_024-32a
026.md	507	KR2d0023_WYG_024-32b
026.md	515	KR2d0023_WYG_024-33a
026.md	523	KR2d0023_WYG_024-33b
026.md	531	KR2d0023_WYG_024-34a
026.md	539	KR2d0023_WYG_024-34b
026.md	547	KR2d0023_WYG_024-35a
026.md	555	KR2d0023_WYG_024-35b
027.md	3	KR2d0023_WYG_025-1a
027.md	11	KR2d0023_WYG_025-1b
027.md	19	KR2d0023_WYG_025-2a
027.md	27	KR2d0023_WYG_025-2b
027.md	35	KR2d0023_WYG_025-3a
027.md	43	KR2d0023_WYG_025-3b
027.md	51	KR2d0023_WYG_025-4a
027.md	59	KR2d0023_WYG_025-4b
027.md	67	KR2d0023_WYG_025-5a
027.md	75	KR2d0023_WYG_025-5b
027.md	83	KR2d0023_WYG_025-6a
027.md	91	KR2d0023_WYG_025-6b
027.md	99	KR2d0023_WYG_025-7a
027.md	107	KR2d0023_WYG_025-7b
027.md	115	KR2d0023_WYG_025-8a
027.md	123	KR2d0023_WYG_025-8b
027.md	131	KR2d0023_WYG_025-9a
027.md	139	KR2d0023_WYG_025-9b
027.md	147	KR2d0023_WYG_025-10a
027.md	155	KR2d0023_WYG_025-10b
027.md	163	KR2d0023_WYG_025-11a
027.md	171	KR2d0023_WYG_025-11b
027.md	179	KR2d0023_WYG_025-12a
027.md	187	KR2d0023_WYG_025-12b
027.md	195	KR2d0023_WYG_025-13a
027.md	203	KR2d0023_WYG_025-13b
027.md	211	KR2d0023_WYG_025-14a
027.md	219	KR2d0023_WYG_025-14b
027.md	227	KR2d0023_WYG_025-15a
027.md	235	KR2d0023_WYG_025-15b
027.md	243	KR2d0023_WYG_025-16a
027.md	251	KR2d0023_WYG_025-16b
027.md	259	KR2d0023_WYG_025-17a
027.md	267	KR2d0023_WYG_025-17b
027.md	275	KR2d0023_WYG_025-18a
027.md	283	KR2d0023_WYG_025-18b
027.md	291	KR2d0023_WYG_025-19a
027.md	299	KR2d0023_WYG_025-19b
027.md	307	KR2d0023_WYG_025-20a
027.md	315	KR2d0023_WYG_025-20b
027.md	323	KR2d0023_WYG_025-21a
027.md	331	KR2d0023_WYG_025-21b
027.md	339	KR2d0023_WYG_025-22a
027.md	347	KR2d0023_WYG_025-22b
027.md	355	KR2d0023_WYG_025-23a
027.md	363	KR2d0023_WYG_025-23b
028.md	3	KR2d0023_WYG_026-1a
028.md	11	KR2d0023_WYG_026-1b
028.md	19	KR2d0023_WYG_026-2a
028.md	27	KR2d0023_WYG_026-2b
028.md	35	KR2d0023_WYG_026-3a
028.md	43	KR2d0023_WYG_026-3b
028.md	51	KR2d0023_WYG_026-4a
028.md	59	KR2d0023_WYG_026-4b
028.md	67	KR2d0023_WYG_026-5a
028.md	75	KR2d0023_WYG_026-5b
028.md	83	KR2d0023_WYG_026-6a
028.md	91	KR2d0023_WYG_026-6b
028.md	99	KR2d0023_WYG_026-7a
028.md	107	KR2d0023_WYG_026-7b
028.md	115	KR2d0023_WYG_026-8a
028.md	123	KR2d0023_WYG_026-8b
028.md	131	KR2d0023_WYG_026-9a
028.md	139	KR2d0023_WYG_026-9b
028.md	147	KR2d0023_WYG_026-10a
028.md	155	KR2d0023_WYG_026-10b
028.md	163	KR2d0023_WYG_026-11a
028.md	171	KR2d0023_WYG_026-11b
028.md	179	KR2d0023_WYG_026-12a
028.md	187	KR2d0023_WYG_026-12b
028.md	195	KR2d0023_WYG_026-13a
028.md	203	KR2d0023_WYG_026-13b
028.md	211	KR2d0023_WYG_026-14a
028.md	219	KR2d0023_WYG_026-14b
028.md	227	KR2d0023_WYG_026-15a
028.md	235	KR2d0023_WYG_026-15b
028.md	243	KR2d0023_WYG_026-16a
028.md	251	KR2d0023_WYG_026-16b
028.md	259	KR2d0023_WYG_026-17a
028.md	267	KR2d0023_WYG_026-17b
028.md	275	KR2d0023_WYG_026-18a
028.md	283	KR2d0023_WYG_026-18b
028.md	291	KR2d0023_WYG_026-19a
028.md	299	KR2d0023_WYG_026-19b
028.md	307	KR2d0023_WYG_026-20a
028.md	315	KR2d0023_WYG_026-20b
028.md	323	KR2d0023_WYG_026-21a
028.md	331	KR2d0023_WYG_026-21b
028.md	339	KR2d0023_WYG_026-22a
028.md	347	KR2d0023_WYG_026-22b
028.md	355	KR2d0023_WYG_026-23a
028.md	363	KR2d0023_WYG_026-23b
028.md	371	KR2d0023_WYG_026-24a
028.md	379	KR2d0023_WYG_026-24b
028.md	387	KR2d0023_WYG_026-25a
028.md	395	KR2d0023_WYG_026-25b
028.md	403	KR2d0023_WYG_026-26a
028.md	411	KR2d0023_WYG_026-26b
028.md	419	KR2d0023_WYG_026-27a
028.md	427	KR2d0023_WYG_026-27b
028.md	435	KR2d0023_WYG_026-28a
028.md	443	KR2d0023_WYG_026-28b
028.md	451	KR2d0023_WYG_026-29a
028.md	459	KR2d0023_WYG_026-29b
029.md	3	KR2d0023_WYG_027-1a
029.md	11	KR2d0023_WYG_027-1b
029.md	19	KR2d0023_WYG_027-2a
029.md	27	KR2d0023_WYG_027-2b
029.md	35	KR2d0023_WYG_027-3a
029.md	43	KR2d0023_WYG_027-3b
029.md	51	KR2d0023_WYG_027-4a
029.md	59	KR2d0023_WYG_027-4b
029.md	67	KR2d0023_WYG_027-5a
029.md	75	KR2d0023_WYG_027-5b
029.md	83	KR2d0023_WYG_027-6a
029.md	91	KR2d0023_WYG_027-6b
029.md	99	KR2d0023_WYG_027-7a
029.md	107	KR2d0023_WYG_027-7b
029.md	115	KR2d0023_WYG_027-8a
029.md	123	KR2d0023_WYG_027-8b
029.md	131	KR2d0023_WYG_027-9a
029.md	139	KR2d0023_WYG_027-9b
029.md	147	KR2d0023_WYG_027-10a
029.md	155	KR2d0023_WYG_027-10b
029.md	163	KR2d0023_WYG_027-11a
029.md	171	KR2d0023_WYG_027-11b
029.md	179	KR2d0023_WYG_027-12a
029.md	187	KR2d0023_WYG_027-12b
029.md	195	KR2d0023_WYG_027-13a
029.md	203	KR2d0023_WYG_027-13b
029.md	211	KR2d0023_WYG_027-14a
029.md	219	KR2d0023_WYG_027-14b
029.md	227	KR2d0023_WYG_027-15a
029.md	235	KR2d0023_WYG_027-15b
029.md	243	KR2d0023_WYG_027-16a
029.md	251	KR2d0023_WYG_027-16b
029.md	259	KR2d0023_WYG_027-17a
029.md	267	KR2d0023_WYG_027-17b
029.md	275	KR2d0023_WYG_027-18a
029.md	283	KR2d0023_WYG_027-18b
029.md	291	KR2d0023_WYG_027-19a
029.md	299	KR2d0023_WYG_027-19b
029.md	307	KR2d0023_WYG_027-20a
029.md	315	KR2d0023_WYG_027-20b
029.md	323	KR2d0023_WYG_027-21a
029.md	331	KR2d0023_WYG_027-21b
029.md	339	KR2d0023_WYG_027-22a
029.md	347	KR2d0023_WYG_027-22b
029.md	355	KR2d0023_WYG_027-23a
029.md	363	KR2d0023_WYG_027-23b
029.md	371	KR2d0023_WYG_027-24a
029.md	379	KR2d0023_WYG_027-24b
029.md	387	KR2d0023_WYG_027-25a
029.md	395	KR2d0023_WYG_027-25b
029.md	403	KR2d0023_WYG_027-26a
029.md	411	KR2d0023_WYG_027-26b
029.md	419	KR2d0023_WYG_027-27a
029.md	427	KR2d0023_WYG_027-27b
029.md	435	KR2d0023_WYG_027-28a
029.md	443	KR2d0023_WYG_027-28b
029.md	451	KR2d0023_WYG_027-29a
029.md	459	KR2d0023_WYG_027-29b
029.md	467	KR2d0023_WYG_027-30a
029.md	475	KR2d0023_WYG_027-30b
029.md	483	KR2d0023_WYG_027-31a
029.md	491	KR2d0023_WYG_027-31b
029.md	499	KR2d0023_WYG_027-32a
029.md	507	KR2d0023_WYG_027-32b
029.md	515	KR2d0023_WYG_027-33a
029.md	523	KR2d0023_WYG_027-33b
029.md	531	KR2d0023_WYG_027-34a
029.md	539	KR2d0023_WYG_027-34b
029.md	547	KR2d0023_WYG_027-35a
029.md	555	KR2d0023_WYG_027-35b
029.md	563	KR2d0023_WYG_027-36a
029.md	571	KR2d0023_WYG_027-36b
029.md	579	KR2d0023_WYG_027-37a
029.md	587	KR2d0023_WYG_027-37b
029.md	595	KR2d0023_WYG_027-38a
029.md	603	KR2d0023_WYG_027-38b
029.md	611	KR2d0023_WYG_027-39a
029.md	619	KR2d0023_WYG_027-39b
029.md	627	KR2d0023_WYG_027-40a
029.md	635	KR2d0023_WYG_027-40b
029.md	643	KR2d0023_WYG_027-41a
029.md	651	KR2d0023_WYG_027-41b
029.md	659	KR2d0023_WYG_027-42a
029.md	667	KR2d0023_WYG_027-42b
029.md	675	KR2d0023_WYG_027-43a
029.md	683	KR2d0023_WYG_027-43b
029.md	691	KR2d0023_WYG_027-44a
029.md	699	KR2d0023_WYG_027-44b
029.md	707	KR2d0023_WYG_027-45a
029.md	715	KR2d0023_WYG_027-45b
029.md	723	KR2d0023_WYG_027-46a
029.md	731	KR2d0023_WYG_027-46b
029.md	739	KR2d0023_WYG_027-47a
029.md	747	KR2d0023_WYG_027-47b
029.md	755	KR2d0023_WYG_027-48a
029.md	763	KR2d0023_WYG_027-48b
029.md	771	KR2d0023_WYG_027-49a
029.md	779	KR2d0023_WYG_027-49b
029.md	787	KR2d0023_WYG_027-50a
029.md	795	KR2d0023_WYG_027-50b
029.md	803	KR2d0023_WYG_027-51a
029.md	811	KR2d0023_WYG_027-51b
029.md	819	KR2d0023_WYG_027-52a
029.md	827	KR2d0023_WYG_027-52b
030.md	3	KR2d0023_WYG_028-1a
030.md	11	KR2d0023_WYG_028-1b
030.md	19	KR2d0023_WYG_028-2a
030.md	27	KR2d0023_WYG_028-2b
030.md	35	KR2d0023_WYG_028-3a
030.md	43	KR2d0023_WYG_028-3b
030.md	51	KR2d0023_WYG_028-4a
030.md	59	KR2d0023_WYG_028-4b
030.md	67	KR2d0023_WYG_028-5a
030.md	75	KR2d0023_WYG_028-5b
030.md	83	KR2d0023_WYG_028-6a
030.md	91	KR2d0023_WYG_028-6b
030.md	99	KR2d0023_WYG_028-7a
030.md	107	KR2d0023_WYG_028-7b
030.md	115	KR2d0023_WYG_028-8a
030.md	123	KR2d0023_WYG_028-8b
030.md	131	KR2d0023_WYG_028-9a
030.md	139	KR2d0023_WYG_028-9b
030.md	147	KR2d0023_WYG_028-10a
030.md	155	KR2d0023_WYG_028-10b
030.md	163	KR2d0023_WYG_028-11a
030.md	171	KR2d0023_WYG_028-11b
030.md	179	KR2d0023_WYG_028-12a
030.md	187	KR2d0023_WYG_028-12b
030.md	195	KR2d0023_WYG_028-13a
030.md	203	KR2d0023_WYG_028-13b
030.md	211	KR2d0023_WYG_028-14a
030.md	219	KR2d0023_WYG_028-14b
030.md	227	KR2d0023_WYG_028-15a
030.md	235	KR2d0023_WYG_028-15b
030.md	243	KR2d0023_WYG_028-16a
030.md	251	KR2d0023_WYG_028-16b
030.md	259	KR2d0023_WYG_028-17a
030.md	267	KR2d0023_WYG_028-17b
030.md	275	KR2d0023_WYG_028-18a
030.md	283	KR2d0023_WYG_028-18b
030.md	291	KR2d0023_WYG_028-19a
030.md	299	KR2d0023_WYG_028-19b
030.md	307	KR2d0023_WYG_028-20a
030.md	315	KR2d0023_WYG_028-20b
030.md	323	KR2d0023_WYG_028-21a
030.md	331	KR2d0023_WYG_028-21b
030.md	339	KR2d0023_WYG_028-22a
030.md	347	KR2d0023_WYG_028-22b
030.md	355	KR2d0023_WYG_028-23a
030.md	363	KR2d0023_WYG_028-23b
030.md	371	KR2d0023_WYG_028-24a
030.md	379	KR2d0023_WYG_028-24b
030.md	387	KR2d0023_WYG_028-25a
030.md	395	KR2d0023_WYG_028-25b
030.md	403	KR2d0023_WYG_028-26a
030.md	411	KR2d0023_WYG_028-26b
030.md	419	KR2d0023_WYG_028-27a
030.md	427	KR2d0023_WYG_028-27b
030.md	435	KR2d0023_WYG_028-28a
030.md	443	KR2d0023_WYG_028-28b
030.md	451	KR2d0023_WYG_028-29a
030.md	459	KR2d0023_WYG_028-29b
030.md	467	KR2d0023_WYG_028-30a
030.md	475	KR2d0023_WYG_028-30b
030.md	483	KR2d0023_WYG_028-31a
030.md	491	KR2d0023_WYG_028-31b
030.md	499	KR2d0023_WYG_028-32a
030.md	507	KR2d0023_WYG_028-32b
030.md	515	KR2d0023_WYG_028-33a
030.md	523	KR2d0023_WYG_028-33b
030.md	531	KR2d0023_WYG_028-34a
030.md	539	KR2d0023_WYG_028-34b
030.md	547	KR2d0023_WYG_028-35a
030.md	555	KR2d0023_WYG_028-35b
030.md	563	KR2d0023_WYG_028-36a
030.md	571	KR2d0023_WYG_028-36b
030.md	579	KR2d0023_WYG_028-37a
030.md	587	KR2d0023_WYG_028-37b
030.md	595	KR2d0023_WYG_028-38a
030.md	603	KR2d0023_WYG_028-38b
030.md	611	KR2d0023_WYG_028-39a
030.md	619	KR2d0023_WYG_028-39b
030.md	627	KR2d0023_WYG_028-40a
030.md	635	KR2d0023_WYG_028-40b
030.md	643	KR2d0023_WYG_028-41a
030.md	651	KR2d0023_WYG_028-41b
030.md	659	KR2d0023_WYG_028-42a
030.md	667	KR2d0023_WYG_028-42b
030.md	675	KR2d0023_WYG_028-43a
030.md	683	KR2d0023_WYG_028-43b
031.md	3	KR2d0023_WYG_029-1a
031.md	11	KR2d0023_WYG_029-1b
031.md	19	KR2d0023_WYG_029-2a
031.md	27	KR2d0023_WYG_029-2b
031.md	35	KR2d0023_WYG_029-3a
031.md	43	KR2d0023_WYG_029-3b
031.md	51	KR2d0023_WYG_029-4a
031.md	59	KR2d0023_WYG_029-4b
031.md	67	KR2d0023_WYG_029-5a
031.md	75	KR2d0023_WYG_029-5b
031.md	83	KR2d0023_WYG_029-6a
031.md	91	KR2d0023_WYG_029-6b
031.md	99	KR2d0023_WYG_029-7a
031.md	107	KR2d0023_WYG_029-7b
031.md	115	KR2d0023_WYG_029-8a
031.md	123	KR2d0023_WYG_029-8b
031.md	131	KR2d0023_WYG_029-9a
031.md	139	KR2d0023_WYG_029-9b
031.md	147	KR2d0023_WYG_029-10a
031.md	155	KR2d0023_WYG_029-10b
031.md	163	KR2d0023_WYG_029-11a
031.md	171	KR2d0023_WYG_029-11b
031.md	179	KR2d0023_WYG_029-12a
031.md	187	KR2d0023_WYG_029-12b
031.md	195	KR2d0023_WYG_029-13a
031.md	203	KR2d0023_WYG_029-13b
031.md	211	KR2d0023_WYG_029-14a
031.md	219	KR2d0023_WYG_029-14b
031.md	227	KR2d0023_WYG_029-15a
031.md	235	KR2d0023_WYG_029-15b
031.md	243	KR2d0023_WYG_029-16a
031.md	251	KR2d0023_WYG_029-16b
031.md	259	KR2d0023_WYG_029-17a
031.md	267	KR2d0023_WYG_029-17b
031.md	275	KR2d0023_WYG_029-18a
031.md	283	KR2d0023_WYG_029-18b
031.md	291	KR2d0023_WYG_029-19a
031.md	299	KR2d0023_WYG_029-19b
031.md	307	KR2d0023_WYG_029-20a
031.md	315	KR2d0023_WYG_029-20b
031.md	323	KR2d0023_WYG_029-21a
031.md	331	KR2d0023_WYG_029-21b
031.md	339	KR2d0023_WYG_029-22a
031.md	347	KR2d0023_WYG_029-22b
031.md	355	KR2d0023_WYG_029-23a
031.md	363	KR2d0023_WYG_029-23b
031.md	371	KR2d0023_WYG_029-24a
031.md	379	KR2d0023_WYG_029-24b
031.md	387	KR2d0023_WYG_029-25a
031.md	395	KR2d0023_WYG_029-25b
031.md	403	KR2d0023_WYG_029-26a
031.md	411	KR2d0023_WYG_029-26b
031.md	419	KR2d0023_WYG_029-27a
031.md	427	KR2d0023_WYG_029-27b
031.md	435	KR2d0023_WYG_029-28a
031.md	443	KR2d0023_WYG_029-28b
031.md	451	KR2d0023_WYG_029-29a
031.md	459	KR2d0023_WYG_029-29b
031.md	467	KR2d0023_WYG_029-30a
031.md	475	KR2d0023_WYG_029-30b
031.md	483	KR2d0023_WYG_029-31a
031.md	491	KR2d0023_WYG_029-31b
031.md	499	KR2d0023_WYG_029-32a
031.md	507	KR2d0023_WYG_029-32b
031.md	515	KR2d0023_WYG_029-33a
031.md	523	KR2d0023_WYG_029-33b
031.md	531	KR2d0023_WYG_029-34a
031.md	539	KR2d0023_WYG_029-34b
031.md	547	KR2d0023_WYG_029-35a
031.md	555	KR2d0023_WYG_029-35b
031.md	563	KR2d0023_WYG_029-36a
031.md	571	KR2d0023_WYG_029-36b
031.md	579	KR2d0023_WYG_029-37a
031.md	587	KR2d0023_WYG_029-37b
031.md	595	KR2d0023_WYG_029-38a
031.md	603	KR2d0023_WYG_029-38b
031.md	611	KR2d0023_WYG_029-39a
031.md	619	KR2d0023_WYG_029-39b
031.md	627	KR2d0023_WYG_029-40a
031.md	635	KR2d0023_WYG_029-40b
031.md	643	KR2d0023_WYG_029-41a
031.md	651	KR2d0023_WYG_029-41b
031.md	659	KR2d0023_WYG_029-42a
031.md	667	KR2d0023_WYG_029-42b
031.md	675	KR2d0023_WYG_029-43a
031.md	683	KR2d0023_WYG_029-43b
032.md	3	KR2d0023_WYG_030-1a
032.md	11	KR2d0023_WYG_030-1b
032.md	19	KR2d0023_WYG_030-2a
032.md	27	KR2d0023_WYG_030-2b
032.md	35	KR2d0023_WYG_030-3a
032.md	43	KR2d0023_WYG_030-3b
032.md	51	KR2d0023_WYG_030-4a
032.md	59	KR2d0023_WYG_030-4b
032.md	67	KR2d0023_WYG_030-5a
032.md	75	KR2d0023_WYG_030-5b
032.md	83	KR2d0023_WYG_030-6a
032.md	91	KR2d0023_WYG_030-6b
032.md	99	KR2d0023_WYG_030-7a
032.md	107	KR2d0023_WYG_030-7b
032.md	115	KR2d0023_WYG_030-8a
032.md	123	KR2d0023_WYG_030-8b
032.md	131	KR2d0023_WYG_030-9a
032.md	139	KR2d0023_WYG_030-9b
032.md	147	KR2d0023_WYG_030-10a
032.md	155	KR2d0023_WYG_030-10b
032.md	163	KR2d0023_WYG_030-11a
032.md	171	KR2d0023_WYG_030-11b
032.md	179	KR2d0023_WYG_030-12a
032.md	187	KR2d0023_WYG_030-12b
032.md	195	KR2d0023_WYG_030-13a
032.md	203	KR2d0023_WYG_030-13b
032.md	211	KR2d0023_WYG_030-14a
032.md	219	KR2d0023_WYG_030-14b
032.md	227	KR2d0023_WYG_030-15a
032.md	235	KR2d0023_WYG_030-15b
032.md	243	KR2d0023_WYG_030-16a
032.md	251	KR2d0023_WYG_030-16b
032.md	259	KR2d0023_WYG_030-17a
032.md	267	KR2d0023_WYG_030-17b
032.md	275	KR2d0023_WYG_030-18a
032.md	283	KR2d0023_WYG_030-18b
032.md	291	KR2d0023_WYG_030-19a
032.md	299	KR2d0023_WYG_030-19b
032.md	307	KR2d0023_WYG_030-20a
032.md	315	KR2d0023_WYG_030-20b
032.md	323	KR2d0023_WYG_030-21a
032.md	331	KR2d0023_WYG_030-21b
032.md	339	KR2d0023_WYG_030-22a
032.md	347	KR2d0023_WYG_030-22b
032.md	355	KR2d0023_WYG_030-23a
032.md	363	KR2d0023_WYG_030-23b
032.md	371	KR2d0023_WYG_030-24a
032.md	379	KR2d0023_WYG_030-24b
032.md	387	KR2d0023_WYG_030-25a
032.md	395	KR2d0023_WYG_030-25b
032.md	403	KR2d0023_WYG_030-26a
032.md	411	KR2d0023_WYG_030-26b
032.md	419	KR2d0023_WYG_030-27a
032.md	427	KR2d0023_WYG_030-27b
032.md	435	KR2d0023_WYG_030-28a
032.md	443	KR2d0023_WYG_030-28b
032.md	451	KR2d0023_WYG_030-29a
032.md	459	KR2d0023_WYG_030-29b
032.md	467	KR2d0023_WYG_030-30a
032.md	475	KR2d0023_WYG_030-30b
032.md	483	KR2d0023_WYG_030-31a
032.md	491	KR2d0023_WYG_030-31b
032.md	499	KR2d0023_WYG_030-32a
032.md	507	KR2d0023_WYG_030-32b
032.md	515	KR2d0023_WYG_030-33a
032.md	523	KR2d0023_WYG_030-33b
032.md	531	KR2d0023_WYG_030-34a
032.md	539	KR2d0023_WYG_030-34b
032.md	547	KR2d0023_WYG_030-35a
032.md	555	KR2d0023_WYG_030-35b
032.md	563	KR2d0023_WYG_030-36a
032.md	571	KR2d0023_WYG_030-36b
032.md	579	KR2d0023_WYG_030-37a
032.md	587	KR2d0023_WYG_030-37b
032.md	595	KR2d0023_WYG_030-38a
032.md	603	KR2d0023_WYG_030-38b
032.md	611	KR2d0023_WYG_030-39a
032.md	619	KR2d0023_WYG_030-39b
032.md	627	KR2d0023_WYG_030-40a
032.md	635	KR2d0023_WYG_030-40b
032.md	643	KR2d0023_WYG_030-41a
032.md	651	KR2d0023_WYG_030-41b
032.md	659	KR2d0023_WYG_030-42a
032.md	667	KR2d0023_WYG_030-42b
032.md	675	KR2d0023_WYG_030-43a
032.md	683	KR2d0023_WYG_030-43b
032.md	691	KR2d0023_WYG_030-44a
032.md	699	KR2d0023_WYG_030-44b
032.md	707	KR2d0023_WYG_030-45a
032.md	715	KR2d0023_WYG_030-45b
032.md	723	KR2d0023_WYG_030-46a
032.md	731	KR2d0023_WYG_030-46b
032.md	739	KR2d0023_WYG_030-47a
032.md	747	KR2d0023_WYG_030-47b
032.md	755	KR2d0023_WYG_030-48a
032.md	763	KR2d0023_WYG_030-48b
032.md	771	KR2d0023_WYG_030-49a
032.md	779	KR2d0023_WYG_030-49b
032.md	787	KR2d0023_WYG_030-50a
032.md	795	KR2d0023_WYG_030-50b
032.md	803	KR2d0023_WYG_030-51a
032.md	811	KR2d0023_WYG_030-51b
032.md	819	KR2d0023_WYG_030-52a
032.md	827	KR2d0023_WYG_030-52b
033.md	3	KR2d0023_WYG_031-1a
033.md	11	KR2d0023_WYG_031-1b
033.md	19	KR2d0023_WYG_031-2a
033.md	27	KR2d0023_WYG_031-2b
033.md	35	KR2d0023_WYG_031-3a
033.md	43	KR2d0023_WYG_031-3b
033.md	51	KR2d0023_WYG_031-4a
033.md	59	KR2d0023_WYG_031-4b
033.md	67	KR2d0023_WYG_031-5a
033.md	75	KR2d0023_WYG_031-5b
033.md	83	KR2d0023_WYG_031-6a
033.md	91	KR2d0023_WYG_031-6b
033.md	99	KR2d0023_WYG_031-7a
033.md	107	KR2d0023_WYG_031-7b
033.md	115	KR2d0023_WYG_031-8a
033.md	123	KR2d0023_WYG_031-8b
033.md	131	KR2d0023_WYG_031-9a
033.md	139	KR2d0023_WYG_031-9b
033.md	147	KR2d0023_WYG_031-10a
033.md	155	KR2d0023_WYG_031-10b
033.md	163	KR2d0023_WYG_031-11a
033.md	171	KR2d0023_WYG_031-11b
033.md	179	KR2d0023_WYG_031-12a
033.md	187	KR2d0023_WYG_031-12b
033.md	195	KR2d0023_WYG_031-13a
033.md	203	KR2d0023_WYG_031-13b
033.md	211	KR2d0023_WYG_031-14a
033.md	219	KR2d0023_WYG_031-14b
033.md	227	KR2d0023_WYG_031-15a
033.md	235	KR2d0023_WYG_031-15b
033.md	243	KR2d0023_WYG_031-16a
033.md	251	KR2d0023_WYG_031-16b
033.md	259	KR2d0023_WYG_031-17a
033.md	267	KR2d0023_WYG_031-17b
033.md	275	KR2d0023_WYG_031-18a
033.md	283	KR2d0023_WYG_031-18b
033.md	291	KR2d0023_WYG_031-19a
033.md	299	KR2d0023_WYG_031-19b
033.md	307	KR2d0023_WYG_031-20a
033.md	315	KR2d0023_WYG_031-20b
033.md	323	KR2d0023_WYG_031-21a
033.md	331	KR2d0023_WYG_031-21b
033.md	339	KR2d0023_WYG_031-22a
033.md	347	KR2d0023_WYG_031-22b
033.md	355	KR2d0023_WYG_031-23a
033.md	363	KR2d0023_WYG_031-23b
033.md	371	KR2d0023_WYG_031-24a
033.md	379	KR2d0023_WYG_031-24b
033.md	387	KR2d0023_WYG_031-25a
033.md	395	KR2d0023_WYG_031-25b
033.md	403	KR2d0023_WYG_031-26a
033.md	411	KR2d0023_WYG_031-26b
033.md	419	KR2d0023_WYG_031-27a
033.md	427	KR2d0023_WYG_031-27b
033.md	435	KR2d0023_WYG_031-28a
033.md	443	KR2d0023_WYG_031-28b
033.md	451	KR2d0023_WYG_031-29a
033.md	459	KR2d0023_WYG_031-29b
034.md	3	KR2d0023_WYG_032-1a
034.md	11	KR2d0023_WYG_032-1b
034.md	19	KR2d0023_WYG_032-2a
034.md	27	KR2d0023_WYG_032-2b
034.md	35	KR2d0023_WYG_032-3a
034.md	43	KR2d0023_WYG_032-3b
034.md	51	KR2d0023_WYG_032-4a
034.md	59	KR2d0023_WYG_032-4b
034.md	67	KR2d0023_WYG_032-5a
034.md	75	KR2d0023_WYG_032-5b
034.md	83	KR2d0023_WYG_032-6a
034.md	91	KR2d0023_WYG_032-6b
034.md	99	KR2d0023_WYG_032-7a
034.md	107	KR2d0023_WYG_032-7b
034.md	115	KR2d0023_WYG_032-8a
034.md	123	KR2d0023_WYG_032-8b
034.md	131	KR2d0023_WYG_032-9a
034.md	139	KR2d0023_WYG_032-9b
034.md	147	KR2d0023_WYG_032-10a
034.md	155	KR2d0023_WYG_032-10b
034.md	163	KR2d0023_WYG_032-11a
034.md	171	KR2d0023_WYG_032-11b
034.md	179	KR2d0023_WYG_032-12a
034.md	187	KR2d0023_WYG_032-12b
034.md	195	KR2d0023_WYG_032-13a
034.md	203	KR2d0023_WYG_032-13b
034.md	211	KR2d0023_WYG_032-14a
034.md	219	KR2d0023_WYG_032-14b
034.md	227	KR2d0023_WYG_032-15a
034.md	235	KR2d0023_WYG_032-15b
034.md	243	KR2d0023_WYG_032-16a
034.md	251	KR2d0023_WYG_032-16b
034.md	259	KR2d0023_WYG_032-17a
034.md	267	KR2d0023_WYG_032-17b
034.md	275	KR2d0023_WYG_032-18a
034.md	283	KR2d0023_WYG_032-18b
034.md	291	KR2d0023_WYG_032-19a
034.md	299	KR2d0023_WYG_032-19b
034.md	307	KR2d0023_WYG_032-20a
034.md	315	KR2d0023_WYG_032-20b
034.md	323	KR2d0023_WYG_032-21a
034.md	331	KR2d0023_WYG_032-21b
034.md	339	KR2d0023_WYG_032-22a
034.md	347	KR2d0023_WYG_032-22b
034.md	355	KR2d0023_WYG_032-23a
034.md	363	KR2d0023_WYG_032-23b
034.md	371	KR2d0023_WYG_032-24a
034.md	379	KR2d0023_WYG_032-24b
034.md	387	KR2d0023_WYG_032-25a
034.md	395	KR2d0023_WYG_032-25b
034.md	403	KR2d0023_WYG_032-26a
034.md	411	KR2d0023_WYG_032-26b
034.md	419	KR2d0023_WYG_032-27a
034.md	427	KR2d0023_WYG_032-27b
034.md	435	KR2d0023_WYG_032-28a
034.md	443	KR2d0023_WYG_032-28b
034.md	451	KR2d0023_WYG_032-29a
034.md	459	KR2d0023_WYG_032-29b
034.md	467	KR2d0023_WYG_032-30a
034.md	475	KR2d0023_WYG_032-30b
034.md	483	KR2d0023_WYG_032-31a
034.md	491	KR2d0023_WYG_032-31b
034.md	499	KR2d0023_WYG_032-32a
034.md	507	KR2d0023_WYG_032-32b
035.md	3	KR2d0023_WYG_033-1a
035.md	11	KR2d0023_WYG_033-1b
035.md	19	KR2d0023_WYG_033-2a
035.md	27	KR2d0023_WYG_033-2b
035.md	35	KR2d0023_WYG_033-3a
035.md	43	KR2d0023_WYG_033-3b
035.md	51	KR2d0023_WYG_033-4a
035.md	59	KR2d0023_WYG_033-4b
035.md	67	KR2d0023_WYG_033-5a
035.md	75	KR2d0023_WYG_033-5b
035.md	83	KR2d0023_WYG_033-6a
035.md	91	KR2d0023_WYG_033-6b
035.md	99	KR2d0023_WYG_033-7a
035.md	107	KR2d0023_WYG_033-7b
035.md	115	KR2d0023_WYG_033-8a
035.md	123	KR2d0023_WYG_033-8b
035.md	131	KR2d0023_WYG_033-9a
035.md	139	KR2d0023_WYG_033-9b
035.md	147	KR2d0023_WYG_033-10a
035.md	155	KR2d0023_WYG_033-10b
035.md	163	KR2d0023_WYG_033-11a
035.md	171	KR2d0023_WYG_033-11b
035.md	179	KR2d0023_WYG_033-12a
035.md	187	KR2d0023_WYG_033-12b
035.md	195	KR2d0023_WYG_033-13a
035.md	203	KR2d0023_WYG_033-13b
035.md	211	KR2d0023_WYG_033-14a
035.md	219	KR2d0023_WYG_033-14b
035.md	227	KR2d0023_WYG_033-15a
035.md	235	KR2d0023_WYG_033-15b
035.md	243	KR2d0023_WYG_033-16a
035.md	251	KR2d0023_WYG_033-16b
035.md	259	KR2d0023_WYG_033-17a
035.md	267	KR2d0023_WYG_033-17b
035.md	275	KR2d0023_WYG_033-18a
035.md	283	KR2d0023_WYG_033-18b
035.md	291	KR2d0023_WYG_033-19a
035.md	299	KR2d0023_WYG_033-19b
035.md	307	KR2d0023_WYG_033-20a
035.md	315	KR2d0023_WYG_033-20b
035.md	323	KR2d0023_WYG_033-21a
035.md	331	KR2d0023_WYG_033-21b
035.md	339	KR2d0023_WYG_033-22a
035.md	347	KR2d0023_WYG_033-22b
035.md	355	KR2d0023_WYG_033-23a
035.md	363	KR2d0023_WYG_033-23b
035.md	371	KR2d0023_WYG_033-24a
035.md	379	KR2d0023_WYG_033-24b
035.md	387	KR2d0023_WYG_033-25a
035.md	395	KR2d0023_WYG_033-25b
035.md	403	KR2d0023_WYG_033-26a
035.md	411	KR2d0023_WYG_033-26b
035.md	419	KR2d0023_WYG_033-27a
035.md	427	KR2d0023_WYG_033-27b
035.md	435	KR2d0023_WYG_033-28a
035.md	443	KR2d0023_WYG_033-28b
035.md	451	KR2d0023_WYG_033-29a
035.md	459	KR2d0023_WYG_033-29b
035.md	467	KR2d0023_WYG_033-30a
035.md	475	KR2d0023_WYG_033-30b
035.md	483	KR2d0023_WYG_033-31a
035.md	491	KR2d0023_WYG_033-31b
036.md	3	KR2d0023_WYG_034-1a
036.md	11	KR2d0023_WYG_034-1b
036.md	19	KR2d0023_WYG_034-2a
036.md	27	KR2d0023_WYG_034-2b
036.md	35	KR2d0023_WYG_034-3a
036.md	43	KR2d0023_WYG_034-3b
036.md	51	KR2d0023_WYG_034-4a
036.md	59	KR2d0023_WYG_034-4b
036.md	67	KR2d0023_WYG_034-5a
036.md	75	KR2d0023_WYG_034-5b
036.md	83	KR2d0023_WYG_034-6a
036.md	91	KR2d0023_WYG_034-6b
036.md	99	KR2d0023_WYG_034-7a
036.md	107	KR2d0023_WYG_034-7b
036.md	115	KR2d0023_WYG_034-8a
036.md	123	KR2d0023_WYG_034-8b
036.md	131	KR2d0023_WYG_034-9a
036.md	139	KR2d0023_WYG_034-9b
036.md	147	KR2d0023_WYG_034-10a
036.md	155	KR2d0023_WYG_034-10b
036.md	163	KR2d0023_WYG_034-11a
036.md	171	KR2d0023_WYG_034-11b
036.md	179	KR2d0023_WYG_034-12a
036.md	187	KR2d0023_WYG_034-12b
036.md	195	KR2d0023_WYG_034-13a
036.md	203	KR2d0023_WYG_034-13b
036.md	211	KR2d0023_WYG_034-14a
036.md	219	KR2d0023_WYG_034-14b
036.md	227	KR2d0023_WYG_034-15a
036.md	235	KR2d0023_WYG_034-15b
036.md	243	KR2d0023_WYG_034-16a
036.md	251	KR2d0023_WYG_034-16b
036.md	259	KR2d0023_WYG_034-17a
036.md	267	KR2d0023_WYG_034-17b
036.md	275	KR2d0023_WYG_034-18a
036.md	283	KR2d0023_WYG_034-18b
036.md	291	KR2d0023_WYG_034-19a
036.md	299	KR2d0023_WYG_034-19b
036.md	307	KR2d0023_WYG_034-20a
036.md	315	KR2d0023_WYG_034-20b
036.md	323	KR2d0023_WYG_034-21a
036.md	331	KR2d0023_WYG_034-21b
036.md	339	KR2d0023_WYG_034-22a
036.md	347	KR2d0023_WYG_034-22b
036.md	355	KR2d0023_WYG_034-23a
036.md	363	KR2d0023_WYG_034-23b
036.md	371	KR2d0023_WYG_034-24a
036.md	379	KR2d0023_WYG_034-24b
036.md	387	KR2d0023_WYG_034-25a
036.md	395	KR2d0023_WYG_034-25b
036.md	403	KR2d0023_WYG_034-26a
036.md	411	KR2d0023_WYG_034-26b
036.md	419	KR2d0023_WYG_034-27a
036.md	427	KR2d0023_WYG_034-27b
036.md	435	KR2d0023_WYG_034-28a
036.md	443	KR2d0023_WYG_034-28b
036.md	451	KR2d0023_WYG_034-29a
036.md	459	KR2d0023_WYG_034-29b
036.md	467	KR2d0023_WYG_034-30a
036.md	475	KR2d0023_WYG_034-30b
036.md	483	KR2d0023_WYG_034-31a
036.md	491	KR2d0023_WYG_034-31b
036.md	499	KR2d0023_WYG_034-32a
036.md	507	KR2d0023_WYG_034-32b
036.md	515	KR2d0023_WYG_034-33a
036.md	523	KR2d0023_WYG_034-33b
036.md	531	KR2d0023_WYG_034-34a
036.md	539	KR2d0023_WYG_034-34b
036.md	547	KR2d0023_WYG_034-35a
036.md	555	KR2d0023_WYG_034-35b
036.md	563	KR2d0023_WYG_034-36a
036.md	571	KR2d0023_WYG_034-36b
036.md	579	KR2d0023_WYG_034-37a
036.md	587	KR2d0023_WYG_034-37b
036.md	595	KR2d0023_WYG_034-38a
036.md	603	KR2d0023_WYG_034-38b
036.md	611	KR2d0023_WYG_034-39a
036.md	619	KR2d0023_WYG_034-39b
036.md	627	KR2d0023_WYG_034-40a
036.md	635	KR2d0023_WYG_034-40b
036.md	643	KR2d0023_WYG_034-41a
036.md	651	KR2d0023_WYG_034-41b
036.md	659	KR2d0023_WYG_034-42a
036.md	667	KR2d0023_WYG_034-42b
036.md	675	KR2d0023_WYG_034-43a
036.md	683	KR2d0023_WYG_034-43b
036.md	691	KR2d0023_WYG_034-44a
036.md	699	KR2d0023_WYG_034-44b
036.md	707	KR2d0023_WYG_034-45a
036.md	715	KR2d0023_WYG_034-45b
036.md	723	KR2d0023_WYG_034-46a
036.md	731	KR2d0023_WYG_034-46b
036.md	739	KR2d0023_WYG_034-47a
036.md	747	KR2d0023_WYG_034-47b
036.md	755	KR2d0023_WYG_034-48a
036.md	763	KR2d0023_WYG_034-48b
036.md	771	KR2d0023_WYG_034-49a
036.md	779	KR2d0023_WYG_034-49b
036.md	787	KR2d0023_WYG_034-50a
036.md	795	KR2d0023_WYG_034-50b
036.md	803	KR2d0023_WYG_034-51a
036.md	811	KR2d0023_WYG_034-51b
036.md	819	KR2d0023_WYG_034-52a
036.md	827	KR2d0023_WYG_034-52b
036.md	835	KR2d0023_WYG_034-53a
036.md	843	KR2d0023_WYG_034-53b
036.md	851	KR2d0023_WYG_034-54a
036.md	859	KR2d0023_WYG_034-54b
036.md	867	KR2d0023_WYG_034-55a
036.md	875	KR2d0023_WYG_034-55b
036.md	883	KR2d0023_WYG_034-56a
036.md	891	KR2d0023_WYG_034-56b
036.md	899	KR2d0023_WYG_034-57a
036.md	907	KR2d0023_WYG_034-57b
036.md	915	KR2d0023_WYG_034-58a
036.md	923	KR2d0023_WYG_034-58b
036.md	931	KR2d0023_WYG_034-59a
036.md	939	KR2d0023_WYG_034-59b
036.md	947	KR2d0023_WYG_034-60a
036.md	955	KR2d0023_WYG_034-60b
036.md	963	KR2d0023_WYG_034-61a
036.md	971	KR2d0023_WYG_034-61b
036.md	979	KR2d0023_WYG_034-62a
036.md	987	KR2d0023_WYG_034-62b
036.md	995	KR2d0023_WYG_034-63a
036.md	1003	KR2d0023_WYG_034-63b
036.md	1011	KR2d0023_WYG_034-64a
036.md	1019	KR2d0023_WYG_034-64b
036.md	1027	KR2d0023_WYG_034-65a
036.md	1035	KR2d0023_WYG_034-65b
036.md	1043	KR2d0023_WYG_034-66a
036.md	1051	KR2d0023_WYG_034-66b
036.md	1059	KR2d0023_WYG_034-67a
036.md	1067	KR2d0023_WYG_034-67b
036.md	1075	KR2d0023_WYG_034-68a
036.md	1083	KR2d0023_WYG_034-68b
036.md	1091	KR2d0023_WYG_034-69a
036.md	1099	KR2d0023_WYG_034-69b
036.md	1107	KR2d0023_WYG_034-70a
036.md	1115	KR2d0023_WYG_034-70b
036.md	1123	KR2d0023_WYG_034-71a
036.md	1131	KR2d0023_WYG_034-71b
036.md	1139	KR2d0023_WYG_034-72a
036.md	1147	KR2d0023_WYG_034-72b
036.md	1155	KR2d0023_WYG_034-73a
036.md	1163	KR2d0023_WYG_034-73b
036.md	1171	KR2d0023_WYG_034-74a
036.md	1179	KR2d0023_WYG_034-74b
036.md	1187	KR2d0023_WYG_034-75a
036.md	1195	KR2d0023_WYG_034-75b
036.md	1203	KR2d0023_WYG_034-76a
036.md	1211	KR2d0023_WYG_034-76b
036.md	1219	KR2d0023_WYG_034-77a
036.md	1227	KR2d0023_WYG_034-77b
036.md	1235	KR2d0023_WYG_034-78a
036.md	1243	KR2d0023_WYG_034-78b
036.md	1251	KR2d0023_WYG_034-79a
036.md	1259	KR2d0023_WYG_034-79b
037.md	3	KR2d0023_WYG_035-1a
037.md	11	KR2d0023_WYG_035-1b
037.md	19	KR2d0023_WYG_035-2a
037.md	27	KR2d0023_WYG_035-2b
037.md	35	KR2d0023_WYG_035-3a
037.md	43	KR2d0023_WYG_035-3b
037.md	51	KR2d0023_WYG_035-4a
037.md	59	KR2d0023_WYG_035-4b
037.md	67	KR2d0023_WYG_035-5a
037.md	75	KR2d0023_WYG_035-5b
037.md	83	KR2d0023_WYG_035-6a
037.md	91	KR2d0023_WYG_035-6b
037.md	99	KR2d0023_WYG_035-7a
037.md	107	KR2d0023_WYG_035-7b
037.md	115	KR2d0023_WYG_035-8a
037.md	123	KR2d0023_WYG_035-8b
037.md	131	KR2d0023_WYG_035-9a
037.md	139	KR2d0023_WYG_035-9b
037.md	147	KR2d0023_WYG_035-10a
037.md	155	KR2d0023_WYG_035-10b
037.md	163	KR2d0023_WYG_035-11a
037.md	171	KR2d0023_WYG_035-11b
037.md	179	KR2d0023_WYG_035-12a
037.md	187	KR2d0023_WYG_035-12b
037.md	195	KR2d0023_WYG_035-13a
037.md	203	KR2d0023_WYG_035-13b
037.md	211	KR2d0023_WYG_035-14a
037.md	219	KR2d0023_WYG_035-14b
037.md	227	KR2d0023_WYG_035-15a
037.md	235	KR2d0023_WYG_035-15b
037.md	243	KR2d0023_WYG_035-16a
037.md	251	KR2d0023_WYG_035-16b
037.md	259	KR2d0023_WYG_035-17a
037.md	267	KR2d0023_WYG_035-17b
037.md	275	KR2d0023_WYG_035-18a
037.md	283	KR2d0023_WYG_035-18b
037.md	291	KR2d0023_WYG_035-19a
037.md	299	KR2d0023_WYG_035-19b
037.md	307	KR2d0023_WYG_035-20a
037.md	315	KR2d0023_WYG_035-20b
037.md	323	KR2d0023_WYG_035-21a
037.md	331	KR2d0023_WYG_035-21b
037.md	339	KR2d0023_WYG_035-22a
037.md	347	KR2d0023_WYG_035-22b
037.md	355	KR2d0023_WYG_035-23a
037.md	363	KR2d0023_WYG_035-23b
037.md	371	KR2d0023_WYG_035-24a
037.md	379	KR2d0023_WYG_035-24b
037.md	387	KR2d0023_WYG_035-25a
037.md	395	KR2d0023_WYG_035-25b
037.md	403	KR2d0023_WYG_035-26a
037.md	411	KR2d0023_WYG_035-26b
037.md	419	KR2d0023_WYG_035-27a
037.md	427	KR2d0023_WYG_035-27b
037.md	435	KR2d0023_WYG_035-28a
037.md	443	KR2d0023_WYG_035-28b
037.md	451	KR2d0023_WYG_035-29a
037.md	459	KR2d0023_WYG_035-29b
037.md	467	KR2d0023_WYG_035-30a
037.md	475	KR2d0023_WYG_035-30b
037.md	483	KR2d0023_WYG_035-31a
037.md	491	KR2d0023_WYG_035-31b
037.md	499	KR2d0023_WYG_035-32a
037.md	507	KR2d0023_WYG_035-32b
037.md	515	KR2d0023_WYG_035-33a
037.md	523	KR2d0023_WYG_035-33b
037.md	531	KR2d0023_WYG_035-34a
037.md	539	KR2d0023_WYG_035-34b
037.md	547	KR2d0023_WYG_035-35a
037.md	555	KR2d0023_WYG_035-35b
037.md	563	KR2d0023_WYG_035-36a
037.md	571	KR2d0023_WYG_035-36b
037.md	579	KR2d0023_WYG_035-37a
037.md	587	KR2d0023_WYG_035-37b
037.md	595	KR2d0023_WYG_035-38a
037.md	603	KR2d0023_WYG_035-38b
037.md	611	KR2d0023_WYG_035-39a
037.md	619	KR2d0023_WYG_035-39b
037.md	627	KR2d0023_WYG_035-40a
037.md	635	KR2d0023_WYG_035-40b
037.md	643	KR2d0023_WYG_035-41a
037.md	651	KR2d0023_WYG_035-41b
037.md	659	KR2d0023_WYG_035-42a
037.md	667	KR2d0023_WYG_035-42b
037.md	675	KR2d0023_WYG_035-43a
037.md	683	KR2d0023_WYG_035-43b
037.md	691	KR2d0023_WYG_035-44a
037.md	699	KR2d0023_WYG_035-44b
038.md	3	KR2d0023_WYG_036-1a
038.md	11	KR2d0023_WYG_036-1b
038.md	19	KR2d0023_WYG_036-2a
038.md	27	KR2d0023_WYG_036-2b
038.md	35	KR2d0023_WYG_036-3a
038.md	43	KR2d0023_WYG_036-3b
038.md	51	KR2d0023_WYG_036-4a
038.md	59	KR2d0023_WYG_036-4b
038.md	67	KR2d0023_WYG_036-5a
038.md	75	KR2d0023_WYG_036-5b
038.md	83	KR2d0023_WYG_036-6a
038.md	91	KR2d0023_WYG_036-6b
038.md	99	KR2d0023_WYG_036-7a
038.md	107	KR2d0023_WYG_036-7b
038.md	115	KR2d0023_WYG_036-8a
038.md	123	KR2d0023_WYG_036-8b
038.md	131	KR2d0023_WYG_036-9a
038.md	139	KR2d0023_WYG_036-9b
038.md	147	KR2d0023_WYG_036-10a
038.md	155	KR2d0023_WYG_036-10b
038.md	163	KR2d0023_WYG_036-11a
038.md	171	KR2d0023_WYG_036-11b
038.md	179	KR2d0023_WYG_036-12a
038.md	187	KR2d0023_WYG_036-12b
038.md	195	KR2d0023_WYG_036-13a
038.md	203	KR2d0023_WYG_036-13b
038.md	211	KR2d0023_WYG_036-14a
038.md	219	KR2d0023_WYG_036-14b
039.md	3	KR2d0023_WYG_037-1a
039.md	11	KR2d0023_WYG_037-1b
039.md	19	KR2d0023_WYG_037-2a
039.md	27	KR2d0023_WYG_037-2b
039.md	35	KR2d0023_WYG_037-3a
039.md	43	KR2d0023_WYG_037-3b
039.md	51	KR2d0023_WYG_037-4a
039.md	59	KR2d0023_WYG_037-4b
039.md	67	KR2d0023_WYG_037-5a
039.md	75	KR2d0023_WYG_037-5b
039.md	83	KR2d0023_WYG_037-6a
039.md	91	KR2d0023_WYG_037-6b
039.md	99	KR2d0023_WYG_037-7a
039.md	107	KR2d0023_WYG_037-7b
040.md	3	KR2d0023_WYG_038-1a
040.md	11	KR2d0023_WYG_038-1b
040.md	19	KR2d0023_WYG_038-2a
040.md	27	KR2d0023_WYG_038-2b
040.md	35	KR2d0023_WYG_038-3a
040.md	43	KR2d0023_WYG_038-3b
040.md	51	KR2d0023_WYG_038-4a
040.md	59	KR2d0023_WYG_038-4b
040.md	67	KR2d0023_WYG_038-5a
040.md	75	KR2d0023_WYG_038-5b
040.md	83	KR2d0023_WYG_038-6a
040.md	91	KR2d0023_WYG_038-6b
040.md	99	KR2d0023_WYG_038-7a
040.md	107	KR2d0023_WYG_038-7b
040.md	115	KR2d0023_WYG_038-8a
040.md	123	KR2d0023_WYG_038-8b
040.md	131	KR2d0023_WYG_038-9a
040.md	139	KR2d0023_WYG_038-9b
040.md	147	KR2d0023_WYG_038-10a
040.md	155	KR2d0023_WYG_038-10b
040.md	163	KR2d0023_WYG_038-11a
040.md	171	KR2d0023_WYG_038-11b
040.md	179	KR2d0023_WYG_038-12a
040.md	187	KR2d0023_WYG_038-12b
040.md	195	KR2d0023_WYG_038-13a
040.md	203	KR2d0023_WYG_038-13b
040.md	211	KR2d0023_WYG_038-14a
040.md	219	KR2d0023_WYG_038-14b
040.md	227	KR2d0023_WYG_038-15a
040.md	235	KR2d0023_WYG_038-15b
040.md	243	KR2d0023_WYG_038-16a
040.md	251	KR2d0023_WYG_038-16b
040.md	259	KR2d0023_WYG_038-17a
040.md	267	KR2d0023_WYG_038-17b
040.md	275	KR2d0023_WYG_038-18a
040.md	283	KR2d0023_WYG_038-18b
040.md	291	KR2d0023_WYG_038-19a
040.md	299	KR2d0023_WYG_038-19b
040.md	307	KR2d0023_WYG_038-20a
040.md	315	KR2d0023_WYG_038-20b
040.md	323	KR2d0023_WYG_038-21a
040.md	331	KR2d0023_WYG_038-21b
040.md	339	KR2d0023_WYG_038-22a
040.md	347	KR2d0023_WYG_038-22b
041.md	3	KR2d0023_WYG_039-1a
041.md	11	KR2d0023_WYG_039-1b
041.md	19	KR2d0023_WYG_039-2a
041.md	27	KR2d0023_WYG_039-2b
041.md	35	KR2d0023_WYG_039-3a
041.md	43	KR2d0023_WYG_039-3b
041.md	51	KR2d0023_WYG_039-4a
041.md	59	KR2d0023_WYG_039-4b
041.md	67	KR2d0023_WYG_039-5a
041.md	75	KR2d0023_WYG_039-5b
041.md	83	KR2d0023_WYG_039-6a
041.md	91	KR2d0023_WYG_039-6b
041.md	99	KR2d0023_WYG_039-7a
041.md	107	KR2d0023_WYG_039-7b
041.md	115	KR2d0023_WYG_039-8a
041.md	123	KR2d0023_WYG_039-8b
041.md	131	KR2d0023_WYG_039-9a
041.md	139	KR2d0023_WYG_039-9b
041.md	147	KR2d0023_WYG_039-10a
041.md	155	KR2d0023_WYG_039-10b
041.md	163	KR2d0023_WYG_039-11a
041.md	171	KR2d0023_WYG_039-11b
041.md	179	KR2d0023_WYG_039-12a
041.md	187	KR2d0023_WYG_039-12b
041.md	195	KR2d0023_WYG_039-13a
041.md	203	KR2d0023_WYG_039-13b
041.md	211	KR2d0023_WYG_039-14a
041.md	219	KR2d0023_WYG_039-14b
041.md	227	KR2d0023_WYG_039-15a
041.md	235	KR2d0023_WYG_039-15b
041.md	243	KR2d0023_WYG_039-16a
041.md	251	KR2d0023_WYG_039-16b
041.md	259	KR2d0023_WYG_039-17a
041.md	267	KR2d0023_WYG_039-17b
041.md	275	KR2d0023_WYG_039-18a
041.md	283	KR2d0023_WYG_039-18b
041.md	291	KR2d0023_WYG_039-19a
041.md	299	KR2d0023_WYG_039-19b
041.md	307	KR2d0023_WYG_039-20a
041.md	315	KR2d0023_WYG_039-20b
041.md	323	KR2d0023_WYG_039-21a
041.md	331	KR2d0023_WYG_039-21b
041.md	339	KR2d0023_WYG_039-22a
041.md	347	KR2d0023_WYG_039-22b
041.md	355	KR2d0023_WYG_039-23a
041.md	363	KR2d0023_WYG_039-23b
041.md	371	KR2d0023_WYG_039-24a
041.md	379	KR2d0023_WYG_039-24b
041.md	387	KR2d0023_WYG_039-25a
041.md	395	KR2d0023_WYG_039-25b
041.md	403	KR2d0023_WYG_039-26a
041.md	411	KR2d0023_WYG_039-26b
041.md	419	KR2d0023_WYG_039-27a
041.md	427	KR2d0023_WYG_039-27b
041.md	435	KR2d0023_WYG_039-28a
041.md	443	KR2d0023_WYG_039-28b
041.md	451	KR2d0023_WYG_039-29a
041.md	459	KR2d0023_WYG_039-29b
041.md	467	KR2d0023_WYG_039-30a
041.md	475	KR2d0023_WYG_039-30b
041.md	483	KR2d0023_WYG_039-31a
041.md	491	KR2d0023_WYG_039-31b
041.md	499	KR2d0023_WYG_039-32a
041.md	507	KR2d0023_WYG_039-32b
041.md	515	KR2d0023_WYG_039-33a
041.md	523	KR2d0023_WYG_039-33b
041.md	531	KR2d0023_WYG_039-34a
041.md	539	KR2d0023_WYG_039-34b
041.md	547	KR2d0023_WYG_039-35a
041.md	555	KR2d0023_WYG_039-35b
042.md	3	KR2d0023_WYG_040-1a
042.md	11	KR2d0023_WYG_040-1b
042.md	19	KR2d0023_WYG_040-2a
042.md	27	KR2d0023_WYG_040-2b
042.md	35	KR2d0023_WYG_040-3a
042.md	43	KR2d0023_WYG_040-3b
042.md	51	KR2d0023_WYG_040-4a
042.md	59	KR2d0023_WYG_040-4b
042.md	67	KR2d0023_WYG_040-5a
042.md	75	KR2d0023_WYG_040-5b
042.md	83	KR2d0023_WYG_040-6a
042.md	91	KR2d0023_WYG_040-6b
042.md	99	KR2d0023_WYG_040-7a
042.md	107	KR2d0023_WYG_040-7b
042.md	115	KR2d0023_WYG_040-8a
042.md	123	KR2d0023_WYG_040-8b
042.md	131	KR2d0023_WYG_040-9a
042.md	139	KR2d0023_WYG_040-9b
042.md	147	KR2d0023_WYG_040-10a
042.md	155	KR2d0023_WYG_040-10b
042.md	163	KR2d0023_WYG_040-11a
042.md	171	KR2d0023_WYG_040-11b
042.md	179	KR2d0023_WYG_040-12a
042.md	187	KR2d0023_WYG_040-12b
042.md	195	KR2d0023_WYG_040-13a
042.md	203	KR2d0023_WYG_040-13b
042.md	211	KR2d0023_WYG_040-14a
042.md	219	KR2d0023_WYG_040-14b
042.md	227	KR2d0023_WYG_040-15a
042.md	235	KR2d0023_WYG_040-15b
042.md	243	KR2d0023_WYG_040-16a
042.md	251	KR2d0023_WYG_040-16b
042.md	259	KR2d0023_WYG_040-17a
042.md	267	KR2d0023_WYG_040-17b
042.md	275	KR2d0023_WYG_040-18a
042.md	283	KR2d0023_WYG_040-18b
042.md	291	KR2d0023_WYG_040-19a
042.md	299	KR2d0023_WYG_040-19b
042.md	307	KR2d0023_WYG_040-20a
042.md	315	KR2d0023_WYG_040-20b
042.md	323	KR2d0023_WYG_040-21a
042.md	331	KR2d0023_WYG_040-21b
042.md	339	KR2d0023_WYG_040-22a
042.md	347	KR2d0023_WYG_040-22b
042.md	355	KR2d0023_WYG_040-23a
042.md	363	KR2d0023_WYG_040-23b
042.md	371	KR2d0023_WYG_040-24a
042.md	379	KR2d0023_WYG_040-24b
042.md	387	KR2d0023_WYG_040-25a
042.md	395	KR2d0023_WYG_040-25b
042.md	403	KR2d0023_WYG_040-26a
042.md	411	KR2d0023_WYG_040-26b
042.md	419	KR2d0023_WYG_040-27a
042.md	427	KR2d0023_WYG_040-27b
042.md	435	KR2d0023_WYG_040-28a
042.md	443	KR2d0023_WYG_040-28b
042.md	451	KR2d0023_WYG_040-29a
042.md	459	KR2d0023_WYG_040-29b
042.md	467	KR2d0023_WYG_040-30a
042.md	475	KR2d0023_WYG_040-30b
042.md	483	KR2d0023_WYG_040-31a
042.md	491	KR2d0023_WYG_040-31b
042.md	499	KR2d0023_WYG_040-32a
042.md	507	KR2d0023_WYG_040-32b
042.md	515	KR2d0023_WYG_040-33a
042.md	523	KR2d0023_WYG_040-33b
042.md	531	KR2d0023_WYG_040-34a
042.md	539	KR2d0023_WYG_040-34b
042.md	547	KR2d0023_WYG_040-35a
042.md	555	KR2d0023_WYG_040-35b
042.md	563	KR2d0023_WYG_040-36a
042.md	571	KR2d0023_WYG_040-36b
042.md	579	KR2d0023_WYG_040-37a
042.md	587	KR2d0023_WYG_040-37b
042.md	595	KR2d0023_WYG_040-38a
042.md	603	KR2d0023_WYG_040-38b
042.md	611	KR2d0023_WYG_040-39a
042.md	619	KR2d0023_WYG_040-39b
042.md	627	KR2d0023_WYG_040-40a
042.md	635	KR2d0023_WYG_040-40b
042.md	643	KR2d0023_WYG_040-41a
042.md	651	KR2d0023_WYG_040-41b
042.md	659	KR2d0023_WYG_040-42a
042.md	667	KR2d0023_WYG_040-42b
042.md	675	KR2d0023_WYG_040-43a
042.md	683	KR2d0023_WYG_040-43b
042.md	691	KR2d0023_WYG_040-44a
042.md	699	KR2d0023_WYG_040-44b
042.md	707	KR2d0023_WYG_040-45a
042.md	715	KR2d0023_WYG_040-45b
042.md	723	KR2d0023_WYG_040-46a
042.md	731	KR2d0023_WYG_040-46b
042.md	738	KR2d0023_WYG_040-47a
042.md	746	KR2d0023_WYG_040-47b
042.md	754	KR2d0023_WYG_040-48a
042.md	762	KR2d0023_WYG_040-48b
043.md	3	KR2d0023_WYG_041-1a
043.md	11	KR2d0023_WYG_041-1b
043.md	19	KR2d0023_WYG_041-2a
043.md	27	KR2d0023_WYG_041-2b
043.md	35	KR2d0023_WYG_041-3a
043.md	43	KR2d0023_WYG_041-3b
043.md	51	KR2d0023_WYG_041-4a
043.md	59	KR2d0023_WYG_041-4b
043.md	67	KR2d0023_WYG_041-5a
043.md	75	KR2d0023_WYG_041-5b
043.md	83	KR2d0023_WYG_041-6a
043.md	91	KR2d0023_WYG_041-6b
043.md	99	KR2d0023_WYG_041-7a
043.md	107	KR2d0023_WYG_041-7b
043.md	115	KR2d0023_WYG_041-8a
043.md	123	KR2d0023_WYG_041-8b
043.md	131	KR2d0023_WYG_041-9a
043.md	139	KR2d0023_WYG_041-9b
043.md	147	KR2d0023_WYG_041-10a
043.md	155	KR2d0023_WYG_041-10b
043.md	163	KR2d0023_WYG_041-11a
043.md	171	KR2d0023_WYG_041-11b
043.md	179	KR2d0023_WYG_041-12a
043.md	187	KR2d0023_WYG_041-12b
043.md	195	KR2d0023_WYG_041-13a
043.md	203	KR2d0023_WYG_041-13b
043.md	211	KR2d0023_WYG_041-14a
043.md	219	KR2d0023_WYG_041-14b
043.md	227	KR2d0023_WYG_041-15a
043.md	235	KR2d0023_WYG_041-15b
043.md	243	KR2d0023_WYG_041-16a
043.md	251	KR2d0023_WYG_041-16b
043.md	259	KR2d0023_WYG_041-17a
043.md	267	KR2d0023_WYG_041-17b
043.md	275	KR2d0023_WYG_041-18a
043.md	283	KR2d0023_WYG_041-18b
043.md	291	KR2d0023_WYG_041-19a
043.md	299	KR2d0023_WYG_041-19b
043.md	307	KR2d0023_WYG_041-20a
043.md	315	KR2d0023_WYG_041-20b
043.md	323	KR2d0023_WYG_041-21a
043.md	331	KR2d0023_WYG_041-21b
043.md	339	KR2d0023_WYG_041-22a
043.md	347	KR2d0023_WYG_041-22b
043.md	355	KR2d0023_WYG_041-23a
043.md	363	KR2d0023_WYG_041-23b
043.md	371	KR2d0023_WYG_041-24a
043.md	379	KR2d0023_WYG_041-24b
043.md	387	KR2d0023_WYG_041-25a
043.md	395	KR2d0023_WYG_041-25b
043.md	403	KR2d0023_WYG_041-26a
043.md	411	KR2d0023_WYG_041-26b
043.md	419	KR2d0023_WYG_041-27a
043.md	427	KR2d0023_WYG_041-27b
043.md	435	KR2d0023_WYG_041-28a
043.md	443	KR2d0023_WYG_041-28b
043.md	451	KR2d0023_WYG_041-29a
043.md	459	KR2d0023_WYG_041-29b
043.md	467	KR2d0023_WYG_041-30a
043.md	475	KR2d0023_WYG_041-30b
044.md	3	KR2d0023_WYG_042-1a
044.md	11	KR2d0023_WYG_042-1b
044.md	19	KR2d0023_WYG_042-2a
044.md	27	KR2d0023_WYG_042-2b
044.md	35	KR2d0023_WYG_042-3a
044.md	43	KR2d0023_WYG_042-3b
044.md	51	KR2d0023_WYG_042-4a
044.md	59	KR2d0023_WYG_042-4b
044.md	67	KR2d0023_WYG_042-5a
044.md	75	KR2d0023_WYG_042-5b
044.md	83	KR2d0023_WYG_042-6a
044.md	91	KR2d0023_WYG_042-6b
044.md	99	KR2d0023_WYG_042-7a
044.md	107	KR2d0023_WYG_042-7b
044.md	115	KR2d0023_WYG_042-8a
044.md	123	KR2d0023_WYG_042-8b
044.md	131	KR2d0023_WYG_042-9a
044.md	139	KR2d0023_WYG_042-9b
044.md	147	KR2d0023_WYG_042-10a
044.md	155	KR2d0023_WYG_042-10b
044.md	163	KR2d0023_WYG_042-11a
044.md	171	KR2d0023_WYG_042-11b
044.md	179	KR2d0023_WYG_042-12a
044.md	187	KR2d0023_WYG_042-12b
044.md	195	KR2d0023_WYG_042-13a
044.md	203	KR2d0023_WYG_042-13b
044.md	211	KR2d0023_WYG_042-14a
044.md	219	KR2d0023_WYG_042-14b
044.md	227	KR2d0023_WYG_042-15a
044.md	235	KR2d0023_WYG_042-15b
044.md	243	KR2d0023_WYG_042-16a
044.md	251	KR2d0023_WYG_042-16b
044.md	259	KR2d0023_WYG_042-17a
044.md	267	KR2d0023_WYG_042-17b
044.md	275	KR2d0023_WYG_042-18a
044.md	283	KR2d0023_WYG_042-18b
044.md	291	KR2d0023_WYG_042-19a
044.md	299	KR2d0023_WYG_042-19b
044.md	307	KR2d0023_WYG_042-20a
044.md	315	KR2d0023_WYG_042-20b
044.md	323	KR2d0023_WYG_042-21a
044.md	331	KR2d0023_WYG_042-21b
044.md	339	KR2d0023_WYG_042-22a
044.md	347	KR2d0023_WYG_042-22b
044.md	355	KR2d0023_WYG_042-23a
044.md	363	KR2d0023_WYG_042-23b
044.md	371	KR2d0023_WYG_042-24a
044.md	379	KR2d0023_WYG_042-24b
045.md	3	KR2d0023_WYG_043-1a
045.md	11	KR2d0023_WYG_043-1b
045.md	19	KR2d0023_WYG_043-2a
045.md	27	KR2d0023_WYG_043-2b
045.md	35	KR2d0023_WYG_043-3a
045.md	43	KR2d0023_WYG_043-3b
045.md	51	KR2d0023_WYG_043-4a
045.md	59	KR2d0023_WYG_043-4b
045.md	67	KR2d0023_WYG_043-5a
045.md	75	KR2d0023_WYG_043-5b
045.md	83	KR2d0023_WYG_043-6a
045.md	91	KR2d0023_WYG_043-6b
045.md	99	KR2d0023_WYG_043-7a
045.md	107	KR2d0023_WYG_043-7b
045.md	115	KR2d0023_WYG_043-8a
045.md	123	KR2d0023_WYG_043-8b
045.md	131	KR2d0023_WYG_043-9a
045.md	139	KR2d0023_WYG_043-9b
045.md	147	KR2d0023_WYG_043-10a
045.md	155	KR2d0023_WYG_043-10b
045.md	163	KR2d0023_WYG_043-11a
045.md	171	KR2d0023_WYG_043-11b
045.md	179	KR2d0023_WYG_043-12a
045.md	187	KR2d0023_WYG_043-12b
045.md	195	KR2d0023_WYG_043-13a
045.md	203	KR2d0023_WYG_043-13b
045.md	211	KR2d0023_WYG_043-14a
045.md	219	KR2d0023_WYG_043-14b
045.md	227	KR2d0023_WYG_043-15a
045.md	235	KR2d0023_WYG_043-15b
045.md	243	KR2d0023_WYG_043-16a
045.md	251	KR2d0023_WYG_043-16b
045.md	259	KR2d0023_WYG_043-17a
045.md	267	KR2d0023_WYG_043-17b
045.md	275	KR2d0023_WYG_043-18a
045.md	283	KR2d0023_WYG_043-18b
045.md	291	KR2d0023_WYG_043-19a
045.md	299	KR2d0023_WYG_043-19b
045.md	307	KR2d0023_WYG_043-20a
045.md	315	KR2d0023_WYG_043-20b
045.md	323	KR2d0023_WYG_043-21a
045.md	331	KR2d0023_WYG_043-21b
045.md	339	KR2d0023_WYG_043-22a
045.md	347	KR2d0023_WYG_043-22b
045.md	355	KR2d0023_WYG_043-23a
045.md	363	KR2d0023_WYG_043-23b
045.md	371	KR2d0023_WYG_043-24a
045.md	379	KR2d0023_WYG_043-24b
045.md	387	KR2d0023_WYG_043-25a
045.md	395	KR2d0023_WYG_043-25b
045.md	403	KR2d0023_WYG_043-26a
045.md	411	KR2d0023_WYG_043-26b
045.md	419	KR2d0023_WYG_043-27a
045.md	427	KR2d0023_WYG_043-27b
045.md	435	KR2d0023_WYG_043-28a
045.md	443	KR2d0023_WYG_043-28b
045.md	451	KR2d0023_WYG_043-29a
045.md	459	KR2d0023_WYG_043-29b
045.md	467	KR2d0023_WYG_043-30a
045.md	475	KR2d0023_WYG_043-30b
045.md	483	KR2d0023_WYG_043-31a
045.md	491	KR2d0023_WYG_043-31b
045.md	499	KR2d0023_WYG_043-32a
045.md	507	KR2d0023_WYG_043-32b
045.md	515	KR2d0023_WYG_043-33a
045.md	523	KR2d0023_WYG_043-33b
045.md	531	KR2d0023_WYG_043-34a
045.md	539	KR2d0023_WYG_043-34b
045.md	547	KR2d0023_WYG_043-35a
045.md	555	KR2d0023_WYG_043-35b
045.md	563	KR2d0023_WYG_043-36a
045.md	571	KR2d0023_WYG_043-36b
045.md	579	KR2d0023_WYG_043-37a
045.md	587	KR2d0023_WYG_043-37b
045.md	595	KR2d0023_WYG_043-38a
045.md	603	KR2d0023_WYG_043-38b
045.md	611	KR2d0023_WYG_043-39a
045.md	619	KR2d0023_WYG_043-39b
045.md	627	KR2d0023_WYG_043-40a
045.md	635	KR2d0023_WYG_043-40b
046.md	3	KR2d0023_WYG_044-1a
046.md	11	KR2d0023_WYG_044-1b
046.md	19	KR2d0023_WYG_044-2a
046.md	27	KR2d0023_WYG_044-2b
046.md	35	KR2d0023_WYG_044-3a
046.md	43	KR2d0023_WYG_044-3b
046.md	51	KR2d0023_WYG_044-4a
046.md	59	KR2d0023_WYG_044-4b
046.md	67	KR2d0023_WYG_044-5a
046.md	75	KR2d0023_WYG_044-5b
046.md	83	KR2d0023_WYG_044-6a
046.md	91	KR2d0023_WYG_044-6b
046.md	99	KR2d0023_WYG_044-7a
046.md	107	KR2d0023_WYG_044-7b
046.md	115	KR2d0023_WYG_044-8a
046.md	123	KR2d0023_WYG_044-8b
046.md	131	KR2d0023_WYG_044-9a
046.md	139	KR2d0023_WYG_044-9b
046.md	147	KR2d0023_WYG_044-10a
046.md	155	KR2d0023_WYG_044-10b
046.md	163	KR2d0023_WYG_044-11a
046.md	171	KR2d0023_WYG_044-11b
046.md	179	KR2d0023_WYG_044-12a
046.md	187	KR2d0023_WYG_044-12b
046.md	195	KR2d0023_WYG_044-13a
046.md	203	KR2d0023_WYG_044-13b
046.md	211	KR2d0023_WYG_044-14a
046.md	219	KR2d0023_WYG_044-14b
046.md	227	KR2d0023_WYG_044-15a
046.md	235	KR2d0023_WYG_044-15b
047.md	3	KR2d0023_WYG_045-1a
047.md	11	KR2d0023_WYG_045-1b
047.md	19	KR2d0023_WYG_045-2a
047.md	27	KR2d0023_WYG_045-2b
047.md	35	KR2d0023_WYG_045-3a
047.md	43	KR2d0023_WYG_045-3b
047.md	51	KR2d0023_WYG_045-4a
047.md	59	KR2d0023_WYG_045-4b
047.md	67	KR2d0023_WYG_045-5a
047.md	75	KR2d0023_WYG_045-5b
047.md	83	KR2d0023_WYG_045-6a
047.md	91	KR2d0023_WYG_045-6b
047.md	99	KR2d0023_WYG_045-7a
047.md	107	KR2d0023_WYG_045-7b
047.md	115	KR2d0023_WYG_045-8a
047.md	123	KR2d0023_WYG_045-8b
047.md	131	KR2d0023_WYG_045-9a
047.md	139	KR2d0023_WYG_045-9b
047.md	147	KR2d0023_WYG_045-10a
047.md	155	KR2d0023_WYG_045-10b
047.md	163	KR2d0023_WYG_045-11a
047.md	171	KR2d0023_WYG_045-11b
047.md	179	KR2d0023_WYG_045-12a
047.md	187	KR2d0023_WYG_045-12b
047.md	195	KR2d0023_WYG_045-13a
047.md	203	KR2d0023_WYG_045-13b
047.md	211	KR2d0023_WYG_045-14a
047.md	219	KR2d0023_WYG_045-14b
047.md	227	KR2d0023_WYG_045-15a
047.md	235	KR2d0023_WYG_045-15b
047.md	243	KR2d0023_WYG_045-16a
047.md	251	KR2d0023_WYG_045-16b
047.md	259	KR2d0023_WYG_045-17a
047.md	267	KR2d0023_WYG_045-17b
047.md	275	KR2d0023_WYG_045-18a
047.md	283	KR2d0023_WYG_045-18b
047.md	291	KR2d0023_WYG_045-19a
047.md	299	KR2d0023_WYG_045-19b
047.md	307	KR2d0023_WYG_045-20a
047.md	315	KR2d0023_WYG_045-20b
047.md	323	KR2d0023_WYG_045-21a
047.md	331	KR2d0023_WYG_045-21b
047.md	339	KR2d0023_WYG_045-22a
047.md	347	KR2d0023_WYG_045-22b
047.md	355	KR2d0023_WYG_045-23a
047.md	363	KR2d0023_WYG_045-23b
047.md	371	KR2d0023_WYG_045-24a
047.md	379	KR2d0023_WYG_045-24b
047.md	387	KR2d0023_WYG_045-25a
047.md	395	KR2d0023_WYG_045-25b
047.md	403	KR2d0023_WYG_045-26a
047.md	411	KR2d0023_WYG_045-26b
047.md	419	KR2d0023_WYG_045-27a
047.md	427	KR2d0023_WYG_045-27b
047.md	435	KR2d0023_WYG_045-28a
047.md	443	KR2d0023_WYG_045-28b
047.md	451	KR2d0023_WYG_045-29a
047.md	459	KR2d0023_WYG_045-29b
047.md	467	KR2d0023_WYG_045-30a
047.md	475	KR2d0023_WYG_045-30b
047.md	483	KR2d0023_WYG_045-31a
047.md	491	KR2d0023_WYG_045-31b
047.md	499	KR2d0023_WYG_045-32a
047.md	507	KR2d0023_WYG_045-32b
047.md	515	KR2d0023_WYG_045-33a
047.md	523	KR2d0023_WYG_045-33b
047.md	531	KR2d0023_WYG_045-34a
047.md	539	KR2d0023_WYG_045-34b
047.md	547	KR2d0023_WYG_045-35a
047.md	555	KR2d0023_WYG_045-35b
047.md	563	KR2d0023_WYG_045-36a
047.md	571	KR2d0023_WYG_045-36b
047.md	579	KR2d0023_WYG_045-37a
047.md	587	KR2d0023_WYG_045-37b
047.md	595	KR2d0023_WYG_045-38a
047.md	603	KR2d0023_WYG_045-38b
047.md	611	KR2d0023_WYG_045-39a
047.md	619	KR2d0023_WYG_045-39b
047.md	627	KR2d0023_WYG_045-40a
047.md	635	KR2d0023_WYG_045-40b
048.md	3	KR2d0023_WYG_046-1a
048.md	11	KR2d0023_WYG_046-1b
048.md	19	KR2d0023_WYG_046-2a
048.md	27	KR2d0023_WYG_046-2b
048.md	35	KR2d0023_WYG_046-3a
048.md	43	KR2d0023_WYG_046-3b
048.md	51	KR2d0023_WYG_046-4a
048.md	59	KR2d0023_WYG_046-4b
048.md	67	KR2d0023_WYG_046-5a
048.md	75	KR2d0023_WYG_046-5b
048.md	83	KR2d0023_WYG_046-6a
048.md	91	KR2d0023_WYG_046-6b
048.md	99	KR2d0023_WYG_046-7a
048.md	107	KR2d0023_WYG_046-7b
048.md	115	KR2d0023_WYG_046-8a
048.md	123	KR2d0023_WYG_046-8b
048.md	131	KR2d0023_WYG_046-9a
048.md	139	KR2d0023_WYG_046-9b
048.md	147	KR2d0023_WYG_046-10a
048.md	155	KR2d0023_WYG_046-10b
048.md	163	KR2d0023_WYG_046-11a
048.md	171	KR2d0023_WYG_046-11b
048.md	179	KR2d0023_WYG_046-12a
048.md	187	KR2d0023_WYG_046-12b
048.md	195	KR2d0023_WYG_046-13a
048.md	203	KR2d0023_WYG_046-13b
048.md	211	KR2d0023_WYG_046-14a
048.md	219	KR2d0023_WYG_046-14b
048.md	227	KR2d0023_WYG_046-15a
048.md	235	KR2d0023_WYG_046-15b
048.md	243	KR2d0023_WYG_046-16a
048.md	251	KR2d0023_WYG_046-16b
049.md	3	KR2d0023_WYG_047-1a
049.md	11	KR2d0023_WYG_047-1b
049.md	19	KR2d0023_WYG_047-2a
049.md	27	KR2d0023_WYG_047-2b
049.md	35	KR2d0023_WYG_047-3a
049.md	43	KR2d0023_WYG_047-3b
049.md	51	KR2d0023_WYG_047-4a
049.md	59	KR2d0023_WYG_047-4b
049.md	67	KR2d0023_WYG_047-5a
049.md	75	KR2d0023_WYG_047-5b
049.md	83	KR2d0023_WYG_047-6a
049.md	91	KR2d0023_WYG_047-6b
049.md	99	KR2d0023_WYG_047-7a
049.md	107	KR2d0023_WYG_047-7b
049.md	115	KR2d0023_WYG_047-8a
049.md	123	KR2d0023_WYG_047-8b
049.md	131	KR2d0023_WYG_047-9a
049.md	139	KR2d0023_WYG_047-9b
049.md	147	KR2d0023_WYG_047-10a
049.md	155	KR2d0023_WYG_047-10b
049.md	163	KR2d0023_WYG_047-11a
049.md	171	KR2d0023_WYG_047-11b
049.md	179	KR2d0023_WYG_047-12a
049.md	187	KR2d0023_WYG_047-12b
049.md	195	KR2d0023_WYG_047-13a
049.md	203	KR2d0023_WYG_047-13b
049.md	211	KR2d0023_WYG_047-14a
049.md	219	KR2d0023_WYG_047-14b
049.md	227	KR2d0023_WYG_047-15a
049.md	235	KR2d0023_WYG_047-15b
049.md	243	KR2d0023_WYG_047-16a
049.md	251	KR2d0023_WYG_047-16b
049.md	259	KR2d0023_WYG_047-17a
049.md	267	KR2d0023_WYG_047-17b
049.md	275	KR2d0023_WYG_047-18a
049.md	283	KR2d0023_WYG_047-18b
049.md	291	KR2d0023_WYG_047-19a
049.md	299	KR2d0023_WYG_047-19b
049.md	307	KR2d0023_WYG_047-20a
049.md	315	KR2d0023_WYG_047-20b
049.md	323	KR2d0023_WYG_047-21a
049.md	331	KR2d0023_WYG_047-21b
049.md	339	KR2d0023_WYG_047-22a
049.md	347	KR2d0023_WYG_047-22b
049.md	355	KR2d0023_WYG_047-23a
049.md	363	KR2d0023_WYG_047-23b
049.md	371	KR2d0023_WYG_047-24a
049.md	379	KR2d0023_WYG_047-24b
049.md	387	KR2d0023_WYG_047-25a
049.md	395	KR2d0023_WYG_047-25b
049.md	403	KR2d0023_WYG_047-26a
049.md	411	KR2d0023_WYG_047-26b
049.md	419	KR2d0023_WYG_047-27a
049.md	427	KR2d0023_WYG_047-27b
049.md	435	KR2d0023_WYG_047-28a
049.md	443	KR2d0023_WYG_047-28b
049.md	451	KR2d0023_WYG_047-29a
049.md	459	KR2d0023_WYG_047-29b
049.md	467	KR2d0023_WYG_047-30a
049.md	475	KR2d0023_WYG_047-30b
049.md	483	KR2d0023_WYG_047-31a
049.md	491	KR2d0023_WYG_047-31b
049.md	499	KR2d0023_WYG_047-32a
049.md	507	KR2d0023_WYG_047-32b
049.md	515	KR2d0023_WYG_047-33a
049.md	523	KR2d0023_WYG_047-33b
049.md	531	KR2d0023_WYG_047-34a
049.md	539	KR2d0023_WYG_047-34b
049.md	547	KR2d0023_WYG_047-35a
049.md	555	KR2d0023_WYG_047-35b
049.md	563	KR2d0023_WYG_047-36a
049.md	571	KR2d0023_WYG_047-36b
050.md	3	KR2d0023_WYG_048-1a
050.md	11	KR2d0023_WYG_048-1b
050.md	19	KR2d0023_WYG_048-2a
050.md	27	KR2d0023_WYG_048-2b
050.md	35	KR2d0023_WYG_048-3a
050.md	43	KR2d0023_WYG_048-3b
050.md	51	KR2d0023_WYG_048-4a
050.md	59	KR2d0023_WYG_048-4b
050.md	67	KR2d0023_WYG_048-5a
050.md	75	KR2d0023_WYG_048-5b
050.md	83	KR2d0023_WYG_048-6a
050.md	91	KR2d0023_WYG_048-6b
050.md	99	KR2d0023_WYG_048-7a
050.md	107	KR2d0023_WYG_048-7b
050.md	115	KR2d0023_WYG_048-8a
050.md	123	KR2d0023_WYG_048-8b
050.md	131	KR2d0023_WYG_048-9a
050.md	139	KR2d0023_WYG_048-9b
050.md	147	KR2d0023_WYG_048-10a
050.md	155	KR2d0023_WYG_048-10b
050.md	163	KR2d0023_WYG_048-11a
050.md	171	KR2d0023_WYG_048-11b
050.md	179	KR2d0023_WYG_048-12a
050.md	187	KR2d0023_WYG_048-12b
050.md	195	KR2d0023_WYG_048-13a
050.md	203	KR2d0023_WYG_048-13b
050.md	211	KR2d0023_WYG_048-14a
050.md	219	KR2d0023_WYG_048-14b
050.md	227	KR2d0023_WYG_048-15a
050.md	235	KR2d0023_WYG_048-15b
050.md	243	KR2d0023_WYG_048-16a
050.md	251	KR2d0023_WYG_048-16b
050.md	259	KR2d0023_WYG_048-17a
050.md	267	KR2d0023_WYG_048-17b
050.md	275	KR2d0023_WYG_048-18a
050.md	283	KR2d0023_WYG_048-18b
050.md	291	KR2d0023_WYG_048-19a
050.md	299	KR2d0023_WYG_048-19b
050.md	307	KR2d0023_WYG_048-20a
050.md	315	KR2d0023_WYG_048-20b
050.md	323	KR2d0023_WYG_048-21a
050.md	331	KR2d0023_WYG_048-21b
050.md	339	KR2d0023_WYG_048-22a
050.md	347	KR2d0023_WYG_048-22b
050.md	355	KR2d0023_WYG_048-23a
050.md	363	KR2d0023_WYG_048-23b
050.md	371	KR2d0023_WYG_048-24a
050.md	379	KR2d0023_WYG_048-24b
050.md	387	KR2d0023_WYG_048-25a
050.md	395	KR2d0023_WYG_048-25b
050.md	403	KR2d0023_WYG_048-26a
050.md	411	KR2d0023_WYG_048-26b
050.md	419	KR2d0023_WYG_048-27a
050.md	427	KR2d0023_WYG_048-27b
050.md	435	KR2d0023_WYG_048-28a
050.md	443	KR2d0023_WYG_048-28b
050.md	451	KR2d0023_WYG_048-29a
050.md	459	KR2d0023_WYG_048-29b
050.md	467	KR2d0023_WYG_048-30a
050.md	475	KR2d0023_WYG_048-30b
050.md	483	KR2d0023_WYG_048-31a
050.md	491	KR2d0023_WYG_048-31b
051.md	3	KR2d0023_WYG_049-1a
051.md	11	KR2d0023_WYG_049-1b
051.md	19	KR2d0023_WYG_049-2a
051.md	27	KR2d0023_WYG_049-2b
051.md	35	KR2d0023_WYG_049-3a
051.md	43	KR2d0023_WYG_049-3b
051.md	51	KR2d0023_WYG_049-4a
051.md	59	KR2d0023_WYG_049-4b
051.md	67	KR2d0023_WYG_049-5a
051.md	75	KR2d0023_WYG_049-5b
051.md	83	KR2d0023_WYG_049-6a
051.md	91	KR2d0023_WYG_049-6b
051.md	99	KR2d0023_WYG_049-7a
051.md	107	KR2d0023_WYG_049-7b
051.md	115	KR2d0023_WYG_049-8a
051.md	123	KR2d0023_WYG_049-8b
051.md	131	KR2d0023_WYG_049-9a
051.md	139	KR2d0023_WYG_049-9b
051.md	147	KR2d0023_WYG_049-10a
051.md	155	KR2d0023_WYG_049-10b
052.md	3	KR2d0023_WYG_050-1a
052.md	11	KR2d0023_WYG_050-1b
052.md	19	KR2d0023_WYG_050-2a
052.md	27	KR2d0023_WYG_050-2b
052.md	35	KR2d0023_WYG_050-3a
052.md	43	KR2d0023_WYG_050-3b
052.md	51	KR2d0023_WYG_050-4a
052.md	59	KR2d0023_WYG_050-4b
052.md	67	KR2d0023_WYG_050-5a
052.md	75	KR2d0023_WYG_050-5b
052.md	83	KR2d0023_WYG_050-6a
052.md	91	KR2d0023_WYG_050-6b
052.md	99	KR2d0023_WYG_050-7a
052.md	107	KR2d0023_WYG_050-7b
052.md	115	KR2d0023_WYG_050-8a
052.md	123	KR2d0023_WYG_050-8b
052.md	131	KR2d0023_WYG_050-9a
052.md	139	KR2d0023_WYG_050-9b
052.md	147	KR2d0023_WYG_050-10a
052.md	155	KR2d0023_WYG_050-10b
052.md	163	KR2d0023_WYG_050-11a
052.md	171	KR2d0023_WYG_050-11b
052.md	179	KR2d0023_WYG_050-12a
052.md	187	KR2d0023_WYG_050-12b
052.md	195	KR2d0023_WYG_050-13a
052.md	203	KR2d0023_WYG_050-13b
052.md	211	KR2d0023_WYG_050-14a
052.md	219	KR2d0023_WYG_050-14b
052.md	227	KR2d0023_WYG_050-15a
052.md	235	KR2d0023_WYG_050-15b
052.md	243	KR2d0023_WYG_050-16a
052.md	251	KR2d0023_WYG_050-16b
052.md	259	KR2d0023_WYG_050-17a
052.md	267	KR2d0023_WYG_050-17b
052.md	275	KR2d0023_WYG_050-18a
052.md	283	KR2d0023_WYG_050-18b
052.md	291	KR2d0023_WYG_050-19a
052.md	299	KR2d0023_WYG_050-19b
052.md	307	KR2d0023_WYG_050-20a
052.md	315	KR2d0023_WYG_050-20b
052.md	323	KR2d0023_WYG_050-21a
052.md	331	KR2d0023_WYG_050-21b
052.md	339	KR2d0023_WYG_050-22a
052.md	347	KR2d0023_WYG_050-22b
052.md	355	KR2d0023_WYG_050-23a
052.md	363	KR2d0023_WYG_050-23b
052.md	371	KR2d0023_WYG_050-24a
052.md	379	KR2d0023_WYG_050-24b
052.md	387	KR2d0023_WYG_050-25a
052.md	395	KR2d0023_WYG_050-25b
052.md	403	KR2d0023_WYG_050-26a
052.md	411	KR2d0023_WYG_050-26b
053.md	3	KR2d0023_WYG_051-1a
053.md	11	KR2d0023_WYG_051-1b
053.md	19	KR2d0023_WYG_051-2a
053.md	27	KR2d0023_WYG_051-2b
053.md	35	KR2d0023_WYG_051-3a
053.md	43	KR2d0023_WYG_051-3b
053.md	51	KR2d0023_WYG_051-4a
053.md	59	KR2d0023_WYG_051-4b
053.md	67	KR2d0023_WYG_051-5a
053.md	75	KR2d0023_WYG_051-5b
053.md	83	KR2d0023_WYG_051-6a
053.md	91	KR2d0023_WYG_051-6b
053.md	99	KR2d0023_WYG_051-7a
053.md	107	KR2d0023_WYG_051-7b
053.md	115	KR2d0023_WYG_051-8a
053.md	123	KR2d0023_WYG_051-8b
053.md	131	KR2d0023_WYG_051-9a
053.md	139	KR2d0023_WYG_051-9b
053.md	147	KR2d0023_WYG_051-10a
053.md	155	KR2d0023_WYG_051-10b
053.md	163	KR2d0023_WYG_051-11a
053.md	171	KR2d0023_WYG_051-11b
053.md	179	KR2d0023_WYG_051-12a
053.md	187	KR2d0023_WYG_051-12b
053.md	195	KR2d0023_WYG_051-13a
053.md	203	KR2d0023_WYG_051-13b
053.md	211	KR2d0023_WYG_051-14a
053.md	219	KR2d0023_WYG_051-14b
053.md	227	KR2d0023_WYG_051-15a
053.md	235	KR2d0023_WYG_051-15b
053.md	243	KR2d0023_WYG_051-16a
053.md	251	KR2d0023_WYG_051-16b
053.md	259	KR2d0023_WYG_051-17a
053.md	267	KR2d0023_WYG_051-17b
053.md	275	KR2d0023_WYG_051-18a
053.md	283	KR2d0023_WYG_051-18b
053.md	291	KR2d0023_WYG_051-19a
053.md	299	KR2d0023_WYG_051-19b
053.md	307	KR2d0023_WYG_051-20a
053.md	315	KR2d0023_WYG_051-20b
053.md	323	KR2d0023_WYG_051-21a
053.md	331	KR2d0023_WYG_051-21b
053.md	339	KR2d0023_WYG_051-22a
053.md	347	KR2d0023_WYG_051-22b
053.md	355	KR2d0023_WYG_051-23a
053.md	363	KR2d0023_WYG_051-23b
053.md	371	KR2d0023_WYG_051-24a
053.md	379	KR2d0023_WYG_051-24b
053.md	387	KR2d0023_WYG_051-25a
053.md	395	KR2d0023_WYG_051-25b
053.md	403	KR2d0023_WYG_051-26a
053.md	411	KR2d0023_WYG_051-26b
053.md	419	KR2d0023_WYG_051-27a
053.md	427	KR2d0023_WYG_051-27b
053.md	435	KR2d0023_WYG_051-28a
053.md	443	KR2d0023_WYG_051-28b
053.md	451	KR2d0023_WYG_051-29a
053.md	459	KR2d0023_WYG_051-29b
053.md	467	KR2d0023_WYG_051-30a
053.md	475	KR2d0023_WYG_051-30b
053.md	483	KR2d0023_WYG_051-31a
053.md	491	KR2d0023_WYG_051-31b
054.md	3	KR2d0023_WYG_052-1a
054.md	11	KR2d0023_WYG_052-1b
054.md	19	KR2d0023_WYG_052-2a
054.md	27	KR2d0023_WYG_052-2b
054.md	35	KR2d0023_WYG_052-3a
054.md	43	KR2d0023_WYG_052-3b
054.md	51	KR2d0023_WYG_052-4a
054.md	59	KR2d0023_WYG_052-4b
054.md	67	KR2d0023_WYG_052-5a
054.md	75	KR2d0023_WYG_052-5b
054.md	83	KR2d0023_WYG_052-6a
054.md	91	KR2d0023_WYG_052-6b
054.md	99	KR2d0023_WYG_052-7a
054.md	107	KR2d0023_WYG_052-7b
054.md	115	KR2d0023_WYG_052-8a
054.md	123	KR2d0023_WYG_052-8b
054.md	131	KR2d0023_WYG_052-9a
054.md	139	KR2d0023_WYG_052-9b
054.md	147	KR2d0023_WYG_052-10a
054.md	155	KR2d0023_WYG_052-10b
054.md	163	KR2d0023_WYG_052-11a
054.md	171	KR2d0023_WYG_052-11b
054.md	179	KR2d0023_WYG_052-12a
054.md	187	KR2d0023_WYG_052-12b
055.md	3	KR2d0023_WYG_053-1a
055.md	11	KR2d0023_WYG_053-1b
055.md	19	KR2d0023_WYG_053-2a
055.md	27	KR2d0023_WYG_053-2b
055.md	35	KR2d0023_WYG_053-3a
055.md	43	KR2d0023_WYG_053-3b
055.md	51	KR2d0023_WYG_053-4a
055.md	59	KR2d0023_WYG_053-4b
055.md	67	KR2d0023_WYG_053-5a
055.md	75	KR2d0023_WYG_053-5b
055.md	83	KR2d0023_WYG_053-6a
055.md	91	KR2d0023_WYG_053-6b
055.md	99	KR2d0023_WYG_053-7a
055.md	107	KR2d0023_WYG_053-7b
055.md	115	KR2d0023_WYG_053-8a
055.md	123	KR2d0023_WYG_053-8b
055.md	131	KR2d0023_WYG_053-9a
055.md	139	KR2d0023_WYG_053-9b
055.md	147	KR2d0023_WYG_053-10a
055.md	155	KR2d0023_WYG_053-10b
055.md	163	KR2d0023_WYG_053-11a
055.md	171	KR2d0023_WYG_053-11b
055.md	179	KR2d0023_WYG_053-12a
055.md	187	KR2d0023_WYG_053-12b
055.md	195	KR2d0023_WYG_053-13a
055.md	203	KR2d0023_WYG_053-13b
055.md	211	KR2d0023_WYG_053-14a
055.md	219	KR2d0023_WYG_053-14b
055.md	227	KR2d0023_WYG_053-15a
055.md	235	KR2d0023_WYG_053-15b
055.md	243	KR2d0023_WYG_053-16a
055.md	251	KR2d0023_WYG_053-16b
055.md	259	KR2d0023_WYG_053-17a
055.md	267	KR2d0023_WYG_053-17b
055.md	275	KR2d0023_WYG_053-18a
055.md	283	KR2d0023_WYG_053-18b
055.md	291	KR2d0023_WYG_053-19a
055.md	299	KR2d0023_WYG_053-19b
055.md	307	KR2d0023_WYG_053-20a
055.md	315	KR2d0023_WYG_053-20b
055.md	323	KR2d0023_WYG_053-21a
055.md	331	KR2d0023_WYG_053-21b
055.md	339	KR2d0023_WYG_053-22a
055.md	347	KR2d0023_WYG_053-22b
055.md	355	KR2d0023_WYG_053-23a
055.md	363	KR2d0023_WYG_053-23b
055.md	371	KR2d0023_WYG_053-24a
055.md	379	KR2d0023_WYG_053-24b
055.md	387	KR2d0023_WYG_053-25a
055.md	395	KR2d0023_WYG_053-25b
055.md	403	KR2d0023_WYG_053-26a
055.md	411	KR2d0023_WYG_053-26b
055.md	419	KR2d0023_WYG_053-27a
055.md	427	KR2d0023_WYG_053-27b
055.md	435	KR2d0023_WYG_053-28a
055.md	443	KR2d0023_WYG_053-28b
055.md	451	KR2d0023_WYG_053-29a
055.md	459	KR2d0023_WYG_053-29b
055.md	467	KR2d0023_WYG_053-30a
055.md	475	KR2d0023_WYG_053-30b
055.md	483	KR2d0023_WYG_053-31a
055.md	491	KR2d0023_WYG_053-31b
055.md	499	KR2d0023_WYG_053-32a
055.md	507	KR2d0023_WYG_053-32b
055.md	515	KR2d0023_WYG_053-33a
055.md	523	KR2d0023_WYG_053-33b
055.md	531	KR2d0023_WYG_053-34a
055.md	539	KR2d0023_WYG_053-34b
055.md	547	KR2d0023_WYG_053-35a
055.md	555	KR2d0023_WYG_053-35b
055.md	563	KR2d0023_WYG_053-36a
055.md	571	KR2d0023_WYG_053-36b
055.md	579	KR2d0023_WYG_053-37a
055.md	587	KR2d0023_WYG_053-37b
055.md	595	KR2d0023_WYG_053-38a
055.md	603	KR2d0023_WYG_053-38b
055.md	611	KR2d0023_WYG_053-39a
055.md	619	KR2d0023_WYG_053-39b
055.md	627	KR2d0023_WYG_053-40a
055.md	635	KR2d0023_WYG_053-40b
055.md	643	KR2d0023_WYG_053-41a
055.md	651	KR2d0023_WYG_053-41b
055.md	659	KR2d0023_WYG_053-42a
055.md	667	KR2d0023_WYG_053-42b
055.md	675	KR2d0023_WYG_053-43a
055.md	683	KR2d0023_WYG_053-43b
055.md	691	KR2d0023_WYG_053-44a
055.md	699	KR2d0023_WYG_053-44b
055.md	707	KR2d0023_WYG_053-45a
055.md	715	KR2d0023_WYG_053-45b
055.md	723	KR2d0023_WYG_053-46a
055.md	731	KR2d0023_WYG_053-46b
055.md	739	KR2d0023_WYG_053-47a
055.md	747	KR2d0023_WYG_053-47b
055.md	755	KR2d0023_WYG_053-48a
055.md	763	KR2d0023_WYG_053-48b
056.md	3	KR2d0023_WYG_054-1a
056.md	11	KR2d0023_WYG_054-1b
056.md	19	KR2d0023_WYG_054-2a
056.md	27	KR2d0023_WYG_054-2b
056.md	35	KR2d0023_WYG_054-3a
056.md	43	KR2d0023_WYG_054-3b
056.md	51	KR2d0023_WYG_054-4a
056.md	59	KR2d0023_WYG_054-4b
056.md	67	KR2d0023_WYG_054-5a
056.md	75	KR2d0023_WYG_054-5b
056.md	83	KR2d0023_WYG_054-6a
056.md	91	KR2d0023_WYG_054-6b
056.md	99	KR2d0023_WYG_054-7a
056.md	107	KR2d0023_WYG_054-7b
056.md	115	KR2d0023_WYG_054-8a
056.md	123	KR2d0023_WYG_054-8b
056.md	131	KR2d0023_WYG_054-9a
056.md	139	KR2d0023_WYG_054-9b
056.md	147	KR2d0023_WYG_054-10a
056.md	155	KR2d0023_WYG_054-10b
056.md	163	KR2d0023_WYG_054-11a
056.md	171	KR2d0023_WYG_054-11b
056.md	179	KR2d0023_WYG_054-12a
056.md	187	KR2d0023_WYG_054-12b
056.md	195	KR2d0023_WYG_054-13a
056.md	203	KR2d0023_WYG_054-13b
056.md	211	KR2d0023_WYG_054-14a
056.md	219	KR2d0023_WYG_054-14b
056.md	227	KR2d0023_WYG_054-15a
056.md	235	KR2d0023_WYG_054-15b
056.md	243	KR2d0023_WYG_054-16a
056.md	251	KR2d0023_WYG_054-16b
056.md	259	KR2d0023_WYG_054-17a
056.md	267	KR2d0023_WYG_054-17b
056.md	275	KR2d0023_WYG_054-18a
056.md	283	KR2d0023_WYG_054-18b
056.md	291	KR2d0023_WYG_054-19a
056.md	299	KR2d0023_WYG_054-19b
056.md	307	KR2d0023_WYG_054-20a
056.md	315	KR2d0023_WYG_054-20b
056.md	323	KR2d0023_WYG_054-21a
056.md	331	KR2d0023_WYG_054-21b
056.md	339	KR2d0023_WYG_054-22a
056.md	347	KR2d0023_WYG_054-22b
056.md	355	KR2d0023_WYG_054-23a
056.md	363	KR2d0023_WYG_054-23b
056.md	371	KR2d0023_WYG_054-24a
056.md	379	KR2d0023_WYG_054-24b
056.md	387	KR2d0023_WYG_054-25a
056.md	395	KR2d0023_WYG_054-25b
056.md	403	KR2d0023_WYG_054-26a
056.md	411	KR2d0023_WYG_054-26b
056.md	419	KR2d0023_WYG_054-27a
056.md	427	KR2d0023_WYG_054-27b
056.md	435	KR2d0023_WYG_054-28a
056.md	443	KR2d0023_WYG_054-28b
056.md	451	KR2d0023_WYG_054-29a
056.md	459	KR2d0023_WYG_054-29b
056.md	467	KR2d0023_WYG_054-30a
056.md	475	KR2d0023_WYG_054-30b
056.md	483	KR2d0023_WYG_054-31a
056.md	491	KR2d0023_WYG_054-31b
056.md	499	KR2d0023_WYG_054-32a
056.md	507	KR2d0023_WYG_054-32b
056.md	515	KR2d0023_WYG_054-33a
056.md	523	KR2d0023_WYG_054-33b
056.md	531	KR2d0023_WYG_054-34a
056.md	539	KR2d0023_WYG_054-34b
056.md	547	KR2d0023_WYG_054-35a
056.md	555	KR2d0023_WYG_054-35b
056.md	563	KR2d0023_WYG_054-36a
056.md	571	KR2d0023_WYG_054-36b
056.md	579	KR2d0023_WYG_054-37a
056.md	587	KR2d0023_WYG_054-37b
056.md	595	KR2d0023_WYG_054-38a
056.md	603	KR2d0023_WYG_054-38b
056.md	611	KR2d0023_WYG_054-39a
056.md	619	KR2d0023_WYG_054-39b
056.md	627	KR2d0023_WYG_054-40a
056.md	635	KR2d0023_WYG_054-40b
056.md	643	KR2d0023_WYG_054-41a
056.md	651	KR2d0023_WYG_054-41b
056.md	659	KR2d0023_WYG_054-42a
056.md	667	KR2d0023_WYG_054-42b
056.md	675	KR2d0023_WYG_054-43a
056.md	683	KR2d0023_WYG_054-43b
056.md	691	KR2d0023_WYG_054-44a
056.md	699	KR2d0023_WYG_054-44b
056.md	707	KR2d0023_WYG_054-45a
056.md	715	KR2d0023_WYG_054-45b
056.md	723	KR2d0023_WYG_054-46a
056.md	731	KR2d0023_WYG_054-46b
056.md	739	KR2d0023_WYG_054-47a
056.md	747	KR2d0023_WYG_054-47b
056.md	755	KR2d0023_WYG_054-48a
056.md	763	KR2d0023_WYG_054-48b
056.md	771	KR2d0023_WYG_054-49a
056.md	779	KR2d0023_WYG_054-49b
056.md	787	KR2d0023_WYG_054-50a
056.md	795	KR2d0023_WYG_054-50b
057.md	3	KR2d0023_WYG_055-1a
057.md	11	KR2d0023_WYG_055-1b
057.md	19	KR2d0023_WYG_055-2a
057.md	27	KR2d0023_WYG_055-2b
057.md	35	KR2d0023_WYG_055-3a
057.md	43	KR2d0023_WYG_055-3b
057.md	51	KR2d0023_WYG_055-4a
057.md	59	KR2d0023_WYG_055-4b
057.md	67	KR2d0023_WYG_055-5a
057.md	75	KR2d0023_WYG_055-5b
057.md	83	KR2d0023_WYG_055-6a
057.md	91	KR2d0023_WYG_055-6b
057.md	99	KR2d0023_WYG_055-7a
057.md	107	KR2d0023_WYG_055-7b
057.md	115	KR2d0023_WYG_055-8a
057.md	123	KR2d0023_WYG_055-8b
057.md	131	KR2d0023_WYG_055-9a
057.md	139	KR2d0023_WYG_055-9b
057.md	147	KR2d0023_WYG_055-10a
057.md	155	KR2d0023_WYG_055-10b
057.md	163	KR2d0023_WYG_055-11a
057.md	171	KR2d0023_WYG_055-11b
057.md	179	KR2d0023_WYG_055-12a
057.md	187	KR2d0023_WYG_055-12b
057.md	195	KR2d0023_WYG_055-13a
057.md	203	KR2d0023_WYG_055-13b
057.md	211	KR2d0023_WYG_055-14a
057.md	219	KR2d0023_WYG_055-14b
057.md	227	KR2d0023_WYG_055-15a
057.md	235	KR2d0023_WYG_055-15b
057.md	243	KR2d0023_WYG_055-16a
057.md	251	KR2d0023_WYG_055-16b
057.md	259	KR2d0023_WYG_055-17a
057.md	267	KR2d0023_WYG_055-17b
057.md	275	KR2d0023_WYG_055-18a
057.md	283	KR2d0023_WYG_055-18b
057.md	291	KR2d0023_WYG_055-19a
057.md	299	KR2d0023_WYG_055-19b
057.md	307	KR2d0023_WYG_055-20a
057.md	315	KR2d0023_WYG_055-20b
057.md	323	KR2d0023_WYG_055-21a
057.md	331	KR2d0023_WYG_055-21b
057.md	339	KR2d0023_WYG_055-22a
057.md	347	KR2d0023_WYG_055-22b
057.md	355	KR2d0023_WYG_055-23a
057.md	363	KR2d0023_WYG_055-23b
057.md	371	KR2d0023_WYG_055-24a
057.md	379	KR2d0023_WYG_055-24b
057.md	387	KR2d0023_WYG_055-25a
057.md	395	KR2d0023_WYG_055-25b
057.md	403	KR2d0023_WYG_055-26a
057.md	411	KR2d0023_WYG_055-26b
057.md	419	KR2d0023_WYG_055-27a
057.md	427	KR2d0023_WYG_055-27b
057.md	435	KR2d0023_WYG_055-28a
057.md	443	KR2d0023_WYG_055-28b
057.md	451	KR2d0023_WYG_055-29a
057.md	459	KR2d0023_WYG_055-29b
057.md	467	KR2d0023_WYG_055-30a
057.md	475	KR2d0023_WYG_055-30b
057.md	483	KR2d0023_WYG_055-31a
057.md	491	KR2d0023_WYG_055-31b
057.md	499	KR2d0023_WYG_055-32a
057.md	507	KR2d0023_WYG_055-32b
057.md	515	KR2d0023_WYG_055-33a
057.md	523	KR2d0023_WYG_055-33b
057.md	531	KR2d0023_WYG_055-34a
057.md	539	KR2d0023_WYG_055-34b
057.md	547	KR2d0023_WYG_055-35a
057.md	555	KR2d0023_WYG_055-35b
057.md	563	KR2d0023_WYG_055-36a
057.md	571	KR2d0023_WYG_055-36b
057.md	579	KR2d0023_WYG_055-37a
057.md	587	KR2d0023_WYG_055-37b
057.md	595	KR2d0023_WYG_055-38a
057.md	603	KR2d0023_WYG_055-38b
057.md	611	KR2d0023_WYG_055-39a
057.md	619	KR2d0023_WYG_055-39b
057.md	627	KR2d0023_WYG_055-40a
057.md	635	KR2d0023_WYG_055-40b
057.md	643	KR2d0023_WYG_055-41a
057.md	651	KR2d0023_WYG_055-41b
057.md	659	KR2d0023_WYG_055-42a
057.md	667	KR2d0023_WYG_055-42b
057.md	675	KR2d0023_WYG_055-43a
057.md	683	KR2d0023_WYG_055-43b
057.md	691	KR2d0023_WYG_055-44a
057.md	699	KR2d0023_WYG_055-44b
057.md	707	KR2d0023_WYG_055-45a
057.md	715	KR2d0023_WYG_055-45b
057.md	723	KR2d0023_WYG_055-46a
057.md	731	KR2d0023_WYG_055-46b
057.md	739	KR2d0023_WYG_055-47a
057.md	747	KR2d0023_WYG_055-47b
057.md	755	KR2d0023_WYG_055-48a
057.md	763	KR2d0023_WYG_055-48b
057.md	771	KR2d0023_WYG_055-49a
057.md	779	KR2d0023_WYG_055-49b
057.md	787	KR2d0023_WYG_055-50a
057.md	795	KR2d0023_WYG_055-50b
057.md	803	KR2d0023_WYG_055-51a
057.md	811	KR2d0023_WYG_055-51b
057.md	819	KR2d0023_WYG_055-52a
057.md	827	KR2d0023_WYG_055-52b
057.md	835	KR2d0023_WYG_055-53a
057.md	843	KR2d0023_WYG_055-53b
057.md	851	KR2d0023_WYG_055-54a
057.md	859	KR2d0023_WYG_055-54b
057.md	867	KR2d0023_WYG_055-55a
057.md	875	KR2d0023_WYG_055-55b
057.md	883	KR2d0023_WYG_055-56a
057.md	891	KR2d0023_WYG_055-56b
057.md	899	KR2d0023_WYG_055-57a
057.md	907	KR2d0023_WYG_055-57b
057.md	915	KR2d0023_WYG_055-58a
057.md	923	KR2d0023_WYG_055-58b
057.md	931	KR2d0023_WYG_055-59a
057.md	939	KR2d0023_WYG_055-59b
057.md	947	KR2d0023_WYG_055-60a
057.md	955	KR2d0023_WYG_055-60b
057.md	963	KR2d0023_WYG_055-61a
057.md	971	KR2d0023_WYG_055-61b
057.md	979	KR2d0023_WYG_055-62a
057.md	987	KR2d0023_WYG_055-62b
057.md	995	KR2d0023_WYG_055-63a
057.md	1003	KR2d0023_WYG_055-63b
057.md	1011	KR2d0023_WYG_055-64a
057.md	1019	KR2d0023_WYG_055-64b
057.md	1027	KR2d0023_WYG_055-65a
057.md	1035	KR2d0023_WYG_055-65b
057.md	1043	KR2d0023_WYG_055-66a
057.md	1051	KR2d0023_WYG_055-66b
057.md	1059	KR2d0023_WYG_055-67a
057.md	1067	KR2d0023_WYG_055-67b
057.md	1075	KR2d0023_WYG_055-68a
057.md	1083	KR2d0023_WYG_055-68b
057.md	1091	KR2d0023_WYG_055-69a
057.md	1099	KR2d0023_WYG_055-69b
057.md	1107	KR2d0023_WYG_055-70a
057.md	1115	KR2d0023_WYG_055-70b
057.md	1123	KR2d0023_WYG_055-71a
057.md	1131	KR2d0023_WYG_055-71b
057.md	1139	KR2d0023_WYG_055-72a
057.md	1147	KR2d0023_WYG_055-72b
057.md	1155	KR2d0023_WYG_055-73a
057.md	1163	KR2d0023_WYG_055-73b
057.md	1171	KR2d0023_WYG_055-74a
057.md	1179	KR2d0023_WYG_055-74b
058.md	3	KR2d0023_WYG_056-1a
058.md	11	KR2d0023_WYG_056-1b
058.md	19	KR2d0023_WYG_056-2a
058.md	27	KR2d0023_WYG_056-2b
058.md	35	KR2d0023_WYG_056-3a
058.md	43	KR2d0023_WYG_056-3b
058.md	51	KR2d0023_WYG_056-4a
058.md	59	KR2d0023_WYG_056-4b
058.md	67	KR2d0023_WYG_056-5a
058.md	75	KR2d0023_WYG_056-5b
058.md	83	KR2d0023_WYG_056-6a
058.md	91	KR2d0023_WYG_056-6b
058.md	99	KR2d0023_WYG_056-7a
058.md	107	KR2d0023_WYG_056-7b
058.md	115	KR2d0023_WYG_056-8a
058.md	123	KR2d0023_WYG_056-8b
058.md	131	KR2d0023_WYG_056-9a
058.md	139	KR2d0023_WYG_056-9b
058.md	147	KR2d0023_WYG_056-10a
058.md	155	KR2d0023_WYG_056-10b
058.md	163	KR2d0023_WYG_056-11a
058.md	171	KR2d0023_WYG_056-11b
058.md	179	KR2d0023_WYG_056-12a
058.md	187	KR2d0023_WYG_056-12b
058.md	195	KR2d0023_WYG_056-13a
058.md	203	KR2d0023_WYG_056-13b
058.md	211	KR2d0023_WYG_056-14a
058.md	219	KR2d0023_WYG_056-14b
058.md	227	KR2d0023_WYG_056-15a
058.md	235	KR2d0023_WYG_056-15b
058.md	243	KR2d0023_WYG_056-16a
058.md	251	KR2d0023_WYG_056-16b
058.md	259	KR2d0023_WYG_056-17a
058.md	267	KR2d0023_WYG_056-17b
058.md	275	KR2d0023_WYG_056-18a
058.md	283	KR2d0023_WYG_056-18b
058.md	291	KR2d0023_WYG_056-19a
058.md	299	KR2d0023_WYG_056-19b
058.md	307	KR2d0023_WYG_056-20a
058.md	315	KR2d0023_WYG_056-20b
058.md	323	KR2d0023_WYG_056-21a
058.md	331	KR2d0023_WYG_056-21b
058.md	339	KR2d0023_WYG_056-22a
058.md	347	KR2d0023_WYG_056-22b
058.md	355	KR2d0023_WYG_056-23a
058.md	363	KR2d0023_WYG_056-23b
058.md	371	KR2d0023_WYG_056-24a
058.md	379	KR2d0023_WYG_056-24b
058.md	387	KR2d0023_WYG_056-25a
058.md	395	KR2d0023_WYG_056-25b
058.md	403	KR2d0023_WYG_056-26a
058.md	411	KR2d0023_WYG_056-26b
058.md	419	KR2d0023_WYG_056-27a
058.md	427	KR2d0023_WYG_056-27b
058.md	435	KR2d0023_WYG_056-28a
058.md	443	KR2d0023_WYG_056-28b
058.md	451	KR2d0023_WYG_056-29a
058.md	459	KR2d0023_WYG_056-29b
058.md	467	KR2d0023_WYG_056-30a
058.md	475	KR2d0023_WYG_056-30b
058.md	483	KR2d0023_WYG_056-31a
058.md	491	KR2d0023_WYG_056-31b
058.md	499	KR2d0023_WYG_056-32a
058.md	507	KR2d0023_WYG_056-32b
058.md	515	KR2d0023_WYG_056-33a
058.md	523	KR2d0023_WYG_056-33b
058.md	531	KR2d0023_WYG_056-34a
058.md	539	KR2d0023_WYG_056-34b
058.md	547	KR2d0023_WYG_056-35a
058.md	555	KR2d0023_WYG_056-35b
058.md	563	KR2d0023_WYG_056-36a
058.md	571	KR2d0023_WYG_056-36b
059.md	3	KR2d0023_WYG_057-1a
059.md	11	KR2d0023_WYG_057-1b
059.md	19	KR2d0023_WYG_057-2a
059.md	27	KR2d0023_WYG_057-2b
059.md	35	KR2d0023_WYG_057-3a
059.md	43	KR2d0023_WYG_057-3b
059.md	51	KR2d0023_WYG_057-4a
059.md	59	KR2d0023_WYG_057-4b
059.md	67	KR2d0023_WYG_057-5a
059.md	75	KR2d0023_WYG_057-5b
059.md	83	KR2d0023_WYG_057-6a
059.md	91	KR2d0023_WYG_057-6b
059.md	99	KR2d0023_WYG_057-7a
059.md	107	KR2d0023_WYG_057-7b
059.md	115	KR2d0023_WYG_057-8a
059.md	123	KR2d0023_WYG_057-8b
059.md	131	KR2d0023_WYG_057-9a
059.md	139	KR2d0023_WYG_057-9b
059.md	147	KR2d0023_WYG_057-10a
059.md	155	KR2d0023_WYG_057-10b
059.md	163	KR2d0023_WYG_057-11a
059.md	171	KR2d0023_WYG_057-11b
059.md	179	KR2d0023_WYG_057-12a
059.md	187	KR2d0023_WYG_057-12b
059.md	195	KR2d0023_WYG_057-13a
059.md	203	KR2d0023_WYG_057-13b
059.md	211	KR2d0023_WYG_057-14a
059.md	219	KR2d0023_WYG_057-14b
059.md	227	KR2d0023_WYG_057-15a
059.md	235	KR2d0023_WYG_057-15b
059.md	243	KR2d0023_WYG_057-16a
059.md	251	KR2d0023_WYG_057-16b
059.md	259	KR2d0023_WYG_057-17a
059.md	267	KR2d0023_WYG_057-17b
059.md	275	KR2d0023_WYG_057-18a
059.md	283	KR2d0023_WYG_057-18b
059.md	291	KR2d0023_WYG_057-19a
059.md	299	KR2d0023_WYG_057-19b
059.md	307	KR2d0023_WYG_057-20a
059.md	315	KR2d0023_WYG_057-20b
059.md	323	KR2d0023_WYG_057-21a
059.md	331	KR2d0023_WYG_057-21b
059.md	339	KR2d0023_WYG_057-22a
059.md	347	KR2d0023_WYG_057-22b
059.md	355	KR2d0023_WYG_057-23a
059.md	363	KR2d0023_WYG_057-23b
059.md	371	KR2d0023_WYG_057-24a
059.md	379	KR2d0023_WYG_057-24b
059.md	387	KR2d0023_WYG_057-25a
059.md	395	KR2d0023_WYG_057-25b
059.md	403	KR2d0023_WYG_057-26a
059.md	411	KR2d0023_WYG_057-26b
059.md	419	KR2d0023_WYG_057-27a
059.md	427	KR2d0023_WYG_057-27b
060.md	3	KR2d0023_WYG_058-1a
060.md	11	KR2d0023_WYG_058-1b
060.md	19	KR2d0023_WYG_058-2a
060.md	27	KR2d0023_WYG_058-2b
060.md	35	KR2d0023_WYG_058-3a
060.md	43	KR2d0023_WYG_058-3b
060.md	51	KR2d0023_WYG_058-4a
060.md	59	KR2d0023_WYG_058-4b
060.md	67	KR2d0023_WYG_058-5a
060.md	75	KR2d0023_WYG_058-5b
060.md	83	KR2d0023_WYG_058-6a
060.md	91	KR2d0023_WYG_058-6b
060.md	99	KR2d0023_WYG_058-7a
060.md	107	KR2d0023_WYG_058-7b
060.md	115	KR2d0023_WYG_058-8a
060.md	123	KR2d0023_WYG_058-8b
060.md	131	KR2d0023_WYG_058-9a
060.md	139	KR2d0023_WYG_058-9b
060.md	147	KR2d0023_WYG_058-10a
060.md	155	KR2d0023_WYG_058-10b
060.md	163	KR2d0023_WYG_058-11a
060.md	171	KR2d0023_WYG_058-11b
060.md	179	KR2d0023_WYG_058-12a
060.md	187	KR2d0023_WYG_058-12b
060.md	195	KR2d0023_WYG_058-13a
060.md	203	KR2d0023_WYG_058-13b
060.md	211	KR2d0023_WYG_058-14a
060.md	219	KR2d0023_WYG_058-14b
060.md	227	KR2d0023_WYG_058-15a
060.md	235	KR2d0023_WYG_058-15b
060.md	243	KR2d0023_WYG_058-16a
060.md	251	KR2d0023_WYG_058-16b
060.md	259	KR2d0023_WYG_058-17a
060.md	267	KR2d0023_WYG_058-17b
